order,ax,ay,az,gx,gy,gz
0,0.097656,-0.471680,0.895020,-0.305176,-6.408691,3.051758
1,0.093750,-0.468750,0.921875,-0.427246,-6.713867,3.845215
2,0.090332,-0.472656,0.925781,-6.958008,-8.483887,6.530762
3,0.077637,-0.488770,0.910156,-5.004883,-11.108398,6.713867
4,0.074707,-0.478516,0.916504,-0.732422,-14.465332,5.554199
5,0.090332,-0.437988,0.947754,0.488281,-17.517090,5.187988
6,0.141602,-0.419922,0.931641,-7.446289,-21.423340,7.568359
7,0.165039,-0.472168,0.831055,-7.690430,-20.202637,7.873535
8,0.141113,-0.500977,0.853027,6.103516,-9.033203,3.784180
9,0.130859,-0.486816,0.881836,12.878418,-7.202148,1.770020
10,0.128418,-0.461914,0.924805,11.352539,-8.666992,1.159668
11,0.136230,-0.457520,0.890137,-3.662109,-11.718750,2.868652
12,0.133789,-0.460449,0.885254,-7.812500,-11.169434,3.295898
13,0.126953,-0.462891,0.888672,-10.314941,-10.437012,3.051758
14,0.122559,-0.463867,0.901367,-10.253906,-10.314941,2.929688
15,0.139160,-0.484863,0.887207,-7.995605,-8.666992,2.563477
16,0.144531,-0.492676,0.873047,-6.835938,-6.713867,1.708984
17,0.148438,-0.478516,0.857910,-5.432129,-4.516602,1.098633
18,0.129883,-0.441895,0.863281,-6.042480,-2.441406,0.915527
19,0.126465,-0.438965,0.871582,-8.178711,-3.967285,0.915527
20,0.126465,-0.453613,0.854492,-8.850098,-5.432129,1.220703
21,0.104980,-0.476562,0.869629,-7.873535,-6.164551,0.915527
22,0.121094,-0.505859,0.879883,-5.004883,-11.230469,-0.549316
23,0.149902,-0.510742,0.870117,0.366211,-11.413574,-0.915527
24,0.161133,-0.486328,0.861328,3.906250,-10.009766,-2.197266
25,0.168457,-0.456543,0.846191,5.554199,-2.075195,-2.441406
26,0.151855,-0.462402,0.857910,5.554199,0.061035,-2.624512
27,0.151855,-0.461914,0.870117,3.906250,0.671387,-2.014160
28,0.138672,-0.455078,0.901367,-0.671387,-1.098633,-0.793457
29,0.149414,-0.474609,0.859863,-6.835938,-4.882812,2.380371
30,0.146973,-0.478516,0.861328,-6.896973,-4.943848,2.685547
31,0.156250,-0.472168,0.856445,-6.713867,-5.004883,2.685547
32,0.163574,-0.496582,0.830078,-3.051758,-1.159668,1.647949
33,0.154785,-0.487305,0.844238,0.610352,0.915527,0.610352
34,0.137207,-0.478516,0.872070,1.953125,1.342773,-0.061035
35,0.150879,-0.481445,0.880371,-1.281738,-1.403809,0.305176
36,0.168945,-0.499512,0.889160,-0.732422,-2.319336,0.122070
37,0.172852,-0.487305,0.898438,-0.488281,-2.807617,-1.403809
38,0.187500,-0.464844,0.876465,-2.746582,-4.028320,-2.807617
39,0.179199,-0.480957,0.860352,-4.089355,-2.502441,-3.173828
40,0.173828,-0.478516,0.863770,-4.638672,-1.342773,-3.662109
41,0.151855,-0.482422,0.878906,-6.469727,-2.746582,-2.624512
42,0.163574,-0.498047,0.852051,-5.249023,-1.586914,-2.624512
43,0.171387,-0.494141,0.844238,-1.831055,0.122070,-2.197266
44,0.166016,-0.490234,0.876465,1.403809,4.028320,-1.708984
45,0.166016,-0.495605,0.877441,0.122070,4.211426,-1.831055
46,0.167480,-0.496094,0.869629,-0.305176,4.211426,-1.831055
47,0.155762,-0.488281,0.877930,-1.342773,3.601074,-1.831055
48,0.148438,-0.463379,0.869141,-5.737305,1.281738,-1.525879
49,0.154785,-0.470703,0.855469,-6.408691,1.159668,-0.793457
50,0.151855,-0.482910,0.861816,-5.432129,1.770020,0.122070
51,0.152344,-0.495605,0.842773,-0.549316,2.990723,0.793457
52,0.168457,-0.504883,0.829590,1.708984,5.187988,0.244141
53,0.174805,-0.502930,0.815918,3.784180,7.812500,-0.549316
54,0.173828,-0.501465,0.822266,9.887695,16.235352,-1.464844
55,0.176758,-0.500977,0.822754,13.366699,18.981934,-0.732422
56,0.174316,-0.449707,0.846680,16.906738,23.071289,0.976562
57,0.151855,-0.424805,0.889648,3.112793,29.174805,5.310059
58,-0.001465,-0.451172,0.956543,4.211426,24.475098,7.080078
59,0.085449,-0.495605,0.967773,10.192871,12.573242,8.361816
60,0.099609,-0.513672,1.059082,9.887695,-1.953125,12.145996
61,0.125000,-0.559082,0.812500,1.464844,-13.793945,13.366699
62,0.161621,-0.543457,0.754395,9.277344,-4.211426,7.934570
63,0.199219,-0.486816,0.774414,26.916504,2.746582,5.676270
64,0.211426,-0.379883,0.957520,41.320801,1.892090,7.263184
65,0.218262,-0.393066,0.968262,27.221680,-1.220703,8.178711
66,0.219727,-0.402832,0.954590,7.812500,-1.037598,7.446289
67,0.189941,-0.337891,0.934570,-22.338867,-6.286621,15.319824
68,0.150391,-0.381348,0.846191,-26.306152,-5.065918,16.174316
69,0.161621,-0.417969,0.833984,-23.803711,-1.464844,15.319824
70,0.134766,-0.483398,0.853516,-18.371582,6.896973,10.864258
71,0.107910,-0.474609,0.916992,-10.498047,10.070801,9.948730
72,0.080078,-0.487793,0.994629,-5.432129,5.859375,10.192871
73,0.093262,-0.475098,1.020508,-5.859375,-1.770020,10.498047
74,0.119629,-0.506836,0.928711,-9.460449,-9.399414,8.300781
75,0.136719,-0.504395,0.875977,-2.868652,-7.080078,5.371094
76,0.134277,-0.498535,0.886719,7.141113,-6.347656,4.333496
77,0.115234,-0.438477,0.880371,7.568359,-6.042480,-0.122070
78,0.126953,-0.421387,0.852051,0.671387,-4.638672,0.000000
79,0.138184,-0.417480,0.833008,-6.103516,-1.647949,1.403809
80,0.133301,-0.485352,0.821777,-9.948730,4.821777,3.356934
81,0.136230,-0.500000,0.828125,-8.422852,5.676270,2.075195
82,0.140137,-0.497070,0.835449,-7.019043,6.042480,1.098633
83,0.150879,-0.484863,0.869141,-6.042480,7.873535,-0.305176
84,0.148926,-0.484863,0.881836,-6.042480,8.911133,-0.244141
85,0.133789,-0.479004,0.898926,-5.126953,10.070801,0.305176
86,0.142090,-0.487793,0.890137,-5.737305,10.253906,0.671387
87,0.142578,-0.495117,0.875977,-6.408691,12.268066,1.037598
88,0.142090,-0.493652,0.867188,-6.469727,15.441895,1.037598
89,0.150879,-0.500000,0.894531,-4.821777,17.517090,1.037598
90,0.154785,-0.520508,0.891113,-4.089355,17.578125,-0.183105
91,0.152344,-0.520996,0.901855,-2.746582,16.906738,-2.075195
92,0.133301,-0.491699,0.917480,-3.540039,11.291504,-4.699707
93,0.130371,-0.475586,0.909180,-5.920410,10.498047,-4.943848
94,0.125000,-0.466797,0.903809,-8.178711,9.338379,-4.821777
95,0.124512,-0.476562,0.869629,-8.972168,6.042480,-4.089355
96,0.124023,-0.495605,0.844727,-6.591797,6.713867,-4.638672
97,0.119629,-0.500977,0.844238,-2.563477,7.873535,-5.859375
98,0.112305,-0.470703,0.899414,-2.136230,6.896973,-7.324219
99,0.119629,-0.453613,0.906738,-6.652832,5.310059,-6.774902
100,0.127930,-0.459961,0.898926,-11.779785,5.187988,-6.286621
101,0.134277,-0.470215,0.882812,-16.784668,8.056641,-6.896973
102,0.087891,-0.482910,0.878906,-16.784668,11.230469,-5.859375
103,0.062988,-0.474609,0.855957,-8.605957,9.155273,-4.455566
104,0.048340,-0.463867,0.870605,0.488281,5.859375,-2.441406
105,0.062988,-0.478027,0.866211,0.549316,3.540039,1.037598
106,0.069824,-0.493652,0.848145,-4.760742,7.568359,1.708984
107,0.078613,-0.501465,0.845215,-10.559082,12.756348,1.831055
108,0.076660,-0.516602,0.818359,-15.014648,18.188477,0.915527
109,0.062012,-0.501953,0.825195,-17.211914,27.282715,-1.525879
110,0.049805,-0.491699,0.833496,-18.554688,27.404785,-1.220703
111,0.033203,-0.507324,0.814453,-14.953613,24.780273,-2.014160
112,0.020508,-0.510742,0.807129,-13.488770,23.193359,-2.807617
113,0.017090,-0.505859,0.817871,-16.052246,21.240234,-3.479004
114,0.013184,-0.529785,0.801270,-22.705078,21.972656,-3.112793
115,0.011230,-0.551270,0.783691,-23.376465,24.597168,-3.234863
116,0.013672,-0.566406,0.788574,-18.798828,27.832031,-3.723145
117,0.008789,-0.562012,0.832031,-14.831543,28.686523,-4.272461
118,-0.001953,-0.529297,0.869629,-19.042969,26.306152,-4.882812
119,0.000000,-0.516602,0.865234,-25.085449,28.442383,-3.845215
120,-0.007324,-0.518555,0.878418,-30.700684,31.616211,-1.770020
121,-0.033691,-0.551270,0.889160,-39.245605,38.146973,2.502441
122,-0.046875,-0.571777,0.848145,-40.893555,41.809082,4.882812
123,-0.065430,-0.594727,0.843750,-39.367676,45.837402,6.408691
124,-0.054688,-0.590820,0.825684,-43.884277,50.537109,8.300781
125,-0.038574,-0.577148,0.787109,-51.635742,56.457520,10.681152
126,-0.047363,-0.581543,0.805176,-60.302734,62.438965,12.878418
127,-0.103516,-0.605957,0.849121,-80.383301,63.781738,18.310547
128,-0.105957,-0.643066,0.826660,-87.463379,62.622070,20.812988
129,-0.118652,-0.708008,0.775879,-86.486816,61.096191,20.141602
130,-0.133789,-0.720215,0.733398,-78.369141,58.898926,16.540527
131,-0.144043,-0.710938,0.742188,-56.091309,48.583984,12.023926
132,-0.133789,-0.701172,0.794922,-56.030273,43.945312,11.962891
133,-0.135742,-0.693848,0.839355,-67.749023,38.818359,12.268066
134,-0.134766,-0.674805,0.779297,-93.994141,31.738281,15.014648
135,-0.114258,-0.637207,0.862305,-98.693848,24.353027,21.057129
136,-0.195312,-0.759277,0.641113,-75.195312,9.643555,15.747070
137,-0.207031,-0.773438,0.632812,-58.105469,2.441406,13.061523
138,-0.224121,-0.805176,0.647949,-49.316406,-5.737305,9.704590
139,-0.232910,-0.800293,0.605957,-41.870117,-14.099121,8.361816
140,-0.231445,-0.818359,0.540039,-32.043457,-23.132324,2.014160
141,-0.234863,-0.846191,0.471191,-18.920898,-24.963379,-3.723145
142,-0.237305,-0.847656,0.420410,3.479004,-24.047852,-11.779785
143,-0.221191,-0.802246,0.457520,27.954102,-22.155762,-19.042969
144,-0.190918,-0.724121,0.615234,50.292969,-22.888184,-22.094727
145,-0.169434,-0.719727,0.681641,52.001953,-23.864746,-22.399902
146,-0.152832,-0.720703,0.744141,50.537109,-26.611328,-22.094727
147,-0.135254,-0.728027,0.759766,47.363281,-30.029297,-21.667480
148,-0.129395,-0.723145,0.739746,45.288086,-35.461426,-20.141602
149,-0.107910,-0.695801,0.717285,43.212891,-36.926270,-19.104004
150,-0.086914,-0.682129,0.694824,37.353516,-34.851074,-16.662598
151,-0.070312,-0.689453,0.658691,26.184082,-26.306152,-13.305664
152,-0.078125,-0.698242,0.646973,23.803711,-21.240234,-13.366699
153,-0.074219,-0.693359,0.658203,22.521973,-16.296387,-13.305664
154,-0.068359,-0.705078,0.692383,25.451660,-5.432129,-12.390137
155,-0.073730,-0.695312,0.750977,23.864746,-4.516602,-11.535645
156,-0.074219,-0.690430,0.760254,18.432617,-5.249023,-9.826660
157,-0.081055,-0.700195,0.733887,14.465332,-5.981445,-8.605957
158,-0.080078,-0.685059,0.737305,16.662598,-6.652832,-8.422852
159,-0.077148,-0.679199,0.750977,18.188477,-7.080078,-8.117676
160,-0.071289,-0.668945,0.777832,16.296387,-8.483887,-7.690430
161,-0.069824,-0.665039,0.765625,16.235352,-9.033203,-7.019043
162,-0.072754,-0.673340,0.762695,18.371582,-9.704590,-5.920410
163,-0.073730,-0.674316,0.762207,23.925781,-11.779785,-5.310059
164,-0.060059,-0.664062,0.756348,25.329590,-12.451172,-5.493164
165,-0.050781,-0.650879,0.748047,25.146484,-12.023926,-5.371094
166,-0.041016,-0.626465,0.747559,21.545410,-9.155273,-5.187988
167,-0.033691,-0.629883,0.750977,17.883301,-7.019043,-3.723145
168,-0.035156,-0.643066,0.759766,14.465332,-5.920410,-2.502441
169,-0.036621,-0.655762,0.785645,8.789062,-7.263184,-1.342773
170,-0.032715,-0.655273,0.778320,6.591797,-8.178711,-1.037598
171,-0.033691,-0.660156,0.765137,6.042480,-8.178711,-0.915527
172,-0.030762,-0.653809,0.742676,11.901855,-4.455566,-2.136230
173,-0.039062,-0.651855,0.757812,16.662598,-3.417969,-3.112793
174,-0.043457,-0.641113,0.775879,17.822266,-2.868652,-3.417969
175,-0.043457,-0.645508,0.787598,13.305664,-1.464844,-1.831055
176,-0.038574,-0.647461,0.796387,9.460449,-1.220703,-1.464844
177,-0.033203,-0.649414,0.797363,5.737305,-1.525879,-1.403809
178,-0.027344,-0.647461,0.786133,3.417969,-0.671387,-2.075195
179,-0.031738,-0.639160,0.790039,4.028320,-0.671387,-2.441406
180,-0.030273,-0.633789,0.785156,5.615234,-0.061035,-2.624512
181,-0.031250,-0.621582,0.788574,10.192871,0.366211,-1.647949
182,-0.035645,-0.623047,0.784180,10.925293,0.549316,-1.525879
183,-0.036133,-0.630859,0.781250,10.803223,1.403809,-1.770020
184,-0.041992,-0.630371,0.792969,10.498047,1.403809,-1.647949
185,-0.035156,-0.617676,0.791016,9.460449,-0.915527,-1.525879
186,-0.027344,-0.613281,0.803223,9.887695,-1.098633,-1.281738
187,-0.022949,-0.609863,0.808105,9.094238,-1.220703,-0.854492
188,-0.028809,-0.613770,0.781738,7.873535,0.244141,-0.671387
189,-0.031738,-0.614258,0.777832,10.070801,1.403809,-1.464844
190,-0.033203,-0.603516,0.791992,11.413574,1.342773,-1.586914
191,-0.033203,-0.601074,0.790527,11.657715,-0.610352,-1.586914
192,-0.032227,-0.599121,0.801270,12.207031,-1.464844,-1.098633
193,-0.030762,-0.601074,0.799316,11.718750,-2.441406,-0.427246
194,-0.028809,-0.606445,0.773438,18.737793,-2.746582,0.183105
195,-0.030762,-0.606445,0.791016,20.996094,-3.295898,-0.671387
196,-0.033203,-0.592285,0.795410,22.277832,-4.150391,-1.586914
197,-0.030273,-0.586914,0.809570,22.766113,-4.577637,-1.281738
198,-0.020508,-0.586426,0.827148,23.010254,-6.164551,-1.159668
199,-0.006348,-0.582031,0.837891,22.949219,-5.737305,-1.525879
200,-0.006348,-0.582031,0.841309,22.033691,-4.943848,-1.464844
201,-0.014648,-0.589355,0.861328,16.845703,-2.380371,-2.624512
202,-0.010742,-0.578125,0.866211,10.742188,-1.525879,-2.807617
203,-0.012207,-0.568359,0.862305,4.882812,-1.037598,-2.502441
204,-0.009277,-0.562012,0.851562,0.305176,-0.610352,-1.892090
205,-0.014160,-0.575684,0.834473,-0.793457,2.258301,-1.281738
206,-0.021973,-0.576660,0.854492,-0.671387,1.770020,-1.037598
207,-0.020020,-0.587402,0.836426,-0.549316,1.159668,-1.159668
208,-0.019531,-0.575684,0.837891,2.197266,1.159668,-1.342773
209,-0.021484,-0.567871,0.840820,2.197266,0.549316,-0.732422
210,-0.023926,-0.571777,0.829590,1.525879,0.244141,-0.427246
211,-0.020508,-0.569336,0.828125,1.281738,0.427246,-0.732422
212,-0.014160,-0.565918,0.828125,-2.380371,-0.305176,-0.427246
213,-0.016602,-0.571777,0.823242,-2.380371,-0.305176,-0.122070
214,-0.017578,-0.575684,0.823730,-1.831055,-0.854492,-0.183105
215,-0.018555,-0.569336,0.814941,-1.831055,-1.586914,-0.244141
216,-0.018555,-0.555176,0.820801,1.281738,0.061035,-0.061035
217,-0.016113,-0.544922,0.832520,1.037598,0.427246,0.549316
218,-0.015625,-0.544922,0.830566,0.244141,1.098633,1.159668
219,-0.017578,-0.584961,0.812012,8.605957,1.831055,0.915527
220,-0.014160,-0.574707,0.827148,12.451172,1.831055,-0.061035
221,-0.012695,-0.562500,0.841797,12.145996,1.586914,0.183105
222,-0.018555,-0.549316,0.833984,10.009766,-0.366211,0.732422
223,-0.011230,-0.555664,0.823730,11.413574,-0.610352,0.793457
224,-0.012695,-0.554199,0.817383,14.648438,-1.220703,0.671387
225,-0.024414,-0.564453,0.799805,22.094727,-2.746582,-0.061035
226,-0.018555,-0.569336,0.812012,40.649414,-2.624512,-1.525879
227,-0.015625,-0.559570,0.809570,49.621582,0.000000,-2.136230
228,-0.025391,-0.548340,0.874023,54.626465,1.098633,-2.258301
229,-0.026367,-0.533203,0.827148,62.438965,-2.624512,-2.197266
230,-0.020020,-0.530273,0.780273,78.002930,-0.549316,-1.403809
231,-0.023438,-0.521484,0.762695,101.806641,3.173828,-2.380371
232,-0.018555,-0.404297,0.866211,139.282227,18.432617,-9.582520
233,-0.004883,-0.391113,0.967285,131.835938,25.146484,-7.507324
234,-0.020996,-0.369629,0.947266,115.112305,32.836914,-11.352539
235,-0.050293,-0.284668,0.745117,84.655762,66.772461,2.929688
236,-0.151855,-0.278809,0.749023,87.768555,92.285156,9.155273
237,-0.160156,-0.276855,0.802246,92.773438,120.239258,13.366699
238,-0.022949,-0.182617,0.786621,70.190430,159.667969,22.277832
239,-0.094727,-0.255371,0.883301,69.519043,170.654297,35.766602
240,-0.221680,-0.330566,1.031738,67.932129,166.076660,27.404785
241,-0.188965,-0.229980,1.079590,19.531250,164.611816,30.151367
242,-0.182129,-0.201660,1.089844,-16.601562,168.151855,45.166016
243,-0.180176,-0.219238,1.070312,-51.696777,168.823242,54.931641
244,-0.325684,-0.254883,0.912598,-104.797363,156.433105,56.274414
245,-0.432617,-0.283203,0.827637,-120.544434,150.573730,60.791016
246,-0.529785,-0.324707,0.817383,-122.375488,144.592285,66.467285
247,-0.563965,-0.422852,0.945312,-116.149902,128.601074,51.208496
248,-0.507324,-0.416992,0.909180,-125.793457,118.041992,36.743164
249,-0.457520,-0.319336,0.799805,-115.051270,96.618652,34.667969
250,-0.527832,-0.501953,0.809082,-55.664062,47.241211,46.203613
251,-0.539062,-0.537598,0.925293,-46.386719,23.925781,51.757812
252,-0.522461,-0.505859,0.909668,-47.790527,8.483887,58.227539
253,-0.486328,-0.450684,0.869629,-77.087402,-0.854492,55.480957
254,-0.564453,-0.291504,0.849121,-94.848633,0.488281,60.302734
255,-0.558594,-0.366211,1.010742,-127.624512,-4.089355,67.382812
256,-0.619141,-0.451172,1.086426,-183.654785,-19.287109,62.377930
257,-0.668457,-0.582520,0.856445,-257.507324,-25.512695,11.108398
258,-0.584961,-0.647461,0.625977,-266.906738,-30.822754,-19.226074
259,-0.526855,-0.560547,0.399414,-250.488281,-22.644043,-40.344238
260,-0.483887,-0.521973,0.315918,-233.459473,23.498535,-44.311523
261,-0.466797,-0.461426,0.501953,-255.615234,50.476074,-34.973145
262,-0.521484,-0.534668,0.770020,-260.253906,44.250488,-17.456055
263,-0.599609,-0.742188,0.869629,-263.916016,-22.521973,-30.090332
264,-0.561035,-0.754395,0.634766,-272.949219,-35.034180,-49.621582
265,-0.446777,-0.570312,0.719727,-288.757324,-40.527344,-52.429199
266,-0.404297,-0.550293,0.737793,-305.786133,-55.114746,-39.672852
267,-0.637695,-0.816406,0.472656,-314.086914,-92.346191,-18.737793
268,-0.744629,-0.831055,0.359863,-312.866211,-99.182129,-34.423828
269,-0.730957,-0.985352,0.121094,-292.358398,-83.007812,-86.242676
270,-0.529297,-0.965332,-0.125488,-276.733398,-63.598633,-97.290039
271,-0.472168,-0.928711,0.082031,-282.226562,-38.452148,-96.191406
272,-0.324707,-0.834473,0.042969,-307.434082,-16.357422,-81.237793
273,-0.338867,-0.826172,-0.112305,-281.250000,-20.996094,-76.232910
274,-0.349121,-0.844238,-0.284180,-245.971680,-18.188477,-70.373535
275,-0.326660,-0.897461,-0.357910,-209.045410,-5.004883,-65.673828
276,-0.268555,-0.923828,-0.397949,-145.507812,33.996582,-63.049316
277,-0.301270,-0.909180,-0.379883,-114.440918,44.982910,-62.561035
278,-0.339844,-0.874023,-0.346680,-87.402344,48.645020,-66.345215
279,-0.334473,-0.856934,-0.282715,-54.199219,38.269043,-78.857422
280,-0.305664,-0.968262,-0.229492,-41.320801,27.526855,-84.411621
281,-0.263184,-0.895508,-0.472168,10.314941,27.221680,-90.454102
282,-0.296875,-0.908203,-0.651367,73.059082,38.208008,-93.688965
283,-0.366211,-0.977539,-0.695801,160.461426,44.982910,-105.224609
284,-0.404785,-1.165039,-0.561523,236.206055,43.151855,-125.061035
285,-0.211426,-1.216309,-0.372070,375.976562,-5.859375,-172.363281
286,-0.133789,-1.107422,-0.329102,437.011719,-33.447266,-185.852051
287,-0.050293,-0.788574,-0.271484,571.350098,-61.096191,-183.776855
288,-0.034180,-0.636230,0.109863,591.308594,-48.339844,-179.382324
289,-0.023926,-0.608398,0.550293,510.925293,-11.413574,-188.720703
290,0.035645,-0.548828,0.618164,449.584961,-10.009766,-198.730469
291,0.276855,-0.266113,0.800293,327.941895,-25.390625,-175.292969
292,0.291504,-0.315918,0.763672,274.047852,-25.939941,-152.282715
293,0.158203,-0.499023,0.737793,220.275879,-23.864746,-136.108398
294,0.117188,-0.697266,0.499512,165.039062,-12.939453,-138.854980
295,0.217285,-0.645508,0.364258,182.739258,-1.281738,-142.150879
296,0.276855,-0.527344,0.349609,229.919434,17.028809,-140.014648
297,0.288086,-0.458984,0.803711,259.094238,23.742676,-118.408203
298,0.312988,-0.441895,0.977051,225.341797,16.174316,-109.802246
299,0.380371,-0.363281,1.097168,177.490234,6.958008,-97.717285
300,0.382812,-0.332520,1.145508,121.643066,-4.699707,-79.040527
301,0.387695,-0.384766,0.920898,19.348145,-2.441406,-45.776367
302,0.367676,-0.445801,0.817871,-8.483887,2.258301,-32.409668
303,0.348633,-0.466797,0.762695,-16.479492,6.652832,-16.174316
304,0.351074,-0.462891,0.776855,-7.690430,9.399414,-10.070801
305,0.353027,-0.443359,0.749023,4.699707,17.272949,-4.211426
306,0.310059,-0.458984,0.776367,30.456543,41.931152,6.958008
307,0.292969,-0.444336,0.835449,34.606934,51.879883,12.695312
308,0.279785,-0.418945,0.932617,29.235840,56.518555,17.456055
309,0.257324,-0.392578,0.989258,15.930176,55.175781,21.789551
310,0.222656,-0.382812,0.980957,-6.530762,42.968750,27.648926
311,0.186035,-0.405273,0.910645,-18.249512,33.630371,33.081055
312,0.187012,-0.405762,0.887207,-25.939941,34.057617,36.560059
313,0.208496,-0.403320,0.893555,-47.912598,37.292480,47.790527
314,0.220215,-0.447754,0.927734,-60.363770,37.719727,53.649902
315,0.229004,-0.525391,0.916016,-66.833496,36.437988,56.762695
316,0.215820,-0.539551,0.817383,-58.471680,36.987305,56.274414
317,0.155273,-0.520020,0.602539,-4.028320,50.170898,57.800293
318,0.128906,-0.489746,0.634277,28.686523,61.279297,59.814453
319,0.114258,-0.462402,0.901855,47.485352,82.824707,61.035156
320,0.115234,-0.478027,0.996094,31.066895,92.224121,61.035156
321,0.080566,-0.499512,0.998535,8.728027,97.595215,60.302734
322,-0.000977,-0.499512,0.997559,-27.709961,87.890625,56.945801
323,-0.022949,-0.488281,0.987305,-36.987305,73.608398,54.382324
324,-0.020020,-0.488281,0.961914,-42.297363,56.945801,51.757812
325,-0.019531,-0.510742,0.938477,-45.349121,40.527344,49.011230
326,-0.020508,-0.568359,0.897949,-67.871094,17.395020,35.705566
327,-0.017090,-0.583984,0.893555,-79.223633,10.498047,30.334473
328,-0.025879,-0.635742,0.738770,-61.218262,1.403809,21.972656
329,-0.028809,-0.645996,0.661621,-24.902344,3.112793,18.005371
330,-0.047363,-0.613281,0.690918,17.028809,6.225586,14.221191
331,-0.063965,-0.550293,0.878906,61.767578,8.789062,3.295898
332,-0.046875,-0.528809,0.975098,51.269531,7.446289,-1.953125
333,-0.031738,-0.520020,0.999512,26.184082,6.652832,-3.662109
334,-0.023926,-0.531250,0.984375,-0.244141,5.920410,-2.502441
335,-0.039551,-0.566895,0.850586,-32.531738,-1.586914,3.601074
336,-0.045410,-0.580566,0.771484,-28.930664,-4.577637,5.737305
337,-0.050781,-0.566406,0.801270,-4.028320,-0.793457,4.577637
338,-0.054199,-0.554688,0.841309,1.037598,-0.305176,3.295898
339,-0.042969,-0.547852,0.859863,1.098633,-1.708984,2.014160
340,-0.031250,-0.552246,0.873047,-2.868652,-4.028320,0.610352
341,-0.037598,-0.555176,0.841797,-14.587402,-6.591797,-2.563477
342,-0.042969,-0.551270,0.816895,-17.517090,-6.225586,-3.723145
343,-0.043457,-0.549805,0.805176,-17.639160,-5.737305,-3.234863
344,-0.048340,-0.550293,0.804199,-16.296387,-5.187988,0.732422
345,-0.048340,-0.561523,0.812500,-15.563965,-5.249023,2.746582
346,-0.048340,-0.581543,0.808105,-13.671875,-5.371094,3.540039
347,-0.036621,-0.602051,0.812500,-7.507324,-4.333496,2.441406
348,-0.024414,-0.600586,0.814453,0.549316,0.122070,-0.366211
349,-0.026855,-0.576660,0.808105,4.699707,3.723145,-0.122070
350,-0.037598,-0.559570,0.821777,8.789062,5.249023,1.098633
351,-0.058105,-0.552246,0.857422,2.563477,5.065918,-1.220703
352,-0.046875,-0.554688,0.868164,-6.408691,3.723145,-1.770020
353,-0.036133,-0.563477,0.853027,-15.441895,1.403809,-0.854492
354,-0.037598,-0.574707,0.830566,-20.935059,-0.488281,0.366211
355,-0.039551,-0.582031,0.813477,-20.629883,-2.807617,1.342773
356,-0.040527,-0.601562,0.811523,-16.052246,-4.699707,1.708984
357,-0.041504,-0.614746,0.777832,-6.774902,-4.150391,0.366211
358,-0.030762,-0.573242,0.826172,7.446289,2.258301,0.305176
359,-0.041504,-0.562012,0.858398,5.249023,2.502441,1.770020
360,-0.049805,-0.562012,0.853516,0.793457,0.427246,2.319336
361,-0.037598,-0.566895,0.813965,-8.056641,-2.685547,2.868652
362,-0.032715,-0.573242,0.807617,-12.329102,-2.746582,3.601074
363,-0.029297,-0.585449,0.798828,-15.869141,-2.319336,4.089355
364,-0.024414,-0.598145,0.788574,-12.573242,0.427246,2.746582
365,-0.030273,-0.591309,0.795410,-9.033203,1.586914,2.197266
366,-0.034668,-0.593262,0.794434,-4.394531,2.563477,2.075195
367,-0.036621,-0.608398,0.791016,2.441406,2.502441,1.831055
368,-0.047363,-0.620117,0.832520,13.244629,0.122070,0.976562
369,-0.051270,-0.610352,0.843262,12.512207,-1.037598,0.915527
370,-0.046875,-0.580078,0.832520,3.295898,-4.272461,0.488281
371,-0.043457,-0.582520,0.805664,-0.183105,-5.187988,-0.549316
372,-0.038574,-0.580566,0.807129,-0.915527,-5.859375,-1.770020
373,-0.039062,-0.583008,0.822266,-2.136230,-6.530762,-2.624512
374,-0.042480,-0.596191,0.817871,-3.479004,-6.591797,-3.845215
375,-0.041016,-0.605469,0.820312,-1.464844,-5.493164,-4.089355
376,-0.037109,-0.603027,0.814941,1.525879,-4.211426,-3.601074
377,-0.040039,-0.585938,0.812500,8.056641,-1.342773,0.366211
378,-0.034668,-0.583008,0.827637,7.568359,0.549316,1.708984
379,-0.029785,-0.580078,0.837891,2.746582,1.220703,2.380371
380,-0.027344,-0.594238,0.807129,-4.638672,1.953125,1.586914
381,-0.028809,-0.599121,0.823242,-5.004883,1.159668,1.037598
382,-0.033203,-0.601562,0.835449,-5.676270,-0.183105,0.793457
383,-0.036621,-0.600586,0.842285,-6.164551,-2.136230,0.732422
384,-0.037109,-0.591797,0.816406,-6.225586,-5.432129,1.464844
385,-0.035645,-0.595215,0.797852,-3.417969,-6.408691,1.647949
386,-0.028320,-0.596191,0.793457,3.784180,-7.873535,0.061035
387,-0.023926,-0.590332,0.808105,4.150391,-8.239746,-1.220703
388,-0.023438,-0.586426,0.813477,1.342773,-8.056641,-2.258301
389,-0.016113,-0.585449,0.810547,-3.112793,-6.713867,-2.990723
390,-0.012695,-0.584473,0.837402,-18.066406,-2.014160,-2.380371
391,-0.010742,-0.584473,0.853516,-29.968262,-0.122070,-1.647949
392,-0.018555,-0.585449,0.836914,-40.405273,0.793457,-0.854492
393,-0.026855,-0.595215,0.809082,-48.400879,2.929688,-0.366211
394,-0.030762,-0.606445,0.803711,-61.828613,6.896973,1.403809
395,-0.030762,-0.616211,0.771484,-65.673828,7.690430,2.319336
396,-0.026367,-0.640625,0.737305,-62.438965,6.958008,5.004883
397,-0.032227,-0.666016,0.715820,-56.396484,4.272461,5.737305
398,-0.049805,-0.686523,0.736816,-48.278809,1.647949,5.371094
399,-0.055664,-0.688965,0.811035,-43.151855,-10.620117,7.080078
400,-0.053711,-0.681641,0.770508,-53.222656,-17.089844,5.737305
401,-0.031738,-0.671387,0.706055,-65.307617,-17.639160,4.394531
402,-0.017578,-0.723145,0.619141,-74.279785,-2.197266,0.854492
403,-0.011719,-0.706543,0.640625,-81.970215,7.202148,0.244141
404,0.001465,-0.658691,0.670410,-90.576172,13.244629,4.272461
405,-0.032227,-0.679199,0.719238,-98.327637,12.878418,10.437012
406,-0.069824,-0.766602,0.710449,-104.492188,-4.516602,11.474609
407,-0.058594,-0.796387,0.691895,-101.196289,-13.732910,9.826660
408,-0.061523,-0.819824,0.716797,-101.928711,-23.315430,7.934570
409,-0.058105,-0.824707,0.730469,-110.778809,-30.090332,5.554199
410,-0.036621,-0.855469,0.651855,-128.906250,-35.400391,3.112793
411,-0.013184,-0.898438,0.487793,-115.234375,-32.592773,2.624512
412,-0.027832,-0.909668,0.353516,-13.427734,-10.803223,6.225586
413,-0.037598,-0.892090,0.424805,37.902832,-2.197266,5.065918
414,-0.028809,-0.856445,0.493652,71.899414,3.295898,0.915527
415,-0.020996,-0.808594,0.567871,85.510254,7.751465,-2.746582
416,0.010742,-0.746094,0.704590,55.908203,12.512207,-0.549316
417,-0.002441,-0.750488,0.723145,24.658203,8.850098,2.441406
418,-0.028320,-0.770996,0.628418,-27.587891,-1.281738,0.244141
419,-0.030762,-0.769043,0.567383,-38.452148,-5.554199,-1.403809
420,-0.028809,-0.781250,0.539062,-40.893555,-8.361816,-1.647949
421,-0.024414,-0.794922,0.540527,-39.855957,-9.521484,-1.525879
422,-0.022461,-0.811523,0.554199,-39.489746,-10.070801,-3.173828
423,-0.019531,-0.829102,0.549316,-39.245605,-9.399414,-3.967285
424,-0.018555,-0.845703,0.531738,-35.156250,-8.666992,-4.638672
425,-0.010742,-0.871582,0.508301,-16.296387,-5.798340,-4.821777
426,-0.008301,-0.879395,0.504395,-8.544922,-4.150391,-5.615234
427,-0.004883,-0.857910,0.542969,-7.263184,-3.173828,-5.493164
428,-0.028809,-0.851562,0.568359,-15.502930,-7.690430,-6.347656
429,-0.023926,-0.851562,0.561523,-19.775391,-9.704590,-6.591797
430,-0.024414,-0.872559,0.539062,-20.080566,-10.559082,-5.615234
431,0.001953,-0.895508,0.519043,-14.648438,-8.239746,-4.455566
432,0.001465,-0.869141,0.468262,14.831543,0.671387,2.258301
433,-0.020996,-0.907715,0.520020,29.541016,2.990723,1.342773
434,0.016113,-0.846191,0.582520,32.226562,0.244141,1.892090
435,-0.005371,-0.856445,0.557129,26.611328,-0.976562,2.197266
436,-0.010254,-0.854004,0.535156,24.536133,-1.464844,0.183105
437,-0.009766,-0.841309,0.514648,29.052734,-2.746582,-0.061035
438,-0.018555,-0.824707,0.542480,45.593262,-2.197266,5.249023
439,-0.016602,-0.817871,0.578125,49.621582,-1.647949,6.286621
440,-0.012207,-0.809082,0.604004,48.522949,-1.953125,6.042480
441,-0.005371,-0.797363,0.603516,38.146973,-2.075195,4.028320
442,-0.007812,-0.800293,0.583496,37.170410,-0.366211,3.479004
443,-0.016602,-0.797363,0.576172,40.344238,7.385254,4.211426
444,-0.036133,-0.790527,0.573730,47.607422,9.399414,3.234863
445,-0.045898,-0.780273,0.594727,54.931641,8.850098,0.854492
446,-0.037598,-0.767090,0.618164,60.913086,5.493164,-1.037598
447,-0.039551,-0.768555,0.672852,63.537598,-4.577637,-0.305176
448,-0.048340,-0.776367,0.666016,62.683105,-9.643555,-1.953125
449,-0.052246,-0.753418,0.681152,63.110352,-13.427734,-3.356934
450,0.015137,-0.720215,0.709473,54.199219,-12.145996,2.136230
451,0.015137,-0.720215,0.668457,51.025391,-9.643555,6.713867
452,-0.000488,-0.721680,0.633789,53.894043,-5.493164,8.666992
453,-0.014160,-0.717285,0.698242,63.964844,-1.342773,2.929688
454,-0.009766,-0.688965,0.744141,62.988281,-3.356934,0.549316
455,-0.010254,-0.669922,0.767578,55.419922,-5.920410,-0.854492
456,-0.005859,-0.663086,0.764648,44.921875,-7.568359,-2.441406
457,0.005859,-0.671387,0.734375,27.587891,-6.225586,-3.417969
458,0.002930,-0.685059,0.699707,27.160645,-2.319336,-2.929688
459,-0.008789,-0.674316,0.738770,35.644531,9.094238,-7.202148
460,0.019531,-0.643555,0.829590,30.029297,12.878418,-5.920410
461,-0.000977,-0.666016,0.815918,16.906738,11.169434,-2.319336
462,-0.018555,-0.674805,0.795410,15.380859,10.192871,-2.136230
463,-0.023438,-0.666016,0.787109,16.052246,8.361816,-2.380371
464,-0.019531,-0.628906,0.765137,13.488770,7.995605,-0.854492
465,-0.020020,-0.626953,0.776367,7.629395,8.666992,0.244141
466,-0.019531,-0.634766,0.788086,0.854492,7.568359,1.464844
467,-0.018555,-0.685547,0.740234,-3.784180,6.530762,0.305176
468,-0.020020,-0.683105,0.745605,-2.014160,7.751465,-1.403809
469,-0.021973,-0.667480,0.774414,1.586914,6.896973,-2.075195
470,-0.041992,-0.643066,0.801270,7.141113,-0.915527,-1.647949
471,-0.035645,-0.640625,0.782227,7.934570,-4.333496,-0.976562
472,-0.030762,-0.646973,0.768066,10.375977,-6.958008,-0.366211
473,-0.014160,-0.654297,0.771484,14.587402,-8.483887,-0.183105
474,-0.006348,-0.644531,0.814453,11.047363,-7.873535,-0.427246
475,0.008301,-0.620117,0.823242,-6.469727,-5.187988,0.427246
476,0.007324,-0.619141,0.793945,-12.451172,-2.563477,1.464844
477,0.003906,-0.630859,0.767578,-14.770508,0.366211,2.014160
478,-0.001953,-0.650391,0.741699,-10.986328,2.075195,1.464844
479,-0.011719,-0.660156,0.752441,2.014160,1.159668,0.000000
480,-0.014648,-0.656738,0.753418,5.065918,-0.549316,-0.244141
481,-0.016602,-0.660645,0.740234,8.728027,-2.075195,-0.732422
482,-0.014160,-0.636719,0.760742,13.366699,0.061035,-2.319336
483,-0.010742,-0.620605,0.784180,10.742188,2.136230,-1.464844
484,-0.018066,-0.622070,0.795898,0.549316,2.502441,0.183105
485,-0.020508,-0.621582,0.793945,-5.126953,1.403809,0.305176
486,-0.024902,-0.629395,0.791992,-9.216309,-0.488281,0.183105
487,-0.024414,-0.648926,0.773926,-9.887695,-2.624512,-0.183105
488,-0.006836,-0.652344,0.780762,-4.760742,-3.479004,0.793457
489,-0.012695,-0.668457,0.785645,-0.122070,-3.784180,2.075195
490,-0.017578,-0.676758,0.792480,7.019043,-5.004883,1.464844
491,-0.009766,-0.657715,0.805664,12.207031,-6.347656,0.549316
492,0.001465,-0.620117,0.809082,10.559082,-5.310059,0.976562
493,0.003906,-0.620117,0.799805,5.310059,-3.601074,1.098633
494,-0.003418,-0.637695,0.777344,-0.488281,-1.892090,0.366211
495,-0.005859,-0.634277,0.770996,-1.892090,-1.342773,-0.366211
496,-0.002441,-0.629395,0.767578,-2.929688,-0.122070,0.061035
497,-0.003906,-0.635254,0.765137,-3.173828,0.915527,1.098633
498,-0.017090,-0.646484,0.743652,6.469727,1.098633,2.075195
499,-0.014160,-0.632324,0.772461,11.291504,0.183105,1.708984
500,-0.008301,-0.619141,0.791992,11.840820,-1.220703,1.281738
501,-0.007812,-0.622559,0.801270,7.873535,-2.990723,-0.305176
502,-0.006836,-0.620605,0.805176,5.126953,-2.563477,-0.671387
503,-0.009766,-0.618652,0.797363,4.028320,-2.075195,-0.427246
504,-0.016602,-0.615723,0.799316,4.272461,-2.014160,-0.061035
505,-0.005371,-0.604004,0.788086,1.831055,-2.380371,1.281738
506,-0.007812,-0.607422,0.765625,1.953125,-3.417969,2.014160
507,-0.004883,-0.617676,0.749512,4.821777,-3.906250,2.197266
508,-0.003906,-0.614258,0.766113,7.507324,-4.638672,2.563477
509,-0.003418,-0.629883,0.802734,5.432129,-7.385254,3.845215
510,-0.000977,-0.645020,0.800293,4.638672,-7.385254,3.540039
511,0.003906,-0.651367,0.813965,1.647949,-3.723145,2.075195
512,0.001953,-0.651367,0.812500,-0.427246,-2.807617,1.831055
513,-0.004883,-0.646484,0.798828,0.305176,-2.746582,0.915527
514,-0.006836,-0.628418,0.794922,1.464844,-1.892090,-0.183105
515,-0.004395,-0.600098,0.812012,-1.281738,-0.732422,0.488281
516,-0.005859,-0.612793,0.797363,-1.586914,-1.098633,0.732422
517,-0.002441,-0.619629,0.818359,-0.305176,-1.586914,0.427246
518,-0.001953,-0.621582,0.819824,-1.953125,-1.892090,0.671387
519,0.001465,-0.620605,0.807617,-2.563477,-2.441406,1.403809
520,-0.008301,-0.619629,0.790527,0.366211,-3.723145,1.953125
521,-0.004395,-0.610352,0.793945,0.122070,-4.516602,1.403809
522,-0.000977,-0.601074,0.791016,-0.976562,-5.065918,1.403809
523,0.008301,-0.596191,0.782227,-3.051758,-4.211426,2.075195
524,0.010254,-0.625977,0.736816,2.746582,-1.953125,3.723145
525,0.007324,-0.629883,0.757324,7.446289,-1.403809,3.173828
526,0.011230,-0.618164,0.786621,8.605957,-2.014160,2.746582
527,0.006348,-0.616699,0.795898,4.638672,-2.807617,2.685547
528,0.004395,-0.622559,0.796387,3.234863,-3.540039,2.929688
529,0.002441,-0.624023,0.802246,0.854492,-3.112793,1.892090
530,-0.004395,-0.613770,0.831543,-3.906250,-2.258301,0.366211
531,-0.011719,-0.608887,0.832031,-5.065918,-3.173828,0.549316
532,-0.012207,-0.606445,0.827637,-5.859375,-3.784180,0.854492
533,-0.005859,-0.622070,0.816895,-4.577637,-3.967285,1.220703
534,-0.001953,-0.642090,0.819336,2.136230,-2.807617,-0.671387
535,0.001953,-0.617188,0.814941,0.976562,-0.610352,-1.464844
536,-0.000977,-0.595215,0.819336,-3.479004,3.173828,-1.037598
537,0.000488,-0.598145,0.808105,-2.929688,2.868652,0.305176
538,-0.004395,-0.602051,0.802246,-0.915527,0.122070,1.831055
539,0.000000,-0.604004,0.796387,-3.356934,-1.342773,2.136230
540,0.007812,-0.606934,0.785645,-5.859375,-2.136230,1.586914
541,0.013672,-0.614746,0.769043,-8.911133,-3.234863,0.671387
542,0.010742,-0.619629,0.762207,-7.324219,-3.906250,0.549316
543,0.007812,-0.615723,0.765137,-4.821777,-3.601074,0.732422
544,0.006836,-0.621582,0.761719,-3.723145,-1.892090,0.366211
545,0.012695,-0.620605,0.765137,-0.793457,0.305176,0.061035
546,0.014160,-0.619141,0.774902,2.014160,1.220703,0.610352
547,0.007324,-0.628906,0.786133,3.784180,1.281738,0.854492
548,0.001465,-0.618164,0.824707,0.671387,0.366211,-0.915527
549,0.002930,-0.609863,0.829590,-3.662109,-0.610352,-0.549316
550,-0.000488,-0.620605,0.814453,-4.089355,-1.892090,0.061035
551,-0.007324,-0.619141,0.807617,2.807617,-3.845215,-0.061035
552,-0.000488,-0.615234,0.818359,2.868652,-2.563477,-0.610352
553,0.008789,-0.626953,0.820312,-5.981445,-1.342773,0.427246
554,0.002441,-0.643066,0.805664,-7.080078,-2.014160,0.488281
555,-0.001953,-0.640137,0.794434,-6.225586,-2.380371,0.183105
556,0.003418,-0.623047,0.795898,-5.859375,-1.831055,0.488281
557,0.002441,-0.627930,0.805664,-7.995605,-0.976562,1.831055
558,0.004883,-0.637207,0.785645,-5.737305,-1.342773,1.770020
559,0.007324,-0.634766,0.765137,-2.502441,-0.732422,1.281738
560,0.016602,-0.633789,0.757812,2.502441,3.784180,0.305176
561,0.008301,-0.639648,0.780273,4.638672,4.821777,0.122070
562,-0.002930,-0.636230,0.800781,3.723145,4.211426,-0.183105
563,-0.007812,-0.636719,0.817383,-3.356934,0.793457,-1.098633
564,-0.005371,-0.628418,0.822754,-6.347656,-1.220703,-1.464844
565,-0.001465,-0.614258,0.808594,-9.460449,-2.685547,-1.464844
566,0.000000,-0.618652,0.762207,-6.530762,-3.479004,-0.671387
567,-0.004883,-0.621094,0.784668,5.859375,-6.103516,0.427246
568,0.003418,-0.631348,0.761230,8.361816,-7.080078,0.000000
569,0.002930,-0.623535,0.744141,8.728027,-6.469727,-1.342773
570,0.006348,-0.597168,0.746582,1.098633,-1.770020,-0.793457
571,0.000000,-0.604004,0.756348,-0.854492,-0.854492,0.061035
572,-0.005371,-0.609375,0.775391,-1.953125,-0.732422,0.366211
573,-0.002441,-0.611328,0.794434,-4.150391,-0.488281,0.732422
574,0.006836,-0.629395,0.803711,-8.850098,1.525879,2.624512
575,0.010742,-0.643066,0.804199,-8.789062,2.746582,3.295898
576,0.009277,-0.645996,0.812500,-6.408691,3.479004,2.136230
577,0.011719,-0.654297,0.794434,-1.220703,2.685547,1.647949
578,0.005859,-0.654785,0.803223,6.652832,1.159668,1.464844
579,0.005371,-0.644043,0.813477,10.253906,-0.122070,1.708984
580,0.009277,-0.629883,0.809570,3.784180,-0.610352,-0.183105
581,0.009277,-0.628906,0.807129,-1.770020,-1.281738,-1.159668
582,0.007812,-0.626953,0.796875,-5.187988,-2.868652,-1.525879
583,0.006836,-0.628418,0.767578,-7.995605,-4.699707,-2.197266
584,0.008789,-0.634277,0.752441,-6.713867,-3.173828,-2.441406
585,0.014160,-0.621582,0.743652,-1.586914,0.854492,-1.281738
586,0.013672,-0.617188,0.745117,-0.549316,2.624512,-0.732422
587,0.007812,-0.623535,0.743164,1.220703,4.455566,-0.305176
588,0.007324,-0.625977,0.758789,4.333496,6.408691,1.464844
589,0.000488,-0.619629,0.812500,2.990723,5.798340,2.014160
590,-0.000488,-0.622070,0.823242,1.953125,4.882812,2.075195
591,0.001953,-0.625488,0.827637,0.854492,3.417969,2.075195
592,0.002441,-0.629883,0.831055,-0.488281,2.136230,1.708984
593,0.006836,-0.629883,0.810059,-1.037598,0.061035,0.244141
594,0.007324,-0.627930,0.799316,-0.610352,0.732422,0.244141
595,0.006836,-0.645996,0.780273,3.051758,1.953125,0.122070
596,0.005371,-0.643066,0.788574,3.662109,1.586914,-0.854492
597,0.004883,-0.634766,0.801270,0.976562,0.244141,-1.953125
598,0.002441,-0.629883,0.796875,-3.662109,-2.075195,-2.441406
599,-0.000977,-0.635254,0.761230,-10.437012,-5.187988,-1.892090
600,0.000488,-0.640137,0.745605,-9.826660,-4.577637,-1.647949
601,0.010254,-0.638672,0.748535,-5.920410,-2.685547,-1.159668
602,0.015137,-0.629395,0.788086,1.159668,0.305176,0.305176
603,0.018066,-0.622070,0.797852,2.685547,1.159668,0.915527
604,0.015137,-0.621582,0.810547,2.014160,1.892090,1.342773
605,0.007812,-0.630859,0.817871,-2.685547,1.403809,1.037598
606,0.001465,-0.631348,0.805176,-4.211426,0.671387,0.976562
607,-0.005371,-0.628906,0.790039,-4.943848,0.732422,0.732422
608,0.003906,-0.621094,0.774414,-6.286621,2.746582,1.586914
609,0.005859,-0.631348,0.758789,-4.455566,3.601074,2.014160
610,0.005859,-0.629883,0.762695,1.281738,3.417969,2.319336
611,0.005371,-0.630859,0.760742,2.380371,1.708984,2.502441
612,0.004883,-0.632812,0.755859,2.441406,-2.136230,2.014160
613,0.003906,-0.638672,0.758789,1.037598,-3.967285,1.770020
614,0.004395,-0.641602,0.756836,-1.586914,-4.577637,1.098633
615,0.005371,-0.638184,0.762207,-4.394531,-3.723145,0.549316
616,0.005859,-0.642090,0.776855,-6.103516,0.244141,0.671387
617,0.006348,-0.645020,0.773438,-3.479004,1.892090,0.976562
618,0.005371,-0.643066,0.781250,0.671387,3.479004,1.647949
619,-0.001465,-0.632324,0.821289,5.493164,3.906250,2.014160
620,-0.005859,-0.633789,0.841309,4.211426,1.708984,1.525879
621,-0.007812,-0.642578,0.833496,2.197266,-1.220703,0.549316
622,-0.006348,-0.646484,0.807129,-0.061035,-2.136230,-2.258301
623,-0.005371,-0.620117,0.791016,-1.953125,0.122070,-2.380371
624,-0.009277,-0.617676,0.801270,-4.577637,1.892090,-1.647949
625,-0.011230,-0.625488,0.795410,-6.103516,2.929688,-1.037598
626,-0.007812,-0.633301,0.771973,-4.943848,4.211426,0.854492
627,-0.006348,-0.640137,0.765625,-2.807617,4.394531,1.892090
628,-0.009277,-0.643555,0.800781,0.549316,0.610352,2.624512
629,-0.009277,-0.646484,0.804199,0.854492,-2.746582,2.502441
630,-0.007812,-0.649902,0.799316,0.305176,-4.638672,2.197266
631,-0.002441,-0.652832,0.789062,-0.549316,-4.943848,1.770020
632,0.007812,-0.646484,0.778809,-3.540039,-2.685547,1.525879
633,0.008301,-0.640625,0.770996,-4.028320,-1.281738,1.708984
634,0.008301,-0.630859,0.762695,-4.211426,-0.427246,2.014160
635,0.009766,-0.631836,0.747070,-4.272461,1.220703,2.319336
636,0.007812,-0.634766,0.745605,-2.502441,2.136230,2.136230
637,0.003418,-0.637207,0.762207,-0.915527,2.319336,1.892090
638,-0.006348,-0.639648,0.775879,-0.305176,1.464844,1.525879
639,-0.013672,-0.648438,0.770996,0.122070,2.014160,0.427246
640,-0.017090,-0.647949,0.776367,1.159668,3.173828,0.061035
641,-0.016602,-0.642090,0.788086,0.976562,3.906250,0.122070
642,-0.019043,-0.634766,0.796875,-0.183105,3.356934,0.366211
643,-0.020020,-0.623535,0.781250,-4.638672,-0.183105,0.854492
644,-0.019043,-0.625977,0.768555,-5.065918,-1.953125,1.342773
645,-0.018555,-0.636230,0.764160,-4.089355,-3.479004,1.281738
646,-0.013184,-0.651367,0.762207,3.845215,-2.868652,0.427246
647,-0.009277,-0.646484,0.783203,5.859375,-0.976562,0.671387
648,-0.009766,-0.644531,0.796387,4.882812,0.732422,0.854492
649,-0.012207,-0.641602,0.803711,3.112793,1.220703,0.976562
650,-0.012695,-0.637695,0.814941,-1.464844,-0.427246,1.098633
651,-0.008789,-0.636719,0.798828,-3.051758,-1.403809,1.403809
652,-0.003418,-0.635254,0.791504,-2.868652,-1.831055,2.197266
653,-0.000977,-0.647461,0.775391,-0.061035,-2.563477,2.807617
654,-0.001465,-0.645996,0.772461,0.915527,-2.624512,1.892090
655,0.002930,-0.637207,0.768555,0.061035,-2.380371,1.037598
656,0.002930,-0.633301,0.760254,-0.793457,-1.831055,0.854492
657,-0.003906,-0.637695,0.753906,-0.915527,-1.159668,-0.122070
658,-0.003418,-0.638672,0.758789,0.366211,-0.793457,-0.610352
659,-0.004883,-0.636719,0.765137,0.793457,-0.183105,-0.915527
660,-0.005859,-0.628906,0.770996,-0.244141,0.366211,-0.915527
661,-0.007324,-0.637207,0.761719,-0.061035,0.488281,-0.854492
662,-0.004883,-0.643066,0.768555,1.403809,0.671387,-0.915527
663,-0.011719,-0.646973,0.793457,2.807617,-0.671387,-0.427246
664,-0.020996,-0.646484,0.804199,2.807617,-1.953125,-0.549316
665,-0.018555,-0.643066,0.807129,1.953125,-3.356934,-0.305176
666,-0.016113,-0.642090,0.776367,2.136230,-5.981445,0.610352
667,-0.008301,-0.636719,0.774414,2.075195,-5.676270,0.793457
668,0.002930,-0.632812,0.777344,0.732422,-2.502441,1.220703
669,0.000000,-0.634277,0.792480,0.305176,-1.770020,0.976562
670,0.002441,-0.638672,0.796387,0.366211,-1.098633,0.610352
671,-0.000488,-0.644531,0.802734,0.366211,-0.488281,0.183105
672,-0.002441,-0.647949,0.796875,0.183105,0.244141,-0.305176
673,-0.005371,-0.646484,0.784668,2.563477,1.403809,-1.159668
674,-0.003418,-0.643066,0.776367,3.356934,1.892090,-1.403809
675,-0.006836,-0.637207,0.786621,4.028320,1.647949,-1.342773
676,-0.011719,-0.627930,0.816406,1.159668,-3.601074,-1.159668
677,-0.009277,-0.625488,0.813477,-0.549316,-6.286621,-0.671387
678,-0.004395,-0.626465,0.810059,-2.624512,-7.812500,0.061035
679,0.000488,-0.632812,0.770508,-7.568359,-8.300781,0.488281
680,0.003906,-0.641602,0.737793,-4.943848,-5.981445,0.366211
681,0.004883,-0.638672,0.743164,-0.244141,-2.441406,0.061035
682,0.004395,-0.639648,0.768555,4.394531,2.136230,0.000000
683,0.004395,-0.641113,0.768066,7.324219,3.417969,-0.122070
684,0.006348,-0.636230,0.768555,10.009766,4.089355,-0.122070
685,0.002441,-0.630859,0.786621,11.596680,3.234863,-0.427246
686,0.000977,-0.621094,0.792969,9.399414,2.136230,-0.427246
687,-0.001953,-0.621094,0.825684,1.037598,0.488281,-0.488281
688,-0.003418,-0.628906,0.815430,-1.831055,-0.305176,-0.061035
689,-0.004395,-0.630371,0.803711,2.929688,0.122070,0.610352
690,-0.010742,-0.621582,0.816895,4.455566,0.122070,0.549316
691,0.001465,-0.612305,0.806152,4.455566,-0.671387,0.183105
692,0.008789,-0.612305,0.795898,4.760742,-0.732422,0.610352
693,0.008301,-0.629395,0.789062,3.356934,-0.244141,-1.098633
694,0.009277,-0.627441,0.779785,3.173828,0.549316,-1.831055
695,0.000977,-0.610352,0.776855,2.075195,1.159668,-1.647949
696,0.000488,-0.608398,0.761719,2.075195,0.854492,-1.037598
697,-0.000488,-0.613281,0.750488,4.455566,1.159668,-0.610352
698,-0.001465,-0.612793,0.760742,7.507324,1.708984,-0.366211
699,-0.001465,-0.608887,0.790039,7.385254,-0.122070,0.061035
700,0.000977,-0.605957,0.780273,5.432129,-2.014160,-0.122070
701,0.005371,-0.605469,0.766113,3.356934,-2.380371,-0.183105
702,0.006836,-0.617188,0.754883,3.906250,0.244141,-0.610352
703,0.000977,-0.617188,0.780273,4.333496,1.464844,-1.220703
704,0.001465,-0.617676,0.799316,3.601074,1.525879,-1.464844
705,-0.011719,-0.634766,0.818359,3.845215,-1.342773,-1.281738
706,-0.007812,-0.637207,0.822266,6.103516,-3.540039,-1.647949
707,-0.000977,-0.628906,0.824219,7.202148,-4.821777,-1.586914
708,0.005371,-0.603027,0.820312,3.845215,-3.479004,0.183105
709,0.003906,-0.601074,0.827148,2.014160,-2.746582,1.281738
710,0.003906,-0.608398,0.824707,0.488281,-2.197266,1.708984
711,0.004395,-0.617188,0.822754,-1.342773,-0.854492,1.892090
712,0.004883,-0.624023,0.818848,-1.647949,-0.854492,2.014160
713,0.005859,-0.633301,0.809570,-0.122070,-0.244141,1.464844
714,0.008789,-0.634766,0.810059,1.281738,1.525879,0.427246
715,0.011230,-0.610352,0.801758,4.028320,6.164551,0.122070
716,0.006836,-0.605469,0.795898,5.126953,8.300781,0.427246
717,0.001465,-0.604492,0.806152,5.310059,9.216309,0.305176
718,-0.002930,-0.597168,0.815918,3.479004,7.995605,0.244141
719,-0.012695,-0.608398,0.800781,-2.136230,1.220703,0.244141
720,-0.010254,-0.620605,0.786133,-2.563477,-1.525879,-0.427246
721,-0.005371,-0.604980,0.785156,-2.685547,0.366211,-1.647949
722,-0.009766,-0.594238,0.796387,-5.798340,3.173828,-0.610352
723,-0.012207,-0.589355,0.795898,-7.751465,4.882812,1.525879
724,-0.014648,-0.592773,0.785156,-2.685547,5.981445,8.544922
725,-0.009766,-0.571777,0.801270,-0.305176,4.455566,12.268066
726,-0.008301,-0.560059,0.795898,-1.342773,2.258301,14.831543
727,0.020508,-0.516602,0.797852,-17.883301,7.019043,24.047852
728,0.025391,-0.464844,0.771484,-30.578613,18.615723,36.743164
729,0.041504,-0.468262,0.756836,-41.320801,31.311035,57.312012
730,0.044922,-0.483398,0.727539,-47.973633,40.649414,80.749512
731,0.109375,-0.426270,0.586914,-26.489258,42.480469,137.451172
732,0.003906,-0.506348,0.606934,-6.591797,45.593262,169.128418
733,-0.162109,-0.419434,0.565430,3.845215,66.772461,203.918457
734,-0.206055,-0.392578,0.663086,3.845215,98.815918,242.309570
735,-0.282227,-0.312012,0.708984,22.460938,125.366211,314.758301
736,-0.413086,-0.275879,0.755859,54.443359,120.117188,343.994141
737,-0.559570,-0.225586,0.833008,81.726074,106.933594,361.999512
738,-0.611816,-0.339844,1.064941,89.599609,67.199707,362.731934
739,-0.611328,-0.406250,1.089844,76.293945,49.255371,347.961426
740,-0.638184,-0.487793,1.055664,56.640625,36.010742,322.875977
741,-0.599609,-0.443359,0.841797,14.892578,40.893555,261.901855
742,-0.585449,-0.424805,0.734375,6.042480,49.743652,241.455078
743,-0.590332,-0.379395,0.666504,5.065918,57.128906,227.722168
744,-0.625488,-0.341309,0.735352,3.662109,46.813965,201.965332
745,-0.617188,-0.275879,0.716309,0.000000,33.996582,188.842773
746,-0.684082,-0.294922,0.662598,-9.948730,27.832031,175.354004
747,-0.809082,-0.395996,0.709961,-28.747559,20.080566,125.305176
748,-0.933105,-0.398926,0.662109,-17.578125,14.953613,98.144531
749,-0.878418,-0.365723,0.624512,-0.305176,10.314941,71.289062
750,-0.803711,-0.277832,0.622070,15.258789,6.958008,49.743652
751,-0.771484,-0.247070,0.744141,40.405273,-8.728027,25.329590
752,-0.817871,-0.258301,0.744141,48.522949,-38.818359,4.821777
753,-0.831055,-0.268066,0.744141,48.828125,-53.710938,-9.277344
754,-0.826172,-0.268555,0.738770,46.447754,-67.199707,-25.390625
755,-0.815918,-0.270020,0.809082,43.151855,-80.017090,-41.992188
756,-0.911621,-0.346191,1.099121,26.672363,-134.033203,-77.392578
757,-0.988281,-0.437500,1.187012,3.479004,-173.461914,-106.506348
758,-0.990234,-0.434570,1.206055,-30.517578,-209.960938,-143.920898
759,-0.820801,-0.320312,1.087891,-100.891113,-260.314941,-218.872070
760,-0.691895,-0.260254,0.971680,-130.004883,-270.324707,-251.770020
761,-0.591309,-0.172852,0.928711,-153.991699,-270.080566,-277.954102
762,-0.409180,-0.146973,0.924316,-197.814941,-260.742188,-306.396484
763,-0.240234,-0.205078,0.884277,-231.628418,-245.361328,-317.077637
764,-0.011719,-0.050293,0.600586,-300.354004,-163.635254,-304.748535
765,0.071777,-0.074219,0.556641,-297.607422,-108.703613,-286.621094
766,0.099121,-0.199707,0.583984,-298.461914,-50.537109,-269.165039
767,0.067871,-0.500488,0.699707,-279.724121,35.217285,-245.971680
768,0.126953,-0.586914,0.609375,-255.859375,61.279297,-234.375000
769,0.070312,-0.638672,0.697754,-218.933105,69.763184,-219.604492
770,0.027832,-0.689941,0.690918,-184.814453,58.471680,-211.608887
771,-0.061523,-0.734863,0.751953,-143.493652,30.395508,-212.097168
772,0.020996,-0.660645,0.782227,-155.639648,27.099609,-207.275391
773,0.232422,-0.572754,0.774414,-183.471680,34.057617,-179.809570
774,0.415527,-0.638184,0.704590,-245.849609,59.448242,-81.420898
775,0.240234,-0.730957,0.584961,-278.747559,66.589355,-42.602539
776,0.139648,-0.753418,0.431152,-311.401367,74.707031,-28.869629
777,0.156738,-0.658203,0.305176,-330.810547,81.176758,-33.813477
778,0.267090,-0.631836,0.357910,-341.125488,81.420898,-16.662598
779,0.242676,-0.675293,0.330078,-390.380859,61.706543,34.118652
780,0.253418,-0.628418,0.218750,-412.841797,53.833008,61.950684
781,0.253418,-0.682129,0.008789,-420.837402,45.837402,96.862793
782,0.224609,-0.745117,-0.050781,-386.291504,32.470703,127.136230
783,0.071777,-0.925781,-0.209473,-299.072266,-6.103516,167.785645
784,0.015137,-1.160645,-0.412109,-240.966797,-16.235352,157.470703
785,0.064941,-1.200684,-0.493652,-181.945801,-15.258789,138.854980
786,0.038574,-0.980957,-0.413574,-81.726074,-32.043457,151.550293
787,-0.046387,-0.921387,-0.385254,-53.955078,-37.231445,164.611816
788,-0.097656,-0.889160,-0.349121,-38.085938,-37.597656,174.377441
789,-0.159668,-0.925781,-0.248535,17.089844,-52.795410,190.979004
790,-0.211914,-0.923828,-0.344727,77.331543,-63.720703,202.514648
791,-0.260742,-0.857422,-0.440430,245.727539,-69.885254,228.942871
792,-0.345703,-0.724609,-0.195312,306.335449,-78.796387,239.440918
793,-0.375000,-0.701660,-0.058594,350.097656,-88.378906,251.953125
794,-0.388672,-0.638184,0.050293,388.610840,-97.534180,271.972656
795,-0.526855,-0.758301,0.422363,407.958984,-109.436035,328.186035
796,-0.655762,-0.818359,0.492188,403.442383,-111.755371,335.815430
797,-0.756348,-0.767578,0.493652,401.550293,-109.741211,331.665039
798,-0.849121,-0.684570,0.475586,392.211914,-81.970215,296.875000
799,-0.841797,-0.623047,0.422852,397.155762,-56.823730,274.353027
800,-0.796875,-0.551270,0.437012,415.771484,-36.560059,253.662109
801,-0.635254,-0.357422,0.659668,450.256348,-48.645020,247.436523
802,-0.774902,-0.337891,0.875488,446.594238,-71.838379,234.924316
803,-0.923340,-0.300293,1.004395,412.292480,-102.050781,206.787109
804,-0.903809,-0.221191,1.004395,288.635254,-146.972656,172.973633
805,-0.842285,-0.225098,0.963867,226.928711,-151.245117,168.823242
806,-0.767578,-0.221191,0.916504,183.227539,-158.142090,167.785645
807,-0.641602,-0.082031,0.763184,145.385742,-161.254883,159.362793
808,-0.660156,-0.004883,0.829590,133.239746,-157.714844,151.916504
809,-0.694824,0.019043,0.858887,125.732422,-158.569336,139.282227
810,-0.714844,0.017090,0.940430,127.197266,-180.786133,99.670410
811,-0.657227,0.021484,1.021484,126.525879,-202.331543,86.975098
812,-0.603027,-0.004395,1.088379,128.479004,-231.994629,85.815430
813,-0.604492,-0.045898,1.338867,91.857910,-292.053223,70.373535
814,-0.530273,-0.009277,1.178223,36.071777,-303.466797,53.833008
815,-0.460938,-0.027832,1.027832,-5.554199,-302.917480,34.118652
816,-0.310059,0.026367,0.785645,-81.909180,-256.225586,-12.512207
817,-0.307129,0.026367,0.677246,-105.224609,-221.008301,-34.545898
818,-0.333984,-0.042969,0.560059,-116.271973,-189.147949,-60.058594
819,-0.311523,-0.047363,0.502441,-112.976074,-160.949707,-86.242676
820,-0.143066,0.123047,0.680664,-114.624023,-115.112305,-107.116699
821,-0.046387,0.184570,0.857422,-128.845215,-99.060059,-98.205566
822,0.006348,0.179688,1.110840,-193.298340,-88.989258,-75.134277
823,-0.008789,0.130859,1.135742,-229.125977,-82.458496,-75.683594
824,-0.017578,0.093262,1.171387,-258.850098,-69.213867,-81.604004
825,0.003906,0.071289,1.189453,-268.371582,-59.814453,-79.650879
826,0.093262,-0.162598,1.025391,-221.984863,-34.973145,-66.772461
827,0.077148,-0.202148,0.975098,-203.613281,-18.127441,-63.232422
828,-0.002930,-0.208984,1.066406,-194.702148,-7.812500,-64.758301
829,-0.125977,-0.193359,1.154785,-240.234375,-34.790039,-96.862793
830,-0.048340,-0.176758,1.093262,-284.301758,-50.354004,-118.286133
831,0.060059,-0.178711,0.958496,-327.575684,-52.429199,-135.131836
832,0.149414,-0.266113,0.721680,-365.295410,-32.470703,-142.089844
833,0.085449,-0.376465,0.694824,-361.999512,-22.460938,-139.282227
834,-0.012695,-0.506836,0.674316,-360.961914,-11.352539,-145.385742
835,-0.020508,-0.569824,0.624023,-364.257812,5.310059,-160.278320
836,0.358887,-0.622559,0.377930,-375.122070,71.228027,-196.594238
837,0.358887,-0.623535,-0.087891,-288.696289,108.642578,-182.128906
838,0.381836,-0.930176,0.817871,-103.454590,141.784668,-69.824219
839,0.091797,-1.101074,0.746094,-93.383789,140.930176,-51.452637
840,-0.007324,-1.034668,0.873047,-88.562012,127.075195,-55.236816
841,0.028320,-0.801758,0.667480,-79.284668,86.853027,-59.936523
842,0.075684,-0.721680,0.620117,-72.021484,78.491211,-51.452637
843,0.142578,-0.733887,0.587891,-74.768066,82.885742,-36.071777
844,0.138184,-0.814453,0.562988,-107.788086,99.243164,-10.925293
845,0.145020,-0.812988,0.502441,-125.427246,111.816406,1.037598
846,0.154785,-0.793945,0.447754,-136.169434,123.352051,16.845703
847,0.129883,-0.746094,0.411133,-144.958496,132.141113,66.833496
848,0.055664,-0.729492,0.430664,-145.507812,127.197266,93.139648
849,0.115234,-0.548340,0.431152,-146.423340,112.487793,119.750977
850,0.087402,-0.463379,0.549316,-181.640625,83.007812,189.270020
851,-0.068848,-0.484375,0.370605,-193.481445,80.627441,221.130371
852,-0.163574,-0.624023,0.319336,-185.913086,63.903809,239.807129
853,-0.230469,-0.621582,0.032227,-117.492676,27.893066,255.859375
854,-0.182617,-0.656738,0.242676,-93.872070,17.333984,278.076172
855,-0.273438,-0.730957,0.232422,-77.331543,16.662598,304.504395
856,-0.512207,-0.767578,0.194824,-37.292480,48.583984,362.792969
857,-0.646484,-0.770996,0.270996,-28.381348,49.865723,380.004883
858,-0.748535,-0.729004,0.334473,-30.883789,45.776367,391.235352
859,-0.809570,-0.714844,0.363770,-43.701172,40.161133,396.606445
860,-0.868164,-0.693848,0.273926,-36.193848,32.897949,392.883301
861,-0.927734,-0.682129,0.230469,-16.967773,23.437500,386.535645
862,-1.007812,-0.680664,0.199707,15.808105,10.131836,374.450684
863,-1.041992,-0.612305,0.295898,62.377930,-21.545410,350.463867
864,-1.043457,-0.564941,0.274902,60.180664,-22.949219,340.515137
865,-1.023438,-0.597656,0.299805,44.799805,-13.488770,326.965332
866,-0.975586,-0.544922,0.202637,28.564453,24.719238,302.734375
867,-1.020996,-0.534180,0.219238,29.602051,36.987305,291.625977
868,-1.036621,-0.468262,0.243652,34.973145,41.870117,277.526855
869,-1.047852,-0.336914,0.231934,41.687012,33.569336,244.262695
870,-1.058594,-0.284668,0.229980,51.513672,21.972656,225.341797
871,-1.052246,-0.264160,0.300781,62.805176,2.441406,203.674316
872,-1.100098,-0.217773,0.383789,102.661133,-65.734863,151.000977
873,-1.105957,-0.152832,0.489746,122.619629,-99.670410,125.976562
874,-1.117676,-0.014160,0.558105,127.258301,-130.859375,110.229492
875,-1.120117,0.063477,0.549316,115.966797,-153.564453,103.820801
876,-1.252441,-0.027344,0.686523,21.789551,-182.006836,85.876465
877,-1.200684,0.033691,0.598145,-24.597168,-203.552246,81.542969
878,-1.209961,-0.048340,0.618164,-53.405762,-228.027344,70.861816
879,-1.189453,-0.151855,0.833984,-91.003418,-308.044434,15.319824
880,-1.159180,-0.169434,0.669922,-93.627930,-352.722168,-23.620605
881,-1.134277,-0.178223,0.587891,-74.951172,-383.361816,-65.979004
882,-1.094727,-0.143555,0.649414,-51.940918,-404.663086,-133.666992
883,-1.049316,-0.102539,0.700684,-50.598145,-397.399902,-152.160645
884,-0.982422,-0.066406,0.822266,-55.419922,-391.784668,-156.494141
885,-0.816406,-0.083984,0.926758,-79.040527,-386.413574,-139.160156
886,-0.760254,-0.172852,0.892090,-92.834473,-382.263184,-141.052246
887,-0.673828,-0.245605,0.784180,-94.238281,-378.845215,-152.038574
888,-0.412598,-0.269043,0.544434,-48.461914,-370.544434,-175.109863
889,-0.238281,-0.216797,0.466309,-28.015137,-352.233887,-181.091309
890,-0.065430,-0.242676,0.567383,-11.596680,-320.373535,-179.809570
891,0.167480,-0.174805,0.376465,5.798340,-241.149902,-162.475586
892,0.241211,-0.151367,0.520996,10.742188,-192.138672,-150.329590
893,0.243164,-0.138672,0.528809,19.836426,-156.127930,-136.291504
894,0.264160,-0.063965,0.795410,16.845703,-112.182617,-113.281250
895,0.227539,-0.080078,0.849121,1.220703,-112.915039,-101.379395
896,0.192871,-0.153809,0.919922,-25.268555,-115.112305,-98.754883
897,0.203125,-0.217773,0.896973,-49.987793,-116.455078,-103.393555
898,0.333008,-0.257812,0.861816,-93.322754,-85.327148,-123.229980
899,0.415527,-0.272461,0.860352,-110.534668,-52.185059,-134.521484
900,0.466309,-0.249512,0.866211,-116.943359,-15.686035,-147.460938
901,0.475586,-0.150879,0.881348,-82.580566,38.452148,-154.602051
902,0.400879,-0.113281,0.921387,-49.011230,47.912598,-140.808105
903,0.316895,-0.133789,1.048828,-19.409180,48.522949,-130.432129
904,0.269531,-0.152832,1.115723,3.662109,37.841797,-125.488281
905,0.196289,-0.315430,1.291992,7.263184,10.559082,-125.854492
906,0.244141,-0.312012,1.273438,-33.569336,1.159668,-129.211426
907,0.299316,-0.240234,1.187988,-71.105957,-4.943848,-126.220703
908,0.295410,-0.112793,0.888672,-95.764160,-10.009766,-110.229492
909,0.250977,-0.123535,0.849121,-84.777832,-11.047363,-104.675293
910,0.208984,-0.196289,0.915527,-80.261230,-12.268066,-103.637695
911,0.241699,-0.312012,1.032715,-110.290527,-12.634277,-105.834961
912,0.257812,-0.297363,0.965820,-130.676270,-10.009766,-102.478027
913,0.272949,-0.309570,0.895996,-162.536621,8.605957,-96.618652
914,0.251465,-0.350586,0.809082,-122.314453,3.234863,-104.858398
915,0.183105,-0.484375,0.579102,-65.368652,4.638672,-115.966797
916,0.269043,-0.518066,0.617188,-13.000488,10.986328,-125.610352
917,0.388184,-0.480957,0.709961,26.184082,22.460938,-124.938965
918,0.354980,-0.403320,1.018555,33.813477,31.677246,-113.830566
919,0.328125,-0.342285,1.050781,18.371582,27.099609,-117.065430
920,0.323730,-0.271973,1.054688,4.577637,21.667480,-121.398926
921,0.322266,-0.211426,1.076172,-7.202148,12.084961,-124.267578
922,0.331055,-0.124023,0.946289,-15.808105,-16.174316,-124.755859
923,0.344238,-0.098633,0.875000,-0.488281,-30.822754,-123.168945
924,0.369141,-0.070312,0.906250,23.315430,-46.691895,-119.323730
925,0.481934,-0.027344,0.847656,59.448242,-70.434570,-90.759277
926,0.556641,-0.013672,0.918945,44.311523,-54.260254,-70.739746
927,0.547852,-0.040039,0.881836,12.023926,-36.865234,-55.419922
928,0.493652,-0.054688,0.826660,-8.972168,-24.108887,-49.194336
929,0.506836,0.019043,0.805664,-32.775879,-13.793945,-36.621094
930,0.488281,-0.032715,0.848145,-38.879395,-9.887695,-25.390625
931,0.489258,-0.094727,0.890625,-53.710938,-3.234863,-16.601562
932,0.611816,-0.088867,1.016602,-87.768555,19.958496,-3.845215
933,0.584473,-0.026855,1.084961,-123.779297,24.047852,14.587402
934,0.557129,0.003418,1.062988,-164.978027,24.902344,38.146973
935,0.529785,-0.020508,0.994629,-196.777344,21.606445,62.683105
936,0.416504,-0.454102,0.913086,-210.754395,5.981445,84.411621
937,0.351562,-0.681152,0.871582,-213.073730,-7.080078,76.110840
938,0.331055,-0.732910,0.854004,-214.172363,-17.700195,56.823730
939,0.436035,-0.499023,0.849609,-220.336914,-30.883789,28.076172
940,0.517578,-0.395020,0.821777,-228.637695,-30.822754,29.479980
941,0.554688,-0.382812,0.696777,-234.436035,-23.559570,39.550781
942,0.552246,-0.456055,0.542480,-233.764648,-2.197266,55.419922
943,0.554199,-0.529785,0.484375,-226.196289,27.282715,74.096680
944,0.465820,-0.618652,0.531738,-203.308105,73.303223,118.041992
945,0.391113,-0.667480,0.533691,-191.833496,87.829590,133.483887
946,0.371094,-0.718750,0.526855,-175.598145,96.008301,144.775391
947,0.320312,-0.816895,0.474609,-136.596680,106.750488,146.789551
948,0.288086,-0.805664,0.440430,-119.262695,115.295410,145.446777
949,0.206055,-0.905762,0.455566,-90.148926,122.619629,146.728516
950,0.091309,-0.822754,0.417480,-53.588867,119.873047,145.996094
951,0.042969,-0.666016,0.435547,14.465332,108.886719,150.573730
952,0.050781,-0.557129,0.491699,31.738281,100.585938,161.254883
953,0.055664,-0.516602,0.598633,33.508301,89.965820,178.588867
954,0.027832,-0.512695,0.521973,9.155273,91.308594,233.459473
955,-0.046387,-0.600586,0.489746,-9.582520,113.037109,266.235352
956,-0.158691,-0.668945,0.489258,-10.803223,127.136230,286.193848
957,-0.293457,-0.686035,0.531250,7.019043,136.108398,295.104980
958,-0.363770,-0.703613,0.558594,9.033203,128.601074,287.841797
959,-0.436523,-0.729492,0.562012,4.150391,114.074707,274.597168
960,-0.504395,-0.784668,0.600098,4.333496,89.233398,254.638672
961,-0.473633,-0.573242,0.641602,19.653320,22.094727,241.577148
962,-0.611816,-0.591309,0.691895,20.080566,-10.009766,254.882812
963,-0.781738,-0.652832,0.710938,18.005371,-40.649414,259.338379
964,-0.910156,-0.828125,0.693359,26.733398,-95.825195,234.191895
965,-0.920898,-0.865234,0.583496,47.607422,-119.995117,204.162598
966,-0.979980,-0.931641,0.358887,84.228516,-130.981445,164.367676
967,-0.812012,-0.806641,0.382324,195.373535,-146.667480,82.763672
968,-0.654297,-0.661133,0.585449,229.064941,-163.085938,68.115234
969,-0.600098,-0.610352,0.749023,243.774414,-178.771973,64.392090
970,-0.492188,-0.609863,0.866211,193.969727,-189.636230,32.958984
971,-0.515625,-0.544434,0.710938,171.752930,-187.194824,12.451172
972,-0.503418,-0.433594,0.612793,149.902344,-168.762207,-4.882812
973,-0.508789,-0.384277,0.744141,121.398926,-148.864746,-19.531250
974,-0.473145,-0.333496,0.839844,88.989258,-140.380859,-35.705566
975,-0.495605,-0.377441,0.831055,84.655762,-136.535645,-34.423828
976,-0.475098,-0.386719,0.803223,81.298828,-128.051758,-27.832031
977,-0.342285,-0.315430,0.956055,79.895020,-127.197266,-2.685547
978,-0.325684,-0.274902,0.797363,81.115723,-131.530762,12.084961
979,-0.147949,-0.217773,0.884766,66.711426,-95.458984,35.217285
980,-0.160156,-0.226074,0.826660,40.771484,-60.974121,42.480469
981,-0.206543,-0.251465,0.816406,16.845703,-19.104004,41.992188
982,-0.247559,-0.229004,0.912109,-8.544922,19.409180,37.414551
983,-0.320312,-0.140625,0.913574,-38.452148,69.824219,37.109375
984,-0.355957,-0.101074,0.956543,-37.292480,83.435059,39.611816
985,-0.398926,-0.100098,1.017578,-46.752930,94.970703,37.231445
986,-0.410645,-0.116699,0.852051,-55.297852,120.239258,20.324707
987,-0.410156,-0.097656,0.826172,-46.325684,131.713867,13.183594
988,-0.418945,-0.068848,0.830566,-35.217285,136.840820,10.314941
989,-0.434570,-0.038086,0.826660,-26.977539,137.878418,11.230469
990,-0.413574,-0.021973,0.744629,-11.840820,131.591797,15.502930
991,-0.374023,-0.011719,0.721680,6.286621,121.520996,29.968262
992,-0.358887,0.032227,0.710938,21.545410,108.703613,43.090820
993,-0.165527,0.023926,0.717285,17.883301,93.994141,74.890137
994,-0.166992,-0.032715,0.647949,-1.281738,91.247559,89.538574
995,-0.181152,-0.001465,0.646484,-15.197754,84.533691,96.740723
996,-0.420898,0.044434,0.859863,-92.834473,78.430176,105.834961
997,-0.506836,-0.017090,0.954590,-151.855469,68.115234,93.078613
998,-0.639160,0.059570,0.978027,-197.143555,49.865723,90.393066
999,-0.771484,-0.072266,0.846191,-219.238281,31.005859,94.848633
1000,-0.828613,-0.309570,0.447754,-191.955566,28.259277,55.358887
1001,-0.769043,-0.329102,0.378418,-135.986328,26.062012,33.020020
1002,-0.592285,-0.338867,0.408203,-2.380371,1.220703,-1.159668
1003,-0.522949,-0.328125,0.496582,50.476074,-11.108398,-6.896973
1004,-0.482910,-0.286621,0.558594,87.280273,-21.179199,-1.220703
1005,-0.441895,-0.220703,0.601074,103.759766,-21.911621,16.906738
1006,-0.428223,-0.079590,0.691895,118.286133,-16.479492,80.078125
1007,-0.509277,-0.175781,0.829590,130.737305,-22.399902,111.877441
1008,-0.719727,-0.028320,0.815918,148.559570,-37.902832,131.958008
1009,-1.073242,-0.231445,1.089355,194.763184,-82.336426,113.952637
1010,-1.215820,-0.057617,1.201172,168.457031,-105.895996,75.988770
1011,-1.107422,0.180664,1.063477,111.206055,-111.999512,46.569824
1012,-0.887695,0.153809,0.716309,84.716797,-100.769043,52.368164
1013,-0.743164,0.139648,1.013184,50.903320,-82.946777,89.050293
1014,-0.754883,0.032715,0.992676,28.625488,-82.092285,96.435547
1015,-0.747559,-0.001953,0.890625,25.146484,-74.645996,90.637207
1016,-0.748535,-0.009766,0.864258,29.663086,-53.833008,83.007812
1017,-0.684570,0.110352,0.995117,23.620605,-8.239746,82.763672
1018,-0.705566,0.115723,1.027344,16.357422,1.953125,88.317871
1019,-0.723633,0.101074,1.073730,17.333984,-25.512695,85.083008
1020,-0.717285,0.086914,1.041504,21.789551,-51.147461,75.378418
1021,-0.672363,0.102539,1.031738,19.592285,-74.401855,63.293457
1022,-0.634766,0.086914,0.937012,12.390137,-91.369629,48.889160
1023,-0.530273,0.157715,0.829590,-5.249023,-92.651367,3.784180
1024,-0.635742,0.086914,0.840332,-20.874023,-85.754395,-13.793945
1025,-0.620605,0.159180,0.775879,-78.308105,-53.222656,-44.311523
1026,-0.551758,0.197266,0.732910,-99.914551,-22.033691,-35.827637
1027,-0.562500,0.098145,0.815918,-110.351562,12.634277,-26.367188
1028,-0.507812,0.252930,0.948730,-107.666016,32.653809,-11.962891
1029,-0.601074,0.091309,1.145996,-96.618652,22.705078,6.652832
1030,-0.674805,0.021973,0.918457,-83.557129,27.832031,-2.990723
1031,-0.662109,0.046875,1.016113,-59.570312,27.282715,-8.483887
1032,-0.612793,0.012207,0.915527,-71.411133,42.480469,-12.817383
1033,-0.610352,-0.063965,0.855469,-79.711914,66.406250,-24.719238
1034,-0.632324,-0.124512,0.896973,-101.867676,95.703125,-38.330078
1035,-0.661133,-0.143555,0.897949,-130.432129,132.019043,-58.105469
1036,-0.669434,-0.126953,0.921875,-126.525879,126.647949,-61.218262
1037,-0.620117,-0.088867,0.965820,-114.501953,107.421875,-59.326172
1038,-0.574219,0.025391,1.096191,-70.068359,42.419434,-27.465820
1039,-0.634766,0.015625,0.980469,-30.700684,7.629395,-0.366211
1040,-0.687988,0.008301,1.014648,8.544922,-34.301758,24.169922
1041,-0.645020,-0.045410,0.803223,71.899414,-82.153320,62.805176
1042,-0.564453,-0.046875,0.795898,90.454102,-95.275879,74.279785
1043,-0.580566,-0.050781,0.785156,93.872070,-105.712891,78.552246
1044,-0.599121,0.001465,0.712402,87.463379,-106.384277,78.369141
1045,-0.376465,0.253418,0.341309,77.148438,-94.848633,90.026855
1046,-0.348633,0.260742,0.392578,112.060547,-68.664551,131.408691
1047,-0.470215,0.200195,0.752930,102.844238,-53.039551,157.531738
1048,-0.405273,0.290527,0.584961,68.237305,-36.926270,186.401367
1049,-0.420410,0.246094,0.513184,87.646484,-16.601562,199.890137
1050,-0.502930,0.161133,0.627441,110.595703,31.677246,200.073242
1051,-0.522461,0.199219,0.791992,97.290039,53.161621,190.307617
1052,-0.548340,0.189941,0.985352,63.232422,63.903809,172.424316
1053,-0.554688,0.120605,1.076172,14.709473,59.814453,141.479492
1054,-0.432617,0.117676,0.924805,-38.208008,33.813477,72.021484
1055,-0.310059,0.239746,0.875488,-36.193848,18.798828,58.715820
1056,-0.253906,0.349609,0.886719,-28.808594,1.403809,69.152832
1057,-0.336426,0.408203,1.002930,-22.155762,-38.391113,128.784180
1058,-0.429688,0.246094,1.161621,-31.982422,-67.443848,142.395020
1059,-0.456055,0.119141,1.218750,-42.907715,-106.384277,131.958008
1060,-0.383789,0.052246,1.039551,-28.625488,-188.232422,83.923340
1061,-0.306152,0.088867,1.195312,-19.775391,-208.618164,60.302734
1062,-0.202148,0.099121,1.070801,-21.606445,-218.811035,43.945312
1063,-0.015137,0.128906,0.854492,-24.475098,-194.824219,31.188965
1064,0.020020,0.098633,0.800293,-13.916016,-172.363281,28.076172
1065,-0.007812,0.116699,0.849609,9.521484,-132.202148,18.310547
1066,-0.023926,0.145996,0.907715,12.878418,-120.849609,17.272949
1067,-0.032715,0.167480,0.905273,9.094238,-109.924316,16.540527
1068,0.017090,0.103516,0.768555,-1.586914,-75.805664,14.465332
1069,0.054199,0.053711,0.780762,3.356934,-57.922363,8.728027
1070,0.083496,0.038086,0.887695,7.690430,-49.560547,0.976562
1071,0.071777,0.088867,1.132324,-1.037598,-83.251953,-15.136719
1072,0.064453,0.112305,1.170898,-12.451172,-113.891602,-21.789551
1073,0.076660,0.113281,0.976074,-32.409668,-143.798828,-30.700684
1074,0.136719,0.135742,0.773438,-18.371582,-131.774902,-28.320312
1075,0.184570,0.151855,0.694336,12.634277,-104.980469,-20.141602
1076,0.180664,0.189453,0.810547,42.480469,-77.880859,-9.582520
1077,0.104492,0.125977,1.124023,58.471680,-66.284180,0.732422
1078,0.127930,0.107910,1.110840,49.560547,-73.364258,-3.295898
1079,0.173340,0.130371,1.015625,36.132812,-74.462891,-7.324219
1080,0.209961,0.172363,0.914551,19.836426,-63.232422,-8.789062
1081,0.194824,0.247559,0.857910,-21.423340,-10.864258,-5.859375
1082,0.149902,0.240234,0.895508,-37.231445,17.211914,-2.258301
1083,0.109375,0.235840,0.876465,-47.180176,43.579102,0.000000
1084,0.120117,0.263672,0.728027,-61.706543,115.783691,7.446289
1085,0.108887,0.256348,0.684570,-71.166992,154.602051,15.258789
1086,0.107910,0.233398,0.690918,-92.956543,191.040039,21.423340
1087,0.041016,0.034180,0.698730,-144.287109,243.286133,16.418457
1088,0.027832,-0.017578,0.633789,-148.071289,265.991211,9.643555
1089,-0.077637,-0.074219,0.686523,-144.958496,291.198730,3.112793
1090,-0.232910,-0.135742,0.750000,-133.850098,313.171387,-20.019531
1091,-0.309570,-0.145996,0.916504,-116.760254,311.950684,-32.409668
1092,-0.398438,-0.169434,1.203613,-126.525879,300.781250,-52.062988
1093,-0.419922,-0.040527,1.244141,-161.865234,239.868164,-74.829102
1094,-0.124023,0.234863,1.214844,-155.883789,206.115723,-42.785645
1095,-0.296875,0.113770,1.101562,-149.719238,182.006836,7.202148
1096,-0.625977,-0.252441,1.041016,-104.736328,130.310059,40.466309
1097,-0.608398,-0.277344,0.958984,-69.885254,101.623535,33.020020
1098,-0.555176,-0.248535,0.933105,-30.639648,75.683594,27.709961
1099,-0.584473,-0.300781,0.949219,-6.591797,39.550781,14.709473
1100,-0.567383,-0.285645,0.812500,-19.653320,37.597656,1.708984
1101,-0.518555,-0.252441,0.655273,-35.400391,59.509277,-9.704590
1102,-0.497070,-0.246094,0.635254,-57.495117,104.309082,-17.822266
1103,-0.510254,-0.212402,0.745605,-82.214355,149.597168,-23.132324
1104,-0.681641,-0.104004,1.021973,-111.999512,173.522949,-11.718750
1105,-0.757812,-0.099609,0.924316,-88.623047,144.836426,6.103516
1106,-0.830566,-0.316895,0.952637,36.621094,29.602051,23.132324
1107,-0.760254,-0.269043,0.969238,89.599609,-43.762207,23.803711
1108,-0.697754,-0.176758,0.993164,127.380371,-112.121582,35.034180
1109,-0.703125,-0.151367,1.074707,153.808594,-179.687500,52.185059
1110,-0.805176,-0.211914,1.094238,216.796875,-328.125000,75.439453
1111,-0.772949,-0.188477,0.988770,264.404297,-384.582520,83.129883
1112,-0.675781,-0.051758,1.048828,338.623047,-447.204590,115.417480
1113,-0.724121,-0.092285,0.961914,347.351074,-449.096680,124.450684
1114,-0.652832,-0.204590,1.157227,296.203613,-422.180176,113.403320
1115,-0.325684,0.323242,0.879395,168.334961,-331.298828,107.910156
1116,-0.362305,-0.113770,0.907715,95.886230,-273.254395,92.041016
1117,-0.247070,-0.032227,0.537598,4.394531,-206.909180,41.564941
1118,0.101562,0.170898,0.656250,28.137207,-102.600098,3.784180
1119,0.126953,0.194336,0.855957,-2.380371,-70.129395,-2.380371
1120,0.150879,0.411133,0.883789,26.123047,-70.373535,11.474609
1121,-0.041016,0.038086,1.259766,59.997559,-104.675293,-3.967285
1122,0.016602,0.114258,1.234375,45.715332,-124.084473,-25.573730
1123,0.030762,0.114258,1.140625,24.414062,-135.437012,-40.954590
1124,0.128906,0.350098,0.854492,4.089355,-129.150391,-47.180176
1125,0.175781,0.400391,0.363281,-18.920898,-26.062012,-38.757324
1126,0.142090,0.473145,0.519043,-31.982422,42.114258,-33.203125
1127,0.113281,0.418945,0.744629,-56.396484,87.829590,-28.747559
1128,0.195801,0.352539,0.902344,-109.985352,122.314453,-25.451660
1129,0.168457,0.391602,1.177734,-120.910645,119.934082,-16.113281
1130,0.098145,0.190430,1.127441,-143.249512,124.145508,-14.038086
1131,0.084961,0.140137,0.996094,-127.014160,160.705566,-24.780273
1132,0.085938,0.177246,0.977539,-107.788086,176.879883,-25.695801
1133,0.048828,0.219727,0.991211,-91.491699,195.373535,-26.123047
1134,-0.038086,0.148926,0.958984,-83.312988,214.660645,-31.250000
1135,-0.165039,0.133789,0.892090,-66.467285,243.652344,-46.691895
1136,-0.239258,0.146484,0.674316,-54.687500,267.395020,-41.870117
1137,-0.266602,0.111816,0.361328,-39.916992,318.359375,-34.057617
1138,-0.522949,0.067871,0.590332,-43.884277,445.983887,-30.212402
1139,-0.694824,-0.000488,0.966797,-92.651367,474.853516,-48.522949
1140,-0.727051,0.008789,0.997559,-135.009766,470.520020,-70.312500
1141,-0.581055,0.180664,1.044922,-161.010742,450.134277,-68.237305
1142,-0.784668,0.145508,0.816406,-153.259277,373.718262,-23.986816
1143,-0.861328,0.060547,0.755859,-122.009277,333.801270,-3.356934
1144,-0.901367,0.001465,0.721191,-90.637207,285.766602,10.314941
1145,-0.873535,0.152832,0.826172,-51.940918,180.053711,26.367188
1146,-0.837891,0.157715,0.805176,-46.142578,125.305176,37.170410
1147,-0.803223,0.096680,0.759277,-31.738281,75.256348,46.081543
1148,-0.777832,0.061035,0.782715,-11.901855,28.686523,51.940918
1149,-0.756836,0.085449,0.937012,24.841309,-81.909180,57.739258
1150,-0.766113,0.065918,1.045410,45.043945,-154.663086,56.274414
1151,-0.785156,0.105469,0.902832,111.450195,-299.438477,46.569824
1152,-0.795410,0.173828,0.796875,139.770508,-352.905273,45.898438
1153,-0.809570,0.198730,0.821777,154.113770,-386.596680,47.851562
1154,-0.775879,0.234863,0.759766,156.311035,-400.695801,53.100586
1155,-0.619141,0.293457,0.775879,118.286133,-382.080078,73.181152
1156,-0.595215,0.275879,0.638672,98.144531,-351.135254,81.420898
1157,-0.572266,0.206543,0.606934,94.970703,-309.020996,85.327148
1158,-0.548340,0.172852,0.687500,93.627930,-268.676758,83.801270
1159,-0.411133,0.209961,0.808105,86.669922,-205.993652,71.533203
1160,-0.348633,0.227051,0.833008,79.528809,-183.776855,65.612793
1161,-0.299805,0.246094,0.888672,61.523438,-149.108887,55.114746
1162,-0.305664,0.255859,0.916504,51.391602,-137.084961,45.410156
1163,-0.273926,0.311523,0.967773,40.954590,-130.554199,35.766602
1164,-0.229004,0.422363,0.967773,30.456543,-127.014160,30.517578
1165,-0.174805,0.510254,0.851562,18.493652,-102.722168,39.001465
1166,-0.160156,0.445312,0.892578,30.273438,-91.857910,39.672852
1167,-0.074219,0.432617,1.117188,68.176270,-108.276367,40.954590
1168,-0.059570,0.371094,1.137207,71.655273,-131.835938,33.813477
1169,-0.025879,0.382812,1.036621,68.847656,-152.099609,20.324707
1170,0.036133,0.463379,0.989258,62.744141,-162.719727,9.338379
1171,0.018066,0.398926,0.802246,50.048828,-161.987305,-0.427246
1172,0.056152,0.435547,0.620605,45.471191,-106.567383,-21.301270
1173,0.066406,0.474609,0.642578,44.799805,-77.636719,-27.648926
1174,0.073242,0.591309,0.615234,32.653809,-48.217773,-30.212402
1175,0.058594,0.587891,0.595215,-35.705566,32.592773,-24.414062
1176,0.034180,0.511230,0.640137,-66.284180,71.105957,-25.573730
1177,0.023926,0.484863,0.619629,-82.458496,106.262207,-26.733398
1178,-0.058594,0.415527,0.587402,-86.730957,195.983887,-26.672363
1179,-0.139648,0.377441,0.706055,-84.167480,247.436523,-31.066895
1180,-0.261230,0.307129,0.719727,-97.839355,286.376953,-39.550781
1181,-0.498535,0.151855,0.769043,-115.966797,398.132324,-74.035645
1182,-0.617188,0.189453,1.152344,-156.433105,421.936035,-97.106934
1183,-0.669922,0.148438,1.100098,-225.341797,368.103027,-133.361816
1184,-0.674805,0.107910,0.931641,-224.304199,340.515137,-139.709473
1185,-0.672852,0.096680,0.869629,-209.289551,326.721191,-134.277344
1186,-0.676758,0.125000,0.830566,-196.594238,325.622559,-113.525391
1187,-0.835449,0.037109,0.706543,-138.977051,337.402344,-82.214355
1188,-0.897461,0.042480,0.718262,-114.746094,335.876465,-70.922852
1189,-0.916992,0.066895,0.807617,-105.651855,319.824219,-61.096191
1190,-0.897949,0.107910,0.939941,-114.196777,221.069336,-36.987305
1191,-0.832031,0.069824,0.857422,-95.153809,151.184082,-25.390625
1192,-0.685059,0.176270,0.941895,-57.922363,69.580078,9.704590
1193,-0.829590,0.017578,1.127930,-28.991699,-28.137207,41.870117
1194,-1.079590,-0.094727,0.953613,58.959961,-234.130859,63.415527
1195,-1.124512,-0.104004,0.831543,110.595703,-321.899414,65.429688
1196,-1.120605,-0.083496,0.689941,150.878906,-380.920410,63.659668
1197,-1.030273,-0.017578,0.536621,181.152344,-409.545898,59.936523
1198,-0.778809,0.171387,0.643555,202.331543,-378.356934,60.119629
1199,-0.595215,0.304199,0.825684,165.283203,-338.684082,71.289062
1200,-0.438965,0.362793,0.859863,117.553711,-295.654297,91.613770
1201,-0.377441,0.184082,0.908203,75.927734,-235.961914,110.107422
1202,-0.364746,0.107910,0.949219,70.922852,-220.581055,94.665527
1203,-0.268555,0.155273,0.911133,63.842773,-200.988770,73.730469
1204,-0.102539,0.315430,0.882324,57.189941,-136.535645,53.955078
1205,-0.103516,0.341309,0.958496,53.771973,-111.450195,49.743652
1206,-0.106445,0.364746,0.998535,50.964355,-101.806641,45.043945
1207,-0.073242,0.394043,1.067871,55.664062,-110.778809,45.227051
1208,-0.037109,0.434082,1.138184,62.927246,-130.920410,51.269531
1209,-0.018066,0.380859,1.191895,79.040527,-163.208008,59.753418
1210,0.047363,0.250000,1.039551,117.248535,-232.543945,58.654785
1211,0.094238,0.213867,0.982422,116.943359,-249.206543,44.738770
1212,0.191406,0.301758,0.790039,105.895996,-249.755859,35.705566
1213,0.260254,0.219727,0.508301,64.575195,-194.274902,23.437500
1214,0.284668,0.136719,0.368164,31.066895,-144.470215,2.014160
1215,0.350098,0.165039,0.242676,11.901855,-86.364746,-19.592285
1216,0.410645,0.291504,0.302734,-13.977051,35.095215,-41.015625
1217,0.375977,0.342773,0.409668,-31.921387,88.317871,-39.062500
1218,0.246094,0.299316,0.565430,-48.767090,129.211426,-40.771484
1219,0.159668,0.255859,0.795410,-75.012207,174.438477,-60.180664
1220,0.132812,0.240234,0.977539,-84.228516,178.649902,-68.664551
1221,-0.007812,0.259766,1.246582,-125.427246,159.301758,-92.041016
1222,-0.053711,0.184570,1.054688,-141.601562,151.550293,-104.309082
1223,-0.073730,0.154297,0.954102,-154.907227,161.682129,-118.286133
1224,-0.128418,0.155273,0.927246,-172.546387,181.884766,-133.422852
1225,-0.303223,0.131348,0.875977,-182.006836,241.271973,-161.743164
1226,-0.416992,0.152344,0.903809,-167.968750,266.052246,-164.306641
1227,-0.533203,0.145996,0.976562,-142.883301,278.686523,-155.944824
1228,-0.616211,0.105469,1.155273,-89.599609,246.032715,-127.136230
1229,-0.610352,0.063477,1.152344,-68.847656,205.810547,-112.854004
1230,-0.565918,0.040527,0.945312,-43.395996,128.540039,-93.017578
1231,-0.557129,-0.005859,0.813477,-40.100098,113.891602,-88.256836
1232,-0.533691,-0.015625,0.691406,-37.963867,116.333008,-86.364746
1233,-0.498535,-0.000977,0.649902,-33.203125,128.479004,-81.420898
1234,-0.506836,-0.024902,0.725586,-14.221191,142.883301,-60.913086
1235,-0.553711,-0.042480,0.794434,-10.864258,135.742188,-52.001953
1236,-0.604492,-0.046387,0.873535,-10.681152,115.539551,-44.067383
1237,-0.684082,-0.112305,0.860352,-2.258301,46.691895,-29.296875
1238,-0.687500,-0.142090,0.811523,11.413574,15.441895,-23.803711
1239,-0.694336,-0.114746,0.780762,30.517578,-14.587402,-9.704590
1240,-0.720215,-0.116211,0.764160,37.475586,-20.263672,-2.258301
1241,-0.748535,-0.111816,0.777344,48.034668,-27.770996,5.004883
1242,-0.760742,-0.095703,0.818359,58.837891,-39.428711,11.596680
1243,-0.759277,0.005859,0.898926,73.120117,-67.382812,33.630371
1244,-0.774414,0.008301,0.948730,81.115723,-85.327148,48.217773
1245,-0.789062,0.062012,1.103027,108.276367,-142.944336,81.604004
1246,-0.817383,0.022461,1.107910,132.446289,-185.424805,99.548340
1247,-0.822266,-0.019531,1.068848,162.780762,-228.820801,111.572266
1248,-0.684082,0.049805,0.971680,214.294434,-287.048340,121.826172
1249,-0.601074,0.088379,0.913086,222.229004,-298.461914,124.450684
1250,-0.483398,0.157715,0.838379,217.712402,-290.893555,126.892090
1251,-0.397949,0.181641,0.853516,199.829102,-271.667480,128.723145
1252,-0.290039,0.180176,0.760254,158.935547,-226.135254,113.586426
1253,-0.224609,0.211426,0.757812,142.333984,-204.223633,100.585938
1254,-0.159180,0.250977,0.746582,106.811523,-160.156250,74.340820
1255,-0.062500,0.381348,0.728027,92.895508,-138.977051,62.866211
1256,-0.021973,0.458496,0.730957,80.993652,-119.567871,53.222656
1257,0.035645,0.550293,0.829102,65.795898,-105.102539,48.522949
1258,0.083496,0.579590,0.901855,46.691895,-99.121094,48.339844
1259,0.200195,0.575195,0.899902,10.620117,-93.933105,48.828125
1260,0.274902,0.558594,0.859863,-18.127441,-83.984375,45.043945
1261,0.354492,0.558105,0.743652,-60.913086,-57.922363,32.958984
1262,0.452148,0.459473,0.527344,-125.488281,43.273926,-8.300781
1263,0.434082,0.401367,0.593750,-130.859375,97.351074,-32.531738
1264,0.387207,0.371582,0.718262,-121.398926,138.610840,-54.382324
1265,0.269531,0.400879,1.088379,-91.308594,162.719727,-87.524414
1266,0.203613,0.401855,1.241211,-76.721191,145.629883,-98.937988
1267,0.155273,0.369629,1.225098,-61.157227,115.173340,-109.191895
1268,0.111328,0.392090,0.905273,-51.879883,85.388184,-129.577637
1269,0.058594,0.395996,0.737305,-62.438965,105.957031,-138.366699
1270,0.004883,0.391113,0.633789,-75.927734,142.211914,-146.240234
1271,-0.106934,0.348633,0.698730,-89.843750,212.829590,-150.390625
1272,-0.166992,0.293457,0.816406,-93.994141,227.416992,-149.902344
1273,-0.207031,0.237793,0.903320,-100.097656,228.027344,-152.099609
1274,-0.243652,0.201172,0.965820,-103.820801,220.092773,-155.151367
1275,-0.329102,0.172363,1.029297,-96.252441,189.086914,-153.198242
1276,-0.374512,0.199219,1.066406,-87.158203,169.128418,-145.996094
1277,-0.483398,0.179199,1.000488,-63.842773,134.521484,-117.248535
1278,-0.537109,0.133301,0.907227,-53.466797,125.549316,-106.506348
1279,-0.568359,0.111328,0.825684,-41.992188,125.122070,-99.548340
1280,-0.572754,0.099609,0.791016,-31.799316,132.263184,-94.726562
1281,-0.638672,0.026367,0.731445,-20.751953,149.963379,-92.956543
1282,-0.662109,-0.029297,0.711426,-16.296387,155.334473,-96.984863
1283,-0.677246,-0.028320,0.693848,-14.160156,159.423828,-102.783203
1284,-0.733398,0.144531,0.798340,-41.870117,152.526855,-93.078613
1285,-0.753906,0.110352,0.641113,-59.997559,150.207520,-75.195312
1286,-0.811523,0.021484,0.589355,-52.001953,145.263672,-57.617188
1287,-0.861328,-0.051758,0.681152,-37.231445,131.713867,-48.339844
1288,-0.842285,-0.059570,0.719238,-9.704590,75.622559,-40.405273
1289,-0.812012,-0.057617,0.733398,10.009766,43.945312,-36.010742
1290,-0.796387,-0.061523,0.749023,27.038574,12.207031,-30.456543
1291,-0.807617,-0.020508,0.755371,54.077148,-42.663574,-15.625000
1292,-0.824219,-0.002930,0.769531,62.072754,-66.345215,-3.295898
1293,-0.836914,0.020508,0.762207,71.716309,-108.520508,23.193359
1294,-0.827148,-0.028809,0.758789,78.857422,-127.380371,34.362793
1295,-0.827148,-0.083008,0.856934,87.707520,-147.338867,40.954590
1296,-0.818359,-0.087402,0.860840,94.421387,-171.569824,45.593262
1297,-0.810059,-0.064941,0.821777,122.009277,-211.242676,62.500000
1298,-0.805664,-0.053223,0.807129,135.620117,-225.952148,69.213867
1299,-0.730469,-0.019531,0.779297,145.019531,-240.966797,70.800781
1300,-0.659180,0.025391,0.771973,141.967773,-236.083984,67.932129
1301,-0.588867,0.108887,0.787598,132.324219,-226.135254,67.443848
1302,-0.536621,0.157227,0.762207,121.582031,-208.435059,69.213867
1303,-0.475586,0.188477,0.641602,90.148926,-162.353516,65.734863
1304,-0.431641,0.211914,0.651367,84.533691,-134.948730,63.171387
1305,-0.402832,0.231934,0.731445,71.838379,-114.074707,59.326172
1306,-0.367188,0.249023,0.732910,57.128906,-98.022461,53.771973
1307,-0.272949,0.343262,0.858398,39.978027,-77.636719,51.513672
1308,-0.264160,0.393555,0.964355,31.555176,-83.312988,55.664062
1309,-0.268066,0.418457,0.958008,24.291992,-105.529785,59.387207
1310,-0.235352,0.379883,0.912598,20.629883,-106.811523,54.443359
1311,-0.186523,0.352051,0.864258,15.502930,-96.618652,45.776367
1312,-0.114258,0.336426,0.794434,6.591797,-53.466797,23.315430
1313,-0.116211,0.324707,0.792969,2.685547,-28.930664,10.681152
1314,-0.104492,0.356445,0.810547,-4.333496,-6.408691,-1.220703
1315,-0.100586,0.398926,0.849121,-34.423828,29.052734,-15.502930
1316,-0.093262,0.381836,0.868652,-47.546387,41.137695,-21.484375
1317,-0.077637,0.381836,0.914062,-57.861328,49.865723,-26.672363
1318,-0.068848,0.397949,0.988770,-68.725586,55.114746,-30.578613
1319,-0.046387,0.282715,1.065430,-105.285645,63.293457,-41.503906
1320,-0.043945,0.192383,1.032227,-128.173828,81.665039,-57.800293
1321,-0.053223,0.105469,0.957520,-151.062012,116.394043,-81.237793
1322,-0.221191,-0.116211,0.848145,-174.011230,225.830078,-147.521973
1323,-0.333008,-0.150879,0.866211,-171.875000,281.616211,-180.236816
1324,-0.438965,-0.133301,0.931641,-166.137695,323.120117,-203.674316
1325,-0.587402,-0.103027,1.005859,-153.869629,351.074219,-213.928223
1326,-0.651855,-0.139648,1.038574,-146.728516,341.247559,-207.702637
1327,-0.639160,-0.122559,0.980469,-136.474609,325.073242,-193.908691
1328,-0.651367,-0.065918,1.062012,-94.055176,264.526367,-136.596680
1329,-0.655762,-0.087402,1.121582,-66.284180,207.702637,-99.548340
1330,-0.672852,-0.147949,1.153320,-35.034180,135.864258,-63.659668
1331,-0.632324,-0.251953,0.850098,44.128418,-3.295898,-9.216309
1332,-0.627930,-0.332520,0.808105,68.176270,-52.368164,0.427246
1333,-0.579102,-0.347168,0.731934,73.669434,-79.162598,1.098633
1334,-0.503906,-0.345215,0.665527,48.400879,-69.030762,-3.295898
1335,-0.379395,-0.328613,0.493652,28.198242,-40.527344,-4.821777
1336,-0.364258,-0.299805,0.471191,7.934570,-5.493164,-6.591797
1337,-0.411133,-0.312500,0.537109,-11.047363,25.329590,-7.446289
1338,-0.542969,-0.248535,0.722168,-23.498535,42.907715,-6.774902
1339,-0.591309,-0.176270,0.880859,-18.920898,24.780273,4.089355
1340,-0.726562,-0.189453,1.000488,3.723145,-64.636230,45.593262
1341,-0.783203,-0.259277,0.868652,33.081055,-109.619141,61.645508
1342,-0.802734,-0.257812,0.851074,66.101074,-141.296387,71.472168
1343,-0.773438,-0.079102,0.966797,106.262207,-178.039551,101.196289
1344,-0.792480,-0.070801,0.976074,123.535156,-198.120117,121.765137
1345,-0.802734,-0.106445,0.937012,142.822266,-220.458984,136.047363
1346,-0.720215,-0.087402,0.918457,175.537109,-252.990723,143.920898
1347,-0.652832,-0.046875,0.854980,181.091309,-259.216309,140.747070
1348,-0.559082,0.041992,0.881348,175.537109,-256.652832,137.023926
1349,-0.403320,0.082520,0.776855,143.432617,-231.201172,125.427246
1350,-0.336914,0.083008,0.715332,124.694824,-209.167480,113.281250
1351,-0.243652,0.111816,0.590332,108.703613,-177.795410,98.937988
1352,-0.119141,0.179199,0.612793,81.054688,-100.585938,74.157715
1353,-0.106934,0.231934,0.690430,68.847656,-72.998047,64.819336
1354,-0.108887,0.260254,0.783203,56.335449,-58.471680,59.143066
1355,-0.102539,0.274414,0.872070,40.222168,-53.771973,53.588867
1356,-0.103027,0.266602,0.926758,38.940430,-61.340332,51.269531
1357,-0.100586,0.269531,0.921387,39.672852,-72.570801,48.767090
1358,-0.093750,0.271973,0.859863,34.484863,-82.763672,39.306641
1359,-0.070801,0.267578,0.800293,29.785156,-74.462891,30.700684
1360,-0.053223,0.267578,0.849609,23.376465,-62.561035,20.202637
1361,-0.041016,0.295898,0.910156,16.357422,-53.833008,-3.540039
1362,-0.036621,0.343750,0.919922,11.352539,-50.415039,-13.488770
1363,-0.038574,0.359375,0.914551,3.967285,-43.701172,-21.911621
1364,-0.022949,0.359375,0.841797,-10.925293,-13.854980,-38.696289
1365,-0.019043,0.365723,0.817383,-23.925781,9.460449,-47.302246
1366,-0.044922,0.356445,0.818848,-50.354004,61.157227,-65.673828
1367,-0.042969,0.341309,0.843262,-62.866211,84.106445,-76.599121
1368,-0.044434,0.318359,0.851562,-72.937012,107.543945,-88.256836
1369,-0.099121,0.260254,0.959473,-79.956055,150.268555,-111.389160
1370,-0.155762,0.264648,1.073730,-79.467773,160.949707,-119.384766
1371,-0.265625,0.187500,1.159180,-72.998047,157.714844,-130.615234
1372,-0.300781,0.141113,1.082031,-70.922852,157.470703,-139.465332
1373,-0.329102,0.127441,1.007324,-63.781738,165.527344,-149.047852
1374,-0.363281,0.122070,0.980957,-52.917480,175.842285,-158.020020
1375,-0.454590,0.122559,1.020508,-24.291992,180.114746,-168.029785
1376,-0.502441,0.093750,1.014648,-9.460449,169.860840,-167.785645
1377,-0.585938,0.162598,0.901367,4.699707,149.963379,-161.193848
1378,-0.612305,0.199707,0.826172,6.042480,148.620605,-150.207520
1379,-0.641113,0.203613,0.823730,5.981445,148.559570,-138.732910
1380,-0.649902,0.211914,0.838867,6.958008,143.066406,-127.441406
1381,-0.641113,0.206543,0.867676,12.695312,129.821777,-113.891602
1382,-0.630859,0.150391,0.953613,29.541016,78.369141,-82.702637
1383,-0.625000,0.125000,0.927246,40.405273,44.311523,-70.678711
1384,-0.614746,0.100586,0.907227,52.001953,12.939453,-61.157227
1385,-0.554199,0.082031,0.843262,60.729980,-23.437500,-50.231934
1386,-0.536621,0.079590,0.818359,57.067871,-24.963379,-48.095703
1387,-0.529297,0.076660,0.821777,53.039551,-19.653320,-48.339844
1388,-0.518555,0.073242,0.843750,51.208496,-13.061523,-50.292969
1389,-0.493164,0.106445,0.866211,57.067871,-7.019043,-52.917480
1390,-0.495605,0.127441,0.877441,59.997559,-10.131836,-52.062988
1391,-0.485840,0.144043,0.853516,59.692383,-14.099121,-50.903320
1392,-0.437988,0.152344,0.792969,49.865723,-8.239746,-49.926758
1393,-0.419922,0.150879,0.782715,42.602539,0.122070,-49.499512
1394,-0.428711,0.142090,0.788086,38.391113,7.751465,-49.682617
1395,-0.446777,0.125977,0.797852,38.330078,12.634277,-51.391602
1396,-0.470215,0.153809,0.883301,41.381836,7.080078,-53.649902
1397,-0.479004,0.180176,0.910156,41.687012,-4.150391,-48.950195
1398,-0.492676,0.166992,0.904297,43.945312,-17.333984,-41.625977
1399,-0.507324,0.133301,0.902344,51.452637,-36.499023,-28.808594
1400,-0.504883,0.127930,0.897461,53.771973,-43.945312,-24.536133
1401,-0.505371,0.121094,0.877930,56.762695,-51.208496,-23.315430
1402,-0.518555,0.116211,0.865234,57.922363,-61.950684,-30.944824
1403,-0.520996,0.128418,0.845703,55.175781,-62.805176,-37.963867
1404,-0.521973,0.145508,0.820312,50.415039,-59.020996,-44.677734
1405,-0.515625,0.197266,0.826172,37.109375,-41.809082,-52.062988
1406,-0.524902,0.218750,0.864746,28.259277,-34.423828,-52.246094
1407,-0.538086,0.199707,0.887207,21.423340,-29.968262,-51.940918
1408,-0.533203,0.187500,0.972168,20.019531,-30.578613,-54.687500
1409,-0.536133,0.194824,1.001953,23.376465,-39.062500,-53.894043
1410,-0.538086,0.194824,0.976562,28.930664,-47.546387,-52.490234
1411,-0.524414,0.212891,0.940430,40.466309,-52.124023,-50.964355
1412,-0.514648,0.227539,0.919922,43.151855,-48.400879,-50.170898
1413,-0.498535,0.230469,0.895508,42.663574,-40.588379,-49.743652
1414,-0.479492,0.227051,0.897461,41.137695,-30.944824,-50.354004
1415,-0.462891,0.203613,0.953125,35.705566,-22.705078,-51.452637
1416,-0.448730,0.167480,0.937012,35.034180,-22.888184,-52.795410
1417,-0.417969,0.157715,0.915527,29.663086,-18.432617,-57.312012
1418,-0.410156,0.158203,0.889648,23.437500,-11.535645,-60.546875
1419,-0.402832,0.153320,0.867676,18.676758,-2.075195,-64.514160
1420,-0.402832,0.149414,0.885254,15.380859,7.446289,-68.847656
1421,-0.425293,0.141602,0.946777,13.549805,14.526367,-71.533203
1422,-0.447754,0.118164,0.961914,17.028809,12.023926,-69.213867
1423,-0.459961,0.109375,0.970703,20.690918,7.324219,-66.894531
1424,-0.486816,0.104980,0.965332,21.545410,-1.708984,-62.255859
1425,-0.497559,0.080566,0.950195,20.751953,-4.089355,-61.584473
1426,-0.501953,0.066406,0.937012,20.568848,-4.089355,-62.561035
1427,-0.503906,0.062012,0.957031,20.385742,-2.136230,-62.500000
1428,-0.503418,0.043945,0.970215,21.362305,-3.051758,-60.791016
1429,-0.498047,0.034668,0.977051,21.850586,-5.615234,-58.959961
1430,-0.497559,0.049316,0.979980,20.263672,-8.483887,-57.128906
1431,-0.494141,0.052734,0.932129,12.695312,-4.089355,-54.504395
1432,-0.487793,0.033203,0.916016,10.437012,1.586914,-54.626465
1433,-0.463379,0.012207,0.906250,15.075684,7.446289,-58.410645
1434,-0.459473,0.022461,0.889160,18.676758,6.958008,-60.241699
1435,-0.458008,0.021484,0.858398,21.789551,6.164551,-62.072754
1436,-0.447266,0.014648,0.826172,23.498535,6.896973,-63.842773
1437,-0.410156,0.000000,0.801758,19.226074,11.779785,-65.368652
1438,-0.395508,0.000977,0.807617,10.864258,14.099121,-66.467285
1439,-0.384277,-0.005371,0.797363,1.953125,16.113281,-67.932129
1440,-0.389648,-0.013184,0.791016,-7.629395,23.864746,-67.504883
1441,-0.405762,-0.006348,0.813965,-7.019043,25.390625,-63.659668
1442,-0.409668,-0.040527,0.878418,-1.708984,15.808105,-52.368164
1443,-0.398438,-0.044922,0.884766,3.601074,6.103516,-45.349121
1444,-0.395508,-0.052734,0.905762,9.338379,-4.882812,-37.963867
1445,-0.395996,-0.075684,0.921387,14.770508,-17.211914,-32.348633
1446,-0.400391,-0.155762,0.891602,23.925781,-36.071777,-31.311035
1447,-0.397949,-0.191895,0.879883,28.564453,-37.658691,-33.752441
1448,-0.399414,-0.196777,0.912598,31.799316,-40.161133,-36.987305
1449,-0.414062,-0.153809,0.881348,31.372070,-46.447754,-40.405273
1450,-0.414062,-0.143555,0.880371,26.794434,-44.250488,-39.245605
1451,-0.416504,-0.134277,0.895508,20.324707,-40.405273,-37.597656
1452,-0.431152,-0.133789,0.855469,10.375977,-25.878906,-32.592773
1453,-0.426758,-0.126465,0.863281,7.324219,-16.296387,-30.578613
1454,-0.430664,-0.137695,0.920898,3.723145,-11.413574,-30.090332
1455,-0.432617,-0.142578,0.941406,-1.525879,-14.221191,-33.325195
1456,-0.439941,-0.140137,0.937012,-2.563477,-15.258789,-33.996582
1457,-0.451660,-0.143555,0.921875,-1.770020,-14.160156,-34.423828
1458,-0.460938,-0.111816,0.933105,1.892090,-8.117676,-33.752441
1459,-0.476074,-0.103516,0.960449,1.342773,-6.347656,-32.226562
1460,-0.491211,-0.103516,0.964355,1.220703,-6.103516,-30.334473
1461,-0.497559,-0.084473,0.981445,3.417969,-8.178711,-27.404785
1462,-0.492188,-0.078125,0.978027,8.178711,-17.517090,-18.371582
1463,-0.475098,-0.111328,0.953613,13.244629,-18.188477,-16.174316
1464,-0.449219,-0.097656,0.952637,18.920898,-16.784668,-14.831543
1465,-0.437500,-0.093262,0.939941,26.611328,-14.770508,-13.000488
1466,-0.426758,-0.085938,0.926270,29.907227,-15.563965,-12.512207
1467,-0.411621,-0.071777,0.908203,31.799316,-16.235352,-10.925293
1468,-0.397461,-0.061523,0.900391,33.020020,-15.930176,-8.666992
1469,-0.384277,-0.051758,0.915039,33.325195,-20.751953,-5.371094
1470,-0.372559,-0.056641,0.925293,34.423828,-24.230957,-6.225586
1471,-0.360352,-0.048340,0.934082,37.231445,-27.465820,-7.568359
1472,-0.349121,-0.011719,0.999023,51.696777,-31.066895,-7.324219
1473,-0.354980,0.006836,1.014648,60.485840,-35.339355,-5.187988
1474,-0.334961,0.032715,1.035645,67.443848,-41.931152,-2.319336
1475,-0.295410,0.188477,1.097656,47.668457,-53.466797,2.136230
1476,-0.309082,0.020996,0.958008,22.644043,-52.917480,1.525879
1477,-0.319336,-0.055664,0.906250,12.329102,-46.264648,-0.244141
1478,-0.328613,-0.067383,0.871094,9.521484,-35.949707,-2.563477
1479,-0.345703,-0.083984,0.883789,33.264160,-18.127441,-16.479492
1480,-0.290527,-0.065430,0.950684,32.775879,-9.033203,-20.019531
1481,-0.250000,-0.061035,0.929688,28.076172,-0.976562,-20.812988
1482,-0.232422,0.000977,0.841797,33.447266,15.747070,-22.583008
1483,-0.281250,0.085449,0.910156,33.142090,22.155762,-20.446777
1484,-0.338867,0.144531,1.000488,27.893066,20.202637,-16.662598
1485,-0.340332,0.190430,1.047852,16.235352,-3.967285,-4.333496
1486,-0.326660,0.125000,1.030273,14.282227,-18.066406,-0.671387
1487,-0.303223,0.083008,1.005859,12.573242,-27.282715,-1.403809
1488,-0.292969,0.035156,0.901855,8.850098,-23.803711,-4.577637
1489,-0.309082,0.016602,0.872070,9.826660,-11.901855,-7.629395
1490,-0.313477,0.054199,0.904785,7.385254,-0.488281,-9.033203
1491,-0.333496,0.130371,1.057617,-1.220703,-1.159668,-6.164551
1492,-0.372559,0.051270,1.136719,7.141113,-19.897461,-10.009766
1493,-0.413086,-0.069336,1.074219,12.329102,-30.822754,-25.390625
1494,-0.593262,-0.260254,0.654297,35.766602,5.249023,-76.721191
1495,-0.378906,-0.013184,0.785156,55.847168,23.742676,-104.919434
1496,-0.276855,0.102539,0.995605,57.861328,22.644043,-105.346680
1497,-0.257812,0.079102,0.936523,34.973145,-4.760742,-79.162598
1498,-0.365234,0.008301,0.739746,49.560547,-4.516602,-77.087402
1499,-0.442871,0.013184,0.730469,71.289062,3.112793,-88.745117
1500,-0.374023,0.250488,1.083984,49.255371,-7.995605,-93.994141
1501,-0.354980,0.283691,1.098633,17.028809,-26.855469,-79.345703
1502,-0.354004,0.200684,1.134766,-2.502441,-45.288086,-67.016602
1503,-0.359863,0.087891,1.169922,-15.808105,-61.645508,-71.472168
1504,-0.362305,0.167969,1.061523,-61.645508,-80.688477,-111.206055
1505,-0.377441,0.161133,1.001465,-87.768555,-80.200195,-130.371094
1506,-0.397949,0.111328,0.882324,-97.534180,-70.434570,-149.536133
1507,-0.437012,0.028809,0.791992,-66.894531,-67.749023,-158.081055
1508,-0.501465,-0.088867,0.726074,-28.503418,-58.654785,-181.579590
1509,-0.521484,-0.122070,0.691895,-0.061035,-35.766602,-214.294434
1510,-0.403320,-0.070312,0.785645,12.268066,41.137695,-281.738281
1511,-0.334473,-0.023926,0.965820,1.708984,73.059082,-307.678223
1512,-0.323242,-0.026367,1.300293,-31.433105,90.026855,-341.247559
1513,-0.354004,-0.044922,1.333496,-49.743652,77.453613,-352.661133
1514,-0.383301,-0.039062,1.217285,-61.340332,59.448242,-361.206055
1515,-0.404785,-0.019531,0.850098,-38.513184,35.949707,-357.971191
1516,-0.353027,-0.039062,0.788574,-8.239746,28.564453,-347.412109
1517,-0.142578,-0.067383,0.940918,49.072266,-6.103516,-310.546875
1518,-0.080566,-0.022949,1.027832,58.959961,-31.372070,-281.677246
1519,-0.072266,0.025879,1.067383,49.926758,-51.452637,-246.093750
1520,-0.121582,0.031738,0.999512,4.943848,-59.082031,-162.475586
1521,-0.121094,-0.023438,0.927734,-12.512207,-48.400879,-121.032715
1522,-0.116211,-0.106934,0.828613,-17.822266,-30.700684,-85.388184
1523,-0.184570,-0.295898,0.737793,-4.333496,11.169434,-44.372559
1524,-0.244141,-0.343750,0.701660,6.835938,30.273438,-42.236328
1525,-0.266113,-0.350586,0.733398,14.831543,47.790527,-48.645020
1526,-0.251953,-0.325195,0.796387,17.150879,60.546875,-58.288574
1527,-0.212402,-0.320312,0.969727,12.817383,64.086914,-77.392578
1528,-0.219727,-0.329590,1.034180,9.521484,55.664062,-88.684082
1529,-0.265137,-0.348633,1.049805,2.502441,35.095215,-119.262695
1530,-0.271973,-0.341309,1.056152,0.915527,25.939941,-134.643555
1531,-0.261230,-0.282715,1.094727,-1.831055,14.221191,-144.836426
1532,-0.276855,-0.229004,0.955566,-8.911133,-8.361816,-144.958496
1533,-0.253906,-0.186523,0.927246,-5.126953,-11.047363,-136.718750
1534,-0.185059,-0.106445,0.977051,-1.892090,-13.244629,-120.056152
1535,-0.152344,-0.096680,0.976074,-18.859863,-19.287109,-72.326660
1536,-0.128418,-0.148926,0.939453,-25.695801,-15.502930,-55.114746
1537,-0.129395,-0.156738,0.958008,-33.569336,-9.399414,-41.076660
1538,-0.131836,-0.273438,0.976074,-55.725098,1.098633,-21.301270
1539,-0.134277,-0.355957,0.926270,-63.049316,9.094238,-17.639160
1540,-0.108398,-0.386719,0.895020,-66.406250,18.188477,-16.174316
1541,-0.086914,-0.411133,0.868652,-62.377930,24.597168,-15.808105
1542,-0.135254,-0.435059,0.880859,-40.588379,27.221680,-22.888184
1543,-0.167480,-0.437012,0.904785,-27.770996,21.179199,-30.334473
1544,-0.167969,-0.358887,0.885254,6.469727,4.333496,-35.400391
1545,-0.164062,-0.335938,0.891113,22.216797,-1.037598,-31.799316
1546,-0.145508,-0.325195,0.913086,29.357910,-3.540039,-25.512695
1547,-0.130371,-0.340332,0.956543,26.611328,-3.784180,-18.493652
1548,-0.124023,-0.355957,0.962402,1.098633,-3.356934,-8.361816
1549,-0.123047,-0.348633,0.971680,-12.329102,-4.089355,-6.103516
1550,-0.128418,-0.341309,0.953613,-24.414062,-6.591797,-5.554199
1551,-0.116211,-0.358887,0.927246,-34.423828,-15.869141,-7.812500
1552,-0.116699,-0.411133,0.915527,-28.381348,-24.536133,-11.535645
1553,-0.095703,-0.403809,0.930664,-14.099121,-32.531738,-14.038086
1554,0.131348,-0.541504,1.064453,-1.770020,-37.719727,-15.563965
1555,-0.093750,-0.490234,0.745605,41.870117,-18.676758,-45.227051
1556,-0.003418,-0.295898,0.947266,19.531250,16.906738,-34.240723
1557,0.014648,-0.266113,1.007324,-2.258301,36.499023,-12.207031
1558,-0.176758,-0.393555,0.905273,-20.019531,45.532227,20.751953
1559,-0.184570,-0.452637,0.930176,-9.155273,37.780762,19.836426
1560,-0.154785,-0.412598,0.940430,10.986328,17.944336,16.601562
1561,-0.155762,-0.347656,0.896484,35.461426,-19.287109,13.916016
1562,-0.187012,-0.347656,0.873047,28.808594,-23.742676,11.230469
1563,-0.227539,-0.344238,0.860352,4.272461,-10.681152,-0.122070
1564,-0.172852,-0.254395,1.042969,-52.062988,7.446289,-0.366211
1565,-0.160156,-0.320312,0.918945,-77.758789,-14.160156,12.207031
1566,-0.148926,-0.500977,0.853516,-86.975098,-12.817383,26.184082
1567,-0.129883,-0.524414,0.858398,-83.007812,-11.840820,22.644043
1568,-0.159180,-0.610352,0.862793,-75.317383,-10.375977,13.671875
1569,-0.159668,-0.606934,0.817383,-66.711426,-4.699707,-6.042480
1570,-0.082520,-0.515137,0.765625,-43.945312,19.714355,-19.165039
1571,-0.100098,-0.581543,0.756348,-10.559082,30.212402,-18.249512
1572,-0.136230,-0.605469,0.735352,47.668457,32.653809,-21.606445
1573,-0.182129,-0.576660,0.733398,108.337402,33.325195,-29.602051
1574,-0.105957,-0.357422,0.939453,164.916992,44.555664,-31.799316
1575,-0.048340,-0.225586,1.125000,143.188477,42.968750,-15.258789
1576,-0.144531,-0.195312,0.968262,70.190430,40.100098,18.066406
1577,-0.199707,-0.238281,0.873535,46.020508,47.363281,22.033691
1578,-0.239258,-0.288086,0.830566,29.602051,55.603027,18.798828
1579,-0.250488,-0.347168,0.785645,25.695801,55.847168,11.535645
1580,-0.210938,-0.331543,0.883789,26.977539,49.072266,11.230469
1581,-0.120117,-0.242676,1.047852,29.785156,26.428223,17.150879
1582,-0.132324,-0.226562,1.093750,38.696289,-1.525879,29.785156
1583,-0.192383,-0.200684,0.933105,64.331055,-28.198242,41.076660
1584,-0.233398,-0.271973,1.018555,65.673828,-16.967773,38.146973
1585,-0.238770,-0.290527,1.087402,53.222656,-14.648438,27.465820
1586,-0.266602,-0.274414,1.080078,23.498535,-24.230957,15.380859
1587,-0.242188,-0.293457,1.018555,17.272949,-29.602051,12.329102
1588,-0.199707,-0.281250,0.998047,15.197754,-33.386230,9.338379
1589,-0.188965,-0.276855,0.976562,17.272949,-37.170410,7.324219
1590,-0.211914,-0.283203,1.011230,18.188477,-41.076660,1.281738
1591,-0.171387,-0.258789,1.016113,-2.014160,-36.926270,-4.333496
1592,-0.134766,-0.258301,1.003418,-14.953613,-32.775879,-5.371094
1593,-0.112793,-0.274902,0.962891,-24.963379,-23.315430,-9.704590
1594,-0.101074,-0.261719,0.961914,-22.216797,-20.751953,-11.047363
1595,-0.099121,-0.257324,0.969238,-19.470215,-19.165039,-10.498047
1596,-0.123535,-0.284180,0.981934,-19.775391,-17.089844,-11.047363
1597,-0.133301,-0.285645,0.976562,-20.507812,-16.174316,-11.962891
1598,-0.142578,-0.278320,0.947266,-20.690918,-14.465332,-13.000488
1599,-0.142090,-0.264648,0.922363,-20.935059,-11.169434,-13.549805
1600,-0.123047,-0.267090,0.926270,-23.132324,-3.967285,-9.521484
1601,-0.112793,-0.281250,0.931641,-25.207520,-3.967285,-7.873535
1602,-0.112793,-0.281738,0.950195,-26.733398,-6.591797,-6.042480
1603,-0.116211,-0.287598,0.987305,-32.897949,-17.150879,-4.882812
1604,-0.144043,-0.361816,1.097656,-40.161133,-24.658203,-8.789062
1605,-0.214355,-0.465820,0.957031,-42.053223,-27.770996,-19.226074
1606,-0.164551,-0.442383,0.961914,-36.743164,-24.841309,-33.935547
1607,-0.128418,-0.417480,0.883301,-23.925781,-21.301270,-50.720215
1608,-0.079102,-0.354492,0.910645,-18.615723,-22.460938,-53.588867
1609,-0.076660,-0.333984,0.928711,-17.150879,-28.076172,-54.626465
1610,-0.088867,-0.337891,0.934570,-17.578125,-34.912109,-56.030273
1611,-0.090332,-0.358887,0.956055,-20.507812,-45.043945,-65.246582
1612,-0.024902,-0.310059,1.029785,-20.019531,-51.513672,-67.016602
1613,0.080078,-0.193359,1.049316,-24.169922,-70.373535,-52.978516
1614,0.078613,-0.186523,0.980469,-25.085449,-75.805664,-39.733887
1615,0.068848,-0.231445,0.890625,-20.874023,-74.523926,-26.123047
1616,0.039062,-0.314453,0.829102,-14.038086,-67.443848,-17.333984
1617,0.033691,-0.421387,0.858887,-3.417969,-49.499512,-14.099121
1618,0.057617,-0.423828,0.885254,-7.324219,-43.701172,-15.930176
1619,0.089844,-0.397461,0.908691,-17.517090,-38.208008,-16.723633
1620,0.104980,-0.375000,0.946289,-32.958984,-31.860352,-14.892578
1621,0.068848,-0.399414,1.004883,-71.655273,-21.606445,-12.145996
1622,0.069336,-0.428711,1.001465,-87.707520,-20.629883,-13.488770
1623,0.069824,-0.449707,0.974121,-98.449707,-21.057129,-16.296387
1624,0.078125,-0.474121,0.925293,-100.341797,-22.521973,-20.996094
1625,0.107910,-0.543457,0.840820,-71.166992,-27.526855,-35.461426
1626,0.055176,-0.703613,0.813965,-47.241211,-30.761719,-49.316406
1627,0.066406,-0.699707,0.793945,-20.507812,-31.677246,-70.007324
1628,0.170898,-0.550781,0.843262,7.080078,-23.925781,-91.125488
1629,0.218750,-0.420898,0.836914,-2.136230,-17.272949,-92.712402
1630,0.219727,-0.355469,0.821777,-23.742676,-6.713867,-84.838867
1631,0.132812,-0.477051,0.809570,-56.030273,6.469727,-77.331543
1632,0.125488,-0.537109,0.833984,-61.279297,6.164551,-80.810547
1633,0.131348,-0.532715,0.880371,-69.091797,3.784180,-89.965820
1634,0.185547,-0.435547,0.952148,-124.267578,6.591797,-100.769043
1635,0.216797,-0.377441,0.937012,-160.217285,6.835938,-102.905273
1636,0.229492,-0.350586,0.841309,-198.486328,-4.699707,-89.477539
1637,0.238770,-0.446777,0.818359,-191.894531,-15.075684,-77.209473
1638,0.267090,-0.552734,0.800293,-172.546387,-27.282715,-65.917969
1639,0.317871,-0.630371,0.797852,-151.245117,-37.109375,-55.786133
1640,0.403809,-0.642090,0.730469,-128.234863,-36.254883,-30.334473
1641,0.410156,-0.618652,0.696289,-128.417969,-27.465820,-15.380859
1642,0.392578,-0.600098,0.672852,-133.789062,-19.348145,-2.563477
1643,0.331543,-0.615723,0.612793,-137.756348,-10.437012,11.413574
1644,0.297852,-0.659668,0.631836,-140.258789,-4.882812,12.756348
1645,0.286133,-0.716797,0.652832,-149.291992,-2.563477,9.948730
1646,0.351074,-0.700195,0.702637,-181.640625,-7.995605,11.230469
1647,0.342773,-0.683594,0.630859,-200.073242,-13.671875,21.545410
1648,0.313965,-0.700195,0.556641,-208.557129,-18.859863,31.921387
1649,0.312012,-0.749023,0.532715,-211.059570,-33.447266,49.682617
1650,0.153809,-0.908203,0.612305,-222.229004,-49.926758,46.997070
1651,0.098145,-1.024902,0.519531,-240.661621,-64.941406,33.508301
1652,0.184570,-1.048828,-0.020020,-261.352539,-56.518555,-6.591797
1653,0.332031,-0.871582,-0.060059,-248.046875,-39.306641,-12.756348
1654,0.360352,-0.796387,-0.016113,-223.144531,-28.198242,-7.141113
1655,0.321777,-0.882812,0.046875,-186.523438,-21.789551,5.310059
1656,0.328125,-0.910645,0.024414,-174.804688,-18.249512,8.422852
1657,0.311035,-0.951172,-0.014160,-164.733887,-16.113281,10.375977
1658,0.251465,-0.990723,-0.052246,-153.015137,-13.671875,7.202148
1659,0.187988,-1.028320,-0.003418,-134.521484,-14.587402,-11.474609
1660,0.213867,-1.011230,0.063965,-126.831055,-22.094727,-21.972656
1661,0.233887,-1.000488,0.128906,-127.563477,-34.667969,-29.724121
1662,0.264648,-0.976074,-0.013184,-167.846680,-52.490234,-44.067383
1663,0.286621,-0.979980,-0.073242,-194.763184,-55.786133,-52.429199
1664,0.290527,-0.955078,-0.188965,-210.571289,-60.180664,-62.927246
1665,0.257812,-0.914062,-0.353027,-189.636230,-57.495117,-79.833984
1666,0.291992,-0.843750,-0.365234,-166.625977,-57.556152,-83.557129
1667,0.364746,-0.807617,-0.407227,-140.441895,-47.546387,-79.895020
1668,0.402344,-0.762695,-0.392090,-133.300781,-41.687012,-74.096680
1669,0.477539,-0.714844,-0.461914,-118.225098,-38.146973,-54.077148
1670,0.472656,-0.762695,-0.534180,-109.680176,-33.142090,-41.442871
1671,0.407227,-0.904297,-0.489258,-103.393555,-31.555176,-37.231445
1672,0.337891,-0.953613,-0.452637,-106.567383,-38.513184,-48.889160
1673,0.323242,-0.864258,-0.436523,-113.037109,-44.860840,-64.636230
1674,0.302246,-0.623535,-0.419434,-110.290527,-63.598633,-71.044922
1675,0.363770,-0.550293,-0.488281,-104.675293,-67.504883,-65.856934
1676,0.501953,-0.463379,-0.650391,-66.955566,-67.077637,-35.400391
1677,0.534668,-0.457520,-0.720703,-44.189453,-66.894531,-9.704590
1678,0.547852,-0.511719,-0.755859,-27.099609,-62.866211,12.878418
1679,0.534180,-0.567383,-0.773438,-9.765625,-57.922363,30.944824
1680,0.456543,-0.637695,-0.813965,34.179688,-46.203613,55.419922
1681,0.378906,-0.659180,-0.790527,65.246582,-39.978027,63.171387
1682,0.297363,-0.702637,-0.706543,98.754883,-39.916992,67.260742
1683,0.320312,-0.724609,-0.625488,140.014648,-49.621582,69.702148
1684,0.365234,-0.705078,-0.669922,151.367188,-44.494629,75.317383
1685,0.416992,-0.646973,-0.696777,161.315918,-26.367188,84.655762
1686,0.404785,-0.614746,-0.693359,169.860840,-5.187988,98.632812
1687,0.297363,-0.659668,-0.694336,217.102051,18.615723,122.558594
1688,0.278320,-0.654785,-0.725586,261.657715,25.390625,141.784668
1689,0.253418,-0.656250,-0.683594,316.223145,32.531738,165.588379
1690,0.187012,-0.619629,-0.458984,433.349609,42.846680,220.947266
1691,0.124023,-0.581055,-0.391113,496.887207,53.039551,240.905762
1692,-0.037109,-0.593262,-0.161133,583.984375,87.097168,255.187988
1693,-0.172363,-0.683594,0.115234,589.050293,113.220215,246.032715
1694,-0.410156,-0.838379,0.573730,558.654785,135.375977,224.731445
1695,-0.497070,-0.864258,0.948730,499.328613,133.666992,191.528320
1696,-0.407227,-0.721191,1.060059,423.645020,117.980957,166.748047
1697,-0.264648,-0.540039,1.061523,244.750977,76.293945,160.034180
1698,-0.187012,-0.519043,0.965332,183.654785,50.415039,160.339355
1699,-0.220703,-0.570312,0.891602,160.888672,23.010254,163.330078
1700,-0.410156,-0.833008,0.854980,153.015137,-14.465332,142.822266
1701,-0.448242,-0.899414,0.794922,147.399902,-30.273438,129.577637
1702,-0.498047,-0.948730,0.706543,143.066406,-42.236328,113.159180
1703,-0.528320,-0.950684,0.617188,140.014648,-48.889160,90.820312
1704,-0.445312,-0.801270,0.588379,141.601562,-49.926758,52.368164
1705,-0.408691,-0.789551,0.631348,146.362305,-48.645020,41.076660
1706,-0.390625,-0.731445,0.632324,152.587891,-44.860840,30.273438
1707,-0.357910,-0.660156,0.650879,155.578613,-35.095215,23.071289
1708,-0.329590,-0.571289,0.747559,170.288086,-28.930664,12.207031
1709,-0.323730,-0.529297,0.769531,184.265137,-30.639648,10.131836
1710,-0.312988,-0.516602,0.813477,190.673828,-29.357910,7.995605
1711,-0.295410,-0.498535,0.825195,187.316895,-23.742676,5.493164
1712,-0.297363,-0.398926,0.988281,158.691406,-13.305664,1.892090
1713,-0.314453,-0.348633,1.020996,139.770508,-14.221191,2.380371
1714,-0.313477,-0.338379,0.966797,112.854004,-20.568848,0.610352
1715,-0.312988,-0.365723,0.892578,108.703613,-26.123047,-2.258301
1716,-0.309570,-0.371094,0.856934,113.403320,-32.653809,-6.042480
1717,-0.314453,-0.352539,0.852539,153.076172,-48.522949,-10.192871
1718,-0.312012,-0.305176,0.946289,173.706055,-59.204102,-15.991211
1719,-0.303223,-0.260742,1.017578,186.889648,-74.279785,-23.437500
1720,-0.297852,-0.234375,1.021973,197.631836,-90.759277,-30.700684
1721,-0.263672,-0.168457,0.936035,234.008789,-108.764648,-42.968750
1722,-0.214355,-0.098633,0.965820,252.502441,-110.473633,-49.438477
1723,-0.129395,-0.022949,1.128418,241.943359,-121.398926,-56.762695
1724,-0.070801,0.044922,1.079102,211.242676,-124.328613,-54.748535
1725,-0.029297,0.108398,0.972656,180.419922,-119.262695,-48.339844
1726,0.009277,0.165527,0.910156,155.029297,-105.834961,-37.963867
1727,-0.006348,0.187988,0.997070,78.125000,-63.781738,-9.094238
1728,-0.084473,0.134277,1.030762,42.663574,-44.067383,-4.333496
1729,-0.102539,0.120605,1.049316,10.986328,-30.883789,-6.225586
1730,-0.081055,0.051270,0.942871,8.300781,-22.766113,-16.113281
1731,-0.036621,0.068848,0.917480,26.977539,-21.545410,-20.935059
1732,-0.000977,0.131348,0.936523,44.921875,-19.287109,-21.423340
1733,0.004883,0.276855,1.052734,37.414551,-30.212402,-16.296387
1734,-0.005859,0.298340,1.039062,18.676758,-38.269043,-12.329102
1735,-0.024414,0.276855,1.027344,3.356934,-42.785645,-8.911133
1736,-0.032227,0.214844,1.022949,1.464844,-49.072266,-8.972168
1737,-0.012695,0.188477,1.042480,11.474609,-55.297852,-12.451172
1738,0.013184,0.198242,1.028809,20.019531,-64.514160,-14.099121
1739,0.018555,0.196777,0.999023,24.169922,-78.552246,-10.620117
1740,0.019531,0.179199,1.061035,17.456055,-84.289551,-11.657715
1741,0.035645,0.176758,1.084961,10.925293,-92.529297,-14.648438
1742,0.105469,0.208496,0.986816,8.850098,-99.060059,-18.432617
1743,0.119141,0.236816,0.917480,9.155273,-92.773438,-15.808105
1744,0.138184,0.238770,0.919434,3.479004,-75.744629,-6.591797
1745,0.106934,0.179199,0.940918,-6.103516,-75.439453,-9.155273
1746,0.131836,0.124512,0.938477,-30.090332,-76.904297,-24.414062
1747,0.180664,0.146484,0.933594,-36.499023,-74.096680,-29.846191
1748,0.205078,0.169922,0.953613,-35.766602,-73.364258,-30.517578
1749,0.215820,0.195312,1.007812,-32.958984,-73.913574,-28.808594
1750,0.223145,0.206543,0.999023,-38.452148,-70.739746,-29.235840
1751,0.228516,0.204590,0.975098,-44.738770,-63.293457,-28.320312
1752,0.247070,0.220703,0.994141,-50.415039,-56.884766,-23.803711
1753,0.235352,0.186523,0.970215,-47.912598,-58.227539,-14.343262
1754,0.262695,0.165039,0.983887,-36.865234,-63.842773,-7.751465
1755,0.243164,0.097168,1.058594,-23.986816,-73.913574,-5.126953
1756,0.210938,0.061035,1.124512,-14.465332,-87.524414,-8.666992
1757,0.218750,-0.019043,1.104492,-8.422852,-114.013672,-32.043457
1758,0.279785,-0.014648,1.018555,-12.023926,-123.962402,-46.936035
1759,0.330566,0.037598,0.965820,-16.967773,-124.755859,-57.312012
1760,0.359863,0.122559,0.933105,-44.860840,-117.980957,-64.758301
1761,0.366211,0.125000,0.928223,-57.189941,-119.201660,-64.514160
1762,0.381836,0.104004,0.930664,-64.086914,-124.023438,-66.589355
1763,0.419434,0.072266,0.837402,-57.983398,-137.939453,-83.007812
1764,0.471680,0.101562,0.778809,-50.109863,-137.634277,-91.796875
1765,0.528320,0.153320,0.746582,-44.982910,-128.417969,-95.336914
1766,0.578125,0.274902,0.772949,-54.931641,-101.684570,-85.449219
1767,0.600586,0.292969,0.786621,-68.481445,-88.623047,-76.416016
1768,0.567383,0.234375,0.851562,-83.801270,-79.223633,-54.992676
1769,0.518555,0.191406,0.868652,-88.317871,-82.946777,-50.354004
1770,0.498047,0.201660,0.881836,-95.886230,-87.524414,-49.255371
1771,0.523926,0.247070,0.896973,-116.333008,-91.430664,-46.813965
1772,0.703125,0.354004,0.880859,-192.199707,-84.411621,-23.254395
1773,0.716797,0.312012,0.872070,-227.661133,-80.200195,-3.662109
1774,0.718750,0.212891,0.778320,-241.699219,-79.467773,10.620117
1775,0.708984,0.117188,0.673340,-219.543457,-79.772949,17.456055
1776,0.670898,-0.053223,0.619629,-145.446777,-70.739746,9.399414
1777,0.727051,-0.055664,0.581055,-117.492676,-60.913086,5.554199
1778,0.758301,-0.077637,0.537598,-85.021973,-48.950195,10.498047
1779,0.750000,-0.223145,0.625000,-36.315918,-31.494141,24.047852
1780,0.715820,-0.301270,0.724121,-31.127930,-31.311035,20.996094
1781,0.684570,-0.275391,0.778809,-34.912109,-33.996582,14.221191
1782,0.695801,-0.162109,0.740234,-61.523438,-34.179688,1.159668
1783,0.709473,-0.136230,0.647461,-73.303223,-25.207520,-4.150391
1784,0.667480,-0.156250,0.696289,-84.716797,-11.596680,-7.690430
1785,0.616699,-0.201172,0.747070,-142.211914,8.056641,-30.944824
1786,0.596191,-0.223633,0.813965,-180.419922,15.930176,-42.663574
1787,0.577637,-0.229980,0.875977,-229.675293,22.460938,-55.236816
1788,0.580566,-0.250977,0.834961,-292.175293,31.433105,-69.885254
1789,0.624023,-0.293457,0.620605,-340.881348,31.066895,-91.369629
1790,0.671387,-0.317871,0.561035,-333.618164,21.972656,-93.444824
1791,0.755859,-0.330078,0.537109,-316.162109,10.375977,-92.773438
1792,0.796875,-0.317871,0.485840,-265.380859,0.000000,-95.153809
1793,0.816895,-0.293945,0.487305,-243.408203,6.408691,-96.801758
1794,0.864258,-0.290039,0.521484,-224.731445,12.634277,-94.970703
1795,0.971191,-0.266113,0.512207,-187.072754,6.469727,-70.739746
1796,0.964355,-0.238281,0.467285,-161.132812,-7.202148,-50.659180
1797,0.923340,-0.204590,0.405762,-131.408691,-20.629883,-30.822754
1798,0.808105,-0.179688,0.354492,-91.552734,-21.545410,6.774902
1799,0.781250,-0.237305,0.408203,-89.721680,-15.441895,19.714355
1800,0.850098,-0.427734,0.506348,-109.436035,-14.709473,32.836914
1801,0.886719,-0.476074,0.502441,-117.492676,-17.639160,39.367676
1802,0.853027,-0.503418,0.565430,-119.689941,-23.376465,45.349121
1803,0.805664,-0.480957,0.545898,-149.108887,-28.076172,47.546387
1804,0.774414,-0.407715,0.381348,-153.137207,-49.377441,52.185059
1805,0.755371,-0.395020,0.354004,-143.432617,-63.781738,65.307617
1806,0.728516,-0.425293,0.364746,-144.042969,-75.256348,78.369141
1807,0.682129,-0.561035,0.400391,-175.964355,-97.167969,88.928223
1808,0.677734,-0.588379,0.315918,-191.101074,-108.337402,89.111328
1809,0.687500,-0.623047,0.203125,-189.636230,-119.689941,89.538574
1810,0.747070,-0.578125,0.028320,-157.836914,-145.751953,100.280762
1811,0.698242,-0.589844,-0.024414,-145.446777,-149.353027,111.083984
1812,0.628906,-0.686523,-0.043457,-149.597168,-142.028809,118.469238
1813,0.576660,-0.852539,-0.160645,-173.889160,-113.891602,96.618652
1814,0.609863,-0.875977,-0.234375,-158.508301,-100.830078,77.514648
1815,0.719238,-0.830566,-0.360840,-84.045410,-86.914062,60.791016
1816,0.654297,-0.833496,-0.346191,-57.067871,-76.843262,59.692383
1817,0.571289,-0.830078,-0.273438,-55.358887,-62.438965,55.603027
1818,0.546875,-0.783691,-0.213379,-96.191406,-34.790039,35.766602
1819,0.594727,-0.743164,-0.181641,-104.919434,-30.761719,31.677246
1820,0.623535,-0.696289,-0.141113,-98.937988,-35.583496,32.592773
1821,0.628418,-0.690430,-0.105957,-92.163086,-46.020508,37.109375
1822,0.556641,-0.696777,-0.168945,-89.599609,-64.208984,44.738770
1823,0.517090,-0.687500,-0.226074,-92.651367,-69.396973,46.142578
1824,0.507324,-0.687988,-0.285156,-92.773438,-74.035645,46.386719
1825,0.484375,-0.702148,-0.418457,-67.382812,-77.697754,44.799805
1826,0.551270,-0.677734,-0.383301,-50.842285,-83.129883,48.889160
1827,0.576660,-0.660156,-0.357422,-38.940430,-89.843750,57.556152
1828,0.544434,-0.660645,-0.623047,-32.348633,-90.698242,71.472168
1829,0.414062,-0.716797,-0.740723,-6.103516,-47.851562,74.523926
1830,0.382324,-0.676758,-0.698730,22.155762,-35.766602,74.645996
1831,0.352051,-0.679688,-0.628418,51.208496,-28.076172,76.354980
1832,0.325195,-0.739746,-0.532715,69.885254,-21.728516,76.049805
1833,0.367188,-0.924316,-0.205566,54.016113,-3.784180,63.232422
1834,0.383301,-0.932129,-0.099609,17.150879,-1.525879,52.001953
1835,0.374023,-0.893066,-0.122559,-23.132324,-4.638672,43.518066
1836,0.374512,-0.874023,-0.394531,-78.002930,-9.521484,39.855957
1837,0.347656,-0.876953,-0.515625,-81.848145,-6.652832,39.428711
1838,0.264648,-0.884277,-0.558594,-74.279785,-3.295898,38.513184
1839,0.315918,-0.901855,-0.495605,-78.186035,2.319336,30.944824
1840,0.350098,-0.871094,-0.431152,-82.336426,6.408691,25.390625
1841,0.357910,-0.851562,-0.386719,-81.237793,3.540039,22.216797
1842,0.354492,-0.810059,-0.540527,-56.457520,-10.437012,15.441895
1843,0.365723,-0.796875,-0.565430,-39.428711,-12.329102,15.563965
1844,0.375977,-0.775391,-0.556641,-33.447266,-13.854980,21.606445
1845,0.288086,-0.702637,-0.517578,-45.104980,-18.859863,35.217285
1846,0.292480,-0.666504,-0.522949,-55.908203,-16.906738,37.902832
1847,0.344727,-0.639648,-0.462402,-55.847168,-18.859863,50.415039
1848,0.330078,-0.627930,-0.473145,-47.363281,-26.672363,61.950684
1849,0.300781,-0.611328,-0.492676,-36.315918,-34.362793,76.538086
1850,0.281738,-0.849121,-0.582031,-5.371094,-39.123535,93.383789
1851,0.267090,-0.958496,-0.605469,2.685547,-37.902832,84.838867
1852,0.145996,-1.092285,-0.597656,10.742188,-40.222168,67.016602
1853,0.060059,-0.978516,-0.534668,3.784180,-42.480469,45.593262
1854,0.083496,-0.750000,-0.500488,-5.798340,-50.476074,11.169434
1855,0.176270,-0.690918,-0.551758,-14.099121,-50.781250,13.977051
1856,0.236328,-0.617676,-0.659180,-36.193848,-37.841797,38.391113
1857,0.256348,-0.607910,-0.655762,-38.269043,-32.104492,57.128906
1858,0.203613,-0.683105,-0.669434,-43.640137,-27.709961,75.378418
1859,0.123047,-0.746094,-0.694824,-48.034668,-23.071289,83.068848
1860,0.009766,-0.819336,-0.690918,-41.381836,-10.803223,74.645996
1861,0.022461,-0.837891,-0.647461,-32.287598,-9.460449,62.255859
1862,0.042480,-0.816895,-0.582031,-21.667480,-13.183594,52.490234
1863,0.063965,-0.810547,-0.561035,-10.986328,-30.944824,47.851562
1864,0.029785,-0.826660,-0.623535,-13.366699,-33.203125,45.166016
1865,0.000000,-0.841797,-0.678223,-17.944336,-30.334473,42.724609
1866,-0.004883,-0.848145,-0.719727,-4.638672,-28.015137,31.005859
1867,0.011230,-0.791504,-0.676758,10.009766,-31.066895,27.465820
1868,0.012207,-0.773438,-0.688477,22.216797,-38.635254,29.479980
1869,0.005371,-0.741699,-0.609863,42.297363,-33.752441,29.357910
1870,0.007324,-0.757812,-0.577148,44.860840,-33.325195,30.151367
1871,0.009766,-0.729492,-0.525391,44.311523,-36.743164,32.348633
1872,0.039062,-0.766113,-0.383789,-6.835938,-54.138184,56.457520
1873,-0.023438,-0.825195,-0.413574,-39.916992,-63.476562,60.424805
1874,-0.175293,-0.949707,-0.943359,-43.212891,-58.654785,52.734375
1875,-0.120605,-0.788086,-0.937012,46.081543,-5.249023,25.756836
1876,-0.053711,-0.719727,-0.730957,69.091797,0.488281,22.705078
1877,-0.060547,-0.761230,-0.636719,76.110840,5.310059,30.456543
1878,-0.075684,-0.803711,-0.683594,82.519531,13.549805,31.066895
1879,-0.087402,-0.805664,-0.692871,96.374512,22.644043,29.968262
1880,-0.094727,-0.793945,-0.639648,110.595703,29.235840,29.907227
1881,-0.126465,-0.779785,-0.430176,108.276367,25.146484,35.095215
1882,-0.146484,-0.791992,-0.403320,94.543457,19.287109,36.865234
1883,-0.170898,-0.818848,-0.413574,81.481934,15.502930,35.705566
1884,-0.169922,-0.868164,-0.493164,82.214355,18.493652,24.658203
1885,-0.074707,-0.916504,-0.565430,99.121094,29.174805,21.484375
1886,-0.115234,-0.934570,-0.546875,120.239258,36.437988,21.484375
1887,-0.111328,-0.899414,-0.448242,163.330078,39.001465,21.484375
1888,-0.103516,-0.865723,-0.383789,178.283691,37.414551,25.024414
1889,-0.104004,-0.839844,-0.342285,189.331055,36.621094,32.714844
1890,-0.128418,-0.896484,-0.177246,190.490723,24.963379,51.818848
1891,-0.165527,-0.926270,-0.135742,183.776855,16.479492,57.312012
1892,-0.201172,-0.921875,-0.104004,176.818848,9.765625,60.119629
1893,-0.230469,-0.961914,-0.088379,163.085938,-3.051758,60.424805
1894,-0.236816,-1.028320,-0.100098,168.395996,-20.019531,47.973633
1895,-0.213867,-0.998535,-0.095215,185.363770,-32.165527,40.283203
1896,-0.202637,-0.970703,-0.067871,205.871582,-43.518066,36.865234
1897,-0.192383,-0.941406,-0.026855,220.886230,-51.330566,37.353516
1898,-0.260254,-0.955566,0.020020,214.416504,-46.386719,42.846680
1899,-0.264648,-0.973145,0.062988,205.871582,-33.691406,44.189453
1900,-0.275879,-0.985840,0.116699,198.242188,-22.155762,43.945312
1901,-0.309082,-0.971191,0.249023,200.744629,-20.019531,36.132812
1902,-0.319824,-0.962402,0.298828,206.298828,-28.686523,26.000977
1903,-0.299316,-0.928711,0.338379,212.097168,-41.992188,13.977051
1904,-0.235840,-0.862305,0.387207,221.740723,-71.838379,-4.089355
1905,-0.224609,-0.846191,0.403320,217.834473,-78.430176,-9.033203
1906,-0.216309,-0.834961,0.393066,208.618164,-75.012207,-10.742188
1907,-0.210449,-0.822266,0.395020,199.462891,-63.415527,-10.864258
1908,-0.190918,-0.772949,0.473633,187.927246,-42.114258,-8.972168
1909,-0.186035,-0.736816,0.530762,187.011719,-39.123535,-6.591797
1910,-0.179688,-0.699219,0.592773,187.683105,-42.297363,-3.479004
1911,-0.181152,-0.680664,0.699219,191.528320,-48.950195,7.202148
1912,-0.192871,-0.667480,0.774414,183.959961,-48.583984,15.197754
1913,-0.211914,-0.665527,0.829590,166.442871,-48.339844,19.042969
1914,-0.214355,-0.643555,0.867676,118.408203,-53.161621,15.441895
1915,-0.195312,-0.649902,0.840332,95.520020,-54.870605,10.681152
1916,-0.156738,-0.676758,0.748535,73.669434,-55.969238,0.000000
1917,-0.145508,-0.679688,0.721191,76.110840,-57.983398,-4.028320
1918,-0.134277,-0.682129,0.725586,84.960938,-60.302734,-8.422852
1919,-0.128418,-0.656738,0.752930,94.848633,-61.828613,-12.451172
1920,-0.127441,-0.576660,0.836426,97.412109,-54.321289,-14.770508
1921,-0.132812,-0.573730,0.867188,82.214355,-45.837402,-14.831543
1922,-0.130371,-0.580566,0.886719,59.570312,-36.926270,-17.639160
1923,-0.081543,-0.530762,0.844238,20.996094,-25.024414,-22.644043
1924,-0.060059,-0.514160,0.813965,17.456055,-25.573730,-21.789551
1925,-0.064453,-0.505859,0.812012,24.536133,-31.433105,-19.775391
1926,-0.129883,-0.565430,0.857422,33.813477,-45.349121,-25.146484
1927,-0.125977,-0.595703,0.882812,30.944824,-48.522949,-33.142090
1928,-0.104004,-0.608398,0.886230,27.282715,-48.034668,-43.640137
1929,-0.062988,-0.589355,0.906250,22.460938,-42.541504,-50.354004
1930,0.006836,-0.504883,0.930176,4.272461,-26.733398,-48.339844
1931,0.011719,-0.474609,0.908203,-0.793457,-23.376465,-43.579102
1932,0.013184,-0.456055,0.891113,0.915527,-23.864746,-39.245605
1933,0.032715,-0.457031,0.882812,10.375977,-31.799316,-34.301758
1934,0.048828,-0.479004,0.881348,16.235352,-36.315918,-33.447266
1935,0.043945,-0.501465,0.898926,21.545410,-39.978027,-35.217285
1936,0.007324,-0.521973,0.966797,0.549316,-29.357910,-55.175781
1937,0.012695,-0.523926,0.950684,-24.780273,-19.592285,-68.542480
1938,0.044434,-0.502441,0.898438,-47.241211,-11.779785,-76.904297
1939,0.085938,-0.476074,0.838379,-62.011719,-6.225586,-78.186035
1940,0.149902,-0.371094,0.718750,-48.706055,-3.051758,-58.227539
1941,0.124023,-0.443359,0.780762,-36.987305,-6.164551,-46.203613
1942,0.083984,-0.549316,0.848145,-25.390625,-15.502930,-40.649414
1943,0.093262,-0.625488,0.816406,-7.629395,-26.428223,-45.959473
1944,0.123535,-0.607422,0.786621,0.854492,-19.592285,-46.569824
1945,0.140137,-0.582031,0.788574,7.629395,-10.070801,-43.884277
1946,0.115723,-0.596191,0.861816,16.296387,-2.441406,-40.344238
1947,0.089844,-0.603516,0.900879,18.920898,-9.338379,-44.006348
1948,0.076172,-0.541504,0.920898,16.296387,-20.935059,-65.551758
1949,0.099121,-0.502441,0.931152,7.629395,-22.949219,-78.979492
1950,0.139648,-0.456543,0.915527,-1.892090,-24.536133,-87.768555
1951,0.143555,-0.523438,0.785156,-11.596680,-20.935059,-94.421387
1952,0.125977,-0.593750,0.739258,-5.126953,-14.709473,-102.661133
1953,0.131836,-0.626953,0.745117,7.995605,-11.474609,-114.929199
1954,0.168457,-0.619141,0.791992,24.536133,-13.854980,-127.868652
1955,0.288574,-0.448242,0.916504,52.490234,-34.362793,-138.183594
1956,0.329102,-0.330566,0.922852,57.861328,-43.701172,-131.774902
1957,0.403320,-0.249512,0.898926,51.574707,-39.794922,-103.454590
1958,0.442871,-0.261719,0.920898,47.729492,-33.142090,-87.463379
1959,0.434082,-0.268555,0.948242,44.067383,-32.348633,-72.753906
1960,0.380371,-0.294434,0.948730,38.085938,-37.170410,-61.889648
1961,0.278809,-0.383301,0.851562,14.343262,-38.269043,-58.654785
1962,0.246582,-0.430664,0.796387,3.479004,-31.250000,-67.016602
1963,0.270020,-0.446777,0.759766,7.324219,-23.010254,-80.566406
1964,0.320312,-0.418457,0.755371,23.315430,-12.695312,-101.928711
1965,0.336426,-0.437500,0.757324,41.564941,-16.296387,-109.802246
1966,0.340820,-0.426270,0.785156,69.030762,-25.329590,-123.596191
1967,0.358887,-0.314941,0.825684,101.684570,-46.081543,-142.883301
1968,0.549805,-0.146973,0.921875,106.750488,-46.203613,-142.517090
1969,0.621582,-0.014160,0.962891,93.566895,-40.100098,-123.291016
1970,0.657227,0.077148,0.873047,79.101562,-25.390625,-72.570801
1971,0.625488,0.116211,0.943848,78.979492,-27.526855,-48.583984
1972,0.474609,-0.089355,0.897949,31.921387,-34.179688,-5.920410
1973,0.500488,-0.167969,0.849121,31.311035,-30.822754,-15.869141
1974,0.421875,-0.168457,0.830566,32.775879,-21.423340,-32.104492
1975,0.427734,-0.114746,0.783691,26.306152,-5.920410,-37.109375
1976,0.458984,-0.166504,0.699219,91.125488,9.948730,-62.255859
1977,0.478027,-0.004395,0.787109,125.488281,11.535645,-69.824219
1978,0.482910,0.033691,0.876465,120.056152,15.258789,-58.837891
1979,0.533203,-0.016602,0.993652,94.482422,2.014160,-58.654785
1980,0.594727,0.084473,1.094727,65.490723,-6.896973,-55.419922
1981,0.626465,0.160156,1.040039,18.920898,-11.779785,-38.208008
1982,0.578613,0.081055,0.882812,-30.578613,-13.244629,-9.338379
1983,0.541992,0.016113,0.831055,-38.208008,-16.174316,-1.037598
1984,0.511230,-0.048828,0.772949,-34.057617,-17.700195,1.159668
1985,0.520508,-0.076660,0.720703,-6.835938,-5.554199,-6.774902
1986,0.524414,-0.072754,0.751465,9.643555,3.967285,-11.596680
1987,0.518555,-0.039551,0.794434,20.751953,11.535645,-16.418457
1988,0.509277,0.068848,0.897949,20.629883,16.845703,-17.578125
1989,0.510742,0.086426,0.943848,11.108398,16.479492,-14.526367
1990,0.500977,0.067871,0.961426,-2.197266,14.953613,-10.986328
1991,0.490234,0.048340,0.952148,-16.540527,12.268066,-7.751465
1992,0.482422,0.029785,0.881348,-38.818359,5.676270,-4.699707
1993,0.492188,0.022461,0.850098,-42.846680,2.990723,-5.004883
1994,0.492188,0.006348,0.828613,-40.588379,1.525879,-6.958008
1995,0.502441,0.003418,0.813477,-28.076172,6.896973,-12.878418
1996,0.507812,-0.003906,0.816895,-21.240234,14.160156,-16.296387
1997,0.552246,-0.051270,0.785156,-17.944336,25.878906,-21.728516
1998,0.513184,-0.017090,0.755371,-13.000488,60.729980,-33.386230
1999,0.479004,-0.001465,0.757812,-4.638672,74.401855,-36.010742
2000,0.437012,0.031250,0.786621,4.333496,84.960938,-37.963867
2001,0.428711,0.080078,0.832031,10.620117,89.416504,-37.902832
2002,0.468262,0.201172,0.881348,-9.399414,80.017090,-21.301270
2003,0.458984,0.215820,0.866699,-27.770996,77.270508,-4.882812
2004,0.397949,0.169434,0.890137,-44.799805,77.758789,9.033203
2005,0.319336,0.092773,0.917969,-65.734863,82.458496,27.954102
2006,0.281738,0.000000,0.959961,-67.138672,76.538086,38.757324
2007,0.208008,-0.179688,0.956543,-77.270508,69.946289,38.574219
2008,0.258301,-0.331543,1.007324,-74.645996,50.537109,5.676270
2009,0.344727,-0.221680,1.036133,-65.307617,38.085938,-3.723145
2010,0.363281,-0.162109,0.996582,-54.504395,28.259277,-3.112793
2011,0.339355,-0.129883,0.960938,-46.020508,26.611328,-0.183105
2012,0.317871,-0.149902,0.960938,-37.414551,33.081055,5.798340
2013,0.300781,-0.211426,0.946289,-28.686523,33.203125,4.943848
2014,0.308105,-0.105469,1.102539,5.615234,26.184082,-2.502441
2015,0.314941,-0.080566,1.036133,14.770508,17.883301,-0.183105
2016,0.298828,-0.066895,1.044922,15.502930,17.272949,0.427246
2017,0.262695,-0.076660,1.039551,5.432129,18.005371,-1.770020
2018,0.267090,-0.102051,1.037109,-26.489258,20.629883,-5.676270
2019,0.298340,-0.110840,1.041504,-36.315918,13.183594,0.122070
2020,0.318848,-0.166504,0.992188,-53.405762,-1.953125,13.305664
2021,0.363281,-0.149414,0.938477,-63.598633,-0.854492,19.226074
2022,0.374023,-0.127441,0.917480,-70.800781,3.662109,28.320312
2023,0.351562,-0.103516,0.970215,-71.472168,4.028320,40.405273
2024,0.280762,-0.179688,0.999512,-71.838379,-3.601074,54.138184
2025,0.254395,-0.198242,0.999512,-81.115723,-5.371094,56.152344
2026,0.207520,-0.203613,1.010742,-93.566895,-7.385254,57.495117
2027,0.162109,-0.236328,0.962891,-105.834961,-9.521484,57.495117
2028,0.083008,-0.364746,0.806641,-102.600098,-2.502441,46.630859
2029,0.074707,-0.389160,0.791992,-78.125000,2.807617,34.851074
2030,0.123535,-0.328125,0.943359,-35.766602,12.390137,13.000488
2031,0.158203,-0.317383,1.020020,-29.235840,15.747070,4.821777
2032,0.180664,-0.327637,1.093262,-31.860352,20.385742,1.159668
2033,0.182129,-0.329590,1.148926,-41.381836,24.291992,3.173828
2034,0.174805,-0.353516,1.074707,-61.584473,16.723633,18.920898
2035,0.172363,-0.380859,1.007324,-65.490723,8.056641,23.986816
2036,0.147461,-0.344238,1.128906,-101.440430,-11.352539,28.991699
2037,0.173340,-0.349121,1.045898,-140.380859,-27.770996,30.883789
2038,0.148438,-0.364746,0.971191,-178.344727,-28.808594,32.043457
2039,0.178223,-0.326660,0.971191,-213.012695,-31.677246,35.034180
2040,0.270508,-0.262695,0.893066,-275.085449,-34.851074,79.101562
2041,0.227051,-0.335938,0.879883,-300.415039,-42.297363,103.271484
2042,0.186035,-0.419922,0.769043,-316.589355,-51.452637,120.056152
2043,0.252930,-0.471680,0.529785,-316.894531,-58.898926,139.404297
2044,0.184082,-0.520508,0.411621,-311.828613,-49.987793,152.038574
2045,0.145020,-0.709961,0.404785,-309.936523,-35.339355,156.921387
2046,0.170898,-1.019043,0.373535,-286.071777,-10.803223,143.981934
2047,0.025879,-0.912109,0.394531,-267.578125,-9.460449,136.291504
2048,0.018555,-0.986328,0.273926,-246.215820,-15.197754,127.807617
2049,-0.043945,-0.973145,0.220215,-189.025879,-18.127441,103.515625
2050,-0.036621,-1.025879,0.272461,-176.818848,-25.024414,90.393066
2051,-0.025391,-1.065918,0.282227,-185.058594,-25.695801,77.514648
2052,-0.030762,-1.117188,0.060547,-207.397461,6.408691,45.898438
2053,0.014160,-1.171387,-0.000488,-206.420898,38.635254,23.803711
2054,0.041016,-1.167969,0.027344,-208.496094,71.533203,5.187988
2055,0.010254,-1.125488,0.022461,-201.477051,83.557129,-5.493164
2056,-0.020020,-0.980957,0.022461,-170.898438,60.729980,-2.868652
2057,-0.031738,-0.925781,-0.032227,-152.893066,44.189453,7.934570
2058,-0.038574,-0.903320,-0.126465,-131.652832,35.583496,21.728516
2059,-0.022949,-0.887695,-0.215820,-88.867188,33.386230,41.320801
2060,-0.034180,-0.951172,-0.232422,-83.618164,38.940430,43.701172
2061,-0.058594,-1.005859,-0.225098,-76.416016,47.058105,38.574219
2062,-0.087402,-0.955566,-0.035156,-53.588867,53.527832,35.522461
2063,-0.098633,-0.905762,0.087891,-44.128418,38.757324,33.325195
2064,-0.101074,-0.813477,0.114746,-42.907715,17.578125,32.348633
2065,-0.062012,-0.760254,0.087891,-72.204590,-13.610840,48.583984
2066,-0.026855,-0.771973,-0.111816,-75.805664,-19.592285,59.570312
2067,-0.050293,-0.862793,-0.238281,-61.523438,-20.202637,70.556641
2068,-0.169922,-1.026367,-0.296387,-5.187988,-22.521973,69.030762
2069,-0.219727,-1.006836,-0.292969,8.422852,-20.996094,62.438965
2070,-0.248047,-0.984375,-0.258789,6.958008,-12.573242,55.664062
2071,-0.104004,-0.793945,0.179199,-31.372070,-12.878418,85.876465
2072,-0.098633,-0.838379,0.271484,-85.876465,-17.761230,115.173340
2073,-0.153320,-0.958008,0.141113,-144.714355,-15.686035,134.948730
2074,-0.200195,-0.950684,-0.277832,-207.214355,1.342773,156.433105
2075,-0.335938,-0.923340,-0.473633,-209.167480,7.324219,162.292480
2076,-0.378418,-0.765625,-0.843262,-196.472168,17.700195,162.902832
2077,-0.616699,-0.831543,-0.861816,-139.221191,73.242188,161.804199
2078,-0.563965,-0.718262,-0.514160,-141.052246,85.693359,150.634766
2079,-0.545410,-0.731934,-0.268555,-141.967773,69.152832,149.963379
2080,-0.532227,-0.574707,-0.117188,-171.691895,35.400391,139.282227
2081,-0.573242,-0.712891,-0.285156,-203.796387,22.155762,143.005371
2082,-0.776855,-1.249023,-0.742188,-174.133301,-5.371094,98.022461
2083,-0.675293,-1.120117,-0.807617,-133.911133,-13.183594,56.884766
2084,-0.559082,-0.874023,-0.775391,-96.618652,-15.869141,26.977539
2085,-0.426758,-0.666992,-0.739258,-102.050781,-12.084961,37.902832
2086,-0.596680,-0.550293,-0.573730,-194.030762,19.470215,43.457031
2087,-0.657715,-0.405273,-0.573730,-256.225586,19.653320,25.329590
2088,-0.665527,-0.297363,-0.704590,-281.188965,22.460938,4.638672
2089,-0.647461,-0.415527,-0.657227,-273.498535,13.916016,-51.696777
2090,-0.514648,-0.463379,-0.729004,-292.175293,5.920410,-86.669922
2091,-0.327148,-0.428223,-1.041992,-308.044434,11.230469,-109.252930
2092,-0.275391,-0.301270,-1.185547,-270.446777,49.804688,-106.567383
2093,-0.341797,-0.334961,-1.099121,-240.661621,54.138184,-108.886719
2094,-0.374512,-0.306641,-0.928711,-209.045410,32.836914,-105.102539
2095,-0.307129,-0.271484,-0.877441,-180.419922,-0.854492,-93.811035
2096,-0.357910,-0.193848,-1.090332,-136.291504,-19.714355,-62.133789
2097,-0.393555,-0.141113,-0.984863,-142.700195,14.343262,-48.645020
2098,-0.378906,-0.132324,-0.836914,-215.698242,100.280762,-20.446777
2099,-0.320801,-0.118164,-0.848633,-240.234375,132.385254,-7.629395
2100,-0.350586,-0.087402,-0.845215,-261.169434,161.560059,-3.173828
2101,-0.338379,-0.088867,-0.858887,-278.747559,193.725586,-7.324219
2102,-0.273438,-0.074707,-0.852539,-288.879395,245.117188,-24.047852
2103,-0.200195,0.076660,-0.869141,-276.000977,253.051758,-19.775391
2104,-0.187988,0.199219,-0.988281,-254.760742,250.915527,-4.272461
2105,-0.186035,0.194824,-1.003906,-301.757812,255.859375,30.151367
2106,-0.259766,0.209961,-0.949219,-349.182129,251.220703,32.836914
2107,-0.257812,0.252441,-1.041504,-391.845703,238.708496,27.709961
2108,-0.084473,0.580566,-0.908203,-423.645020,211.669922,25.878906
2109,0.063965,0.782227,-0.816406,-425.964355,190.307617,43.273926
2110,0.117188,0.732422,-0.910156,-398.010254,172.851562,64.758301
2111,0.098633,0.709473,-0.886719,-353.576660,163.452148,82.885742
2112,-0.000977,0.595703,-0.826660,-280.212402,168.457031,101.501465
2113,0.054688,0.704102,-0.722656,-270.507812,176.452637,108.581543
2114,0.308594,1.016113,-0.460449,-329.040527,195.800781,150.085449
2115,0.377441,1.010254,-0.467285,-374.206543,207.458496,178.710938
2116,0.435059,1.049805,-0.379883,-361.145020,178.649902,219.543457
2117,0.250488,0.819336,-0.401367,-298.522949,81.481934,212.585449
2118,0.490234,0.886719,-0.367188,-275.634766,62.011719,209.838867
2119,0.561035,0.891602,-0.288574,-287.597656,66.894531,208.862305
2120,0.595215,0.812500,-0.029297,-371.093750,82.458496,190.490723
2121,0.740234,1.022949,0.006836,-402.404785,80.322266,179.687500
2122,0.606445,0.534180,0.203613,-432.739258,64.331055,177.734375
2123,0.747070,0.028809,-0.401855,-387.939453,97.656250,136.718750
2124,0.672363,-0.189453,-0.461914,-235.229492,167.724609,68.176270
2125,0.357910,0.063477,0.335938,-101.135254,168.823242,8.728027
2126,0.549316,0.583984,0.839355,-21.911621,53.710938,-14.709473
2127,0.619629,0.610840,0.651367,2.563477,4.394531,5.920410
2128,0.657715,0.506836,0.413086,52.307129,-16.357422,10.803223
2129,0.598633,0.461914,0.455566,99.060059,-19.775391,-25.756836
2130,0.592285,0.394043,0.308594,72.570801,-13.793945,-57.373047
2131,0.601074,0.395996,0.240234,33.813477,1.586914,-82.397461
2132,0.592285,0.494141,-0.039062,-143.920898,59.204102,-118.713379
2133,0.631836,0.650879,0.206055,-187.011719,97.839355,-126.586914
2134,0.628906,0.634277,0.301270,-217.407227,109.802246,-121.093750
2135,0.634766,0.606445,0.342773,-238.647461,125.549316,-125.366211
2136,0.732422,0.787598,0.605469,-253.784180,132.873535,-121.154785
2137,0.722656,0.853516,0.691406,-268.737793,118.530273,-108.215332
2138,0.713867,0.944824,0.850586,-285.034180,75.195312,-73.974609
2139,0.642090,0.891602,0.892578,-274.047852,55.419922,-52.551270
2140,0.564453,0.774414,0.751953,-248.352051,45.288086,-36.682129
2141,0.598633,0.665527,0.562012,-206.542969,50.048828,-22.277832
2142,0.558594,0.397949,0.619629,-138.000488,80.139160,11.047363
2143,0.460938,0.331543,0.733398,-135.559082,74.951172,12.939453
2144,0.323730,0.227539,0.554199,-125.061035,76.110840,-2.441406
2145,0.235352,0.193848,0.450684,-121.765137,108.032227,-16.357422
2146,0.230469,0.217773,0.700195,-147.583008,167.602539,-23.132324
2147,0.199219,0.251953,0.937500,-198.242188,198.425293,-25.146484
2148,0.418457,0.498047,1.551270,-227.905273,146.423340,-10.314941
2149,0.366699,0.308594,1.011719,-190.063477,71.166992,21.789551
2150,0.367188,0.240234,0.824707,-166.137695,63.110352,27.587891
2151,0.266602,0.121094,0.671875,-143.127441,96.923828,18.981934
2152,0.191406,0.010254,0.847168,-172.058105,148.193359,12.023926
2153,0.081543,-0.187988,1.411621,-213.134766,163.879395,0.610352
2154,0.188965,-0.235352,1.029297,-296.813965,156.982422,-39.489746
2155,0.113281,-0.240234,0.773926,-281.372070,145.568848,-58.166504
2156,0.047852,-0.178223,0.936035,-237.854004,131.347656,-74.096680
2157,0.100098,-0.141113,0.752441,-204.345703,135.742188,-78.857422
2158,0.084473,-0.019043,1.239258,-238.403320,169.433594,-55.603027
2159,0.091797,-0.069824,1.147461,-264.343262,177.001953,-38.208008
2160,0.003906,-0.261719,1.096191,-321.044922,178.771973,-22.094727
2161,-0.004395,-0.290527,0.998535,-351.440430,171.142578,-22.705078
2162,0.062500,-0.310547,0.815430,-359.558105,160.949707,-22.216797
2163,0.071777,-0.209961,1.798340,-358.276367,145.080566,-2.014160
2164,-0.006348,-0.271973,1.513184,-377.685547,60.119629,20.324707
2165,-0.083496,-0.596191,0.943848,-342.285156,38.513184,27.709961
2166,-0.164062,-0.883789,0.771484,-274.047852,13.427734,16.662598
2167,-0.135254,-0.892090,0.492676,-116.516113,-38.696289,-2.197266
2168,-0.073242,-0.837891,0.343750,-62.988281,-37.902832,2.136230
2169,-0.059082,-0.751465,0.354004,-48.400879,-4.943848,3.417969
2170,-0.089844,-0.588867,0.674805,-121.459961,70.312500,-0.061035
2171,-0.127930,-0.567383,0.754883,-168.029785,74.768066,6.774902
2172,-0.182617,-0.599121,0.734375,-196.594238,60.913086,18.066406
2173,-0.241699,-0.666992,0.652344,-204.223633,39.550781,27.099609
2174,-0.245117,-0.767090,0.421875,-184.082031,17.272949,30.456543
2175,-0.230469,-0.791016,0.513672,-191.772461,29.602051,31.311035
2176,-0.221680,-0.752441,0.643066,-225.280762,43.945312,30.151367
2177,-0.254883,-0.805664,0.620117,-303.710938,33.874512,26.672363
2178,-0.316406,-0.919922,0.461914,-318.664551,19.836426,17.578125
2179,-0.376465,-0.978516,0.283691,-310.058594,4.821777,7.263184
2180,-0.370117,-0.976074,0.108398,-283.325195,-5.432129,2.563477
2181,-0.270996,-0.928223,-0.074707,-215.881348,-17.028809,6.896973
2182,-0.223633,-0.926270,-0.148926,-199.951172,-15.930176,5.432129
2183,-0.231934,-0.822754,-0.208008,-191.711426,5.676270,8.239746
2184,-0.249023,-0.912598,-0.216309,-176.086426,11.718750,11.230469
2185,-0.249512,-0.936523,-0.243652,-148.010254,9.704590,8.483887
2186,-0.231934,-0.861816,-0.225098,-77.209473,1.647949,7.934570
2187,-0.205566,-0.853027,-0.215820,-50.048828,-1.525879,13.244629
2188,-0.196289,-0.862305,-0.266113,-28.198242,-0.183105,19.226074
2189,-0.316895,-0.939941,-0.135742,-4.333496,15.197754,20.141602
2190,-0.385254,-1.032227,0.019531,-9.704590,8.117676,13.427734
2191,-0.409668,-1.111816,-0.047363,-22.399902,-19.104004,-13.610840
2192,-0.364746,-1.085938,-0.064453,-27.160645,-26.184082,-21.362305
2193,-0.299805,-1.007812,0.034180,-42.663574,-38.330078,-26.000977
2194,-0.328125,-1.059570,-0.056152,-68.847656,-33.081055,-27.709961
2195,-0.337891,-1.104004,-0.090332,-83.251953,-26.123047,-28.869629
2196,-0.270020,-1.072266,-0.065430,-82.946777,-29.296875,-39.916992
2197,-0.227539,-1.035156,-0.053711,-81.970215,-37.780762,-43.945312
2198,-0.209961,-0.935547,-0.129395,-93.200684,-57.006836,-47.119141
2199,-0.192383,-0.882812,-0.186035,-90.393066,-59.814453,-42.846680
2200,-0.146484,-0.856934,-0.211426,-83.923340,-61.096191,-36.987305
2201,-0.114746,-0.876465,-0.214355,-79.101562,-60.913086,-31.250000
2202,-0.194336,-0.888672,-0.061035,-100.524902,-60.729980,-29.846191
2203,-0.289551,-0.889648,0.068359,-144.226074,-69.030762,-33.996582
2204,-0.281250,-0.854980,-0.033691,-196.166992,-74.829102,-41.015625
2205,-0.144531,-0.844238,-0.569336,-213.867188,-41.137695,-48.767090
2206,-0.083496,-0.803223,-0.655762,-182.495117,-16.906738,-42.846680
2207,-0.040039,-0.772949,-0.655762,-142.028809,-1.892090,-30.883789
2208,-0.153320,-0.864746,-0.412109,-82.580566,-0.488281,-16.357422
2209,-0.217285,-0.900879,-0.321777,-75.561523,-12.023926,-21.057129
2210,-0.228027,-0.913574,-0.327637,-85.144043,-18.981934,-28.625488
2211,-0.266113,-0.956055,-0.358398,-110.900879,-16.052246,-38.696289
2212,-0.118652,-0.715820,-0.623047,-153.564453,11.657715,-28.930664
2213,-0.073242,-0.703125,-0.700195,-136.230469,25.085449,-9.460449
2214,-0.109863,-0.767090,-0.717773,-97.778320,26.123047,2.929688
2215,-0.181641,-0.752930,-0.645996,-14.282227,6.164551,2.502441
2216,-0.217285,-0.764160,-0.599121,7.202148,-2.990723,1.525879
2217,-0.220215,-0.768555,-0.631348,18.188477,-8.239746,-1.281738
2218,-0.208008,-0.754883,-0.639648,24.658203,-6.713867,-2.685547
2219,-0.227539,-0.751465,-0.400391,11.352539,-8.483887,-2.197266
2220,-0.203125,-0.732910,-0.377930,-9.582520,-13.305664,-0.610352
2221,-0.208984,-0.782227,-0.426758,-47.363281,-21.972656,5.737305
2222,-0.248535,-0.810059,-0.520020,-56.274414,-30.090332,5.004883
2223,-0.258789,-0.805664,-0.640137,-53.100586,-38.146973,1.464844
2224,-0.258301,-0.786621,-0.720703,-38.452148,-44.738770,-2.319336
2225,-0.299805,-0.802734,-0.827148,10.498047,-51.879883,-5.615234
2226,-0.306152,-0.828613,-0.820801,43.945312,-55.297852,-8.605957
2227,-0.298340,-0.819824,-0.740234,70.007324,-60.852051,-11.352539
2228,-0.310547,-0.841797,-0.536133,83.496094,-73.852539,-7.690430
2229,-0.327148,-0.809082,-0.539062,75.317383,-75.561523,0.183105
2230,-0.356934,-0.790527,-0.571289,58.471680,-70.251465,8.178711
2231,-0.374512,-0.788086,-0.579102,44.189453,-54.077148,14.099121
2232,-0.377930,-0.765137,-0.583496,46.264648,-48.889160,16.357422
2233,-0.370605,-0.744141,-0.580566,52.307129,-44.616699,20.690918
2234,-0.342285,-0.762207,-0.577637,58.715820,-41.809082,26.367188
2235,-0.455078,-0.914551,-0.574707,94.970703,-50.231934,30.090332
2236,-0.459961,-0.933594,-0.575684,124.816895,-61.828613,25.329590
2237,-0.400879,-0.871582,-0.520996,158.081055,-77.453613,24.230957
2238,-0.342285,-0.792480,-0.410645,183.898926,-97.778320,31.677246
2239,-0.336426,-0.736328,-0.179688,206.115723,-149.108887,61.523438
2240,-0.382324,-0.785645,-0.136230,205.017090,-169.677734,71.777344
2241,-0.448730,-0.875488,-0.155273,203.002930,-181.579590,72.814941
2242,-0.479980,-0.876953,-0.166992,214.538574,-185.546875,59.204102
2243,-0.476074,-0.847656,-0.180664,214.172363,-175.659180,52.062988
2244,-0.475586,-0.829590,-0.163086,212.280273,-157.226562,46.386719
2245,-0.455078,-0.791504,-0.112793,205.810547,-108.581543,45.104980
2246,-0.402832,-0.744629,-0.083984,207.641602,-82.031250,48.950195
2247,-0.360352,-0.727051,-0.021484,214.538574,-52.124023,61.401367
2248,-0.513672,-0.837402,0.167969,230.224609,-15.991211,80.017090
2249,-0.554688,-0.783691,0.228027,231.018066,-19.714355,77.026367
2250,-0.588867,-0.764648,0.348633,228.881836,-35.095215,71.105957
2251,-0.672852,-0.777832,0.368652,200.195312,-73.242188,40.405273
2252,-0.664551,-0.758301,0.329590,206.176758,-85.144043,25.085449
2253,-0.581543,-0.675293,0.348633,221.130371,-88.256836,17.028809
2254,-0.460449,-0.511230,0.468262,241.577148,-80.871582,30.456543
2255,-0.501953,-0.540527,0.452148,249.267578,-74.523926,35.583496
2256,-0.584961,-0.648438,0.491211,255.493164,-68.603516,31.921387
2257,-0.724121,-0.692383,0.936035,226.806641,-68.603516,-16.479492
2258,-0.623047,-0.468262,1.224121,164.550781,-89.660645,-26.062012
2259,-0.606934,-0.592285,0.567871,72.509766,-105.529785,-38.635254
2260,-0.512695,-0.523926,0.476074,65.917969,-81.604004,-48.461914
2261,-0.492188,-0.518555,0.551270,57.373047,-51.147461,-52.795410
2262,-0.491211,-0.508301,0.645508,51.025391,-28.381348,-55.847168
2263,-0.524902,-0.615723,0.712402,61.950684,-12.023926,-67.687988
2264,-0.512207,-0.646484,0.723633,67.565918,-7.507324,-74.523926
2265,-0.498047,-0.633301,0.722168,71.166992,-6.713867,-80.871582
2266,-0.490234,-0.551758,0.730469,77.758789,-12.268066,-86.120605
2267,-0.498047,-0.474121,0.800781,87.585449,-33.935547,-88.317871
2268,-0.507324,-0.568848,0.802734,90.576172,-56.762695,-100.158691
2269,-0.467773,-0.556152,0.752441,91.247559,-61.218262,-114.074707
2270,-0.429688,-0.455078,0.679199,96.008301,-61.706543,-128.234863
2271,-0.397461,-0.476562,0.686523,104.797363,-57.006836,-139.282227
2272,-0.340820,-0.513672,0.881836,92.346191,-48.095703,-168.579102
2273,-0.342285,-0.660645,1.122070,49.499512,-48.828125,-183.715820
2274,-0.259277,-0.593750,1.163086,-19.042969,-48.034668,-188.354492
2275,-0.113281,-0.388672,0.966309,-79.101562,-53.222656,-199.768066
2276,-0.056641,-0.382812,0.919434,-89.172363,-50.048828,-203.735352
2277,-0.045410,-0.431641,0.803711,-89.233398,-17.944336,-202.148438
2278,-0.033691,-0.481445,0.755859,-86.791992,12.023926,-195.312500
2279,-0.087891,-0.516113,0.730957,-80.078125,48.583984,-188.903809
2280,-0.155273,-0.568359,0.725098,-67.504883,83.251953,-189.331055
2281,-0.126465,-0.600586,0.775391,-23.925781,113.830566,-219.482422
2282,-0.030273,-0.551758,0.916992,0.610352,96.191406,-229.797363
2283,0.100098,-0.436523,1.177246,12.268066,8.911133,-210.754395
2284,0.067383,-0.452637,1.111328,-1.220703,-32.409668,-190.429688
2285,0.016602,-0.480957,1.007324,-21.484375,-56.152344,-172.058105
2286,0.011230,-0.489258,0.896973,-39.611816,-64.514160,-158.630371
2287,0.076172,-0.482910,0.741699,-50.109863,-62.438965,-143.798828
2288,0.090332,-0.482910,0.685547,-43.884277,-59.997559,-138.732910
2289,0.106445,-0.515625,0.667969,-35.278320,-57.678223,-134.887695
2290,0.158691,-0.623535,0.662109,-44.311523,-48.645020,-140.808105
2291,0.166504,-0.756348,0.703613,-52.246094,-40.466309,-158.447266
2292,0.189453,-0.797363,0.724609,-59.387207,-33.264160,-183.166504
2293,0.251465,-0.642578,0.778320,-65.917969,-7.141113,-223.266602
2294,0.312012,-0.518555,0.841797,-70.983887,-1.770020,-225.952148
2295,0.377930,-0.435547,0.908691,-73.364258,-3.906250,-214.477539
2296,0.429688,-0.435547,0.953125,-75.744629,-12.634277,-195.678711
2297,0.347168,-0.645996,0.829102,-73.974609,-31.921387,-180.664062
2298,0.323242,-0.653320,0.729004,-64.697266,-36.071777,-187.744141
2299,0.357422,-0.574707,0.656250,-55.480957,-36.132812,-197.021484
2300,0.513672,-0.382812,0.625000,-42.724609,-36.010742,-195.556641
2301,0.583496,-0.337891,0.674805,-34.057617,-38.574219,-184.204102
2302,0.640625,-0.348633,0.735840,-29.357910,-47.363281,-169.128418
2303,0.676758,-0.353516,0.738770,-30.151367,-56.213379,-147.766113
2304,0.685059,-0.425293,0.710938,-40.527344,-66.711426,-109.436035
2305,0.678711,-0.439941,0.703125,-48.278809,-72.509766,-99.609375
2306,0.665527,-0.434082,0.664062,-57.434082,-77.819824,-93.261719
2307,0.644531,-0.412598,0.495605,-66.711426,-84.899902,-84.289551
2308,0.651855,-0.469238,0.375977,-52.612305,-80.322266,-80.749512
2309,0.678223,-0.510254,0.334961,-28.625488,-67.687988,-82.031250
2310,0.698730,-0.509277,0.397461,-8.728027,-55.969238,-88.684082
2311,0.687012,-0.440430,0.675293,-20.080566,-64.697266,-113.464355
2312,0.685059,-0.367188,0.684570,-42.175293,-76.721191,-120.910645
2313,0.695312,-0.324219,0.645508,-63.415527,-85.510254,-123.352051
2314,0.665039,-0.334473,0.500488,-87.646484,-94.665527,-131.347656
2315,0.694824,-0.346680,0.462891,-89.416504,-96.923828,-143.737793
2316,0.744141,-0.320801,0.429688,-88.562012,-98.510742,-161.315918
2317,0.764160,-0.292969,0.396484,-83.801270,-98.388672,-177.001953
2318,0.717285,-0.240723,0.304199,-74.829102,-95.153809,-194.763184
2319,0.740234,-0.212402,0.254883,-68.115234,-93.566895,-194.396973
2320,0.808105,-0.175781,0.185059,-59.326172,-88.989258,-189.147949
2321,1.094238,-0.078125,0.074707,-38.208008,-59.509277,-150.634766
2322,1.196777,-0.029785,0.085449,-28.198242,-47.912598,-120.727539
2323,1.308594,-0.033203,-0.006836,-15.258789,-21.179199,-70.068359
2324,1.170898,0.050781,0.120605,-12.573242,-9.948730,-52.551270
2325,1.073730,0.032227,0.218262,-13.610840,-2.929688,-34.912109
2326,1.065918,-0.014648,0.274902,-16.357422,-3.295898,-18.737793
2327,1.181152,-0.214844,0.297852,-26.367188,-10.925293,-0.671387
2328,1.175781,-0.278809,0.199219,-34.484863,-7.690430,-3.540039
2329,1.035645,-0.373047,-0.016602,-25.329590,17.944336,-27.404785
2330,1.041016,-0.323730,0.037598,1.403809,32.897949,-43.395996
2331,1.016113,-0.287109,0.123535,17.944336,42.358398,-53.039551
2332,1.041504,-0.218262,0.286621,33.569336,46.386719,-61.035156
2333,1.100586,-0.149902,0.436523,29.479980,43.762207,-64.880371
2334,1.127930,-0.038574,0.480957,1.037598,33.142090,-59.875488
2335,1.083984,0.020996,0.447754,-7.141113,28.076172,-52.551270
2336,1.051758,0.092285,0.469238,-11.169434,22.521973,-45.043945
2337,1.097168,0.240723,0.595215,-21.118164,-7.080078,-13.366699
2338,1.165039,0.226562,0.663086,-28.625488,-29.785156,9.887695
2339,1.185059,0.176758,0.708008,-38.940430,-58.227539,33.020020
2340,1.096680,0.062500,0.597656,-51.391602,-82.336426,51.696777
2341,0.964844,-0.015137,0.447266,-50.659180,-112.854004,60.485840
2342,0.903320,0.051758,0.355957,-43.029785,-123.779297,68.359375
2343,0.979492,0.099609,0.408203,-34.362793,-136.291504,73.486328
2344,1.175293,0.084961,0.275391,-66.955566,-134.521484,93.933105
2345,1.149902,-0.271973,0.212891,-67.443848,-137.268066,94.360352
2346,1.104004,-0.411621,0.148438,-62.377930,-145.690918,86.853027
2347,1.109375,-0.492676,0.026367,-48.706055,-148.315430,72.143555
2348,1.177734,-0.461914,-0.078125,-31.494141,-136.657715,56.152344
2349,1.181152,-0.332031,-0.081543,0.854492,-95.458984,31.005859
2350,1.155762,-0.319336,-0.028320,11.901855,-79.467773,21.850586
2351,1.141602,-0.341309,0.029785,15.625000,-67.199707,11.474609
2352,1.089355,-0.324219,0.101074,-5.676270,-53.588867,-13.977051
2353,1.018555,-0.220703,0.145020,-16.052246,-54.260254,-19.653320
2354,0.979004,-0.075195,0.232910,-20.385742,-69.030762,-14.892578
2355,1.003418,0.093262,0.257812,-30.212402,-134.521484,19.653320
2356,1.030762,0.068359,0.189941,-40.710449,-161.926270,39.550781
2357,1.002930,-0.011230,0.116699,-61.889648,-177.001953,52.185059
2358,0.938965,-0.097168,0.021973,-85.205078,-182.678223,57.983398
2359,0.806152,-0.196777,-0.121582,-107.116699,-187.683105,55.908203
2360,0.762695,-0.195801,-0.221680,-100.463867,-191.284180,51.696777
2361,0.738770,-0.211426,-0.374512,-81.787109,-189.514160,45.898438
2362,0.699219,-0.263184,-0.539551,-35.705566,-155.273438,24.047852
2363,0.696777,-0.273926,-0.529785,-20.812988,-132.507324,9.704590
2364,0.696289,-0.251953,-0.520020,-8.850098,-114.318848,-1.953125
2365,0.684082,-0.193359,-0.505371,3.967285,-101.867676,-9.216309
2366,0.643555,-0.084473,-0.484863,3.845215,-74.890137,-10.681152
2367,0.594727,-0.086426,-0.458984,-15.930176,-61.645508,-6.958008
2368,0.564941,-0.080078,-0.494629,-26.550293,-54.138184,-9.033203
2369,0.535645,-0.121582,-0.457031,-22.094727,-57.006836,-7.568359
2370,0.525391,-0.112305,-0.365723,-16.662598,-71.166992,-5.187988
2371,0.526367,-0.101562,-0.311523,-15.686035,-88.073730,-1.708984
2372,0.537109,-0.121582,-0.422363,-17.944336,-113.403320,5.371094
2373,0.559570,-0.136230,-0.508301,-14.221191,-116.210938,5.981445
2374,0.555176,-0.125000,-0.587402,-14.099121,-111.633301,4.211426
2375,0.532227,-0.080078,-0.630859,-14.343262,-103.637695,2.746582
2376,0.512695,-0.011719,-0.619629,-17.517090,-97.290039,13.183594
2377,0.477539,-0.062988,-0.675781,-23.986816,-96.801758,20.080566
2378,0.440918,-0.258301,-0.973145,-27.343750,-67.016602,11.108398
2379,0.458496,-0.277832,-1.074219,-18.615723,-36.926270,-2.807617
2380,0.502930,-0.239746,-1.061035,-7.324219,-1.159668,-15.380859
2381,0.541504,-0.186035,-0.957031,-1.647949,32.409668,-23.254395
2382,0.568848,-0.134766,-0.822754,1.647949,57.861328,-27.648926
2383,0.534180,-0.139648,-0.572266,6.103516,71.411133,-28.625488
2384,0.507812,-0.120605,-0.479004,7.568359,64.392090,-29.663086
2385,0.587891,-0.013184,-0.374023,-2.319336,32.836914,-20.507812
2386,0.665527,0.006836,-0.440430,-3.234863,13.793945,-9.277344
2387,0.726074,-0.009766,-0.463867,0.061035,-4.150391,3.051758
2388,0.762695,-0.088379,-0.512207,1.281738,-27.526855,16.296387
2389,0.798340,-0.130371,-0.554688,1.037598,-31.555176,16.723633
2390,0.859863,-0.157715,-0.595215,1.953125,-30.700684,13.793945
2391,1.004883,-0.170410,-0.719238,6.225586,-17.822266,9.338379
2392,1.003906,-0.164062,-0.750000,2.319336,-2.868652,9.826660
2393,0.972168,-0.174805,-0.744629,-4.821777,11.840820,9.887695
2394,0.922852,-0.191406,-0.708008,-9.277344,20.812988,9.704590
2395,0.830078,-0.204590,-0.502930,-13.305664,6.652832,9.643555
2396,0.784668,-0.216309,-0.484863,-13.732910,-11.474609,8.056641
2397,0.744629,-0.227051,-0.536621,-8.605957,-28.381348,5.004883
2398,0.729004,-0.259766,-0.686523,3.173828,-38.330078,-9.887695
2399,0.737305,-0.240234,-0.735352,1.037598,-30.822754,-20.141602
2400,0.713867,-0.181641,-0.705078,-1.342773,-7.873535,-31.494141
2401,0.685547,-0.140137,-0.607910,0.427246,-6.591797,-34.057617
2402,0.662598,-0.089844,-0.540527,0.610352,-11.352539,-33.142090
2403,0.635742,-0.057617,-0.500977,-5.371094,-29.235840,-25.207520
2404,0.641602,-0.063477,-0.576660,-9.582520,-37.780762,-19.592285
2405,0.655762,-0.080566,-0.698242,-14.282227,-41.381836,-17.517090
2406,0.687012,-0.086426,-0.789551,-12.207031,-37.048340,-16.174316
2407,0.672852,-0.078125,-0.854980,-6.958008,-12.817383,-13.305664
2408,0.666992,-0.057617,-0.798340,-5.432129,-1.464844,-12.023926
2409,0.703125,-0.044434,-0.690918,-14.343262,4.516602,-4.028320
2410,0.701660,-0.064453,-0.722168,-15.075684,2.014160,0.732422
2411,0.698242,-0.114746,-0.769043,-9.582520,2.319336,2.807617
2412,0.705078,-0.148438,-0.777344,-3.173828,6.103516,0.305176
2413,0.774902,-0.137207,-0.689453,4.211426,17.761230,-11.230469
2414,0.809082,-0.116699,-0.581543,6.042480,16.662598,-15.258789
2415,0.832031,-0.079590,-0.479004,6.164551,5.859375,-15.319824
2416,0.794434,-0.075195,-0.488770,-2.807617,-28.808594,-8.544922
2417,0.800781,-0.123535,-0.585449,-5.004883,-38.391113,-6.896973
2418,0.785156,-0.166016,-0.649414,-6.408691,-39.367676,-8.300781
2419,0.708008,-0.129883,-0.795898,-7.019043,-30.273438,-16.967773
2420,0.662109,-0.107910,-0.818848,-1.342773,-20.629883,-22.216797
2421,0.636230,-0.080078,-0.806641,3.234863,-10.925293,-26.306152
2422,0.615723,-0.046387,-0.679688,5.432129,0.122070,-28.625488
2423,0.591797,-0.035156,-0.676270,-0.976562,1.281738,-28.320312
2424,0.613281,-0.034668,-0.732422,-2.685547,4.272461,-20.141602
2425,0.638184,-0.049805,-0.723633,-2.319336,4.272461,-15.319824
2426,0.630371,-0.047363,-0.736816,1.159668,0.610352,-10.925293
2427,0.610352,-0.044434,-0.761719,8.728027,-3.051758,-7.873535
2428,0.607422,-0.001953,-0.741699,6.958008,0.915527,-4.943848
2429,0.649414,0.009766,-0.725586,1.342773,4.089355,-2.502441
2430,0.693359,-0.011230,-0.717773,-5.798340,5.554199,0.183105
2431,0.731934,-0.077637,-0.692383,-7.141113,3.662109,3.540039
2432,0.736328,-0.084961,-0.682129,-8.728027,1.647949,4.394531
2433,0.718262,-0.084473,-0.706543,-11.352539,1.586914,4.821777
2434,0.695801,-0.087891,-0.789551,-15.808105,11.108398,-1.037598
2435,0.720703,-0.071777,-0.808594,-6.652832,14.892578,-3.051758
2436,0.728027,-0.054199,-0.776855,4.272461,16.357422,-3.417969
2437,0.709473,-0.062012,-0.701172,5.065918,12.329102,-4.394531
2438,0.667969,-0.093750,-0.703125,0.793457,10.314941,-5.859375
2439,0.692383,-0.085449,-0.729980,-0.244141,10.742188,-5.981445
2440,0.725586,-0.047852,-0.714844,-0.915527,15.869141,-3.295898
2441,0.707031,-0.060547,-0.679688,-2.319336,17.578125,-2.868652
2442,0.697266,-0.083984,-0.675293,-1.708984,17.822266,-4.150391
2443,0.701660,-0.115723,-0.674316,3.601074,16.479492,-11.047363
2444,0.705078,-0.104492,-0.696777,5.187988,16.357422,-14.953613
2445,0.715820,-0.078125,-0.725586,7.934570,18.432617,-16.967773
2446,0.760254,-0.008301,-0.636719,6.835938,22.155762,-10.375977
2447,0.765625,0.009766,-0.587891,-0.305176,18.798828,-2.380371
2448,0.754883,-0.008301,-0.566895,-7.507324,11.474609,5.920410
2449,0.738770,-0.109375,-0.628906,-8.178711,-3.417969,9.094238
2450,0.735352,-0.121094,-0.688965,-5.371094,-5.493164,3.662109
2451,0.737793,-0.096680,-0.751953,-2.136230,-3.051758,-1.037598
2452,0.724609,-0.052246,-0.752930,6.530762,12.695312,-2.502441
2453,0.715332,-0.048340,-0.683594,5.493164,19.348145,-1.647949
2454,0.714355,-0.044434,-0.625977,1.098633,21.179199,-0.915527
2455,0.735352,-0.060059,-0.574707,-3.601074,11.291504,2.380371
2456,0.742188,-0.088867,-0.600098,-4.882812,4.577637,1.831055
2457,0.750000,-0.100586,-0.636719,-3.295898,1.403809,-1.281738
2458,0.770508,-0.073730,-0.714355,0.549316,5.065918,-7.690430
2459,0.770020,-0.047852,-0.720215,2.319336,10.925293,-8.178711
2460,0.768555,-0.039062,-0.707031,2.746582,17.700195,-6.530762
2461,0.763672,-0.066895,-0.671387,-2.014160,30.090332,-3.234863
2462,0.770508,-0.078125,-0.623535,-2.990723,30.639648,-2.990723
2463,0.776367,-0.079102,-0.573242,-1.525879,25.207520,-3.601074
2464,0.777832,-0.059082,-0.529785,3.417969,0.244141,-4.577637
2465,0.774414,-0.044434,-0.560059,5.310059,-12.268066,-3.112793
2466,0.772949,-0.021973,-0.630859,2.380371,-15.136719,-1.037598
2467,0.770996,-0.039062,-0.730957,-6.225586,-1.831055,4.089355
2468,0.763672,-0.060059,-0.717773,-5.920410,5.798340,5.371094
2469,0.760254,-0.078613,-0.679688,-4.760742,9.826660,4.150391
2470,0.760742,-0.078613,-0.650391,-3.784180,11.352539,1.770020
2471,0.765137,-0.065430,-0.639648,-2.014160,11.474609,-0.488281
2472,0.775879,-0.044434,-0.596680,2.502441,10.498047,-1.098633
2473,0.763184,-0.038574,-0.583008,0.427246,9.094238,0.244141
2474,0.740723,-0.055176,-0.599609,-1.953125,7.080078,4.394531
2475,0.739746,-0.067383,-0.600586,-3.540039,6.469727,4.943848
2476,0.750000,-0.069824,-0.614258,-4.638672,5.981445,5.004883
2477,0.755859,-0.064941,-0.643555,-4.028320,5.859375,5.737305
2478,0.718262,-0.058594,-0.716309,-0.610352,11.596680,8.178711
2479,0.700684,-0.077637,-0.713379,-0.244141,17.883301,7.507324
2480,0.707031,-0.099121,-0.688965,0.915527,23.925781,4.760742
2481,0.771484,-0.110840,-0.578125,-2.746582,27.465820,-1.647949
2482,0.796387,-0.103027,-0.564453,-5.371094,24.353027,-2.807617
2483,0.807617,-0.079102,-0.542969,-3.173828,18.066406,-2.624512
2484,0.812988,-0.063965,-0.528320,-1.342773,10.925293,-1.525879
2485,0.811035,-0.051270,-0.572754,-2.563477,2.136230,-0.305176
2486,0.812988,-0.046387,-0.592773,-2.319336,2.136230,1.342773
2487,0.819824,-0.044434,-0.598145,-1.525879,3.295898,3.479004
2488,0.838867,-0.025391,-0.603516,1.708984,2.746582,8.605957
2489,0.832520,-0.031738,-0.596191,0.976562,2.258301,11.718750
2490,0.832031,-0.054199,-0.576660,-2.990723,2.929688,12.695312
2491,0.832520,-0.103516,-0.575195,-10.253906,0.793457,11.535645
2492,0.822754,-0.116211,-0.582520,-7.995605,-2.746582,9.460449
2493,0.810059,-0.115234,-0.595703,-6.286621,-4.089355,5.859375
2494,0.793945,-0.102051,-0.625488,-5.065918,-3.112793,2.258301
2495,0.770996,-0.079590,-0.646973,1.403809,2.990723,-0.793457
2496,0.766113,-0.075684,-0.593750,2.258301,7.995605,-2.990723
2497,0.768066,-0.068848,-0.575684,2.258301,6.958008,-3.784180
2498,0.768555,-0.069824,-0.563965,2.014160,4.821777,-4.028320
2499,0.777832,-0.061035,-0.564453,-0.854492,2.380371,-4.333496
2500,0.791992,-0.034668,-0.614746,-3.662109,-1.098633,-1.892090
2501,0.783203,-0.031738,-0.609863,-0.366211,-2.563477,1.159668
2502,0.777344,-0.040039,-0.604004,-0.793457,-2.624512,3.295898
2503,0.773926,-0.083008,-0.663086,-4.577637,2.563477,5.065918
2504,0.766602,-0.105957,-0.669434,-1.403809,6.958008,2.929688
2505,0.772461,-0.104492,-0.651855,1.220703,11.047363,-0.366211
2506,0.795898,-0.063477,-0.608887,-2.441406,16.906738,-4.638672
2507,0.803711,-0.058105,-0.587891,-2.807617,18.188477,-4.150391
2508,0.812988,-0.053711,-0.554199,-2.136230,17.028809,-3.234863
2509,0.816895,-0.036133,-0.541016,-1.525879,8.972168,0.854492
2510,0.811035,-0.049805,-0.544922,0.793457,3.479004,2.685547
2511,0.803223,-0.067871,-0.558105,1.281738,-0.244141,3.051758
2512,0.803711,-0.082520,-0.590820,0.793457,-1.037598,2.441406
2513,0.830078,-0.084473,-0.604004,2.319336,2.929688,-0.244141
2514,0.826172,-0.066406,-0.581055,0.854492,5.798340,-0.366211
2515,0.808105,-0.043457,-0.540527,0.122070,7.751465,1.281738
2516,0.798828,-0.044922,-0.521484,0.915527,5.737305,2.563477
2517,0.795410,-0.058105,-0.529297,0.366211,3.051758,3.173828
2518,0.797363,-0.066406,-0.550293,0.671387,0.549316,3.112793
2519,0.802246,-0.087891,-0.606934,4.028320,-2.441406,1.586914
2520,0.798828,-0.090820,-0.615723,6.164551,-0.549316,0.122070
2521,0.811035,-0.082520,-0.591309,3.051758,5.737305,-2.624512
2522,0.815430,-0.077637,-0.586914,0.000000,7.385254,-2.136230
2523,0.812012,-0.073730,-0.579590,-1.159668,7.812500,-0.671387
2524,0.805664,-0.076172,-0.577637,-2.136230,7.812500,0.183105
2525,0.789551,-0.083008,-0.566895,0.305176,6.042480,-1.770020
2526,0.794922,-0.078613,-0.562500,1.342773,5.981445,-3.417969
2527,0.810547,-0.075684,-0.559570,1.770020,5.920410,-4.455566
2528,0.816406,-0.074219,-0.563965,1.342773,5.004883,-4.272461
2529,0.811035,-0.079590,-0.587402,1.220703,4.699707,-3.601074
2530,0.813965,-0.071777,-0.580078,1.586914,6.347656,-3.234863
2531,0.818848,-0.073242,-0.554688,0.976562,5.371094,-1.831055
2532,0.808105,-0.076660,-0.550293,1.281738,3.234863,-1.770020
2533,0.810059,-0.066406,-0.548340,1.281738,1.892090,-1.770020
2534,0.820801,-0.065430,-0.559570,-0.793457,2.136230,-1.159668
2535,0.811523,-0.072266,-0.596680,-0.061035,3.845215,-0.366211
2536,0.805664,-0.074219,-0.587891,2.563477,3.967285,-0.610352
2537,0.827148,-0.059570,-0.582031,1.953125,6.103516,-1.953125
2538,0.841797,-0.052734,-0.574707,-1.403809,6.225586,-0.915527
2539,0.841309,-0.042969,-0.577637,-2.319336,6.713867,1.708984
2540,0.841797,-0.049805,-0.552246,-0.366211,7.568359,3.479004
2541,0.848633,-0.083008,-0.500488,-1.403809,5.615234,3.112793
2542,0.833984,-0.103516,-0.522461,-2.563477,3.112793,1.281738
2543,0.821777,-0.102539,-0.546875,-0.732422,2.380371,-1.464844
2544,0.818848,-0.048340,-0.569336,1.037598,6.408691,-3.601074
2545,0.816895,-0.041016,-0.558105,1.281738,7.812500,-2.197266
2546,0.801270,-0.060059,-0.538086,1.098633,5.554199,0.549316
2547,0.798828,-0.070801,-0.517090,1.892090,2.136230,0.915527
2548,0.801758,-0.071289,-0.511719,1.770020,-1.770020,0.793457
2549,0.809570,-0.070312,-0.535156,1.159668,-4.455566,0.793457
2550,0.812988,-0.070801,-0.567871,2.136230,-4.699707,0.976562
2551,0.796875,-0.072266,-0.585938,2.380371,1.892090,-0.610352
2552,0.800293,-0.068359,-0.583008,-0.061035,6.103516,-1.342773
2553,0.807129,-0.056152,-0.578613,-1.770020,8.361816,-0.366211
2554,0.818359,-0.071777,-0.555176,-1.525879,7.446289,2.258301
2555,0.825684,-0.083496,-0.542480,-2.136230,5.004883,0.854492
2556,0.833984,-0.078613,-0.549805,-2.197266,2.868652,-0.793457
2557,0.845215,-0.062012,-0.559082,0.061035,2.807617,-1.525879
2558,0.841797,-0.058594,-0.541992,2.929688,6.103516,-2.624512
2559,0.840332,-0.053223,-0.537598,2.990723,7.385254,-3.051758
2560,0.844727,-0.045898,-0.541504,2.136230,8.056641,-2.563477
2561,0.852051,-0.049805,-0.515625,0.183105,6.469727,-0.305176
2562,0.851562,-0.055664,-0.505859,-0.915527,4.272461,0.427246
2563,0.852051,-0.065918,-0.505859,-0.732422,1.708984,0.732422
2564,0.839355,-0.074707,-0.531738,1.403809,-3.112793,1.342773
2565,0.821289,-0.078613,-0.541504,2.685547,-3.234863,0.488281
2566,0.815918,-0.084473,-0.554688,2.868652,-1.770020,-0.854492
2567,0.811035,-0.077148,-0.588379,3.906250,3.356934,-1.770020
2568,0.800781,-0.073730,-0.575195,5.676270,6.530762,-1.892090
2569,0.793457,-0.069336,-0.573730,7.324219,8.605957,-1.647949
2570,0.795410,-0.062500,-0.495117,8.178711,8.544922,-2.685547
2571,0.824219,-0.040527,-0.483398,3.662109,3.356934,-0.854492
2572,0.814453,-0.049805,-0.491699,3.723145,-0.061035,0.610352
2573,0.800781,-0.062012,-0.517090,3.173828,-1.098633,0.854492
2574,0.785645,-0.061523,-0.549316,3.540039,0.793457,-0.061035
2575,0.769043,-0.043945,-0.576172,4.455566,11.169434,-1.831055
2576,0.774902,-0.025879,-0.579590,6.042480,17.456055,-1.403809
2577,0.791016,-0.021973,-0.549316,6.896973,22.155762,0.061035
2578,0.805664,-0.044434,-0.493652,6.469727,21.484375,4.638672
2579,0.805664,-0.048340,-0.487793,6.958008,18.066406,6.408691
2580,0.793945,-0.056641,-0.495605,5.737305,16.479492,7.385254
2581,0.760254,-0.052246,-0.531250,2.319336,17.639160,9.826660
2582,0.733398,-0.062988,-0.549316,2.075195,20.202637,11.474609
2583,0.684082,-0.099121,-0.514648,-1.098633,25.390625,10.253906
2584,0.729492,-0.087402,-0.591309,2.319336,41.503906,-0.366211
2585,0.744629,-0.073730,-0.574219,10.742188,49.072266,-1.403809
2586,0.724609,-0.073242,-0.539551,15.258789,56.030273,-3.112793
2587,0.655762,-0.067383,-0.480957,13.488770,67.443848,-8.544922
2588,0.628906,-0.054688,-0.448730,9.277344,72.265625,-11.352539
2589,0.642090,0.006348,-0.437500,10.559082,72.387695,-11.108398
2590,0.663086,0.045898,-0.435547,19.348145,68.786621,-3.540039
2591,0.674805,0.107422,-0.479004,45.837402,58.227539,14.160156
2592,0.643555,-0.016602,-0.422852,44.433594,59.753418,18.554688
2593,0.641602,0.004883,-0.475098,34.851074,82.275391,5.615234
2594,0.674316,0.020020,-0.491211,39.978027,94.299316,3.723145
2595,0.694824,0.060547,-0.461426,41.503906,108.947754,4.943848
2596,0.713867,0.149902,-0.348633,31.555176,138.427734,14.343262
2597,0.720703,0.242188,-0.269531,28.991699,150.878906,26.855469
2598,0.749512,0.280273,-0.172363,32.714844,159.057617,45.593262
2599,0.765625,0.225098,-0.332520,63.964844,206.115723,78.308105
2600,0.798340,0.095703,-0.191406,73.852539,251.464844,89.904785
2601,0.829102,-0.265625,0.090820,80.383301,274.291992,86.608887
2602,0.844727,-0.238281,0.051758,90.393066,272.583008,74.951172
2603,0.837891,-0.333008,0.270020,101.013184,255.371094,52.429199
2604,0.865234,-0.278320,0.354492,93.566895,253.906250,44.677734
2605,0.927734,-0.260254,0.555664,79.284668,247.558594,41.564941
2606,1.187988,-0.080566,0.744629,56.884766,184.509277,60.729980
2607,1.187012,-0.060059,0.665039,41.687012,160.949707,83.862305
2608,1.136230,-0.065430,0.587891,24.291992,153.015137,104.614258
2609,0.941406,-0.120605,0.496582,27.770996,150.756836,140.380859
2610,0.884277,-0.189941,0.633789,37.597656,148.559570,151.733398
2611,0.883789,-0.259766,0.742676,44.372559,142.089844,158.508301
2612,0.799316,-0.362305,0.730469,57.739258,121.276855,173.522949
2613,0.788574,-0.364746,0.811035,60.546875,105.346680,181.823730
2614,0.771973,-0.350586,0.923340,51.818848,78.796387,188.171387
2615,0.689941,-0.345703,0.850098,9.948730,27.526855,200.744629
2616,0.732422,-0.351562,0.816895,-11.108398,16.235352,214.782715
2617,0.805664,-0.388672,0.767578,-27.282715,4.577637,234.985352
2618,0.920410,-0.422363,0.631836,-25.268555,-4.211426,262.878418
2619,0.877441,-0.587402,0.480957,10.498047,-4.516602,323.364258
2620,0.819336,-0.698242,0.598633,33.264160,-9.033203,347.351074
2621,0.657715,-1.096191,0.326172,54.260254,1.342773,350.952148
2622,0.431152,-1.109375,0.447754,83.557129,48.950195,317.565918
2623,0.294922,-1.188477,0.540039,91.003418,71.105957,294.311523
2624,0.107910,-1.304199,0.619629,105.407715,83.312988,265.686035
2625,-0.066406,-1.406250,0.745117,121.887207,80.749512,220.031738
2626,0.029297,-1.335938,0.851074,136.718750,36.560059,79.040527
2627,0.233398,-1.062500,0.787598,145.568848,10.070801,24.108887
2628,0.319824,-0.796387,0.770020,170.715332,-17.089844,12.756348
2629,0.368164,-0.440430,0.709961,165.222168,-12.451172,29.846191
2630,0.358398,-0.372070,0.769043,143.127441,2.441406,49.560547
2631,0.333496,-0.415527,0.866699,105.346680,18.981934,66.162109
2632,0.275879,-0.481445,0.781250,60.546875,36.254883,77.148438
2633,0.136230,-0.461426,0.569824,36.254883,85.693359,93.139648
2634,0.128906,-0.431152,0.590820,46.936035,101.684570,105.041504
2635,0.080078,-0.529785,0.817871,72.875977,98.876953,132.202148
2636,0.016602,-0.573242,0.937988,81.665039,82.092285,135.803223
2637,-0.033691,-0.617188,1.011719,84.411621,60.363770,133.544922
2638,-0.049805,-0.619629,1.059570,85.205078,34.362793,129.394531
2639,-0.210938,-0.749023,0.847168,93.994141,-9.338379,92.834473
2640,-0.203613,-0.784180,0.849121,108.032227,-22.277832,65.307617
2641,-0.151367,-0.728516,0.944824,120.483398,-36.437988,39.978027
2642,0.006348,-0.528809,0.997070,124.450684,-58.410645,18.371582
2643,0.029297,-0.445801,0.936523,131.347656,-65.551758,18.798828
2644,0.074219,-0.375977,0.891602,163.513184,-82.275391,28.930664
2645,0.065430,-0.370605,0.995605,175.537109,-103.210449,31.555176
2646,0.056152,-0.415039,1.095215,174.804688,-130.615234,26.794434
2647,0.059082,-0.473145,1.187012,157.836914,-160.949707,12.390137
2648,0.098633,-0.501953,0.980469,103.271484,-197.753906,-38.330078
2649,0.169922,-0.418945,0.917480,65.795898,-187.133789,-64.819336
2650,0.258301,-0.312500,0.890137,-32.226562,-136.169434,-97.412109
2651,0.315918,-0.168457,0.825684,-71.350098,-112.792969,-102.539062
2652,0.291992,-0.202148,0.871094,-98.083496,-100.646973,-106.994629
2653,0.246582,-0.264160,0.900391,-118.835449,-97.656250,-115.356445
2654,0.241211,-0.345703,0.885254,-146.240234,-101.989746,-148.681641
2655,0.297363,-0.326660,0.877441,-152.404785,-101.074219,-162.292480
2656,0.374512,-0.289062,0.868164,-156.311035,-97.839355,-165.710449
2657,0.469238,-0.258301,0.801758,-154.785156,-90.576172,-155.639648
2658,0.504395,-0.262695,0.700195,-135.559082,-66.284180,-110.778809
2659,0.435059,-0.345703,0.717285,-118.530273,-51.696777,-95.214844
2660,0.371582,-0.475098,0.759277,-100.463867,-37.170410,-98.144531
2661,0.425293,-0.575195,0.848633,-55.480957,-23.254395,-137.634277
2662,0.455566,-0.544922,0.863770,-39.245605,-19.104004,-154.541016
2663,0.273926,-0.623047,0.944336,-40.222168,-8.239746,-171.875000
2664,0.252930,-0.567383,0.917480,-50.415039,4.272461,-200.683594
2665,0.392578,-0.252930,0.871582,-50.964355,-7.141113,-214.111328
2666,0.479004,-0.149414,0.837891,-38.330078,-26.855469,-205.627441
2667,0.540527,-0.094727,0.779297,-19.470215,-47.485352,-188.415527
2668,0.577637,-0.192871,0.593262,26.489258,-71.350098,-149.597168
2669,0.581055,-0.263184,0.505371,45.471191,-64.147949,-137.084961
2670,0.566406,-0.309082,0.423340,61.645508,-46.081543,-133.544922
2671,0.586914,-0.259766,0.221191,107.788086,23.803711,-145.812988
2672,0.632812,-0.074219,0.460938,123.474121,66.406250,-151.916504
2673,0.715332,0.038574,0.614258,112.304688,96.984863,-134.826660
2674,0.728516,-0.066895,0.836914,57.373047,116.149902,-89.416504
2675,0.725098,-0.104004,0.878418,29.968262,109.191895,-64.575195
2676,0.687500,-0.139648,0.895020,8.178711,96.191406,-38.391113
2677,0.548340,-0.260254,0.901367,-16.784668,59.082031,-3.784180
2678,0.513184,-0.231445,0.943359,-21.545410,32.165527,1.281738
2679,0.520996,-0.139648,1.012695,-23.193359,-1.403809,8.361816
2680,0.517578,-0.088379,1.096191,-30.944824,-37.414551,19.775391
2681,0.494141,-0.129395,1.043457,-74.890137,-92.041016,31.921387
2682,0.558594,-0.178711,0.960449,-94.909668,-102.416992,31.066895
2683,0.609375,-0.250000,0.842773,-101.196289,-103.332520,30.273438
2684,0.626953,-0.327637,0.671387,-84.838867,-79.345703,17.578125
2685,0.615723,-0.329102,0.659668,-72.387695,-63.049316,4.333496
2686,0.596680,-0.321777,0.661133,-59.082031,-49.560547,-10.498047
2687,0.591309,-0.327148,0.684570,-45.227051,-43.945312,-26.489258
2688,0.614258,-0.293945,0.644531,-21.423340,-38.879395,-54.565430
2689,0.636719,-0.249512,0.608887,-15.014648,-29.602051,-61.096191
2690,0.677734,-0.183105,0.597168,-18.737793,-9.826660,-63.964844
2691,0.699707,-0.165527,0.554688,-25.207520,-0.915527,-61.706543
2692,0.701660,-0.249512,0.580566,-32.714844,9.399414,-61.828613
2693,0.683594,-0.191895,0.620117,-38.452148,30.090332,-67.932129
2694,0.695312,-0.177734,0.714844,-35.217285,34.118652,-66.223145
2695,0.726074,-0.158691,0.806641,-31.433105,34.057617,-62.133789
2696,0.761719,-0.148926,0.902832,-33.569336,30.151367,-55.053711
2697,0.756348,-0.118164,0.913086,-41.320801,7.751465,-35.888672
2698,0.735352,-0.112793,0.892578,-43.151855,-4.516602,-27.893066
2699,0.755371,-0.101562,0.833008,-49.926758,-18.310547,-16.479492
2700,0.781738,-0.122070,0.788086,-48.522949,-21.911621,-13.488770
2701,0.803711,-0.125000,0.750000,-45.043945,-19.836426,-10.986328
2702,0.795410,-0.136230,0.707031,-40.466309,-12.634277,-7.751465
2703,0.745605,-0.202637,0.708008,-25.268555,4.455566,-9.582520
2704,0.722656,-0.185547,0.714355,-18.310547,9.155273,-12.817383
2705,0.673340,-0.151855,0.712891,-7.568359,8.850098,-13.793945
2706,0.670410,-0.159668,0.711914,-5.126953,7.141113,-14.587402
2707,0.680176,-0.155273,0.704590,-7.873535,5.371094,-17.272949
2708,0.651367,-0.148926,0.671387,-7.324219,4.211426,-17.944336
2709,0.597168,-0.188965,0.671875,-4.333496,2.136230,-21.789551
2710,0.680176,-0.125488,0.727539,-4.455566,-1.708984,-23.620605
2711,0.720215,-0.165039,0.731445,-18.005371,-5.676270,-18.859863
2712,0.710449,-0.195312,0.735352,-19.409180,-6.408691,-20.568848
2713,0.754395,-0.169434,0.737305,-14.709473,-6.713867,-16.845703
2714,0.759766,-0.161621,0.728027,-9.399414,-5.371094,-13.977051
2715,0.761719,-0.176270,0.729492,-6.530762,-2.136230,-13.183594
2716,0.773926,-0.186523,0.722168,-4.699707,4.272461,-15.441895
2717,0.786621,-0.186523,0.757812,7.263184,13.488770,-15.991211
2718,0.776855,-0.179688,0.781250,11.596680,12.207031,-16.540527
2719,0.757812,-0.161133,0.774902,11.230469,8.605957,-16.601562
2720,0.744629,-0.143066,0.738281,7.690430,6.652832,-15.502930
2721,0.731445,-0.134277,0.678223,6.530762,5.859375,-6.713867
2722,0.692383,-0.174316,0.689941,4.638672,2.441406,2.075195
2723,0.676270,-0.186035,0.668945,4.394531,3.051758,4.028320
2724,0.675293,-0.186035,0.663574,5.371094,5.187988,5.920410
2725,0.668945,-0.171875,0.684570,5.371094,6.225586,6.896973
2726,0.657715,-0.148438,0.742188,0.976562,2.441406,10.375977
2727,0.649902,-0.139160,0.739746,1.708984,-2.685547,10.253906
2728,0.658691,-0.101074,0.716309,3.784180,-7.202148,13.427734
2729,0.658203,-0.079102,0.706543,13.305664,-12.145996,25.207520
2730,0.685547,-0.076660,0.743164,16.662598,-15.747070,32.043457
2731,0.736816,-0.084961,0.764160,16.052246,-23.620605,39.428711
2732,0.802734,-0.072754,0.623535,11.718750,-29.907227,55.114746
2733,0.814941,-0.035156,0.538574,9.887695,-19.226074,69.396973
2734,0.815430,-0.020020,0.524902,10.375977,-2.075195,81.909180
2735,0.856934,-0.057129,0.568848,17.700195,26.794434,96.130371
2736,0.896973,-0.031738,0.486328,31.738281,39.550781,98.205566
2737,0.903809,0.040527,0.417969,69.946289,53.588867,106.506348
2738,0.914062,0.091797,0.647949,114.135742,94.177246,130.493164
2739,0.874023,0.062988,0.761230,102.783203,118.652344,146.484375
2740,0.776367,0.079590,0.665527,82.702637,142.456055,163.757324
2741,0.511719,0.007324,0.593262,79.650879,184.875488,190.124512
2742,0.391113,-0.078125,0.683105,67.504883,199.096680,194.458008
2743,0.333008,-0.097168,0.854492,43.518066,203.491211,194.091797
2744,0.315918,-0.057617,1.125000,-19.897461,149.108887,178.283691
2745,0.232910,-0.023438,0.915039,-33.447266,31.921387,140.869141
2746,0.214355,0.000977,0.777832,-32.897949,-10.559082,128.173828
2747,0.224609,-0.002441,0.701172,-27.587891,-39.245605,123.046875
2748,0.277832,-0.051758,0.687988,-18.371582,-58.227539,124.633789
2749,0.434570,-0.291992,0.733398,1.953125,-87.341309,130.981445
2750,0.476562,-0.421875,0.705078,17.150879,-95.031738,127.014160
2751,0.533203,-0.470703,0.617188,39.062500,-93.200684,119.873047
2752,0.584961,-0.481445,0.569336,69.091797,-80.200195,113.647461
2753,0.705566,-0.435547,0.622559,149.230957,-44.372559,115.112305
2754,0.746582,-0.406738,0.714355,194.030762,-29.235840,122.558594
2755,0.749512,-0.383301,0.794922,234.680176,-18.859863,127.685547
2756,0.566406,-0.381836,0.965820,264.099121,12.634277,103.393555
2757,0.495605,-0.341797,1.080566,236.083984,41.564941,70.434570
2758,0.514160,-0.171875,1.271973,163.757324,80.505371,25.085449
2759,0.613770,0.092773,1.385742,83.801270,96.069336,2.136230
2760,0.515625,0.114746,1.254883,49.682617,66.101074,-0.549316
2761,0.473145,0.193848,1.333984,64.941406,30.944824,17.211914
2762,0.396973,0.143555,1.308105,80.017090,-8.544922,39.978027
2763,0.387207,-0.003418,1.463867,51.574707,-45.227051,51.574707
2764,0.530273,-0.028320,1.618652,10.070801,-65.002441,57.922363
2765,0.543945,-0.094238,1.615723,-28.198242,-100.097656,59.753418
2766,0.325684,-0.148926,1.165039,-63.964844,-177.062988,32.958984
2767,0.317871,-0.121094,0.858398,-54.443359,-195.861816,14.465332
2768,0.367676,0.004883,0.541016,-25.329590,-193.664551,7.812500
2769,0.588379,0.000000,0.394531,49.865723,-143.798828,33.081055
2770,0.621582,-0.039551,0.425781,72.692871,-114.074707,49.133301
2771,0.598145,-0.103027,0.456543,81.420898,-84.594727,58.959961
2772,0.570312,-0.215332,0.492188,83.923340,-37.536621,56.884766
2773,0.541016,-0.231445,0.535156,85.144043,-25.024414,49.682617
2774,0.496582,-0.218750,0.599609,78.002930,-18.371582,38.574219
2775,0.483398,-0.178223,0.640625,63.232422,-14.343262,26.123047
2776,0.504883,-0.070801,0.707520,25.756836,-11.108398,16.357422
2777,0.513672,-0.031738,0.707520,8.666992,-9.521484,18.432617
2778,0.532715,0.005371,0.650391,-8.361816,3.051758,29.296875
2779,0.557129,-0.000488,0.625488,-5.676270,12.512207,36.560059
2780,0.583008,-0.011719,0.645020,0.427246,21.362305,43.090820
2781,0.603516,-0.062012,0.729980,2.807617,32.226562,50.415039
2782,0.594238,-0.084961,0.750977,-2.868652,38.452148,50.476074
2783,0.589355,-0.097656,0.788086,-9.277344,43.884277,49.987793
2784,0.573242,-0.154297,0.871094,-13.000488,40.771484,49.377441
2785,0.548828,-0.184570,0.899414,-9.948730,34.973145,47.546387
2786,0.530273,-0.210449,0.916504,-6.408691,27.893066,43.457031
2787,0.520996,-0.234863,0.907715,-1.770020,21.240234,37.109375
2788,0.529785,-0.274902,0.868164,16.418457,13.488770,18.127441
2789,0.525879,-0.257812,0.886719,24.597168,12.207031,6.713867
2790,0.536133,-0.206543,0.914551,27.038574,12.878418,-3.784180
2791,0.532227,-0.083008,0.938477,25.024414,15.380859,-12.939453
2792,0.519531,-0.035645,0.971680,22.338867,14.099121,-11.230469
2793,0.509277,-0.008301,1.011719,17.395020,9.582520,-7.202148
2794,0.497070,0.012207,1.044922,3.051758,-8.911133,5.859375
2795,0.492188,0.007812,1.010254,-4.699707,-18.188477,12.634277
2796,0.494141,-0.008789,0.948730,-10.803223,-24.902344,19.470215
2797,0.508301,-0.091309,0.805176,-13.916016,-23.742676,28.747559
2798,0.518555,-0.127441,0.775391,-13.244629,-16.296387,31.250000
2799,0.523438,-0.172852,0.767578,-14.953613,-8.789062,31.494141
2800,0.517090,-0.205566,0.799805,-19.775391,-3.601074,27.587891
2801,0.519043,-0.156250,0.827637,-39.672852,-2.624512,14.648438
2802,0.511719,-0.121582,0.778320,-41.320801,-4.638672,15.197754
2803,0.500488,-0.112793,0.736816,-34.973145,-5.126953,21.362305
2804,0.514648,-0.187012,0.785645,-26.733398,0.671387,40.344238
2805,0.520508,-0.284180,0.791504,-28.930664,3.784180,45.349121
2806,0.503906,-0.366699,0.787598,-30.761719,6.225586,41.687012
2807,0.492188,-0.419434,0.783691,-31.311035,8.850098,31.066895
2808,0.478027,-0.392090,0.766113,-24.719238,16.357422,-1.342773
2809,0.479004,-0.330078,0.757324,-15.014648,22.155762,-15.380859
2810,0.487305,-0.258789,0.777832,-2.502441,28.076172,-24.291992
2811,0.472656,-0.154785,0.871582,19.775391,31.494141,-28.076172
2812,0.447266,-0.118652,0.927246,24.475098,29.113770,-26.000977
2813,0.437988,-0.085449,0.977539,24.108887,21.240234,-22.521973
2814,0.427734,-0.053223,1.010254,11.962891,-5.615234,-9.887695
2815,0.422363,-0.054199,0.958984,1.708984,-17.761230,-2.624512
2816,0.435547,-0.058105,0.875000,-8.422852,-24.353027,3.784180
2817,0.492188,-0.103516,0.701172,-19.409180,-18.432617,15.319824
2818,0.521484,-0.155273,0.659668,-16.479492,-8.544922,19.653320
2819,0.520996,-0.238281,0.682617,-13.305664,8.239746,19.226074
2820,0.514160,-0.254883,0.690430,-13.916016,14.587402,14.892578
2821,0.513184,-0.257812,0.698242,-13.916016,19.226074,10.925293
2822,0.504395,-0.249512,0.701660,-13.549805,22.460938,7.751465
2823,0.479004,-0.202148,0.728516,-12.329102,27.954102,4.028320
2824,0.464355,-0.179199,0.758301,-16.235352,30.029297,4.333496
2825,0.453613,-0.165039,0.771973,-23.742676,31.860352,6.652832
2826,0.388672,-0.235352,0.809570,-49.987793,36.682129,13.183594
2827,0.357910,-0.280762,0.782227,-66.101074,41.992188,13.305664
2828,0.331055,-0.299805,0.696777,-82.763672,61.340332,2.807617
2829,0.346680,-0.271973,0.683105,-83.862305,78.369141,-1.953125
2830,0.350586,-0.251953,0.706543,-80.566406,98.083496,-2.319336
2831,0.333008,-0.253418,0.750000,-72.326660,116.149902,0.122070
2832,0.238770,-0.250488,0.976074,-35.217285,142.944336,21.972656
2833,0.164551,-0.292969,1.125000,-31.494141,134.399414,32.897949
2834,0.033203,-0.388672,1.272461,-35.705566,92.407227,40.344238
2835,-0.147461,-0.633301,1.690918,-37.414551,57.922363,37.963867
2836,0.069336,-0.700195,1.429199,-62.744141,7.812500,11.230469
2837,0.192871,-0.638184,1.210449,-65.795898,-23.925781,-6.164551
2838,0.088379,-0.566895,0.991699,-59.936523,-39.794922,-41.381836
2839,0.160645,-0.451172,0.933105,-55.236816,-33.081055,-51.818848
2840,0.220703,-0.400879,0.936035,-50.537109,-26.916504,-52.856445
2841,0.280762,-0.410156,1.022949,-48.156738,-32.165527,-45.349121
2842,0.276367,-0.550781,0.735840,-66.528320,-25.817871,-46.813965
2843,0.204590,-0.727539,0.532227,-89.111328,5.493164,-63.293457
2844,0.238281,-0.516602,0.682129,-88.928223,41.625977,-80.383301
2845,0.250488,-0.409180,0.800293,-92.590332,44.372559,-71.655273
2846,0.208008,-0.403320,0.845703,-89.965820,34.606934,-53.222656
2847,0.146973,-0.544434,0.800781,-51.818848,1.647949,-35.827637
2848,0.181152,-0.574707,0.792969,-34.790039,-8.728027,-38.757324
2849,0.237305,-0.577148,0.753418,-21.606445,-11.596680,-44.433594
2850,0.329590,-0.537598,0.652344,2.014160,8.605957,-49.621582
2851,0.334473,-0.516602,0.674316,10.192871,24.169922,-46.508789
2852,0.334961,-0.491211,0.753906,14.282227,36.071777,-41.687012
2853,0.324707,-0.479492,0.851074,3.417969,41.137695,-39.550781
2854,0.227539,-0.484863,1.051270,-14.099121,34.362793,-45.471191
2855,0.219727,-0.489746,1.096191,-31.860352,21.972656,-54.382324
2856,0.268066,-0.471680,1.098145,-45.166016,5.920410,-58.044434
2857,0.344727,-0.485352,0.995117,-60.241699,-25.634766,-53.222656
2858,0.362305,-0.503418,0.951660,-63.781738,-36.560059,-51.208496
2859,0.383301,-0.505859,0.934082,-71.594238,-42.358398,-43.640137
2860,0.312500,-0.565430,0.874512,-75.805664,-50.598145,-38.635254
2861,0.294922,-0.598633,0.799316,-69.824219,-53.283691,-43.029785
2862,0.291016,-0.614746,0.715820,-57.373047,-50.659180,-49.987793
2863,0.355469,-0.534668,0.518555,-13.122559,-12.329102,-53.649902
2864,0.411133,-0.423828,0.535156,12.878418,28.015137,-44.250488
2865,0.395020,-0.496582,0.522461,34.240723,72.814941,-39.550781
2866,0.378906,-0.528320,0.602051,55.480957,111.999512,-45.471191
2867,0.336914,-0.540527,0.702148,96.923828,134.277344,-63.476562
2868,0.521973,-0.397461,0.677246,145.080566,104.187012,-51.086426
2869,0.436523,-0.380371,0.900391,131.042480,94.909668,-37.902832
2870,0.337402,-0.306152,1.043945,47.119141,45.227051,-26.550293
2871,0.284180,-0.313477,1.070312,-0.854492,10.681152,-25.695801
2872,0.270996,-0.341797,1.104980,-43.579102,-27.526855,-26.184082
2873,0.309570,-0.399414,1.023926,-97.839355,-105.712891,-28.564453
2874,0.352051,-0.399414,0.923340,-113.586426,-132.019043,-29.846191
2875,0.394531,-0.427734,0.754883,-108.215332,-136.047363,-36.437988
2876,0.485840,-0.498535,0.513184,-92.041016,-116.149902,-44.433594
2877,0.539551,-0.494629,0.390625,-66.406250,-85.937500,-46.875000
2878,0.562012,-0.475586,0.327148,-32.958984,-44.189453,-44.433594
2879,0.557617,-0.476562,0.382812,46.447754,49.438477,-34.484863
2880,0.536133,-0.464355,0.508789,82.153320,87.219238,-33.325195
2881,0.503906,-0.428223,0.688965,107.238770,109.924316,-33.752441
2882,0.500488,-0.378906,0.972168,105.834961,106.384277,-33.020020
2883,0.486816,-0.392578,1.039062,84.350586,88.195801,-31.433105
2884,0.446289,-0.416504,1.020996,58.593750,68.664551,-30.090332
2885,0.446777,-0.372070,1.111816,32.531738,49.865723,-33.386230
2886,0.293945,-0.344238,0.953125,-3.784180,6.896973,-34.790039
2887,0.310547,-0.362793,0.904785,-12.268066,-15.625000,-48.217773
2888,0.447754,-0.325195,0.861816,-20.385742,-31.616211,-56.762695
2889,0.572754,-0.361328,0.717773,-38.269043,-32.043457,-52.795410
2890,0.555664,-0.371094,0.655762,-36.560059,-19.958496,-50.170898
2891,0.529297,-0.382324,0.646484,-23.071289,-7.263184,-46.203613
2892,0.606934,-0.391602,0.759766,9.948730,4.577637,-28.381348
2893,0.560059,-0.404297,0.889648,13.427734,-0.854492,-18.432617
2894,0.480469,-0.430176,0.905273,11.352539,-7.995605,-13.549805
2895,0.430176,-0.396484,0.744629,42.602539,-0.366211,-13.793945
2896,0.415039,-0.360840,0.831543,55.419922,9.216309,-18.981934
2897,0.340332,-0.330566,1.043457,24.719238,-6.347656,-38.635254
2898,0.417969,-0.345215,0.984375,3.234863,-22.766113,-46.813965
2899,0.460449,-0.369141,0.912598,-4.394531,-34.301758,-53.161621
2900,0.518066,-0.350098,0.833008,-1.892090,-41.442871,-56.518555
2901,0.702148,-0.301270,0.731934,25.451660,-41.564941,-34.118652
2902,0.642578,-0.316406,0.783691,17.578125,-33.081055,-24.536133
2903,0.606445,-0.311523,0.799805,4.211426,-25.695801,-22.216797
2904,0.590820,-0.318848,0.818359,-6.896973,-22.766113,-18.920898
2905,0.581055,-0.312500,0.865723,-29.174805,-20.080566,-7.934570
2906,0.580566,-0.328125,0.823730,-34.179688,-17.028809,-0.305176
2907,0.520020,-0.348633,0.765137,-28.259277,-5.737305,3.479004
2908,0.518555,-0.352051,0.706543,-20.507812,0.122070,-2.441406
2909,0.535156,-0.388184,0.689453,-8.789062,4.699707,-9.704590
2910,0.444824,-0.409180,0.860352,5.249023,-9.155273,-25.756836
2911,0.523926,-0.281250,1.017090,0.366211,-18.615723,-33.142090
2912,0.446777,-0.365723,0.683594,20.812988,-18.249512,-33.264160
2913,0.610352,-0.267090,0.745117,55.847168,2.685547,-38.940430
2914,0.602051,-0.265137,0.890625,40.588379,10.009766,-34.301758
2915,0.539551,-0.303223,0.939941,23.559570,6.835938,-30.273438
2916,0.528809,-0.305664,0.823242,12.634277,-5.676270,-26.245117
2917,0.525391,-0.292480,0.777344,14.099121,-6.286621,-24.414062
2918,0.505371,-0.285645,0.752441,14.160156,-5.310059,-23.498535
2919,0.484375,-0.279297,0.763672,12.756348,-6.652832,-22.827148
2920,0.492188,-0.253418,0.810059,-5.798340,-19.165039,-18.676758
2921,0.499023,-0.264160,0.788574,-16.357422,-26.977539,-15.563965
2922,0.519531,-0.251465,0.719238,-26.000977,-33.569336,-10.437012
2923,0.537109,-0.250488,0.734863,-31.188965,-30.944824,-7.507324
2924,0.547363,-0.245605,0.756836,-38.574219,-27.954102,-3.723145
2925,0.536133,-0.256836,0.758301,-42.175293,-27.282715,-0.427246
2926,0.543945,-0.260254,0.719238,-33.813477,-24.841309,0.366211
2927,0.560059,-0.268066,0.718262,-25.878906,-19.592285,-3.417969
2928,0.591309,-0.258789,0.755859,-18.676758,-14.038086,-7.263184
2929,0.618652,-0.285645,0.833008,-8.605957,-13.732910,-12.695312
2930,0.557617,-0.282227,0.876953,-4.943848,-20.996094,-18.859863
2931,0.564941,-0.270508,0.819824,-1.647949,-29.418945,-27.770996
2932,0.586914,-0.261230,0.799316,0.427246,-34.973145,-36.437988
2933,0.596680,-0.325684,0.831055,-0.854492,-42.419434,-54.626465
2934,0.626953,-0.198242,0.920898,-11.535645,-46.386719,-71.166992
2935,0.655273,-0.166992,0.815918,-8.789062,-52.978516,-78.063965
2936,0.596680,-0.272949,0.844238,-7.507324,-67.687988,-100.830078
2937,0.619141,-0.213867,0.810547,-15.380859,-72.814941,-114.868164
2938,0.642090,-0.081543,0.646484,-31.433105,-62.438965,-127.258301
2939,0.617188,-0.103027,0.541504,-31.127930,-45.410156,-133.117676
2940,0.630859,-0.084473,0.490723,-25.573730,-24.047852,-140.686035
2941,0.643555,-0.076172,0.439453,-12.207031,-1.403809,-145.446777
2942,0.653320,-0.079590,0.562988,39.428711,25.268555,-159.912109
2943,0.662598,-0.040527,0.661133,58.715820,23.010254,-165.588379
2944,0.665527,0.018555,0.690430,71.350098,14.709473,-168.701172
2945,0.672852,0.141113,0.687988,91.552734,-1.159668,-166.015625
2946,0.680664,0.198730,0.704590,95.886230,-7.812500,-158.447266
2947,0.676270,0.220703,0.709473,95.275879,-14.953613,-148.315430
2948,0.671387,0.239258,0.703613,91.979980,-22.399902,-138.000488
2949,0.609863,0.239746,0.605957,86.608887,-35.095215,-116.638184
2950,0.603027,0.283203,0.623047,94.238281,-42.602539,-110.168457
2951,0.612793,0.333496,0.694824,98.144531,-51.147461,-103.393555
2952,0.671875,0.461426,0.720215,69.030762,-58.593750,-86.669922
2953,0.749023,0.534180,0.699707,42.541504,-50.659180,-76.965332
2954,0.813965,0.539062,0.657715,6.652832,-32.714844,-51.330566
2955,0.802246,0.433594,0.571289,6.347656,-28.442383,-40.832520
2956,0.749512,0.398438,0.529785,10.559082,-23.498535,-35.827637
2957,0.706543,0.419922,0.540039,14.221191,-18.920898,-33.630371
2958,0.661621,0.445801,0.575195,14.282227,-14.099121,-36.376953
2959,0.678711,0.498535,0.626953,15.930176,-16.235352,-39.489746
2960,0.689941,0.484375,0.586426,15.747070,-22.399902,-34.912109
2961,0.725586,0.608887,0.500977,15.380859,-8.972168,-19.287109
2962,0.720703,0.519531,0.487793,14.160156,-0.488281,-15.380859
2963,0.722656,0.561523,0.505371,7.507324,5.310059,-11.718750
2964,0.712402,0.511230,0.510254,4.272461,6.408691,-11.718750
2965,0.718262,0.540039,0.542969,-10.620117,6.164551,-8.300781
2966,0.714355,0.551270,0.552734,-15.319824,3.967285,-3.295898
2967,0.708008,0.543457,0.559082,-19.348145,0.671387,2.258301
2968,0.691406,0.489746,0.545898,-31.433105,-0.671387,3.845215
2969,0.694824,0.468262,0.520996,-37.414551,4.211426,1.647949
2970,0.707031,0.434082,0.516113,-41.076660,13.244629,-0.854492
2971,0.700195,0.389160,0.499023,-42.541504,23.376465,-6.713867
2972,0.756836,0.455566,0.511230,-36.987305,46.447754,-18.310547
2973,0.723145,0.511719,0.520508,-35.339355,61.218262,-14.221191
2974,0.659668,0.505859,0.565918,-34.545898,76.538086,-9.277344
2975,0.593262,0.516602,0.628906,-29.846191,103.088379,-3.479004
2976,0.594238,0.494141,0.700195,-30.151367,111.083984,0.976562
2977,0.606934,0.441406,0.763184,-31.860352,111.389160,3.051758
2978,0.610352,0.387695,0.800293,-31.616211,104.858398,2.136230
2979,0.616699,0.346191,0.824219,-31.311035,93.200684,-0.671387
2980,0.645508,0.321777,0.761230,-32.836914,70.983887,-0.061035
2981,0.639160,0.274902,0.736328,-30.090332,61.767578,0.305176
2982,0.625488,0.236328,0.720215,-24.658203,52.429199,-2.319336
2983,0.625000,0.289551,0.745117,-7.568359,33.325195,-13.671875
2984,0.631836,0.361328,0.783691,-2.990723,24.047852,-14.099121
2985,0.612305,0.401855,0.837402,-6.469727,14.953613,-11.596680
2986,0.588867,0.427246,0.885742,-29.479980,-3.845215,-2.746582
2987,0.569336,0.410156,0.870117,-39.916992,-14.526367,2.197266
2988,0.539551,0.366211,0.841797,-48.095703,-24.169922,2.929688
2989,0.528320,0.350098,0.753906,-53.588867,-32.958984,-6.469727
2990,0.549805,0.366699,0.659180,-44.250488,-21.667480,-9.155273
2991,0.583984,0.389648,0.644531,-32.043457,-0.183105,-7.446289
2992,0.603027,0.402344,0.695312,-24.658203,20.690918,-5.371094
2993,0.630859,0.386719,0.875000,-25.939941,44.982910,-0.244141
2994,0.621094,0.361816,0.893066,-30.639648,47.241211,1.892090
2995,0.558594,0.340820,0.868652,-39.367676,40.954590,0.732422
2996,0.533691,0.348633,0.854492,-42.968750,35.888672,1.403809
2997,0.520508,0.353027,0.848633,-46.752930,32.409668,4.760742
2998,0.521973,0.354004,0.861816,-51.757812,30.395508,10.253906
2999,0.570801,0.341309,0.881836,-62.927246,26.123047,25.146484
3000,0.587402,0.312500,0.863770,-65.429688,23.437500,33.508301
3001,0.588379,0.259766,0.809570,-58.837891,17.395020,39.794922
3002,0.586426,0.241699,0.788086,-53.588867,15.991211,39.062500
3003,0.562012,0.224121,0.759766,-50.842285,18.371582,34.912109
3004,0.532715,0.204102,0.744629,-50.537109,25.634766,26.916504
3005,0.516602,0.212402,0.811035,-57.983398,44.250488,10.864258
3006,0.512207,0.224121,0.846191,-63.171387,49.621582,8.056641
3007,0.497559,0.223633,0.862305,-67.260742,51.269531,7.873535
3008,0.458984,0.192871,0.868652,-70.556641,46.569824,8.422852
3009,0.430664,0.182129,0.877441,-70.251465,40.405273,7.812500
3010,0.392090,0.173828,0.867188,-67.749023,32.714844,7.202148
3011,0.395996,0.202148,0.855469,-71.960449,26.733398,10.253906
3012,0.418945,0.216309,0.859375,-80.078125,26.855469,18.066406
3013,0.421387,0.201660,0.879883,-90.820312,26.000977,27.893066
3014,0.407227,0.155762,0.898438,-101.623535,22.583008,36.499023
3015,0.364746,0.034668,0.917480,-118.774414,10.620117,40.161133
3016,0.351074,-0.000488,0.883789,-125.000000,2.929688,36.987305
3017,0.363770,-0.006836,0.770508,-114.318848,-5.432129,32.287598
3018,0.366211,-0.024414,0.734863,-97.595215,-5.187988,31.127930
3019,0.375977,-0.044434,0.734863,-82.397461,-1.586914,31.066895
3020,0.380859,-0.060059,0.765137,-72.875977,2.990723,32.897949
3021,0.377930,-0.035156,0.579102,-55.114746,39.489746,51.269531
3022,0.395996,-0.007812,0.580566,-40.649414,73.181152,71.777344
3023,0.410645,-0.087402,0.880859,-41.259766,117.248535,120.056152
3024,0.381836,-0.165039,0.998047,-53.100586,120.910645,137.023926
3025,0.365234,-0.231934,1.062500,-65.551758,113.098145,147.460938
3026,0.301270,-0.343262,0.993652,-75.988770,80.749512,153.259277
3027,0.265137,-0.369629,0.946777,-75.622559,64.331055,149.536133
3028,0.215820,-0.386230,0.925781,-76.477051,50.720215,144.226074
3029,0.146484,-0.370605,0.980469,-89.904785,24.353027,126.586914
3030,0.134766,-0.375000,1.004883,-98.510742,9.887695,116.943359
3031,0.141602,-0.403320,1.034668,-103.149414,-5.065918,108.398438
3032,0.145508,-0.446777,1.057617,-103.637695,-20.263672,101.562500
3033,0.136719,-0.516113,1.055176,-101.501465,-48.583984,95.031738
3034,0.093750,-0.540039,0.996582,-101.684570,-56.823730,96.069336
3035,0.036621,-0.539062,0.819336,-91.430664,-48.828125,98.754883
3036,0.042969,-0.554688,0.741699,-78.430176,-37.780762,98.693848
3037,0.067383,-0.563965,0.696289,-58.593750,-25.695801,98.632812
3038,0.100098,-0.550781,0.693359,-33.264160,-15.380859,101.501465
3039,0.187012,-0.522949,0.805176,4.882812,1.770020,124.633789
3040,0.201660,-0.500000,0.877930,6.835938,7.202148,142.089844
3041,0.152344,-0.506836,0.880859,-7.202148,14.404297,170.471191
3042,0.104492,-0.528320,0.880371,-15.075684,20.446777,177.490234
3043,0.055664,-0.540039,0.894043,-19.165039,25.756836,180.541992
3044,0.004883,-0.531738,0.920410,-17.333984,27.160645,183.471680
3045,-0.066406,-0.552246,0.921875,-24.230957,10.131836,189.941406
3046,-0.090332,-0.601074,0.849609,-28.869629,-4.638672,188.659668
3047,-0.128418,-0.693848,0.773926,-30.456543,-16.845703,179.809570
3048,-0.173340,-0.795410,0.711914,-30.944824,-23.071289,161.987305
3049,-0.276855,-0.938965,0.616211,-34.851074,-13.549805,103.759766
3050,-0.285645,-0.927246,0.583496,-35.400391,-0.122070,71.411133
3051,-0.233887,-0.842285,0.558105,-34.606934,34.973145,21.850586
3052,-0.196777,-0.819336,0.595703,-34.423828,54.687500,4.394531
3053,-0.167969,-0.757324,0.690430,-38.391113,67.810059,-8.544922
3054,-0.154297,-0.699219,0.769531,-47.790527,70.617676,-15.563965
3055,-0.202637,-0.687012,0.870605,-67.382812,50.903320,-24.169922
3056,-0.248535,-0.742188,0.880859,-77.331543,34.423828,-33.325195
3057,-0.252930,-0.813477,0.858398,-86.669922,18.554688,-47.546387
3058,-0.166504,-0.859375,0.507812,-59.387207,2.807617,-69.274902
3059,-0.156250,-0.910156,0.516602,-34.729004,3.051758,-76.110840
3060,-0.127930,-0.870117,0.580566,-15.625000,2.990723,-80.322266
3061,-0.078125,-0.761719,0.693359,13.793945,-8.544922,-74.340820
3062,-0.076660,-0.774414,0.755859,25.146484,-21.301270,-71.166992
3063,-0.068359,-0.813477,0.825195,30.273438,-36.682129,-71.899414
3064,-0.036133,-0.759766,0.920898,17.089844,-57.128906,-68.359375
3065,-0.026855,-0.711426,0.872070,4.211426,-62.805176,-60.241699
3066,-0.013184,-0.661133,0.812988,-5.981445,-62.011719,-49.072266
3067,0.017578,-0.591797,0.705078,-22.094727,-43.212891,-23.986816
3068,0.026367,-0.599121,0.673828,-28.686523,-28.198242,-17.089844
3069,0.014160,-0.612305,0.659668,-35.461426,-11.840820,-15.380859
3070,-0.022461,-0.627930,0.671875,-44.433594,3.112793,-17.822266
3071,-0.082031,-0.652344,0.733887,-67.687988,18.188477,-29.846191
3072,-0.090332,-0.653809,0.778320,-82.885742,16.540527,-35.400391
3073,-0.083984,-0.728516,0.848633,-127.868652,0.915527,-43.518066
3074,-0.069824,-0.782715,0.822266,-154.724121,-7.446289,-47.851562
3075,-0.044434,-0.798340,0.759277,-181.640625,-13.122559,-52.795410
3076,-0.038086,-0.839844,0.676758,-206.481934,-16.601562,-59.143066
3077,0.001953,-0.810059,0.411133,-207.763672,-15.747070,-66.467285
3078,0.012695,-0.838379,0.329590,-187.805176,-11.230469,-69.152832
3079,0.018555,-0.872070,0.286621,-165.222168,-4.821777,-73.730469
3080,0.029297,-0.910645,0.274414,-143.432617,1.220703,-79.772949
3081,0.058105,-0.945801,0.254883,-96.923828,2.807617,-95.336914
3082,0.086426,-0.946777,0.243164,-69.580078,1.220703,-101.074219
3083,0.109863,-0.931152,0.265137,-45.166016,-0.976562,-103.088379
3084,0.138184,-0.948730,0.350098,-24.047852,-12.878418,-100.341797
3085,0.139648,-0.979004,0.380371,-24.475098,-21.545410,-103.271484
3086,0.138672,-0.986328,0.383789,-26.306152,-30.029297,-110.412598
3087,0.141113,-0.962402,0.331055,-19.592285,-39.855957,-132.629395
3088,0.149414,-0.958496,0.317383,-8.972168,-41.503906,-146.179199
3089,0.163086,-0.959473,0.321777,5.615234,-43.090820,-161.621094
3090,0.224609,-0.927246,0.354980,27.954102,-45.654297,-194.213867
3091,0.275391,-0.878906,0.365234,27.526855,-43.212891,-210.021973
3092,0.333984,-0.849609,0.357910,17.395020,-38.574219,-225.097656
3093,0.394043,-0.743652,0.330078,-12.023926,-20.996094,-259.094238
3094,0.439453,-0.667480,0.330078,-28.991699,-7.812500,-272.460938
3095,0.487793,-0.585938,0.327148,-43.457031,2.990723,-279.724121
3096,0.546387,-0.504395,0.330078,-38.940430,4.394531,-285.949707
3097,0.546875,-0.514160,0.338867,-24.841309,-3.417969,-288.391113
3098,0.544434,-0.490234,0.344238,-4.394531,-20.751953,-300.476074
3099,0.538086,-0.451172,0.327637,-0.366211,-24.291992,-310.424805
3100,0.548828,-0.402832,0.292480,4.882812,-24.597168,-322.814941
3101,0.580566,-0.357422,0.289062,11.596680,-23.315430,-336.059570
3102,0.642090,-0.324219,0.328125,14.953613,-22.216797,-348.937988
3103,0.842285,-0.164551,0.394531,5.126953,-27.709961,-364.990234
3104,0.954590,-0.029785,0.382812,-4.211426,-34.973145,-359.741211
3105,1.125000,0.301758,0.305664,-28.869629,-42.358398,-315.124512
3106,1.158203,0.406738,0.291992,-48.889160,-39.978027,-273.681641
3107,1.128418,0.387695,0.255371,-62.255859,-35.705566,-227.722168
3108,1.075195,0.116211,0.107422,-43.762207,-26.489258,-161.987305
3109,1.091797,0.062500,0.073730,-23.193359,-20.080566,-143.615723
3110,1.119141,0.061035,0.107422,-2.868652,-14.709473,-129.150391
3111,1.094238,0.190918,0.200684,18.188477,-16.723633,-100.891113
3112,1.075195,0.286621,0.211914,23.010254,-21.850586,-84.777832
3113,1.080078,0.276855,0.121094,31.127930,-23.864746,-65.429688
3114,1.165039,0.261230,0.096680,30.029297,-10.498047,-31.677246
3115,1.179688,0.299316,0.071289,32.165527,0.061035,-10.620117
3116,1.143555,0.279297,0.052734,35.583496,14.526367,10.437012
3117,1.080078,0.258301,0.075195,39.367676,29.663086,26.733398
3118,0.986816,0.259277,0.186035,38.024902,48.278809,48.400879
3119,0.966797,0.234863,0.247559,37.780762,47.912598,57.312012
3120,0.972656,0.146484,0.329590,39.306641,39.855957,67.626953
3121,0.977539,0.129883,0.333008,41.076660,35.339355,69.396973
3122,0.994141,0.123047,0.323730,42.724609,33.142090,70.434570
3123,1.019531,0.127930,0.327148,41.809082,33.203125,74.584961
3124,1.010254,0.126465,0.330078,28.686523,41.381836,86.486816
3125,0.975098,0.107910,0.267578,21.301270,49.011230,93.078613
3126,0.965820,0.130371,0.242676,18.066406,57.739258,101.257324
3127,0.958496,0.173340,0.248047,15.686035,64.941406,113.342285
3128,0.913574,0.133789,0.288574,8.789062,71.411133,141.174316
3129,0.908691,0.078125,0.321777,7.568359,69.580078,151.306152
3130,0.903320,0.022461,0.358887,7.812500,64.880371,157.775879
3131,0.894531,-0.021973,0.394531,8.117676,57.312012,160.766602
3132,0.897461,-0.043457,0.417969,13.732910,39.978027,168.701172
3133,0.905762,-0.056641,0.409180,20.324707,32.226562,173.339844
3134,0.902344,-0.080078,0.408691,27.954102,26.428223,177.551270
3135,0.876465,-0.174316,0.444824,43.518066,19.104004,178.039551
3136,0.872559,-0.216309,0.480469,47.912598,18.493652,173.889160
3137,0.863281,-0.239746,0.507812,48.400879,19.287109,169.250488
3138,0.808105,-0.274902,0.465820,40.405273,25.756836,155.456543
3139,0.791992,-0.287598,0.440430,35.949707,30.822754,145.263672
3140,0.777344,-0.304688,0.434570,31.311035,35.278320,132.690430
3141,0.753906,-0.333008,0.420410,26.000977,44.067383,105.163574
3142,0.737793,-0.315430,0.382324,27.465820,54.565430,93.505859
3143,0.715820,-0.306641,0.332031,33.142090,74.584961,83.374023
3144,0.708496,-0.311035,0.375488,39.306641,122.253418,67.932129
3145,0.725586,-0.312988,0.439453,42.236328,134.765625,63.537598
3146,0.738281,-0.307129,0.515137,47.668457,135.253906,62.438965
3147,0.748535,-0.300781,0.599609,58.715820,105.468750,70.312500
3148,0.756348,-0.288574,0.716797,58.776855,82.519531,77.514648
3149,0.758301,-0.268555,0.737305,50.354004,60.180664,86.242676
3150,0.767578,-0.236816,0.753418,32.165527,41.992188,97.229004
3151,0.745117,-0.219727,0.735352,-9.277344,16.967773,124.633789
3152,0.705078,-0.244629,0.713379,-24.719238,8.911133,140.136719
3153,0.667969,-0.278809,0.695801,-32.165527,0.793457,153.930664
3154,0.598145,-0.352539,0.670898,-18.371582,-20.446777,173.645020
3155,0.583496,-0.408203,0.669434,-0.854492,-33.081055,180.236816
3156,0.583496,-0.500488,0.660156,17.578125,-45.532227,183.654785
3157,0.581055,-0.598633,0.589355,31.188965,-48.706055,181.213379
3158,0.527344,-0.710938,0.368164,59.875488,-5.432129,156.433105
3159,0.513184,-0.701660,0.335938,77.209473,31.799316,140.686035
3160,0.500000,-0.652344,0.393066,94.116211,65.917969,126.525879
3161,0.463867,-0.566895,0.628906,116.516113,99.304199,105.957031
3162,0.449219,-0.526855,0.740723,119.262695,99.365234,100.402832
3163,0.434082,-0.491211,0.814941,115.966797,92.773438,98.449707
3164,0.372559,-0.377441,0.881836,95.581055,70.922852,108.764648
3165,0.347168,-0.306641,0.876465,79.711914,59.814453,119.934082
3166,0.344727,-0.254883,0.863281,63.659668,49.072266,133.666992
3167,0.312988,-0.262695,0.862305,43.762207,24.597168,164.184570
3168,0.265625,-0.336426,0.857910,34.729004,13.244629,174.194336
3169,0.216309,-0.436523,0.853516,26.245117,3.784180,176.452637
3170,0.158203,-0.611816,0.843262,11.169434,-8.544922,162.719727
3171,0.144043,-0.653809,0.825684,6.591797,-12.329102,152.038574
3172,0.144043,-0.666016,0.790039,7.934570,-14.953613,141.235352
3173,0.146484,-0.653809,0.744629,17.578125,-16.296387,131.347656
3174,0.110352,-0.649414,0.682617,57.434082,-13.122559,114.440918
3175,0.083496,-0.677246,0.683594,81.054688,-8.666992,103.454590
3176,0.068359,-0.740723,0.777344,116.027832,-2.441406,69.580078
3177,0.065918,-0.751953,0.861328,122.192383,-2.136230,47.851562
3178,0.067383,-0.727051,0.902832,122.009277,-2.563477,24.963379
3179,0.101074,-0.613281,0.846680,126.892090,1.831055,-12.023926
3180,0.122559,-0.557129,0.822266,143.005371,6.652832,-23.986816
3181,0.123047,-0.504883,0.831055,161.132812,9.948730,-32.348633
3182,0.106445,-0.460938,0.870117,176.208496,8.789062,-38.269043
3183,0.131348,-0.350586,1.233887,176.879883,-24.169922,-44.311523
3184,0.175293,-0.304688,1.258789,156.127930,-54.443359,-41.320801
3185,0.208984,-0.297852,0.978027,126.586914,-70.617676,-34.973145
3186,0.215820,-0.255859,0.939453,117.858887,-63.842773,-35.034180
3187,0.227051,-0.212402,0.928711,106.140137,-55.358887,-37.536621
3188,0.233398,-0.193848,0.934570,92.773438,-47.180176,-40.527344
3189,0.250977,-0.189941,0.934570,80.993652,-40.039062,-43.884277
3190,0.265137,-0.219727,1.019043,70.312500,-38.146973,-53.894043
3191,0.237305,-0.237793,1.023438,66.955566,-45.288086,-63.476562
3192,0.216797,-0.212402,0.915039,67.749023,-53.222656,-91.003418
3193,0.253418,-0.144531,0.928711,66.162109,-53.649902,-103.759766
3194,0.290527,-0.072266,0.978516,57.312012,-54.443359,-110.046387
3195,0.323242,-0.029785,1.029785,39.123535,-56.152344,-110.839844
3196,0.359375,-0.022949,0.993652,-22.094727,-51.513672,-114.624023
3197,0.370117,0.006348,1.025391,-65.124512,-47.485352,-122.192383
3198,0.380859,0.033203,1.046387,-105.895996,-51.269531,-128.967285
3199,0.233887,-0.111328,0.984863,-153.442383,-71.533203,-146.545410
3200,0.176758,-0.191406,0.983887,-159.851074,-82.763672,-164.978027
3201,0.243164,-0.173828,0.972168,-153.625488,-110.717773,-209.777832
3202,0.298340,-0.129395,0.942871,-148.193359,-124.389648,-229.431152
3203,0.358398,-0.067383,0.900391,-141.235352,-134.521484,-245.544434
3204,0.404785,-0.038086,0.837891,-132.629395,-137.023926,-258.911133
3205,0.544434,0.115234,0.812988,-144.714355,-109.130859,-268.981934
3206,0.583984,0.166992,0.888672,-166.442871,-91.552734,-257.385254
3207,0.608398,0.169434,0.943848,-183.471680,-83.312988,-239.440918
3208,0.574707,0.001465,0.863281,-184.509277,-90.576172,-211.120605
3209,0.566406,-0.083984,0.765137,-173.339844,-90.759277,-207.885742
3210,0.594727,-0.104492,0.681152,-159.057617,-81.298828,-205.993652
3211,0.622070,-0.083008,0.632812,-137.207031,-71.472168,-201.904297
3212,0.684082,-0.025879,0.600098,-68.847656,-57.922363,-185.119629
3213,0.710449,-0.027344,0.628418,-38.391113,-56.640625,-172.729492
3214,0.734375,-0.038086,0.659668,-5.249023,-61.340332,-152.038574
3215,0.759766,-0.000977,0.679199,0.854492,-65.002441,-143.920898
3216,0.772949,0.038086,0.675293,3.051758,-68.725586,-135.742188
3217,0.784180,0.061035,0.661133,4.211426,-71.899414,-126.281738
3218,0.813965,0.105957,0.625977,2.441406,-71.960449,-106.750488
3219,0.815918,0.132324,0.631836,-2.990723,-70.007324,-96.374512
3220,0.809570,0.151367,0.642578,-13.916016,-68.847656,-85.937500
3221,0.813477,0.170898,0.648438,-24.902344,-69.335938,-75.622559
3222,0.833008,0.200195,0.697754,-29.785156,-74.768066,-58.471680
3223,0.850098,0.193848,0.721191,-32.409668,-82.580566,-51.147461
3224,0.854492,0.178711,0.589844,-43.090820,-85.144043,-34.545898
3225,0.859863,0.154785,0.543457,-44.738770,-79.406738,-26.977539
3226,0.879883,0.163086,0.513184,-42.419434,-73.364258,-19.958496
3227,0.906738,0.163574,0.515625,-35.888672,-68.969727,-12.390137
3228,0.937988,0.159180,0.517090,-27.648926,-65.979004,1.098633
3229,0.922852,0.164062,0.506348,-27.099609,-63.354492,6.408691
3230,0.892090,0.137695,0.437012,-26.489258,-51.757812,11.718750
3231,0.897461,0.119629,0.455566,-25.512695,-40.161133,13.488770
3232,0.909668,0.123047,0.469727,-29.052734,-30.883789,16.906738
3233,0.900879,0.053711,0.393066,-31.311035,-10.131836,15.808105
3234,0.899902,0.033203,0.413086,-27.404785,-5.004883,10.498047
3235,0.901367,0.032715,0.429199,-22.277832,-2.258301,4.699707
3236,0.904785,0.050781,0.456055,-17.028809,-1.464844,1.159668
3237,0.907227,0.081055,0.507324,-15.014648,-2.319336,1.464844
3238,0.904785,0.110840,0.576660,-22.949219,-11.657715,10.864258
3239,0.909180,0.088379,0.600098,-30.883789,-18.432617,15.869141
3240,0.902832,0.030762,0.588867,-49.316406,-36.560059,18.859863
3241,0.903809,0.026367,0.557129,-54.931641,-45.593262,16.540527
3242,0.907715,0.020020,0.522461,-57.434082,-52.368164,13.793945
3243,0.894531,0.008789,0.484375,-55.908203,-56.701660,11.291504
3244,0.869141,0.003906,0.448730,-44.677734,-57.617188,8.300781
3245,0.873047,0.010742,0.437500,-40.283203,-55.419922,9.216309
3246,0.873535,0.041504,0.395020,-39.184570,-48.339844,17.456055
3247,0.875000,0.037109,0.369629,-37.658691,-45.715332,20.568848
3248,0.870117,0.025391,0.354004,-35.095215,-43.640137,21.179199
3249,0.850586,-0.012695,0.382812,-34.606934,-40.710449,18.249512
3250,0.859863,-0.008301,0.372559,-37.536621,-41.076660,17.150879
3251,0.865234,-0.006348,0.341797,-36.010742,-41.137695,15.808105
3252,0.864746,-0.049805,0.330078,-25.939941,-37.353516,11.169434
3253,0.869141,-0.048340,0.327148,-23.315430,-33.569336,9.399414
3254,0.928223,-0.046387,0.276367,-20.202637,-16.906738,8.972168
3255,0.933105,-0.064453,0.270508,-18.432617,-5.249023,9.338379
3256,0.921875,-0.069824,0.272949,-16.784668,5.920410,9.582520
3257,0.904297,-0.074219,0.278320,-14.648438,15.625000,9.948730
3258,0.885742,-0.101074,0.315430,-9.582520,27.648926,10.314941
3259,0.899414,-0.103516,0.341797,-9.216309,30.090332,10.681152
3260,0.909180,-0.094238,0.356934,-10.803223,30.090332,11.230469
3261,0.910645,-0.121094,0.377441,-18.554688,27.404785,10.803223
3262,0.912109,-0.148926,0.374023,-22.460938,25.695801,10.253906
3263,0.906738,-0.172363,0.370605,-24.536133,24.230957,9.277344
3264,0.906250,-0.182617,0.332520,-22.216797,22.949219,6.591797
3265,0.912598,-0.194824,0.318359,-15.991211,23.010254,4.394531
3266,0.921387,-0.219727,0.333496,-10.498047,22.216797,0.854492
3267,0.954590,-0.252441,0.425293,-9.033203,13.000488,-9.460449
3268,0.986816,-0.238281,0.449219,-14.160156,4.455566,-13.671875
3269,1.000977,-0.206543,0.452637,-20.812988,-5.249023,-14.831543
3270,0.994141,-0.190430,0.448242,-29.907227,-21.728516,-10.375977
3271,0.962402,-0.193848,0.395996,-30.151367,-25.878906,-7.690430
3272,0.951660,-0.191895,0.374023,-28.076172,-27.099609,-5.187988
3273,0.948730,-0.183105,0.347656,-24.658203,-26.000977,-2.685547
3274,0.948242,-0.169922,0.318359,-13.305664,-12.756348,2.624512
3275,0.975098,-0.183105,0.352539,-9.460449,-8.605957,5.065918
3276,1.005371,-0.184570,0.377441,-9.460449,-9.094238,6.958008
3277,1.008301,-0.159180,0.365234,-15.075684,-18.981934,11.718750
3278,0.983887,-0.165527,0.330566,-17.211914,-23.986816,12.817383
3279,0.954102,-0.179688,0.292480,-17.028809,-26.306152,10.986328
3280,0.942383,-0.161133,0.240234,-13.671875,-19.470215,3.173828
3281,0.957520,-0.144531,0.221191,-13.488770,-9.948730,2.258301
3282,0.952637,-0.146973,0.224609,-14.160156,1.159668,3.479004
3283,0.939941,-0.163086,0.250000,-14.343262,10.620117,5.371094
3284,0.933105,-0.208008,0.302246,-14.099121,18.188477,6.713867
3285,0.927246,-0.214355,0.316895,-16.052246,17.517090,6.042480
3286,0.904785,-0.237305,0.338867,-21.362305,10.375977,1.831055
3287,0.890137,-0.239258,0.341797,-23.681641,4.699707,-1.220703
3288,0.875000,-0.224121,0.344238,-25.878906,-1.281738,-3.295898
3289,0.865723,-0.210938,0.345215,-26.794434,-7.202148,-3.784180
3290,0.866211,-0.202148,0.333008,-20.446777,-18.798828,-1.708984
3291,0.873535,-0.195312,0.331055,-15.075684,-23.742676,0.488281
3292,0.896973,-0.197266,0.332520,-11.535645,-27.526855,3.601074
3293,0.973145,-0.220215,0.331055,-11.352539,-30.700684,6.530762
3294,0.996094,-0.210449,0.322754,-14.160156,-30.395508,7.263184
3295,0.998535,-0.197754,0.306641,-17.150879,-29.602051,8.789062
3296,1.000977,-0.210938,0.274902,-18.554688,-26.062012,10.559082
3297,0.989258,-0.208496,0.257324,-17.333984,-23.742676,10.009766
3298,0.971191,-0.195312,0.240234,-15.747070,-20.874023,9.216309
3299,0.939941,-0.183594,0.218750,-11.169434,-13.732910,8.789062
3300,0.942383,-0.192383,0.217285,-10.437012,-8.605957,8.056641
3301,0.949219,-0.196777,0.223145,-11.108398,-4.150391,6.042480
3302,0.924805,-0.187500,0.227051,-11.779785,-0.793457,2.197266
3303,0.903809,-0.189453,0.225586,-10.437012,-0.793457,0.610352
3304,0.891602,-0.188965,0.226074,-8.666992,-0.732422,-0.793457
3305,0.895996,-0.186523,0.226074,-5.859375,0.366211,-1.831055
3306,0.935059,-0.196289,0.210449,-3.784180,1.281738,-1.647949
3307,0.936035,-0.194336,0.204102,0.732422,1.892090,-1.098633
3308,0.923828,-0.195312,0.225098,5.798340,2.075195,0.061035
3309,0.912598,-0.195312,0.310547,8.544922,-0.122070,2.929688
3310,0.922852,-0.193359,0.339355,4.943848,-3.967285,4.699707
3311,0.933105,-0.178223,0.324707,-0.427246,-8.422852,6.835938
3312,0.929688,-0.201660,0.280762,-8.239746,-11.901855,9.826660
3313,0.934082,-0.212891,0.271973,-9.826660,-11.840820,9.948730
3314,0.942871,-0.211914,0.264648,-9.765625,-11.596680,10.131836
3315,0.965820,-0.206055,0.252930,-7.141113,-11.901855,12.512207
3316,0.968262,-0.203125,0.237793,-6.042480,-12.145996,14.099121
3317,0.962402,-0.207031,0.222168,-4.638672,-12.023926,15.258789
3318,0.922852,-0.250977,0.208496,1.159668,-9.582520,7.263184
3319,0.916016,-0.258789,0.234375,4.516602,-8.972168,-3.234863
3320,0.947754,-0.209961,0.262207,2.990723,-7.141113,-17.578125
3321,0.962402,-0.171875,0.241699,-2.807617,-2.990723,-16.540527
3322,0.965820,-0.156250,0.225098,-6.652832,1.464844,-11.718750
3323,0.943848,-0.189941,0.202148,-2.319336,5.859375,-1.525879
3324,0.937500,-0.204102,0.210938,2.014160,5.981445,0.854492
3325,0.953613,-0.208496,0.246094,4.089355,3.967285,3.540039
3326,0.961426,-0.196777,0.252441,1.403809,2.807617,5.981445
3327,0.960938,-0.196289,0.257324,-2.075195,1.098633,9.460449
3328,0.954590,-0.232422,0.257812,-2.136230,-5.676270,11.535645
3329,0.952637,-0.240723,0.265625,0.671387,-9.399414,9.094238
3330,0.951660,-0.237305,0.268555,1.342773,-11.657715,6.591797
3331,0.954590,-0.221680,0.257812,-3.295898,-9.033203,4.150391
3332,0.955566,-0.217773,0.243652,-4.821777,-5.920410,4.211426
3333,0.950195,-0.220703,0.227051,-3.601074,-2.990723,4.333496
3334,0.939941,-0.228516,0.225098,2.563477,1.403809,2.868652
3335,0.940918,-0.228516,0.240723,4.272461,2.197266,1.647949
3336,0.943359,-0.228027,0.250977,3.723145,1.953125,0.427246
3337,0.938965,-0.219238,0.251465,-0.061035,0.000000,-1.281738
3338,0.936523,-0.224121,0.247559,-0.976562,-1.586914,-1.647949
3339,0.937988,-0.218262,0.238770,-1.403809,-3.051758,-1.708984
3340,0.946289,-0.216309,0.237793,-1.647949,-4.516602,0.122070
3341,0.950684,-0.219238,0.244141,-3.417969,-5.004883,1.464844
3342,0.946777,-0.218750,0.238281,-5.126953,-5.310059,3.173828
3343,0.933594,-0.222168,0.232422,-5.310059,-6.774902,5.676270
3344,0.927734,-0.226562,0.239746,-4.455566,-7.934570,5.859375
3345,0.928223,-0.229492,0.251465,-4.333496,-9.033203,5.920410
3346,0.937988,-0.227051,0.247070,-6.286621,-9.399414,6.103516
3347,0.935547,-0.235840,0.247559,-7.629395,-8.911133,5.737305
3348,0.935059,-0.248047,0.239746,-7.751465,-8.178711,4.455566
3349,0.940918,-0.250488,0.227539,-5.187988,-5.249023,1.647949
3350,0.947754,-0.229980,0.207031,-3.479004,-2.746582,1.464844
3351,0.947754,-0.228027,0.209961,-2.136230,-0.244141,1.892090
3352,0.947266,-0.244629,0.216309,1.220703,3.601074,-1.037598
3353,0.951660,-0.248047,0.236816,2.624512,4.089355,-5.004883
3354,0.956055,-0.244629,0.253418,2.563477,3.173828,-8.850098
3355,0.962891,-0.234863,0.260254,1.403809,2.014160,-11.291504
3356,0.974121,-0.207031,0.238281,-2.319336,2.014160,-9.094238
3357,0.970703,-0.204102,0.223633,-3.417969,3.295898,-5.432129
3358,0.964844,-0.209961,0.216797,-3.356934,4.333496,-1.892090
3359,0.957031,-0.216797,0.225098,-0.244141,1.831055,2.441406
3360,0.957520,-0.225098,0.231445,1.220703,-1.342773,2.929688
3361,0.976074,-0.234375,0.224121,-0.549316,-4.699707,2.746582
3362,0.982422,-0.243164,0.226562,-3.356934,-4.516602,2.502441
3363,0.989258,-0.246582,0.219727,-6.225586,-4.150391,2.258301
3364,0.994141,-0.239746,0.208008,-6.713867,-4.150391,3.051758
3365,0.987305,-0.249512,0.208984,-2.990723,-3.295898,4.882812
3366,0.985352,-0.254395,0.209473,-0.305176,-2.685547,3.662109
3367,0.990723,-0.258789,0.207031,3.234863,-1.708984,0.793457
3368,0.978027,-0.256348,0.211914,6.835938,4.089355,-6.774902
3369,0.959961,-0.245117,0.220703,5.432129,9.460449,-9.582520
3370,0.938477,-0.230469,0.235352,3.967285,14.343262,-11.291504
3371,0.916016,-0.188965,0.252930,5.310059,16.418457,-9.948730
3372,0.915527,-0.178711,0.255371,8.666992,13.305664,-6.164551
3373,0.916992,-0.174805,0.257812,11.169434,9.521484,-1.464844
3374,0.915527,-0.180664,0.267578,10.864258,5.859375,3.112793
3375,0.937012,-0.193359,0.245117,4.882812,0.183105,9.033203
3376,0.948242,-0.200684,0.217773,2.014160,0.976562,10.375977
3377,0.917969,-0.212402,0.194824,2.746582,8.422852,10.070801
3378,0.898438,-0.210938,0.214844,5.798340,12.023926,8.605957
3379,0.880371,-0.207031,0.251465,7.690430,13.977051,5.554199
3380,0.867676,-0.186523,0.265137,9.094238,14.099121,2.746582
3381,0.877930,-0.162109,0.245605,15.563965,11.047363,3.723145
3382,0.885742,-0.167480,0.262695,19.104004,8.300781,5.798340
3383,0.893066,-0.185547,0.292969,19.714355,3.662109,7.629395
3384,0.956543,-0.224121,0.301758,12.145996,-5.310059,9.460449
3385,0.977539,-0.248047,0.297363,7.812500,-6.042480,9.826660
3386,0.982910,-0.268066,0.324707,-1.403809,-3.356934,7.263184
3387,0.976074,-0.252441,0.327637,-5.371094,-2.746582,5.249023
3388,0.968262,-0.249023,0.304199,-7.568359,-2.624512,3.845215
3389,0.971191,-0.249512,0.278320,-5.676270,-2.868652,2.380371
3390,0.983887,-0.231445,0.238770,4.333496,-1.708984,2.990723
3391,0.972656,-0.227051,0.221191,5.065918,1.770020,5.859375
3392,0.952148,-0.229492,0.223633,2.746582,5.432129,7.934570
3393,0.935059,-0.239746,0.283203,-1.953125,4.028320,9.643555
3394,0.931641,-0.234375,0.285156,-1.770020,-0.915527,9.582520
3395,0.932129,-0.236328,0.290039,0.366211,-6.530762,9.460449
3396,0.958984,-0.230469,0.276367,-2.624512,-9.948730,8.911133
3397,0.953125,-0.228516,0.251953,-5.859375,-7.385254,9.521484
3398,0.928223,-0.242188,0.229492,-8.422852,-3.601074,8.666992
3399,0.894043,-0.244141,0.180176,-4.577637,4.211426,5.004883
3400,0.884277,-0.242676,0.190430,0.366211,7.385254,3.784180
3401,0.880371,-0.240723,0.209473,4.577637,9.094238,3.234863
3402,0.905762,-0.262695,0.269531,6.347656,6.286621,1.281738
3403,0.919922,-0.263672,0.283691,4.272461,2.929688,-0.427246
3404,0.916504,-0.257812,0.294922,1.525879,-1.464844,-2.685547
3405,0.908203,-0.246582,0.260742,-0.915527,-8.850098,-8.239746
3406,0.919922,-0.240234,0.239746,-1.220703,-8.605957,-9.826660
3407,0.943848,-0.238281,0.224609,-1.586914,-5.920410,-10.070801
3408,0.962891,-0.233887,0.218750,-1.770020,-2.014160,-9.155273
3409,0.956055,-0.236816,0.233398,1.037598,3.967285,-6.347656
3410,0.946289,-0.239746,0.250000,2.746582,4.882812,-6.042480
3411,0.952637,-0.227539,0.279785,3.295898,2.990723,-4.943848
3412,0.969727,-0.226074,0.291504,2.075195,0.427246,-4.028320
3413,0.979004,-0.232422,0.271484,-0.915527,-1.953125,-3.295898
3414,0.959961,-0.239746,0.248535,-5.615234,-3.173828,-2.014160
3415,0.951172,-0.231445,0.241699,-5.737305,-3.540039,-0.671387
3416,0.943848,-0.223145,0.233398,-5.187988,-2.746582,1.037598
3417,0.926758,-0.222168,0.242676,-4.943848,-1.525879,1.953125
3418,0.921387,-0.230957,0.265137,-2.990723,-2.502441,0.732422
3419,0.931641,-0.237305,0.247070,-1.831055,-2.929688,-1.708984
3420,0.926270,-0.252441,0.221680,1.220703,0.427246,-11.230469
3421,0.934082,-0.234375,0.221191,1.708984,3.967285,-15.686035
3422,0.942383,-0.203613,0.228516,2.441406,7.690430,-15.502930
3423,0.931152,-0.198242,0.251953,4.150391,10.253906,-7.324219
3424,0.933594,-0.206055,0.260254,6.713867,7.629395,-4.272461
3425,0.938477,-0.224121,0.275879,9.460449,2.746582,-4.394531
3426,0.936035,-0.204102,0.304688,9.887695,-9.216309,-9.033203
3427,0.930664,-0.193359,0.310059,6.958008,-13.732910,-10.375977
3428,0.959473,-0.178223,0.310547,0.976562,-15.014648,-8.666992
3429,0.993164,-0.190918,0.289062,-6.591797,-13.854980,-2.258301
3430,0.995605,-0.240234,0.222656,-3.540039,-8.544922,0.366211
3431,0.985840,-0.227051,0.237793,0.610352,-3.845215,-0.793457
3432,0.972168,-0.211914,0.255371,0.976562,-1.037598,-0.061035
3433,0.938965,-0.209961,0.243164,-4.028320,4.821777,2.868652
3434,0.925293,-0.208496,0.244141,-5.004883,9.399414,3.417969
3435,0.897949,-0.229004,0.266113,-3.112793,15.502930,3.051758
3436,0.897949,-0.247070,0.269531,-1.525879,16.052246,0.427246
3437,0.909180,-0.253906,0.265625,-0.976562,16.601562,-3.479004
3438,0.928223,-0.253906,0.258301,-3.356934,17.211914,-10.559082
3439,0.952148,-0.236328,0.246094,-3.051758,15.747070,-11.962891
3440,0.957031,-0.215332,0.261719,-3.295898,12.145996,-10.437012
3441,0.968262,-0.195312,0.270020,-6.225586,6.896973,-4.882812
3442,0.967773,-0.199707,0.244141,-3.234863,-4.699707,3.540039
3443,0.970215,-0.214844,0.260742,2.746582,-10.192871,2.807617
3444,1.005371,-0.215820,0.276855,4.333496,-14.526367,-2.502441
3445,1.010742,-0.200195,0.300781,0.000000,-11.779785,-3.173828
3446,0.999512,-0.192871,0.320312,-5.187988,-7.019043,-1.037598
3447,0.982422,-0.198242,0.341797,-9.399414,-2.807617,2.014160
3448,0.945801,-0.225098,0.301758,-9.460449,3.112793,5.981445
3449,0.945312,-0.235840,0.279297,-7.568359,5.126953,5.920410
3450,0.961914,-0.243652,0.266113,-7.019043,6.713867,4.699707
3451,0.947266,-0.199707,0.219238,-7.812500,10.681152,6.042480
3452,0.911621,-0.216309,0.203613,-4.638672,13.061523,6.347656
3453,0.889648,-0.227539,0.209473,-0.122070,14.648438,3.845215
3454,0.900879,-0.177734,0.302734,-11.047363,14.831543,3.417969
3455,0.883301,-0.215332,0.300781,-23.559570,12.390137,5.126953
3456,0.885742,-0.257812,0.262207,-29.174805,9.765625,2.990723
3457,0.890625,-0.261230,0.253906,-28.564453,7.568359,0.000000
3458,0.922852,-0.260742,0.229492,-17.517090,2.929688,-2.380371
3459,0.946777,-0.243164,0.213379,-8.666992,2.624512,-0.183105
3460,0.983398,-0.236816,0.161133,21.423340,7.873535,13.244629
3461,0.985352,-0.231445,0.135254,41.076660,14.526367,22.277832
3462,0.971191,-0.244141,0.162109,57.434082,22.583008,30.334473
3463,0.966309,-0.214844,0.209961,66.528320,29.357910,36.987305
3464,0.938965,-0.146484,0.477539,33.691406,36.682129,59.692383
3465,0.911133,-0.279785,0.571289,-1.586914,24.536133,62.072754
3466,0.854980,-0.362305,0.516602,-28.198242,8.666992,52.246094
3467,0.867188,-0.388672,0.453613,-43.823242,-20.629883,18.798828
3468,0.886719,-0.363281,0.386719,-45.410156,-33.447266,6.103516
3469,0.923340,-0.341309,0.294922,-41.992188,-39.245605,-3.051758
3470,0.967285,-0.329102,0.233887,-35.095215,-36.682129,-8.117676
3471,1.025391,-0.330566,0.113281,0.305176,-14.160156,-4.882812
3472,1.029297,-0.322754,0.071289,31.982422,5.126953,0.244141
3473,1.033691,-0.289062,0.092285,64.270020,26.855469,7.141113
3474,0.975586,-0.241699,0.263184,94.299316,66.650391,21.301270
3475,0.808594,-0.231445,0.431641,65.856934,87.097168,10.681152
3476,0.769531,-0.259766,0.421875,50.476074,84.838867,-3.845215
3477,0.768066,-0.266602,0.397949,44.067383,77.148438,-15.991211
3478,0.784668,-0.217773,0.409180,36.682129,68.908691,-20.019531
3479,0.816895,-0.205078,0.579590,-7.934570,38.330078,1.464844
3480,0.817871,-0.274414,0.574219,-28.808594,11.596680,10.437012
3481,0.816895,-0.313965,0.535645,-43.273926,-15.014648,12.390137
3482,0.835938,-0.306152,0.485352,-54.626465,-35.400391,13.061523
3483,0.846680,-0.316895,0.335938,-61.340332,-41.381836,12.451172
3484,0.862305,-0.320801,0.223633,-46.875000,-28.686523,6.652832
3485,0.890625,-0.277832,0.318848,-8.056641,6.835938,-5.859375
3486,0.886230,-0.252930,0.356934,5.126953,11.840820,-4.943848
3487,0.862305,-0.292969,0.339844,19.348145,14.221191,-2.807617
3488,0.842773,-0.321777,0.319336,31.982422,19.104004,-5.126953
3489,0.867676,-0.290527,0.375977,43.701172,29.907227,-8.544922
3490,0.868164,-0.297363,0.408203,37.841797,33.874512,-10.620117
3491,0.870605,-0.281250,0.419922,28.259277,36.621094,-13.244629
3492,0.889648,-0.199219,0.481445,9.033203,33.996582,-8.789062
3493,0.875000,-0.229980,0.510742,-2.014160,26.855469,-1.953125
3494,0.860352,-0.297852,0.481445,-9.094238,17.089844,1.342773
3495,0.874512,-0.338867,0.435547,-14.648438,1.892090,-0.305176
3496,0.890625,-0.333984,0.437012,-12.695312,-4.821777,0.183105
3497,0.897461,-0.329590,0.445312,-11.413574,-10.070801,1.464844
3498,0.885742,-0.306641,0.440430,-10.986328,-16.723633,5.493164
3499,0.878418,-0.296875,0.414551,-10.498047,-17.395020,6.774902
3500,0.881836,-0.285156,0.399414,-10.375977,-16.113281,7.385254
3501,0.888184,-0.276367,0.385254,-8.911133,-12.145996,7.995605
3502,0.879883,-0.270508,0.399902,-6.469727,-11.657715,8.361816
3503,0.876465,-0.272949,0.411621,-6.530762,-11.535645,7.873535
3504,0.877930,-0.268066,0.410156,-7.019043,-11.779785,6.530762
3505,0.871582,-0.282227,0.386230,-5.615234,-9.948730,5.432129
3506,0.871094,-0.280762,0.378418,-2.807617,-7.080078,4.516602
3507,0.874023,-0.275391,0.376465,0.854492,-5.065918,3.601074
3508,0.885254,-0.262207,0.385254,4.455566,-1.464844,0.976562
3509,0.888184,-0.266602,0.380371,3.845215,0.610352,0.427246
3510,0.877441,-0.285645,0.372559,2.197266,3.906250,-0.793457
3511,0.885254,-0.258789,0.382324,3.356934,8.300781,-2.929688
3512,0.886719,-0.247559,0.397949,5.493164,6.958008,-0.793457
3513,0.878418,-0.268066,0.411133,6.652832,4.089355,1.037598
3514,0.885742,-0.289551,0.399902,4.577637,0.854492,0.305176
3515,0.881348,-0.288574,0.377441,5.065918,1.098633,-0.183105
3516,0.866699,-0.284180,0.375977,5.187988,2.990723,-1.098633
3517,0.856445,-0.267578,0.393066,8.056641,1.708984,-0.427246
3518,0.846680,-0.263672,0.415527,8.666992,-1.525879,0.427246
3519,0.847168,-0.273926,0.403320,7.324219,-5.004883,1.159668
3520,0.857422,-0.270996,0.373047,5.126953,-5.859375,2.197266
3521,0.853516,-0.291504,0.373047,5.371094,-4.089355,5.310059
3522,0.856445,-0.291992,0.382324,5.249023,-3.784180,5.798340
3523,0.866699,-0.287109,0.388184,3.723145,-3.479004,7.324219
3524,0.875488,-0.300293,0.405762,2.014160,-5.004883,8.850098
3525,0.875488,-0.309570,0.428711,1.831055,-6.225586,8.300781
3526,0.891113,-0.290527,0.440430,1.586914,-7.934570,8.911133
3527,0.870605,-0.351074,0.455566,1.403809,-10.925293,4.333496
3528,0.897461,-0.323242,0.466309,1.159668,-12.573242,-0.061035
3529,0.925293,-0.287598,0.472168,0.183105,-14.343262,-1.037598
3530,0.945801,-0.276367,0.469727,-0.366211,-17.272949,1.342773
3531,0.962402,-0.272949,0.412109,0.366211,-20.324707,8.544922
3532,0.959961,-0.270996,0.383301,0.732422,-18.066406,12.634277
3533,0.924316,-0.274902,0.362793,4.150391,-11.108398,17.089844
3534,0.902832,-0.267578,0.365723,5.493164,-8.605957,17.639160
3535,0.882812,-0.270996,0.361328,5.554199,-6.774902,17.517090
3536,0.875000,-0.287598,0.341309,4.028320,-4.150391,14.404297
3537,0.873047,-0.289551,0.324219,3.540039,-2.380371,12.329102
3538,0.858398,-0.299316,0.319336,4.089355,-0.305176,10.253906
3539,0.840332,-0.331543,0.326660,4.089355,3.051758,6.469727
3540,0.904297,-0.218262,0.411621,7.385254,3.295898,6.225586
3541,0.877930,-0.245117,0.444824,10.864258,-5.859375,15.625000
3542,0.842285,-0.339844,0.407715,8.911133,-11.901855,17.883301
3543,0.904297,-0.264648,0.384766,0.122070,-5.126953,7.385254
3544,0.884277,-0.248047,0.407715,4.089355,-7.751465,10.559082
3545,0.860352,-0.284668,0.391602,8.605957,-9.643555,14.404297
3546,0.855957,-0.297852,0.424316,10.314941,-10.437012,13.977051
3547,0.885742,-0.291992,0.396484,5.798340,-12.390137,7.629395
3548,0.899414,-0.283691,0.375977,4.821777,-10.986328,6.591797
3549,0.895020,-0.297852,0.350586,7.812500,-2.624512,7.202148
3550,0.878906,-0.302246,0.357422,9.643555,1.342773,7.446289
3551,0.867676,-0.295898,0.365234,10.253906,4.577637,8.056641
3552,0.844238,-0.293945,0.377441,11.962891,9.277344,5.981445
3553,0.835449,-0.299316,0.378418,12.756348,9.887695,4.821777
3554,0.820801,-0.301758,0.376953,12.451172,10.864258,3.112793
3555,0.812988,-0.290039,0.378906,11.657715,11.901855,1.281738
3556,0.812500,-0.285156,0.391602,10.192871,12.145996,0.549316
3557,0.832031,-0.276855,0.407227,5.798340,9.948730,-1.281738
3558,0.834473,-0.261230,0.402344,5.676270,7.751465,-1.037598
3559,0.845215,-0.256836,0.365723,10.742188,9.216309,3.845215
3560,0.845215,-0.272461,0.384766,12.329102,11.718750,4.699707
3561,0.851562,-0.270508,0.421387,12.329102,11.657715,4.882812
3562,0.862793,-0.259277,0.448730,12.939453,7.324219,5.432129
3563,0.892578,-0.269531,0.442383,13.427734,-5.249023,6.530762
3564,0.894531,-0.259766,0.427734,12.512207,-8.178711,7.751465
3565,0.889160,-0.259766,0.411133,12.695312,-8.789062,9.643555
3566,0.889160,-0.273438,0.405273,13.183594,-4.760742,9.704590
3567,0.890137,-0.282227,0.409180,13.122559,-2.563477,8.850098
3568,0.900391,-0.280273,0.407715,13.122559,-0.122070,8.178711
3569,0.921875,-0.279297,0.425293,12.451172,2.258301,9.826660
3570,0.914062,-0.279785,0.423828,12.512207,0.976562,11.535645
3571,0.897461,-0.283691,0.418945,12.573242,0.122070,13.061523
3572,0.878418,-0.291016,0.417969,12.451172,-0.488281,13.122559
3573,0.853027,-0.290039,0.416016,11.108398,-1.220703,8.056641
3574,0.856445,-0.280273,0.403320,9.765625,0.793457,5.676270
3575,0.863281,-0.273926,0.413574,9.399414,3.051758,4.455566
3576,0.870605,-0.296387,0.435059,13.000488,1.464844,3.845215
3577,0.860840,-0.304199,0.436035,13.427734,1.220703,2.563477
3578,0.846680,-0.302734,0.437988,13.061523,1.586914,1.037598
3579,0.822754,-0.281738,0.428711,13.183594,2.624512,0.000000
3580,0.819824,-0.276855,0.426270,13.427734,2.929688,0.183105
3581,0.818848,-0.279785,0.434570,12.390137,2.624512,0.366211
3582,0.816406,-0.278809,0.434570,10.498047,-2.380371,-1.037598
3583,0.814453,-0.281250,0.428223,12.084961,-6.591797,-1.831055
3584,0.812012,-0.278809,0.422852,13.366699,-9.765625,-2.563477
3585,0.827148,-0.281250,0.439941,10.681152,-11.108398,-2.990723
3586,0.823242,-0.283691,0.450684,8.117676,-11.169434,-3.356934
3587,0.830566,-0.278809,0.431152,4.455566,-9.704590,-4.760742
3588,0.848145,-0.269531,0.418945,0.122070,-5.249023,-4.760742
3589,0.851562,-0.275391,0.424805,-1.098633,1.586914,-1.892090
3590,0.860840,-0.287109,0.450684,0.305176,-0.793457,-2.685547
3591,0.895996,-0.300781,0.453613,0.488281,-4.455566,-5.249023
3592,1.001953,-0.279297,0.451172,-1.586914,-9.826660,-9.277344
3593,1.006836,-0.274414,0.413086,-1.647949,-9.155273,-7.385254
3594,0.975586,-0.263672,0.385742,-0.610352,-4.394531,-4.272461
3595,0.898926,-0.252441,0.408203,8.239746,4.699707,2.807617
3596,0.869629,-0.263184,0.432129,10.559082,5.798340,2.746582
3597,0.855957,-0.264160,0.458496,9.216309,5.004883,0.305176
3598,0.854004,-0.264160,0.461426,4.394531,3.662109,-2.746582
3599,0.872070,-0.265137,0.409668,-4.272461,3.173828,-6.896973
3600,0.872559,-0.260254,0.381836,-4.821777,6.347656,-7.629395
3601,0.871582,-0.255371,0.380859,-2.319336,9.338379,-7.446289
3602,0.860352,-0.242676,0.433105,3.295898,9.338379,-5.859375
3603,0.851074,-0.243652,0.455566,3.906250,5.310059,-5.310059
3604,0.852051,-0.246094,0.467773,2.197266,1.403809,-6.164551
3605,0.868164,-0.221191,0.452637,-2.685547,-3.540039,-6.286621
3606,0.875000,-0.220703,0.423340,-4.211426,-2.685547,-4.882812
3607,0.868164,-0.223633,0.412109,-4.333496,-0.488281,-3.662109
3608,0.856934,-0.227539,0.401855,-0.183105,1.403809,-3.845215
3609,0.859375,-0.206543,0.395996,1.831055,0.732422,-3.967285
3610,0.857422,-0.204590,0.389160,2.014160,0.122070,-3.479004
3611,0.860840,-0.203613,0.381836,0.000000,0.610352,-3.173828
3612,0.885742,-0.210449,0.405762,-4.638672,1.220703,-0.549316
3613,0.900879,-0.226074,0.430176,-5.859375,-0.061035,0.671387
3614,0.914062,-0.239258,0.456055,-5.859375,-2.380371,1.403809
3615,0.936035,-0.272461,0.497070,-5.126953,-6.591797,-0.671387
3616,0.937012,-0.277344,0.486328,-5.126953,-6.774902,-3.906250
3617,0.929688,-0.264648,0.462891,-4.821777,-3.845215,-6.835938
3618,0.898438,-0.237793,0.433594,0.366211,4.272461,-6.713867
3619,0.883301,-0.233887,0.429688,1.708984,6.164551,-5.981445
3620,0.873535,-0.219727,0.432617,1.464844,5.004883,-5.249023
3621,0.877930,-0.207520,0.426758,-2.990723,-4.028320,-0.671387
3622,0.875000,-0.204590,0.403809,-5.432129,-8.483887,2.075195
3623,0.874512,-0.197266,0.395996,-6.225586,-12.268066,4.699707
3624,0.872559,-0.191406,0.390137,-4.699707,-17.822266,10.498047
3625,0.870117,-0.200195,0.387695,-4.211426,-18.310547,12.145996
3626,0.866211,-0.232422,0.373047,-5.310059,-12.390137,11.047363
3627,0.861328,-0.244141,0.377441,-4.150391,-7.934570,8.728027
3628,0.856445,-0.250488,0.392090,-1.770020,-4.333496,6.164551
3629,0.849121,-0.266602,0.415527,2.807617,0.427246,-0.183105
3630,0.856934,-0.279297,0.396484,2.441406,5.310059,-4.089355
3631,0.875488,-0.282715,0.380371,2.868652,13.000488,-7.507324
3632,0.885254,-0.274902,0.366211,5.798340,31.494141,-9.277344
3633,0.869629,-0.277344,0.405273,6.774902,38.574219,-7.690430
3634,0.848633,-0.272461,0.444824,7.995605,39.550781,-5.371094
3635,0.817871,-0.278320,0.487793,7.141113,27.526855,-0.976562
3636,0.818359,-0.281250,0.481934,4.516602,19.348145,-0.061035
3637,0.827148,-0.283203,0.469727,1.403809,12.084961,0.305176
3638,0.837891,-0.285645,0.450195,-1.342773,6.347656,0.305176
3639,0.842285,-0.289551,0.424805,-1.647949,-0.427246,-0.793457
3640,0.847656,-0.288086,0.424805,-1.098633,-1.892090,-0.854492
3641,0.861816,-0.296875,0.421875,-1.586914,-1.831055,-1.281738
3642,0.891602,-0.300293,0.444336,-3.173828,-0.549316,-1.953125
3643,0.899414,-0.304688,0.444336,-3.479004,-0.122070,-1.770020
3644,0.903320,-0.300293,0.453613,-4.089355,1.281738,-1.770020
3645,0.880371,-0.300293,0.468750,-3.173828,2.563477,-1.281738
3646,0.859375,-0.316895,0.473633,-2.197266,2.746582,-1.892090
3647,0.852539,-0.321289,0.463867,-2.197266,2.746582,-3.845215
3648,0.856934,-0.320801,0.441406,-3.051758,3.967285,-5.859375
3649,0.859863,-0.322266,0.446777,-3.540039,3.967285,-5.432129
3650,0.854980,-0.321777,0.477539,-3.112793,0.549316,-2.502441
3651,0.844727,-0.318848,0.493164,-2.807617,-3.662109,-1.403809
3652,0.843750,-0.317871,0.499023,-2.990723,-7.873535,-0.793457
3653,0.848633,-0.315918,0.478516,-3.967285,-10.375977,-0.732422
3654,0.848633,-0.304199,0.411133,-6.164551,-4.211426,-1.037598
3655,0.842285,-0.300781,0.396973,-4.638672,0.976562,-0.427246
3656,0.832031,-0.298340,0.397949,-3.173828,5.798340,-0.183105
3657,0.825684,-0.287598,0.421387,-0.976562,7.446289,0.976562
3658,0.821289,-0.294922,0.422363,-1.342773,5.493164,1.464844
3659,0.824219,-0.303711,0.419434,-2.197266,3.601074,1.159668
3660,0.819824,-0.312012,0.423340,-2.807617,0.488281,0.366211
3661,0.824707,-0.316406,0.427734,-2.075195,0.061035,0.183105
3662,0.834473,-0.317383,0.422852,-2.075195,1.098633,-0.183105
3663,0.848633,-0.315918,0.409180,-3.417969,4.882812,-0.549316
3664,0.861816,-0.289551,0.414551,2.319336,8.117676,7.934570
3665,0.833984,-0.363770,0.423828,5.371094,8.728027,9.399414
3666,0.833008,-0.383301,0.455078,5.249023,8.422852,4.821777
3667,0.876953,-0.344238,0.505859,-0.305176,2.014160,-2.136230
3668,0.890625,-0.329102,0.512695,-1.464844,-2.319336,-0.427246
3669,0.892578,-0.337402,0.517578,-1.647949,-6.530762,2.014160
3670,0.897461,-0.344238,0.513672,-1.464844,-9.826660,3.356934
3671,0.907715,-0.328613,0.490723,-4.089355,-13.183594,4.882812
3672,0.904297,-0.321777,0.453613,-6.286621,-11.474609,6.103516
3673,0.890625,-0.304199,0.401855,-7.507324,-2.197266,10.314941
3674,0.876953,-0.297852,0.402832,-7.385254,0.549316,13.549805
3675,0.859375,-0.304199,0.399902,-7.629395,0.793457,16.357422
3676,0.836426,-0.310547,0.416016,-8.544922,-2.624512,20.446777
3677,0.827637,-0.316895,0.422363,-8.666992,-5.920410,21.423340
3678,0.819824,-0.330078,0.436035,-8.544922,-9.155273,21.301270
3679,0.813965,-0.345215,0.438965,-9.399414,-11.352539,20.141602
3680,0.798340,-0.359375,0.395508,-8.666992,-9.460449,14.953613
3681,0.791992,-0.359375,0.366211,-5.737305,-4.638672,11.779785
3682,0.822754,-0.346191,0.361816,-2.319336,10.070801,8.117676
3683,0.829590,-0.324707,0.383789,-3.234863,17.028809,10.192871
3684,0.838379,-0.330566,0.412598,-4.882812,20.751953,15.014648
3685,0.815430,-0.369629,0.453613,-7.141113,14.953613,20.446777
3686,0.800781,-0.379395,0.441406,-6.164551,10.375977,19.592285
3687,0.794922,-0.365723,0.432129,-4.821777,7.629395,18.188477
3688,0.791016,-0.350586,0.436523,-3.540039,5.676270,17.822266
3689,0.809570,-0.354980,0.438965,-5.126953,5.065918,18.859863
3690,0.816406,-0.364746,0.440430,-7.385254,5.981445,19.531250
3691,0.801758,-0.393066,0.440430,-8.117676,5.310059,18.920898
3692,0.796875,-0.400879,0.436523,-6.896973,5.187988,16.052246
3693,0.802246,-0.400391,0.436035,-4.821777,5.432129,13.000488
3694,0.815918,-0.415039,0.444824,-1.708984,6.958008,7.507324
3695,0.831543,-0.420410,0.466797,-0.427246,6.164551,4.272461
3696,0.833496,-0.424316,0.477539,0.122070,4.211426,1.770020
3697,0.833008,-0.394531,0.484863,0.122070,-0.122070,-0.305176
3698,0.832520,-0.374023,0.491699,-0.305176,-3.112793,1.525879
3699,0.807617,-0.403809,0.459961,-4.638672,-7.507324,4.150391
3700,0.802246,-0.408691,0.434570,-5.737305,-7.995605,3.051758
3701,0.801270,-0.406738,0.419434,-6.164551,-7.751465,2.380371
3702,0.790527,-0.408691,0.418457,-6.591797,-6.103516,3.051758
3703,0.789551,-0.421387,0.395508,-7.446289,-3.845215,2.258301
3704,0.794922,-0.423828,0.374512,-8.117676,0.793457,0.305176
3705,0.784668,-0.421875,0.393555,-4.394531,7.263184,-1.892090
3706,0.773926,-0.400879,0.419434,-2.197266,7.568359,-1.708984
3707,0.765625,-0.397949,0.455078,-0.610352,1.525879,2.563477
3708,0.770508,-0.429688,0.448242,-3.417969,0.244141,1.464844
3709,0.793457,-0.445801,0.437988,-7.568359,0.793457,-1.037598
3710,0.814941,-0.457520,0.427734,-10.742188,1.708984,-2.929688
3711,0.829102,-0.463379,0.433594,-11.474609,1.770020,-3.906250
3712,0.828125,-0.469238,0.440430,-11.718750,1.892090,-4.333496
3713,0.833984,-0.463379,0.447754,-12.695312,2.746582,-5.126953
3714,0.853027,-0.414551,0.479004,-10.314941,2.502441,-3.112793
3715,0.851074,-0.394043,0.479004,-4.089355,-3.662109,2.746582
3716,0.829102,-0.412109,0.481445,2.136230,-10.803223,8.483887
3717,0.801270,-0.453613,0.450684,-5.065918,-10.925293,3.051758
3718,0.805664,-0.447754,0.416992,-10.498047,-6.774902,-2.685547
3719,0.812988,-0.443359,0.385254,-12.145996,-1.708984,-6.408691
3720,0.820801,-0.433105,0.363281,-10.253906,3.173828,-8.178711
3721,0.809082,-0.422852,0.370117,-4.211426,10.314941,-10.620117
3722,0.804688,-0.401855,0.384277,-3.601074,12.451172,-12.207031
3723,0.806641,-0.356934,0.416992,-2.624512,11.535645,-11.474609
3724,0.787109,-0.346191,0.426758,-1.586914,1.220703,-2.990723
3725,0.786133,-0.369141,0.414551,-4.699707,-0.305176,-2.258301
3726,0.796875,-0.388184,0.415039,-7.446289,-0.366211,-3.417969
3727,0.829102,-0.389160,0.422363,-10.131836,1.464844,-5.249023
3728,0.836426,-0.376465,0.416992,-9.704590,3.417969,-4.760742
3729,0.827637,-0.370117,0.412109,-7.080078,5.126953,-3.540039
3730,0.806152,-0.371582,0.399902,-1.220703,11.352539,-4.394531
3731,0.802246,-0.377930,0.422852,1.342773,14.160156,-6.896973
3732,0.800293,-0.385254,0.434082,2.197266,15.686035,-10.192871
3733,0.818848,-0.366211,0.431152,3.540039,18.005371,-14.160156
3734,0.827637,-0.363281,0.434570,5.065918,19.104004,-13.122559
3735,0.830078,-0.368164,0.436035,6.164551,20.141602,-11.657715
3736,0.829590,-0.366211,0.427734,5.310059,24.353027,-8.239746
3737,0.835449,-0.341309,0.426758,4.943848,25.695801,-5.126953
3738,0.832520,-0.312988,0.428223,6.164551,25.390625,1.220703
3739,0.778809,-0.345215,0.468262,6.591797,20.629883,11.413574
3740,0.769043,-0.359375,0.493652,4.272461,16.174316,11.230469
3741,0.770996,-0.369141,0.500000,1.647949,10.742188,9.582520
3742,0.774414,-0.378906,0.480957,-0.549316,4.028320,6.164551
3743,0.780273,-0.379883,0.478516,-0.427246,3.417969,6.103516
3744,0.781250,-0.391602,0.485352,-0.732422,3.173828,6.286621
3745,0.776855,-0.403809,0.481445,0.000000,2.685547,5.187988
3746,0.794434,-0.397949,0.496582,2.197266,2.136230,1.953125
3747,0.801270,-0.388184,0.481445,4.333496,1.464844,2.136230
3748,0.805176,-0.395996,0.478027,6.835938,1.281738,1.586914
3749,0.808594,-0.380859,0.491211,10.498047,-1.708984,-0.488281
3750,0.810547,-0.378418,0.485840,11.352539,-3.234863,-0.488281
3751,0.813477,-0.387695,0.480957,10.864258,-3.662109,-0.854492
3752,0.829590,-0.397461,0.479980,12.329102,-3.723145,-1.525879
3753,0.834961,-0.401855,0.480957,13.305664,-3.356934,-1.586914
3754,0.838379,-0.392090,0.472656,13.977051,-1.831055,-1.037598
3755,0.838379,-0.381836,0.462402,14.709473,0.061035,0.427246
3756,0.830078,-0.370117,0.465332,15.014648,2.807617,4.577637
3757,0.822266,-0.371582,0.482910,15.441895,1.953125,6.958008
3758,0.802246,-0.389648,0.508301,14.892578,-4.272461,9.399414
3759,0.800781,-0.404297,0.501465,13.061523,-6.652832,8.300781
3760,0.802246,-0.421387,0.493652,10.986328,-7.568359,6.164551
3761,0.815430,-0.415039,0.502441,9.155273,-7.995605,4.577637
3762,0.821289,-0.405762,0.500977,4.760742,-4.211426,9.460449
3763,0.816895,-0.414551,0.510742,2.746582,-1.647949,12.329102
3764,0.806641,-0.466797,0.532715,-1.464844,2.319336,11.718750
3765,0.804688,-0.489746,0.544434,-2.380371,3.234863,8.605957
3766,0.807617,-0.499023,0.542969,-2.502441,3.479004,5.004883
3767,0.758301,-0.548340,0.533203,-0.183105,2.563477,-0.427246
3768,0.818359,-0.465820,0.526855,2.685547,-2.075195,-9.887695
3769,0.793457,-0.470215,0.481934,3.845215,-0.854492,-9.704590
3770,0.770996,-0.462891,0.477051,6.286621,0.793457,-10.375977
3771,0.759277,-0.438477,0.496582,7.873535,0.244141,-10.131836
3772,0.739258,-0.399414,0.512695,3.784180,-5.126953,-6.164551
3773,0.739258,-0.386230,0.514160,-0.183105,-8.728027,-3.173828
3774,0.750977,-0.391113,0.499023,-8.422852,-15.319824,2.075195
3775,0.752930,-0.389648,0.494141,-12.268066,-17.211914,3.234863
3776,0.751465,-0.395508,0.507812,-16.601562,-23.742676,1.647949
3777,0.770996,-0.386719,0.546387,-18.554688,-28.991699,-0.244141
3778,0.779297,-0.370605,0.531250,-20.385742,-33.203125,-1.403809
3779,0.792480,-0.355469,0.511719,-21.057129,-34.118652,-1.220703
3780,0.815430,-0.360840,0.480957,-16.357422,-31.860352,-0.244141
3781,0.817871,-0.371094,0.463379,-13.427734,-30.212402,-1.525879
3782,0.850586,-0.334473,0.434082,-11.169434,-25.756836,-8.483887
3783,0.870117,-0.303711,0.404785,-10.925293,-18.493652,-6.896973
3784,0.875000,-0.291016,0.397949,-9.521484,-10.253906,-2.685547
3785,0.851074,-0.320312,0.459961,-4.943848,-3.112793,1.342773
3786,0.841797,-0.324219,0.479980,-5.432129,-5.126953,-0.488281
3787,0.849121,-0.309570,0.473145,-8.117676,-7.446289,-2.807617
3788,0.848633,-0.289551,0.400391,-12.573242,-7.873535,-2.868652
3789,0.847168,-0.296875,0.379883,-13.244629,-5.065918,-2.868652
3790,0.846191,-0.279297,0.395508,-12.756348,-3.784180,-2.746582
3791,0.840820,-0.264160,0.408203,-10.864258,-5.615234,-1.586914
3792,0.810059,-0.284180,0.409668,-9.643555,-8.544922,-2.807617
3793,0.811523,-0.283203,0.412598,-9.704590,-9.582520,-5.493164
3794,0.806641,-0.286133,0.413574,-9.460449,-11.474609,-8.422852
3795,0.823730,-0.243652,0.366699,-6.958008,-9.643555,-9.643555
3796,0.832031,-0.281250,0.394043,-3.723145,-8.911133,-9.399414
3797,0.818359,-0.309570,0.412109,-1.953125,-11.047363,-13.488770
3798,0.854004,-0.244629,0.387207,-3.051758,-7.507324,-17.150879
3799,0.864746,-0.242676,0.358398,-1.831055,-1.831055,-14.953613
3800,0.883301,-0.270508,0.312500,2.563477,8.300781,-13.366699
3801,0.910645,-0.297363,0.320801,16.235352,38.146973,-15.747070
3802,0.907715,-0.299316,0.386230,24.475098,50.170898,-14.831543
3803,0.908203,-0.297852,0.419922,30.944824,58.471680,-11.840820
3804,0.924316,-0.272949,0.478027,34.729004,75.683594,-0.122070
3805,0.930664,-0.250977,0.486328,29.724121,82.336426,10.498047
3806,0.916016,-0.228516,0.483398,29.418945,86.059570,22.888184
3807,0.882812,-0.222656,0.488281,34.790039,85.449219,36.010742
3808,0.808594,-0.235352,0.457031,58.959961,77.819824,59.448242
3809,0.769531,-0.286621,0.531738,62.194824,75.805664,60.302734
3810,0.749512,-0.315430,0.597656,54.992676,72.326660,55.969238
3811,0.731934,-0.335938,0.645508,41.381836,67.504883,48.278809
3812,0.726074,-0.325684,0.662598,22.094727,48.645020,35.644531
3813,0.732422,-0.246094,0.600586,29.357910,39.123535,35.034180
3814,0.759277,-0.262695,0.529297,54.077148,34.423828,51.391602
3815,0.740234,-0.300293,0.554199,60.791016,37.658691,58.715820
3816,0.730469,-0.332520,0.565430,59.204102,43.273926,62.255859
3817,0.717285,-0.331543,0.530762,55.053711,52.917480,63.354492
3818,0.724609,-0.285156,0.567871,52.673340,82.214355,68.969727
3819,0.745117,-0.215820,0.642090,48.461914,93.566895,84.716797
3820,0.740234,-0.207031,0.685547,46.936035,97.595215,105.712891
3821,0.639648,-0.282227,0.684082,62.805176,96.740723,138.061523
3822,0.586914,-0.290039,0.682617,68.786621,97.656250,149.108887
3823,0.534668,-0.260742,0.706543,68.725586,100.585938,159.973145
3824,0.495605,-0.241211,0.741211,64.758301,102.722168,172.424316
3825,0.438965,-0.240234,0.863770,44.250488,102.905273,195.861816
3826,0.408203,-0.279785,0.926270,28.259277,97.106934,205.261230
3827,0.359863,-0.336426,0.962402,9.826660,89.111328,210.449219
3828,0.271484,-0.448242,0.955566,-29.846191,71.105957,208.618164
3829,0.241699,-0.478027,0.971680,-47.668457,59.082031,200.927734
3830,0.230957,-0.500000,0.957520,-80.139160,25.634766,180.114746
3831,0.253418,-0.507812,0.892090,-90.209961,10.559082,171.508789
3832,0.267090,-0.527344,0.797852,-88.012695,0.000000,164.916992
3833,0.275391,-0.544922,0.713379,-75.927734,-4.150391,161.193848
3834,0.269531,-0.562012,0.650879,-59.875488,-0.671387,160.034180
3835,0.228516,-0.582031,0.645508,-30.029297,26.000977,164.978027
3836,0.184570,-0.609375,0.676270,-20.080566,42.602539,170.043945
3837,0.027832,-0.723633,0.626953,2.868652,73.852539,163.024902
3838,-0.057617,-0.773438,0.610840,21.545410,84.655762,147.705078
3839,-0.114746,-0.845703,0.632324,44.006348,88.989258,126.708984
3840,-0.069824,-0.911133,0.741699,91.735840,86.059570,71.166992
3841,-0.029297,-0.870605,0.813477,108.398438,79.895020,44.677734
3842,-0.004883,-0.801270,0.854004,120.483398,72.204590,23.925781
3843,0.009277,-0.720215,0.858398,130.310059,66.955566,10.559082
3844,-0.025879,-0.557129,0.778809,154.724121,68.786621,0.671387
3845,-0.060059,-0.518066,0.763672,172.119141,71.166992,-2.319336
3846,-0.077637,-0.491211,0.793457,189.758301,70.861816,-6.774902
3847,-0.106934,-0.398438,1.150391,195.617676,41.992188,-14.282227
3848,-0.126953,-0.331543,1.199219,175.354004,13.549805,-12.878418
3849,-0.138184,-0.293945,1.198730,149.597168,-10.742188,-8.789062
3850,-0.134277,-0.253418,1.137695,91.613770,-42.236328,-1.586914
3851,-0.146484,-0.225098,1.104492,64.208984,-51.025391,-0.061035
3852,-0.112793,-0.142578,0.975098,16.174316,-51.574707,-10.864258
3853,-0.063965,-0.114746,0.921387,10.864258,-48.583984,-12.695312
3854,-0.028320,-0.132812,0.848633,15.319824,-40.527344,-10.192871
3855,0.000488,-0.176270,0.804688,27.954102,-28.259277,-5.126953
3856,0.009766,-0.266113,0.862793,52.856445,-1.586914,6.652832
3857,-0.006836,-0.294434,0.907715,58.959961,6.896973,7.629395
3858,-0.019531,-0.296875,0.934570,61.767578,9.643555,7.324219
3859,-0.008789,-0.234375,0.954590,56.091309,1.647949,9.155273
3860,-0.018555,-0.213379,1.005859,46.875000,-10.681152,10.437012
3861,-0.001953,-0.194824,0.985840,28.320312,-36.499023,8.361816
3862,0.013672,-0.194824,0.988281,21.301270,-38.635254,9.155273
3863,0.008789,-0.212402,0.967285,12.145996,-34.790039,8.728027
3864,-0.006836,-0.231445,0.950684,4.943848,-28.808594,5.859375
3865,-0.019043,-0.227051,0.959961,3.784180,-22.583008,-2.868652
3866,-0.003418,-0.205566,1.008301,9.460449,-24.719238,-5.310059
3867,0.014160,-0.187988,1.088379,15.197754,-31.799316,-5.676270
3868,0.005371,-0.201172,1.144043,11.657715,-49.011230,-6.469727
3869,0.012207,-0.202148,1.104004,6.713867,-52.673340,-8.666992
3870,0.020996,-0.202148,1.066406,2.685547,-53.894043,-12.023926
3871,0.027832,-0.194824,1.026855,0.427246,-54.443359,-15.380859
3872,0.028809,-0.197266,1.020508,-3.112793,-59.143066,-21.118164
3873,0.022461,-0.221680,1.039551,-6.164551,-67.443848,-23.864746
3874,0.025879,-0.247070,1.020020,-6.896973,-78.002930,-27.587891
3875,0.050293,-0.240234,0.990723,-3.723145,-85.632324,-31.311035
3876,0.136230,-0.178711,0.955078,-4.272461,-86.242676,-28.869629
3877,0.167480,-0.178223,0.933594,-10.742188,-76.782227,-24.841309
3878,0.199219,-0.223145,0.921387,-20.751953,-53.955078,-18.371582
3879,0.198242,-0.234863,0.927246,-20.019531,-48.217773,-17.333984
3880,0.195312,-0.225586,0.937500,-18.066406,-47.607422,-16.906738
3881,0.189941,-0.209473,0.943848,-18.371582,-48.522949,-16.113281
3882,0.212402,-0.172363,0.895020,-21.789551,-47.363281,-12.512207
3883,0.224609,-0.171875,0.895020,-21.057129,-44.555664,-9.399414
3884,0.238281,-0.211426,0.984863,-20.446777,-43.151855,-7.019043
3885,0.237305,-0.247559,1.035645,-20.874023,-46.325684,-9.704590
3886,0.246094,-0.264160,1.074219,-22.155762,-52.856445,-14.587402
3887,0.256348,-0.269043,1.001465,-30.151367,-60.180664,-27.954102
3888,0.261230,-0.252930,0.951660,-35.095215,-59.204102,-35.705566
3889,0.256836,-0.255859,0.910156,-35.705566,-59.936523,-43.029785
3890,0.257324,-0.267578,0.869629,-28.991699,-62.072754,-51.086426
3891,0.296387,-0.211426,0.810059,6.896973,-59.814453,-67.321777
3892,0.354004,-0.174316,0.850586,23.254395,-57.800293,-68.603516
3893,0.386230,-0.152344,0.916504,29.663086,-57.434082,-67.443848
3894,0.368652,-0.171875,0.968750,6.591797,-48.278809,-74.584961
3895,0.328613,-0.238770,0.953125,-12.023926,-39.245605,-88.317871
3896,0.292969,-0.283691,0.907715,-24.902344,-31.982422,-107.666016
3897,0.250000,-0.324707,0.899902,-32.165527,-28.991699,-130.310059
3898,0.228516,-0.335938,0.909668,-38.208008,-30.944824,-156.738281
3899,0.343750,-0.181152,0.902832,-42.785645,-51.025391,-194.213867
3900,0.403320,-0.102051,0.871094,-43.945312,-63.720703,-200.134277
3901,0.447266,-0.032715,0.837402,-47.302246,-72.021484,-198.608398
3902,0.500977,0.031250,0.784668,-54.870605,-71.044922,-179.199219
3903,0.535645,0.020996,0.807129,-57.678223,-65.795898,-166.198730
3904,0.570312,-0.007324,0.833008,-59.020996,-62.927246,-153.320312
3905,0.592285,-0.032715,0.842773,-58.410645,-63.903809,-142.578125
3906,0.615234,-0.015137,0.770020,-46.936035,-70.861816,-125.427246
3907,0.637207,0.010254,0.757812,-37.170410,-72.753906,-116.577148
3908,0.660156,0.015137,0.766602,-26.794434,-75.256348,-107.177734
3909,0.707031,-0.053223,0.700195,-7.995605,-75.195312,-91.430664
3910,0.748047,-0.055664,0.692383,7.324219,-69.885254,-82.763672
3911,0.768066,-0.039062,0.720215,22.766113,-70.007324,-73.242188
3912,0.770020,-0.011719,0.753906,33.630371,-71.838379,-61.889648
3913,0.741699,-0.011230,0.866699,33.264160,-73.425293,-40.100098
3914,0.717285,-0.013184,0.890625,18.005371,-74.279785,-35.461426
3915,0.669434,-0.012695,0.794434,-12.084961,-71.350098,-41.198730
3916,0.666504,0.022949,0.763184,-24.597168,-65.002441,-44.738770
3917,0.695801,0.069336,0.718750,-34.729004,-56.396484,-44.860840
3918,0.740234,0.097656,0.684082,-37.414551,-48.217773,-42.297363
3919,0.744629,0.028809,0.643555,-30.578613,-34.118652,-38.635254
3920,0.743164,0.021973,0.641113,-25.878906,-30.151367,-41.076660
3921,0.745117,0.023438,0.663574,-23.132324,-30.639648,-43.945312
3922,0.772949,0.043457,0.665039,-23.681641,-32.531738,-42.541504
3923,0.781250,0.062500,0.651855,-26.672363,-30.822754,-38.024902
3924,0.781250,0.070312,0.651367,-29.235840,-29.113770,-33.203125
3925,0.738281,0.045410,0.776367,-35.705566,-40.954590,-28.625488
3926,0.715820,0.040527,0.826660,-44.738770,-56.091309,-30.273438
3927,0.695312,0.045410,0.820801,-56.457520,-71.655273,-33.508301
3928,0.695312,0.034180,0.731934,-81.359863,-86.791992,-40.954590
3929,0.709961,0.020020,0.672852,-90.026855,-90.942383,-46.081543
3930,0.748535,0.015625,0.598145,-91.796875,-93.872070,-53.039551
3931,0.870605,0.082520,0.520508,-79.101562,-90.759277,-58.166504
3932,0.911621,0.105957,0.532227,-71.655273,-86.608887,-52.124023
3933,0.940918,0.123047,0.546875,-68.176270,-82.702637,-43.212891
3934,1.018555,0.134766,0.543457,-62.500000,-75.500488,-26.000977
3935,1.037109,0.131836,0.526855,-61.645508,-70.617676,-19.287109
3936,1.030762,0.116699,0.479980,-59.082031,-63.354492,-12.329102
3937,0.933594,0.028809,0.384766,-46.020508,-40.466309,-7.141113
3938,0.932617,0.014160,0.367188,-40.954590,-28.564453,-9.033203
3939,0.925293,0.036133,0.329102,-33.081055,-15.014648,-8.911133
3940,0.829102,0.035156,0.298828,-7.690430,21.911621,-3.723145
3941,0.801758,0.008789,0.344727,3.417969,36.376953,-3.417969
3942,0.811035,0.000000,0.418457,8.178711,43.945312,-4.455566
3943,0.895996,0.040527,0.444336,1.892090,47.180176,-8.911133
3944,0.910156,0.061523,0.477051,-1.647949,43.579102,-2.075195
3945,0.883789,0.039551,0.477539,-9.643555,38.513184,4.821777
3946,0.842773,0.041992,0.445801,-12.451172,34.118652,12.695312
3947,0.771484,-0.042969,0.494141,-30.639648,24.108887,13.488770
3948,0.805176,-0.057617,0.479004,-37.109375,21.484375,9.460449
3949,0.848633,-0.054199,0.477051,-39.123535,21.362305,6.652832
3950,0.881836,-0.028320,0.489746,-39.306641,26.855469,9.704590
3951,0.880371,-0.019531,0.508789,-37.475586,29.235840,13.671875
3952,0.865723,-0.014160,0.498535,-31.555176,32.653809,18.737793
3953,0.862305,0.024902,0.500000,-20.019531,39.367676,27.221680
3954,0.873047,0.119629,0.488770,0.610352,65.063477,52.124023
3955,0.866699,0.158691,0.479492,9.948730,79.895020,66.223145
3956,0.895996,0.145020,0.439453,22.644043,95.153809,82.458496
3957,0.947754,0.060547,0.352051,74.157715,127.014160,117.553711
3958,0.927734,0.006836,0.417480,97.595215,146.789551,134.948730
3959,0.869629,-0.035156,0.486816,110.107422,168.029785,148.620605
3960,0.776367,-0.071289,0.584961,118.530273,188.293457,158.325195
3961,0.589844,-0.123535,1.016602,138.549805,199.951172,165.710449
3962,0.546875,-0.086426,1.143066,145.812988,177.307129,163.940430
3963,0.523438,0.003418,1.053223,100.158691,147.216797,166.259766
3964,0.502441,-0.004395,0.910156,84.777832,130.493164,175.964355
3965,0.413086,-0.064941,0.813965,62.805176,120.056152,181.762695
3966,0.311523,-0.122070,0.789062,35.949707,113.037109,179.321289
3967,0.174316,-0.158691,0.841797,-34.790039,114.196777,154.479980
3968,0.095703,-0.211914,0.963379,-75.622559,113.952637,129.333496
3969,0.051758,-0.246582,1.074219,-123.291016,107.849121,94.299316
3970,0.191406,-0.320312,0.861328,-153.808594,76.660156,36.682129
3971,0.318848,-0.415527,0.795410,-122.985840,57.739258,22.460938
3972,0.388184,-0.515137,0.778320,-76.721191,40.100098,15.869141
3973,0.372559,-0.616699,0.797363,5.798340,24.169922,10.803223
3974,0.423828,-0.551758,0.818848,26.855469,25.146484,12.390137
3975,0.461426,-0.444824,0.813477,39.184570,29.357910,19.042969
3976,0.416992,-0.333984,0.781738,71.350098,40.588379,45.227051
3977,0.371094,-0.348633,0.791016,88.439941,47.546387,54.199219
3978,0.330078,-0.356445,0.827637,102.294922,54.321289,56.640625
3979,0.291504,-0.318848,0.993164,104.980469,59.875488,52.429199
3980,0.275879,-0.283203,1.119629,78.063965,59.265137,49.133301
3981,0.272949,-0.238281,1.191406,37.475586,54.809570,48.034668
3982,0.270508,-0.214844,1.180664,-4.394531,46.020508,48.583984
3983,0.239746,-0.246094,1.033203,-56.884766,21.667480,48.522949
3984,0.258789,-0.248535,0.921387,-62.622070,13.061523,49.072266
3985,0.287109,-0.256348,0.822754,-54.199219,11.840820,57.617188
3986,0.215820,-0.365234,0.797363,-23.315430,29.968262,71.228027
3987,0.202148,-0.375488,0.831055,-6.835938,39.123535,73.181152
3988,0.174805,-0.353516,0.875488,17.211914,50.048828,71.411133
3989,0.146973,-0.351074,0.891113,19.409180,53.649902,67.749023
3990,0.129395,-0.342285,0.929688,15.197754,56.640625,62.500000
3991,0.126953,-0.322266,0.976074,7.507324,55.969238,58.898926
3992,0.127441,-0.332520,0.916992,-7.385254,48.156738,59.875488
3993,0.114258,-0.353516,0.856445,-5.920410,49.377441,62.500000
3994,0.095703,-0.379395,0.847168,-0.122070,52.001953,62.927246
3995,0.080566,-0.358398,0.916504,13.366699,52.368164,69.641113
3996,0.069336,-0.334961,0.955078,14.648438,49.133301,75.256348
3997,0.061523,-0.324707,0.970703,12.451172,44.738770,80.871582
3998,0.033691,-0.325195,0.914062,15.502930,42.846680,88.623047
3999,-0.000977,-0.332520,0.895996,20.385742,48.767090,89.172363
4000,-0.032715,-0.333496,0.948242,18.310547,56.091309,89.965820
4001,-0.009766,-0.286621,1.053711,-4.516602,54.626465,101.562500
4002,-0.003906,-0.260742,1.029785,-12.939453,46.691895,112.915039
4003,-0.183105,-0.317871,0.867188,0.183105,49.865723,123.535156
4004,-0.288574,-0.364746,0.990234,-0.122070,54.565430,112.915039
4005,-0.315918,-0.362305,1.060547,-24.719238,51.330566,92.529297
4006,-0.256836,-0.337402,1.040039,-49.743652,45.227051,73.486328
4007,-0.125000,-0.279785,1.027344,-74.401855,40.466309,59.204102
4008,-0.105957,-0.246582,1.078613,-72.631836,30.334473,64.392090
4009,-0.126465,-0.224609,1.123535,-71.594238,14.831543,72.631836
4010,-0.141113,-0.286621,1.042480,-89.843750,-4.089355,85.144043
4011,-0.166992,-0.315430,0.971191,-105.957031,-1.647949,93.261719
4012,-0.189941,-0.321777,0.869141,-117.553711,5.310059,102.905273
4013,-0.247070,-0.395020,0.715332,-101.989746,29.052734,122.192383
4014,-0.288086,-0.448730,0.698242,-82.153320,40.283203,124.023438
4015,-0.313965,-0.495117,0.730957,-62.988281,47.729492,120.483398
4016,-0.314941,-0.507812,0.797852,-48.095703,48.522949,112.426758
4017,-0.293945,-0.483398,0.797852,-48.950195,48.339844,112.365723
4018,-0.268066,-0.447754,0.782227,-51.818848,51.696777,115.295410
4019,-0.284180,-0.393066,0.758789,-60.180664,65.551758,124.877930
4020,-0.309570,-0.365234,0.750000,-64.575195,70.251465,129.211426
4021,-0.336426,-0.350586,0.729492,-67.199707,73.913574,130.920410
4022,-0.363770,-0.335938,0.679199,-74.768066,84.472656,131.896973
4023,-0.373535,-0.342285,0.671875,-75.622559,95.031738,133.728027
4024,-0.389648,-0.368164,0.729004,-74.462891,105.773926,136.108398
4025,-0.439453,-0.395020,0.818359,-74.951172,111.816406,137.390137
4026,-0.551758,-0.420410,0.890137,-92.590332,98.083496,134.521484
4027,-0.607422,-0.409668,0.817871,-100.402832,83.312988,132.995605
4028,-0.703125,-0.432617,0.663086,-84.838867,60.424805,130.187988
4029,-0.742188,-0.472168,0.600098,-71.960449,56.884766,125.610352
4030,-0.764160,-0.505859,0.591797,-63.903809,58.959961,118.530273
4031,-0.812012,-0.564453,0.632812,-61.218262,54.565430,105.957031
4032,-0.893066,-0.606934,0.575684,-52.795410,38.879395,96.435547
4033,-0.932129,-0.654785,0.496582,-33.813477,23.864746,78.674316
4034,-0.879395,-0.645996,0.484863,-6.225586,6.713867,33.081055
4035,-0.840820,-0.594727,0.520996,-3.479004,7.507324,13.122559
4036,-0.772461,-0.546387,0.621582,-11.535645,10.803223,-1.708984
4037,-0.712402,-0.473633,0.569824,-28.991699,17.211914,-15.014648
4038,-0.739258,-0.470703,0.556641,-27.099609,20.996094,-18.859863
4039,-0.759766,-0.492188,0.627441,-25.329590,17.639160,-24.902344
4040,-0.773926,-0.510742,0.658203,-27.099609,6.835938,-32.348633
4041,-0.804688,-0.566895,0.645508,-36.437988,-13.671875,-49.377441
4042,-0.794434,-0.567871,0.645508,-41.870117,-22.094727,-60.485840
4043,-0.752930,-0.551758,0.666504,-51.208496,-38.024902,-78.002930
4044,-0.711426,-0.535645,0.654785,-59.082031,-43.273926,-85.449219
4045,-0.652344,-0.501953,0.642578,-70.373535,-46.691895,-88.867188
4046,-0.637207,-0.519531,0.542969,-77.819824,-50.537109,-88.012695
4047,-0.667480,-0.603516,0.603516,-62.011719,-77.026367,-88.867188
4048,-0.712402,-0.689453,0.596680,-56.762695,-96.008301,-98.999023
4049,-0.729492,-0.724609,0.556152,-52.490234,-107.604980,-117.187500
4050,-0.600098,-0.667480,0.599609,-50.354004,-117.736816,-151.550293
4051,-0.534180,-0.620605,0.583008,-48.706055,-123.168945,-161.376953
4052,-0.497559,-0.616211,0.567871,-43.029785,-128.112793,-165.283203
4053,-0.473145,-0.722656,0.634766,-32.287598,-136.535645,-177.429199
4054,-0.445801,-0.752441,0.683105,-31.127930,-140.258789,-188.171387
4055,-0.406738,-0.746582,0.698242,-35.278320,-142.028809,-198.974609
4056,-0.292480,-0.685547,0.581543,-47.241211,-138.183594,-210.205078
4057,-0.243164,-0.648926,0.520996,-49.072266,-130.065918,-210.693359
4058,-0.202637,-0.640137,0.525391,-46.081543,-106.323242,-209.350586
4059,-0.126953,-0.729492,0.569336,-46.203613,-97.106934,-212.768555
4060,-0.093750,-0.782227,0.587402,-44.921875,-93.505859,-219.665527
4061,-0.067383,-0.794922,0.578125,-39.855957,-89.172363,-230.041504
4062,-0.028809,-0.684570,0.659180,-55.297852,-59.814453,-256.408691
4063,0.017578,-0.648438,0.739746,-77.941895,-41.748047,-270.385742
4064,0.071777,-0.706543,0.752441,-100.402832,-29.541016,-282.836914
4065,0.218262,-0.754395,0.726074,-142.150879,-33.264160,-321.472168
4066,0.219238,-0.689941,0.647949,-162.536621,-37.536621,-337.219238
4067,0.208496,-0.589844,0.551270,-180.969238,-35.156250,-345.336914
4068,0.531738,-0.333984,0.395508,-180.847168,-13.000488,-320.617676
4069,0.662109,-0.355957,0.374512,-160.888672,-9.765625,-291.931152
4070,0.531250,-0.607422,0.313965,-135.314941,-10.986328,-266.296387
4071,0.626953,-0.636230,0.270020,-108.154297,-18.066406,-241.638184
4072,0.710938,-0.639160,0.160645,-41.198730,-35.461426,-197.509766
4073,0.689453,-0.621094,0.130859,-9.826660,-39.367676,-182.617188
4074,0.679199,-0.567871,0.341797,38.146973,-61.218262,-168.029785
4075,0.681152,-0.545898,0.445801,41.198730,-83.679199,-166.015625
4076,0.675781,-0.500977,0.477051,27.099609,-99.060059,-163.024902
4077,0.702148,-0.366699,0.394043,-27.648926,-101.989746,-154.724121
4078,0.696777,-0.333984,0.332031,-53.344727,-95.764160,-151.428223
4079,0.674805,-0.360352,0.309082,-76.293945,-88.623047,-151.977539
4080,0.749512,-0.407227,0.265625,-104.370117,-77.392578,-163.208008
4081,0.868652,-0.384766,0.222656,-106.506348,-73.486328,-169.189453
4082,0.977539,-0.314453,0.144531,-102.111816,-69.458008,-166.931152
4083,1.041016,-0.244629,-0.006836,-75.012207,-59.204102,-135.437012
4084,0.995605,-0.323242,-0.063965,-58.959961,-49.377441,-119.323730
4085,1.025391,-0.312988,-0.065430,-47.546387,-36.499023,-107.543945
4086,1.153320,-0.229980,-0.056152,-31.799316,-19.287109,-73.303223
4087,1.169434,-0.177734,-0.054199,-27.893066,-13.488770,-52.917480
4088,1.141113,-0.206543,-0.023926,-22.827148,-10.498047,-36.193848
4089,1.029785,-0.161621,0.033203,-23.559570,-0.183105,-7.629395
4090,1.021484,-0.152832,0.041992,-30.517578,6.835938,6.713867
4091,1.034180,-0.189941,0.052246,-36.193848,13.671875,19.958496
4092,1.128418,-0.268555,0.106445,-42.541504,12.695312,45.410156
4093,1.149902,-0.275879,0.147461,-47.546387,1.647949,62.500000
4094,1.100586,-0.264648,0.139648,-56.030273,-15.869141,81.848145
4095,1.028809,-0.262695,0.106934,-64.025879,-30.456543,102.111816
4096,0.886719,-0.252930,0.094727,-77.209473,-41.503906,137.573242
4097,0.852051,-0.289551,0.104004,-83.190918,-42.663574,147.705078
4098,0.832520,-0.430176,0.025391,-83.496094,-44.677734,148.376465
4099,0.831543,-0.456543,-0.062988,-71.533203,-38.208008,146.484375
4100,0.819336,-0.448242,-0.158203,-52.001953,-26.794434,144.958496
4101,0.803711,-0.405273,-0.288574,-26.733398,-7.263184,147.888184
4102,0.820312,-0.462402,-0.324707,31.250000,43.579102,156.799316
4103,0.875488,-0.492676,-0.182617,47.973633,63.171387,163.818359
4104,0.846680,-0.504395,0.094238,48.217773,72.448730,176.208496
4105,0.810059,-0.562500,0.147949,39.367676,71.594238,182.434082
4106,0.774902,-0.604004,0.172852,34.362793,69.335938,184.448242
4107,0.723145,-0.616699,0.162598,30.151367,67.993164,187.500000
4108,0.658691,-0.624512,0.118652,31.127930,62.805176,198.547363
4109,0.625488,-0.639160,0.086914,38.024902,59.753418,210.876465
4110,0.589355,-0.630859,0.071289,47.729492,57.739258,227.905273
4111,0.509766,-0.585938,0.038086,69.396973,60.363770,269.104004
4112,0.466797,-0.543457,0.062012,76.232910,66.101074,292.053223
4113,0.407715,-0.531250,0.102539,78.796387,72.937012,317.199707
4114,0.257324,-0.618164,0.252441,71.655273,81.726074,361.694336
4115,0.137695,-0.670898,0.350586,61.645508,81.542969,377.319336
4116,-0.000977,-0.770020,0.465820,46.997070,75.134277,385.375977
4117,-0.232910,-0.942383,0.568848,6.774902,42.175293,369.323730
4118,-0.305664,-0.958008,0.552246,-10.681152,21.362305,347.778320
4119,-0.326172,-0.936035,0.509277,-22.521973,1.037598,324.096680
4120,-0.285645,-0.949219,0.349609,-29.724121,-25.756836,284.667969
4121,-0.296875,-0.983887,0.278809,-21.423340,-30.517578,270.751953
4122,-0.349609,-1.062988,0.198242,-8.789062,-30.700684,254.699707
4123,-0.491699,-1.188477,0.117676,16.601562,-18.920898,203.613281
4124,-0.533203,-1.166016,0.100098,28.747559,-10.986328,171.447754
4125,-0.540527,-1.121094,0.083984,41.564941,-2.075195,142.150879
4126,-0.505859,-1.082031,0.100586,58.288574,4.821777,117.675781
4127,-0.430664,-0.929688,0.225586,83.862305,16.296387,85.571289
4128,-0.419434,-0.854004,0.299316,86.975098,15.747070,76.782227
4129,-0.483398,-0.907227,0.377930,78.308105,-3.112793,59.692383
4130,-0.529297,-0.972168,0.390625,65.979004,-13.427734,42.907715
4131,-0.544434,-0.993652,0.375000,50.964355,-18.737793,24.353027
4132,-0.541504,-0.992676,0.333496,39.428711,-19.653320,7.263184
4133,-0.494141,-0.928711,0.246582,39.550781,-15.930176,-17.944336
4134,-0.477051,-0.904785,0.259766,48.645020,-15.625000,-23.681641
4135,-0.490723,-0.946289,0.309570,61.523438,-19.409180,-29.418945
4136,-0.575684,-1.038574,0.423340,76.599121,-31.616211,-57.006836
4137,-0.568848,-1.016113,0.448242,79.833984,-42.114258,-73.852539
4138,-0.537598,-0.967285,0.429199,85.998535,-55.725098,-87.585449
4139,-0.492188,-0.921387,0.370117,96.679688,-68.664551,-97.595215
4140,-0.431641,-0.834961,0.312988,126.831055,-87.280273,-113.464355
4141,-0.407227,-0.813477,0.349609,142.761230,-93.933105,-123.718262
4142,-0.384277,-0.788574,0.445801,156.250000,-101.013184,-136.474609
4143,-0.330566,-0.830078,0.636230,176.757812,-129.455566,-171.447754
4144,-0.276855,-0.784668,0.695312,180.664062,-143.127441,-188.232422
4145,-0.119629,-0.645508,0.706543,177.917480,-149.841309,-194.580078
4146,-0.024414,-0.574219,0.689941,178.466797,-143.493652,-186.584473
4147,0.061523,-0.540527,0.661621,181.884766,-133.911133,-176.025391
4148,0.125488,-0.529785,0.674316,187.194824,-124.816895,-167.480469
4149,0.146484,-0.537598,0.724609,192.138672,-119.506836,-163.940430
4150,0.126953,-0.539551,0.807129,184.204102,-113.769531,-174.499512
4151,0.134277,-0.481445,0.833008,169.738770,-107.849121,-182.312012
4152,0.189941,-0.282227,0.808105,124.755859,-86.242676,-187.133789
4153,0.254395,-0.225098,0.793457,100.097656,-68.969727,-179.443359
4154,0.351074,-0.234375,0.859375,55.725098,-44.128418,-157.775879
4155,0.374512,-0.281738,0.886719,35.156250,-42.602539,-149.719238
4156,0.376953,-0.322266,0.905273,16.967773,-47.119141,-144.958496
4157,0.341797,-0.351562,0.811523,-5.065918,-52.246094,-138.061523
4158,0.323730,-0.346191,0.781738,-7.751465,-49.316406,-135.131836
4159,0.323242,-0.353027,0.808594,-8.239746,-44.372559,-131.469727
4160,0.354980,-0.424805,0.885254,6.042480,-44.006348,-133.789062
4161,0.373047,-0.412109,0.925293,14.221191,-46.325684,-141.662598
4162,0.398926,-0.349121,0.937988,14.343262,-47.485352,-151.123047
4163,0.454590,-0.296387,0.921875,9.643555,-47.180176,-159.240723
4164,0.609863,-0.187988,0.897461,0.366211,-46.325684,-155.700684
4165,0.650879,-0.149414,0.915527,-6.286621,-45.898438,-143.554688
4166,0.652832,-0.123535,0.919922,-14.953613,-48.522949,-128.662109
4167,0.557617,-0.157227,0.875488,-33.630371,-59.936523,-102.783203
4168,0.518555,-0.182129,0.832520,-41.076660,-63.720703,-95.825195
4169,0.492188,-0.207520,0.762695,-42.602539,-65.917969,-92.834473
4170,0.495605,-0.204102,0.716797,-37.963867,-64.697266,-95.092773
4171,0.545898,-0.186035,0.770996,-39.916992,-62.255859,-96.496582
4172,0.561523,-0.187500,0.845215,-52.734375,-68.237305,-96.618652
4173,0.587891,-0.194336,0.889160,-71.228027,-79.772949,-97.534180
4174,0.629395,-0.172852,0.851074,-116.210938,-104.370117,-96.069336
4175,0.656738,-0.157227,0.781250,-134.948730,-109.375000,-92.407227
4176,0.684082,-0.141602,0.680664,-144.104004,-108.703613,-88.562012
4177,0.738770,-0.137207,0.648926,-143.371582,-89.965820,-75.988770
4178,0.733398,-0.202637,0.653320,-136.535645,-87.158203,-69.458008
4179,0.729492,-0.246582,0.631348,-126.953125,-88.562012,-69.396973
4180,0.725586,-0.249023,0.583984,-111.633301,-97.778320,-78.002930
4181,0.742188,-0.246094,0.604980,-111.267090,-101.318359,-82.092285
4182,0.792969,-0.214355,0.589844,-116.088867,-103.027344,-81.481934
4183,0.841309,-0.205566,0.495117,-131.713867,-103.576660,-72.937012
4184,0.851074,-0.205566,0.444824,-139.953613,-103.637695,-66.894531
4185,0.844238,-0.222656,0.375000,-144.165039,-102.111816,-60.668945
4186,0.849121,-0.198730,0.312500,-135.681152,-96.313477,-49.377441
4187,0.898438,-0.189941,0.330078,-126.831055,-98.083496,-43.640137
4188,0.960938,-0.215820,0.321289,-119.262695,-103.271484,-39.062500
4189,1.054688,-0.255371,0.222168,-111.450195,-94.543457,-21.240234
4190,1.035156,-0.263184,0.142578,-103.210449,-82.092285,-6.835938
4191,0.987793,-0.271484,0.098633,-84.716797,-69.702148,2.685547
4192,0.943848,-0.251953,0.205566,-44.311523,-56.274414,17.822266
4193,0.916504,-0.272461,0.276855,-35.644531,-54.992676,23.925781
4194,0.911621,-0.317383,0.303711,-35.888672,-57.128906,26.977539
4195,0.937500,-0.320312,0.262695,-49.377441,-67.749023,32.592773
4196,0.936035,-0.291504,0.205566,-55.969238,-74.584961,39.855957
4197,0.861816,-0.305176,0.075195,-56.396484,-75.988770,55.053711
4198,0.894043,-0.317383,0.058594,-51.086426,-77.026367,60.424805
4199,0.906250,-0.296875,0.014160,-45.898438,-72.204590,69.396973
4200,0.972656,-0.291016,0.015625,-41.809082,-66.223145,80.261230
4201,0.992676,-0.355957,-0.003418,-37.353516,-58.715820,90.393066
4202,0.992676,-0.479004,-0.053223,-15.563965,-43.457031,100.036621
4203,0.989258,-0.463867,-0.086914,11.108398,-34.057617,106.567383
4204,0.935059,-0.409180,-0.072266,71.105957,-5.981445,125.061035
4205,0.897949,-0.400391,-0.009277,87.036133,10.986328,134.887695
4206,0.872070,-0.396973,0.091309,93.139648,25.817871,144.226074
4207,0.837402,-0.456055,0.271973,83.068848,33.569336,161.560059
4208,0.841309,-0.499512,0.305664,66.650391,30.517578,170.837402
4209,0.827637,-0.546875,0.271973,49.865723,26.916504,178.039551
4210,0.834961,-0.583984,0.260254,33.569336,21.057129,185.180664
4211,0.768555,-0.668457,0.253906,10.375977,-3.417969,194.396973
4212,0.699219,-0.685547,0.266602,6.164551,-17.639160,193.908691
4213,0.636719,-0.706543,0.263184,3.662109,-28.686523,193.664551
4214,0.569336,-0.762695,0.207520,-1.770020,-37.841797,183.166504
4215,0.578613,-0.779785,0.144043,1.342773,-33.874512,174.133301
4216,0.587891,-0.798828,0.095215,10.559082,-22.888184,166.320801
4217,0.572754,-0.820801,0.029785,45.410156,9.460449,158.203125
4218,0.543457,-0.801270,-0.000488,66.650391,27.587891,155.761719
4219,0.514160,-0.751465,-0.032227,89.111328,45.959473,155.456543
4220,0.475586,-0.738281,0.039062,140.930176,85.998535,162.719727
4221,0.445801,-0.759766,0.162109,157.226562,109.680176,164.001465
4222,0.399414,-0.794434,0.309570,155.883789,130.737305,165.222168
4223,0.328613,-0.828613,0.538574,114.318848,151.306152,170.410156
4224,0.294922,-0.847168,0.557129,87.951660,151.550293,174.865723
4225,0.242188,-0.860352,0.557617,66.894531,147.949219,176.391602
4226,0.158691,-0.827148,0.525879,37.658691,140.563965,179.626465
4227,0.061523,-0.797852,0.553223,27.038574,130.371094,180.358887
4228,-0.041504,-0.820801,0.558105,4.943848,98.205566,169.067383
4229,-0.072266,-0.866699,0.549316,-3.112793,84.106445,156.372070
4230,-0.090332,-0.894531,0.481445,-6.347656,72.753906,139.526367
4231,-0.113770,-0.862793,0.370605,0.976562,62.988281,112.792969
4232,-0.142578,-0.860352,0.338867,12.634277,58.898926,104.797363
4233,-0.180664,-0.894043,0.349609,25.878906,54.077148,100.219727
4234,-0.233398,-1.017578,0.364746,45.043945,41.259766,85.754395
4235,-0.248047,-1.020508,0.413574,42.663574,33.752441,74.218750
4236,-0.235840,-0.989746,0.453125,37.414551,21.484375,63.964844
4237,-0.145508,-0.903809,0.491211,29.602051,-5.676270,51.940918
4238,-0.126465,-0.866211,0.485840,28.503418,-13.305664,49.255371
4239,-0.145508,-0.853027,0.489258,27.832031,-14.892578,46.020508
4240,-0.219238,-0.901367,0.458984,39.428711,-10.375977,31.127930
4241,-0.245605,-0.925781,0.452637,50.842285,-7.751465,17.028809
4242,-0.253418,-0.947754,0.468750,61.767578,-6.408691,-0.610352
4243,-0.250000,-0.950684,0.467773,70.068359,-5.249023,-19.653320
4244,-0.245117,-0.948242,0.465332,84.899902,5.126953,-57.495117
4245,-0.239746,-0.925293,0.488770,89.599609,10.437012,-74.768066
4246,-0.191895,-0.875000,0.581543,97.656250,7.263184,-97.290039
4247,-0.137695,-0.863770,0.636230,100.891113,-0.488281,-101.013184
4248,-0.105469,-0.846680,0.671875,104.309082,-9.704590,-99.426270
4249,-0.128906,-0.817871,0.734863,105.285645,-30.334473,-87.524414
4250,-0.157227,-0.841309,0.736328,105.163574,-43.334961,-87.524414
4251,-0.151367,-0.836426,0.719727,107.299805,-55.175781,-94.604492
4252,-0.064453,-0.755859,0.750977,123.046875,-81.848145,-115.051270
4253,-0.026367,-0.735840,0.707520,131.835938,-92.590332,-126.708984
4254,-0.013672,-0.712402,0.745117,137.817383,-103.088379,-138.732910
4255,-0.021484,-0.669922,0.800781,125.915527,-117.065430,-167.175293
4256,0.038086,-0.603516,0.818359,112.548828,-125.244141,-176.879883
4257,0.109863,-0.547363,0.819336,100.280762,-135.314941,-181.091309
4258,0.152832,-0.505859,0.823730,88.928223,-145.812988,-182.006836
4259,0.214355,-0.466309,0.855957,63.903809,-166.015625,-181.335449
4260,0.244141,-0.438477,0.849609,49.072266,-171.569824,-182.678223
4261,0.308105,-0.330566,0.632324,19.348145,-145.202637,-183.593750
4262,0.437988,-0.293457,0.447266,20.629883,-109.497070,-176.818848
4263,0.524902,-0.260254,0.419922,45.593262,-65.490723,-170.227051
4264,0.632324,-0.323242,0.629395,77.575684,-12.268066,-133.178711
4265,0.606445,-0.363770,0.735840,85.449219,-8.911133,-115.661621
4266,0.553711,-0.359375,0.787109,86.547852,-13.793945,-97.656250
4267,0.528809,-0.394531,0.946289,61.767578,-32.653809,-77.819824
4268,0.542480,-0.378418,0.958008,42.907715,-47.119141,-74.462891
4269,0.545410,-0.360840,0.921387,23.986816,-59.753418,-72.509766
4270,0.549316,-0.328613,0.862305,-6.103516,-73.608398,-70.922852
4271,0.568359,-0.284180,0.772461,-17.395020,-76.538086,-70.312500
4272,0.572266,-0.246582,0.739746,-28.015137,-76.538086,-69.274902
4273,0.576660,-0.223633,0.746094,-42.297363,-74.096680,-68.420410
4274,0.604004,-0.246094,0.750977,-78.186035,-68.664551,-72.082520
4275,0.632812,-0.263184,0.719238,-94.360352,-59.020996,-75.500488
4276,0.674316,-0.278320,0.669922,-103.210449,-43.090820,-77.331543
4277,0.753418,-0.286133,0.621094,-95.458984,-18.859863,-73.120117
4278,0.745117,-0.283691,0.596191,-80.566406,-15.563965,-71.411133
4279,0.707031,-0.318848,0.583008,-60.119629,-11.962891,-70.922852
4280,0.778809,-0.293457,0.663086,-29.418945,-11.901855,-66.040039
4281,0.818359,-0.274902,0.681641,-21.728516,-14.221191,-55.480957
4282,0.819336,-0.287598,0.692871,-16.906738,-17.700195,-43.090820
4283,0.735352,-0.311035,0.656738,-10.375977,-23.803711,-31.799316
4284,0.698242,-0.287598,0.666992,-10.803223,-26.977539,-31.372070
4285,0.679688,-0.271484,0.674316,-14.709473,-31.982422,-32.287598
4286,0.654297,-0.266113,0.687012,-33.813477,-46.447754,-38.635254
4287,0.664062,-0.253906,0.652344,-44.555664,-49.072266,-41.320801
4288,0.666016,-0.250977,0.611816,-51.757812,-47.851562,-43.762207
4289,0.713867,-0.270508,0.624512,-54.016113,-42.358398,-47.851562
4290,0.749512,-0.266602,0.640625,-50.354004,-42.419434,-50.048828
4291,0.756348,-0.273438,0.634277,-43.762207,-44.250488,-54.321289
4292,0.785156,-0.279785,0.640625,-34.667969,-53.222656,-62.927246
4293,0.830566,-0.292480,0.615723,-33.508301,-57.006836,-66.162109
4294,0.883301,-0.293945,0.528320,-28.564453,-55.114746,-66.894531
4295,0.956055,-0.219238,0.382324,-5.798340,-31.372070,-54.565430
4296,0.962402,-0.173340,0.352051,10.314941,-17.028809,-40.039062
4297,0.910645,-0.181641,0.328613,26.672363,-3.234863,-26.489258
4298,0.839844,-0.222656,0.471191,38.940430,17.700195,-15.380859
4299,0.855957,-0.203125,0.542969,29.052734,18.981934,-11.901855
4300,0.861816,-0.133301,0.532715,0.305176,9.826660,3.051758
4301,0.827637,-0.237793,0.569824,-8.483887,2.319336,10.437012
4302,0.810059,-0.238770,0.525879,-14.038086,-14.404297,10.498047
4303,0.800781,-0.207520,0.491699,-16.235352,-16.601562,12.756348
4304,0.787109,-0.212891,0.488770,-18.737793,-15.747070,14.953613
4305,0.792480,-0.231445,0.496094,-20.080566,-14.953613,15.014648
4306,0.831543,-0.230469,0.518555,-21.179199,-15.075684,16.662598
4307,0.840820,-0.221191,0.520996,-22.644043,-17.211914,22.460938
4308,0.841797,-0.222168,0.504395,-25.207520,-19.287109,30.395508
4309,0.806641,-0.269531,0.479004,-27.832031,-22.827148,40.222168
4310,0.804688,-0.276367,0.455566,-23.620605,-22.338867,40.161133
4311,0.819824,-0.272949,0.432129,-16.174316,-18.493652,39.916992
4312,0.843262,-0.259766,0.428223,-7.080078,-12.390137,40.893555
4313,0.853516,-0.256836,0.417969,6.591797,1.281738,49.621582
4314,0.855469,-0.271484,0.438965,10.009766,9.033203,55.480957
4315,0.859375,-0.276367,0.471191,5.676270,16.479492,69.458008
4316,0.845215,-0.326172,0.520996,2.441406,15.197754,73.303223
4317,0.832520,-0.354004,0.537598,-0.976562,11.413574,75.073242
4318,0.836426,-0.360840,0.524902,-2.868652,11.291504,75.744629
4319,0.792969,-0.354004,0.458008,-2.502441,26.550293,77.392578
4320,0.754395,-0.362305,0.463379,-1.220703,35.339355,77.209473
4321,0.716309,-0.375000,0.523438,0.244141,39.550781,75.744629
4322,0.683594,-0.433594,0.605957,0.854492,27.221680,64.147949
4323,0.687500,-0.460449,0.598145,-1.098633,17.883301,53.588867
4324,0.706543,-0.461426,0.556641,-5.493164,13.305664,44.067383
4325,0.729980,-0.427246,0.462402,-9.582520,19.287109,39.001465
4326,0.726074,-0.408691,0.465820,-8.300781,23.742676,41.687012
4327,0.715820,-0.404297,0.483887,-7.202148,25.085449,45.349121
4328,0.683105,-0.446777,0.508301,-4.089355,19.470215,49.865723
4329,0.694824,-0.482910,0.541504,-1.770020,13.305664,51.635742
4330,0.712891,-0.518066,0.565430,0.122070,6.347656,54.321289
4331,0.724121,-0.543457,0.519531,1.647949,-3.173828,63.171387
4332,0.696777,-0.543945,0.500488,3.051758,-3.845215,67.626953
4333,0.667969,-0.528809,0.512695,3.662109,-3.112793,70.861816
4334,0.653320,-0.494629,0.524414,3.601074,-3.723145,74.645996
4335,0.645508,-0.457031,0.471680,12.634277,-2.746582,86.181641
4336,0.628906,-0.454590,0.466797,21.057129,1.220703,94.055176
4337,0.601562,-0.461914,0.495605,26.672363,7.080078,102.600098
4338,0.599609,-0.522949,0.576660,24.902344,15.869141,115.905762
4339,0.596680,-0.562012,0.592285,17.700195,18.066406,118.713379
4340,0.580078,-0.587402,0.591797,7.995605,19.897461,119.506836
4341,0.585938,-0.617676,0.615723,-12.939453,26.000977,122.558594
4342,0.564453,-0.598633,0.609863,-18.005371,27.954102,124.267578
4343,0.546875,-0.586914,0.593750,-19.287109,29.785156,127.441406
4344,0.518555,-0.586914,0.562988,-17.028809,31.860352,131.042480
4345,0.469727,-0.660156,0.560547,-9.033203,34.667969,131.713867
4346,0.421875,-0.707520,0.549316,-6.164551,34.851074,123.962402
4347,0.342285,-0.749512,0.553223,-10.070801,41.076660,96.557617
4348,0.312988,-0.758789,0.549316,-12.878418,44.555664,79.956055
4349,0.307129,-0.772949,0.556152,-14.465332,47.241211,64.331055
4350,0.314941,-0.768066,0.577148,-15.441895,46.691895,51.757812
4351,0.325195,-0.745605,0.587891,-18.554688,37.658691,41.870117
4352,0.319336,-0.736816,0.579102,-18.676758,30.273438,41.381836
4353,0.309570,-0.742188,0.563477,-17.150879,22.888184,40.954590
4354,0.290039,-0.779297,0.543457,-8.605957,13.366699,36.254883
4355,0.290039,-0.810059,0.527832,-3.784180,13.305664,31.555176
4356,0.305176,-0.831055,0.557617,2.624512,20.935059,23.620605
4357,0.312012,-0.838867,0.571777,3.479004,24.230957,22.399902
4358,0.295898,-0.819336,0.557129,5.859375,26.794434,22.705078
4359,0.275391,-0.796875,0.563477,12.817383,28.686523,25.634766
4360,0.248535,-0.777344,0.597168,30.090332,27.893066,34.545898
4361,0.245117,-0.758301,0.614258,37.414551,25.573730,38.635254
4362,0.242188,-0.730957,0.632324,41.992188,21.240234,42.541504
4363,0.243164,-0.716309,0.647461,36.987305,10.620117,48.461914
4364,0.228516,-0.717285,0.644043,31.677246,7.446289,49.926758
4365,0.226074,-0.740234,0.641113,27.343750,5.981445,51.147461
4366,0.197754,-0.829102,0.655762,15.258789,8.361816,51.391602
4367,0.194824,-0.843750,0.652832,-2.624512,13.977051,44.555664
4368,0.183594,-0.822754,0.633301,-12.939453,18.249512,38.513184
4369,0.137207,-0.842285,0.562988,-12.329102,24.536133,24.414062
4370,0.115723,-0.856934,0.530762,-7.751465,29.724121,13.000488
4371,0.116211,-0.831543,0.550293,7.080078,34.362793,-10.986328
4372,0.121094,-0.801270,0.583008,17.456055,31.250000,-16.235352
4373,0.143066,-0.782227,0.638672,25.695801,24.108887,-15.380859
4374,0.172363,-0.777344,0.715820,18.188477,10.803223,-5.493164
4375,0.156738,-0.786133,0.698730,8.056641,9.277344,-3.967285
4376,0.117188,-0.825684,0.653809,1.525879,12.695312,-13.793945
4377,0.115234,-0.834473,0.654297,4.333496,14.404297,-21.362305
4378,0.121094,-0.835938,0.653809,9.094238,14.831543,-27.893066
4379,0.128906,-0.823730,0.614258,24.108887,16.174316,-41.503906
4380,0.143555,-0.791016,0.610352,33.996582,16.418457,-47.607422
4381,0.170410,-0.749512,0.630859,44.616699,14.526367,-50.048828
4382,0.251465,-0.704590,0.695801,41.687012,14.648438,-43.762207
4383,0.231445,-0.724121,0.694824,35.705566,16.723633,-35.949707
4384,0.192871,-0.763672,0.683594,31.250000,19.897461,-32.348633
4385,0.156738,-0.784668,0.686523,30.822754,22.766113,-34.790039
4386,0.135254,-0.744629,0.698242,38.757324,23.071289,-49.255371
4387,0.137695,-0.718262,0.717285,43.151855,20.263672,-58.288574
4388,0.159668,-0.661621,0.781250,45.959473,11.840820,-72.265625
4389,0.172363,-0.683594,0.825684,43.640137,4.577637,-78.918457
4390,0.204102,-0.709961,0.849121,38.696289,-2.136230,-85.937500
4391,0.262207,-0.658691,0.825195,31.921387,-2.136230,-91.979980
4392,0.283203,-0.596680,0.821777,33.813477,3.295898,-90.332031
4393,0.301758,-0.535156,0.843262,35.583496,5.432129,-88.134766
4394,0.319824,-0.475098,0.862305,33.996582,2.685547,-86.120605
4395,0.315918,-0.481934,0.866699,17.456055,-4.638672,-88.562012
4396,0.320801,-0.528320,0.851562,2.807617,-4.638672,-97.656250
4397,0.355957,-0.532715,0.828125,-14.831543,-1.342773,-110.473633
4398,0.406250,-0.410156,0.807129,-60.791016,17.150879,-125.061035
4399,0.368164,-0.412598,0.800781,-83.740234,26.000977,-125.854492
4400,0.333008,-0.440918,0.754883,-103.515625,32.409668,-126.159668
4401,0.358887,-0.490234,0.715820,-104.064941,39.855957,-124.206543
4402,0.330078,-0.577637,0.716309,-85.144043,13.732910,-130.493164
4403,0.377930,-0.615723,0.677246,-62.622070,-3.845215,-134.704590
4404,0.386230,-0.642090,0.664551,1.525879,-45.593262,-155.944824
4405,0.412598,-0.592285,0.649414,25.390625,-57.983398,-167.419434
4406,0.434570,-0.542969,0.687012,39.123535,-63.598633,-174.316406
4407,0.482422,-0.460938,0.696777,43.640137,-63.476562,-174.987793
4408,0.605469,-0.312988,0.638672,39.123535,-47.546387,-157.470703
4409,0.673828,-0.233887,0.589355,27.160645,-25.512695,-143.920898
4410,0.709473,-0.178223,0.687988,9.704590,-2.746582,-127.380371
4411,0.701172,-0.200195,0.812012,-13.793945,4.760742,-97.106934
4412,0.657227,-0.283203,0.814941,-21.850586,-3.051758,-93.078613
4413,0.599609,-0.343262,0.792480,-29.602051,-12.878418,-99.121094
4414,0.535645,-0.378418,0.748535,-40.100098,-31.127930,-124.816895
4415,0.539551,-0.353027,0.743652,-42.358398,-39.672852,-137.023926
4416,0.557129,-0.312012,0.750488,-41.198730,-49.743652,-145.751953
4417,0.592285,-0.273926,0.720215,-36.254883,-59.143066,-149.719238
4418,0.686035,-0.218750,0.637695,-17.883301,-61.218262,-145.202637
4419,0.734863,-0.204590,0.629883,-8.117676,-51.635742,-138.610840
4420,0.766602,-0.210938,0.583008,10.253906,-16.296387,-131.896973
4421,0.810547,-0.172852,0.563477,21.240234,3.295898,-131.286621
4422,0.871094,-0.107910,0.547852,30.517578,17.883301,-128.662109
4423,0.892090,-0.076660,0.545410,38.208008,28.625488,-123.046875
4424,0.768066,-0.141113,0.629395,53.710938,36.315918,-118.774414
4425,0.708008,-0.135254,0.692383,58.837891,30.151367,-123.107910
4426,0.690918,-0.078613,0.735352,42.968750,11.352539,-117.919922
4427,0.690430,0.060547,0.695801,33.447266,4.089355,-106.994629
4428,0.711426,0.058105,0.660645,26.916504,-1.770020,-95.092773
4429,0.764160,0.038086,0.651855,22.094727,-4.821777,-83.374023
4430,0.833008,0.032227,0.645996,16.784668,-4.577637,-68.725586
4431,0.883789,0.073242,0.604004,8.178711,6.347656,-34.362793
4432,0.868652,0.108887,0.594238,9.582520,11.840820,-20.568848
4433,0.832031,0.105957,0.597656,11.657715,17.883301,-5.981445
4434,0.769043,0.093262,0.580566,15.441895,32.226562,18.127441
4435,0.787598,0.107910,0.571777,17.333984,40.527344,30.517578
4436,0.781250,0.097656,0.628906,20.080566,41.137695,57.067871
4437,0.755859,0.062012,0.691406,19.958496,30.639648,65.795898
4438,0.744629,0.049316,0.725586,17.639160,16.601562,72.021484
4439,0.740234,0.056641,0.731445,13.671875,4.699707,77.270508
4440,0.755859,0.066406,0.716797,1.037598,-4.394531,90.393066
4441,0.789062,0.057129,0.754883,-3.234863,-5.554199,98.510742
4442,0.834473,0.034668,0.777832,-7.690430,-5.615234,111.572266
4443,0.843750,-0.022949,0.743652,-4.028320,3.784180,138.305664
4444,0.849121,-0.067383,0.760254,-0.244141,11.169434,153.137207
4445,0.847656,-0.085938,0.743652,0.305176,17.150879,167.053223
4446,0.815918,-0.121094,0.744141,-1.525879,20.996094,178.894043
4447,0.715332,-0.135742,0.753418,-13.732910,23.681641,196.044922
4448,0.668945,-0.154297,0.753418,-22.460938,22.827148,202.026367
4449,0.635254,-0.201172,0.749512,-29.602051,20.324707,203.125000
4450,0.600098,-0.227051,0.686523,-35.095215,18.554688,190.124512
4451,0.580078,-0.233887,0.678711,-36.743164,20.080566,182.250977
4452,0.558105,-0.297363,0.616211,-31.433105,24.536133,164.001465
4453,0.552246,-0.321777,0.605957,-25.634766,25.451660,151.428223
4454,0.535645,-0.339844,0.636230,-22.766113,24.414062,137.145996
4455,0.483887,-0.399414,0.693359,-25.573730,18.798828,106.689453
4456,0.480957,-0.415527,0.712891,-29.479980,15.930176,92.590332
4457,0.494141,-0.420410,0.699707,-31.372070,14.404297,81.848145
4458,0.563965,-0.434570,0.574707,-11.352539,26.123047,72.998047
4459,0.590820,-0.456055,0.538574,9.155273,36.621094,71.777344
4460,0.591797,-0.480469,0.549805,31.555176,46.813965,70.190430
4461,0.588379,-0.496582,0.625488,55.969238,55.725098,63.659668
4462,0.545410,-0.506348,0.806152,51.757812,53.466797,58.654785
4463,0.509277,-0.497559,0.836914,41.870117,47.973633,53.222656
4464,0.447754,-0.476074,0.805664,21.667480,35.034180,45.532227
4465,0.423828,-0.458008,0.757324,18.127441,29.296875,45.349121
4466,0.414062,-0.430664,0.699219,21.301270,26.367188,47.912598
4467,0.409180,-0.382812,0.693359,40.588379,24.475098,60.119629
4468,0.400391,-0.397949,0.741699,47.241211,22.766113,67.016602
4469,0.396484,-0.456055,0.830566,45.166016,19.409180,71.411133
4470,0.385254,-0.495605,0.820312,24.719238,12.329102,76.965332
4471,0.377441,-0.480957,0.758789,23.437500,13.366699,82.519531
4472,0.361328,-0.449707,0.701172,33.752441,15.991211,89.782715
4473,0.335938,-0.427246,0.679688,52.673340,19.897461,97.839355
4474,0.287598,-0.480957,0.754395,95.397949,21.972656,106.079102
4475,0.261719,-0.520996,0.795898,107.055664,22.888184,100.952148
4476,0.283203,-0.552734,0.899414,101.623535,23.010254,82.946777
4477,0.291016,-0.538086,0.953125,86.364746,21.850586,76.843262
4478,0.305176,-0.512207,1.000977,64.453125,19.470215,74.707031
4479,0.334473,-0.451660,0.970215,25.756836,11.291504,82.275391
4480,0.333496,-0.467285,0.924805,20.996094,7.995605,86.975098
4481,0.305176,-0.499023,0.905762,31.127930,7.141113,86.486816
4482,0.272461,-0.514648,0.918945,44.067383,9.277344,80.871582
4483,0.262207,-0.516602,1.018555,52.062988,13.977051,60.180664
4484,0.260742,-0.512695,0.988281,54.809570,15.869141,44.250488
4485,0.263184,-0.507324,0.935059,57.006836,22.033691,25.024414
4486,0.254395,-0.434570,0.848633,59.631348,48.034668,-9.521484
4487,0.225098,-0.407227,0.866699,51.818848,66.894531,-18.676758
4488,0.203125,-0.391602,0.909180,35.583496,83.801270,-21.667480
4489,0.256348,-0.391602,0.941895,1.831055,101.745605,-3.906250
4490,0.237793,-0.354492,0.907227,-5.920410,101.989746,15.441895
4491,0.202148,-0.322754,0.858398,-1.403809,97.900391,38.635254
4492,0.097656,-0.335938,0.801758,43.395996,75.134277,77.331543
4493,0.037598,-0.351562,0.755371,77.880859,59.936523,85.083008
4494,-0.027344,-0.360352,0.752441,114.501953,47.790527,82.824707
4495,-0.094727,-0.338379,0.813477,140.075684,38.757324,74.707031
4496,-0.194336,-0.270996,1.074707,141.052246,18.005371,47.363281
4497,-0.250000,-0.262695,1.200684,106.445312,-2.258301,19.836426
4498,-0.237793,-0.270996,1.218262,69.641113,-23.315430,-10.375977
4499,-0.085938,-0.187988,1.163574,2.075195,-60.729980,-52.978516
4500,-0.012207,-0.128418,1.017578,-19.836426,-71.228027,-61.828613
4501,0.039062,-0.139648,0.913086,-30.700684,-73.303223,-64.208984
4502,0.090332,-0.175293,0.850586,-34.484863,-63.903809,-61.096191
4503,0.074707,-0.208984,0.847168,-30.578613,-60.241699,-62.561035
4504,0.040039,-0.240234,0.895996,-25.451660,-60.852051,-69.152832
4505,0.003418,-0.276367,0.972168,-21.301270,-64.575195,-78.674316
4506,0.002441,-0.348633,1.156738,-25.085449,-83.374023,-105.712891
4507,0.046387,-0.305176,1.168945,-38.635254,-91.613770,-118.041992
4508,0.097656,-0.232910,1.103516,-56.091309,-90.881348,-123.901367
4509,0.203613,-0.142090,0.851562,-64.208984,-56.396484,-110.961914
4510,0.207520,-0.170898,0.842773,-51.330566,-37.414551,-98.083496
4511,0.191895,-0.219238,0.870605,-36.010742,-27.221680,-87.402344
4512,0.166992,-0.271973,0.943848,-10.864258,-22.705078,-77.819824
4513,0.158203,-0.270020,0.998535,-3.234863,-29.907227,-78.796387
4514,0.134766,-0.197266,1.029785,-3.417969,-54.748535,-83.435059
4515,0.113770,-0.190918,1.045410,-11.657715,-63.293457,-84.594727
4516,0.133301,-0.188965,1.054199,-25.451660,-64.697266,-84.472656
4517,0.187012,-0.203613,1.057129,-67.993164,-50.659180,-77.819824
4518,0.310547,-0.244629,1.018555,-88.195801,-41.076660,-68.847656
4519,0.318359,-0.279297,0.966797,-105.041504,-32.958984,-57.861328
4520,0.312988,-0.302246,0.883789,-116.821289,-27.770996,-48.339844
4521,0.292969,-0.374512,0.691406,-107.177734,-11.779785,-32.592773
4522,0.274902,-0.402832,0.697266,-91.674805,-6.347656,-33.508301
4523,0.268555,-0.409668,0.740234,-74.523926,-4.333496,-35.217285
4524,0.275391,-0.403809,0.870605,-48.767090,-11.901855,-37.109375
4525,0.293945,-0.379883,0.911133,-45.471191,-16.479492,-36.621094
4526,0.319824,-0.350098,0.916504,-49.011230,-18.920898,-34.301758
4527,0.360840,-0.373535,0.847168,-60.485840,-14.648438,-24.658203
4528,0.349121,-0.406738,0.829102,-58.532715,-11.047363,-21.545410
4529,0.338379,-0.431152,0.855469,-54.077148,-10.986328,-20.202637
4530,0.334473,-0.438477,0.834961,-41.687012,-21.362305,-21.484375
4531,0.332031,-0.432617,0.782715,-32.592773,-25.817871,-24.291992
4532,0.327148,-0.441895,0.751465,-23.315430,-25.817871,-27.526855
4533,0.354004,-0.439453,0.710938,-15.258789,-21.057129,-29.846191
4534,0.472168,-0.392578,0.756348,-11.413574,-2.136230,-16.540527
4535,0.480469,-0.388184,0.781738,-15.625000,1.647949,-4.760742
4536,0.439941,-0.407227,0.772949,-19.104004,3.173828,4.150391
4537,0.395020,-0.448242,0.750000,-19.287109,6.774902,6.591797
4538,0.402344,-0.452637,0.740234,-1.525879,19.104004,0.610352
4539,0.414551,-0.438965,0.786133,11.413574,19.958496,0.793457
4540,0.422852,-0.453125,0.797852,20.751953,20.324707,3.601074
4541,0.383301,-0.509277,0.876953,22.644043,22.338867,8.178711
4542,0.347656,-0.502441,0.888672,19.226074,18.554688,6.347656
4543,0.341309,-0.461914,0.868164,17.456055,13.366699,5.004883
4544,0.342285,-0.398926,0.820312,18.554688,11.230469,9.399414
4545,0.320312,-0.390625,0.838379,16.235352,12.756348,11.962891
4546,0.301270,-0.390137,0.863770,10.498047,13.427734,12.756348
4547,0.312988,-0.390625,0.898438,-2.441406,10.864258,15.380859
4548,0.333496,-0.424316,0.916016,-6.896973,6.042480,18.554688
4549,0.371094,-0.466797,0.898926,-11.230469,-0.183105,17.700195
4550,0.362793,-0.500977,0.807617,-4.760742,1.892090,15.747070
4551,0.365723,-0.484375,0.797363,12.023926,2.014160,14.465332
4552,0.393066,-0.445801,0.817871,28.747559,0.610352,17.211914
4553,0.403320,-0.419434,0.871094,37.536621,0.305176,21.301270
4554,0.335449,-0.432617,0.987793,35.949707,-1.525879,29.357910
4555,0.310059,-0.502930,1.012207,34.179688,-7.507324,31.677246
4556,0.335938,-0.596191,0.916992,6.652832,-10.620117,18.554688
4557,0.366211,-0.551270,0.844238,2.258301,-12.756348,15.014648
4558,0.371094,-0.538574,0.783691,3.540039,-8.239746,13.183594
4559,0.398438,-0.523438,0.826660,11.413574,4.028320,9.582520
4560,0.371582,-0.520020,0.858887,13.549805,3.845215,8.972168
4561,0.342773,-0.489258,0.866211,13.488770,1.525879,9.582520
4562,0.326172,-0.416504,0.888672,6.713867,-5.676270,11.352539
4563,0.325684,-0.403809,0.875000,3.234863,-9.582520,11.291504
4564,0.320801,-0.393066,0.849121,2.197266,-12.329102,10.986328
4565,0.317383,-0.393066,0.841797,-2.563477,-13.854980,13.061523
4566,0.321289,-0.403809,0.881836,-9.338379,-13.305664,15.197754
4567,0.315430,-0.425781,0.888184,-17.211914,-13.671875,17.822266
4568,0.314453,-0.463379,0.883301,-20.935059,-15.258789,20.141602
4569,0.340332,-0.518555,0.865723,-10.375977,-11.047363,18.127441
4570,0.333496,-0.500977,0.914551,-1.342773,-9.948730,15.441895
4571,0.336426,-0.444336,0.981934,-0.671387,-13.305664,14.648438
4572,0.344238,-0.439453,0.961426,-6.408691,-15.136719,15.930176
4573,0.341309,-0.433594,0.915039,-12.878418,-15.808105,16.784668
4574,0.336914,-0.436523,0.874023,-17.456055,-15.014648,18.066406
4575,0.296875,-0.456543,0.851562,-21.606445,-13.122559,19.653320
4576,0.290527,-0.459961,0.867676,-26.245117,-13.671875,19.226074
4577,0.300781,-0.454102,0.879395,-31.066895,-17.944336,18.432617
4578,0.327148,-0.495605,0.826172,-39.184570,-21.301270,17.211914
4579,0.337402,-0.526367,0.784668,-36.621094,-20.324707,15.197754
4580,0.331543,-0.537109,0.753906,-28.808594,-18.249512,11.230469
4581,0.315430,-0.522949,0.809570,-9.460449,-20.629883,1.647949
4582,0.314941,-0.508789,0.840820,-4.089355,-26.367188,-2.075195
4583,0.325684,-0.508301,0.849609,-2.136230,-31.738281,-4.943848
4584,0.365234,-0.489746,0.792480,-4.760742,-37.902832,-9.460449
4585,0.378418,-0.468750,0.747559,-5.554199,-36.071777,-9.643555
4586,0.386230,-0.446289,0.725586,-6.347656,-31.860352,-7.934570
4587,0.417480,-0.444824,0.695801,-7.324219,-22.094727,-0.061035
4588,0.431641,-0.457520,0.720703,-5.065918,-16.235352,3.295898
4589,0.430176,-0.456543,0.760254,-5.065918,-13.488770,4.577637
4590,0.447266,-0.444336,0.810547,-13.000488,-14.221191,5.920410
4591,0.452148,-0.417969,0.795410,-18.615723,-16.052246,7.202148
4592,0.467773,-0.389160,0.754883,-22.705078,-17.272949,9.094238
4593,0.481934,-0.381836,0.691406,-22.399902,-13.244629,13.488770
4594,0.479004,-0.391602,0.694336,-21.545410,-10.864258,13.916016
4595,0.483398,-0.407227,0.690918,-21.911621,-10.009766,13.000488
4596,0.499023,-0.425781,0.680176,-20.385742,-9.765625,11.474609
4597,0.510254,-0.435059,0.675293,-16.662598,-9.765625,10.925293
4598,0.524414,-0.451660,0.651855,-10.009766,-8.483887,9.582520
4599,0.514160,-0.443848,0.652344,4.089355,-4.394531,3.112793
4600,0.505371,-0.413574,0.660156,7.080078,-2.380371,0.305176
4601,0.501465,-0.395996,0.687012,9.094238,-1.525879,-0.305176
4602,0.487305,-0.415527,0.727539,9.094238,-3.723145,-0.305176
4603,0.505371,-0.441406,0.737305,7.568359,-7.141113,-0.427246
4604,0.518555,-0.442871,0.733398,7.995605,-7.324219,0.427246
4605,0.516602,-0.446777,0.744629,10.437012,-7.934570,2.075195
4606,0.526367,-0.463379,0.747559,10.864258,-7.629395,3.051758
4607,0.516602,-0.451172,0.745117,11.230469,-6.591797,3.295898
4608,0.501465,-0.439453,0.751465,12.451172,-6.835938,3.967285
4609,0.494141,-0.438965,0.750000,13.488770,-7.873535,4.760742
4610,0.505371,-0.451172,0.746094,14.648438,-7.568359,3.356934
4611,0.495117,-0.441895,0.735840,13.977051,-7.934570,2.319336
4612,0.483398,-0.426758,0.725586,13.610840,-8.361816,2.380371
4613,0.476074,-0.396973,0.734375,11.840820,-10.375977,3.234863
4614,0.478516,-0.386230,0.731934,9.033203,-12.390137,4.150391
4615,0.479004,-0.390625,0.702148,6.164551,-13.122559,4.821777
4616,0.508301,-0.392578,0.716309,-0.488281,-10.559082,5.920410
4617,0.494141,-0.400879,0.723633,-4.455566,-11.230469,6.347656
4618,0.483398,-0.418457,0.722656,-5.798340,-12.817383,7.019043
4619,0.487793,-0.454102,0.734863,-4.882812,-16.479492,7.080078
4620,0.497559,-0.450195,0.737793,-6.652832,-17.456055,7.080078
4621,0.516113,-0.445801,0.735352,-9.460449,-17.822266,8.361816
4622,0.557617,-0.474609,0.701660,-9.948730,-13.000488,13.610840
4623,0.580566,-0.517090,0.685059,-5.004883,-6.958008,15.319824
4624,0.586914,-0.589844,0.671387,3.295898,1.342773,12.695312
4625,0.609863,-0.645508,0.755371,24.719238,12.329102,-4.943848
4626,0.623535,-0.619141,0.726562,35.583496,21.606445,-12.451172
4627,0.581055,-0.553711,0.754883,50.842285,30.090332,-15.930176
4628,0.468750,-0.460938,0.884766,62.316895,23.193359,-20.202637
4629,0.452637,-0.420410,0.899902,53.894043,13.732910,-21.484375
4630,0.456543,-0.389648,0.868164,42.297363,7.080078,-20.874023
4631,0.470215,-0.378906,0.836426,32.165527,2.990723,-18.249512
4632,0.473145,-0.396484,0.811035,14.404297,-4.760742,-11.840820
4633,0.470703,-0.396973,0.808105,4.516602,-7.995605,-9.155273
4634,0.484863,-0.401367,0.800293,-4.821777,-10.925293,-6.164551
4635,0.546387,-0.437500,0.718750,-15.991211,-8.178711,-1.953125
4636,0.536133,-0.455078,0.702637,-14.709473,-2.502441,-1.159668
4637,0.528809,-0.469727,0.708496,-7.263184,2.868652,-2.075195
4638,0.520508,-0.409668,0.793457,3.723145,4.333496,-4.821777
4639,0.520508,-0.381836,0.795410,3.479004,3.173828,-4.333496
4640,0.521484,-0.371582,0.789551,1.586914,2.136230,-2.746582
4641,0.525391,-0.379883,0.798828,-5.126953,0.305176,0.183105
4642,0.523926,-0.388184,0.797363,-9.277344,0.122070,1.220703
4643,0.520508,-0.399902,0.804688,-12.634277,-0.366211,1.831055
4644,0.522949,-0.410645,0.795898,-16.906738,-4.211426,1.770020
4645,0.547363,-0.423340,0.760742,-15.686035,-4.089355,2.014160
4646,0.582520,-0.450195,0.714844,-9.460449,0.122070,1.464844
4647,0.548340,-0.419922,0.763184,4.455566,6.835938,-2.868652
4648,0.535645,-0.380371,0.798340,6.652832,6.286621,-3.234863
4649,0.529785,-0.349121,0.819336,5.859375,3.112793,-1.098633
4650,0.528320,-0.334473,0.843750,-2.136230,-4.943848,4.882812
4651,0.543945,-0.351562,0.834473,-8.972168,-7.751465,7.629395
4652,0.557129,-0.384766,0.796387,-13.916016,-8.728027,9.521484
4653,0.558594,-0.416504,0.766602,-12.329102,-8.300781,9.460449
4654,0.560547,-0.413086,0.756836,-12.329102,-6.835938,9.338379
4655,0.562012,-0.402344,0.743652,-12.207031,-4.333496,10.559082
4656,0.548828,-0.406250,0.729004,-13.183594,0.000000,15.014648
4657,0.543945,-0.409180,0.730469,-14.953613,2.502441,16.662598
4658,0.538574,-0.413574,0.751953,-17.395020,4.638672,17.883301
4659,0.533691,-0.459473,0.783203,-23.132324,4.943848,17.272949
4660,0.518555,-0.469238,0.771973,-23.010254,5.371094,15.075684
4661,0.508301,-0.469238,0.768555,-21.057129,5.798340,12.329102
4662,0.496582,-0.450195,0.755859,-19.042969,6.469727,9.277344
4663,0.482910,-0.458008,0.745605,-19.042969,6.530762,9.033203
4664,0.479004,-0.479004,0.739258,-18.554688,7.385254,8.666992
4665,0.463867,-0.498535,0.745605,-20.324707,7.690430,6.408691
4666,0.454590,-0.490234,0.734863,-22.766113,8.422852,5.920410
4667,0.454590,-0.472656,0.740234,-27.954102,9.643555,6.958008
4668,0.483887,-0.443848,0.738770,-52.551270,15.869141,13.122559
4669,0.493652,-0.475098,0.733398,-67.443848,23.986816,18.005371
4670,0.448730,-0.546387,0.738770,-85.876465,36.926270,26.123047
4671,0.437988,-0.549805,0.737793,-85.449219,39.855957,30.944824
4672,0.410645,-0.578613,0.721680,-78.002930,40.649414,34.484863
4673,0.381348,-0.625977,0.710449,-67.871094,40.588379,33.935547
4674,0.357910,-0.602051,0.699707,-50.415039,35.827637,29.846191
4675,0.364746,-0.544922,0.720215,-48.767090,33.142090,32.592773
4676,0.385254,-0.512207,0.719727,-71.105957,30.395508,45.410156
4677,0.394531,-0.538086,0.676270,-82.336426,32.592773,51.757812
4678,0.385742,-0.605469,0.658203,-78.552246,36.621094,62.561035
4679,0.347656,-0.629883,0.689453,-72.937012,35.949707,66.589355
4680,0.338867,-0.671875,0.731445,-68.176270,33.081055,70.434570
4681,0.382324,-0.610352,0.699219,-65.124512,24.719238,74.096680
4682,0.357910,-0.583984,0.636230,-54.504395,18.249512,87.768555
4683,0.349121,-0.582031,0.595215,-46.875000,20.690918,98.083496
4684,0.319824,-0.615234,0.555176,-31.616211,30.029297,112.792969
4685,0.288086,-0.652832,0.583008,-22.827148,30.883789,118.652344
4686,0.314453,-0.639160,0.587402,-12.329102,28.076172,127.685547
4687,0.188965,-0.713867,0.601562,-3.906250,19.470215,148.498535
4688,0.164062,-0.669922,0.568848,-4.821777,21.728516,159.362793
4689,0.162598,-0.636719,0.531738,-4.638672,26.977539,170.715332
4690,0.135742,-0.617188,0.515625,-3.234863,34.606934,182.006836
4691,0.100098,-0.606445,0.540527,-2.075195,44.616699,193.054199
4692,-0.018066,-0.651855,0.675781,-13.305664,59.631348,213.500977
4693,-0.084961,-0.679688,0.639160,-26.062012,64.453125,223.632812
4694,-0.221191,-0.685059,0.540527,-35.644531,70.617676,244.812012
4695,-0.292480,-0.693848,0.502441,-25.085449,69.274902,251.037598
4696,-0.358887,-0.703125,0.467773,-5.126953,65.246582,249.389648
4697,-0.418457,-0.700684,0.471191,20.385742,59.265137,240.478516
4698,-0.517090,-0.709473,0.577637,62.133789,41.198730,207.031250
4699,-0.570801,-0.719238,0.643555,68.176270,29.602051,183.532715
4700,-0.687500,-0.815430,0.702637,44.067383,7.629395,125.549316
4701,-0.708984,-0.875488,0.685547,25.634766,-1.708984,90.393066
4702,-0.702637,-0.920898,0.644531,11.169434,-10.314941,55.725098
4703,-0.676758,-0.923828,0.587402,2.197266,-17.700195,27.221680
4704,-0.635742,-0.882324,0.473145,3.417969,-24.597168,-8.666992
4705,-0.616699,-0.856445,0.486328,15.747070,-24.108887,-23.254395
4706,-0.554688,-0.768066,0.581543,25.878906,-26.428223,-33.020020
4707,-0.507812,-0.705566,0.637207,29.846191,-31.799316,-36.804199
4708,-0.461914,-0.655273,0.656738,38.085938,-43.273926,-38.024902
4709,-0.458496,-0.673828,0.675293,42.175293,-47.241211,-39.855957
4710,-0.448242,-0.691406,0.716797,43.762207,-49.865723,-43.701172
4711,-0.428223,-0.664062,0.707520,44.189453,-49.316406,-42.236328
4712,-0.392578,-0.644043,0.709961,47.302246,-48.767090,-37.536621
4713,-0.357910,-0.644043,0.730957,51.635742,-50.109863,-31.372070
4714,-0.373535,-0.699219,0.755859,50.842285,-56.030273,-27.282715
4715,-0.383301,-0.737305,0.685547,51.818848,-58.227539,-33.142090
4716,-0.383301,-0.747070,0.622559,57.189941,-57.006836,-42.968750
4717,-0.401367,-0.749023,0.624023,65.673828,-52.001953,-68.420410
4718,-0.409180,-0.739746,0.666016,65.124512,-50.964355,-88.134766
4719,-0.409668,-0.731934,0.723633,58.715820,-53.100586,-109.802246
4720,-0.423340,-0.766113,0.829102,31.799316,-67.199707,-154.418945
4721,-0.407227,-0.781738,0.834961,14.709473,-75.622559,-177.795410
4722,-0.359863,-0.756836,0.800781,-0.793457,-81.970215,-200.805664
4723,-0.185547,-0.633301,0.673828,-10.375977,-82.336426,-239.257812
4724,-0.049316,-0.506348,0.673828,-16.906738,-70.251465,-245.422363
4725,0.097168,-0.407227,0.711914,-28.381348,-50.292969,-233.825684
4726,0.182617,-0.436035,0.835449,-66.589355,-6.713867,-180.786133
4727,0.133301,-0.495117,0.856934,-88.562012,6.713867,-161.560059
4728,0.073730,-0.531738,0.851562,-104.125977,10.253906,-155.212402
4729,-0.013672,-0.598145,0.771484,-106.201172,0.915527,-172.424316
4730,-0.052246,-0.652344,0.757812,-97.167969,-8.300781,-191.345215
4731,-0.043457,-0.691406,0.774414,-88.073730,-18.920898,-213.745117
4732,0.166504,-0.685547,0.687988,-73.486328,-29.968262,-239.074707
4733,0.401367,-0.590332,0.532715,-55.908203,-13.366699,-217.407227
4734,0.566406,-0.528320,0.529785,-31.311035,12.695312,-171.203613
4735,0.480469,-0.644531,0.700684,11.108398,9.155273,-100.585938
4736,0.405762,-0.666992,0.782715,14.953613,-2.746582,-85.632324
4737,0.282715,-0.775879,0.640137,20.751953,-8.972168,-82.885742
4738,0.288574,-0.708008,0.709961,42.968750,-6.225586,-91.918945
4739,0.324219,-0.644043,0.751953,48.339844,-14.892578,-93.078613
4740,0.344727,-0.616699,0.745117,51.696777,-27.343750,-91.552734
4741,0.352539,-0.585449,0.711426,49.621582,-48.645020,-90.270996
4742,0.367188,-0.540527,0.708008,41.015625,-55.480957,-90.454102
4743,0.367188,-0.501953,0.694824,25.146484,-60.668945,-95.275879
4744,0.332031,-0.495117,0.721680,-23.742676,-69.213867,-112.243652
4745,0.332031,-0.499023,0.695312,-48.095703,-71.350098,-119.445801
4746,0.450195,-0.492188,0.575195,-74.157715,-62.316895,-130.187988
4747,0.521973,-0.468262,0.564453,-73.486328,-59.509277,-131.591797
4748,0.551270,-0.472656,0.546387,-66.406250,-57.495117,-132.324219
4749,0.556641,-0.495117,0.606445,-48.522949,-58.837891,-139.343262
4750,0.623535,-0.489746,0.624023,-41.015625,-63.537598,-141.540527
4751,0.789551,-0.444336,0.524902,-18.920898,-44.372559,-122.375488
4752,0.811035,-0.389648,0.502441,-17.150879,-13.732910,-102.233887
4753,0.804688,-0.375488,0.524902,-14.831543,11.474609,-84.045410
4754,0.716309,-0.460938,0.549805,-0.183105,26.977539,-69.091797
4755,0.694824,-0.452148,0.536621,10.986328,27.160645,-68.603516
4756,0.684570,-0.418457,0.519043,24.291992,26.794434,-67.749023
4757,0.689453,-0.337891,0.559570,38.024902,26.916504,-58.532715
4758,0.682617,-0.317383,0.624512,30.456543,23.376465,-52.490234
4759,0.684082,-0.324707,0.685547,13.610840,16.113281,-47.668457
4760,0.705566,-0.345703,0.720215,-9.460449,6.835938,-42.663574
4761,0.769043,-0.368164,0.648926,-47.912598,-12.939453,-26.916504
4762,0.787598,-0.364746,0.591309,-53.405762,-19.287109,-14.221191
4763,0.796387,-0.375977,0.548828,-49.499512,-23.376465,0.000000
4764,0.767578,-0.427246,0.526855,-26.794434,-21.301270,19.348145
4765,0.762695,-0.423828,0.513672,-14.709473,-13.610840,26.367188
4766,0.759766,-0.422852,0.513672,-3.723145,2.014160,33.630371
4767,0.748535,-0.390625,0.557129,7.995605,31.433105,55.541992
4768,0.768555,-0.420898,0.599609,13.000488,36.193848,69.030762
4769,0.773926,-0.437500,0.629883,17.395020,34.790039,81.481934
4770,0.723145,-0.440918,0.639160,16.418457,25.085449,98.999023
4771,0.672852,-0.446289,0.636719,12.512207,22.949219,103.637695
4772,0.640137,-0.459473,0.625488,9.094238,23.498535,105.895996
4773,0.618164,-0.475098,0.616699,6.530762,28.808594,108.825684
4774,0.597168,-0.473633,0.596191,7.934570,32.531738,110.107422
4775,0.594238,-0.471191,0.548340,12.939453,41.381836,112.121582
4776,0.591797,-0.448242,0.450195,25.390625,63.415527,115.966797
4777,0.607422,-0.340820,0.356445,72.753906,125.427246,130.310059
4778,0.419922,-0.465820,0.657715,103.454590,153.320312,141.967773
4779,0.374023,-0.494629,0.819824,97.839355,150.390625,150.268555
4780,0.368652,-0.508789,0.935547,78.552246,137.573242,153.625488
4781,0.315918,-0.576172,1.038574,16.906738,97.167969,148.071289
4782,0.268066,-0.565918,1.010254,-15.197754,80.261230,140.441895
4783,0.240723,-0.527344,0.986328,-43.762207,65.612793,134.155273
4784,0.209961,-0.444824,0.890137,-92.102051,36.193848,136.596680
4785,0.216797,-0.420898,0.833984,-112.060547,21.057129,142.272949
4786,0.216797,-0.427734,0.796387,-124.267578,3.173828,149.597168
4787,0.140625,-0.551758,0.730957,-126.892090,-38.085938,158.386230
4788,0.111328,-0.630371,0.655762,-116.271973,-53.039551,154.541016
4789,0.084961,-0.694336,0.575684,-100.219727,-60.913086,146.606445
4790,0.108398,-0.763184,0.498535,-59.143066,-61.035156,134.460449
4791,0.126465,-0.781250,0.434570,-31.005859,-50.842285,132.080078
4792,0.133301,-0.777832,0.399414,4.699707,-31.188965,129.272461
4793,0.142090,-0.742188,0.443359,41.625977,-9.399414,126.098633
4794,0.128418,-0.627441,0.622559,86.425781,19.409180,126.464844
4795,0.124023,-0.587891,0.715332,89.233398,26.550293,131.286621
4796,0.068848,-0.620117,0.815430,79.284668,29.663086,136.108398
4797,-0.032715,-0.842285,0.896484,29.968262,30.883789,127.197266
4798,-0.071777,-0.885254,0.850098,3.784180,32.775879,117.248535
4799,-0.082520,-0.866699,0.794434,-14.343262,34.973145,108.581543
4800,-0.070312,-0.820801,0.765625,-23.803711,35.583496,102.233887
4801,-0.021484,-0.746582,0.807129,-33.752441,23.437500,96.130371
4802,-0.069824,-0.701172,0.809570,-44.372559,15.686035,96.252441
4803,-0.117676,-0.692871,0.795410,-57.739258,9.643555,97.106934
4804,-0.186523,-0.753418,0.723633,-77.758789,-4.577637,97.229004
4805,-0.210449,-0.788574,0.660156,-82.397461,-10.864258,94.299316
4806,-0.227539,-0.804199,0.607422,-82.946777,-15.380859,88.928223
4807,-0.231445,-0.801758,0.569336,-73.425293,-21.179199,74.035645
4808,-0.209473,-0.766602,0.526367,-66.711426,-20.751953,66.589355
4809,-0.195801,-0.754395,0.524902,-60.852051,-18.310547,60.913086
4810,-0.188965,-0.742188,0.527344,-55.480957,-13.061523,58.471680
4811,-0.248535,-0.775879,0.486328,-20.446777,11.657715,55.419922
4812,-0.295898,-0.850098,0.506348,9.216309,26.489258,46.569824
4813,-0.323730,-0.903320,0.554199,32.287598,34.301758,32.531738
4814,-0.336426,-0.910156,0.571289,49.438477,37.231445,17.639160
4815,-0.296875,-0.880371,0.635254,65.368652,29.235840,-10.253906
4816,-0.278320,-0.851562,0.655762,62.438965,19.714355,-20.263672
4817,-0.293945,-0.848633,0.756348,47.058105,-9.643555,-36.010742
4818,-0.342773,-0.929688,0.806641,34.667969,-29.968262,-50.964355
4819,-0.384277,-1.017090,0.805176,16.906738,-47.424316,-75.622559
4820,-0.357910,-1.038574,0.751953,-4.272461,-59.326172,-105.285645
4821,-0.198730,-0.875488,0.554199,-30.883789,-59.326172,-152.404785
4822,-0.130371,-0.779785,0.519531,-31.738281,-51.147461,-164.489746
4823,-0.092285,-0.723145,0.525879,-28.503418,-41.687012,-170.715332
4824,-0.091797,-0.764160,0.563477,-5.004883,-14.770508,-179.870605
4825,-0.094238,-0.837402,0.590332,7.080078,-1.770020,-191.162109
4826,-0.113281,-0.804688,0.622559,14.892578,7.995605,-228.820801
4827,-0.092285,-0.725098,0.637695,18.127441,1.953125,-247.131348
4828,0.028320,-0.603516,0.715332,33.630371,-27.038574,-263.916016
4829,0.114746,-0.622070,0.782227,39.550781,-43.151855,-263.793945
4830,0.195312,-0.625000,0.838379,35.095215,-56.579590,-263.061523
4831,0.309082,-0.548828,0.787109,-13.732910,-63.964844,-258.361816
4832,0.366211,-0.491211,0.687988,-39.611816,-56.762695,-253.356934
4833,0.381348,-0.448242,0.605957,-60.546875,-42.724609,-244.934082
4834,0.388184,-0.510254,0.572754,-85.510254,-14.648438,-223.510742
4835,0.416016,-0.572266,0.571777,-89.111328,-8.178711,-216.003418
4836,0.454102,-0.595215,0.555664,-85.876465,-5.920410,-210.388184
4837,0.474121,-0.577148,0.542969,-61.462402,-9.033203,-205.444336
4838,0.474121,-0.546387,0.545898,-48.767090,-13.366699,-205.078125
4839,0.477051,-0.515137,0.554688,-38.757324,-17.517090,-205.932617
4840,0.484375,-0.500977,0.571289,-25.695801,-24.841309,-209.106445
4841,0.573730,-0.490234,0.543945,-21.545410,-24.169922,-211.425781
4842,0.637695,-0.470215,0.520020,-19.226074,-20.812988,-211.303711
4843,0.789062,-0.382812,0.516113,-22.094727,-11.291504,-189.819336
4844,0.839355,-0.327148,0.492676,-25.085449,-5.187988,-166.809082
4845,0.837402,-0.303711,0.473633,-26.428223,0.671387,-141.113281
4846,0.805664,-0.319336,0.482910,-25.268555,2.258301,-120.300293
4847,0.775879,-0.357910,0.546875,-22.094727,-9.948730,-103.088379
4848,0.791016,-0.362793,0.568359,-27.770996,-16.296387,-100.524902
4849,0.873535,-0.355957,0.531250,-38.635254,-17.211914,-88.012695
4850,0.905762,-0.353516,0.464844,-31.250000,-7.934570,-74.707031
4851,0.920410,-0.348633,0.421387,-14.221191,4.394531,-57.617188
4852,0.895508,-0.344727,0.408691,8.300781,17.456055,-38.879395
4853,0.859863,-0.304688,0.480957,44.128418,38.757324,-4.638672
4854,0.858887,-0.316895,0.529785,48.950195,43.579102,5.004883
4855,0.841797,-0.332031,0.572266,47.851562,44.494629,9.155273
4856,0.831543,-0.320801,0.592773,39.489746,42.114258,15.869141
4857,0.848633,-0.303711,0.579102,37.109375,39.184570,24.658203
4858,0.853516,-0.283203,0.571777,35.339355,34.545898,36.865234
4859,0.796875,-0.263672,0.597656,21.179199,28.198242,64.270020
4860,0.769531,-0.262695,0.569336,10.375977,34.729004,78.063965
4861,0.759277,-0.291992,0.555176,4.760742,43.579102,89.172363
4862,0.763184,-0.416992,0.597656,12.695312,48.156738,102.661133
4863,0.778320,-0.443359,0.624023,22.583008,43.029785,107.360840
4864,0.782227,-0.434570,0.628418,31.921387,36.376953,114.929199
4865,0.740234,-0.392090,0.671387,35.644531,25.939941,140.197754
4866,0.704102,-0.378906,0.699219,27.404785,20.690918,154.663086
4867,0.656738,-0.386230,0.717285,17.272949,13.610840,167.297363
4868,0.562988,-0.436523,0.654785,9.948730,6.408691,179.809570
4869,0.537598,-0.458008,0.617188,14.892578,11.657715,181.396484
4870,0.523926,-0.478027,0.581543,26.428223,21.057129,182.434082
4871,0.510254,-0.485352,0.569336,43.701172,32.287598,184.143066
4872,0.470703,-0.479492,0.632812,81.604004,44.921875,187.500000
4873,0.450195,-0.447754,0.693359,90.454102,46.997070,186.767578
4874,0.435059,-0.464355,0.869629,73.547363,40.527344,179.626465
4875,0.420898,-0.495117,0.939941,48.828125,32.348633,171.508789
4876,0.405273,-0.499023,0.968750,16.784668,23.620605,163.269043
4877,0.321289,-0.499023,0.905762,-45.288086,-0.976562,151.611328
4878,0.280762,-0.512695,0.824219,-67.749023,-14.770508,145.568848
4879,0.247070,-0.530273,0.717285,-79.895020,-27.526855,138.549805
4880,0.232422,-0.568848,0.508789,-64.758301,-38.452148,125.793457
4881,0.231934,-0.595703,0.464844,-43.457031,-36.376953,121.643066
4882,0.261230,-0.619141,0.483887,-21.606445,-30.578613,120.239258
4883,0.258301,-0.633789,0.572266,-1.342773,-15.930176,125.854492
4884,0.244141,-0.667480,0.579102,-5.676270,-6.225586,128.051758
4885,0.226562,-0.712891,0.602539,-14.892578,3.356934,127.624512
4886,0.195801,-0.741211,0.657227,-32.287598,9.216309,122.131348
4887,0.170898,-0.716797,0.637695,-32.775879,5.737305,121.032715
4888,0.181641,-0.719727,0.657227,-26.794434,0.854492,123.168945
4889,0.191406,-0.693848,0.693848,-17.456055,-19.104004,135.498047
4890,0.154785,-0.656250,0.611328,-6.652832,-22.277832,143.798828
4891,0.091797,-0.665039,0.499023,19.104004,-12.878418,148.803711
4892,0.035156,-0.734375,0.442383,55.969238,7.202148,147.338867
4893,-0.005859,-0.824219,0.519043,89.599609,29.174805,138.549805
4894,-0.072754,-0.885254,0.759766,112.915039,51.879883,107.604980
4895,-0.105469,-0.835449,0.774902,108.764648,53.466797,90.270996
4896,-0.118164,-0.765625,0.708008,115.783691,52.978516,63.476562
4897,-0.070312,-0.693359,0.675781,132.263184,50.292969,55.114746
4898,0.015137,-0.702148,0.858887,137.145996,39.245605,49.560547
4899,0.064941,-0.649902,0.958496,121.643066,23.376465,49.621582
4900,0.020996,-0.541992,1.033203,42.968750,-11.474609,58.349609
4901,-0.036133,-0.520020,0.938965,4.211426,-24.597168,64.086914
4902,-0.073730,-0.511230,0.788086,-15.380859,-29.907227,69.274902
4903,-0.127441,-0.567383,0.591309,15.686035,-20.751953,70.129395
4904,-0.154297,-0.636719,0.612305,48.400879,-15.502930,60.180664
4905,-0.190430,-0.679199,0.727051,98.693848,-19.775391,18.432617
4906,-0.197266,-0.657715,0.758301,116.821289,-28.686523,-5.493164
4907,-0.203125,-0.635742,0.816406,132.568359,-39.062500,-25.634766
4908,-0.209961,-0.634766,0.881836,151.428223,-62.377930,-37.048340
4909,-0.047363,-0.647461,1.078613,141.845703,-74.707031,-35.705566
4910,-0.026855,-0.581055,1.045410,121.398926,-80.261230,-37.658691
4911,-0.008301,-0.499023,1.004883,101.318359,-83.496094,-41.259766
4912,0.018555,-0.395508,0.908691,83.679199,-90.148926,-49.316406
4913,0.025391,-0.365723,0.853516,91.125488,-89.172363,-52.612305
4914,0.040527,-0.358887,0.838379,105.163574,-86.059570,-54.931641
4915,0.096680,-0.366211,0.909668,122.253418,-84.045410,-61.584473
4916,0.117188,-0.314941,0.941406,127.502441,-89.172363,-61.157227
4917,0.139648,-0.326172,0.932617,124.938965,-91.064453,-61.950684
4918,0.200684,-0.293457,0.916016,105.834961,-88.806152,-69.030762
4919,0.211426,-0.239746,0.953125,90.393066,-84.228516,-73.974609
4920,0.210938,-0.209473,1.024414,67.871094,-82.031250,-78.613281
4921,0.196777,-0.166992,1.060059,12.390137,-80.383301,-85.693359
4922,0.230469,-0.139648,1.048340,-13.000488,-77.453613,-85.327148
4923,0.268066,-0.125977,1.007324,-32.409668,-72.326660,-80.932617
4924,0.277344,-0.160156,0.999023,-45.715332,-67.321777,-75.561523
4925,0.238770,-0.266113,0.995117,-60.913086,-65.124512,-77.392578
4926,0.236328,-0.289551,0.986816,-67.871094,-63.110352,-83.984375
4927,0.304688,-0.283203,0.908203,-95.031738,-39.916992,-105.712891
4928,0.335938,-0.275391,0.891113,-115.539551,-19.775391,-115.783691
4929,0.375977,-0.289551,0.982910,-141.479492,-4.089355,-123.596191
4930,0.396973,-0.310059,1.082031,-213.989258,-5.004883,-136.352539
4931,0.382812,-0.315918,1.054199,-251.281738,-14.831543,-142.395020
4932,0.375488,-0.267090,0.947266,-279.357910,-19.775391,-148.010254
4933,0.386719,-0.233398,0.856445,-293.945312,-14.892578,-150.756836
4934,0.412598,-0.313477,0.781250,-278.564453,-3.051758,-149.658203
4935,0.422363,-0.376465,0.745605,-255.493164,-5.249023,-148.315430
4936,0.454102,-0.390625,0.704590,-231.018066,-8.361816,-145.080566
4937,0.502930,-0.421387,0.729492,-185.119629,-22.216797,-130.249023
4938,0.496094,-0.476074,0.735352,-166.442871,-32.653809,-123.107910
4939,0.465332,-0.532715,0.736328,-151.977539,-44.738770,-122.863770
4940,0.423828,-0.585449,0.725098,-144.409180,-57.495117,-132.873535
4941,0.340332,-0.666016,0.627930,-153.442383,-67.443848,-177.795410
4942,0.379395,-0.579102,0.569824,-168.762207,-64.208984,-200.317383
4943,0.473633,-0.465820,0.614258,-187.988281,-64.514160,-210.571289
4944,0.771973,-0.251465,0.630859,-230.834961,-70.190430,-182.250977
4945,0.838379,-0.233887,0.454590,-235.717773,-56.884766,-144.775391
4946,0.798828,-0.338867,0.288086,-214.355469,-38.818359,-109.680176
4947,0.791504,-0.608398,0.154785,-121.032715,-5.676270,-72.509766
4948,0.841309,-0.718750,0.192871,-61.523438,2.624512,-64.758301
4949,0.885254,-0.789062,0.265137,-13.000488,3.662109,-62.133789
4950,0.958008,-0.520508,0.470703,10.925293,-5.737305,-45.043945
4951,0.879395,-0.380859,0.557617,-13.183594,-15.625000,-21.911621
4952,0.772949,-0.342285,0.572754,-50.537109,-26.123047,2.685547
4953,0.684570,-0.493164,0.320801,-115.295410,-35.705566,31.494141
4954,0.707031,-0.524902,0.249023,-123.962402,-21.484375,38.513184
4955,0.756348,-0.480469,0.236816,-114.013672,-4.028320,52.124023
4956,0.800293,-0.456055,0.208496,-90.698242,12.023926,75.134277
4957,0.811035,-0.589844,0.169922,-17.395020,33.569336,125.122070
4958,0.779785,-0.680176,0.186035,17.639160,41.992188,142.028809
4959,0.696777,-0.734375,0.287109,51.269531,60.363770,150.146484
4960,0.670898,-0.657715,0.435547,47.119141,60.302734,152.404785
4961,0.630371,-0.605957,0.532227,35.278320,49.377441,156.738281
4962,0.569336,-0.597656,0.550781,20.629883,34.240723,159.545898
4963,0.466797,-0.660156,0.522949,-8.972168,9.277344,152.709961
4964,0.447266,-0.708008,0.482422,-19.897461,3.234863,142.456055
4965,0.434082,-0.738770,0.428711,-25.512695,1.281738,129.882812
4966,0.463867,-0.758301,0.362305,-19.287109,1.892090,110.961914
4967,0.492676,-0.765137,0.387695,-11.474609,-4.272461,109.619141
4968,0.515137,-0.757812,0.406738,-4.699707,-12.878418,113.403320
4969,0.469238,-0.676270,0.479004,-7.019043,-31.738281,131.103516
4970,0.396484,-0.621094,0.456055,-16.662598,-37.597656,142.944336
4971,0.323242,-0.626465,0.353027,-24.475098,-33.508301,153.259277
4972,0.280762,-0.812500,0.259766,-5.249023,-15.014648,152.526855
4973,0.252441,-0.943848,0.219238,14.709473,-8.483887,138.732910
4974,0.211426,-1.033691,0.166016,50.964355,21.606445,98.144531
4975,0.222656,-0.954102,0.167480,64.880371,43.640137,79.956055
4976,0.226074,-0.904297,0.262207,70.861816,66.650391,67.626953
4977,0.239746,-0.863770,0.475098,76.171875,89.233398,51.147461
4978,0.267578,-0.755371,0.578613,75.439453,85.632324,53.649902
4979,0.279785,-0.662598,0.621094,69.885254,74.401855,69.030762
4980,0.200195,-0.767090,0.605957,61.706543,41.625977,107.666016
4981,0.138184,-0.887695,0.603516,57.983398,22.827148,117.065430
4982,0.035645,-1.096680,0.564453,46.752930,-12.634277,110.839844
4983,0.011719,-1.089844,0.577637,36.926270,-28.625488,101.501465
4984,0.016602,-1.021484,0.605957,23.620605,-42.297363,92.346191
4985,0.078125,-0.830078,0.575195,-0.976562,-58.349609,83.740234
4986,0.086426,-0.764160,0.520020,4.455566,-61.767578,87.585449
4987,0.073242,-0.742676,0.469727,22.766113,-61.279297,95.275879
4988,0.058594,-0.757324,0.435547,47.729492,-56.213379,103.210449
4989,0.010742,-0.815430,0.373535,100.463867,-24.230957,107.482910
4990,-0.024414,-0.846680,0.402832,122.680664,-4.577637,101.440430
4991,-0.091309,-0.905762,0.594727,147.216797,14.221191,73.852539
4992,-0.101562,-0.886230,0.678223,148.437500,10.192871,55.908203
4993,-0.106934,-0.839844,0.666016,147.583008,3.234863,39.306641
4994,-0.106934,-0.788086,0.640137,148.620605,-1.708984,25.329590
4995,-0.058594,-0.713867,0.723633,152.587891,-9.521484,7.202148
4996,-0.029297,-0.706055,0.823242,144.165039,-17.639160,2.746582
4997,-0.033203,-0.730469,0.895996,126.098633,-29.357910,-1.831055
4998,-0.126465,-0.813477,0.828125,83.068848,-52.185059,-23.986816
4999,-0.158691,-0.831543,0.707520,76.416016,-54.016113,-46.264648
5000,-0.143066,-0.809082,0.631348,85.144043,-49.133301,-73.547363
5001,-0.055664,-0.652832,0.687500,123.229980,-44.738770,-119.201660
5002,0.002930,-0.561035,0.766113,138.854980,-48.095703,-129.882812
5003,0.083008,-0.496582,0.861328,145.202637,-53.955078,-132.202148
5004,0.148926,-0.574707,0.897949,134.216309,-55.236816,-128.173828
5005,0.137695,-0.620605,0.815918,135.864258,-39.489746,-137.268066
5006,0.134766,-0.567871,0.795410,150.695801,-29.357910,-150.634766
5007,0.159668,-0.364746,0.789062,200.683594,-35.583496,-176.574707
5008,0.162598,-0.265137,0.861328,220.397949,-50.781250,-187.438965
5009,0.164551,-0.223633,1.027832,217.529297,-67.321777,-195.922852
5010,0.163574,-0.244141,1.155273,186.523438,-79.040527,-202.697754
5011,0.299316,-0.217285,1.135254,80.078125,-78.308105,-199.340820
5012,0.385254,-0.123535,1.008789,31.799316,-73.120117,-184.631348
5013,0.467773,0.127930,0.848633,-46.386719,-51.940918,-138.244629
5014,0.448730,0.176758,0.956543,-86.425781,-46.020508,-109.985352
5015,0.352051,0.067383,1.108398,-122.863770,-55.603027,-88.256836
5016,0.208984,-0.260254,1.073242,-173.400879,-96.801758,-93.017578
5017,0.242188,-0.311523,0.918457,-186.096191,-98.388672,-110.046387
5018,0.317383,-0.323730,0.792480,-188.110352,-86.242676,-125.671387
5019,0.408203,-0.309082,0.705566,-147.460938,-51.391602,-141.418457
5020,0.535645,-0.306152,0.704102,-118.591309,-37.841797,-139.282227
5021,0.540039,-0.324219,0.757324,-91.430664,-31.433105,-133.361816
5022,0.529297,-0.339355,0.824219,-54.626465,-30.517578,-120.849609
5023,0.560547,-0.353516,0.856934,-43.579102,-33.203125,-114.257812
5024,0.592285,-0.366699,0.875000,-38.269043,-39.062500,-107.299805
5025,0.609375,-0.354492,0.877930,-40.466309,-47.912598,-99.792480
5026,0.607422,-0.283691,0.871582,-62.866211,-75.012207,-82.336426
5027,0.600098,-0.247070,0.840820,-78.063965,-91.430664,-73.120117
5028,0.597168,-0.202148,0.829590,-95.520020,-104.125977,-63.964844
5029,0.612793,-0.140625,0.670898,-136.474609,-75.317383,-38.818359
5030,0.673828,-0.181152,0.575684,-142.456055,-40.832520,-23.925781
5031,0.747559,-0.274902,0.524902,-128.173828,-11.291504,-6.469727
5032,0.775391,-0.364746,0.468750,-96.130371,7.324219,10.803223
5033,0.672363,-0.437012,0.457520,-22.094727,30.700684,28.930664
5034,0.647949,-0.437988,0.565430,0.671387,37.109375,31.066895
5035,0.674805,-0.430176,0.708496,7.690430,36.132812,33.325195
5036,0.717773,-0.354980,0.883789,-25.939941,11.169434,54.626465
5037,0.687500,-0.325195,0.921875,-57.434082,-10.681152,68.908691
5038,0.619141,-0.341309,0.911621,-92.102051,-35.705566,80.749512
5039,0.492188,-0.407227,0.825195,-152.465820,-76.232910,91.796875
5040,0.488770,-0.473633,0.716797,-168.151855,-85.571289,92.346191
5041,0.535156,-0.532715,0.597656,-167.846680,-88.989258,92.956543
5042,0.594727,-0.554199,0.484375,-152.343750,-88.989258,96.374512
5043,0.646484,-0.512695,0.366211,-101.074219,-83.496094,116.882324
5044,0.652832,-0.506836,0.393555,-82.946777,-78.674316,130.004883
5045,0.635742,-0.527344,0.470703,-77.392578,-73.913574,140.563965
5046,0.562988,-0.550781,0.542969,-106.750488,-60.485840,154.357910
5047,0.530273,-0.561035,0.505859,-124.084473,-50.170898,159.118652
5048,0.493652,-0.603516,0.414062,-127.624512,-39.184570,162.536621
5049,0.429199,-0.714355,0.218750,-76.477051,-16.113281,162.048340
5050,0.364746,-0.772461,0.109375,-29.113770,2.990723,152.404785
5051,0.309570,-0.966309,0.124512,67.993164,55.297852,105.102539
5052,0.381348,-0.959473,0.439453,103.027344,75.378418,57.189941
5053,0.411133,-0.847656,0.543457,88.684082,73.364258,50.964355
5054,0.442383,-0.743164,0.623535,63.110352,64.208984,57.556152
5055,0.427246,-0.652344,0.647461,32.653809,48.461914,73.120117
5056,0.361328,-0.668945,0.659180,-13.061523,-2.990723,108.032227
5057,0.304688,-0.733398,0.586426,-24.963379,-31.188965,119.750977
5058,0.284668,-0.786133,0.527344,-28.991699,-53.222656,126.586914
5059,0.289062,-0.840820,0.431152,-29.052734,-79.162598,132.873535
5060,0.272461,-0.869629,0.359863,-22.644043,-79.711914,135.009766
5061,0.237305,-0.886719,0.322266,-9.521484,-73.120117,137.756348
5062,0.195801,-0.802734,0.287598,38.574219,-40.466309,151.672363
5063,0.182617,-0.787598,0.265137,70.922852,-12.145996,160.217285
5064,0.154297,-0.794922,0.308105,105.773926,17.211914,165.466309
5065,0.047363,-0.842285,0.492676,152.343750,55.114746,157.836914
5066,0.000000,-0.855957,0.591309,152.893066,59.020996,147.949219
5067,-0.043457,-0.896484,0.668457,140.075684,52.612305,136.047363
5068,-0.082520,-0.935547,0.738281,95.336914,22.705078,111.633301
5069,-0.060547,-0.903809,0.709961,74.340820,7.629395,104.187012
5070,-0.046875,-0.854980,0.653809,62.561035,-4.516602,100.280762
5071,-0.088867,-0.780762,0.589844,71.350098,-18.981934,94.970703
5072,-0.078125,-0.792969,0.623047,78.796387,-22.094727,89.965820
5073,-0.079102,-0.802246,0.685547,80.505371,-26.550293,82.153320
5074,-0.104980,-0.808594,0.709473,74.462891,-29.785156,70.922852
5075,-0.121582,-0.804688,0.685547,58.715820,-27.709961,39.550781
5076,-0.133789,-0.827637,0.686523,49.499512,-24.780273,21.850586
5077,-0.157227,-0.881348,0.672363,28.686523,-18.249512,-12.756348
5078,-0.159668,-0.915527,0.667969,21.728516,-17.578125,-31.372070
5079,-0.184570,-0.934082,0.648926,19.165039,-17.272949,-53.222656
5080,-0.202148,-0.917969,0.610352,23.193359,-10.498047,-79.833984
5081,-0.153320,-0.815430,0.568848,54.565430,19.775391,-136.596680
5082,-0.090332,-0.740723,0.653809,76.416016,27.221680,-156.433105
5083,0.010742,-0.625488,0.783203,108.093262,11.779785,-168.640137
5084,0.034668,-0.667969,0.862305,113.037109,-5.310059,-167.358398
5085,0.023438,-0.750000,0.911621,105.895996,-24.108887,-170.227051
5086,0.048340,-0.770996,0.958984,64.636230,-62.561035,-187.194824
5087,0.158691,-0.604492,0.920410,43.518066,-78.430176,-192.810059
5088,0.196777,-0.494629,0.837891,27.954102,-88.256836,-193.786621
5089,0.185547,-0.408691,0.788574,13.610840,-90.576172,-190.124512
5090,0.176758,-0.413086,0.755859,-12.207031,-66.650391,-184.875488
5091,0.223145,-0.497559,0.792969,-24.658203,-51.696777,-190.612793
5092,0.309570,-0.536133,0.793457,-46.386719,-33.996582,-208.984375
5093,0.338867,-0.484375,0.730469,-50.659180,-27.709961,-213.500977
5094,0.349609,-0.420410,0.687500,-50.109863,-22.155762,-213.500977
5095,0.394043,-0.383301,0.771484,-45.410156,-16.540527,-204.589844
5096,0.404297,-0.439941,0.820801,-46.997070,-19.836426,-203.063965
5097,0.419434,-0.454590,0.824707,-50.781250,-25.634766,-206.298828
5098,0.428711,-0.436523,0.788574,-53.222656,-31.738281,-211.975098
5099,0.414062,-0.366211,0.685059,-49.377441,-33.691406,-223.571777
5100,0.429199,-0.350586,0.639160,-42.663574,-26.916504,-226.684570
5101,0.528809,-0.358887,0.633789,-24.475098,-9.216309,-227.416992
5102,0.583496,-0.340820,0.667480,-18.310547,-4.516602,-223.876953
5103,0.631836,-0.286621,0.725586,-18.676758,-4.333496,-217.224121
5104,0.665527,-0.222168,0.772949,-32.287598,-14.709473,-192.199707
5105,0.656250,-0.239258,0.723145,-38.452148,-14.404297,-178.527832
5106,0.684082,-0.244141,0.661133,-39.672852,-8.666992,-165.649414
5107,0.842285,-0.244141,0.599121,-21.606445,7.324219,-134.399414
5108,0.912598,-0.209473,0.625000,-14.526367,9.399414,-112.731934
5109,0.949219,-0.190430,0.652344,-13.000488,5.676270,-86.914062
5110,0.918945,-0.175781,0.644531,-16.174316,-5.432129,-29.113770
5111,0.868164,-0.189941,0.607422,-13.671875,-5.554199,-2.807617
5112,0.836426,-0.225098,0.597168,-4.882812,-1.647949,17.150879
5113,0.867676,-0.253906,0.625977,5.371094,2.075195,33.020020
5114,0.972656,-0.249023,0.689941,17.761230,4.333496,77.575684
5115,0.943848,-0.230469,0.713867,12.512207,3.356934,107.299805
5116,0.750000,-0.244629,0.696289,-10.253906,2.868652,163.085938
5117,0.659668,-0.251953,0.685547,-17.089844,3.784180,184.814453
5118,0.603516,-0.265625,0.663574,-13.793945,4.577637,201.477051
5119,0.594238,-0.312500,0.618652,8.728027,19.165039,218.261719
5120,0.590332,-0.356445,0.640137,14.221191,34.545898,220.764160
5121,0.570801,-0.378418,0.676758,11.108398,49.377441,222.229004
5122,0.552246,-0.363770,0.723145,1.647949,58.898926,225.280762
5123,0.512695,-0.352539,0.810059,-12.084961,43.945312,235.351562
5124,0.444824,-0.409668,0.817383,-13.488770,24.475098,234.313965
5125,0.336914,-0.546387,0.814941,-13.366699,-15.319824,211.914062
5126,0.331055,-0.602051,0.804688,-15.625000,-32.226562,194.030762
5127,0.356934,-0.603516,0.798828,-20.935059,-48.522949,176.940918
5128,0.382812,-0.562988,0.781250,-33.142090,-64.453125,165.100098
5129,0.362305,-0.493652,0.674805,-76.110840,-80.566406,160.461426
5130,0.331543,-0.496582,0.603516,-91.369629,-83.007812,162.963867
5131,0.272949,-0.601562,0.442871,-88.439941,-68.603516,158.325195
5132,0.270508,-0.630859,0.396973,-73.181152,-49.133301,149.597168
5133,0.276855,-0.667969,0.398926,-50.292969,-26.184082,141.113281
5134,0.326172,-0.667969,0.501465,9.399414,2.075195,135.559082
5135,0.339355,-0.677734,0.588867,36.560059,5.065918,140.686035
5136,0.317383,-0.718750,0.624023,55.725098,7.080078,145.202637
5137,0.190430,-0.807617,0.645020,70.983887,20.080566,132.873535
5138,0.148438,-0.823242,0.682129,67.382812,23.864746,115.295410
5139,0.107910,-0.850098,0.720215,58.471680,21.850586,94.299316
5140,0.098145,-0.871094,0.723633,34.423828,9.399414,54.077148
5141,0.126953,-0.812500,0.687012,24.169922,4.638672,42.419434
5142,0.157227,-0.735840,0.639160,19.165039,2.746582,39.733887
5143,0.164062,-0.683594,0.595215,18.981934,3.601074,44.006348
5144,0.138184,-0.725586,0.585938,27.893066,12.207031,56.701660
5145,0.105469,-0.762695,0.600098,31.921387,16.662598,57.983398
5146,0.062500,-0.767578,0.606934,33.081055,23.315430,56.213379
5147,0.032227,-0.727051,0.636719,27.343750,35.888672,55.175781
5148,0.025391,-0.693359,0.662598,21.301270,38.330078,58.166504
5149,0.017090,-0.668457,0.697754,13.183594,37.963867,63.415527
5150,-0.029785,-0.726562,0.725586,-1.647949,24.841309,73.120117
5151,-0.075195,-0.780762,0.703613,-6.225586,16.906738,71.777344
5152,-0.112793,-0.831055,0.683594,-9.216309,9.887695,64.392090
5153,-0.141113,-0.875977,0.644043,-9.521484,4.150391,50.354004
5154,-0.158203,-0.908203,0.604980,-7.019043,1.342773,29.724121
5155,-0.180664,-0.938965,0.626465,5.432129,0.854492,-23.864746
5156,-0.178223,-0.980469,0.713379,7.995605,0.488281,-52.062988
5157,-0.181641,-1.015137,0.759277,6.286621,-1.159668,-82.519531
5158,-0.151367,-1.015625,0.756836,-3.417969,-2.014160,-148.193359
5159,-0.113281,-0.975586,0.729004,-6.286621,-2.075195,-180.847168
5160,-0.059570,-0.899414,0.679688,-3.295898,-1.037598,-210.388184
5161,0.098633,-0.675293,0.655762,18.310547,1.770020,-250.061035
5162,0.158691,-0.600098,0.679199,28.869629,1.953125,-257.690430
5163,0.253418,-0.533691,0.687500,41.076660,-0.671387,-255.859375
5164,0.282715,-0.537109,0.672852,40.832520,1.403809,-251.708984
5165,0.312988,-0.531738,0.656738,35.949707,5.126953,-248.718262
5166,0.333984,-0.516113,0.673340,27.282715,8.972168,-247.009277
5167,0.412598,-0.442383,0.687988,0.183105,7.202148,-245.666504
5168,0.438965,-0.379883,0.706055,-16.235352,2.319336,-240.173340
5169,0.439453,-0.377930,0.728516,-32.226562,-5.615234,-232.971191
5170,0.446777,-0.451660,0.672852,-54.199219,-24.475098,-233.093262
5171,0.472168,-0.486328,0.634277,-55.908203,-30.517578,-239.562988
5172,0.520996,-0.483398,0.602051,-51.818848,-31.982422,-246.948242
5173,0.605469,-0.369629,0.556152,-31.066895,-19.836426,-247.192383
5174,0.610840,-0.336426,0.526855,-12.268066,-7.934570,-238.830566
5175,0.625977,-0.324707,0.536621,10.620117,5.554199,-229.003906
5176,0.663574,-0.293457,0.593750,30.944824,17.761230,-219.116211
5177,0.750000,-0.247070,0.711426,54.992676,28.991699,-198.120117
5178,0.775879,-0.198242,0.722656,59.082031,29.907227,-184.448242
5179,0.752930,-0.139160,0.722656,55.603027,28.747559,-153.137207
5180,0.763672,-0.071777,0.717773,47.912598,28.381348,-135.864258
5181,0.758789,-0.059082,0.731445,37.231445,28.015137,-116.149902
5182,0.745117,-0.149414,0.706055,25.451660,25.329590,-86.120605
5183,0.778320,-0.151855,0.683594,26.306152,24.963379,-73.852539
5184,0.831055,-0.133301,0.682129,30.639648,23.559570,-57.250977
5185,0.875488,-0.129395,0.718262,33.935547,8.850098,-16.723633
5186,0.845215,-0.153809,0.705078,33.752441,-0.732422,-3.601074
5187,0.798828,-0.164551,0.690430,35.705566,-6.286621,2.441406
5188,0.759766,-0.152344,0.707520,39.245605,-7.995605,4.028320
5189,0.735840,-0.141113,0.733398,50.415039,-4.028320,3.540039
5190,0.749023,-0.129395,0.729004,52.062988,5.310059,6.347656
5191,0.753418,-0.092285,0.708008,53.955078,18.371582,13.183594
5192,0.723145,-0.051270,0.688965,64.331055,46.936035,29.418945
5193,0.702148,-0.045410,0.737305,68.420410,58.776855,35.156250
5194,0.651367,-0.066895,0.827637,62.805176,70.861816,44.921875
5195,0.657715,-0.057129,0.816406,56.213379,78.308105,52.124023
5196,0.679199,-0.045898,0.771973,53.222656,88.928223,63.293457
5197,0.678711,-0.045898,0.713379,57.800293,101.806641,77.148438
5198,0.554199,-0.053223,0.721680,80.383301,128.845215,100.952148
5199,0.474121,-0.046875,0.778809,88.989258,137.512207,107.360840
5200,0.429199,-0.040527,0.863281,93.688965,138.977051,110.107422
5201,0.404785,-0.067383,0.986328,88.806152,121.276855,104.736328
5202,0.424805,-0.068848,1.017090,77.392578,107.849121,101.257324
5203,0.477051,-0.005371,1.067383,32.653809,78.125000,113.586426
5204,0.445312,0.010742,1.047363,8.972168,57.922363,129.577637
5205,0.403320,-0.004883,1.015137,-8.972168,34.606934,145.568848
5206,0.366211,-0.042969,0.991699,-23.315430,9.826660,157.531738
5207,0.324707,-0.097656,0.972168,-49.804688,-30.090332,167.358398
5208,0.298340,-0.107910,0.955078,-61.523438,-39.733887,168.457031
5209,0.310547,-0.114258,0.939941,-68.908691,-44.799805,168.701172
5210,0.382812,-0.154785,0.921875,-75.500488,-47.851562,166.809082
5211,0.389160,-0.196777,0.917969,-76.721191,-47.546387,164.367676
5212,0.368164,-0.243652,0.904785,-77.270508,-45.837402,160.339355
5213,0.309082,-0.273438,0.862305,-72.143555,-39.794922,149.536133
5214,0.296387,-0.304199,0.832520,-65.246582,-35.827637,143.188477
5215,0.314453,-0.299805,0.818848,-55.603027,-30.639648,136.535645
5216,0.333496,-0.273438,0.864746,-43.273926,-24.230957,134.155273
5217,0.322266,-0.285156,0.859863,-40.649414,-24.902344,137.084961
5218,0.300781,-0.316895,0.843262,-37.475586,-25.268555,140.380859
5219,0.322754,-0.376465,0.819824,-26.916504,-12.329102,142.700195
5220,0.354004,-0.388672,0.815918,-16.723633,-2.380371,143.859863
5221,0.368652,-0.374023,0.833984,-7.385254,9.765625,146.301270
5222,0.361816,-0.295410,0.884277,-2.624512,28.564453,164.001465
5223,0.343750,-0.330566,0.904785,-2.319336,30.944824,176.025391
5224,0.323242,-0.422363,0.933105,1.159668,26.367188,184.509277
5225,0.292969,-0.504883,0.922363,6.408691,18.432617,187.377930
5226,0.248535,-0.519531,0.874023,13.610840,6.225586,184.631348
5227,0.238281,-0.470215,0.859375,15.747070,2.502441,184.265137
5228,0.186035,-0.356445,0.772461,26.916504,-2.136230,190.490723
5229,0.132324,-0.342285,0.754883,34.606934,-2.136230,193.908691
5230,0.083008,-0.370117,0.740723,42.480469,0.915527,193.542480
5231,0.060547,-0.411621,0.764648,48.522949,5.310059,188.110352
5232,0.092773,-0.480469,0.916504,51.696777,5.432129,170.532227
5233,0.056152,-0.492676,0.996094,41.625977,1.708984,162.292480
5234,-0.023926,-0.517090,0.967285,11.596680,-9.887695,143.737793
5235,-0.053223,-0.529297,0.888184,5.126953,-13.244629,133.850098
5236,-0.062012,-0.548340,0.811035,3.173828,-12.145996,121.826172
5237,-0.091797,-0.593750,0.759277,4.272461,-5.676270,103.332520
5238,-0.137695,-0.644043,0.760742,10.498047,1.159668,78.247070
5239,-0.187012,-0.716797,0.861328,19.836426,-0.427246,14.953613
5240,-0.167969,-0.707031,0.868652,18.859863,-7.324219,-15.319824
5241,-0.126465,-0.666016,0.845703,19.042969,-12.451172,-36.376953
5242,-0.117676,-0.650879,0.902832,20.202637,-22.338867,-66.223145
5243,-0.131348,-0.651367,0.888672,20.629883,-26.611328,-82.763672
5244,-0.116699,-0.632324,0.889648,25.268555,-30.090332,-100.097656
5245,-0.034180,-0.530762,0.897949,42.358398,-42.480469,-131.652832
5246,0.042480,-0.491699,0.875000,42.297363,-42.602539,-146.423340
5247,0.093750,-0.425781,0.892090,34.423828,-34.118652,-162.170410
5248,0.093262,-0.377441,0.895996,25.939941,-18.432617,-176.757812
5249,0.129395,-0.342773,0.986816,9.155273,17.456055,-201.782227
5250,0.153320,-0.319336,1.050293,-0.854492,22.827148,-211.303711
5251,0.176270,-0.292969,1.045410,-14.038086,6.835938,-219.299316
5252,0.197266,-0.268066,1.008301,-17.883301,-4.394531,-217.651367
5253,0.211914,-0.258301,1.011230,-22.033691,-17.333984,-211.914062
5254,0.304688,-0.220703,0.984863,-43.640137,-40.954590,-202.697754
5255,0.317871,-0.175781,1.037598,-68.237305,-46.081543,-199.645996
5256,0.299805,-0.170898,1.086914,-96.557617,-51.879883,-196.960449
5257,0.251465,-0.247070,0.988281,-143.737793,-48.522949,-207.885742
5258,0.265625,-0.252930,0.871582,-151.733398,-33.447266,-221.191406
5259,0.254395,-0.280273,0.744141,-144.348145,-12.329102,-238.220215
5260,0.203125,-0.385254,0.649902,-77.026367,19.104004,-284.606934
5261,0.208008,-0.401855,0.654785,-23.498535,20.812988,-312.561035
5262,0.269531,-0.327637,0.678223,30.578613,15.869141,-337.036133
5263,0.459961,0.002441,0.826660,85.937500,3.784180,-348.815918
5264,0.520996,0.082520,0.975586,69.213867,0.793457,-333.190918
5265,0.509277,0.047852,0.952637,0.061035,1.281738,-291.320801
5266,0.481934,0.018066,0.805664,-15.991211,9.155273,-274.536133
5267,0.447754,-0.032227,0.714844,-7.629395,16.296387,-264.160156
5268,0.448730,-0.048340,0.694336,15.380859,20.080566,-258.605957
5269,0.594727,0.020020,0.848633,53.894043,12.084961,-245.849609
5270,0.621094,0.062500,0.950195,51.635742,3.845215,-233.764648
5271,0.632812,0.154785,1.006348,33.508301,-2.807617,-215.942383
5272,0.597656,0.235840,0.901367,-15.502930,4.577637,-154.113770
5273,0.615234,0.183105,0.813477,-22.949219,17.028809,-122.009277
5274,0.757812,0.178223,0.764160,-8.117676,26.428223,-74.707031
5275,0.780762,0.009766,0.879395,22.766113,19.714355,19.348145
5276,0.757812,0.078613,0.774902,27.526855,28.381348,39.916992
5277,0.781738,0.209473,0.784668,24.169922,70.068359,112.182617
5278,0.742676,0.180664,0.895508,10.498047,79.162598,157.836914
5279,0.669922,0.155273,0.875488,0.854492,81.542969,198.730469
5280,0.573730,0.145996,0.867188,-1.892090,77.575684,233.642578
5281,0.384766,0.038086,0.889648,6.347656,58.105469,278.930664
5282,0.351074,0.010742,0.976562,4.638672,43.029785,289.733887
5283,0.339844,-0.025391,1.027344,-5.004883,24.658203,292.602539
5284,0.311035,-0.014648,1.007324,-29.113770,-11.657715,276.428223
5285,0.280762,-0.034180,0.939453,-32.287598,-26.184082,261.779785
5286,0.258301,-0.054199,0.895020,-31.799316,-35.522461,243.408203
5287,0.312988,-0.008789,0.940918,-54.931641,-36.437988,215.454102
5288,0.312988,-0.049805,0.980957,-80.749512,-33.996582,212.280273
5289,0.306152,-0.096191,0.959473,-96.435547,-36.071777,213.195801
5290,0.320801,-0.115234,0.843262,-88.745117,-41.809082,218.383789
5291,0.373535,-0.151855,0.606934,-16.418457,-34.973145,236.511230
5292,0.390625,-0.142090,0.583984,30.456543,-18.737793,248.596191
5293,0.387207,-0.154785,0.598633,75.256348,5.737305,258.972168
5294,0.375488,-0.192383,0.775879,143.798828,69.152832,267.150879
5295,0.345215,-0.243164,0.946289,153.869629,97.290039,263.183594
5296,0.376465,-0.251953,1.143066,141.174316,116.271973,257.446289
5297,0.337402,-0.074707,1.297852,71.228027,110.107422,268.310547
5298,0.220703,-0.067871,1.383301,27.648926,86.853027,280.944824
5299,0.103027,-0.155273,1.386230,-17.272949,40.893555,278.442383
5300,0.085449,-0.258301,1.230469,-48.583984,-12.390137,261.535645
5301,0.082520,-0.466797,0.865723,-34.545898,-78.430176,225.036621
5302,0.036133,-0.547852,0.844727,-12.756348,-86.669922,203.918457
5303,0.003906,-0.595703,0.875488,-1.464844,-82.763672,176.696777
5304,-0.035156,-0.711426,0.780273,3.967285,-64.147949,133.117676
5305,-0.076660,-0.650391,0.759277,12.756348,10.498047,4.028320
5306,-0.008301,-0.531250,0.921875,5.126953,36.132812,-43.212891
5307,-0.006348,-0.577148,1.000488,-25.634766,42.053223,-76.599121
5308,-0.097656,-0.692871,0.937500,-31.494141,41.381836,-102.905273
5309,-0.145508,-0.744629,0.907227,-27.954102,41.625977,-143.859863
5310,-0.125488,-0.678223,0.876465,0.183105,32.775879,-237.060547
5311,-0.097168,-0.589355,0.863770,15.136719,26.550293,-276.000977
5312,-0.066406,-0.489258,0.922363,25.146484,20.019531,-307.189941
5313,0.083496,-0.250488,1.035645,12.268066,9.643555,-354.248047
5314,0.180176,-0.089844,1.084473,-12.023926,10.437012,-364.990234
5315,0.259766,0.077148,1.129395,-44.738770,12.878418,-362.182617
5316,0.264648,0.117676,1.016602,-106.262207,17.211914,-324.768066
5317,0.229004,0.037109,0.926270,-117.248535,19.775391,-304.809570
5318,0.208008,-0.082520,0.883789,-112.731934,16.906738,-288.818359
5319,0.251953,-0.256348,0.877930,-69.763184,-7.568359,-280.456543
5320,0.282715,-0.263672,0.878906,-48.706055,-21.545410,-285.156250
5321,0.361328,-0.001953,0.833496,-36.804199,-20.996094,-277.465820
5322,0.346680,0.040039,0.777832,-32.348633,-10.803223,-258.605957
5323,0.346191,0.005859,0.713379,-17.944336,1.098633,-237.426758
5324,0.375977,-0.054688,0.709961,5.615234,12.329102,-219.848633
5325,0.422852,-0.146973,0.850586,43.579102,26.306152,-208.557129
5326,0.431152,-0.151855,0.983398,45.837402,21.362305,-209.411621
5327,0.435059,-0.122559,1.027832,38.146973,10.437012,-211.486816
5328,0.409180,-0.104004,0.971191,25.878906,2.441406,-213.317871
5329,0.380859,0.015137,0.784668,13.916016,9.948730,-214.355469
5330,0.417480,0.125488,0.782227,6.958008,22.216797,-202.148438
5331,0.455566,0.019531,0.947266,-11.718750,24.658203,-157.043457
5332,0.674805,0.031738,0.930176,-20.629883,8.972168,-109.069824
5333,0.757812,-0.041992,0.828125,-14.587402,-0.854492,-44.616699
5334,0.716309,-0.150879,0.789551,-3.112793,6.286621,3.906250
5335,0.502441,-0.196289,1.058594,-9.948730,14.709473,13.244629
5336,0.491699,-0.177734,1.012695,-15.075684,9.277344,8.605957
5337,0.561523,-0.129395,0.939453,-6.042480,-4.455566,23.742676
5338,0.608887,-0.023926,0.923340,-5.065918,-9.704590,51.574707
5339,0.608887,0.084961,0.917969,-8.850098,-12.451172,93.505859
5340,0.470703,-0.041992,0.891602,-6.347656,-20.202637,169.250488
5341,0.430664,-0.118652,0.874512,-1.403809,-19.897461,187.377930
5342,0.411133,-0.165527,0.879883,-0.183105,-15.502930,196.838379
5343,0.436523,-0.172852,0.951172,-15.869141,-7.690430,208.129883
5344,0.467285,-0.085938,0.979004,-25.817871,-13.671875,222.778320
5345,0.458984,-0.019043,0.978516,-32.531738,-25.451660,246.520996
5346,0.337402,-0.011719,0.904297,-36.376953,-38.085938,300.292969
5347,0.300293,-0.064941,0.854980,-30.700684,-31.066895,320.617676
5348,0.288574,-0.143066,0.813965,-16.784668,-17.822266,330.017090
5349,0.234863,-0.283203,0.891113,12.390137,11.352539,320.068359
5350,0.194336,-0.302246,0.916504,20.080566,19.226074,308.959961
5351,0.171875,-0.262207,0.895508,20.568848,27.221680,294.250488
5352,0.194824,-0.236328,0.875488,17.150879,28.625488,292.480469
5353,0.248535,-0.167969,0.881836,10.681152,29.296875,296.020508
5354,0.264648,-0.128906,0.876465,2.685547,26.855469,304.992676
5355,0.127441,-0.256836,0.893066,-0.061035,12.634277,317.504883
5356,0.065430,-0.355957,0.917969,8.605957,1.159668,311.218262
5357,0.020996,-0.430176,0.953125,16.479492,-10.192871,298.522949
5358,-0.031250,-0.505859,0.960449,18.371582,-16.235352,280.578613
5359,-0.175781,-0.822266,0.912109,38.452148,-4.516602,205.993652
5360,-0.229004,-0.857422,0.982910,40.588379,5.126953,150.329590
5361,-0.197266,-0.693359,0.986328,13.732910,5.126953,61.523438
5362,-0.132324,-0.600098,0.892578,4.638672,-1.892090,36.132812
5363,-0.079102,-0.546875,0.798828,3.967285,-4.882812,19.653320
5364,-0.041504,-0.540039,0.760742,5.310059,0.305176,4.394531
5365,-0.028809,-0.482422,0.876953,-13.610840,16.845703,-18.188477
5366,-0.036621,-0.522949,0.899414,-27.221680,24.414062,-24.353027
5367,-0.062988,-0.597168,0.927246,-37.048340,29.357910,-34.851074
5368,-0.142578,-0.701172,0.928711,-41.870117,23.498535,-81.848145
5369,-0.161133,-0.686035,0.888672,-31.188965,16.113281,-111.877441
5370,-0.141602,-0.641113,0.850586,-9.216309,8.300781,-143.005371
5371,-0.067871,-0.534668,0.840820,43.212891,-12.573242,-199.401855
5372,-0.029297,-0.503418,0.846680,59.997559,-21.484375,-225.219727
5373,-0.028809,-0.487793,0.911621,63.903809,-26.855469,-251.403809
5374,-0.050781,-0.461914,1.025391,33.508301,-33.081055,-318.298340
5375,-0.005371,-0.307617,1.014648,3.417969,-27.221680,-351.501465
5376,0.113281,-0.108398,0.928223,-28.869629,-11.535645,-369.506836
5377,0.244141,0.036621,0.850098,-69.396973,29.418945,-348.571777
5378,0.263184,-0.065430,0.854980,-67.016602,36.682129,-325.378418
5379,0.249023,-0.185547,0.858398,-55.114746,33.996582,-306.945801
5380,0.234863,-0.259766,0.905762,-40.405273,23.437500,-296.997070
5381,0.209473,-0.220215,0.926758,-23.315430,-7.507324,-292.358398
5382,0.201660,-0.184570,0.911621,-21.240234,-17.211914,-291.015625
5383,0.239746,-0.132324,0.854980,-16.418457,-21.911621,-287.170410
5384,0.312012,-0.095703,0.818359,-3.173828,-8.422852,-264.160156
5385,0.286621,-0.188477,0.815430,1.037598,1.586914,-257.873535
5386,0.266602,-0.242188,0.825195,2.380371,11.413574,-260.375977
5387,0.317383,-0.151367,0.900391,6.103516,14.404297,-266.418457
5388,0.367188,-0.103516,0.916504,5.859375,11.230469,-261.047363
5389,0.433105,-0.063477,0.924805,5.249023,9.521484,-247.314453
5390,0.616211,0.037109,0.948730,5.859375,5.249023,-217.407227
5391,0.885742,0.005859,0.934570,13.244629,-10.375977,-77.148438
5392,0.848633,-0.100586,0.888672,21.362305,-11.840820,-18.371582
5393,0.711914,-0.201172,0.944824,24.719238,-9.216309,8.666992
5394,0.536133,-0.226074,0.979004,9.643555,-11.596680,10.986328
5395,0.541992,-0.184082,0.917969,-1.464844,-9.887695,15.930176
5396,0.535645,-0.115234,0.834473,-8.239746,-4.882812,27.587891
5397,0.515625,-0.020020,0.812012,-10.009766,0.854492,45.715332
5398,0.458984,0.119629,0.878906,-18.920898,5.310059,105.285645
5399,0.405762,0.083984,0.856445,-21.667480,7.446289,133.605957
5400,0.372070,-0.202148,0.890625,-13.916016,9.216309,157.165527
5401,0.398438,-0.261230,0.898926,-13.427734,10.375977,156.433105
5402,0.419922,-0.265625,0.916504,-17.578125,9.643555,157.226562
5403,0.435059,-0.250000,0.920898,-19.836426,4.821777,160.949707
5404,0.392090,-0.136230,0.882812,-9.094238,-8.422852,182.983398
5405,0.345703,-0.120117,0.880859,0.854492,-14.038086,197.814941
5406,0.333496,-0.108887,0.868164,9.338379,-17.517090,211.914062
5407,0.365723,-0.112305,0.851562,12.573242,-15.686035,224.975586
5408,0.361328,-0.221191,0.885742,3.784180,-9.948730,247.314453
5409,0.362305,-0.246582,0.895020,-0.427246,-12.390137,260.192871
5410,0.343750,-0.267578,0.896973,12.695312,-22.460938,285.888672
5411,0.308105,-0.281738,0.907227,25.634766,-22.583008,294.555664
5412,0.272949,-0.289551,0.958984,34.362793,-21.789551,300.109863
5413,0.247559,-0.302734,1.017578,36.254883,-23.254395,303.405762
5414,0.209473,-0.307617,0.987793,26.428223,-32.531738,307.067871
5415,0.183594,-0.273926,0.852539,25.695801,-22.277832,305.847168
5416,0.160156,-0.247070,0.847168,34.851074,17.883301,298.522949
5417,0.127930,-0.285645,0.953125,30.639648,25.268555,294.738770
5418,0.081543,-0.376465,1.043945,14.587402,23.986816,285.034180
5419,0.003906,-0.492676,1.051270,-6.713867,18.066406,264.465332
5420,-0.124023,-0.640137,0.912109,-23.925781,9.216309,187.072754
5421,-0.115723,-0.639648,0.839844,-17.150879,8.605957,143.859863
5422,-0.104492,-0.601074,0.824707,-8.911133,8.178711,108.093262
5423,-0.059570,-0.562988,0.812500,-4.516602,7.263184,63.476562
5424,-0.076172,-0.595703,0.808105,-3.845215,4.394531,47.851562
5425,-0.120605,-0.666016,0.872070,1.037598,-4.516602,5.737305
5426,-0.113770,-0.655273,0.903809,4.394531,-10.009766,-19.287109
5427,-0.020020,-0.556152,0.924805,10.681152,-14.221191,-49.133301
5428,0.007324,-0.480957,0.915527,14.526367,-15.136719,-54.016113
5429,-0.007812,-0.477051,0.924805,19.958496,-14.465332,-57.312012
5430,-0.129395,-0.718750,1.050781,23.193359,-28.564453,-88.439941
5431,-0.182617,-0.811523,1.017090,16.906738,-37.719727,-128.967285
5432,-0.114258,-0.604980,0.889648,-1.037598,-39.306641,-224.792480
5433,-0.053223,-0.446777,0.824707,0.000000,-39.306641,-264.343262
5434,0.017090,-0.293945,0.771973,9.460449,-37.719727,-294.433594
5435,0.103516,-0.186035,0.791504,18.005371,-31.494141,-314.208984
5436,0.160645,-0.164551,0.842285,9.948730,-16.723633,-326.049805
5437,0.276855,-0.143066,0.999023,-43.640137,18.920898,-333.190918
5438,0.303711,-0.185059,1.003418,-64.392090,27.038574,-332.641602
5439,0.317383,-0.184082,0.934570,-70.251465,31.066895,-327.880859
5440,0.309570,-0.136719,0.831543,-35.095215,29.052734,-301.696777
5441,0.296875,-0.115234,0.813477,-4.516602,23.498535,-285.400391
5442,0.280762,-0.117188,0.899902,36.071777,9.338379,-255.798340
5443,0.292480,-0.125488,0.942871,38.024902,1.220703,-247.619629
5444,0.337402,-0.086914,0.965820,29.846191,-6.591797,-240.051270
5445,0.385254,-0.047363,0.944336,8.239746,-14.404297,-215.454102
5446,0.393066,-0.135254,0.791016,9.094238,-11.657715,-203.613281
5447,0.396484,-0.147949,0.758789,11.657715,-2.258301,-194.335938
5448,0.446289,-0.077637,0.858398,14.892578,7.507324,-169.311523
5449,0.452148,-0.076172,0.922363,13.366699,1.281738,-153.076172
5450,0.482910,-0.051758,0.969727,6.225586,-7.934570,-133.789062
5451,0.604492,-0.033691,0.926758,-5.187988,-13.854980,-64.941406
5452,0.653809,-0.090820,0.901855,-0.366211,-6.835938,-25.817871
5453,0.663574,-0.148438,0.913574,6.652832,3.662109,4.821777
5454,0.617676,-0.135742,1.010254,2.258301,10.253906,21.667480
5455,0.481934,-0.040527,0.888184,-13.854980,4.211426,56.762695
5456,0.435547,-0.028809,0.854980,-7.934570,-1.220703,77.880859
5457,0.430176,-0.036133,0.895508,1.037598,-4.272461,116.271973
5458,0.457520,0.012695,0.917480,-6.958008,1.159668,134.521484
5459,0.429688,0.025391,0.957520,-22.033691,5.554199,156.921387
5460,0.380371,-0.141113,0.961914,-38.024902,-3.173828,190.490723
5461,0.411621,-0.172363,0.945312,-35.156250,-13.488770,198.608398
5462,0.438965,-0.165527,0.923828,-30.700684,-23.559570,207.580566
5463,0.408203,-0.071289,0.868652,-20.568848,-36.193848,236.328125
5464,0.368164,-0.089844,0.840820,-11.291504,-37.780762,254.882812
5465,0.346191,-0.118652,0.833496,-1.220703,-35.461426,270.080566
5466,0.321777,-0.146973,0.845703,4.089355,-26.916504,280.883789
5467,0.310059,-0.260254,0.910156,2.136230,-7.873535,290.893555
5468,0.300781,-0.279297,0.895508,2.319336,-4.150391,292.846680
5469,0.278809,-0.273926,0.893066,4.943848,-2.929688,296.508789
5470,0.210449,-0.312012,0.870117,10.253906,1.708984,297.424316
5471,0.184570,-0.308594,0.876953,10.559082,4.394531,295.776367
5472,0.153320,-0.337402,0.885742,10.192871,3.784180,294.067383
5473,0.136719,-0.462402,0.900391,11.901855,-4.089355,282.958984
5474,0.110352,-0.522949,0.892090,8.911133,-5.432129,265.563965
5475,0.033691,-0.534668,0.890625,3.662109,-1.281738,237.365723
5476,-0.050781,-0.590820,0.867188,2.563477,11.901855,166.137695
5477,-0.064453,-0.657227,0.921875,2.075195,11.840820,126.770020
5478,-0.096191,-0.729980,0.948242,-2.136230,6.347656,87.402344
5479,-0.110840,-0.781250,0.929688,-8.483887,2.441406,48.889160
5480,-0.053223,-0.715332,0.879883,-20.263672,4.211426,-15.747070
5481,-0.015137,-0.616211,0.861328,-18.188477,4.272461,-29.418945
5482,0.053223,-0.524902,0.851074,4.272461,-3.417969,-35.156250
5483,0.041504,-0.513184,0.866699,16.784668,-8.117676,-36.315918
5484,0.018066,-0.558594,0.903320,25.146484,-11.230469,-41.076660
5485,0.015137,-0.694336,0.977539,24.353027,-16.906738,-66.650391
5486,-0.009766,-0.688477,0.943848,20.446777,-15.991211,-85.144043
5487,-0.037109,-0.673340,0.908691,22.338867,-17.150879,-107.849121
5488,-0.014160,-0.494629,0.869629,44.128418,-31.494141,-171.569824
5489,-0.028320,-0.474121,0.907227,47.851562,-38.208008,-205.810547
5490,0.005859,-0.434570,0.915527,40.649414,-40.344238,-241.943359
5491,0.112305,-0.349121,0.868164,23.498535,-32.165527,-273.193359
5492,0.290039,-0.107910,0.864258,-36.315918,18.005371,-299.987793
5493,0.291992,-0.039062,0.886230,-59.753418,38.513184,-292.968750
5494,0.272949,-0.105957,0.915039,-69.091797,44.250488,-279.235840
5495,0.266113,-0.293945,0.879395,-57.312012,33.752441,-267.150879
5496,0.271973,-0.260254,0.868652,-42.358398,25.085449,-263.977051
5497,0.275879,-0.196289,0.871582,-20.568848,11.657715,-256.896973
5498,0.301758,-0.131348,0.832520,19.165039,-7.629395,-230.346680
5499,0.335938,-0.155762,0.902344,22.583008,-8.056641,-214.355469
5500,0.374023,-0.185059,0.946289,16.540527,-8.666992,-199.829102
5501,0.413086,-0.179688,0.943848,-4.150391,-11.779785,-170.837402
5502,0.427246,-0.171875,0.880859,-9.216309,-10.009766,-155.700684
5503,0.417969,-0.144043,0.819824,3.234863,2.563477,-124.633789
5504,0.406738,-0.142090,0.828125,15.869141,10.559082,-106.628418
5505,0.468750,-0.133789,0.926270,21.118164,21.545410,-65.979004
5506,0.504395,-0.165039,0.965820,11.657715,20.202637,-44.616699
5507,0.531250,-0.202148,0.963379,3.234863,14.099121,-25.085449
5508,0.555664,-0.213379,0.937500,-2.014160,7.385254,-6.286621
5509,0.523438,-0.186523,0.895508,-6.286621,-0.366211,33.569336
5510,0.477539,-0.174316,0.901855,-7.629395,-3.173828,53.161621
5511,0.439453,-0.177246,0.970215,-12.023926,-17.822266,84.655762
5512,0.431641,-0.181152,0.977539,-17.822266,-26.794434,95.031738
5513,0.420898,-0.193359,0.957031,-25.512695,-32.470703,102.905273
5514,0.405762,-0.198242,0.936523,-32.104492,-35.400391,109.252930
5515,0.384766,-0.190430,0.913574,-33.935547,-38.330078,115.356445
5516,0.335449,-0.163086,0.782227,-19.348145,-34.790039,129.577637
5517,0.338379,-0.200195,0.727051,-5.126953,-25.390625,134.460449
5518,0.370117,-0.240234,0.731445,9.765625,-12.817383,135.986328
5519,0.439453,-0.231445,0.886719,18.676758,7.507324,139.404297
5520,0.439453,-0.210938,0.931152,16.479492,9.826660,145.751953
5521,0.400879,-0.147949,0.895996,10.498047,6.835938,171.997070
5522,0.354492,-0.185059,0.869629,12.207031,4.211426,185.607910
5523,0.323242,-0.238281,0.828125,17.639160,3.479004,195.129395
5524,0.315430,-0.283203,0.801758,31.860352,13.916016,203.247070
5525,0.267090,-0.396973,0.832031,35.766602,22.460938,200.012207
5526,0.265625,-0.388672,0.886719,36.499023,28.076172,195.983887
5527,0.288574,-0.238281,0.973633,28.076172,23.376465,205.993652
5528,0.286133,-0.223633,0.990723,20.019531,19.287109,218.200684
5529,0.251953,-0.275391,0.997070,14.953613,14.221191,227.600098
5530,0.127441,-0.458984,0.990723,15.808105,-0.305176,221.008301
5531,0.041016,-0.587402,0.957520,17.639160,-4.760742,196.838379
5532,-0.020996,-0.652832,0.916016,18.676758,-3.723145,159.912109
5533,-0.036133,-0.618164,0.913086,18.249512,0.244141,75.073242
5534,-0.022461,-0.626953,0.934570,13.305664,-2.990723,38.757324
5535,0.063965,-0.585938,0.912109,-5.798340,-5.493164,-13.854980
5536,0.091797,-0.570801,0.924805,-17.761230,-1.525879,-24.597168
5537,0.098633,-0.576172,0.938965,-26.977539,0.549316,-34.973145
5538,0.113770,-0.541992,0.927734,-32.470703,1.098633,-46.020508
5539,0.127441,-0.487793,0.914062,-36.010742,2.502441,-53.405762
5540,0.128906,-0.390137,0.852539,-24.169922,3.479004,-59.936523
5541,0.133789,-0.356445,0.842285,-7.324219,2.075195,-61.340332
5542,0.146484,-0.344727,0.849121,10.864258,-1.037598,-61.401367
5543,0.168945,-0.368164,0.909668,35.583496,-7.202148,-60.546875
5544,0.194336,-0.370605,0.944824,39.245605,-10.009766,-58.288574
5545,0.228516,-0.351074,0.946289,38.208008,-12.084961,-52.246094
5546,0.249512,-0.330078,0.915527,30.639648,-10.925293,-31.982422
5547,0.233887,-0.323242,0.903809,26.000977,-8.972168,-22.705078
5548,0.217285,-0.339844,0.912109,20.019531,-6.896973,-16.296387
5549,0.194824,-0.411133,0.960449,5.126953,-7.385254,-17.517090
5550,0.198730,-0.407715,0.951172,0.671387,-8.300781,-20.202637
5551,0.216309,-0.377441,0.948730,4.394531,-11.779785,-22.583008
5552,0.219727,-0.364258,0.935547,10.437012,-13.793945,-22.155762
5553,0.215332,-0.374512,0.926758,15.808105,-13.977051,-22.583008
5554,0.208984,-0.434082,0.918945,12.695312,-12.573242,-31.860352
5555,0.224121,-0.431152,0.876953,3.479004,-6.835938,-41.809082
5556,0.249023,-0.370117,0.843262,-8.728027,3.112793,-50.415039
5557,0.238281,-0.320312,0.835449,-20.080566,12.878418,-55.480957
5558,0.203125,-0.278809,0.849609,-32.043457,20.141602,-57.800293
5559,0.196777,-0.291992,0.892090,-35.583496,17.395020,-57.250977
5560,0.232422,-0.341309,1.008789,-50.537109,-1.464844,-53.833008
5561,0.270996,-0.389648,0.996094,-45.349121,-15.808105,-48.522949
5562,0.306641,-0.403809,0.965332,-37.719727,-24.658203,-40.161133
5563,0.325195,-0.369141,0.821777,-7.873535,-23.925781,-16.113281
5564,0.311523,-0.387207,0.729980,13.061523,-12.878418,-6.103516
5565,0.299805,-0.382324,0.729980,34.667969,2.197266,1.342773
5566,0.296387,-0.438965,0.864258,59.387207,33.569336,10.986328
5567,0.298828,-0.431641,0.953613,57.189941,40.161133,12.573242
5568,0.331055,-0.381836,1.001953,49.133301,40.100098,13.732910
5569,0.395996,-0.282227,0.834961,53.710938,51.940918,29.052734
5570,0.290527,-0.290039,0.905762,58.410645,55.664062,39.245605
5571,0.222656,-0.282227,1.040527,56.213379,50.720215,49.011230
5572,0.235840,-0.331055,1.193848,27.343750,32.897949,59.631348
5573,0.231934,-0.294922,1.143066,6.286621,25.756836,63.293457
5574,0.204590,-0.285645,1.027832,-9.887695,28.442383,68.176270
5575,0.123535,-0.282227,1.000977,-29.174805,44.677734,72.875977
5576,0.086426,-0.316895,1.078125,-56.884766,35.156250,72.082520
5577,0.171387,-0.293945,0.961914,-79.833984,35.278320,70.190430
5578,0.186523,-0.283691,0.912109,-101.196289,48.461914,72.753906
5579,0.143555,-0.318848,0.861328,-111.267090,65.734863,78.186035
5580,0.071289,-0.427246,0.743164,-67.871094,90.576172,77.148438
5581,0.009766,-0.453125,0.788086,-33.752441,98.022461,72.509766
5582,-0.043945,-0.474609,0.919922,-5.493164,96.191406,65.979004
5583,-0.278320,-0.402344,1.329590,9.277344,45.288086,48.767090
5584,-0.147949,-0.365234,0.958984,1.525879,-7.202148,37.780762
5585,-0.101074,-0.339355,0.787598,17.456055,-20.141602,32.836914
5586,-0.151367,-0.447754,0.769531,46.325684,-31.372070,12.573242
5587,-0.156738,-0.428711,0.841797,53.405762,-33.813477,0.122070
5588,-0.070801,-0.375977,0.826660,57.800293,-41.198730,-7.873535
5589,0.132812,-0.242676,0.791016,56.213379,-36.682129,-5.676270
5590,0.245605,-0.205566,0.784668,16.723633,25.329590,23.864746
5591,0.111328,-0.304688,0.886230,-11.718750,65.368652,35.339355
5592,-0.005859,-0.395020,0.952637,-32.836914,86.364746,36.743164
5593,-0.097656,-0.379395,0.929688,-33.325195,80.200195,29.418945
5594,-0.117676,-0.384766,0.910645,-14.892578,64.758301,27.832031
5595,-0.141113,-0.422852,0.904785,7.019043,48.706055,25.695801
5596,-0.176758,-0.474609,0.979980,50.537109,20.202637,21.728516
5597,-0.134766,-0.442871,1.012695,70.800781,2.319336,20.080566
5598,-0.100586,-0.372070,0.972168,86.059570,-10.498047,21.972656
5599,-0.117188,-0.326660,0.980957,94.970703,-21.606445,29.113770
5600,-0.176270,-0.324707,1.031250,87.036133,-31.127930,26.672363
5601,-0.182617,-0.310547,1.000977,76.293945,-43.701172,22.277832
5602,-0.145020,-0.286133,0.980469,69.580078,-56.091309,20.324707
5603,0.091797,-0.062012,0.892578,53.955078,-59.448242,29.235840
5604,0.129883,0.015625,0.972168,26.428223,-37.963867,44.982910
5605,0.031250,-0.066406,1.056152,-12.817383,-11.230469,56.030273
5606,-0.141602,-0.247559,1.041992,-73.547363,24.475098,44.738770
5607,-0.160156,-0.310547,0.986328,-75.988770,29.296875,28.869629
5608,-0.173828,-0.372070,0.832031,-49.133301,36.193848,-8.300781
5609,-0.144043,-0.357910,0.835449,-26.000977,38.146973,-22.216797
5610,-0.108887,-0.324707,0.875977,-2.014160,34.423828,-29.602051
5611,-0.106934,-0.256836,0.957031,30.639648,16.906738,-25.695801
5612,-0.143555,-0.241699,1.046387,28.442383,3.601074,-20.690918
5613,-0.160645,-0.239746,1.062500,13.916016,-13.122559,-17.028809
5614,-0.156250,-0.257324,1.003418,-4.028320,-24.047852,-14.465332
5615,-0.108887,-0.290527,0.914551,-27.282715,-23.803711,-12.084961
5616,-0.107422,-0.307617,0.877441,-26.672363,-20.568848,-12.573242
5617,-0.106934,-0.319336,0.851562,-18.066406,-17.089844,-13.183594
5618,-0.091797,-0.317383,0.909180,2.929688,-13.000488,-12.939453
5619,-0.087891,-0.303711,0.929199,8.972168,-12.207031,-11.840820
5620,-0.085938,-0.291504,0.942383,12.023926,-11.474609,-10.314941
5621,-0.081055,-0.285156,0.934570,12.878418,-10.009766,-9.277344
5622,-0.046387,-0.240723,0.929199,10.742188,4.760742,-5.798340
5623,-0.056152,-0.240234,0.991211,2.990723,14.221191,-2.502441
5624,-0.088379,-0.297363,1.083984,-8.239746,17.456055,-1.770020
5625,-0.117188,-0.361328,1.103516,-19.775391,15.075684,-6.469727
5626,-0.086426,-0.343262,0.964355,-24.536133,15.625000,-16.296387
5627,-0.065430,-0.333496,0.959473,-18.127441,16.906738,-15.441895
5628,-0.064453,-0.339844,0.955566,-11.352539,16.235352,-13.610840
5629,-0.080078,-0.343750,0.953613,-1.037598,12.878418,-11.596680
5630,-0.087891,-0.350098,0.936523,1.464844,12.145996,-12.329102
5631,-0.084473,-0.333008,0.933594,1.525879,12.451172,-13.427734
5632,-0.059082,-0.305176,0.959961,-4.638672,9.216309,-10.620117
5633,-0.063965,-0.305176,0.963867,-9.887695,5.798340,-8.361816
5634,-0.074219,-0.305664,0.957031,-14.343262,2.563477,-6.958008
5635,-0.074707,-0.309570,0.961426,-17.517090,-4.760742,-7.263184
5636,-0.069336,-0.336426,0.952148,-13.488770,-8.850098,-8.483887
5637,-0.068848,-0.339355,0.947754,-6.713867,-12.451172,-9.460449
5638,-0.082031,-0.335938,0.956055,3.540039,-16.479492,-10.131836
5639,-0.090820,-0.333496,0.957520,5.493164,-16.906738,-10.009766
5640,-0.093750,-0.325195,0.969727,5.187988,-16.601562,-9.826660
5641,-0.092773,-0.325684,0.993652,2.136230,-16.540527,-9.521484
5642,-0.079102,-0.304199,1.027344,-10.559082,-15.686035,-7.812500
5643,-0.067383,-0.299316,1.035156,-20.935059,-17.150879,-2.868652
5644,-0.071289,-0.327637,1.020020,-29.296875,-18.371582,2.990723
5645,-0.079590,-0.359375,0.988770,-32.775879,-19.042969,6.835938
5646,-0.089844,-0.402832,0.961914,-26.672363,-16.113281,8.178711
5647,-0.096191,-0.405273,0.960449,-24.047852,-12.939453,6.469727
5648,-0.095703,-0.405273,0.973633,-23.559570,-8.178711,0.061035
5649,-0.095703,-0.400879,0.967773,-26.184082,-7.751465,-3.967285
5650,-0.088867,-0.378418,0.962891,-29.357910,-8.483887,-6.225586
5651,-0.081055,-0.369141,0.957031,-32.348633,-11.352539,-5.615234
5652,-0.085449,-0.378418,0.910156,-40.344238,-13.549805,-3.906250
5653,-0.092285,-0.380371,0.876465,-43.518066,-10.375977,-4.028320
5654,-0.095215,-0.387695,0.869141,-42.663574,-2.868652,-5.432129
5655,-0.097168,-0.390625,0.895508,-44.555664,-0.610352,-6.713867
5656,-0.097168,-0.392578,0.919434,-47.851562,0.732422,-7.629395
5657,-0.098633,-0.419434,0.955566,-53.771973,0.183105,-9.338379
5658,-0.102051,-0.395996,0.937988,-67.565918,-0.488281,-11.840820
5659,-0.100586,-0.405273,0.934082,-75.927734,-2.746582,-12.573242
5660,-0.087891,-0.418457,0.924805,-84.228516,-6.042480,-14.282227
5661,-0.088379,-0.428711,0.874023,-86.853027,-6.591797,-15.686035
5662,-0.054688,-0.457520,0.848145,-78.430176,4.028320,-7.019043
5663,-0.064941,-0.483398,0.834473,-74.462891,10.192871,0.061035
5664,-0.081055,-0.512207,0.827148,-67.382812,14.282227,4.333496
5665,-0.098633,-0.569824,0.804199,-50.659180,19.226074,2.441406
5666,-0.100586,-0.580078,0.813965,-39.550781,22.155762,0.549316
5667,-0.093750,-0.584473,0.890137,-33.447266,20.324707,1.770020
5668,-0.100098,-0.600098,0.862305,-43.884277,9.216309,4.760742
5669,-0.084961,-0.593262,0.833496,-41.992188,11.962891,3.173828
5670,-0.060059,-0.594238,0.875000,-27.038574,12.939453,0.061035
5671,-0.046387,-0.589844,0.885254,-20.080566,8.911133,-0.122070
5672,-0.042480,-0.599121,0.882812,-14.343262,5.798340,0.000000
5673,-0.038086,-0.607910,0.869629,-10.986328,4.150391,-0.671387
5674,-0.028809,-0.618652,0.838867,-0.854492,1.586914,-2.136230
5675,-0.025879,-0.606934,0.823242,5.798340,-0.732422,-1.342773
5676,-0.025391,-0.605957,0.814453,9.155273,-3.784180,-0.854492
5677,-0.017578,-0.603027,0.784668,11.962891,-7.385254,-4.028320
5678,-0.015625,-0.588867,0.773438,14.892578,-7.446289,-6.469727
5679,-0.010254,-0.574707,0.770996,18.432617,-6.896973,-8.056641
5680,-0.002930,-0.541992,0.767090,23.254395,-3.723145,-10.009766
5681,-0.001465,-0.515137,0.770508,22.216797,-0.122070,-10.009766
5682,-0.002441,-0.502930,0.775391,18.798828,3.295898,-9.948730
5683,-0.008789,-0.496094,0.778320,9.765625,7.995605,-10.375977
5684,-0.017090,-0.507812,0.784180,6.225586,7.812500,-10.314941
5685,-0.022461,-0.533691,0.775879,5.493164,5.554199,-10.925293
5686,-0.022461,-0.562988,0.734863,15.258789,-0.061035,-12.023926
5687,-0.006836,-0.553223,0.726562,23.376465,-2.380371,-10.925293
5688,0.012207,-0.553223,0.740723,31.616211,-4.150391,-8.178711
5689,0.045898,-0.523438,0.792480,46.142578,-7.141113,-3.295898
5690,0.059570,-0.501953,0.834961,47.851562,-8.361816,-0.976562
5691,0.066406,-0.495117,0.886719,43.701172,-9.582520,1.159668
5692,0.074219,-0.500000,0.930176,33.874512,-11.047363,2.624512
5693,0.094238,-0.513184,0.938965,5.371094,-10.192871,3.479004
5694,0.102051,-0.529297,0.910156,-5.065918,-7.934570,3.540039
5695,0.105469,-0.546387,0.850586,-12.390137,-2.807617,3.967285
5696,0.091797,-0.553711,0.844238,-10.009766,-1.892090,3.967285
5697,0.079590,-0.567383,0.844727,-6.530762,-3.356934,3.662109
5698,0.061035,-0.591309,0.834961,-0.183105,-6.896973,3.173828
5699,0.052246,-0.564453,0.812500,24.047852,-16.235352,-0.976562
5700,0.054199,-0.538086,0.824219,32.226562,-19.104004,-2.441406
5701,0.057129,-0.516113,0.844238,35.095215,-20.690918,-3.662109
5702,0.065918,-0.472168,0.888184,29.113770,-20.385742,-3.234863
5703,0.066895,-0.467285,0.901367,22.033691,-19.165039,-1.953125
5704,0.064941,-0.473145,0.899902,14.587402,-17.272949,-0.976562
5705,0.046875,-0.502930,0.865723,4.760742,-11.047363,-0.610352
5706,0.042480,-0.511719,0.848145,2.624512,-7.141113,-1.098633
5707,0.042480,-0.530273,0.837402,1.098633,-3.112793,-1.220703
5708,0.034180,-0.541504,0.812988,2.502441,-0.061035,-2.746582
5709,0.026367,-0.506348,0.834961,14.770508,3.479004,-4.394531
5710,0.017578,-0.495117,0.872070,17.761230,2.258301,-3.479004
5711,0.009277,-0.500000,0.893066,17.639160,-1.525879,-2.563477
5712,0.001953,-0.505371,0.875488,14.526367,-7.507324,-1.647949
5713,0.016113,-0.483887,0.868164,13.610840,-9.338379,-1.403809
5714,0.034668,-0.460938,0.869629,12.573242,-11.535645,-0.122070
5715,0.054199,-0.455566,0.898926,10.375977,-12.390137,2.807617
5716,0.063477,-0.471191,0.916504,8.728027,-11.596680,2.990723
5717,0.068359,-0.484375,0.924316,8.178711,-11.047363,2.441406
5718,0.073242,-0.496582,0.925293,11.413574,-8.544922,-0.915527
5719,0.085449,-0.484375,0.933594,10.375977,-5.310059,-1.953125
5720,0.078613,-0.476562,0.931152,5.310059,-0.366211,-1.098633
5721,0.068848,-0.481934,0.922363,3.601074,0.732422,-1.708984
5722,0.060547,-0.481934,0.915039,2.990723,0.976562,-2.502441
5723,0.048828,-0.486328,0.927246,2.502441,-2.258301,-2.258301
5724,0.041992,-0.497070,0.922852,1.708984,-4.577637,-2.380371
5725,0.043945,-0.502930,0.912109,1.220703,-6.286621,-3.051758
5726,0.052246,-0.499512,0.871094,-1.403809,-4.211426,-3.723145
5727,0.057129,-0.492676,0.852051,-0.671387,-1.831055,-3.112793
5728,0.065918,-0.462891,0.849609,1.098633,4.638672,1.037598
5729,0.055176,-0.459961,0.875000,0.244141,7.019043,3.601074
5730,0.047363,-0.458984,0.901855,-2.990723,7.995605,5.432129
5731,0.043457,-0.457520,0.912598,-8.178711,8.178711,7.202148
5732,0.046387,-0.479492,0.896973,-17.578125,8.117676,9.277344
5733,0.045898,-0.487305,0.880371,-19.348145,7.629395,8.972168
5734,0.049805,-0.487305,0.875000,-19.409180,6.896973,8.666992
5735,0.056152,-0.482422,0.861328,-15.686035,5.310059,8.483887
5736,0.062988,-0.459961,0.865234,-12.573242,6.164551,9.582520
5737,0.064941,-0.453125,0.874512,-11.413574,7.690430,12.268066
5738,0.065918,-0.427246,0.916016,-19.531250,11.474609,17.700195
5739,0.040039,-0.474121,0.928223,-30.761719,14.648438,21.667480
5740,0.007324,-0.556641,0.924316,-38.330078,15.869141,19.165039
5741,0.003906,-0.587891,0.895508,-37.902832,14.953613,12.756348
5742,0.028320,-0.541504,0.845215,-19.897461,13.671875,7.080078
5743,0.024414,-0.523438,0.875488,-12.329102,10.925293,8.178711
5744,0.018066,-0.505371,0.905762,-9.948730,6.835938,10.253906
5745,-0.027344,-0.530762,0.992188,-18.066406,0.183105,14.221191
5746,-0.069336,-0.565918,1.020020,-21.362305,-6.225586,14.099121
5747,-0.081543,-0.619629,0.999023,-25.451660,-16.601562,11.352539
5748,-0.059082,-0.651855,0.898926,-12.756348,-26.855469,-3.417969
5749,0.044434,-0.571289,0.733398,-0.732422,-22.094727,-6.530762
5750,0.082031,-0.530762,0.731445,7.507324,-13.244629,-6.225586
5751,0.085449,-0.496094,0.749023,9.338379,-3.051758,-4.882812
5752,0.064941,-0.463867,0.822266,-0.427246,14.282227,-1.464844
5753,0.045410,-0.465332,0.853027,-6.164551,17.272949,2.014160
5754,0.022949,-0.473633,0.871094,-11.352539,16.601562,5.920410
5755,-0.006348,-0.502930,0.841309,-17.883301,10.375977,11.901855
5756,-0.017578,-0.530762,0.820312,-18.127441,8.178711,12.756348
5757,-0.027832,-0.566406,0.805664,-16.906738,6.958008,12.023926
5758,-0.021973,-0.567383,0.824707,-10.009766,5.004883,9.277344
5759,-0.008789,-0.538574,0.849121,-6.042480,4.821777,8.483887
5760,0.002930,-0.517090,0.873047,-3.784180,3.723145,8.605957
5761,0.009766,-0.530273,0.875488,2.197266,1.403809,9.643555
5762,0.006348,-0.545410,0.865234,5.004883,2.380371,9.399414
5763,0.000488,-0.541016,0.868164,5.798340,4.699707,9.521484
5764,-0.014160,-0.548340,0.870117,0.000000,8.911133,14.160156
5765,-0.033691,-0.576172,0.859863,-8.300781,12.573242,13.000488
5766,-0.041992,-0.578125,0.848633,-14.892578,13.854980,11.047363
5767,-0.040527,-0.568848,0.844727,-17.211914,8.544922,10.864258
5768,-0.041992,-0.565918,0.838867,-15.991211,4.150391,11.779785
5769,-0.042969,-0.568848,0.844727,-10.620117,0.000000,13.977051
5770,-0.044922,-0.603516,0.821777,-0.122070,-3.112793,13.122559
5771,-0.047852,-0.608887,0.825195,6.958008,-2.807617,12.023926
5772,-0.051270,-0.599121,0.843750,12.634277,-2.807617,11.169434
5773,-0.055664,-0.582520,0.871582,14.709473,-3.967285,10.681152
5774,-0.077148,-0.578613,0.889160,7.873535,-6.652832,9.704590
5775,-0.078125,-0.574219,0.874023,4.699707,-8.239746,9.399414
5776,-0.063965,-0.558594,0.853027,8.300781,-11.779785,9.094238
5777,0.003906,-0.497559,0.817383,43.762207,-25.695801,9.704590
5778,0.022949,-0.478516,0.814453,60.546875,-29.052734,11.230469
5779,0.030762,-0.465332,0.837891,66.223145,-27.587891,14.160156
5780,0.052246,-0.415527,0.800293,55.908203,-12.145996,24.047852
5781,0.036621,-0.448242,0.765137,47.546387,-0.915527,29.113770
5782,0.010254,-0.483398,0.781250,37.902832,10.803223,30.639648
5783,-0.017090,-0.454590,0.868652,10.864258,25.329590,29.724121
5784,-0.022949,-0.416992,0.878906,-4.333496,30.517578,31.372070
5785,-0.019531,-0.409180,0.898926,-21.301270,35.766602,34.790039
5786,-0.071289,-0.493164,0.898438,-57.250977,46.752930,36.804199
5787,-0.104004,-0.546387,0.885254,-66.162109,51.086426,35.156250
5788,-0.143555,-0.598145,0.878418,-65.246582,52.978516,33.081055
5789,-0.219727,-0.662598,0.914551,-46.630859,43.212891,24.475098
5790,-0.214844,-0.621582,0.915527,-25.268555,30.883789,18.615723
5791,-0.182617,-0.535156,0.915527,5.554199,15.197754,16.418457
5792,-0.127441,-0.434082,0.964355,54.504395,-17.089844,27.221680
5793,-0.056152,-0.322266,0.929688,65.734863,-28.381348,37.414551
5794,-0.083984,-0.313477,0.929688,82.336426,-43.212891,57.128906
5795,-0.032227,-0.375977,1.017090,84.838867,-65.795898,81.726074
5796,-0.165527,-0.452148,0.898438,75.500488,-72.570801,88.928223
5797,-0.283203,-0.586914,0.698242,65.917969,-57.800293,81.604004
5798,-0.290039,-0.634766,0.666992,55.419922,-32.714844,63.049316
5799,-0.141113,-0.546875,0.773926,15.014648,9.704590,31.982422
5800,-0.092285,-0.390137,0.929688,-15.686035,25.207520,22.644043
5801,-0.022461,-0.253418,0.876953,-72.570801,55.114746,24.841309
5802,-0.056641,-0.317383,0.912109,-90.820312,69.641113,35.644531
5803,-0.166016,-0.517090,0.957520,-110.839844,68.542480,47.607422
5804,-0.224121,-0.508301,0.923828,-108.581543,59.753418,47.668457
5805,-0.280762,-0.481445,0.880859,-98.388672,53.771973,48.645020
5806,-0.304688,-0.457031,0.783203,-62.622070,42.968750,56.640625
5807,-0.285645,-0.520508,0.854004,-52.185059,30.639648,65.246582
5808,-0.305664,-0.627441,0.875000,-54.016113,14.282227,69.152832
5809,-0.339844,-0.725586,0.769043,-29.663086,-16.479492,48.095703
5810,-0.314941,-0.699707,0.766113,-1.647949,-23.925781,29.663086
5811,-0.271484,-0.642090,0.816406,20.446777,-29.602051,15.075684
5812,-0.243652,-0.573730,0.856445,31.921387,-34.729004,6.958008
5813,-0.220703,-0.489746,0.829102,28.930664,-28.625488,4.455566
5814,-0.213867,-0.463379,0.807617,17.456055,-18.310547,7.385254
5815,-0.213867,-0.468750,0.824707,5.249023,-9.948730,10.925293
5816,-0.193359,-0.413574,0.814453,17.272949,-16.479492,23.437500
5817,-0.197266,-0.428223,0.816895,31.494141,-21.667480,29.235840
5818,-0.208496,-0.461914,0.801270,39.062500,-23.071289,31.799316
5819,-0.249023,-0.437012,0.785156,34.606934,-12.451172,33.386230
5820,-0.261719,-0.466309,0.859863,18.493652,-5.310059,35.461426
5821,-0.301758,-0.478027,0.884766,-0.549316,-0.732422,35.400391
5822,-0.314941,-0.473633,0.887695,-17.333984,1.220703,34.362793
5823,-0.278320,-0.428223,0.820312,-28.808594,0.244141,35.278320
5824,-0.248047,-0.439453,0.790039,-23.071289,-2.990723,39.001465
5825,-0.235840,-0.447754,0.766113,-12.573242,-5.493164,43.395996
5826,-0.222168,-0.435547,0.783203,4.455566,-0.610352,57.495117
5827,-0.238770,-0.361816,0.794922,10.803223,6.896973,69.702148
5828,-0.289062,-0.445801,0.864258,7.263184,16.296387,79.589844
5829,-0.369629,-0.588379,0.952148,1.525879,14.221191,81.604004
5830,-0.412598,-0.641113,0.951660,22.766113,-16.845703,60.729980
5831,-0.382324,-0.615234,0.918945,50.598145,-36.926270,48.461914
5832,-0.349121,-0.552246,0.905273,75.012207,-49.133301,41.259766
5833,-0.258789,-0.364258,0.918457,86.730957,-44.555664,46.813965
5834,-0.234375,-0.309082,0.903320,78.369141,-34.179688,62.500000
5835,-0.252930,-0.279785,0.960449,61.401367,-23.437500,76.416016
5836,-0.270508,-0.348145,0.917480,27.770996,-16.967773,97.229004
5837,-0.331055,-0.393555,0.920410,20.751953,-20.812988,99.792480
5838,-0.353027,-0.431152,0.901855,18.188477,-25.695801,95.397949
5839,-0.330566,-0.419922,0.834473,26.977539,-19.287109,83.007812
5840,-0.364746,-0.393066,0.851562,30.700684,-3.662109,75.012207
5841,-0.354980,-0.343750,0.921875,26.611328,16.601562,69.274902
5842,-0.326172,-0.221680,0.991211,-1.770020,47.973633,80.749512
5843,-0.316895,-0.191406,1.006348,-21.728516,52.612305,98.937988
5844,-0.355469,-0.265137,1.041016,-25.573730,42.480469,110.839844
5845,-0.471680,-0.400879,0.966309,-32.714844,10.314941,104.980469
5846,-0.498535,-0.435547,0.910156,-31.066895,-0.427246,88.500977
5847,-0.465820,-0.392578,0.890137,-23.681641,-4.821777,51.208496
5848,-0.437988,-0.384277,0.938477,-18.920898,-5.187988,39.611816
5849,-0.410645,-0.395996,0.995605,-11.901855,-11.169434,32.775879
5850,-0.411133,-0.384277,0.967285,0.671387,-23.803711,26.672363
5851,-0.377930,-0.333008,0.895020,19.409180,-40.466309,13.793945
5852,-0.342285,-0.329102,0.858887,22.277832,-42.175293,2.563477
5853,-0.282227,-0.260254,0.834473,21.606445,-38.269043,-6.103516
5854,-0.250977,-0.222656,0.747070,18.432617,-21.179199,-9.399414
5855,-0.260742,-0.230957,0.720703,13.854980,-5.126953,-10.375977
5856,-0.272949,-0.220215,0.706543,6.469727,10.498047,-10.681152
5857,-0.318359,-0.208008,0.666016,-3.906250,41.931152,-8.178711
5858,-0.350098,-0.194824,0.691406,-10.803223,57.800293,-3.967285
5859,-0.376465,-0.201660,0.782227,-21.240234,69.335938,1.953125
5860,-0.389648,-0.228516,0.874512,-29.174805,69.030762,5.920410
5861,-0.408203,-0.233887,0.885254,-3.417969,37.292480,4.089355
5862,-0.416016,-0.229492,0.934082,19.104004,13.671875,2.624512
5863,-0.420410,-0.225098,0.956543,32.714844,-7.812500,1.831055
5864,-0.420898,-0.212891,0.960449,40.893555,-30.761719,5.981445
5865,-0.419922,-0.216309,0.950684,36.926270,-32.226562,8.789062
5866,-0.415527,-0.222168,0.945801,27.648926,-28.381348,11.657715
5867,-0.419922,-0.266113,0.956543,7.751465,-13.122559,15.197754
5868,-0.423340,-0.258301,0.944824,1.098633,-7.141113,13.732910
5869,-0.420410,-0.243652,0.950195,-2.685547,-2.258301,11.779785
5870,-0.406250,-0.228516,0.952148,-13.671875,5.615234,7.080078
5871,-0.393066,-0.224609,0.923340,-16.479492,8.422852,5.187988
5872,-0.399902,-0.252441,0.877441,-14.221191,9.094238,3.356934
5873,-0.403809,-0.252441,0.855469,-13.854980,7.324219,3.051758
5874,-0.411133,-0.256348,0.848145,-13.610840,5.126953,2.319336
5875,-0.418457,-0.231934,0.840820,-14.404297,1.037598,-0.854492
5876,-0.412109,-0.227051,0.852539,-13.366699,-0.732422,-1.342773
5877,-0.384766,-0.197266,0.874512,-8.422852,-0.976562,0.915527
5878,-0.372559,-0.199219,0.900879,-7.873535,0.305176,2.868652
5879,-0.381348,-0.209961,0.902832,-9.277344,6.591797,4.516602
5880,-0.390625,-0.224609,0.906738,-10.131836,9.765625,4.882812
5881,-0.417480,-0.252441,0.919434,-11.169434,11.291504,4.211426
5882,-0.434082,-0.265625,0.908203,-13.183594,10.864258,2.563477
5883,-0.423828,-0.260254,0.867676,-14.587402,6.774902,1.342773
5884,-0.412598,-0.251953,0.877930,-12.390137,3.845215,1.647949
5885,-0.396484,-0.244629,0.877441,-3.906250,-1.403809,1.403809
5886,-0.386719,-0.229492,0.896484,10.009766,-10.620117,1.708984
5887,-0.386230,-0.227539,0.906250,8.605957,-12.145996,3.967285
5888,-0.403320,-0.237793,0.865723,1.525879,-9.521484,7.507324
5889,-0.410156,-0.244141,0.848633,-0.427246,-4.760742,7.873535
5890,-0.410645,-0.238770,0.854492,-4.272461,0.488281,7.751465
5891,-0.409180,-0.220215,0.870117,-11.657715,3.967285,7.629395
5892,-0.401855,-0.192383,0.894043,-23.742676,1.953125,8.728027
5893,-0.383789,-0.209961,0.778320,-35.949707,-8.850098,16.784668
5894,-0.393066,-0.256836,0.744629,-28.625488,-6.958008,18.432617
5895,-0.415527,-0.284668,0.746094,-18.066406,-2.075195,17.333984
5896,-0.437500,-0.284668,0.825684,-2.319336,7.568359,11.901855
5897,-0.430664,-0.259766,0.861816,1.647949,9.521484,9.277344
5898,-0.424316,-0.227539,0.888672,7.629395,8.605957,8.239746
5899,-0.411621,-0.201172,0.921875,16.235352,4.882812,9.582520
5900,-0.404297,-0.171875,0.978027,16.784668,-3.540039,17.700195
5901,-0.415039,-0.198242,0.965820,7.263184,-4.760742,20.263672
5902,-0.426758,-0.231445,0.932617,0.488281,-2.624512,20.507812
5903,-0.479980,-0.300781,0.920410,-1.403809,6.652832,15.930176
5904,-0.486816,-0.295898,0.919922,-1.464844,7.873535,11.718750
5905,-0.478027,-0.274902,0.885742,-2.624512,7.690430,7.934570
5906,-0.454102,-0.236328,0.793457,-3.662109,14.587402,5.676270
5907,-0.436035,-0.221191,0.786621,-5.676270,20.812988,7.080078
5908,-0.418457,-0.203613,0.796387,-9.643555,25.512695,9.399414
5909,-0.415039,-0.205566,0.859863,-21.728516,23.315430,19.287109
5910,-0.428711,-0.235840,0.844238,-29.479980,19.226074,21.728516
5911,-0.409668,-0.252930,0.854492,-28.381348,13.610840,21.606445
5912,-0.414551,-0.198242,0.882812,4.821777,-18.554688,20.690918
5913,-0.428711,-0.171875,0.846191,12.329102,-30.456543,25.268555
5914,-0.468750,-0.145508,0.848633,8.605957,-32.165527,29.052734
5915,-0.510254,-0.160645,0.858887,-17.456055,-20.935059,29.541016
5916,-0.565918,-0.290039,0.806641,-22.766113,-16.052246,21.972656
5917,-0.531738,-0.291992,0.764648,-16.967773,-8.544922,11.962891
5918,-0.485840,-0.268066,0.780273,-6.652832,1.281738,5.371094
5919,-0.447266,-0.213379,0.881348,6.469727,21.057129,0.305176
5920,-0.449219,-0.187988,0.923828,5.371094,31.494141,-1.037598
5921,-0.472656,-0.167969,0.969727,1.770020,40.466309,-0.122070
5922,-0.549805,-0.183594,1.050781,-7.324219,44.433594,3.112793
5923,-0.570312,-0.183105,1.051758,-10.437012,39.978027,4.028320
5924,-0.578613,-0.182617,1.040527,-11.962891,33.691406,5.798340
5925,-0.575684,-0.184570,1.038086,-9.460449,24.658203,8.361816
5926,-0.578125,-0.214844,0.984375,-2.441406,-4.882812,11.901855
5927,-0.551270,-0.205078,0.910645,-3.295898,-13.671875,12.634277
5928,-0.490234,-0.195801,0.825684,-10.314941,-16.357422,18.798828
5929,-0.452148,-0.218750,0.798340,-17.150879,-15.930176,22.644043
5930,-0.451172,-0.197754,0.755371,-20.629883,-13.488770,24.719238
5931,-0.449707,-0.260254,0.706543,-20.141602,-5.859375,28.381348
5932,-0.446289,-0.297363,0.728516,-20.690918,1.098633,27.404785
5933,-0.467773,-0.288086,0.718750,-20.690918,9.338379,24.780273
5934,-0.451172,-0.275879,0.726074,-17.517090,17.150879,21.667480
5935,-0.520996,-0.296875,0.812500,-9.826660,27.343750,17.272949
5936,-0.511719,-0.280762,0.854980,-4.150391,23.193359,13.122559
5937,-0.514160,-0.257812,0.876953,5.798340,13.000488,10.498047
5938,-0.504395,-0.208496,0.895508,15.319824,-1.159668,7.690430
5939,-0.507812,-0.193359,0.887207,10.925293,-0.488281,9.521484
5940,-0.513672,-0.194336,0.890625,3.784180,3.295898,11.108398
5941,-0.561523,-0.213867,0.881348,-5.798340,5.493164,12.695312
5942,-0.562500,-0.229492,0.893066,-6.408691,4.150391,12.145996
5943,-0.583496,-0.229980,0.854980,-6.774902,3.356934,11.413574
5944,-0.565430,-0.236328,0.822266,-5.798340,5.249023,8.972168
5945,-0.555664,-0.267578,0.819336,-7.812500,6.835938,7.080078
5946,-0.545898,-0.235352,0.796387,-8.605957,10.131836,3.234863
5947,-0.545410,-0.229980,0.780762,-13.854980,18.554688,1.708984
5948,-0.560547,-0.221191,0.816895,-20.751953,22.766113,0.732422
5949,-0.572754,-0.236328,0.845703,-32.531738,24.230957,0.183105
5950,-0.580566,-0.254395,0.844727,-43.762207,22.033691,-2.502441
5951,-0.578125,-0.301758,0.850098,-43.762207,14.831543,-8.666992
5952,-0.607910,-0.490723,0.831543,2.197266,-12.512207,-43.701172
5953,-0.585449,-0.338379,0.870605,8.300781,-25.085449,-72.570801
5954,-0.618652,-0.311035,0.924316,-2.136230,-28.503418,-78.063965
5955,-0.639160,-0.333984,0.961914,-17.211914,-32.470703,-83.923340
5956,-0.619629,-0.385254,0.983398,-29.113770,-57.617188,-103.698730
5957,-0.574219,-0.338379,0.909180,-23.986816,-72.204590,-111.328125
5958,-0.478516,-0.245117,0.852539,-17.028809,-80.261230,-112.243652
5959,-0.269043,-0.070801,0.756348,-11.657715,-72.265625,-83.801270
5960,-0.264160,-0.169434,0.769531,-17.822266,-58.227539,-66.223145
5961,-0.265625,-0.290527,0.714355,-30.944824,-38.818359,-58.166504
5962,-0.224609,-0.349121,0.691406,-63.964844,8.117676,-55.969238
5963,-0.277344,-0.461426,0.692871,-88.806152,29.296875,-57.006836
5964,-0.350586,-0.498535,0.607910,-101.928711,49.804688,-64.819336
5965,-0.435547,-0.604980,0.639160,-93.078613,66.284180,-74.890137
5966,-0.514648,-0.574707,0.701172,-45.959473,56.701660,-84.960938
5967,-0.638184,-0.656250,0.650391,-39.794922,86.303711,-111.816406
5968,-0.603516,-0.602539,0.637207,-31.433105,100.158691,-125.244141
5969,-0.560059,-0.634766,0.833984,5.493164,92.102051,-150.451660
5970,-0.570801,-0.642578,0.875977,16.235352,73.730469,-163.452148
5971,-0.561035,-0.574707,0.856445,19.592285,56.518555,-173.339844
5972,-0.511719,-0.512207,0.849121,23.376465,34.729004,-177.673340
5973,-0.327148,-0.362793,0.868652,22.521973,30.761719,-167.358398
5974,-0.255859,-0.370605,0.906738,19.836426,25.207520,-155.029297
5975,-0.233887,-0.410156,0.876953,10.925293,9.216309,-133.361816
5976,-0.281250,-0.495605,0.832520,8.728027,0.488281,-127.258301
5977,-0.336426,-0.568359,0.764648,8.483887,-5.737305,-127.136230
5978,-0.356445,-0.606445,0.717773,12.268066,-9.460449,-131.103516
5979,-0.330566,-0.600586,0.666016,40.710449,-25.512695,-146.545410
5980,-0.299316,-0.582520,0.632812,56.274414,-33.996582,-155.578613
5981,-0.304688,-0.594238,0.555664,73.242188,-37.170410,-164.245605
5982,-0.256348,-0.599121,0.514160,113.769531,-21.545410,-187.377930
5983,-0.208008,-0.566406,0.626953,128.234863,-12.939453,-199.096680
5984,-0.171875,-0.498535,0.774902,133.300781,-12.451172,-209.167480
5985,-0.072266,-0.345215,1.021484,121.398926,-27.099609,-222.473145
5986,-0.029785,-0.297363,1.096680,106.994629,-44.555664,-220.458984
5987,-0.009277,-0.298340,1.133789,84.106445,-64.208984,-214.355469
5988,0.036621,-0.374512,1.195801,16.845703,-92.956543,-211.303711
5989,0.038574,-0.395996,1.181152,-26.550293,-98.571777,-214.904785
5990,0.062500,-0.415527,1.016113,-110.595703,-83.618164,-225.402832
5991,0.136230,-0.356445,0.946289,-151.306152,-61.950684,-224.731445
5992,0.240723,-0.241699,0.854492,-192.260742,-34.057617,-212.219238
5993,0.315430,-0.228516,0.863281,-223.876953,-6.591797,-184.326172
5994,0.288574,-0.455566,0.826172,-235.168457,-3.417969,-144.958496
5995,0.245605,-0.579590,0.720215,-213.928223,-17.028809,-145.446777
5996,0.208984,-0.694336,0.619141,-178.161621,-28.076172,-155.883789
5997,0.183105,-0.789551,0.605469,-138.427734,-34.912109,-173.278809
5998,0.212891,-0.822754,0.579590,-60.424805,-48.706055,-219.543457
5999,0.266602,-0.767578,0.534668,-25.512695,-54.931641,-239.440918
6000,0.305176,-0.707031,0.519043,2.807617,-61.279297,-253.112793
6001,0.387695,-0.551758,0.648438,36.254883,-89.172363,-261.352539
6002,0.415527,-0.479980,0.738770,33.203125,-109.619141,-257.995605
6003,0.459473,-0.416016,0.777344,16.296387,-130.798340,-251.708984
6004,0.650879,-0.199219,0.846680,-51.025391,-166.076660,-220.886230
6005,0.724121,-0.153320,0.878906,-101.135254,-183.288574,-191.894531
6006,0.831543,-0.210938,0.377441,-186.706543,-201.782227,-128.295898
6007,0.912109,-0.273926,0.141113,-170.349121,-160.583496,-84.655762
6008,0.905273,-0.305664,0.178223,-158.325195,-138.916016,-52.673340
6009,0.919922,-0.349609,0.081543,-132.324219,-121.826172,-25.573730
6010,0.927246,-0.501953,0.071289,-49.377441,-76.782227,4.028320
6011,0.951660,-0.531250,0.134277,-16.845703,-46.447754,7.690430
6012,1.004395,-0.513184,0.164551,18.554688,-26.062012,13.244629
6013,1.072754,-0.354004,0.136230,103.332520,-8.666992,42.907715
6014,1.035645,-0.292969,0.158691,127.624512,10.070801,70.617676
6015,0.984375,-0.244629,0.198730,137.084961,32.287598,102.050781
6016,0.907227,-0.280762,0.236328,139.831543,54.565430,135.620117
6017,0.857422,-0.342773,0.293457,142.639160,91.796875,191.284180
6018,0.826172,-0.318848,0.361816,143.798828,110.595703,219.421387
6019,0.775391,-0.258301,0.445801,138.183594,127.868652,251.647949
6020,0.525879,-0.245117,0.540039,115.234375,157.287598,317.077637
6021,0.380859,-0.276367,0.596680,98.815918,170.654297,338.134766
6022,0.264160,-0.313477,0.684082,79.467773,179.077148,350.402832
6023,0.175293,-0.316406,0.767578,57.373047,181.396484,359.191895
6024,0.052734,-0.456543,0.911133,5.737305,164.855957,372.009277
6025,0.004883,-0.489746,0.948242,-22.583008,143.981934,374.328613
6026,-0.046875,-0.479004,0.908691,-44.860840,118.408203,375.366211
6027,-0.041992,-0.421875,0.795898,-74.218750,79.833984,389.465332
6028,-0.078613,-0.552734,0.793945,-81.237793,58.532715,391.418457
6029,-0.155273,-0.701172,0.725098,-78.308105,35.400391,378.723145
6030,-0.227539,-0.811035,0.607422,-65.612793,19.104004,354.858398
6031,-0.348633,-0.912109,0.416504,-22.277832,22.277832,290.161133
6032,-0.364746,-0.911621,0.410645,3.967285,37.353516,259.338379
6033,-0.346680,-0.867676,0.478027,28.747559,50.537109,236.022949
6034,-0.342285,-0.699707,0.684570,55.664062,54.382324,220.520020
6035,-0.353516,-0.627441,0.751465,55.480957,48.461914,224.121094
6036,-0.469238,-0.646973,0.739746,32.470703,33.447266,225.158691
6037,-0.551270,-0.710449,0.699707,18.005371,26.245117,214.172363
6038,-0.643555,-0.791016,0.633301,5.798340,19.897461,194.213867
6039,-0.716309,-0.846191,0.549316,-2.868652,18.127441,166.687012
6040,-0.738281,-0.847656,0.499023,-12.878418,24.536133,109.558105
6041,-0.700684,-0.763184,0.506836,-8.605957,22.460938,85.754395
6042,-0.673828,-0.719727,0.532715,-0.244141,15.686035,65.673828
6043,-0.646973,-0.685547,0.556641,4.699707,6.896973,47.302246
6044,-0.669434,-0.777344,0.527344,3.112793,-8.300781,7.568359
6045,-0.703613,-0.880371,0.468750,7.812500,-14.038086,-20.996094
6046,-0.759766,-0.858887,0.501465,14.831543,-17.272949,-87.280273
6047,-0.776855,-0.821289,0.578613,9.765625,-19.653320,-117.919922
6048,-0.774414,-0.808105,0.656250,4.577637,-29.113770,-146.118164
6049,-0.779297,-0.796387,0.694824,-1.647949,-41.198730,-172.912598
6050,-0.687012,-0.672363,0.682617,-15.075684,-49.682617,-208.862305
6051,-0.615723,-0.664551,0.704590,-16.296387,-48.339844,-215.148926
6052,-0.524902,-0.671387,0.741699,-14.465332,-49.743652,-219.970703
6053,-0.350098,-0.637207,0.757812,-12.329102,-67.016602,-228.393555
6054,-0.289551,-0.616699,0.730957,-12.268066,-79.650879,-233.337402
6055,-0.269043,-0.626465,0.697754,-13.366699,-87.646484,-239.440918
6056,-0.278809,-0.677734,0.704590,-17.944336,-88.073730,-247.436523
6057,-0.268066,-0.810059,0.761230,-46.203613,-72.937012,-274.475098
6058,-0.202637,-0.798340,0.755371,-69.458008,-58.959961,-289.794922
6059,-0.114746,-0.741699,0.704102,-92.590332,-42.419434,-303.161621
6060,0.071777,-0.557129,0.528809,-116.149902,-3.234863,-314.270020
6061,0.126953,-0.508789,0.509277,-113.708496,14.160156,-312.316895
6062,0.115234,-0.542480,0.573730,-105.712891,23.620605,-312.683105
6063,-0.019043,-0.763184,0.721680,-99.609375,15.563965,-350.769043
6064,-0.029297,-0.760742,0.736816,-106.567383,10.681152,-379.699707
6065,0.080078,-0.685059,0.698730,-117.553711,9.155273,-397.583008
6066,0.437988,-0.453613,0.630859,-125.305176,2.868652,-371.154785
6067,0.549316,-0.412109,0.570312,-120.605469,-5.981445,-336.120605
6068,0.574707,-0.458984,0.486328,-109.191895,-14.160156,-299.865723
6069,0.501465,-0.654785,0.297852,-74.829102,-11.352539,-264.221191
6070,0.457520,-0.700195,0.222168,-51.452637,0.000000,-268.493652
6071,0.430664,-0.661621,0.209961,-24.597168,11.230469,-280.456543
6072,0.449707,-0.585449,0.237305,5.554199,18.066406,-290.771484
6073,0.611328,-0.471680,0.399414,69.152832,12.329102,-298.706055
6074,0.737305,-0.408203,0.469238,85.693359,2.075195,-294.860840
6075,0.854492,-0.301270,0.528809,79.895020,-7.324219,-281.860352
6076,0.996094,-0.091797,0.538574,18.859863,-16.296387,-218.994141
6077,1.041504,-0.034668,0.465332,-12.390137,-14.099121,-172.912598
6078,1.093262,-0.039062,0.391602,-33.569336,-6.347656,-119.995117
6079,1.199219,-0.188965,0.310547,-36.010742,15.380859,-22.644043
6080,1.228027,-0.228027,0.365234,-35.949707,19.348145,20.080566
6081,1.226074,-0.234375,0.380371,-35.949707,15.808105,58.959961
6082,1.108887,-0.243164,0.335449,-26.489258,2.197266,125.366211
6083,1.018555,-0.252441,0.315430,-15.075684,-3.723145,154.602051
6084,0.950684,-0.260742,0.311523,-0.427246,-7.934570,180.908203
6085,0.921387,-0.277344,0.317871,28.930664,-7.141113,231.140137
6086,0.847168,-0.288086,0.390625,37.963867,-2.746582,258.422852
6087,0.794434,-0.318359,0.426270,40.527344,2.746582,286.315918
6088,0.717773,-0.347168,0.454590,38.024902,9.460449,312.377930
6089,0.561523,-0.431641,0.518555,21.789551,18.676758,351.135254
6090,0.487793,-0.520996,0.531738,13.916016,17.150879,358.581543
6091,0.331055,-0.690918,0.508789,22.949219,14.648438,351.379395
6092,0.251953,-0.686035,0.490234,37.353516,18.371582,340.942383
6093,0.140625,-0.571289,0.423828,54.199219,25.756836,333.923340
6094,0.186035,-0.661133,0.616211,58.288574,29.724121,328.796387
6095,0.156738,-0.569336,0.634277,39.550781,29.541016,327.514648
6096,0.137695,-0.565918,0.691406,3.173828,32.409668,330.993652
6097,0.126953,-0.625000,0.728027,-35.583496,31.860352,334.167480
6098,0.014648,-0.652832,0.601562,-66.467285,22.583008,335.388184
6099,-0.047363,-0.650391,0.475098,-61.767578,20.385742,340.087891
6100,-0.132812,-0.792969,0.367188,3.112793,18.249512,346.435547
6101,-0.226562,-0.856445,0.424316,45.593262,15.869141,342.163086
6102,-0.331055,-0.918457,0.479492,73.913574,16.784668,329.040527
6103,-0.456055,-1.001465,0.591797,78.918457,21.484375,276.489258
6104,-0.472168,-0.976562,0.613770,67.687988,20.019531,244.201660
6105,-0.459961,-0.843262,0.585449,44.372559,10.559082,191.955566
6106,-0.450195,-0.769043,0.570801,35.278320,5.126953,174.987793
6107,-0.440430,-0.722168,0.545410,15.991211,-2.014160,155.395508
6108,-0.466797,-0.707520,0.513184,7.263184,-4.699707,146.728516
6109,-0.502930,-0.743652,0.499023,0.427246,-7.446289,135.498047
6110,-0.557617,-0.797363,0.470703,-5.859375,-6.530762,118.408203
6111,-0.619629,-0.828125,0.391602,-17.578125,10.375977,73.120117
6112,-0.654297,-0.808594,0.361816,-20.019531,19.836426,50.476074
6113,-0.677734,-0.793945,0.382812,-18.981934,24.536133,28.320312
6114,-0.675781,-0.796387,0.497559,-17.028809,14.953613,-13.366699
6115,-0.674316,-0.822266,0.534180,-17.517090,4.760742,-32.287598
6116,-0.758789,-0.945801,0.513672,-25.329590,-6.225586,-73.730469
6117,-0.774902,-0.972168,0.476074,-32.226562,-2.746582,-98.693848
6118,-0.744141,-0.954590,0.454102,-38.574219,3.784180,-123.901367
6119,-0.562500,-0.824219,0.433105,-33.996582,11.169434,-164.794922
6120,-0.485840,-0.761719,0.437988,-21.789551,10.131836,-177.795410
6121,-0.461914,-0.770020,0.461914,-8.850098,7.263184,-188.598633
6122,-0.484863,-0.832520,0.514160,-2.136230,4.150391,-201.354980
6123,-0.436035,-0.856934,0.562500,-7.751465,0.244141,-228.942871
6124,-0.360352,-0.804199,0.576172,-13.916016,-1.586914,-235.717773
6125,-0.160156,-0.732422,0.573242,-20.629883,-8.422852,-226.501465
6126,-0.092285,-0.779297,0.575684,-23.315430,-14.221191,-216.552734
6127,-0.067383,-0.874512,0.590820,-36.376953,-16.906738,-212.280273
6128,-0.091797,-0.936035,0.618164,-62.194824,-13.671875,-215.270996
6129,-0.106934,-0.885254,0.544922,-123.229980,11.901855,-231.994629
6130,-0.039551,-0.792480,0.482422,-131.103516,29.724121,-236.267090
6131,0.034180,-0.707520,0.422852,-119.384766,38.757324,-234.069824
6132,0.054199,-0.787109,0.378906,-60.241699,21.118164,-220.764160
6133,0.019531,-0.929688,0.388184,-37.170410,3.540039,-224.548340
6134,-0.003906,-1.031738,0.375977,-27.038574,-12.023926,-239.318848
6135,0.040527,-0.991211,0.338379,-30.090332,-26.977539,-284.851074
6136,0.140625,-0.848145,0.324707,-28.381348,-33.813477,-298.095703
6137,0.251465,-0.731445,0.304688,-17.211914,-44.799805,-297.363281
6138,0.493164,-0.611328,0.357910,3.601074,-60.424805,-272.216797
6139,0.583496,-0.572266,0.401367,-7.202148,-55.358887,-258.483887
6140,0.587891,-0.528320,0.414551,-33.508301,-39.855957,-245.239258
6141,0.563477,-0.516113,0.353516,-62.561035,-17.395020,-233.520508
6142,0.598633,-0.549805,0.143066,-73.364258,27.099609,-207.458496
6143,0.604492,-0.617188,0.112305,-43.090820,33.691406,-196.533203
6144,0.601074,-0.650391,0.150391,-0.305176,28.625488,-191.833496
6145,0.611816,-0.656250,0.339844,63.415527,2.746582,-191.162109
6146,0.667480,-0.586426,0.439941,60.913086,-6.347656,-193.237305
6147,0.782227,-0.431152,0.453125,27.770996,-24.414062,-175.292969
6148,0.808105,-0.409180,0.381348,13.427734,-27.709961,-162.414551
6149,0.821777,-0.406738,0.328613,-0.976562,-25.085449,-151.611328
6150,0.856934,-0.408691,0.281738,-12.573242,-19.592285,-141.601562
6151,0.971191,-0.401367,0.184570,-12.939453,-6.103516,-114.990234
6152,1.020996,-0.379883,0.186523,-6.103516,2.075195,-92.956543
6153,1.044922,-0.350586,0.213379,0.244141,6.958008,-65.673828
6154,1.001953,-0.331055,0.208984,4.760742,9.887695,-10.070801
6155,0.984375,-0.313477,0.192871,6.530762,11.352539,15.014648
6156,0.973145,-0.323242,0.196777,13.854980,10.375977,38.330078
6157,0.965820,-0.374023,0.224609,24.902344,6.164551,58.654785
6158,0.933594,-0.407227,0.370605,17.639160,0.305176,99.792480
6159,0.889160,-0.426270,0.403320,-0.183105,-6.713867,121.276855
6160,0.861816,-0.444824,0.375977,-12.573242,-18.066406,141.235352
6161,0.850098,-0.477539,0.306641,-13.916016,-27.648926,159.851074
6162,0.828125,-0.520996,0.293457,-2.685547,-31.127930,192.016602
6163,0.804199,-0.546875,0.286621,4.028320,-25.207520,204.101562
6164,0.759277,-0.559082,0.274414,8.850098,-14.526367,212.280273
6165,0.701172,-0.572754,0.325684,12.756348,7.263184,223.083496
6166,0.657227,-0.634766,0.368652,11.352539,13.427734,227.355957
6167,0.618164,-0.700195,0.378906,6.958008,18.249512,229.553223
6168,0.583496,-0.727051,0.371094,2.258301,22.338867,229.797363
6169,0.538086,-0.737305,0.345215,3.234863,22.460938,228.088379
6170,0.439941,-0.788574,0.249512,30.151367,15.258789,216.979980
6171,0.413574,-0.798340,0.240234,49.926758,14.099121,209.106445
6172,0.395996,-0.781250,0.238770,67.382812,19.409180,201.965332
6173,0.354004,-0.664551,0.376465,76.110840,45.349121,198.303223
6174,0.321777,-0.628906,0.490234,66.528320,52.978516,206.176758
6175,0.285645,-0.631348,0.570312,51.391602,50.842285,220.581055
6176,0.236328,-0.700684,0.600586,18.859863,14.465332,259.765625
6177,0.172363,-0.783203,0.528320,4.821777,-6.591797,274.108887
6178,0.031250,-0.925293,0.371582,-9.521484,-24.963379,269.287109
6179,-0.021484,-0.920898,0.359863,-8.728027,-24.414062,254.333496
6180,-0.044922,-0.826172,0.411133,3.906250,-28.442383,229.736328
6181,-0.031250,-0.800293,0.366211,12.451172,-32.958984,229.797363
6182,-0.046387,-0.807617,0.341309,20.751953,-33.569336,234.191895
6183,-0.148926,-0.856934,0.387207,34.240723,-29.907227,236.633301
6184,-0.230957,-0.942871,0.405762,32.592773,-24.719238,226.562500
6185,-0.316895,-1.029785,0.416504,22.033691,-15.380859,204.650879
6186,-0.376465,-1.085938,0.443848,-17.761230,1.342773,140.075684
6187,-0.454102,-1.094727,0.436035,-36.132812,2.380371,107.055664
6188,-0.453613,-1.054688,0.385742,-41.931152,-2.075195,78.613281
6189,-0.459961,-1.041992,0.340820,-35.156250,-9.887695,53.833008
6190,-0.541504,-1.136230,0.303711,-13.061523,-21.179199,-3.540039
6191,-0.552734,-1.145508,0.319824,-9.399414,-23.315430,-38.452148
6192,-0.528320,-1.125488,0.357422,-10.314941,-27.282715,-73.303223
6193,-0.410156,-1.007812,0.369141,-14.587402,-37.292480,-127.441406
6194,-0.363281,-0.968262,0.358887,-15.686035,-37.597656,-146.240234
6195,-0.294922,-0.976074,0.327637,-11.596680,-26.306152,-178.588867
6196,-0.269043,-0.968750,0.344238,-7.019043,-18.554688,-193.420410
6197,-0.249023,-0.976562,0.376953,-2.807617,-13.671875,-207.458496
6198,-0.211426,-0.955566,0.383301,1.525879,-12.329102,-220.947266
6199,-0.148438,-0.884766,0.394043,14.953613,-18.676758,-229.431152
6200,0.042969,-0.743652,0.362305,22.888184,-20.751953,-221.130371
6201,0.145508,-0.688965,0.389160,27.648926,-19.897461,-204.650879
6202,0.214844,-0.740234,0.514160,10.986328,-13.854980,-169.250488
6203,0.229492,-0.778809,0.552734,-11.718750,-8.850098,-158.630371
6204,0.248535,-0.802734,0.548340,-37.475586,-4.089355,-152.648926
6205,0.235840,-0.833984,0.445801,-67.138672,-2.807617,-147.888184
6206,0.208008,-0.875977,0.383789,-64.941406,-6.347656,-148.498535
6207,0.197754,-0.916504,0.312988,-56.884766,-7.446289,-153.259277
6208,0.261230,-0.912598,0.261230,-34.484863,2.502441,-174.255371
6209,0.289551,-0.849609,0.294922,-22.399902,4.943848,-187.011719
6210,0.310059,-0.727051,0.305664,4.089355,-3.784180,-208.251953
6211,0.330566,-0.697754,0.303711,14.404297,-7.141113,-215.087891
6212,0.380859,-0.702148,0.319336,19.653320,-8.178711,-222.229004
6213,0.430664,-0.711426,0.360840,15.686035,-7.507324,-231.933594
6214,0.519043,-0.670898,0.438965,-8.789062,-9.643555,-247.375488
6215,0.560059,-0.633301,0.428223,-16.906738,-14.221191,-247.497559
6216,0.589355,-0.601074,0.349609,-17.150879,-17.089844,-241.943359
6217,0.622070,-0.554199,0.238281,2.746582,-7.385254,-222.717285
6218,0.668457,-0.524414,0.237793,18.127441,0.732422,-211.425781
6219,0.731934,-0.514648,0.249023,32.104492,8.911133,-201.171875
6220,0.804688,-0.476074,0.267578,40.405273,19.470215,-191.223145
6221,0.838867,-0.487793,0.425781,39.123535,33.508301,-170.898438
6222,0.831543,-0.473633,0.479980,32.775879,28.503418,-160.339355
6223,0.808105,-0.441895,0.510742,23.498535,15.686035,-148.437500
6224,0.777344,-0.353516,0.496582,-3.234863,-14.160156,-125.244141
6225,0.769531,-0.326660,0.493164,-22.399902,-26.916504,-115.417480
6226,0.790527,-0.323730,0.366699,-53.710938,-42.053223,-106.872559
6227,0.822266,-0.323730,0.318359,-57.434082,-45.166016,-104.431152
6228,0.870605,-0.317383,0.272461,-52.124023,-46.569824,-100.708008
6229,0.950684,-0.315918,0.248047,-28.381348,-42.724609,-91.918945
6230,0.970703,-0.297363,0.280273,-18.981934,-38.452148,-83.984375
6231,0.994629,-0.279297,0.328613,-12.512207,-36.071777,-73.364258
6232,0.974121,-0.319336,0.243652,21.423340,-40.588379,-61.157227
6233,0.957031,-0.299805,0.203613,44.250488,-39.306641,-60.302734
6234,0.961426,-0.236328,0.210938,57.739258,-33.874512,-59.326172
6235,0.941406,-0.187500,0.240234,57.495117,-18.676758,-62.133789
6236,0.961426,-0.106934,0.290039,41.687012,-10.131836,-65.368652
6237,0.970703,-0.080078,0.353027,16.418457,-4.577637,-65.368652
6238,0.967285,-0.132812,0.390137,-10.070801,-5.432129,-67.749023
6239,0.944824,-0.193359,0.323242,-33.508301,-20.935059,-79.895020
6240,0.927734,-0.191895,0.250977,-28.503418,-25.817871,-85.327148
6241,0.937012,-0.145020,0.196777,-16.540527,-24.169922,-86.547852
6242,0.996094,-0.110840,0.189453,10.009766,-10.986328,-77.026367
6243,1.020020,-0.099121,0.229980,19.348145,-5.859375,-70.739746
6244,1.032227,-0.090332,0.252441,23.925781,-2.563477,-64.636230
6245,1.039062,0.030762,0.296875,13.305664,7.141113,-43.334961
6246,1.006836,-0.006348,0.329102,-3.479004,11.535645,-31.250000
6247,0.999512,-0.044922,0.324219,-17.944336,13.549805,-23.254395
6248,1.008789,-0.085938,0.196777,-11.779785,15.380859,-18.432617
6249,1.002930,-0.088379,0.207031,7.507324,24.658203,-24.108887
6250,1.014160,-0.059570,0.295898,12.451172,32.409668,-26.367188
6251,1.083984,-0.067383,0.340332,0.793457,34.790039,-7.141113
6252,1.104492,-0.082520,0.305664,4.821777,36.315918,8.605957
6253,1.101074,-0.080078,0.317383,12.451172,40.588379,26.245117
6254,1.070312,-0.076660,0.329590,18.859863,45.104980,46.081543
6255,0.893066,-0.004883,0.360352,31.677246,16.784668,78.918457
6256,0.907715,-0.009766,0.337402,9.948730,-5.065918,82.946777
6257,0.925293,-0.047852,0.265625,-0.915527,-20.874023,90.515137
6258,1.047363,-0.085938,0.217773,16.540527,-24.719238,130.187988
6259,1.056641,-0.110840,0.264648,25.024414,-20.874023,152.832031
6260,1.066406,-0.096191,0.308594,22.033691,-14.343262,172.912598
6261,1.051270,-0.218750,0.306641,6.225586,6.774902,201.904297
6262,1.039551,-0.299805,0.294434,6.835938,18.432617,205.444336
6263,1.034180,-0.341797,0.262207,14.709473,33.020020,205.810547
6264,0.962402,-0.329590,0.277344,48.889160,59.448242,215.026855
6265,0.891113,-0.357910,0.314941,63.903809,64.086914,221.679688
6266,0.819336,-0.375977,0.372070,73.974609,62.744141,224.975586
6267,0.698242,-0.436523,0.483398,71.838379,49.377441,217.468262
6268,0.667969,-0.485352,0.512695,67.260742,39.428711,207.885742
6269,0.672852,-0.470703,0.528809,63.110352,28.564453,200.622559
6270,0.693848,-0.436523,0.536621,55.786133,23.071289,200.195312
6271,0.634277,-0.490723,0.505859,31.127930,28.564453,209.777832
6272,0.600098,-0.513672,0.505371,21.057129,32.775879,215.270996
6273,0.584961,-0.541016,0.520508,13.427734,33.325195,219.909668
6274,0.574707,-0.621582,0.495117,-7.324219,27.648926,220.947266
6275,0.559082,-0.659668,0.467285,-21.789551,27.587891,217.529297
6276,0.538086,-0.673340,0.457031,-34.729004,28.076172,214.172363
6277,0.530273,-0.671387,0.451172,-41.625977,25.573730,214.172363
6278,0.444336,-0.704102,0.376465,-26.733398,17.944336,219.482422
6279,0.396484,-0.700684,0.349121,-8.544922,20.568848,224.853516
6280,0.279297,-0.678223,0.385742,32.958984,43.395996,236.572266
6281,0.221680,-0.699219,0.438965,46.875000,57.006836,239.746094
6282,0.186035,-0.710938,0.493652,55.114746,65.551758,241.394043
6283,0.136719,-0.676758,0.590332,49.133301,67.993164,254.089355
6284,0.114746,-0.667969,0.631348,37.841797,63.781738,267.639160
6285,0.064453,-0.709473,0.666992,21.850586,57.983398,281.860352
6286,-0.024902,-0.776367,0.681152,1.342773,51.879883,289.245605
6287,-0.176758,-0.885254,0.623047,-47.119141,41.015625,273.925781
6288,-0.191406,-0.854492,0.572754,-67.016602,34.912109,257.019043
6289,-0.191895,-0.756348,0.483887,-86.853027,22.277832,237.243652
6290,-0.215332,-0.766113,0.444336,-82.031250,15.441895,236.206055
6291,-0.267578,-0.801758,0.385742,-67.199707,9.826660,237.243652
6292,-0.409668,-0.875488,0.338867,-19.958496,3.540039,234.619141
6293,-0.444824,-0.883301,0.337402,1.586914,3.845215,225.158691
6294,-0.468262,-0.857422,0.329102,17.028809,8.666992,213.867188
6295,-0.533203,-0.776367,0.403320,24.658203,25.695801,192.565918
6296,-0.547363,-0.745117,0.452637,16.113281,32.226562,181.884766
6297,-0.556641,-0.719727,0.476562,7.141113,34.240723,172.851562
6298,-0.631348,-0.718262,0.487793,-5.920410,23.925781,161.132812
6299,-0.693848,-0.768066,0.492188,-13.305664,14.831543,150.512695
6300,-0.718750,-0.784180,0.472168,-20.263672,4.760742,135.864258
6301,-0.738281,-0.728516,0.405273,-24.353027,-10.864258,104.003906
6302,-0.730957,-0.679199,0.361816,-20.812988,-13.671875,86.853027
6303,-0.707520,-0.652344,0.318359,-14.343262,-11.962891,71.166992
6304,-0.706055,-0.686035,0.220215,4.699707,5.920410,43.640137
6305,-0.704102,-0.703613,0.246582,13.366699,14.892578,29.357910
6306,-0.765137,-0.749023,0.374512,16.052246,13.793945,-1.892090
6307,-0.812988,-0.787598,0.420898,11.474609,4.333496,-23.437500
6308,-0.854980,-0.813965,0.414062,5.249023,-5.126953,-49.316406
6309,-0.873535,-0.824219,0.399902,-3.601074,-13.793945,-104.553223
6310,-0.820312,-0.773926,0.411133,-6.286621,-15.136719,-128.051758
6311,-0.791992,-0.752441,0.409180,-7.568359,-15.441895,-146.301270
6312,-0.717773,-0.792480,0.390625,-7.141113,-15.136719,-173.950195
6313,-0.679199,-0.850586,0.352051,-3.784180,-14.648438,-189.880371
6314,-0.643066,-0.879395,0.321289,0.610352,-11.779785,-209.960938
6315,-0.555664,-0.789062,0.362793,11.840820,-7.019043,-247.131348
6316,-0.504883,-0.741211,0.407715,15.686035,-4.211426,-260.375977
6317,-0.450195,-0.713867,0.428711,17.028809,-0.244141,-268.127441
6318,-0.404297,-0.737793,0.457520,14.526367,4.516602,-271.301270
6319,-0.297852,-0.793945,0.501953,-4.150391,10.375977,-274.597168
6320,-0.274414,-0.815430,0.506348,-12.207031,10.009766,-276.794434
6321,-0.245605,-0.810059,0.480957,-15.380859,7.995605,-280.517578
6322,-0.122070,-0.761230,0.400391,-2.075195,3.967285,-280.761719
6323,-0.063965,-0.754395,0.385254,9.948730,3.173828,-276.672363
6324,-0.035156,-0.771484,0.425293,18.737793,1.708984,-274.902344
6325,-0.036133,-0.811523,0.482910,23.010254,-2.807617,-277.099609
6326,-0.002930,-0.843262,0.511719,36.193848,-23.986816,-291.992188
6327,0.034180,-0.805664,0.458984,49.987793,-37.475586,-302.246094
6328,0.092773,-0.672852,0.430664,72.937012,-54.626465,-323.547363
6329,0.096680,-0.659180,0.496094,75.317383,-57.861328,-340.209961
6330,0.151367,-0.644043,0.542969,67.260742,-57.434082,-365.478516
6331,0.322754,-0.475098,0.568359,18.371582,-37.231445,-416.625977
6332,0.390137,-0.395020,0.568359,-11.596680,-19.470215,-429.931641
6333,0.461426,-0.346191,0.549316,-34.606934,-2.624512,-433.715820
6334,0.586426,-0.312500,0.502930,-39.123535,10.375977,-424.133301
6335,0.625488,-0.303711,0.500000,-27.465820,7.202148,-417.602539
6336,0.722656,-0.250488,0.465820,11.047363,-6.469727,-391.662598
6337,0.794434,-0.220215,0.442383,30.517578,-6.591797,-367.736816
6338,0.870605,-0.161621,0.406738,43.518066,-0.244141,-341.918945
6339,0.929688,-0.098633,0.400391,48.767090,8.117676,-316.162109
6340,0.969238,0.007324,0.411133,45.776367,19.470215,-266.601562
6341,0.952148,0.006348,0.454102,41.381836,22.094727,-245.361328
6342,0.937500,0.009277,0.508301,36.560059,20.385742,-227.478027
6343,0.950195,0.136719,0.573242,17.822266,7.751465,-191.711426
6344,0.965820,0.169434,0.560547,0.854492,-0.610352,-170.227051
6345,0.972168,0.175293,0.529785,-13.916016,-8.728027,-147.827148
6346,0.979004,0.164062,0.489258,-22.277832,-15.197754,-125.732422
6347,1.017090,0.150391,0.416504,-16.723633,-19.714355,-81.909180
6348,1.067383,0.172363,0.420410,-9.704590,-19.592285,-55.725098
6349,1.128418,0.190918,0.430176,-3.723145,-18.676758,-24.963379
6350,1.170898,0.204590,0.458984,-0.610352,-19.226074,9.155273
6351,1.178223,0.194824,0.462891,2.075195,-28.747559,77.392578
6352,1.138184,0.192871,0.456543,1.647949,-31.677246,109.375000
6353,1.037109,0.149902,0.419922,-2.197266,-31.188965,167.541504
6354,1.006836,0.105957,0.400391,-0.122070,-29.602051,191.711426
6355,0.991211,0.063477,0.372559,6.408691,-26.977539,210.876465
6356,0.979004,0.004883,0.353516,16.723633,-22.705078,225.341797
6357,0.956055,-0.029297,0.370117,41.564941,-9.643555,251.342773
6358,0.954102,0.001465,0.414062,47.119141,0.000000,269.042969
6359,0.888184,-0.111816,0.490234,38.024902,16.601562,296.936035
6360,0.839355,-0.211426,0.521484,30.273438,22.216797,297.424316
6361,0.825684,-0.224609,0.573730,22.521973,27.282715,293.701172
6362,0.777832,-0.304199,0.652344,1.159668,30.883789,291.076660
6363,0.733398,-0.391602,0.636230,-8.361816,30.334473,286.254883
6364,0.702637,-0.480957,0.586426,-13.488770,29.663086,276.733398
6365,0.664551,-0.547852,0.501953,-8.117676,27.954102,250.000000
6366,0.652344,-0.544434,0.500000,-1.281738,25.085449,237.426758
6367,0.627930,-0.557129,0.514160,2.380371,21.423340,225.646973
6368,0.584961,-0.583496,0.550293,-5.249023,18.188477,208.374023
6369,0.582031,-0.596191,0.531738,-12.695312,19.042969,206.115723
6370,0.589844,-0.612305,0.476562,-18.249512,22.583008,209.167480
6371,0.549805,-0.586426,0.403320,-14.282227,32.470703,231.323242
6372,0.495605,-0.597656,0.414062,-5.615234,35.888672,245.666504
6373,0.443359,-0.642578,0.448242,2.624512,39.062500,255.493164
6374,0.327148,-0.740234,0.529785,5.737305,45.532227,254.028320
6375,0.274902,-0.739746,0.559082,-0.122070,46.264648,248.107910
6376,0.226562,-0.726562,0.569824,-9.826660,45.104980,243.713379
6377,0.159668,-0.707520,0.570312,-29.785156,33.630371,243.530273
6378,0.108398,-0.734375,0.548828,-33.752441,23.132324,245.666504
6379,0.064453,-0.772461,0.517090,-31.738281,13.122559,246.276855
6380,-0.057129,-0.925781,0.398926,-10.437012,11.291504,228.942871
6381,-0.101074,-0.997070,0.366699,8.911133,18.615723,208.007812
6382,-0.126465,-1.022461,0.366211,32.287598,24.536133,181.518555
6383,-0.112305,-0.863770,0.462402,62.438965,27.893066,137.695312
6384,-0.102539,-0.767090,0.491699,58.593750,29.479980,131.408691
6385,-0.087891,-0.702637,0.515137,49.133301,30.517578,135.986328
6386,-0.074707,-0.685059,0.544434,37.292480,25.451660,158.325195
6387,-0.089355,-0.680176,0.597168,36.743164,18.310547,167.846680
6388,-0.109375,-0.663574,0.640625,36.071777,7.202148,175.415039
6389,-0.144043,-0.663086,0.648926,34.667969,-4.272461,182.373047
6390,-0.196289,-0.702637,0.643066,30.578613,-12.207031,188.781738
6391,-0.297363,-0.760254,0.649902,9.460449,-15.502930,198.425293
6392,-0.329590,-0.751953,0.623047,-4.699707,-12.817383,202.270508
6393,-0.364258,-0.751953,0.542480,-18.188477,-2.929688,207.336426
6394,-0.398926,-0.754395,0.530273,-16.418457,1.953125,206.481934
6395,-0.446777,-0.770020,0.520996,-10.498047,7.690430,202.209473
6396,-0.526367,-0.790527,0.491699,8.789062,24.963379,182.006836
6397,-0.556641,-0.778320,0.512207,18.005371,31.677246,169.860840
6398,-0.575684,-0.757324,0.534180,19.958496,36.926270,156.982422
6399,-0.693848,-0.745605,0.600586,4.089355,41.625977,132.141113
6400,-0.793945,-0.770508,0.588867,-8.056641,43.579102,116.394043
6401,-0.874023,-0.794922,0.558594,-19.897461,46.081543,94.665527
6402,-0.903809,-0.798340,0.531738,-28.686523,47.485352,66.223145
6403,-0.860840,-0.766113,0.440430,-33.874512,42.785645,-1.342773
6404,-0.836426,-0.750977,0.409668,-30.822754,37.414551,-34.057617
6405,-0.834473,-0.795898,0.407715,-23.498535,28.503418,-98.022461
6406,-0.849121,-0.801270,0.418945,-21.789551,27.893066,-129.882812
6407,-0.851562,-0.792480,0.429199,-21.423340,28.991699,-160.400391
6408,-0.810059,-0.799805,0.476074,-19.104004,23.864746,-216.064453
6409,-0.771973,-0.799805,0.485352,-17.333984,15.747070,-242.248535
6410,-0.711914,-0.793457,0.485352,-16.601562,7.507324,-267.761230
6411,-0.545898,-0.794434,0.464355,-8.666992,-8.239746,-314.819336
6412,-0.500977,-0.797852,0.460449,-2.258301,-13.610840,-335.693359
6413,-0.463379,-0.775391,0.465820,3.662109,-17.761230,-354.187012
6414,-0.358398,-0.691895,0.535645,8.300781,-28.564453,-382.568359
6415,-0.289062,-0.631348,0.539062,7.629395,-35.217285,-393.005371
6416,-0.210449,-0.602539,0.500977,4.028320,-39.733887,-401.550293
6417,-0.056641,-0.612305,0.440918,-6.530762,-40.344238,-414.123535
6418,0.020020,-0.598145,0.417480,-9.094238,-37.231445,-417.663574
6419,0.101074,-0.515137,0.428223,-11.108398,-33.630371,-414.855957
6420,0.166504,-0.410645,0.459961,-16.540527,-30.761719,-402.770996
6421,0.237305,-0.439453,0.505371,-41.137695,-23.742676,-364.257812
6422,0.277832,-0.515625,0.481934,-55.053711,-16.296387,-352.050781
6423,0.318848,-0.581543,0.418945,-62.011719,-7.019043,-348.449707
6424,0.327148,-0.652832,0.241211,-36.315918,13.916016,-365.783691
6425,0.306152,-0.642578,0.238281,-7.995605,23.498535,-382.324219
6426,0.306641,-0.592285,0.288086,21.118164,29.052734,-398.315430
6427,0.465332,-0.377441,0.403809,55.053711,28.381348,-406.555176
6428,0.570312,-0.319336,0.448242,55.236816,24.780273,-392.272949
6429,0.627441,-0.335449,0.489746,45.898438,18.798828,-371.887207
6430,0.660645,-0.299805,0.547363,15.258789,6.408691,-340.759277
6431,0.688965,-0.237793,0.583496,2.380371,-0.488281,-330.078125
6432,0.743652,-0.192383,0.587891,-3.662109,-9.948730,-321.044922
6433,0.920898,-0.137695,0.553711,-3.051758,-30.517578,-303.710938
6434,1.035645,-0.066406,0.506836,-2.929688,-33.203125,-287.780762
6435,1.153809,0.014648,0.493164,-4.760742,-30.639648,-261.230469
6436,1.269043,0.076172,0.492188,-7.446289,-26.245117,-223.815918
6437,1.404297,0.187988,0.417969,-17.028809,-18.737793,-128.540039
6438,1.424805,0.299805,0.390625,-20.202637,-15.441895,-73.913574
6439,1.318848,0.187500,0.345703,-26.123047,-10.986328,34.912109
6440,1.266113,0.116699,0.301758,-23.071289,-9.460449,75.134277
6441,1.208496,0.078613,0.286133,-13.305664,-8.239746,107.971191
6442,1.116699,0.013672,0.312988,4.394531,-3.723145,161.621094
6443,1.079102,-0.016602,0.330078,9.887695,-0.061035,185.668945
6444,1.032715,-0.065430,0.345703,16.540527,2.929688,206.481934
6445,0.918457,-0.209961,0.406250,36.926270,4.516602,229.858398
6446,0.858398,-0.282715,0.452637,44.860840,4.699707,230.102539
6447,0.785645,-0.328125,0.503906,46.569824,4.333496,225.524902
6448,0.742676,-0.394531,0.534180,42.602539,1.586914,210.144043
6449,0.753906,-0.342773,0.518555,36.865234,2.136230,205.261230
6450,0.770020,-0.196777,0.532227,22.277832,6.225586,211.425781
6451,0.752441,-0.089844,0.550293,-1.770020,11.596680,229.675293
6452,0.610352,-0.240723,0.527344,-51.635742,18.493652,265.747070
6453,0.564941,-0.386719,0.511719,-62.072754,13.610840,267.517090
6454,0.561523,-0.605469,0.426758,-54.687500,-5.187988,242.675781
6455,0.561523,-0.646484,0.386230,-42.480469,-11.169434,226.318359
6456,0.557617,-0.636230,0.364258,-29.235840,-13.610840,214.965820
6457,0.559570,-0.617188,0.363281,-17.883301,-14.282227,210.021973
6458,0.539062,-0.628418,0.389160,-9.521484,-14.709473,212.402344
6459,0.504883,-0.651367,0.406250,-10.559082,-14.770508,216.125488
6460,0.480957,-0.659668,0.416504,-11.230469,-14.526367,220.336914
6461,0.454590,-0.752441,0.372559,-3.601074,-5.798340,223.632812
6462,0.469727,-0.815918,0.354980,4.211426,4.638672,218.322754
6463,0.401367,-0.880371,0.447266,14.831543,27.770996,199.951172
6464,0.336914,-0.875000,0.508789,7.934570,36.437988,191.162109
6465,0.284180,-0.873047,0.537109,-2.441406,39.367676,184.753418
6466,0.246094,-0.858398,0.526367,-8.239746,35.461426,180.541992
6467,0.199219,-0.761719,0.455566,-8.728027,21.545410,184.265137
6468,0.177246,-0.729004,0.412598,-6.530762,17.944336,189.331055
6469,0.129395,-0.728516,0.400391,-6.408691,19.958496,201.416016
6470,0.093750,-0.773926,0.413086,-12.939453,21.423340,206.542969
6471,0.049316,-0.806641,0.432129,-23.559570,20.812988,211.975098
6472,-0.030273,-0.805176,0.387207,-38.452148,10.864258,227.783203
6473,-0.059570,-0.732422,0.358887,-39.367676,5.859375,241.088867
6474,-0.080566,-0.670898,0.338379,-36.743164,2.014160,257.385254
6475,-0.151367,-0.656738,0.335938,-18.371582,-5.126953,288.574219
6476,-0.246094,-0.751953,0.354492,-4.516602,-9.765625,295.837402
6477,-0.422363,-0.877930,0.418457,9.948730,-17.211914,281.311035
6478,-0.468750,-0.892578,0.425781,8.422852,-20.507812,266.418457
6479,-0.522461,-0.872070,0.375000,21.057129,-29.663086,237.243652
6480,-0.526367,-0.847656,0.393066,30.151367,-32.592773,225.769043
6481,-0.520996,-0.840332,0.429688,34.484863,-33.813477,214.721680
6482,-0.530762,-0.829590,0.420410,29.663086,-26.977539,189.208984
6483,-0.541504,-0.792480,0.412598,22.705078,-18.920898,178.161621
6484,-0.569336,-0.763672,0.428711,13.000488,-10.070801,169.128418
6485,-0.654297,-0.737305,0.449219,-11.962891,6.896973,148.681641
6486,-0.691406,-0.744141,0.414062,-21.606445,12.939453,136.108398
6487,-0.725098,-0.744629,0.384766,-25.878906,17.700195,121.765137
6488,-0.761230,-0.736816,0.354004,-25.329590,20.446777,107.177734
6489,-0.820312,-0.722168,0.342285,-20.996094,23.864746,76.965332
6490,-0.826172,-0.719238,0.341309,-24.414062,24.963379,59.204102
6491,-0.829590,-0.708008,0.343262,-32.653809,26.611328,39.916992
6492,-0.850098,-0.747559,0.330566,-41.564941,20.141602,-4.516602
6493,-0.860840,-0.746094,0.298340,-39.306641,14.953613,-29.296875
6494,-0.893555,-0.720215,0.244629,-11.718750,8.178711,-64.453125
6495,-0.883301,-0.753906,0.273926,4.089355,7.995605,-78.430176
6496,-0.849609,-0.772949,0.343262,15.014648,5.920410,-94.421387
6497,-0.805664,-0.758789,0.390137,21.423340,-0.122070,-111.022949
6498,-0.778320,-0.765625,0.398438,24.597168,-7.385254,-127.319336
6499,-0.714844,-0.789062,0.356445,26.245117,-16.784668,-158.386230
6500,-0.679688,-0.797363,0.340820,28.320312,-16.601562,-171.875000
6501,-0.659180,-0.819824,0.344238,31.066895,-15.014648,-183.288574
6502,-0.597168,-0.858887,0.404785,29.602051,-14.038086,-205.444336
6503,-0.548828,-0.848145,0.414551,23.193359,-14.831543,-216.308594
6504,-0.493652,-0.825195,0.408691,17.150879,-16.113281,-226.440430
6505,-0.431152,-0.821289,0.377930,14.465332,-15.991211,-245.483398
6506,-0.442383,-0.861816,0.396484,13.427734,-13.061523,-256.408691
6507,-0.422852,-0.892090,0.420410,11.474609,-10.437012,-269.104004
6508,-0.296387,-0.872559,0.457520,5.981445,-8.422852,-291.503906
6509,-0.231934,-0.866699,0.432617,5.859375,-10.253906,-300.476074
6510,-0.177246,-0.844727,0.386230,10.803223,-12.512207,-307.983398
6511,-0.097656,-0.831055,0.365234,27.587891,-16.784668,-322.265625
6512,-0.061035,-0.811035,0.416016,32.409668,-19.592285,-332.641602
6513,-0.024414,-0.773438,0.489746,34.362793,-25.512695,-343.444824
6514,0.037598,-0.710938,0.555176,33.081055,-35.278320,-351.989746
6515,0.274902,-0.524414,0.518066,23.925781,-48.278809,-343.322754
6516,0.356445,-0.524414,0.468750,14.892578,-43.334961,-323.730469
6517,0.449707,-0.640137,0.407715,-9.460449,-18.920898,-284.240723
6518,0.465332,-0.667480,0.369141,-15.625000,-6.347656,-272.216797
6519,0.457031,-0.650391,0.333496,-12.878418,3.540039,-266.540527
6520,0.434570,-0.613281,0.326660,-2.563477,10.925293,-266.052246
6521,0.410645,-0.577148,0.425781,20.080566,24.353027,-278.808594
6522,0.453125,-0.565430,0.505859,25.268555,30.883789,-287.048340
6523,0.543457,-0.500977,0.586914,26.977539,33.142090,-287.719727
6524,0.741699,-0.366211,0.645020,22.949219,23.498535,-249.938965
6525,0.783691,-0.387207,0.625977,11.047363,18.737793,-221.984863
6526,0.796387,-0.393555,0.565430,-2.746582,16.845703,-196.350098
6527,0.791992,-0.392578,0.441406,-13.549805,18.737793,-156.616211
6528,0.815430,-0.392578,0.405762,-8.850098,20.324707,-137.573242
6529,0.861328,-0.360840,0.387695,-1.708984,22.216797,-113.952637
6530,0.933105,-0.307129,0.421387,6.896973,21.667480,-50.720215
6531,0.944336,-0.321289,0.474609,6.286621,16.601562,-17.578125
6532,0.930664,-0.364258,0.518555,-1.342773,-2.319336,37.048340
6533,0.874512,-0.380371,0.515625,-2.685547,-11.413574,57.922363
6534,0.824707,-0.383301,0.518066,1.586914,-19.836426,76.049805
6535,0.809082,-0.408691,0.522461,7.385254,-26.184082,91.674805
6536,0.849609,-0.446777,0.539551,4.821777,-28.076172,115.234375
6537,0.869141,-0.462402,0.519531,-3.356934,-25.451660,127.075195
6538,0.844238,-0.476562,0.491211,-9.643555,-21.545410,138.977051
6539,0.737305,-0.503906,0.499512,-11.840820,-13.732910,155.456543
6540,0.733887,-0.500000,0.520508,-10.864258,-12.634277,160.644531
6541,0.705566,-0.558594,0.512695,-12.512207,-10.437012,167.053223
6542,0.671875,-0.590332,0.490723,-12.756348,-6.469727,166.625977
6543,0.634277,-0.603027,0.463867,-10.742188,-0.549316,164.184570
6544,0.585449,-0.611328,0.436523,-5.859375,5.615234,160.461426
6545,0.539062,-0.645996,0.426270,1.953125,14.160156,151.184082
6546,0.562988,-0.640625,0.441895,0.793457,16.235352,149.902344
6547,0.593750,-0.597168,0.471191,-2.136230,14.892578,154.785156
6548,0.551270,-0.593750,0.482910,-7.812500,6.774902,176.269531
6549,0.492676,-0.632812,0.458496,-6.103516,5.432129,183.654785
6550,0.437012,-0.690918,0.445801,-0.183105,6.469727,185.791016
6551,0.361328,-0.825684,0.479004,12.756348,10.864258,169.860840
6552,0.330078,-0.849609,0.494141,14.709473,14.282227,141.174316
6553,0.320801,-0.806641,0.487793,15.197754,13.061523,131.713867
6554,0.302246,-0.752930,0.479980,14.648438,10.253906,128.723145
6555,0.277832,-0.675781,0.493164,2.502441,5.126953,137.023926
6556,0.257324,-0.687500,0.513184,-8.666992,2.441406,143.615723
6557,0.206543,-0.803711,0.505859,-28.930664,-4.882812,148.620605
6558,0.170898,-0.867676,0.497070,-32.531738,-9.155273,147.216797
6559,0.126953,-0.958496,0.477539,-31.921387,-12.023926,142.150879
6560,0.063965,-0.995117,0.437012,-18.981934,-10.925293,121.520996
6561,0.058594,-0.948730,0.431152,-7.934570,-7.263184,110.229492
6562,0.062012,-0.941895,0.422363,4.577637,-3.234863,98.693848
6563,0.060059,-0.954590,0.429199,17.700195,0.061035,84.899902
6564,0.028320,-0.940430,0.458496,35.644531,4.638672,54.199219
6565,0.030762,-0.887695,0.481934,33.508301,9.094238,45.288086
6566,0.034668,-0.858398,0.520020,21.606445,12.939453,43.640137
6567,0.036133,-0.884277,0.531250,-7.629395,9.521484,47.790527
6568,0.033203,-0.877441,0.519043,-16.784668,3.662109,47.424316
6569,0.020996,-0.856445,0.476562,-21.667480,-0.244141,45.471191
6570,0.010254,-0.856934,0.432617,-19.042969,2.136230,39.855957
6571,0.011719,-0.856445,0.441406,-17.089844,5.249023,37.414551
6572,0.014160,-0.853516,0.462402,-17.822266,8.789062,37.414551
6573,-0.010742,-0.865723,0.463379,-23.071289,14.587402,48.034668
6574,-0.013672,-0.854004,0.442383,-19.653320,16.174316,59.143066
6575,0.009277,-0.814453,0.443848,-10.742188,16.479492,74.218750
6576,0.042969,-0.707031,0.436035,5.798340,15.136719,114.196777
6577,0.022461,-0.663574,0.407227,7.812500,19.470215,138.183594
6578,-0.018555,-0.682129,0.402344,4.150391,27.770996,162.170410
6579,-0.105957,-0.783203,0.399902,-6.286621,38.085938,179.748535
6580,-0.331055,-0.961426,0.424805,-31.005859,54.138184,183.349609
6581,-0.415527,-1.022461,0.442383,-41.015625,52.917480,170.593262
6582,-0.502930,-1.070801,0.441406,-35.461426,27.282715,126.220703
6583,-0.502441,-1.064941,0.431641,-20.568848,7.690430,100.708008
6584,-0.486328,-1.033203,0.413574,-3.051758,-10.559082,76.965332
6585,-0.482910,-1.007324,0.427246,12.023926,-24.475098,55.847168
6586,-0.523438,-1.022461,0.546387,22.338867,-46.813965,13.244629
6587,-0.567383,-1.019531,0.585938,22.460938,-64.208984,-10.192871
6588,-0.490723,-0.877930,0.467773,17.578125,-76.904297,-31.005859
6589,-0.404785,-0.833496,0.369141,21.057129,-85.021973,-43.640137
6590,-0.379883,-0.869629,0.422363,25.512695,-88.195801,-46.630859
6591,-0.385254,-0.904785,0.493652,15.869141,-88.867188,-52.612305
6592,-0.391113,-0.953613,0.556152,-0.793457,-92.346191,-63.598633
6593,-0.416016,-1.043945,0.661621,-9.399414,-133.178711,-105.163574
6594,-0.451660,-1.090820,0.647461,21.911621,-186.767578,-136.352539
6595,-0.459961,-1.069336,0.445801,121.887207,-290.161133,-197.326660
6596,-0.405762,-1.004883,0.306152,175.415039,-319.824219,-219.482422
6597,-0.294434,-0.876953,0.159668,226.013184,-325.195312,-231.628418
6598,-0.104492,-0.711914,0.097656,267.089844,-305.480957,-230.041504
6599,0.306641,-0.439453,0.337402,277.038574,-230.224609,-193.420410
6600,0.432617,-0.363281,0.430664,240.844727,-191.894531,-167.968750
6601,0.545410,-0.348633,0.485352,184.082031,-149.536133,-141.113281
6602,0.565918,-0.343750,0.465332,110.778809,-93.322754,-115.539551
6603,0.536621,-0.344727,0.501953,-33.264160,28.015137,-74.340820
6604,0.563965,-0.347168,0.524902,-79.528809,73.791504,-53.771973
6605,0.561523,-0.367188,0.542969,-102.600098,111.694336,-32.775879
6606,0.545410,-0.426758,0.693848,-113.281250,160.827637,8.544922
6607,0.514648,-0.469238,0.712891,-110.595703,167.236328,28.991699
6608,0.442383,-0.544434,0.776855,-108.581543,165.771484,45.104980
6609,0.371582,-0.672363,0.839844,-108.032227,156.066895,53.161621
6610,0.254883,-0.830078,0.891602,-97.656250,114.013672,43.212891
6611,0.252441,-0.820801,0.865723,-78.002930,85.693359,30.456543
6612,0.321777,-0.710938,0.822754,-17.395020,27.465820,15.441895
6613,0.348145,-0.646484,0.789062,7.995605,3.967285,20.507812
6614,0.350586,-0.637207,0.713867,24.536133,-9.948730,30.639648
6615,0.354492,-0.664551,0.629395,33.447266,-12.023926,39.550781
6616,0.332520,-0.635742,0.627441,27.404785,4.943848,45.288086
6617,0.333008,-0.578613,0.630859,13.366699,16.296387,48.034668
6618,0.338379,-0.525879,0.613281,-0.793457,27.832031,54.687500
6619,0.333984,-0.472168,0.618164,-33.325195,56.274414,83.190918
6620,0.291992,-0.492188,0.616211,-57.983398,74.157715,102.905273
6621,0.229492,-0.541016,0.579590,-83.190918,92.346191,119.689941
6622,0.083496,-0.386230,0.755371,-86.059570,98.876953,149.841309
6623,0.034668,-0.602051,0.680664,-36.132812,75.439453,180.114746
6624,-0.034668,-0.723633,0.730957,-47.912598,70.617676,185.913086
6625,-0.302734,-0.913086,0.671387,-54.809570,60.974121,181.884766
6626,-0.434082,-0.969238,0.440918,-48.583984,61.340332,168.090820
6627,-0.809570,-0.882812,0.222656,-153.869629,207.336426,157.470703
6628,-0.761230,-0.872070,0.363770,-170.593262,221.496582,151.184082
6629,-0.656738,-0.959961,0.444336,-165.283203,209.167480,140.197754
6630,-0.615723,-1.109863,0.465820,-118.469238,149.597168,88.195801
6631,-0.715820,-1.210938,0.469727,-90.820312,113.037109,44.067383
6632,-0.784180,-1.222656,0.452148,-64.025879,73.181152,-10.253906
6633,-0.781738,-1.179199,0.445801,-39.184570,32.958984,-63.232422
6634,-0.569336,-0.951660,0.355957,12.939453,-35.400391,-136.108398
6635,-0.450195,-0.863770,0.346191,37.170410,-58.593750,-149.597168
6636,-0.337402,-0.781738,0.354980,50.231934,-71.533203,-152.832031
6637,-0.114258,-0.610840,0.379395,38.757324,-67.382812,-129.699707
6638,-0.027344,-0.547363,0.395020,20.324707,-52.673340,-100.280762
6639,0.049316,-0.530273,0.402344,0.671387,-35.522461,-61.523438
6640,0.074219,-0.564453,0.390625,-14.099121,-16.784668,-15.686035
6641,-0.106445,-0.705566,0.479004,-28.869629,17.150879,69.458008
6642,-0.198730,-0.763672,0.519531,-34.484863,25.573730,98.937988
6643,-0.271484,-0.763184,0.467773,-25.146484,26.000977,141.662598
6644,-0.276367,-0.728027,0.436523,-15.930176,23.559570,163.024902
6645,-0.301758,-0.689453,0.433594,-7.385254,20.141602,185.485840
6646,-0.372559,-0.739258,0.437988,-2.441406,16.235352,203.979492
6647,-0.575195,-0.979492,0.392578,-3.112793,17.456055,195.068359
6648,-0.643066,-1.012695,0.385254,-6.713867,20.874023,169.494629
6649,-0.668457,-0.977539,0.340332,-6.958008,22.583008,139.587402
6650,-0.652344,-0.937012,0.374512,7.202148,12.329102,82.519531
6651,-0.632324,-0.883301,0.384277,16.052246,0.671387,60.180664
6652,-0.613281,-0.817871,0.392090,24.719238,-11.169434,43.457031
6653,-0.596191,-0.776855,0.394043,36.560059,-26.062012,24.108887
6654,-0.589355,-0.789551,0.369141,37.536621,-25.756836,15.747070
6655,-0.583008,-0.808594,0.353516,36.071777,-21.240234,4.882812
6656,-0.584961,-0.828613,0.361816,31.433105,-12.634277,-26.123047
6657,-0.557129,-0.807617,0.360840,27.160645,-8.666992,-42.358398
6658,-0.520996,-0.771484,0.377930,22.094727,-4.394531,-54.382324
6659,-0.485840,-0.730957,0.447266,6.591797,2.075195,-64.270020
6660,-0.474121,-0.728516,0.461914,-1.831055,4.943848,-63.293457
6661,-0.495605,-0.798828,0.473633,-11.596680,7.934570,-59.326172
6662,-0.530273,-0.828125,0.468750,-12.451172,6.103516,-61.950684
6663,-0.570801,-0.843262,0.441406,-12.573242,4.272461,-66.589355
6664,-0.582520,-0.839844,0.404297,-7.934570,3.112793,-71.228027
6665,-0.488281,-0.822754,0.387207,16.601562,0.305176,-76.843262
6666,-0.444824,-0.815430,0.432617,27.160645,-4.028320,-77.209473
6667,-0.437988,-0.850586,0.479492,30.029297,-10.986328,-78.918457
6668,-0.410156,-0.880371,0.453125,11.596680,-17.333984,-91.064453
6669,-0.384277,-0.822754,0.432129,-2.441406,-17.028809,-96.923828
6670,-0.364258,-0.784180,0.412598,-13.366699,-13.427734,-98.693848
6671,-0.314453,-0.806152,0.420898,-19.470215,-5.187988,-96.374512
6672,-0.304199,-0.845215,0.435059,-17.211914,-3.601074,-96.740723
6673,-0.315918,-0.906250,0.459473,-14.648438,-4.699707,-100.097656
6674,-0.332031,-0.926758,0.465820,-13.244629,-14.648438,-115.295410
6675,-0.305176,-0.863770,0.402344,-6.164551,-19.531250,-120.178223
6676,-0.255371,-0.818848,0.371094,4.394531,-20.812988,-121.887207
6677,-0.183105,-0.824219,0.413086,16.662598,-17.456055,-127.014160
6678,-0.171387,-0.861328,0.446777,15.258789,-15.686035,-133.239746
6679,-0.175293,-0.905762,0.474121,11.840820,-16.113281,-142.578125
6680,-0.162109,-0.937500,0.491699,4.577637,-23.010254,-165.954590
6681,-0.141602,-0.922363,0.457031,4.760742,-25.939941,-175.781250
6682,-0.057129,-0.898438,0.376465,17.456055,-23.742676,-188.598633
6683,-0.010254,-0.893555,0.386719,23.132324,-19.470215,-195.434570
6684,0.020996,-0.879883,0.439453,22.216797,-15.014648,-205.261230
6685,0.070312,-0.842773,0.468750,14.709473,-11.108398,-216.918945
6686,0.159668,-0.735840,0.504395,-11.596680,-3.723145,-231.933594
6687,0.206055,-0.696777,0.506348,-25.024414,0.366211,-231.323242
6688,0.249512,-0.689941,0.498535,-34.118652,3.662109,-226.318359
6689,0.276855,-0.711914,0.489258,-45.471191,8.300781,-215.637207
6690,0.316895,-0.819336,0.460449,-49.133301,9.277344,-216.125488
6691,0.371094,-0.840820,0.429199,-48.767090,9.765625,-219.299316
6692,0.413086,-0.820312,0.420898,-43.945312,6.591797,-221.679688
6693,0.474609,-0.702148,0.407227,-21.545410,-5.493164,-213.378906
6694,0.500488,-0.656738,0.383789,-8.789062,-8.483887,-202.453613
6695,0.518555,-0.632324,0.361328,1.647949,-7.690430,-190.063477
6696,0.543945,-0.626465,0.370117,9.948730,-5.187988,-177.551270
6697,0.578125,-0.649902,0.441895,16.296387,1.098633,-157.775879
6698,0.622070,-0.666016,0.451172,13.916016,5.065918,-149.536133
6699,0.724609,-0.630859,0.431641,7.385254,14.709473,-123.901367
6700,0.755371,-0.576172,0.413574,7.385254,17.272949,-102.539062
6701,0.749512,-0.546875,0.410645,8.911133,18.676758,-76.232910
6702,0.724121,-0.558105,0.427734,9.338379,21.850586,-22.033691
6703,0.721191,-0.570312,0.447754,7.080078,23.803711,2.502441
6704,0.754395,-0.593750,0.448730,1.831055,26.123047,51.696777
6705,0.756836,-0.601074,0.463379,1.403809,24.597168,78.674316
6706,0.703125,-0.557129,0.492188,-1.892090,16.967773,136.413574
6707,0.648438,-0.537109,0.488281,-8.056641,16.357422,163.879395
6708,0.578613,-0.523926,0.463867,-14.099121,18.798828,188.842773
6709,0.532715,-0.524902,0.417969,-17.089844,23.803711,211.547852
6710,0.502930,-0.541992,0.397461,-10.498047,29.052734,253.967285
6711,0.414551,-0.624023,0.500977,-5.554199,22.827148,275.329590
6712,0.371582,-0.653320,0.569824,-3.479004,10.192871,294.555664
6713,0.327637,-0.591309,0.574707,-21.423340,-13.488770,329.772949
6714,0.274902,-0.566406,0.491699,-29.113770,-14.953613,346.862793
6715,0.222168,-0.569824,0.412109,-27.893066,-7.812500,361.633301
6716,0.104492,-0.655273,0.286133,6.896973,32.287598,378.479004
6717,0.054688,-0.704102,0.307617,33.203125,58.105469,381.225586
6718,-0.048828,-0.793457,0.438965,53.344727,74.279785,374.816895
6719,-0.147949,-0.841309,0.556152,57.250977,77.941895,358.398438
6720,-0.292969,-0.819824,0.580078,24.658203,67.749023,325.439453
6721,-0.375000,-0.835449,0.545410,7.995605,56.762695,311.096191
6722,-0.464355,-0.863281,0.520020,-1.647949,27.038574,272.949219
6723,-0.562500,-0.865723,0.470703,2.929688,11.657715,250.671387
6724,-0.567871,-0.860840,0.464355,11.596680,-3.051758,229.309082
6725,-0.588379,-0.861328,0.458008,20.202637,-16.540527,208.435059
6726,-0.623535,-0.875488,0.423828,27.160645,-25.634766,186.462402
6727,-0.746094,-0.968262,0.396484,32.104492,-28.076172,132.263184
6728,-0.805664,-1.026367,0.414551,26.916504,-22.460938,96.374512
6729,-0.825195,-1.027344,0.413574,10.925293,-11.535645,13.061523
6730,-0.793945,-0.995605,0.434082,4.699707,-9.887695,-27.099609
6731,-0.734375,-0.941895,0.461914,-2.258301,-10.986328,-62.561035
6732,-0.682129,-0.895508,0.467285,-6.774902,-14.587402,-90.393066
6733,-0.649414,-0.908691,0.454102,-7.385254,-19.775391,-131.469727
6734,-0.644531,-0.937012,0.495605,-13.488770,-20.324707,-153.381348
6735,-0.609863,-0.933105,0.518555,-22.888184,-20.385742,-177.124023
6736,-0.442383,-0.781738,0.504883,-22.277832,-27.282715,-210.632324
6737,-0.379883,-0.728027,0.500977,-14.221191,-33.081055,-215.637207
6738,-0.373535,-0.824707,0.557129,-4.699707,-44.433594,-219.421387
6739,-0.382324,-0.895508,0.596680,-7.507324,-50.781250,-226.806641
6740,-0.362793,-0.926758,0.587891,-12.634277,-55.297852,-238.220215
6741,-0.198730,-0.812988,0.448730,-9.460449,-45.654297,-261.230469
6742,-0.098633,-0.725098,0.425293,4.394531,-35.888672,-264.404297
6743,-0.041504,-0.669434,0.421387,22.216797,-28.991699,-263.061523
6744,0.000977,-0.696289,0.497070,45.532227,-24.597168,-256.774902
6745,0.020508,-0.752441,0.526855,43.334961,-23.742676,-256.469727
6746,0.062500,-0.753418,0.569336,32.043457,-21.423340,-258.178711
6747,0.193848,-0.623047,0.550293,5.981445,-20.446777,-252.685547
6748,0.248535,-0.574219,0.516113,2.380371,-22.033691,-239.135742
6749,0.281738,-0.591309,0.512207,3.051758,-24.536133,-222.839355
6750,0.348145,-0.684570,0.562500,-2.746582,-29.968262,-197.570801
6751,0.361816,-0.703613,0.584473,-14.404297,-29.602051,-188.293457
6752,0.433105,-0.661133,0.548828,-35.644531,-25.207520,-170.227051
6753,0.457520,-0.603516,0.455566,-30.029297,-21.728516,-156.127930
6754,0.480469,-0.572754,0.349121,-9.765625,-15.136719,-137.756348
6755,0.495605,-0.569336,0.294434,49.682617,-2.258301,-100.585938
6756,0.482422,-0.705078,0.486816,66.345215,-2.868652,-92.773438
6757,0.492676,-0.753906,0.626953,62.805176,-8.728027,-93.811035
6758,0.504395,-0.685059,0.747070,13.000488,-23.986816,-103.515625
6759,0.519043,-0.622559,0.720703,-17.028809,-30.273438,-104.248047
6760,0.544922,-0.574707,0.632812,-37.963867,-34.118652,-100.036621
6761,0.601562,-0.559082,0.498535,-51.513672,-31.982422,-86.486816
6762,0.609863,-0.576172,0.488770,-53.161621,-25.451660,-81.298828
6763,0.615234,-0.611328,0.495117,-52.612305,-19.470215,-77.941895
6764,0.675781,-0.667969,0.453613,-35.827637,-14.709473,-74.890137
6765,0.695801,-0.658203,0.431152,-21.057129,-15.197754,-72.631836
6766,0.688965,-0.634766,0.428711,-7.202148,-16.174316,-70.434570
6767,0.661621,-0.558594,0.455566,4.394531,-15.075684,-67.321777
6768,0.645020,-0.553223,0.479980,1.708984,-15.197754,-68.420410
6769,0.647461,-0.550293,0.495605,-6.042480,-15.930176,-71.289062
6770,0.661133,-0.545410,0.499512,-17.944336,-16.418457,-74.584961
6771,0.718262,-0.511719,0.463379,-33.508301,-22.644043,-75.744629
6772,0.729004,-0.513672,0.446777,-36.621094,-23.437500,-71.777344
6773,0.749023,-0.523926,0.431152,-34.912109,-22.338867,-66.528320
6774,0.783203,-0.524414,0.387207,-15.197754,-20.080566,-58.898926
6775,0.785645,-0.513184,0.389160,-5.310059,-18.005371,-58.532715
6776,0.779297,-0.450684,0.446777,-11.657715,-12.023926,-62.438965
6777,0.778320,-0.444336,0.429688,-27.343750,-3.356934,-61.828613
6778,0.763184,-0.488770,0.391113,-42.602539,10.498047,-62.805176
6779,0.763184,-0.493164,0.395508,-50.537109,21.728516,-65.368652
6780,0.735352,-0.515137,0.430176,-36.926270,20.874023,-74.707031
6781,0.728027,-0.504395,0.433594,-24.291992,13.916016,-84.289551
6782,0.736328,-0.482422,0.426758,-12.329102,5.004883,-96.618652
6783,0.779785,-0.386719,0.414551,1.953125,-9.155273,-114.990234
6784,0.813965,-0.360352,0.397461,19.042969,-19.104004,-120.544434
6785,0.819824,-0.312988,0.421875,16.723633,-19.348145,-120.361328
6786,0.826172,-0.267090,0.396973,0.976562,-14.038086,-119.873047
6787,0.853027,-0.255371,0.350586,-55.480957,14.526367,-117.614746
6788,0.861328,-0.258301,0.399902,-72.814941,15.075684,-118.469238
6789,0.873535,-0.259277,0.422852,-70.556641,-0.793457,-121.154785
6790,0.865723,-0.239258,0.306641,-29.235840,-41.687012,-124.389648
6791,0.865234,-0.256348,0.317383,-12.756348,-50.292969,-125.305176
6792,0.955566,-0.159668,0.285645,9.826660,-50.231934,-119.323730
6793,1.007324,-0.121582,0.270996,21.057129,-39.184570,-106.323242
6794,1.033203,-0.126953,0.298340,26.123047,-21.179199,-89.843750
6795,1.060547,-0.123047,0.364258,24.353027,-0.915527,-70.678711
6796,1.166504,-0.123535,0.342285,17.883301,35.949707,-33.386230
6797,1.191406,-0.029297,0.350586,18.371582,52.062988,-15.380859
6798,1.132324,-0.023926,0.385742,12.390137,66.955566,7.019043
6799,0.990234,-0.134277,0.486328,-5.737305,82.824707,36.804199
6800,0.981934,-0.161133,0.493652,-14.465332,77.880859,48.156738
6801,0.951660,-0.157715,0.464844,-20.568848,70.556641,59.814453
6802,0.915039,-0.186035,0.400879,-14.404297,53.649902,81.787109
6803,0.935059,-0.183105,0.344727,-4.638672,47.851562,90.332031
6804,0.939941,-0.172852,0.308594,4.089355,47.973633,97.290039
6805,0.920898,-0.165527,0.306152,10.253906,50.903320,103.881836
6806,0.804199,-0.201172,0.301270,30.212402,55.786133,111.511230
6807,0.753418,-0.217773,0.329102,45.898438,55.969238,112.670898
6808,0.769043,-0.247559,0.340332,65.307617,58.349609,113.769531
6809,0.800781,-0.254883,0.505371,90.515137,65.795898,124.206543
6810,0.804199,-0.274414,0.543945,84.411621,63.842773,133.422852
6811,0.797363,-0.285156,0.561523,74.584961,61.706543,143.066406
6812,0.765137,-0.288574,0.609863,57.739258,55.297852,171.936035
6813,0.725586,-0.303711,0.628418,54.809570,51.635742,188.476562
6814,0.681641,-0.353027,0.664551,54.199219,46.142578,200.317383
6815,0.601074,-0.407227,0.686523,54.016113,29.846191,206.665039
6816,0.560547,-0.399414,0.708008,48.461914,26.855469,209.899902
6817,0.542969,-0.386719,0.773438,23.132324,29.357910,227.294922
6818,0.569824,-0.414551,0.765625,11.108398,31.127930,240.173340
6819,0.567871,-0.484863,0.753906,4.272461,31.921387,247.741699
6820,0.521973,-0.585449,0.749512,-2.380371,28.869629,241.943359
6821,0.398926,-0.701172,0.660156,11.352539,19.409180,191.650391
6822,0.341309,-0.653809,0.678223,16.357422,22.094727,168.212891
6823,0.333008,-0.600098,0.777344,4.394531,23.498535,139.770508
6824,0.340332,-0.613281,0.812988,-5.371094,19.165039,130.554199
6825,0.329102,-0.644043,0.838867,-21.057129,13.549805,123.596191
6826,0.308105,-0.643066,0.826660,-41.748047,7.446289,118.164062
6827,0.260254,-0.614258,0.721680,-73.181152,-2.136230,115.600586
6828,0.252441,-0.609863,0.665039,-75.622559,-5.676270,118.896484
6829,0.266602,-0.647949,0.561523,-68.847656,-8.178711,123.901367
6830,0.272949,-0.758301,0.395996,-40.466309,-4.882812,124.267578
6831,0.242676,-0.795898,0.392578,-19.104004,0.061035,118.103027
6832,0.203125,-0.791504,0.434082,3.356934,4.272461,108.886719
6833,0.174316,-0.691895,0.521973,31.433105,9.155273,94.360352
6834,0.195312,-0.662598,0.530273,40.100098,10.070801,91.186523
6835,0.219238,-0.653809,0.529297,55.664062,10.314941,90.637207
6836,0.223633,-0.681641,0.566895,71.838379,10.375977,91.430664
6837,0.163574,-0.818848,0.675293,73.669434,16.235352,83.984375
6838,0.130371,-0.846680,0.729980,56.640625,23.498535,75.500488
6839,0.110352,-0.846191,0.757324,32.348633,31.250000,67.077637
6840,0.090820,-0.794922,0.756836,-8.850098,32.348633,52.368164
6841,0.093262,-0.761230,0.749512,-16.784668,24.108887,47.607422
6842,0.105957,-0.735352,0.757812,-18.615723,11.718750,44.799805
6843,0.134277,-0.750000,0.745117,-18.493652,-10.925293,42.480469
6844,0.134277,-0.786133,0.749512,-18.859863,-17.883301,41.076660
6845,0.119141,-0.832520,0.731445,-16.967773,-22.399902,37.231445
6846,0.122559,-0.889160,0.602539,3.967285,-15.808105,20.629883
6847,0.133301,-0.878906,0.574219,25.878906,-6.225586,11.352539
6848,0.136230,-0.833008,0.609863,46.264648,3.234863,5.676270
6849,0.131348,-0.781250,0.659668,59.875488,10.803223,4.638672
6850,0.135254,-0.679688,0.745117,66.894531,15.991211,10.009766
6851,0.133301,-0.668945,0.779297,62.500000,13.183594,12.145996
6852,0.125977,-0.693848,0.791016,52.368164,8.178711,9.765625
6853,0.083984,-0.716309,0.741211,21.789551,6.042480,-7.995605
6854,0.073730,-0.702148,0.723145,8.117676,9.399414,-18.554688
6855,0.098633,-0.646484,0.682129,-0.183105,9.338379,-29.357910
6856,0.110352,-0.646484,0.644531,3.051758,7.324219,-28.076172
6857,0.113281,-0.666504,0.634766,7.263184,6.591797,-25.146484
6858,0.106934,-0.700195,0.671875,11.657715,3.112793,-24.902344
6859,0.075684,-0.671387,0.699707,26.672363,-9.460449,-27.954102
6860,0.093262,-0.632812,0.718750,39.978027,-17.822266,-25.939941
6861,0.134277,-0.611816,0.719727,54.382324,-25.573730,-19.836426
6862,0.178711,-0.596191,0.719238,65.063477,-29.724121,-10.986328
6863,0.210449,-0.590820,0.781250,69.824219,-31.677246,11.352539
6864,0.195312,-0.625000,0.830566,66.284180,-34.790039,17.944336
6865,0.173828,-0.645020,0.850098,60.607910,-40.100098,18.859863
6866,0.199707,-0.636719,0.782715,52.673340,-43.518066,12.512207
6867,0.240723,-0.597656,0.734863,53.771973,-37.963867,11.535645
6868,0.256348,-0.562012,0.715332,57.800293,-28.808594,13.732910
6869,0.265625,-0.504883,0.766602,63.964844,-9.460449,25.390625
6870,0.244629,-0.505859,0.803223,66.345215,-1.037598,33.630371
6871,0.215332,-0.547363,0.847168,67.382812,4.333496,39.794922
6872,0.159180,-0.622070,0.907227,62.866211,7.751465,35.156250
6873,0.144531,-0.594238,0.907227,57.922363,5.615234,26.550293
6874,0.138184,-0.526367,0.882812,52.490234,2.319336,18.493652
6875,0.139160,-0.411621,0.865234,35.095215,-2.502441,12.268066
6876,0.144043,-0.402832,0.872070,20.629883,-2.990723,12.756348
6877,0.146484,-0.411621,0.884277,3.601074,-3.356934,14.953613
6878,0.145020,-0.410645,0.876953,-23.010254,-3.479004,25.207520
6879,0.132812,-0.465820,0.833984,-29.663086,-2.380371,29.418945
6880,0.127930,-0.496582,0.810059,-31.982422,-0.549316,30.822754
6881,0.116211,-0.544434,0.787109,-24.963379,3.906250,28.076172
6882,0.128418,-0.543945,0.813477,-19.409180,6.347656,26.916504
6883,0.135742,-0.519043,0.838867,-15.197754,7.141113,28.137207
6884,0.145996,-0.504395,0.843262,-11.901855,7.141113,31.555176
6885,0.112305,-0.544922,0.852539,-17.822266,6.713867,36.865234
6886,0.093262,-0.576172,0.867676,-31.433105,6.591797,34.301758
6887,0.070801,-0.584473,0.885742,-49.804688,4.516602,27.954102
6888,0.047363,-0.575684,0.919922,-89.782715,-3.723145,10.742188
6889,0.076172,-0.577637,0.882812,-103.210449,-5.676270,4.394531
6890,0.154785,-0.617188,0.797852,-103.942871,-6.286621,5.554199
6891,0.103027,-0.648438,0.724121,-85.998535,-4.516602,15.014648
6892,0.090820,-0.653809,0.675293,-77.087402,3.540039,18.066406
6893,0.070801,-0.642578,0.669434,-74.523926,17.089844,20.812988
6894,0.070801,-0.629395,0.692383,-79.833984,34.362793,23.193359
6895,0.104492,-0.617676,0.679688,-86.059570,70.373535,19.836426
6896,0.073242,-0.605469,0.695801,-97.961426,82.824707,19.287109
6897,0.033203,-0.599609,0.721191,-126.708984,77.575684,33.447266
6898,0.029785,-0.623047,0.697266,-134.033203,67.321777,44.006348
6899,0.020020,-0.624023,0.677734,-134.155273,55.541992,55.969238
6900,0.017090,-0.612305,0.687500,-122.619629,33.630371,94.665527
6901,-0.047363,-0.653320,0.670898,-109.741211,18.798828,116.271973
6902,-0.101562,-0.688477,0.651367,-94.787598,2.929688,134.460449
6903,-0.181641,-0.790527,0.587891,-53.100586,-26.306152,158.691406
6904,-0.185059,-0.805176,0.530273,-33.264160,-35.400391,168.395996
6905,-0.190430,-0.760742,0.493164,-16.174316,-38.818359,180.236816
6906,-0.225586,-0.741699,0.510742,21.362305,-31.494141,206.970215
6907,-0.256836,-0.742188,0.542480,37.231445,-25.695801,211.914062
6908,-0.274414,-0.721191,0.580078,48.889160,-20.324707,214.050293
6909,-0.302246,-0.713379,0.612305,54.504395,-10.986328,214.477539
6910,-0.326660,-0.701660,0.650879,49.194336,-7.507324,213.500977
6911,-0.359863,-0.684570,0.685547,23.071289,2.807617,209.533691
6912,-0.464844,-0.663574,0.693848,6.408691,10.375977,205.444336
6913,-0.520508,-0.687500,0.662598,-10.253906,20.202637,199.340820
6914,-0.567871,-0.725586,0.605469,-26.123047,32.287598,189.941406
6915,-0.604492,-0.764648,0.532715,-40.100098,46.386719,177.307129
6916,-0.670898,-0.828613,0.385254,-58.837891,78.491211,139.709473
6917,-0.697266,-0.812012,0.317383,-61.645508,95.458984,115.844727
6918,-0.697266,-0.754395,0.292969,-60.363770,112.060547,92.895508
6919,-0.719238,-0.694824,0.370117,-33.203125,115.295410,54.260254
6920,-0.748047,-0.709961,0.390137,-11.352539,103.576660,35.461426
6921,-0.784668,-0.764160,0.413574,6.713867,89.843750,15.197754
6922,-0.861328,-0.795410,0.467773,8.239746,65.368652,-27.893066
6923,-0.885742,-0.798828,0.497559,1.281738,52.490234,-50.048828
6924,-0.898438,-0.771973,0.518066,0.488281,35.583496,-71.655273
6925,-0.886230,-0.767578,0.545410,12.817383,-4.882812,-107.543945
6926,-0.893066,-0.819336,0.520020,21.728516,-26.245117,-126.403809
6927,-0.848145,-0.830078,0.471680,40.527344,-57.434082,-174.377441
6928,-0.759277,-0.791016,0.492188,43.029785,-69.763184,-195.434570
6929,-0.643066,-0.775879,0.559082,36.987305,-89.172363,-234.191895
6930,-0.602539,-0.786133,0.605469,25.085449,-92.956543,-254.943848
6931,-0.580566,-0.773926,0.624023,8.728027,-93.505859,-275.634766
6932,-0.545898,-0.748047,0.603027,-8.056641,-89.843750,-294.189453
6933,-0.402832,-0.675293,0.511230,-22.399902,-72.937012,-318.359375
6934,-0.297363,-0.647949,0.455566,-12.573242,-62.805176,-317.626953
6935,-0.088867,-0.656738,0.493652,20.019531,-45.410156,-294.372559
6936,0.008301,-0.677246,0.564453,23.132324,-49.560547,-279.418945
6937,0.046387,-0.676758,0.644531,9.643555,-56.762695,-269.836426
6938,0.113281,-0.543945,0.605469,-50.354004,-58.471680,-262.329102
6939,0.146484,-0.519043,0.560547,-78.491211,-50.842285,-257.995605
6940,0.159180,-0.567383,0.518066,-91.064453,-43.334961,-255.249023
6941,0.165527,-0.661133,0.467285,-89.050293,-37.658691,-258.056641
6942,0.195312,-0.749023,0.410156,-57.922363,-30.700684,-269.653320
6943,0.231934,-0.755859,0.398926,-36.132812,-30.212402,-270.812988
6944,0.284180,-0.743652,0.410156,-13.549805,-31.066895,-266.967773
6945,0.420898,-0.672363,0.536133,12.329102,-43.029785,-250.366211
6946,0.484375,-0.614746,0.579590,5.554199,-54.199219,-235.595703
6947,0.528809,-0.583008,0.578613,-11.474609,-58.776855,-216.491699
6948,0.611328,-0.528809,0.473633,-53.222656,-46.325684,-176.574707
6949,0.639160,-0.537109,0.397461,-66.223145,-34.606934,-159.606934
6950,0.666992,-0.591797,0.294434,-57.861328,-14.404297,-136.657715
6951,0.694824,-0.610352,0.271484,-40.771484,-7.934570,-128.051758
6952,0.712891,-0.611328,0.275879,-21.545410,-3.173828,-120.544434
6953,0.711914,-0.622070,0.296875,-5.065918,1.647949,-115.417480
6954,0.739746,-0.607910,0.355469,16.662598,11.474609,-108.947754
6955,0.766602,-0.572754,0.395020,20.812988,13.061523,-100.646973
6956,0.795410,-0.538574,0.430176,18.493652,11.718750,-86.364746
6957,0.816895,-0.484375,0.480469,-7.019043,3.601074,-45.593262
6958,0.807617,-0.479980,0.458496,-23.315430,-2.380371,-26.794434
6959,0.783691,-0.495117,0.413574,-33.752441,-7.202148,-11.718750
6960,0.761719,-0.528320,0.353027,-29.479980,-10.253906,6.469727
6961,0.773438,-0.549805,0.331055,-20.507812,-8.728027,13.305664
6962,0.809570,-0.565918,0.316895,-11.352539,-3.234863,23.315430
6963,0.858398,-0.549316,0.366211,-5.310059,14.160156,56.396484
6964,0.811523,-0.545410,0.367188,-8.178711,18.676758,73.730469
6965,0.745605,-0.541016,0.358398,-10.192871,20.507812,88.745117
6966,0.642578,-0.526367,0.317383,-4.394531,21.667480,112.548828
6967,0.632324,-0.522949,0.304199,3.662109,23.864746,124.938965
6968,0.643066,-0.529785,0.298828,14.953613,27.832031,141.296387
6969,0.675781,-0.535645,0.321777,29.724121,31.982422,162.963867
6970,0.703613,-0.611328,0.425781,51.879883,30.700684,210.754395
6971,0.667969,-0.653809,0.499023,53.710938,26.550293,228.332520
6972,0.545410,-0.719727,0.517578,48.217773,24.658203,235.961914
6973,0.325684,-0.754883,0.589355,34.362793,28.808594,229.187012
6974,0.292480,-0.738770,0.607422,26.489258,26.794434,222.778320
6975,0.236328,-0.723633,0.557617,13.671875,18.554688,217.834473
6976,0.205566,-0.719238,0.525879,14.038086,17.150879,220.336914
6977,0.191406,-0.706543,0.491211,21.972656,16.174316,226.501465
6978,0.229980,-0.693848,0.453613,35.888672,13.183594,238.342285
6979,0.260742,-0.637695,0.455078,60.974121,5.554199,276.672363
6980,0.195801,-0.551758,0.516113,63.110352,5.615234,299.987793
6981,0.121582,-0.474609,0.569824,57.067871,8.666992,323.730469
6982,0.004395,-0.485352,0.640137,38.146973,13.977051,360.107422
6983,-0.093262,-0.562012,0.678223,31.005859,11.657715,366.333008
6984,-0.221680,-0.612305,0.691895,24.780273,5.371094,364.685059
6985,-0.348633,-0.644043,0.683105,16.967773,-1.403809,358.642578
6986,-0.461914,-0.770996,0.642090,12.878418,-14.343262,337.829590
6987,-0.500488,-0.781250,0.562988,19.409180,-17.272949,327.819824
6988,-0.499023,-0.909668,0.559570,31.433105,-21.362305,316.833496
6989,-0.554688,-0.978516,0.563965,40.222168,-22.766113,297.790527
6990,-0.724609,-1.018555,0.571289,26.062012,-11.352539,230.957031
6991,-0.752930,-1.020508,0.576660,6.835938,-3.234863,187.805176
6992,-0.763184,-0.910156,0.522461,-18.005371,8.117676,148.376465
6993,-0.719238,-0.772949,0.460449,-46.447754,25.207520,93.811035
6994,-0.692383,-0.749023,0.470215,-44.067383,25.939941,73.791504
6995,-0.692383,-0.722656,0.478027,-34.790039,22.033691,56.030273
6996,-0.718262,-0.740723,0.470703,-25.207520,17.211914,37.719727
6997,-0.801758,-0.798340,0.420898,-22.216797,18.920898,-11.169434
6998,-0.812012,-0.805664,0.415527,-24.780273,25.085449,-38.391113
6999,-0.786133,-0.777832,0.433105,-20.690918,35.278320,-94.421387
7000,-0.759766,-0.739746,0.442383,-13.244629,37.048340,-118.591309
7001,-0.720703,-0.719727,0.459473,-3.051758,36.376953,-138.244629
7002,-0.678223,-0.765137,0.517090,17.456055,26.428223,-165.710449
7003,-0.700684,-0.846680,0.542480,19.287109,20.874023,-181.579590
7004,-0.688477,-0.883789,0.562500,14.892578,15.441895,-201.538086
7005,-0.564453,-0.815918,0.528320,2.868652,1.647949,-241.149902
7006,-0.460938,-0.728027,0.495605,5.065918,-7.324219,-253.845215
7007,-0.358887,-0.673340,0.472656,14.038086,-17.456055,-258.850098
7008,-0.278320,-0.763672,0.585938,30.822754,-40.527344,-262.145996
7009,-0.298340,-0.853027,0.639648,28.503418,-55.969238,-271.606445
7010,-0.304199,-0.894531,0.660156,15.502930,-71.044922,-287.658691
7011,-0.274414,-0.876465,0.629883,-3.234863,-82.153320,-306.030273
7012,-0.157715,-0.713379,0.538086,-39.489746,-80.688477,-338.073730
7013,-0.047363,-0.641113,0.485840,-50.781250,-67.749023,-348.205566
7014,0.228027,-0.619629,0.404297,-49.438477,-25.268555,-341.613770
7015,0.305664,-0.681152,0.439453,-48.156738,-2.136230,-332.458496
7016,0.343750,-0.710449,0.505859,-48.889160,15.502930,-326.477051
7017,0.352539,-0.670898,0.544434,-47.180176,26.611328,-323.303223
7018,0.345703,-0.559082,0.518066,-36.437988,38.391113,-315.246582
7019,0.346680,-0.554199,0.525391,-28.930664,40.161133,-312.561035
7020,0.365723,-0.567871,0.530762,-24.169922,38.574219,-310.668945
7021,0.462891,-0.593262,0.574707,-28.259277,30.456543,-307.739258
7022,0.505371,-0.563965,0.568848,-30.029297,26.489258,-305.358887
7023,0.569336,-0.481445,0.472656,-8.300781,13.366699,-292.480469
7024,0.581055,-0.445312,0.445801,14.282227,4.882812,-282.287598
7025,0.607910,-0.400391,0.452637,36.621094,-2.441406,-270.690918
7026,0.660156,-0.360352,0.472656,52.673340,-6.896973,-255.310059
7027,0.829590,-0.264160,0.505371,48.339844,-7.202148,-207.519531
7028,0.893555,-0.242188,0.501465,31.677246,-5.615234,-179.016113
7029,0.930664,-0.234375,0.460449,-6.835938,-2.258301,-120.300293
7030,0.920410,-0.246094,0.436523,-16.601562,-1.342773,-95.031738
7031,0.903320,-0.258789,0.410156,-20.141602,-0.488281,-74.462891
7032,0.898438,-0.278809,0.392578,-19.653320,5.126953,-42.602539
7033,0.914551,-0.280762,0.402832,-16.662598,8.422852,-27.038574
7034,0.933594,-0.295898,0.416992,-11.047363,10.925293,-10.742188
7035,0.951660,-0.320312,0.443359,-4.089355,11.840820,5.432129
7036,0.930176,-0.327637,0.515625,2.563477,7.446289,35.461426
7037,0.908691,-0.322754,0.552246,-0.549316,2.502441,50.354004
7038,0.865723,-0.337402,0.575195,-11.779785,-8.605957,79.711914
7039,0.844238,-0.365234,0.556641,-16.052246,-12.207031,91.552734
7040,0.843262,-0.390625,0.545410,-17.517090,-12.023926,101.257324
7041,0.878906,-0.427734,0.520996,-19.531250,-4.089355,126.403809
7042,0.874023,-0.445312,0.530762,-16.845703,-3.173828,145.568848
7043,0.872559,-0.445801,0.496582,-9.643555,-3.662109,167.907715
7044,0.838379,-0.440918,0.442871,15.380859,-4.882812,210.266113
7045,0.792480,-0.430176,0.446777,27.832031,-3.173828,226.013184
7046,0.727539,-0.446289,0.460938,33.752441,1.525879,236.877441
7047,0.653320,-0.487793,0.494629,32.714844,8.300781,243.041992
7048,0.597656,-0.537109,0.518555,26.428223,15.930176,246.582031
7049,0.561523,-0.561523,0.500977,17.272949,30.761719,257.324219
7050,0.542969,-0.516602,0.485840,23.193359,32.104492,269.104004
7051,0.487305,-0.496094,0.480957,34.545898,29.785156,284.179688
7052,0.349609,-0.557617,0.507324,56.091309,21.606445,307.373047
7053,0.305664,-0.593262,0.545898,54.382324,20.324707,311.157227
7054,0.237305,-0.593750,0.614258,27.160645,18.798828,313.171387
7055,0.206055,-0.553711,0.622070,11.291504,15.075684,318.847656
7056,0.174316,-0.520020,0.626465,-1.464844,7.568359,328.491211
7057,0.132324,-0.533203,0.625000,-16.540527,-9.277344,343.505859
7058,0.025391,-0.673828,0.594238,-20.935059,-12.939453,342.041016
7059,-0.024902,-0.728516,0.570312,-21.423340,-14.953613,335.815430
7060,-0.157715,-0.824219,0.515137,-11.230469,-13.366699,315.673828
7061,-0.213379,-0.832520,0.471191,4.028320,-7.324219,304.382324
7062,-0.237305,-0.817871,0.471191,24.353027,1.647949,294.616699
7063,-0.311523,-0.831543,0.607422,53.588867,9.765625,276.245117
7064,-0.394043,-0.870117,0.677734,53.222656,6.774902,262.084961
7065,-0.481445,-0.902344,0.691406,44.006348,1.525879,242.492676
7066,-0.570312,-0.899414,0.637695,15.869141,-6.286621,193.847656
7067,-0.581543,-0.882324,0.604492,4.089355,-8.850098,167.968750
7068,-0.575684,-0.855469,0.572754,-4.028320,-9.704590,142.700195
7069,-0.554688,-0.815918,0.545410,-11.657715,-6.958008,97.961426
7070,-0.540527,-0.782715,0.528809,-13.610840,-2.685547,79.650879
7071,-0.533203,-0.768555,0.524902,-15.075684,3.173828,65.063477
7072,-0.560059,-0.790039,0.523438,-15.502930,8.666992,51.391602
7073,-0.608887,-0.818848,0.499512,-20.812988,22.827148,19.409180
7074,-0.614258,-0.812988,0.487305,-23.559570,28.442383,1.892090
7075,-0.604980,-0.809082,0.478516,-23.681641,31.799316,-16.479492
7076,-0.579102,-0.799805,0.489746,-12.268066,29.785156,-53.833008
7077,-0.577148,-0.803223,0.494629,-6.958008,28.076172,-72.021484
7078,-0.589355,-0.841797,0.539062,-6.225586,26.306152,-105.529785
7079,-0.624512,-0.884277,0.573242,-11.535645,25.817871,-122.741699
7080,-0.652344,-0.932617,0.576172,-20.996094,27.587891,-142.028809
7081,-0.585938,-0.940430,0.571289,-37.048340,36.437988,-182.434082
7082,-0.507324,-0.885254,0.585938,-33.752441,34.545898,-197.998047
7083,-0.420898,-0.808594,0.570312,-22.216797,26.672363,-206.970215
7084,-0.297363,-0.745605,0.510254,9.338379,8.972168,-207.031250
7085,-0.279297,-0.784668,0.507324,18.066406,4.516602,-205.444336
7086,-0.277832,-0.846191,0.520996,17.883301,3.662109,-208.801270
7087,-0.231445,-0.829590,0.548340,1.098633,7.202148,-229.675293
7088,-0.195312,-0.785645,0.548828,-8.605957,10.009766,-241.394043
7089,-0.163086,-0.778320,0.546387,-16.662598,13.000488,-252.258301
7090,-0.138672,-0.804688,0.536621,-32.348633,20.874023,-276.855469
7091,-0.065430,-0.850586,0.544922,-40.344238,24.353027,-289.978027
7092,-0.021973,-0.806152,0.542480,-45.654297,25.634766,-301.696777
7093,0.026855,-0.714844,0.543945,-42.846680,22.521973,-309.204102
7094,0.157715,-0.544434,0.474121,-17.944336,6.835938,-300.354004
7095,0.210938,-0.524414,0.453125,-6.591797,0.915527,-288.330078
7096,0.256836,-0.546387,0.468750,-3.417969,-1.892090,-275.512695
7097,0.304199,-0.592285,0.502441,-9.521484,-2.807617,-264.526367
7098,0.358887,-0.632324,0.520020,-39.367676,-4.150391,-251.464844
7099,0.385254,-0.616699,0.492676,-51.757812,-2.685547,-245.178223
7100,0.414062,-0.607422,0.460938,-57.556152,0.549316,-237.426758
7101,0.504395,-0.585938,0.396484,-48.278809,6.652832,-216.003418
7102,0.534668,-0.598145,0.383301,-35.644531,7.324219,-202.758789
7103,0.561035,-0.621582,0.379395,-23.376465,8.300781,-190.795898
7104,0.573730,-0.635254,0.402832,-2.868652,11.657715,-174.865723
7105,0.567871,-0.628906,0.402344,7.873535,16.601562,-171.020508
7106,0.577637,-0.616699,0.426758,20.019531,21.362305,-169.433594
7107,0.584473,-0.587402,0.592773,36.254883,18.981934,-173.034668
7108,0.580566,-0.628418,0.687500,27.770996,12.451172,-180.847168
7109,0.595215,-0.656250,0.716309,7.324219,4.943848,-193.115234
7110,0.672363,-0.553223,0.567383,-37.292480,-2.746582,-211.975098
7111,0.708496,-0.476562,0.464844,-46.875000,-2.380371,-210.021973
7112,0.735352,-0.448730,0.393555,-46.020508,0.244141,-202.941895
7113,0.752930,-0.461426,0.348633,-38.513184,3.662109,-196.472168
7114,0.770020,-0.478027,0.327637,-14.770508,12.939453,-192.871094
7115,0.805664,-0.438965,0.373047,-3.662109,16.845703,-193.298340
7116,0.831055,-0.421875,0.418457,4.516602,17.639160,-193.603516
7117,0.951660,-0.335449,0.456055,15.747070,5.798340,-186.584473
7118,1.000977,-0.285156,0.441406,17.333984,-2.624512,-175.476074
7119,1.022949,-0.235352,0.432617,14.648438,-9.460449,-160.156250
7120,1.040527,-0.182617,0.432129,8.361816,-14.099121,-141.113281
7121,1.110840,-0.112305,0.423828,-9.277344,-20.080566,-92.285156
7122,1.142090,-0.108887,0.396484,-15.258789,-20.874023,-66.162109
7123,1.150879,-0.099609,0.376465,-16.113281,-15.808105,-9.582520
7124,1.141113,-0.091797,0.395020,-17.578125,-11.901855,21.362305
7125,1.108887,-0.096680,0.390137,-20.446777,-8.850098,52.978516
7126,0.983887,-0.136719,0.354980,-18.493652,-3.356934,108.276367
7127,0.937012,-0.135742,0.350098,-13.244629,-0.671387,132.019043
7128,0.902344,-0.140625,0.355957,-7.446289,2.746582,154.846191
7129,0.877930,-0.156250,0.357910,-3.662109,7.812500,176.635742
7130,0.858398,-0.226562,0.393066,-0.305176,15.502930,216.186523
7131,0.860352,-0.252930,0.422363,-0.122070,15.808105,235.107422
7132,0.855957,-0.261230,0.454590,-2.075195,13.916016,256.042480
7133,0.805176,-0.276855,0.507812,-13.427734,1.281738,305.847168
7134,0.735352,-0.350098,0.495117,-20.751953,-5.981445,327.514648
7135,0.654297,-0.441406,0.458008,-26.428223,-10.070801,341.613770
7136,0.586914,-0.499023,0.450195,-29.541016,-11.901855,348.693848
7137,0.475586,-0.542969,0.472656,-31.066895,-20.263672,352.416992
7138,0.431152,-0.567383,0.476562,-32.470703,-26.428223,352.355957
7139,0.363281,-0.622070,0.461914,-39.672852,-36.926270,347.412109
7140,0.314453,-0.661621,0.421875,-41.564941,-40.344238,343.261719
7141,0.277344,-0.694824,0.354004,-39.306641,-40.649414,337.280273
7142,0.238770,-0.728516,0.312988,-32.775879,-37.658691,329.284668
7143,0.150879,-0.796387,0.271484,-11.047363,-24.414062,307.373047
7144,0.113770,-0.823242,0.270020,-2.136230,-11.779785,295.837402
7145,0.095215,-0.825195,0.294434,3.723145,2.685547,286.560059
7146,0.079590,-0.794434,0.316895,7.934570,15.319824,282.531738
7147,0.008301,-0.739746,0.355469,16.906738,28.015137,290.405273
7148,-0.044922,-0.730957,0.349609,19.897461,29.724121,297.302246
7149,-0.125000,-0.787598,0.351562,20.751953,30.883789,297.912598
7150,-0.325195,-0.977539,0.368164,8.056641,30.700684,262.634277
7151,-0.393066,-1.001953,0.353516,-2.624512,29.846191,236.206055
7152,-0.435059,-1.015137,0.313965,-15.441895,27.099609,188.354492
7153,-0.411621,-0.971191,0.299805,-11.535645,25.634766,171.813965
7154,-0.410156,-0.903809,0.339355,-4.211426,23.376465,161.010742
7155,-0.430664,-0.802734,0.403320,8.850098,10.192871,150.451660
7156,-0.444824,-0.787598,0.398438,12.756348,2.502441,149.169922
7157,-0.465332,-0.811035,0.392090,14.770508,-3.845215,147.583008
7158,-0.537598,-0.824219,0.391602,6.958008,-10.803223,139.160156
7159,-0.568848,-0.839844,0.379395,0.122070,-12.145996,131.652832
7160,-0.585938,-0.839355,0.364746,-6.042480,-12.756348,121.032715
7161,-0.614746,-0.857910,0.377441,-8.483887,-16.418457,95.397949
7162,-0.637207,-0.864258,0.383789,-6.896973,-20.202637,81.481934
7163,-0.695312,-0.896484,0.310059,-0.061035,-17.456055,52.001953
7164,-0.690918,-0.911621,0.264160,7.141113,-6.591797,35.461426
7165,-0.667969,-0.891602,0.290039,14.587402,6.591797,18.127441
7166,-0.636230,-0.825684,0.402344,13.366699,18.310547,-9.155273
7167,-0.630371,-0.799805,0.417969,4.516602,17.700195,-18.615723
7168,-0.630859,-0.801758,0.402832,-3.662109,14.221191,-26.184082
7169,-0.640137,-0.842285,0.340820,-12.329102,6.958008,-42.175293
7170,-0.661133,-0.870605,0.318359,-14.892578,6.835938,-54.626465
7171,-0.677246,-0.897461,0.314941,-17.883301,8.605957,-70.983887
7172,-0.670898,-0.929199,0.336914,-27.770996,13.427734,-111.694336
7173,-0.630371,-0.905762,0.356445,-32.043457,12.512207,-130.737305
7174,-0.580566,-0.867188,0.353516,-31.250000,8.239746,-145.507812
7175,-0.486328,-0.808105,0.344238,-18.493652,-4.577637,-161.560059
7176,-0.475098,-0.817871,0.362305,-14.038086,-10.864258,-166.381836
7177,-0.483398,-0.867188,0.372559,-15.563965,-14.953613,-174.072266
7178,-0.488770,-0.989746,0.345703,-29.602051,-15.197754,-204.895020
7179,-0.437500,-0.986328,0.306641,-32.897949,-14.831543,-221.740723
7180,-0.359375,-0.945801,0.263672,-31.188965,-13.671875,-235.046387
7181,-0.305664,-0.884277,0.282715,-25.451660,-12.756348,-245.361328
7182,-0.210449,-0.792969,0.345215,-16.235352,-13.610840,-258.483887
7183,-0.152344,-0.797363,0.347168,-12.634277,-13.244629,-261.779785
7184,-0.091309,-0.810059,0.355957,-8.605957,-13.000488,-263.916016
7185,0.009766,-0.815918,0.356934,3.112793,-20.812988,-259.826660
7186,0.048340,-0.826660,0.340332,9.460449,-27.709961,-254.272461
7187,0.141113,-0.887207,0.315430,16.296387,-35.949707,-244.445801
7188,0.195312,-0.873535,0.333496,11.657715,-35.339355,-242.004395
7189,0.257324,-0.819824,0.344727,1.708984,-30.456543,-237.670898
7190,0.302246,-0.772461,0.337402,-7.629395,-23.010254,-229.064941
7191,0.368652,-0.715820,0.298340,-8.361816,-9.399414,-202.392578
7192,0.388184,-0.717773,0.312500,-2.746582,-6.469727,-187.622070
7193,0.411133,-0.740723,0.311523,2.868652,-6.652832,-176.330566
7194,0.429688,-0.791016,0.296875,7.995605,-11.962891,-169.494629
7195,0.428711,-0.772949,0.289062,7.568359,-13.000488,-173.339844
7196,0.432617,-0.763184,0.268066,7.446289,-12.268066,-181.396484
7197,0.469727,-0.770508,0.285156,14.099121,-13.183594,-205.749512
7198,0.520020,-0.736816,0.324707,14.404297,-13.793945,-213.439941
7199,0.602051,-0.665039,0.354980,9.704590,-13.610840,-212.341309
7200,0.711914,-0.571289,0.394531,-7.629395,-16.174316,-189.636230
7201,0.725586,-0.565918,0.371582,-16.174316,-16.662598,-177.062988
7202,0.722168,-0.570801,0.319336,-19.409180,-7.141113,-161.621094
7203,0.755859,-0.533691,0.246094,-11.962891,-0.122070,-157.775879
7204,0.780273,-0.537109,0.248047,-4.089355,3.967285,-156.311035
7205,0.792969,-0.551270,0.260254,0.305176,5.065918,-157.653809
7206,0.832520,-0.495605,0.299805,1.464844,0.915527,-160.034180
7207,0.840820,-0.459961,0.285645,2.319336,-1.525879,-156.494141
7208,0.844238,-0.422363,0.260254,5.187988,-1.647949,-150.695801
7209,0.830566,-0.375488,0.254395,13.793945,-0.122070,-135.864258
7210,0.829590,-0.361816,0.272949,16.723633,-0.854492,-130.126953
7211,0.886719,-0.336426,0.325195,13.732910,-7.995605,-121.032715
7212,0.905273,-0.313965,0.329590,9.338379,-13.183594,-116.516113
7213,0.929199,-0.266113,0.320801,3.845215,-16.906738,-110.351562
7214,0.932617,-0.247070,0.313965,-3.540039,-18.005371,-101.013184
7215,0.924805,-0.252441,0.284668,-10.375977,-16.296387,-91.796875
7216,0.905273,-0.243164,0.212891,-3.173828,-6.164551,-76.049805
7217,0.933594,-0.193359,0.198730,15.319824,-3.356934,-68.176270
7218,0.947266,-0.217285,0.178711,41.442871,-0.549316,-63.293457
7219,0.985352,-0.193359,0.301270,58.593750,6.530762,-64.086914
7220,1.000488,-0.179688,0.352539,49.194336,6.591797,-62.194824
7221,1.015625,-0.166992,0.370117,35.522461,5.310059,-56.030273
7222,0.975586,-0.153320,0.308594,7.629395,6.042480,-36.926270
7223,0.968262,-0.145996,0.255371,-2.990723,11.779785,-29.479980
7224,0.950195,-0.152344,0.238770,-9.399414,17.761230,-25.817871
7225,0.909668,-0.141602,0.366211,-25.512695,17.761230,-28.076172
7226,0.931641,-0.134766,0.370605,-16.723633,9.704590,-27.465820
7227,0.968750,-0.176758,0.304688,-15.197754,0.244141,-31.555176
7228,0.990234,-0.139648,0.335938,-10.131836,-3.479004,-29.235840
7229,1.006348,-0.108398,0.330566,-5.859375,-8.056641,-23.803711
7230,1.032715,-0.100098,0.345215,-3.295898,-11.047363,-17.883301
7231,0.981445,-0.146973,0.334473,-5.798340,-16.174316,-17.883301
7232,0.961914,-0.110840,0.327148,-11.108398,-15.625000,-21.850586
7233,1.041992,-0.082031,0.282715,-24.719238,-13.488770,-15.502930
7234,1.066895,-0.043457,0.221191,-22.460938,-11.901855,-0.427246
7235,1.070312,-0.047363,0.206543,-17.089844,-9.704590,18.493652
7236,1.074707,-0.094727,0.195801,-4.455566,-3.112793,46.813965
7237,1.075195,-0.098633,0.245117,-1.831055,-1.281738,58.471680
7238,1.036621,-0.106934,0.250488,-0.305176,0.671387,69.274902
7239,0.992188,-0.114258,0.250977,2.075195,3.540039,79.589844
7240,0.919434,-0.148438,0.272461,11.474609,8.728027,95.947266
7241,0.887695,-0.182617,0.295410,15.747070,9.338379,98.327637
7242,0.824219,-0.236328,0.234375,20.324707,17.272949,88.317871
7243,0.768066,-0.231934,0.282715,39.306641,44.372559,61.035156
7244,0.822266,-0.254883,0.442383,24.536133,60.363770,20.446777
7245,0.888672,-0.280762,0.482422,16.174316,62.683105,13.977051
7246,0.944824,-0.280762,0.527344,-4.089355,64.697266,14.587402
7247,1.021484,-0.261719,0.414551,-31.860352,0.549316,49.438477
7248,0.978027,-0.262207,0.267578,-31.127930,-33.020020,62.561035
7249,0.958984,-0.251953,0.183105,-13.854980,-56.945801,73.913574
7250,0.970215,-0.250000,0.218750,11.352539,-60.607910,101.257324
7251,1.015625,-0.268066,0.285645,13.610840,-52.795410,118.835449
7252,1.045410,-0.288086,0.338867,7.141113,-44.250488,137.451172
7253,1.032715,-0.302246,0.356934,-5.859375,-35.888672,155.151367
7254,0.905762,-0.319824,0.280273,-24.414062,-19.042969,178.283691
7255,0.824707,-0.340820,0.265137,-24.658203,-15.258789,184.265137
7256,0.759277,-0.381348,0.249512,-21.118164,-13.610840,188.537598
7257,0.729492,-0.466797,0.221680,-8.239746,-3.356934,188.171387
7258,0.748535,-0.501465,0.242188,-4.333496,6.896973,186.584473
7259,0.772461,-0.519531,0.295410,-3.356934,15.686035,186.462402
7260,0.752441,-0.561035,0.367676,-11.047363,20.751953,196.716309
7261,0.704590,-0.568359,0.352051,-20.202637,20.080566,205.688477
7262,0.665039,-0.571289,0.318848,-30.273438,20.690918,216.125488
7263,0.649902,-0.588379,0.273926,-35.400391,23.193359,226.257324
7264,0.592773,-0.750977,0.170410,-13.122559,39.672852,235.839844
7265,0.530762,-0.839844,0.159668,10.314941,53.710938,229.125977
7266,0.383789,-0.849609,0.274414,53.955078,76.171875,200.744629
7267,0.318359,-0.812500,0.354980,61.950684,80.139160,187.316895
7268,0.280273,-0.786621,0.434082,56.274414,77.270508,177.795410
7269,0.270020,-0.761719,0.493164,38.391113,68.237305,172.180176
7270,0.276367,-0.748047,0.519043,12.512207,56.823730,170.043945
7271,0.302246,-0.733398,0.529297,-15.136719,44.433594,170.349121
7272,0.318848,-0.722656,0.501465,-39.794922,30.944824,173.095703
7273,0.271484,-0.703125,0.414551,-81.176758,8.850098,188.903809
7274,0.225586,-0.678223,0.381348,-96.679688,-0.671387,205.139160
7275,0.172363,-0.657227,0.324707,-105.590820,-10.864258,228.576660
7276,0.111816,-0.689453,0.255371,-105.224609,-19.775391,254.943848
7277,0.053223,-0.747559,0.153809,-94.360352,-23.254395,277.893066
7278,0.000977,-0.786133,0.096191,-73.181152,-21.484375,296.142578
7279,-0.123535,-0.848145,0.134277,-23.132324,-11.596680,312.072754
7280,-0.166992,-0.856445,0.181152,-7.873535,-3.540039,309.448242
7281,-0.205078,-0.860840,0.228027,-1.159668,3.601074,305.175781
7282,-0.374512,-1.007324,0.304199,-11.596680,11.840820,291.564941
7283,-0.494629,-1.150391,0.295410,-23.925781,14.831543,270.935059
7284,-0.563477,-1.213867,0.258789,-34.667969,17.944336,239.562988
7285,-0.566895,-1.159180,0.213867,-43.579102,21.301270,205.810547
7286,-0.481934,-0.955566,0.210449,-45.959473,18.127441,159.667969
7287,-0.459473,-0.892090,0.194824,-34.179688,9.399414,149.841309
7288,-0.469727,-0.853027,0.168945,-17.944336,0.976562,145.019531
7289,-0.523438,-0.838867,0.151367,3.601074,-2.502441,136.108398
7290,-0.547852,-0.836426,0.145508,5.859375,2.319336,129.821777
7291,-0.580078,-0.834961,0.136230,4.028320,9.277344,123.291016
7292,-0.613770,-0.806152,0.165527,-5.554199,22.155762,110.351562
7293,-0.628418,-0.791992,0.185059,-12.390137,23.620605,105.407715
7294,-0.665039,-0.796875,0.175293,-19.348145,22.705078,100.341797
7295,-0.752930,-0.867188,0.115723,-29.296875,23.010254,78.735352
7296,-0.798828,-0.910156,0.089844,-32.348633,26.550293,60.241699
7297,-0.819824,-0.917969,0.083008,-34.240723,30.456543,38.818359
7298,-0.794434,-0.856445,0.112305,-24.230957,24.719238,-2.136230
7299,-0.761230,-0.807617,0.110352,-10.559082,13.671875,-18.432617
7300,-0.724121,-0.779297,0.100098,4.577637,1.831055,-31.372070
7301,-0.695801,-0.784668,0.113281,21.728516,-13.000488,-51.391602
7302,-0.691895,-0.794434,0.123047,20.568848,-13.916016,-59.814453
7303,-0.675293,-0.795898,0.129883,16.479492,-11.596680,-66.467285
7304,-0.625977,-0.769043,0.149902,9.948730,-3.662109,-70.922852
7305,-0.589844,-0.758301,0.173828,8.483887,-1.403809,-69.458008
7306,-0.548340,-0.749023,0.182617,7.934570,-2.014160,-61.462402
7307,-0.545898,-0.753906,0.190918,6.591797,-3.356934,-56.274414
7308,-0.550781,-0.768066,0.191895,4.455566,-3.601074,-50.903320
7309,-0.564453,-0.824707,0.165527,0.549316,0.488281,-43.151855
7310,-0.569824,-0.839355,0.164062,-2.685547,4.455566,-41.687012
7311,-0.578125,-0.852539,0.169922,-5.493164,7.507324,-41.687012
7312,-0.576660,-0.874023,0.162109,-6.896973,8.605957,-44.006348
7313,-0.543945,-0.858887,0.132812,-6.103516,8.483887,-52.062988
7314,-0.527832,-0.849121,0.119141,-3.601074,8.911133,-56.152344
7315,-0.494141,-0.834473,0.106934,6.164551,11.657715,-60.607910
7316,-0.486816,-0.841309,0.119141,9.094238,12.878418,-61.523438
7317,-0.481934,-0.861328,0.158203,7.995605,12.268066,-62.866211
7318,-0.498047,-0.853516,0.161133,3.784180,10.925293,-63.903809
7319,-0.502441,-0.922852,0.168457,-4.516602,7.629395,-68.969727
7320,-0.487305,-0.942383,0.136719,-6.347656,8.056641,-73.913574
7321,-0.470703,-0.968750,0.135254,-6.286621,9.216309,-80.444336
7322,-0.451172,-0.945312,0.166016,0.305176,3.906250,-93.139648
7323,-0.422363,-0.928223,0.172852,4.455566,-1.708984,-97.656250
7324,-0.394531,-0.900391,0.161133,6.958008,-6.591797,-100.280762
7325,-0.374023,-0.903809,0.155273,10.620117,-9.216309,-100.463867
7326,-0.354492,-0.939941,0.134766,16.845703,-10.620117,-100.036621
7327,-0.343750,-0.955566,0.135254,18.676758,-10.925293,-100.524902
7328,-0.327637,-0.965820,0.138672,20.385742,-12.145996,-101.928711
7329,-0.278809,-0.946777,0.171387,23.803711,-17.211914,-106.201172
7330,-0.247070,-0.931641,0.184082,24.475098,-19.714355,-107.543945
7331,-0.221680,-0.936035,0.202148,22.705078,-20.629883,-107.604980
7332,-0.207520,-0.961914,0.218750,18.676758,-20.202637,-107.421875
7333,-0.175781,-0.969238,0.211426,10.742188,-13.854980,-106.872559
7334,-0.148926,-0.956055,0.198730,10.925293,-9.155273,-104.858398
7335,-0.120605,-0.941406,0.185059,14.221191,-4.699707,-101.501465
7336,-0.110352,-0.967773,0.200195,21.850586,-2.258301,-97.595215
7337,-0.113770,-0.982910,0.208984,23.559570,-4.882812,-100.097656
7338,-0.103027,-0.969727,0.213379,22.827148,-8.300781,-103.515625
7339,-0.076172,-0.951172,0.210449,17.700195,-9.826660,-106.018066
7340,-0.008789,-0.919434,0.210449,15.441895,-7.995605,-104.064941
7341,0.010254,-0.932129,0.227051,12.634277,-5.859375,-101.501465
7342,0.025879,-0.956055,0.235352,8.239746,-3.540039,-100.463867
7343,0.040527,-0.978516,0.222656,-1.403809,1.770020,-104.980469
7344,0.058594,-0.960449,0.213867,-2.014160,3.906250,-109.008789
7345,0.088379,-0.927246,0.209473,4.943848,5.493164,-115.356445
7346,0.103027,-0.937500,0.213379,9.582520,5.432129,-116.516113
7347,0.128906,-0.952637,0.223633,12.939453,4.882812,-116.638184
7348,0.196289,-0.913086,0.244629,15.319824,1.953125,-111.694336
7349,0.217285,-0.887695,0.247070,15.991211,-0.061035,-106.628418
7350,0.229004,-0.876953,0.248535,16.540527,-1.220703,-101.135254
7351,0.240723,-0.884277,0.251953,14.160156,-1.464844,-95.886230
7352,0.252441,-0.923340,0.252441,10.681152,-0.793457,-97.656250
7353,0.259766,-0.922852,0.259277,5.371094,1.342773,-101.379395
7354,0.305176,-0.895508,0.260742,-8.239746,5.249023,-106.628418
7355,0.333984,-0.874512,0.261230,-13.793945,6.225586,-105.407715
7356,0.361816,-0.855469,0.261230,-17.150879,5.676270,-101.135254
7357,0.375977,-0.859375,0.259766,-17.944336,4.150391,-95.825195
7358,0.402344,-0.883789,0.216309,-11.535645,2.319336,-89.538574
7359,0.412109,-0.888184,0.192383,-4.028320,4.028320,-88.989258
7360,0.424805,-0.879395,0.191895,5.737305,6.347656,-88.256836
7361,0.473633,-0.828613,0.224609,26.672363,7.446289,-80.078125
7362,0.485352,-0.826172,0.258789,31.921387,6.408691,-73.486328
7363,0.490234,-0.851562,0.295898,30.151367,4.821777,-69.885254
7364,0.480469,-0.857910,0.310547,14.526367,1.098633,-75.256348
7365,0.486328,-0.816895,0.293945,7.141113,1.037598,-79.772949
7366,0.493164,-0.787109,0.280762,2.319336,1.647949,-82.092285
7367,0.514648,-0.780273,0.272461,0.610352,2.197266,-81.420898
7368,0.575195,-0.772461,0.270020,3.295898,2.502441,-71.838379
7369,0.594238,-0.768555,0.274414,5.126953,1.647949,-65.124512
7370,0.594238,-0.747559,0.259277,7.568359,1.586914,-53.405762
7371,0.591797,-0.736816,0.265625,8.361816,1.708984,-48.828125
7372,0.596191,-0.746582,0.281738,7.263184,0.244141,-44.677734
7373,0.603516,-0.750977,0.278320,5.615234,-1.708984,-41.198730
7374,0.625488,-0.724609,0.285156,0.915527,-2.807617,-30.273438
7375,0.625488,-0.722168,0.292969,0.000000,-4.455566,-24.475098
7376,0.639160,-0.725586,0.297852,-3.601074,-6.958008,-12.084961
7377,0.646484,-0.728516,0.285156,-4.455566,-7.629395,-5.737305
7378,0.648926,-0.729004,0.270508,-4.272461,-6.958008,0.488281
7379,0.635254,-0.739258,0.269531,-2.380371,-5.493164,9.704590
7380,0.628418,-0.751465,0.269043,-1.525879,-5.737305,11.718750
7381,0.626465,-0.742676,0.265137,-0.610352,-5.310059,15.014648
7382,0.626465,-0.737793,0.280273,-1.159668,-5.981445,18.249512
7383,0.616699,-0.743164,0.288574,-2.441406,-7.995605,21.423340
7384,0.603027,-0.754883,0.281738,-3.356934,-10.742188,22.521973
7385,0.600098,-0.776367,0.243164,-2.014160,-9.399414,20.080566
7386,0.599609,-0.788574,0.236328,0.488281,-7.507324,16.052246
7387,0.604004,-0.798340,0.237305,3.540039,-4.882812,11.779785
7388,0.614746,-0.770508,0.261719,7.873535,0.000000,8.117676
7389,0.608887,-0.764648,0.275391,7.995605,0.549316,7.873535
7390,0.603516,-0.776367,0.279297,7.446289,0.915527,7.263184
7391,0.604492,-0.777344,0.275391,6.469727,1.525879,6.896973
7392,0.595703,-0.753418,0.270996,4.821777,1.892090,8.056641
7393,0.583984,-0.747070,0.279785,3.967285,1.098633,8.972168
7394,0.581055,-0.756348,0.272949,1.220703,-1.464844,9.948730
7395,0.580078,-0.758301,0.265137,-0.549316,-2.258301,9.704590
7396,0.573730,-0.754883,0.261230,-2.075195,-2.746582,9.216309
7397,0.569824,-0.756836,0.271484,-3.173828,-3.845215,9.155273
7398,0.597168,-0.766113,0.288574,-4.516602,-7.690430,12.878418
7399,0.594238,-0.774902,0.281738,-5.065918,-8.972168,15.014648
7400,0.583984,-0.788086,0.271484,-4.943848,-8.483887,15.686035
7401,0.583496,-0.794922,0.249023,-2.807617,-3.234863,13.671875
7402,0.575684,-0.789551,0.239746,-0.305176,-0.671387,12.084961
7403,0.562988,-0.786133,0.237305,2.990723,1.037598,10.253906
7404,0.558105,-0.775879,0.253906,7.324219,2.075195,6.774902
7405,0.559082,-0.771484,0.256348,7.751465,2.380371,5.798340
7406,0.557129,-0.771484,0.259277,7.324219,2.990723,5.065918
7407,0.556152,-0.777344,0.261230,5.676270,4.394531,3.479004
7408,0.553711,-0.778320,0.272461,4.394531,4.577637,2.075195
7409,0.557617,-0.775879,0.282715,3.479004,4.333496,0.793457
7410,0.564941,-0.786621,0.292969,2.746582,3.295898,-0.122070
7411,0.572754,-0.794434,0.270020,2.258301,0.915527,-1.525879
7412,0.568848,-0.785645,0.268066,2.380371,0.915527,-2.258301
7413,0.567871,-0.780273,0.278320,2.685547,0.854492,-1.770020
7414,0.583008,-0.772949,0.283203,3.051758,0.976562,1.098633
7415,0.584961,-0.777344,0.271484,5.187988,2.746582,8.666992
7416,0.569336,-0.787109,0.275391,6.286621,3.540039,10.375977
7417,0.564453,-0.790039,0.289551,5.859375,2.685547,11.474609
7418,0.557617,-0.787598,0.296387,1.586914,-2.624512,13.183594
7419,0.552734,-0.788574,0.280273,-0.122070,-3.967285,13.305664
7420,0.556641,-0.791016,0.268066,-0.671387,-3.845215,12.939453
7421,0.546875,-0.785645,0.281250,-1.525879,-3.906250,12.329102
7422,0.545410,-0.775879,0.279785,-1.892090,-3.967285,12.268066
7423,0.540039,-0.776367,0.279297,-1.892090,-3.356934,11.840820
7424,0.533691,-0.816406,0.264160,-0.122070,0.122070,6.225586
7425,0.532715,-0.816406,0.264160,1.220703,1.708984,1.342773
7426,0.532227,-0.802246,0.269531,3.295898,2.319336,-2.563477
7427,0.537598,-0.781738,0.294922,4.882812,2.014160,-5.493164
7428,0.554199,-0.777344,0.292480,1.708984,2.258301,-4.638672
7429,0.550293,-0.783691,0.274414,-1.464844,3.051758,-3.479004
7430,0.539062,-0.780762,0.263672,-0.610352,4.943848,-3.234863
7431,0.535156,-0.788574,0.276367,2.746582,3.662109,-4.089355
7432,0.536133,-0.795898,0.288086,5.065918,1.892090,-5.187988
7433,0.550293,-0.790039,0.294922,3.784180,0.915527,-5.249023
7434,0.564453,-0.770508,0.301270,-3.051758,0.732422,-0.305176
7435,0.564941,-0.772949,0.295410,-4.089355,0.061035,3.417969
7436,0.560547,-0.789551,0.291016,-2.685547,-1.159668,6.469727
7437,0.566895,-0.802734,0.278809,-0.549316,-2.258301,10.009766
7438,0.563477,-0.791992,0.281738,-0.183105,-1.403809,11.291504
7439,0.549316,-0.784668,0.282227,-0.061035,-0.915527,12.084961
7440,0.537598,-0.781738,0.280273,0.427246,-0.976562,12.268066
7441,0.536133,-0.791016,0.282715,-0.671387,-1.831055,10.498047
7442,0.541992,-0.795410,0.279785,-2.014160,-1.464844,9.155273
7443,0.541016,-0.805664,0.280273,-3.051758,-0.122070,6.774902
7444,0.541016,-0.812500,0.283203,-2.990723,-0.122070,5.187988
7445,0.536133,-0.823242,0.286133,-2.807617,-1.037598,2.685547
7446,0.528320,-0.826660,0.280273,-2.624512,-1.831055,-0.549316
7447,0.541016,-0.794434,0.277344,-0.610352,-1.220703,-3.356934
7448,0.549316,-0.785156,0.279785,-0.061035,-0.915527,-1.342773
7449,0.548828,-0.785156,0.280273,0.122070,-0.488281,1.281738
7450,0.541992,-0.790039,0.283203,-0.122070,-0.183105,3.173828
7451,0.529297,-0.799805,0.270508,0.732422,0.549316,2.990723
7452,0.528809,-0.792969,0.264648,3.112793,1.281738,2.258301
7453,0.531738,-0.786133,0.287598,7.019043,1.647949,2.319336
7454,0.531250,-0.791016,0.298340,5.859375,0.915527,2.563477
7455,0.530273,-0.792969,0.307617,2.929688,-0.305176,2.502441
7456,0.525391,-0.804688,0.287109,-1.831055,-3.906250,-0.366211
7457,0.522461,-0.806152,0.274414,-2.014160,-4.455566,-2.746582
7458,0.533203,-0.798340,0.267578,-1.159668,-3.723145,-4.211426
7459,0.549805,-0.799805,0.278809,2.136230,-1.892090,-3.112793
7460,0.562012,-0.796875,0.279297,2.502441,-1.220703,-0.915527
7461,0.553711,-0.778320,0.293457,-3.967285,-2.441406,4.577637
7462,0.520996,-0.801758,0.296387,-7.568359,-4.028320,4.455566
7463,0.512695,-0.810059,0.291504,-9.765625,-4.455566,2.502441
7464,0.528320,-0.801270,0.290527,-10.437012,-4.394531,1.159668
7465,0.549316,-0.800781,0.272461,-7.385254,-3.906250,3.112793
7466,0.544434,-0.811035,0.258789,-4.638672,-2.014160,4.577637
7467,0.541992,-0.814453,0.256348,-0.854492,0.793457,5.310059
7468,0.530762,-0.813965,0.261719,8.605957,4.028320,4.455566
7469,0.529785,-0.801270,0.277832,11.596680,4.394531,3.906250
7470,0.536621,-0.782715,0.297363,11.291504,3.784180,4.394531
7471,0.532227,-0.799316,0.305176,2.990723,0.244141,6.164551
7472,0.527832,-0.812012,0.285645,-0.488281,-1.220703,5.187988
7473,0.532715,-0.813965,0.271973,-1.586914,-2.014160,3.906250
7474,0.532715,-0.812012,0.270020,0.976562,-2.258301,2.014160
7475,0.534180,-0.806152,0.279297,2.868652,-1.647949,1.892090
7476,0.539062,-0.803711,0.288086,4.028320,-0.488281,2.136230
7477,0.540527,-0.808594,0.292480,4.089355,0.793457,2.746582
7478,0.535156,-0.813477,0.286621,2.441406,3.173828,2.868652
7479,0.526855,-0.810059,0.286133,2.868652,3.601074,2.197266
7480,0.525391,-0.814453,0.292969,4.028320,3.173828,1.220703
7481,0.525391,-0.814941,0.288086,5.737305,1.831055,-0.793457
7482,0.522949,-0.801758,0.283203,6.042480,1.770020,-1.281738
7483,0.517090,-0.784668,0.287109,6.591797,1.708984,-1.037598
7484,0.516113,-0.785156,0.301270,4.821777,-0.488281,0.244141
7485,0.516113,-0.790039,0.302734,1.892090,-2.014160,0.549316
7486,0.514160,-0.791992,0.295410,-1.098633,-2.990723,0.427246
7487,0.512207,-0.788086,0.270996,-2.319336,-2.197266,-0.610352
7488,0.517090,-0.797852,0.276855,-0.549316,-1.525879,-0.854492
7489,0.527344,-0.807129,0.291992,0.549316,-1.037598,-0.183105
7490,0.540039,-0.813477,0.305176,-1.098633,0.549316,2.563477
7491,0.533203,-0.819824,0.300781,-0.854492,0.976562,2.685547
7492,0.525879,-0.828125,0.296875,0.671387,0.610352,1.281738
7493,0.534180,-0.817383,0.307129,2.319336,-0.549316,-1.586914
7494,0.536133,-0.803223,0.304199,0.366211,-0.793457,-1.403809
7495,0.530273,-0.795898,0.293945,-1.708984,-0.671387,-0.793457
7496,0.520996,-0.803711,0.270020,-1.342773,0.061035,-1.708984
7497,0.522949,-0.802246,0.276367,0.366211,0.549316,-2.563477
7498,0.535645,-0.791016,0.285156,1.220703,0.915527,-1.892090
7499,0.540039,-0.784180,0.295410,1.098633,0.915527,0.366211
7500,0.529297,-0.793945,0.299316,0.122070,0.610352,2.136230
7501,0.516602,-0.803711,0.297363,0.000000,-0.488281,1.586914
7502,0.522949,-0.801758,0.297852,1.403809,-1.098633,0.732422
7503,0.524414,-0.807617,0.302734,1.586914,-1.342773,-0.610352
7504,0.529785,-0.805664,0.313477,-0.854492,-0.854492,-0.671387
7505,0.535645,-0.793457,0.313965,-4.333496,-0.183105,0.061035
7506,0.528320,-0.798828,0.298828,-7.141113,0.122070,0.427246
7507,0.523438,-0.817871,0.266602,-4.272461,0.549316,-1.831055
7508,0.531738,-0.803711,0.277344,-0.732422,0.183105,-2.258301
7509,0.530762,-0.795410,0.299316,0.244141,-0.671387,-0.244141
7510,0.526855,-0.806641,0.303711,-1.892090,-0.915527,0.244141
7511,0.529785,-0.811035,0.296387,-3.784180,-1.281738,0.244141
7512,0.531250,-0.809082,0.282227,-3.845215,-1.342773,0.488281
7513,0.532715,-0.797852,0.275391,0.854492,-0.366211,3.356934
7514,0.526855,-0.800781,0.280762,2.685547,0.061035,4.455566
7515,0.518066,-0.804688,0.296387,2.258301,0.305176,4.272461
7516,0.517578,-0.796875,0.301758,-3.234863,-0.244141,1.831055
7517,0.514160,-0.799316,0.292480,-4.882812,-0.793457,0.610352
7518,0.516602,-0.799805,0.283203,-4.943848,-1.098633,-0.366211
7519,0.520996,-0.796875,0.284180,-2.929688,-1.464844,-0.488281
7520,0.531250,-0.803223,0.291504,-2.319336,-0.976562,0.305176
7521,0.530273,-0.809082,0.282227,-1.220703,0.122070,0.854492
7522,0.525879,-0.813965,0.271484,0.793457,1.342773,0.610352
7523,0.520996,-0.802246,0.281738,6.408691,2.319336,-0.366211
7524,0.524902,-0.800293,0.311523,6.408691,0.915527,0.061035
7525,0.526367,-0.802734,0.321289,2.868652,-1.159668,0.366211
7526,0.520020,-0.804199,0.288574,-4.272461,-2.624512,-0.488281
7527,0.526367,-0.808105,0.282227,-3.723145,-2.990723,-0.671387
7528,0.539062,-0.814453,0.286621,-1.708984,-3.417969,-0.122070
7529,0.541504,-0.819824,0.292480,-1.403809,-2.380371,1.525879
7530,0.537109,-0.812988,0.288086,-2.014160,-1.281738,2.258301
7531,0.528809,-0.806152,0.290039,-0.183105,-0.610352,3.723145
7532,0.525879,-0.805664,0.296387,0.488281,-1.403809,3.906250
7533,0.522461,-0.796387,0.298340,-0.427246,-2.197266,4.089355
7534,0.517090,-0.791504,0.295410,-6.530762,-3.601074,4.394531
7535,0.514160,-0.800781,0.285645,-7.690430,-4.516602,3.784180
7536,0.512695,-0.809570,0.268066,-5.615234,-5.065918,2.746582
7537,0.521484,-0.805664,0.263184,1.708984,-4.272461,1.708984
7538,0.519531,-0.800781,0.270996,3.723145,-2.868652,1.770020
7539,0.516602,-0.803223,0.273926,4.028320,-0.976562,1.525879
7540,0.520996,-0.804688,0.278809,3.479004,0.671387,1.220703
7541,0.520020,-0.812500,0.305176,0.976562,0.305176,0.610352
7542,0.521973,-0.811523,0.302246,-1.098633,-0.976562,0.549316
7543,0.524414,-0.810059,0.279297,-2.624512,-0.549316,1.159668
7544,0.520020,-0.814453,0.276855,-1.953125,0.366211,0.915527
7545,0.518555,-0.818848,0.287109,-1.220703,0.671387,0.244141
7546,0.519043,-0.816406,0.289062,0.000000,-0.732422,-0.732422
7547,0.518066,-0.812988,0.290527,-0.122070,-1.281738,-1.159668
7548,0.516113,-0.812500,0.288574,-0.854492,-1.831055,-1.708984
7549,0.520996,-0.811523,0.288574,-1.342773,-2.258301,-1.953125
7550,0.534668,-0.813965,0.283203,-1.220703,-2.258301,-0.915527
7551,0.536133,-0.807617,0.276855,-0.854492,-1.586914,0.671387
7552,0.536133,-0.799316,0.279785,0.183105,-1.037598,2.624512
7553,0.524414,-0.808105,0.291992,2.014160,-1.647949,5.432129
7554,0.525879,-0.805176,0.299316,1.892090,-2.380371,5.981445
7555,0.521973,-0.803711,0.292480,0.732422,-3.051758,6.164551
7556,0.513672,-0.802734,0.275391,-0.854492,-2.441406,5.371094
7557,0.511230,-0.807129,0.271484,-0.793457,-1.708984,4.211426
7558,0.514160,-0.812500,0.273438,-0.244141,-1.159668,2.868652
7559,0.515625,-0.807129,0.277832,0.732422,-0.061035,1.464844
7560,0.514160,-0.802734,0.275879,0.915527,0.427246,1.159668
7561,0.509766,-0.801270,0.275391,1.281738,0.915527,0.854492
7562,0.509277,-0.815918,0.284668,1.953125,0.427246,-1.098633
7563,0.516602,-0.811035,0.282227,2.014160,0.244141,-1.831055
7564,0.514160,-0.805176,0.279785,2.380371,0.427246,-2.563477
7565,0.507324,-0.814941,0.293457,0.732422,-0.549316,-4.394531
7566,0.520996,-0.814941,0.292480,-0.549316,-0.854492,-4.577637
7567,0.529297,-0.817871,0.291504,-1.708984,-0.976562,-3.784180
7568,0.535645,-0.818848,0.286133,-2.014160,0.244141,-0.488281
7569,0.532227,-0.821289,0.289551,-0.793457,0.549316,1.220703
7570,0.529297,-0.824707,0.294434,1.220703,-0.061035,2.563477
7571,0.528320,-0.823730,0.293457,3.112793,-1.770020,4.089355
7572,0.521484,-0.810059,0.286133,2.502441,-1.647949,4.333496
7573,0.511230,-0.800293,0.283203,1.892090,-1.770020,4.028320
7574,0.511230,-0.800293,0.276367,0.915527,-1.892090,2.685547
7575,0.517578,-0.796387,0.275879,-0.061035,-1.220703,2.563477
7576,0.515625,-0.793457,0.270020,-1.403809,-0.061035,2.807617
7577,0.503906,-0.800293,0.274414,-1.525879,1.464844,2.258301
7578,0.499023,-0.807617,0.283691,-0.244141,0.671387,1.037598
7579,0.498047,-0.807617,0.287109,0.671387,-0.915527,-0.122070
7580,0.512207,-0.805176,0.292480,-0.366211,-3.112793,-0.793457
7581,0.518066,-0.810059,0.286621,-1.708984,-2.197266,-0.427246
7582,0.523438,-0.815918,0.286133,-2.563477,-0.793457,0.183105
7583,0.531250,-0.823242,0.292480,-1.159668,0.122070,2.685547
7584,0.528320,-0.829590,0.293457,0.000000,-0.122070,3.845215
7585,0.523926,-0.831543,0.291016,1.037598,-0.244141,4.272461
7586,0.520020,-0.826172,0.289062,1.953125,0.854492,3.967285
7587,0.518555,-0.818359,0.291016,1.953125,1.647949,3.845215
7588,0.513672,-0.812500,0.290039,1.892090,2.197266,3.540039
7589,0.506348,-0.809570,0.290527,2.319336,2.136230,2.807617
7590,0.497070,-0.809570,0.302246,2.441406,-0.915527,-0.061035
7591,0.497070,-0.811523,0.296875,0.732422,-2.380371,-2.014160
7592,0.503418,-0.808105,0.289551,-1.770020,-2.563477,-3.723145
7593,0.512695,-0.804688,0.279785,-5.187988,-0.061035,-4.272461
7594,0.517090,-0.801758,0.274902,-4.821777,1.342773,-2.807617
7595,0.508301,-0.814453,0.274414,0.732422,1.953125,-0.488281
7596,0.507324,-0.815918,0.286133,2.807617,1.403809,-0.122070
7597,0.507324,-0.812988,0.299805,2.868652,0.305176,-0.183105
7598,0.509277,-0.811035,0.302246,1.342773,-0.854492,-0.122070
7599,0.520020,-0.807129,0.298340,-2.807617,-2.014160,1.342773
7600,0.528320,-0.814941,0.300781,-3.906250,-2.014160,2.746582
7601,0.526367,-0.832031,0.291992,-3.417969,-1.892090,4.455566
7602,0.518555,-0.835938,0.281738,-1.647949,-1.464844,4.089355
7603,0.515625,-0.830078,0.272461,0.427246,-0.549316,3.295898
7604,0.517090,-0.817383,0.277832,2.197266,0.549316,2.868652
7605,0.504883,-0.808594,0.287109,2.929688,1.586914,2.502441
7606,0.503906,-0.808594,0.295410,1.892090,1.098633,2.502441
7607,0.497070,-0.808594,0.292480,-1.525879,-1.403809,2.441406
7608,0.496094,-0.815430,0.289062,-2.197266,-2.014160,1.708984
7609,0.506348,-0.822754,0.297363,-2.319336,-2.197266,-0.793457
7610,0.503906,-0.821289,0.293945,-2.319336,-2.075195,-2.136230
7611,0.507812,-0.816406,0.287109,-1.342773,-1.281738,-2.990723
7612,0.514160,-0.812500,0.281738,0.488281,-0.488281,-2.929688
7613,0.514648,-0.803711,0.281738,3.051758,0.854492,-1.403809
7614,0.508789,-0.799805,0.281738,2.502441,1.525879,-0.854492
7615,0.506836,-0.800781,0.283203,1.037598,1.647949,-0.488281
7616,0.509277,-0.803711,0.291504,-0.305176,0.854492,-0.061035
7617,0.518066,-0.819336,0.293945,-1.403809,-1.647949,1.525879
7618,0.516602,-0.833496,0.291992,-0.610352,-2.136230,1.586914
7619,0.516113,-0.837402,0.286621,0.671387,-2.075195,1.159668
7620,0.512207,-0.821777,0.289062,3.540039,-0.610352,0.366211
7621,0.512695,-0.818848,0.288086,4.089355,0.488281,-0.061035
7622,0.510742,-0.815918,0.284180,4.028320,1.586914,-0.488281
7623,0.512695,-0.797363,0.298828,1.403809,1.403809,0.305176
7624,0.511719,-0.792480,0.299316,-1.220703,0.244141,1.770020
7625,0.513184,-0.792969,0.293457,-3.601074,-0.061035,3.967285
7626,0.508789,-0.822754,0.298828,-4.821777,-3.417969,5.615234
7627,0.511230,-0.828613,0.284180,-3.723145,-3.601074,4.760742
7628,0.506348,-0.827637,0.267578,-1.647949,-1.831055,2.990723
7629,0.502930,-0.821289,0.263184,0.793457,0.976562,1.342773
7630,0.507812,-0.808105,0.283203,3.417969,2.990723,-0.061035
7631,0.500000,-0.807617,0.289062,3.540039,2.136230,0.061035
7632,0.500488,-0.800293,0.293945,2.807617,1.098633,0.366211
7633,0.508789,-0.799805,0.300781,1.281738,-0.122070,1.037598
7634,0.513184,-0.817871,0.288086,-3.112793,-0.488281,1.647949
7635,0.514648,-0.831055,0.291016,-3.967285,0.000000,1.403809
7636,0.520508,-0.833008,0.300293,-3.784180,-0.183105,1.525879
7637,0.511230,-0.835938,0.296875,-1.892090,-1.708984,1.647949
7638,0.506348,-0.839355,0.290527,-0.610352,-2.319336,0.488281
7639,0.506348,-0.836914,0.290039,0.366211,-2.502441,-1.342773
7640,0.509766,-0.826172,0.284668,0.061035,-1.892090,-2.746582
7641,0.513672,-0.801270,0.274902,-0.793457,1.525879,-2.868652
7642,0.515625,-0.796387,0.282227,-0.122070,2.563477,-1.586914
7643,0.507324,-0.805176,0.291504,0.854492,2.014160,0.549316
7644,0.501465,-0.807617,0.297363,1.281738,0.854492,0.732422
7645,0.501465,-0.802734,0.295410,1.342773,-0.427246,0.732422
7646,0.502930,-0.796875,0.293457,0.671387,-1.403809,0.854492
7647,0.498047,-0.799805,0.286621,-2.075195,-1.953125,0.000000
7648,0.500977,-0.806152,0.285645,-3.356934,-2.075195,-0.671387
7649,0.507324,-0.813477,0.288086,-4.455566,-2.197266,-0.976562
7650,0.514160,-0.822754,0.282715,-5.004883,-1.525879,-0.671387
7651,0.526367,-0.830078,0.286133,-3.967285,1.281738,2.380371
7652,0.524414,-0.840332,0.292969,-2.380371,1.953125,3.967285
7653,0.516602,-0.848145,0.304199,-0.488281,1.403809,5.126953
7654,0.519043,-0.838867,0.303711,-0.549316,-0.427246,6.286621
7655,0.512695,-0.826172,0.286133,-0.793457,-2.197266,7.934570
7656,0.501953,-0.821777,0.263672,-0.610352,-2.807617,9.094238
7657,0.488770,-0.819336,0.261719,1.281738,-2.258301,7.934570
7658,0.489746,-0.812500,0.272949,1.770020,-2.441406,6.347656
7659,0.483398,-0.822754,0.301758,0.549316,-4.394531,1.586914
7660,0.490723,-0.825195,0.309570,-1.525879,-5.126953,-1.281738
7661,0.506348,-0.825684,0.298340,-3.967285,-4.211426,-3.601074
7662,0.506836,-0.812012,0.268066,-3.967285,1.037598,-6.042480
7663,0.503418,-0.800781,0.263184,-0.793457,3.601074,-6.164551
7664,0.506836,-0.788574,0.270996,2.136230,5.187988,-5.432129
7665,0.492188,-0.787598,0.275391,2.685547,5.920410,-3.295898
7666,0.487793,-0.791016,0.273438,1.953125,5.554199,-2.990723
7667,0.490723,-0.793457,0.275879,1.525879,4.882812,-2.746582
7668,0.501953,-0.814453,0.305664,-1.342773,1.586914,-1.831055
7669,0.509277,-0.824707,0.291016,-1.586914,0.671387,-1.586914
7670,0.507812,-0.835938,0.274902,0.305176,0.732422,-1.647949
7671,0.512695,-0.836914,0.283691,5.676270,2.380371,-2.014160
7672,0.511719,-0.834961,0.310547,5.310059,1.586914,-2.075195
7673,0.512207,-0.835449,0.330078,1.892090,-0.122070,-2.136230
7674,0.518066,-0.846191,0.309082,-5.615234,-2.868652,-3.051758
7675,0.518555,-0.841797,0.286133,-5.065918,-2.380371,-3.234863
7676,0.524414,-0.824219,0.270020,-2.197266,-0.854492,-2.014160
7677,0.521484,-0.805176,0.292480,1.037598,2.563477,3.967285
7678,0.508789,-0.811523,0.308594,-0.305176,2.319336,5.920410
7679,0.500000,-0.816406,0.309082,-1.708984,0.488281,6.225586
7680,0.499512,-0.813965,0.285156,-1.953125,-2.197266,4.150391
7681,0.500000,-0.805664,0.278809,-1.281738,-2.197266,3.601074
7682,0.497559,-0.799316,0.281250,-0.366211,-1.647949,3.967285
7683,0.495117,-0.807617,0.283691,0.122070,-1.953125,3.662109
7684,0.493164,-0.819336,0.281738,0.549316,-2.075195,2.685547
7685,0.504883,-0.811523,0.271484,1.586914,-0.183105,1.220703
7686,0.505371,-0.806152,0.270508,2.136230,1.220703,1.831055
7687,0.501953,-0.808594,0.272949,2.441406,2.502441,2.624512
7688,0.506348,-0.820312,0.306641,1.403809,2.136230,3.967285
7689,0.503418,-0.827148,0.316406,-1.098633,0.671387,3.784180
7690,0.496094,-0.833984,0.316406,-3.479004,-0.671387,2.502441
7691,0.496094,-0.842285,0.296875,-2.990723,-2.502441,-2.075195
7692,0.499512,-0.840332,0.280762,-0.488281,-2.014160,-4.150391
7693,0.505859,-0.823730,0.273926,2.319336,-0.671387,-5.065918
7694,0.505371,-0.798828,0.291016,4.577637,1.403809,-3.356934
7695,0.502441,-0.800293,0.292480,3.051758,2.014160,-1.708984
7696,0.501953,-0.804199,0.295410,0.976562,2.563477,-0.305176
7697,0.498535,-0.811035,0.301270,-0.671387,2.319336,1.037598
7698,0.492188,-0.821289,0.279297,-2.136230,0.305176,2.197266
7699,0.490234,-0.822754,0.278809,-0.793457,-0.549316,2.014160
7700,0.494141,-0.817871,0.290527,0.305176,-1.220703,2.014160
7701,0.503418,-0.815430,0.298340,-1.892090,-1.525879,2.563477
7702,0.504883,-0.820312,0.305176,-3.295898,-1.464844,2.868652
7703,0.504883,-0.828613,0.304199,-4.211426,-1.525879,2.685547
7704,0.510742,-0.840332,0.291016,-3.479004,-0.427246,2.380371
7705,0.510742,-0.843750,0.292969,-1.342773,-0.061035,2.746582
7706,0.503906,-0.843262,0.291504,0.976562,0.061035,2.502441
7707,0.494629,-0.824707,0.295898,2.746582,0.610352,0.671387
7708,0.495117,-0.813477,0.299316,1.770020,0.671387,0.122070
7709,0.493164,-0.811035,0.295410,0.732422,0.549316,-0.122070
7710,0.492188,-0.812500,0.292969,-2.319336,0.488281,-0.671387
7711,0.496582,-0.806152,0.291016,-3.417969,0.244141,-0.183105
7712,0.501953,-0.804688,0.291504,-3.112793,-0.427246,1.098633
7713,0.496582,-0.812012,0.289062,-1.708984,-1.525879,2.319336
7714,0.491699,-0.821777,0.282715,0.732422,-2.746582,1.953125
7715,0.494629,-0.815918,0.278809,0.976562,-2.075195,0.976562
7716,0.494141,-0.812988,0.280762,0.976562,-0.976562,0.244141
7717,0.496094,-0.819336,0.289551,-0.061035,0.854492,-0.976562
7718,0.503418,-0.815918,0.291992,-1.037598,1.708984,-1.037598
7719,0.501953,-0.820312,0.293945,-2.258301,2.014160,-0.610352
7720,0.496582,-0.833984,0.291504,-2.563477,0.549316,-0.061035
7721,0.499512,-0.833496,0.294922,-1.342773,-0.244141,0.000000
7722,0.499512,-0.832031,0.294922,-0.244141,-0.732422,0.061035
7723,0.497559,-0.834473,0.290527,0.061035,0.000000,-0.427246
7724,0.500977,-0.824219,0.293945,-0.732422,0.488281,-0.488281
7725,0.499512,-0.818359,0.291504,-1.525879,0.427246,-0.366211
7726,0.494141,-0.820312,0.282715,-0.305176,-0.305176,-0.915527
7727,0.501465,-0.819336,0.296387,-0.244141,-0.671387,-0.793457
7728,0.506348,-0.821777,0.308594,-1.586914,-1.281738,-0.366211
7729,0.498535,-0.831543,0.302734,-4.272461,-2.075195,-1.647949
7730,0.501953,-0.825195,0.291016,-3.601074,-1.892090,-2.502441
7731,0.507812,-0.813965,0.282227,-1.525879,-1.098633,-2.197266
7732,0.506348,-0.805176,0.273438,2.563477,1.342773,0.610352
7733,0.491699,-0.803711,0.270508,3.112793,1.953125,1.647949
7734,0.488281,-0.807617,0.273438,3.173828,1.831055,1.953125
7735,0.492188,-0.807617,0.280762,1.159668,1.098633,2.075195
7736,0.489258,-0.809082,0.284180,-0.732422,1.342773,1.831055
7737,0.489746,-0.814941,0.292480,-2.014160,1.464844,1.525879
7738,0.496582,-0.838379,0.302246,-2.441406,0.427246,0.549316
7739,0.495605,-0.850586,0.299316,-2.441406,-0.122070,-0.610352
7740,0.499512,-0.848633,0.299805,-1.770020,-0.671387,-2.197266
7741,0.503418,-0.846680,0.301270,-0.793457,-1.770020,-3.601074
7742,0.509277,-0.836914,0.285645,-0.732422,-0.915527,-6.347656
7743,0.515137,-0.821289,0.290039,-0.793457,0.854492,-6.835938
7744,0.521484,-0.821777,0.298340,-1.464844,2.380371,-6.042480
7745,0.513184,-0.802734,0.288086,2.807617,2.258301,-2.014160
7746,0.510742,-0.797363,0.291016,3.662109,1.464844,0.244141
7747,0.502441,-0.800293,0.291016,1.770020,1.708984,1.708984
7748,0.488770,-0.798828,0.296875,-5.371094,1.403809,2.258301
7749,0.486816,-0.809082,0.291016,-6.042480,-0.793457,2.258301
7750,0.489258,-0.819336,0.281250,-4.150391,-3.234863,2.014160
7751,0.500488,-0.819824,0.272461,0.305176,-3.906250,1.525879
7752,0.504395,-0.817383,0.273926,1.159668,-1.953125,1.770020
7753,0.503906,-0.817383,0.286133,1.220703,0.000000,1.953125
7754,0.500977,-0.829102,0.294922,0.183105,1.525879,1.220703
7755,0.500000,-0.832520,0.300293,-0.488281,0.976562,0.183105
7756,0.500977,-0.827148,0.293945,-2.502441,-0.122070,-2.075195
7757,0.504395,-0.820312,0.288574,-2.807617,0.061035,-2.014160
7758,0.500000,-0.812988,0.276367,-1.525879,0.915527,-0.549316
7759,0.496094,-0.808594,0.276855,0.000000,1.220703,0.244141
7760,0.494629,-0.809082,0.280762,1.220703,1.220703,1.098633
7761,0.495605,-0.813477,0.274902,2.441406,1.220703,2.258301
7762,0.501465,-0.807129,0.285645,2.990723,1.281738,3.234863
7763,0.499023,-0.810547,0.300293,2.868652,0.488281,4.577637
7764,0.503906,-0.832520,0.310059,-0.244141,-1.647949,5.737305
7765,0.510254,-0.833008,0.305176,-2.136230,-1.708984,5.554199
7766,0.513672,-0.832520,0.300293,-3.479004,-1.586914,5.371094
7767,0.509766,-0.831543,0.291992,-3.356934,-1.770020,5.310059
7768,0.501953,-0.831055,0.272461,0.610352,-1.647949,4.943848
7769,0.505859,-0.824219,0.273438,2.197266,-0.549316,5.371094
7770,0.497559,-0.812500,0.290039,2.075195,0.671387,8.117676
7771,0.491699,-0.818359,0.301270,1.037598,-0.549316,9.033203
7772,0.487305,-0.826172,0.304688,-0.549316,-2.136230,8.666992
7773,0.480469,-0.837402,0.287109,-2.746582,-2.685547,4.638672
7774,0.481934,-0.840332,0.284180,-2.014160,-1.892090,2.075195
7775,0.481934,-0.844727,0.288574,-0.915527,-1.342773,-0.427246
7776,0.488281,-0.836914,0.290039,-0.488281,0.000000,-4.394531
7777,0.483887,-0.822266,0.284180,-0.488281,1.525879,-5.065918
7778,0.481934,-0.813477,0.270020,0.610352,3.112793,-4.638672
7779,0.482910,-0.803223,0.274902,4.272461,5.554199,-1.892090
7780,0.481934,-0.802246,0.293457,4.333496,4.943848,0.183105
7781,0.479004,-0.806152,0.305176,2.868652,2.990723,2.014160
7782,0.476074,-0.816895,0.310059,0.549316,0.244141,3.051758
7783,0.483398,-0.833008,0.312500,-4.150391,-3.845215,2.075195
7784,0.491211,-0.833496,0.302246,-5.432129,-3.845215,1.586914
7785,0.500977,-0.830078,0.282227,-3.479004,0.976562,3.356934
7786,0.500000,-0.833496,0.277344,-0.549316,2.502441,5.004883
7787,0.495117,-0.833496,0.282227,3.234863,2.563477,6.652832
7788,0.490723,-0.826660,0.293945,5.615234,1.159668,8.422852
7789,0.485352,-0.824707,0.297363,2.929688,-1.892090,10.864258
7790,0.479980,-0.833496,0.289551,0.122070,-2.136230,9.826660
7791,0.474609,-0.843262,0.291016,-2.014160,-1.647949,7.202148
7792,0.476074,-0.847656,0.292480,-3.723145,-0.488281,0.000000
7793,0.480469,-0.840820,0.291992,-3.479004,0.061035,-2.136230
7794,0.483887,-0.833008,0.290039,-2.258301,0.305176,-2.746582
7795,0.483398,-0.833008,0.287109,1.525879,0.671387,-1.342773
7796,0.484375,-0.829590,0.286133,2.685547,1.342773,-0.366211
7797,0.483887,-0.824219,0.282227,2.624512,2.197266,0.610352
7798,0.473145,-0.816895,0.285156,2.624512,2.319336,1.953125
7799,0.467285,-0.812988,0.294434,2.319336,0.854492,2.319336
7800,0.464355,-0.813965,0.299805,1.159668,-1.037598,2.319336
7801,0.466797,-0.831055,0.292480,-1.464844,-2.624512,0.183105
7802,0.466797,-0.837891,0.292480,-2.075195,-2.441406,-1.708984
7803,0.481445,-0.839355,0.288574,-0.488281,-1.708984,-3.723145
7804,0.492676,-0.836914,0.287109,0.854492,-0.488281,-3.051758
7805,0.495605,-0.833008,0.291016,1.953125,0.854492,-1.708984
7806,0.493164,-0.832520,0.296875,2.136230,1.953125,0.000000
7807,0.484863,-0.840820,0.280762,3.417969,1.342773,2.136230
7808,0.479004,-0.830566,0.286621,6.103516,0.061035,2.441406
7809,0.479004,-0.819824,0.297852,4.516602,-0.549316,2.258301
7810,0.477051,-0.828125,0.315918,0.427246,-0.183105,1.647949
7811,0.477539,-0.836426,0.312988,-2.929688,-0.244141,0.671387
7812,0.482422,-0.840820,0.298340,-3.479004,-0.610352,0.061035
7813,0.481934,-0.829102,0.283691,0.793457,-0.244141,0.366211
7814,0.479004,-0.824219,0.287109,2.075195,0.671387,1.220703
7815,0.480469,-0.817383,0.296387,1.770020,1.281738,2.197266
7816,0.471680,-0.820312,0.303711,0.061035,-0.366211,3.906250
7817,0.472168,-0.826172,0.296875,-0.183105,-1.464844,4.150391
7818,0.477539,-0.830566,0.294434,0.671387,-2.014160,5.249023
7819,0.480957,-0.833984,0.301270,0.915527,-1.586914,6.103516
7820,0.476562,-0.839355,0.298828,0.915527,-0.915527,6.347656
7821,0.473145,-0.847656,0.301270,0.854492,-0.244141,5.676270
7822,0.470215,-0.853516,0.300781,0.854492,-0.061035,4.089355
7823,0.467773,-0.841309,0.299316,0.854492,-0.549316,0.549316
7824,0.471680,-0.835938,0.297363,0.610352,-1.037598,-0.427246
7825,0.476074,-0.834961,0.291016,0.305176,-1.159668,-0.549316
7826,0.481934,-0.822754,0.291504,0.000000,-0.488281,1.586914
7827,0.480957,-0.816895,0.293457,-0.122070,-0.122070,3.540039
7828,0.472656,-0.835938,0.298828,0.000000,0.183105,5.615234
7829,0.465820,-0.844727,0.308594,-0.610352,-0.244141,4.821777
7830,0.462402,-0.845215,0.315430,-1.464844,-1.464844,3.540039
7831,0.469238,-0.835938,0.295898,-0.915527,-3.173828,2.380371
7832,0.473633,-0.828125,0.288574,0.549316,-2.441406,2.990723
7833,0.472656,-0.825195,0.284668,1.708984,-1.220703,4.150391
7834,0.468262,-0.822754,0.285156,2.746582,1.708984,6.286621
7835,0.463867,-0.817871,0.288574,2.929688,2.319336,6.958008
7836,0.458496,-0.819824,0.296875,3.112793,2.197266,7.385254
7837,0.459961,-0.845215,0.317383,0.915527,0.366211,6.713867
7838,0.461426,-0.853027,0.315918,-1.342773,-0.244141,5.432129
7839,0.464844,-0.852539,0.313965,-2.685547,-0.366211,4.455566
7840,0.463867,-0.850586,0.312988,-1.770020,-1.342773,4.089355
7841,0.464355,-0.850098,0.305664,-1.037598,-2.014160,4.211426
7842,0.464355,-0.850586,0.300293,0.000000,-2.197266,3.906250
7843,0.462402,-0.852051,0.292969,0.427246,-1.770020,2.136230
7844,0.465820,-0.846191,0.291504,0.549316,-1.403809,1.220703
7845,0.467773,-0.838867,0.290039,0.976562,-1.281738,0.793457
7846,0.465820,-0.832520,0.290039,1.525879,-1.342773,1.037598
7847,0.465332,-0.835449,0.304199,1.281738,-2.136230,2.807617
7848,0.465332,-0.843262,0.304688,0.488281,-2.136230,3.479004
7849,0.463867,-0.846191,0.303223,-0.183105,-1.525879,3.845215
7850,0.457031,-0.839844,0.302734,0.122070,-0.610352,4.882812
7851,0.452637,-0.842285,0.299316,1.159668,-0.549316,4.882812
7852,0.449707,-0.848633,0.298340,2.014160,-0.793457,4.211426
7853,0.442383,-0.843262,0.304199,1.220703,-2.075195,0.976562
7854,0.446289,-0.830078,0.301758,-0.183105,-2.685547,-0.061035
7855,0.447754,-0.828125,0.298340,-1.281738,-3.234863,-0.366211
7856,0.457520,-0.830566,0.294922,-2.563477,-2.075195,-0.244141
7857,0.463379,-0.834961,0.298340,-2.868652,-1.220703,0.610352
7858,0.462891,-0.844238,0.296387,-2.319336,-0.427246,1.464844
7859,0.457031,-0.848633,0.301270,0.427246,-0.305176,2.563477
7860,0.454590,-0.849121,0.305176,2.136230,-1.098633,2.624512
7861,0.453125,-0.854004,0.308105,3.112793,-1.892090,2.624512
7862,0.454590,-0.852051,0.310059,2.685547,-1.953125,2.563477
7863,0.459473,-0.846680,0.310547,-0.488281,-1.647949,3.051758
7864,0.455078,-0.852539,0.303223,-1.281738,-1.647949,3.112793
7865,0.455566,-0.854980,0.295898,-1.037598,-1.525879,2.990723
7866,0.456055,-0.845703,0.295898,0.061035,-1.770020,2.258301
7867,0.450195,-0.834473,0.300781,-0.366211,-1.770020,1.892090
7868,0.453125,-0.833496,0.308594,-1.281738,-1.892090,1.586914
7869,0.451172,-0.844727,0.304688,-2.075195,-3.234863,0.854492
7870,0.454590,-0.845703,0.299805,-1.586914,-3.479004,0.671387
7871,0.457520,-0.841797,0.299316,-0.671387,-3.356934,0.976562
7872,0.456055,-0.842773,0.297852,0.427246,-2.929688,1.647949
7873,0.449707,-0.834473,0.284668,2.746582,-0.732422,2.380371
7874,0.446289,-0.831543,0.285156,3.662109,0.488281,2.319336
7875,0.443359,-0.834473,0.290527,3.479004,1.098633,1.892090
7876,0.446777,-0.830566,0.302734,0.244141,0.488281,1.281738
7877,0.447266,-0.832031,0.308105,-0.854492,-0.793457,1.464844
7878,0.449707,-0.841797,0.312012,-1.403809,-2.319336,1.525879
7879,0.451660,-0.867676,0.309570,-2.624512,-3.173828,-0.122070
7880,0.453613,-0.875000,0.304688,-2.807617,-2.380371,-1.403809
7881,0.456543,-0.875000,0.301758,-2.380371,-1.403809,-2.441406
7882,0.457031,-0.867188,0.298340,-1.220703,-0.427246,-2.807617
7883,0.460938,-0.848633,0.303223,2.563477,0.244141,-0.610352
7884,0.460938,-0.836914,0.311523,3.662109,-0.244141,1.525879
7885,0.449707,-0.845703,0.315918,1.220703,-2.380371,3.479004
7886,0.450195,-0.850586,0.308105,-0.610352,-3.845215,2.929688
7887,0.451660,-0.851562,0.296387,-1.403809,-4.760742,1.892090
7888,0.452637,-0.835449,0.286133,-0.793457,-2.990723,0.976562
7889,0.451172,-0.831055,0.289062,-0.061035,-1.403809,1.464844
7890,0.445312,-0.834473,0.291016,0.549316,-0.305176,1.892090
7891,0.437012,-0.841309,0.303711,1.525879,-0.427246,1.464844
7892,0.437500,-0.842285,0.309570,0.610352,-1.647949,1.464844
7893,0.443359,-0.833496,0.306641,-0.915527,-3.051758,1.770020
7894,0.440918,-0.842773,0.291016,-1.464844,-2.563477,1.403809
7895,0.449707,-0.840332,0.291992,-0.610352,-2.075195,1.770020
7896,0.450195,-0.841797,0.291504,0.244141,-1.647949,2.319336
7897,0.444336,-0.846680,0.300781,0.793457,-1.342773,2.380371
7898,0.445312,-0.850098,0.298828,0.610352,-1.892090,1.342773
7899,0.445801,-0.852539,0.297363,1.159668,-2.075195,0.244141
7900,0.443848,-0.851562,0.296387,1.770020,-1.831055,-0.793457
7901,0.455078,-0.846680,0.303223,1.342773,-0.427246,-0.854492
7902,0.455078,-0.853027,0.311035,0.793457,-0.366211,-0.061035
7903,0.452148,-0.860840,0.310059,0.000000,-0.610352,0.427246
7904,0.455078,-0.852051,0.304688,0.915527,-0.976562,0.915527
7905,0.451172,-0.851562,0.304199,2.746582,-1.586914,1.220703
7906,0.448730,-0.850586,0.301270,3.479004,-1.647949,1.037598
7907,0.446289,-0.831055,0.295410,-0.183105,0.000000,0.366211
7908,0.446289,-0.822754,0.295410,-1.708984,0.427246,0.976562
7909,0.447754,-0.825195,0.301270,-2.075195,0.000000,2.319336
7910,0.442871,-0.848145,0.308594,-1.464844,-1.708984,4.150391
7911,0.440430,-0.860840,0.306641,-0.915527,-2.319336,3.540039
7912,0.442383,-0.864258,0.303223,0.000000,-2.441406,2.014160
7913,0.440918,-0.859375,0.296875,1.708984,-1.892090,0.061035
7914,0.442383,-0.834961,0.299316,4.333496,-0.122070,-2.380371
7915,0.446777,-0.829590,0.299805,3.845215,0.488281,-2.258301
7916,0.447754,-0.830566,0.310547,2.258301,0.793457,-1.647949
7917,0.447754,-0.838379,0.297363,-1.708984,0.671387,-0.244141
7918,0.450195,-0.843262,0.300293,-2.136230,1.220703,0.183105
7919,0.450195,-0.848145,0.302246,-2.014160,1.647949,0.244141
7920,0.436035,-0.859375,0.295410,-0.793457,2.624512,-1.831055
7921,0.436035,-0.855957,0.301758,0.000000,2.197266,-3.356934
7922,0.442871,-0.845703,0.307617,0.488281,1.098633,-3.845215
7923,0.449707,-0.843262,0.306152,0.793457,-0.244141,-3.356934
7924,0.452148,-0.849121,0.307129,0.915527,-1.281738,-1.220703
7925,0.458008,-0.852051,0.308105,0.549316,-1.220703,-0.305176
7926,0.464844,-0.853516,0.308594,0.244141,-0.549316,0.915527
7927,0.464355,-0.850098,0.319336,-0.793457,0.610352,3.845215
7928,0.458496,-0.850098,0.318848,-1.403809,0.488281,4.821777
7929,0.453613,-0.854980,0.315918,-1.403809,-0.183105,5.249023
7930,0.449707,-0.848145,0.303711,-0.183105,-1.098633,4.882812
7931,0.443848,-0.841797,0.296875,0.183105,-0.793457,4.150391
7932,0.437012,-0.839355,0.294922,0.427246,-0.366211,2.807617
7933,0.436035,-0.833984,0.300293,0.061035,-0.915527,-0.122070
7934,0.436523,-0.837891,0.302246,-0.427246,-1.342773,-1.586914
7935,0.439453,-0.839355,0.301270,-1.342773,-0.976562,-2.624512
7936,0.447754,-0.835449,0.295898,-1.892090,0.122070,-2.929688
7937,0.444336,-0.840820,0.292969,0.183105,2.319336,-2.075195
7938,0.443359,-0.843750,0.293457,2.075195,2.319336,-1.525879
7939,0.442871,-0.839355,0.300293,3.356934,1.831055,-0.915527
7940,0.435547,-0.840820,0.315918,1.770020,0.366211,-0.244141
7941,0.438965,-0.843750,0.318359,-0.488281,0.183105,-0.244141
7942,0.448242,-0.843750,0.321289,-2.441406,0.244141,0.183105
7943,0.450195,-0.862305,0.311523,-3.356934,-0.061035,1.281738
7944,0.450684,-0.865234,0.302246,-2.014160,0.000000,1.220703
7945,0.450195,-0.864258,0.296875,0.366211,-0.061035,0.976562
7946,0.449707,-0.842773,0.299316,4.089355,0.366211,1.159668
7947,0.450195,-0.836914,0.307129,3.723145,0.366211,1.953125
7948,0.449707,-0.838379,0.309570,2.136230,0.244141,2.807617
7949,0.448242,-0.842285,0.311523,-1.464844,0.427246,3.784180
7950,0.445312,-0.847656,0.315918,-2.136230,-0.122070,3.845215
7951,0.445801,-0.847168,0.317383,-2.441406,-0.915527,4.089355
7952,0.451660,-0.854980,0.305176,-3.234863,-1.098633,4.516602
7953,0.449707,-0.856445,0.300293,-2.441406,-1.098633,4.699707
7954,0.446289,-0.857422,0.295410,-1.220703,-0.976562,4.699707
7955,0.441406,-0.854004,0.294922,0.183105,-0.732422,4.333496
7956,0.437988,-0.839844,0.304688,1.708984,0.000000,3.845215
7957,0.438965,-0.841309,0.312012,1.220703,0.183105,3.967285
7958,0.435547,-0.847168,0.317383,0.000000,-0.366211,3.662109
7959,0.432129,-0.850586,0.308105,-0.671387,-1.708984,1.220703
7960,0.433105,-0.848145,0.299805,0.488281,-1.953125,-0.122070
7961,0.441895,-0.835938,0.299805,2.502441,-0.732422,-0.305176
7962,0.439453,-0.837402,0.302246,1.342773,0.366211,0.122070
7963,0.435547,-0.838867,0.305176,-0.488281,1.098633,0.061035
7964,0.435547,-0.844238,0.306641,-1.831055,1.342773,-0.549316
7965,0.435059,-0.852051,0.308105,-2.929688,1.037598,-2.075195
7966,0.440430,-0.854492,0.309570,-2.746582,0.610352,-2.319336
7967,0.439453,-0.858887,0.312988,-2.319336,-0.183105,-2.441406
7968,0.440918,-0.863281,0.308594,-0.122070,-1.281738,-2.807617
7969,0.446289,-0.857910,0.307129,1.342773,-1.525879,-2.075195
7970,0.450195,-0.851074,0.301270,2.563477,-1.342773,-0.305176
7971,0.446289,-0.849121,0.302246,2.441406,0.854492,3.479004
7972,0.442871,-0.846680,0.303223,1.525879,1.647949,4.943848
7973,0.442871,-0.843262,0.307129,0.915527,1.770020,6.408691
7974,0.436523,-0.852051,0.311035,0.549316,0.183105,7.629395
7975,0.434082,-0.858887,0.312988,0.122070,-0.366211,6.774902
7976,0.433105,-0.858398,0.320312,-0.671387,-0.915527,5.432129
7977,0.432617,-0.854492,0.306152,-1.281738,-0.793457,2.075195
7978,0.431152,-0.849609,0.300293,0.244141,-0.244141,0.488281
7979,0.431152,-0.845215,0.297363,2.258301,0.427246,-0.488281
7980,0.435059,-0.834473,0.293945,4.150391,2.197266,-0.732422
7981,0.433105,-0.833008,0.300293,3.784180,3.051758,-0.488281
7982,0.430176,-0.836914,0.312012,2.807617,2.990723,-0.427246
7983,0.427246,-0.838867,0.321289,-0.793457,1.220703,-0.976562
7984,0.431641,-0.846680,0.314453,-2.746582,0.305176,-0.976562
7985,0.434082,-0.851562,0.307129,-2.990723,0.000000,-1.098633
7986,0.439941,-0.856445,0.312500,-1.281738,1.159668,-0.305176
7987,0.442871,-0.859375,0.318359,0.061035,1.220703,0.671387
7988,0.438965,-0.861816,0.321777,0.976562,0.976562,1.403809
7989,0.436523,-0.866211,0.326172,0.549316,-0.244141,1.342773
7990,0.437500,-0.864258,0.319336,0.305176,-1.403809,0.976562
7991,0.434570,-0.860352,0.306152,0.427246,-1.647949,0.610352
7992,0.436523,-0.852539,0.299316,0.854492,-1.159668,0.549316
7993,0.438477,-0.833496,0.311523,-0.366211,-0.244141,2.807617
7994,0.437012,-0.839844,0.316406,-2.197266,-0.183105,4.028320
7995,0.434082,-0.846680,0.312988,-3.112793,-0.366211,4.455566
7996,0.429688,-0.855469,0.309082,-1.770020,-0.549316,3.234863
7997,0.432129,-0.853516,0.307617,-0.732422,-0.549316,2.746582
7998,0.428711,-0.854004,0.312012,0.000000,-0.427246,2.258301
7999,0.425293,-0.846680,0.312988,0.976562,0.000000,1.098633
8000,0.423340,-0.846680,0.313477,1.586914,-0.061035,0.671387
8001,0.422363,-0.847168,0.313477,2.136230,-0.061035,0.122070
8002,0.425781,-0.844238,0.315430,0.427246,0.488281,-0.610352
8003,0.429688,-0.844727,0.316406,-1.098633,0.610352,-0.488281
8004,0.429688,-0.848633,0.313965,-2.319336,0.305176,-0.244141
8005,0.431152,-0.858398,0.312012,-2.319336,-0.366211,-0.061035
8006,0.433594,-0.859375,0.310547,-2.136230,-0.427246,-0.122070
8007,0.432617,-0.860840,0.307129,-1.831055,-0.305176,-0.244141
8008,0.429688,-0.857910,0.305664,-1.098633,-0.122070,-0.366211
8009,0.429688,-0.857910,0.304688,1.464844,0.305176,-0.976562
8010,0.427246,-0.858398,0.310059,2.075195,0.305176,-1.525879
8011,0.432617,-0.842285,0.317871,1.098633,-0.244141,-1.525879
8012,0.433105,-0.839355,0.320312,0.061035,-0.976562,-0.732422
8013,0.430664,-0.841309,0.323242,-0.671387,-1.770020,0.244141
8014,0.435059,-0.844727,0.315918,-1.403809,-2.014160,1.220703
8015,0.436523,-0.848633,0.303711,-2.014160,0.549316,3.356934
8016,0.432617,-0.854492,0.305176,-1.342773,1.770020,4.028320
8017,0.427246,-0.861328,0.308105,0.244141,2.075195,4.333496
8018,0.426270,-0.859863,0.315918,2.624512,0.854492,4.028320
8019,0.424316,-0.855957,0.316895,2.258301,0.061035,3.967285
8020,0.421875,-0.851562,0.318359,0.976562,-0.610352,3.601074
8021,0.419922,-0.856934,0.309570,-1.342773,-1.159668,1.159668
8022,0.421387,-0.851074,0.309570,-1.342773,-1.220703,-0.122070
8023,0.425781,-0.850586,0.304199,-1.159668,-0.854492,-1.159668
8024,0.427734,-0.849609,0.305176,-1.098633,0.976562,-1.159668
8025,0.434082,-0.851562,0.323242,-1.464844,1.220703,-0.305176
8026,0.426270,-0.850586,0.323242,-1.647949,0.671387,0.488281
8027,0.422363,-0.855469,0.311523,0.061035,0.244141,0.732422
8028,0.422852,-0.852051,0.309082,1.159668,0.427246,0.610352
8029,0.421875,-0.846191,0.312500,1.708984,0.305176,0.732422
8030,0.422363,-0.845703,0.316406,-0.305176,0.366211,1.098633
8031,0.421387,-0.851562,0.315918,-1.892090,0.366211,1.098633
8032,0.425293,-0.854004,0.311523,-3.173828,0.549316,0.915527
8033,0.425293,-0.853516,0.308105,-3.662109,0.915527,0.488281
8034,0.422852,-0.868652,0.312500,-2.380371,0.244141,-0.732422
8035,0.427246,-0.870117,0.313477,-1.586914,-0.427246,-1.464844
8036,0.427734,-0.859863,0.310547,-0.732422,-0.854492,-1.953125
8037,0.431152,-0.858398,0.310059,-0.732422,0.000000,-1.464844
8038,0.434082,-0.853516,0.308105,-0.305176,0.793457,-0.427246
8039,0.431152,-0.847168,0.305176,0.671387,1.403809,0.976562
8040,0.424316,-0.842285,0.312500,2.197266,1.098633,3.906250
8041,0.424805,-0.845215,0.320312,1.708984,0.305176,4.760742
8042,0.421387,-0.845703,0.323730,0.793457,-0.732422,5.004883
8043,0.410156,-0.852539,0.308594,-0.976562,-0.976562,3.112793
8044,0.412109,-0.854004,0.306152,-1.159668,0.000000,1.342773
8045,0.418945,-0.848633,0.309082,-2.014160,1.586914,0.854492
8046,0.423340,-0.849121,0.314941,-2.441406,1.464844,2.197266
8047,0.422363,-0.853027,0.312500,-2.258301,0.671387,3.540039
8048,0.419434,-0.858398,0.310059,-1.159668,-0.305176,4.333496
8049,0.417969,-0.864746,0.307617,2.380371,-2.441406,3.479004
8050,0.419434,-0.863770,0.308105,2.929688,-2.197266,1.953125
8051,0.420410,-0.851074,0.309082,1.770020,-0.549316,-1.037598
8052,0.421875,-0.845215,0.306152,1.098633,0.366211,-1.525879
8053,0.426758,-0.842285,0.308105,0.488281,0.976562,-1.220703
8054,0.424805,-0.848633,0.311523,0.427246,1.159668,-0.732422
8055,0.416992,-0.856445,0.314453,0.244141,0.976562,-1.708984
8056,0.414551,-0.862305,0.312988,-0.427246,1.464844,-2.807617
8057,0.421875,-0.859375,0.307617,-0.854492,2.441406,-4.089355
8058,0.421875,-0.857910,0.304688,0.244141,2.624512,-3.662109
8059,0.422852,-0.853516,0.310059,1.342773,2.563477,-2.563477
8060,0.428223,-0.849121,0.325684,1.098633,1.281738,1.953125
8061,0.425781,-0.855957,0.325195,0.488281,0.305176,3.723145
8062,0.423828,-0.864258,0.320312,0.549316,-0.061035,4.455566
8063,0.423340,-0.873047,0.322754,0.915527,-0.061035,4.394531
8064,0.426758,-0.876953,0.323242,0.976562,-0.244141,3.601074
8065,0.424805,-0.870605,0.323242,1.464844,-0.183105,3.479004
8066,0.423828,-0.861816,0.326172,2.014160,-0.244141,3.601074
8067,0.420898,-0.853027,0.326660,2.197266,-0.793457,4.028320
8068,0.415527,-0.847168,0.312500,1.464844,-1.220703,4.455566
8069,0.416992,-0.840820,0.300781,1.281738,-0.061035,4.333496
8070,0.412109,-0.835449,0.300293,1.220703,2.380371,4.089355
8071,0.408691,-0.837402,0.304199,2.014160,2.624512,3.723145
8072,0.406738,-0.843262,0.316895,1.708984,2.319336,3.295898
8073,0.411621,-0.857910,0.327148,-1.586914,1.037598,1.953125
8074,0.414551,-0.858398,0.323242,-2.319336,1.037598,1.525879
8075,0.414062,-0.862793,0.317871,-1.708984,1.281738,1.220703
8076,0.411133,-0.871094,0.323242,1.525879,1.525879,0.244141
8077,0.413574,-0.869629,0.332031,2.136230,1.220703,0.000000
8078,0.418457,-0.868652,0.336914,1.647949,0.793457,0.305176
8079,0.418945,-0.863770,0.341309,-1.464844,0.366211,1.892090
8080,0.422852,-0.861816,0.329590,-1.342773,-0.061035,3.051758
8081,0.418945,-0.863281,0.311523,-0.122070,0.305176,3.967285
8082,0.412598,-0.859375,0.326660,2.258301,0.671387,4.211426
8083,0.413574,-0.857422,0.328125,2.319336,-0.305176,4.150391
8084,0.411621,-0.854980,0.318359,2.014160,-0.976562,4.089355
8085,0.408691,-0.847656,0.312988,1.098633,-0.366211,3.967285
8086,0.407715,-0.849121,0.320801,-0.244141,0.427246,3.662109
8087,0.405273,-0.851562,0.322754,-1.831055,1.220703,3.295898
8088,0.395996,-0.859863,0.318848,-2.685547,2.441406,2.319336
8089,0.395020,-0.865234,0.315430,-1.647949,2.502441,1.708984
8090,0.395508,-0.867676,0.325195,-0.366211,1.831055,0.976562
8091,0.394531,-0.869141,0.335938,0.305176,0.366211,0.244141
8092,0.399414,-0.863770,0.341797,-0.915527,-1.953125,-0.854492
8093,0.406738,-0.861328,0.335449,-1.586914,-2.258301,-0.488281
8094,0.406250,-0.862793,0.317871,-1.525879,-0.671387,1.098633
8095,0.405273,-0.863281,0.312500,-0.488281,0.427246,1.525879
8096,0.403320,-0.860352,0.313477,0.976562,1.159668,2.014160
8097,0.402832,-0.860352,0.319336,1.953125,1.342773,2.746582
8098,0.401855,-0.856934,0.328125,0.610352,1.831055,4.089355
8099,0.399414,-0.855469,0.334473,-0.854492,1.159668,4.638672
8100,0.393066,-0.858887,0.336914,-1.831055,-0.366211,4.882812
8101,0.393555,-0.861328,0.329590,-1.892090,-2.075195,4.882812
8102,0.397949,-0.872070,0.309082,0.305176,-2.502441,4.211426
8103,0.396484,-0.873047,0.307617,1.098633,-1.037598,3.662109
8104,0.397949,-0.869141,0.313965,1.159668,0.488281,3.601074
8105,0.398926,-0.859375,0.330078,0.671387,2.441406,5.065918
8106,0.392578,-0.863281,0.341309,0.549316,1.708984,6.042480
8107,0.387695,-0.870117,0.345215,0.122070,0.549316,6.591797
8108,0.387207,-0.880371,0.339355,-1.037598,0.305176,5.676270
8109,0.385742,-0.883789,0.330566,-1.342773,1.281738,4.455566
8110,0.382324,-0.878418,0.324219,-0.854492,2.258301,3.051758
8111,0.378418,-0.865234,0.321777,1.220703,2.258301,0.854492
8112,0.378418,-0.861328,0.321289,0.976562,1.708984,0.244141
8113,0.381836,-0.858887,0.324219,0.061035,1.159668,0.122070
8114,0.386230,-0.856934,0.332031,-1.159668,0.366211,0.915527
8115,0.394043,-0.856934,0.328613,-2.807617,-1.098633,4.333496
8116,0.390137,-0.867188,0.327637,-2.563477,-1.281738,5.493164
8117,0.389160,-0.871582,0.327637,-1.831055,-1.220703,5.859375
8118,0.389160,-0.870117,0.318848,0.183105,-0.671387,5.737305
8119,0.386230,-0.864258,0.322266,0.793457,-0.122070,5.798340
8120,0.385742,-0.864258,0.325195,0.915527,0.183105,5.798340
8121,0.372559,-0.878418,0.327637,0.122070,0.183105,3.540039
8122,0.371582,-0.878906,0.327148,-0.488281,0.183105,1.403809
8123,0.374512,-0.873047,0.328613,-0.915527,0.305176,-0.427246
8124,0.377441,-0.873047,0.328613,-1.037598,0.244141,-1.892090
8125,0.378418,-0.862793,0.328613,-0.732422,0.488281,-2.929688
8126,0.382324,-0.865234,0.326660,-1.647949,1.220703,-2.685547
8127,0.378418,-0.875488,0.331543,-3.234863,2.197266,-2.929688
8128,0.381836,-0.883789,0.331055,-5.004883,3.295898,-3.723145
8129,0.382812,-0.878906,0.324219,-3.845215,3.479004,-3.173828
8130,0.379395,-0.875977,0.318359,-1.708984,3.662109,-2.197266
8131,0.378906,-0.875000,0.324707,0.915527,3.479004,-1.220703
8132,0.378418,-0.873535,0.336914,0.183105,2.746582,0.915527
8133,0.374512,-0.874512,0.336426,-2.380371,2.441406,1.647949
8134,0.379395,-0.872070,0.330566,-3.723145,1.342773,2.319336
8135,0.376465,-0.879395,0.319824,-2.502441,-1.220703,3.173828
8136,0.383789,-0.871582,0.318848,-1.159668,-1.708984,3.356934
8137,0.383789,-0.865234,0.322266,-0.122070,-2.868652,4.821777
8138,0.385742,-0.864258,0.318848,-0.915527,-2.502441,5.493164
8139,0.387695,-0.863770,0.320801,-2.136230,-1.586914,6.042480
8140,0.379883,-0.868164,0.322266,-2.441406,-0.915527,5.737305
8141,0.375488,-0.871582,0.318359,-1.403809,-0.854492,4.577637
8142,0.372559,-0.875977,0.312988,-0.183105,-0.488281,2.807617
8143,0.374023,-0.880859,0.312012,-0.366211,1.770020,-1.586914
8144,0.374023,-0.875488,0.315918,-0.976562,2.624512,-3.112793
8145,0.375000,-0.869141,0.319336,-0.976562,2.258301,-3.540039
8146,0.379883,-0.863770,0.324707,-0.305176,0.732422,-2.868652
8147,0.383301,-0.869141,0.325195,0.366211,-1.953125,-0.244141
8148,0.386230,-0.875977,0.332031,0.000000,-2.380371,0.671387
8149,0.388672,-0.880371,0.329590,-0.793457,-1.892090,1.037598
8150,0.389648,-0.883789,0.333984,-2.136230,0.427246,1.525879
8151,0.386719,-0.880371,0.332031,-2.441406,1.220703,1.892090
8152,0.382812,-0.877930,0.327637,-1.892090,1.403809,2.319336
8153,0.372070,-0.870605,0.314453,0.671387,0.732422,2.563477
8154,0.371094,-0.863281,0.310059,1.647949,0.488281,2.380371
8155,0.368164,-0.857910,0.310547,1.708984,0.183105,2.258301
8156,0.365723,-0.855957,0.313477,0.915527,-0.183105,1.831055
8157,0.372559,-0.853516,0.319336,-1.953125,-0.488281,0.854492
8158,0.375000,-0.854492,0.318359,-1.770020,-0.915527,0.976562
8159,0.375000,-0.857910,0.315430,-0.305176,-1.220703,1.342773
8160,0.377930,-0.862793,0.320312,1.586914,-1.220703,2.746582
8161,0.378906,-0.867188,0.323242,1.220703,-0.488281,3.234863
8162,0.375977,-0.874023,0.332031,0.488281,0.366211,3.051758
8163,0.371582,-0.888184,0.328613,0.061035,0.244141,0.488281
8164,0.374512,-0.880371,0.316406,1.647949,0.793457,-0.427246
8165,0.380859,-0.874023,0.319824,3.112793,1.708984,-0.183105
8166,0.382812,-0.870605,0.329590,2.929688,2.014160,0.915527
8167,0.375977,-0.880859,0.339355,0.671387,0.061035,2.136230
8168,0.374023,-0.889160,0.338379,1.037598,-2.319336,1.647949
8169,0.376953,-0.883301,0.331543,2.746582,-4.943848,0.427246
8170,0.387207,-0.874512,0.334473,4.272461,-6.225586,0.732422
8171,0.377441,-0.880371,0.316406,5.371094,-6.042480,1.464844
8172,0.382812,-0.867676,0.329102,3.601074,-3.784180,2.563477
8173,0.386719,-0.858398,0.312988,2.258301,-2.990723,3.356934
8174,0.380371,-0.858398,0.330566,1.708984,-1.037598,4.577637
8175,0.364746,-0.879883,0.330566,2.624512,-3.051758,3.173828
8176,0.375488,-0.872070,0.314453,1.647949,-2.319336,2.014160
8177,0.369629,-0.861816,0.320312,0.610352,-0.549316,1.770020
8178,0.361816,-0.857910,0.329102,-0.244141,-0.366211,1.403809
8179,0.359375,-0.861816,0.321777,0.244141,-0.793457,0.610352
8180,0.362793,-0.868164,0.326172,0.244141,-0.671387,-0.305176
8181,0.373047,-0.871582,0.336914,-2.563477,0.305176,-0.915527
8182,0.371582,-0.878906,0.333984,-3.112793,0.061035,-1.037598
8183,0.370117,-0.884277,0.327637,-1.708984,-0.549316,-1.403809
8184,0.370605,-0.881348,0.319336,0.488281,-0.854492,-1.831055
8185,0.374512,-0.869141,0.321777,3.112793,-0.183105,-1.953125
8186,0.375000,-0.863281,0.330566,2.380371,0.305176,-1.708984
8187,0.372070,-0.871582,0.326660,-0.671387,0.366211,-1.708984
8188,0.373047,-0.871582,0.320801,-0.793457,0.305176,-2.258301
8189,0.374023,-0.868652,0.327148,-0.061035,-0.061035,-2.319336
8190,0.378418,-0.868652,0.343262,0.244141,-1.037598,-1.831055
8191,0.383789,-0.872070,0.338867,-1.098633,-2.075195,0.183105
8192,0.380371,-0.877930,0.330566,-1.525879,-1.464844,0.854492
8193,0.379883,-0.879883,0.324219,-1.098633,-0.122070,0.976562
8194,0.377441,-0.872559,0.326172,1.159668,1.770020,1.586914
8195,0.371582,-0.867188,0.330566,1.892090,1.647949,1.770020
8196,0.365234,-0.863770,0.335449,1.708984,-0.549316,1.525879
8197,0.367188,-0.869141,0.336914,1.037598,-1.708984,0.793457
8198,0.372070,-0.870117,0.335449,-0.061035,-2.014160,-0.122070
8199,0.373535,-0.868652,0.326660,-0.732422,-1.281738,-0.793457
8200,0.374023,-0.867188,0.330566,-0.671387,0.427246,-1.586914
8201,0.374023,-0.875000,0.334961,-0.122070,0.183105,-1.953125
8202,0.377441,-0.858887,0.328613,0.671387,0.366211,-1.586914
8203,0.378418,-0.855957,0.328613,1.037598,0.854492,-0.183105
8204,0.373047,-0.863770,0.327637,1.098633,0.976562,1.098633
8205,0.370117,-0.872559,0.330078,0.671387,1.037598,1.342773
8206,0.367676,-0.877930,0.321777,-0.183105,1.403809,-0.122070
8207,0.366211,-0.873047,0.318359,1.037598,1.770020,-0.976562
8208,0.369141,-0.862793,0.317383,2.929688,2.075195,-1.342773
8209,0.373047,-0.860840,0.331543,4.455566,2.868652,-0.488281
8210,0.364746,-0.869629,0.335449,3.051758,2.990723,-0.610352
8211,0.359863,-0.881348,0.340820,0.854492,3.295898,-1.770020
8212,0.359863,-0.894531,0.327148,-1.953125,4.821777,-5.615234
8213,0.358398,-0.889648,0.304199,0.000000,6.164551,-7.446289
8214,0.361816,-0.873047,0.298828,3.967285,7.568359,-7.812500
8215,0.371094,-0.846191,0.329102,7.812500,6.042480,-4.333496
8216,0.370117,-0.840332,0.305664,7.690430,6.835938,-1.892090
8217,0.374023,-0.826172,0.310547,6.774902,10.253906,1.281738
8218,0.375977,-0.832031,0.318359,4.638672,13.793945,5.432129
8219,0.358398,-0.883789,0.338867,4.699707,17.395020,12.939453
8220,0.344238,-0.895508,0.314941,8.117676,18.615723,13.977051
8221,0.320801,-0.872559,0.326660,14.953613,21.606445,13.671875
8222,0.313965,-0.859863,0.338867,15.747070,22.583008,13.000488
8223,0.305664,-0.855469,0.350586,16.296387,23.498535,12.634277
8224,0.303711,-0.861816,0.351562,14.770508,24.108887,13.000488
8225,0.291504,-0.845703,0.384766,13.061523,28.503418,16.601562
8226,0.291504,-0.843262,0.406250,13.549805,27.282715,18.493652
8227,0.270996,-0.860352,0.405273,15.197754,22.827148,17.944336
8228,0.252930,-0.870605,0.378418,16.479492,22.277832,12.695312
8229,0.251953,-0.861816,0.391113,17.395020,23.498535,10.437012
8230,0.225098,-0.865234,0.398438,19.714355,23.254395,8.728027
8231,0.259766,-0.866211,0.313477,31.188965,26.855469,3.051758
8232,0.261719,-0.850586,0.250488,48.095703,35.583496,1.220703
8233,0.255371,-0.840820,0.247559,69.030762,46.875000,-0.122070
8234,0.244629,-0.835938,0.296387,89.599609,55.664062,-2.014160
8235,0.216797,-0.808594,0.465820,111.816406,58.349609,-5.798340
8236,0.212402,-0.825195,0.571777,110.351562,53.955078,-7.812500
8237,0.221680,-0.840332,0.674805,77.392578,47.973633,-10.314941
8238,0.228027,-0.845703,0.666992,58.227539,47.119141,-11.718750
8239,0.232910,-0.833984,0.643555,44.677734,46.264648,-14.404297
8240,0.233887,-0.799316,0.608887,36.376953,45.410156,-16.662598
8241,0.230957,-0.739258,0.587891,36.682129,43.151855,-15.747070
8242,0.247559,-0.721191,0.665039,43.884277,35.766602,-10.681152
8243,0.253418,-0.777344,0.692871,52.978516,16.784668,-0.305176
8244,0.237793,-0.823242,0.665527,55.541992,13.122559,-3.051758
8245,0.214355,-0.844238,0.671875,59.936523,10.681152,-11.352539
8246,0.231445,-0.803711,0.742676,54.260254,6.103516,-28.747559
8247,0.258789,-0.739258,0.749023,39.855957,6.164551,-31.677246
8248,0.278809,-0.679688,0.717285,24.230957,6.652832,-30.151367
8249,0.287598,-0.643555,0.676270,11.230469,7.934570,-26.184082
8250,0.269531,-0.661621,0.659668,-3.417969,10.681152,-17.211914
8251,0.260742,-0.695312,0.672363,-5.676270,9.521484,-14.099121
8252,0.256836,-0.731934,0.674805,0.549316,1.647949,-10.986328
8253,0.255859,-0.742188,0.673828,8.239746,-2.502441,-10.864258
8254,0.261719,-0.751465,0.671875,16.052246,-4.516602,-12.390137
8255,0.287109,-0.766602,0.745117,19.836426,-0.793457,-18.249512
8256,0.295898,-0.774902,0.761719,16.723633,1.098633,-22.155762
8257,0.309570,-0.765625,0.763184,12.756348,3.112793,-25.878906
8258,0.323242,-0.739258,0.744629,9.277344,5.310059,-27.648926
8259,0.341309,-0.731445,0.704102,3.540039,11.779785,-24.902344
8260,0.329590,-0.742188,0.693359,2.929688,14.526367,-23.010254
8261,0.310547,-0.756348,0.687500,5.187988,16.174316,-22.033691
8262,0.294434,-0.761230,0.720215,11.474609,14.160156,-20.568848
8263,0.292480,-0.779785,0.729980,11.657715,11.901855,-20.263672
8264,0.289062,-0.776367,0.745117,9.826660,10.986328,-19.409180
8265,0.289062,-0.756348,0.763672,7.873535,10.314941,-17.272949
8266,0.267578,-0.685547,0.778809,8.911133,3.967285,-8.605957
8267,0.244629,-0.654297,0.793945,16.662598,-5.065918,-3.112793
8268,0.167969,-0.640137,0.717285,42.663574,-25.329590,6.347656
8269,0.151855,-0.630371,0.691406,53.710938,-27.282715,8.239746
8270,0.143066,-0.626953,0.692871,62.744141,-26.611328,9.338379
8271,0.134766,-0.636230,0.721680,67.016602,-23.559570,8.422852
8272,0.112305,-0.625977,0.811035,58.776855,-19.958496,1.464844
8273,0.122070,-0.583984,0.817383,47.363281,-18.371582,-1.464844
8274,0.120605,-0.558105,0.800781,33.386230,-15.502930,-3.295898
8275,0.120117,-0.553711,0.766602,15.258789,-8.972168,-7.263184
8276,0.131836,-0.552734,0.737793,13.671875,-8.056641,-9.155273
8277,0.139160,-0.552246,0.713867,11.901855,-4.943848,-10.559082
8278,0.178223,-0.587402,0.782227,-5.920410,3.662109,-9.643555
8279,0.194336,-0.645020,0.788086,-20.019531,5.065918,-11.230469
8280,0.212891,-0.664551,0.752441,-32.775879,6.774902,-14.892578
8281,0.237793,-0.652832,0.706055,-42.480469,14.282227,-18.066406
8282,0.265137,-0.673828,0.682129,-39.794922,17.517090,-18.371582
8283,0.313477,-0.697754,0.727539,-16.540527,8.605957,-17.761230
8284,0.344238,-0.690430,0.732422,1.647949,-1.770020,-17.333984
8285,0.372559,-0.654297,0.750977,17.883301,-10.925293,-16.540527
8286,0.387695,-0.616699,0.757324,27.038574,-16.174316,-15.502930
8287,0.406738,-0.585938,0.767578,26.062012,-14.648438,-15.869141
8288,0.410156,-0.574219,0.762695,19.714355,-9.460449,-17.395020
8289,0.402344,-0.561035,0.750977,13.122559,-3.662109,-19.042969
8290,0.362793,-0.566406,0.694336,-0.854492,14.770508,-23.193359
8291,0.353516,-0.565430,0.672363,-5.737305,27.587891,-25.024414
8292,0.315430,-0.569336,0.673340,-6.591797,45.288086,-28.869629
8293,0.295410,-0.563965,0.661133,-5.371094,49.926758,-32.409668
8294,0.276367,-0.545410,0.657227,-4.516602,52.612305,-36.132812
8295,0.257812,-0.492676,0.680664,-4.394531,53.405762,-41.320801
8296,0.266113,-0.476562,0.710449,-3.295898,49.194336,-40.954590
8297,0.266602,-0.483887,0.738770,-2.380371,41.809082,-39.794922
8298,0.262695,-0.536621,0.766113,-7.629395,27.404785,-38.696289
8299,0.283691,-0.563965,0.738281,-9.704590,23.559570,-38.879395
8300,0.323242,-0.564941,0.720703,-5.004883,31.738281,-39.978027
8301,0.350098,-0.529297,0.760742,-3.723145,38.879395,-39.367676
8302,0.365234,-0.502930,0.797363,-3.662109,43.029785,-38.208008
8303,0.365723,-0.495605,0.820312,-4.699707,43.884277,-38.452148
8304,0.397461,-0.490234,0.827148,-5.065918,36.621094,-42.236328
8305,0.407227,-0.497070,0.809082,-4.760742,30.822754,-45.227051
8306,0.415039,-0.512207,0.767578,-6.286621,27.221680,-48.156738
8307,0.450684,-0.523926,0.716797,-15.136719,26.550293,-47.851562
8308,0.441406,-0.549805,0.672852,-22.338867,32.409668,-45.532227
8309,0.415527,-0.589355,0.673340,-28.747559,38.208008,-45.349121
8310,0.392090,-0.601074,0.691406,-30.151367,40.283203,-48.278809
8311,0.393066,-0.578125,0.770996,-24.353027,38.146973,-51.696777
8312,0.402832,-0.542480,0.831543,-23.315430,37.353516,-49.560547
8313,0.415039,-0.520020,0.852539,-24.841309,36.315918,-45.410156
8314,0.408691,-0.521484,0.839844,-26.550293,36.987305,-39.611816
8315,0.395020,-0.525391,0.836426,-23.132324,37.597656,-40.039062
8316,0.377930,-0.523926,0.829102,-19.653320,37.719727,-42.114258
8317,0.348145,-0.534180,0.821289,-20.080566,39.062500,-49.926758
8318,0.327637,-0.538574,0.819824,-22.949219,40.710449,-54.077148
8319,0.330566,-0.535645,0.820801,-28.198242,43.640137,-57.739258
8320,0.358398,-0.496094,0.733887,-35.278320,49.560547,-59.326172
8321,0.348145,-0.489746,0.718262,-34.118652,52.246094,-59.997559
8322,0.334961,-0.488770,0.721191,-29.541016,51.452637,-61.218262
8323,0.353027,-0.500000,0.755859,-20.019531,42.968750,-64.453125
8324,0.382324,-0.504883,0.768555,-17.761230,38.024902,-64.636230
8325,0.411621,-0.500488,0.773926,-16.418457,34.301758,-63.415527
8326,0.418945,-0.489746,0.761719,-15.197754,32.775879,-60.729980
8327,0.403320,-0.530273,0.780273,-12.268066,33.996582,-58.288574
8328,0.411133,-0.538086,0.791992,-11.535645,33.813477,-60.668945
8329,0.429199,-0.519043,0.799316,-11.779785,33.203125,-62.500000
8330,0.450195,-0.497070,0.776855,-15.991211,33.081055,-61.706543
8331,0.450684,-0.498047,0.754883,-17.883301,33.935547,-61.035156
8332,0.459473,-0.500488,0.733887,-16.723633,34.240723,-60.791016
8333,0.479492,-0.488770,0.740234,-15.625000,37.109375,-58.105469
8334,0.496582,-0.469238,0.753418,-15.441895,36.621094,-54.138184
8335,0.497559,-0.448242,0.756836,-16.723633,36.010742,-48.950195
8336,0.470703,-0.457031,0.729004,-21.362305,39.062500,-41.137695
8337,0.461914,-0.482422,0.699707,-22.460938,44.250488,-41.503906
8338,0.447266,-0.506348,0.696289,-22.399902,49.072266,-44.128418
8339,0.389160,-0.505859,0.702148,-12.878418,51.208496,-49.560547
8340,0.411133,-0.495117,0.684570,-2.685547,49.072266,-50.781250
8341,0.427246,-0.459473,0.680176,9.277344,44.677734,-50.109863
8342,0.408691,-0.459961,0.663086,23.864746,38.696289,-46.813965
8343,0.396973,-0.478516,0.685059,24.169922,39.672852,-48.400879
8344,0.390625,-0.470703,0.719727,20.324707,40.405273,-50.964355
8345,0.385742,-0.460938,0.761719,11.657715,41.015625,-52.124023
8346,0.386230,-0.488770,0.766113,-10.131836,39.184570,-50.292969
8347,0.384766,-0.508789,0.758789,-18.127441,38.330078,-50.598145
8348,0.364258,-0.521973,0.758301,-15.930176,31.555176,-51.818848
8349,0.363770,-0.523438,0.745117,-8.117676,27.465820,-51.025391
8350,0.380859,-0.519043,0.704590,-2.441406,29.968262,-49.743652
8351,0.422363,-0.540039,0.713867,1.220703,39.550781,-47.668457
8352,0.406738,-0.591309,0.854492,3.295898,46.569824,-49.987793
8353,0.407715,-0.550781,0.913574,-0.305176,44.067383,-50.231934
8354,0.426270,-0.512207,0.951660,-2.685547,38.208008,-47.058105
8355,0.479004,-0.463379,0.942383,-0.732422,20.629883,-29.235840
8356,0.493652,-0.457520,0.938965,3.173828,14.648438,-18.066406
8357,0.494629,-0.454102,0.985840,18.127441,-11.535645,4.516602
8358,0.473633,-0.514160,0.866211,17.761230,-11.718750,9.399414
8359,0.488770,-0.524414,0.816895,14.038086,-2.014160,9.033203
8360,0.477539,-0.529785,0.751953,2.868652,18.005371,6.835938
8361,0.470703,-0.527832,0.746582,-5.187988,27.587891,6.896973
8362,0.469238,-0.510254,0.772949,-11.047363,31.860352,8.361816
8363,0.467773,-0.478027,0.809570,-17.517090,26.000977,13.732910
8364,0.455566,-0.474121,0.829102,-17.822266,18.615723,16.662598
8365,0.437012,-0.501465,0.825195,-18.005371,12.023926,18.371582
8366,0.393066,-0.581543,0.794434,-16.113281,9.216309,11.718750
8367,0.419434,-0.573730,0.802734,-13.488770,10.314941,7.263184
8368,0.422852,-0.546387,0.793457,-11.718750,10.131836,5.737305
8369,0.398926,-0.529297,0.782227,-8.422852,4.943848,7.324219
8370,0.390625,-0.548340,0.752930,-9.399414,6.225586,5.187988
8371,0.375488,-0.559082,0.787598,-13.183594,10.070801,0.915527
8372,0.375000,-0.547852,0.816406,-18.249512,11.291504,-3.784180
8373,0.380371,-0.508301,0.853516,-28.015137,9.643555,-5.371094
8374,0.400391,-0.490723,0.866699,-29.113770,5.920410,-2.868652
8375,0.395996,-0.473145,0.873047,-26.489258,3.051758,1.525879
8376,0.371582,-0.498047,0.808105,-8.666992,-4.394531,12.207031
8377,0.373047,-0.476562,0.807617,1.708984,-9.155273,17.272949
8378,0.380859,-0.434082,0.816406,10.131836,-14.648438,24.230957
8379,0.385742,-0.406738,0.826172,17.578125,-24.414062,43.029785
8380,0.386719,-0.411621,0.841309,15.441895,-29.052734,52.124023
8381,0.380371,-0.414551,0.831055,9.582520,-31.921387,60.119629
8382,0.370117,-0.417969,0.810547,-5.432129,-31.433105,72.448730
8383,0.351074,-0.438965,0.748047,-13.732910,-24.230957,75.317383
8384,0.333984,-0.450195,0.756836,-19.104004,-15.808105,76.416016
8385,0.292969,-0.501953,0.748535,-25.268555,-1.037598,72.875977
8386,0.248047,-0.532227,0.750977,-25.451660,2.319336,67.810059
8387,0.214355,-0.548340,0.770508,-22.644043,1.586914,60.424805
8388,0.214844,-0.514648,0.794922,-9.399414,-12.451172,47.302246
8389,0.197754,-0.500977,0.821777,-4.028320,-20.385742,43.212891
8390,0.174805,-0.507812,0.841797,-3.295898,-26.733398,39.001465
8391,0.168945,-0.518555,0.841797,-4.516602,-31.311035,34.057617
8392,0.197266,-0.504883,0.815918,-3.601074,-37.231445,26.977539
8393,0.199219,-0.494141,0.829590,0.671387,-41.931152,27.648926
8394,0.194336,-0.500488,0.847168,6.042480,-47.363281,29.724121
8395,0.200195,-0.507324,0.879395,13.793945,-55.603027,34.179688
8396,0.219238,-0.490723,0.884766,17.456055,-57.617188,36.865234
8397,0.251465,-0.458984,0.908203,20.751953,-53.955078,44.555664
8398,0.248535,-0.468262,0.916992,18.798828,-48.278809,46.875000
8399,0.233887,-0.490723,0.908203,14.404297,-39.855957,45.837402
8400,0.213379,-0.502441,0.925293,2.258301,-22.155762,38.391113
8401,0.205566,-0.493164,0.930664,-2.563477,-19.653320,35.949707
8402,0.190430,-0.479980,0.926758,-4.333496,-22.399902,35.583496
8403,0.164062,-0.480957,0.890137,4.211426,-37.231445,38.513184
8404,0.165039,-0.478516,0.866699,11.169434,-44.616699,40.222168
8405,0.176758,-0.471191,0.853516,18.432617,-49.499512,42.907715
8406,0.194336,-0.475098,0.852051,24.780273,-51.147461,46.020508
8407,0.231445,-0.497559,0.855957,26.794434,-44.677734,50.476074
8408,0.239746,-0.507324,0.851074,24.780273,-40.527344,51.208496
8409,0.231445,-0.514648,0.853516,22.460938,-37.109375,50.781250
8410,0.216797,-0.517090,0.868164,19.226074,-35.400391,49.377441
8411,0.210449,-0.530762,0.901855,9.948730,-35.217285,45.654297
8412,0.213379,-0.535645,0.913574,3.173828,-35.034180,44.067383
8413,0.219238,-0.533691,0.876465,-7.629395,-32.714844,44.067383
8414,0.209473,-0.534180,0.861816,-6.591797,-28.198242,44.921875
8415,0.207520,-0.552246,0.796387,-1.281738,-26.489258,44.738770
8416,0.191406,-0.552246,0.779785,5.920410,-27.099609,43.457031
8417,0.163086,-0.553223,0.759766,18.798828,-32.104492,39.489746
8418,0.169434,-0.556641,0.750000,21.179199,-34.729004,37.109375
8419,0.183594,-0.515625,0.752930,18.859863,-40.283203,35.034180
8420,0.193848,-0.505371,0.763672,17.883301,-44.067383,36.437988
8421,0.200684,-0.515137,0.782227,18.310547,-48.828125,38.330078
8422,0.213379,-0.526367,0.809082,20.324707,-54.504395,40.222168
8423,0.232910,-0.540527,0.872070,25.573730,-64.697266,42.846680
8424,0.236816,-0.556152,0.902832,26.855469,-68.298340,42.114258
8425,0.244629,-0.566895,0.915527,26.672363,-69.702148,39.794922
8426,0.266113,-0.557129,0.921387,24.658203,-62.744141,34.667969
8427,0.282227,-0.545410,0.918945,23.437500,-56.396484,34.118652
8428,0.303711,-0.523926,0.903809,19.714355,-43.762207,39.611816
8429,0.296875,-0.521973,0.884766,17.272949,-39.489746,44.799805
8430,0.288086,-0.518555,0.865723,14.953613,-37.902832,50.659180
8431,0.272949,-0.517090,0.817871,9.887695,-40.100098,63.903809
8432,0.257812,-0.534180,0.810059,5.371094,-41.259766,68.847656
8433,0.250000,-0.556152,0.804199,0.854492,-43.029785,71.716309
8434,0.253418,-0.565918,0.799316,-6.591797,-46.325684,74.829102
8435,0.247070,-0.576660,0.791504,-7.019043,-47.485352,75.988770
8436,0.233398,-0.595703,0.757324,3.356934,-51.147461,72.509766
8437,0.222168,-0.603027,0.736816,12.023926,-52.368164,67.749023
8438,0.219727,-0.603516,0.729492,21.240234,-53.527832,61.584473
8439,0.220703,-0.597168,0.725586,29.052734,-54.870605,55.175781
8440,0.238281,-0.540039,0.760742,36.621094,-57.556152,46.997070
8441,0.251953,-0.503906,0.791016,34.912109,-58.166504,47.546387
8442,0.251465,-0.488770,0.811523,28.808594,-57.739258,50.109863
8443,0.245117,-0.497070,0.817871,17.578125,-54.931641,55.358887
8444,0.246094,-0.494629,0.787598,18.188477,-51.757812,57.189941
8445,0.218262,-0.517578,0.736328,27.893066,-36.987305,57.861328
8446,0.205078,-0.553711,0.731934,31.799316,-27.282715,54.382324
8447,0.197266,-0.567383,0.718262,32.409668,-17.517090,48.400879
8448,0.200195,-0.544922,0.695312,30.822754,-8.361816,43.334961
8449,0.181152,-0.482422,0.745605,28.808594,-2.319336,43.395996
8450,0.173340,-0.475586,0.791016,29.663086,-8.544922,45.898438
8451,0.171387,-0.469727,0.842285,30.822754,-20.751953,47.729492
8452,0.207520,-0.455078,0.847656,33.874512,-50.170898,51.635742
8453,0.242188,-0.446777,0.788574,35.644531,-56.152344,53.894043
8454,0.284180,-0.440918,0.737793,37.597656,-54.199219,56.457520
8455,0.333984,-0.423340,0.679688,42.663574,-44.006348,66.467285
8456,0.335449,-0.428223,0.671387,44.921875,-40.161133,73.669434
8457,0.348145,-0.432129,0.666016,46.752930,-37.475586,80.566406
8458,0.363281,-0.441895,0.657227,46.264648,-33.813477,85.876465
8459,0.394531,-0.495117,0.691406,39.062500,-26.489258,90.515137
8460,0.396973,-0.509277,0.708496,32.897949,-23.742676,90.332031
8461,0.388184,-0.523438,0.723633,25.756836,-21.606445,89.233398
8462,0.355957,-0.595215,0.743652,15.258789,-19.104004,81.542969
8463,0.331543,-0.645508,0.754395,14.099121,-20.935059,72.509766
8464,0.310059,-0.672363,0.770508,17.333984,-25.573730,60.791016
8465,0.292969,-0.674805,0.792480,35.583496,-39.184570,38.085938
8466,0.295898,-0.669434,0.795410,46.203613,-43.579102,28.198242
8467,0.302734,-0.658691,0.804688,55.541992,-45.959473,19.287109
8468,0.309082,-0.608398,0.851562,70.495605,-49.194336,4.821777
8469,0.306641,-0.580078,0.891602,76.110840,-51.940918,0.366211
8470,0.313477,-0.558105,0.945801,79.650879,-55.419922,-2.136230
8471,0.369629,-0.544434,1.010742,72.998047,-58.288574,-1.098633
8472,0.406250,-0.535156,1.006348,62.255859,-53.833008,3.234863
8473,0.432129,-0.538574,0.948730,50.720215,-43.762207,10.192871
8474,0.471191,-0.504395,0.885254,35.217285,-13.854980,28.869629
8475,0.431641,-0.487793,0.841797,29.968262,0.488281,39.672852
8476,0.377441,-0.499512,0.843262,25.024414,9.704590,57.250977
8477,0.355957,-0.524414,0.910156,22.399902,3.784180,63.171387
8478,0.336426,-0.532715,0.963379,15.991211,-8.544922,67.687988
8479,0.333008,-0.522461,0.982910,6.774902,-23.742676,72.326660
8480,0.357422,-0.521973,0.900879,-7.751465,-47.607422,81.115723
8481,0.368652,-0.542480,0.833008,-6.652832,-54.931641,83.190918
8482,0.386719,-0.567383,0.774414,-0.122070,-56.579590,80.932617
8483,0.392090,-0.516113,0.768555,15.625000,-42.907715,69.396973
8484,0.378906,-0.479980,0.800293,19.775391,-35.888672,63.842773
8485,0.359863,-0.458984,0.824219,21.545410,-31.555176,58.410645
8486,0.334473,-0.446289,0.851074,20.812988,-28.991699,48.034668
8487,0.324219,-0.447266,0.835938,19.165039,-28.930664,44.555664
8488,0.315430,-0.456543,0.807129,16.723633,-27.404785,41.137695
8489,0.309082,-0.458496,0.786133,14.160156,-24.780273,36.926270
8490,0.284668,-0.432617,0.803223,8.728027,-19.470215,30.883789
8491,0.272949,-0.437012,0.814941,6.286621,-18.493652,29.663086
8492,0.264160,-0.457031,0.816406,5.493164,-17.333984,28.503418
8493,0.258789,-0.500977,0.846680,9.704590,-16.540527,26.000977
8494,0.255859,-0.501953,0.846680,13.000488,-17.089844,25.817871
8495,0.255371,-0.498535,0.853516,15.563965,-17.761230,26.306152
8496,0.265625,-0.462402,0.869629,18.676758,-21.240234,30.761719
8497,0.277344,-0.453125,0.867188,18.493652,-22.521973,36.010742
8498,0.277832,-0.463867,0.868652,17.150879,-23.071289,41.076660
8499,0.271484,-0.476074,0.861328,14.831543,-22.766113,44.677734
8500,0.244629,-0.464355,0.869629,7.385254,-23.437500,51.330566
8501,0.329590,-0.527344,0.825684,2.868652,-26.245117,50.231934
8502,0.298828,-0.501465,0.784668,4.943848,-22.094727,46.386719
8503,0.289062,-0.474121,0.779785,7.690430,-19.470215,43.457031
8504,0.289062,-0.466797,0.788574,9.033203,-18.493652,40.893555
8505,0.295410,-0.461914,0.785645,6.103516,-13.366699,36.071777
8506,0.320312,-0.448730,0.781738,3.906250,-8.056641,34.790039
8507,0.309570,-0.469238,0.754883,2.441406,-1.953125,34.851074
8508,0.290527,-0.522461,0.723633,12.329102,7.629395,31.494141
8509,0.282715,-0.507812,0.763672,21.301270,9.216309,29.357910
8510,0.277344,-0.486816,0.800293,27.893066,7.751465,28.991699
8511,0.268555,-0.475586,0.833008,30.944824,5.371094,28.625488
8512,0.219238,-0.484863,0.894531,26.489258,3.295898,24.963379
8513,0.221191,-0.482422,0.899902,21.240234,1.464844,22.888184
8514,0.227051,-0.480469,0.903809,16.418457,1.892090,22.705078
8515,0.216309,-0.490234,0.926270,13.854980,2.685547,23.071289
8516,0.173828,-0.515625,0.937988,18.676758,4.333496,15.441895
8517,0.125000,-0.542480,0.924805,22.949219,7.629395,5.859375
8518,0.001953,-0.528320,0.900879,28.137207,11.657715,-5.615234
8519,0.115234,-0.531250,0.913086,61.767578,-6.469727,-12.817383
8520,0.145020,-0.516602,0.956543,90.759277,-31.066895,-11.779785
8521,0.119629,-0.477539,0.963379,111.755371,-51.269531,-6.591797
8522,0.079590,-0.474609,0.999512,119.079590,-66.406250,-2.319336
8523,0.078613,-0.487793,1.020508,112.182617,-73.791504,0.244141
8524,0.121094,-0.571289,0.958008,83.007812,-70.312500,-2.441406
8525,0.123535,-0.580078,0.903809,74.218750,-64.086914,-9.704590
8526,0.142090,-0.507812,0.824707,58.410645,-42.480469,-43.579102
8527,0.201660,-0.420410,0.819336,48.645020,-30.456543,-58.471680
8528,0.261719,-0.352539,0.853027,34.912109,-19.165039,-62.988281
8529,0.272949,-0.314453,0.909668,15.197754,-8.483887,-57.495117
8530,0.210938,-0.422852,0.989258,-36.010742,14.465332,-42.724609
8531,0.199707,-0.500977,0.992676,-50.659180,21.484375,-46.081543
8532,0.192871,-0.525879,0.977051,-51.513672,24.230957,-63.964844
8533,0.184570,-0.489258,0.970703,-46.081543,24.963379,-72.570801
8534,0.187988,-0.433105,0.976074,-40.344238,28.564453,-79.406738
8535,0.211426,-0.388184,1.008789,-35.827637,31.066895,-84.594727
8536,0.228027,-0.323242,1.021484,-25.268555,18.859863,-90.454102
8537,0.245117,-0.290039,0.994141,-14.892578,5.798340,-89.660645
8538,0.270508,-0.247070,0.940918,-2.014160,-7.080078,-85.449219
8539,0.321777,-0.180664,0.847656,11.657715,-21.728516,-69.213867
8540,0.344727,-0.173828,0.812012,9.704590,-21.545410,-61.767578
8541,0.368652,-0.195312,0.792969,4.394531,-18.127441,-56.640625
8542,0.394531,-0.229004,0.795898,-3.173828,-9.216309,-53.710938
8543,0.429199,-0.211426,0.816406,-7.873535,-1.220703,-52.185059
8544,0.474121,-0.187500,0.826172,-14.831543,8.239746,-48.217773
8545,0.553711,-0.142578,0.883789,-32.592773,24.169922,-34.912109
8546,0.533691,-0.143555,0.905273,-36.682129,30.395508,-24.475098
8547,0.492676,-0.186035,0.971191,-40.466309,37.963867,-15.686035
8548,0.453613,-0.306152,1.130859,-49.560547,33.935547,-13.183594
8549,0.431152,-0.324707,1.156250,-51.025391,24.047852,-15.502930
8550,0.423340,-0.317871,1.155762,-50.292969,13.183594,-17.822266
8551,0.469727,-0.293457,1.080078,-42.846680,2.929688,-17.028809
8552,0.488770,-0.291504,1.095215,-40.344238,6.835938,-14.465332
8553,0.479492,-0.300781,1.142578,-44.189453,12.695312,-10.681152
8554,0.425293,-0.415039,1.224121,-59.509277,10.498047,-3.479004
8555,0.390625,-0.465820,1.193848,-61.462402,-3.417969,-1.708984
8556,0.356445,-0.470703,1.120605,-57.800293,-18.676758,-2.807617
8557,0.399414,-0.443359,1.013184,-47.607422,-40.771484,-5.737305
8558,0.416992,-0.423828,0.955566,-51.452637,-41.015625,-4.516602
8559,0.413574,-0.408691,0.925293,-58.471680,-35.156250,-2.929688
8560,0.401367,-0.433594,0.945312,-68.969727,-22.399902,3.051758
8561,0.384766,-0.467773,0.961426,-69.763184,-24.780273,6.530762
8562,0.357910,-0.506836,0.968262,-69.091797,-32.653809,7.385254
8563,0.354492,-0.508301,0.941406,-68.481445,-43.579102,6.164551
8564,0.402832,-0.425781,0.789551,-70.251465,-53.588867,5.187988
8565,0.421875,-0.421387,0.741699,-69.213867,-50.109863,8.972168
8566,0.411133,-0.467285,0.729980,-65.002441,-45.837402,12.878418
8567,0.332520,-0.546387,0.787109,-54.382324,-47.424316,11.230469
8568,0.313965,-0.564941,0.751465,-50.231934,-51.452637,7.141113
8569,0.308594,-0.568359,0.687500,-44.311523,-55.908203,2.685547
8570,0.314941,-0.568359,0.604980,-39.978027,-57.678223,-2.746582
8571,0.392090,-0.492676,0.506836,-32.653809,-45.471191,-14.099121
8572,0.437500,-0.413574,0.519043,-31.616211,-36.315918,-15.380859
8573,0.460938,-0.308105,0.563965,-33.081055,-24.536133,-2.929688
8574,0.455566,-0.303711,0.584473,-33.447266,-23.559570,5.676270
8575,0.439453,-0.335938,0.582520,-32.043457,-25.451660,13.244629
8576,0.384766,-0.404785,0.464844,-31.066895,-34.790039,21.606445
8577,0.360840,-0.400879,0.344727,-32.592773,-37.719727,21.728516
8578,0.347656,-0.390625,0.223633,-33.020020,-34.973145,20.568848
8579,0.341797,-0.396484,0.123047,-29.174805,-28.869629,19.348145
8580,0.347168,-0.389160,0.072754,-1.525879,-13.488770,13.427734
8581,0.349609,-0.345215,0.112305,11.657715,-9.582520,13.488770
8582,0.301758,-0.364258,0.143555,29.235840,-10.742188,22.521973
8583,0.270508,-0.415039,0.131836,39.428711,-13.793945,24.841309
8584,0.231445,-0.595703,0.192871,52.612305,-7.141113,15.441895
8585,0.255371,-0.626953,0.266602,55.725098,-0.610352,3.601074
8586,0.317383,-0.597656,0.338867,55.786133,7.873535,-8.789062
8587,0.397949,-0.508301,0.412598,54.504395,18.615723,-17.517090
8588,0.524414,-0.354004,0.576172,53.894043,39.428711,-15.136719
8589,0.545898,-0.302246,0.658203,58.044434,45.104980,-7.934570
8590,0.522949,-0.375488,0.948730,65.246582,51.879883,7.934570
8591,0.493164,-0.503906,1.136719,57.983398,51.757812,11.047363
8592,0.472656,-0.583984,1.232422,52.001953,41.442871,10.192871
8593,0.467285,-0.618164,1.257324,51.208496,24.475098,7.690430
8594,0.479980,-0.631348,1.177734,54.565430,-1.159668,2.990723
8595,0.501465,-0.621094,1.145020,55.908203,-6.835938,1.098633
8596,0.490234,-0.574219,1.080078,55.725098,-19.042969,0.427246
8597,0.483398,-0.543945,1.031250,57.434082,-25.695801,1.647949
8598,0.481934,-0.527832,0.975586,59.143066,-32.287598,3.906250
8599,0.477539,-0.510742,0.919922,59.448242,-36.132812,5.249023
8600,0.499023,-0.448242,0.861816,45.959473,-24.108887,6.408691
8601,0.507324,-0.453125,0.886719,28.747559,-8.911133,9.643555
8602,0.494141,-0.474121,0.934082,8.666992,3.967285,13.671875
8603,0.456543,-0.514648,0.966309,-10.253906,8.789062,16.174316
8604,0.391113,-0.552246,0.884277,-24.902344,0.610352,10.009766
8605,0.402832,-0.533203,0.837402,-21.606445,-6.408691,4.760742
8606,0.421387,-0.488281,0.744629,-7.080078,-12.207031,-4.760742
8607,0.427246,-0.463379,0.738770,4.089355,-12.207031,-9.216309
8608,0.445312,-0.428711,0.779785,13.000488,-12.268066,-11.596680
8609,0.459961,-0.408203,0.835449,13.854980,-12.390137,-10.314941
8610,0.462402,-0.419434,0.849121,-7.873535,-7.934570,-6.530762
8611,0.462402,-0.435059,0.812988,-17.944336,-3.662109,-7.385254
8612,0.463867,-0.426270,0.773438,-20.690918,7.690430,-13.427734
8613,0.466309,-0.406250,0.799316,-17.333984,12.329102,-16.967773
8614,0.473145,-0.382324,0.845703,-14.709473,13.427734,-19.653320
8615,0.483887,-0.332031,0.891602,-7.019043,1.464844,-20.751953
8616,0.490234,-0.303711,0.877930,-2.746582,-8.483887,-18.798828
8617,0.493652,-0.290039,0.825684,1.037598,-18.188477,-15.014648
8618,0.498535,-0.295898,0.761719,3.662109,-25.634766,-10.803223
8619,0.509277,-0.324707,0.627441,-0.488281,-23.071289,-5.493164
8620,0.511719,-0.346191,0.584961,-4.394531,-15.014648,-4.333496
8621,0.505371,-0.385254,0.584961,-9.826660,-6.958008,-4.394531
8622,0.486816,-0.449707,0.554688,-15.930176,8.422852,-17.150879
8623,0.516113,-0.416504,0.590332,-13.000488,17.089844,-26.123047
8624,0.553711,-0.372559,0.644531,-7.202148,21.301270,-31.005859
8625,0.569336,-0.334961,0.689941,2.502441,18.920898,-31.433105
8626,0.577148,-0.281738,0.757812,17.883301,6.469727,-26.245117
8627,0.596191,-0.259766,0.763184,19.714355,0.671387,-21.911621
8628,0.627930,-0.243652,0.733398,10.314941,-0.793457,-8.361816
8629,0.627441,-0.285156,0.725098,1.770020,2.502441,-1.586914
8630,0.616699,-0.344727,0.722656,-6.286621,7.202148,2.380371
8631,0.598633,-0.446777,0.718262,-14.953613,15.686035,-0.854492
8632,0.585938,-0.456055,0.719727,-9.765625,17.822266,-7.019043
8633,0.591797,-0.430176,0.751465,-2.014160,18.249512,-12.817383
8634,0.604492,-0.395020,0.785645,4.455566,15.258789,-15.747070
8635,0.618164,-0.331055,0.813477,13.305664,4.394531,-13.977051
8636,0.631348,-0.314453,0.809570,13.183594,0.732422,-10.620117
8637,0.645020,-0.310547,0.791992,10.498047,-0.915527,-6.591797
8638,0.635742,-0.340820,0.759277,2.929688,0.244141,0.244141
8639,0.630371,-0.362793,0.746582,-1.281738,2.563477,1.342773
8640,0.625000,-0.374512,0.733398,-5.371094,5.981445,0.976562
8641,0.621094,-0.394531,0.730957,-7.080078,10.131836,-0.122070
8642,0.590820,-0.405762,0.792969,-4.394531,15.808105,-3.173828
8643,0.583496,-0.405273,0.824707,-2.868652,14.831543,-4.577637
8644,0.581543,-0.395508,0.840820,-0.122070,10.070801,-5.371094
8645,0.568848,-0.356934,0.825195,2.319336,-0.915527,-4.699707
8646,0.568359,-0.343750,0.797363,0.793457,-4.516602,-3.662109
8647,0.573730,-0.331543,0.761719,-1.708984,-5.310059,-2.319336
8648,0.567871,-0.347168,0.721680,-5.126953,3.295898,0.610352
8649,0.557129,-0.358398,0.737305,-8.361816,9.704590,2.136230
8650,0.538574,-0.383301,0.760254,-11.901855,13.000488,2.685547
8651,0.504395,-0.421387,0.759766,-15.014648,10.131836,-0.976562
8652,0.499023,-0.420410,0.730957,-11.413574,7.568359,-4.821777
8653,0.506348,-0.404297,0.702148,-4.272461,5.493164,-7.934570
8654,0.522949,-0.354004,0.699219,9.094238,-1.159668,-10.314941
8655,0.523926,-0.326172,0.692383,10.009766,-1.708984,-10.314941
8656,0.543457,-0.306641,0.681641,7.629395,0.549316,-8.911133
8657,0.562012,-0.295410,0.678223,-6.042480,11.657715,-2.685547
8658,0.558594,-0.322754,0.674316,-15.869141,20.141602,0.122070
8659,0.565430,-0.365723,0.697266,-22.216797,27.770996,0.000000
8660,0.558105,-0.387207,0.769043,-25.756836,40.405273,-2.746582
8661,0.551758,-0.402832,0.803223,-19.409180,40.954590,-4.882812
8662,0.546387,-0.398926,0.838867,-10.070801,37.658691,-6.835938
8663,0.550293,-0.391602,0.885254,4.638672,22.094727,-7.385254
8664,0.533691,-0.390137,0.916992,8.117676,13.488770,-8.850098
8665,0.542969,-0.379395,0.906738,10.131836,6.347656,-10.498047
8666,0.560059,-0.369141,0.887207,10.131836,1.770020,-10.620117
8667,0.574219,-0.354004,0.839355,0.671387,3.723145,-4.760742
8668,0.569336,-0.374023,0.813477,-5.371094,8.178711,-1.770020
8669,0.559570,-0.392090,0.808594,-11.291504,13.488770,-0.244141
8670,0.544922,-0.444336,0.825195,-24.536133,21.728516,-0.854492
8671,0.528320,-0.466797,0.823730,-23.620605,22.216797,-4.333496
8672,0.520508,-0.468262,0.835938,-18.554688,20.874023,-8.972168
8673,0.530273,-0.412598,0.878906,-9.094238,12.145996,-13.977051
8674,0.530762,-0.376465,0.880859,-10.375977,7.873535,-13.977051
8675,0.543945,-0.348633,0.866699,-14.892578,5.859375,-12.573242
8676,0.554199,-0.338379,0.849609,-21.118164,6.408691,-10.375977
8677,0.556641,-0.365234,0.799316,-24.658203,12.023926,-7.751465
8678,0.545898,-0.360840,0.797852,-22.155762,15.319824,-7.568359
8679,0.534668,-0.376465,0.812012,-20.202637,17.211914,-7.324219
8680,0.497559,-0.413574,0.832031,-15.686035,11.657715,-10.559082
8681,0.481934,-0.414062,0.821289,-12.145996,5.798340,-13.427734
8682,0.474609,-0.402344,0.804199,-10.070801,1.342773,-15.991211
8683,0.542969,-0.338867,0.787598,-14.892578,-4.821777,-15.747070
8684,0.587402,-0.338379,0.772949,-28.137207,-5.187988,-10.437012
8685,0.637207,-0.368164,0.712402,-44.250488,-3.540039,-4.821777
8686,0.365723,-0.410156,0.364746,-43.273926,35.339355,-2.868652
8687,0.478027,-0.813965,0.718750,-39.672852,50.109863,-28.747559
8688,0.469238,-0.719727,0.620605,-21.606445,56.030273,-62.622070
8689,0.425781,-0.456543,0.719238,28.442383,89.477539,-65.124512
8690,0.399902,-0.422363,0.833496,40.222168,85.998535,-54.931641
8691,0.378906,-0.413086,0.918945,54.138184,77.148438,-49.438477
8692,0.373535,-0.317871,0.993652,94.543457,61.462402,-41.992188
8693,0.337402,-0.266113,1.041992,113.159180,51.879883,-33.813477
8694,0.286621,-0.202637,1.086914,134.094238,40.771484,-29.235840
8695,0.177734,-0.067383,1.186035,122.619629,26.733398,-12.939453
8696,0.134766,-0.096680,1.078613,109.252930,13.549805,-1.098633
8697,0.101074,-0.110352,0.911133,98.632812,5.004883,8.483887
8698,0.129883,-0.094727,0.743652,60.180664,50.109863,17.028809
8699,0.127441,-0.127930,0.801758,28.015137,88.867188,19.042969
8700,0.116699,-0.144043,0.926270,-6.835938,118.347168,23.315430
8701,0.133789,-0.139648,1.069336,-78.491211,132.080078,47.058105
8702,0.091309,-0.217773,0.991211,-94.482422,124.206543,59.631348
8703,0.035156,-0.329102,0.944336,-86.059570,112.854004,69.152832
8704,-0.099609,-0.500977,0.855469,-16.296387,57.861328,63.659668
8705,-0.120117,-0.491699,0.760742,30.273438,24.658203,46.142578
8706,-0.078125,-0.430664,0.656250,72.814941,-0.732422,23.864746
8707,0.019043,-0.328613,0.572266,103.637695,-12.512207,5.249023
8708,0.174805,-0.188477,0.681641,47.546387,28.991699,3.234863
8709,0.333496,-0.162109,0.783203,-9.948730,65.673828,15.991211
8710,0.199707,-0.273926,0.827637,-45.776367,87.158203,24.719238
8711,0.032227,-0.360840,0.939941,-25.512695,62.988281,18.859863
8712,0.051758,-0.413574,1.017090,-6.164551,23.193359,22.399902
8713,0.074707,-0.479980,0.974121,8.117676,-22.460938,26.733398
8714,0.067383,-0.586426,0.653320,59.326172,-82.336426,14.587402
8715,0.099121,-0.590820,0.604980,89.050293,-90.393066,-0.854492
8716,0.139648,-0.551758,0.624512,104.736328,-91.003418,-17.395020
8717,0.231934,-0.377930,0.724609,83.801270,-79.528809,-39.062500
8718,0.272461,-0.297363,0.743164,60.852051,-70.800781,-43.457031
8719,0.322754,-0.230957,0.748047,38.635254,-63.781738,-44.250488
8720,0.366211,-0.213867,0.713379,24.230957,-54.931641,-42.419434
8721,0.348633,-0.270020,0.895020,32.836914,-32.165527,-41.687012
8722,0.238770,-0.302246,1.004395,41.564941,-39.245605,-47.119141
8723,0.233398,-0.262695,1.062500,50.231934,-58.349609,-54.992676
8724,0.342285,-0.154297,1.024902,53.894043,-85.815430,-51.879883
8725,0.517578,-0.008789,0.889160,30.944824,-102.783203,-2.502441
8726,0.465820,-0.098145,0.882812,5.249023,-87.036133,20.568848
8727,0.407715,-0.236328,0.911621,-22.460938,-66.711426,29.479980
8728,0.393066,-0.457031,0.971191,-53.588867,-41.931152,4.089355
8729,0.440918,-0.416992,0.960938,-46.813965,-39.123535,-12.512207
8730,0.451172,-0.350098,0.990723,-23.376465,-44.433594,-18.859863
8731,0.416504,-0.308594,1.045898,8.728027,-59.631348,-18.310547
8732,0.354004,-0.300781,1.116211,67.443848,-99.792480,-13.916016
8733,0.440430,-0.263672,1.065430,78.186035,-128.601074,-15.869141
8734,0.532227,-0.196289,0.968750,64.575195,-128.112793,-11.779785
8735,0.596191,-0.150879,0.839355,45.043945,-117.004395,-4.028320
8736,0.562500,-0.178223,0.666992,18.737793,-67.443848,6.164551
8737,0.553711,-0.199707,0.766602,8.605957,-37.719727,0.671387
8738,0.584961,-0.179199,0.868164,1.159668,-13.977051,-7.812500
8739,0.632812,-0.106445,1.047363,0.305176,0.854492,-14.343262
8740,0.647949,-0.075684,1.046875,-0.122070,1.159668,-14.526367
8741,0.634766,-0.001465,1.141602,-1.708984,9.643555,-9.948730
8742,0.575195,0.006836,1.242676,-17.089844,13.977051,-4.333496
8743,0.512207,-0.014160,1.291016,-38.330078,13.061523,-0.671387
8744,0.466309,-0.074219,1.230957,-72.570801,-1.464844,1.586914
8745,0.452637,-0.113281,1.132812,-77.087402,-9.887695,-2.624512
8746,0.459961,-0.121094,1.029297,-72.509766,-18.615723,-9.338379
8747,0.483887,-0.107910,0.921387,-61.096191,-28.564453,-14.587402
8748,0.515137,-0.093262,0.743652,-21.850586,-35.400391,-24.658203
8749,0.536133,-0.062012,0.762695,-6.652832,-31.005859,-31.127930
8750,0.577148,0.052734,0.837891,-7.080078,-19.714355,-36.743164
8751,0.582520,0.105957,0.842285,-14.648438,-14.099121,-32.470703
8752,0.575684,0.120605,0.812500,-18.127441,-9.460449,-24.475098
8753,0.569336,0.117676,0.811523,-15.869141,-5.615234,-15.319824
8754,0.519043,0.047852,0.822754,-13.977051,-4.028320,-1.586914
8755,0.503418,-0.004883,0.812012,-13.793945,-2.990723,-0.061035
8756,0.492676,-0.052246,0.786133,-12.084961,-1.770020,-1.647949
8757,0.466309,-0.089355,0.798340,-2.807617,2.746582,-12.207031
8758,0.479980,-0.052246,0.826172,-3.540039,5.187988,-18.249512
8759,0.504883,0.002930,0.832520,-7.629395,7.507324,-20.324707
8760,0.537109,0.092773,0.815430,-18.493652,9.033203,-12.207031
8761,0.547363,0.100586,0.812500,-26.977539,9.826660,-4.211426
8762,0.542480,0.054199,0.766113,-31.005859,9.887695,2.380371
8763,0.524902,-0.009766,0.744141,-24.780273,8.972168,4.943848
8764,0.502930,-0.085449,0.791992,-3.784180,2.990723,0.000000
8765,0.512695,-0.092285,0.809570,3.723145,-0.427246,-4.150391
8766,0.532227,-0.090332,0.825195,7.629395,-2.319336,-8.178711
8767,0.574219,-0.085938,0.806641,6.225586,0.183105,-13.488770
8768,0.583984,-0.083496,0.801758,7.080078,4.882812,-16.906738
8769,0.598145,-0.069336,0.847168,7.263184,8.361816,-19.287109
8770,0.591797,-0.033203,0.906738,6.530762,6.591797,-21.301270
8771,0.586914,-0.015137,0.933594,6.469727,3.723145,-20.935059
8772,0.581543,0.003906,0.938965,5.310059,0.427246,-19.531250
8773,0.604980,0.029785,0.943848,-6.469727,-2.868652,-13.854980
8774,0.611816,0.014648,0.909180,-16.052246,-2.197266,-11.169434
8775,0.604980,-0.022949,0.864258,-21.911621,0.305176,-10.498047
8776,0.590820,-0.056641,0.833496,-23.864746,2.502441,-12.451172
8777,0.579590,-0.056641,0.809570,-18.127441,3.417969,-20.324707
8778,0.583496,-0.051270,0.800781,-11.962891,1.770020,-23.376465
8779,0.590332,-0.048828,0.807617,-3.051758,0.000000,-25.756836
8780,0.587402,-0.015625,0.815918,4.272461,-3.417969,-26.672363
8781,0.603516,0.050293,0.796387,5.554199,-10.498047,-20.812988
8782,0.637207,0.035156,0.739258,3.967285,-11.779785,-14.099121
8783,0.609863,-0.062012,0.687500,3.723145,1.098633,-9.643555
8784,0.604004,-0.071777,0.721191,-1.770020,9.033203,-12.634277
8785,0.613770,-0.055176,0.750488,-11.779785,15.930176,-15.014648
8786,0.632812,-0.043457,0.757812,-28.381348,27.893066,-14.099121
8787,0.631836,-0.049316,0.795898,-31.982422,33.142090,-13.977051
8788,0.635742,-0.054199,0.826172,-33.569336,36.499023,-13.916016
8789,0.619141,-0.042480,0.911133,-27.282715,39.062500,-15.197754
8790,0.609863,-0.035156,0.959473,-26.062012,36.499023,-15.502930
8791,0.608398,-0.031738,0.985352,-26.489258,32.409668,-15.686035
8792,0.614258,-0.020996,0.998047,-29.602051,24.597168,-14.648438
8793,0.613281,-0.029297,0.979004,-29.479980,20.751953,-14.282227
8794,0.609863,-0.034668,0.956543,-26.794434,17.333984,-14.282227
8795,0.603516,-0.031250,0.944824,-23.620605,14.831543,-14.038086
8796,0.589844,-0.013672,0.934570,-22.521973,12.817383,-11.840820
8797,0.587891,-0.018555,0.934082,-25.512695,13.610840,-9.887695
8798,0.582520,-0.028320,0.932129,-29.785156,15.014648,-7.751465
8799,0.553711,-0.057617,0.945312,-34.606934,15.747070,-4.577637
8800,0.545898,-0.082031,0.933105,-35.522461,13.366699,-4.882812
8801,0.546875,-0.109375,0.916016,-33.935547,11.718750,-6.591797
8802,0.538086,-0.122559,0.877441,-27.282715,11.901855,-13.000488
8803,0.535645,-0.112793,0.909180,-25.573730,12.573242,-16.174316
8804,0.529297,-0.095703,0.934570,-28.320312,10.437012,-17.333984
8805,0.508789,-0.121094,0.875488,-32.470703,4.272461,-19.592285
8806,0.515625,-0.123047,0.862793,-30.456543,2.136230,-21.911621
8807,0.530273,-0.113770,0.854980,-30.822754,0.000000,-23.620605
8808,0.541016,-0.095703,0.805176,-35.766602,-0.793457,-23.437500
8809,0.541016,-0.104004,0.788574,-37.170410,-2.319336,-22.888184
8810,0.560547,-0.134766,0.708008,-34.423828,-2.929688,-26.123047
8811,0.575195,-0.152832,0.666992,-27.526855,2.075195,-30.334473
8812,0.576172,-0.147461,0.670898,-19.592285,8.850098,-35.034180
8813,0.575684,-0.105957,0.747070,-14.587402,19.165039,-39.672852
8814,0.566895,-0.103516,0.795410,-16.296387,23.864746,-39.184570
8815,0.552734,-0.113281,0.854004,-19.653320,26.123047,-38.696289
8816,0.536133,-0.122559,0.900391,-26.611328,20.263672,-39.245605
8817,0.534180,-0.105957,0.881836,-25.207520,14.221191,-38.757324
8818,0.535645,-0.083984,0.852539,-19.348145,7.690430,-36.254883
8819,0.548340,-0.072266,0.833984,-4.150391,-4.394531,-25.573730
8820,0.552246,-0.123535,0.864746,-3.601074,-7.385254,-19.470215
8821,0.538086,-0.179199,0.859375,-6.286621,-10.437012,-13.977051
8822,0.506836,-0.266602,0.770996,-7.995605,-16.723633,-8.911133
8823,0.515137,-0.297363,0.716309,-5.004883,-15.502930,-9.521484
8824,0.524414,-0.305176,0.680176,0.366211,-12.390137,-11.535645
8825,0.527344,-0.299805,0.669434,5.004883,-7.324219,-13.977051
8826,0.533691,-0.219727,0.723633,3.540039,7.812500,-14.038086
8827,0.528809,-0.191895,0.783691,-2.624512,16.784668,-10.009766
8828,0.512695,-0.219238,0.875000,-9.155273,22.644043,-5.554199
8829,0.431152,-0.347168,1.033691,-18.371582,18.493652,-6.591797
8830,0.401855,-0.378906,1.060547,-16.662598,9.582520,-13.427734
8831,0.403809,-0.370605,1.051758,-11.047363,-0.366211,-21.179199
8832,0.432129,-0.334961,1.035645,-3.723145,-7.934570,-27.587891
8833,0.504395,-0.230957,1.014648,1.037598,-9.460449,-28.442383
8834,0.522461,-0.190918,1.032227,-3.540039,-3.845215,-21.667480
8835,0.511719,-0.195801,1.096680,-12.817383,0.366211,-12.512207
8836,0.411621,-0.389160,1.177734,-25.085449,-8.239746,-5.737305
8837,0.358398,-0.486328,1.165527,-16.723633,-21.240234,-11.657715
8838,0.342285,-0.517090,1.116699,14.892578,-43.701172,-26.977539
8839,0.394531,-0.492188,1.139648,22.521973,-46.997070,-33.081055
8840,0.454590,-0.463379,1.194336,16.967773,-41.381836,-37.414551
8841,0.493164,-0.435059,1.297852,-1.708984,-31.311035,-39.794922
8842,0.487793,-0.383301,1.396484,-51.269531,-22.949219,-39.428711
8843,0.461426,-0.336914,1.375000,-68.054199,-27.282715,-36.376953
8844,0.446777,-0.293945,1.325684,-79.284668,-35.827637,-31.250000
8845,0.434570,-0.333008,1.126465,-93.078613,-52.612305,-22.583008
8846,0.415039,-0.349121,0.932617,-92.468262,-57.495117,-32.958984
8847,0.399902,-0.288574,0.858398,-86.669922,-62.500000,-38.146973
8848,0.387695,-0.212402,0.781250,-81.481934,-69.702148,-40.283203
8849,0.389160,-0.090820,0.544434,-79.711914,-80.871582,-35.827637
8850,0.411133,-0.055664,0.396484,-82.336426,-79.895020,-29.846191
8851,0.440918,-0.041992,0.236328,-86.181641,-72.814941,-21.911621
8852,0.451660,-0.035156,0.107910,-93.139648,-57.250977,-13.793945
8853,0.431152,-0.117188,0.030273,-118.530273,-17.822266,-1.342773
8854,0.402832,-0.192871,0.000000,-124.816895,-4.821777,0.610352
8855,0.368652,-0.268555,-0.046387,-120.666504,1.708984,-0.549316
8856,0.335938,-0.340332,-0.123535,-101.623535,4.333496,-6.164551
8857,0.275391,-0.397461,-0.280762,-33.935547,8.728027,-25.756836
8858,0.272461,-0.380859,-0.328613,5.737305,15.869141,-37.597656
8859,0.310059,-0.341797,-0.248535,37.414551,28.991699,-49.560547
8860,0.408203,-0.240234,0.139648,41.015625,67.382812,-64.575195
8861,0.444824,-0.243652,0.346680,17.150879,85.754395,-69.763184
8862,0.521973,-0.206055,0.597168,-17.761230,109.069824,-86.853027
8863,0.594238,-0.131348,0.685059,-12.390137,110.656738,-90.820312
8864,0.669434,-0.061523,0.811035,4.028320,105.529785,-87.280273
8865,0.706055,-0.020508,0.938965,20.935059,94.482422,-78.430176
8866,0.699707,-0.047852,1.092773,52.612305,61.401367,-60.974121
8867,0.714844,-0.061035,1.153809,65.612793,43.579102,-55.114746
8868,0.748535,-0.049805,1.177246,72.753906,26.672363,-47.668457
8869,0.825195,-0.021484,1.120117,65.490723,6.042480,-28.259277
8870,0.844727,-0.035156,1.081543,52.185059,5.615234,-17.028809
8871,0.846191,-0.054199,1.050781,35.888672,9.277344,-6.469727
8872,0.833984,-0.123535,1.025391,3.173828,20.507812,11.047363
8873,0.806152,-0.173828,1.045410,-5.554199,23.803711,16.723633
8874,0.779297,-0.206055,1.081543,-11.474609,21.484375,21.484375
8875,0.761719,-0.249512,1.066895,-12.207031,7.812500,28.076172
8876,0.710449,-0.311035,1.009766,-8.850098,0.183105,29.052734
8877,0.688965,-0.326172,0.975586,-5.249023,-7.019043,28.076172
8878,0.666992,-0.344238,0.915039,1.892090,-17.822266,26.855469
8879,0.650391,-0.354492,0.900391,3.051758,-21.667480,26.733398
8880,0.628906,-0.364746,0.894531,-1.220703,-22.460938,25.268555
8881,0.618164,-0.406250,0.893066,-15.686035,-16.418457,15.319824
8882,0.601074,-0.412109,0.909180,-18.615723,-15.502930,8.605957
8883,0.587402,-0.383301,0.977539,-15.808105,-20.812988,-5.187988
8884,0.597656,-0.337891,0.985840,-12.817383,-25.207520,-10.437012
8885,0.611816,-0.291504,0.988770,-9.887695,-28.991699,-12.939453
8886,0.612793,-0.239746,1.034180,-7.568359,-30.456543,-15.014648
8887,0.618652,-0.222168,1.072266,-12.207031,-30.151367,-15.808105
8888,0.643555,-0.199707,1.094238,-19.104004,-30.578613,-15.563965
8889,0.659180,-0.180176,1.090820,-24.841309,-30.395508,-13.732910
8890,0.685547,-0.139648,1.128906,-31.799316,-33.874512,-6.958008
8891,0.699707,-0.122070,1.154785,-38.208008,-38.024902,-0.305176
8892,0.702637,-0.135742,1.172363,-46.997070,-42.236328,8.544922
8893,0.679199,-0.240723,1.122070,-54.870605,-52.734375,23.071289
8894,0.651855,-0.277832,1.088867,-54.565430,-59.814453,26.672363
8895,0.630371,-0.300293,1.034668,-55.236816,-67.565918,28.442383
8896,0.613770,-0.305176,0.956055,-57.434082,-74.584961,29.174805
8897,0.621094,-0.333496,0.802734,-62.805176,-81.176758,27.526855
8898,0.642090,-0.353027,0.747070,-65.795898,-77.514648,25.390625
8899,0.675781,-0.353027,0.738770,-69.763184,-73.364258,22.521973
8900,0.668457,-0.316406,0.704102,-78.796387,-69.335938,20.751953
8901,0.637695,-0.308105,0.687012,-81.848145,-72.082520,18.920898
8902,0.633789,-0.291504,0.614258,-83.251953,-77.209473,15.991211
8903,0.650391,-0.267578,0.524902,-79.650879,-78.857422,13.183594
8904,0.691895,-0.220215,0.455078,-70.251465,-78.369141,13.549805
8905,0.680664,-0.219238,0.416016,-67.626953,-76.965332,13.977051
8906,0.694824,-0.204102,0.412109,-66.894531,-75.988770,13.000488
8907,0.722656,-0.179199,0.423340,-73.242188,-74.096680,11.535645
8908,0.740234,-0.145996,0.433594,-112.182617,-69.396973,15.869141
8909,0.725098,-0.145996,0.338867,-128.356934,-67.932129,19.287109
8910,0.715820,-0.147461,0.229492,-136.352539,-64.941406,21.972656
8911,0.745117,-0.103027,0.106934,-135.986328,-53.039551,24.719238
8912,0.762695,-0.070312,0.111816,-131.652832,-47.790527,29.602051
8913,0.740234,-0.084961,0.122070,-123.291016,-49.072266,36.743164
8914,0.649902,-0.206055,0.005371,-85.815430,-68.176270,41.931152
8915,0.626465,-0.285645,-0.056152,-62.316895,-76.721191,36.071777
8916,0.609863,-0.359375,-0.140625,-39.794922,-82.824707,25.085449
8917,0.544922,-0.347656,-0.378418,0.000000,-88.500977,-5.004883
8918,0.565918,-0.260742,-0.571777,22.949219,-85.632324,-17.028809
8919,0.614258,-0.164551,-0.698242,48.400879,-72.875977,-20.751953
8920,0.639160,-0.088379,-0.741211,69.091797,-52.429199,-17.089844
8921,0.616211,-0.003418,-0.684570,87.707520,-7.324219,0.488281
8922,0.611816,-0.004883,-0.624023,90.515137,14.343262,12.817383
8923,0.566895,-0.056152,-0.535156,90.454102,35.766602,24.475098
8924,0.484863,-0.217773,-0.307617,88.134766,70.983887,32.165527
8925,0.458496,-0.287109,-0.201660,83.801270,81.054688,28.747559
8926,0.422852,-0.313965,-0.157227,81.787109,87.097168,22.033691
8927,0.407227,-0.276367,-0.221680,106.018066,103.881836,12.390137
8928,0.409668,-0.304688,-0.109375,127.075195,120.788574,8.300781
8929,0.397461,-0.334961,0.137207,139.160156,141.296387,1.220703
8930,0.413574,-0.314941,0.422852,136.352539,155.395508,-7.324219
8931,0.449219,-0.238770,0.729980,109.252930,163.391113,-10.437012
8932,0.453613,-0.278320,0.803711,98.266602,159.362793,-9.948730
8933,0.459961,-0.362305,0.879883,94.238281,154.907227,-15.686035
8934,0.482910,-0.429688,1.048340,105.407715,147.399902,-45.288086
8935,0.507324,-0.389160,1.176270,119.506836,138.305664,-58.776855
8936,0.556152,-0.276855,1.279297,133.483887,120.666504,-65.185547
8937,0.692383,0.043457,1.342285,135.131836,95.458984,-50.537109
8938,0.757812,0.089844,1.456055,112.304688,96.069336,-37.475586
8939,0.804199,0.052734,1.577148,78.002930,99.243164,-25.024414
8940,0.806641,0.002441,1.704102,30.517578,84.289551,-7.568359
8941,0.784180,-0.000977,1.644531,26.123047,60.546875,3.112793
8942,0.739258,-0.048340,1.480957,33.996582,36.743164,13.793945
8943,0.753906,-0.125977,1.250488,59.387207,12.817383,19.592285
8944,0.753418,-0.150391,1.208496,60.852051,12.268066,20.446777
8945,0.738770,-0.175293,1.216309,57.128906,14.282227,20.263672
8946,0.721680,-0.178711,1.232910,50.170898,14.465332,21.240234
8947,0.674805,-0.222168,1.209473,32.775879,5.310059,30.700684
8948,0.655762,-0.274902,1.160645,23.925781,1.220703,32.348633
8949,0.637207,-0.284180,0.992676,8.850098,-1.159668,28.381348
8950,0.624023,-0.271484,0.921387,4.394531,2.014160,25.634766
8951,0.616211,-0.248535,0.888672,1.708984,7.141113,23.254395
8952,0.587891,-0.251953,0.974121,0.610352,12.939453,25.146484
8953,0.549316,-0.279785,1.018555,0.122070,9.643555,26.306152
8954,0.539062,-0.300293,1.023438,-2.014160,4.272461,24.780273
8955,0.549316,-0.299316,0.976074,-2.990723,0.305176,21.972656
8956,0.537109,-0.251465,0.924316,-3.784180,0.732422,17.272949
8957,0.534668,-0.245605,0.951660,-8.300781,2.197266,14.831543
8958,0.517090,-0.285156,0.978516,-14.892578,5.187988,8.422852
8959,0.500000,-0.271973,0.994141,-17.822266,4.211426,2.868652
8960,0.506348,-0.247559,1.007324,-21.545410,2.624512,-2.197266
8961,0.520508,-0.194336,0.940430,-23.681641,-5.249023,-5.859375
8962,0.518066,-0.164062,0.906738,-24.780273,-6.713867,-6.164551
8963,0.523926,-0.138672,0.878906,-28.015137,-5.554199,-6.347656
8964,0.539062,-0.139160,0.872070,-29.907227,3.784180,0.915527
8965,0.506348,-0.177734,0.937012,-29.113770,5.859375,6.286621
8966,0.469238,-0.224121,0.978027,-34.484863,4.882812,8.972168
8967,0.459961,-0.335938,0.954102,-52.307129,3.784180,4.943848
8968,0.437988,-0.367676,0.899414,-54.199219,3.112793,-1.220703
8969,0.423828,-0.382812,0.843750,-48.889160,-0.183105,-10.070801
8970,0.468262,-0.320312,0.719727,-23.437500,-10.253906,-28.137207
8971,0.506348,-0.248047,0.667480,-11.474609,-12.207031,-34.057617
8972,0.550293,-0.158203,0.610840,-5.187988,-9.216309,-35.461426
8973,0.592773,-0.049805,0.611816,-10.192871,10.131836,-20.385742
8974,0.577148,-0.074219,0.643066,-20.202637,20.446777,-8.666992
8975,0.544434,-0.138672,0.674316,-31.494141,30.334473,-0.122070
8976,0.528809,-0.221191,0.705078,-40.039062,38.757324,3.845215
8977,0.494629,-0.295410,0.805176,-44.555664,45.654297,2.868652
8978,0.500488,-0.278809,0.835938,-42.785645,41.870117,2.929688
8979,0.514648,-0.250977,0.839844,-39.916992,34.606934,5.981445
8980,0.523926,-0.242188,0.746094,-33.142090,19.226074,18.066406
8981,0.521484,-0.264648,0.673828,-28.564453,14.709473,22.033691
8982,0.495605,-0.233887,0.561523,-5.371094,12.084961,29.052734
8983,0.484375,-0.208984,0.543945,7.080078,11.962891,34.973145
8984,0.489258,-0.189941,0.525391,18.249512,15.319824,41.503906
8985,0.494629,-0.184570,0.555664,29.479980,22.338867,48.156738
8986,0.488281,-0.194336,0.660156,21.606445,38.391113,56.579590
8987,0.486328,-0.207031,0.672363,11.535645,47.546387,58.410645
8988,0.477051,-0.198242,0.682617,6.469727,57.434082,59.753418
8989,0.436035,-0.090820,0.792480,2.685547,65.979004,70.068359
8990,0.424316,-0.013184,0.894531,-7.629395,66.833496,83.007812
8991,0.415527,-0.010742,0.958496,-28.076172,67.810059,100.769043
8992,0.319824,-0.207520,0.887695,-58.837891,63.537598,132.141113
8993,0.289551,-0.315430,0.814941,-58.715820,58.105469,138.488770
8994,0.253418,-0.409180,0.787109,-49.438477,53.649902,138.366699
8995,0.197754,-0.536621,0.824707,-25.024414,39.855957,128.417969
8996,0.185547,-0.550293,0.828613,-13.427734,28.686523,120.849609
8997,0.150391,-0.529297,0.814941,-2.075195,25.756836,114.135742
8998,0.125488,-0.532715,0.956055,10.253906,26.123047,101.806641
8999,0.101562,-0.566895,1.009766,3.906250,20.385742,96.618652
9000,0.087891,-0.592773,0.985840,-3.051758,11.291504,89.050293
9001,0.095703,-0.574219,0.828613,6.225586,-5.615234,72.998047
9002,0.093262,-0.512695,0.769043,22.766113,-6.286621,69.458008
9003,0.096680,-0.448730,0.816406,32.287598,-2.258301,73.852539
9004,0.039062,-0.468750,0.918457,12.451172,6.591797,94.360352
9005,0.003906,-0.529297,0.920898,-6.286621,8.605957,102.355957
9006,-0.057129,-0.740234,0.808594,-23.620605,8.544922,100.708008
9007,-0.078613,-0.803223,0.774902,-15.014648,6.958008,90.820312
9008,-0.116699,-0.785156,0.763672,-3.906250,6.164551,78.491211
9009,-0.120117,-0.615723,0.836426,2.807617,6.835938,62.377930
9010,-0.115723,-0.577637,0.864746,-6.286621,5.065918,64.758301
9011,-0.135742,-0.618164,0.859375,-15.930176,2.075195,67.871094
9012,-0.159668,-0.716797,0.828125,-16.235352,-2.502441,65.612793
9013,-0.197754,-0.828125,0.819824,9.643555,-15.808105,42.297363
9014,-0.180664,-0.762207,0.820312,22.460938,-22.827148,27.221680
9015,-0.110840,-0.516113,0.832520,30.273438,-23.376465,17.333984
9016,-0.085938,-0.457031,0.852051,25.024414,-20.385742,23.742676
9017,-0.082520,-0.457031,0.853516,18.249512,-16.662598,32.165527
9018,-0.124512,-0.505371,0.890137,12.695312,-14.770508,39.611816
9019,-0.158691,-0.647461,0.979004,8.850098,-27.770996,52.001953
9020,-0.170410,-0.718750,0.931152,-11.047363,-37.902832,41.259766
9021,-0.113281,-0.666992,0.782715,-8.483887,-38.024902,20.690918
9022,-0.083984,-0.624023,0.795410,1.525879,-36.010742,14.038086
9023,-0.050781,-0.621582,0.644531,2.624512,-26.794434,10.314941
9024,-0.099609,-0.595703,0.768066,-46.447754,43.273926,-3.295898
9025,-0.083984,-0.531250,0.875977,-48.400879,37.902832,5.737305
9026,-0.039551,-0.470703,1.232422,-48.645020,17.700195,19.714355
9027,-0.061035,-0.544434,1.280762,-54.443359,-16.662598,33.325195
9028,-0.012207,-0.683594,1.079590,-54.626465,-31.005859,25.329590
9029,0.014160,-0.710449,0.974609,-45.410156,-21.484375,19.287109
9030,-0.058594,-0.717285,0.915527,-10.742188,-18.981934,6.713867
9031,-0.084961,-0.709473,0.927734,-0.732422,-23.132324,-3.295898
9032,-0.090820,-0.740234,0.997559,2.746582,-31.372070,-14.709473
9033,-0.095703,-0.784668,0.979004,-3.601074,-36.743164,-28.625488
9034,-0.073242,-0.794434,0.909180,-21.606445,-33.569336,-60.363770
9035,-0.047852,-0.725586,0.880859,-27.099609,-35.034180,-76.599121
9036,0.016602,-0.630371,1.026367,-25.268555,-49.438477,-88.134766
9037,-0.005371,-0.729004,1.234375,-55.725098,-68.298340,-101.562500
9038,0.019043,-0.749023,1.048340,-128.051758,-111.755371,-154.418945
9039,0.052734,-0.751465,0.823242,-122.558594,-128.601074,-189.575195
9040,0.012207,-0.687988,0.731934,-117.736816,-135.009766,-225.830078
9041,-0.011230,-0.613770,0.642090,-128.723145,-133.789062,-257.995605
9042,0.050781,-0.569824,0.571289,-148.620605,-96.252441,-300.170898
9043,0.105469,-0.606445,0.612793,-151.184082,-77.697754,-317.260742
9044,0.191406,-0.633301,0.706543,-147.338867,-66.406250,-336.608887
9045,0.336426,-0.475098,0.724121,-138.610840,-62.011719,-382.812500
9046,0.434082,-0.276855,0.694336,-126.586914,-66.955566,-396.362305
9047,0.567383,-0.095703,0.627930,-110.595703,-76.354980,-390.869141
9048,0.646973,-0.042969,0.566406,-97.229004,-82.580566,-368.286133
9049,0.800781,-0.171875,0.369629,-69.519043,-89.355469,-301.025391
9050,0.809570,-0.294922,0.299805,-56.030273,-83.984375,-269.958496
9051,0.899902,-0.262207,0.305176,-32.653809,-76.110840,-235.351562
9052,1.071777,-0.150879,0.311523,-5.004883,-44.616699,-123.107910
9053,0.982422,-0.192871,0.238281,15.625000,-33.386230,-91.247559
9054,0.933105,-0.149414,0.250488,29.479980,-28.808594,-79.772949
9055,1.024902,-0.040039,0.285156,30.822754,-20.751953,-41.564941
9056,1.040039,-0.049805,0.303711,28.198242,-16.479492,-12.084961
9057,0.985352,-0.087891,0.333496,23.986816,-16.723633,16.601562
9058,0.924805,-0.108887,0.346680,22.644043,-21.789551,42.236328
9059,0.842285,-0.171387,0.363770,31.188965,-26.733398,77.453613
9060,0.849121,-0.198730,0.386719,33.874512,-21.545410,89.904785
9061,0.868652,-0.232422,0.399902,36.010742,-12.573242,100.402832
9062,0.948242,-0.267578,0.456543,40.832520,7.019043,117.370605
9063,0.980957,-0.271484,0.459961,43.762207,11.352539,129.394531
9064,0.996582,-0.266602,0.452637,40.771484,14.465332,144.958496
9065,0.905762,-0.241699,0.488770,30.456543,16.845703,183.349609
9066,0.831543,-0.281738,0.531250,27.648926,15.258789,200.866699
9067,0.779297,-0.316406,0.573730,28.442383,13.427734,213.623047
9068,0.724609,-0.348145,0.617676,17.333984,19.775391,235.778809
9069,0.712402,-0.378418,0.606934,6.958008,23.742676,248.718262
9070,0.693848,-0.424316,0.562012,0.244141,27.160645,260.070801
9071,0.670898,-0.457520,0.502441,-1.464844,29.418945,269.653320
9072,0.578125,-0.491211,0.447754,5.615234,30.090332,279.968262
9073,0.501465,-0.512207,0.443848,8.972168,29.724121,278.442383
9074,0.438477,-0.533691,0.463867,10.803223,32.409668,273.254395
9075,0.383301,-0.593262,0.538574,3.112793,41.992188,262.451172
9076,0.381836,-0.621582,0.565918,-6.652832,44.982910,259.094238
9077,0.364746,-0.637207,0.583008,-15.258789,44.128418,259.338379
9078,0.290039,-0.616699,0.479492,-9.643555,33.020020,262.207031
9079,0.241699,-0.630371,0.438965,6.408691,28.259277,263.793945
9080,0.195801,-0.688477,0.424805,22.094727,25.146484,260.864258
9081,0.126953,-0.747559,0.475098,32.348633,27.832031,242.431641
9082,0.112305,-0.785645,0.512695,28.564453,30.578613,231.201172
9083,0.106445,-0.794434,0.549805,25.451660,32.470703,221.740723
9084,0.048828,-0.735352,0.562988,26.733398,40.527344,217.590332
9085,0.028320,-0.691895,0.558594,28.076172,45.532227,224.548340
9086,-0.002930,-0.653809,0.564453,32.348633,47.851562,236.145020
9087,-0.039551,-0.625000,0.602539,38.696289,46.142578,249.755859
9088,-0.166504,-0.686523,0.702148,52.917480,27.404785,272.216797
9089,-0.271973,-0.771973,0.739258,52.368164,14.953613,270.874023
9090,-0.357422,-0.825684,0.731934,41.748047,5.737305,258.850098
9091,-0.422852,-0.835938,0.660156,10.742188,-0.610352,220.581055
9092,-0.437500,-0.812012,0.638672,-2.380371,-1.831055,202.087402
9093,-0.455566,-0.802246,0.610352,-10.070801,-4.455566,186.401367
9094,-0.513184,-0.874512,0.536621,-8.544922,-12.573242,155.639648
9095,-0.534668,-0.962402,0.530273,-0.061035,-20.385742,135.437012
9096,-0.591797,-1.054688,0.578613,0.061035,-29.479980,105.529785
9097,-0.698242,-1.057617,0.580566,-39.611816,-34.729004,22.094727
9098,-0.694336,-1.004883,0.511719,-57.800293,-33.203125,-17.456055
9099,-0.645996,-0.938965,0.446289,-61.462402,-33.203125,-50.109863
9100,-0.578125,-0.895996,0.438477,-34.729004,-40.954590,-102.661133
9101,-0.497559,-0.870605,0.476074,-22.399902,-45.776367,-129.089355
9102,-0.497070,-0.894531,0.493652,-13.977051,-49.438477,-157.409668
9103,-0.484375,-0.910156,0.534668,-10.620117,-51.696777,-187.316895
9104,-0.385742,-0.862305,0.627441,-12.512207,-55.969238,-235.961914
9105,-0.340820,-0.812500,0.623535,-11.657715,-57.556152,-249.816895
9106,-0.313477,-0.799316,0.623047,-8.300781,-56.518555,-258.728027
9107,-0.242676,-0.844727,0.666504,-9.826660,-49.499512,-279.541016
9108,-0.159668,-0.814941,0.669434,-11.718750,-44.982910,-289.306641
9109,0.041992,-0.690918,0.626465,-6.652832,-33.996582,-291.442871
9110,0.121094,-0.649902,0.621582,-4.333496,-26.489258,-282.348633
9111,0.191406,-0.609375,0.624512,-2.441406,-3.417969,-255.554199
9112,0.261230,-0.597168,0.578613,1.892090,11.840820,-239.929199
9113,0.271484,-0.619141,0.571777,7.751465,22.705078,-224.670410
9114,0.266113,-0.659668,0.640625,18.615723,19.348145,-198.547363
9115,0.261230,-0.692383,0.691406,20.690918,2.807617,-190.795898
9116,0.283691,-0.681641,0.705566,18.432617,-19.592285,-186.706543
9117,0.303711,-0.643555,0.669434,13.610840,-40.893555,-182.800293
9118,0.351074,-0.544922,0.551758,0.793457,-57.128906,-171.875000
9119,0.386719,-0.537598,0.559082,-6.896973,-54.199219,-165.527344
9120,0.432617,-0.552734,0.578613,-15.563965,-51.513672,-162.719727
9121,0.497559,-0.560547,0.530273,-34.606934,-37.597656,-161.804199
9122,0.527832,-0.553223,0.522949,-39.367676,-26.123047,-157.531738
9123,0.563965,-0.543457,0.536133,-39.550781,-17.822266,-150.573730
9124,0.618652,-0.537109,0.500488,-29.479980,-13.305664,-130.676270
9125,0.625977,-0.507812,0.497070,-25.085449,-13.122559,-119.323730
9126,0.608398,-0.492188,0.529785,-24.963379,-14.160156,-106.750488
9127,0.582520,-0.512695,0.523438,-27.832031,-20.690918,-87.951660
9128,0.603027,-0.518066,0.513672,-28.930664,-22.583008,-82.641602
9129,0.631836,-0.531738,0.516602,-28.625488,-24.047852,-76.049805
9130,0.681641,-0.553711,0.519531,-26.184082,-22.338867,-62.072754
9131,0.701172,-0.530273,0.512207,-27.221680,-18.859863,-57.067871
9132,0.715820,-0.505859,0.487305,-29.479980,-12.817383,-49.743652
9133,0.724121,-0.506348,0.446289,-27.648926,3.051758,-33.996582
9134,0.730957,-0.523926,0.445312,-22.644043,8.178711,-26.428223
9135,0.752441,-0.542969,0.458496,-16.662598,9.704590,-19.897461
9136,0.770996,-0.552246,0.468750,-12.695312,10.253906,-12.756348
9137,0.781250,-0.549805,0.498535,-9.765625,11.047363,5.920410
9138,0.775391,-0.540527,0.475586,-10.131836,11.352539,18.737793
9139,0.685059,-0.548828,0.428711,-0.915527,18.554688,37.353516
9140,0.674316,-0.547852,0.443359,7.812500,27.465820,44.250488
9141,0.688477,-0.553711,0.471680,15.991211,34.912109,50.903320
9142,0.709961,-0.579590,0.506836,24.291992,43.884277,67.260742
9143,0.683105,-0.564941,0.519043,23.315430,44.311523,76.049805
9144,0.647461,-0.552246,0.530762,20.996094,41.320801,84.716797
9145,0.601074,-0.559570,0.528320,19.409180,36.132812,90.332031
9146,0.537598,-0.578613,0.511719,20.019531,29.785156,90.515137
9147,0.522461,-0.582031,0.503906,23.315430,30.456543,88.806152
9148,0.501465,-0.592773,0.549805,26.611328,36.132812,87.890625
9149,0.485840,-0.594727,0.580078,23.315430,39.733887,89.721680
9150,0.503906,-0.589355,0.581055,19.714355,40.832520,93.322754
9151,0.499023,-0.593750,0.543945,22.094727,38.085938,95.703125
9152,0.430664,-0.602051,0.504883,37.719727,26.611328,88.989258
9153,0.392578,-0.610840,0.536133,47.119141,23.559570,84.960938
9154,0.366699,-0.630859,0.605469,47.485352,21.057129,80.871582
9155,0.425293,-0.621094,0.703613,23.925781,16.845703,80.200195
9156,0.459961,-0.635742,0.716309,5.004883,13.610840,85.449219
9157,0.470703,-0.651367,0.728027,-13.732910,9.826660,91.552734
9158,0.407227,-0.652832,0.693359,-40.161133,1.831055,103.820801
9159,0.363281,-0.667480,0.658691,-46.569824,-0.061035,108.032227
9160,0.341309,-0.673828,0.625000,-48.828125,-0.305176,111.450195
9161,0.338379,-0.700684,0.577148,-43.762207,2.441406,122.558594
9162,0.353516,-0.730957,0.538574,-33.264160,5.065918,130.676270
9163,0.286621,-0.696777,0.440918,26.672363,19.531250,149.414062
9164,0.241699,-0.687988,0.479004,63.171387,27.099609,160.888672
9165,0.183594,-0.748047,0.578125,89.538574,31.860352,168.884277
9166,0.104492,-0.885742,0.672852,97.351074,35.522461,167.785645
9167,0.032227,-1.094238,0.717773,68.115234,41.015625,129.272461
9168,0.020996,-1.023438,0.669434,53.527832,40.527344,104.980469
9169,0.049316,-0.900391,0.624023,50.781250,39.123535,88.684082
9170,0.070312,-0.730957,0.630859,66.345215,37.536621,79.223633
9171,0.036133,-0.761719,0.668945,71.533203,39.367676,74.707031
9172,-0.001953,-0.939453,0.813477,71.472168,31.127930,38.574219
9173,-0.009277,-0.975098,0.811523,66.589355,21.484375,7.080078
9174,0.016113,-0.905273,0.759766,64.941406,14.526367,-22.827148
9175,-0.069824,-0.916992,0.798828,55.969238,17.211914,-57.617188
9176,-0.098633,-0.902832,0.839355,28.625488,23.315430,-74.279785
9177,-0.060547,-0.791992,0.801758,1.770020,26.977539,-87.463379
9178,0.058594,-0.573730,0.716797,-10.192871,19.287109,-93.200684
9179,0.079102,-0.583984,0.736816,-4.333496,11.047363,-91.979980
9180,0.096191,-0.615234,0.793945,-5.126953,2.197266,-92.834473
9181,0.115723,-0.605957,0.790527,-15.136719,-5.004883,-93.872070
9182,0.223145,-0.539551,0.603516,-22.644043,3.662109,-75.195312
9183,0.196289,-0.542480,0.562988,-2.563477,14.343262,-52.551270
9184,0.103516,-0.611328,0.619629,33.142090,40.283203,-4.760742
9185,0.068359,-0.726074,0.695312,38.513184,45.471191,7.629395
9186,0.084961,-0.709961,0.670410,38.696289,42.236328,8.789062
9187,0.108887,-0.660645,0.689941,42.236328,37.597656,12.573242
9188,0.122070,-0.623535,0.701660,47.241211,30.883789,21.118164
9189,0.121582,-0.579590,0.684082,55.847168,23.498535,33.020020
9190,0.091309,-0.576172,0.675781,69.396973,16.357422,45.104980
9191,0.003906,-0.621582,0.776367,99.243164,-1.220703,58.471680
9192,-0.028809,-0.627441,0.843750,107.421875,-12.634277,58.410645
9193,-0.045410,-0.645020,0.927246,105.712891,-24.108887,54.748535
9194,-0.033691,-0.619629,0.959473,87.890625,-43.945312,41.687012
9195,-0.030762,-0.605957,0.945312,77.209473,-49.865723,34.790039
9196,-0.023438,-0.586914,0.927734,62.927246,-59.570312,17.517090
9197,-0.001465,-0.551758,0.885742,60.302734,-62.500000,8.422852
9198,0.036621,-0.505371,0.852539,59.753418,-61.584473,0.671387
9199,0.077148,-0.460449,0.846680,57.312012,-57.006836,-3.967285
9200,0.120605,-0.432129,0.922363,41.503906,-46.630859,-4.943848
9201,0.130859,-0.447754,0.934570,26.733398,-40.283203,-5.371094
9202,0.135254,-0.466309,0.938965,8.850098,-32.958984,-6.774902
9203,0.142090,-0.533203,0.885742,-14.587402,-18.249512,-12.084961
9204,0.176758,-0.532227,0.878906,-18.066406,-14.587402,-13.183594
9205,0.192383,-0.535645,0.851074,-18.737793,-10.559082,-10.864258
9206,0.165039,-0.487793,0.646973,-3.051758,9.765625,-0.427246
9207,0.003418,-0.383301,0.450195,23.132324,40.527344,2.624512
9208,0.111328,-0.501953,0.909180,38.146973,66.955566,2.319336
9209,0.160156,-0.521973,1.096191,33.081055,63.964844,-3.173828
9210,-0.028320,-0.385254,0.933105,27.404785,69.335938,-3.051758
9211,0.083496,-0.430176,1.167480,6.042480,53.649902,2.746582
9212,0.045410,-0.416992,0.979492,-3.784180,35.949707,9.094238
9213,-0.015137,-0.490234,0.919922,-4.211426,28.808594,14.648438
9214,0.026855,-0.495605,0.873535,-5.432129,17.456055,11.474609
9215,0.041016,-0.490234,0.805664,-0.244141,19.348145,10.437012
9216,0.053711,-0.494629,0.849609,0.244141,26.672363,9.155273
9217,0.063965,-0.450684,0.894043,-10.681152,31.005859,10.559082
9218,0.053223,-0.446289,0.866211,-13.244629,35.400391,12.878418
9219,0.021973,-0.471680,0.864746,-14.831543,50.109863,13.488770
9220,0.003906,-0.468750,0.873535,-18.188477,54.321289,12.145996
9221,-0.012207,-0.467285,0.855957,-22.216797,57.067871,11.718750
9222,-0.034668,-0.477051,0.834473,-25.573730,59.997559,11.291504
9223,-0.025879,-0.457031,0.815430,-28.930664,71.960449,6.042480
9224,-0.013672,-0.444824,0.844727,-31.921387,83.740234,8.239746
9225,-0.047852,-0.462891,0.878906,-34.729004,97.106934,13.793945
9226,-0.119141,-0.499512,0.977539,-50.964355,114.074707,31.799316
9227,-0.160645,-0.517578,0.948730,-65.185547,115.173340,39.794922
9228,-0.167969,-0.530762,0.907227,-72.937012,110.961914,43.884277
9229,-0.172363,-0.522949,0.778809,-65.551758,98.083496,45.104980
9230,-0.169922,-0.519531,0.744629,-52.246094,93.872070,46.264648
9231,-0.194824,-0.492676,0.743164,-38.818359,89.782715,47.729492
9232,-0.201172,-0.444824,0.758789,-33.935547,83.618164,52.246094
9233,-0.271484,-0.389160,0.913086,-66.833496,61.462402,65.673828
9234,-0.305176,-0.374023,0.948730,-99.304199,51.391602,76.721191
9235,-0.260254,-0.354492,0.890625,-129.638672,39.794922,88.195801
9236,-0.353027,-0.521973,0.899414,-168.151855,16.601562,107.971191
9237,-0.283691,-0.458008,0.832520,-180.480957,-1.403809,120.300293
9238,-0.050781,-0.256348,0.777344,-177.917480,-24.841309,151.306152
9239,-0.214355,-0.153320,0.614258,-144.958496,-45.715332,265.930176
9240,-0.357422,-0.261719,0.642090,-129.882812,-55.114746,304.626465
9241,-0.478516,-0.325195,0.621094,-120.300293,-63.842773,329.284668
9242,-0.723145,-0.611328,0.482422,-111.694336,-61.828613,329.345703
9243,-0.763672,-0.570312,0.392578,-99.670410,-47.668457,312.438965
9244,-0.770020,-0.548340,0.415039,-82.336426,-32.043457,299.194336
9245,-0.758301,-0.590820,0.454590,-64.575195,-3.417969,268.676758
9246,-0.744629,-0.547852,0.482910,-66.711426,7.324219,256.530762
9247,-0.819824,-0.536621,0.479980,-68.359375,18.005371,247.558594
9248,-0.875000,-0.565918,0.466309,-67.687988,30.761719,239.196777
9249,-1.003906,-0.662598,0.422852,-55.725098,61.401367,201.354980
9250,-1.012695,-0.632324,0.423828,-53.344727,74.707031,175.231934
9251,-0.957520,-0.562988,0.437988,-51.208496,73.242188,125.854492
9252,-0.958496,-0.568359,0.416992,-47.241211,62.927246,102.600098
9253,-0.980957,-0.599121,0.387207,-40.039062,52.917480,77.941895
9254,-1.016113,-0.595215,0.361328,-30.090332,46.813965,53.894043
9255,-1.068848,-0.562500,0.369629,-10.009766,39.245605,5.310059
9256,-1.026367,-0.515137,0.428711,-4.699707,34.179688,-20.629883
9257,-0.879883,-0.382812,0.422363,-6.103516,22.766113,-45.959473
9258,-0.869629,-0.380371,0.430664,-3.845215,21.728516,-48.522949
9259,-0.902832,-0.385742,0.465332,-1.892090,21.118164,-49.987793
9260,-0.922852,-0.413574,0.506348,-4.211426,15.686035,-59.326172
9261,-0.880371,-0.415039,0.494141,-3.601074,10.986328,-63.964844
9262,-0.834473,-0.406250,0.475098,-0.244141,5.615234,-67.016602
9263,-0.896484,-0.548828,0.301758,36.254883,0.183105,-86.914062
9264,-0.871094,-0.512695,0.400391,50.598145,-3.234863,-95.947266
9265,-0.913086,-0.585449,0.422852,44.677734,-4.150391,-111.083984
9266,-0.879883,-0.561523,0.451660,38.696289,-1.037598,-127.258301
9267,-0.792969,-0.486328,0.500000,30.151367,-1.586914,-140.563965
9268,-0.698242,-0.423828,0.532715,21.118164,-6.286621,-146.667480
9269,-0.647461,-0.419922,0.511719,15.747070,-22.094727,-140.380859
9270,-0.697266,-0.484375,0.479980,15.625000,-26.550293,-138.122559
9271,-0.710449,-0.534180,0.511719,19.226074,-31.982422,-139.892578
9272,-0.683594,-0.579590,0.564453,20.019531,-37.719727,-141.235352
9273,-0.572266,-0.611328,0.647949,-42.724609,-57.312012,-136.535645
9274,-0.669922,-0.597168,0.380371,-42.785645,-59.082031,-136.169434
9275,-0.777344,-0.685547,0.224121,-9.216309,-57.250977,-143.493652
9276,-0.716797,-0.823242,0.375977,86.975098,-56.030273,-185.729980
9277,-0.673340,-0.782227,0.585938,100.952148,-62.072754,-205.566406
9278,-0.346191,-0.607910,0.957520,47.668457,-27.099609,-209.167480
9279,-0.375977,-0.616211,1.017090,-44.860840,-34.545898,-200.439453
9280,-0.417969,-0.529785,0.582031,-135.437012,-32.409668,-189.514160
9281,-0.415039,-0.623535,0.482422,-145.080566,-26.977539,-186.096191
9282,-0.409180,-0.735352,0.403320,-133.789062,-23.132324,-188.842773
9283,-0.357422,-0.828613,0.396973,-82.824707,-27.404785,-196.533203
9284,-0.317383,-0.856934,0.452637,-57.189941,-38.635254,-195.129395
9285,-0.318848,-0.896973,0.477051,-37.658691,-54.748535,-195.983887
9286,-0.289062,-0.993164,0.393555,-20.080566,-67.749023,-217.346191
9287,-0.226562,-1.011719,0.401367,-20.568848,-51.147461,-231.811523
9288,-0.160156,-0.970703,0.448730,-30.090332,-35.583496,-248.352051
9289,0.058105,-0.733887,0.412109,-34.606934,0.732422,-246.032715
9290,0.143066,-0.654297,0.418945,-23.315430,9.643555,-224.792480
9291,0.182617,-0.618164,0.414551,-5.187988,6.591797,-195.678711
9292,0.183594,-0.664551,0.392578,13.244629,-1.281738,-168.579102
9293,0.111328,-0.813965,0.429688,36.865234,-20.690918,-142.883301
9294,0.088867,-0.872559,0.484375,36.499023,-33.264160,-144.653320
9295,0.051758,-0.870117,0.582520,25.573730,-51.818848,-153.747559
9296,0.108398,-0.833008,0.468750,-17.517090,-66.040039,-176.818848
9297,0.207031,-0.723145,0.562500,-34.362793,-62.561035,-182.128906
9298,0.259766,-0.671387,0.479492,-67.749023,-53.588867,-183.288574
9299,0.304688,-0.671387,0.491699,-85.510254,-44.677734,-187.377930
9300,0.336914,-0.687988,0.464355,-102.783203,-34.362793,-192.077637
9301,0.391113,-0.705566,0.439453,-125.793457,-16.601562,-191.772461
9302,0.527832,-0.707520,0.311523,-124.694824,-13.366699,-184.936523
9303,0.577637,-0.720215,0.267578,-112.976074,-17.333984,-176.940918
9304,0.589844,-0.754883,0.168945,-68.237305,-32.348633,-165.161133
9305,0.588867,-0.724609,0.153320,-52.490234,-34.057617,-159.362793
9306,0.598145,-0.679199,0.180664,-35.827637,-33.447266,-158.569336
9307,0.632324,-0.630859,0.213867,-28.869629,-32.165527,-154.479980
9308,0.729004,-0.599609,0.217285,-27.770996,-22.460938,-137.939453
9309,0.784668,-0.589844,0.199219,-30.334473,-15.747070,-130.004883
9310,0.834473,-0.581055,0.181152,-36.682129,-8.666992,-118.774414
9311,0.862793,-0.569824,0.152832,-37.658691,0.976562,-91.064453
9312,0.864258,-0.576660,0.148438,-29.724121,-0.183105,-77.758789
9313,0.861816,-0.569824,0.136719,-19.653320,-0.549316,-64.880371
9314,0.872559,-0.515625,0.142578,-6.042480,0.000000,-37.353516
9315,0.902344,-0.488770,0.128906,-2.868652,1.037598,-18.371582
9316,0.930176,-0.481934,0.132324,0.183105,1.586914,4.028320
9317,0.960938,-0.502930,0.156250,1.525879,-0.305176,27.465820
9318,0.943848,-0.562500,0.245117,-12.817383,-8.361816,73.913574
9319,0.883301,-0.566895,0.202637,-25.512695,-12.084961,92.956543
9320,0.781250,-0.632812,0.174805,-21.606445,-17.272949,124.938965
9321,0.751953,-0.650391,0.181152,-12.207031,-21.667480,134.643555
9322,0.713867,-0.676270,0.163086,-3.356934,-25.085449,142.272949
9323,0.672852,-0.684570,0.134766,7.385254,-23.681641,148.498535
9324,0.625488,-0.674805,0.157715,31.738281,-18.310547,164.978027
9325,0.623047,-0.689453,0.187500,43.762207,-17.822266,175.476074
9326,0.617676,-0.708008,0.192383,55.419922,-19.653320,188.537598
9327,0.630371,-0.720215,0.184570,83.374023,-21.911621,234.497070
9328,0.605957,-0.727539,0.171875,78.491211,-6.774902,268.066406
9329,0.566895,-0.740723,0.246582,66.040039,11.047363,298.522949
9330,0.339355,-0.750488,0.309082,53.222656,23.071289,325.622559
9331,0.208496,-0.741211,0.293945,55.847168,25.817871,324.584961
9332,0.117188,-0.735352,0.299805,58.898926,28.991699,315.979004
9333,0.007812,-0.822266,0.333984,67.077637,33.386230,279.907227
9334,-0.016602,-0.876465,0.354492,72.753906,32.958984,255.371094
9335,-0.057129,-0.944336,0.363770,70.190430,35.034180,214.904785
9336,-0.072266,-0.946289,0.363281,66.711426,38.391113,201.904297
9337,-0.123047,-0.961426,0.421875,56.701660,46.020508,182.617188
9338,-0.142578,-0.950195,0.446777,38.574219,46.813965,173.583984
9339,-0.145020,-0.928711,0.459473,14.343262,45.288086,165.405273
9340,-0.140625,-0.916992,0.431152,-6.774902,40.100098,156.250000
9341,-0.176270,-0.841797,0.250488,-8.972168,28.625488,139.038086
9342,-0.199707,-0.794922,0.190430,13.854980,24.658203,135.986328
9343,-0.263672,-0.699219,0.249023,74.707031,25.878906,150.512695
9344,-0.319336,-0.711426,0.355469,92.590332,30.822754,163.757324
9345,-0.390137,-0.785645,0.463867,93.505859,38.085938,171.386719
9346,-0.439941,-0.865234,0.569336,49.682617,48.583984,162.658691
9347,-0.433105,-0.930176,0.778320,10.498047,42.419434,153.259277
9348,-0.463867,-0.866699,0.744629,-33.142090,30.639648,144.836426
9349,-0.494629,-0.800293,0.639160,-73.059082,18.859863,138.000488
9350,-0.514648,-0.708008,0.404297,-105.041504,-5.126953,126.220703
9351,-0.558105,-0.737305,0.316406,-95.153809,-19.714355,119.934082
9352,-0.621094,-0.820801,0.225586,-75.073242,-31.799316,109.069824
9353,-0.687988,-0.937500,0.145020,-49.316406,-40.405273,90.087891
9354,-0.787109,-1.139160,0.061035,2.075195,-42.358398,26.550293
9355,-0.784668,-1.180176,0.077637,19.409180,-33.874512,-11.840820
9356,-0.756836,-1.180176,0.130859,29.541016,-21.118164,-49.499512
9357,-0.710449,-1.149902,0.200684,32.592773,-7.446289,-83.557129
9358,-0.664551,-1.062012,0.350586,33.752441,13.244629,-136.108398
9359,-0.642090,-1.020020,0.408691,33.508301,17.211914,-155.334473
9360,-0.599121,-0.965820,0.446777,32.897949,16.357422,-170.288086
9361,-0.486328,-0.865234,0.469238,30.456543,4.150391,-189.636230
9362,-0.446289,-0.833008,0.473633,28.686523,-6.103516,-194.580078
9363,-0.425293,-0.836426,0.461914,26.611328,-15.625000,-199.401855
9364,-0.342285,-0.824707,0.440918,20.202637,-27.343750,-211.547852
9365,-0.285645,-0.786133,0.423828,18.798828,-30.700684,-212.524414
9366,-0.183594,-0.734375,0.433594,17.944336,-29.479980,-202.758789
9367,-0.124512,-0.748535,0.483398,13.977051,-28.198242,-196.655273
9368,-0.097656,-0.767090,0.522949,7.141113,-27.343750,-192.138672
9369,-0.075195,-0.786133,0.536133,-1.403809,-26.672363,-188.598633
9370,-0.029297,-0.796387,0.464844,-5.920410,-27.648926,-181.884766
9371,-0.003906,-0.786133,0.406738,0.244141,-26.977539,-179.321289
9372,0.038574,-0.769531,0.373047,10.070801,-26.000977,-175.964355
9373,0.099609,-0.766602,0.375488,27.099609,-23.742676,-164.001465
9374,0.113281,-0.790527,0.396973,28.625488,-21.423340,-158.569336
9375,0.122070,-0.823730,0.434082,25.024414,-19.653320,-156.616211
9376,0.174805,-0.803223,0.470703,4.211426,-17.150879,-157.714844
9377,0.213379,-0.761719,0.460938,-10.742188,-11.474609,-154.663086
9378,0.249023,-0.727539,0.441895,-25.817871,-2.990723,-147.949219
9379,0.276855,-0.715332,0.422852,-38.085938,4.882812,-138.122559
9380,0.298340,-0.807617,0.426758,-50.292969,9.033203,-121.765137
9381,0.308105,-0.845703,0.405273,-48.522949,9.460449,-118.530273
9382,0.313477,-0.853516,0.386230,-42.602539,11.779785,-117.065430
9383,0.335449,-0.838379,0.381836,-25.939941,14.709473,-116.882324
9384,0.351562,-0.841309,0.395508,-14.770508,12.573242,-117.065430
9385,0.365723,-0.845703,0.429199,-0.915527,5.920410,-116.943359
9386,0.422363,-0.806641,0.454102,24.597168,-10.681152,-117.187500
9387,0.463379,-0.770508,0.450195,31.677246,-14.648438,-113.891602
9388,0.507324,-0.733887,0.448730,31.799316,-14.709473,-106.750488
9389,0.564453,-0.716309,0.440430,18.310547,-9.887695,-84.655762
9390,0.575195,-0.728027,0.441406,10.314941,-7.141113,-75.500488
9391,0.574707,-0.733887,0.447754,3.112793,-6.286621,-68.359375
9392,0.569824,-0.734375,0.437988,-2.746582,-7.507324,-62.683105
9393,0.593750,-0.716309,0.402344,-10.253906,-5.371094,-47.607422
9394,0.616699,-0.700684,0.396973,-13.305664,-2.990723,-35.888672
9395,0.628418,-0.687988,0.389648,-18.066406,-0.976562,-22.949219
9396,0.641113,-0.681152,0.385254,-23.986816,0.488281,-9.094238
9397,0.614258,-0.693359,0.344238,-27.221680,1.892090,16.723633
9398,0.592773,-0.694336,0.335449,-23.681641,1.647949,27.099609
9399,0.568848,-0.705078,0.354004,-11.352539,-2.197266,44.250488
9400,0.583984,-0.715332,0.382324,-6.164551,-2.502441,55.664062
9401,0.613770,-0.732910,0.396973,-5.371094,-1.403809,71.228027
9402,0.616699,-0.744629,0.398438,-7.812500,1.403809,88.623047
9403,0.543945,-0.756836,0.400391,-14.587402,6.896973,117.187500
9404,0.493652,-0.750977,0.396973,-16.296387,7.385254,128.112793
9405,0.442383,-0.747559,0.386230,-15.747070,6.774902,138.061523
9406,0.366211,-0.779785,0.379883,-11.230469,6.225586,155.700684
9407,0.333984,-0.791992,0.366211,-4.333496,5.371094,162.109375
9408,0.300781,-0.796875,0.354004,5.554199,4.333496,166.870117
9409,0.244141,-0.833496,0.374023,26.489258,-0.671387,167.297363
9410,0.191895,-0.905273,0.420410,38.085938,-1.525879,147.094727
9411,0.165039,-0.920410,0.447754,34.423828,1.037598,131.225586
9412,0.147461,-0.917480,0.470703,24.719238,5.004883,114.746094
9413,0.136719,-0.899902,0.497559,10.681152,7.812500,100.158691
9414,0.153320,-0.869141,0.481445,-16.723633,8.422852,82.824707
9415,0.162109,-0.859863,0.439941,-24.353027,7.995605,79.223633
9416,0.151855,-0.878906,0.360352,-22.521973,7.385254,75.073242
9417,0.134277,-0.909180,0.344238,-16.357422,6.652832,71.228027
9418,0.114746,-0.947754,0.353516,-10.131836,6.042480,64.270020
9419,0.101562,-0.974609,0.370117,-5.554199,5.126953,54.077148
9420,0.091797,-0.930664,0.380859,-1.037598,3.784180,33.508301
9421,0.092285,-0.905762,0.369629,-1.586914,4.333496,27.221680
9422,0.096680,-0.902344,0.372070,-2.075195,7.019043,21.972656
9423,0.089844,-0.922852,0.385742,-1.892090,6.896973,20.812988
9424,0.076172,-0.944336,0.397949,-1.037598,4.943848,18.493652
9425,0.063965,-0.958008,0.405273,0.244141,2.441406,15.136719
9426,0.055664,-0.963379,0.415527,3.967285,-1.037598,7.995605
9427,0.065430,-0.953125,0.412598,6.469727,-1.647949,6.042480
9428,0.072266,-0.949219,0.417969,7.690430,-1.098633,4.821777
9429,0.062500,-0.937988,0.435059,1.586914,0.061035,2.075195
9430,0.059570,-0.942383,0.440918,-3.417969,1.708984,1.525879
9431,0.064941,-0.959473,0.451172,-8.422852,2.258301,0.915527
9432,0.060547,-0.948730,0.400879,-11.474609,0.610352,-1.342773
9433,0.061035,-0.921875,0.366211,-7.141113,0.244141,-1.525879
9434,0.060547,-0.903809,0.351562,-0.122070,-0.183105,-1.281738
9435,0.049805,-0.904785,0.354004,6.469727,-0.549316,-1.831055
9436,0.045410,-0.922363,0.400391,9.155273,0.854492,-3.784180
9437,0.055664,-0.917969,0.417969,6.347656,1.281738,-3.967285
9438,0.057129,-0.914062,0.422852,3.173828,1.647949,-3.417969
9439,0.057617,-0.899902,0.402832,1.770020,2.868652,-1.037598
9440,0.056641,-0.895020,0.394531,3.601074,3.173828,0.427246
9441,0.062012,-0.895508,0.408203,4.943848,2.380371,2.624512
9442,0.068848,-0.937500,0.420898,5.493164,-4.089355,5.065918
9443,0.065430,-0.943359,0.418945,6.164551,-7.263184,4.638672
9444,0.069824,-0.935547,0.404785,7.446289,-8.850098,3.967285
9445,0.077637,-0.926758,0.380371,14.038086,-5.554199,1.159668
9446,0.076172,-0.925293,0.405273,16.479492,-2.197266,-0.061035
9447,0.072266,-0.919922,0.440430,15.502930,0.427246,-0.366211
9448,0.068848,-0.908691,0.474121,11.718750,1.525879,0.549316
9449,0.075684,-0.893066,0.456543,0.549316,0.244141,5.249023
9450,0.074707,-0.895020,0.432617,-3.784180,-0.244141,6.591797
9451,0.068359,-0.903320,0.411621,-5.554199,-0.732422,6.469727
9452,0.044434,-0.944336,0.371094,3.723145,-1.281738,0.183105
9453,0.044922,-0.947266,0.376953,12.451172,-1.586914,-3.906250
9454,0.046875,-0.929199,0.384277,20.874023,-2.197266,-6.591797
9455,0.055664,-0.873047,0.427246,26.245117,-1.770020,-6.164551
9456,0.063477,-0.865723,0.461426,21.789551,-1.159668,-4.516602
9457,0.070312,-0.870605,0.494629,14.404297,-1.525879,-2.075195
9458,0.069824,-0.888184,0.498047,6.530762,-3.540039,0.183105
9459,0.062500,-0.936523,0.452637,-0.976562,-5.310059,-0.488281
9460,0.067383,-0.934082,0.433594,0.976562,-4.516602,-2.807617
9461,0.079590,-0.905273,0.425293,5.432129,-3.784180,-3.356934
9462,0.086426,-0.883301,0.430664,11.779785,-4.089355,-1.159668
9463,0.074707,-0.879395,0.446289,20.996094,-6.530762,6.103516
9464,0.070312,-0.891113,0.447266,22.094727,-6.774902,8.239746
9465,0.056152,-0.889648,0.452637,19.104004,-7.690430,6.591797
9466,0.060547,-0.874512,0.471191,13.977051,-9.094238,5.310059
9467,0.065430,-0.871094,0.481934,7.751465,-10.498047,4.394531
9468,0.077148,-0.891113,0.478027,-1.525879,-8.728027,3.723145
9469,0.077148,-0.897461,0.458008,-0.793457,-7.141113,3.906250
9470,0.072266,-0.899414,0.443848,5.065918,-6.835938,4.333496
9471,0.062500,-0.901367,0.431641,14.709473,-7.019043,4.638672
9472,0.060059,-0.917480,0.432617,32.348633,-6.103516,3.417969
9473,0.064941,-0.916992,0.452637,36.804199,-4.638672,1.586914
9474,0.065918,-0.879395,0.495117,35.644531,-2.014160,-0.976562
9475,0.068848,-0.873047,0.506348,32.470703,-0.671387,-0.732422
9476,0.081055,-0.865723,0.509766,27.954102,1.281738,-0.305176
9477,0.090820,-0.841309,0.526855,18.249512,3.662109,2.441406
9478,0.062012,-0.849609,0.519531,14.526367,2.319336,3.295898
9479,0.045898,-0.867676,0.505371,10.986328,2.197266,1.647949
9480,0.051270,-0.876465,0.509766,2.258301,3.479004,-6.164551
9481,0.052246,-0.856934,0.512207,-1.098633,2.990723,-9.765625
9482,0.058594,-0.837891,0.515625,-3.967285,2.868652,-10.925293
9483,0.069336,-0.835449,0.529785,-6.652832,2.258301,-6.713867
9484,0.071777,-0.842285,0.522461,-5.432129,0.671387,-3.784180
9485,0.071777,-0.848633,0.508301,-3.356934,0.366211,-1.098633
9486,0.069824,-0.860840,0.506836,3.173828,-0.122070,2.929688
9487,0.066895,-0.886719,0.517578,7.751465,-2.197266,2.380371
9488,0.045410,-0.926270,0.536621,12.207031,-7.385254,-8.361816
9489,0.053223,-0.902344,0.541016,9.643555,-8.911133,-15.747070
9490,0.066895,-0.871582,0.537109,4.943848,-9.826660,-21.667480
9491,0.079102,-0.842285,0.517090,-4.089355,-9.399414,-27.160645
9492,0.091309,-0.840332,0.479492,-5.310059,-7.934570,-28.381348
9493,0.098633,-0.858887,0.484375,-3.784180,-6.591797,-29.785156
9494,0.103027,-0.868652,0.498047,0.549316,-7.690430,-32.165527
9495,0.101074,-0.879395,0.504883,5.126953,-10.742188,-36.315918
9496,0.084473,-0.899902,0.530273,6.835938,-17.761230,-51.269531
9497,0.092285,-0.888184,0.535645,3.417969,-20.690918,-60.729980
9498,0.117676,-0.833496,0.524902,-6.164551,-26.245117,-76.538086
9499,0.137207,-0.814453,0.524902,-10.986328,-25.939941,-79.406738
9500,0.162598,-0.818359,0.532227,-15.686035,-22.460938,-78.369141
9501,0.223633,-0.825195,0.531250,-25.756836,-13.916016,-71.411133
9502,0.251953,-0.835938,0.493164,-25.695801,-11.352539,-68.908691
9503,0.277344,-0.843262,0.436035,-18.798828,-9.948730,-66.833496
9504,0.266113,-0.830078,0.414062,9.826660,-7.019043,-63.537598
9505,0.251953,-0.821777,0.478027,18.737793,-6.408691,-60.729980
9506,0.250000,-0.828613,0.549805,20.385742,-9.033203,-58.654785
9507,0.272461,-0.800293,0.545898,8.117676,-13.916016,-56.457520
9508,0.308105,-0.760742,0.511230,1.281738,-11.657715,-49.804688
9509,0.333496,-0.752930,0.479980,-5.310059,-6.164551,-39.489746
9510,0.352051,-0.811523,0.488281,-10.864258,1.281738,-23.742676
9511,0.352051,-0.834473,0.490723,-8.239746,-0.427246,-20.507812
9512,0.356934,-0.838867,0.479980,-3.234863,-2.075195,-18.310547
9513,0.380371,-0.825684,0.452148,8.056641,3.356934,-10.070801
9514,0.376953,-0.826660,0.471191,12.756348,8.056641,-4.150391
9515,0.354492,-0.830078,0.512207,17.089844,9.704590,1.403809
9516,0.314453,-0.795410,0.502930,28.198242,5.798340,8.117676
9517,0.320312,-0.782715,0.482910,31.188965,6.774902,9.765625
9518,0.329590,-0.778320,0.483887,31.005859,9.338379,10.192871
9519,0.335938,-0.785645,0.507812,28.381348,11.718750,10.986328
9520,0.324219,-0.815430,0.566895,17.822266,11.230469,11.108398
9521,0.306152,-0.802734,0.575195,14.831543,7.385254,11.169434
9522,0.289551,-0.786133,0.554199,15.502930,4.699707,11.352539
9523,0.288574,-0.767578,0.518066,19.653320,7.629395,8.728027
9524,0.291016,-0.770996,0.533691,18.188477,10.375977,6.591797
9525,0.290527,-0.785156,0.566406,16.052246,9.643555,5.065918
9526,0.306152,-0.793945,0.579102,7.812500,4.821777,4.455566
9527,0.315430,-0.783203,0.574707,3.112793,4.028320,5.615234
9528,0.308105,-0.800293,0.550781,1.159668,4.150391,6.713867
9529,0.290527,-0.800781,0.544434,8.605957,8.117676,5.004883
9530,0.286133,-0.779297,0.558105,13.122559,8.361816,4.882812
9531,0.282715,-0.763184,0.565430,14.709473,7.690430,5.798340
9532,0.284180,-0.756348,0.574219,13.427734,6.835938,7.385254
9533,0.288574,-0.781738,0.576172,3.417969,5.676270,10.620117
9534,0.286621,-0.781738,0.577148,-1.770020,5.676270,11.352539
9535,0.286621,-0.775391,0.574219,-5.249023,4.211426,12.145996
9536,0.282227,-0.790527,0.554688,-7.080078,3.295898,11.901855
9537,0.266113,-0.812500,0.560547,-1.708984,2.136230,6.896973
9538,0.273438,-0.794434,0.572754,1.770020,2.136230,5.615234
9539,0.282227,-0.772949,0.598633,3.234863,2.380371,7.995605
9540,0.275879,-0.773438,0.591797,2.685547,1.342773,8.666992
9541,0.264648,-0.780762,0.577148,2.502441,0.854492,8.850098
9542,0.270020,-0.791016,0.572754,2.624512,1.281738,9.094238
9543,0.269531,-0.792480,0.579102,-0.183105,2.136230,9.338379
9544,0.266113,-0.774414,0.590820,-1.708984,0.061035,9.521484
9545,0.255859,-0.780762,0.569336,-0.427246,-4.760742,9.460449
9546,0.250977,-0.804199,0.508301,5.249023,-4.882812,3.417969
9547,0.269043,-0.777832,0.526855,9.948730,-2.807617,1.464844
9548,0.275391,-0.774902,0.539062,13.183594,-0.854492,1.281738
9549,0.277832,-0.783203,0.531738,13.305664,3.662109,1.586914
9550,0.270996,-0.780273,0.583008,12.573242,10.620117,3.967285
9551,0.267090,-0.764160,0.611816,13.610840,7.690430,5.920410
9552,0.259277,-0.770020,0.623047,14.526367,2.441406,7.629395
9553,0.232910,-0.786621,0.619141,9.460449,-4.943848,6.042480
9554,0.208496,-0.799316,0.610840,5.798340,-7.080078,3.479004
9555,0.208496,-0.793457,0.589844,5.004883,-9.155273,0.183105
9556,0.270996,-0.749512,0.550293,9.155273,-8.239746,-1.342773
9557,0.307617,-0.745605,0.553711,15.258789,-7.019043,4.150391
9558,0.302246,-0.784180,0.569336,20.080566,-4.272461,8.972168
9559,0.280273,-0.812012,0.588867,22.216797,-1.159668,9.582520
9560,0.265137,-0.798340,0.622070,20.935059,-3.051758,6.835938
9561,0.279297,-0.723633,0.660645,17.822266,-7.263184,8.117676
9562,0.221191,-0.780273,0.619629,6.713867,-9.704590,7.507324
9563,0.208496,-0.789062,0.605957,0.793457,-6.469727,3.356934
9564,0.218262,-0.786621,0.616211,-5.310059,-3.540039,0.427246
9565,0.243652,-0.776367,0.611328,-10.009766,-2.258301,-0.915527
9566,0.280762,-0.770508,0.582520,-13.549805,-2.197266,-0.427246
9567,0.270996,-0.765625,0.576172,-11.596680,-1.708984,0.061035
9568,0.266113,-0.748535,0.571289,-7.751465,-1.708984,0.610352
9569,0.267090,-0.730469,0.559082,-3.845215,-1.098633,1.831055
9570,0.269043,-0.724609,0.578125,-2.380371,3.784180,7.080078
9571,0.245117,-0.760254,0.602051,-2.807617,4.882812,7.385254
9572,0.227539,-0.798340,0.614746,-1.892090,2.929688,4.882812
9573,0.228027,-0.800293,0.631836,-1.281738,-0.183105,-4.150391
9574,0.251953,-0.768066,0.646484,-4.211426,-1.953125,-4.089355
9575,0.263184,-0.762207,0.630371,-7.141113,-3.540039,-1.586914
9576,0.258301,-0.789551,0.596191,-5.004883,-6.347656,0.793457
9577,0.264160,-0.788086,0.590820,-0.671387,-7.690430,0.122070
9578,0.255859,-0.784180,0.595215,2.990723,-9.094238,-0.305176
9579,0.243164,-0.782227,0.587402,7.385254,-9.338379,-1.037598
9580,0.252930,-0.776855,0.583984,4.943848,-6.103516,-1.586914
9581,0.279297,-0.751953,0.558594,-1.220703,2.868652,-1.037598
9582,0.273926,-0.758301,0.560547,1.770020,3.906250,2.746582
9583,0.262207,-0.774414,0.582520,5.859375,3.784180,5.493164
9584,0.256836,-0.771973,0.608887,7.446289,2.990723,6.713867
9585,0.243652,-0.764160,0.602539,1.708984,3.051758,6.103516
9586,0.246582,-0.759766,0.589355,-1.342773,4.638672,4.760742
9587,0.248047,-0.757812,0.602539,-3.540039,5.004883,3.356934
9588,0.242188,-0.773438,0.624512,-6.286621,2.075195,1.037598
9589,0.247559,-0.771484,0.641113,-7.446289,1.159668,1.281738
9590,0.251465,-0.790039,0.648438,-10.498047,0.061035,1.831055
9591,0.231934,-0.826172,0.598633,-15.014648,-1.647949,-4.882812
9592,0.233887,-0.805664,0.566406,-14.953613,0.793457,-9.643555
9593,0.245605,-0.788574,0.553223,-13.732910,4.760742,-12.329102
9594,0.255859,-0.776855,0.550781,-11.718750,8.239746,-13.122559
9595,0.252930,-0.757324,0.559082,-11.047363,14.953613,-9.338379
9596,0.256836,-0.745117,0.566895,-12.512207,17.333984,-6.164551
9597,0.242676,-0.749512,0.580078,-14.526367,16.357422,1.220703
9598,0.225586,-0.781250,0.589844,-13.549805,12.023926,2.319336
9599,0.220703,-0.798340,0.588867,-12.390137,7.568359,1.281738
9600,0.251465,-0.784180,0.555664,-10.925293,7.141113,0.427246
9601,0.257324,-0.775879,0.552246,-9.094238,9.460449,2.075195
9602,0.249512,-0.786133,0.551758,-6.164551,11.352539,4.150391
9603,0.225586,-0.804688,0.577637,0.183105,10.070801,4.882812
9604,0.221191,-0.802734,0.591797,2.319336,7.019043,3.967285
9605,0.220215,-0.793945,0.597168,3.784180,3.540039,2.929688
9606,0.241211,-0.781250,0.594727,4.150391,0.305176,2.868652
9607,0.244141,-0.784668,0.595703,2.685547,0.549316,3.234863
9608,0.241211,-0.791504,0.597656,-0.061035,1.525879,3.112793
9609,0.241699,-0.787109,0.581055,-2.502441,2.868652,3.295898
9610,0.239258,-0.781250,0.559570,-3.051758,6.896973,5.432129
9611,0.234863,-0.772461,0.561523,-2.136230,7.324219,6.408691
9612,0.226074,-0.782227,0.564453,-0.671387,6.591797,6.835938
9613,0.216309,-0.816406,0.577637,0.976562,3.845215,2.502441
9614,0.216309,-0.802246,0.576172,2.136230,1.831055,-0.793457
9615,0.212891,-0.779297,0.590332,4.516602,-1.281738,-2.563477
9616,0.219238,-0.769531,0.587402,9.155273,-5.981445,-1.708984
9617,0.235840,-0.780762,0.579590,9.094238,-5.737305,-1.403809
9618,0.232910,-0.792969,0.581543,7.202148,-4.943848,-1.708984
9619,0.230469,-0.797852,0.581055,4.577637,-3.417969,-2.624512
9620,0.244141,-0.785156,0.600098,-0.610352,0.305176,-2.380371
9621,0.246094,-0.783203,0.611328,-2.563477,-0.366211,-0.976562
9622,0.219727,-0.792969,0.595703,-3.112793,-6.408691,-0.488281
9623,0.217285,-0.790039,0.585449,0.000000,-8.544922,-0.854492
9624,0.225098,-0.797363,0.582031,2.929688,-9.521484,-1.647949
9625,0.234375,-0.797363,0.579590,4.577637,-9.277344,-2.441406
9626,0.263184,-0.790039,0.553223,12.573242,-10.620117,-1.953125
9627,0.257324,-0.770996,0.534668,20.446777,-10.620117,-0.488281
9628,0.229492,-0.789062,0.558594,28.930664,-5.920410,-0.183105
9629,0.232910,-0.779297,0.599121,26.611328,-3.540039,-2.380371
9630,0.239258,-0.754883,0.628906,19.775391,-1.892090,-3.051758
9631,0.244629,-0.750000,0.644531,9.887695,-1.037598,-2.319336
9632,0.236328,-0.773438,0.598633,-2.807617,-0.610352,-2.868652
9633,0.231445,-0.774902,0.573242,-3.173828,0.305176,-3.662109
9634,0.235840,-0.770508,0.573242,-0.854492,0.610352,-3.601074
9635,0.249512,-0.752930,0.601074,1.708984,0.915527,0.000000
9636,0.250977,-0.754395,0.619629,0.732422,-0.061035,2.807617
9637,0.247559,-0.775879,0.608887,0.488281,-3.601074,4.150391
9638,0.239746,-0.772461,0.593750,1.953125,-4.516602,2.380371
9639,0.233887,-0.770508,0.585449,3.417969,-3.540039,0.427246
9640,0.251465,-0.771484,0.602539,2.746582,-0.854492,-2.258301
9641,0.251953,-0.774902,0.600586,0.244141,0.549316,-2.929688
9642,0.251465,-0.776855,0.602539,-2.014160,2.136230,-3.295898
9643,0.250488,-0.774902,0.600586,-2.929688,2.685547,-2.868652
9644,0.252930,-0.770508,0.588867,2.014160,1.220703,0.244141
9645,0.250977,-0.769043,0.590820,5.859375,0.671387,2.502441
9646,0.248535,-0.772461,0.620117,6.896973,0.061035,5.676270
9647,0.242188,-0.781250,0.623535,3.906250,0.549316,5.981445
9648,0.242188,-0.779297,0.623047,0.915527,0.732422,5.187988
9649,0.246582,-0.763184,0.626465,-1.892090,-2.075195,3.540039
9650,0.227051,-0.760254,0.628418,-3.845215,-3.784180,2.807617
9651,0.228516,-0.772949,0.621094,-6.591797,-3.479004,1.037598
9652,0.240723,-0.774414,0.617676,-9.094238,-2.380371,-0.793457
9653,0.257812,-0.756836,0.580078,-10.498047,0.122070,1.281738
9654,0.258789,-0.770996,0.560059,-5.737305,1.159668,2.807617
9655,0.242676,-0.787598,0.553711,1.647949,1.953125,2.380371
9656,0.238281,-0.765625,0.580566,11.352539,1.525879,2.502441
9657,0.241211,-0.754395,0.596680,12.207031,-0.183105,3.051758
9658,0.241211,-0.752930,0.604004,11.962891,-1.586914,3.173828
9659,0.229980,-0.762695,0.625977,9.155273,-1.464844,0.122070
9660,0.227539,-0.767578,0.642090,4.699707,-1.098633,-2.990723
9661,0.228027,-0.770508,0.648926,-1.098633,-1.098633,-5.676270
9662,0.231934,-0.771484,0.642578,-6.042480,-1.037598,-7.263184
9663,0.251953,-0.756836,0.606445,-10.925293,-0.122070,-5.126953
9664,0.251465,-0.765137,0.585938,-9.826660,0.549316,-2.441406
9665,0.248535,-0.774414,0.569336,-5.310059,0.976562,-0.061035
9666,0.254395,-0.762207,0.584473,3.479004,2.441406,3.662109
9667,0.246094,-0.757812,0.598145,4.882812,2.685547,4.699707
9668,0.237793,-0.756836,0.615723,3.662109,2.929688,4.516602
9669,0.229492,-0.758301,0.633789,0.183105,2.563477,2.807617
9670,0.226074,-0.767578,0.632812,-7.812500,0.793457,-1.770020
9671,0.234863,-0.771973,0.621094,-9.338379,0.549316,-2.319336
9672,0.255371,-0.774414,0.589355,-5.737305,1.342773,0.061035
9673,0.251953,-0.769531,0.588867,-2.197266,1.525879,2.197266
9674,0.240723,-0.775879,0.594727,0.915527,0.366211,3.540039
9675,0.219727,-0.783203,0.602051,1.770020,-1.342773,0.244141
9676,0.224609,-0.771973,0.602051,-0.305176,-1.586914,-2.197266
9677,0.235352,-0.762695,0.600586,-3.479004,-1.220703,-3.845215
9678,0.243164,-0.762695,0.600586,-6.225586,-0.549316,-3.967285
9679,0.243164,-0.770020,0.596680,-4.394531,-0.122070,-3.479004
9680,0.246094,-0.775391,0.596191,-2.075195,0.915527,-3.051758
9681,0.249023,-0.773926,0.605469,-0.427246,1.770020,-2.563477
9682,0.247559,-0.754395,0.618164,0.488281,0.061035,-0.061035
9683,0.238770,-0.762695,0.617188,0.732422,-2.380371,0.854492
9684,0.234375,-0.771484,0.604004,0.427246,-4.394531,0.122070
9685,0.235840,-0.773926,0.586914,-0.915527,-5.187988,-3.784180
9686,0.244141,-0.776367,0.583008,-0.793457,-5.004883,-5.432129
9687,0.247559,-0.778809,0.580566,0.610352,-3.845215,-6.347656
9688,0.262207,-0.756348,0.598145,3.540039,-0.366211,-4.516602
9689,0.262207,-0.751953,0.608398,2.746582,0.427246,-2.319336
9690,0.254395,-0.762695,0.610840,0.915527,0.549316,-0.427246
9691,0.247070,-0.772949,0.610840,-0.366211,-0.183105,0.183105
9692,0.244629,-0.767090,0.616699,-1.037598,-3.601074,-0.549316
9693,0.248047,-0.763672,0.616699,-1.708984,-5.859375,-0.366211
9694,0.249512,-0.768066,0.607422,-3.540039,-6.164551,-0.549316
9695,0.262207,-0.761719,0.595215,-6.835938,-1.037598,0.366211
9696,0.269531,-0.761230,0.584473,-7.568359,3.173828,2.746582
9697,0.265625,-0.768555,0.570312,-8.361816,7.751465,5.126953
9698,0.237793,-0.788086,0.553711,-9.277344,13.977051,6.958008
9699,0.228027,-0.785645,0.554199,-5.920410,13.610840,6.225586
9700,0.228516,-0.774414,0.563477,-1.770020,12.023926,5.859375
9701,0.228516,-0.766113,0.574219,1.037598,10.375977,6.225586
9702,0.224121,-0.770020,0.594727,2.685547,3.723145,6.835938
9703,0.220215,-0.774902,0.587402,2.380371,0.610352,5.920410
9704,0.223145,-0.776367,0.579590,2.502441,-1.647949,4.394531
9705,0.234375,-0.777832,0.595215,4.882812,-4.394531,1.281738
9706,0.241699,-0.790039,0.615234,5.737305,-5.737305,-0.427246
9707,0.248535,-0.796387,0.628418,5.615234,-6.103516,-1.953125
9708,0.254883,-0.790527,0.655273,3.967285,-5.920410,-3.234863
9709,0.257812,-0.780273,0.688965,-2.380371,-7.568359,-5.065918
9710,0.258789,-0.776855,0.674805,-4.882812,-8.117676,-5.737305
9711,0.283203,-0.751953,0.617188,-7.751465,-3.540039,-3.662109
9712,0.295410,-0.747070,0.592773,-7.995605,1.159668,-0.610352
9713,0.269043,-0.751953,0.574219,-4.333496,9.033203,5.371094
9714,0.246094,-0.757812,0.581055,-1.159668,9.582520,6.835938
9715,0.231934,-0.764648,0.586914,1.892090,7.995605,6.958008
9716,0.227539,-0.752441,0.591797,5.554199,3.540039,6.652832
9717,0.228516,-0.749023,0.602051,5.371094,1.403809,6.958008
9718,0.223145,-0.755859,0.606445,3.540039,0.000000,6.530762
9719,0.219727,-0.776367,0.618652,-1.098633,-1.586914,4.455566
9720,0.226074,-0.774902,0.612793,-3.112793,-2.258301,3.540039
9721,0.226074,-0.781250,0.601562,-4.333496,-2.746582,3.112793
9722,0.228027,-0.796875,0.588379,-3.356934,-2.380371,0.122070
9723,0.227539,-0.787109,0.594238,-2.380371,-2.685547,-1.159668
9724,0.232422,-0.775879,0.597656,-1.159668,-3.479004,-1.525879
9725,0.240723,-0.767578,0.607422,0.610352,-4.821777,-0.732422
9726,0.237305,-0.769531,0.605469,0.976562,-5.310059,-0.610352
9727,0.235352,-0.770020,0.596191,0.183105,-5.004883,-0.976562
9728,0.242676,-0.762695,0.567383,-1.464844,-1.098633,-1.647949
9729,0.245117,-0.762695,0.559082,-1.464844,1.708984,-0.549316
9730,0.238281,-0.773438,0.564453,0.183105,3.173828,0.549316
9731,0.236328,-0.770020,0.566406,1.770020,3.723145,1.342773
9732,0.232422,-0.759277,0.579102,2.075195,5.310059,4.760742
9733,0.227051,-0.771973,0.581055,2.319336,5.371094,6.347656
9734,0.224121,-0.774902,0.580566,3.845215,5.065918,7.263184
9735,0.233398,-0.755371,0.607910,7.995605,2.502441,10.192871
9736,0.230957,-0.766113,0.636719,9.643555,-0.610352,11.840820
9737,0.214844,-0.802734,0.675293,5.554199,-6.835938,10.498047
9738,0.218750,-0.818848,0.677734,1.464844,-9.216309,7.080078
9739,0.232910,-0.822266,0.667969,-3.051758,-9.643555,2.990723
9740,0.246094,-0.809082,0.658203,-7.263184,-8.178711,-0.244141
9741,0.251465,-0.796387,0.640137,-10.375977,-6.469727,-2.136230
9742,0.242676,-0.772461,0.577637,-11.230469,-0.732422,-4.150391
9743,0.236816,-0.770020,0.562500,-8.422852,2.685547,-4.516602
9744,0.235840,-0.766113,0.554688,-3.967285,5.187988,-4.272461
9745,0.229004,-0.746582,0.568359,4.577637,6.347656,-1.281738
9746,0.218750,-0.738770,0.575684,7.019043,4.455566,1.098633
9747,0.207031,-0.740234,0.576660,8.056641,1.647949,2.685547
9748,0.187012,-0.767578,0.598633,5.798340,-4.394531,2.563477
9749,0.187012,-0.780762,0.609375,4.760742,-8.605957,0.732422
9750,0.200195,-0.777832,0.614258,4.394531,-12.756348,-1.586914
9751,0.223633,-0.774902,0.601074,6.347656,-18.493652,-4.089355
9752,0.233887,-0.774902,0.575684,10.192871,-17.395020,-5.493164
9753,0.241699,-0.763672,0.570801,12.512207,-13.305664,-6.408691
9754,0.244629,-0.760742,0.622070,10.498047,-10.009766,-5.004883
9755,0.250000,-0.766113,0.634277,7.019043,-9.887695,-4.333496
9756,0.257324,-0.764648,0.641113,2.685547,-7.995605,-3.723145
9757,0.262207,-0.765625,0.644531,-1.647949,-4.943848,-3.051758
9758,0.268066,-0.777832,0.629395,-7.202148,1.953125,-1.647949
9759,0.267090,-0.785156,0.614746,-7.995605,5.310059,-0.854492
9760,0.260254,-0.786621,0.604004,-7.629395,7.446289,0.183105
9761,0.246582,-0.795898,0.607422,-2.990723,4.699707,2.685547
9762,0.237305,-0.791992,0.609863,-0.305176,2.624512,3.540039
9763,0.235840,-0.785645,0.616699,1.281738,1.037598,3.845215
9764,0.243164,-0.762695,0.639160,0.915527,-0.244141,4.516602
9765,0.244141,-0.750488,0.638672,-1.831055,-0.122070,5.371094
9766,0.244629,-0.746582,0.627441,-5.187988,-0.061035,6.347656
9767,0.234863,-0.747070,0.578125,-8.178711,0.061035,7.385254
9768,0.230957,-0.740723,0.554688,-6.958008,0.366211,7.019043
9769,0.226074,-0.737305,0.541992,-4.638672,0.488281,6.347656
9770,0.215332,-0.753906,0.578125,-0.427246,-0.427246,4.394531
9771,0.212402,-0.783203,0.586426,-0.488281,-1.953125,1.953125
9772,0.216309,-0.807129,0.588379,-0.732422,-2.380371,-1.770020
9773,0.229004,-0.803711,0.588379,2.441406,-2.258301,-7.141113
9774,0.245117,-0.752441,0.600098,5.493164,-2.624512,-6.225586
9775,0.245605,-0.750977,0.618164,7.263184,-3.784180,-4.455566
9776,0.242188,-0.769043,0.637695,7.202148,-5.920410,-3.662109
9777,0.246582,-0.773438,0.624512,1.953125,-7.080078,-4.699707
9778,0.258789,-0.765625,0.605469,-0.671387,-4.455566,-3.662109
9779,0.276855,-0.762207,0.587402,-3.479004,4.333496,2.441406
9780,0.269043,-0.763184,0.584961,-4.333496,7.751465,6.652832
9781,0.258789,-0.765625,0.587891,-4.699707,9.826660,10.253906
9782,0.244629,-0.769531,0.592773,-4.821777,10.192871,12.268066
9783,0.224121,-0.769043,0.603516,-3.784180,6.835938,12.084961
9784,0.219238,-0.770996,0.608887,-1.953125,4.150391,10.681152
9785,0.217285,-0.768066,0.614746,-0.610352,1.281738,9.094238
9786,0.226074,-0.764648,0.614258,-0.427246,-0.549316,7.080078
9787,0.234863,-0.757812,0.616699,-2.380371,0.305176,7.934570
9788,0.242676,-0.755371,0.619141,-5.310059,1.159668,10.681152
9789,0.239258,-0.766113,0.605469,-11.291504,2.441406,18.798828
9790,0.229492,-0.776367,0.589844,-12.634277,2.746582,21.179199
9791,0.217773,-0.784180,0.566895,-11.718750,3.051758,21.850586
9792,0.204102,-0.794434,0.559570,-8.178711,3.723145,20.324707
9793,0.192383,-0.792969,0.568848,-1.342773,6.652832,13.977051
9794,0.193848,-0.786133,0.586914,-0.488281,7.568359,11.535645
9795,0.203125,-0.772461,0.623535,-4.699707,8.422852,12.451172
9796,0.195801,-0.783203,0.634277,-8.972168,8.789062,14.404297
9797,0.191406,-0.776855,0.625000,-12.939453,7.690430,16.296387
9798,0.181641,-0.774902,0.606445,-15.991211,7.385254,17.578125
9799,0.183594,-0.755859,0.556641,-16.784668,10.742188,19.836426
9800,0.197266,-0.739258,0.556641,-15.441895,12.817383,23.010254
9801,0.197754,-0.737305,0.561523,-14.282227,14.160156,28.869629
9802,0.168457,-0.756836,0.572266,-14.648438,14.160156,42.480469
9803,0.152832,-0.764648,0.566895,-16.540527,13.549805,48.706055
9804,0.133789,-0.761230,0.565918,-18.432617,13.183594,54.443359
9805,0.099609,-0.809082,0.582031,-21.484375,9.948730,63.537598
9806,0.089355,-0.840332,0.581055,-22.766113,7.202148,63.354492
9807,0.087891,-0.858887,0.584473,-23.315430,4.272461,61.767578
9808,0.088867,-0.865234,0.578125,-23.010254,2.502441,59.570312
9809,0.067871,-0.843262,0.563965,-20.263672,3.967285,56.884766
9810,0.070801,-0.831055,0.560547,-18.127441,3.784180,57.739258
9811,0.050781,-0.840332,0.542480,-13.427734,0.671387,58.105469
9812,0.031250,-0.861328,0.538574,-11.596680,0.671387,54.992676
9813,0.019043,-0.864746,0.537109,-9.826660,1.953125,50.537109
9814,0.017578,-0.878418,0.542969,-7.751465,5.798340,43.884277
9815,0.012207,-0.888672,0.533691,-7.202148,7.568359,40.893555
9816,0.000977,-0.915039,0.510742,-5.126953,9.338379,36.254883
9817,-0.027832,-0.948242,0.475098,-0.061035,16.723633,16.357422
9818,-0.024414,-0.918945,0.475098,2.258301,20.935059,4.943848
9819,-0.019531,-0.877930,0.508301,2.868652,23.559570,-3.662109
9820,-0.030273,-0.833496,0.596680,-2.258301,19.592285,-10.986328
9821,-0.035645,-0.844238,0.619629,-5.676270,14.038086,-12.207031
9822,-0.045898,-0.867676,0.617188,-8.483887,8.117676,-14.343262
9823,-0.059082,-0.903809,0.604980,-9.399414,3.784180,-17.822266
9824,-0.043457,-0.970215,0.576172,-6.042480,-3.112793,-32.714844
9825,-0.019531,-0.937988,0.561035,-3.479004,-6.958008,-41.809082
9826,-0.004883,-0.887207,0.546387,-1.770020,-10.253906,-48.583984
9827,0.024414,-0.831055,0.528809,0.000000,-14.831543,-55.114746
9828,0.024414,-0.849609,0.547363,-1.037598,-16.357422,-57.861328
9829,0.023438,-0.879883,0.573730,-8.972168,-19.531250,-69.641113
9830,0.060059,-0.853027,0.568359,-17.578125,-18.493652,-75.561523
9831,0.083496,-0.817383,0.547852,-25.268555,-16.723633,-77.941895
9832,0.105469,-0.795898,0.520020,-29.357910,-15.014648,-76.599121
9833,0.098633,-0.898926,0.525391,-26.611328,-19.470215,-77.453613
9834,0.088379,-0.930176,0.528809,-24.597168,-24.536133,-86.486816
9835,0.099121,-0.908691,0.526855,-24.047852,-29.235840,-97.839355
9836,0.166016,-0.784180,0.495117,-20.446777,-34.790039,-109.741211
9837,0.204590,-0.739258,0.479004,-17.456055,-34.423828,-107.849121
9838,0.233887,-0.735352,0.477051,-15.808105,-32.226562,-102.844238
9839,0.255859,-0.806152,0.480957,-20.629883,-23.620605,-94.726562
9840,0.268555,-0.833984,0.476562,-25.878906,-17.211914,-93.688965
9841,0.302246,-0.839844,0.465332,-30.456543,-10.681152,-93.200684
9842,0.338867,-0.819824,0.477051,-32.592773,-5.615234,-90.148926
9843,0.336914,-0.812988,0.473145,-32.104492,-7.934570,-88.562012
9844,0.331055,-0.817383,0.461914,-29.968262,-10.498047,-87.219238
9845,0.354492,-0.801758,0.453125,-26.367188,-14.709473,-83.618164
9846,0.382324,-0.779297,0.455078,-26.855469,-16.845703,-79.467773
9847,0.412598,-0.765625,0.446289,-28.198242,-18.371582,-72.692871
9848,0.445312,-0.770508,0.428711,-30.517578,-17.578125,-64.147949
9849,0.504395,-0.789551,0.393555,-34.362793,-10.070801,-44.128418
9850,0.524414,-0.770996,0.385742,-37.109375,-3.479004,-27.954102
9851,0.532227,-0.776855,0.361816,-34.973145,1.159668,-10.742188
9852,0.523926,-0.795410,0.323730,-7.263184,6.103516,17.333984
9853,0.509277,-0.808105,0.308105,9.948730,9.460449,31.372070
9854,0.520020,-0.799316,0.354004,22.277832,13.549805,48.034668
9855,0.515625,-0.792969,0.413574,25.817871,17.822266,67.199707
9856,0.443359,-0.778320,0.481934,11.047363,24.108887,105.102539
9857,0.391602,-0.781250,0.465332,3.173828,25.085449,118.957520
9858,0.296387,-0.805176,0.389648,3.234863,26.489258,131.347656
9859,0.261230,-0.809570,0.383789,9.582520,26.733398,133.666992
9860,0.228027,-0.808105,0.401367,17.700195,25.329590,136.230469
9861,0.212402,-0.801758,0.422852,24.475098,22.094727,138.977051
9862,0.202637,-0.754883,0.479980,24.475098,12.695312,144.775391
9863,0.184570,-0.759277,0.480469,19.897461,10.070801,150.024414
9864,0.150879,-0.752441,0.495605,9.948730,11.291504,155.090332
9865,0.100098,-0.747070,0.525391,-20.935059,13.244629,168.090820
9866,0.087891,-0.763184,0.521484,-35.827637,11.474609,175.903320
9867,0.031738,-0.753418,0.455566,-48.583984,-0.244141,191.894531
9868,0.000000,-0.731934,0.412109,-45.227051,-8.605957,199.462891
9869,-0.034180,-0.730957,0.375488,-37.170410,-16.479492,206.176758
9870,-0.067871,-0.778809,0.367188,-25.390625,-23.803711,210.144043
9871,-0.114746,-0.858887,0.354980,-14.038086,-28.930664,208.251953
9872,-0.191895,-0.954590,0.350098,-3.784180,-24.353027,191.955566
9873,-0.226074,-0.964355,0.408203,-3.479004,-19.104004,182.189941
9874,-0.250488,-0.949707,0.455566,-9.277344,-11.230469,166.870117
9875,-0.261230,-0.894043,0.462891,-13.183594,-7.934570,162.109375
9876,-0.277344,-0.883789,0.452148,-16.906738,-5.859375,157.592773
9877,-0.311523,-0.891113,0.444824,-20.324707,-4.516602,151.794434
9878,-0.409668,-0.949219,0.393066,-22.644043,-4.394531,133.972168
9879,-0.451660,-0.977051,0.357422,-23.376465,-0.488281,121.032715
9880,-0.480469,-0.980469,0.343262,-23.559570,5.249023,106.872559
9881,-0.502441,-0.984863,0.345215,-22.277832,10.070801,92.346191
9882,-0.541504,-1.024902,0.320312,-19.165039,15.991211,58.532715
9883,-0.562988,-1.044922,0.304688,-19.042969,20.568848,36.682129
9884,-0.573730,-1.044434,0.298340,-17.272949,23.864746,12.573242
9885,-0.557129,-0.990234,0.269531,-6.958008,25.024414,-34.301758
9886,-0.536133,-0.956543,0.272461,0.671387,24.902344,-53.466797
9887,-0.520020,-0.946289,0.299316,8.789062,22.583008,-69.274902
9888,-0.518066,-0.967773,0.328125,15.258789,19.165039,-83.984375
9889,-0.545898,-1.074707,0.373047,20.690918,9.460449,-120.849609
9890,-0.549316,-1.097656,0.367676,19.714355,6.347656,-144.897461
9891,-0.519531,-1.070801,0.375000,18.066406,4.089355,-169.067383
9892,-0.391113,-0.917480,0.414551,24.780273,-9.887695,-201.232910
9893,-0.329102,-0.873535,0.417969,33.813477,-21.362305,-207.153320
9894,-0.276855,-0.873047,0.419434,44.189453,-32.287598,-210.144043
9895,-0.205078,-0.899414,0.457520,52.612305,-45.898438,-216.064453
9896,-0.159668,-0.881348,0.485840,44.311523,-47.729492,-221.557617
9897,-0.115234,-0.836426,0.497070,28.808594,-47.058105,-227.783203
9898,-0.018555,-0.706543,0.481445,-7.934570,-38.146973,-232.666016
9899,0.033203,-0.670410,0.462891,-26.611328,-29.602051,-227.478027
9900,0.100098,-0.679688,0.429199,-42.724609,-19.714355,-218.078613
9901,0.154785,-0.729004,0.405273,-54.931641,-11.291504,-208.129883
9902,0.192871,-0.798340,0.337891,-66.101074,0.000000,-197.509766
9903,0.193848,-0.799316,0.303711,-63.354492,4.760742,-196.228027
9904,0.201660,-0.779785,0.277344,-54.016113,8.178711,-194.946289
9905,0.276367,-0.764648,0.301758,-25.207520,6.896973,-188.415527
9906,0.312988,-0.781250,0.354004,-12.817383,1.403809,-180.725098
9907,0.344238,-0.792969,0.408691,-6.408691,-6.347656,-169.921875
9908,0.385254,-0.783203,0.436035,-6.469727,-13.854980,-157.226562
9909,0.446289,-0.744629,0.424316,-17.517090,-22.460938,-130.493164
9910,0.450195,-0.733887,0.380371,-21.484375,-22.460938,-120.178223
9911,0.443359,-0.738770,0.348145,-24.658203,-18.310547,-112.731934
9912,0.510254,-0.743652,0.312500,-27.587891,-5.798340,-94.116211
9913,0.566895,-0.743164,0.306641,-28.381348,-1.464844,-79.101562
9914,0.606445,-0.754883,0.292969,-27.648926,0.854492,-62.194824
9915,0.619141,-0.788574,0.249023,-16.601562,1.403809,-31.982422
9916,0.606934,-0.792480,0.230469,-5.676270,1.647949,-19.592285
9917,0.598633,-0.787109,0.234863,7.568359,2.258301,-8.056641
9918,0.614258,-0.785156,0.284668,27.221680,5.493164,18.310547
9919,0.619141,-0.775391,0.296387,30.639648,10.131836,34.484863
9920,0.617676,-0.761230,0.302734,31.982422,18.249512,53.833008
9921,0.568359,-0.752930,0.332031,29.357910,30.639648,92.102051
9922,0.518066,-0.744629,0.330566,28.503418,32.531738,106.567383
9923,0.479980,-0.733398,0.334961,28.808594,33.020020,118.774414
9924,0.448730,-0.730469,0.355469,29.724121,32.714844,130.187988
9925,0.403320,-0.750977,0.413574,26.550293,28.198242,154.724121
9926,0.362793,-0.770996,0.425781,23.315430,24.169922,165.283203
9927,0.316895,-0.789062,0.424805,21.057129,19.409180,173.034668
9928,0.233887,-0.816895,0.426758,19.775391,11.108398,179.138184
9929,0.206055,-0.817871,0.442871,18.249512,7.385254,179.382324
9930,0.195312,-0.805664,0.458496,14.526367,3.906250,179.687500
9931,0.171875,-0.743164,0.462402,3.723145,-1.464844,189.208984
9932,0.165527,-0.708008,0.440918,-1.831055,-2.685547,200.012207
9933,0.149902,-0.693359,0.416504,-5.554199,-2.929688,213.867188
9934,0.048828,-0.768066,0.373535,-5.432129,-0.488281,235.290527
9935,-0.005371,-0.788574,0.381348,-3.784180,0.793457,240.234375
9936,-0.053223,-0.807129,0.402832,-3.295898,1.770020,243.347168
9937,-0.125488,-0.826660,0.439453,-2.380371,0.427246,245.971680
9938,-0.152344,-0.811523,0.432129,0.488281,-0.061035,246.643066
9939,-0.182617,-0.779785,0.428223,6.347656,1.037598,248.229980
9940,-0.256348,-0.763672,0.426758,21.423340,5.371094,255.798340
9941,-0.337402,-0.829102,0.449707,27.465820,5.920410,254.394531
9942,-0.445312,-0.938477,0.439941,28.076172,7.995605,242.980957
9943,-0.555664,-1.051270,0.415039,22.583008,13.305664,219.604492
9944,-0.667480,-1.136230,0.400391,-5.554199,31.127930,149.902344
9945,-0.669922,-1.079590,0.422852,-21.850586,33.996582,116.088867
9946,-0.597168,-0.907715,0.422363,-29.479980,16.296387,71.655273
9947,-0.575684,-0.879395,0.384766,-19.226074,2.685547,58.837891
9948,-0.577148,-0.885254,0.341309,-5.249023,-6.591797,46.203613
9949,-0.606934,-0.914551,0.329102,7.568359,-10.314941,31.188965
9950,-0.643066,-0.933105,0.345215,15.930176,-6.103516,-3.784180
9951,-0.611816,-0.913574,0.338379,13.732910,-0.122070,-18.310547
9952,-0.573242,-0.883789,0.342773,11.352539,5.371094,-30.578613
9953,-0.514160,-0.817871,0.362793,10.498047,11.474609,-49.926758
9954,-0.491699,-0.794434,0.385742,10.375977,12.268066,-56.152344
9955,-0.475098,-0.792969,0.408203,10.375977,10.925293,-60.180664
9956,-0.472656,-0.822266,0.423340,9.948730,8.300781,-63.476562
9957,-0.537598,-0.986816,0.410645,8.789062,6.591797,-84.350586
9958,-0.562012,-1.031738,0.400879,5.310059,9.399414,-104.797363
9959,-0.554688,-1.038086,0.404785,1.220703,12.634277,-127.685547
9960,-0.526855,-1.003418,0.427734,-0.976562,12.329102,-148.620605
9961,-0.457031,-0.930664,0.462891,4.150391,-2.929688,-177.429199
9962,-0.442383,-0.952637,0.467773,8.239746,-14.160156,-189.147949
9963,-0.425781,-0.987793,0.465332,8.056641,-23.315430,-204.345703
9964,-0.352051,-0.941406,0.463867,1.953125,-39.123535,-239.746094
9965,-0.283691,-0.867188,0.445312,1.281738,-46.569824,-252.624512
9966,-0.208496,-0.792480,0.417969,3.112793,-51.818848,-259.155273
9967,-0.071289,-0.749023,0.400391,-2.014160,-46.325684,-257.629395
9968,-0.017090,-0.773926,0.400879,-12.695312,-35.888672,-254.699707
9969,0.034180,-0.788574,0.414062,-26.855469,-23.010254,-252.502441
9970,0.160645,-0.690918,0.431641,-47.851562,-3.479004,-242.187500
9971,0.208984,-0.636230,0.428223,-50.415039,0.366211,-230.163574
9972,0.235840,-0.620605,0.410156,-47.851562,0.976562,-213.928223
9973,0.250000,-0.671387,0.392578,-42.602539,2.014160,-197.265625
9974,0.258301,-0.847168,0.365234,-32.226562,6.652832,-179.809570
9975,0.277832,-0.851562,0.325195,-26.367188,11.169434,-178.039551
9976,0.342285,-0.774902,0.330566,-8.422852,14.221191,-164.306641
9977,0.370605,-0.750000,0.347656,3.173828,8.789062,-150.695801
9978,0.396973,-0.733398,0.354492,13.427734,1.281738,-134.155273
9979,0.448730,-0.714355,0.356445,21.301270,-7.202148,-96.252441
9980,0.476562,-0.712891,0.373535,17.578125,-7.080078,-76.232910
9981,0.500488,-0.728027,0.390625,10.375977,-6.408691,-57.373047
9982,0.511230,-0.753906,0.392090,2.563477,-5.371094,-41.503906
9983,0.511230,-0.797852,0.358887,-7.812500,-1.586914,-20.141602
9984,0.517578,-0.795410,0.356934,-10.253906,-0.244141,-10.681152
9985,0.541992,-0.773438,0.357910,-13.122559,0.549316,19.470215
9986,0.544434,-0.773438,0.356445,-13.427734,1.586914,39.489746
9987,0.528809,-0.781738,0.355957,-12.329102,2.868652,58.837891
9988,0.502441,-0.785156,0.354492,-9.460449,4.455566,75.744629
9989,0.435547,-0.807129,0.327148,0.976562,8.239746,98.144531
9990,0.410645,-0.818359,0.329590,10.375977,10.375977,103.637695
9991,0.393555,-0.824707,0.346191,20.080566,11.291504,107.604980
9992,0.355469,-0.825684,0.383301,31.188965,12.207031,113.281250
9993,0.329590,-0.821777,0.392578,31.250000,13.183594,116.333008
9994,0.314941,-0.814941,0.397949,29.113770,14.343262,120.544434
9995,0.280273,-0.785645,0.415039,25.451660,13.488770,134.033203
9996,0.267578,-0.770508,0.429199,24.658203,10.803223,143.188477
9997,0.250488,-0.776855,0.444824,24.169922,6.347656,152.404785
9998,0.186035,-0.868164,0.459473,22.460938,-1.220703,160.034180
9999,0.150879,-0.922852,0.454590,18.737793,-1.708984,154.907227
10000,0.116699,-0.947754,0.462402,13.366699,0.000000,145.263672
10001,0.067383,-0.939453,0.438477,5.920410,5.554199,124.084473
10002,0.051758,-0.910645,0.421387,8.422852,6.774902,115.722656
10003,0.036621,-0.866211,0.385254,18.249512,8.483887,111.511230
10004,0.024902,-0.785645,0.353027,55.541992,21.362305,119.384766
10005,0.032227,-0.738770,0.375000,74.951172,27.160645,130.187988
10006,0.046875,-0.695801,0.422852,87.158203,29.541016,144.958496
10007,0.035156,-0.659180,0.487305,90.454102,26.916504,162.475586
10008,-0.062012,-0.648438,0.612305,66.345215,14.099121,198.364258
10009,-0.116699,-0.686523,0.648926,41.503906,7.019043,211.608887
10010,-0.231934,-0.804688,0.633301,-10.681152,-4.577637,219.177246
10011,-0.284668,-0.829102,0.574219,-26.672363,-6.896973,214.721680
10012,-0.328125,-0.846191,0.530273,-30.944824,-8.544922,207.031250
10013,-0.381348,-0.839355,0.464844,-10.009766,-12.878418,189.270020
10014,-0.403320,-0.836426,0.463379,5.615234,-12.939453,181.396484
10015,-0.447754,-0.858398,0.473633,17.211914,-11.840820,172.485352
10016,-0.542480,-0.939941,0.481445,18.920898,-1.464844,144.287109
10017,-0.576660,-0.968262,0.484375,12.756348,4.089355,124.511719
10018,-0.595215,-0.939941,0.512695,2.441406,4.333496,80.078125
10019,-0.574707,-0.907715,0.542480,0.305176,-1.892090,59.692383
10020,-0.562012,-0.877441,0.565918,1.953125,-12.084961,42.114258
10021,-0.562988,-0.864258,0.576172,6.469727,-24.169922,27.099609
10022,-0.569336,-0.872070,0.534668,14.831543,-37.475586,-2.685547
10023,-0.545410,-0.876953,0.495605,21.606445,-36.071777,-17.639160
10024,-0.527344,-0.801270,0.459961,37.963867,-17.761230,-39.978027
10025,-0.501465,-0.738281,0.491211,36.254883,-6.774902,-45.776367
10026,-0.450195,-0.684570,0.532715,30.578613,-0.488281,-46.081543
10027,-0.414551,-0.651367,0.558594,25.085449,0.732422,-41.687012
10028,-0.375488,-0.630859,0.558105,17.700195,-1.342773,-25.268555
10029,-0.375000,-0.651855,0.565430,15.991211,-0.305176,-17.517090
10030,-0.395020,-0.687012,0.623047,16.601562,-2.319336,-13.366699
10031,-0.431641,-0.708984,0.708496,18.676758,-25.939941,-13.488770
10032,-0.428711,-0.705566,0.684082,17.395020,-39.978027,-14.099121
10033,-0.414062,-0.709473,0.627930,15.563965,-49.804688,-14.099121
10034,-0.386719,-0.761230,0.494141,15.441895,-46.325684,-17.456055
10035,-0.366211,-0.787598,0.463379,16.845703,-36.315918,-22.827148
10036,-0.351074,-0.761230,0.472168,17.028809,-24.475098,-29.907227
10037,-0.323730,-0.717285,0.559570,11.962891,-8.605957,-40.771484
10038,-0.310547,-0.697266,0.601074,9.521484,-7.141113,-42.663574
10039,-0.295898,-0.665527,0.635742,7.629395,-8.361816,-41.198730
10040,-0.240723,-0.598633,0.593750,-3.479004,-1.831055,-28.442383
10041,-0.231934,-0.613770,0.589355,-14.526367,8.972168,-19.226074
10042,-0.277344,-0.693359,0.608398,-23.010254,17.456055,-12.451172
10043,-0.350586,-0.784180,0.653320,-26.306152,17.761230,-12.573242
10044,-0.453125,-0.909180,0.675293,-25.268555,0.793457,-33.447266
10045,-0.461914,-0.932129,0.639648,-27.221680,-4.760742,-50.170898
10046,-0.445312,-0.916504,0.601074,-29.296875,-6.652832,-66.894531
10047,-0.412109,-0.904297,0.572754,-25.451660,-8.911133,-94.360352
10048,-0.423340,-0.954590,0.582520,-21.240234,-13.122559,-109.863281
10049,-0.444824,-1.003906,0.568848,-16.540527,-17.211914,-129.638672
10050,-0.394043,-0.954590,0.537109,-3.723145,-18.920898,-173.461914
10051,-0.298340,-0.817871,0.549805,2.136230,-19.409180,-187.438965
10052,-0.194824,-0.716797,0.565430,4.272461,-20.874023,-191.162109
10053,-0.107910,-0.654297,0.569336,5.004883,-24.597168,-188.110352
10054,-0.045410,-0.719238,0.581055,-9.155273,-22.583008,-179.443359
10055,-0.037109,-0.776367,0.623047,-22.705078,-19.226074,-183.288574
10056,-0.035156,-0.817871,0.628906,-48.583984,-15.991211,-204.162598
10057,-0.023926,-0.806152,0.608398,-53.771973,-16.235352,-215.698242
10058,-0.004395,-0.807129,0.583984,-52.001953,-18.127441,-226.440430
10059,0.012207,-0.821289,0.561523,-47.302246,-19.531250,-239.135742
10060,0.082031,-0.773438,0.529297,-37.780762,-16.174316,-265.869141
10061,0.128906,-0.746094,0.509277,-32.348633,-10.986328,-274.291992
10062,0.250977,-0.660156,0.547852,-17.761230,-6.591797,-274.291992
10063,0.320801,-0.592773,0.562012,-11.962891,-9.582520,-262.939453
10064,0.392090,-0.538086,0.566895,-9.399414,-13.732910,-243.530273
10065,0.467773,-0.590820,0.581543,-9.033203,-25.085449,-197.448730
10066,0.500977,-0.638184,0.564941,-12.512207,-27.954102,-178.283691
10067,0.530762,-0.656738,0.563965,-17.578125,-28.747559,-163.146973
10068,0.542480,-0.643555,0.524414,-21.545410,-28.320312,-151.062012
10069,0.556152,-0.594727,0.478027,-22.216797,-21.606445,-128.479004
10070,0.553711,-0.589355,0.474609,-20.446777,-18.066406,-118.774414
10071,0.570801,-0.580566,0.458984,-22.216797,-8.972168,-103.942871
10072,0.580078,-0.578613,0.449707,-26.000977,-4.943848,-98.693848
10073,0.625000,-0.595215,0.474121,-34.851074,-4.211426,-88.195801
10074,0.658203,-0.607422,0.471680,-40.893555,-7.019043,-83.435059
10075,0.690430,-0.601074,0.461914,-48.034668,-9.887695,-78.796387
10076,0.717285,-0.582520,0.437988,-55.480957,-11.840820,-62.744141
10077,0.760742,-0.564941,0.376953,-52.978516,-10.559082,-49.499512
10078,0.779297,-0.591309,0.368164,-46.325684,-9.277344,-34.790039
10079,0.782227,-0.600098,0.372559,-26.977539,-10.681152,-4.943848
10080,0.765625,-0.593262,0.365723,-17.395020,-10.681152,9.338379
10081,0.747559,-0.594727,0.355469,-7.690430,-8.239746,22.033691
10082,0.732422,-0.618164,0.337891,14.099121,5.676270,43.579102
10083,0.725098,-0.631348,0.379395,21.789551,11.901855,54.016113
10084,0.726074,-0.635742,0.433594,25.268555,13.183594,64.880371
10085,0.743164,-0.599121,0.478027,18.371582,10.986328,95.825195
10086,0.723633,-0.571289,0.454590,10.498047,12.512207,115.600586
10087,0.696777,-0.539062,0.420410,3.173828,17.211914,136.169434
10088,0.597656,-0.591797,0.414062,1.403809,30.517578,172.546387
10089,0.545410,-0.657715,0.442871,5.249023,32.287598,182.067871
10090,0.454102,-0.708496,0.459961,12.695312,30.273438,185.302734
10091,0.417969,-0.691406,0.460938,15.136719,29.479980,183.776855
10092,0.390137,-0.668945,0.457031,16.174316,29.357910,182.617188
10093,0.333008,-0.671387,0.475098,14.099121,27.648926,182.861328
10094,0.308105,-0.724609,0.512695,11.474609,23.315430,180.480957
10095,0.286133,-0.783203,0.539551,5.249023,17.395020,175.354004
10096,0.250488,-0.833496,0.524414,-15.258789,8.056641,160.339355
10097,0.244141,-0.807129,0.495117,-24.291992,3.601074,153.869629
10098,0.236328,-0.768555,0.461914,-27.832031,-2.075195,150.695801
10099,0.229492,-0.735352,0.437500,-25.634766,-9.094238,151.184082
10100,0.178711,-0.708984,0.419434,-12.634277,-22.583008,158.264160
10101,0.145508,-0.705566,0.416504,-4.394531,-26.916504,163.818359
10102,0.102051,-0.688477,0.424805,4.699707,-24.780273,182.128906
10103,0.094238,-0.674316,0.445801,4.150391,-18.493652,196.228027
10104,0.051758,-0.762207,0.473145,1.831055,-11.962891,211.181641
10105,-0.116211,-1.043457,0.452148,-5.371094,3.967285,211.303711
10106,-0.171387,-1.069336,0.459961,-6.774902,11.657715,197.265625
10107,-0.202148,-1.047852,0.488281,-5.920410,16.479492,180.664062
10108,-0.207520,-0.996094,0.518555,-2.685547,15.502930,165.649414
10109,-0.170898,-0.884766,0.520508,18.432617,-3.112793,148.986816
10110,-0.170898,-0.840820,0.530762,31.860352,-15.808105,147.399902
10111,-0.314453,-0.989746,0.543945,35.766602,-32.714844,134.094238
10112,-0.379395,-1.080078,0.481934,24.780273,-31.005859,114.379883
10113,-0.424805,-1.131836,0.423340,11.779785,-23.437500,88.562012
10114,-0.444336,-1.105469,0.370117,-3.723145,-3.234863,28.991699
10115,-0.411621,-1.048340,0.375977,-1.037598,3.723145,2.441406
10116,-0.356934,-0.983887,0.400879,5.737305,7.324219,-18.615723
10117,-0.282715,-0.932617,0.473633,11.779785,9.643555,-45.959473
10118,-0.288086,-0.957520,0.500000,7.385254,9.643555,-58.654785
10119,-0.300293,-0.980469,0.505371,-0.793457,10.131836,-73.425293
10120,-0.303223,-0.986816,0.486328,-9.643555,12.145996,-89.416504
10121,-0.241211,-0.929688,0.445801,-15.930176,17.333984,-117.614746
10122,-0.218750,-0.893555,0.465332,-9.887695,15.625000,-127.807617
10123,-0.214844,-0.876465,0.504395,-2.929688,10.681152,-135.498047
10124,-0.221191,-0.946777,0.567383,2.136230,-4.455566,-151.367188
10125,-0.224121,-1.013672,0.588379,0.244141,-14.038086,-163.757324
10126,-0.207031,-1.035156,0.576172,-3.479004,-23.986816,-180.297852
10127,-0.106445,-0.914062,0.484375,-0.305176,-41.564941,-210.998535
10128,-0.039062,-0.827148,0.441895,9.277344,-48.767090,-220.397949
10129,0.020996,-0.763672,0.424316,18.859863,-52.551270,-224.792480
10130,0.089355,-0.768066,0.452637,21.301270,-50.842285,-228.393555
10131,0.120117,-0.783203,0.477539,11.108398,-47.546387,-233.520508
10132,0.162598,-0.763184,0.491699,-4.272461,-43.762207,-240.112305
10133,0.276367,-0.633301,0.509766,-38.208008,-33.935547,-242.980957
10134,0.333496,-0.579102,0.508789,-52.734375,-28.869629,-236.267090
10135,0.396484,-0.538086,0.468750,-61.767578,-22.521973,-223.999023
10136,0.500977,-0.618164,0.425293,-61.828613,-7.568359,-186.279297
10137,0.510742,-0.700684,0.386719,-51.147461,1.586914,-169.677734
10138,0.509277,-0.760742,0.364258,-37.353516,10.864258,-158.813477
10139,0.500488,-0.717773,0.382324,-11.596680,22.888184,-143.737793
10140,0.503418,-0.677734,0.412598,-3.479004,22.949219,-135.253906
10141,0.541016,-0.680664,0.436523,6.286621,12.695312,-121.215820
10142,0.567383,-0.680176,0.455566,7.141113,4.211426,-116.088867
10143,0.591309,-0.659180,0.465820,3.234863,-4.821777,-110.778809
10144,0.606934,-0.632812,0.488281,-5.371094,-12.878418,-104.614258
10145,0.651367,-0.589355,0.479004,-34.240723,-20.690918,-85.815430
10146,0.681152,-0.575684,0.424805,-45.959473,-17.639160,-73.486328
10147,0.726562,-0.606934,0.315430,-41.870117,-1.403809,-46.752930
10148,0.747559,-0.642578,0.304688,-26.123047,6.164551,-33.630371
10149,0.770020,-0.691895,0.319336,-6.408691,9.582520,-22.583008
10150,0.772949,-0.676758,0.366699,24.902344,9.887695,-3.967285
10151,0.755371,-0.641602,0.393555,31.616211,9.948730,6.408691
10152,0.729980,-0.616699,0.406250,34.545898,10.070801,17.639160
10153,0.675293,-0.623535,0.417969,38.818359,13.916016,32.836914
10154,0.664062,-0.611816,0.454102,36.315918,16.418457,38.574219
10155,0.650391,-0.604004,0.511230,15.808105,16.052246,52.490234
10156,0.644531,-0.621094,0.508301,3.295898,13.488770,60.180664
10157,0.643555,-0.621582,0.477539,-6.469727,10.803223,69.458008
10158,0.634277,-0.617676,0.436035,-10.437012,8.850098,80.810547
10159,0.593262,-0.645996,0.396973,-1.831055,3.967285,103.027344
10160,0.578613,-0.675781,0.399414,5.798340,2.624512,111.694336
10161,0.572266,-0.680176,0.408691,12.207031,2.014160,119.140625
10162,0.571289,-0.650879,0.407227,19.836426,4.028320,138.366699
10163,0.553711,-0.632324,0.422363,22.338867,6.652832,151.062012
10164,0.456055,-0.658691,0.418457,34.179688,13.549805,173.217773
10165,0.404297,-0.669922,0.421387,42.419434,18.859863,178.955078
10166,0.380859,-0.660645,0.471680,48.583984,22.338867,182.067871
10167,0.357422,-0.666016,0.506348,50.048828,22.521973,184.875488
10168,0.308105,-0.699219,0.553223,38.330078,18.310547,190.246582
10169,0.264648,-0.736328,0.561035,26.733398,16.235352,191.162109
10170,0.218262,-0.770020,0.548340,15.869141,14.221191,190.429688
10171,0.148438,-0.843750,0.501465,2.380371,12.634277,180.908203
10172,0.112305,-0.862793,0.528320,0.122070,7.934570,172.241211
10173,0.077148,-0.863770,0.545898,-2.746582,-1.342773,162.048340
10174,0.072266,-0.809082,0.594727,-11.718750,-24.963379,144.775391
10175,0.088379,-0.822266,0.587891,-15.136719,-36.682129,141.540527
10176,0.081055,-0.862305,0.568359,-12.939453,-47.363281,139.587402
10177,-0.001953,-1.015137,0.498535,-3.173828,-55.725098,121.337891
10178,-0.017578,-1.064941,0.476562,-1.647949,-49.194336,101.989746
10179,-0.020020,-1.055664,0.467773,-3.295898,-37.841797,81.298828
10180,-0.004395,-1.003418,0.461426,-6.835938,-24.963379,64.086914
10181,0.025879,-0.877930,0.420410,-9.948730,-2.990723,49.072266
10182,0.031738,-0.842285,0.399414,-4.455566,8.117676,49.011230
10183,0.021973,-0.832520,0.420898,3.356934,17.211914,50.964355
10184,0.007324,-0.837402,0.450684,8.789062,24.047852,52.734375
10185,-0.000488,-0.830078,0.511719,6.164551,32.714844,56.579590
10186,0.000000,-0.812500,0.529785,-2.441406,35.156250,60.607910
10187,-0.008789,-0.790527,0.523438,-11.718750,30.029297,76.965332
10188,-0.069336,-0.854980,0.553711,-12.512207,22.338867,84.106445
10189,-0.113770,-0.925293,0.542480,-13.000488,15.441895,86.853027
10190,-0.145508,-0.940430,0.530762,-12.023926,10.620117,86.364746
10191,-0.183105,-0.901367,0.511719,-5.676270,3.356934,85.205078
10192,-0.193848,-0.886719,0.500000,0.366211,0.122070,84.350586
10193,-0.210938,-0.890625,0.480957,8.361816,-2.502441,81.604004
10194,-0.235352,-0.902832,0.473633,17.272949,-4.577637,75.439453
10195,-0.284668,-0.944824,0.473633,26.306152,-8.789062,52.124023
10196,-0.303711,-0.951172,0.468750,23.803711,-7.751465,35.644531
10197,-0.285156,-0.922852,0.472168,12.634277,-2.258301,2.868652
10198,-0.253418,-0.907227,0.462891,8.300781,-0.122070,-8.911133
10199,-0.247559,-0.925781,0.475098,7.751465,1.220703,-18.127441
10200,-0.264648,-0.977539,0.509277,6.774902,1.403809,-28.991699
10201,-0.289551,-1.046387,0.514648,-9.338379,5.432129,-62.927246
10202,-0.287109,-1.045898,0.505859,-17.150879,5.920410,-83.129883
10203,-0.270996,-1.019043,0.500488,-19.958496,3.662109,-103.332520
10204,-0.209961,-0.903320,0.490234,-11.108398,-5.187988,-134.643555
10205,-0.185547,-0.882812,0.458984,-1.464844,-6.408691,-144.836426
10206,-0.166504,-0.904297,0.454590,8.178711,-4.821777,-154.968262
10207,-0.159668,-0.949707,0.495605,11.840820,-2.685547,-168.457031
10208,-0.080078,-0.934082,0.536621,6.286621,-4.516602,-200.500488
10209,-0.038086,-0.897461,0.533691,3.234863,-9.643555,-214.233398
10210,0.011230,-0.841309,0.518066,2.929688,-15.808105,-224.487305
10211,0.070801,-0.767090,0.501465,9.277344,-26.306152,-232.788086
10212,0.104980,-0.767578,0.522949,9.521484,-29.418945,-234.497070
10213,0.145996,-0.757324,0.536133,3.723145,-31.372070,-237.365723
10214,0.259766,-0.626953,0.546387,-18.737793,-31.494141,-235.717773
10215,0.305176,-0.600098,0.536621,-26.489258,-32.531738,-229.003906
10216,0.336426,-0.632812,0.531250,-31.372070,-34.057617,-222.106934
10217,0.374512,-0.686035,0.507324,-36.132812,-34.057617,-217.041016
10218,0.471191,-0.733398,0.495117,-48.339844,-31.433105,-210.021973
10219,0.506836,-0.684570,0.492676,-53.588867,-31.921387,-204.650879
10220,0.539551,-0.604004,0.456055,-55.541992,-31.494141,-188.232422
10221,0.546387,-0.620117,0.435059,-51.269531,-30.090332,-180.969238
10222,0.553711,-0.634277,0.414551,-43.884277,-27.465820,-176.208496
10223,0.622559,-0.603516,0.329590,-35.217285,-15.441895,-166.931152
10224,0.678223,-0.622559,0.426758,-14.709473,0.854492,-142.944336
10225,0.684570,-0.621094,0.405762,-6.530762,0.854492,-135.009766
10226,0.736328,-0.584473,0.417969,-0.976562,-0.854492,-116.577148
10227,0.735352,-0.579102,0.408203,0.976562,-4.028320,-107.849121
10228,0.733887,-0.562500,0.382324,3.356934,-7.507324,-99.731445
10229,0.740234,-0.526855,0.376465,4.699707,-10.864258,-89.904785
10230,0.750977,-0.449219,0.331055,8.850098,-8.850098,-61.401367
10231,0.751953,-0.455566,0.345215,8.605957,-2.502441,-45.166016
10232,0.750000,-0.485840,0.386719,5.737305,2.075195,-31.005859
10233,0.770020,-0.513184,0.440918,1.770020,2.014160,-20.202637
10234,0.796875,-0.534668,0.413086,-4.089355,-3.723145,-6.042480
10235,0.785156,-0.546387,0.401367,-5.126953,-3.112793,-1.525879
10236,0.770996,-0.538574,0.390625,-1.342773,-2.075195,5.004883
10237,0.761230,-0.530273,0.385742,3.356934,-0.854492,8.422852
10238,0.787109,-0.519043,0.395508,10.437012,3.906250,19.042969
10239,0.797852,-0.516602,0.404785,11.535645,8.605957,27.587891
10240,0.796387,-0.525391,0.400879,12.023926,14.770508,37.902832
10241,0.779297,-0.535645,0.395020,13.000488,21.240234,47.485352
10242,0.749512,-0.536133,0.384277,16.662598,31.921387,64.575195
10243,0.755859,-0.537598,0.375977,21.911621,35.461426,72.509766
10244,0.760742,-0.558594,0.355469,42.968750,44.494629,86.791992
10245,0.712402,-0.582520,0.373047,55.175781,49.621582,92.163086
10246,0.671875,-0.578613,0.418945,63.598633,53.649902,97.290039
10247,0.626465,-0.566895,0.495117,66.894531,54.138184,101.440430
10248,0.590332,-0.563965,0.561523,63.598633,50.292969,103.576660
10249,0.556641,-0.543945,0.571777,43.823242,42.419434,104.064941
10250,0.541504,-0.550293,0.571289,32.531738,40.527344,104.187012
10251,0.541016,-0.582520,0.596680,9.094238,31.127930,102.355957
10252,0.523438,-0.599609,0.574707,-0.732422,25.146484,100.097656
10253,0.500977,-0.610352,0.537109,-6.347656,20.507812,97.473145
10254,0.453125,-0.641113,0.483887,0.915527,15.441895,91.003418
10255,0.445801,-0.662109,0.482422,8.666992,15.502930,87.158203
10256,0.461426,-0.667969,0.501465,14.648438,16.113281,84.960938
10257,0.475586,-0.665527,0.520996,17.822266,16.845703,86.181641
10258,0.479980,-0.630859,0.519043,22.521973,20.629883,100.280762
10259,0.443848,-0.647461,0.497070,28.442383,25.268555,108.337402
10260,0.397949,-0.677734,0.528809,36.010742,29.479980,113.220215
10261,0.350098,-0.726074,0.627930,39.855957,29.968262,111.145020
10262,0.334473,-0.737305,0.668457,33.630371,27.648926,106.506348
10263,0.320312,-0.750977,0.687500,23.925781,23.559570,101.501465
10264,0.300293,-0.783203,0.688965,11.352539,9.460449,91.613770
10265,0.289551,-0.802246,0.647461,12.695312,3.601074,87.341309
10266,0.297852,-0.798340,0.600586,22.583008,0.793457,84.899902
10267,0.283203,-0.785645,0.563477,58.837891,3.173828,82.275391
10268,0.262207,-0.789062,0.580078,71.838379,8.544922,77.941895
10269,0.242676,-0.783203,0.604980,75.317383,16.174316,71.716309
10270,0.237793,-0.755859,0.628418,71.228027,23.986816,65.124512
10271,0.217773,-0.686035,0.666016,57.373047,31.738281,57.739258
10272,0.189453,-0.696289,0.699707,50.720215,29.113770,55.664062
10273,0.158691,-0.730957,0.715820,42.358398,23.742676,51.208496
10274,0.146484,-0.755371,0.725098,26.611328,10.498047,35.278320
10275,0.152344,-0.743164,0.742676,21.423340,2.258301,26.794434
10276,0.158691,-0.725586,0.740723,16.174316,-6.164551,19.348145
10277,0.167969,-0.732422,0.725586,11.169434,-13.244629,12.878418
10278,0.183105,-0.774414,0.697266,5.737305,-18.127441,0.976562
10279,0.184082,-0.773926,0.696777,6.835938,-17.883301,-4.821777
10280,0.186523,-0.752930,0.696777,8.361816,-15.869141,-9.826660
10281,0.190430,-0.738281,0.697754,11.230469,-14.099121,-13.916016
10282,0.181152,-0.724609,0.680664,19.775391,-13.610840,-24.291992
10283,0.182617,-0.712402,0.688965,24.841309,-14.648438,-31.005859
10284,0.181641,-0.688965,0.715820,35.705566,-18.371582,-43.762207
10285,0.198730,-0.677734,0.731934,39.428711,-18.920898,-47.302246
10286,0.229980,-0.667480,0.743164,41.137695,-18.127441,-46.997070
10287,0.271484,-0.626953,0.754883,36.987305,-11.962891,-37.658691
10288,0.285156,-0.595215,0.732422,34.545898,-7.751465,-28.991699
10289,0.296875,-0.584473,0.709473,35.766602,-3.479004,-18.859863
10290,0.258789,-0.596191,0.766113,42.114258,-2.807617,-4.760742
10291,0.244141,-0.598145,0.794434,40.344238,-6.774902,-3.234863
10292,0.247070,-0.571777,0.785156,36.376953,-10.925293,-3.479004
10293,0.245117,-0.574219,0.752441,41.687012,-15.197754,-2.197266
10294,0.270020,-0.601562,0.715820,40.344238,-4.455566,-1.342773
10295,0.283691,-0.602539,0.734863,32.592773,4.150391,-1.342773
10296,0.289551,-0.595215,0.760742,24.291992,11.108398,-0.427246
10297,0.278809,-0.599121,0.793457,14.282227,14.526367,1.037598
10298,0.211914,-0.648926,0.852539,-0.610352,5.004883,-2.563477
10299,0.203613,-0.669434,0.848633,-4.028320,-4.699707,-9.521484
10300,0.224609,-0.642578,0.827148,-10.742188,-13.610840,-20.507812
10301,0.274902,-0.553223,0.750488,-10.620117,-11.962891,-19.653320
10302,0.280762,-0.546875,0.724121,-7.019043,-8.728027,-16.479492
10303,0.278809,-0.560059,0.715820,0.610352,-3.784180,-12.817383
10304,0.268555,-0.579102,0.749023,18.554688,1.159668,-6.469727
10305,0.281250,-0.586914,0.760254,26.306152,0.976562,-4.333496
10306,0.304688,-0.575195,0.771973,30.761719,2.258301,-1.953125
10307,0.307129,-0.562500,0.795898,29.785156,6.042480,1.281738
10308,0.270996,-0.551758,0.846191,20.263672,6.103516,4.760742
10309,0.260254,-0.543945,0.836914,9.643555,3.601074,6.225586
10310,0.249023,-0.531250,0.814453,-0.549316,2.014160,7.507324
10311,0.248047,-0.524902,0.811035,-8.789062,0.061035,8.789062
10312,0.222656,-0.572754,0.819824,-25.878906,-6.103516,5.126953
10313,0.233398,-0.591309,0.793945,-32.958984,-6.896973,1.098633
10314,0.305176,-0.608887,0.659668,-20.324707,7.080078,-2.807617
10315,0.287598,-0.609375,0.696777,-5.310059,15.991211,-1.098633
10316,0.251953,-0.607910,0.822266,10.864258,12.878418,0.549316
10317,0.256348,-0.586914,0.855469,5.371094,4.821777,1.281738
10318,0.267578,-0.572754,0.854004,-4.577637,-2.746582,3.662109
10319,0.274902,-0.551270,0.833984,-14.648438,-7.202148,7.690430
10320,0.252930,-0.541016,0.775391,-31.555176,-10.192871,16.296387
10321,0.242188,-0.585938,0.726074,-31.799316,-8.666992,14.465332
10322,0.237793,-0.635254,0.700195,-27.160645,-4.028320,9.033203
10323,0.272461,-0.661133,0.704590,-7.812500,9.765625,0.183105
10324,0.284668,-0.640625,0.733398,3.112793,13.122559,0.488281
10325,0.287598,-0.616211,0.734375,11.779785,13.183594,3.295898
10326,0.278809,-0.626465,0.722656,27.465820,11.596680,10.559082
10327,0.254395,-0.644043,0.733887,38.146973,9.582520,14.160156
10328,0.241211,-0.651855,0.732910,40.893555,10.314941,13.610840
10329,0.250000,-0.611816,0.759766,37.597656,14.221191,11.596680
10330,0.271973,-0.511719,0.871094,18.615723,13.488770,17.211914
10331,0.244629,-0.504883,0.893555,5.615234,9.643555,20.568848
10332,0.181152,-0.546875,0.911621,-25.451660,8.178711,17.089844
10333,0.154785,-0.579102,0.884277,-38.635254,9.582520,10.620117
10334,0.144043,-0.625000,0.810059,-41.992188,11.840820,1.098633
10335,0.161621,-0.654785,0.768555,-33.020020,15.258789,-9.765625
10336,0.229492,-0.614258,0.773926,-5.432129,14.770508,-18.493652
10337,0.243652,-0.576172,0.762695,6.103516,8.972168,-13.977051
10338,0.228516,-0.555176,0.732910,27.954102,-2.563477,2.624512
10339,0.215332,-0.559570,0.757812,33.813477,-7.385254,8.056641
10340,0.203613,-0.568848,0.780273,33.752441,-12.451172,11.291504
10341,0.197754,-0.582031,0.794434,28.808594,-15.930176,12.207031
10342,0.198730,-0.590332,0.825684,11.474609,-20.568848,9.460449
10343,0.206055,-0.581055,0.800293,2.319336,-21.179199,7.690430
10344,0.204102,-0.583008,0.747559,-2.685547,-17.700195,5.371094
10345,0.214844,-0.595215,0.708984,-1.892090,-10.864258,2.197266
10346,0.239746,-0.589355,0.770508,3.540039,3.112793,-2.075195
10347,0.238281,-0.592285,0.820801,5.493164,3.051758,-2.319336
10348,0.228516,-0.596191,0.848633,6.164551,-1.342773,-3.234863
10349,0.229492,-0.578613,0.829102,6.408691,-9.460449,-5.554199
10350,0.241211,-0.554199,0.822754,5.798340,-9.277344,-5.615234
10351,0.253418,-0.540039,0.836426,2.258301,-7.629395,-4.333496
10352,0.244141,-0.553711,0.844238,-3.051758,-7.934570,-3.356934
10353,0.204590,-0.602539,0.798340,-11.047363,-11.413574,-7.568359
10354,0.205078,-0.603027,0.785645,-12.329102,-12.268066,-10.314941
10355,0.248535,-0.572754,0.789062,-14.526367,-15.686035,-11.840820
10356,0.258789,-0.575195,0.758789,-14.404297,-16.967773,-11.718750
10357,0.261719,-0.577148,0.746094,-13.000488,-15.563965,-12.329102
10358,0.260742,-0.576660,0.752441,-11.230469,-13.061523,-12.878418
10359,0.264160,-0.593750,0.801758,-8.422852,-13.732910,-15.136719
10360,0.237793,-0.657715,0.819824,1.647949,-22.705078,-29.235840
10361,0.190430,-0.622559,0.756348,8.544922,-33.996582,-45.104980
10362,0.276855,-0.561035,0.724609,28.381348,-41.381836,-60.119629
10363,0.298340,-0.551758,0.720703,31.982422,-38.330078,-65.734863
10364,0.291016,-0.553711,0.723145,34.240723,-33.325195,-73.303223
10365,0.300781,-0.536133,0.707031,40.039062,-11.291504,-89.172363
10366,0.385742,-0.483398,0.736816,41.015625,6.225586,-87.402344
10367,0.467773,-0.449219,0.814941,35.949707,22.216797,-75.683594
10368,0.476562,-0.479004,0.875488,16.296387,34.790039,-41.381836
10369,0.429688,-0.481934,0.822266,13.427734,34.057617,-27.587891
10370,0.377441,-0.459961,0.789551,12.756348,32.836914,-16.357422
10371,0.317383,-0.431152,0.866699,-0.549316,20.996094,2.563477
10372,0.291504,-0.471680,0.871094,-10.742188,10.192871,5.432129
10373,0.298340,-0.515137,0.893066,-20.751953,-1.464844,3.295898
10374,0.320801,-0.524902,0.875488,-29.724121,-12.207031,-0.427246
10375,0.376953,-0.483887,0.777344,-30.822754,-20.385742,1.892090
10376,0.394043,-0.484375,0.747070,-21.423340,-19.226074,6.164551
10377,0.370605,-0.511719,0.715820,10.009766,-8.666992,9.582520
10378,0.363770,-0.520508,0.744629,27.160645,-3.112793,7.934570
10379,0.362305,-0.530273,0.793945,37.780762,0.244141,3.845215
10380,0.361328,-0.515625,0.839844,37.597656,1.708984,-0.854492
10381,0.350098,-0.465820,0.854492,19.470215,1.098633,-3.479004
10382,0.346680,-0.463867,0.840332,10.925293,-0.305176,-2.990723
10383,0.343750,-0.477539,0.830078,3.967285,-2.746582,-3.173828
10384,0.353027,-0.486816,0.810547,-5.432129,-8.117676,-5.920410
10385,0.361816,-0.489746,0.778809,-7.751465,-9.216309,-6.469727
10386,0.380859,-0.491211,0.770996,-8.422852,-7.141113,-5.126953
10387,0.383789,-0.488281,0.803711,-10.131836,-2.380371,3.540039
10388,0.365723,-0.493164,0.815430,-10.803223,-3.723145,6.896973
10389,0.354492,-0.484375,0.832031,-13.183594,-6.103516,9.460449
10390,0.315430,-0.478027,0.777344,-13.916016,-9.643555,8.117676
10391,0.323730,-0.477539,0.781738,-10.192871,-9.155273,5.065918
10392,0.336914,-0.473633,0.808105,-8.361816,-9.460449,2.868652
10393,0.374023,-0.503906,0.811523,-7.812500,-10.314941,1.220703
10394,0.402344,-0.519043,0.789551,-5.187988,-7.873535,2.563477
10395,0.416016,-0.514648,0.791992,-0.976562,-5.065918,5.920410
10396,0.384766,-0.504883,0.797363,6.469727,-5.798340,13.183594
10397,0.361816,-0.511719,0.791504,6.896973,-6.896973,14.160156
10398,0.356445,-0.534180,0.760254,8.178711,-6.225586,12.695312
10399,0.347656,-0.516602,0.743164,19.348145,5.371094,5.065918
10400,0.355957,-0.480469,0.800293,21.118164,8.911133,2.624512
10401,0.363281,-0.453125,0.859375,16.662598,7.202148,2.990723
10402,0.332520,-0.488770,0.875000,0.000000,-5.493164,4.028320
10403,0.329590,-0.506348,0.837891,-7.873535,-10.803223,2.807617
10404,0.337402,-0.510742,0.780273,-14.038086,-12.023926,2.441406
10405,0.352539,-0.509766,0.760742,-19.226074,-9.277344,3.784180
10406,0.378418,-0.468750,0.730957,-21.911621,-5.065918,15.563965
10407,0.357422,-0.493652,0.695312,-11.474609,-1.586914,19.165039
10408,0.351074,-0.521973,0.713867,3.540039,2.319336,18.615723
10409,0.355957,-0.560547,0.765625,16.235352,4.821777,14.526367
10410,0.374512,-0.545410,0.849121,23.864746,5.371094,3.356934
10411,0.370605,-0.527344,0.861328,21.362305,3.417969,0.671387
10412,0.332031,-0.518555,0.792969,9.521484,5.493164,-2.258301
10413,0.318848,-0.488770,0.775879,-0.854492,12.634277,-3.234863
10414,0.343262,-0.461426,0.781250,-12.451172,18.310547,-1.220703
10415,0.366699,-0.468262,0.791992,-22.644043,20.690918,1.708984
10416,0.344727,-0.506836,0.822754,-32.104492,15.869141,3.723145
10417,0.319824,-0.524902,0.852051,-31.433105,8.422852,2.685547
10418,0.328613,-0.532715,0.843750,-22.399902,-8.178711,-2.929688
10419,0.360840,-0.525879,0.843750,-16.418457,-13.061523,-3.356934
10420,0.395020,-0.527832,0.829102,-9.765625,-15.869141,-1.831055
10421,0.389160,-0.520020,0.735840,8.178711,-8.605957,5.371094
10422,0.366211,-0.514648,0.725098,13.793945,3.784180,7.324219
10423,0.343262,-0.500488,0.795410,11.230469,13.488770,8.911133
10424,0.334473,-0.538574,0.821777,3.601074,16.540527,7.873535
10425,0.336426,-0.531738,0.812012,-10.864258,16.052246,2.746582
10426,0.313965,-0.500488,0.787109,-12.023926,12.207031,3.906250
10427,0.305664,-0.517090,0.776855,-8.789062,6.591797,4.272461
10428,0.297363,-0.539062,0.804199,0.671387,-6.835938,1.159668
10429,0.305664,-0.520996,0.762207,-0.366211,-7.202148,0.183105
10430,0.311523,-0.510254,0.729980,-6.958008,0.732422,0.122070
10431,0.304199,-0.500488,0.726074,-12.512207,8.789062,1.220703
10432,0.315918,-0.511719,0.744629,-13.183594,10.864258,2.441406
10433,0.323730,-0.549805,0.748047,-9.887695,5.371094,1.770020
10434,0.341309,-0.545410,0.766602,-3.906250,-0.610352,2.685547
10435,0.338379,-0.552246,0.807129,-5.798340,0.610352,3.845215
10436,0.335938,-0.556152,0.834473,-9.094238,0.366211,4.333496
10437,0.344238,-0.549316,0.841309,-10.192871,-0.732422,4.455566
10438,0.361816,-0.547852,0.822266,1.953125,-9.094238,7.690430
10439,0.350098,-0.583496,0.810059,13.305664,-12.084961,6.652832
10440,0.346191,-0.589355,0.811035,19.958496,-10.375977,2.868652
10441,0.357422,-0.547363,0.828613,18.188477,-4.028320,0.549316
10442,0.338379,-0.552246,0.834473,4.577637,4.821777,-1.525879
10443,0.326172,-0.549805,0.804199,-0.305176,5.187988,-3.356934
10444,0.335449,-0.524414,0.770508,-3.112793,7.141113,-1.342773
10445,0.322266,-0.544434,0.766602,-3.906250,7.507324,-1.281738
10446,0.317383,-0.511230,0.771973,-4.455566,7.141113,-0.427246
10447,0.304688,-0.496094,0.759766,-4.211426,5.310059,4.760742
10448,0.297363,-0.535645,0.751953,-3.356934,3.295898,3.601074
10449,0.298340,-0.532227,0.749023,-2.563477,3.173828,0.854492
10450,0.300781,-0.516113,0.768066,-7.751465,6.896973,-0.061035
10451,0.307617,-0.510742,0.773438,-10.498047,8.239746,0.549316
10452,0.302734,-0.518555,0.792969,-12.878418,8.422852,1.647949
10453,0.299316,-0.542969,0.811523,-15.197754,6.347656,2.136230
10454,0.316895,-0.565918,0.811035,-19.531250,0.488281,1.159668
10455,0.330566,-0.586914,0.776367,-15.319824,-2.258301,-0.427246
10456,0.328125,-0.603516,0.765137,-5.920410,-3.112793,-2.746582
10457,0.336426,-0.573730,0.823242,4.882812,-3.845215,-5.371094
10458,0.333496,-0.576660,0.801270,6.225586,-4.516602,-4.699707
10459,0.322266,-0.604492,0.715332,13.732910,-0.427246,-7.507324
10460,0.323730,-0.574707,0.715332,26.367188,7.141113,-10.620117
10461,0.340332,-0.474121,0.854492,23.620605,18.127441,-3.845215
10462,0.306152,-0.489746,0.860840,12.084961,15.808105,0.732422
10463,0.284180,-0.520996,0.840332,3.112793,11.169434,1.525879
10464,0.300781,-0.523926,0.807617,-1.647949,1.342773,-0.732422
10465,0.299316,-0.526855,0.805176,-3.295898,-2.136230,0.061035
10466,0.304688,-0.520020,0.810059,-12.023926,-4.333496,2.319336
10467,0.307129,-0.527344,0.795410,-17.517090,-6.225586,3.601074
10468,0.321777,-0.559082,0.750000,-18.554688,-9.277344,2.990723
10469,0.338379,-0.536133,0.757812,-14.038086,-8.483887,1.525879
10470,0.342285,-0.520508,0.794434,-9.460449,-8.300781,2.258301
10471,0.324219,-0.533203,0.819336,-6.286621,-9.765625,3.356934
10472,0.303711,-0.581055,0.791992,-0.244141,-12.512207,-1.586914
10473,0.317383,-0.584473,0.754883,5.187988,-10.681152,-6.591797
10474,0.330566,-0.565918,0.735352,12.634277,-6.835938,-9.582520
10475,0.333496,-0.535645,0.764648,14.343262,4.455566,-7.934570
10476,0.330078,-0.527344,0.786621,9.521484,6.958008,-5.676270
10477,0.320801,-0.524414,0.795410,-1.403809,4.028320,0.061035
10478,0.321289,-0.526855,0.779297,-2.746582,1.220703,1.342773
10479,0.321777,-0.524902,0.771973,-2.014160,0.183105,2.624512
10480,0.320312,-0.520996,0.793457,-4.272461,-0.122070,5.676270
10481,0.313477,-0.530762,0.819824,-7.446289,-1.770020,6.042480
10482,0.309082,-0.540527,0.813965,-10.009766,-3.417969,5.249023
10483,0.310059,-0.549805,0.803223,-10.986328,-5.126953,3.479004
10484,0.324707,-0.549316,0.779297,-12.756348,-5.126953,-0.732422
10485,0.322266,-0.564941,0.750977,-13.305664,-3.051758,-3.234863
10486,0.329102,-0.552734,0.736816,-11.657715,1.037598,-5.554199
10487,0.339355,-0.533203,0.772949,-5.126953,2.441406,-3.356934
10488,0.335449,-0.543945,0.775879,-1.220703,-1.037598,-0.915527
10489,0.332031,-0.562012,0.772461,2.990723,-4.577637,0.000000
10490,0.334473,-0.569824,0.784668,6.774902,-6.530762,0.061035
10491,0.339355,-0.562012,0.805664,6.652832,-6.896973,-0.122070
10492,0.340820,-0.555664,0.812988,2.807617,-5.615234,-0.549316
10493,0.332031,-0.549805,0.778809,-4.211426,-1.464844,-2.197266
10494,0.336914,-0.529785,0.783203,-6.652832,0.366211,-1.037598
10495,0.332031,-0.525391,0.782715,-8.666992,0.244141,1.403809
10496,0.319824,-0.528809,0.771484,-10.131836,-1.037598,3.295898
10497,0.320312,-0.543457,0.754883,-8.605957,-3.906250,3.540039
10498,0.318359,-0.555176,0.747070,-6.652832,-4.150391,2.258301
10499,0.337402,-0.557129,0.763184,-0.610352,-4.394531,-1.770020
10500,0.347168,-0.554199,0.783203,1.220703,-5.065918,-2.380371
10501,0.350586,-0.552246,0.789062,1.342773,-6.103516,-2.441406
10502,0.350586,-0.558105,0.761230,-0.976562,-6.164551,-2.624512
10503,0.345703,-0.558105,0.747070,-2.563477,-4.516602,-3.906250
10504,0.342773,-0.546875,0.744141,-4.577637,-2.624512,-4.760742
10505,0.340820,-0.548828,0.760254,-6.469727,-2.380371,-4.577637
10506,0.349609,-0.549805,0.779785,-10.009766,-6.530762,-4.516602
10507,0.358398,-0.528320,0.784668,-11.352539,-8.361816,-2.014160
10508,0.366699,-0.541504,0.776855,-13.122559,-9.033203,1.770020
10509,0.365723,-0.591309,0.748535,-5.432129,-4.150391,3.234863
10510,0.361816,-0.593750,0.779785,-0.183105,-0.305176,4.150391
10511,0.358887,-0.596680,0.813477,2.197266,-0.366211,4.333496
10512,0.361816,-0.563965,0.785645,9.521484,-3.173828,3.479004
10513,0.353027,-0.536133,0.780762,12.634277,-3.906250,4.333496
10514,0.337891,-0.526367,0.784668,12.390137,-4.394531,5.004883
10515,0.316895,-0.530273,0.787109,2.075195,-3.967285,2.685547
10516,0.317383,-0.531250,0.783203,-5.737305,-3.540039,0.488281
10517,0.327637,-0.530762,0.762207,-12.451172,-2.502441,-0.793457
10518,0.348145,-0.572266,0.696777,-13.244629,1.708984,-0.793457
10519,0.350586,-0.573730,0.692871,-7.385254,4.089355,0.793457
10520,0.348633,-0.570801,0.719727,-1.403809,4.638672,3.540039
10521,0.329590,-0.549805,0.779297,1.586914,-0.610352,8.666992
10522,0.323730,-0.549316,0.791016,-1.892090,-3.906250,9.338379
10523,0.319336,-0.565918,0.791992,-6.408691,-6.408691,8.117676
10524,0.338379,-0.581543,0.758301,-10.070801,-5.615234,2.197266
10525,0.352051,-0.583008,0.760254,-8.361816,-4.028320,0.793457
10526,0.362793,-0.587402,0.764648,-5.615234,-2.624512,0.488281
10527,0.368652,-0.594727,0.764648,-3.601074,-0.305176,0.427246
10528,0.353516,-0.600098,0.789062,-2.868652,4.272461,0.549316
10529,0.345215,-0.587891,0.775391,-3.784180,5.004883,0.305176
10530,0.338867,-0.574707,0.752930,-3.540039,5.371094,0.366211
10531,0.318359,-0.558105,0.730469,3.051758,2.136230,1.464844
10532,0.311035,-0.561035,0.733887,5.676270,-0.427246,1.892090
10533,0.310547,-0.572754,0.750977,5.249023,-4.455566,1.098633
10534,0.319824,-0.568359,0.750488,2.990723,-4.150391,0.366211
10535,0.326660,-0.558105,0.759766,0.793457,-2.441406,0.122070
10536,0.323730,-0.561523,0.774902,-0.610352,-1.892090,0.488281
10537,0.322754,-0.571289,0.767090,-2.014160,-2.075195,0.122070
10538,0.333496,-0.571289,0.741211,-0.488281,-2.075195,0.366211
10539,0.355469,-0.592773,0.706543,6.225586,-1.770020,0.610352
10540,0.348145,-0.575195,0.737793,21.911621,3.173828,1.342773
10541,0.330078,-0.548340,0.811523,17.089844,2.990723,0.732422
10542,0.325195,-0.538574,0.818848,8.361816,1.525879,-0.793457
10543,0.325195,-0.530273,0.824219,-1.159668,-0.366211,-1.159668
10544,0.324707,-0.542480,0.808594,-9.948730,-2.075195,-0.610352
10545,0.341797,-0.553711,0.754883,-15.319824,-1.953125,2.319336
10546,0.338379,-0.555664,0.752441,-13.732910,-1.159668,4.882812
10547,0.334961,-0.579590,0.749023,-10.986328,-0.976562,6.958008
10548,0.332520,-0.595703,0.738770,-1.770020,1.647949,3.051758
10549,0.328613,-0.575684,0.765137,0.122070,4.333496,2.563477
10550,0.325684,-0.562012,0.791992,-0.061035,3.967285,3.051758
10551,0.322266,-0.567383,0.775391,-0.976562,-2.807617,3.051758
10552,0.333008,-0.580078,0.755859,0.976562,-3.662109,1.892090
10553,0.344238,-0.574707,0.759277,2.075195,-2.258301,1.098633
10554,0.344238,-0.564941,0.772949,1.708984,-0.976562,1.281738
10555,0.326660,-0.564941,0.764648,-2.075195,0.610352,0.488281
10556,0.328125,-0.565918,0.761230,-4.577637,1.831055,-0.915527
10557,0.338379,-0.580078,0.749023,-5.432129,2.929688,-2.380371
10558,0.330566,-0.576660,0.739746,0.854492,3.417969,-4.089355
10559,0.325684,-0.564941,0.745117,3.417969,2.868652,-4.394531
10560,0.323242,-0.547852,0.749512,4.821777,1.831055,-3.967285
10561,0.318359,-0.550293,0.759766,2.563477,-1.342773,-1.831055
10562,0.319336,-0.559570,0.761719,-0.671387,-2.380371,-0.793457
10563,0.324219,-0.561523,0.762207,-4.394531,-2.685547,0.244141
10564,0.324707,-0.567383,0.775391,-7.629395,-5.187988,0.610352
10565,0.333008,-0.583984,0.760254,-6.225586,-6.164551,-1.098633
10566,0.351074,-0.588867,0.748047,-2.868652,-4.821777,-2.685547
10567,0.367676,-0.585449,0.772461,2.624512,-0.488281,-1.831055
10568,0.359863,-0.581543,0.777344,2.014160,1.464844,-1.342773
10569,0.354492,-0.575195,0.781250,0.183105,2.868652,-1.647949
10570,0.351562,-0.577148,0.791016,-2.136230,2.014160,-2.258301
10571,0.348145,-0.577637,0.791992,-3.051758,0.976562,-2.075195
10572,0.346680,-0.570801,0.786621,-4.089355,0.366211,-1.525879
10573,0.339355,-0.558105,0.761230,-7.934570,0.976562,0.427246
10574,0.328613,-0.562012,0.741211,-8.850098,1.220703,0.305176
10575,0.328125,-0.560547,0.720215,-8.422852,1.770020,-0.061035
10576,0.337402,-0.559570,0.702637,-1.770020,3.845215,0.427246
10577,0.333984,-0.557129,0.724609,1.037598,4.455566,1.586914
10578,0.330078,-0.565430,0.748535,0.610352,4.394531,2.624512
10579,0.332031,-0.569824,0.763672,-1.892090,3.540039,2.868652
10580,0.339844,-0.558594,0.793945,-8.422852,1.953125,4.943848
10581,0.343262,-0.571289,0.794922,-10.986328,0.671387,6.408691
10582,0.349121,-0.586426,0.788574,-14.099121,0.122070,7.263184
10583,0.344727,-0.604980,0.756348,-13.305664,2.197266,6.774902
10584,0.338867,-0.598633,0.757324,-12.145996,4.211426,6.225586
10585,0.332520,-0.597168,0.769531,-12.939453,6.042480,5.493164
10586,0.326660,-0.596680,0.771484,-16.052246,6.713867,4.760742
10587,0.311523,-0.583496,0.742676,-20.568848,6.896973,3.051758
10588,0.307617,-0.573730,0.728516,-19.897461,7.202148,3.479004
10589,0.309082,-0.567871,0.749023,-18.554688,5.493164,7.446289
10590,0.321289,-0.577148,0.781250,-22.521973,2.868652,11.047363
10591,0.324219,-0.575684,0.794434,-31.799316,1.464844,16.967773
10592,0.327637,-0.571777,0.777832,-56.579590,1.708984,42.175293
10593,0.321289,-0.594238,0.698242,-63.598633,-0.793457,55.419922
10594,0.315918,-0.612793,0.666504,-63.049316,-4.760742,64.636230
10595,0.308594,-0.648926,0.640625,-54.382324,-8.300781,70.983887
10596,0.290039,-0.635742,0.640625,-38.940430,-10.681152,76.232910
10597,0.270996,-0.630859,0.677734,-11.169434,-9.094238,84.716797
10598,0.260742,-0.654297,0.703613,-8.056641,-6.164551,84.777832
10599,0.235352,-0.657227,0.693848,-10.681152,0.427246,79.345703
10600,0.225098,-0.653809,0.677246,-12.268066,4.577637,75.744629
10601,0.224609,-0.648438,0.663574,-13.793945,9.887695,72.631836
10602,0.193848,-0.702637,0.688965,-14.343262,18.737793,67.993164
10603,0.166016,-0.788086,0.725098,-16.296387,17.456055,63.171387
10604,0.131348,-0.863281,0.722168,-19.226074,13.122559,51.696777
10605,0.088379,-0.847656,0.683105,-21.850586,4.455566,18.188477
10606,0.108887,-0.773926,0.666992,-19.775391,1.281738,5.798340
10607,0.146973,-0.703125,0.669922,-16.174316,-2.746582,1.342773
10608,0.205078,-0.708496,0.675293,-15.625000,-8.972168,7.202148
10609,0.193359,-0.710449,0.671875,-20.019531,-8.239746,13.305664
10610,0.186523,-0.705078,0.669922,-27.770996,-5.554199,19.348145
10611,0.174316,-0.705566,0.660156,-46.264648,3.784180,29.846191
10612,0.180176,-0.727051,0.645508,-50.903320,6.652832,34.301758
10613,0.192871,-0.750488,0.631836,-51.025391,7.324219,38.391113
10614,0.172363,-0.713379,0.622070,-44.006348,5.371094,51.879883
10615,0.161133,-0.677734,0.613770,-38.330078,3.295898,62.866211
10616,0.142090,-0.672363,0.607910,-27.343750,3.845215,93.872070
10617,0.108887,-0.751953,0.627930,-25.939941,4.089355,106.933594
10618,0.049805,-0.846191,0.637695,-28.076172,3.967285,112.426758
10619,0.008789,-0.883301,0.564941,-38.757324,15.136719,111.083984
10620,0.008789,-0.871094,0.537598,-46.203613,27.038574,106.384277
10621,0.003906,-0.854980,0.586426,-54.077148,36.437988,102.355957
10622,-0.010742,-0.832031,0.606934,-63.049316,40.649414,101.684570
10623,-0.030762,-0.829102,0.579102,-59.509277,37.597656,103.271484
10624,-0.060059,-0.851562,0.568848,-52.246094,32.836914,102.233887
10625,-0.124023,-0.904297,0.569336,-34.729004,18.371582,88.562012
10626,-0.138184,-0.887695,0.577148,-29.296875,10.620117,78.552246
10627,-0.145996,-0.851074,0.574219,-27.954102,4.455566,69.641113
10628,-0.174316,-0.838867,0.540527,-33.691406,-2.990723,55.969238
10629,-0.205566,-0.871094,0.501465,-40.100098,-2.319336,49.194336
10630,-0.231934,-0.922363,0.465820,-47.363281,1.220703,40.466309
10631,-0.236816,-0.931641,0.422852,-53.649902,6.774902,30.822754
10632,-0.209473,-0.892090,0.404785,-51.513672,13.366699,16.601562
10633,-0.201172,-0.869141,0.410645,-41.076660,10.314941,11.779785
10634,-0.205078,-0.876953,0.407227,-27.404785,4.516602,7.141113
10635,-0.275879,-1.010742,0.388184,-10.314941,-2.197266,-17.028809
10636,-0.295898,-1.062500,0.385254,-10.314941,1.281738,-39.733887
10637,-0.287109,-1.076172,0.404785,-13.732910,6.103516,-64.147949
10638,-0.207520,-0.954102,0.461426,-22.827148,11.230469,-98.388672
10639,-0.170410,-0.891113,0.487305,-23.498535,6.958008,-106.628418
10640,-0.153320,-0.886719,0.503418,-22.888184,0.305176,-110.961914
10641,-0.166016,-1.028809,0.498047,-26.123047,-11.718750,-130.920410
10642,-0.155273,-1.034180,0.500488,-27.282715,-19.165039,-148.803711
10643,-0.118652,-0.991211,0.474609,-25.207520,-27.648926,-165.832520
10644,-0.006348,-0.869629,0.403320,-12.695312,-37.292480,-183.654785
10645,0.033203,-0.850098,0.395020,-4.760742,-36.560059,-184.753418
10646,0.034668,-0.906250,0.393066,0.854492,-32.348633,-188.781738
10647,-0.005371,-0.933594,0.434570,-1.403809,-9.582520,-224.609375
10648,0.008789,-0.927734,0.415039,-9.277344,10.803223,-255.126953
10649,0.076660,-0.863770,0.377441,-15.991211,36.926270,-284.118652
10650,0.270508,-0.744141,0.353027,-20.263672,60.913086,-296.813965
10651,0.696777,-0.556641,0.523926,-24.719238,70.861816,-239.562988
10652,0.741211,-0.601074,0.558594,-23.681641,62.377930,-181.152344
10653,0.434570,-0.862793,0.458984,-8.605957,27.770996,-127.258301
10654,0.394043,-0.875488,0.389648,-3.417969,14.282227,-125.854492
10655,0.421387,-0.791016,0.324707,8.361816,7.812500,-126.647949
10656,0.429199,-0.697754,0.349609,22.644043,4.943848,-123.962402
10657,0.418945,-0.610840,0.530273,32.043457,-11.230469,-105.773926
10658,0.415527,-0.632812,0.587402,24.047852,-24.719238,-97.595215
10659,0.418457,-0.666504,0.590820,8.483887,-35.766602,-94.909668
10660,0.447754,-0.690918,0.562988,-31.372070,-42.968750,-98.266602
10661,0.594238,-0.645996,0.444336,-45.349121,-41.809082,-95.458984
10662,0.650391,-0.645508,0.365723,-51.635742,-38.879395,-87.829590
10663,0.672852,-0.671387,0.299805,-51.269531,-33.691406,-79.284668
10664,0.670410,-0.685059,0.252441,-43.823242,-26.123047,-72.692871
10665,0.643066,-0.644531,0.250977,-14.709473,-11.474609,-62.561035
10666,0.644531,-0.606445,0.272949,-0.610352,-6.469727,-56.274414
10667,0.661133,-0.577148,0.328125,12.695312,3.173828,-37.780762
10668,0.681641,-0.594238,0.353027,11.474609,6.530762,-26.672363
10669,0.707031,-0.609375,0.371094,8.789062,8.300781,-14.953613
10670,0.726074,-0.637695,0.406250,0.793457,8.544922,8.361816
10671,0.728027,-0.641113,0.390625,-0.793457,10.742188,19.409180
10672,0.721680,-0.626953,0.343750,1.892090,16.662598,31.982422
10673,0.703125,-0.634766,0.305664,9.033203,24.291992,44.921875
10674,0.668945,-0.697754,0.274902,20.019531,30.334473,53.405762
10675,0.688965,-0.655273,0.357910,47.851562,39.855957,69.213867
10676,0.731445,-0.591797,0.441895,45.349121,43.701172,96.374512
10677,0.737793,-0.544434,0.508301,29.602051,49.560547,139.160156
10678,0.571289,-0.465332,0.264648,37.475586,66.528320,223.327637
10679,0.501465,-0.452148,0.270996,56.823730,85.571289,258.544922
10680,0.447266,-0.489746,0.369141,65.917969,100.830078,288.940430
10681,0.265137,-0.688965,0.580566,49.438477,93.383789,315.185547
10682,0.177734,-0.801270,0.656738,35.705566,71.716309,309.448242
10683,0.111816,-0.838379,0.725586,20.507812,43.029785,294.494629
10684,0.072266,-0.800293,0.756836,1.525879,13.305664,275.878906
10685,0.074707,-0.608887,0.733398,-28.320312,-33.508301,252.624512
10686,0.098633,-0.554688,0.697266,-29.235840,-51.635742,253.295898
10687,0.101074,-0.572754,0.647949,-23.803711,-66.162109,258.728027
10688,0.060547,-0.628418,0.594238,-15.991211,-74.584961,265.502930
10689,-0.089355,-0.831055,0.561035,-4.638672,-69.946289,271.362305
10690,-0.164062,-0.987305,0.487793,1.464844,-62.377930,263.793945
10691,-0.276855,-1.059082,0.405762,21.179199,-40.954590,229.370117
10692,-0.296387,-1.017090,0.429199,23.559570,-30.761719,205.200195
10693,-0.295898,-0.955566,0.472168,17.700195,-21.301270,178.771973
10694,-0.290527,-0.858887,0.523926,-12.878418,-1.525879,134.399414
10695,-0.282715,-0.871094,0.556152,-35.766602,8.056641,122.131348
10696,-0.280762,-0.868164,0.543945,-58.532715,16.296387,116.699219
10697,-0.288574,-0.862305,0.490723,-71.411133,23.010254,115.417480
10698,-0.328125,-0.807617,0.352051,-35.461426,39.733887,109.619141
10699,-0.364258,-0.787109,0.416016,-3.662109,42.724609,105.224609
10700,-0.441406,-0.852539,0.576660,12.329102,31.127930,94.665527
10701,-0.456543,-0.881348,0.543457,-2.807617,25.207520,86.975098
10702,-0.471191,-0.871094,0.498535,-17.517090,22.949219,77.514648
10703,-0.494141,-0.843262,0.458496,-23.864746,21.240234,68.786621
10704,-0.511230,-0.808594,0.414062,-20.263672,19.287109,62.805176
10705,-0.521484,-0.828125,0.444336,-0.549316,6.958008,55.969238
10706,-0.522461,-0.851562,0.477051,2.014160,-1.281738,50.964355
10707,-0.570801,-0.892578,0.424316,-9.399414,-6.896973,33.813477
10708,-0.589844,-0.891602,0.397461,-16.296387,-3.601074,20.019531
10709,-0.597168,-0.879883,0.375000,-21.728516,0.061035,4.333496
10710,-0.605469,-0.891113,0.356445,-23.437500,0.976562,-13.427734
10711,-0.669922,-0.974121,0.305176,-14.892578,-3.784180,-61.279297
10712,-0.663574,-0.995117,0.313965,-7.812500,-4.821777,-87.890625
10713,-0.630859,-1.000977,0.374023,-3.784180,-5.371094,-113.464355
10714,-0.513672,-0.940430,0.433594,-2.441406,-5.737305,-158.996582
10715,-0.455566,-0.883301,0.400391,5.432129,1.525879,-177.795410
10716,-0.410645,-0.832031,0.366699,23.132324,16.052246,-192.749023
10717,-0.369629,-0.815918,0.447754,60.241699,39.123535,-213.439941
10718,-0.335938,-0.847656,0.549316,64.636230,35.400391,-222.717285
10719,-0.299805,-0.854004,0.609863,58.227539,20.629883,-231.506348
10720,-0.254395,-0.817871,0.600586,44.799805,3.356934,-236.816406
10721,-0.156250,-0.825684,0.538086,10.131836,-10.681152,-242.431641
10722,-0.076172,-0.789062,0.541504,-7.019043,-7.080078,-245.971680
10723,0.122070,-0.613281,0.719727,-51.269531,-3.356934,-235.046387
10724,0.120117,-0.665527,0.709473,-73.730469,-10.437012,-224.304199
10725,0.052734,-0.808594,0.630859,-90.881348,-19.165039,-220.947266
10726,-0.096680,-1.041992,0.283691,-86.730957,-9.399414,-245.727539
10727,-0.093750,-1.060059,0.185059,-54.260254,5.981445,-269.592285
10728,-0.014160,-0.980469,0.172363,-5.126953,15.319824,-293.212891
10729,0.177246,-0.821289,0.281738,95.397949,12.268066,-323.486328
10730,0.266602,-0.735352,0.430664,119.873047,2.014160,-329.223633
10731,0.340332,-0.614746,0.588379,120.056152,-13.244629,-327.514648
10732,0.401855,-0.501953,0.681152,98.693848,-28.381348,-317.260742
10733,0.497070,-0.368164,0.701172,27.160645,-48.889160,-281.555176
10734,0.571289,-0.347656,0.611816,-2.075195,-53.222656,-260.314941
10735,0.643555,-0.394531,0.493652,-17.944336,-52.795410,-241.149902
10736,0.755859,-0.497070,0.301758,-21.545410,-32.775879,-205.993652
10737,0.774902,-0.497559,0.351562,-20.996094,-19.348145,-183.837891
10738,0.778809,-0.483887,0.390625,-19.775391,-12.634277,-161.315918
10739,0.784668,-0.491211,0.402832,-17.944336,-9.216309,-142.517090
10740,0.756348,-0.494629,0.369141,-13.671875,-0.915527,-123.535156
10741,0.737305,-0.479980,0.347168,-9.826660,5.676270,-119.384766
10742,0.733398,-0.445801,0.334961,-3.417969,13.183594,-114.685059
10743,0.753906,-0.398926,0.322266,6.225586,20.507812,-105.590820
10744,0.815430,-0.370605,0.404785,21.545410,30.273438,-72.937012
10745,0.909180,-0.320312,0.476562,17.211914,30.578613,-50.537109
10746,0.979004,-0.301270,0.540527,1.098633,26.916504,-21.362305
10747,0.951660,-0.398926,0.512207,-34.362793,11.840820,40.527344
10748,0.924805,-0.424805,0.448242,-40.588379,6.591797,69.458008
10749,0.907227,-0.442383,0.394043,-36.193848,6.164551,96.862793
10750,0.880371,-0.457031,0.366211,-24.658203,10.986328,121.643066
10751,0.839355,-0.463379,0.317383,11.291504,34.606934,166.687012
10752,0.770996,-0.369141,0.339355,23.864746,52.856445,192.382812
10753,0.722656,-0.312012,0.367188,21.606445,72.875977,222.167969
10754,0.698242,-0.341309,0.518555,9.155273,88.256836,255.004883
10755,0.612305,-0.489258,0.875000,-55.847168,65.490723,319.702148
10756,0.540039,-0.504883,0.939941,-97.412109,29.602051,345.947266
10757,0.471191,-0.526855,0.829590,-125.671387,-15.014648,366.394043
10758,0.284180,-0.689941,0.457520,-115.478516,-87.829590,377.929688
10759,0.170898,-0.754883,0.283203,-85.754395,-101.989746,373.046875
10760,0.083984,-0.767578,0.194336,-49.743652,-99.182129,366.088867
10761,0.022949,-0.692871,0.215820,17.578125,-62.072754,350.280762
10762,-0.010742,-0.754395,0.198242,47.912598,-32.104492,326.843262
10763,-0.029785,-0.791016,0.303223,72.570801,-0.366211,287.414551
10764,-0.032227,-0.799805,0.523926,76.477051,20.324707,247.131348
10765,-0.025391,-0.956055,0.729980,15.380859,20.019531,173.950195
10766,-0.035645,-1.052246,0.632812,-26.611328,13.854980,139.892578
10767,-0.078613,-1.122070,0.343262,-56.518555,16.174316,90.515137
10768,-0.129395,-1.020020,0.313477,-25.146484,17.089844,68.908691
10769,-0.134277,-0.931152,0.352051,-12.756348,11.291504,67.321777
10770,-0.137207,-0.859863,0.376465,-7.629395,6.713867,67.565918
10771,-0.141113,-0.833496,0.384277,-8.483887,4.821777,67.871094
10772,-0.180664,-0.803223,0.360840,-12.390137,1.953125,69.763184
10773,-0.213867,-0.812012,0.305176,-3.051758,-1.281738,74.157715
10774,-0.216309,-0.847168,0.281738,15.869141,-1.892090,79.162598
10775,-0.194824,-0.884277,0.399414,50.964355,4.455566,93.322754
10776,-0.240234,-0.951172,0.478516,55.541992,5.432129,98.449707
10777,-0.279785,-0.997559,0.543945,47.180176,6.469727,98.388672
10778,-0.334473,-1.020020,0.590332,13.854980,9.948730,83.007812
10779,-0.327637,-0.979004,0.576660,1.525879,9.338379,71.594238
10780,-0.302734,-0.927734,0.558105,-6.652832,6.042480,63.720703
10781,-0.287109,-0.854492,0.450195,-17.395020,-5.432129,66.467285
10782,-0.308105,-0.846191,0.383301,-12.817383,-8.117676,72.387695
10783,-0.343262,-0.855469,0.369141,-5.615234,-8.361816,76.416016
10784,-0.434082,-0.961914,0.406738,-2.136230,-1.586914,64.453125
10785,-0.472656,-1.011230,0.386230,-6.958008,4.577637,45.776367
10786,-0.492188,-1.023438,0.357910,-13.305664,12.573242,21.789551
10787,-0.462891,-1.000977,0.345703,-18.371582,21.789551,-31.311035
10788,-0.437012,-0.996582,0.377930,-16.784668,18.737793,-54.382324
10789,-0.435059,-1.024414,0.407715,-19.531250,13.122559,-73.791504
10790,-0.471191,-1.064453,0.378418,-27.465820,13.916016,-93.566895
10791,-0.496582,-1.150879,0.336426,-31.066895,37.231445,-153.320312
10792,-0.463379,-1.104492,0.359375,-30.883789,46.020508,-184.631348
10793,-0.419922,-1.027344,0.358398,-25.939941,47.058105,-210.205078
10794,-0.359375,-0.919434,0.351562,12.023926,28.198242,-248.352051
10795,-0.339844,-0.891602,0.356934,41.503906,13.122559,-266.967773
10796,-0.311523,-0.891602,0.396973,67.871094,-3.479004,-286.682129
10797,-0.154297,-0.829590,0.547852,86.486816,-41.259766,-328.430176
10798,-0.031250,-0.723633,0.581055,79.223633,-61.157227,-342.224121
10799,0.181641,-0.553711,0.575195,42.785645,-73.730469,-348.632812
10800,0.268066,-0.520020,0.549316,16.113281,-58.349609,-341.247559
10801,0.328125,-0.582520,0.468262,-9.704590,-31.982422,-327.636719
10802,0.378418,-0.676758,0.373535,-21.667480,-5.310059,-312.561035
10803,0.486328,-0.682129,0.375977,4.150391,19.165039,-278.320312
10804,0.483398,-0.651855,0.434082,22.033691,17.272949,-259.704590
10805,0.472656,-0.635742,0.458496,32.592773,15.747070,-243.957520
10806,0.466309,-0.588379,0.500000,34.973145,18.005371,-229.736328
10807,0.462402,-0.573730,0.494141,35.278320,16.540527,-231.750488
10808,0.451660,-0.558594,0.481445,35.461426,14.221191,-238.525391
10809,0.528320,-0.463867,0.506836,34.973145,4.394531,-252.807617
10810,0.584961,-0.456543,0.517578,35.705566,-4.577637,-253.967285
10811,0.648438,-0.452637,0.537598,34.729004,-12.939453,-247.924805
10812,0.839844,-0.346191,0.587891,-1.586914,-19.714355,-205.383301
10813,0.863281,-0.332520,0.538574,-26.916504,-18.920898,-175.842285
10814,0.847656,-0.330078,0.473633,-41.564941,-18.310547,-148.681641
10815,0.783691,-0.321777,0.360840,-30.944824,-17.272949,-105.041504
10816,0.793457,-0.310547,0.339355,-19.836426,-10.131836,-86.120605
10817,0.846191,-0.304688,0.344238,-10.681152,-0.366211,-66.284180
10818,0.932129,-0.304199,0.368652,-5.371094,8.911133,-44.677734
10819,1.078613,-0.323730,0.420410,-7.995605,13.549805,5.371094
10820,1.087891,-0.303223,0.422363,-13.366699,9.582520,33.691406
10821,1.066895,-0.308105,0.420898,-14.099121,4.211426,65.246582
10822,0.977539,-0.364258,0.433105,-6.469727,2.685547,130.126953
10823,0.908691,-0.387207,0.448730,-6.225586,9.582520,159.851074
10824,0.833984,-0.413574,0.470703,-7.629395,17.517090,186.950684
10825,0.708008,-0.449707,0.496582,-9.948730,28.991699,227.722168
10826,0.666992,-0.463867,0.495605,-8.544922,31.738281,240.173340
10827,0.616699,-0.478027,0.501465,-8.300781,34.118652,247.802734
10828,0.491211,-0.526367,0.586914,-13.793945,31.066895,253.601074
10829,0.437500,-0.563965,0.591797,-21.301270,28.198242,253.601074
10830,0.436035,-0.561523,0.580078,-33.203125,26.367188,254.882812
10831,0.489746,-0.526367,0.607422,-59.265137,10.681152,272.827148
10832,0.467773,-0.579590,0.580078,-69.641113,-5.065918,282.470703
10833,0.379395,-0.659668,0.554688,-76.110840,-19.775391,285.278320
10834,0.207520,-0.779297,0.434570,-73.425293,-33.142090,268.920898
10835,0.178711,-0.801758,0.372070,-62.805176,-31.127930,255.737305
10836,0.191895,-0.812500,0.314941,-45.104980,-26.977539,243.652344
10837,0.193359,-0.810059,0.337402,-10.314941,-16.235352,225.280762
10838,0.164062,-0.785645,0.365234,-0.976562,-11.840820,219.604492
10839,0.097656,-0.812012,0.374023,10.620117,-10.009766,215.698242
10840,0.075684,-0.840820,0.360352,16.967773,-9.460449,214.294434
10841,0.051758,-0.852539,0.369141,19.226074,-7.507324,213.073730
10842,-0.025391,-0.851562,0.454102,7.019043,-6.408691,207.214355
10843,-0.067871,-0.833496,0.470215,-5.249023,-8.544922,201.232910
10844,-0.101562,-0.787109,0.435059,-24.902344,-9.704590,187.255859
10845,-0.116211,-0.798340,0.433105,-26.367188,-10.131836,181.030273
10846,-0.159180,-0.818359,0.380371,-15.625000,-10.620117,177.551270
10847,-0.290527,-0.889160,0.391113,21.972656,-1.647949,174.865723
10848,-0.349121,-0.927246,0.470703,28.747559,1.159668,173.767090
10849,-0.396484,-0.968750,0.515625,23.620605,0.488281,170.654297
10850,-0.438965,-0.993652,0.516602,13.793945,-1.647949,164.062500
10851,-0.512207,-0.951660,0.454590,-4.516602,-4.272461,145.935059
10852,-0.518555,-0.909668,0.418457,-6.774902,-5.737305,135.375977
10853,-0.509277,-0.886719,0.370605,-4.394531,-5.737305,124.145508
10854,-0.482422,-0.902832,0.424805,7.385254,-4.211426,96.801758
10855,-0.485352,-0.892578,0.450684,4.638672,-7.507324,84.411621
10856,-0.539551,-0.916504,0.458984,-1.159668,-11.047363,72.448730
10857,-0.637207,-0.998047,0.391113,-19.958496,-7.995605,37.353516
10858,-0.655762,-1.017090,0.358887,-27.160645,-2.197266,14.160156
10859,-0.659180,-1.015625,0.332031,-31.494141,4.150391,-10.437012
10860,-0.645508,-0.977051,0.321777,-31.005859,7.995605,-33.508301
10861,-0.598145,-0.933594,0.332520,-21.911621,5.981445,-70.617676
10862,-0.602539,-0.974121,0.316895,-16.601562,6.958008,-91.003418
10863,-0.613281,-0.999023,0.299316,-8.666992,12.817383,-115.234375
10864,-0.568848,-0.990234,0.379883,6.286621,22.094727,-166.198730
10865,-0.487793,-0.932129,0.419922,11.718750,16.357422,-184.631348
10866,-0.394043,-0.868652,0.450195,19.226074,3.234863,-193.542480
10867,-0.348633,-0.837891,0.442383,29.479980,-13.610840,-195.434570
10868,-0.393555,-0.986328,0.368652,49.316406,-37.170410,-212.341309
10869,-0.423828,-1.090820,0.447266,50.964355,-45.104980,-279.724121
10870,-0.362305,-0.996094,0.509766,44.494629,-51.635742,-320.556641
10871,-0.250000,-0.834473,0.451660,43.762207,-52.368164,-351.684570
10872,0.104980,-0.592773,0.317871,76.904297,-20.812988,-368.286133
10873,0.184570,-0.572266,0.400391,91.491699,-0.183105,-360.900879
10874,0.206543,-0.605957,0.530762,93.017578,13.732910,-352.844238
10875,0.233398,-0.582520,0.642578,62.744141,13.061523,-337.524414
10876,0.255859,-0.538086,0.627930,42.846680,6.774902,-328.674316
10877,0.340820,-0.465820,0.603027,18.981934,-11.840820,-305.419922
10878,0.366211,-0.501953,0.595703,11.474609,-21.240234,-295.898438
10879,0.398926,-0.572266,0.589844,0.366211,-28.442383,-292.480469
10880,0.457031,-0.556641,0.592773,-17.944336,-31.066895,-293.151855
10881,0.555176,-0.393066,0.540527,-48.950195,-30.273438,-279.296875
10882,0.579102,-0.382812,0.437500,-46.569824,-21.362305,-261.169434
10883,0.596680,-0.410156,0.362305,-32.287598,-5.004883,-240.661621
10884,0.682129,-0.452637,0.333984,14.404297,27.893066,-206.726074
10885,0.722168,-0.448730,0.400391,34.118652,39.428711,-193.237305
10886,0.765137,-0.400879,0.473633,45.227051,45.837402,-180.786133
10887,0.789062,-0.342285,0.622559,34.790039,50.170898,-146.179199
10888,0.771973,-0.361816,0.646973,21.484375,45.654297,-129.882812
10889,0.807617,-0.337891,0.615234,9.704590,36.987305,-114.929199
10890,0.862305,-0.341797,0.601074,-7.507324,9.826660,-81.115723
10891,0.873047,-0.362305,0.604492,-12.878418,-8.300781,-65.673828
10892,0.879883,-0.347168,0.609863,-17.333984,-25.512695,-50.292969
10893,0.862793,-0.323730,0.601562,-19.592285,-39.611816,-33.264160
10894,0.853516,-0.331055,0.559082,-16.296387,-51.940918,-1.770020
10895,0.871094,-0.347656,0.527832,-11.718750,-53.344727,7.324219
10896,0.885254,-0.312988,0.483887,-9.338379,-48.950195,11.779785
10897,0.839844,-0.315430,0.490723,-27.648926,-21.911621,18.310547
10898,0.803223,-0.364258,0.546875,-40.466309,-13.854980,12.145996
10899,0.782227,-0.391113,0.567871,-49.011230,-16.540527,1.647949
10900,0.739258,-0.439941,0.504883,-46.813965,-38.452148,-25.817871
10901,0.770508,-0.388184,0.494629,-34.423828,-50.964355,-41.564941
10902,0.831543,-0.319336,0.418945,-18.371582,-62.866211,-51.452637
10903,0.837402,-0.324707,0.355469,2.136230,-67.810059,-55.969238
10904,0.831543,-0.306641,0.284668,56.823730,-66.772461,-61.889648
10905,0.864746,-0.257324,0.290527,70.556641,-48.767090,-65.551758
10906,0.877441,-0.226562,0.367188,68.603516,-30.395508,-69.274902
10907,0.860840,-0.164062,0.524414,22.399902,-1.220703,-65.673828
10908,0.882324,-0.243164,0.534180,0.366211,6.225586,-66.345215
10909,0.960938,-0.245605,0.439453,-5.798340,16.784668,-75.866699
10910,0.942383,-0.215332,0.411133,-1.037598,32.531738,-73.059082
10911,0.902832,-0.228027,0.408203,10.925293,55.114746,-65.490723
10912,0.892578,-0.161133,0.446777,18.005371,73.791504,-55.419922
10913,0.869141,-0.250977,0.622559,32.287598,54.931641,-44.250488
10914,0.855469,-0.231445,0.587402,34.240723,30.700684,-42.053223
10915,0.855469,-0.166992,0.560547,29.479980,14.770508,-35.705566
10916,0.780762,-0.188477,0.480957,6.774902,2.746582,-14.099121
10917,0.759277,-0.179688,0.470703,2.502441,-0.915527,-5.493164
10918,0.727051,-0.185547,0.444824,4.638672,-8.972168,3.173828
10919,0.746094,-0.166016,0.570312,24.291992,11.657715,4.394531
10920,0.813477,-0.180664,0.647461,-0.122070,7.995605,4.028320
10921,0.881836,-0.175781,0.569336,-18.127441,3.417969,4.028320
10922,0.954590,-0.095703,0.522949,-27.465820,0.915527,21.789551
10923,0.939941,-0.116211,0.491699,-26.000977,-3.173828,37.475586
10924,0.971191,-0.090820,0.458496,-28.198242,-11.962891,71.899414
10925,0.993164,-0.121582,0.435547,-35.644531,-14.587402,91.369629
10926,1.032227,-0.155273,0.419434,-39.978027,-11.962891,109.313965
10927,1.054688,-0.170898,0.442383,-42.663574,-6.958008,130.737305
10928,1.011230,-0.222168,0.444824,-38.574219,-1.770020,175.292969
10929,0.970215,-0.261230,0.465820,-31.860352,-3.967285,193.298340
10930,0.911621,-0.325195,0.470703,-24.597168,-9.704590,206.848145
10931,0.783691,-0.380371,0.477051,-24.414062,-20.751953,224.853516
10932,0.724121,-0.365723,0.480957,-29.724121,-19.531250,236.450195
10933,0.675293,-0.384766,0.486816,-30.395508,-17.028809,248.779297
10934,0.599609,-0.520996,0.444824,-10.253906,-7.385254,258.239746
10935,0.593262,-0.547852,0.460449,-0.366211,-1.403809,255.798340
10936,0.597656,-0.551758,0.496582,5.493164,2.258301,253.479004
10937,0.567383,-0.595703,0.546387,0.671387,-0.366211,255.493164
10938,0.529785,-0.621094,0.540039,-9.521484,-1.708984,259.948730
10939,0.469727,-0.630859,0.518066,-19.226074,-1.403809,267.395020
10940,0.348633,-0.646484,0.491211,-31.188965,-3.479004,281.982422
10941,0.296875,-0.668457,0.471191,-31.005859,-5.920410,285.522461
10942,0.248047,-0.692383,0.454590,-27.526855,-7.019043,284.851074
10943,0.218750,-0.706543,0.444824,-22.705078,-5.187988,281.066895
10944,0.173828,-0.691406,0.452637,-21.362305,10.620117,276.000977
10945,0.159668,-0.706543,0.449707,-27.526855,19.226074,275.695801
10946,0.133789,-0.746094,0.446289,-35.034180,26.977539,275.756836
10947,0.032227,-0.855957,0.380371,-39.733887,39.062500,268.859863
10948,-0.019043,-0.898438,0.364746,-39.428711,43.395996,255.432129
10949,-0.065430,-0.924805,0.369141,-38.024902,44.738770,235.412598
10950,-0.156738,-0.939941,0.368164,-36.621094,42.175293,187.622070
10951,-0.194824,-0.936035,0.375977,-37.536621,39.489746,165.954590
10952,-0.199219,-0.902344,0.396484,-39.123535,33.813477,149.169922
10953,-0.178711,-0.867676,0.427734,-42.236328,25.634766,139.160156
10954,-0.231445,-0.984863,0.384766,-54.809570,7.873535,120.056152
10955,-0.287598,-1.033691,0.306641,-63.476562,5.493164,102.966309
10956,-0.338379,-1.068359,0.184082,-62.133789,10.681152,60.119629
10957,-0.351562,-1.047363,0.147461,-47.424316,11.535645,38.940430
10958,-0.362793,-1.061523,0.124512,-23.925781,6.042480,18.737793
10959,-0.386230,-1.113281,0.127930,6.408691,-2.258301,-3.601074
10960,-0.460938,-1.306152,0.151855,66.955566,-14.953613,-64.086914
10961,-0.477539,-1.366699,0.177734,90.209961,-17.150879,-104.736328
10962,-0.456543,-1.367188,0.241699,106.811523,-18.249512,-147.949219
10963,-0.372070,-1.199707,0.399414,125.183105,-25.756836,-224.182129
10964,-0.301758,-1.074219,0.452637,130.615234,-32.104492,-249.816895
10965,-0.222656,-0.967285,0.457520,135.559082,-39.184570,-266.662598
10966,0.000977,-0.716797,0.452637,138.671875,-47.607422,-274.353027
10967,0.093262,-0.585938,0.465820,131.469727,-45.532227,-262.207031
10968,0.161621,-0.480469,0.481934,120.056152,-39.001465,-238.891602
10969,0.156738,-0.468750,0.496582,109.619141,-37.048340,-187.133789
10970,0.126465,-0.599609,0.516602,114.501953,-36.682129,-172.363281
10971,0.059082,-0.671875,0.628906,107.177734,-41.137695,-171.325684
10972,0.022949,-0.723633,0.683594,90.270996,-50.842285,-180.908203
10973,0.134277,-0.646484,0.604492,48.278809,-79.040527,-219.421387
10974,0.310547,-0.495605,0.380371,43.273926,-76.049805,-223.205566
10975,0.516113,-0.439453,0.267578,60.302734,-48.461914,-199.707031
10976,0.662598,-0.480469,0.326172,82.641602,-18.371582,-162.414551
10977,0.674316,-0.597656,0.599609,91.491699,22.155762,-87.524414
10978,0.595703,-0.538086,0.665039,79.589844,33.508301,-56.274414
10979,0.592285,-0.469727,0.712402,68.847656,43.762207,-33.081055
10980,0.607910,-0.412598,0.751953,26.672363,69.152832,3.295898
10981,0.542480,-0.461914,0.738770,5.615234,79.223633,17.639160
10982,0.455566,-0.509766,0.663086,-9.948730,88.867188,30.273438
10983,0.475098,-0.578125,0.710938,-15.197754,90.820312,39.306641
10984,0.346680,-0.638184,0.620117,3.051758,81.787109,48.278809
10985,0.311523,-0.647949,0.651367,22.644043,70.190430,44.555664
10986,0.300781,-0.708496,0.790039,64.941406,31.066895,44.921875
10987,0.296875,-0.679199,0.856934,76.843262,10.375977,46.325684
10988,0.291504,-0.641113,0.882812,81.237793,-6.652832,46.813965
10989,0.263184,-0.593262,0.879883,79.711914,-17.883301,46.142578
10990,0.209961,-0.552734,0.874023,60.791016,-39.733887,32.043457
10991,0.241699,-0.550781,0.870605,47.973633,-54.382324,21.240234
10992,0.361328,-0.567871,0.727051,41.015625,-58.044434,4.455566
10993,0.377930,-0.512695,0.747070,42.968750,-48.950195,4.333496
10994,0.363770,-0.433594,0.816895,25.573730,-50.048828,15.869141
10995,0.364746,-0.428223,0.799805,9.033203,-51.086426,24.475098
10996,0.408691,-0.455078,0.713379,-3.906250,-47.180176,33.203125
10997,0.460938,-0.487305,0.680664,-15.930176,-20.141602,45.471191
10998,0.488281,-0.497070,0.681152,-30.761719,-7.446289,50.598145
10999,0.516602,-0.500488,0.724121,-40.954590,6.164551,61.584473
11000,0.493164,-0.500488,0.785156,-49.987793,14.587402,78.979492
11001,0.344727,-0.504395,0.871582,-72.082520,10.375977,113.830566
11002,0.276855,-0.492676,0.880859,-83.801270,-0.488281,128.173828
11003,0.233887,-0.598633,0.843262,-106.628418,-22.583008,147.460938
11004,0.219238,-0.646973,0.752441,-111.877441,-27.954102,149.536133
11005,0.218262,-0.678223,0.684082,-110.656738,-27.587891,151.977539
11006,0.183594,-0.716797,0.672852,-105.163574,-28.381348,163.696289
11007,0.164062,-0.750000,0.709473,-108.215332,-34.240723,172.241211
11008,0.125977,-0.800293,0.726074,-119.873047,-43.823242,175.781250
11009,-0.001953,-0.884277,0.598633,-141.540527,-55.175781,163.208008
11010,-0.047852,-0.916016,0.564453,-135.314941,-60.241699,151.000977
11011,-0.045410,-0.937988,0.537109,-121.215820,-67.016602,137.512207
11012,-0.003418,-0.916504,0.518066,-106.689453,-72.509766,125.854492
11013,0.088867,-0.833984,0.464355,-79.101562,-77.331543,121.093750
11014,0.121582,-0.837891,0.482910,-64.331055,-79.467773,126.586914
11015,0.133789,-0.890625,0.484375,-52.612305,-81.359863,131.408691
11016,0.064453,-0.977051,0.446289,-42.724609,-77.209473,130.737305
11017,-0.037109,-0.940918,0.380371,-41.503906,-66.284180,125.610352
11018,-0.168945,-0.963867,0.375488,-30.822754,-30.456543,104.492188
11019,-0.186523,-0.958496,0.386230,-31.127930,-15.319824,88.012695
11020,-0.196289,-0.955078,0.367676,-31.555176,-4.089355,73.242188
11021,-0.242676,-0.970703,0.299805,-25.024414,4.211426,58.837891
11022,-0.305176,-1.006836,0.230957,-5.981445,11.413574,43.151855
11023,-0.381348,-1.092773,0.161621,68.847656,17.639160,3.417969
11024,-0.371094,-1.084961,0.195312,113.830566,12.145996,-17.700195
11025,-0.309082,-0.934082,0.330078,193.969727,-13.427734,-46.142578
11026,-0.260254,-0.855469,0.437988,221.130371,-26.855469,-50.292969
11027,-0.219238,-0.780762,0.557617,230.102539,-38.208008,-48.645020
11028,-0.149902,-0.659180,0.709473,202.087402,-48.461914,-28.503418
11029,-0.107910,-0.632812,0.729980,184.020996,-49.072266,-14.587402
11030,-0.053711,-0.595215,0.725098,169.067383,-47.546387,0.427246
11031,0.071777,-0.538574,0.707031,161.621094,-43.029785,43.273926
11032,0.090332,-0.565918,0.716309,156.555176,-43.579102,64.819336
11033,0.062500,-0.600586,0.684570,152.893066,-46.508789,77.270508
11034,0.014648,-0.606934,0.645020,157.043457,-48.095703,80.688477
11035,-0.023926,-0.534180,0.649414,176.025391,-44.311523,75.012207
11036,-0.020020,-0.540527,0.746582,182.556152,-41.320801,74.462891
11037,-0.024902,-0.519531,0.823730,179.443359,-39.245605,72.753906
11038,-0.042480,-0.491211,0.965332,166.931152,-48.828125,64.697266
11039,-0.012207,-0.479980,1.019531,165.100098,-61.706543,59.875488
11040,0.024414,-0.445312,1.062500,165.954590,-75.256348,56.213379
11041,0.066406,-0.389160,1.074707,157.958984,-80.139160,50.170898
11042,0.179688,-0.219238,1.104004,141.479492,-69.091797,51.391602
11043,0.181641,-0.189941,1.096680,126.953125,-57.556152,53.344727
11044,0.172363,-0.191406,1.125977,114.440918,-48.706055,54.077148
11045,0.128906,-0.286133,1.150391,84.106445,-43.945312,51.269531
11046,0.091797,-0.352051,1.108398,71.289062,-46.936035,43.579102
11047,0.049316,-0.375977,1.020996,61.340332,-48.217773,31.921387
11048,-0.001465,-0.366211,0.821777,54.199219,-41.442871,8.361816
11049,0.019043,-0.330078,0.777344,55.541992,-36.499023,-0.793457
11050,0.060547,-0.282715,0.761719,53.222656,-30.090332,-5.676270
11051,0.110840,-0.213379,0.812988,26.550293,-15.747070,-3.112793
11052,0.102539,-0.215820,0.873535,3.295898,-10.253906,2.197266
11053,0.081055,-0.198730,0.904785,-20.080566,-6.652832,7.873535
11054,0.066895,-0.190918,0.871094,-38.574219,-2.014160,15.197754
11055,0.061035,-0.210449,0.793945,-49.743652,10.681152,27.038574
11056,0.073242,-0.202148,0.795410,-43.823242,14.709473,31.005859
11057,0.078613,-0.182617,0.858398,-36.621094,14.404297,34.606934
11058,0.156250,-0.187988,0.986328,-30.090332,-0.854492,42.480469
11059,0.204590,-0.204102,1.022949,-32.653809,-11.657715,49.560547
11060,0.209961,-0.206543,1.026367,-39.611816,-20.874023,54.992676
11061,0.197266,-0.248535,0.991211,-34.057617,-35.339355,61.462402
11062,0.206543,-0.310547,0.996094,-19.287109,-44.616699,58.593750
11063,0.248535,-0.338379,0.975098,8.117676,-57.006836,43.640137
11064,0.257812,-0.316895,0.959961,14.465332,-54.260254,35.949707
11065,0.255371,-0.298340,0.978516,16.235352,-49.743652,31.494141
11066,0.249512,-0.312500,1.003418,15.197754,-48.400879,28.564453
11067,0.222656,-0.369629,1.001465,21.118164,-57.128906,19.226074
11068,0.225098,-0.396973,0.975098,28.991699,-60.302734,14.160156
11069,0.245117,-0.392578,0.954590,34.545898,-58.227539,11.413574
11070,0.274414,-0.318848,0.951660,33.752441,-44.128418,17.761230
11071,0.256348,-0.289551,0.940430,28.625488,-35.644531,26.000977
11072,0.186035,-0.279785,0.904785,24.658203,-27.709961,39.428711
11073,0.186035,-0.274414,0.912109,24.047852,-26.306152,42.175293
11074,0.185059,-0.277832,0.933105,23.315430,-27.954102,45.166016
11075,0.162109,-0.310547,0.983887,24.291992,-33.813477,47.485352
11076,0.158691,-0.312012,1.023438,19.287109,-40.039062,45.593262
11077,0.211914,-0.227539,0.984863,-2.685547,-38.513184,45.959473
11078,0.168457,-0.160156,0.913086,-12.939453,-33.935547,52.490234
11079,0.283691,-0.290039,0.983398,-13.549805,-25.024414,68.420410
11080,0.300781,-0.244629,1.034180,-15.258789,-28.869629,74.462891
11081,0.269043,-0.284668,1.024902,-11.596680,-35.766602,74.645996
11082,0.295410,-0.325195,1.089844,-7.690430,-46.997070,58.288574
11083,0.340332,-0.312500,1.041016,-4.699707,-50.292969,53.710938
11084,0.373047,-0.312988,1.013672,9.216309,-52.307129,51.513672
11085,0.367676,-0.329102,1.014648,27.893066,-52.490234,48.339844
11086,0.346680,-0.278809,1.044922,51.208496,-51.574707,41.015625
11087,0.354004,-0.255859,1.048340,47.851562,-48.522949,41.870117
11088,0.357910,-0.263672,0.983398,26.977539,-41.687012,50.292969
11089,0.351562,-0.292969,0.932129,25.817871,-39.123535,51.513672
11090,0.350098,-0.267578,0.902344,30.517578,-35.888672,51.513672
11091,0.352539,-0.226074,0.906250,34.484863,-30.944824,53.222656
11092,0.301758,-0.207520,1.010254,17.395020,-19.409180,59.631348
11093,0.280273,-0.230469,0.999023,7.202148,-20.385742,61.767578
11094,0.280762,-0.259766,0.993164,2.990723,-24.291992,63.781738
11095,0.292969,-0.306152,0.923340,0.427246,-30.029297,65.734863
11096,0.291504,-0.325684,0.877441,2.563477,-27.465820,65.856934
11097,0.278809,-0.337402,0.865234,9.155273,-22.949219,65.002441
11098,0.262695,-0.330078,0.893066,17.395020,-15.258789,61.950684
11099,0.279785,-0.318359,0.904297,16.418457,-10.009766,61.462402
11100,0.261230,-0.274902,0.949707,10.253906,-4.760742,58.166504
11101,0.271484,-0.233398,0.954590,5.737305,-1.464844,55.664062
11102,0.241699,-0.242676,0.983398,-6.774902,-2.075195,52.490234
11103,0.236816,-0.277832,0.926270,-5.371094,-4.211426,49.499512
11104,0.191406,-0.279297,0.920898,20.019531,-7.202148,45.349121
11105,0.211914,-0.262695,0.917480,27.099609,-8.789062,45.043945
11106,0.223633,-0.277344,0.970215,38.635254,-10.253906,47.729492
11107,0.259766,-0.319336,0.880859,34.545898,-15.197754,40.222168
11108,0.244141,-0.211914,0.982422,39.123535,-9.338379,38.208008
11109,0.284180,-0.236816,0.912598,29.541016,-1.953125,38.452148
11110,0.260742,-0.179199,0.899414,5.493164,24.047852,34.362793
11111,0.256348,-0.199707,0.884766,-3.601074,36.621094,32.226562
11112,0.227051,-0.214355,0.892090,-4.394531,43.334961,30.517578
11113,0.181641,-0.187500,0.976074,-6.591797,40.344238,29.968262
11114,0.194336,-0.233887,1.004883,-18.493652,13.122559,28.686523
11115,0.190918,-0.233887,0.964355,-17.822266,0.000000,27.404785
11116,0.201172,-0.243164,0.921875,-16.479492,-7.385254,28.076172
11117,0.239258,-0.288574,0.895508,-9.765625,-8.239746,31.494141
11118,0.253418,-0.282227,0.895996,-6.408691,-5.371094,33.264160
11119,0.274414,-0.267578,0.908203,-5.004883,-2.014160,35.827637
11120,0.270508,-0.311523,0.913086,-6.591797,2.014160,33.630371
11121,0.276855,-0.309570,0.900391,-5.981445,4.699707,30.273438
11122,0.279297,-0.312988,0.888184,-5.432129,8.850098,27.954102
11123,0.256348,-0.313477,0.913574,-5.920410,15.808105,25.573730
11124,0.249512,-0.312988,0.938477,-8.178711,15.930176,23.803711
11125,0.240234,-0.303711,0.945312,-10.375977,14.221191,21.545410
11126,0.230469,-0.323730,0.927734,-11.169434,13.122559,18.493652
11127,0.217285,-0.328125,0.896973,-5.249023,14.404297,16.906738
11128,0.212891,-0.318848,0.894043,1.464844,16.784668,16.113281
11129,0.204102,-0.317871,0.915039,6.164551,17.700195,15.136719
11130,0.180176,-0.269043,0.945801,4.699707,16.296387,12.207031
11131,0.172852,-0.255371,0.956055,-0.488281,15.686035,12.390137
11132,0.167480,-0.242676,0.967285,-7.141113,13.916016,13.244629
11133,0.164062,-0.218750,0.984375,-15.930176,10.375977,13.671875
11134,0.142578,-0.176270,0.979980,-40.283203,3.112793,13.244629
11135,0.129395,-0.235840,0.933594,-45.227051,0.976562,12.939453
11136,0.109863,-0.280273,0.875000,-38.940430,0.732422,11.047363
11137,0.081055,-0.341797,0.874023,-13.732910,12.451172,9.704590
11138,0.076660,-0.383789,0.909668,-2.685547,17.944336,10.986328
11139,0.056152,-0.392090,0.929199,8.850098,20.385742,11.291504
11140,0.049805,-0.315430,0.982910,8.605957,19.714355,17.639160
11141,0.025391,-0.306641,0.963379,0.732422,16.784668,20.019531
11142,0.000000,-0.297363,0.929199,-3.601074,13.610840,17.822266
11143,-0.042969,-0.337891,0.913574,-7.324219,14.282227,4.516602
11144,-0.042480,-0.338379,0.923340,-8.483887,14.587402,-4.394531
11145,-0.035645,-0.319336,0.939941,-8.544922,12.207031,-7.446289
11146,-0.085449,-0.334961,0.968750,-15.991211,11.718750,-1.098633
11147,-0.095703,-0.306152,0.957520,-24.963379,14.831543,5.126953
11148,-0.092773,-0.271484,0.938965,-33.813477,17.517090,13.305664
11149,-0.083008,-0.290039,0.910645,-51.513672,21.240234,31.188965
11150,-0.105957,-0.393555,0.852539,-45.288086,18.859863,31.555176
11151,-0.146973,-0.389160,0.802246,-17.700195,26.855469,16.296387
11152,-0.142578,-0.351562,0.828125,-13.427734,38.818359,8.972168
11153,-0.142090,-0.371094,0.852539,-14.404297,49.316406,5.126953
11154,-0.138184,-0.417480,0.849609,4.638672,46.081543,0.122070
11155,-0.197266,-0.375488,0.933105,9.216309,37.658691,-2.624512
11156,-0.205078,-0.369141,0.958008,8.300781,26.184082,-7.263184
11157,-0.225586,-0.355469,0.912598,8.605957,13.549805,-14.526367
11158,-0.208984,-0.264160,0.879395,14.587402,0.366211,-27.832031
11159,-0.182617,-0.242676,0.956055,1.831055,4.943848,-28.137207
11160,-0.065430,-0.294922,1.124512,-46.997070,9.094238,-14.099121
11161,0.123535,-0.212402,1.208008,-77.209473,8.850098,11.474609
11162,0.061523,-0.277832,1.143555,-96.191406,6.469727,43.151855
11163,-0.014160,-0.383789,1.089844,-94.909668,-0.244141,61.523438
11164,-0.108398,-0.578125,1.080566,-57.678223,-20.507812,54.931641
11165,-0.120605,-0.592285,1.069336,-33.447266,-28.991699,39.184570
11166,-0.071777,-0.552734,1.050293,-4.760742,-28.320312,1.647949
11167,0.003906,-0.507324,1.056152,-7.995605,-18.920898,-13.977051
11168,0.061523,-0.468262,1.042969,-20.080566,-6.591797,-22.216797
11169,0.083496,-0.466309,1.011719,-38.146973,5.798340,-21.972656
11170,0.059570,-0.652832,0.958008,-74.523926,23.193359,-13.549805
11171,0.092285,-0.588867,0.850586,-85.083008,29.907227,-9.216309
11172,0.068848,-0.549316,0.739258,-88.439941,39.794922,3.356934
11173,0.011719,-0.550781,0.663574,-70.556641,55.358887,24.780273
11174,-0.025391,-0.559570,0.655762,-51.025391,55.725098,28.930664
11175,-0.074219,-0.569336,0.653809,-25.207520,53.161621,29.418945
11176,-0.173340,-0.576172,0.722168,39.123535,41.748047,25.695801
11177,-0.200684,-0.566406,0.801758,66.101074,33.691406,23.071289
11178,-0.215332,-0.560059,0.913086,81.542969,24.719238,19.958496
11179,-0.203125,-0.531250,1.114746,66.894531,3.601074,8.605957
11180,-0.179688,-0.477051,1.120117,42.053223,-5.310059,2.380371
11181,-0.172363,-0.446289,1.070801,14.404297,-5.310059,-5.004883
11182,-0.109375,-0.382812,1.010254,-28.503418,6.164551,-20.080566
11183,-0.072754,-0.334961,1.004395,-46.325684,8.605957,-19.042969
11184,-0.049316,-0.297852,1.000977,-62.927246,10.314941,-12.084961
11185,-0.059082,-0.383301,0.891602,-89.538574,22.705078,1.464844
11186,-0.087891,-0.448242,0.822754,-86.547852,29.235840,2.563477
11187,-0.117676,-0.522949,0.794922,-75.805664,33.142090,2.136230
11188,-0.145508,-0.584961,0.821289,-65.063477,31.982422,-0.854492
11189,-0.150391,-0.536133,0.788086,-54.016113,23.132324,-6.103516
11190,-0.175781,-0.568848,0.776367,-44.067383,21.057129,-8.850098
11191,-0.206543,-0.614746,0.770508,-34.790039,18.798828,-15.869141
11192,-0.201172,-0.587402,0.739746,-17.333984,12.329102,-31.433105
11193,-0.174805,-0.527344,0.708496,-8.666992,11.230469,-34.667969
11194,-0.147949,-0.509766,0.656250,2.441406,13.244629,-34.301758
11195,-0.180176,-0.501465,0.734375,19.836426,16.906738,-33.142090
11196,-0.180664,-0.514160,0.784180,22.277832,12.573242,-33.020020
11197,-0.142090,-0.499023,0.806152,16.479492,4.516602,-32.897949
11198,-0.111328,-0.455078,0.783691,5.615234,3.417969,-29.907227
11199,-0.087402,-0.464355,0.757324,-1.403809,5.676270,-25.634766
11200,-0.068359,-0.482910,0.764160,-3.112793,9.887695,-23.559570
11201,-0.050781,-0.498535,0.800293,-1.770020,12.084961,-23.437500
11202,-0.027832,-0.539062,0.865234,6.164551,7.141113,-25.329590
11203,-0.019531,-0.546875,0.863770,11.352539,2.075195,-28.930664
11204,-0.000488,-0.538574,0.845215,17.395020,-3.784180,-32.043457
11205,0.037109,-0.531738,0.740234,29.174805,-15.258789,-33.935547
11206,0.046387,-0.538574,0.693359,42.297363,-18.005371,-36.621094
11207,0.064941,-0.545898,0.655762,55.358887,-18.005371,-40.100098
11208,0.087402,-0.502441,0.669434,63.537598,-9.948730,-39.733887
11209,0.051758,-0.507812,0.682617,62.255859,-5.737305,-35.949707
11210,0.009766,-0.540527,0.696289,59.143066,-1.403809,-34.240723
11211,-0.013672,-0.561035,0.710449,54.199219,2.563477,-35.278320
11212,-0.024902,-0.640137,0.765625,47.790527,5.554199,-41.259766
11213,-0.029785,-0.680664,0.798340,45.898438,2.258301,-46.691895
11214,-0.025391,-0.685547,0.819336,47.485352,-5.065918,-53.710938
11215,0.061523,-0.632812,0.844727,63.842773,-31.311035,-55.541992
11216,0.105469,-0.633789,0.851074,77.026367,-43.762207,-51.330566
11217,0.139648,-0.617676,0.886719,88.378906,-49.255371,-46.203613
11218,0.196777,-0.553711,1.016113,83.190918,-41.015625,-36.560059
11219,0.241211,-0.547852,1.132812,47.790527,-27.465820,-31.311035
11220,0.269043,-0.547363,1.133301,28.076172,-22.766113,-30.273438
11221,0.300781,-0.520996,1.091309,11.352539,-17.639160,-28.198242
11222,0.306152,-0.498535,0.991699,-4.089355,-6.103516,-20.874023
11223,0.272461,-0.519043,0.951172,-3.234863,-2.929688,-20.080566
11224,0.239258,-0.556152,0.948242,0.854492,-2.563477,-23.071289
11225,0.220215,-0.606445,0.931152,3.967285,-3.479004,-29.785156
11226,0.201172,-0.563965,0.885742,3.356934,-0.793457,-42.724609
11227,0.194824,-0.510742,0.866699,3.234863,2.075195,-44.738770
11228,0.184570,-0.476562,0.888672,1.220703,10.437012,-44.799805
11229,0.168945,-0.472656,0.930664,-3.662109,11.230469,-45.654297
11230,0.142090,-0.565918,0.968262,-8.666992,5.798340,-54.565430
11231,0.105469,-0.533203,0.939941,-12.023926,-1.098633,-63.659668
11232,0.121582,-0.476074,0.884766,-13.488770,-13.122559,-75.622559
11233,0.181152,-0.478027,0.807129,-13.854980,-13.366699,-83.190918
11234,0.166016,-0.415039,0.828613,-14.465332,-12.145996,-89.355469
11235,0.156250,-0.413086,0.878906,-21.484375,-13.427734,-93.872070
11236,0.183594,-0.430176,0.920410,-28.747559,-15.869141,-92.956543
11237,0.233398,-0.435059,0.919434,-39.428711,-18.188477,-90.698242
11238,0.283203,-0.414062,0.880859,-50.048828,-16.784668,-86.425781
11239,0.346191,-0.359863,0.832520,-57.128906,-6.591797,-68.420410
11240,0.373535,-0.348145,0.821289,-56.457520,-0.183105,-56.762695
11241,0.386230,-0.342773,0.836914,-54.077148,5.554199,-44.189453
11242,0.363281,-0.428711,0.885254,-40.344238,5.981445,-22.888184
11243,0.354492,-0.553223,0.885742,-18.310547,2.380371,-20.141602
11244,0.347168,-0.547363,0.863281,4.577637,2.380371,-21.362305
11245,0.347656,-0.482422,0.906738,35.644531,6.530762,-16.906738
11246,0.332520,-0.460449,0.935547,40.161133,4.699707,-13.854980
11247,0.304199,-0.463379,0.954102,37.048340,0.366211,-13.549805
11248,0.278320,-0.435059,0.887207,19.653320,-6.652832,-20.446777
11249,0.279297,-0.454590,0.855957,14.709473,-8.605957,-27.954102
11250,0.265625,-0.413086,0.812500,12.817383,-8.544922,-33.935547
11251,0.245117,-0.396973,0.783691,11.169434,-5.187988,-36.132812
11252,0.220215,-0.419922,0.809082,8.056641,1.159668,-34.545898
11253,0.171875,-0.447266,0.817383,6.530762,2.136230,-36.743164
11254,0.191895,-0.446777,0.811035,7.934570,1.525879,-41.931152
11255,0.276855,-0.363281,0.806641,26.794434,-10.192871,-48.950195
11256,0.306152,-0.330566,0.823242,41.687012,-17.822266,-44.921875
11257,0.315918,-0.333984,0.824219,57.067871,-25.451660,-37.170410
11258,0.352051,-0.256348,0.860352,72.692871,-28.320312,-18.981934
11259,0.343262,-0.271973,0.916016,70.495605,-26.977539,-12.695312
11260,0.321289,-0.341797,0.942871,70.312500,-29.296875,-15.808105
11261,0.298340,-0.335449,0.909668,74.707031,-33.935547,-39.245605
11262,0.319824,-0.293945,0.897461,74.829102,-32.958984,-46.813965
11263,0.358887,-0.252930,0.881836,75.744629,-27.954102,-46.936035
11264,0.392090,-0.219238,0.873535,79.650879,-19.409180,-40.527344
11265,0.410156,-0.192383,0.894043,91.674805,-0.183105,-17.333984
11266,0.410156,-0.185059,0.957520,94.787598,5.554199,-7.080078
11267,0.409668,-0.180664,1.029785,87.646484,6.408691,1.342773
11268,0.398438,-0.144531,1.033691,59.570312,1.220703,5.981445
11269,0.381836,-0.143555,0.997070,44.677734,-1.403809,2.685547
11270,0.384277,-0.127930,0.958496,35.583496,-2.807617,-0.122070
11271,0.382324,-0.090332,0.907715,29.235840,-3.356934,0.244141
11272,0.354004,-0.058594,0.960449,10.925293,-3.479004,1.525879
11273,0.343262,-0.059570,0.956055,-12.084961,-6.774902,2.807617
11274,0.374512,-0.087891,0.884277,-24.230957,-2.197266,8.239746
11275,0.429688,-0.101074,0.820312,-27.526855,10.864258,16.723633
11276,0.429688,-0.115234,0.824219,-21.972656,49.194336,41.625977
11277,0.397949,-0.149414,0.887207,-23.681641,65.551758,52.856445
11278,0.366211,-0.168945,0.927734,-36.254883,77.209473,67.016602
11279,0.352539,-0.144531,0.897461,-42.175293,76.660156,68.664551
11280,0.340332,-0.125000,0.914551,-48.767090,76.538086,68.786621
11281,0.335938,-0.119629,0.977539,-68.481445,76.110840,69.580078
11282,0.323242,-0.099121,0.991211,-116.821289,87.829590,80.078125
11283,0.292969,-0.110840,0.956055,-140.808105,96.130371,86.425781
11284,0.256348,-0.163086,0.944336,-162.353516,101.623535,90.881348
11285,0.200684,-0.268066,0.914551,-185.852051,100.891113,92.590332
11286,0.187988,-0.280762,0.920410,-187.683105,92.834473,95.581055
11287,0.166016,-0.331543,0.920898,-186.340332,82.763672,100.708008
11288,0.111328,-0.418457,0.928223,-180.725098,60.546875,107.849121
11289,0.089844,-0.452637,0.919922,-185.485840,50.292969,111.694336
11290,0.051758,-0.503906,0.913574,-194.335938,39.733887,113.281250
11291,0.000000,-0.557617,0.849609,-219.543457,23.620605,108.581543
11292,-0.031250,-0.590332,0.854004,-236.755371,22.399902,106.567383
11293,-0.072754,-0.645996,0.901367,-254.150391,19.226074,102.172852
11294,-0.137695,-0.705566,0.757812,-269.714355,13.549805,91.247559
11295,-0.157715,-0.744141,0.645020,-260.803223,16.113281,87.219238
11296,-0.138184,-0.775879,0.554199,-240.722656,20.507812,85.510254
11297,-0.145508,-0.866211,0.436035,-189.636230,28.381348,85.876465
11298,-0.189453,-0.917969,0.386719,-166.625977,36.193848,81.237793
11299,-0.231934,-0.840332,0.302734,-139.770508,65.246582,69.458008
11300,-0.252930,-0.807617,0.334473,-136.047363,79.040527,68.420410
11301,-0.272461,-0.847168,0.376953,-136.108398,85.632324,66.955566
11302,-0.294922,-0.860840,0.395020,-137.634277,84.350586,62.194824
11303,-0.322754,-0.850098,0.385742,-140.380859,76.354980,55.847168
11304,-0.359863,-0.886719,0.331055,-142.761230,53.588867,38.879395
11305,-0.363281,-0.895996,0.265137,-144.042969,47.180176,30.639648
11306,-0.358398,-0.916992,0.134766,-143.005371,52.795410,18.066406
11307,-0.380371,-0.967285,0.115234,-140.808105,57.189941,10.986328
11308,-0.407715,-1.014648,0.120117,-139.587402,60.607910,0.427246
11309,-0.431641,-1.023438,0.113281,-145.996094,64.636230,-10.986328
11310,-0.439941,-0.986328,0.109863,-158.142090,68.847656,-19.653320
11311,-0.434570,-0.987305,0.044922,-168.762207,64.636230,-34.667969
11312,-0.434082,-0.974609,-0.019531,-162.475586,62.622070,-42.785645
11313,-0.419434,-0.962891,-0.059570,-149.353027,63.293457,-50.048828
11314,-0.339844,-0.962402,-0.097656,-120.056152,67.016602,-53.161621
11315,-0.340332,-0.942383,-0.136719,-111.389160,70.800781,-52.734375
11316,-0.354980,-0.953125,-0.134766,-111.999512,78.247070,-51.025391
11317,-0.359375,-1.002441,-0.078125,-127.502441,84.106445,-48.522949
11318,-0.353027,-1.000977,-0.046875,-162.109375,70.617676,-41.015625
11319,-0.322754,-0.976074,-0.105469,-164.550781,56.396484,-36.376953
11320,-0.296387,-0.960938,-0.207520,-155.456543,44.311523,-29.602051
11321,-0.254883,-0.983887,-0.388184,-102.722168,27.160645,-14.953613
11322,-0.257812,-0.958496,-0.437500,-71.350098,23.376465,-5.493164
11323,-0.277832,-0.938965,-0.440918,-49.072266,21.362305,1.892090
11324,-0.295410,-0.947754,-0.410645,-38.940430,20.629883,2.441406
11325,-0.280762,-0.874023,-0.340332,-44.921875,26.611328,-8.666992
11326,-0.268555,-0.867676,-0.312500,-52.673340,30.578613,-12.512207
11327,-0.254395,-0.864746,-0.315918,-56.152344,32.165527,-15.258789
11328,-0.205566,-0.857422,-0.371094,-43.762207,29.052734,-13.061523
11329,-0.192383,-0.834473,-0.422363,-28.686523,25.024414,-9.887695
11330,-0.207520,-0.833496,-0.443359,-11.291504,24.230957,-4.821777
11331,-0.233398,-0.833008,-0.335449,4.638672,20.812988,-5.920410
11332,-0.249512,-0.827637,-0.284180,-2.563477,14.282227,-9.521484
11333,-0.244629,-0.849121,-0.314453,-5.798340,6.958008,-13.977051
11334,-0.202637,-0.900391,-0.452148,32.836914,-5.615234,-22.094727
11335,-0.212402,-0.927734,-0.492188,70.556641,-12.084961,-23.193359
11336,-0.214355,-0.951660,-0.517090,113.891602,-18.005371,-25.756836
11337,-0.217285,-0.970215,-0.475586,199.584961,-21.484375,-36.987305
11338,-0.199707,-0.967773,-0.463379,241.088867,-17.272949,-43.334961
11339,-0.166992,-0.970703,-0.438965,286.437988,-9.155273,-48.217773
11340,-0.147461,-0.940430,-0.231934,351.623535,-0.427246,-56.152344
11341,-0.163574,-0.915527,-0.059570,363.342285,-3.356934,-60.913086
11342,-0.156250,-0.882324,0.053711,358.276367,-7.446289,-64.880371
11343,-0.102539,-0.863281,0.194824,316.162109,-8.300781,-64.819336
11344,-0.091797,-0.875488,0.246094,291.687012,-7.263184,-61.401367
11345,-0.097656,-0.896973,0.271484,274.719238,-6.958008,-57.189941
11346,-0.024414,-0.841309,0.250488,274.719238,-6.774902,-38.574219
11347,-0.001953,-0.774414,0.204102,301.940918,-5.371094,-22.705078
11348,-0.011230,-0.719238,0.183105,345.520020,-0.366211,-7.751465
11349,-0.045410,-0.745605,0.452637,415.222168,2.746582,1.647949
11350,-0.087402,-0.770020,0.632324,428.039551,-8.239746,-6.652832
11351,-0.116211,-0.731934,0.763184,425.048828,-24.047852,-19.226074
11352,-0.029785,-0.500000,0.877930,381.530762,-47.363281,-35.705566
11353,0.021973,-0.364258,0.865723,343.750000,-45.471191,-32.958984
11354,0.049316,-0.271484,0.862305,302.795410,-36.071777,-24.169922
11355,0.054199,-0.240723,0.893066,264.160156,-26.611328,-12.695312
11356,-0.004395,-0.341797,0.918945,216.247559,-27.954102,-3.784180
11357,-0.016113,-0.370605,0.928711,214.965820,-33.386230,-9.033203
11358,0.001953,-0.364258,0.979980,215.759277,-38.330078,-15.136719
11359,0.057129,-0.247559,1.041016,196.472168,-30.090332,-13.244629
11360,0.058594,-0.213379,1.039062,176.269531,-16.418457,-6.164551
11361,0.031738,-0.179688,1.033691,153.564453,-0.793457,0.549316
11362,0.014648,-0.182129,1.076660,110.961914,10.253906,0.793457
11363,0.019043,-0.170410,1.070312,99.792480,2.929688,-2.685547
11364,0.029297,-0.139160,1.059082,95.336914,-7.934570,-5.676270
11365,0.054688,-0.120605,1.056641,81.542969,-20.996094,-8.361816
11366,0.041992,-0.105957,1.056152,69.335938,-20.874023,-9.643555
11367,0.022949,-0.084961,1.068848,54.199219,-19.470215,-9.521484
11368,0.009766,-0.080078,1.047852,15.502930,-15.380859,-10.070801
11369,0.002441,-0.082520,1.055176,-2.868652,-18.066406,-10.375977
11370,-0.007324,-0.094727,1.163086,-41.931152,-38.146973,-11.901855
11371,0.011230,-0.089844,1.206055,-65.673828,-51.757812,-13.977051
11372,0.033691,-0.067383,1.211914,-94.848633,-60.852051,-15.014648
11373,0.053711,-0.047852,1.188965,-128.845215,-63.415527,-13.916016
11374,0.130859,-0.146973,1.044434,-188.842773,-49.377441,-4.516602
11375,0.150391,-0.224609,0.948730,-191.711426,-39.916992,-3.295898
11376,0.168457,-0.316406,0.871582,-164.550781,-19.592285,-3.051758
11377,0.167969,-0.358398,0.924805,-148.071289,-11.596680,-3.845215
11378,0.172363,-0.375977,1.010742,-138.610840,-6.469727,-6.530762
11379,0.166992,-0.373047,1.074707,-167.236328,-0.122070,-13.427734
11380,0.144043,-0.343262,1.058105,-195.983887,7.385254,-14.404297
11381,0.134766,-0.327637,1.007812,-225.891113,17.395020,-11.840820
11382,0.129395,-0.344727,0.958984,-251.098633,26.489258,-5.859375
11383,0.160156,-0.439941,0.869629,-285.644531,31.799316,7.507324
11384,0.155273,-0.497559,0.816406,-294.860840,27.038574,12.451172
11385,0.129883,-0.594727,0.762695,-297.729492,18.920898,12.451172
11386,0.073242,-0.721680,0.580566,-276.489258,7.446289,-2.258301
11387,0.088379,-0.752441,0.485840,-252.319336,9.460449,-9.033203
11388,0.130859,-0.748535,0.428711,-222.534180,16.601562,-12.145996
11389,0.178223,-0.663574,0.414551,-200.866699,30.151367,-7.690430
11390,0.085449,-0.804199,0.489258,-159.667969,40.283203,-1.708984
11391,0.064941,-0.868164,0.476562,-152.648926,47.790527,-1.525879
11392,0.088867,-0.840332,0.457031,-131.225586,46.081543,-3.601074
11393,0.096680,-0.847168,0.470215,-127.807617,42.358398,-3.601074
11394,0.079590,-0.838867,0.471191,-131.408691,37.109375,-4.394531
11395,0.043945,-0.834961,0.433105,-139.221191,32.287598,-4.455566
11396,0.112305,-0.846191,0.397949,-140.502930,24.414062,-0.488281
11397,0.095215,-0.899414,0.350586,-137.084961,25.878906,6.164551
11398,0.075195,-0.939941,0.324219,-128.234863,26.672363,10.192871
11399,0.027344,-1.020996,0.277344,-101.989746,24.902344,7.568359
11400,0.030762,-1.031738,0.251953,-85.571289,23.315430,3.723145
11401,0.070312,-1.058594,0.252930,-68.969727,21.728516,1.953125
11402,0.061035,-1.063477,0.244629,-59.265137,19.165039,0.732422
11403,0.028809,-1.051270,0.216797,-55.175781,20.751953,-4.272461
11404,0.022461,-1.011719,0.237793,-68.786621,24.108887,-6.530762
11405,0.040527,-0.979492,0.283203,-97.045898,28.076172,-4.455566
11406,0.069336,-0.988770,0.219238,-146.789551,27.282715,3.601074
11407,0.066406,-1.012207,0.145996,-155.029297,28.930664,7.324219
11408,0.036621,-1.049316,0.111328,-156.677246,33.752441,6.896973
11409,0.019043,-1.074219,0.096191,-153.625488,41.076660,-4.394531
11410,0.014160,-1.071289,0.056641,-147.888184,39.611816,-11.901855
11411,-0.015137,-1.090332,0.002930,-135.437012,35.461426,-22.460938
11412,0.025391,-1.019043,-0.025879,-121.032715,31.005859,-30.822754
11413,0.093262,-0.954102,-0.015625,-87.585449,24.475098,-25.817871
11414,0.100586,-0.957520,-0.026367,-73.059082,19.592285,-20.996094
11415,0.117188,-0.987305,-0.082031,-42.175293,13.977051,-17.089844
11416,0.145508,-1.001465,-0.130371,-22.399902,13.793945,-15.502930
11417,0.136230,-1.029297,-0.166504,5.432129,14.770508,-14.587402
11418,0.124512,-1.039551,-0.177246,39.794922,13.427734,-15.747070
11419,0.094238,-1.016602,-0.119141,114.746094,1.586914,-19.104004
11420,0.093750,-0.998535,-0.067871,147.766113,-6.774902,-23.315430
11421,0.111816,-0.986816,-0.032227,174.499512,-15.075684,-26.855469
11422,0.152832,-0.967773,-0.013672,220.092773,-26.428223,-31.616211
11423,0.163086,-0.945801,-0.016113,244.323730,-26.428223,-34.729004
11424,0.174805,-0.903320,-0.035645,309.509277,-13.671875,-40.710449
11425,0.203125,-0.791992,0.210938,333.618164,-14.404297,-42.785645
11426,0.195312,-0.740234,0.332031,348.754883,-22.155762,-43.518066
11427,0.184570,-0.741699,0.409180,351.562500,-30.273438,-43.640137
11428,0.241699,-0.714844,0.513184,328.125000,-31.127930,-38.757324
11429,0.312500,-0.713379,0.583008,303.161621,-25.573730,-31.127930
11430,0.334961,-0.747559,0.675293,249.511719,-21.606445,-17.272949
11431,0.309570,-0.712402,0.664551,231.750488,-22.521973,-16.235352
11432,0.291992,-0.656250,0.664062,219.421387,-22.277832,-17.761230
11433,0.283203,-0.578125,0.659180,211.364746,-20.324707,-19.165039
11434,0.262695,-0.534180,0.716797,194.396973,-9.277344,-18.432617
11435,0.241211,-0.580566,0.799805,175.781250,-2.624512,-18.005371
11436,0.298340,-0.578613,0.904785,152.221680,-1.586914,-15.380859
11437,0.401367,-0.521973,1.113281,87.402344,-28.198242,4.760742
11438,0.380859,-0.569824,1.106445,51.513672,-44.860840,8.056641
11439,0.320312,-0.605469,1.032715,20.812988,-52.062988,-1.098633
11440,0.259766,-0.650879,0.880371,-2.502441,-35.461426,-43.273926
11441,0.283691,-0.649414,0.853516,-1.220703,-22.094727,-63.293457
11442,0.313477,-0.627441,0.832520,7.568359,-15.380859,-75.256348
11443,0.329102,-0.527344,0.811523,35.217285,-15.930176,-87.219238
11444,0.336426,-0.423828,0.802734,55.786133,-22.705078,-86.364746
11445,0.340332,-0.353516,0.828613,83.557129,-38.818359,-81.481934
11446,0.389648,-0.306641,0.847656,83.496094,-47.058105,-77.697754
11447,0.449707,-0.219238,0.837402,76.049805,-53.649902,-67.504883
11448,0.450684,-0.241211,0.776367,58.593750,-64.331055,-47.485352
11449,0.437988,-0.255371,0.733887,51.452637,-66.101074,-44.067383
11450,0.439453,-0.260254,0.685547,47.119141,-66.040039,-44.433594
11451,0.456543,-0.260254,0.641113,45.227051,-65.246582,-46.508789
11452,0.487793,-0.206543,0.524902,48.461914,-60.241699,-48.461914
11453,0.532227,-0.149902,0.494141,49.072266,-52.551270,-44.250488
11454,0.635254,-0.102051,0.526367,26.245117,-19.348145,-26.123047
11455,0.663086,-0.112305,0.560059,5.065918,3.784180,-17.578125
11456,0.676270,-0.139648,0.592773,-19.348145,28.686523,-10.742188
11457,0.676270,-0.162598,0.612305,-42.053223,52.307129,-6.469727
11458,0.615723,-0.189453,0.654785,-69.702148,93.994141,-4.333496
11459,0.597656,-0.195801,0.692383,-72.448730,109.863281,-3.906250
11460,0.576172,-0.210938,0.743164,-70.678711,121.765137,-2.258301
11461,0.546875,-0.252441,0.799316,-66.345215,130.187988,-2.258301
11462,0.461426,-0.290527,0.877441,-48.889160,138.000488,-8.239746
11463,0.452148,-0.284180,0.911133,-34.484863,135.742188,-7.080078
11464,0.420410,-0.244141,0.937988,-11.596680,123.779297,-0.671387
11465,0.360840,-0.171875,1.052246,34.484863,85.876465,23.193359
11466,0.347656,-0.175293,1.132324,38.146973,67.810059,35.400391
11467,0.338867,-0.192383,1.181152,25.756836,53.222656,45.043945
11468,0.324219,-0.255859,1.158203,-24.414062,32.897949,52.734375
11469,0.316895,-0.281738,1.099121,-45.837402,24.536133,51.391602
11470,0.322266,-0.290039,1.035156,-58.410645,15.563965,49.621582
11471,0.330078,-0.337891,0.933105,-61.889648,-1.770020,51.330566
11472,0.298828,-0.384766,0.866211,-50.720215,-9.399414,49.072266
11473,0.284668,-0.395020,0.819336,-35.095215,-13.183594,47.119141
11474,0.304199,-0.380371,0.824707,-25.329590,-12.634277,48.156738
11475,0.322266,-0.360840,0.831055,-41.809082,0.732422,60.302734
11476,0.316895,-0.392090,0.791992,-57.250977,10.498047,66.284180
11477,0.298828,-0.393555,0.728027,-72.509766,33.203125,78.491211
11478,0.223633,-0.365723,0.822266,-69.274902,41.442871,87.707520
11479,0.155273,-0.452148,0.887207,-55.480957,40.527344,100.036621
11480,0.134277,-0.620605,0.966309,-57.373047,38.757324,99.365234
11481,-0.181152,-0.973145,1.252930,-99.243164,13.977051,60.302734
11482,0.058594,-0.992676,1.025391,-117.919922,-4.882812,26.794434
11483,0.129395,-0.906738,0.868652,-108.520508,-25.634766,15.808105
11484,0.153320,-0.654297,0.664551,-64.941406,-40.649414,15.869141
11485,0.184082,-0.630859,-0.155762,-53.527832,-8.789062,23.925781
11486,0.096191,-0.747559,0.251465,-34.667969,52.612305,16.784668
11487,0.098145,-0.624512,0.774902,-19.470215,63.171387,9.765625
11488,0.092773,-0.658203,0.945801,-20.385742,42.541504,12.573242
11489,0.093262,-0.692871,0.965820,-17.944336,15.075684,13.244629
11490,0.102539,-0.703613,0.874023,0.976562,-20.019531,10.253906
11491,0.132324,-0.697266,0.842285,11.901855,-26.062012,9.460449
11492,0.161621,-0.699219,0.805176,26.672363,-27.954102,9.277344
11493,0.166992,-0.654785,0.799316,22.338867,-24.353027,9.155273
11494,0.192383,-0.623535,0.799316,7.812500,-17.395020,9.765625
11495,0.217285,-0.606445,0.836426,-9.887695,-12.634277,11.108398
11496,0.227539,-0.634766,0.848145,-52.001953,-9.155273,14.465332
11497,0.222656,-0.666504,0.805664,-69.641113,-5.493164,14.160156
11498,0.222656,-0.699707,0.747559,-77.331543,0.000000,12.390137
11499,0.219238,-0.717773,0.705566,-75.744629,6.774902,10.009766
11500,0.217285,-0.732422,0.702637,-55.053711,18.371582,8.239746
11501,0.201660,-0.761230,0.713867,-40.466309,19.470215,6.652832
11502,0.177734,-0.792969,0.686523,-13.000488,23.254395,-4.333496
11503,0.140625,-0.771973,0.657227,-5.798340,28.564453,-8.911133
11504,0.143555,-0.760254,0.645996,-2.197266,32.592773,-11.596680
11505,0.139648,-0.757324,0.655762,0.854492,34.484863,-14.343262
11506,0.119141,-0.776367,0.686523,-4.150391,39.672852,-24.780273
11507,0.101074,-0.785156,0.697266,-10.681152,43.701172,-31.494141
11508,0.062500,-0.796875,0.728516,-17.822266,48.522949,-40.466309
11509,0.004395,-0.793457,0.678223,-6.408691,43.762207,-41.564941
11510,0.002930,-0.718750,0.678711,18.798828,38.879395,-46.142578
11511,0.090332,-0.588379,0.740234,37.658691,35.217285,-40.832520
11512,0.105957,-0.560547,0.740234,58.044434,26.062012,-13.732910
11513,0.098145,-0.555176,0.744141,67.749023,17.211914,0.244141
11514,0.069824,-0.535156,0.733398,70.068359,10.192871,7.141113
11515,0.046387,-0.502441,0.776367,48.461914,8.728027,7.324219
11516,0.045898,-0.454102,0.771973,26.367188,16.601562,10.009766
11517,0.067383,-0.439453,0.793457,4.882812,22.705078,16.357422
11518,0.015137,-0.554688,0.798340,-26.916504,18.432617,22.460938
11519,0.004883,-0.589844,0.760742,-33.508301,12.268066,20.141602
11520,0.031250,-0.605957,0.706543,-30.822754,3.417969,17.456055
11521,0.050781,-0.627441,0.696289,-25.634766,1.708984,18.188477
11522,0.049805,-0.652832,0.699707,-19.653320,-0.671387,19.531250
11523,0.033691,-0.703125,0.696777,-18.005371,6.164551,18.371582
11524,-0.008301,-0.728027,0.690430,-22.216797,19.592285,16.113281
11525,-0.063477,-0.748535,0.667969,-23.559570,35.949707,12.451172
11526,-0.148438,-0.760254,0.738770,-3.051758,54.260254,-2.990723
11527,-0.185059,-0.744629,0.781738,14.160156,50.781250,-13.549805
11528,-0.207520,-0.716309,0.821777,31.860352,41.625977,-23.559570
11529,-0.210938,-0.645996,0.874512,65.979004,15.380859,-35.156250
11530,-0.207520,-0.652832,0.865723,76.599121,4.333496,-39.001465
11531,-0.166016,-0.631348,0.843750,69.274902,3.051758,-46.630859
11532,-0.128906,-0.571777,0.838379,47.424316,10.559082,-45.166016
11533,-0.113770,-0.507324,0.817383,21.484375,19.775391,-36.560059
11534,-0.121582,-0.504883,0.803223,-1.586914,27.526855,-23.376465
11535,-0.158203,-0.541992,0.808594,-26.855469,28.076172,-0.061035
11536,-0.149902,-0.571289,0.830078,-33.325195,22.766113,7.934570
11537,-0.119629,-0.609375,0.813477,-35.583496,15.136719,11.169434
11538,-0.084473,-0.632812,0.738770,-15.075684,4.211426,12.084961
11539,-0.070801,-0.649414,0.724121,4.577637,2.075195,12.390137
11540,-0.098633,-0.685547,0.751953,22.216797,7.690430,-0.549316
11541,-0.111328,-0.697754,0.768066,18.981934,14.953613,-10.375977
11542,-0.104980,-0.698242,0.815430,8.972168,21.972656,-19.226074
11543,-0.095215,-0.681641,0.822754,-2.380371,24.108887,-25.695801
11544,-0.110352,-0.669922,0.769043,-7.751465,20.629883,-27.648926
11545,-0.098633,-0.666016,0.750000,0.427246,16.784668,-26.611328
11546,-0.090332,-0.646484,0.738281,11.901855,13.244629,-25.573730
11547,-0.079590,-0.654297,0.744141,29.541016,11.108398,-25.024414
11548,-0.084473,-0.640137,0.769043,35.461426,11.230469,-26.306152
11549,-0.093750,-0.618164,0.811035,31.677246,11.047363,-28.320312
11550,-0.085938,-0.602539,0.845703,18.676758,9.521484,-30.334473
11551,-0.057617,-0.597656,0.814453,-15.563965,2.502441,-28.991699
11552,-0.029785,-0.625488,0.759766,-21.728516,0.671387,-24.475098
11553,-0.014648,-0.634766,0.716797,-16.662598,-1.037598,-19.775391
11554,-0.000488,-0.631836,0.735352,1.586914,-1.892090,-12.573242
11555,-0.002930,-0.634277,0.776855,6.347656,-0.610352,-11.047363
11556,-0.012207,-0.637207,0.815430,8.117676,1.708984,-9.887695
11557,-0.014648,-0.652344,0.810059,12.695312,-0.610352,-10.192871
11558,-0.019531,-0.701172,0.764160,18.066406,-0.305176,-13.488770
11559,-0.014648,-0.718262,0.763184,17.578125,4.821777,-18.371582
11560,0.002441,-0.633301,0.842773,-0.732422,9.826660,-17.150879
11561,-0.013184,-0.647461,0.895508,-8.972168,5.920410,-10.864258
11562,-0.032715,-0.681152,0.915527,-11.962891,-3.540039,-8.666992
11563,-0.055664,-0.732422,0.873535,-5.249023,-20.263672,-16.418457
11564,-0.032227,-0.740234,0.837402,-2.136230,-20.751953,-21.850586
11565,0.005371,-0.752930,0.795410,1.281738,-15.258789,-25.512695
11566,0.038574,-0.724121,0.808594,7.202148,0.854492,-23.864746
11567,0.020020,-0.678223,0.852539,8.056641,0.122070,-20.568848
11568,-0.003906,-0.632812,0.803223,9.582520,-6.347656,-18.798828
11569,-0.006836,-0.649902,0.824707,10.742188,-19.104004,-15.014648
11570,-0.002930,-0.649414,0.854004,4.516602,-25.207520,-15.197754
11571,0.022949,-0.644531,0.864746,-4.699707,-30.517578,-13.549805
11572,0.089844,-0.652344,0.764648,-20.080566,-29.602051,-6.835938
11573,0.068848,-0.636719,0.728516,-19.226074,-20.202637,-1.220703
11574,0.062988,-0.599609,0.750977,-14.648438,-10.559082,4.882812
11575,0.036621,-0.625488,0.827148,-12.817383,-3.723145,9.582520
11576,0.022461,-0.653809,0.812012,-20.019531,-0.305176,5.920410
11577,0.012695,-0.659180,0.782227,-23.315430,2.990723,0.000000
11578,-0.008789,-0.667480,0.720703,-19.592285,10.192871,-13.671875
11579,-0.016602,-0.702637,0.716309,-14.221191,12.512207,-20.263672
11580,-0.019043,-0.701660,0.753418,-8.911133,13.122559,-32.226562
11581,0.039551,-0.611328,0.804199,-2.563477,1.708984,-36.010742
11582,0.044434,-0.589355,0.861816,-2.990723,-5.859375,-30.578613
11583,0.037598,-0.591797,0.887207,-6.408691,-14.282227,-24.353027
11584,0.032715,-0.600098,0.877930,-10.986328,-21.789551,-19.165039
11585,0.062500,-0.600586,0.863770,-23.986816,-30.273438,-8.972168
11586,0.079590,-0.608398,0.860352,-32.226562,-31.372070,-3.417969
11587,0.124512,-0.652832,0.789062,-53.100586,-22.277832,1.220703
11588,0.161133,-0.636719,0.771484,-60.302734,-16.906738,1.770020
11589,0.186523,-0.635254,0.704102,-56.762695,-16.479492,2.990723
11590,0.140625,-0.619141,0.612793,-24.475098,-14.282227,5.432129
11591,0.129883,-0.609863,0.589355,-9.399414,-10.192871,2.563477
11592,0.145020,-0.568848,0.565918,2.075195,-2.990723,-2.136230
11593,0.187500,-0.517578,0.692871,10.192871,2.319336,-5.615234
11594,0.166992,-0.535645,0.713867,7.934570,-14.587402,-9.948730
11595,0.182617,-0.512695,0.691895,5.981445,-20.202637,-12.268066
11596,0.200684,-0.504395,0.688965,4.638672,-23.071289,-12.695312
11597,0.209961,-0.507324,0.718262,3.845215,-25.268555,-12.023926
11598,0.222656,-0.562012,0.726074,4.394531,-31.677246,-10.925293
11599,0.230469,-0.594238,0.679199,6.225586,-28.869629,-12.145996
11600,0.252441,-0.586914,0.695801,6.896973,-20.141602,-12.634277
11601,0.272461,-0.578613,0.736816,6.958008,-12.634277,-11.047363
11602,0.287598,-0.566406,0.796387,4.943848,-4.577637,-5.798340
11603,0.276855,-0.597656,0.798340,6.530762,-3.234863,-4.699707
11604,0.259766,-0.645508,0.826660,14.404297,-3.601074,-9.948730
11605,0.262695,-0.655273,0.795898,14.953613,-2.075195,-13.122559
11606,0.271484,-0.654297,0.799316,15.014648,1.220703,-14.953613
11607,0.266602,-0.655762,0.819336,14.831543,0.732422,-15.502930
11608,0.251953,-0.623535,0.796387,6.408691,-4.699707,-14.648438
11609,0.267578,-0.614746,0.776367,-2.685547,-4.943848,-12.878418
11610,0.287109,-0.590332,0.751465,-11.474609,-4.333496,-10.681152
11611,0.279297,-0.604492,0.699707,-5.310059,-1.708984,-4.699707
11612,0.271973,-0.625488,0.711914,8.911133,0.732422,-4.333496
11613,0.271484,-0.620605,0.762207,22.521973,2.014160,-4.333496
11614,0.268066,-0.632812,0.824707,32.958984,-4.211426,-3.601074
11615,0.253906,-0.663574,0.883301,32.348633,-9.887695,-4.638672
11616,0.263672,-0.644531,0.887695,29.724121,-15.258789,-5.615234
11617,0.264160,-0.630371,0.880371,23.742676,-18.493652,-6.347656
11618,0.290527,-0.596191,0.859863,3.540039,-17.211914,-6.591797
11619,0.293457,-0.594727,0.836426,-5.493164,-15.808105,-6.835938
11620,0.306641,-0.593262,0.742676,-13.244629,-9.216309,-6.103516
11621,0.316406,-0.597656,0.719727,-11.352539,-4.150391,-3.784180
11622,0.315918,-0.615723,0.705078,-6.042480,1.098633,-1.403809
11623,0.305664,-0.613770,0.705566,-0.427246,7.507324,0.793457
11624,0.286621,-0.605469,0.777344,0.976562,18.798828,3.662109
11625,0.271973,-0.596191,0.801758,-3.112793,22.033691,3.784180
11626,0.257324,-0.595703,0.813965,-7.690430,24.047852,3.295898
11627,0.241699,-0.625488,0.812500,-12.756348,24.291992,1.892090
11628,0.233887,-0.637695,0.798828,-10.131836,22.521973,0.488281
11629,0.223145,-0.618164,0.792969,-7.568359,21.850586,0.000000
11630,0.224609,-0.583496,0.826172,-7.934570,21.057129,3.540039
11631,0.218750,-0.576172,0.854980,-13.305664,19.104004,4.699707
11632,0.215820,-0.577148,0.869141,-21.789551,15.747070,5.554199
11633,0.220215,-0.579102,0.863281,-30.761719,11.718750,6.286621
11634,0.235840,-0.597168,0.792480,-37.597656,4.760742,9.948730
11635,0.241211,-0.607422,0.769043,-34.423828,2.258301,12.512207
11636,0.235840,-0.649414,0.760742,-24.108887,-1.281738,14.404297
11637,0.237793,-0.670410,0.761719,-22.399902,-1.770020,12.634277
11638,0.245117,-0.663086,0.749023,-22.583008,-0.183105,10.498047
11639,0.265137,-0.689941,0.720215,-21.301270,5.126953,6.896973
11640,0.253906,-0.673340,0.698242,-16.235352,9.155273,4.028320
11641,0.241699,-0.648438,0.697266,-11.047363,14.343262,1.647949
11642,0.200684,-0.625977,0.720215,-5.187988,22.094727,-5.371094
11643,0.181641,-0.594238,0.692383,-1.464844,25.024414,-7.690430
11644,0.183594,-0.610352,0.674805,10.437012,27.587891,-3.845215
11645,0.157227,-0.674316,0.708496,23.803711,28.564453,-4.150391
11646,0.132324,-0.694336,0.758789,21.118164,25.390625,-7.873535
11647,0.118652,-0.678711,0.792969,14.465332,19.104004,-12.145996
11648,0.120605,-0.645508,0.797363,7.446289,11.840820,-14.465332
11649,0.152832,-0.577148,0.742676,0.732422,3.845215,-10.864258
11650,0.171387,-0.550781,0.726074,-0.244141,3.540039,-5.310059
11651,0.177246,-0.557617,0.713379,2.136230,4.089355,4.882812
11652,0.163086,-0.606445,0.730469,4.333496,3.295898,6.347656
11653,0.159668,-0.573730,0.712402,9.155273,0.061035,5.126953
11654,0.186523,-0.563965,0.694336,19.531250,-2.685547,9.582520
11655,0.193359,-0.597656,0.676270,23.498535,-3.967285,9.643555
11656,0.181641,-0.613770,0.669922,28.076172,-5.554199,6.042480
11657,0.166992,-0.577637,0.679688,40.100098,-9.094238,-2.624512
11658,0.169434,-0.558594,0.696289,45.776367,-8.850098,-5.432129
11659,0.169922,-0.545898,0.724609,46.813965,-6.103516,-7.934570
11660,0.158691,-0.551270,0.819824,37.292480,1.464844,-13.549805
11661,0.153320,-0.568359,0.844238,28.686523,4.394531,-17.517090
11662,0.147461,-0.583984,0.833008,21.911621,8.605957,-21.728516
11663,0.136719,-0.621582,0.816406,26.367188,16.845703,-25.512695
11664,0.133789,-0.632324,0.808594,35.766602,18.920898,-25.085449
11665,0.123535,-0.620117,0.809082,41.687012,20.996094,-23.010254
11666,0.109863,-0.603027,0.852539,30.212402,22.338867,-15.075684
11667,0.100586,-0.590332,0.852051,23.559570,19.042969,-12.390137
11668,0.100098,-0.549805,0.878906,17.211914,9.765625,-8.117676
11669,0.110352,-0.546875,0.900391,13.671875,4.089355,-5.737305
11670,0.121094,-0.551270,0.895996,9.643555,-0.976562,-4.089355
11671,0.138184,-0.529297,0.852539,2.685547,-4.089355,-1.098633
11672,0.148438,-0.511230,0.821289,1.403809,-3.295898,1.464844
11673,0.159668,-0.504395,0.791992,2.075195,-1.647949,4.028320
11674,0.154785,-0.532227,0.791504,7.080078,-1.647949,5.004883
11675,0.145020,-0.540527,0.801758,7.629395,-3.356934,3.784180
11676,0.147461,-0.542969,0.807617,5.920410,-5.432129,2.380371
11677,0.150879,-0.557617,0.830566,0.915527,-13.366699,0.427246
11678,0.159180,-0.560059,0.831055,-1.831055,-16.418457,-0.122070
11679,0.170898,-0.559082,0.830566,-5.737305,-15.930176,0.427246
11680,0.179688,-0.563965,0.834961,-10.314941,-12.023926,2.136230
11681,0.170410,-0.610352,0.838379,-15.258789,1.220703,5.737305
11682,0.159180,-0.641602,0.834961,-15.014648,9.155273,5.310059
11683,0.123535,-0.673340,0.843750,-1.953125,22.460938,-1.953125
11684,0.113770,-0.649414,0.874023,5.920410,26.733398,-5.371094
11685,0.105957,-0.623047,0.902832,9.704590,29.479980,-7.141113
11686,0.083008,-0.616211,0.924805,10.253906,29.418945,-8.666992
11687,0.041992,-0.594238,0.915527,7.324219,21.240234,-13.793945
11688,0.039551,-0.583984,0.901855,4.028320,14.953613,-15.747070
11689,0.042480,-0.584961,0.885742,-1.098633,8.300781,-17.028809
11690,0.049316,-0.613281,0.825684,-13.916016,0.122070,-17.272949
11691,0.056641,-0.626465,0.805664,-17.700195,-1.098633,-16.113281
11692,0.071777,-0.633789,0.782227,-18.432617,-1.647949,-13.854980
11693,0.103027,-0.616699,0.763184,-15.258789,-1.098633,-8.728027
11694,0.108398,-0.602051,0.772949,-14.282227,0.244141,-6.042480
11695,0.117188,-0.598145,0.784668,-13.366699,0.549316,-3.173828
11696,0.137695,-0.588867,0.812500,-8.361816,-4.150391,3.540039
11697,0.146973,-0.579102,0.832520,-7.202148,-6.408691,7.141113
11698,0.158691,-0.564941,0.854004,-10.253906,-6.713867,11.108398
11699,0.166016,-0.564941,0.863770,-21.423340,-7.202148,17.822266
11700,0.158691,-0.581055,0.837402,-25.085449,-6.652832,18.005371
11701,0.151855,-0.597168,0.797363,-25.146484,-4.577637,15.747070
11702,0.142578,-0.602539,0.733398,-17.944336,4.089355,8.728027
11703,0.141602,-0.615234,0.727051,-11.840820,6.774902,6.164551
11704,0.129395,-0.612305,0.711426,-2.319336,7.202148,2.807617
11705,0.117676,-0.592285,0.717773,7.751465,7.141113,0.366211
11706,0.107910,-0.566895,0.799316,15.197754,3.845215,-2.563477
11707,0.097168,-0.584473,0.834961,11.474609,-0.305176,-4.089355
11708,0.102539,-0.589844,0.795410,0.732422,-6.347656,-6.408691
11709,0.117676,-0.577637,0.760254,-4.028320,-4.882812,-5.859375
11710,0.123535,-0.566895,0.753906,-7.324219,-2.746582,-3.967285
11711,0.104004,-0.580078,0.757812,-12.268066,-2.258301,-0.732422
11712,0.090820,-0.593750,0.753418,-11.779785,-3.356934,-0.976562
11713,0.092285,-0.600098,0.760742,-8.666992,-4.699707,-1.525879
11714,0.115234,-0.603516,0.784668,-3.845215,-2.807617,-0.915527
11715,0.121582,-0.614746,0.799805,-2.990723,1.159668,0.610352
11716,0.131348,-0.626953,0.810547,-2.502441,5.493164,2.014160
11717,0.138184,-0.639648,0.826660,-2.502441,9.277344,3.295898
11718,0.123535,-0.650879,0.842285,0.610352,11.779785,3.234863
11719,0.118652,-0.638672,0.843262,1.708984,11.230469,2.807617
11720,0.118164,-0.629395,0.837402,1.464844,10.192871,2.197266
11721,0.119629,-0.605957,0.845215,-2.990723,6.713867,1.770020
11722,0.118164,-0.609863,0.848633,-8.117676,4.272461,1.708984
11723,0.116211,-0.616699,0.830566,-14.038086,2.319336,0.854492
11724,0.118164,-0.625488,0.778320,-20.996094,2.502441,-2.075195
11725,0.122070,-0.628418,0.762207,-20.568848,3.601074,-2.929688
11726,0.118164,-0.640625,0.764160,-17.822266,4.211426,-3.540039
11727,0.107422,-0.655273,0.760742,-8.911133,2.929688,-5.371094
11728,0.109863,-0.642090,0.764648,-4.577637,3.051758,-4.699707
11729,0.120117,-0.619141,0.767578,-1.831055,2.441406,-2.502441
11730,0.127930,-0.597168,0.770508,-1.586914,1.281738,0.671387
11731,0.129883,-0.547363,0.820801,-11.718750,-2.685547,7.873535
11732,0.123535,-0.548340,0.841309,-24.169922,-4.272461,10.070801
11733,0.121094,-0.583496,0.826172,-46.569824,-7.873535,9.094238
11734,0.120117,-0.619141,0.796875,-51.208496,-7.812500,6.835938
11735,0.117676,-0.654297,0.744629,-48.461914,-6.713867,4.089355
11736,0.119141,-0.683594,0.693359,-18.981934,-0.427246,-0.305176
11737,0.125000,-0.707520,0.672363,-1.525879,2.136230,-2.075195
11738,0.119141,-0.704102,0.686035,12.695312,3.234863,-3.295898
11739,0.111328,-0.666992,0.751953,23.803711,2.685547,-3.417969
11740,0.111328,-0.642090,0.781250,20.629883,0.854492,-3.417969
11741,0.113281,-0.614258,0.792480,13.854980,-1.342773,-2.929688
11742,0.117188,-0.594727,0.797852,4.577637,-2.807617,-1.342773
11743,0.122559,-0.614746,0.782227,-12.817383,-2.380371,2.075195
11744,0.126953,-0.630371,0.777344,-18.005371,-0.610352,3.723145
11745,0.131836,-0.647949,0.779785,-21.301270,1.098633,5.126953
11746,0.133301,-0.674316,0.778809,-21.667480,4.516602,6.958008
11747,0.124512,-0.715820,0.782715,-19.592285,5.126953,6.896973
11748,0.108887,-0.750488,0.759277,-13.305664,4.089355,3.784180
11749,0.103027,-0.702637,0.736816,3.723145,2.319336,-2.746582
11750,0.113770,-0.656738,0.748047,8.483887,1.342773,-3.356934
11751,0.112793,-0.625000,0.767578,8.422852,-0.305176,-2.258301
11752,0.106934,-0.625000,0.777344,-4.760742,-2.746582,0.122070
11753,0.111816,-0.635742,0.768555,-12.878418,-3.051758,0.976562
11754,0.118164,-0.649414,0.748047,-17.517090,-3.479004,1.525879
11755,0.120605,-0.662598,0.724121,-19.042969,-2.197266,3.234863
11756,0.116699,-0.670898,0.711426,-17.578125,-0.793457,3.295898
11757,0.112793,-0.670410,0.726074,-9.765625,-0.671387,1.525879
11758,0.115723,-0.664062,0.732910,-7.568359,-0.854492,0.976562
11759,0.114258,-0.661621,0.739258,-7.629395,-0.549316,1.037598
11760,0.115234,-0.664551,0.747070,-9.948730,0.244141,1.708984
11761,0.113770,-0.706543,0.730469,-13.244629,1.892090,2.685547
11762,0.100586,-0.723633,0.722168,-10.009766,2.075195,1.464844
11763,0.099609,-0.714844,0.724121,-5.432129,2.075195,-0.183105
11764,0.108398,-0.688965,0.759766,-2.136230,4.699707,0.122070
11765,0.106445,-0.686035,0.772461,-4.577637,5.310059,1.708984
11766,0.101074,-0.681152,0.770996,-7.751465,4.028320,2.624512
11767,0.100586,-0.674805,0.737305,-13.122559,-1.647949,2.685547
11768,0.098145,-0.676758,0.706543,-12.084961,-4.333496,1.464844
11769,0.101074,-0.678711,0.689941,-8.483887,-5.859375,0.244141
11770,0.112793,-0.686523,0.688477,-0.732422,-6.530762,-0.671387
11771,0.126953,-0.693848,0.711426,0.976562,-5.187988,-0.610352
11772,0.132812,-0.682129,0.726562,-0.122070,-2.990723,0.244141
11773,0.137207,-0.689941,0.753906,-7.263184,0.549316,3.967285
11774,0.134766,-0.698730,0.746582,-9.765625,1.647949,5.615234
11775,0.130371,-0.708496,0.748047,-10.498047,2.136230,6.835938
11776,0.128906,-0.716309,0.736816,-9.216309,1.953125,6.713867
11777,0.124023,-0.708984,0.711426,-1.831055,2.075195,4.943848
11778,0.117676,-0.720703,0.700684,2.441406,1.525879,2.746582
11779,0.102051,-0.709473,0.687012,9.704590,2.319336,-2.807617
11780,0.110840,-0.690430,0.704102,9.704590,3.234863,-4.211426
11781,0.113770,-0.669434,0.716309,6.469727,3.356934,-3.967285
11782,0.111328,-0.653809,0.734863,0.854492,2.685547,-2.441406
11783,0.105469,-0.662598,0.745605,-13.732910,1.342773,1.342773
11784,0.105469,-0.672852,0.739746,-17.578125,0.244141,3.173828
11785,0.105957,-0.681641,0.728516,-18.066406,-1.220703,4.699707
11786,0.099609,-0.711426,0.694336,-11.535645,-2.136230,6.286621
11787,0.097656,-0.719727,0.694824,-7.019043,-0.976562,5.676270
11788,0.101074,-0.728027,0.692871,-1.708984,0.000000,5.004883
11789,0.102539,-0.735840,0.668945,21.728516,4.760742,3.051758
11790,0.107422,-0.716309,0.705078,31.311035,8.178711,3.295898
11791,0.112305,-0.698242,0.762207,32.470703,10.009766,4.272461
11792,0.095215,-0.677246,0.792969,16.540527,7.019043,5.065918
11793,0.079102,-0.670898,0.770020,6.408691,4.333496,3.356934
11794,0.073242,-0.669922,0.745605,-2.319336,2.258301,1.098633
11795,0.086426,-0.667480,0.721680,-12.084961,-1.525879,-1.525879
11796,0.095215,-0.662109,0.721680,-13.793945,-3.662109,-0.854492
11797,0.093750,-0.664551,0.728516,-14.709473,-6.347656,0.549316
11798,0.083984,-0.681152,0.734375,-16.540527,-9.094238,0.671387
11799,0.089844,-0.690918,0.732422,-18.066406,-8.911133,0.244141
11800,0.094238,-0.705078,0.716797,-18.249512,-8.605957,-0.305176
11801,0.100098,-0.732422,0.695312,-14.831543,-3.906250,-1.281738
11802,0.104004,-0.730957,0.694336,-10.437012,-1.220703,-1.708984
11803,0.105469,-0.720703,0.696777,-4.638672,0.854492,-1.953125
11804,0.095703,-0.695312,0.717773,3.784180,2.807617,-1.770020
11805,0.092773,-0.689453,0.737305,3.845215,1.953125,-1.770020
11806,0.090332,-0.684570,0.744629,1.098633,-0.244141,-1.586914
11807,0.094727,-0.698730,0.729004,-7.934570,-5.493164,-1.220703
11808,0.100586,-0.710449,0.707031,-10.681152,-7.019043,-0.976562
11809,0.105957,-0.718262,0.687988,-10.803223,-7.263184,-0.427246
11810,0.116211,-0.724121,0.672852,-2.807617,-5.065918,1.525879
11811,0.118164,-0.720215,0.681152,2.807617,-3.662109,2.502441
11812,0.117676,-0.715820,0.709961,5.798340,-2.319336,3.356934
11813,0.108887,-0.701172,0.757812,-0.061035,-1.647949,4.516602
11814,0.107422,-0.701660,0.762207,-5.615234,-1.342773,4.760742
11815,0.109863,-0.709473,0.749512,-9.155273,-1.708984,4.699707
11816,0.109863,-0.718262,0.724121,-8.911133,-2.319336,4.028320
11817,0.112793,-0.724121,0.696289,-3.295898,-1.831055,2.563477
11818,0.109375,-0.725098,0.696289,-1.586914,-1.525879,1.586914
11819,0.105469,-0.721191,0.701660,-0.976562,-1.953125,0.061035
11820,0.111328,-0.710449,0.701172,-1.403809,-2.624512,-0.915527
11821,0.118652,-0.711914,0.681641,1.403809,-3.662109,-1.281738
11822,0.116211,-0.722656,0.674316,3.906250,-3.234863,-1.586914
11823,0.117676,-0.721191,0.665527,6.469727,-1.770020,-1.892090
11824,0.121582,-0.702148,0.687500,5.615234,3.295898,-1.525879
11825,0.124512,-0.697754,0.690430,1.586914,6.591797,-0.427246
11826,0.127930,-0.702637,0.707520,-3.051758,11.291504,1.159668
11827,0.128418,-0.730469,0.717773,-9.094238,18.676758,5.798340
11828,0.116211,-0.750488,0.722168,-9.216309,21.362305,7.141113
11829,0.097168,-0.767090,0.734863,-6.225586,21.423340,6.652832
11830,0.037109,-0.821777,0.844727,6.103516,8.483887,-2.868652
11831,0.029297,-0.826172,0.891113,8.117676,-2.563477,-10.498047
11832,0.067871,-0.779297,0.874512,7.507324,-10.925293,-15.502930
11833,0.154297,-0.705566,0.765137,6.164551,-3.784180,-9.582520
11834,0.162598,-0.691406,0.770020,4.516602,5.676270,-5.004883
11835,0.167480,-0.676758,0.737305,1.708984,14.038086,-0.488281
11836,0.120117,-0.685059,0.660156,2.258301,27.343750,7.629395
11837,0.087891,-0.701172,0.658203,4.394531,29.357910,8.605957
11838,0.065918,-0.694824,0.650391,4.272461,28.442383,7.873535
11839,0.039062,-0.643066,0.646973,-7.629395,26.000977,8.483887
11840,0.038574,-0.621582,0.668457,-15.075684,22.460938,11.047363
11841,0.037109,-0.615234,0.705078,-21.667480,15.258789,14.282227
11842,0.025879,-0.646484,0.763672,-27.282715,3.356934,15.930176
11843,0.007324,-0.707520,0.755371,-37.475586,-21.911621,6.530762
11844,0.039062,-0.688965,0.700684,-37.658691,-28.198242,1.098633
11845,0.087402,-0.652344,0.566406,-22.216797,-26.550293,0.244141
11846,0.094727,-0.651855,0.514160,-7.690430,-20.996094,3.295898
11847,0.098633,-0.648926,0.492676,6.591797,-15.808105,6.408691
11848,0.093262,-0.641113,0.484375,16.052246,-11.779785,8.422852
11849,0.061523,-0.623047,0.503906,23.681641,-6.591797,7.751465
11850,0.050293,-0.628418,0.528809,24.841309,-5.187988,5.676270
11851,0.052246,-0.647949,0.533203,29.479980,-4.699707,2.563477
11852,0.063965,-0.663574,0.600586,47.180176,-6.958008,-2.197266
11853,0.081055,-0.659180,0.641113,56.396484,-10.375977,-2.319336
11854,0.089844,-0.657715,0.671387,63.720703,-13.549805,-1.342773
11855,0.075195,-0.700684,0.765625,75.195312,-20.629883,-1.098633
11856,0.052246,-0.742188,0.843262,77.514648,-27.587891,-4.638672
11857,0.045410,-0.763672,0.912598,75.439453,-35.217285,-9.765625
11858,0.104004,-0.728516,1.025879,50.781250,-40.893555,-12.390137
11859,0.138672,-0.697754,1.049805,28.564453,-36.804199,-7.629395
11860,0.160156,-0.698730,1.049805,6.286621,-31.494141,-2.258301
11861,0.179199,-0.719238,0.936523,-18.798828,-21.667480,0.732422
11862,0.177734,-0.711426,0.854980,-19.958496,-13.610840,-0.183105
11863,0.173340,-0.704102,0.792969,-16.113281,-3.051758,-0.854492
11864,0.155273,-0.699219,0.721680,-2.014160,18.859863,-0.366211
11865,0.137207,-0.681641,0.730957,3.234863,26.367188,1.770020
11866,0.113770,-0.659180,0.743652,4.699707,29.479980,3.601074
11867,0.089355,-0.634766,0.747559,3.601074,28.869629,4.394531
11868,0.065918,-0.581055,0.735840,-2.136230,21.850586,4.699707
11869,0.064941,-0.562988,0.731934,-6.164551,17.089844,5.493164
11870,0.063965,-0.556641,0.730469,-12.451172,3.967285,9.033203
11871,0.057617,-0.596680,0.732910,-12.268066,-4.699707,9.643555
11872,0.051758,-0.621094,0.729492,-11.474609,-12.268066,8.605957
11873,0.060547,-0.638184,0.720215,-10.925293,-17.089844,7.019043
11874,0.092285,-0.653809,0.722656,-11.413574,-18.371582,5.249023
11875,0.101074,-0.662598,0.742188,-11.657715,-16.967773,4.455566
11876,0.103027,-0.689941,0.760742,-13.977051,-13.305664,2.258301
11877,0.098633,-0.691895,0.746582,-12.512207,-10.620117,1.342773
11878,0.096680,-0.688965,0.739746,-8.361816,-7.873535,1.342773
11879,0.098633,-0.747070,0.772949,0.549316,-3.662109,-1.037598
11880,0.107910,-0.739258,0.794922,1.403809,0.183105,-2.502441
11881,0.125977,-0.714844,0.824707,-1.281738,5.065918,-1.098633
11882,0.128418,-0.695801,0.829590,-8.605957,13.427734,4.821777
11883,0.096191,-0.701172,0.799316,-8.972168,15.319824,5.065918
11884,0.084473,-0.697266,0.789551,-8.178711,14.648438,3.601074
11885,0.077148,-0.687988,0.769531,-10.498047,8.361816,1.037598
11886,0.073242,-0.680664,0.742188,-11.047363,4.577637,0.183105
11887,0.073242,-0.664062,0.721191,-9.277344,0.183105,-0.366211
11888,0.087402,-0.643066,0.732422,-4.089355,-9.277344,-0.366211
11889,0.096680,-0.641602,0.748047,-5.004883,-11.108398,0.183105
11890,0.107422,-0.640137,0.762695,-9.887695,-10.925293,1.586914
11891,0.110840,-0.656250,0.708008,-17.578125,-10.253906,4.394531
11892,0.108887,-0.674316,0.670898,-15.075684,-9.094238,3.601074
11893,0.105469,-0.689453,0.643555,-9.460449,-7.507324,1.464844
11894,0.107910,-0.672363,0.650391,5.065918,-3.234863,-2.624512
11895,0.111328,-0.661621,0.689941,7.995605,-1.159668,-3.051758
11896,0.102051,-0.656250,0.731445,6.530762,0.122070,-2.502441
11897,0.091309,-0.665527,0.765625,-3.906250,-0.549316,-1.220703
11898,0.091797,-0.670410,0.744141,-8.056641,-0.854492,-0.976562
11899,0.094727,-0.680176,0.710938,-8.972168,-0.183105,-0.915527
11900,0.092285,-0.699219,0.668457,1.464844,1.892090,-1.159668
11901,0.095215,-0.689453,0.681152,8.300781,2.014160,-0.854492
11902,0.096191,-0.676270,0.709961,13.000488,1.953125,0.061035
11903,0.096191,-0.668457,0.750000,15.502930,1.220703,1.037598
11904,0.085938,-0.664062,0.788086,13.427734,-3.906250,1.403809
11905,0.072266,-0.674805,0.802734,10.314941,-6.408691,0.366211
11906,0.070801,-0.676758,0.790039,8.422852,-10.009766,-0.976562
11907,0.072266,-0.673340,0.755371,8.483887,-13.793945,-1.953125
11908,0.071289,-0.684570,0.713379,12.329102,-20.996094,-4.394531
11909,0.076660,-0.674805,0.698730,15.686035,-24.169922,-6.408691
11910,0.089355,-0.657715,0.706055,17.456055,-25.695801,-7.934570
11911,0.112305,-0.645020,0.753906,13.488770,-24.230957,-7.873535
11912,0.130371,-0.640137,0.766113,7.995605,-21.179199,-5.798340
11913,0.156738,-0.636230,0.781738,0.671387,-17.028809,-2.258301
11914,0.175293,-0.657227,0.777344,-7.263184,-11.657715,2.136230
11915,0.168457,-0.700684,0.734863,-8.850098,1.159668,5.920410
11916,0.161133,-0.717285,0.747070,-4.882812,6.469727,5.187988
11917,0.153809,-0.740723,0.765137,-0.854492,9.033203,2.990723
11918,0.140137,-0.737305,0.765137,6.530762,9.887695,-1.892090
11919,0.139648,-0.720215,0.786621,7.934570,8.605957,-2.319336
11920,0.135254,-0.703125,0.806641,6.408691,5.187988,-1.647949
11921,0.131836,-0.684570,0.770508,3.173828,-2.014160,0.976562
11922,0.135742,-0.660645,0.759766,4.760742,-3.967285,2.136230
11923,0.142578,-0.640137,0.772949,5.187988,-4.516602,3.723145
11924,0.143555,-0.630371,0.785645,-2.563477,-2.624512,7.263184
11925,0.138672,-0.624023,0.768555,-7.934570,-0.732422,8.422852
11926,0.134766,-0.631348,0.750977,-11.413574,1.098633,8.972168
11927,0.123047,-0.661621,0.688477,-6.225586,2.929688,7.751465
11928,0.120117,-0.649902,0.690430,0.549316,2.807617,7.324219
11929,0.114746,-0.635742,0.713867,5.310059,0.732422,7.507324
11930,0.099121,-0.632324,0.740234,4.211426,-6.347656,6.652832
11931,0.105957,-0.626465,0.738770,1.037598,-7.629395,5.798340
11932,0.122559,-0.614258,0.738770,-2.075195,-7.446289,6.347656
11933,0.140625,-0.620605,0.759277,-7.141113,-6.774902,10.864258
11934,0.135254,-0.659180,0.757324,-7.873535,-7.751465,12.451172
11935,0.124512,-0.694824,0.739258,-5.920410,-7.202148,12.145996
11936,0.127441,-0.704590,0.735840,-2.685547,-5.615234,10.864258
11937,0.135742,-0.679688,0.770020,2.319336,-5.493164,9.521484
11938,0.133789,-0.681641,0.789062,2.258301,-6.042480,8.728027
11939,0.138672,-0.701172,0.777344,0.671387,-5.676270,7.080078
11940,0.138184,-0.698730,0.737305,1.342773,-3.601074,5.432129
11941,0.140137,-0.677246,0.731934,5.798340,1.281738,5.859375
11942,0.131836,-0.664062,0.755859,5.676270,1.342773,6.713867
11943,0.115234,-0.677246,0.804199,-1.098633,-4.638672,7.324219
11944,0.111816,-0.681152,0.803711,-4.943848,-8.483887,6.591797
11945,0.118652,-0.678223,0.797852,-6.774902,-12.451172,6.347656
11946,0.135254,-0.677734,0.760254,-7.446289,-17.578125,5.676270
11947,0.145020,-0.690918,0.733398,-5.249023,-17.822266,4.455566
11948,0.150879,-0.683594,0.702148,0.122070,-15.930176,3.234863
11949,0.162598,-0.650879,0.737305,4.821777,-11.230469,3.845215
11950,0.156250,-0.656738,0.750000,2.319336,-10.375977,4.028320
11951,0.156738,-0.658691,0.751465,-0.488281,-9.155273,3.417969
11952,0.162109,-0.658691,0.775879,-5.737305,-6.164551,4.516602
11953,0.168457,-0.662109,0.797852,-8.483887,-5.920410,6.408691
11954,0.165527,-0.683594,0.808105,-11.718750,-5.981445,8.056641
11955,0.161133,-0.708008,0.788574,-14.587402,-4.394531,8.300781
11956,0.183105,-0.674805,0.724121,-13.122559,3.662109,9.094238
11957,0.184082,-0.645996,0.697266,-9.155273,8.666992,11.596680
11958,0.162109,-0.625488,0.705078,-5.554199,16.906738,16.174316
11959,0.147461,-0.634766,0.709961,-6.469727,17.395020,16.357422
11960,0.131348,-0.637207,0.705566,-6.164551,15.258789,15.502930
11961,0.122070,-0.631836,0.708984,-5.493164,10.986328,14.709473
11962,0.116211,-0.629883,0.707031,-4.272461,-1.647949,12.451172
11963,0.117188,-0.627441,0.690430,-3.845215,-7.263184,10.498047
11964,0.122559,-0.624512,0.671387,-3.234863,-10.681152,8.483887
11965,0.130859,-0.641113,0.658203,-0.061035,-12.329102,5.249023
11966,0.135254,-0.639160,0.659180,3.479004,-12.512207,4.455566
11967,0.139648,-0.630859,0.675293,6.286621,-12.817383,4.699707
11968,0.131836,-0.654297,0.746582,9.826660,-17.089844,6.042480
11969,0.132324,-0.659180,0.775391,9.033203,-20.141602,6.042480
11970,0.138184,-0.677734,0.793457,3.723145,-22.827148,5.493164
11971,0.136719,-0.691406,0.787598,1.831055,-21.972656,4.882812
11972,0.133301,-0.699707,0.783203,1.586914,-20.324707,4.150391
11973,0.138672,-0.721680,0.796387,2.685547,-13.671875,2.014160
11974,0.141113,-0.731445,0.830566,1.953125,-9.765625,1.403809
11975,0.144043,-0.742676,0.854492,-0.793457,-7.568359,1.342773
11976,0.131348,-0.747559,0.818359,-4.150391,-6.774902,0.976562
11977,0.130859,-0.742676,0.762207,-2.441406,-5.798340,0.549316
11978,0.130859,-0.726074,0.729980,1.220703,-4.699707,0.061035
11979,0.129883,-0.673340,0.728516,5.249023,-7.019043,2.624512
11980,0.124512,-0.654297,0.734863,2.807617,-9.826660,4.821777
11981,0.126465,-0.644043,0.735840,-2.197266,-12.390137,6.652832
11982,0.147461,-0.631348,0.703125,-13.793945,-14.221191,9.643555
11983,0.158691,-0.634766,0.670898,-16.174316,-12.756348,10.864258
11984,0.164062,-0.639648,0.646484,-14.831543,-9.765625,11.657715
11985,0.158691,-0.658203,0.652832,-5.920410,-4.394531,11.108398
11986,0.149414,-0.660156,0.669922,-0.732422,-3.662109,9.521484
11987,0.141602,-0.656250,0.687988,2.258301,-3.784180,7.812500
11988,0.145508,-0.650879,0.691406,3.234863,-3.601074,6.408691
11989,0.147949,-0.640137,0.698730,4.455566,-3.173828,3.845215
11990,0.146484,-0.638184,0.711914,3.967285,-2.929688,2.929688
11991,0.145996,-0.657227,0.730957,-0.305176,-3.356934,1.281738
11992,0.144531,-0.671875,0.730469,-1.037598,-4.577637,0.610352
11993,0.143555,-0.681152,0.726562,0.183105,-6.469727,0.549316
11994,0.142578,-0.686523,0.718750,2.441406,-8.239746,1.037598
11995,0.145020,-0.682129,0.717773,5.493164,-8.666992,2.624512
11996,0.147461,-0.684082,0.732910,4.394531,-7.690430,3.540039
11997,0.149414,-0.685547,0.740234,1.403809,-6.286621,4.089355
11998,0.144043,-0.688965,0.748047,-5.187988,-3.417969,4.577637
11999,0.143555,-0.702148,0.743164,-5.676270,-2.380371,4.577637
12000,0.138672,-0.726074,0.727539,-2.075195,-1.708984,3.479004
12001,0.137207,-0.722656,0.721680,3.601074,-0.610352,2.197266
12002,0.143066,-0.686035,0.760254,10.253906,-1.159668,3.234863
12003,0.140625,-0.675293,0.778320,8.728027,-3.845215,3.845215
12004,0.140625,-0.665039,0.780273,4.333496,-6.652832,4.394531
12005,0.154297,-0.665039,0.749023,-7.019043,-9.948730,5.676270
12006,0.158203,-0.674805,0.718262,-9.887695,-9.338379,5.737305
12007,0.160645,-0.685059,0.702148,-9.399414,-7.080078,5.432129
12008,0.161621,-0.692383,0.693359,-4.089355,-0.854492,4.699707
12009,0.159668,-0.691895,0.686035,-0.122070,1.525879,4.089355
12010,0.151367,-0.684570,0.694824,4.272461,2.929688,3.295898
12011,0.139648,-0.675781,0.745117,5.676270,0.366211,2.624512
12012,0.135254,-0.675293,0.762695,2.319336,-3.356934,2.746582
12013,0.131348,-0.678223,0.774902,-1.464844,-8.178711,2.685547
12014,0.142578,-0.691406,0.763672,-6.896973,-14.892578,1.770020
12015,0.153809,-0.696289,0.740234,-7.629395,-14.343262,0.915527
12016,0.163086,-0.710938,0.712402,-0.793457,-5.371094,-1.037598
12017,0.168457,-0.712402,0.685059,4.760742,0.305176,-1.647949
12018,0.162598,-0.692871,0.705078,7.812500,3.784180,-1.281738
12019,0.152832,-0.675781,0.730957,7.263184,4.699707,-0.488281
12020,0.139648,-0.665527,0.762695,-1.037598,-0.549316,1.281738
12021,0.142578,-0.668945,0.755371,-5.371094,-4.638672,1.831055
12022,0.148926,-0.674316,0.735840,-7.080078,-7.812500,2.563477
12023,0.156738,-0.682617,0.712402,-4.577637,-8.483887,3.234863
12024,0.157227,-0.690430,0.706055,-2.746582,-6.469727,2.624512
12025,0.154785,-0.694336,0.699219,-0.915527,-3.723145,1.525879
12026,0.154785,-0.677734,0.705566,2.990723,0.671387,0.183105
12027,0.149902,-0.667480,0.719727,3.417969,0.366211,0.488281
12028,0.149902,-0.665527,0.726074,1.647949,-0.732422,1.037598
12029,0.151855,-0.666504,0.722656,-1.342773,-1.525879,1.403809
12030,0.153809,-0.676270,0.700684,-3.723145,-0.915527,2.014160
12031,0.153320,-0.672363,0.695801,-2.319336,-0.244141,2.197266
12032,0.142578,-0.655273,0.724121,0.488281,-0.671387,2.868652
12033,0.133301,-0.662109,0.754883,-0.061035,-4.028320,2.624512
12034,0.130859,-0.674316,0.764648,-2.319336,-8.605957,1.464844
12035,0.137207,-0.701172,0.742676,-3.356934,-12.512207,-0.366211
12036,0.154785,-0.727051,0.712891,2.685547,-13.610840,-4.211426
12037,0.166016,-0.723145,0.717285,5.249023,-11.230469,-5.187988
12038,0.167480,-0.714355,0.728516,6.591797,-8.117676,-5.310059
12039,0.165527,-0.690918,0.753906,3.356934,-3.295898,-2.807617
12040,0.163574,-0.689453,0.759277,-0.549316,-2.380371,-0.549316
12041,0.161621,-0.694824,0.754395,-4.272461,-2.258301,1.831055
12042,0.168945,-0.710938,0.726562,-7.202148,-2.319336,4.882812
12043,0.171875,-0.715332,0.709473,-5.126953,-1.281738,5.187988
12044,0.173340,-0.709961,0.706055,-2.441406,0.732422,5.004883
12045,0.170898,-0.686035,0.719727,-0.671387,5.310059,3.784180
12046,0.160156,-0.671387,0.724609,-1.586914,6.103516,3.051758
12047,0.146484,-0.666016,0.732422,-7.141113,4.516602,1.464844
12048,0.143555,-0.673828,0.730469,-10.559082,2.624512,0.671387
12049,0.141602,-0.687500,0.712402,-11.657715,0.183105,-0.244141
12050,0.142578,-0.693359,0.696289,-6.042480,-3.601074,-0.976562
12051,0.159180,-0.694824,0.680176,-1.831055,-4.699707,-0.427246
12052,0.162598,-0.691895,0.678223,1.647949,-5.310059,0.244141
12053,0.160645,-0.678711,0.682617,4.089355,-6.713867,0.305176
12054,0.158691,-0.668457,0.694336,3.479004,-4.943848,-1.098633
12055,0.161133,-0.667480,0.713379,0.976562,-3.356934,-2.319336
12056,0.164551,-0.674316,0.726562,-1.464844,-1.892090,-2.624512
12057,0.158691,-0.696289,0.745117,-4.211426,0.427246,-1.037598
12058,0.154785,-0.708008,0.756348,-3.723145,0.122070,-0.488281
12059,0.153809,-0.708496,0.758789,-2.136230,-1.220703,-0.549316
12060,0.158691,-0.708008,0.753906,-0.854492,-2.075195,-0.610352
12061,0.169434,-0.719727,0.758789,-0.854492,-2.197266,0.000000
12062,0.167969,-0.730469,0.741211,-1.098633,-2.563477,-0.549316
12063,0.167480,-0.728027,0.697754,0.915527,-1.159668,-3.234863
12064,0.168457,-0.713379,0.680664,1.708984,0.427246,-3.784180
12065,0.166504,-0.697754,0.686523,2.258301,1.953125,-3.234863
12066,0.164551,-0.676270,0.706055,1.159668,1.708984,-2.136230
12067,0.156738,-0.655273,0.738770,-5.920410,-3.173828,0.671387
12068,0.158691,-0.661621,0.731934,-9.826660,-5.798340,1.464844
12069,0.163086,-0.676270,0.715820,-12.145996,-8.178711,1.586914
12070,0.164551,-0.682617,0.696289,-11.230469,-9.948730,1.281738
12071,0.163574,-0.673828,0.671387,-5.554199,-10.437012,0.427246
12072,0.157715,-0.672852,0.674805,-4.455566,-9.826660,-0.427246
12073,0.157227,-0.697754,0.678223,-3.662109,-9.704590,-2.380371
12074,0.149414,-0.714355,0.662598,8.422852,-9.582520,-9.033203
12075,0.157227,-0.702637,0.677734,14.160156,-9.826660,-11.169434
12076,0.168945,-0.684082,0.672363,17.333984,-9.704590,-12.695312
12077,0.189453,-0.637207,0.672852,14.709473,-4.577637,-11.779785
12078,0.195312,-0.625977,0.692383,9.277344,-1.403809,-8.544922
12079,0.188477,-0.635742,0.720703,2.502441,-0.366211,-4.821777
12080,0.165527,-0.689453,0.761230,-8.850098,-4.150391,-0.915527
12081,0.167480,-0.714844,0.756836,-9.948730,-6.103516,-0.854492
12082,0.181641,-0.789551,0.706055,-0.366211,-6.469727,-2.807617
12083,0.184570,-0.819336,0.671875,13.183594,-4.882812,-5.859375
12084,0.199219,-0.796875,0.672852,27.587891,-2.685547,-8.666992
12085,0.213867,-0.689941,0.743164,38.024902,-1.098633,-8.300781
12086,0.203125,-0.652344,0.782227,33.203125,-3.234863,-6.530762
12087,0.189941,-0.638672,0.781250,24.719238,-5.737305,-6.652832
12088,0.181641,-0.622559,0.737793,11.779785,-5.432129,-10.498047
12089,0.186035,-0.613770,0.708984,9.338379,-5.004883,-10.864258
12090,0.195801,-0.614746,0.691406,10.009766,-4.943848,-9.460449
12091,0.194824,-0.623535,0.681641,17.761230,-8.789062,-5.371094
12092,0.193848,-0.660645,0.690430,23.193359,-12.756348,-5.004883
12093,0.187012,-0.691406,0.687500,30.883789,-17.333984,-7.934570
12094,0.198242,-0.671387,0.696289,38.635254,-20.690918,-10.803223
12095,0.193359,-0.565918,0.787598,47.668457,-28.137207,-10.253906
12096,0.206543,-0.637207,0.763672,45.227051,-32.165527,-7.751465
12097,0.247559,-0.643555,0.798828,36.071777,-31.433105,-14.343262
12098,0.294434,-0.607910,0.811523,27.282715,-26.123047,-13.488770
12099,0.325195,-0.585938,0.837402,18.249512,-18.798828,-8.789062
12100,0.332520,-0.603027,0.855469,9.399414,-12.207031,-3.112793
12101,0.309570,-0.662598,0.868164,1.953125,-2.197266,-0.061035
12102,0.292969,-0.671387,0.884277,0.610352,1.342773,-1.342773
12103,0.277832,-0.649902,0.890625,-3.417969,3.723145,-4.211426
12104,0.276367,-0.633789,0.856445,-3.967285,4.150391,-4.455566
12105,0.271484,-0.609375,0.818848,-4.150391,5.371094,-4.333496
12106,0.259277,-0.556641,0.789551,-8.117676,9.704590,-2.685547
12107,0.248047,-0.533203,0.770508,-13.183594,10.437012,-0.244141
12108,0.233398,-0.522461,0.737305,-18.615723,10.498047,2.197266
12109,0.211914,-0.523926,0.678223,-22.521973,8.300781,5.310059
12110,0.208984,-0.541504,0.651367,-20.141602,5.310059,5.371094
12111,0.208984,-0.553711,0.625977,-15.258789,2.929688,4.089355
12112,0.213379,-0.570312,0.604004,-5.126953,4.211426,-0.610352
12113,0.222168,-0.566406,0.619141,-1.525879,6.652832,-2.868652
12114,0.223145,-0.559082,0.644043,0.610352,8.361816,-3.845215
12115,0.221680,-0.557617,0.668945,2.624512,7.629395,-3.845215
12116,0.214844,-0.554688,0.709961,6.042480,1.281738,-3.479004
12117,0.219238,-0.561035,0.737793,5.981445,-1.342773,-3.601074
12118,0.233398,-0.575684,0.763184,4.089355,-2.868652,-3.662109
12119,0.249512,-0.622070,0.786621,4.089355,-3.234863,-4.882812
12120,0.261719,-0.642090,0.812012,5.493164,-2.502441,-4.577637
12121,0.265625,-0.704102,0.843262,7.080078,-1.281738,-5.493164
12122,0.269531,-0.703125,0.843262,8.789062,-0.122070,-5.676270
12123,0.269043,-0.694336,0.843750,9.399414,0.976562,-5.554199
12124,0.274902,-0.676758,0.854980,6.164551,2.685547,-4.211426
12125,0.282227,-0.665527,0.849121,3.967285,3.417969,-2.502441
12126,0.285645,-0.648926,0.845703,0.671387,4.577637,0.122070
12127,0.287598,-0.639160,0.851074,-3.662109,5.554199,3.234863
12128,0.263184,-0.643555,0.839844,-10.375977,2.380371,8.117676
12129,0.254883,-0.650879,0.807129,-10.437012,0.244141,7.995605
12130,0.252441,-0.645508,0.774414,-8.300781,-0.366211,6.652832
12131,0.251465,-0.625000,0.752930,-6.469727,0.305176,5.493164
12132,0.249023,-0.573242,0.737793,-6.286621,1.708984,4.821777
12133,0.242676,-0.562988,0.731445,-8.422852,2.441406,4.028320
12134,0.236816,-0.553223,0.721680,-9.704590,3.356934,2.685547
12135,0.230957,-0.544922,0.702637,-10.803223,4.211426,1.403809
12136,0.224609,-0.541504,0.672852,-10.803223,6.774902,-0.366211
12137,0.216797,-0.546387,0.669434,-9.704590,6.530762,-0.610352
12138,0.199219,-0.553711,0.681152,-5.371094,2.563477,-1.037598
12139,0.203125,-0.563965,0.689453,-3.784180,0.183105,-1.342773
12140,0.206055,-0.562500,0.692383,-1.892090,-1.708984,-1.464844
12141,0.208008,-0.567871,0.698242,0.610352,-2.746582,-1.342773
12142,0.218750,-0.609863,0.711426,10.803223,-2.014160,-3.295898
12143,0.228027,-0.613770,0.738281,14.770508,-0.793457,-3.112793
12144,0.229004,-0.621582,0.801758,12.512207,-0.793457,-0.793457
12145,0.229492,-0.632812,0.821777,7.141113,-0.854492,-0.122070
12146,0.237793,-0.645020,0.839844,1.464844,-0.183105,0.061035
12147,0.251953,-0.666504,0.854004,-3.662109,1.281738,-0.061035
12148,0.270508,-0.699707,0.867188,-6.896973,3.234863,0.244141
12149,0.273926,-0.708496,0.863770,-4.882812,3.234863,0.671387
12150,0.268555,-0.704102,0.854492,-1.708984,3.417969,0.305176
12151,0.262695,-0.680176,0.867676,-2.075195,3.662109,1.098633
12152,0.256348,-0.662109,0.856445,-6.164551,1.464844,2.441406
12153,0.249512,-0.651367,0.818359,-10.620117,-1.281738,4.028320
12154,0.235840,-0.628906,0.735840,-13.305664,-2.685547,5.004883
12155,0.239746,-0.607422,0.719238,-12.878418,-1.403809,5.493164
12156,0.240723,-0.587402,0.712402,-13.122559,0.061035,6.530762
12157,0.221191,-0.585449,0.697266,-12.634277,1.892090,7.080078
12158,0.214355,-0.577637,0.681641,-10.498047,2.014160,6.835938
12159,0.211426,-0.576172,0.684082,-7.141113,1.464844,7.202148
12160,0.209473,-0.572266,0.676758,-1.708984,-1.647949,6.530762
12161,0.207031,-0.569824,0.673340,-0.183105,-1.708984,5.004883
12162,0.208008,-0.564453,0.677246,0.732422,-1.342773,3.417969
12163,0.210449,-0.561523,0.687500,0.854492,-1.220703,2.014160
12164,0.219727,-0.582520,0.735840,-0.427246,-2.380371,0.000000
12165,0.225586,-0.603027,0.750000,-1.831055,-2.990723,-0.976562
12166,0.232422,-0.628906,0.751953,-2.075195,-2.380371,-1.586914
12167,0.236328,-0.677734,0.758789,2.990723,2.929688,-2.685547
12168,0.230957,-0.691406,0.782227,4.333496,6.042480,-3.295898
12169,0.224121,-0.692383,0.801758,3.967285,7.629395,-3.295898
12170,0.222168,-0.668457,0.823730,-3.417969,7.446289,-0.732422
12171,0.219238,-0.658691,0.808105,-9.155273,7.080078,1.464844
12172,0.215332,-0.651367,0.786621,-13.061523,7.629395,3.662109
12173,0.213379,-0.651855,0.778809,-16.845703,9.704590,7.019043
12174,0.214355,-0.651367,0.782227,-17.395020,9.399414,8.972168
12175,0.223145,-0.654785,0.776367,-17.333984,8.361816,11.169434
12176,0.216797,-0.666504,0.728516,-12.145996,8.361816,12.451172
12177,0.209473,-0.652832,0.721680,-6.530762,9.033203,12.084961
12178,0.208008,-0.641113,0.725586,-2.014160,8.605957,11.230469
12179,0.207031,-0.611328,0.733398,-1.098633,7.202148,9.948730
12180,0.213379,-0.610352,0.736328,-4.882812,6.713867,9.826660
12181,0.211914,-0.614746,0.732422,-8.789062,5.859375,9.399414
12182,0.206543,-0.620605,0.726562,-11.535645,4.943848,8.911133
12183,0.199219,-0.639160,0.711426,-11.840820,3.540039,7.690430
12184,0.194824,-0.646973,0.709961,-11.230469,3.662109,6.469727
12185,0.189453,-0.656738,0.721680,-11.657715,3.540039,5.126953
12186,0.174805,-0.665527,0.731934,-11.230469,0.610352,1.464844
12187,0.183594,-0.660645,0.722656,-11.474609,-0.305176,0.549316
12188,0.192871,-0.653320,0.714844,-11.474609,0.000000,0.976562
12189,0.193848,-0.664062,0.715332,-8.178711,1.525879,3.906250
12190,0.187988,-0.682129,0.717285,-2.685547,2.990723,5.432129
12191,0.181152,-0.699219,0.721680,4.211426,3.967285,6.530762
12192,0.177734,-0.702637,0.722656,11.230469,3.662109,6.896973
12193,0.175781,-0.696289,0.758301,17.700195,4.333496,6.469727
12194,0.175781,-0.687012,0.782227,14.221191,4.821777,5.126953
12195,0.176758,-0.669922,0.782227,3.051758,4.943848,3.479004
12196,0.177734,-0.656250,0.768555,-0.610352,4.089355,3.540039
12197,0.164062,-0.653809,0.761230,-4.089355,0.000000,4.638672
12198,0.158203,-0.656250,0.759277,-4.455566,-3.601074,4.455566
12199,0.159180,-0.661621,0.755371,-4.333496,-7.141113,3.906250
12200,0.174316,-0.687988,0.733887,-4.089355,-10.131836,1.892090
12201,0.182617,-0.681152,0.709473,-3.234863,-7.934570,0.793457
12202,0.190918,-0.665527,0.695801,-1.892090,-3.295898,0.366211
12203,0.190430,-0.645508,0.709473,-0.244141,5.187988,0.793457
12204,0.185059,-0.636230,0.721191,-1.525879,7.385254,1.281738
12205,0.181152,-0.627930,0.737793,-3.295898,7.995605,2.563477
12206,0.180664,-0.625488,0.750000,-5.676270,6.469727,4.638672
12207,0.166504,-0.660645,0.743164,-5.493164,-0.854492,7.629395
12208,0.156738,-0.687988,0.737793,-2.990723,-4.760742,7.019043
12209,0.157227,-0.703125,0.732422,1.831055,-7.873535,5.065918
12210,0.174805,-0.711914,0.740234,10.681152,-13.610840,0.671387
12211,0.181641,-0.714355,0.730957,13.183594,-14.709473,-2.014160
12212,0.194824,-0.704590,0.715332,16.113281,-13.305664,-4.577637
12213,0.232910,-0.645508,0.734863,26.000977,-10.375977,-2.868652
12214,0.237305,-0.636230,0.752930,25.207520,-8.544922,0.000000
12215,0.217773,-0.656250,0.790039,10.253906,-3.906250,-0.061035
12216,0.199707,-0.647949,0.772461,-0.976562,-1.953125,-0.427246
12217,0.225586,-0.637695,0.731934,-1.708984,-2.502441,6.958008
12218,0.237793,-0.667480,0.711426,1.586914,-0.061035,9.826660
12219,0.213379,-0.708984,0.661621,-0.488281,9.033203,8.666992
12220,0.193848,-0.682129,0.733398,12.573242,13.977051,10.192871
12221,0.189453,-0.687988,0.695801,25.207520,13.366699,11.779785
12222,0.165527,-0.716309,0.710449,34.240723,13.427734,12.268066
12223,0.174805,-0.759277,0.782715,34.973145,13.916016,3.173828
12224,0.165527,-0.714355,1.021484,28.564453,5.920410,3.479004
12225,0.218262,-0.787109,0.861328,18.737793,-4.394531,5.859375
12226,0.162109,-0.704590,0.611328,16.296387,8.422852,8.789062
12227,0.343262,-0.457031,0.609375,9.094238,39.306641,14.526367
12228,0.346680,-0.295898,0.804199,-14.770508,65.063477,39.184570
12229,0.248047,-0.358887,0.987793,-57.250977,74.157715,68.786621
12230,0.130371,-0.569336,1.027832,-128.540039,58.532715,75.866699
12231,-0.001465,-0.763184,0.614258,-119.567871,58.715820,52.062988
12232,0.004883,-0.758789,0.486816,-85.876465,65.185547,29.479980
12233,-0.012207,-0.730469,0.506348,6.713867,83.007812,-2.014160
12234,-0.055664,-0.723633,0.786133,50.048828,72.021484,-13.427734
12235,-0.053711,-0.706055,0.823242,50.231934,56.762695,-13.793945
12236,-0.036621,-0.676758,0.822754,46.813965,40.832520,-9.704590
12237,0.021973,-0.571777,0.803711,39.306641,16.845703,10.803223
12238,-0.022949,-0.597168,0.837402,32.409668,8.483887,20.568848
12239,-0.070801,-0.638672,0.867676,22.399902,0.976562,21.484375
12240,-0.102051,-0.662598,0.914062,-3.417969,-17.089844,2.075195
12241,-0.102051,-0.679688,0.902832,-16.662598,-24.841309,-12.268066
12242,-0.080566,-0.679688,0.877441,-25.451660,-30.090332,-25.207520
12243,-0.040527,-0.692383,0.846191,-31.494141,-32.836914,-36.010742
12244,0.045898,-0.674805,0.728516,-33.874512,-24.658203,-46.081543
12245,0.066895,-0.680176,0.687988,-26.184082,-16.540527,-46.325684
12246,0.071289,-0.685059,0.682617,-15.563965,-8.605957,-45.166016
12247,0.126465,-0.621094,0.642578,6.591797,5.859375,-39.550781
12248,0.173340,-0.539062,0.664062,13.305664,15.502930,-27.770996
12249,0.143555,-0.558105,0.689453,14.953613,25.817871,-13.549805
12250,0.083496,-0.619629,0.777344,4.272461,37.902832,-0.488281
12251,0.070312,-0.631836,0.813965,-4.638672,34.973145,-0.183105
12252,0.061523,-0.665527,0.830078,-15.502930,28.503418,-3.356934
12253,0.097656,-0.702637,0.753418,-38.208008,17.028809,-15.991211
12254,0.138184,-0.673340,0.683105,-40.527344,15.197754,-17.211914
12255,0.151367,-0.661133,0.614746,-31.127930,14.343262,-13.977051
12256,0.144531,-0.666016,0.581543,3.479004,13.061523,-7.934570
12257,0.137207,-0.651367,0.600586,14.831543,14.221191,-5.126953
12258,0.126465,-0.674316,0.652344,16.784668,15.930176,-3.723145
12259,0.113770,-0.698242,0.707031,3.601074,14.099121,-3.417969
12260,0.105469,-0.702637,0.704102,0.305176,10.986328,-0.305176
12261,0.093750,-0.706543,0.702637,2.014160,6.164551,4.943848
12262,0.068359,-0.699219,0.718262,11.230469,-3.601074,16.967773
12263,0.056152,-0.691895,0.743652,14.404297,-7.568359,21.850586
12264,0.045410,-0.698242,0.807617,13.610840,-12.634277,25.024414
12265,0.055664,-0.664551,0.801758,1.281738,-20.019531,26.489258
12266,0.048340,-0.652344,0.729004,2.624512,-17.639160,27.832031
12267,0.036133,-0.652832,0.663574,14.038086,-10.864258,27.648926
12268,0.016113,-0.640137,0.640625,30.334473,-0.732422,25.024414
12269,-0.032715,-0.617676,0.684570,51.391602,21.606445,13.305664
12270,-0.047363,-0.600586,0.741699,48.522949,29.724121,5.798340
12271,-0.076660,-0.598145,0.816406,29.235840,25.512695,-6.347656
12272,-0.101074,-0.619141,0.801270,19.409180,16.906738,-12.512207
12273,-0.113281,-0.670898,0.759277,8.666992,-1.708984,-25.390625
12274,-0.100586,-0.687500,0.755859,4.028320,-8.544922,-31.188965
12275,-0.081543,-0.685059,0.774902,-2.563477,-14.770508,-34.484863
12276,-0.030762,-0.679688,0.805664,-18.310547,-26.306152,-28.747559
12277,-0.021973,-0.701172,0.807617,-19.897461,-33.264160,-22.094727
12278,-0.012207,-0.728516,0.800781,-17.395020,-38.696289,-17.333984
12279,0.003906,-0.735352,0.817871,-13.793945,-42.724609,-14.953613
12280,0.056641,-0.709473,0.859863,-9.948730,-45.043945,-10.742188
12281,0.068848,-0.706055,0.884277,-9.765625,-44.433594,-9.826660
12282,0.099609,-0.701660,0.850098,-3.723145,-40.588379,-10.742188
12283,0.138672,-0.673828,0.789551,2.746582,-31.616211,-11.535645
12284,0.199219,-0.592773,0.757812,3.540039,-12.084961,-7.995605
12285,0.204102,-0.565918,0.799316,-1.953125,11.474609,0.183105
12286,0.112793,-0.646484,0.848145,-24.963379,42.297363,6.225586
12287,0.087402,-0.647949,0.800293,-29.296875,48.278809,5.187988
12288,0.052734,-0.634277,0.768066,-19.226074,44.555664,5.920410
12289,0.045898,-0.634766,0.772461,-12.512207,36.315918,6.408691
12290,0.043945,-0.630371,0.748535,-5.798340,25.451660,6.164551
12291,0.042969,-0.626953,0.713379,1.403809,15.991211,5.432129
12292,0.056152,-0.614746,0.673340,16.235352,3.723145,1.525879
12293,0.077637,-0.603027,0.660645,20.812988,1.647949,-0.915527
12294,0.088867,-0.589844,0.688965,18.554688,4.089355,-1.892090
12295,0.097168,-0.637207,0.748535,-0.976562,4.394531,-2.441406
12296,0.103516,-0.650879,0.709961,-8.850098,3.417969,-4.089355
12297,0.111328,-0.661621,0.680176,-8.728027,2.014160,-4.577637
12298,0.098633,-0.692383,0.657227,2.380371,1.647949,-4.760742
12299,0.090332,-0.694336,0.703613,6.469727,0.244141,-3.112793
12300,0.074219,-0.693848,0.748535,7.080078,-4.150391,-0.061035
12301,0.045898,-0.683594,0.766113,4.028320,-14.709473,7.934570
12302,0.027344,-0.686035,0.758301,3.845215,-17.700195,10.192871
12303,0.014648,-0.681152,0.763184,3.784180,-17.700195,11.047363
12304,0.002930,-0.679199,0.775391,2.624512,-15.930176,10.742188
12305,-0.020508,-0.680176,0.787598,3.234863,-9.033203,10.192871
12306,-0.036133,-0.689941,0.818848,4.821777,-7.995605,8.911133
12307,-0.040527,-0.686035,0.853027,3.173828,-10.314941,4.089355
12308,-0.029785,-0.663086,0.845215,1.892090,-11.474609,3.723145
12309,-0.018555,-0.651367,0.823730,1.098633,-10.681152,4.394531
12310,0.000000,-0.632324,0.812988,-0.854492,-6.347656,5.554199
12311,0.008789,-0.625488,0.801758,-7.202148,7.812500,7.690430
12312,-0.004883,-0.634766,0.790527,-9.338379,13.366699,6.286621
12313,-0.016113,-0.631836,0.769043,-8.422852,18.371582,-0.671387
12314,-0.017090,-0.637695,0.765625,-6.530762,17.272949,-4.760742
12315,-0.017578,-0.649414,0.758789,-4.882812,14.709473,-9.338379
12316,0.020020,-0.636230,0.755859,-6.225586,9.887695,-13.793945
12317,0.046387,-0.632324,0.760742,-8.178711,6.164551,-11.230469
12318,0.059570,-0.638184,0.738281,-8.972168,2.929688,-7.446289
12319,0.057617,-0.645508,0.723145,-7.141113,0.671387,-3.967285
12320,0.048828,-0.665039,0.710938,-2.746582,-0.732422,-3.967285
12321,0.045898,-0.662598,0.729004,-3.234863,0.122070,-5.676270
12322,0.041992,-0.666016,0.748535,-4.211426,-0.793457,-7.141113
12323,0.045898,-0.684082,0.771973,-3.601074,-6.225586,-9.460449
12324,0.062988,-0.683594,0.772949,-0.976562,-10.253906,-9.216309
12325,0.077148,-0.679688,0.761230,3.112793,-12.634277,-7.507324
12326,0.092773,-0.676758,0.753906,9.399414,-10.070801,-2.563477
12327,0.093750,-0.673340,0.758789,9.948730,-6.408691,-0.854492
12328,0.086426,-0.676270,0.753906,8.422852,-1.892090,0.000000
12329,0.072266,-0.665527,0.746582,2.441406,7.629395,-0.305176
12330,0.068848,-0.650391,0.741699,-0.732422,10.131836,0.732422
12331,0.060547,-0.651855,0.742188,-4.089355,10.925293,2.258301
12332,0.045410,-0.650879,0.724609,-7.446289,7.446289,4.272461
12333,0.037598,-0.664062,0.715820,-3.112793,3.723145,4.516602
12334,0.028809,-0.677246,0.721191,2.807617,-0.488281,2.868652
12335,0.026855,-0.678711,0.732422,7.751465,-4.516602,0.549316
12336,0.028320,-0.668945,0.755371,10.192871,-8.300781,-0.244141
12337,0.033203,-0.661621,0.767578,7.690430,-8.911133,1.464844
12338,0.031738,-0.653809,0.783203,3.295898,-11.840820,7.080078
12339,0.033203,-0.642090,0.764160,2.197266,-12.145996,9.277344
12340,0.029785,-0.636719,0.770020,0.000000,-8.422852,10.742188
12341,0.019531,-0.648438,0.792480,-5.004883,-2.075195,6.530762
12342,-0.006836,-0.671875,0.804688,-4.211426,-1.037598,1.770020
12343,-0.005859,-0.679688,0.812988,-3.417969,-0.854492,-3.540039
12344,0.008301,-0.678711,0.818359,-3.662109,-1.281738,-7.873535
12345,0.044922,-0.700195,0.812988,-5.798340,-4.272461,-11.718750
12346,0.071289,-0.684570,0.783203,-7.568359,-4.089355,-10.681152
12347,0.093750,-0.664062,0.756836,-8.972168,-1.342773,-6.225586
12348,0.086914,-0.686523,0.744629,-10.925293,8.544922,4.272461
12349,0.069336,-0.706055,0.741211,-10.192871,12.207031,5.004883
12350,0.060059,-0.706055,0.719727,-7.507324,15.014648,3.723145
12351,0.051758,-0.696777,0.708984,-2.624512,16.967773,2.563477
12352,0.033691,-0.684570,0.736328,5.187988,14.953613,2.502441
12353,0.023438,-0.676270,0.752441,6.591797,9.704590,3.112793
12354,0.004883,-0.667969,0.780762,5.615234,-4.943848,3.784180
12355,0.002930,-0.665527,0.790039,2.868652,-12.634277,3.356934
12356,0.009277,-0.652832,0.763672,-0.976562,-16.967773,3.173828
12357,0.036621,-0.641113,0.699707,-1.892090,-14.221191,4.943848
12358,0.036621,-0.633789,0.701660,-1.098633,-7.019043,6.164551
12359,0.029785,-0.642090,0.734863,-0.061035,-0.915527,6.713867
12360,0.003906,-0.660156,0.754395,0.793457,2.746582,5.187988
12361,-0.011719,-0.666992,0.792969,0.854492,4.943848,-2.136230
12362,-0.008789,-0.671387,0.795898,-1.098633,3.784180,-5.737305
12363,-0.000488,-0.672852,0.786621,-4.943848,3.234863,-8.605957
12364,0.027832,-0.666016,0.750977,-11.413574,2.502441,-9.399414
12365,0.021484,-0.677246,0.738770,-10.375977,0.488281,-8.056641
12366,0.014648,-0.683594,0.723633,-7.751465,-1.281738,-6.896973
12367,0.022949,-0.676270,0.723145,-4.455566,-2.014160,-4.882812
12368,0.024414,-0.681152,0.758301,-1.159668,-3.356934,-1.159668
12369,0.017090,-0.688965,0.772949,-0.610352,-4.699707,-1.647949
12370,0.040527,-0.687988,0.807617,-2.380371,-9.521484,-5.859375
12371,0.061523,-0.677246,0.808105,-6.347656,-10.864258,-7.507324
12372,0.080078,-0.672852,0.793945,-10.559082,-10.498047,-7.812500
12373,0.096191,-0.674316,0.767090,-13.244629,-8.178711,-7.324219
12374,0.118164,-0.682129,0.703125,-12.207031,4.028320,-5.737305
12375,0.122559,-0.684570,0.696777,-10.253906,10.864258,-4.211426
12376,0.122070,-0.672852,0.683594,-7.446289,16.296387,-1.403809
12377,0.085938,-0.662598,0.680176,1.647949,20.446777,6.652832
12378,0.065918,-0.652832,0.683105,5.371094,19.287109,9.521484
12379,0.047852,-0.657227,0.697754,7.751465,15.930176,10.498047
12380,0.033203,-0.663086,0.718750,7.141113,10.986328,9.033203
12381,0.023438,-0.660645,0.720215,0.671387,0.000000,3.906250
12382,0.021973,-0.666016,0.720215,-0.488281,-4.577637,1.892090
12383,0.019043,-0.677246,0.732422,-0.915527,-9.277344,-0.122070
12384,0.041992,-0.675781,0.748047,-2.197266,-15.869141,-2.258301
12385,0.051270,-0.690918,0.751465,-2.380371,-17.639160,-2.624512
12386,0.066406,-0.701172,0.751953,-4.089355,-14.587402,-2.746582
12387,0.097168,-0.704102,0.770508,-5.065918,-11.779785,-1.403809
12388,0.094727,-0.716797,0.767578,-4.577637,-8.666992,-0.305176
12389,0.090332,-0.729492,0.765625,-2.624512,-5.187988,0.061035
12390,0.084961,-0.727051,0.782715,1.281738,-0.183105,-0.305176
12391,0.091309,-0.707520,0.788086,-0.183105,2.014160,0.671387
12392,0.092773,-0.695312,0.787598,-3.967285,4.028320,2.990723
12393,0.067383,-0.713867,0.768555,-10.742188,5.981445,5.554199
12394,0.059082,-0.713379,0.756836,-10.742188,5.249023,5.126953
12395,0.054199,-0.702637,0.741699,-8.789062,3.845215,5.187988
12396,0.029785,-0.691895,0.742188,-5.493164,0.915527,6.469727
12397,0.016602,-0.681641,0.738281,-6.225586,-0.061035,6.835938
12398,0.005859,-0.678223,0.725098,-6.896973,-0.427246,6.713867
12399,-0.000488,-0.670410,0.702637,-6.591797,1.708984,4.150391
12400,-0.005371,-0.663086,0.708008,-6.713867,2.746582,2.990723
12401,-0.012207,-0.667969,0.699219,-7.934570,4.089355,1.586914
12402,-0.010742,-0.656250,0.693359,-10.192871,7.385254,1.159668
12403,-0.018555,-0.667969,0.689941,-9.826660,8.361816,0.976562
12404,-0.032715,-0.687500,0.681641,-7.507324,8.239746,-0.854492
12405,-0.040039,-0.699219,0.671387,-3.784180,8.300781,-4.333496
12406,-0.017090,-0.687012,0.692383,-0.244141,6.835938,-10.253906
12407,-0.002930,-0.681152,0.705078,-0.488281,4.577637,-10.803223
12408,0.006348,-0.684570,0.723145,-1.831055,1.464844,-10.742188
12409,0.019043,-0.714355,0.748535,-6.652832,-7.812500,-11.962891
12410,0.037109,-0.721680,0.729492,-7.629395,-9.704590,-12.817383
12411,0.058105,-0.717773,0.706055,-6.713867,-8.666992,-12.756348
12412,0.059082,-0.721191,0.699219,-1.953125,-0.122070,-10.498047
12413,0.052734,-0.716309,0.713867,-0.061035,4.089355,-9.338379
12414,0.044434,-0.710938,0.728516,0.915527,6.469727,-8.300781
12415,0.035645,-0.706543,0.745117,0.549316,7.446289,-7.385254
12416,0.033691,-0.699219,0.743652,-3.112793,7.263184,-6.469727
12417,0.034180,-0.709473,0.756836,-2.746582,5.004883,-7.141113
12418,0.040039,-0.710938,0.770508,-0.671387,0.549316,-8.666992
12419,0.049805,-0.708496,0.791016,-0.976562,-10.253906,-12.207031
12420,0.084473,-0.686035,0.784668,-4.638672,-12.329102,-12.573242
12421,0.109863,-0.677246,0.739258,-8.361816,-10.070801,-11.535645
12422,0.131836,-0.674805,0.635742,-8.850098,7.995605,-8.605957
12423,0.121582,-0.683594,0.623535,-5.187988,18.249512,-7.751465
12424,0.099121,-0.686523,0.621094,-1.037598,26.123047,-7.568359
12425,0.067871,-0.699219,0.702637,1.953125,28.259277,-6.958008
12426,0.057617,-0.700195,0.728027,0.244141,21.362305,-6.774902
12427,0.052246,-0.695801,0.745605,-2.319336,11.901855,-5.432129
12428,0.052734,-0.684570,0.703125,-4.394531,-5.249023,-1.037598
12429,0.058594,-0.686523,0.681152,-1.037598,-10.009766,1.037598
12430,0.062012,-0.687500,0.660156,3.356934,-11.291504,1.403809
12431,0.085449,-0.689941,0.668457,10.192871,-6.286621,-1.464844
12432,0.092285,-0.693359,0.682617,10.559082,-2.319336,-3.051758
12433,0.096191,-0.677246,0.718262,9.765625,0.793457,-2.929688
12434,0.055176,-0.676270,0.752441,7.873535,1.586914,1.098633
12435,0.042480,-0.673828,0.750000,6.347656,2.258301,1.220703
12436,0.032715,-0.682129,0.750488,3.906250,3.723145,-0.915527
12437,0.033203,-0.706543,0.754883,-4.272461,6.042480,-11.352539
12438,0.039062,-0.726562,0.763184,-7.507324,3.540039,-17.150879
12439,0.051270,-0.734863,0.750000,-9.582520,-0.793457,-21.667480
12440,0.064941,-0.729004,0.733887,-9.216309,-5.371094,-22.460938
12441,0.093262,-0.726074,0.715332,-4.394531,-13.122559,-14.404297
12442,0.104980,-0.724609,0.704590,-1.342773,-13.977051,-7.873535
12443,0.110840,-0.718750,0.681152,4.394531,-4.394531,3.967285
12444,0.110352,-0.712891,0.697266,6.591797,3.112793,7.873535
12445,0.101562,-0.712402,0.724609,7.507324,8.850098,9.948730
12446,0.091797,-0.708496,0.733398,6.958008,13.122559,9.948730
12447,0.073730,-0.689941,0.742676,7.141113,15.808105,7.385254
12448,0.058105,-0.689941,0.752441,7.263184,12.939453,4.577637
12449,0.050781,-0.688477,0.754395,5.676270,8.666992,0.854492
12450,0.050781,-0.692383,0.743164,0.183105,-1.281738,-6.103516
12451,0.055176,-0.694336,0.721680,-1.647949,-5.615234,-8.605957
12452,0.066406,-0.687988,0.704102,-1.037598,-8.056641,-9.094238
12453,0.070312,-0.689453,0.698730,3.662109,-9.582520,-5.432129
12454,0.068848,-0.687012,0.725586,6.286621,-10.986328,-3.845215
12455,0.070801,-0.681152,0.759766,7.629395,-14.404297,-2.746582
12456,0.065918,-0.683594,0.777344,6.103516,-17.822266,-2.868652
12457,0.064453,-0.687500,0.768066,2.563477,-18.188477,-4.333496
12458,0.063965,-0.698242,0.746094,-1.464844,-10.559082,-8.361816
12459,0.060547,-0.702148,0.738770,-0.793457,-4.638672,-10.498047
12460,0.058594,-0.705566,0.771973,2.014160,3.112793,-13.610840
12461,0.059082,-0.703613,0.791992,2.014160,3.051758,-14.343262
12462,0.055176,-0.700195,0.818359,0.305176,0.671387,-14.526367
12463,0.046875,-0.701660,0.839355,-2.990723,-3.845215,-14.221191
12464,0.050293,-0.701660,0.802246,-9.826660,-10.070801,-13.671875
12465,0.060547,-0.704102,0.764648,-11.047363,-8.239746,-14.160156
12466,0.085938,-0.708984,0.710938,-9.216309,3.845215,-16.357422
12467,0.089355,-0.712891,0.707520,-7.385254,10.375977,-17.395020
12468,0.090332,-0.708496,0.718262,-6.103516,14.648438,-17.333984
12469,0.093262,-0.695312,0.716309,-4.760742,16.174316,-15.502930
12470,0.102539,-0.689941,0.729492,-5.249023,14.404297,-9.582520
12471,0.107422,-0.695801,0.744629,-7.568359,11.291504,-7.995605
12472,0.113281,-0.705078,0.744629,-10.742188,7.324219,-8.239746
12473,0.149902,-0.704590,0.721191,-15.319824,0.610352,-10.681152
12474,0.165527,-0.705566,0.699219,-15.502930,-0.610352,-11.352539
12475,0.180176,-0.702637,0.669922,-14.587402,0.061035,-11.108398
12476,0.190918,-0.694336,0.620117,-8.178711,6.530762,-8.178711
12477,0.200195,-0.673828,0.627441,-3.662109,9.277344,-5.126953
12478,0.195801,-0.673828,0.627441,-0.671387,10.742188,-1.831055
12479,0.170898,-0.687500,0.662109,-0.854492,12.451172,0.244141
12480,0.145508,-0.698730,0.675293,-2.502441,10.131836,-0.549316
12481,0.127441,-0.695801,0.682129,-3.479004,5.737305,-1.647949
12482,0.105957,-0.690430,0.684082,-0.793457,-7.690430,-1.953125
12483,0.102539,-0.688965,0.682617,2.014160,-14.221191,-1.098633
12484,0.101074,-0.683594,0.678223,4.333496,-18.371582,0.366211
12485,0.097656,-0.687012,0.679199,5.310059,-19.104004,3.723145
12486,0.096191,-0.687988,0.691895,6.164551,-16.601562,5.187988
12487,0.090820,-0.698242,0.693848,7.690430,-13.793945,5.798340
12488,0.080078,-0.707031,0.704590,9.155273,-9.277344,5.432129
12489,0.069824,-0.714355,0.754395,8.605957,-2.807617,2.197266
12490,0.069336,-0.706543,0.775391,5.187988,-1.281738,0.976562
12491,0.075195,-0.699707,0.791992,1.098633,-1.770020,0.915527
12492,0.090332,-0.708984,0.779297,-5.249023,-5.249023,0.854492
12493,0.108398,-0.709473,0.765625,-6.469727,-5.981445,0.366211
12494,0.123535,-0.710449,0.748047,-6.591797,-5.371094,-0.427246
12495,0.154785,-0.708008,0.710938,-3.234863,0.061035,-1.403809
12496,0.164551,-0.708008,0.704590,-0.732422,4.150391,0.244141
12497,0.158691,-0.707520,0.676758,1.770020,12.512207,3.417969
12498,0.156250,-0.705078,0.673828,3.173828,15.075684,5.187988
12499,0.140625,-0.708008,0.664551,3.112793,14.526367,5.920410
12500,0.137207,-0.701172,0.671387,1.403809,12.939453,5.798340
12501,0.127441,-0.705566,0.682617,-0.549316,9.094238,5.859375
12502,0.108887,-0.708496,0.670898,-2.014160,4.150391,5.676270
12503,0.077148,-0.713379,0.659180,-3.051758,-3.479004,5.737305
12504,0.063477,-0.720215,0.650391,-1.342773,-6.713867,5.554199
12505,0.052734,-0.721191,0.667480,2.563477,-9.948730,5.310059
12506,0.036621,-0.723633,0.741699,8.239746,-18.798828,5.126953
12507,0.034180,-0.729004,0.764648,6.896973,-22.705078,4.882812
12508,0.044434,-0.718750,0.768555,4.821777,-24.414062,5.249023
12509,0.046387,-0.713379,0.774414,2.624512,-20.202637,6.408691
12510,0.044922,-0.716309,0.782715,1.464844,-15.502930,4.882812
12511,0.043945,-0.716797,0.794434,0.549316,-10.559082,2.380371
12512,0.047363,-0.708496,0.806152,-0.610352,-6.469727,-0.549316
12513,0.077637,-0.687012,0.796875,-6.225586,-0.427246,-4.882812
12514,0.101074,-0.678711,0.781738,-9.155273,3.479004,-4.943848
12515,0.126953,-0.679199,0.733887,-11.474609,13.610840,-4.638672
12516,0.132812,-0.676270,0.738770,-10.925293,16.906738,-4.150391
12517,0.129395,-0.685059,0.727051,-9.582520,17.272949,-4.699707
12518,0.134277,-0.678223,0.703613,-7.629395,16.662598,-5.859375
12519,0.138672,-0.677246,0.676270,-4.699707,13.305664,-6.958008
12520,0.131348,-0.686523,0.656250,-4.150391,11.474609,-7.934570
12521,0.129883,-0.691406,0.642090,-3.295898,9.277344,-8.972168
12522,0.137695,-0.679688,0.611328,-1.281738,4.516602,-7.385254
12523,0.138672,-0.675293,0.605469,-1.281738,4.028320,-4.394531
12524,0.138672,-0.672363,0.609863,-0.610352,3.356934,-0.549316
12525,0.110352,-0.697266,0.652832,2.807617,-2.197266,4.150391
12526,0.098633,-0.702148,0.666016,5.310059,-6.347656,4.272461
12527,0.094727,-0.705078,0.687988,8.117676,-10.620117,3.784180
12528,0.101562,-0.705566,0.713867,10.131836,-18.249512,2.380371
12529,0.108887,-0.703125,0.722656,10.620117,-18.615723,1.708984
12530,0.116211,-0.708496,0.753906,10.131836,-18.859863,0.732422
12531,0.126953,-0.722168,0.768555,3.356934,-17.089844,-3.051758
12532,0.135742,-0.724121,0.766113,0.244141,-13.671875,-4.150391
12533,0.138672,-0.737793,0.759277,-1.464844,-10.314941,-4.577637
12534,0.141602,-0.738770,0.739258,-1.953125,-6.225586,-4.455566
12535,0.146484,-0.724121,0.733398,-1.037598,3.906250,3.356934
12536,0.133301,-0.731934,0.725098,0.122070,8.911133,7.019043
12537,0.123047,-0.726562,0.729492,2.807617,12.756348,9.826660
12538,0.093262,-0.713867,0.728027,8.422852,14.709473,11.657715
12539,0.083496,-0.704102,0.739746,8.911133,13.061523,10.742188
12540,0.073242,-0.700195,0.758301,7.080078,9.216309,8.850098
12541,0.081055,-0.677734,0.706543,4.577637,-1.281738,5.615234
12542,0.090332,-0.673340,0.692383,6.835938,-3.295898,5.310059
12543,0.092773,-0.674316,0.689453,7.507324,-4.150391,4.150391
12544,0.092285,-0.678223,0.674805,6.103516,-2.929688,1.953125
12545,0.089844,-0.689453,0.668457,2.990723,3.479004,-2.014160
12546,0.086426,-0.696289,0.668457,2.624512,4.760742,-2.685547
12547,0.075684,-0.696289,0.697266,8.361816,-1.342773,1.525879
12548,0.059082,-0.701172,0.725098,11.901855,-7.202148,3.967285
12549,0.059082,-0.689453,0.752441,12.023926,-13.061523,5.432129
12550,0.066895,-0.675781,0.781250,7.812500,-17.578125,6.652832
12551,0.062500,-0.713867,0.783691,-5.004883,-21.118164,3.234863
12552,0.077148,-0.715332,0.746582,-6.164551,-19.592285,-0.427246
12553,0.090820,-0.704102,0.721191,-2.197266,-15.930176,-2.563477
12554,0.096191,-0.696777,0.708984,4.028320,-10.681152,-2.990723
12555,0.111328,-0.681152,0.723145,10.375977,0.793457,-1.708984
12556,0.115234,-0.683105,0.723145,8.605957,6.408691,-0.854492
12557,0.115723,-0.687988,0.729004,5.554199,11.108398,0.244141
12558,0.101562,-0.691406,0.751953,2.197266,10.437012,2.746582
12559,0.087402,-0.699707,0.763184,4.150391,4.638672,3.234863
12560,0.087891,-0.696777,0.772461,5.676270,-2.563477,2.685547
12561,0.110352,-0.684082,0.772949,1.953125,-13.183594,0.244141
12562,0.122070,-0.679688,0.759277,-2.502441,-13.916016,-0.793457
12563,0.143555,-0.689941,0.745117,-7.995605,-11.108398,-2.136230
12564,0.153809,-0.693359,0.728516,-6.896973,-9.216309,-2.197266
12565,0.170410,-0.682129,0.722168,-3.601074,-6.835938,-0.976562
12566,0.182129,-0.675781,0.730957,-0.366211,-4.943848,1.342773
12567,0.181152,-0.675781,0.737305,0.427246,-2.685547,3.723145
12568,0.186035,-0.671875,0.746582,-3.356934,0.915527,7.080078
12569,0.178711,-0.675293,0.735840,-4.760742,1.403809,8.300781
12570,0.173340,-0.670410,0.720215,-4.638672,1.464844,9.155273
12571,0.160156,-0.662109,0.704102,-1.403809,0.305176,10.925293
12572,0.151367,-0.666016,0.710449,-0.427246,-0.915527,11.352539
12573,0.140137,-0.664062,0.691406,0.976562,-4.211426,11.901855
12574,0.137695,-0.658203,0.676270,1.953125,-3.540039,13.061523
12575,0.127930,-0.659180,0.670410,3.662109,-1.831055,14.953613
12576,0.109375,-0.669922,0.688477,5.310059,-0.366211,16.235352
12577,0.080566,-0.683594,0.724121,6.652832,-2.136230,15.625000
12578,0.074219,-0.686523,0.748047,5.310059,-5.249023,14.343262
12579,0.083496,-0.690430,0.779297,0.671387,-14.404297,11.718750
12580,0.093262,-0.695312,0.780273,-1.770020,-18.432617,10.925293
12581,0.107910,-0.709961,0.785645,-3.845215,-20.874023,10.131836
12582,0.124023,-0.720703,0.772461,-6.103516,-21.606445,9.094238
12583,0.168457,-0.727539,0.729980,-3.479004,-16.174316,8.972168
12584,0.183105,-0.725098,0.730957,-0.183105,-12.390137,10.681152
12585,0.189941,-0.710449,0.720703,2.746582,-9.094238,13.793945
12586,0.196289,-0.655273,0.691895,4.455566,2.502441,26.184082
12587,0.170410,-0.659180,0.687500,3.112793,10.192871,31.921387
12588,0.133789,-0.662598,0.670898,1.770020,17.578125,34.118652
12589,0.058594,-0.666504,0.729492,6.530762,20.690918,30.395508
12590,0.044434,-0.650879,0.719238,11.901855,13.916016,27.099609
12591,0.049805,-0.644531,0.742188,17.456055,6.225586,24.841309
12592,0.064941,-0.646973,0.778320,19.958496,-10.437012,21.667480
12593,0.080078,-0.643555,0.776367,17.395020,-15.686035,20.629883
12594,0.083984,-0.651367,0.772949,13.916016,-17.822266,19.226074
12595,0.087891,-0.645996,0.787598,8.117676,-18.554688,15.625000
12596,0.088867,-0.641602,0.790039,5.187988,-18.188477,15.441895
12597,0.087402,-0.633301,0.776855,2.868652,-15.991211,16.540527
12598,0.085449,-0.627930,0.756348,1.281738,-11.169434,19.226074
12599,0.080078,-0.628906,0.740723,2.075195,1.525879,24.536133
12600,0.055664,-0.649902,0.745117,6.103516,5.004883,26.000977
12601,0.050781,-0.671387,0.753418,12.084961,5.737305,25.451660
12602,0.051758,-0.669922,0.772949,18.005371,5.065918,25.390625
12603,0.094238,-0.616699,0.795898,16.784668,6.835938,35.034180
12604,0.103516,-0.571289,0.799805,11.169434,9.277344,48.645020
12605,0.073730,-0.532227,0.737305,3.295898,17.639160,81.298828
12606,0.014160,-0.567871,0.706543,3.906250,27.709961,92.102051
12607,-0.032227,-0.604492,0.753906,2.990723,36.865234,95.092773
12608,-0.097656,-0.643066,0.803711,-7.812500,40.344238,84.777832
12609,-0.106934,-0.671387,0.785156,-11.474609,36.071777,77.453613
12610,-0.121094,-0.694824,0.765137,-7.507324,29.663086,71.594238
12611,-0.123535,-0.708984,0.742676,22.583008,10.192871,61.584473
12612,-0.134766,-0.697754,0.727051,43.701172,-0.305176,56.701660
12613,-0.106445,-0.629883,0.754883,61.340332,-9.399414,52.246094
12614,-0.237793,-0.615723,0.795410,58.837891,44.494629,39.245605
12615,-0.316406,-0.624512,0.806152,26.794434,85.815430,35.522461
12616,-0.157715,-0.511719,0.934082,14.404297,93.688965,31.921387
12617,-0.097656,-0.459961,0.901367,9.399414,84.411621,31.860352
12618,-0.182617,-0.527344,0.765625,2.136230,76.904297,26.672363
12619,0.062012,-0.575684,0.883301,-29.846191,49.438477,30.029297
12620,0.095703,-0.623047,0.569336,-25.024414,18.859863,61.950684
12621,-0.072266,-0.845703,0.657227,-12.207031,-0.122070,108.886719
12622,-0.174805,-0.793945,0.770996,-13.610840,-11.474609,108.093262
12623,-0.225586,-0.714844,0.845703,-18.798828,-31.188965,105.529785
12624,-0.237793,-0.668945,0.844238,-21.972656,-52.734375,103.393555
12625,-0.236328,-0.644531,0.717773,-5.981445,-80.505371,96.130371
12626,-0.244629,-0.659668,0.709473,5.981445,-85.693359,85.327148
12627,-0.346680,-0.826660,0.877930,4.943848,-95.581055,38.208008
12628,-0.364258,-0.829590,0.896484,-14.770508,-100.952148,-0.732422
12629,-0.318359,-0.719238,0.861328,-38.146973,-103.332520,-38.208008
12630,-0.229980,-0.617188,0.803223,-57.739258,-102.966309,-68.664551
12631,-0.114258,-0.581543,0.772461,-80.078125,-96.435547,-116.455078
12632,-0.134766,-0.664062,0.796875,-78.491211,-99.792480,-142.395020
12633,-0.204590,-0.772461,0.807617,-72.875977,-108.215332,-177.307129
12634,-0.230957,-0.758789,0.711914,-60.974121,-123.535156,-253.479004
12635,-0.179199,-0.705078,0.635742,-57.189941,-123.901367,-282.958984
12636,-0.078125,-0.630371,0.588867,-53.466797,-117.675781,-302.612305
12637,0.198242,-0.544922,0.568359,-49.438477,-90.332031,-312.072754
12638,0.387207,-0.463867,0.493652,-41.137695,-68.664551,-298.889160
12639,0.505371,-0.408203,0.526855,-23.864746,-37.658691,-266.296387
12640,0.365234,-0.525879,0.863770,-6.286621,-29.541016,-210.205078
12641,0.324219,-0.556152,0.889160,-2.136230,-51.086426,-193.481445
12642,0.408691,-0.563477,0.825684,-16.113281,-84.655762,-164.916992
12643,0.488770,-0.524414,0.714355,-24.414062,-86.059570,-151.550293
12644,0.512207,-0.514160,0.583496,-25.878906,-77.514648,-141.418457
12645,0.494629,-0.540527,0.518555,-21.057129,-64.697266,-133.239746
12646,0.508789,-0.478516,0.544922,-20.568848,-48.217773,-119.079590
12647,0.533203,-0.439453,0.601562,-20.080566,-48.400879,-113.342285
12648,0.564941,-0.427246,0.641113,-22.094727,-52.307129,-108.703613
12649,0.717773,-0.451660,0.646484,-37.170410,-48.645020,-85.510254
12650,0.832031,-0.450195,0.562012,-44.006348,-30.578613,-61.340332
12651,0.820801,-0.503418,0.557617,-31.372070,-13.610840,-37.231445
12652,0.691406,-0.528320,0.488281,6.958008,3.845215,-27.770996
12653,0.677734,-0.485352,0.466309,27.832031,20.690918,-22.949219
12654,0.708984,-0.503906,0.516602,50.476074,41.320801,-10.498047
12655,0.652344,-0.533691,0.710449,50.720215,37.109375,10.375977
12656,0.561035,-0.494141,0.755859,39.062500,26.184082,10.925293
12657,0.550293,-0.466797,0.708008,30.273438,21.301270,10.681152
12658,0.590820,-0.439941,0.661133,13.488770,30.639648,23.559570
12659,0.602051,-0.436523,0.697754,0.915527,40.161133,36.865234
12660,0.599121,-0.433105,0.687012,-14.160156,46.142578,51.696777
12661,0.597656,-0.437988,0.616211,-24.414062,52.917480,68.603516
12662,0.575684,-0.552246,0.591309,-24.353027,72.509766,100.280762
12663,0.560059,-0.630371,0.604492,-7.446289,83.068848,105.712891
12664,0.583496,-0.572266,0.720703,-11.474609,88.439941,109.741211
12665,0.544922,-0.452148,0.730957,-29.052734,75.256348,151.306152
12666,0.506836,-0.452148,0.794922,-30.395508,63.232422,180.664062
12667,0.406738,-0.462891,0.774414,-35.705566,49.682617,206.787109
12668,0.240234,-0.581543,0.703613,-38.940430,34.362793,229.797363
12669,0.236328,-0.657227,0.693848,-30.151367,27.282715,224.914551
12670,0.268066,-0.629883,0.719727,-21.545410,22.094727,221.496582
12671,0.300781,-0.659180,0.722168,-18.859863,20.080566,227.416992
12672,0.242676,-0.614746,0.638672,-9.643555,30.273438,254.882812
12673,0.166992,-0.550781,0.644531,-6.164551,39.367676,279.541016
12674,0.095215,-0.493652,0.666016,-3.845215,46.081543,302.856445
12675,-0.045410,-0.513672,0.723145,-2.685547,50.109863,327.941895
12676,-0.074707,-0.564453,0.729492,-5.249023,50.781250,326.843262
12677,-0.108887,-0.601074,0.702637,-8.911133,54.016113,318.603516
12678,-0.138672,-0.627441,0.641602,-22.460938,68.725586,279.846191
12679,-0.192871,-0.672363,0.550781,-32.714844,73.974609,250.915527
12680,-0.247070,-0.666504,0.568359,-44.677734,76.538086,222.656250
12681,-0.394531,-0.811035,0.555664,-57.189941,78.430176,178.344727
12682,-0.465332,-0.856445,0.516602,-42.419434,82.092285,163.208008
12683,-0.512207,-0.875000,0.502930,-14.770508,89.599609,150.268555
12684,-0.518555,-0.854980,0.648438,48.522949,97.656250,117.065430
12685,-0.504395,-0.797852,0.726074,62.683105,92.041016,98.937988
12686,-0.488770,-0.735840,0.759277,63.598633,84.411621,84.899902
12687,-0.470215,-0.669922,0.748047,54.504395,79.101562,77.209473
12688,-0.442871,-0.590820,0.679199,17.272949,76.293945,77.148438
12689,-0.446777,-0.575684,0.643555,-3.173828,74.462891,79.895020
12690,-0.464844,-0.565918,0.604980,-19.470215,70.495605,81.542969
12691,-0.547363,-0.570801,0.583984,-38.879395,54.321289,80.200195
12692,-0.612305,-0.596191,0.566406,-43.457031,44.433594,76.965332
12693,-0.662598,-0.618164,0.541504,-43.579102,34.484863,71.411133
12694,-0.731445,-0.633789,0.504395,-31.555176,10.192871,55.847168
12695,-0.778320,-0.672852,0.511230,-25.207520,0.183105,43.640137
12696,-0.820801,-0.726562,0.533691,-24.291992,-7.080078,26.184082
12697,-0.842285,-0.827637,0.551758,-26.672363,-20.080566,-23.498535
12698,-0.811035,-0.816406,0.530762,-19.592285,-25.817871,-49.133301
12699,-0.784668,-0.789551,0.522949,-11.840820,-29.418945,-72.387695
12700,-0.768066,-0.821289,0.590332,-11.596680,-36.804199,-121.582031
12701,-0.791016,-0.845215,0.629395,-22.155762,-43.395996,-151.062012
12702,-0.796875,-0.846680,0.645996,-38.146973,-49.499512,-182.617188
12703,-0.767578,-0.841309,0.630859,-54.748535,-51.269531,-210.998535
12704,-0.607422,-0.778320,0.623535,-72.448730,-59.631348,-264.465332
12705,-0.540527,-0.768066,0.610352,-74.890137,-66.284180,-287.841797
12706,-0.437012,-0.713379,0.588379,-80.749512,-70.861816,-323.059082
12707,-0.390625,-0.762695,0.516113,-78.430176,-62.194824,-330.139160
12708,-0.352539,-0.817383,0.459473,-70.800781,-50.781250,-342.102051
12709,-0.194824,-0.686523,0.455566,-44.067383,-39.428711,-365.600586
12710,-0.097168,-0.593750,0.452637,-34.057617,-37.658691,-365.051270
12711,0.012207,-0.533691,0.453125,-27.404785,-36.865234,-356.140137
12712,0.114258,-0.524902,0.481934,-30.517578,-42.053223,-325.927734
12713,0.291504,-0.572754,0.515137,-45.837402,-44.250488,-310.180664
12714,0.718750,-0.414551,0.211426,-53.649902,-12.695312,-251.708984
12715,0.457031,-0.692383,0.392090,-45.837402,17.639160,-184.692383
12716,0.363770,-0.809082,0.325684,-42.114258,41.198730,-136.230469
12717,0.438477,-0.789551,0.196289,-37.414551,52.612305,-119.079590
12718,0.505371,-0.721191,0.183105,-10.437012,69.519043,-92.651367
12719,0.339844,-0.726562,0.490234,38.513184,59.082031,-52.062988
12720,0.286621,-0.734863,0.570801,43.212891,35.095215,-46.752930
12721,0.307617,-0.693848,0.596191,31.982422,19.226074,-43.212891
12722,0.303711,-0.765625,0.529297,17.333984,1.037598,-29.663086
12723,0.296875,-0.803711,0.532227,11.596680,-9.765625,-20.141602
12724,0.340332,-0.813477,0.520508,-6.958008,-30.212402,-12.084961
12725,0.362305,-0.784668,0.496094,-15.991211,-31.127930,-6.225586
12726,0.368652,-0.773926,0.504395,-24.414062,-28.259277,0.732422
12727,0.436035,-0.755371,0.467773,-41.259766,-16.296387,16.723633
12728,0.488770,-0.780273,0.370117,-35.522461,-2.624512,32.470703
12729,0.519531,-0.791016,0.360352,-17.578125,11.047363,48.706055
12730,0.481445,-0.838379,0.424316,11.413574,17.700195,71.716309
12731,0.422852,-0.842285,0.480957,10.620117,14.892578,79.101562
12732,0.371094,-0.824707,0.498535,-3.356934,10.192871,83.190918
12733,0.337891,-0.806641,0.454590,-20.568848,8.605957,85.266113
12734,0.292480,-0.936523,0.259766,-18.493652,15.930176,80.505371
12735,0.229492,-0.893066,0.248535,12.207031,17.761230,70.678711
12736,0.225586,-0.837402,0.349121,74.035645,23.864746,57.250977
12737,0.250488,-0.852051,0.457031,94.055176,22.827148,55.419922
12738,0.271973,-0.859863,0.525879,101.196289,22.888184,57.983398
12739,0.251465,-0.842285,0.561035,102.478027,26.062012,63.171387
12740,0.132324,-0.770508,0.594727,90.637207,30.639648,81.726074
12741,0.119141,-0.779297,0.592773,88.012695,34.301758,87.951660
12742,0.134766,-0.755859,0.618652,86.547852,38.391113,93.505859
12743,0.136230,-0.655762,0.634766,78.125000,41.625977,106.750488
12744,0.129395,-0.605957,0.677246,58.959961,39.855957,112.731934
12745,0.132812,-0.607422,0.646973,37.536621,40.222168,116.821289
12746,0.074707,-0.649902,0.690918,6.958008,45.532227,138.366699
12747,0.046387,-0.687012,0.696289,-15.747070,46.020508,149.963379
12748,0.015137,-0.689941,0.668945,-39.184570,45.654297,162.841797
12749,-0.018066,-0.660645,0.625977,-56.335449,46.020508,179.077148
12750,-0.062500,-0.611816,0.590820,-72.021484,50.598145,222.412109
12751,-0.085938,-0.644531,0.548828,-73.120117,52.124023,244.812012
12752,-0.187500,-0.592285,0.462402,-55.969238,49.682617,286.071777
12753,-0.243652,-0.569336,0.459961,-30.578613,41.687012,306.213379
12754,-0.306152,-0.634766,0.477051,5.920410,26.611328,318.847656
12755,-0.398926,-0.761230,0.522461,47.546387,7.751465,318.542480
12756,-0.587402,-0.846191,0.609375,105.163574,-17.333984,277.526855
12757,-0.646973,-0.821777,0.651367,112.121582,-15.625000,245.971680
12758,-0.705078,-0.801270,0.722656,104.553223,-7.873535,212.524414
12759,-0.784668,-0.820801,0.697754,45.593262,20.263672,138.793945
12760,-0.769043,-0.779297,0.643555,7.141113,42.114258,101.562500
12761,-0.720215,-0.700684,0.610840,-22.521973,58.776855,72.143555
12762,-0.613281,-0.593262,0.538574,-41.381836,60.424805,45.776367
12763,-0.574219,-0.593262,0.492676,-33.508301,48.156738,44.677734
12764,-0.567383,-0.597656,0.460449,-18.798828,33.752441,45.715332
12765,-0.628418,-0.643555,0.508789,7.873535,8.361816,42.663574
12766,-0.646973,-0.630371,0.549316,10.864258,1.586914,35.522461
12767,-0.681641,-0.612305,0.543457,9.765625,0.366211,26.916504
12768,-0.752930,-0.650391,0.523926,8.789062,7.385254,0.427246
12769,-0.754883,-0.640625,0.528809,8.056641,10.986328,-14.709473
12770,-0.732910,-0.617676,0.556641,8.300781,10.314941,-26.733398
12771,-0.696777,-0.582031,0.573242,9.216309,5.249023,-34.790039
12772,-0.667480,-0.554688,0.576660,10.009766,-1.281738,-39.306641
12773,-0.663086,-0.598145,0.605469,7.873535,-15.014648,-48.339844
12774,-0.675781,-0.600098,0.589355,4.211426,-19.592285,-54.931641
12775,-0.694336,-0.651855,0.581055,0.183105,-22.888184,-67.199707
12776,-0.679688,-0.668945,0.572754,-0.793457,-24.047852,-76.232910
12777,-0.655273,-0.673828,0.578613,-0.915527,-25.756836,-86.486816
12778,-0.626953,-0.652832,0.578125,11.413574,-33.386230,-102.722168
12779,-0.625000,-0.673340,0.571777,21.423340,-38.513184,-108.032227
12780,-0.612793,-0.699219,0.586426,29.602051,-44.433594,-113.769531
12781,-0.593750,-0.752930,0.638184,37.719727,-60.424805,-131.042480
12782,-0.582031,-0.753418,0.658691,39.123535,-70.739746,-142.883301
12783,-0.556152,-0.715820,0.659668,41.076660,-80.566406,-154.479980
12784,-0.484863,-0.675781,0.670898,52.001953,-95.642090,-169.311523
12785,-0.447754,-0.706055,0.704590,53.039551,-102.111816,-178.100586
12786,-0.396973,-0.703125,0.714355,47.302246,-108.032227,-189.575195
12787,-0.234375,-0.577637,0.641602,27.221680,-106.872559,-206.970215
12788,-0.148926,-0.518555,0.640625,14.099121,-98.449707,-207.763672
12789,-0.098145,-0.501953,0.666016,-2.258301,-86.791992,-203.857422
12790,-0.075195,-0.522461,0.718262,-47.180176,-59.692383,-192.443848
12791,-0.068848,-0.649902,0.752930,-70.190430,-46.386719,-193.664551
12792,-0.078125,-0.667480,0.747559,-92.590332,-33.264160,-198.791504
12793,-0.064453,-0.684570,0.669434,-107.482910,-20.019531,-206.909180
12794,0.004395,-0.660645,0.558594,-104.309082,13.000488,-219.848633
12795,0.045898,-0.659668,0.546875,-95.275879,26.916504,-222.839355
12796,0.067383,-0.686523,0.556152,-85.632324,36.743164,-224.243164
12797,0.102539,-0.747070,0.649902,-75.988770,35.339355,-228.271484
12798,0.128906,-0.748535,0.678223,-75.683594,23.986816,-230.163574
12799,0.152344,-0.728027,0.680176,-73.974609,8.544922,-229.675293
12800,0.312988,-0.591797,0.545410,-58.776855,-16.845703,-211.608887
12801,0.389648,-0.645020,0.537598,-38.635254,-11.779785,-178.833008
12802,0.349121,-0.713867,0.548828,-17.028809,-15.930176,-158.447266
12803,0.316895,-0.754883,0.520996,-1.586914,-22.216797,-149.169922
12804,0.388184,-0.739258,0.455566,28.808594,-25.878906,-135.925293
12805,0.393066,-0.745605,0.504883,43.518066,-27.038574,-128.234863
12806,0.440918,-0.683105,0.589844,49.133301,-37.109375,-120.788574
12807,0.456055,-0.645020,0.614258,41.564941,-42.541504,-118.164062
12808,0.497559,-0.591797,0.606445,26.062012,-40.893555,-112.670898
12809,0.545410,-0.548340,0.580566,4.333496,-28.869629,-101.562500
12810,0.587402,-0.559570,0.556152,-22.827148,0.061035,-69.641113
12811,0.602051,-0.597168,0.529785,-23.071289,6.652832,-52.978516
12812,0.636719,-0.625977,0.507324,-16.601562,13.366699,-33.325195
12813,0.609863,-0.649902,0.525391,-2.197266,22.094727,11.657715
12814,0.580566,-0.639160,0.519043,2.319336,22.644043,31.494141
12815,0.550781,-0.617676,0.507324,11.962891,22.827148,50.537109
12816,0.497070,-0.608887,0.625000,25.695801,18.493652,87.890625
12817,0.482422,-0.595215,0.658203,19.592285,14.343262,104.980469
12818,0.467285,-0.571289,0.627930,10.742188,14.465332,123.535156
12819,0.462891,-0.572754,0.644531,-2.258301,19.409180,143.676758
12820,0.433105,-0.616211,0.670410,-57.556152,21.850586,183.288574
12821,0.418945,-0.612793,0.643555,-90.209961,17.883301,205.444336
12822,0.333496,-0.624023,0.520020,-112.670898,5.920410,246.093750
12823,0.300293,-0.625488,0.375488,-85.632324,16.479492,258.972168
12824,0.288574,-0.655762,0.259277,-39.489746,43.395996,264.770508
12825,0.255859,-0.714844,0.255859,8.789062,74.035645,261.108398
12826,0.045898,-0.833984,0.513184,67.871094,115.417480,239.074707
12827,-0.065430,-0.865723,0.668457,62.377930,122.131348,229.980469
12828,-0.190430,-0.907227,0.830566,-10.375977,116.455078,216.674805
12829,-0.200195,-0.893066,0.793945,-54.321289,104.736328,213.195801
12830,-0.171387,-0.856445,0.724609,-88.134766,86.181641,210.937500
12831,-0.137207,-0.813965,0.650391,-108.520508,61.218262,207.336426
12832,-0.179688,-0.752441,0.510254,-120.849609,19.531250,193.359375
12833,-0.215332,-0.761230,0.473145,-120.605469,7.568359,183.288574
12834,-0.244141,-0.766602,0.452148,-121.765137,-0.915527,173.889160
12835,-0.312012,-0.802734,0.333984,-120.239258,-9.521484,162.536621
12836,-0.343750,-0.847656,0.283203,-116.333008,-8.361816,157.531738
12837,-0.373535,-0.883301,0.254395,-109.924316,-4.516602,150.573730
12838,-0.426758,-0.900879,0.221191,-76.782227,3.845215,134.094238
12839,-0.453125,-0.882324,0.234863,-53.100586,7.019043,123.718262
12840,-0.470215,-0.851074,0.261719,-32.836914,9.277344,114.379883
12841,-0.488281,-0.841797,0.309570,-19.531250,10.070801,105.773926
12842,-0.541016,-0.889648,0.366699,-15.808105,3.662109,89.599609
12843,-0.590820,-0.931152,0.349609,-23.986816,1.403809,78.552246
12844,-0.637695,-0.967285,0.309082,-35.034180,3.540039,63.293457
12845,-0.670898,-0.967773,0.211914,-43.151855,14.343262,23.681641
12846,-0.663574,-0.959473,0.215820,-38.269043,16.784668,1.342773
12847,-0.665039,-0.976562,0.223633,-29.174805,14.831543,-22.644043
12848,-0.682129,-1.017578,0.209961,-20.385742,12.756348,-49.865723
12849,-0.685547,-1.145020,0.117676,7.934570,22.521973,-112.670898
12850,-0.656738,-1.101074,0.099609,29.418945,35.461426,-142.639160
12851,-0.597656,-0.938477,0.309570,62.866211,38.513184,-180.786133
12852,-0.537109,-0.883301,0.359863,73.852539,26.306152,-190.856934
12853,-0.465820,-0.846191,0.388672,83.923340,8.789062,-194.030762
12854,-0.402344,-0.841309,0.394043,92.285156,-10.620117,-191.650391
12855,-0.354492,-0.906250,0.392578,91.491699,-37.780762,-189.819336
12856,-0.348145,-0.902344,0.416504,84.777832,-45.104980,-196.289062
12857,-0.329102,-0.870605,0.451172,77.270508,-54.260254,-204.833984
12858,-0.258301,-0.874023,0.469238,65.185547,-70.800781,-225.219727
12859,-0.198730,-0.880371,0.458984,58.532715,-76.049805,-236.572266
12860,-0.129883,-0.864746,0.435547,48.828125,-77.880859,-246.093750
12861,-0.011719,-0.764648,0.425781,23.437500,-70.068359,-256.408691
12862,0.022949,-0.719727,0.416016,10.192871,-60.668945,-259.216309
12863,0.082520,-0.679688,0.390625,0.610352,-48.278809,-260.742188
12864,0.222656,-0.656250,0.369141,8.850098,-22.338867,-253.845215
12865,0.292480,-0.671387,0.392090,15.258789,-11.901855,-246.398926
12866,0.333008,-0.682129,0.441895,14.892578,-3.234863,-236.877441
12867,0.353516,-0.702637,0.492188,-2.075195,12.451172,-211.547852
12868,0.366211,-0.716309,0.488281,-10.925293,17.456055,-197.326660
12869,0.394043,-0.719727,0.471191,-15.075684,18.066406,-183.959961
12870,0.428711,-0.704102,0.443359,-12.634277,14.282227,-171.569824
12871,0.458984,-0.678711,0.427246,7.080078,-5.004883,-149.353027
12872,0.471191,-0.681152,0.411621,17.822266,-14.221191,-139.343262
12873,0.502930,-0.662598,0.388184,34.301758,-9.704590,-114.074707
12874,0.539062,-0.656250,0.410645,38.513184,1.831055,-96.618652
12875,0.604980,-0.651367,0.458496,37.902832,11.840820,-75.439453
12876,0.729004,-0.644043,0.526855,21.606445,14.770508,-20.935059
12877,0.745117,-0.625000,0.542969,7.446289,10.681152,11.474609
12878,0.695312,-0.619141,0.526367,-3.356934,5.981445,42.968750
12879,0.624023,-0.643066,0.517090,-10.375977,3.234863,69.274902
12880,0.542969,-0.709473,0.514160,-20.874023,0.244141,102.661133
12881,0.536621,-0.707031,0.492676,-24.963379,1.159668,115.844727
12882,0.517090,-0.672363,0.464844,-21.545410,11.535645,151.245117
12883,0.492676,-0.679688,0.419922,-12.145996,20.690918,170.410156
12884,0.452637,-0.703125,0.390625,3.967285,31.677246,187.255859
12885,0.410156,-0.754883,0.404297,22.033691,40.893555,198.425293
12886,0.315430,-0.838867,0.505859,44.128418,44.799805,198.364258
12887,0.276367,-0.800293,0.523926,46.997070,42.968750,197.509766
12888,0.238770,-0.763184,0.538086,46.813965,41.870117,200.805664
12889,0.176270,-0.722168,0.605469,33.874512,37.536621,210.876465
12890,0.145996,-0.674316,0.603027,23.071289,34.423828,214.965820
12891,0.123047,-0.616699,0.596680,8.850098,33.691406,218.872070
12892,0.099609,-0.584473,0.607422,-8.605957,33.142090,222.961426
12893,0.016113,-0.706543,0.634766,-42.480469,22.521973,224.731445
12894,-0.028809,-0.813965,0.603027,-54.626465,13.488770,216.613770
12895,-0.079102,-0.885254,0.548828,-61.096191,5.004883,203.369141
12896,-0.162109,-0.926758,0.462402,-58.959961,-7.690430,175.048828
12897,-0.174316,-0.897461,0.451660,-54.626465,-11.596680,165.832520
12898,-0.169922,-0.845703,0.434570,-47.912598,-16.052246,162.597656
12899,-0.171875,-0.789062,0.372559,-20.690918,-24.047852,170.166016
12900,-0.196777,-0.775879,0.348633,0.366211,-26.062012,175.292969
12901,-0.241211,-0.767090,0.361328,25.390625,-26.184082,178.710938
12902,-0.280762,-0.764648,0.381836,52.490234,-22.399902,180.236816
12903,-0.337402,-0.818359,0.547852,80.627441,-5.432129,177.307129
12904,-0.385254,-0.879883,0.630859,72.143555,1.159668,171.386719
12905,-0.528320,-0.924805,0.643066,40.954590,6.286621,149.475098
12906,-0.585938,-0.924805,0.593262,26.733398,7.812500,133.605957
12907,-0.614746,-0.895996,0.549316,17.761230,8.544922,116.088867
12908,-0.606445,-0.861816,0.518066,15.319824,7.507324,97.839355
12909,-0.529785,-0.824707,0.545410,20.202637,-2.014160,59.631348
12910,-0.503906,-0.798828,0.552734,20.080566,-8.361816,42.663574
12911,-0.492676,-0.772461,0.536621,15.075684,-10.864258,28.259277
12912,-0.518555,-0.832031,0.517578,-5.554199,-4.699707,-0.671387
12913,-0.534668,-0.869629,0.517090,-21.179199,2.990723,-19.592285
12914,-0.546875,-0.883301,0.531250,-53.100586,16.113281,-57.739258
12915,-0.524414,-0.832520,0.523438,-62.866211,16.723633,-71.105957
12916,-0.500488,-0.804688,0.510254,-65.551758,11.596680,-80.322266
12917,-0.508301,-0.825684,0.500488,-61.584473,1.525879,-89.538574
12918,-0.556641,-0.995117,0.467285,-37.719727,-18.249512,-128.723145
12919,-0.566895,-1.058594,0.413574,-17.456055,-21.057129,-160.278320
12920,-0.564453,-1.074219,0.354492,6.774902,-17.333984,-196.411133
12921,-0.521484,-0.942383,0.342773,63.415527,-2.685547,-263.305664
12922,-0.472168,-0.870117,0.394531,92.529297,-0.488281,-288.574219
12923,-0.410645,-0.808594,0.464844,117.553711,-4.638672,-308.471680
12924,-0.256348,-0.750488,0.647461,137.878418,-32.653809,-335.021973
12925,-0.181152,-0.694824,0.718750,129.882812,-54.931641,-342.285156
12926,-0.112305,-0.616699,0.764160,110.839844,-77.453613,-344.360352
12927,-0.036133,-0.519043,0.773926,86.730957,-97.412109,-341.491699
12928,0.149902,-0.337402,0.700684,39.062500,-122.863770,-318.603516
12929,0.248047,-0.286133,0.623535,16.479492,-122.131348,-298.645020
12930,0.345703,-0.401367,0.642578,-35.583496,-96.130371,-257.934570
12931,0.389648,-0.509277,0.629395,-60.241699,-71.655273,-245.605469
12932,0.462402,-0.544922,0.549805,-84.167480,-34.912109,-235.534668
12933,0.541504,-0.525879,0.532227,-120.178223,33.630371,-202.941895
12934,0.564941,-0.549805,0.519043,-118.286133,45.410156,-182.006836
12935,0.563477,-0.577148,0.476074,-99.731445,42.907715,-160.827637
12936,0.539551,-0.672852,0.410156,-29.663086,17.944336,-125.183105
12937,0.521484,-0.705566,0.442871,2.685547,5.249023,-114.868164
12938,0.525391,-0.714355,0.494141,23.315430,-4.211426,-109.191895
12939,0.556152,-0.698242,0.538574,33.386230,-10.498047,-104.980469
12940,0.650391,-0.563477,0.579590,27.465820,-17.211914,-83.618164
12941,0.672852,-0.512695,0.580566,17.517090,-17.639160,-63.171387
12942,0.652832,-0.529785,0.508789,19.104004,-1.281738,-13.916016
12943,0.671875,-0.558105,0.541016,26.855469,10.192871,8.117676
12944,0.667480,-0.621582,0.588379,32.409668,15.380859,24.047852
12945,0.702148,-0.675293,0.716797,29.479980,8.117676,36.987305
12946,0.718262,-0.644531,0.713379,19.470215,1.403809,47.607422
12947,0.707031,-0.579590,0.648438,5.371094,-0.427246,63.171387
12948,0.627441,-0.481934,0.544922,-19.714355,7.202148,104.370117
12949,0.563477,-0.502441,0.552734,-27.160645,9.094238,122.680664
12950,0.500977,-0.556152,0.564453,-32.226562,6.835938,134.338379
12951,0.441406,-0.614746,0.550293,-36.682129,2.258301,141.113281
12952,0.415039,-0.652832,0.531738,-34.729004,3.295898,138.000488
12953,0.396973,-0.718750,0.562500,-27.221680,6.286621,127.380371
12954,0.404297,-0.712891,0.579590,-27.404785,5.249023,126.647949
12955,0.416992,-0.688477,0.557617,-30.456543,2.319336,130.249023
12956,0.397461,-0.601074,0.484863,-30.029297,-2.563477,144.165039
12957,0.371094,-0.560059,0.488770,-28.930664,-1.159668,154.113770
12958,0.340820,-0.537109,0.484863,-29.479980,2.441406,164.978027
12959,0.250488,-0.572266,0.515137,-35.034180,9.826660,186.340332
12960,0.199219,-0.657715,0.483887,-30.273438,13.061523,192.138672
12961,0.162109,-0.776855,0.464844,-17.883301,16.662598,191.223145
12962,0.119141,-0.895996,0.480469,-3.784180,19.042969,181.823730
12963,0.044922,-0.999023,0.549316,7.873535,16.845703,150.878906
12964,0.040527,-1.009766,0.539062,9.216309,13.000488,137.695312
12965,0.047852,-1.012207,0.496582,12.817383,9.399414,126.403809
12966,0.039062,-0.957520,0.503906,29.357910,2.258301,106.201172
12967,0.026855,-0.931152,0.554199,36.132812,-2.563477,96.618652
12968,0.007812,-0.852539,0.604492,36.865234,-13.305664,81.848145
12969,0.009766,-0.834473,0.597168,34.606934,-18.005371,77.148438
12970,-0.004395,-0.844238,0.598633,30.761719,-21.118164,72.082520
12971,-0.026367,-0.877441,0.610352,22.949219,-21.606445,64.636230
12972,-0.026855,-0.912109,0.570801,2.502441,-14.526367,46.386719
12973,-0.009277,-0.901855,0.561035,-6.774902,-9.582520,39.672852
12974,-0.022949,-0.886719,0.549805,-15.441895,-6.103516,35.339355
12975,-0.039551,-0.860840,0.517090,-20.202637,-1.159668,27.648926
12976,-0.047852,-0.872070,0.491211,-11.047363,2.563477,21.667480
12977,-0.068848,-0.895996,0.496582,0.854492,6.225586,12.512207
12978,-0.069824,-0.875000,0.535156,13.549805,8.422852,-8.300781
12979,-0.049805,-0.838867,0.554688,14.587402,6.042480,-14.953613
12980,-0.044922,-0.826172,0.562500,13.854980,2.502441,-17.333984
12981,-0.049316,-0.843750,0.569336,12.878418,-3.601074,-16.784668
12982,-0.052246,-0.854492,0.562988,11.779785,-4.333496,-15.563965
12983,-0.038574,-0.830078,0.562500,10.375977,-3.540039,-14.160156
12984,-0.010254,-0.785645,0.579102,4.882812,-2.075195,-9.460449
12985,-0.006348,-0.784180,0.580078,1.953125,-3.356934,-6.164551
12986,-0.015625,-0.800781,0.568359,0.732422,-4.699707,-3.112793
12987,-0.027832,-0.851074,0.566406,2.075195,-6.225586,-1.037598
12988,-0.031250,-0.848633,0.557617,3.234863,-5.615234,-2.258301
12989,-0.024414,-0.835938,0.553223,5.554199,-2.868652,-4.455566
12990,-0.014648,-0.824707,0.607910,3.479004,2.563477,-8.544922
12991,-0.009277,-0.818359,0.622559,-1.770020,2.441406,-8.666992
12992,-0.002441,-0.819824,0.609375,-5.920410,1.159668,-7.263184
12993,-0.000977,-0.846680,0.562988,-4.943848,-2.014160,-3.845215
12994,-0.011719,-0.856934,0.550781,0.854492,-3.417969,-2.868652
12995,-0.020508,-0.857422,0.553711,5.615234,-4.821777,-3.173828
12996,-0.019043,-0.850098,0.561523,7.263184,-5.493164,-4.577637
12997,-0.003418,-0.823242,0.565918,1.159668,-3.112793,-7.812500
12998,0.009277,-0.815918,0.556641,-3.173828,-0.793457,-8.178711
12999,0.026367,-0.811035,0.561523,-6.286621,1.708984,-6.958008
13000,-0.008789,-0.822754,0.574707,-6.103516,2.990723,-2.746582
13001,-0.012207,-0.831543,0.581543,-4.821777,1.525879,-2.563477
13002,-0.011230,-0.830566,0.577637,-3.356934,-0.976562,-3.234863
13003,-0.013672,-0.842773,0.570801,-1.220703,-0.915527,-6.591797
13004,-0.000488,-0.881836,0.559082,-0.366211,1.892090,-9.216309
13005,-0.003906,-0.870605,0.560547,0.976562,4.333496,-12.084961
13006,-0.000977,-0.825195,0.584961,6.469727,2.990723,-16.357422
13007,0.005371,-0.803711,0.590820,8.300781,0.610352,-17.333984
13008,0.029297,-0.771973,0.586914,7.568359,-0.793457,-15.930176
13009,0.045898,-0.760254,0.584961,4.455566,-1.159668,-11.779785
13010,0.028320,-0.814941,0.576660,-2.502441,-0.854492,-2.685547
13011,0.018066,-0.836426,0.574707,-3.662109,-0.793457,-1.464844
13012,0.019043,-0.839355,0.564941,-2.014160,-0.671387,-2.075195
13013,0.025879,-0.837402,0.562988,2.380371,-0.610352,-3.051758
13014,0.011230,-0.843262,0.579590,6.774902,-0.732422,-5.187988
13015,0.015625,-0.828613,0.581543,5.310059,-0.732422,-6.103516
13016,0.021973,-0.811035,0.575684,3.234863,-0.915527,-6.103516
13017,0.033203,-0.804199,0.567383,1.831055,-2.380371,-4.882812
13018,0.036621,-0.805664,0.575195,2.197266,-3.234863,-3.173828
13019,0.033203,-0.801270,0.583008,0.793457,-3.967285,-0.976562
13020,0.027832,-0.821289,0.587402,-4.333496,-5.249023,0.915527
13021,0.029297,-0.838379,0.596680,-5.737305,-5.493164,-0.305176
13022,0.032715,-0.851562,0.604980,-7.263184,-4.089355,-1.098633
13023,0.028320,-0.862305,0.576172,-5.187988,1.403809,-2.258301
13024,0.022949,-0.850586,0.571289,-2.502441,1.953125,-3.845215
13025,0.021973,-0.812012,0.551270,0.488281,0.732422,-6.164551
13026,0.041016,-0.795898,0.544922,3.295898,0.244141,-4.821777
13027,0.044434,-0.791992,0.541016,7.873535,0.061035,-2.136230
13028,0.030762,-0.790039,0.544922,10.437012,-0.488281,-0.427246
13029,0.020508,-0.784668,0.585938,4.211426,-4.394531,-1.342773
13030,0.022461,-0.795898,0.571777,0.488281,-5.859375,-2.502441
13031,0.035156,-0.821289,0.548828,-0.793457,-3.051758,-4.394531
13032,0.038574,-0.843750,0.545898,1.403809,-0.671387,-4.699707
13033,0.038086,-0.844727,0.557617,5.493164,0.976562,-4.150391
13034,0.049316,-0.810547,0.603027,10.253906,-2.807617,0.549316
13035,0.049805,-0.815430,0.607910,9.399414,-6.225586,2.502441
13036,0.045410,-0.838379,0.601562,7.385254,-7.812500,2.258301
13037,0.052246,-0.862793,0.584961,4.211426,-3.601074,0.366211
13038,0.041504,-0.865723,0.600586,4.943848,-0.976562,-0.183105
13039,0.039551,-0.857422,0.615723,5.065918,-0.366211,-1.464844
13040,0.030762,-0.838867,0.608887,4.638672,-1.342773,-3.784180
13041,0.030273,-0.836426,0.610352,4.638672,-1.281738,-3.845215
13042,0.029297,-0.822754,0.620117,4.089355,-1.464844,-3.173828
13043,0.029297,-0.788574,0.632324,2.136230,-3.479004,-1.525879
13044,0.027344,-0.786621,0.619141,1.281738,-3.601074,-1.281738
13045,0.035156,-0.782715,0.598633,0.549316,-2.197266,-1.281738
13046,0.041016,-0.788574,0.591309,-1.953125,1.098633,-1.098633
13047,0.032715,-0.792969,0.600586,-3.540039,0.488281,-2.258301
13048,0.022949,-0.792969,0.598633,-2.563477,-2.502441,-5.737305
13049,0.044434,-0.783203,0.564941,1.464844,-3.234863,-5.554199
13050,0.047852,-0.790527,0.556641,4.516602,-3.356934,-4.943848
13051,0.037598,-0.802246,0.563965,5.310059,-3.417969,-5.737305
13052,0.036621,-0.797363,0.591797,3.051758,-4.699707,-9.277344
13053,0.052734,-0.800293,0.594727,1.464844,-4.211426,-9.277344
13054,0.063477,-0.810547,0.588379,1.953125,-2.441406,-8.300781
13055,0.062988,-0.836914,0.606445,3.723145,-0.488281,-7.873535
13056,0.064941,-0.847168,0.602051,0.976562,-0.610352,-9.155273
13057,0.060059,-0.853516,0.590820,-2.014160,-0.671387,-11.169434
13058,0.048340,-0.851562,0.593750,-1.098633,-5.493164,-19.042969
13059,0.068359,-0.823242,0.581543,3.234863,-7.568359,-19.653320
13060,0.090332,-0.792969,0.586914,6.591797,-7.934570,-16.967773
13061,0.102539,-0.780273,0.604980,6.164551,-6.835938,-12.573242
13062,0.104004,-0.791504,0.619629,-2.502441,-2.136230,-3.723145
13063,0.083008,-0.808105,0.621094,-6.896973,-0.549316,-1.281738
13064,0.072266,-0.835449,0.599121,-7.629395,-1.647949,-2.258301
13065,0.076660,-0.827637,0.582520,-4.699707,-3.234863,-3.051758
13066,0.084473,-0.819824,0.564453,-1.953125,-3.967285,-3.845215
13067,0.079590,-0.814941,0.582031,-0.793457,-3.967285,-5.249023
13068,0.073242,-0.791992,0.564941,1.464844,-0.549316,-9.277344
13069,0.077148,-0.777344,0.562500,2.502441,4.272461,-10.253906
13070,0.078613,-0.770020,0.576660,0.671387,7.812500,-9.399414
13071,0.054688,-0.791992,0.609863,-5.615234,4.455566,-9.399414
13072,0.059082,-0.803223,0.614258,-7.080078,0.000000,-10.437012
13073,0.074219,-0.818848,0.617676,-7.324219,-3.906250,-9.582520
13074,0.089844,-0.822266,0.601074,-2.929688,-8.178711,-5.859375
13075,0.096680,-0.827148,0.571777,1.525879,-7.202148,-5.065918
13076,0.089355,-0.829590,0.572266,4.882812,-4.699707,-5.859375
13077,0.079590,-0.807617,0.598145,6.652832,-2.502441,-8.239746
13078,0.089355,-0.789062,0.594238,4.150391,-1.464844,-7.019043
13079,0.091797,-0.785156,0.585938,-0.610352,-0.183105,-4.699707
13080,0.091797,-0.789062,0.580566,-6.530762,2.197266,-1.159668
13081,0.088867,-0.798828,0.591797,-8.239746,2.441406,-0.610352
13082,0.087402,-0.811035,0.601074,-10.009766,2.197266,-1.220703
13083,0.089844,-0.833008,0.597656,-9.826660,-0.244141,-4.089355
13084,0.091797,-0.845703,0.586426,-3.784180,-2.502441,-5.615234
13085,0.091309,-0.852539,0.582520,3.845215,-5.249023,-7.202148
13086,0.092773,-0.852539,0.576172,9.216309,-6.835938,-8.911133
13087,0.104980,-0.816895,0.593750,11.901855,-6.958008,-10.742188
13088,0.110352,-0.803223,0.609375,10.681152,-6.408691,-10.192871
13089,0.116211,-0.791992,0.614746,7.629395,-5.615234,-9.216309
13090,0.133301,-0.791504,0.626953,-4.089355,-1.953125,-5.432129
13091,0.132812,-0.805664,0.617188,-10.009766,0.366211,-2.990723
13092,0.130371,-0.818848,0.593750,-12.817383,2.136230,-0.610352
13093,0.119141,-0.828613,0.562012,-7.629395,1.220703,1.831055
13094,0.106934,-0.825195,0.545410,-2.563477,0.488281,1.220703
13095,0.104004,-0.820801,0.541992,1.525879,0.488281,-0.122070
13096,0.107910,-0.796875,0.550781,2.258301,0.183105,-3.112793
13097,0.103027,-0.782715,0.564941,1.159668,0.061035,-4.211426
13098,0.096191,-0.775879,0.609375,-0.366211,-3.479004,-4.028320
13099,0.104004,-0.786621,0.605469,-0.427246,-4.882812,-2.929688
13100,0.114258,-0.800781,0.596680,-0.061035,-4.638672,-1.464844
13101,0.117676,-0.816895,0.597656,2.136230,-3.479004,-0.122070
13102,0.112305,-0.834473,0.598145,5.310059,-2.136230,0.061035
13103,0.113281,-0.832031,0.597168,5.554199,-1.770020,-0.183105
13104,0.111328,-0.827637,0.605469,5.615234,-2.380371,-0.976562
13105,0.109863,-0.815918,0.592773,6.164551,-4.699707,-3.967285
13106,0.113281,-0.807129,0.593262,7.324219,-5.310059,-5.798340
13107,0.118164,-0.801270,0.598145,6.774902,-5.371094,-7.446289
13108,0.122070,-0.788574,0.594238,5.737305,-4.821777,-8.117676
13109,0.131836,-0.788574,0.582031,4.577637,-2.380371,-6.469727
13110,0.132812,-0.794922,0.583008,4.577637,-1.037598,-5.554199
13111,0.134277,-0.798340,0.583984,3.967285,0.000000,-4.760742
13112,0.132324,-0.803223,0.589844,0.549316,2.136230,-3.051758
13113,0.131348,-0.797852,0.594238,-1.953125,1.892090,-2.685547
13114,0.128418,-0.793457,0.589844,-2.685547,1.098633,-3.051758
13115,0.126953,-0.788574,0.602539,0.854492,-1.220703,-4.150391
13116,0.126465,-0.793457,0.612305,2.441406,-4.028320,-4.333496
13117,0.128906,-0.802734,0.602051,2.685547,-5.981445,-4.699707
13118,0.135254,-0.795898,0.595215,2.563477,-5.981445,-4.882812
13119,0.145996,-0.792480,0.592285,0.854492,-0.610352,-2.929688
13120,0.146484,-0.790039,0.601562,0.000000,2.685547,-0.793457
13121,0.146484,-0.786621,0.617676,-1.159668,4.455566,2.136230
13122,0.125977,-0.807617,0.625977,-4.089355,0.732422,5.493164
13123,0.109375,-0.827148,0.614258,-2.929688,-2.563477,3.662109
13124,0.110352,-0.832520,0.598633,0.854492,-5.493164,0.244141
13125,0.116699,-0.823242,0.582031,5.126953,-7.019043,-3.173828
13126,0.132812,-0.786133,0.593750,9.887695,-7.568359,-6.774902
13127,0.136230,-0.779297,0.611816,7.507324,-7.202148,-7.568359
13128,0.141602,-0.789062,0.618164,5.187988,-6.591797,-8.239746
13129,0.153320,-0.794922,0.581055,5.004883,-1.037598,-8.850098
13130,0.155762,-0.791016,0.584961,6.958008,2.197266,-7.995605
13131,0.161621,-0.773926,0.602539,6.958008,3.479004,-6.103516
13132,0.142578,-0.761719,0.614746,1.892090,1.342773,-1.342773
13133,0.135254,-0.777344,0.617188,0.122070,-0.488281,-0.305176
13134,0.132324,-0.794922,0.603516,-0.976562,-1.159668,-0.793457
13135,0.135742,-0.811035,0.603516,0.244141,-0.549316,-2.746582
13136,0.138672,-0.803223,0.599609,2.075195,-0.793457,-3.051758
13137,0.140137,-0.791504,0.604980,3.540039,-2.258301,-2.624512
13138,0.143066,-0.791016,0.621094,1.953125,-3.479004,-3.173828
13139,0.152344,-0.797363,0.615723,-0.610352,-3.845215,-3.479004
13140,0.164062,-0.795410,0.607422,-2.929688,-2.624512,-2.380371
13141,0.162598,-0.786133,0.604980,-2.868652,-0.427246,2.136230
13142,0.143066,-0.797852,0.600098,-0.488281,-0.061035,1.770020
13143,0.135254,-0.802734,0.601562,2.258301,0.183105,-0.671387
13144,0.145508,-0.792480,0.610352,3.723145,-0.915527,-5.859375
13145,0.152832,-0.778809,0.615723,2.563477,-1.586914,-6.591797
13146,0.155273,-0.779297,0.623047,0.488281,-2.014160,-7.019043
13147,0.148926,-0.779297,0.583984,-0.671387,3.356934,-8.239746
13148,0.149902,-0.769531,0.586914,1.464844,6.347656,-7.629395
13149,0.150391,-0.760742,0.599121,4.760742,6.103516,-5.126953
13150,0.155273,-0.778320,0.595215,7.019043,-0.122070,0.732422
13151,0.150879,-0.797852,0.612305,5.004883,-0.366211,0.976562
13152,0.152344,-0.809570,0.646973,0.793457,-2.319336,-0.305176
13153,0.165039,-0.797852,0.596680,3.295898,-2.502441,-3.234863
13154,0.158203,-0.791992,0.575684,11.108398,-0.610352,-3.845215
13155,0.153809,-0.790527,0.565918,21.545410,1.708984,-3.723145
13156,0.170898,-0.784180,0.635254,34.851074,7.141113,-1.831055
13157,0.206543,-0.731934,0.697754,27.038574,8.728027,0.366211
13158,0.232422,-0.700684,0.745605,3.540039,13.793945,5.615234
13159,0.224609,-0.732910,0.748535,-24.597168,21.850586,8.483887
13160,0.174316,-0.791992,0.584961,-60.852051,49.987793,6.774902
13161,0.140137,-0.799316,0.560547,-60.241699,60.058594,9.582520
13162,0.027832,-0.878418,0.454590,-49.133301,62.683105,11.779785
13163,0.019043,-0.872559,0.649902,5.920410,24.963379,1.586914
13164,0.021484,-0.951660,0.600098,24.902344,5.615234,-7.812500
13165,0.093262,-0.911621,0.544922,46.752930,-4.821777,-19.897461
13166,0.135254,-0.810547,0.403320,128.295898,-4.150391,-28.991699
13167,0.152832,-0.727539,0.463867,166.748047,1.831055,-31.555176
13168,0.146484,-0.641602,0.584473,190.246582,5.310059,-27.160645
13169,0.149414,-0.620117,0.814453,171.752930,7.995605,-5.187988
13170,0.173828,-0.615723,0.963867,137.329102,1.342773,9.155273
13171,0.193848,-0.618652,1.026367,87.829590,-8.056641,22.399902
13172,0.214844,-0.635742,0.981445,36.132812,-15.747070,33.264160
13173,0.238281,-0.483887,0.918457,-63.659668,-15.808105,63.171387
13174,0.232422,-0.469238,0.903320,-111.389160,-17.761230,80.505371
13175,0.101562,-0.651855,0.629395,-177.185059,-17.272949,94.116211
13176,0.043945,-0.811035,0.441406,-163.757324,-7.080078,82.641602
13177,0.018066,-0.881836,0.396484,-56.213379,7.629395,43.823242
13178,-0.039062,-0.854980,0.472168,11.901855,12.695312,22.033691
13179,-0.068848,-0.793945,0.628906,49.865723,17.028809,2.624512
13180,0.019531,-0.674316,0.774902,39.672852,11.047363,-10.070801
13181,0.022949,-0.659668,0.676758,37.170410,10.131836,-6.347656
13182,-0.003418,-0.691406,0.652832,45.227051,11.413574,-3.540039
13183,-0.041016,-0.715332,0.708008,54.870605,8.666992,-3.417969
13184,-0.009766,-0.754395,0.901855,53.100586,-30.822754,-1.953125
13185,0.046875,-0.759277,0.847168,41.870117,-54.504395,4.882812
13186,0.110352,-0.749023,0.798828,32.775879,-72.448730,16.357422
13187,0.170898,-0.707031,0.649902,31.982422,-86.608887,37.170410
13188,0.199219,-0.643555,0.604980,35.827637,-77.392578,44.799805
13189,0.196777,-0.595215,0.636230,33.752441,-58.288574,51.391602
13190,0.160156,-0.583496,0.689453,20.629883,-35.278320,56.152344
13191,0.087402,-0.607422,0.708496,-17.150879,11.474609,56.396484
13192,0.059570,-0.628906,0.698242,-27.954102,35.888672,52.978516
13193,0.082520,-0.584961,0.724121,-30.944824,71.105957,55.236816
13194,0.138184,-0.537598,0.748047,-34.423828,75.805664,66.833496
13195,0.125488,-0.540039,0.739258,-44.006348,75.866699,85.815430
13196,0.011230,-0.607422,0.651367,-57.800293,72.448730,115.478516
13197,-0.023438,-0.630371,0.653809,-56.579590,66.101074,124.755859
13198,-0.062012,-0.665039,0.687012,-55.480957,54.565430,130.859375
13199,-0.124512,-0.715332,0.711914,-58.105469,39.306641,132.507324
13200,-0.217285,-0.763672,0.655762,-61.340332,14.221191,126.037598
13201,-0.233398,-0.777832,0.628906,-57.312012,8.422852,119.323730
13202,-0.215332,-0.781250,0.599609,-39.733887,5.676270,106.201172
13203,-0.205566,-0.770020,0.592773,-28.991699,8.605957,103.637695
13204,-0.199219,-0.730957,0.609375,-21.423340,13.671875,105.773926
13205,-0.198242,-0.710449,0.640137,-18.493652,18.676758,121.032715
13206,-0.212402,-0.679688,0.671875,-19.104004,15.930176,130.432129
13207,-0.229492,-0.646484,0.656738,-18.859863,10.925293,140.991211
13208,-0.263672,-0.644043,0.623047,-16.540527,7.995605,152.404785
13209,-0.315918,-0.685547,0.586914,-10.620117,9.643555,161.682129
13210,-0.386719,-0.695312,0.594238,-7.324219,12.573242,160.217285
13211,-0.421875,-0.704590,0.579590,-5.554199,17.333984,155.944824
13212,-0.463867,-0.723633,0.577148,-6.103516,23.925781,150.024414
13213,-0.584473,-0.804199,0.561035,-11.962891,37.170410,128.417969
13214,-0.638184,-0.847168,0.551758,-15.136719,43.151855,109.191895
13215,-0.704590,-0.879883,0.571289,-19.653320,46.875000,53.955078
13216,-0.724121,-0.889160,0.593262,-20.996094,42.968750,21.362305
13217,-0.723145,-0.878906,0.605469,-19.958496,33.935547,-12.023926
13218,-0.715332,-0.843262,0.604004,-14.709473,21.118164,-42.236328
13219,-0.709961,-0.856445,0.618652,-0.549316,-8.239746,-90.270996
13220,-0.699707,-0.864258,0.586426,0.488281,-18.920898,-111.877441
13221,-0.653809,-0.841797,0.549316,1.037598,-25.329590,-131.835938
13222,-0.532715,-0.752930,0.502930,16.723633,-37.414551,-166.015625
13223,-0.474121,-0.725098,0.547852,25.695801,-43.640137,-179.138184
13224,-0.435059,-0.716309,0.608398,31.188965,-51.757812,-189.086914
13225,-0.393066,-0.767090,0.711914,15.869141,-65.002441,-204.956055
13226,-0.364258,-0.780762,0.706543,-1.525879,-67.260742,-215.026855
13227,-0.326660,-0.773926,0.676758,-19.531250,-65.856934,-227.355957
13228,-0.223633,-0.676758,0.616211,-46.630859,-55.053711,-251.464844
13229,-0.158691,-0.623535,0.602539,-55.725098,-49.133301,-257.202148
13230,-0.102051,-0.610840,0.606445,-61.340332,-44.982910,-258.056641
13231,-0.019531,-0.718750,0.561035,-68.847656,-35.095215,-259.033203
13232,0.011230,-0.758301,0.552734,-71.472168,-27.099609,-262.268066
13233,0.045898,-0.766113,0.542480,-71.655273,-20.263672,-265.747070
13234,0.104004,-0.744629,0.513672,-66.223145,-15.319824,-266.052246
13235,0.286621,-0.645996,0.478516,-46.325684,-7.446289,-243.591309
13236,0.380371,-0.613281,0.488770,-37.841797,-5.187988,-220.275879
13237,0.425781,-0.616211,0.491211,-30.395508,-5.981445,-193.115234
13238,0.406250,-0.671387,0.469727,-16.601562,-10.986328,-144.470215
13239,0.362305,-0.723633,0.477539,-12.329102,-14.526367,-128.234863
13240,0.307129,-0.785645,0.475098,-10.437012,-17.333984,-120.056152
13241,0.325195,-0.775391,0.438965,-9.948730,-12.939453,-115.112305
13242,0.383301,-0.734863,0.446289,-11.291504,-8.056641,-110.168457
13243,0.442871,-0.710449,0.473633,-14.770508,-4.516602,-100.463867
13244,0.533203,-0.717773,0.479004,-16.235352,-1.159668,-69.580078
13245,0.559570,-0.719238,0.449707,-13.671875,2.380371,-51.208496
13246,0.562500,-0.712402,0.436523,-9.826660,6.774902,-33.569336
13247,0.536621,-0.687500,0.474609,0.549316,9.521484,-2.136230
13248,0.524902,-0.693359,0.477051,4.943848,7.812500,12.512207
13249,0.516602,-0.714355,0.473145,6.347656,8.239746,27.038574
13250,0.526367,-0.729004,0.480957,3.906250,9.765625,43.395996
13251,0.537598,-0.690918,0.488281,-8.239746,12.939453,88.989258
13252,0.512695,-0.657715,0.473145,-14.648438,13.732910,116.638184
13253,0.467773,-0.642090,0.454102,-17.883301,14.770508,143.554688
13254,0.352539,-0.694824,0.466797,-13.427734,15.502930,182.189941
13255,0.319336,-0.738770,0.459961,-7.385254,15.808105,194.091797
13256,0.296875,-0.762207,0.469727,0.366211,17.456055,204.895020
13257,0.242188,-0.756836,0.527832,13.061523,18.066406,231.994629
13258,0.195801,-0.790527,0.504395,16.296387,17.761230,242.980957
13259,0.128906,-0.825684,0.473633,18.554688,21.606445,246.948242
13260,0.064453,-0.828125,0.466309,20.202637,28.747559,244.384766
13261,-0.029785,-0.812500,0.518555,14.648438,44.921875,228.332520
13262,-0.063477,-0.825195,0.570312,5.737305,48.339844,217.041016
13263,-0.117676,-0.835449,0.598145,-22.521973,46.264648,195.190430
13264,-0.132324,-0.824707,0.568359,-33.996582,42.724609,186.828613
13265,-0.136719,-0.800781,0.536133,-39.062500,36.865234,180.358887
13266,-0.154297,-0.746582,0.472656,-26.916504,20.263672,176.513672
13267,-0.177246,-0.737305,0.446289,-13.793945,12.695312,180.053711
13268,-0.209961,-0.742188,0.418457,0.183105,8.178711,184.875488
13269,-0.306641,-0.779297,0.404785,22.583008,7.324219,189.941406
13270,-0.355469,-0.804688,0.425293,28.198242,9.033203,187.133789
13271,-0.402344,-0.810059,0.451660,29.418945,11.840820,180.786133
13272,-0.449707,-0.775879,0.513184,20.324707,17.578125,167.053223
13273,-0.467773,-0.781738,0.519531,13.732910,17.089844,159.545898
13274,-0.498047,-0.793945,0.514160,8.178711,14.404297,149.536133
13275,-0.529785,-0.803223,0.488770,4.516602,10.803223,136.535645
13276,-0.597656,-0.850586,0.416504,0.732422,10.681152,99.487305
13277,-0.627441,-0.859863,0.419434,-0.305176,15.319824,77.026367
13278,-0.673340,-0.860352,0.459961,-3.845215,24.536133,33.020020
13279,-0.697266,-0.868164,0.471191,-4.821777,26.123047,13.305664
13280,-0.739746,-0.911621,0.445801,-3.234863,26.000977,-7.568359
13281,-0.788086,-0.961914,0.403809,2.563477,26.062012,-33.142090
13282,-0.752930,-0.919922,0.408203,19.165039,27.282715,-90.148926
13283,-0.687988,-0.849609,0.431641,22.949219,24.475098,-111.511230
13284,-0.624512,-0.786621,0.455566,25.329590,18.188477,-126.037598
13285,-0.525879,-0.757324,0.498047,31.250000,-3.112793,-140.258789
13286,-0.514160,-0.803711,0.513672,30.273438,-13.793945,-146.545410
13287,-0.523926,-0.857910,0.514648,25.146484,-21.179199,-156.616211
13288,-0.521484,-0.893066,0.516602,9.948730,-24.169922,-188.842773
13289,-0.471191,-0.848145,0.511719,3.906250,-23.010254,-205.810547
13290,-0.394043,-0.776855,0.493652,2.929688,-22.338867,-218.933105
13291,-0.317383,-0.721680,0.503418,3.845215,-21.911621,-226.074219
13292,-0.218262,-0.738770,0.515137,-2.929688,-20.385742,-230.041504
13293,-0.183105,-0.760254,0.529297,-12.634277,-16.479492,-233.093262
13294,-0.109863,-0.743164,0.536133,-34.912109,-5.798340,-239.013672
13295,-0.075684,-0.725586,0.522461,-41.748047,-1.159668,-237.792969
13296,-0.030273,-0.706055,0.509766,-43.151855,1.647949,-231.628418
13297,0.024902,-0.707031,0.494629,-41.503906,2.197266,-220.458984
13298,0.053711,-0.824219,0.408203,-33.325195,4.516602,-196.166992
13299,0.064453,-0.865234,0.372559,-24.719238,8.056641,-189.331055
13300,0.112793,-0.843750,0.362793,4.943848,11.596680,-180.480957
13301,0.139648,-0.804199,0.389160,22.094727,9.399414,-173.400879
13302,0.179688,-0.767090,0.413574,36.682129,5.798340,-162.902832
13303,0.246582,-0.719238,0.430176,46.386719,3.967285,-148.193359
13304,0.333008,-0.679688,0.535156,39.184570,7.873535,-109.558105
13305,0.344238,-0.717285,0.587402,22.521973,8.422852,-92.224121
13306,0.327637,-0.775879,0.593262,1.831055,6.042480,-80.932617
13307,0.302246,-0.808594,0.572754,-15.930176,3.051758,-75.134277
13308,0.286133,-0.826172,0.478516,-26.306152,-1.098633,-70.068359
13309,0.307617,-0.812988,0.441406,-22.399902,0.732422,-65.551758
13310,0.366699,-0.766113,0.472656,-10.437012,5.920410,-45.715332
13311,0.384277,-0.761719,0.486816,-7.141113,7.141113,-32.714844
13312,0.382324,-0.770996,0.491699,-5.249023,8.239746,-20.629883
13313,0.357422,-0.818359,0.491699,-2.014160,9.521484,-5.310059
13314,0.350098,-0.846680,0.484863,0.061035,10.192871,-2.685547
13315,0.367676,-0.850098,0.492676,2.014160,10.681152,-0.671387
13316,0.392090,-0.842285,0.516113,5.310059,7.812500,9.765625
13317,0.380859,-0.830078,0.508789,6.469727,4.882812,17.578125
13318,0.362305,-0.810059,0.498535,6.958008,2.502441,26.062012
13319,0.347168,-0.796387,0.484863,7.568359,0.793457,34.240723
13320,0.320801,-0.789551,0.453125,10.070801,2.014160,44.616699
13321,0.312988,-0.781738,0.451660,11.291504,6.164551,46.997070
13322,0.301270,-0.776367,0.467285,11.901855,10.864258,48.339844
13323,0.287598,-0.784180,0.490723,11.779785,14.526367,49.194336
13324,0.290527,-0.804199,0.522461,9.704590,16.845703,51.452637
13325,0.258789,-0.843750,0.540039,5.859375,13.610840,54.504395
13326,0.240234,-0.847656,0.549316,4.455566,10.131836,54.870605
13327,0.227051,-0.844727,0.543945,3.723145,6.530762,54.626465
13328,0.218750,-0.838867,0.540527,4.577637,3.967285,53.771973
13329,0.217773,-0.831543,0.537598,8.666992,2.624512,51.635742
13330,0.247070,-0.824707,0.520508,10.559082,4.821777,51.696777
13331,0.248047,-0.826172,0.520020,10.070801,8.666992,52.307129
13332,0.224609,-0.818848,0.508789,9.338379,13.061523,53.527832
13333,0.164062,-0.821777,0.492188,10.681152,19.592285,55.603027
13334,0.129883,-0.847656,0.511230,10.803223,20.385742,53.771973
13335,0.098633,-0.895020,0.537109,7.446289,19.653320,47.668457
13336,0.080078,-0.928711,0.548340,0.122070,19.592285,37.292480
13337,0.083984,-0.911133,0.543945,-12.939453,20.568848,16.784668
13338,0.093750,-0.884766,0.517090,-13.549805,23.010254,10.742188
13339,0.099121,-0.859375,0.507812,-11.230469,28.076172,7.934570
13340,0.076172,-0.834473,0.526855,-7.446289,41.442871,7.019043
13341,0.052246,-0.830078,0.551758,-7.202148,47.851562,6.347656
13342,0.031250,-0.842285,0.575684,-8.605957,52.734375,5.004883
13343,0.009277,-0.888672,0.583496,-15.502930,57.128906,0.610352
13344,0.012695,-0.887207,0.565918,-17.395020,55.114746,-0.976562
13345,0.019531,-0.871582,0.538574,-14.892578,49.987793,-0.305176
13346,0.033203,-0.848633,0.523926,-7.934570,42.480469,2.685547
13347,0.029785,-0.822266,0.482422,13.122559,26.977539,14.221191
13348,0.011719,-0.820801,0.479492,21.240234,24.475098,21.301270
13349,-0.038086,-0.856445,0.557129,23.254395,28.442383,33.874512
13350,-0.050781,-0.903320,0.586426,17.028809,31.372070,36.132812
13351,-0.057129,-0.938965,0.601074,8.789062,33.752441,33.813477
13352,-0.063477,-0.949219,0.598145,2.136230,34.484863,27.709961
13353,-0.087402,-0.934570,0.536621,1.342773,33.264160,9.826660
13354,-0.105469,-0.939941,0.507324,6.042480,34.057617,-1.892090
13355,-0.137695,-0.944824,0.506348,11.657715,36.132812,-15.441895
13356,-0.158203,-0.947266,0.534180,17.089844,38.452148,-29.113770
13357,-0.144531,-0.943359,0.623047,23.376465,36.254883,-49.072266
13358,-0.113770,-0.929199,0.638672,26.733398,31.433105,-51.940918
13359,-0.068359,-0.940430,0.630371,30.578613,26.611328,-51.330566
13360,0.011719,-0.938965,0.558105,38.696289,23.376465,-52.734375
13361,0.026855,-0.884277,0.494629,44.616699,28.015137,-56.213379
13362,0.048828,-0.803223,0.448730,51.940918,37.170410,-58.776855
13363,0.092773,-0.698242,0.350098,59.387207,51.635742,-57.556152
13364,0.170898,-0.504883,0.286621,72.509766,98.022461,-32.714844
13365,0.190430,-0.436523,0.424805,71.777344,113.098145,-8.239746
13366,0.189453,-0.418457,0.909668,34.851074,92.651367,53.649902
13367,0.186035,-0.501953,1.013184,0.366211,62.438965,84.106445
13368,0.178711,-0.624023,1.003418,-33.020020,30.151367,110.168457
13369,0.133789,-0.927246,0.718262,-71.655273,-22.888184,126.159668
13370,0.121582,-1.028809,0.527832,-65.734863,-35.766602,116.943359
13371,0.100586,-1.062988,0.415039,-42.419434,-42.907715,101.806641
13372,0.062012,-0.981934,0.385254,30.029297,-54.992676,70.190430
13373,0.061035,-0.889648,0.418945,56.457520,-60.607910,62.744141
13374,0.069824,-0.875488,0.542969,71.044922,-66.894531,55.664062
13375,0.100586,-0.842773,0.635254,70.495605,-76.843262,48.828125
13376,0.094727,-0.839355,0.664551,35.949707,-92.224121,31.616211
13377,0.049316,-0.817383,0.566406,9.094238,-85.937500,19.897461
13378,0.007812,-0.814941,0.492676,-14.099121,-72.753906,6.774902
13379,-0.015137,-0.774414,0.470703,-27.770996,-55.786133,-19.714355
13380,-0.031250,-0.734863,0.517578,-17.883301,-59.631348,-27.648926
13381,-0.043457,-0.702637,0.599609,-6.042480,-67.565918,-30.761719
13382,-0.042969,-0.681152,0.750000,-5.249023,-83.801270,-25.756836
13383,-0.032715,-0.712402,0.746094,-18.615723,-88.134766,-20.324707
13384,-0.035156,-0.788086,0.688477,-36.010742,-88.500977,-17.333984
13385,-0.046387,-0.893555,0.463867,-50.048828,-80.627441,-25.939941
13386,-0.028320,-0.888184,0.340332,-34.057617,-77.087402,-33.996582
13387,0.010254,-0.833984,0.246582,-2.380371,-75.195312,-41.381836
13388,0.065918,-0.662598,0.361816,70.190430,-73.669434,-46.813965
13389,0.081543,-0.612305,0.536621,86.730957,-73.303223,-43.457031
13390,0.082031,-0.636230,0.729492,81.359863,-72.021484,-38.146973
13391,0.061523,-0.728516,0.895020,56.701660,-68.420410,-35.949707
13392,0.085938,-0.803223,1.060059,-25.024414,-48.645020,-33.081055
13393,0.118164,-0.816895,1.043945,-62.133789,-36.132812,-26.733398
13394,0.130859,-0.846680,0.957031,-84.594727,-24.414062,-18.859863
13395,0.068848,-0.948242,0.678223,-70.434570,-4.577637,-10.314941
13396,0.015625,-1.020020,0.569824,-38.513184,2.502441,-13.122559
13397,-0.020508,-1.065430,0.491699,6.164551,6.347656,-21.972656
13398,-0.014160,-1.021484,0.576172,97.106934,0.488281,-46.020508
13399,0.020020,-0.953613,0.680176,119.201660,-8.300781,-53.527832
13400,0.078125,-0.874512,0.784180,120.117188,-19.653320,-54.443359
13401,0.183105,-0.743164,0.864258,86.425781,-46.386719,-37.902832
13402,0.208496,-0.713867,0.834961,65.917969,-55.908203,-25.268555
13403,0.223145,-0.665527,0.711914,35.522461,-56.823730,-3.540039
13404,0.240723,-0.643066,0.638184,23.559570,-46.081543,4.150391
13405,0.264648,-0.616699,0.596191,13.122559,-30.212402,10.375977
13406,0.275391,-0.599121,0.599609,2.929688,-13.183594,16.784668
13407,0.223145,-0.618652,0.640137,-16.967773,13.122559,26.916504
13408,0.185059,-0.631836,0.640137,-27.770996,24.658203,27.954102
13409,0.156250,-0.641113,0.623535,-37.231445,35.949707,26.550293
13410,0.118652,-0.663574,0.590820,-46.569824,56.274414,17.883301
13411,0.102539,-0.668945,0.616699,-45.654297,60.852051,12.207031
13412,0.066895,-0.732910,0.748535,-38.024902,48.339844,0.915527
13413,0.063965,-0.774414,0.805664,-32.470703,31.494141,-5.920410
13414,0.078613,-0.820801,0.836426,-27.404785,10.803223,-13.122559
13415,0.100586,-0.873047,0.824219,-21.362305,-10.681152,-21.423340
13416,0.150391,-0.867188,0.667969,3.356934,-36.376953,-37.963867
13417,0.204590,-0.819336,0.591797,19.592285,-36.499023,-42.480469
13418,0.260254,-0.749023,0.551758,35.095215,-29.785156,-44.311523
13419,0.309570,-0.633301,0.633301,45.349121,-9.887695,-39.794922
13420,0.305176,-0.621582,0.689453,40.649414,-4.943848,-36.560059
13421,0.312012,-0.614746,0.715332,32.714844,-2.746582,-34.057617
13422,0.353516,-0.589844,0.712402,10.437012,0.732422,-29.724121
13423,0.371582,-0.560059,0.673340,-3.234863,5.249023,-25.207520
13424,0.374512,-0.550781,0.622070,-15.563965,14.343262,-18.920898
13425,0.346191,-0.557617,0.558594,-28.442383,42.358398,-2.319336
13426,0.308105,-0.597656,0.574219,-26.306152,53.649902,6.469727
13427,0.252441,-0.676758,0.599121,-18.615723,58.349609,10.314941
13428,0.222168,-0.693359,0.647461,9.277344,51.025391,3.967285
13429,0.225586,-0.645996,0.694824,24.353027,40.222168,2.502441
13430,0.225098,-0.598145,0.724121,37.780762,26.306152,4.577637
13431,0.224121,-0.594238,0.734375,47.973633,13.000488,8.911133
13432,0.198242,-0.689453,0.717773,56.091309,-7.019043,7.202148
13433,0.191406,-0.707031,0.732910,55.236816,-13.000488,-0.366211
13434,0.186523,-0.699219,0.757324,51.574707,-18.371582,-9.887695
13435,0.226562,-0.646484,0.743652,36.254883,-18.676758,-25.451660
13436,0.249023,-0.623535,0.696289,27.954102,-11.657715,-29.357910
13437,0.275391,-0.598145,0.639648,21.301270,2.685547,-30.395508
13438,0.287109,-0.539551,0.738281,16.418457,22.521973,-18.737793
13439,0.246094,-0.557617,0.808105,16.601562,18.066406,-10.986328
13440,0.214355,-0.533203,0.829590,9.399414,9.033203,-5.187988
13441,0.213379,-0.534668,0.810547,-26.184082,-1.464844,2.441406
13442,0.212891,-0.650879,0.843262,-42.297363,-9.826660,3.112793
13443,0.195801,-0.750977,0.793945,-47.546387,-20.324707,-2.075195
13444,0.271973,-0.696777,0.602051,-14.648438,-29.479980,-11.962891
13445,0.331543,-0.623047,0.541504,12.878418,-20.812988,-9.277344
13446,0.387695,-0.542480,0.575684,34.606934,-5.920410,-1.831055
13447,0.400391,-0.517090,0.669434,43.518066,8.850098,7.568359
13448,0.283203,-0.622559,0.785156,40.588379,19.592285,11.718750
13449,0.238770,-0.680664,0.787598,39.245605,18.127441,2.563477
13450,0.225586,-0.697266,0.807129,41.137695,13.305664,-9.765625
13451,0.301270,-0.576660,0.766113,46.325684,1.770020,-22.583008
13452,0.330566,-0.540039,0.763672,43.212891,0.915527,-19.958496
13453,0.334961,-0.529785,0.800293,33.020020,2.441406,-14.343262
13454,0.311035,-0.561035,0.839844,4.028320,1.892090,-2.014160
13455,0.311523,-0.568359,0.841309,-7.995605,0.671387,2.624512
13456,0.305664,-0.581543,0.805664,-14.099121,-1.037598,5.798340
13457,0.297852,-0.570801,0.715820,-5.310059,1.708984,6.713867
13458,0.292480,-0.556641,0.726074,3.784180,5.004883,7.507324
13459,0.275391,-0.560547,0.759766,10.437012,6.958008,7.873535
13460,0.236328,-0.592285,0.831055,15.075684,4.821777,3.723145
13461,0.222656,-0.610840,0.864258,13.610840,0.122070,-0.793457
13462,0.211914,-0.631348,0.867676,11.413574,-6.347656,-6.530762
13463,0.216309,-0.639648,0.856934,10.192871,-12.390137,-12.329102
13464,0.265137,-0.590332,0.808105,8.666992,-18.005371,-18.615723
13465,0.270996,-0.566895,0.798340,10.803223,-16.601562,-17.883301
13466,0.272461,-0.565918,0.812988,13.305664,-14.709473,-16.479492
13467,0.283203,-0.568848,0.829590,15.380859,-11.169434,-16.357422
13468,0.290039,-0.557617,0.847168,13.549805,-9.887695,-15.686035
13469,0.298340,-0.532715,0.857422,8.850098,-9.155273,-13.305664
13470,0.292969,-0.523438,0.827637,-4.882812,-7.385254,-5.615234
13471,0.286621,-0.531738,0.812012,-10.986328,-6.652832,-1.586914
13472,0.279297,-0.543457,0.790039,-14.526367,-6.103516,2.197266
13473,0.281250,-0.555664,0.769531,-15.869141,-5.615234,5.920410
13474,0.291992,-0.570801,0.755859,-13.122559,-6.286621,12.390137
13475,0.294922,-0.570312,0.762207,-11.535645,-8.911133,14.343262
13476,0.290527,-0.559082,0.749512,-9.155273,-13.977051,15.197754
13477,0.296875,-0.555664,0.745605,-10.620117,-13.305664,14.404297
13478,0.293457,-0.569824,0.748047,-12.878418,-11.596680,11.779785
13479,0.298340,-0.561523,0.731445,-14.099121,-4.394531,5.737305
13480,0.296875,-0.561035,0.748047,-13.916016,-0.061035,4.760742
13481,0.294434,-0.571777,0.766602,-12.451172,1.647949,4.333496
13482,0.281738,-0.584961,0.750488,-7.812500,0.610352,2.136230
13483,0.279297,-0.575684,0.746094,-4.516602,-0.183105,1.098633
13484,0.288574,-0.574219,0.770020,-1.953125,-4.760742,-1.831055
13485,0.296387,-0.569824,0.775879,-6.774902,-6.103516,-3.906250
13486,0.304199,-0.574219,0.786621,-15.930176,-5.432129,-5.920410
13487,0.302734,-0.589355,0.791016,-26.611328,-2.563477,-7.446289
13488,0.300293,-0.606445,0.797363,-35.766602,1.220703,-8.117676
13489,0.291992,-0.640625,0.797852,-40.466309,3.784180,-6.103516
13490,0.285156,-0.673340,0.766602,-32.653809,2.807617,-5.126953
13491,0.270508,-0.693359,0.745605,-18.676758,1.281738,-5.798340
13492,0.269043,-0.667969,0.754883,13.793945,-5.859375,-7.568359
13493,0.278320,-0.639648,0.765137,22.460938,-10.192871,-7.141113
13494,0.286133,-0.615723,0.765137,22.827148,-12.817383,-5.065918
13495,0.299316,-0.581055,0.737793,5.371094,-9.887695,2.929688
13496,0.294434,-0.573730,0.730469,-4.577637,-7.690430,7.629395
13497,0.287598,-0.575195,0.713867,-10.192871,-7.385254,12.268066
13498,0.283691,-0.585449,0.700195,-10.681152,-8.911133,16.662598
13499,0.280273,-0.612793,0.670410,-2.685547,-14.221191,22.705078
13500,0.280762,-0.621094,0.683594,0.610352,-15.869141,24.108887
13501,0.303711,-0.612793,0.703125,-3.173828,-11.718750,27.282715
13502,0.327148,-0.592773,0.695801,-8.789062,-5.126953,31.127930
13503,0.338379,-0.585938,0.686035,-12.756348,2.685547,35.644531
13504,0.330566,-0.584473,0.684570,-13.977051,10.253906,39.184570
13505,0.284668,-0.605469,0.742676,-10.437012,17.395020,37.902832
13506,0.265137,-0.622559,0.759277,-6.713867,15.991211,32.714844
13507,0.250977,-0.639160,0.780273,-4.455566,13.732910,25.878906
13508,0.245117,-0.678223,0.818848,-12.023926,10.192871,14.099121
13509,0.250977,-0.681641,0.807129,-20.751953,9.887695,11.779785
13510,0.258789,-0.681641,0.776855,-27.404785,10.620117,11.962891
13511,0.258789,-0.684082,0.742188,-28.930664,11.535645,13.183594
13512,0.245117,-0.676270,0.707520,-19.714355,11.657715,13.122559
13513,0.249023,-0.679688,0.723145,-14.343262,7.568359,9.521484
13514,0.223633,-0.655762,0.711914,-11.596680,6.408691,5.798340
13515,0.227539,-0.638672,0.741699,-11.657715,7.873535,5.493164
13516,0.233887,-0.657227,0.750488,-14.587402,7.690430,9.948730
13517,0.228027,-0.705078,0.742188,-18.493652,7.019043,16.540527
13518,0.191406,-0.781250,0.711426,-22.583008,3.967285,25.695801
13519,0.186523,-0.777832,0.687988,-20.385742,2.563477,26.062012
13520,0.193848,-0.752441,0.678711,-16.723633,1.525879,24.353027
13521,0.202148,-0.721680,0.682617,-13.488770,0.732422,21.911621
13522,0.228027,-0.682617,0.712891,-14.343262,-1.037598,19.714355
13523,0.240723,-0.673340,0.702637,-13.427734,-2.746582,20.690918
13524,0.255371,-0.674805,0.666992,-5.371094,-3.173828,23.376465
13525,0.251953,-0.702637,0.625977,24.475098,3.601074,26.489258
13526,0.236328,-0.703125,0.650879,33.630371,8.972168,27.465820
13527,0.225586,-0.691895,0.700195,35.827637,12.390137,28.808594
13528,0.212891,-0.666992,0.748047,23.620605,10.925293,32.958984
13529,0.205078,-0.650391,0.746094,14.160156,7.873535,34.484863
13530,0.202637,-0.635742,0.733398,3.479004,5.859375,35.095215
13531,0.199707,-0.627930,0.742676,-19.531250,5.493164,35.278320
13532,0.191895,-0.636719,0.745117,-30.151367,5.920410,36.193848
13533,0.184082,-0.654297,0.740234,-38.391113,5.615234,37.780762
13534,0.168457,-0.678223,0.724121,-42.114258,3.845215,39.306641
13535,0.135254,-0.713867,0.677246,-36.743164,0.549316,39.001465
13536,0.125488,-0.726562,0.672852,-31.433105,-0.488281,36.499023
13537,0.117676,-0.744629,0.681641,-26.123047,-2.441406,32.348633
13538,0.091309,-0.764160,0.682129,-12.145996,-9.399414,21.484375
13539,0.091309,-0.758789,0.672363,-5.737305,-12.878418,16.479492
13540,0.110352,-0.721680,0.666992,-2.197266,-15.136719,12.451172
13541,0.120605,-0.721680,0.674316,-4.638672,-14.160156,11.840820
13542,0.124512,-0.724609,0.685059,-8.056641,-13.427734,11.352539
13543,0.121094,-0.735840,0.695312,-12.939453,-16.418457,9.094238
13544,0.120605,-0.773926,0.674316,-11.901855,-18.310547,6.774902
13545,0.120605,-0.787598,0.642578,-4.821777,-18.615723,3.234863
13546,0.118652,-0.780762,0.638672,13.427734,-11.413574,-4.089355
13547,0.123047,-0.759277,0.665039,17.028809,-6.835938,-5.493164
13548,0.131836,-0.732422,0.689453,14.343262,-2.868652,-4.699707
13549,0.141602,-0.711426,0.694824,6.408691,0.610352,-2.014160
13550,0.125977,-0.709961,0.663086,-10.803223,5.371094,4.089355
13551,0.110352,-0.722656,0.646484,-13.305664,5.371094,5.187988
13552,0.096191,-0.743652,0.669434,-9.582520,2.075195,1.708984
13553,0.101562,-0.743164,0.687012,-6.896973,-2.441406,-0.732422
13554,0.110840,-0.741699,0.696777,-5.126953,-7.202148,-2.258301
13555,0.123535,-0.756836,0.690430,-2.746582,-13.671875,-1.892090
13556,0.123047,-0.779785,0.661133,5.187988,-14.038086,-1.708984
13557,0.117188,-0.808105,0.630371,20.324707,-12.145996,-3.723145
13558,0.097656,-0.811035,0.584473,38.330078,-5.981445,-8.300781
13559,0.108398,-0.736816,0.637207,57.861328,13.732910,-14.404297
13560,0.132324,-0.683105,0.694824,54.138184,18.981934,-13.977051
13561,0.145996,-0.641113,0.741699,43.212891,20.263672,-10.742188
13562,0.137207,-0.622070,0.777832,14.587402,14.038086,-0.366211
13563,0.120605,-0.653320,0.770996,1.708984,8.728027,2.929688
13564,0.109375,-0.685547,0.749023,-8.239746,3.784180,3.479004
13565,0.108887,-0.695312,0.684570,-15.319824,-1.647949,1.464844
13566,0.113770,-0.695312,0.666504,-13.366699,-1.708984,1.708984
13567,0.113770,-0.708984,0.669922,-10.375977,-1.220703,2.563477
13568,0.110840,-0.725098,0.704102,-10.437012,-2.197266,2.197266
13569,0.113281,-0.724609,0.700195,-13.000488,-3.601074,0.854492
13570,0.122070,-0.714844,0.686035,-16.113281,-7.568359,-3.356934
13571,0.127930,-0.702148,0.691895,-18.859863,-8.728027,-5.004883
13572,0.133789,-0.697754,0.707031,-22.460938,-9.399414,-5.859375
13573,0.142578,-0.714355,0.708008,-22.583008,-9.887695,-6.469727
13574,0.141113,-0.775879,0.704102,-7.995605,-8.422852,-9.582520
13575,0.136719,-0.790039,0.705078,1.708984,-7.507324,-11.169434
13576,0.130371,-0.788574,0.695801,11.596680,-6.896973,-11.901855
13577,0.130371,-0.760254,0.676270,25.024414,-5.493164,-12.695312
13578,0.124023,-0.754883,0.687500,25.268555,-4.638672,-14.038086
13579,0.116211,-0.753906,0.703125,22.705078,-5.249023,-17.333984
13580,0.134277,-0.719727,0.689941,18.859863,-8.239746,-25.268555
13581,0.150879,-0.697266,0.681152,16.540527,-7.629395,-27.648926
13582,0.166016,-0.678223,0.691895,12.695312,-5.798340,-28.564453
13583,0.178223,-0.652344,0.768555,-3.112793,-4.150391,-25.756836
13584,0.187012,-0.655273,0.775391,-13.610840,-4.638672,-21.789551
13585,0.192383,-0.663086,0.748535,-23.010254,-4.272461,-16.052246
13586,0.202148,-0.688477,0.662598,-28.747559,1.281738,-2.441406
13587,0.201172,-0.696777,0.652832,-22.888184,3.112793,2.807617
13588,0.185547,-0.703125,0.663086,-14.892578,2.807617,5.432129
13589,0.166504,-0.714355,0.682617,-7.690430,0.488281,5.249023
13590,0.150879,-0.728516,0.691406,-2.441406,-3.234863,2.685547
13591,0.152832,-0.733398,0.679688,1.098633,-8.483887,-5.432129
13592,0.161621,-0.723145,0.681641,0.976562,-9.582520,-8.544922
13593,0.175293,-0.708984,0.676758,-0.183105,-9.094238,-10.375977
13594,0.200684,-0.699219,0.652344,8.300781,-2.807617,-10.864258
13595,0.203125,-0.700684,0.677246,14.831543,0.793457,-10.314941
13596,0.206543,-0.709473,0.724609,19.042969,4.577637,-5.554199
13597,0.208496,-0.713867,0.745117,16.174316,2.929688,-2.258301
13598,0.204102,-0.711914,0.752441,12.084961,-0.549316,0.122070
13599,0.189453,-0.702637,0.714355,7.385254,-7.812500,0.671387
13600,0.184570,-0.699707,0.696777,6.774902,-8.850098,-0.793457
13601,0.190918,-0.691895,0.688477,5.554199,-7.934570,-2.746582
13602,0.200684,-0.654785,0.708496,-0.671387,-2.807617,-2.929688
13603,0.200195,-0.670898,0.720703,-5.920410,-1.159668,-1.586914
13604,0.189941,-0.689453,0.716797,-11.413574,-0.488281,-1.281738
13605,0.184082,-0.697266,0.707031,-14.770508,-0.732422,-1.892090
13606,0.185547,-0.702637,0.665527,-11.962891,-3.601074,-3.906250
13607,0.188965,-0.702148,0.649414,-8.728027,-4.455566,-5.493164
13608,0.196289,-0.687012,0.650391,-6.103516,-4.638672,-6.774902
13609,0.217773,-0.643066,0.692871,-6.225586,-6.469727,-4.577637
13610,0.227051,-0.638672,0.710938,-8.972168,-7.934570,-1.647949
13611,0.226562,-0.649902,0.720215,-12.634277,-8.789062,1.525879
13612,0.224609,-0.684570,0.699707,-17.761230,-8.239746,5.737305
13613,0.223633,-0.703613,0.680176,-18.920898,-5.737305,6.896973
13614,0.221680,-0.723145,0.656738,-17.944336,-2.380371,6.774902
13615,0.202637,-0.744629,0.659180,-4.394531,2.136230,1.953125
13616,0.204102,-0.744629,0.681641,1.708984,1.892090,-1.220703
13617,0.210449,-0.751953,0.689941,5.554199,0.000000,-4.028320
13618,0.223145,-0.762207,0.686523,6.591797,-3.234863,-9.277344
13619,0.231934,-0.743164,0.673828,4.638672,-2.319336,-11.230469
13620,0.238281,-0.712402,0.678711,3.234863,-0.976562,-11.230469
13621,0.248535,-0.687012,0.674805,4.333496,-1.525879,-9.094238
13622,0.254883,-0.651367,0.663086,9.277344,-5.859375,-1.647949
13623,0.249512,-0.647949,0.670898,9.277344,-8.605957,2.563477
13624,0.249023,-0.655273,0.682129,6.774902,-11.047363,6.164551
13625,0.250977,-0.671387,0.685547,2.441406,-12.268066,9.033203
13626,0.259277,-0.686035,0.663086,-6.103516,-8.483887,12.756348
13627,0.244629,-0.698730,0.658691,-7.446289,0.000000,13.000488
13628,0.236328,-0.708008,0.666016,-7.385254,3.540039,10.986328
13629,0.221191,-0.718750,0.685547,-7.873535,4.760742,3.784180
13630,0.195801,-0.731934,0.698242,-7.812500,3.234863,-0.061035
13631,0.197266,-0.724121,0.680664,-6.958008,2.258301,-2.807617
13632,0.202637,-0.711426,0.665527,-5.554199,2.197266,-3.601074
13633,0.211914,-0.693848,0.639648,-4.089355,4.638672,0.671387
13634,0.210938,-0.691895,0.655273,-3.906250,4.943848,4.333496
13635,0.200195,-0.707031,0.679199,-6.713867,0.915527,10.864258
13636,0.204102,-0.718750,0.676270,-8.178711,-0.915527,13.427734
13637,0.212891,-0.729004,0.661621,-7.934570,-1.525879,16.113281
13638,0.219727,-0.738770,0.647461,-5.310059,-1.037598,18.859863
13639,0.218262,-0.757812,0.651367,2.258301,0.915527,22.949219
13640,0.206543,-0.771973,0.661621,3.479004,2.258301,22.705078
13641,0.193848,-0.782715,0.662598,2.441406,3.906250,20.690918
13642,0.189941,-0.776367,0.656738,0.915527,5.310059,17.578125
13643,0.189941,-0.769531,0.622559,5.187988,6.835938,10.009766
13644,0.193848,-0.770996,0.600586,18.310547,9.460449,5.065918
13645,0.195312,-0.771484,0.591309,33.874512,14.526367,-0.915527
13646,0.197754,-0.741211,0.702637,41.748047,25.573730,-8.728027
13647,0.208008,-0.720215,0.758301,30.822754,26.245117,-8.178711
13648,0.211914,-0.714844,0.787109,16.235352,23.559570,-5.187988
13649,0.199219,-0.723633,0.732422,0.244141,12.512207,0.976562
13650,0.187988,-0.744141,0.714355,-0.305176,8.850098,1.770020
13651,0.179199,-0.763184,0.727051,-2.990723,7.995605,-2.929688
13652,0.186035,-0.743652,0.740723,-7.812500,9.826660,-5.615234
13653,0.189941,-0.736328,0.749512,-12.695312,12.084961,-7.324219
13654,0.190918,-0.739746,0.747559,-16.845703,14.770508,-8.422852
13655,0.187012,-0.747559,0.701660,-25.451660,21.240234,-9.033203
13656,0.182617,-0.735352,0.691406,-28.686523,23.925781,-8.178711
13657,0.183105,-0.729492,0.678223,-28.442383,25.573730,-6.164551
13658,0.176758,-0.766602,0.677246,-13.671875,27.709961,-4.089355
13659,0.181152,-0.769043,0.675781,-7.751465,28.930664,-3.112793
13660,0.183105,-0.731445,0.682129,-0.976562,29.296875,2.441406
13661,0.179199,-0.708496,0.706055,-3.112793,26.672363,5.981445
13662,0.173340,-0.703125,0.723145,-8.544922,23.071289,8.544922
13663,0.165039,-0.724121,0.728027,-14.099121,18.554688,8.666992
13664,0.142578,-0.770508,0.691406,-18.432617,13.000488,-0.732422
13665,0.135254,-0.774902,0.679688,-18.127441,14.160156,-8.605957
13666,0.129395,-0.770996,0.690430,-17.944336,17.700195,-17.028809
13667,0.136230,-0.763184,0.716309,-21.667480,26.428223,-31.677246
13668,0.140625,-0.750488,0.708984,-24.353027,29.174805,-35.949707
13669,0.141113,-0.729492,0.686035,-25.329590,29.479980,-37.353516
13670,0.125488,-0.711426,0.646484,-22.216797,23.071289,-33.813477
13671,0.125488,-0.694336,0.626953,-20.507812,18.981934,-30.212402
13672,0.133789,-0.656250,0.636230,-20.568848,15.563965,-24.780273
13673,0.146484,-0.636230,0.649414,-24.291992,13.366699,-17.333984
13674,0.159668,-0.675781,0.656738,-32.592773,9.094238,-2.197266
13675,0.166016,-0.699707,0.619629,-31.677246,6.652832,3.967285
13676,0.152344,-0.726074,0.548828,-19.714355,7.629395,11.596680
13677,0.136719,-0.736816,0.536133,-11.352539,10.620117,12.145996
13678,0.120605,-0.752441,0.537109,-1.281738,14.526367,9.582520
13679,0.101562,-0.755371,0.562012,5.310059,18.554688,4.272461
13680,0.086914,-0.713379,0.610840,4.638672,24.536133,-6.164551
13681,0.090820,-0.686035,0.616699,0.854492,25.329590,-9.826660
13682,0.090820,-0.667969,0.604980,-3.234863,25.268555,-13.183594
13683,0.047852,-0.680664,0.585449,-8.911133,26.184082,-21.667480
13684,0.020020,-0.705566,0.598145,-11.657715,26.672363,-27.282715
13685,0.019531,-0.732422,0.636719,-16.174316,26.550293,-34.729004
13686,0.027344,-0.730469,0.657227,-17.333984,24.597168,-35.583496
13687,0.030273,-0.724121,0.668945,-17.150879,22.094727,-35.095215
13688,0.033691,-0.717285,0.664062,-16.174316,20.263672,-33.630371
13689,0.040527,-0.734375,0.638672,-11.413574,21.179199,-29.785156
13690,0.043457,-0.743652,0.637695,-8.789062,21.850586,-27.526855
13691,0.051270,-0.757324,0.650391,-5.004883,20.019531,-20.996094
13692,0.050293,-0.778320,0.664551,-4.943848,17.578125,-17.150879
13693,0.052246,-0.806641,0.670410,-3.662109,14.892578,-14.099121
13694,0.089844,-0.853027,0.708008,-0.732422,9.521484,-10.131836
13695,0.116211,-0.872559,0.740723,0.732422,5.187988,-8.300781
13696,0.138672,-0.887207,0.780762,2.197266,-0.305176,-5.920410
13697,0.157715,-0.899902,0.791992,2.502441,-5.371094,-2.197266
13698,0.167969,-0.931641,0.737305,10.620117,-10.009766,5.371094
13699,0.157227,-0.941895,0.709473,20.935059,-11.596680,5.432129
13700,0.153320,-0.928711,0.683594,31.555176,-13.427734,2.380371
13701,0.158203,-0.832031,0.671875,34.057617,-13.549805,-6.164551
13702,0.163086,-0.787109,0.672363,23.559570,-11.779785,-9.216309
13703,0.171875,-0.749512,0.658691,6.713867,-8.483887,-11.108398
13704,0.175781,-0.720215,0.593750,-30.700684,5.004883,-10.253906
13705,0.166504,-0.725586,0.561523,-43.823242,11.901855,-7.690430
13706,0.147949,-0.733887,0.531738,-49.560547,16.418457,-4.089355
13707,0.103027,-0.750488,0.488281,-40.710449,17.089844,3.417969
13708,0.071289,-0.760254,0.509277,-31.799316,13.610840,4.821777
13709,0.044434,-0.770508,0.535156,-23.864746,8.056641,4.577637
13710,0.033203,-0.772949,0.557129,-14.465332,-2.380371,3.234863
13711,0.047852,-0.755859,0.598633,-12.268066,-5.676270,4.577637
13712,0.066895,-0.746582,0.611328,-11.108398,-7.202148,7.568359
13713,0.075684,-0.746582,0.627930,-11.169434,-6.958008,10.803223
13714,0.075195,-0.772461,0.652344,-14.038086,-4.150391,11.779785
13715,0.080566,-0.786621,0.641602,-13.183594,-1.586914,8.911133
13716,0.079102,-0.802734,0.634766,-9.094238,1.342773,4.272461
13717,0.085938,-0.810059,0.627930,0.854492,4.516602,-5.798340
13718,0.097656,-0.806152,0.624512,2.563477,5.065918,-9.033203
13719,0.112305,-0.795410,0.626465,1.220703,5.432129,-9.704590
13720,0.122559,-0.804199,0.626465,-2.563477,3.784180,-5.615234
13721,0.126465,-0.805664,0.618164,-4.333496,3.295898,-4.028320
13722,0.125977,-0.806641,0.624023,-6.408691,3.356934,-2.746582
13723,0.118164,-0.835938,0.629883,-11.413574,3.234863,-2.014160
13724,0.114258,-0.853027,0.615723,-11.352539,2.746582,-2.014160
13725,0.110352,-0.864746,0.598145,-9.033203,2.136230,-2.014160
13726,0.105469,-0.867188,0.584961,-5.004883,0.610352,-0.610352
13727,0.113770,-0.854004,0.573242,-2.441406,-0.366211,1.281738
13728,0.114258,-0.845215,0.567871,2.075195,-1.708984,2.929688
13729,0.102539,-0.837891,0.582031,5.310059,-3.662109,0.793457
13730,0.111328,-0.819336,0.586426,1.586914,-2.685547,-1.525879
13731,0.120605,-0.797363,0.590332,-4.516602,-0.915527,-2.563477
13732,0.128906,-0.778809,0.587402,-11.169434,1.281738,0.854492
13733,0.127930,-0.760742,0.550293,-9.399414,1.647949,4.028320
13734,0.118652,-0.760254,0.547363,-6.225586,1.831055,6.713867
13735,0.111816,-0.754395,0.552734,-3.906250,1.586914,8.605957
13736,0.101074,-0.741699,0.573242,-3.723145,-0.549316,11.779785
13737,0.093750,-0.752930,0.586914,-3.479004,-3.173828,12.329102
13738,0.086914,-0.771973,0.591797,-4.028320,-5.310059,10.986328
13739,0.081055,-0.805176,0.566895,-5.187988,-4.394531,3.356934
13740,0.078613,-0.815918,0.565430,-4.272461,-1.403809,-1.342773
13741,0.080566,-0.821777,0.579590,-2.990723,1.464844,-5.493164
13742,0.092285,-0.830078,0.591309,-2.014160,3.723145,-8.605957
13743,0.104492,-0.837891,0.605957,-1.159668,7.446289,-11.291504
13744,0.100098,-0.846191,0.611816,-0.732422,7.873535,-11.413574
13745,0.099609,-0.852539,0.613770,-0.244141,7.385254,-11.352539
13746,0.104492,-0.852051,0.611816,0.488281,6.469727,-11.230469
13747,0.107422,-0.834473,0.622070,0.732422,3.295898,-10.498047
13748,0.105469,-0.836426,0.629395,0.183105,1.037598,-9.094238
13749,0.124512,-0.826660,0.587891,-2.380371,-1.586914,-3.295898
13750,0.130859,-0.810059,0.572754,-3.173828,-0.976562,0.915527
13751,0.134277,-0.799316,0.575195,-4.699707,-0.183105,4.943848
13752,0.122070,-0.800781,0.575195,-10.253906,1.037598,9.216309
13753,0.117676,-0.811035,0.579102,-12.512207,1.220703,9.521484
13754,0.121582,-0.819336,0.571777,-13.122559,0.854492,9.033203
13755,0.122559,-0.826660,0.564453,-7.568359,-0.671387,6.591797
13756,0.116699,-0.830078,0.563477,-3.906250,-1.647949,4.699707
13757,0.116211,-0.824219,0.561523,-1.708984,-2.136230,2.380371
13758,0.112305,-0.801758,0.558594,-3.356934,0.244141,-3.234863
13759,0.105957,-0.801758,0.560547,-6.408691,2.197266,-6.774902
13760,0.106934,-0.797852,0.564941,-9.155273,3.356934,-10.437012
13761,0.101562,-0.826660,0.577637,-11.718750,2.807617,-17.578125
13762,0.099609,-0.840332,0.574219,-12.023926,1.220703,-22.033691
13763,0.100098,-0.848145,0.563477,-11.169434,-0.122070,-26.672363
13764,0.119141,-0.832520,0.566895,-6.042480,-1.831055,-33.752441
13765,0.137695,-0.812988,0.578613,-3.906250,-2.380371,-34.484863
13766,0.153809,-0.796875,0.587891,-3.051758,-3.051758,-33.142090
13767,0.159668,-0.791992,0.587402,-2.807617,-4.028320,-30.578613
13768,0.161621,-0.795410,0.581055,-2.319336,-4.760742,-27.526855
13769,0.163086,-0.810059,0.575684,-1.464844,-4.577637,-23.254395
13770,0.172852,-0.814941,0.575195,-1.281738,-4.394531,-22.338867
13771,0.178223,-0.829102,0.585938,-4.211426,-4.150391,-24.169922
13772,0.182129,-0.836426,0.580566,-8.483887,-3.173828,-26.000977
13773,0.191895,-0.833496,0.573730,-12.695312,-2.014160,-27.709961
13774,0.197754,-0.826172,0.561035,-15.991211,-1.037598,-28.686523
13775,0.212402,-0.800781,0.535156,-15.502930,0.610352,-26.245117
13776,0.215820,-0.790039,0.525391,-12.023926,1.037598,-22.888184
13777,0.202637,-0.806641,0.535156,-4.211426,0.610352,-16.296387
13778,0.199707,-0.815918,0.539062,-1.464844,-0.122070,-15.197754
13779,0.202637,-0.803711,0.538086,0.000000,-0.183105,-15.136719
13780,0.210449,-0.768066,0.543945,0.000000,2.136230,-13.549805
13781,0.214844,-0.763672,0.557129,-1.831055,3.540039,-11.047363
13782,0.223633,-0.766113,0.567871,-4.394531,4.211426,-6.958008
13783,0.240723,-0.786133,0.555176,-7.995605,6.042480,5.920410
13784,0.243164,-0.797363,0.563965,-8.422852,6.530762,13.183594
13785,0.234375,-0.813477,0.574219,-7.446289,5.187988,19.104004
13786,0.206543,-0.805664,0.567871,-3.540039,-0.366211,26.367188
13787,0.203125,-0.798340,0.546875,-4.943848,-0.610352,30.883789
13788,0.196289,-0.804688,0.535156,-6.835938,0.854492,32.470703
13789,0.190918,-0.815918,0.524414,-8.178711,3.051758,33.691406
13790,0.184082,-0.817871,0.525391,-8.117676,6.835938,35.522461
13791,0.183105,-0.810059,0.526855,-7.385254,7.385254,37.109375
13792,0.177246,-0.811035,0.530762,-7.019043,7.385254,38.635254
13793,0.170898,-0.808594,0.532715,-7.507324,7.141113,39.733887
13794,0.152832,-0.798828,0.543457,-12.695312,5.737305,41.687012
13795,0.143555,-0.793457,0.536621,-16.052246,5.187988,43.395996
13796,0.126465,-0.806641,0.526367,-18.127441,3.112793,48.522949
13797,0.116699,-0.811523,0.507812,-16.052246,1.892090,50.659180
13798,0.102051,-0.810059,0.499023,-12.390137,1.770020,53.039551
13799,0.089355,-0.817871,0.500977,-4.577637,2.624512,56.945801
13800,0.068848,-0.871582,0.527344,-2.502441,2.685547,56.823730
13801,0.053711,-0.902344,0.532227,-1.770020,2.258301,54.077148
13802,0.034180,-0.912598,0.528809,-1.098633,2.319336,48.889160
13803,0.025391,-0.888184,0.505371,1.953125,3.051758,37.963867
13804,0.027832,-0.878418,0.505859,4.455566,3.479004,33.325195
13805,0.028809,-0.865723,0.510254,5.615234,3.417969,29.846191
13806,0.034668,-0.856934,0.524902,4.638672,3.234863,27.770996
13807,0.047363,-0.832520,0.529297,-2.014160,2.502441,28.747559
13808,0.039551,-0.836914,0.529297,-4.394531,2.441406,31.250000
13809,0.025391,-0.865723,0.523926,-4.882812,2.014160,33.081055
13810,0.007812,-0.903320,0.496094,-3.112793,2.807617,32.409668
13811,-0.007812,-0.922363,0.494629,5.615234,8.666992,23.498535
13812,0.021484,-0.896484,0.536621,9.704590,8.850098,19.470215
13813,0.020020,-0.855469,0.547852,11.779785,6.103516,19.287109
13814,-0.017090,-0.831543,0.553223,9.582520,0.488281,24.291992
13815,-0.011719,-0.833008,0.546875,7.568359,-2.441406,27.648926
13816,-0.014648,-0.840332,0.541992,5.126953,-4.211426,30.273438
13817,-0.037598,-0.874512,0.548340,-1.586914,-4.943848,29.907227
13818,-0.042480,-0.879395,0.537109,-4.089355,-4.089355,26.489258
13819,-0.039551,-0.863281,0.512207,-2.990723,-3.417969,19.287109
13820,-0.039062,-0.854004,0.497559,0.549316,-4.089355,16.784668
13821,-0.051270,-0.848145,0.489258,3.845215,-4.516602,14.770508
13822,-0.060547,-0.853516,0.504883,5.737305,-5.310059,12.878418
13823,-0.068848,-0.867188,0.514160,6.286621,-6.652832,10.803223
13824,-0.073730,-0.894043,0.531738,4.211426,-6.958008,5.065918
13825,-0.069824,-0.901855,0.546875,3.723145,-6.774902,1.831055
13826,-0.068359,-0.910156,0.555664,4.089355,-6.896973,-1.525879
13827,-0.071289,-0.932129,0.553223,7.080078,-7.324219,-9.826660
13828,-0.082031,-0.946289,0.556152,8.605957,-7.873535,-16.296387
13829,-0.081055,-0.954102,0.543457,9.887695,-9.948730,-33.386230
13830,-0.068359,-0.930176,0.525391,11.901855,-10.253906,-41.748047
13831,-0.050781,-0.895996,0.514160,14.831543,-9.887695,-48.278809
13832,-0.010742,-0.854492,0.527344,14.465332,-5.859375,-56.030273
13833,0.000488,-0.860352,0.559570,7.263184,-3.662109,-60.363770
13834,0.007812,-0.868164,0.581055,-4.882812,-1.953125,-65.979004
13835,0.044922,-0.846191,0.544434,-24.841309,-0.366211,-77.758789
13836,0.059570,-0.817871,0.522949,-28.564453,0.915527,-82.092285
13837,0.069824,-0.792969,0.498535,-30.212402,3.234863,-85.266113
13838,0.092773,-0.798340,0.499512,-25.939941,7.873535,-85.021973
13839,0.097168,-0.839844,0.515137,-22.033691,8.605957,-84.167480
13840,0.103027,-0.879883,0.527832,-18.920898,8.544922,-84.350586
13841,0.115723,-0.896973,0.522461,-15.869141,8.117676,-84.960938
13842,0.146484,-0.857422,0.516602,-5.126953,4.394531,-83.740234
13843,0.158691,-0.840820,0.531738,3.295898,-2.075195,-82.885742
13844,0.159180,-0.833984,0.520508,25.085449,-22.338867,-85.754395
13845,0.156250,-0.844727,0.531250,32.348633,-32.409668,-90.026855
13846,0.177246,-0.831543,0.561523,33.386230,-40.283203,-94.360352
13847,0.250000,-0.762695,0.571777,20.507812,-44.555664,-94.665527
13848,0.295410,-0.736816,0.550293,10.131836,-38.208008,-89.233398
13849,0.330078,-0.736328,0.529785,-0.610352,-28.198242,-81.420898
13850,0.348145,-0.753906,0.510254,-10.009766,-17.395020,-74.218750
13851,0.354980,-0.770508,0.478516,-19.226074,0.854492,-66.894531
13852,0.343262,-0.748047,0.485840,-15.197754,8.728027,-61.218262
13853,0.340332,-0.757812,0.505859,-11.108398,7.080078,-59.997559
13854,0.336914,-0.747559,0.513672,-7.324219,3.112793,-60.424805
13855,0.347168,-0.744629,0.527344,-6.286621,-3.906250,-55.725098
13856,0.409180,-0.748047,0.536621,-9.216309,-5.310059,-46.875000
13857,0.438965,-0.731934,0.534180,-13.244629,-5.981445,-33.691406
13858,0.446289,-0.722656,0.524902,-16.662598,-5.615234,-19.042969
13859,0.398926,-0.763184,0.485840,-17.211914,-0.061035,-0.244141
13860,0.376953,-0.798340,0.464355,-11.535645,4.699707,0.366211
13861,0.377930,-0.803223,0.452637,-2.197266,11.413574,-0.427246
13862,0.405273,-0.753906,0.500488,11.718750,23.437500,6.958008
13863,0.404785,-0.740234,0.533691,10.925293,23.986816,14.770508
13864,0.394043,-0.733887,0.554199,4.943848,20.080566,23.620605
13865,0.382324,-0.732910,0.550781,-3.479004,13.732910,32.470703
13866,0.369141,-0.748535,0.524414,-15.686035,3.173828,45.349121
13867,0.358398,-0.770508,0.512207,-16.784668,0.671387,48.156738
13868,0.342285,-0.833496,0.512207,-3.662109,5.249023,43.090820
13869,0.338867,-0.845703,0.525391,0.549316,6.835938,39.367676
13870,0.338867,-0.834473,0.523926,1.586914,7.812500,37.780762
13871,0.331055,-0.806641,0.508301,2.868652,9.033203,39.733887
13872,0.315430,-0.769043,0.482910,13.183594,15.380859,51.269531
13873,0.298340,-0.773926,0.491699,19.104004,18.371582,56.030273
13874,0.280762,-0.784180,0.503418,23.254395,19.714355,57.983398
13875,0.249512,-0.793945,0.551270,26.000977,13.122559,54.382324
13876,0.238281,-0.788574,0.556641,25.024414,8.056641,51.635742
13877,0.250000,-0.775391,0.556152,23.864746,5.432129,51.696777
13878,0.268066,-0.750977,0.573730,15.930176,4.821777,62.622070
13879,0.257812,-0.743652,0.560547,10.131836,6.286621,71.960449
13880,0.234863,-0.740234,0.553711,4.821777,7.751465,81.970215
13881,0.212402,-0.745605,0.535156,1.892090,8.972168,90.942383
13882,0.168457,-0.764160,0.535645,-0.427246,10.192871,102.172852
13883,0.151855,-0.775391,0.553223,-0.854492,8.972168,105.163574
13884,0.142090,-0.792969,0.605469,-1.159668,0.732422,108.337402
13885,0.107910,-0.812012,0.622070,-2.685547,-4.516602,108.825684
13886,0.076660,-0.858398,0.614258,-6.103516,-7.995605,106.872559
13887,0.060059,-0.902832,0.591797,-9.765625,-9.460449,102.111816
13888,0.016113,-0.914551,0.539551,-10.559082,-8.361816,89.477539
13889,0.012207,-0.885254,0.525391,-7.629395,-5.737305,84.045410
13890,0.016602,-0.852051,0.521973,-4.028320,-3.356934,80.505371
13891,0.005371,-0.821777,0.524414,5.187988,0.488281,77.819824
13892,-0.003906,-0.817383,0.532715,7.934570,1.586914,77.392578
13893,-0.012695,-0.809082,0.547852,9.704590,1.098633,77.941895
13894,-0.035156,-0.790039,0.567871,15.197754,-5.310059,81.176758
13895,-0.041016,-0.773926,0.574707,14.831543,-8.605957,83.923340
13896,-0.049316,-0.747070,0.579590,10.375977,-10.742188,87.829590
13897,-0.068359,-0.736328,0.591309,4.821777,-12.878418,93.383789
13898,-0.143555,-0.851562,0.559570,2.746582,-20.812988,99.426270
13899,-0.231445,-0.973145,0.534180,6.530762,-18.920898,80.993652
13900,-0.239746,-0.964355,0.528320,8.239746,-14.526367,65.307617
13901,-0.226074,-0.938477,0.510254,9.826660,-8.666992,49.926758
13902,-0.213867,-0.901855,0.507324,12.023926,-1.770020,36.743164
13903,-0.204102,-0.841309,0.573242,16.967773,5.798340,22.338867
13904,-0.218750,-0.859375,0.609375,22.827148,2.075195,20.568848
13905,-0.240234,-0.909668,0.622070,34.790039,-7.629395,17.883301
13906,-0.231934,-0.886719,0.589355,68.908691,-33.874512,5.920410
13907,-0.216797,-0.848145,0.594238,78.002930,-41.076660,-1.647949
13908,-0.183105,-0.763184,0.587891,69.824219,-37.231445,-13.854980
13909,-0.170898,-0.722168,0.590820,61.157227,-29.846191,-14.831543
13910,-0.161133,-0.696289,0.600586,52.246094,-22.888184,-13.732910
13911,-0.162598,-0.693848,0.591797,43.579102,-16.601562,-12.268066
13912,-0.192383,-0.758789,0.551758,32.165527,4.272461,-12.268066
13913,-0.220215,-0.830566,0.548340,30.334473,18.615723,-15.380859
13914,-0.233398,-0.889648,0.646484,30.822754,32.043457,-20.507812
13915,-0.199707,-0.898438,0.707520,45.288086,39.001465,-29.113770
13916,-0.185059,-0.875977,0.715820,52.185059,37.414551,-35.705566
13917,-0.135254,-0.803223,0.848145,61.706543,30.151367,-42.175293
13918,-0.058105,-0.534668,0.791504,54.809570,-10.620117,-30.395508
13919,-0.065918,-0.518555,0.701172,56.701660,-16.845703,-13.061523
13920,-0.091797,-0.598145,0.707031,55.908203,-15.991211,2.136230
13921,-0.119141,-0.673340,0.724121,48.400879,-12.207031,12.084961
13922,-0.155273,-0.766602,0.730957,19.836426,0.244141,19.714355
13923,-0.159180,-0.770508,0.685059,7.690430,7.141113,20.263672
13924,-0.128418,-0.737793,0.596680,6.896973,12.207031,22.888184
13925,-0.093262,-0.635742,0.535156,41.992188,12.451172,35.522461
13926,-0.108887,-0.618164,0.614258,62.072754,7.080078,42.480469
13927,-0.186523,-0.625977,0.730957,74.951172,-7.751465,48.767090
13928,-0.212891,-0.608887,0.774414,67.382812,-13.610840,48.522949
13929,-0.229492,-0.559570,0.736328,59.326172,-15.136719,48.950195
13930,-0.223633,-0.604980,0.873047,40.649414,-5.737305,44.860840
13931,-0.224121,-0.617188,0.893555,21.789551,-0.671387,40.100098
13932,-0.218750,-0.607422,0.812500,-13.610840,15.747070,30.639648
13933,-0.225098,-0.604004,0.789551,-20.874023,24.047852,28.015137
13934,-0.239746,-0.604004,0.787598,-21.728516,29.235840,26.550293
13935,-0.253906,-0.612793,0.817871,-18.676758,29.602051,25.695801
13936,-0.283203,-0.655762,0.862305,-8.300781,13.549805,20.263672
13937,-0.291016,-0.630371,0.832520,0.305176,2.868652,16.967773
13938,-0.237305,-0.518555,0.713867,17.456055,2.807617,20.202637
13939,-0.204102,-0.484863,0.748047,20.935059,11.474609,27.404785
13940,-0.208496,-0.483398,0.761230,18.127441,22.155762,34.362793
13941,-0.241211,-0.499023,0.768555,10.803223,34.606934,39.245605
13942,-0.298828,-0.537598,0.805664,-11.413574,52.001953,38.574219
13943,-0.326660,-0.543457,0.786621,-18.859863,52.978516,33.691406
13944,-0.362793,-0.567871,0.758789,-18.981934,49.987793,26.611328
13945,-0.413574,-0.601562,0.726562,-3.112793,36.682129,8.300781
13946,-0.405762,-0.588379,0.758789,4.638672,26.489258,0.244141
13947,-0.386719,-0.563477,0.784668,7.202148,14.099121,-4.394531
13948,-0.346191,-0.527344,0.704102,15.197754,-10.620117,-4.699707
13949,-0.334473,-0.520996,0.678711,26.611328,-20.019531,-4.089355
13950,-0.338379,-0.530762,0.699707,38.940430,-27.282715,-4.577637
13951,-0.367676,-0.582031,0.812500,46.508789,-37.658691,-12.145996
13952,-0.371094,-0.609863,0.868164,36.437988,-39.184570,-17.517090
13953,-0.343750,-0.607422,0.861328,22.216797,-37.719727,-22.033691
13954,-0.250977,-0.532227,0.756836,-3.234863,-16.113281,-20.019531
13955,-0.213379,-0.491699,0.733887,-11.718750,-1.220703,-11.840820
13956,-0.201660,-0.448730,0.744629,-20.996094,15.014648,-0.122070
13957,-0.247070,-0.503906,0.867676,-52.246094,33.630371,21.362305
13958,-0.293945,-0.559570,0.853516,-67.871094,36.926270,23.071289
13959,-0.334961,-0.622559,0.815918,-76.538086,39.855957,20.141602
13960,-0.359375,-0.676270,0.768066,-79.956055,43.518066,14.160156
13961,-0.345215,-0.712891,0.687988,-65.185547,44.311523,1.342773
13962,-0.340332,-0.705078,0.647461,-45.288086,39.245605,-2.258301
13963,-0.371094,-0.682617,0.606445,10.620117,16.845703,-5.676270
13964,-0.390625,-0.672363,0.619141,34.851074,2.563477,-7.080078
13965,-0.402832,-0.654297,0.688477,50.598145,-12.878418,-7.446289
13966,-0.402832,-0.633789,0.812988,47.668457,-44.616699,-1.708984
13967,-0.385254,-0.608398,0.809082,36.743164,-55.419922,5.676270
13968,-0.337891,-0.580078,0.772461,29.602051,-60.791016,16.052246
13969,-0.267090,-0.557129,0.731445,33.447266,-58.593750,37.292480
13970,-0.257324,-0.562988,0.730957,39.611816,-52.673340,44.250488
13971,-0.268555,-0.573730,0.764160,42.907715,-44.372559,46.447754
13972,-0.285645,-0.588867,0.803223,38.208008,-35.034180,43.640137
13973,-0.283203,-0.571289,0.801758,9.399414,-5.432129,30.822754
13974,-0.257812,-0.544922,0.853516,-6.591797,6.713867,26.855469
13975,-0.255371,-0.537109,0.875977,-20.080566,12.207031,24.169922
13976,-0.325684,-0.568359,0.845703,-35.339355,12.817383,18.188477
13977,-0.340820,-0.588379,0.824219,-36.254883,10.498047,14.831543
13978,-0.325195,-0.586426,0.797363,-27.465820,2.807617,13.854980
13979,-0.284668,-0.572266,0.787598,-19.104004,-3.601074,16.540527
13980,-0.277832,-0.566406,0.772461,-9.399414,-10.925293,19.897461
13981,-0.277344,-0.562500,0.757324,0.244141,-16.845703,23.193359
13982,-0.268066,-0.539551,0.764160,14.587402,-24.902344,28.076172
13983,-0.256836,-0.515625,0.758789,17.761230,-26.062012,30.212402
13984,-0.242188,-0.487305,0.761719,18.493652,-25.024414,33.203125
13985,-0.209961,-0.471680,0.791504,15.930176,-22.338867,39.733887
13986,-0.207520,-0.483398,0.799805,13.000488,-20.935059,40.100098
13987,-0.209961,-0.507324,0.815430,8.911133,-19.592285,37.536621
13988,-0.207520,-0.538086,0.828613,-5.371094,-16.906738,24.963379
13989,-0.196289,-0.535645,0.795898,-13.488770,-14.099121,18.127441
13990,-0.186523,-0.532227,0.771484,-19.348145,-10.192871,12.756348
13991,-0.170898,-0.521973,0.754395,-23.071289,-6.774902,9.765625
13992,-0.143066,-0.486816,0.719238,-10.986328,-7.263184,13.671875
13993,-0.148438,-0.498047,0.740234,1.892090,-10.864258,18.310547
13994,-0.175781,-0.541992,0.846680,13.427734,-21.911621,23.132324
13995,-0.189941,-0.577148,0.901855,8.056641,-29.052734,21.789551
13996,-0.205078,-0.603027,0.902832,-2.929688,-34.423828,18.432617
13997,-0.197754,-0.600098,0.862305,-14.404297,-34.973145,15.686035
13998,-0.129883,-0.533691,0.750488,-16.418457,-26.977539,20.141602
13999,-0.120605,-0.511719,0.735352,-5.249023,-21.972656,26.367188
14000,-0.134766,-0.510254,0.756348,8.239746,-19.531250,31.982422
14001,-0.194824,-0.540039,0.823730,22.888184,-21.606445,33.874512
14002,-0.213867,-0.545410,0.837891,20.141602,-23.010254,30.029297
14003,-0.191895,-0.528320,0.876953,3.723145,-27.526855,21.484375
14004,-0.183594,-0.531738,0.862305,-0.976562,-32.043457,18.371582
14005,-0.186035,-0.541504,0.833008,3.356934,-37.597656,15.380859
14006,-0.198730,-0.553711,0.826660,14.404297,-43.334961,11.962891
14007,-0.203613,-0.555664,0.898438,30.395508,-54.992676,4.821777
14008,-0.173340,-0.542480,0.962891,21.118164,-59.936523,0.000000
14009,-0.142090,-0.542480,1.008301,6.896973,-60.058594,-1.098633
14010,-0.113770,-0.551758,1.008301,-11.413574,-57.617188,-1.770020
14011,-0.086426,-0.564941,0.977539,-28.198242,-51.513672,-1.831055
14012,-0.042969,-0.591309,0.914551,-40.893555,-35.583496,0.793457
14013,-0.040527,-0.597656,0.883789,-37.414551,-28.259277,2.868652
14014,-0.044434,-0.596680,0.877441,-30.883789,-22.338867,5.004883
14015,-0.053711,-0.590820,0.898438,-19.104004,-18.005371,9.887695
14016,-0.053223,-0.600586,0.897949,-16.052246,-19.287109,11.779785
14017,-0.033691,-0.596680,0.883789,-11.474609,-20.141602,14.709473
14018,0.011719,-0.589355,0.882812,2.380371,-21.850586,23.254395
14019,0.016602,-0.578613,0.868164,7.751465,-20.996094,28.198242
14020,0.016113,-0.562988,0.892578,7.751465,-15.563965,37.292480
14021,0.009277,-0.565430,0.930664,1.647949,-15.197754,40.466309
14022,0.002441,-0.565918,0.950684,-7.141113,-17.211914,42.846680
14023,0.005859,-0.554688,0.938477,-14.892578,-20.141602,45.288086
14024,0.044434,-0.533691,0.873535,-26.306152,-19.897461,50.537109
14025,0.044434,-0.553711,0.824219,-28.381348,-15.991211,50.842285
14026,0.001953,-0.580078,0.730957,-25.878906,-0.793457,44.494629
14027,-0.015625,-0.569336,0.742676,-24.597168,6.042480,41.137695
14028,-0.032227,-0.553711,0.781738,-25.268555,7.507324,40.039062
14029,-0.048340,-0.530273,0.813477,-27.526855,2.746582,41.564941
14030,-0.044922,-0.481934,0.858398,-35.888672,-15.686035,52.734375
14031,-0.029297,-0.496094,0.863770,-38.391113,-27.587891,60.058594
14032,-0.042480,-0.561035,0.781250,-30.944824,-41.137695,66.162109
14033,-0.047852,-0.583984,0.769043,-23.864746,-40.161133,64.880371
14034,-0.042480,-0.573730,0.782227,-16.418457,-37.414551,63.354492
14035,-0.031738,-0.540039,0.808594,-8.789062,-35.644531,63.964844
14036,-0.029785,-0.462402,0.839844,2.624512,-34.118652,72.387695
14037,-0.034180,-0.443848,0.832031,4.272461,-32.714844,77.392578
14038,-0.038086,-0.440918,0.818359,2.502441,-28.808594,80.139160
14039,-0.050293,-0.481934,0.897461,-9.704590,-21.911621,77.148438
14040,-0.076172,-0.509766,0.926270,-20.019531,-23.437500,71.289062
14041,-0.094727,-0.520020,0.930664,-30.761719,-26.733398,64.147949
14042,-0.096680,-0.481934,0.967285,-44.128418,-42.846680,55.603027
14043,-0.101074,-0.474609,0.968262,-46.508789,-54.504395,55.053711
14044,-0.128906,-0.499023,0.939453,-47.058105,-64.270020,54.687500
14045,-0.165527,-0.529297,0.885742,-45.166016,-68.908691,53.344727
14046,-0.186523,-0.521973,0.791016,-24.902344,-64.392090,52.246094
14047,-0.186523,-0.487305,0.802734,-10.375977,-60.546875,55.053711
14048,-0.206543,-0.412109,0.880859,-0.061035,-57.434082,66.101074
14049,-0.221680,-0.386719,0.919922,-7.080078,-58.959961,72.326660
14050,-0.233887,-0.383789,0.936035,-17.639160,-62.377930,77.331543
14051,-0.251953,-0.392090,0.940430,-30.212402,-66.406250,79.895020
14052,-0.304688,-0.403809,0.901367,-53.100586,-72.448730,77.880859
14053,-0.325684,-0.425293,0.867676,-61.096191,-72.753906,74.645996
14054,-0.328613,-0.427246,0.833984,-63.842773,-71.350098,71.655273
14055,-0.298828,-0.404785,0.811523,-49.621582,-70.922852,72.509766
14056,-0.301270,-0.400879,0.813477,-39.306641,-71.655273,75.195312
14057,-0.309570,-0.409180,0.805664,-31.127930,-70.739746,78.186035
14058,-0.316895,-0.428223,0.779297,-25.512695,-67.199707,80.078125
14059,-0.313965,-0.439453,0.750488,-19.104004,-51.147461,81.665039
14060,-0.316406,-0.448242,0.803711,-18.554688,-46.875000,82.580566
14061,-0.325684,-0.465332,0.851562,-20.324707,-48.950195,82.763672
14062,-0.345703,-0.485840,0.900879,-23.071289,-68.420410,81.115723
14063,-0.349609,-0.496094,0.919434,-22.888184,-81.970215,79.589844
14064,-0.340332,-0.496094,0.937988,-21.606445,-96.740723,78.125000
14065,-0.313477,-0.463379,0.937988,-17.089844,-110.961914,80.078125
14066,-0.210449,-0.401367,0.907715,7.263184,-131.469727,98.937988
14067,-0.172363,-0.388184,0.881348,25.634766,-135.009766,111.511230
14068,-0.148926,-0.399902,0.874023,44.616699,-132.690430,122.009277
14069,-0.169922,-0.475098,0.945801,56.091309,-113.525391,126.892090
14070,-0.164551,-0.464844,0.925781,47.485352,-94.482422,125.183105
14071,-0.126465,-0.425781,0.927246,35.400391,-70.617676,126.342773
14072,-0.126465,-0.371582,0.969727,9.155273,-24.230957,142.517090
14073,-0.171387,-0.398926,1.011719,-1.953125,-10.742188,152.282715
14074,-0.236328,-0.438965,1.021973,-10.437012,-4.577637,158.325195
14075,-0.298340,-0.458008,1.023438,-16.418457,-3.540039,161.804199
14076,-0.357910,-0.424316,1.003418,-20.141602,-11.779785,169.738770
14077,-0.352051,-0.347656,0.988770,-19.531250,-17.822266,179.443359
14078,-0.326660,-0.274902,0.951660,-14.465332,-34.179688,204.528809
14079,-0.349609,-0.274902,0.914062,-4.211426,-44.067383,211.669922
14080,-0.384277,-0.283203,0.891602,9.277344,-53.466797,211.608887
14081,-0.442871,-0.247559,0.942871,28.625488,-68.603516,192.504883
14082,-0.458008,-0.230957,1.014648,26.916504,-76.293945,177.551270
14083,-0.462891,-0.225098,1.062012,16.662598,-84.533691,159.729004
14084,-0.432617,-0.244629,1.072266,-16.784668,-95.458984,116.882324
14085,-0.411621,-0.271484,1.065430,-32.592773,-97.717285,92.285156
14086,-0.375488,-0.284180,0.997070,-58.349609,-95.153809,41.259766
14087,-0.363770,-0.250977,0.990234,-65.612793,-92.956543,20.629883
14088,-0.368164,-0.205566,0.980957,-71.044922,-91.796875,5.126953
14089,-0.377930,-0.190918,0.973145,-77.575684,-90.637207,-6.164551
14090,-0.373535,-0.264648,0.937500,-94.848633,-83.007812,-25.817871
14091,-0.372559,-0.308105,0.924805,-104.370117,-77.819824,-36.132812
14092,-0.372070,-0.353027,0.882324,-110.046387,-72.265625,-45.959473
14093,-0.367676,-0.404297,0.733398,-99.792480,-54.260254,-58.959961
14094,-0.350586,-0.395020,0.665527,-80.322266,-41.381836,-57.312012
14095,-0.314941,-0.387207,0.633301,-47.851562,-29.541016,-49.255371
14096,-0.257812,-0.330078,0.640625,26.000977,-11.352539,-23.620605
14097,-0.264160,-0.339844,0.676270,54.931641,-4.028320,-10.742188
14098,-0.293457,-0.381836,0.718750,72.814941,2.868652,-2.075195
14099,-0.315430,-0.422852,0.816406,75.927734,15.502930,2.746582
14100,-0.293457,-0.418457,0.848633,64.514160,18.005371,2.685547
14101,-0.270996,-0.421387,0.838867,50.292969,17.883301,1.281738
14102,-0.294434,-0.477539,0.793457,30.029297,15.686035,-10.009766
14103,-0.324219,-0.527832,0.792969,25.390625,13.916016,-21.423340
14104,-0.345703,-0.545898,0.796387,25.939941,10.375977,-34.851074
14105,-0.326660,-0.537109,0.798340,33.874512,5.126953,-46.081543
14106,-0.174316,-0.528320,0.965820,52.124023,-17.395020,-59.875488
14107,-0.101562,-0.516602,1.094727,51.574707,-36.926270,-63.354492
14108,-0.007812,-0.512695,1.231445,29.541016,-75.439453,-65.612793
14109,0.020996,-0.523926,1.248047,12.145996,-85.021973,-66.040039
14110,0.067871,-0.550293,1.243652,-6.347656,-87.524414,-68.237305
14111,0.151855,-0.605469,1.031250,-36.743164,-66.406250,-80.322266
14112,0.169922,-0.599121,0.821777,-39.916992,-37.048340,-88.317871
14113,0.187012,-0.559082,0.653320,-26.733398,4.272461,-91.613770
14114,0.201660,-0.528320,0.609375,-2.441406,46.813965,-88.867188
14115,0.154785,-0.464844,0.698242,40.161133,106.567383,-74.645996
14116,0.105957,-0.440430,0.738281,50.964355,120.788574,-66.406250
14117,0.040527,-0.420898,0.753906,54.382324,127.380371,-59.143066
14118,-0.109863,-0.385742,0.740234,50.292969,125.732422,-49.011230
14119,-0.161133,-0.377441,0.760742,49.987793,117.858887,-44.921875
14120,-0.183594,-0.364746,0.801270,50.537109,104.492188,-41.320801
14121,-0.192871,-0.339355,0.908691,43.518066,65.734863,-35.644531
14122,-0.193359,-0.335938,0.959473,34.057617,43.945312,-33.508301
14123,-0.174316,-0.330566,1.002930,21.057129,22.888184,-31.311035
14124,-0.107422,-0.285156,1.003906,-7.934570,-9.643555,-23.864746
14125,-0.086914,-0.264648,0.970703,-14.953613,-19.165039,-18.493652
14126,-0.081543,-0.265137,0.932617,-15.197754,-23.010254,-14.526367
14127,-0.095215,-0.291992,0.872070,-0.915527,-12.634277,-14.404297
14128,-0.118164,-0.310059,0.849121,8.728027,-0.793457,-18.432617
14129,-0.143066,-0.326172,0.805176,19.775391,16.174316,-24.230957
14130,-0.164551,-0.337891,0.759766,33.874512,37.048340,-30.761719
14131,-0.179199,-0.359375,0.773926,66.162109,76.782227,-42.236328
14132,-0.201172,-0.368164,0.848145,75.012207,87.158203,-46.325684
14133,-0.277344,-0.381836,0.980957,66.101074,88.623047,-52.795410
14134,-0.313477,-0.383789,1.026855,51.208496,81.604004,-55.541992
14135,-0.330566,-0.378418,1.057129,33.081055,70.983887,-57.434082
14136,-0.329102,-0.367676,1.116699,15.563965,55.908203,-57.189941
14137,-0.284668,-0.388672,1.215820,-13.732910,11.230469,-52.246094
14138,-0.263184,-0.405762,1.211426,-26.000977,-10.864258,-49.682617
14139,-0.198242,-0.483398,1.136719,-38.879395,-39.123535,-46.630859
14140,-0.149414,-0.536621,1.067871,-36.987305,-42.968750,-47.546387
14141,-0.106934,-0.571777,0.966309,-30.273438,-38.574219,-50.659180
14142,-0.099121,-0.543945,0.771484,-3.356934,-4.150391,-57.617188
14143,-0.122070,-0.485352,0.709961,17.700195,21.423340,-57.067871
14144,-0.138184,-0.404785,0.709961,40.039062,47.119141,-52.001953
14145,-0.208008,-0.250000,0.829102,64.025879,85.754395,-30.883789
14146,-0.256348,-0.204590,0.900391,58.959961,96.191406,-18.920898
14147,-0.328613,-0.186035,1.025879,31.311035,94.848633,1.464844
14148,-0.344238,-0.216797,1.081543,11.840820,83.496094,6.774902
14149,-0.354980,-0.275391,1.095703,-8.239746,66.833496,6.103516
14150,-0.379883,-0.394043,1.024414,-33.569336,27.648926,-14.221191
14151,-0.389648,-0.437500,0.956055,-33.874512,9.338379,-31.433105
14152,-0.369141,-0.451660,0.849121,-11.962891,-16.235352,-67.382812
14153,-0.327148,-0.430176,0.860352,-0.183105,-23.864746,-80.810547
14154,-0.280762,-0.416504,0.888672,4.272461,-29.052734,-89.355469
14155,-0.199219,-0.389160,0.895020,-8.300781,-31.066895,-93.627930
14156,-0.163086,-0.373047,0.851562,-19.042969,-27.343750,-90.209961
14157,-0.134277,-0.355469,0.800293,-25.756836,-20.751953,-82.763672
14158,-0.112305,-0.354980,0.775391,-25.756836,-14.038086,-71.960449
14159,-0.084961,-0.368652,0.734863,-14.648438,-2.319336,-48.156738
14160,-0.090332,-0.367188,0.736816,-8.422852,5.310059,-36.804199
14161,-0.105469,-0.384766,0.772461,-5.371094,13.549805,-26.123047
14162,-0.135742,-0.456543,0.890137,-16.540527,23.498535,-12.084961
14163,-0.150391,-0.478516,0.902344,-25.939941,22.338867,-9.521484
14164,-0.195312,-0.525879,0.816406,-26.367188,12.390137,-12.634277
14165,-0.228516,-0.547852,0.781738,-15.869141,5.920410,-18.615723
14166,-0.247559,-0.549316,0.779785,-3.662109,-1.098633,-26.306152
14167,-0.244629,-0.526855,0.821289,7.751465,-10.498047,-33.081055
14168,-0.228027,-0.494629,0.875000,12.756348,-34.851074,-39.428711
14169,-0.206055,-0.458008,0.903320,7.385254,-44.311523,-38.940430
14170,-0.198730,-0.460449,0.881836,0.244141,-49.255371,-36.987305
14171,-0.211914,-0.476562,0.809570,-13.000488,-40.954590,-31.188965
14172,-0.215332,-0.485352,0.785645,-18.859863,-31.188965,-27.832031
14173,-0.220215,-0.491211,0.762207,-21.362305,-20.080566,-23.864746
14174,-0.208984,-0.480469,0.739746,-19.348145,-9.887695,-18.615723
14175,-0.121094,-0.394043,0.724121,-9.094238,19.042969,-1.953125
14176,-0.122559,-0.388672,0.816406,-6.286621,33.874512,7.385254
14177,-0.138672,-0.400391,0.927246,-5.065918,40.893555,13.732910
14178,-0.191895,-0.468750,1.087402,3.540039,25.329590,13.732910
14179,-0.229492,-0.497070,1.097168,10.681152,9.338379,6.774902
14180,-0.250000,-0.491699,1.100586,20.263672,-6.286621,-2.258301
14181,-0.142578,-0.384277,1.174316,34.240723,-37.231445,-15.258789
14182,-0.000977,-0.290039,1.205078,29.968262,-51.330566,-13.488770
14183,0.144043,-0.223145,1.174316,17.639160,-58.959961,-6.835938
14184,0.201660,-0.260742,1.034668,-18.493652,-31.677246,3.906250
14185,0.139160,-0.328125,1.000000,-33.691406,-6.286621,1.770020
14186,0.045898,-0.385742,0.939941,-41.015625,32.653809,-12.695312
14187,0.049805,-0.368164,0.908203,-32.409668,42.968750,-16.784668
14188,0.073242,-0.350586,0.928223,-21.179199,47.302246,-14.770508
14189,0.088867,-0.439941,1.028809,-12.145996,35.400391,-6.652832
14190,0.070312,-0.495605,1.043945,-14.526367,20.996094,-7.019043
14191,0.060547,-0.519531,1.012695,-11.596680,2.197266,-9.216309
14192,0.070801,-0.499512,0.937012,-0.915527,-16.296387,-11.108398
14193,0.108398,-0.365723,0.873535,27.465820,-33.996582,-4.455566
14194,0.111328,-0.330078,0.896484,32.958984,-31.921387,2.014160
14195,0.107910,-0.315430,0.936035,29.174805,-25.878906,7.141113
14196,0.085938,-0.331055,1.014648,6.896973,-14.709473,10.498047
14197,0.083008,-0.352539,1.029297,-4.455566,-13.244629,9.460449
14198,0.081543,-0.359863,0.995117,-12.207031,-13.854980,7.629395
14199,0.102051,-0.334961,0.912109,-7.995605,-15.808105,5.737305
14200,0.118164,-0.309570,0.890137,0.488281,-16.296387,6.774902
14201,0.118652,-0.303711,0.882324,8.422852,-16.479492,8.239746
14202,0.089844,-0.329590,0.895508,14.160156,-18.188477,6.103516
14203,0.078613,-0.337402,0.901367,11.535645,-20.751953,2.258301
14204,0.080078,-0.333984,0.912598,7.141113,-25.268555,-1.770020
14205,0.095215,-0.327637,0.933594,3.540039,-32.714844,-4.821777
14206,0.110840,-0.348145,0.937012,-0.671387,-52.307129,-9.582520
14207,0.110840,-0.362793,0.929688,-0.793457,-58.532715,-12.695312
14208,0.104492,-0.373535,0.927246,-0.732422,-60.424805,-15.563965
14209,0.104004,-0.398926,0.940430,-3.845215,-53.955078,-19.775391
14210,0.124512,-0.408691,0.935059,-7.263184,-46.997070,-21.667480
14211,0.144043,-0.436523,0.977051,-12.756348,-32.104492,-24.719238
14212,0.144043,-0.462402,1.007812,-15.808105,-26.794434,-26.184082
14213,0.138672,-0.476562,1.018066,-18.920898,-22.521973,-27.160645
14214,0.137207,-0.474121,0.999023,-20.385742,-17.944336,-26.977539
14215,0.145996,-0.463867,0.962402,-18.737793,-12.084961,-25.024414
14216,0.169922,-0.414551,0.915527,-6.042480,1.220703,-14.953613
14217,0.175293,-0.400879,0.921875,2.624512,5.676270,-7.873535
14218,0.167480,-0.424805,0.939941,13.732910,8.300781,1.403809
14219,0.162598,-0.438477,0.930176,12.939453,9.155273,1.220703
14220,0.154297,-0.438965,0.911133,9.155273,11.108398,-0.854492
14221,0.130371,-0.407227,0.849609,6.469727,16.479492,-4.882812
14222,0.117676,-0.383789,0.837402,8.239746,18.737793,-5.249023
14223,0.123535,-0.361816,0.823242,8.666992,21.972656,-4.699707
14224,0.126465,-0.346191,0.815918,6.164551,27.832031,-3.845215
14225,0.089355,-0.362305,0.823730,-6.042480,45.776367,-3.845215
14226,0.078125,-0.374023,0.863770,-10.681152,52.368164,-4.638672
14227,0.068848,-0.390625,0.896973,-10.437012,52.185059,-5.187988
14228,0.024902,-0.429199,0.930664,2.136230,37.597656,-8.483887
14229,0.006348,-0.431152,0.933105,9.704590,28.564453,-12.023926
14230,-0.003906,-0.413574,0.948730,14.526367,20.385742,-15.808105
14231,-0.008301,-0.394043,0.965820,15.075684,13.427734,-19.226074
14232,-0.020996,-0.391602,0.971191,4.272461,6.408691,-27.526855
14233,-0.020996,-0.388184,0.965820,-3.601074,8.483887,-32.897949
14234,-0.013184,-0.391602,0.959961,-10.253906,13.244629,-38.513184
14235,0.005859,-0.388184,0.949219,-11.230469,27.343750,-44.311523
14236,0.020508,-0.392090,0.967773,-7.385254,32.653809,-43.518066
14237,0.008789,-0.401367,0.962402,-5.065918,38.391113,-42.724609
14238,-0.041504,-0.427246,0.949219,-5.920410,54.626465,-45.288086
14239,-0.055176,-0.430176,0.962891,-6.835938,60.974121,-48.828125
14240,-0.063477,-0.415527,0.964355,-6.042480,64.208984,-52.612305
14241,-0.052246,-0.353516,0.922852,1.037598,66.955566,-57.312012
14242,-0.029297,-0.285645,0.883789,1.159668,77.331543,-58.715820
14243,-0.045410,-0.282715,0.889648,-2.990723,82.153320,-59.936523
14244,-0.085449,-0.300293,0.878906,-9.094238,85.815430,-63.598633
14245,-0.137207,-0.325195,0.855957,-14.038086,88.500977,-69.885254
14246,-0.187500,-0.337402,0.836914,-11.352539,86.608887,-85.083008
14247,-0.180176,-0.320801,0.832031,-1.953125,80.322266,-90.881348
14248,-0.154297,-0.300293,0.836426,9.887695,71.594238,-94.055176
14249,-0.123047,-0.245605,0.853516,24.597168,54.199219,-93.688965
14250,-0.150879,-0.223633,0.858398,23.620605,50.537109,-90.454102
14251,-0.192871,-0.219238,0.888672,18.127441,49.621582,-86.425781
14252,-0.228516,-0.221191,0.907715,11.474609,49.316406,-82.458496
14253,-0.247559,-0.237305,0.889648,9.460449,50.598145,-77.026367
14254,-0.241699,-0.259277,0.891602,14.831543,52.612305,-77.636719
14255,-0.236816,-0.286621,0.902832,22.827148,53.894043,-80.993652
14256,-0.255371,-0.329102,0.926758,35.339355,55.053711,-94.116211
14257,-0.272949,-0.319336,0.943848,37.048340,55.847168,-100.219727
14258,-0.286621,-0.281250,0.940430,35.034180,57.617188,-102.722168
14259,-0.297852,-0.239258,0.929199,32.409668,60.485840,-100.219727
14260,-0.318359,-0.188477,0.903320,36.193848,63.903809,-85.754395
14261,-0.328613,-0.173828,0.901855,44.494629,63.049316,-77.026367
14262,-0.334473,-0.167969,0.935547,53.161621,59.997559,-69.213867
14263,-0.348633,-0.171875,1.017090,57.983398,48.767090,-61.035156
14264,-0.329590,-0.146973,1.065430,50.476074,43.518066,-60.241699
14265,-0.251465,-0.150879,1.270996,22.521973,22.094727,-61.035156
14266,-0.244141,-0.186523,1.296875,7.019043,5.920410,-65.063477
14267,-0.250488,-0.219727,1.227051,-3.173828,-4.577637,-72.448730
14268,-0.243164,-0.239746,1.133789,-4.333496,-5.676270,-81.787109
14269,-0.212891,-0.241211,1.042969,16.662598,15.808105,-96.679688
14270,-0.147461,-0.239746,1.006348,26.733398,31.005859,-100.708008
14271,-0.143555,-0.245117,0.986328,30.639648,47.302246,-103.393555
14272,-0.187500,-0.259277,1.036133,22.216797,74.707031,-106.323242
14273,-0.210449,-0.279785,1.078613,13.549805,77.453613,-107.604980
14274,-0.230957,-0.292969,1.091797,5.004883,72.631836,-108.825684
14275,-0.240723,-0.293457,1.082031,-0.488281,62.988281,-109.069824
14276,-0.241699,-0.291504,1.051270,-2.441406,39.916992,-105.773926
14277,-0.246582,-0.309082,1.034180,-0.976562,29.785156,-103.576660
14278,-0.250000,-0.317871,1.011230,2.319336,22.583008,-101.684570
14279,-0.238770,-0.289062,0.977539,11.474609,18.920898,-97.595215
14280,-0.216797,-0.256836,0.996582,12.512207,21.423340,-93.750000
14281,-0.199219,-0.225098,1.016113,8.911133,24.780273,-88.806152
14282,-0.203125,-0.173340,1.093750,-13.061523,33.020020,-75.561523
14283,-0.217773,-0.184570,1.105469,-25.146484,34.057617,-70.556641
14284,-0.231445,-0.211914,1.075684,-33.142090,34.423828,-69.030762
14285,-0.250488,-0.248047,0.973145,-30.456543,38.024902,-75.073242
14286,-0.252441,-0.248047,0.935547,-20.385742,41.320801,-79.650879
14287,-0.246582,-0.239258,0.920898,-9.155273,44.494629,-83.435059
14288,-0.232910,-0.216797,0.890625,7.568359,48.645020,-86.181641
14289,-0.234375,-0.191895,0.864746,11.901855,52.856445,-84.045410
14290,-0.227539,-0.175293,0.867188,11.901855,58.166504,-79.467773
14291,-0.224121,-0.158691,0.883301,4.333496,62.744141,-66.406250
14292,-0.236328,-0.171387,0.906738,0.915527,60.302734,-60.241699
14293,-0.242188,-0.201172,0.891602,-0.793457,55.908203,-56.457520
14294,-0.233398,-0.222168,0.856934,-0.244141,51.574707,-55.053711
14295,-0.175781,-0.244629,0.818359,5.371094,46.813965,-54.992676
14296,-0.158203,-0.247559,0.806641,6.958008,48.034668,-54.565430
14297,-0.159668,-0.288086,0.837402,4.638672,53.405762,-50.537109
14298,-0.164062,-0.315918,0.844238,1.220703,54.626465,-47.790527
14299,-0.154785,-0.345703,0.829102,-1.098633,54.870605,-44.677734
14300,-0.135742,-0.383789,0.784180,-0.183105,55.236816,-41.625977
14301,-0.102539,-0.441406,0.681152,17.395020,60.424805,-37.048340
14302,-0.104980,-0.465820,0.679688,33.874512,62.622070,-34.606934
14303,-0.115723,-0.480469,0.783691,68.359375,55.725098,-28.381348
14304,-0.100586,-0.465332,0.875000,81.848145,44.555664,-23.437500
14305,-0.022949,-0.464844,1.087402,100.952148,6.958008,-9.582520
14306,-0.005371,-0.526855,1.128906,106.323242,-10.864258,-7.019043
14307,-0.015625,-0.609863,1.146484,106.384277,-21.057129,-11.840820
14308,-0.023926,-0.683594,1.202637,98.632812,-24.169922,-23.620605
14309,-0.011230,-0.782715,1.350098,55.419922,-24.597168,-54.809570
14310,0.027344,-0.796387,1.332520,28.808594,-24.536133,-67.077637
14311,0.108398,-0.698730,1.143555,-5.493164,-7.690430,-69.396973
14312,0.107422,-0.669434,1.075195,-13.671875,8.666992,-60.791016
14313,0.079590,-0.650879,1.034668,-25.390625,40.527344,-38.940430
14314,0.004395,-0.610352,0.934082,-26.062012,50.415039,-28.991699
14315,-0.035645,-0.583984,0.868164,-20.568848,55.480957,-20.385742
14316,-0.070801,-0.549805,0.800293,-10.498047,57.373047,-13.366699
14317,-0.091797,-0.426758,0.723633,11.901855,56.884766,-0.183105
14318,-0.102539,-0.381348,0.752930,19.165039,52.307129,6.958008
14319,-0.129883,-0.368652,0.797852,18.127441,44.677734,12.512207
14320,-0.159668,-0.376465,0.910156,-4.333496,17.700195,16.540527
14321,-0.161621,-0.378906,0.909180,-18.066406,-1.220703,16.235352
14322,-0.148926,-0.408691,0.874512,-27.282715,-19.104004,14.587402
14323,-0.113281,-0.484375,0.729980,-28.503418,-45.043945,1.953125
14324,-0.113281,-0.510254,0.667480,-21.240234,-49.804688,-8.361816
14325,-0.107422,-0.523926,0.631348,-13.000488,-48.645020,-19.836426
14326,-0.109863,-0.560547,0.751465,-9.948730,-39.550781,-40.222168
14327,-0.132324,-0.597168,0.805664,-16.296387,-38.024902,-48.339844
14328,-0.158203,-0.624512,0.829102,-22.827148,-37.536621,-53.894043
14329,-0.178711,-0.641602,0.819824,-24.536133,-36.010742,-56.030273
14330,-0.225098,-0.644043,0.832520,-10.986328,-26.184082,-48.156738
14331,-0.226562,-0.571777,0.861816,-9.643555,-15.136719,-37.231445
14332,-0.185547,-0.519043,0.922363,-18.127441,-3.906250,-20.629883
14333,-0.176270,-0.493164,0.947266,-42.236328,7.690430,12.329102
14334,-0.212402,-0.516113,0.903320,-46.569824,12.695312,22.949219
14335,-0.248047,-0.539062,0.859375,-43.029785,18.737793,27.526855
14336,-0.300781,-0.530762,0.800293,-14.648438,30.883789,23.437500
14337,-0.323730,-0.522949,0.784668,2.685547,37.109375,17.150879
14338,-0.326172,-0.503906,0.748047,17.028809,45.104980,8.850098
14339,-0.315430,-0.463867,0.717773,36.315918,66.101074,-8.728027
14340,-0.340332,-0.407227,0.720703,36.071777,77.697754,-14.099121
14341,-0.340332,-0.347168,0.769531,24.902344,87.829590,-13.061523
14342,-0.323242,-0.289062,0.850586,-8.483887,82.092285,3.356934
14343,-0.345703,-0.281738,0.863281,-12.512207,67.687988,14.343262
14344,-0.372070,-0.306641,0.931152,-8.178711,48.583984,23.376465
14345,-0.406250,-0.343262,1.074707,3.601074,6.286621,29.174805
14346,-0.394043,-0.323242,1.119629,10.253906,-13.732910,27.954102
14347,-0.379395,-0.294434,1.131836,19.287109,-30.212402,25.939941
14348,-0.360840,-0.263184,1.151855,27.526855,-40.344238,22.644043
14349,-0.270996,-0.210449,1.198730,19.958496,-40.283203,12.695312
14350,-0.191406,-0.207520,1.171875,3.723145,-28.808594,3.417969
14351,-0.136230,-0.238281,1.124512,-15.747070,-10.681152,-8.972168
14352,-0.121582,-0.393066,0.946777,-46.203613,35.522461,-45.593262
14353,-0.147949,-0.456543,0.862305,-49.316406,57.617188,-66.284180
14354,-0.184570,-0.491211,0.781250,-44.250488,76.232910,-84.106445
14355,-0.215820,-0.505859,0.720703,-33.630371,90.637207,-96.801758
14356,-0.236816,-0.464844,0.725098,-6.286621,94.787598,-101.928711
14357,-0.239258,-0.431152,0.743652,8.789062,83.251953,-93.383789
14358,-0.295410,-0.297363,0.733398,29.357910,54.687500,-56.091309
14359,-0.256836,-0.212402,0.852539,23.925781,42.175293,-24.963379
14360,-0.234863,-0.183105,0.937012,9.643555,25.268555,7.995605
14361,-0.279297,-0.202637,0.933105,-4.577637,7.629395,35.644531
14362,-0.388184,-0.314453,0.874023,-12.023926,-16.906738,58.227539
14363,-0.422363,-0.353516,0.848145,-5.676270,-23.315430,53.955078
14364,-0.432129,-0.375000,0.825195,4.394531,-24.963379,42.663574
14365,-0.410156,-0.381348,0.818848,27.526855,-15.747070,11.779785
14366,-0.390137,-0.404785,0.845215,34.118652,-7.873535,-4.211426
14367,-0.382812,-0.399414,0.863281,34.240723,0.793457,-18.432617
14368,-0.351074,-0.315918,0.901855,18.554688,14.648438,-28.076172
14369,-0.349121,-0.290039,0.921875,8.911133,15.991211,-23.803711
14370,-0.370117,-0.285156,0.920410,1.281738,13.793945,-16.601562
14371,-0.410645,-0.308594,0.921387,-3.845215,9.887695,-9.704590
14372,-0.458984,-0.381836,0.930664,-3.784180,-1.953125,-4.333496
14373,-0.461914,-0.389160,0.922852,2.624512,-8.422852,-5.187988
14374,-0.459473,-0.321777,0.879883,17.272949,-10.375977,-3.234863
14375,-0.439453,-0.273438,0.918457,15.747070,-4.577637,2.197266
14376,-0.411133,-0.256348,0.960938,8.850098,-0.976562,8.422852
14377,-0.412598,-0.276855,0.930664,-4.272461,2.258301,12.512207
14378,-0.430664,-0.315430,0.936523,-7.873535,5.126953,7.934570
14379,-0.442871,-0.359375,0.974609,-12.695312,6.164551,-1.464844
14380,-0.430664,-0.395020,0.994141,-24.169922,-0.061035,-23.620605
14381,-0.396973,-0.374512,0.966309,-24.597168,-4.638672,-29.785156
14382,-0.324707,-0.353516,0.887207,-12.817383,-9.155273,-27.648926
14383,-0.313477,-0.343750,0.854492,-5.493164,-6.347656,-22.521973
14384,-0.286621,-0.328613,0.876465,-4.211426,-0.854492,-14.526367
14385,-0.250000,-0.333008,0.906250,-9.460449,3.356934,-6.591797
14386,-0.235352,-0.358398,0.946777,-30.700684,6.225586,4.089355
14387,-0.251465,-0.379883,0.916504,-42.358398,7.141113,5.859375
14388,-0.260742,-0.396973,0.854980,-48.767090,9.765625,5.798340
14389,-0.269043,-0.445801,0.736816,-39.123535,16.418457,0.915527
14390,-0.278809,-0.463867,0.678711,-25.512695,19.470215,-3.906250
14391,-0.321289,-0.472168,0.660645,1.342773,22.644043,-13.977051
14392,-0.339355,-0.484863,0.682617,10.742188,19.897461,-17.700195
14393,-0.367188,-0.507812,0.696777,16.235352,15.197754,-19.897461
14394,-0.404297,-0.506348,0.718750,16.235352,10.192871,-19.958496
14395,-0.407227,-0.468262,0.829590,-9.277344,-3.662109,-7.263184
14396,-0.399902,-0.472168,0.847656,-24.902344,-16.601562,1.586914
14397,-0.401367,-0.463867,0.821777,-32.592773,-31.188965,10.681152
14398,-0.407715,-0.469238,0.789062,-28.991699,-44.433594,19.104004
14399,-0.402832,-0.500488,0.806152,-5.493164,-59.997559,26.672363
14400,-0.393555,-0.507324,0.868652,4.272461,-63.537598,25.024414
14401,-0.381348,-0.506836,0.938477,8.666992,-65.856934,20.812988
14402,-0.361328,-0.513672,0.983398,7.568359,-66.528320,14.892578
14403,-0.297852,-0.496582,0.968750,0.976562,-59.631348,2.441406
14404,-0.269043,-0.487305,0.914062,-1.525879,-48.034668,-2.380371
14405,-0.224609,-0.437500,0.782715,-3.234863,-4.882812,-3.967285
14406,-0.213379,-0.420898,0.765625,-4.821777,20.507812,0.061035
14407,-0.226074,-0.416016,0.770996,-5.432129,40.161133,5.737305
14408,-0.290039,-0.426758,0.762695,-3.234863,58.288574,15.991211
14409,-0.318359,-0.445801,0.765625,-0.427246,57.434082,18.493652
14410,-0.334961,-0.459473,0.756836,2.868652,51.330566,18.737793
14411,-0.334961,-0.449219,0.724121,7.324219,44.250488,18.005371
14412,-0.335449,-0.402832,0.696777,17.761230,34.179688,18.920898
14413,-0.330078,-0.378906,0.738281,17.761230,28.686523,21.423340
14414,-0.334473,-0.381836,0.788086,12.390137,19.653320,23.254395
14415,-0.372070,-0.446777,0.853516,-5.187988,-6.591797,17.028809
14416,-0.369629,-0.475098,0.864746,-14.099121,-20.751953,10.009766
14417,-0.346680,-0.484375,0.845215,-20.263672,-32.470703,3.479004
14418,-0.313965,-0.494629,0.807129,-21.850586,-39.978027,-0.854492
14419,-0.271484,-0.510742,0.764648,-19.653320,-41.870117,-3.417969
14420,-0.242676,-0.539551,0.728516,-10.437012,-30.822754,-6.225586
14421,-0.255859,-0.547852,0.720703,-6.408691,-20.629883,-7.568359
14422,-0.294922,-0.533203,0.775879,0.854492,-2.502441,-6.042480
14423,-0.306152,-0.519531,0.828613,2.563477,1.525879,-2.136230
14424,-0.313477,-0.497070,0.888184,1.098633,1.281738,3.906250
14425,-0.315918,-0.477539,0.947754,-9.887695,-11.413574,19.775391
14426,-0.333984,-0.506836,0.968262,-14.282227,-20.019531,24.658203
14427,-0.343750,-0.529297,0.928223,-13.610840,-25.756836,25.573730
14428,-0.331055,-0.547852,0.858398,-2.197266,-25.024414,17.211914
14429,-0.316895,-0.534668,0.846191,4.577637,-19.836426,10.742188
14430,-0.305664,-0.511719,0.846191,8.972168,-13.000488,5.065918
14431,-0.267090,-0.465332,0.859863,3.723145,1.647949,-0.549316
14432,-0.260742,-0.461914,0.866211,-3.234863,7.263184,-0.305176
14433,-0.268555,-0.473633,0.848145,-11.657715,12.451172,0.427246
14434,-0.253418,-0.490234,0.852539,-27.160645,17.089844,3.112793
14435,-0.245605,-0.503418,0.833008,-30.029297,13.977051,4.272461
14436,-0.246094,-0.513672,0.785156,-22.705078,3.112793,5.737305
14437,-0.242676,-0.512207,0.769531,-15.197754,-2.807617,6.042480
14438,-0.246094,-0.504883,0.749023,-7.080078,-7.629395,6.530762
14439,-0.254883,-0.491699,0.729004,0.427246,-9.948730,7.873535
14440,-0.271973,-0.488281,0.741699,9.155273,-11.291504,11.901855
14441,-0.290039,-0.485840,0.729492,11.535645,-11.779785,13.366699
14442,-0.310059,-0.482422,0.727051,13.244629,-10.009766,14.404297
14443,-0.378906,-0.489258,0.781250,12.390137,-3.906250,13.549805
14444,-0.411621,-0.496094,0.834473,8.056641,-3.112793,11.413574
14445,-0.431641,-0.495117,0.873535,2.746582,-5.493164,9.155273
14446,-0.439941,-0.492188,0.885742,-0.305176,-10.131836,8.544922
14447,-0.434082,-0.539062,0.874023,1.708984,-19.409180,8.911133
14448,-0.424805,-0.572266,0.877441,2.990723,-22.338867,8.239746
14449,-0.410156,-0.598145,0.881836,1.220703,-23.620605,7.263184
14450,-0.337402,-0.599121,0.855469,-4.821777,-23.315430,10.864258
14451,-0.291992,-0.589355,0.806641,-5.615234,-19.592285,16.784668
14452,-0.247070,-0.607422,0.806152,2.258301,-0.976562,32.226562
14453,-0.227539,-0.666504,0.923828,5.859375,1.708984,37.048340
14454,-0.222168,-0.753418,1.064941,8.666992,-15.869141,43.151855
14455,-0.200195,-0.761719,0.994141,13.854980,-24.658203,49.804688
14456,-0.163574,-0.732422,0.864746,27.648926,-26.550293,61.157227
14457,-0.120117,-0.685547,0.764648,51.147461,-23.437500,75.988770
14458,-0.078125,-0.602051,0.681641,102.661133,-15.014648,104.309082
14459,-0.112305,-0.570312,0.690430,117.492676,-12.390137,114.624023
14460,-0.130371,-0.474121,0.710938,116.821289,-6.652832,124.206543
14461,-0.143066,-0.350586,0.797852,99.487305,-0.244141,135.620117
14462,-0.173340,-0.262695,0.891113,70.983887,0.366211,148.071289
14463,-0.336914,-0.271973,1.022461,2.624512,-18.615723,159.057617
14464,-0.389648,-0.288086,1.012207,-23.315430,-36.376953,153.076172
14465,-0.390137,-0.271973,0.953613,-35.888672,-53.283691,141.479492
14466,-0.317383,-0.183594,0.906250,-33.264160,-77.392578,111.022949
14467,-0.312988,-0.133301,0.874512,-33.081055,-83.007812,95.153809
14468,-0.338867,-0.049316,0.991211,-45.166016,-81.909180,66.528320
14469,-0.378418,-0.048828,1.018066,-61.157227,-78.369141,52.856445
14470,-0.404297,0.008301,1.022949,-81.115723,-67.687988,40.405273
14471,-0.370605,0.041992,1.079102,-102.416992,-54.443359,32.226562
14472,-0.319336,-0.031738,1.047852,-131.103516,-38.452148,19.653320
14473,-0.346191,-0.103516,0.968262,-128.784180,-31.372070,12.695312
14474,-0.361328,-0.152832,0.902344,-120.300293,-21.728516,5.554199
14475,-0.314453,-0.204102,0.975586,-109.191895,-9.521484,-2.319336
14476,-0.316406,-0.239258,1.054199,-111.999512,-14.160156,-3.540039
14477,-0.331543,-0.272949,1.005859,-104.003906,-24.047852,-2.502441
14478,-0.326660,-0.295898,0.505371,-38.879395,-4.089355,12.023926
14479,-0.172852,-0.392090,0.425293,-6.713867,24.719238,5.676270
14480,-0.319336,-0.462402,0.621094,5.798340,48.034668,-21.911621
14481,-0.548828,-0.543945,1.166504,-17.272949,45.227051,-101.318359
14482,-0.567383,-0.498535,1.216309,-38.818359,28.137207,-141.235352
14483,-0.562988,-0.502441,1.141113,-67.077637,22.094727,-177.978516
14484,-0.370605,-0.386719,0.795898,-128.601074,50.903320,-226.013184
14485,-0.274414,-0.265625,0.711426,-146.972656,74.768066,-227.905273
14486,-0.196289,-0.141602,0.792480,-157.043457,84.472656,-210.144043
14487,-0.434570,-0.587891,0.511719,-130.126953,52.673340,-153.503418
14488,-0.397461,-0.663086,0.738770,-61.767578,11.169434,-148.620605
14489,-0.303223,-0.816895,0.958496,-21.667480,-37.597656,-142.822266
14490,-0.047852,-0.675293,0.684082,-39.978027,-75.134277,-162.780762
14491,0.086426,-0.432617,0.223145,-26.672363,-45.715332,-143.920898
14492,0.114746,-0.304688,0.021973,55.664062,56.884766,-20.690918
14493,0.038574,-0.636719,0.734863,64.941406,62.072754,20.446777
14494,-0.010254,-0.681641,0.850098,64.086914,44.921875,41.320801
14495,-0.081543,-0.679688,0.788086,71.228027,25.024414,43.823242
14496,0.041016,-0.645996,0.518066,101.745605,41.931152,30.456543
14497,0.024902,-0.626465,0.545410,111.450195,67.810059,24.047852
14498,-0.091797,-0.495605,0.787109,132.873535,90.759277,30.761719
14499,-0.245117,-0.542480,0.955566,146.728516,74.523926,32.531738
14500,-0.381348,-0.604004,1.060547,156.982422,45.410156,23.925781
14501,-0.408203,-0.604980,1.064941,156.311035,17.395020,11.352539
14502,-0.110352,-0.509277,0.968262,101.257324,16.418457,14.648438
14503,-0.079590,-0.426270,0.965820,54.443359,40.039062,30.456543
14504,-0.137207,-0.382324,1.017578,9.277344,52.307129,45.593262
14505,-0.476074,-0.595215,0.886230,0.061035,38.452148,33.447266
14506,-0.440430,-0.575684,0.888672,28.015137,28.381348,6.713867
14507,-0.337402,-0.476074,0.940430,46.020508,23.132324,-13.488770
14508,-0.264160,-0.416504,1.159668,-25.207520,31.738281,-8.361816
14509,-0.344238,-0.494141,1.106445,-82.397461,37.902832,-1.342773
14510,-0.381348,-0.515137,0.950195,-116.271973,39.306641,-5.615234
14511,-0.395996,-0.526367,0.783203,-114.807129,41.564941,-18.615723
14512,-0.245605,-0.509277,0.817383,-74.218750,57.922363,-41.687012
14513,-0.154297,-0.494629,0.927246,-78.491211,69.396973,-36.437988
14514,-0.136719,-0.448242,0.961914,-107.604980,76.293945,-21.240234
14515,-0.420898,-0.595215,0.709961,-141.662598,25.878906,18.493652
14516,-0.566406,-0.711426,0.381836,-86.547852,-14.587402,19.409180
14517,-0.502930,-0.689941,0.225098,7.446289,-24.169922,-0.854492
14518,-0.354980,-0.549316,0.420898,88.439941,-13.183594,-16.235352
14519,-0.206543,-0.488281,0.952148,81.604004,1.831055,11.169434
14520,-0.259766,-0.499023,1.027832,22.827148,1.647949,22.827148
14521,-0.352539,-0.526855,0.935059,-30.212402,-5.187988,25.573730
14522,-0.420898,-0.556641,0.602539,-30.883789,-9.399414,13.916016
14523,-0.395020,-0.528320,0.658691,-8.972168,-15.258789,8.483887
14524,-0.385254,-0.543945,0.764160,0.000000,-25.512695,4.943848
14525,-0.361328,-0.551270,0.871582,-20.874023,-32.836914,-1.892090
14526,-0.358887,-0.561035,0.858398,-37.170410,-34.851074,-5.981445
14527,-0.349121,-0.583496,0.818848,-42.785645,-38.635254,-10.253906
14528,-0.307129,-0.595215,0.806641,-41.442871,-47.424316,-13.366699
14529,-0.254883,-0.605469,0.772461,-33.264160,-50.109863,-14.770508
14530,-0.166016,-0.629395,0.759766,-2.868652,-33.569336,-12.023926
14531,-0.149902,-0.648926,0.806641,-2.990723,-23.193359,-7.751465
14532,-0.139648,-0.644531,0.855957,-14.099121,-20.935059,-1.708984
14533,-0.165527,-0.621094,0.871094,-31.921387,-29.602051,2.990723
14534,-0.230469,-0.658691,0.704102,-38.024902,-52.917480,-3.784180
14535,-0.213867,-0.645508,0.680664,-17.272949,-53.955078,-7.812500
14536,-0.204590,-0.602539,0.725098,-2.197266,-51.330566,-10.192871
14537,-0.230957,-0.572754,0.803223,-8.850098,-47.302246,-10.925293
14538,-0.223145,-0.578125,0.776855,-16.418457,-46.203613,-12.695312
14539,-0.187012,-0.565430,0.712891,-20.935059,-40.649414,-13.000488
14540,-0.127930,-0.589844,0.642090,-10.986328,-19.653320,-9.887695
14541,-0.125000,-0.589355,0.688477,-3.662109,-10.620117,-9.521484
14542,-0.166992,-0.583008,0.765137,-8.483887,-9.765625,-8.666992
14543,-0.274414,-0.637695,0.803223,-33.386230,-36.193848,-9.521484
14544,-0.260742,-0.657227,0.747559,-35.583496,-47.607422,-13.183594
14545,-0.224609,-0.649414,0.681152,-26.916504,-49.743652,-16.784668
14546,-0.125000,-0.641602,0.648926,-4.089355,-34.179688,-17.700195
14547,-0.099121,-0.633789,0.653320,3.601074,-27.648926,-16.052246
14548,-0.111328,-0.659180,0.669434,10.681152,-25.512695,-14.526367
14549,-0.104492,-0.708008,0.945312,-6.774902,-94.238281,-6.713867
14550,-0.101562,-0.707031,0.405273,7.934570,-106.079102,16.296387
14551,-0.101074,-0.771973,0.321777,47.790527,-84.350586,20.996094
14552,0.058105,-0.789062,0.406738,127.319336,-18.859863,-2.685547
14553,0.059570,-0.396484,1.194824,109.497070,16.723633,-2.014160
14554,-0.020020,-0.565918,1.116699,54.138184,4.272461,19.897461
14555,-0.091309,-0.683594,0.895508,11.657715,7.690430,14.038086
14556,-0.047363,-0.625488,0.836426,-9.460449,13.854980,-7.751465
14557,-0.086426,-0.630371,0.853027,-0.427246,3.906250,-6.713867
14558,-0.144531,-0.640137,0.888184,7.019043,-7.751465,-5.065918
14559,-0.135742,-0.572266,0.891113,1.953125,-22.460938,-9.277344
14560,-0.106445,-0.566895,0.832031,-3.601074,-19.836426,-8.728027
14561,-0.098145,-0.575195,0.776367,-5.859375,-11.901855,-6.286621
14562,-0.185547,-0.573730,0.854004,-27.221680,-9.338379,-17.822266
14563,-0.125000,-0.543457,0.894043,-41.381836,-12.817383,-18.615723
14564,-0.059570,-0.583496,0.808594,-44.982910,-9.094238,-15.014648
14565,-0.005859,-0.593262,0.889648,-42.724609,-5.493164,-11.108398
14566,-0.071777,-0.681641,0.741699,-44.494629,-25.695801,-2.502441
14567,-0.068359,-0.705566,0.664062,-42.358398,-30.456543,-12.817383
14568,0.083496,-0.702637,0.562012,-11.596680,-18.493652,-20.507812
14569,0.022949,-0.695801,0.665527,11.352539,-10.253906,-16.174316
14570,-0.055176,-0.663574,0.721191,29.235840,-9.033203,-16.357422
14571,-0.036133,-0.594727,0.777832,28.076172,-14.038086,-9.521484
14572,0.041504,-0.625488,0.941895,15.502930,-22.399902,1.586914
14573,0.015137,-0.640625,0.993164,-15.319824,-34.851074,3.540039
14574,-0.035156,-0.600586,0.923340,-53.100586,-33.691406,-2.136230
14575,-0.075195,-0.648926,0.742676,-84.594727,-20.751953,-13.122559
14576,-0.014160,-0.659668,0.667969,-69.030762,-18.676758,-10.742188
14577,0.101562,-0.709961,0.458496,12.817383,-35.461426,17.944336
14578,0.041504,-0.708496,0.483887,47.302246,-39.489746,22.033691
14579,0.054688,-0.697266,0.566406,58.654785,-33.203125,20.019531
14580,0.062500,-0.706055,0.646973,59.814453,-24.414062,18.920898
14581,0.054688,-0.688477,0.692871,67.138672,-11.047363,14.587402
14582,0.089844,-0.651855,0.716797,63.171387,1.647949,11.962891
14583,0.111816,-0.645020,0.764648,53.344727,15.625000,12.084961
