order,ax,ay,az,gx,gy,gz
0,-0.069824,-0.375000,0.932129,43.029785,-7.690430,-26.306152
1,-0.061035,-0.314941,0.902344,56.945801,-7.629395,-25.268555
2,-0.080566,-0.174316,1.046387,60.119629,-8.789062,-8.972168
3,-0.125977,-0.214355,1.091797,43.334961,-9.704590,2.380371
4,-0.234375,-0.444336,1.128418,-7.507324,3.967285,9.094238
5,-0.222168,-0.557617,1.095703,-19.287109,13.671875,1.647949
6,-0.238770,-0.508789,1.219727,-19.653320,23.010254,-29.235840
7,-0.178223,-0.416504,1.211426,-4.333496,7.934570,-34.484863
8,-0.185547,-0.359863,1.191406,14.404297,-11.352539,-34.301758
9,-0.197266,-0.255371,1.075195,39.367676,-48.339844,-38.879395
10,-0.170410,-0.212891,0.922852,56.335449,-61.950684,-40.161133
11,-0.128418,-0.179199,0.830078,78.369141,-70.373535,-38.879395
12,-0.088379,-0.153320,0.799805,92.163086,-73.913574,-35.644531
13,-0.067871,-0.165527,0.882324,63.049316,-58.532715,-24.536133
14,-0.092285,-0.209961,0.886230,33.203125,-49.804688,-19.897461
15,-0.111328,-0.241699,0.854980,1.708984,-40.222168,-17.578125
16,-0.085938,-0.277344,0.789062,-26.611328,-27.587891,-18.005371
17,0.012207,-0.344238,0.678711,-52.001953,4.943848,-21.545410
18,0.069336,-0.358398,0.631836,-41.259766,19.348145,-23.681641
19,0.036621,-0.373047,0.708984,-21.545410,28.015137,-27.954102
20,0.023926,-0.262695,0.795410,-4.211426,17.944336,-44.372559
21,0.024902,-0.215820,0.797852,5.737305,13.549805,-43.334961
22,-0.013184,-0.217285,0.843262,12.145996,5.493164,-40.710449
23,-0.037598,-0.229492,0.840820,13.244629,-6.652832,-38.696289
24,0.010742,-0.186523,0.814941,6.896973,-29.541016,-32.226562
25,0.043457,-0.166504,0.798828,-3.967285,-34.851074,-26.367188
26,0.060059,-0.133789,0.751465,-11.657715,-38.391113,-18.798828
27,0.066895,-0.165527,0.715820,-16.967773,-40.893555,-1.342773
28,0.089355,-0.230957,0.675781,-17.700195,-33.752441,4.699707
29,0.141113,-0.265625,0.691406,-15.502930,-25.939941,10.131836
30,0.160156,-0.303223,0.747559,-22.277832,-20.019531,13.732910
31,0.113281,-0.309570,0.770020,-46.020508,5.371094,19.042969
32,0.071777,-0.400391,0.771484,-50.354004,21.240234,20.324707
33,0.038086,-0.462402,0.833008,-45.776367,33.081055,18.554688
34,-0.039062,-0.583984,1.041504,-45.715332,27.893066,17.150879
35,0.108398,-0.583496,1.025391,-36.621094,-12.634277,7.019043
36,0.031738,-0.631836,1.047852,-26.550293,-27.282715,7.385254
37,0.019043,-0.605957,1.046875,-24.536133,-30.273438,0.549316
38,0.017090,-0.506836,0.970703,-14.404297,-15.197754,-24.230957
39,0.021973,-0.444336,1.049805,2.136230,-4.455566,-31.616211
40,-0.015625,-0.420898,1.260254,29.174805,-12.817383,-34.423828
41,-0.016602,-0.444824,1.562500,73.974609,-93.750000,-36.254883
42,0.053223,-0.435547,1.474121,71.655273,-131.652832,-36.987305
43,0.193848,-0.424316,1.155273,76.049805,-145.690918,-35.522461
44,0.288086,-0.468750,0.929688,97.167969,-138.183594,-33.447266
45,0.297852,-0.490723,1.041016,140.808105,-94.055176,-58.654785
46,0.234375,-0.413086,1.325195,134.399414,-89.843750,-94.421387
47,0.251465,-0.269043,1.532715,94.604492,-94.604492,-136.352539
48,0.392578,-0.011230,1.277344,0.976562,-89.965820,-180.175781
49,0.437500,0.046875,1.054688,-18.005371,-79.223633,-184.204102
50,0.578125,0.126953,0.810547,-25.207520,-59.387207,-175.537109
51,0.700195,0.162598,0.495117,-0.915527,17.211914,-106.201172
52,0.523438,0.092773,0.616699,16.113281,46.081543,-80.017090
53,0.364746,0.034668,0.750488,19.104004,62.438965,-72.570801
54,0.209473,-0.074219,0.833984,31.494141,63.232422,-83.618164
55,0.162598,-0.172363,0.890137,60.852051,47.668457,-88.745117
56,0.047363,-0.194336,0.944336,115.173340,15.869141,-95.642090
57,-0.276855,-0.034668,1.113281,190.917969,-40.039062,-127.685547
58,0.083984,0.334961,1.335449,171.264648,-45.288086,-135.375977
59,1.041016,1.120605,1.369629,101.867676,-24.963379,-76.843262
60,0.711426,0.768066,0.993652,67.993164,-15.258789,2.929688
61,0.184570,0.188477,0.857422,85.144043,-39.855957,18.310547
62,0.362793,0.268066,0.863770,69.763184,-29.785156,7.934570
63,0.393555,0.278809,0.789551,38.940430,-8.483887,9.765625
64,0.355957,0.229980,0.693359,16.357422,7.324219,10.192871
65,0.266113,0.183105,0.769531,-43.518066,27.038574,-0.610352
66,0.243652,0.181152,0.838379,-82.336426,22.705078,-5.798340
67,0.247559,0.146973,0.810547,-114.990234,15.625000,-9.277344
68,0.189453,-0.125000,0.482910,-134.948730,49.926758,-34.790039
69,0.160645,-0.159668,0.418945,-105.102539,84.594727,-52.795410
70,0.166016,-0.114258,0.491211,-84.045410,117.858887,-64.941406
71,0.168945,0.054688,0.762207,-80.200195,148.498535,-70.312500
72,0.061035,0.071777,1.246582,-150.573730,174.072266,-74.218750
73,0.095215,-0.049316,1.307617,-152.160645,145.385742,-76.965332
74,0.096191,-0.154785,1.273438,-148.559570,98.876953,-75.988770
75,0.112793,-0.247559,1.109375,-121.154785,42.114258,-74.829102
76,0.149902,-0.207520,1.021484,-34.851074,-65.490723,-62.744141
77,0.205078,-0.145996,0.838379,-3.234863,-98.815918,-52.490234
78,0.257812,-0.127930,0.862305,22.705078,-117.248535,-41.503906
79,0.298340,-0.159668,0.972656,-21.972656,-96.679688,-48.156738
80,0.273438,-0.332031,1.145996,-84.533691,-47.180176,-69.335938
81,0.287598,-0.322266,1.209961,-146.728516,4.516602,-96.008301
82,0.288574,-0.319824,0.979004,-172.912598,29.174805,-119.384766
83,0.574219,-0.055176,0.822754,-124.511719,25.146484,-108.520508
84,0.661621,0.045410,0.905762,-93.505859,37.292480,-78.857422
85,0.236816,-0.363770,1.355469,-137.512207,65.856934,-80.871582
86,0.117188,-0.382812,1.354492,-175.109863,67.077637,-99.182129
87,0.177246,-0.333496,1.221191,-199.645996,64.880371,-108.398438
88,0.246094,-0.313965,1.104492,-199.096680,56.945801,-103.820801
89,0.205566,-0.373047,1.145020,-161.560059,42.724609,-91.369629
90,0.165039,-0.407227,1.206543,-135.986328,42.602539,-85.876465
91,0.062012,-0.532227,1.287109,-117.614746,45.288086,-76.721191
92,0.036621,-0.719238,1.288574,-102.416992,36.010742,-65.246582
93,-0.083008,-0.901367,1.276855,-90.698242,22.033691,-75.622559
94,-0.040039,-0.746582,1.116699,-74.645996,1.892090,-95.642090
95,0.160645,-0.186523,0.871582,-30.334473,-28.564453,-59.997559
96,0.104004,-0.122070,0.817383,-11.962891,-39.550781,-25.512695
97,0.052246,-0.209961,0.807617,-8.789062,-52.185059,-5.249023
98,0.193848,-0.278809,0.544922,-38.513184,-54.016113,6.225586
99,0.199707,-0.355469,0.478027,-46.569824,-43.457031,6.408691
100,0.158691,-0.482910,0.498535,-56.030273,-31.616211,-6.225586
101,0.229004,-0.526855,0.520996,-99.060059,5.249023,-36.071777
102,0.311523,-0.608398,0.416016,-106.018066,25.085449,-46.508789
103,0.269043,-0.601074,0.378906,-83.129883,35.888672,-48.095703
104,0.167480,-0.656250,0.390137,-41.503906,36.010742,-50.537109
105,0.158203,-0.589844,0.129883,-27.160645,79.589844,-88.562012
106,0.181641,-0.433105,0.210938,7.324219,109.497070,-94.238281
107,0.143066,-0.208008,0.492676,59.692383,116.455078,-76.477051
108,0.193359,-0.077148,0.721191,52.185059,116.271973,-63.720703
109,0.192383,-0.065430,0.835449,18.676758,117.065430,-49.499512
110,0.162109,-0.140137,0.806641,-17.517090,115.905762,-38.269043
111,0.183594,-0.171875,0.583008,-45.654297,104.431152,-8.178711
112,0.187988,-0.190918,0.531738,-44.921875,94.665527,16.723633
113,0.197266,-0.223145,0.552246,-47.302246,84.228516,44.006348
114,0.392090,-0.253418,1.507812,29.968262,-63.781738,79.101562
115,0.441406,-0.415527,1.019531,10.437012,-102.355957,90.270996
116,0.321289,-0.831543,0.727539,12.512207,-95.275879,51.330566
117,0.387695,-0.651367,0.488770,10.620117,-40.344238,15.502930
118,0.422363,-0.437988,0.620605,18.798828,12.756348,28.320312
119,0.434082,-0.360352,0.841309,27.770996,13.610840,61.340332
120,0.397949,-0.325195,1.007324,11.840820,3.295898,101.745605
121,0.244629,-0.512207,0.964355,-38.208008,-25.146484,135.559082
122,0.266602,-0.521484,0.757324,-56.884766,-11.108398,128.784180
123,0.256836,-0.604980,0.670898,-70.495605,50.476074,93.322754
124,0.206543,-0.767578,1.013184,-86.364746,63.171387,61.218262
125,0.113770,-0.874512,1.250488,-109.008789,59.692383,21.301270
126,-0.229980,-1.109375,1.285156,-117.980957,39.855957,-28.808594
127,-0.773926,-1.437988,0.814941,-67.016602,8.483887,-131.164551
128,-0.660156,-1.249512,0.604492,-14.587402,-11.352539,-177.185059
129,-0.305176,-0.934570,0.429199,52.673340,-20.751953,-201.416016
130,0.958984,-0.009277,1.778320,148.010254,-20.324707,-151.489258
131,1.548828,0.522461,2.405762,4.272461,-21.362305,-49.865723
132,0.930664,-0.243164,1.140137,-86.486816,7.690430,28.076172
133,-0.161621,-0.816406,1.203613,-38.330078,-2.746582,54.504395
134,-0.100586,-0.765137,1.113281,-26.306152,-35.766602,69.885254
135,-0.007324,-0.609375,1.000488,-13.916016,-43.823242,80.139160
136,-0.039062,-0.685059,0.908203,0.549316,-36.682129,77.758789
137,-0.057617,-0.468262,0.978027,22.888184,-33.569336,67.749023
138,-0.058594,-0.354980,0.911133,15.808105,-45.227051,85.205078
139,-0.127441,-0.315430,0.825684,9.155273,-56.213379,104.370117
140,-0.289062,-0.438477,0.791504,-24.841309,-67.932129,124.633789
141,-0.305176,-0.534180,0.851562,-43.579102,-79.284668,122.802734
142,-0.228027,-0.616699,0.828613,-65.490723,-91.674805,113.952637
143,-0.214844,-0.623535,0.591797,-95.581055,-82.824707,81.848145
144,-0.208496,-0.548340,0.746094,-95.214844,-98.632812,85.510254
145,-0.453125,-0.603027,0.671387,-83.923340,-121.887207,88.073730
146,-0.602051,-0.333984,0.736328,-53.039551,-136.230469,91.003418
147,-0.434570,-0.311035,1.009766,-65.246582,-175.170898,112.121582
148,-0.274414,-0.165527,0.569336,-67.321777,-204.589844,151.123047
149,-0.138184,-0.255371,0.377441,-58.837891,-209.899902,183.959961
150,-0.051270,-0.398926,0.186035,-24.902344,-158.569336,208.984375
151,-0.173828,-0.407227,0.289551,-27.709961,-127.807617,212.402344
152,-0.312012,-0.299316,0.340820,-35.339355,-109.191895,228.088379
153,-0.593750,-0.321777,0.476074,-36.437988,-125.305176,280.700684
154,-0.584961,-0.423828,0.550781,-42.663574,-139.160156,296.020508
155,-0.572754,-0.573730,0.523438,-67.382812,-139.587402,301.025391
156,-0.587891,-0.683105,0.358887,-115.783691,-122.985840,297.363281
157,-0.617676,-0.693359,0.301270,-122.802734,-111.511230,304.443359
158,-0.737793,-0.505371,0.278320,-93.811035,-76.538086,342.529297
159,-0.819336,-0.520508,0.378418,-60.913086,-74.340820,373.413086
160,-0.905762,-0.644043,0.600098,-43.457031,-74.035645,393.310547
161,-0.856445,-1.012695,0.893555,-47.363281,-82.458496,390.625000
162,-0.613281,-1.103027,0.871582,-41.320801,-88.439941,368.591309
163,-0.140137,-0.845703,0.722168,-20.446777,-81.420898,354.064941
164,-0.400879,-1.105469,0.848145,-6.896973,-26.184082,316.345215
165,-0.606934,-1.696289,1.180664,-3.356934,-31.372070,292.663574
166,-0.505859,-2.040527,1.297363,-5.371094,-46.752930,245.483398
167,-0.499512,-2.318359,1.176758,15.869141,-55.969238,199.829102
168,-0.167480,-2.363281,0.895996,129.455566,-67.504883,124.572754
169,-0.193848,-2.323242,0.746582,159.240723,-65.490723,75.683594
170,-0.088867,-2.220703,0.522461,158.691406,-52.062988,16.174316
171,0.107910,-2.052246,0.156250,115.844727,0.305176,-96.435547
172,0.008789,-1.993164,0.003906,78.186035,45.104980,-157.470703
173,-0.040527,-1.554688,-0.111816,60.668945,92.590332,-197.448730
174,-0.253906,-1.324219,0.128906,63.842773,116.699219,-212.463379
175,-0.752441,-0.232910,0.514160,35.705566,122.863770,-163.330078
176,-1.064941,0.038574,0.636230,-10.437012,109.985352,-96.679688
177,-1.173828,-0.184570,0.249512,-128.356934,79.223633,-40.649414
178,-0.937012,-0.070312,-0.047852,-165.405273,84.106445,-20.812988
179,-0.771484,-0.354980,-0.118164,-175.842285,92.102051,-13.183594
180,-0.599609,-0.615234,-0.126465,-185.180664,94.970703,-28.625488
181,-0.467773,-0.806641,-0.249023,-177.185059,120.117188,-103.088379
182,-0.384766,-0.690430,-0.113281,-155.639648,142.578125,-137.023926
183,-0.284668,-0.608887,-0.150879,-125.061035,165.710449,-150.878906
184,-0.375488,-0.642578,-0.284668,-9.948730,211.608887,-133.666992
185,-0.048828,-0.671875,-0.083008,43.579102,248.779297,-121.215820
186,0.010254,-0.732422,0.388672,39.184570,263.732910,-83.435059
187,-1.292480,-1.078613,0.623535,66.101074,224.243164,-79.589844
188,-1.117676,-1.004883,0.498535,76.721191,190.002441,-135.559082
189,-0.607910,-0.785645,0.785645,106.079102,150.939941,-178.222656
190,-0.470703,-0.449707,0.176758,106.262207,121.032715,-191.894531
191,-0.270996,-0.304199,0.009766,26.733398,176.025391,-136.779785
192,-0.206055,-0.490723,-0.102539,-1.159668,172.363281,-125.488281
193,-0.234863,-0.679199,-0.198730,-33.386230,158.325195,-148.071289
194,0.110352,-0.797852,-0.330078,-26.367188,212.402344,-171.325684
195,-0.157715,-0.626953,-0.076172,-54.077148,258.056641,-169.738770
196,-0.485840,-0.732422,-0.079102,-52.795410,74.340820,-50.537109
197,-0.317383,-0.761719,-0.025879,-18.615723,-2.258301,-9.155273
198,-0.297363,-0.831055,0.233887,29.357910,-45.043945,20.507812
199,-0.392090,-1.125488,0.003906,33.874512,-50.964355,18.615723
200,-0.291504,-1.333496,-0.791992,-21.301270,95.581055,-106.933594
201,-0.042480,-0.804199,-0.514160,10.070801,229.431152,-167.602539
202,0.055664,-0.778809,0.735840,-36.254883,226.501465,-192.260742
203,-0.326660,-0.692383,0.513672,-88.134766,12.939453,-5.798340
204,-0.206543,-0.909668,0.694824,-81.726074,-39.306641,40.588379
205,-0.065918,-1.158203,0.309082,-88.928223,-71.472168,63.903809
206,-0.113281,-1.218750,-0.061523,-103.698730,-58.959961,76.660156
207,-0.087891,-1.123535,-0.351074,-36.621094,22.094727,107.727051
208,-0.276367,-1.114746,-0.086914,-9.338379,40.344238,112.731934
209,-0.359863,-1.048340,-0.222656,16.357422,47.241211,119.445801
210,-0.695312,-1.206543,0.230957,29.357910,72.082520,79.223633
211,-0.771973,-1.470703,0.583984,-29.113770,29.663086,43.273926
212,-0.814941,-1.584473,0.455078,-127.624512,-8.544922,-2.258301
213,-0.652832,-1.356445,-0.135254,-177.978516,-20.690918,-78.063965
214,-0.720215,-1.374512,-0.215332,-171.875000,-9.826660,-112.243652
215,-0.638672,-1.094238,-0.104004,-149.291992,-12.634277,-129.577637
216,-0.691895,-0.812500,0.505371,-87.646484,-91.430664,-44.433594
217,-0.714844,-1.030273,0.235352,-51.391602,-129.028320,-5.126953
218,-0.614746,-0.997070,0.355957,-9.338379,-140.502930,15.930176
219,-0.503418,-0.809570,0.224121,-11.535645,-149.108887,21.484375
220,-0.463379,-0.761719,0.109375,7.934570,-155.456543,20.751953
221,-0.372070,-0.738281,-0.069336,32.348633,-144.226074,7.446289
222,-0.460938,-0.719727,-0.278809,41.259766,-113.647461,-7.507324
223,-0.773926,-0.616699,0.140625,14.892578,-77.087402,-5.859375
224,-0.885254,-0.831055,0.341797,-34.179688,-77.636719,-14.770508
225,-0.929199,-1.038574,0.437012,-87.097168,-95.520020,-22.644043
226,-0.701660,-1.078125,0.212402,-125.915527,-135.742188,-29.968262
227,-0.521484,-0.997559,-0.014648,-129.516602,-144.775391,-27.099609
228,-0.459961,-0.993164,-0.227539,-120.483398,-133.605957,-28.015137
229,-0.351074,-0.780762,-0.337891,-77.697754,-94.848633,-28.442383
230,-0.357422,-0.760742,-0.251953,-59.204102,-79.956055,-26.428223
231,-0.370117,-0.773926,-0.116211,-56.701660,-77.941895,-32.836914
232,-0.416992,-0.693359,-0.164062,-103.881836,-101.440430,-65.124512
233,-0.452148,-0.546387,-0.230957,-115.661621,-106.323242,-74.279785
234,-0.410645,-0.415527,-0.319336,-128.356934,-96.984863,-51.513672
235,-0.285156,-0.441406,-0.482422,-121.765137,-79.223633,-31.921387
236,-0.334473,-0.550781,-0.403809,-125.549316,-67.443848,-16.174316
237,-0.375000,-0.662598,-0.386230,-130.676270,-65.490723,-17.150879
238,-0.320801,-0.473633,-0.593750,-129.760742,-65.429688,-9.887695
239,-0.333008,-0.506348,-0.832520,-121.032715,-53.527832,11.535645
240,-0.366699,-0.714844,-1.012695,-107.238770,-29.052734,26.428223
241,-0.447754,-0.865234,-0.895996,-75.683594,-3.540039,40.344238
242,-0.487793,-0.964355,-0.911133,-84.228516,6.225586,42.541504
243,-0.456055,-0.971191,-1.056641,-88.989258,23.559570,30.212402
244,-0.426758,-0.935059,-0.890137,-50.903320,65.429688,-6.835938
245,-0.497070,-0.716309,-0.686035,-2.502441,63.354492,-24.353027
246,-0.373535,-0.312012,-0.510254,129.760742,64.392090,-43.395996
247,0.491699,0.203125,1.384277,108.886719,-28.442383,29.479980
248,-1.101562,-2.230469,-1.749023,-110.778809,15.625000,46.020508
249,-0.563477,-0.870605,-0.693848,-200.500488,75.073242,2.868652
250,-0.562500,-1.038574,-0.833008,-212.829590,44.067383,31.677246
251,-0.517578,-0.857422,-0.523438,-246.337891,34.118652,30.761719
252,-0.760254,-1.066895,-0.490234,-249.938965,-6.530762,50.598145
253,-0.941406,-1.347168,-0.627441,-255.676270,-18.737793,30.578613
254,-0.899902,-1.308594,-0.657715,-247.802734,-23.010254,-4.089355
255,-0.703613,-1.148438,-0.687988,-219.238281,-26.916504,-30.639648
256,-0.526855,-1.059082,-0.868652,-126.831055,-11.596680,-35.217285
257,-0.398926,-1.009766,-0.895508,-66.406250,22.155762,-22.766113
258,-0.292969,-0.979004,-0.693848,-4.272461,61.462402,0.915527
259,-0.299805,-0.708984,-0.396973,68.969727,96.130371,42.236328
260,-0.455078,-0.674805,-0.235352,87.768555,100.952148,46.508789
261,-0.565918,-0.653320,-0.090820,88.378906,94.299316,35.644531
262,-0.477539,-0.501953,0.093262,26.062012,58.837891,16.113281
263,-0.468750,-0.445801,-0.013184,-21.728516,39.428711,11.108398
264,-0.455566,-0.393066,-0.187500,-69.396973,34.729004,5.432129
265,-0.253906,-0.234863,-0.314453,-131.958008,48.645020,-4.943848
266,-0.139648,-0.226562,-0.311523,-148.864746,41.137695,3.479004
267,-0.118164,-0.236816,-0.360352,-168.029785,39.733887,17.089844
268,-0.085449,-0.248535,-0.289551,-198.242188,30.334473,49.682617
269,-0.068359,-0.210938,-0.230957,-224.243164,20.019531,61.279297
270,-0.022461,-0.166016,-0.172363,-285.888672,-11.474609,66.284180
271,0.029785,-0.120117,-0.233887,-339.904785,-31.860352,58.776855
272,0.096680,-0.316406,-2.152832,-308.837891,-18.310547,51.269531
273,0.029785,-0.107422,-1.193848,54.504395,9.216309,40.832520
274,-0.016113,-0.069336,-0.694824,146.850586,-11.779785,27.343750
275,-0.095703,-0.159180,-0.366699,114.990234,-49.011230,13.366699
276,-0.353027,-0.257324,-0.665527,1.831055,-80.383301,-44.616699
277,-0.456055,-0.231934,-0.798828,-28.625488,-83.557129,-71.472168
278,-0.559082,-0.252930,-0.974121,-40.100098,-72.753906,-101.440430
279,-0.497070,-0.200195,-1.081543,-25.817871,-50.170898,-136.596680
280,-0.427246,-0.228027,-1.276367,-4.211426,-40.527344,-130.798340
281,-0.374512,-0.247559,-1.326660,27.587891,-28.991699,-115.051270
282,-0.215332,-0.229004,-1.403809,49.804688,-19.531250,-90.026855
283,0.255859,-0.231445,-2.101562,116.333008,-13.549805,1.708984
284,-0.008789,-0.272949,-1.861816,209.411621,-44.921875,48.095703
285,-0.587402,-0.393555,-0.822266,244.934082,-113.586426,48.828125
286,-0.848633,-0.317383,-0.566895,107.543945,-165.039062,-39.184570
287,-0.820312,-0.278809,-0.658203,37.902832,-136.474609,-83.374023
288,-0.751953,-0.219238,-0.809082,-25.207520,-67.810059,-102.294922
289,-0.813477,-0.420410,-0.817383,-83.923340,16.052246,-110.656738
290,-0.686035,-0.521973,-1.452637,-71.655273,71.166992,-110.473633
291,-0.616211,-0.713867,-1.750977,98.571777,-2.746582,-23.864746
292,-0.839844,-0.864258,-1.104004,209.167480,-13.549805,13.305664
293,-0.978516,-0.944824,-0.305176,187.194824,10.314941,-28.991699
294,-0.841797,-0.846680,-0.193848,142.883301,10.070801,-81.848145
295,-0.754395,-0.791504,-0.126465,88.928223,20.690918,-121.520996
296,-0.640625,-0.819336,-0.022949,-47.241211,50.537109,-168.884277
297,-0.525391,-0.851074,0.091309,-120.788574,51.452637,-171.325684
298,-0.515137,-1.102051,-0.119141,-159.118652,22.399902,-161.560059
299,-0.425781,-0.985352,-0.181152,-112.060547,-95.764160,-117.431641
300,-0.462891,-1.184570,-0.974609,-75.317383,-131.225586,-107.971191
301,-0.397949,-1.062500,-0.896973,-49.804688,-113.891602,-92.834473
302,-0.389160,-1.093750,-0.800781,-8.666992,-109.008789,-77.087402
303,-0.160156,-0.857422,-0.411621,34.179688,-107.788086,-76.477051
304,-0.099121,-0.727051,-0.409668,38.208008,-102.172852,-63.720703
305,-0.081543,-0.647949,-0.450684,51.086426,-87.585449,-51.025391
306,0.007324,-0.400879,-0.649414,108.886719,-8.666992,-13.244629
307,0.064453,-0.311035,-0.541504,138.916016,31.738281,14.404297
308,-0.040527,-0.168457,-0.473145,165.832520,97.473145,79.406738
309,-0.178711,-0.215820,-0.420410,153.808594,107.666016,89.111328
310,-0.260254,-0.190918,-0.510254,107.421875,78.430176,52.124023
311,-0.167969,-0.097656,-0.625977,69.824219,42.541504,17.639160
312,-0.071777,-0.116699,-0.823730,31.188965,10.742188,-3.601074
313,-0.062500,-0.249023,-0.917969,22.399902,-12.207031,-7.019043
314,-0.145020,-0.440430,-0.770508,-25.573730,-7.202148,6.591797
315,-0.155273,-0.477051,-0.705078,-47.973633,-2.990723,13.366699
316,-0.159668,-0.530273,-0.678223,-67.260742,-6.958008,27.282715
317,-0.165527,-0.581543,-0.704102,-67.321777,-6.958008,32.653809
318,-0.159668,-0.630859,-0.746094,-64.208984,-3.356934,36.926270
319,-0.160156,-0.691406,-0.797852,-59.082031,4.333496,41.625977
320,-0.200684,-0.835938,-0.927734,-40.222168,23.437500,45.043945
321,-0.229004,-0.894531,-0.981445,-24.597168,29.418945,44.128418
322,-0.240234,-0.914551,-1.063965,-7.629395,34.851074,42.968750
323,-0.249023,-0.896484,-1.122070,5.676270,44.616699,45.776367
324,-0.255859,-0.830078,-1.125977,8.361816,70.495605,62.316895
325,-0.250488,-0.793457,-1.069336,4.577637,75.988770,69.152832
326,-0.249023,-0.779297,-1.010742,3.356934,73.730469,69.030762
327,-0.224609,-0.748047,-0.885742,-6.347656,55.908203,46.142578
328,-0.236328,-0.705566,-0.834473,-17.822266,39.489746,35.461426
329,-0.273438,-0.728027,-0.885254,-31.616211,21.911621,30.395508
330,-0.301270,-0.785645,-0.947754,-43.029785,10.742188,29.479980
331,-0.342285,-0.917969,-1.082031,-66.528320,7.019043,37.475586
332,-0.351562,-0.912109,-1.140625,-73.486328,14.404297,41.503906
333,-0.360352,-0.823242,-1.113281,-72.448730,21.850586,48.583984
334,-0.408691,-0.723145,-1.036621,-46.936035,31.860352,62.927246
335,-0.466797,-0.591797,-0.847656,-31.555176,38.146973,66.162109
336,-0.520508,-0.597168,-0.729004,-15.747070,39.306641,66.528320
337,-0.589844,-0.643555,-0.645996,-2.380371,40.039062,59.326172
338,-0.656738,-0.647949,-0.418457,14.160156,33.447266,31.799316
339,-0.663574,-0.618652,-0.333008,20.874023,22.399902,20.935059
340,-0.671387,-0.576660,-0.227051,21.179199,10.437012,14.099121
341,-0.727539,-0.574219,-0.196777,12.817383,-5.065918,1.525879
342,-0.738770,-0.561035,-0.189453,8.178711,-10.864258,-5.249023
343,-0.724121,-0.516602,-0.179199,4.089355,-15.014648,-9.765625
344,-0.681152,-0.460938,-0.176758,-0.915527,-16.967773,-10.742188
345,-0.468262,-0.341309,-0.261230,-12.512207,-1.831055,-3.845215
346,-0.371582,-0.328613,-0.239258,-11.779785,6.042480,-1.525879
347,-0.283203,-0.308105,-0.240234,-6.164551,6.835938,-1.098633
348,0.124023,-0.182617,-1.018066,67.749023,-15.014648,13.244629
349,0.091797,-0.308594,-1.062988,153.198242,-58.959961,31.799316
350,0.104492,-0.374512,-1.004883,176.147461,-71.105957,40.222168
351,0.084961,-0.601074,-0.909180,149.841309,-69.274902,35.949707
352,-0.020508,-0.545410,-0.711914,81.542969,-43.884277,10.375977
353,-0.058105,-0.460938,-0.511230,84.045410,-31.372070,9.948730
354,-0.124023,-0.474609,-0.305664,86.120605,-24.475098,11.291504
355,-0.201660,-0.540039,-0.180664,80.261230,-25.268555,7.934570
356,-0.396973,-0.583496,-0.134766,72.143555,-20.507812,-20.202637
357,-0.477539,-0.583984,-0.100098,56.030273,-24.414062,-35.339355
358,-0.532227,-0.572754,-0.128906,27.832031,-35.217285,-49.682617
359,-0.451660,-0.533691,-0.531738,-33.691406,-68.115234,-72.814941
360,-0.323242,-0.554199,-0.851074,-55.297852,-74.218750,-74.462891
361,-0.222656,-0.628906,-1.272461,-53.588867,-70.861816,-72.753906
362,-0.086914,-0.675293,-1.678711,-14.831543,-46.264648,-60.363770
363,-0.009277,-0.920410,-1.893555,90.637207,35.095215,-17.944336
364,-0.258301,-1.166504,-1.670898,155.517578,46.142578,-0.488281
365,-0.509766,-1.145508,-1.010742,172.973633,17.944336,4.394531
366,-0.888184,-0.793945,-0.385742,111.389160,-47.485352,4.211426
367,-0.907715,-0.654297,-0.289062,66.772461,-40.771484,-13.916016
368,-0.805176,-0.554688,-0.241211,20.202637,-9.521484,-25.878906
369,-0.787109,-0.790039,-0.193848,-67.626953,54.260254,-22.155762
370,-0.760254,-0.968262,-0.458008,-73.242188,39.611816,-8.300781
371,-0.829590,-1.159668,-0.652344,36.499023,23.010254,17.639160
372,-0.810059,-1.149414,-0.474609,46.691895,43.823242,12.512207
373,-0.737793,-1.117676,-0.311523,44.494629,56.152344,5.798340
374,-0.592285,-1.013672,-0.022949,6.347656,49.560547,-6.103516
375,-0.552734,-0.997070,0.028809,-21.728516,40.588379,-12.817383
376,-0.532227,-1.020020,0.045410,-49.682617,33.813477,-22.949219
377,-0.474609,-1.090332,-0.023438,-110.839844,31.799316,-56.091309
378,-0.443359,-1.091309,-0.147949,-136.474609,33.630371,-71.411133
379,-0.389648,-1.035156,-0.311035,-148.315430,35.705566,-79.528809
380,-0.307617,-0.897949,-0.511719,-131.958008,30.578613,-69.946289
381,-0.310059,-0.878906,-0.521973,-106.140137,15.747070,-59.020996
382,-0.309082,-0.869629,-0.528320,-75.683594,-3.112793,-51.635742
383,-0.287598,-0.852539,-0.497070,-42.419434,-23.193359,-45.471191
384,-0.202148,-0.736816,-0.410645,-2.685547,-48.339844,-33.386230
385,-0.178223,-0.677246,-0.388672,-0.122070,-48.339844,-31.005859
386,-0.115723,-0.521484,-0.412598,2.075195,-37.353516,-32.714844
387,-0.079590,-0.435547,-0.437988,6.347656,-31.250000,-32.531738
388,-0.067871,-0.315430,-0.494141,23.559570,-20.629883,-25.573730
389,-0.078125,-0.285645,-0.519043,30.700684,-16.906738,-18.188477
390,-0.111816,-0.288574,-0.549805,33.935547,-12.573242,-9.338379
391,-0.145020,-0.309570,-0.594238,35.095215,-6.469727,-2.197266
392,-0.192383,-0.355469,-0.598145,28.869629,2.014160,11.108398
393,-0.220215,-0.385742,-0.612793,24.597168,1.037598,16.296387
394,-0.239258,-0.402832,-0.622559,19.958496,-2.136230,20.019531
395,-0.260742,-0.390137,-0.747559,7.751465,-5.371094,25.756836
396,-0.253418,-0.408203,-0.805664,5.859375,-5.676270,28.625488
397,-0.261719,-0.457520,-0.789551,3.723145,-9.582520,28.076172
398,-0.215332,-0.513184,-0.827637,-26.916504,-18.066406,19.409180
399,-0.178711,-0.563477,-0.950684,-41.503906,-15.258789,17.639160
400,-0.152344,-0.655273,-1.073242,-46.691895,-8.605957,17.395020
401,-0.133789,-0.767578,-1.168457,-45.349121,0.427246,17.395020
402,-0.117676,-0.867188,-1.219727,-42.785645,11.779785,17.456055
403,-0.138184,-0.956543,-1.216797,-42.907715,26.672363,22.094727
404,-0.173340,-0.846191,-1.199219,-43.395996,25.085449,29.052734
405,-0.230957,-0.864746,-1.211914,-38.940430,28.442383,35.461426
406,-0.159668,-0.867188,-0.828613,-52.246094,20.568848,30.944824
407,-0.147949,-0.952637,-0.971191,-54.016113,12.451172,31.433105
408,-0.158691,-1.015137,-1.006348,-48.461914,11.474609,36.621094
409,-0.312012,-1.126465,-0.996582,-48.950195,16.052246,60.546875
410,-0.401855,-1.153320,-0.962891,-51.147461,19.531250,63.903809
411,-0.438477,-1.052734,-0.931152,-45.349121,23.742676,61.523438
412,-0.460938,-0.840820,-0.780273,-15.258789,32.775879,69.519043
413,-0.529785,-0.825684,-0.712402,4.455566,30.944824,71.350098
414,-0.604980,-0.833008,-0.629395,25.573730,27.099609,69.152832
415,-0.696289,-0.861328,-0.522461,46.386719,20.202637,63.903809
416,-0.807129,-0.785156,-0.287598,77.453613,-1.831055,50.292969
417,-0.859375,-0.755859,-0.183594,79.040527,-8.239746,41.992188
418,-0.902832,-0.738281,-0.039551,64.331055,-13.610840,25.085449
419,-0.789551,-0.621582,0.076660,-5.249023,-31.066895,-24.658203
420,-0.647949,-0.486816,-0.013672,-43.945312,-38.146973,-43.212891
421,-0.460449,-0.368164,-0.196289,-63.476562,-35.888672,-47.424316
422,-0.270508,-0.285645,-0.346191,-59.020996,-23.559570,-39.062500
423,-0.174805,-0.292480,-0.467285,-40.466309,-16.052246,-28.320312
424,0.242676,-0.291504,-1.210449,16.296387,-23.559570,-13.610840
425,0.191895,-0.650391,-0.931152,150.817871,-96.252441,31.066895
426,0.101562,-0.743164,-0.937988,74.890137,-106.811523,19.226074
427,0.012207,-0.424805,-0.595703,18.798828,-79.772949,10.498047
428,-0.036621,-0.325195,-0.446777,20.690918,-62.927246,20.568848
429,-0.138672,-0.312012,-0.331055,26.062012,-42.907715,27.038574
430,-0.187500,-0.301758,-0.258301,30.395508,-20.080566,24.536133
431,-0.275879,-0.299805,-0.073242,30.212402,21.484375,3.356934
432,-0.300781,-0.305176,0.012207,24.597168,28.198242,-9.704590
433,-0.372559,-0.376953,0.052734,13.244629,23.010254,-23.498535
434,-0.492188,-0.471680,-0.044434,-14.953613,-10.314941,-68.725586
435,-0.456055,-0.439453,-0.141113,-31.188965,-30.395508,-85.754395
436,-0.404297,-0.430664,-0.270996,-49.560547,-50.476074,-89.172363
437,-0.307129,-0.480957,-0.553711,-62.011719,-71.166992,-82.519531
438,-0.219238,-0.808594,-1.520020,36.499023,-105.712891,-43.823242
439,-0.222656,-0.994629,-1.704102,100.036621,-79.833984,-25.573730
440,-0.250000,-1.428223,-2.145020,145.690918,-38.024902,-7.324219
441,-0.705078,-1.375488,-0.899902,130.065918,-11.047363,15.869141
442,-1.022949,-1.128906,-0.662598,92.102051,-23.071289,18.920898
443,-0.937500,-0.537598,-0.324707,-7.873535,-14.404297,-32.531738
444,-0.819824,-0.371582,-0.390625,-50.659180,10.498047,-37.658691
445,-0.820312,-0.449707,-0.468750,-64.086914,35.095215,-29.174805
446,-0.837402,-0.674316,-0.536133,-63.598633,24.291992,-7.751465
447,-0.895020,-1.084961,-0.999512,83.679199,29.785156,40.466309
448,-0.903809,-1.056152,-0.494141,122.802734,70.312500,45.288086
449,-0.861328,-1.022461,-0.141602,118.164062,89.355469,37.780762
450,-0.676758,-0.874512,0.128418,61.462402,90.759277,13.366699
451,-0.606445,-0.835449,0.158691,23.864746,87.036133,5.187988
452,-0.561035,-0.826172,0.160156,-12.451172,82.336426,-2.197266
453,-0.486816,-0.913574,0.164551,-75.500488,72.448730,-18.005371
454,-0.471680,-1.022461,0.138672,-106.933594,66.650391,-30.395508
455,-0.461914,-1.122559,0.056152,-137.084961,58.105469,-45.532227
456,-0.445801,-1.165527,-0.053711,-155.456543,48.156738,-60.607910
457,-0.360352,-1.078613,-0.478516,-162.231445,38.635254,-65.795898
458,-0.325684,-1.002930,-0.589844,-126.892090,28.625488,-56.457520
459,-0.253906,-0.921875,-0.551758,-29.357910,-8.056641,-31.738281
460,-0.220703,-0.877441,-0.419922,7.019043,-27.343750,-22.033691
461,-0.191895,-0.770508,-0.237793,15.808105,-56.457520,-23.376465
462,-0.176270,-0.683105,-0.250000,5.310059,-62.072754,-31.311035
463,-0.158691,-0.595703,-0.294434,-1.892090,-63.415527,-39.306641
464,-0.127441,-0.516602,-0.356934,-2.685547,-63.293457,-45.227051
465,-0.062012,-0.375977,-0.479004,6.713867,-56.884766,-44.128418
466,-0.054199,-0.342773,-0.569824,5.859375,-49.011230,-38.085938
467,-0.114746,-0.294434,-0.747559,8.544922,-21.789551,-27.709961
468,-0.118164,-0.251953,-0.752441,11.840820,-12.023926,-18.005371
469,-0.144043,-0.240723,-0.801758,12.390137,-5.920410,-6.286621
470,-0.159180,-0.239746,-0.856934,10.864258,0.244141,6.896973
471,-0.195801,-0.308105,-0.876465,13.732910,19.897461,41.259766
472,-0.249512,-0.400879,-0.813965,8.972168,25.268555,50.964355
473,-0.276367,-0.488281,-0.737793,0.732422,23.559570,51.635742
474,-0.287109,-0.601562,-0.704102,-17.578125,3.295898,36.865234
475,-0.275879,-0.666504,-0.751953,-29.541016,-4.577637,26.428223
476,-0.228516,-0.825195,-0.981934,-42.175293,-3.112793,4.821777
477,-0.202637,-0.894531,-1.086426,-39.916992,3.234863,-2.929688
478,-0.166504,-0.936035,-1.151367,-37.109375,10.620117,-4.150391
479,-0.075195,-0.824219,-1.104004,-32.592773,16.418457,13.122559
480,-0.083008,-0.732422,-1.049805,-30.944824,16.784668,24.902344
481,-0.108398,-0.589355,-1.035156,-28.991699,22.888184,34.790039
482,-0.119629,-0.666016,-0.943359,-30.700684,48.645020,41.809082
483,-0.131348,-0.801758,-0.931152,-35.217285,51.208496,38.208008
484,-0.128906,-0.921387,-0.967285,-35.583496,47.912598,33.081055
485,-0.200684,-1.034180,-1.014648,-34.973145,37.780762,44.494629
486,-0.281250,-1.103516,-1.035645,-39.184570,38.146973,51.635742
487,-0.357422,-1.125977,-0.998535,-43.518066,38.024902,56.457520
488,-0.417969,-1.073242,-0.947754,-45.898438,37.963867,56.945801
489,-0.465820,-0.875977,-0.781738,-28.991699,33.752441,51.391602
490,-0.476074,-0.801758,-0.695801,-16.906738,32.104492,47.729492
491,-0.550781,-0.742676,-0.561035,15.075684,22.338867,45.349121
492,-0.623047,-0.728516,-0.492188,33.874512,15.930176,46.752930
493,-0.707520,-0.727539,-0.416016,53.405762,10.498047,50.170898
494,-0.875977,-0.756348,-0.170898,78.491211,-3.051758,35.278320
495,-0.862793,-0.714355,-0.046387,68.908691,-10.009766,13.916016
496,-0.809570,-0.642090,0.038086,44.372559,-16.845703,-11.047363
497,-0.604492,-0.390625,-0.011230,-22.216797,-36.193848,-44.982910
498,-0.467285,-0.287598,-0.207031,-37.902832,-35.766602,-43.701172
499,-0.406738,-0.243652,-0.289062,-39.367676,-28.991699,-37.536621
500,-0.249023,-0.210938,-0.292480,-29.479980,-17.456055,-24.169922
501,-0.160156,-0.256348,-0.360352,-18.310547,-18.493652,-15.319824
502,0.187988,-0.286621,-0.939941,27.648926,-40.832520,-3.417969
503,0.175293,-0.489746,-1.044434,114.990234,-103.332520,21.545410
504,0.122559,-0.764160,-1.103027,39.062500,-114.501953,11.413574
505,0.045410,-0.672363,-0.883789,5.798340,-86.853027,0.976562
506,-0.011719,-0.508301,-0.613770,-1.647949,-72.570801,2.136230
507,-0.173828,-0.402832,-0.385742,3.845215,-46.875000,13.244629
508,-0.248047,-0.413086,-0.358887,12.939453,-21.911621,9.155273
509,-0.322266,-0.435547,-0.269531,23.742676,2.807617,-0.427246
510,-0.438477,-0.440918,0.021973,27.526855,10.375977,-27.832031
511,-0.511719,-0.459473,0.034668,18.249512,-7.690430,-44.311523
512,-0.557129,-0.478027,-0.092773,8.972168,-29.663086,-60.668945
513,-0.466797,-0.514160,-0.491699,-8.178711,-62.622070,-73.852539
514,-0.357910,-0.555176,-0.806152,-17.333984,-72.631836,-74.157715
515,-0.268555,-0.594238,-1.260742,-4.882812,-83.618164,-68.603516
516,-0.173340,-0.788086,-2.032227,132.202148,-26.855469,-16.296387
517,-0.292969,-1.144043,-2.093750,188.659668,31.555176,-1.159668
518,-0.648926,-1.310059,-0.771484,181.579590,14.465332,11.291504
519,-0.910156,-1.080078,-0.416016,127.929688,-22.583008,23.986816
520,-0.892578,-0.788086,-0.239258,64.025879,-25.390625,7.263184
521,-0.619629,-0.344238,-0.207520,-54.382324,18.310547,-32.653809
522,-0.640137,-0.394043,-0.223633,-81.481934,49.926758,-33.935547
523,-0.703613,-0.549805,-0.291992,-86.242676,65.490723,-30.395508
524,-0.742676,-1.134766,-1.181152,5.126953,-8.850098,26.306152
525,-0.904785,-1.212891,-0.765137,112.548828,3.723145,43.212891
526,-0.933105,-1.192871,-0.380859,120.178223,39.245605,39.062500
527,-0.776367,-1.056641,-0.018555,72.875977,68.969727,15.747070
528,-0.713867,-1.003906,0.089355,34.118652,68.359375,5.187988
529,-0.665039,-0.968262,0.140625,-7.019043,64.025879,-3.784180
530,-0.582520,-0.988770,0.158691,-87.768555,54.748535,-17.517090
531,-0.554688,-1.066406,0.101074,-126.770020,50.903320,-27.282715
532,-0.537109,-1.129395,0.048828,-162.048340,46.752930,-40.893555
533,-0.493652,-1.114258,-0.293457,-211.853027,35.827637,-65.429688
534,-0.475586,-1.055664,-0.518066,-204.284668,32.226562,-70.800781
535,-0.436035,-0.984863,-0.698242,-165.405273,24.047852,-69.519043
536,-0.388184,-0.919922,-0.743652,-105.712891,7.690430,-62.927246
537,-0.252441,-0.750977,-0.564941,-7.690430,-30.334473,-32.836914
538,-0.224121,-0.711914,-0.461914,5.676270,-39.550781,-25.573730
539,-0.150879,-0.550781,-0.386719,-0.061035,-43.762207,-28.259277
540,-0.114746,-0.471680,-0.375977,-2.197266,-44.799805,-33.630371
541,-0.098145,-0.401855,-0.465332,-1.770020,-44.982910,-39.489746
542,0.008789,-0.202148,-0.599609,21.179199,-32.531738,-33.447266
543,0.020508,-0.167480,-0.619629,30.212402,-23.925781,-20.568848
544,0.000000,-0.200195,-0.632324,34.179688,-13.305664,-7.812500
545,-0.072754,-0.304199,-0.647461,30.334473,9.765625,10.620117
546,-0.099609,-0.333984,-0.617676,25.329590,16.784668,19.470215
547,-0.142578,-0.383789,-0.594238,16.479492,20.080566,26.916504
548,-0.198242,-0.454590,-0.601074,-1.037598,19.836426,37.353516
549,-0.224121,-0.504883,-0.616211,-5.859375,18.005371,38.513184
550,-0.250000,-0.557129,-0.625977,-7.202148,11.718750,34.667969
551,-0.265137,-0.643555,-0.674805,-6.103516,-13.305664,17.333984
552,-0.268066,-0.692383,-0.736816,-7.995605,-22.827148,6.652832
553,-0.248047,-0.785645,-0.871582,-19.104004,-25.390625,-13.122559
554,-0.230469,-0.808594,-0.961914,-26.611328,-21.667480,-17.639160
555,-0.235352,-0.836426,-1.088867,-31.555176,-17.578125,-18.066406
556,-0.237793,-0.781738,-1.247070,-32.348633,-12.329102,-12.756348
557,-0.272949,-0.566406,-1.509766,-19.714355,9.094238,21.240234
558,-0.327637,-0.498047,-1.501465,-8.483887,28.808594,42.297363
559,-0.248535,-0.704102,-0.992188,-20.507812,49.560547,42.175293
560,-0.142090,-0.815918,-1.008301,-30.212402,45.043945,36.376953
561,-0.074219,-0.928223,-0.957031,-31.250000,40.832520,38.330078
562,-0.184570,-0.980957,-0.933105,-57.128906,42.907715,69.030762
563,-0.303711,-1.021973,-0.954590,-61.157227,52.307129,79.345703
564,-0.393066,-1.021484,-0.872559,-53.527832,55.480957,80.322266
565,-0.497559,-0.912598,-0.716309,-19.958496,45.837402,71.472168
566,-0.525391,-0.878418,-0.655273,0.061035,40.893555,65.734863
567,-0.564453,-0.880859,-0.555176,17.517090,33.386230,60.852051
568,-0.690918,-0.904785,-0.437500,50.415039,10.009766,51.574707
569,-0.770996,-0.893066,-0.362305,64.636230,0.244141,47.668457
570,-0.873047,-0.886230,-0.249512,71.899414,-7.751465,41.381836
571,-0.959961,-0.824707,-0.028809,49.011230,-26.550293,4.333496
572,-0.894043,-0.741211,0.027832,23.559570,-35.888672,-23.132324
573,-0.758301,-0.592285,0.021973,-7.141113,-45.410156,-46.142578
574,-0.419434,-0.307617,-0.207031,-34.606934,-47.363281,-46.691895
575,-0.382812,-0.282715,-0.287109,-34.240723,-40.893555,-36.437988
576,-0.327148,-0.274902,-0.327637,-31.372070,-32.409668,-30.456543
577,0.128906,-0.241211,-0.802246,1.953125,-36.193848,-12.512207
578,0.204102,-0.394531,-1.118164,92.956543,-105.224609,11.047363
579,0.163086,-0.578613,-1.032227,77.270508,-129.577637,14.404297
580,0.090820,-0.529785,-0.876953,-13.000488,-89.599609,5.249023
581,0.021484,-0.393555,-0.577637,-26.062012,-78.063965,6.286621
582,-0.065430,-0.302734,-0.395020,-24.902344,-78.186035,11.474609
583,-0.144531,-0.245117,-0.349609,-18.066406,-73.974609,14.648438
584,-0.279785,-0.240723,-0.359863,12.634277,-28.015137,11.779785
585,-0.352539,-0.277832,-0.280273,27.282715,-0.854492,2.319336
586,-0.411133,-0.305176,-0.193848,39.611816,10.375977,-30.456543
587,-0.465820,-0.321289,-0.141602,36.193848,-6.896973,-46.325684
588,-0.496582,-0.370117,-0.255859,30.273438,-26.733398,-59.509277
589,-0.468262,-0.402832,-0.416992,24.047852,-41.870117,-66.772461
590,-0.282227,-0.580078,-1.060547,39.672852,-61.035156,-52.856445
591,-0.239746,-0.753906,-1.597168,99.914551,-61.706543,-30.151367
592,-0.233398,-1.070801,-1.882324,175.842285,-32.958984,-5.249023
593,-0.561523,-1.814941,-1.293945,207.885742,29.968262,-2.319336
594,-0.681152,-1.284668,-0.355469,168.579102,-11.413574,21.118164
595,-0.895020,-1.005371,-0.196777,115.051270,-34.606934,34.606934
596,-0.830566,-0.528320,0.019043,-18.066406,-25.390625,-10.620117
597,-0.739746,-0.382812,-0.083984,-68.359375,-2.929688,-35.705566
598,-0.726562,-0.322266,-0.124023,-91.918945,22.460938,-46.447754
599,-0.789551,-0.368164,-0.164062,-97.412109,37.841797,-41.076660
600,-0.879395,-0.985840,-0.897461,-55.664062,-41.076660,21.545410
601,-1.020020,-1.286621,-1.142090,75.073242,-35.949707,41.809082
602,-0.955078,-1.288086,-0.444336,149.963379,32.470703,23.620605
603,-0.842773,-1.221191,-0.266113,142.028809,49.865723,5.981445
604,-0.759277,-1.129883,-0.078613,117.370605,62.988281,-10.437012
605,-0.682617,-1.069336,0.032227,76.232910,74.401855,-27.832031
606,-0.479980,-1.043945,0.123047,-28.320312,95.642090,-60.913086
607,-0.403809,-1.027344,0.149414,-84.838867,104.797363,-72.265625
608,-0.314941,-0.979980,0.035156,-178.588867,109.802246,-70.739746
609,-0.312988,-0.987305,-0.126953,-200.683594,106.201172,-64.025879
610,-0.346680,-1.014160,-0.261719,-193.481445,94.665527,-56.274414
611,-0.373047,-1.033203,-0.433594,-102.966309,29.418945,-41.564941
612,-0.324219,-0.978027,-0.401367,-51.757812,-5.798340,-34.423828
613,-0.284180,-0.919434,-0.354980,-20.263672,-31.127930,-27.221680
614,-0.250488,-0.837891,-0.305176,-11.352539,-42.968750,-26.550293
615,-0.171875,-0.626465,-0.309570,-19.348145,-44.677734,-32.348633
616,-0.139160,-0.534180,-0.341797,-18.249512,-42.541504,-35.339355
617,-0.118164,-0.422852,-0.473633,4.394531,-37.597656,-36.682129
618,-0.108887,-0.357422,-0.508301,19.348145,-29.357910,-37.353516
619,-0.078613,-0.279297,-0.504395,28.381348,-21.179199,-31.677246
620,-0.077637,-0.248535,-0.537598,25.878906,-7.324219,-5.004883
621,-0.128906,-0.292480,-0.593750,20.507812,1.892090,7.568359
622,-0.163574,-0.302734,-0.633789,16.845703,9.948730,16.357422
623,-0.228027,-0.302246,-0.705078,10.681152,11.413574,31.372070
624,-0.251465,-0.346680,-0.813965,12.878418,10.131836,36.254883
625,-0.234863,-0.412598,-0.842773,17.822266,11.535645,39.306641
626,-0.232910,-0.489258,-0.779785,17.639160,8.056641,41.320801
627,-0.244629,-0.631836,-0.741211,-10.742188,-8.422852,35.461426
628,-0.249512,-0.702637,-0.814941,-33.569336,-7.324219,28.015137
629,-0.234863,-0.780762,-0.909668,-50.537109,-1.953125,20.019531
630,-0.192871,-0.986328,-1.152832,-53.466797,13.793945,6.652832
631,-0.165039,-1.038086,-1.192383,-49.255371,24.169922,2.746582
632,-0.124512,-0.912598,-1.129883,-45.166016,32.226562,16.052246
633,-0.183105,-0.790527,-1.188477,-41.198730,35.278320,31.555176
634,-0.197754,-0.787598,-1.070801,-38.391113,44.128418,34.545898
635,-0.166504,-0.756348,-0.854492,-43.212891,43.090820,29.724121
636,-0.085938,-0.855957,-0.879883,-42.419434,17.456055,19.348145
637,-0.112793,-0.919922,-0.948242,-36.010742,10.559082,29.724121
638,-0.198730,-1.024902,-0.986328,-38.574219,17.272949,46.142578
639,-0.391602,-1.170410,-0.903320,-57.556152,38.208008,63.659668
640,-0.431641,-1.094238,-0.842285,-60.241699,42.236328,63.110352
641,-0.468750,-0.997070,-0.798340,-47.607422,40.588379,61.340332
642,-0.508301,-0.938477,-0.744141,-23.193359,37.658691,57.800293
643,-0.601074,-0.890625,-0.565918,25.573730,23.193359,52.795410
644,-0.645508,-0.875488,-0.461914,46.508789,11.413574,51.574707
645,-0.702148,-0.852051,-0.372070,65.490723,-2.319336,51.391602
646,-0.819336,-0.851562,-0.268555,81.176758,-13.610840,50.170898
647,-1.015137,-0.875977,-0.011719,79.223633,-33.325195,23.193359
648,-0.989258,-0.815430,0.053223,55.969238,-42.724609,-4.699707
649,-0.698730,-0.485840,0.025391,-11.352539,-58.227539,-47.668457
650,-0.468750,-0.327148,-0.151367,-30.456543,-56.213379,-44.860840
651,-0.382324,-0.246582,-0.214844,-39.611816,-44.677734,-33.508301
652,-0.253906,-0.270020,-0.263672,-48.034668,-20.019531,-24.047852
653,-0.109863,-0.340820,-0.352051,-38.635254,-18.798828,-20.690918
654,0.332520,-0.388672,-0.920410,0.732422,-85.144043,-10.864258
655,0.243164,-0.580566,-1.132812,62.072754,-155.395508,5.493164
656,0.109863,-0.616211,-1.054199,-14.099121,-126.464844,0.000000
657,0.024414,-0.448730,-0.722168,-33.691406,-105.102539,7.446289
658,-0.045410,-0.351074,-0.509766,-30.029297,-93.200684,21.545410
659,-0.158203,-0.329102,-0.402344,-22.644043,-76.965332,28.015137
660,-0.254395,-0.300781,-0.365723,-1.220703,-10.925293,22.705078
661,-0.290039,-0.303711,-0.237793,11.657715,20.507812,14.038086
662,-0.374023,-0.337402,-0.015137,28.076172,29.724121,-13.916016
663,-0.460938,-0.390137,-0.027344,29.357910,15.930176,-31.005859
664,-0.554199,-0.438965,-0.063477,27.404785,-3.234863,-53.344727
665,-0.596680,-0.428711,-0.122559,19.592285,-25.268555,-73.974609
666,-0.518555,-0.476562,-0.420898,-11.413574,-53.771973,-82.763672
667,-0.398926,-0.558105,-0.783691,-20.141602,-62.072754,-79.772949
668,-0.263672,-0.673828,-1.394531,22.155762,-75.500488,-62.927246
669,-0.092285,-1.511230,-2.564941,171.447754,-49.255371,-12.817383
670,-0.329590,-2.032715,-2.355957,183.166504,16.601562,-16.906738
671,-0.916016,-1.157227,-0.330078,119.873047,-27.221680,26.184082
672,-1.055664,-0.861328,-0.141602,59.875488,-34.729004,8.422852
673,-0.948730,-0.542480,-0.053223,-14.526367,-30.944824,-20.324707
674,-0.769043,-0.291016,-0.154297,-78.735352,-11.169434,-39.550781
675,-0.762207,-0.282227,-0.360840,-100.769043,45.776367,-40.832520
676,-0.810547,-0.483398,-0.250488,-91.796875,42.602539,-22.705078
677,-0.785645,-0.912109,-0.992188,-45.654297,-16.479492,14.709473
678,-0.991699,-1.129395,-0.626953,138.488770,39.978027,43.701172
679,-0.941406,-1.113281,-0.305176,139.160156,76.721191,38.208008
680,-0.834473,-1.049316,-0.133789,129.455566,90.820312,27.465820
681,-0.629395,-0.932129,0.092773,83.007812,99.121094,3.662109
682,-0.552246,-0.925293,0.181152,39.062500,105.041504,-11.474609
683,-0.484375,-0.927246,0.236328,-13.305664,107.116699,-23.437500
684,-0.467285,-1.112793,0.199707,-105.590820,99.121094,-40.893555
685,-0.468262,-1.207520,0.143066,-144.042969,89.477539,-52.734375
686,-0.418945,-1.194336,-0.231934,-189.331055,64.331055,-62.927246
687,-0.404785,-1.140137,-0.457520,-170.288086,48.583984,-58.471680
688,-0.390137,-1.091797,-0.535645,-122.314453,26.489258,-53.222656
689,-0.281250,-0.943848,-0.404785,-17.089844,-28.198242,-46.630859
690,-0.218262,-0.849121,-0.288086,4.455566,-50.231934,-41.870117
691,-0.186035,-0.752441,-0.252441,6.042480,-65.734863,-39.001465
692,-0.177734,-0.678711,-0.252441,-0.366211,-72.937012,-39.611816
693,-0.126465,-0.522461,-0.305176,-8.178711,-74.096680,-50.659180
694,-0.068848,-0.436523,-0.351074,-2.319336,-74.523926,-53.039551
695,-0.014648,-0.345703,-0.488770,10.437012,-65.002441,-45.288086
696,-0.016602,-0.317871,-0.584961,13.000488,-51.818848,-37.109375
697,-0.048340,-0.318359,-0.672363,12.268066,-34.606934,-27.343750
698,-0.118164,-0.281738,-0.754883,12.817383,-0.732422,-9.521484
699,-0.133301,-0.253418,-0.750000,12.390137,7.080078,2.807617
700,-0.161133,-0.240723,-0.773438,11.779785,8.850098,17.578125
701,-0.252930,-0.349121,-0.866211,17.150879,14.770508,44.311523
702,-0.281738,-0.439453,-0.803223,16.784668,17.883301,49.560547
703,-0.307617,-0.535156,-0.750488,10.925293,14.343262,47.607422
704,-0.319336,-0.663086,-0.712402,-16.418457,-6.469727,28.869629
705,-0.291504,-0.708984,-0.777344,-36.315918,-13.427734,17.456055
706,-0.274902,-0.774414,-0.923340,-52.551270,-13.854980,7.873535
707,-0.258301,-0.846191,-1.074219,-59.326172,-7.934570,0.305176
708,-0.233398,-0.896484,-1.190430,-52.612305,13.000488,1.892090
709,-0.207031,-0.886719,-1.212891,-45.654297,18.554688,15.686035
710,-0.215332,-0.760742,-1.181152,-36.682129,19.348145,32.287598
711,-0.221191,-0.712891,-1.008789,-38.513184,45.898438,52.795410
712,-0.166992,-0.737305,-0.886230,-42.175293,52.246094,50.415039
713,-0.123535,-0.833984,-0.833008,-40.039062,48.400879,45.593262
714,-0.157227,-1.000000,-0.892090,-38.513184,31.982422,46.997070
715,-0.237305,-1.083496,-0.939453,-39.123535,31.311035,57.922363
716,-0.330566,-1.174316,-0.923340,-39.611816,32.165527,65.734863
717,-0.492676,-1.196289,-0.816895,-31.494141,24.780273,64.697266
718,-0.544434,-1.114746,-0.765625,-13.000488,17.150879,58.654785
719,-0.612305,-0.940918,-0.632324,13.793945,14.953613,57.800293
720,-0.668945,-0.894531,-0.545898,28.259277,15.930176,57.861328
721,-0.728027,-0.853027,-0.433594,44.738770,14.099121,53.283691
722,-0.826172,-0.762695,-0.187500,66.589355,1.647949,34.484863
723,-0.838379,-0.709961,-0.085938,63.842773,-7.751465,20.874023
724,-0.805664,-0.646973,-0.033203,51.025391,-13.977051,6.103516
725,-0.733398,-0.536621,0.041016,-1.464844,-30.700684,-28.991699
726,-0.627930,-0.433105,-0.080078,-24.841309,-36.071777,-42.175293
727,-0.463379,-0.337891,-0.229004,-34.484863,-33.569336,-43.212891
728,-0.288574,-0.265137,-0.367188,-29.357910,-20.812988,-26.367188
729,-0.210449,-0.293457,-0.434570,-15.014648,-16.601562,-14.892578
730,0.100586,-0.320801,-0.731934,18.920898,-39.672852,-1.159668
731,0.049316,-0.519531,-0.908691,82.702637,-120.849609,18.859863
732,-0.049805,-0.594238,-1.103516,33.630371,-134.399414,25.207520
733,-0.126465,-0.622559,-0.972656,-9.948730,-96.557617,20.385742
734,-0.171875,-0.497559,-0.649902,-38.879395,-72.021484,16.784668
735,-0.214355,-0.310059,-0.369629,-36.621094,-54.138184,17.272949
736,-0.238281,-0.291504,-0.352539,-19.836426,-35.400391,15.502930
737,-0.253418,-0.276855,-0.310547,-0.122070,-10.070801,11.596680
738,-0.289551,-0.291504,-0.119141,34.484863,28.991699,-3.784180
739,-0.336426,-0.329590,-0.044434,43.823242,28.198242,-16.723633
740,-0.383301,-0.360352,-0.009766,43.395996,17.822266,-31.921387
741,-0.501953,-0.399414,-0.131836,32.104492,-19.165039,-61.523438
742,-0.516602,-0.413574,-0.301270,29.968262,-39.062500,-70.617676
743,-0.489746,-0.460449,-0.499023,32.897949,-53.344727,-72.326660
744,-0.371094,-0.676758,-1.143555,42.358398,-78.796387,-66.406250
745,-0.233398,-0.830078,-1.800293,83.374023,-84.838867,-51.147461
746,-0.206055,-1.476562,-2.600098,116.394043,-51.940918,-37.170410
747,-0.790039,-1.362793,-0.847168,115.234375,6.347656,-1.525879
748,-1.037109,-1.089355,-0.351074,101.013184,-21.484375,15.991211
749,-1.142090,-0.793457,-0.101562,71.960449,-33.020020,14.099121
750,-1.022461,-0.426758,-0.131836,19.104004,-29.052734,18.432617
751,-0.975586,-0.552734,-0.270020,13.061523,-14.953613,26.489258
752,-0.996582,-0.856934,-0.431641,-7.629395,-9.277344,31.433105
753,-0.932617,-1.006836,-0.717773,-22.766113,1.281738,29.541016
754,-0.829102,-0.904785,-0.387695,63.842773,59.143066,22.155762
755,-0.776367,-0.906738,-0.204590,77.941895,78.247070,13.366699
756,-0.723145,-0.866699,-0.077637,68.908691,91.491699,1.831055
757,-0.630859,-0.824219,0.032715,28.015137,109.130859,-20.751953
758,-0.602051,-0.861816,0.036621,0.061035,117.919922,-31.616211
759,-0.574707,-0.928223,0.032227,-28.442383,128.723145,-41.259766
760,-0.524414,-1.083984,0.116699,-98.327637,133.239746,-53.405762
761,-0.509277,-1.188477,0.075684,-130.310059,120.361328,-53.222656
762,-0.492188,-1.254883,-0.011719,-155.273438,101.928711,-54.504395
763,-0.447754,-1.246582,-0.166504,-161.071777,60.852051,-53.833008
764,-0.398926,-1.134766,-0.486816,-128.784180,38.024902,-51.818848
765,-0.371582,-1.104004,-0.501465,-80.139160,13.549805,-48.217773
766,-0.218750,-0.950195,-0.333008,-11.718750,-34.423828,-46.508789
767,-0.153320,-0.828613,-0.258301,-1.892090,-55.114746,-44.433594
768,-0.124023,-0.747070,-0.251953,-4.394531,-69.946289,-45.227051
769,-0.100586,-0.569824,-0.326660,-15.319824,-78.247070,-54.626465
770,-0.073242,-0.488281,-0.378906,-13.244629,-77.087402,-57.495117
771,-0.073730,-0.439453,-0.563965,2.502441,-69.824219,-58.715820
772,0.029785,-0.233398,-0.612793,54.138184,-38.574219,-46.142578
773,0.053711,-0.170898,-0.579590,65.490723,-25.634766,-26.306152
774,0.035156,-0.158203,-0.589844,63.903809,-13.549805,-2.014160
775,-0.047852,-0.209473,-0.611816,54.138184,-0.061035,19.348145
776,-0.207031,-0.294922,-0.658691,27.404785,17.028809,36.376953
777,-0.259766,-0.320312,-0.659668,14.038086,19.042969,39.062500
778,-0.294434,-0.368652,-0.705566,4.577637,18.249512,40.039062
779,-0.291992,-0.434570,-0.742676,-0.854492,17.639160,39.733887
780,-0.227539,-0.560547,-0.701172,-10.864258,13.610840,37.475586
781,-0.210938,-0.646484,-0.718750,-22.216797,8.178711,33.264160
782,-0.162109,-0.808594,-0.883301,-41.198730,5.798340,18.981934
783,-0.133789,-0.874512,-0.982422,-40.649414,8.117676,13.122559
784,-0.117188,-0.935547,-1.066895,-36.010742,12.145996,9.643555
785,-0.107422,-0.975098,-1.107422,-26.000977,20.507812,8.972168
786,-0.150391,-0.835449,-1.123047,-24.414062,22.705078,16.845703
787,-0.223633,-0.724609,-1.149902,-26.245117,30.578613,32.714844
788,-0.289062,-0.740723,-0.944336,-29.296875,42.114258,34.301758
789,-0.260254,-0.809570,-0.918457,-32.409668,32.409668,30.273438
790,-0.211426,-0.883301,-0.951172,-36.804199,28.137207,32.043457
791,-0.249512,-1.027832,-1.022461,-54.321289,36.621094,57.006836
792,-0.341797,-1.109863,-1.043945,-63.232422,47.851562,72.753906
793,-0.463867,-1.197266,-1.043457,-65.368652,55.725098,79.895020
794,-0.565430,-1.087402,-0.881836,-41.687012,54.626465,67.932129
795,-0.577637,-0.985352,-0.791016,-18.920898,50.354004,62.805176
796,-0.581055,-0.907227,-0.654297,0.122070,47.058105,57.678223
797,-0.616699,-0.793945,-0.420898,34.301758,31.799316,47.973633
798,-0.665039,-0.756348,-0.332031,53.161621,19.531250,43.884277
799,-0.746582,-0.738770,-0.209473,70.556641,3.845215,39.001465
800,-0.803711,-0.704102,-0.142578,81.604004,-13.000488,33.142090
801,-0.867188,-0.670410,-0.015625,73.486328,-28.442383,19.836426
802,-0.875488,-0.643555,0.083984,47.302246,-30.822754,5.187988
803,-0.820801,-0.580078,0.094727,9.643555,-32.653809,-12.451172
804,-0.509766,-0.320312,-0.172852,-38.391113,-27.099609,-21.545410
805,-0.423340,-0.316895,-0.189941,-41.870117,-15.747070,-15.502930
806,-0.288086,-0.333984,-0.198730,-42.724609,-7.385254,-15.502930
807,-0.168457,-0.321777,-0.346680,-31.982422,-9.765625,-13.977051
808,0.267578,-0.310059,-0.955566,22.521973,-47.729492,-0.793457
809,0.174805,-0.596191,-1.081055,107.299805,-115.905762,21.362305
810,0.136230,-0.815918,-1.177246,28.015137,-85.693359,11.535645
811,0.076660,-0.626953,-0.747559,6.774902,-61.584473,3.479004
812,-0.010254,-0.361328,-0.334473,5.004883,-58.410645,16.113281
813,-0.094238,-0.363770,-0.301270,10.314941,-45.776367,18.676758
814,-0.189453,-0.368652,-0.291016,15.747070,-23.803711,11.718750
815,-0.285156,-0.404785,-0.236328,25.939941,-1.586914,-0.732422
816,-0.418457,-0.422852,-0.025879,33.081055,9.460449,-39.978027
817,-0.450195,-0.407715,-0.006348,24.597168,-4.089355,-59.020996
818,-0.472656,-0.401367,-0.090820,10.742188,-23.193359,-74.279785
819,-0.419434,-0.415039,-0.379883,-23.132324,-54.687500,-80.078125
820,-0.346191,-0.477051,-0.618652,-37.231445,-65.246582,-73.669434
821,-0.235352,-0.716309,-1.477051,40.161133,-74.768066,-41.381836
822,-0.222656,-0.974121,-1.856445,108.093262,-53.161621,-22.094727
823,-0.223145,-1.611816,-2.518555,175.537109,-27.893066,-5.615234
824,-1.031738,-1.290527,-0.555664,169.006348,-27.954102,33.264160
825,-1.110840,-1.029297,-0.262695,106.567383,-36.010742,22.705078
826,-0.998535,-0.740234,-0.170410,36.071777,-33.752441,1.220703
827,-0.828613,-0.471191,-0.308105,-60.485840,16.662598,-13.305664
828,-0.878418,-0.588379,-0.342773,-73.181152,36.499023,-8.789062
829,-0.919922,-0.839355,-0.441895,-75.439453,22.644043,5.981445
830,-0.875977,-1.126953,-0.770508,64.819336,42.968750,19.958496
831,-0.822754,-1.091797,-0.420898,106.811523,74.890137,19.653320
832,-0.747559,-1.038086,-0.169434,110.778809,93.078613,13.854980
833,-0.658203,-0.966797,-0.018555,94.299316,100.280762,4.211426
834,-0.510742,-0.881348,0.122070,27.160645,102.844238,-16.113281
835,-0.465820,-0.873047,0.167969,-16.418457,100.769043,-24.047852
836,-0.439941,-0.984863,0.152832,-102.416992,87.951660,-34.362793
837,-0.436523,-1.068359,0.123535,-138.061523,77.941895,-43.518066
838,-0.444336,-1.154785,0.039062,-167.175293,62.316895,-53.833008
839,-0.432129,-1.181152,-0.328613,-183.959961,35.827637,-68.664551
840,-0.409180,-1.125977,-0.503418,-158.142090,25.878906,-67.993164
841,-0.364746,-1.075684,-0.561035,-109.558105,8.911133,-59.997559
842,-0.333984,-1.051758,-0.531738,-55.725098,-12.817383,-50.476074
843,-0.227539,-0.910645,-0.332031,8.605957,-46.997070,-37.536621
844,-0.187500,-0.813477,-0.282715,9.277344,-54.260254,-36.987305
845,-0.164551,-0.713379,-0.275391,0.549316,-55.908203,-41.381836
846,-0.114746,-0.536133,-0.293457,-12.023926,-55.603027,-52.490234
847,-0.079590,-0.447754,-0.339844,-11.291504,-57.312012,-55.358887
848,-0.052734,-0.371094,-0.417969,-3.234863,-58.837891,-53.161621
849,-0.086914,-0.310059,-0.566406,16.052246,-51.391602,-39.794922
850,-0.120605,-0.299316,-0.655273,23.498535,-37.658691,-32.897949
851,-0.144043,-0.233887,-0.679199,28.564453,-16.540527,-6.713867
852,-0.196289,-0.260254,-0.748535,26.672363,-8.911133,7.934570
853,-0.234863,-0.264160,-0.819336,25.024414,-0.427246,20.812988
854,-0.247070,-0.289062,-0.902344,25.390625,12.329102,35.766602
855,-0.303711,-0.446777,-0.795898,19.165039,37.109375,57.434082
856,-0.305664,-0.524414,-0.727051,9.094238,36.010742,57.678223
857,-0.276367,-0.565918,-0.685547,-2.014160,26.306152,51.025391
858,-0.221191,-0.648438,-0.735840,-28.686523,0.610352,31.616211
859,-0.196777,-0.706543,-0.836426,-37.719727,-7.934570,20.324707
860,-0.174805,-0.780762,-0.961914,-42.297363,-10.131836,10.925293
861,-0.145996,-0.944336,-1.149902,-37.231445,2.807617,-1.831055
862,-0.118652,-0.943359,-1.131348,-30.456543,8.422852,-1.159668
863,-0.112793,-0.887695,-1.080566,-29.357910,9.155273,7.995605
864,-0.237305,-0.706055,-1.124512,-32.592773,22.216797,35.644531
865,-0.247559,-0.737305,-1.013184,-37.780762,38.574219,40.527344
866,-0.218262,-0.803223,-0.913086,-43.273926,43.334961,42.419434
867,-0.191895,-1.091309,-0.976562,-44.372559,39.611816,45.898438
868,-0.214844,-1.167480,-0.999023,-43.640137,38.818359,51.147461
869,-0.395508,-1.269531,-1.003906,-39.855957,35.461426,59.875488
870,-0.463379,-1.215820,-0.937988,-30.334473,32.958984,56.640625
871,-0.482910,-1.075684,-0.828125,-11.596680,27.770996,50.476074
872,-0.470703,-0.926758,-0.687012,10.681152,23.803711,49.804688
873,-0.506348,-0.760254,-0.490723,21.057129,20.629883,51.574707
874,-0.558105,-0.724609,-0.413086,37.963867,14.648438,52.429199
875,-0.746582,-0.706055,-0.249023,77.575684,0.976562,53.161621
876,-0.844727,-0.727051,-0.143555,87.585449,-6.652832,46.569824
877,-0.901855,-0.727051,-0.087402,84.289551,-11.230469,37.414551
878,-0.926758,-0.688965,0.075195,38.391113,-18.188477,-0.488281
879,-0.821289,-0.572754,0.077148,2.197266,-25.268555,-20.446777
880,-0.643555,-0.422363,-0.051270,-28.808594,-28.442383,-32.348633
881,-0.494629,-0.332031,-0.210938,-41.625977,-22.888184,-31.799316
882,-0.342773,-0.298828,-0.280273,-40.588379,-8.789062,-20.690918
883,-0.272461,-0.315918,-0.270020,-37.902832,-8.789062,-15.502930
884,-0.144531,-0.371094,-0.354004,3.906250,-99.853516,0.244141
885,0.085938,-0.605957,-0.977051,46.936035,-184.326172,10.375977
886,0.061523,-0.630371,-1.275391,28.930664,-191.528320,13.977051
887,0.020996,-0.603027,-1.219727,-11.291504,-150.634766,17.700195
888,-0.098633,-0.409668,-0.615723,-22.277832,-91.918945,35.156250
889,-0.172852,-0.397461,-0.471191,-13.000488,-69.946289,33.630371
890,-0.189453,-0.380859,-0.429688,-6.408691,-41.748047,25.390625
891,-0.236328,-0.370605,-0.262207,5.187988,19.775391,2.746582
892,-0.264648,-0.395020,-0.164551,12.145996,26.977539,-12.451172
893,-0.290527,-0.403320,-0.141602,17.944336,16.357422,-27.404785
894,-0.327637,-0.420410,-0.215820,20.996094,-3.540039,-41.503906
895,-0.313477,-0.425293,-0.540527,33.752441,-45.654297,-65.368652
896,-0.297363,-0.430176,-0.695312,51.147461,-52.978516,-69.519043
897,-0.322754,-0.480469,-0.766602,62.377930,-40.100098,-71.472168
898,-0.384277,-0.796875,-1.020020,99.243164,9.887695,-75.134277
899,-0.333496,-1.178223,-1.332031,129.455566,23.742676,-71.472168
900,-0.787109,-1.456543,-0.663574,179.260254,-78.063965,-2.807617
901,-1.490723,-1.263184,-0.044434,131.164551,-107.299805,29.785156
902,-1.339355,-0.867676,0.046875,32.714844,-97.839355,7.446289
903,-1.070312,-0.520508,-0.091309,-49.804688,-77.026367,-9.338379
904,-0.735840,-0.285156,-0.410156,-123.352051,-1.220703,-14.343262
905,-0.732910,-0.371094,-0.465820,-114.929199,8.117676,-4.394531
906,-0.792969,-0.648438,-0.651367,-98.083496,-31.250000,16.296387
907,-0.881836,-1.177734,-1.159668,92.163086,-5.493164,15.014648
908,-0.868652,-1.132812,-0.712891,157.775879,56.823730,3.112793
909,-0.719238,-1.107422,-0.166992,142.639160,128.295898,-19.775391
910,-0.624512,-1.058105,0.016602,106.811523,134.887695,-23.376465
911,-0.498535,-1.018066,0.123047,23.437500,124.450684,-34.973145
912,-0.453613,-1.026367,0.129883,-11.291504,118.835449,-46.020508
913,-0.416992,-1.042969,0.184570,-49.011230,115.539551,-57.128906
914,-0.378906,-1.127441,0.210938,-132.324219,90.270996,-65.612793
915,-0.387207,-1.184570,0.144531,-166.137695,67.077637,-66.040039
916,-0.393066,-1.221680,-0.191406,-173.767090,14.282227,-70.434570
917,-0.397461,-1.212402,-0.301270,-142.883301,-11.352539,-76.843262
918,-0.378418,-1.156250,-0.346191,-103.515625,-35.644531,-85.205078
919,-0.299316,-1.028809,-0.312012,-66.711426,-57.006836,-87.768555
920,-0.126953,-0.809082,-0.297852,-29.541016,-85.815430,-75.927734
921,-0.090820,-0.717285,-0.323730,-23.559570,-89.477539,-69.885254
922,-0.085449,-0.565918,-0.385742,-13.793945,-82.519531,-64.758301
923,-0.074707,-0.500977,-0.403809,-4.760742,-76.477051,-63.476562
924,-0.091797,-0.466309,-0.522949,9.399414,-67.443848,-61.218262
925,-0.084473,-0.371094,-0.611816,33.630371,-49.743652,-56.091309
926,-0.012207,-0.152344,-0.640625,75.317383,-12.512207,-15.136719
927,-0.041992,-0.141602,-0.605469,80.261230,5.493164,14.465332
928,-0.131836,-0.196289,-0.617676,74.462891,20.080566,39.184570
929,-0.274414,-0.246582,-0.605957,52.368164,39.489746,66.650391
930,-0.329590,-0.252930,-0.642090,36.071777,40.100098,70.617676
931,-0.422852,-0.362305,-0.790039,21.911621,22.338867,62.438965
932,-0.347168,-0.458496,-0.837402,20.019531,16.967773,57.983398
933,-0.231934,-0.547363,-0.757812,10.375977,19.409180,59.875488
934,-0.159180,-0.789062,-0.738281,-39.367676,23.498535,57.067871
935,-0.131348,-0.891113,-0.798340,-55.236816,25.024414,46.997070
936,-0.113770,-0.965332,-0.858887,-63.903809,26.428223,36.193848
937,-0.105469,-1.023438,-0.999512,-67.871094,30.761719,24.291992
938,-0.135254,-1.030273,-1.058594,-64.575195,33.569336,22.827148
939,-0.157715,-0.941895,-1.145508,-45.288086,44.006348,18.493652
940,-0.145996,-0.872559,-1.020508,-38.452148,45.532227,20.446777
941,-0.181641,-0.899902,-0.855469,-35.888672,33.203125,19.409180
942,-0.186523,-0.894043,-0.890625,-38.635254,16.418457,16.235352
943,-0.214844,-0.944824,-0.992676,-43.090820,15.502930,40.039062
944,-0.257324,-1.006348,-0.994141,-48.767090,26.367188,58.166504
945,-0.347168,-1.101074,-0.961426,-57.678223,39.306641,73.791504
946,-0.496582,-1.181152,-0.867188,-58.044434,54.138184,79.223633
947,-0.539551,-1.089355,-0.806641,-40.466309,54.138184,71.228027
948,-0.562988,-0.995117,-0.738770,-20.263672,55.053711,65.490723
949,-0.570312,-0.916016,-0.640137,-0.183105,54.504395,62.255859
950,-0.596191,-0.873047,-0.523926,20.935059,47.363281,60.302734
951,-0.708496,-0.833008,-0.296387,64.819336,10.986328,54.138184
952,-0.797363,-0.827637,-0.236328,84.533691,-8.056641,50.109863
953,-0.920898,-0.819336,-0.083984,92.285156,-27.099609,29.113770
954,-0.916992,-0.798340,-0.006836,72.937012,-27.587891,11.413574
955,-0.859863,-0.733887,0.060059,40.771484,-27.770996,-10.925293
956,-0.524902,-0.431152,-0.054199,-25.390625,-30.273438,-39.916992
957,-0.422363,-0.345215,-0.155273,-38.696289,-26.184082,-34.545898
958,-0.363281,-0.321289,-0.210938,-43.090820,-19.287109,-26.123047
959,-0.333008,-0.343750,-0.206543,-44.677734,-13.916016,-21.057129
960,-0.185547,-0.374023,-0.175293,-51.879883,-26.245117,-19.287109
961,0.165039,-0.390625,-0.441895,-44.311523,-76.110840,-16.113281
962,0.113281,-0.572754,-1.017090,21.057129,-168.334961,-1.464844
963,0.072266,-0.560547,-1.036133,-18.249512,-144.958496,6.835938
964,0.019043,-0.471680,-0.764160,-37.292480,-112.121582,15.319824
965,-0.032227,-0.390625,-0.540039,-36.926270,-93.872070,26.184082
966,-0.166016,-0.372070,-0.415527,-19.348145,-53.833008,25.390625
967,-0.212891,-0.372559,-0.383301,-8.300781,-24.597168,15.563965
968,-0.266113,-0.389160,-0.304688,1.342773,0.305176,1.770020
969,-0.378418,-0.396973,-0.231934,16.662598,11.291504,-32.836914
970,-0.474609,-0.406738,-0.259277,22.705078,3.662109,-50.292969
971,-0.577148,-0.438965,-0.289551,24.475098,-6.408691,-70.007324
972,-0.621582,-0.439941,-0.351562,18.005371,-15.869141,-87.829590
973,-0.542480,-0.477539,-0.703613,-0.549316,-24.963379,-91.064453
974,-0.395020,-0.521484,-1.150391,16.845703,-29.602051,-74.645996
975,-0.344238,-0.687500,-1.585938,80.688477,-29.907227,-44.921875
976,-0.056641,-1.777832,-2.775391,180.236816,12.145996,-10.986328
977,-0.347168,-1.509766,-1.448730,205.505371,28.747559,3.540039
978,-0.853516,-1.143066,-0.399902,202.880859,-1.403809,32.165527
979,-1.063965,-0.679688,0.171875,85.083008,-13.061523,1.708984
980,-0.917969,-0.408691,0.190918,7.507324,-2.563477,-15.625000
981,-0.793945,-0.295410,0.061523,-48.645020,15.258789,-17.456055
982,-0.777832,-0.325684,-0.023926,-77.026367,29.968262,-15.563965
983,-0.769043,-0.698730,-0.273438,-84.411621,-18.066406,16.845703
984,-0.899902,-1.231934,-1.026367,46.875000,-10.742188,30.273438
985,-0.859863,-1.242676,-0.769043,100.830078,36.987305,17.700195
986,-0.760254,-1.214844,-0.490723,116.760254,78.735352,2.685547
987,-0.534180,-1.112305,-0.045898,89.233398,110.473633,-17.395020
988,-0.461914,-1.068359,0.056152,53.710938,109.497070,-26.489258
989,-0.407715,-1.031738,0.119141,13.061523,104.919434,-33.447266
990,-0.383301,-1.026367,0.111328,-29.235840,100.341797,-37.780762
991,-0.400879,-1.088867,0.059570,-108.276367,91.979980,-43.640137
992,-0.406250,-1.111816,-0.018555,-134.521484,83.679199,-45.410156
993,-0.402832,-1.132324,-0.150391,-144.287109,70.556641,-46.813965
994,-0.368652,-1.109375,-0.292480,-109.008789,29.724121,-48.767090
995,-0.355469,-1.061523,-0.281250,-80.566406,3.723145,-50.781250
996,-0.312988,-0.971191,-0.224121,-54.565430,-21.911621,-51.086426
997,-0.215820,-0.795898,-0.211914,-31.066895,-55.419922,-43.701172
998,-0.194824,-0.722656,-0.240234,-31.066895,-60.058594,-43.395996
999,-0.167480,-0.652344,-0.271484,-32.287598,-60.791016,-46.691895
1000,-0.107422,-0.534180,-0.341309,-26.000977,-59.509277,-54.443359
1001,-0.083984,-0.480469,-0.389648,-19.042969,-56.762695,-54.443359
1002,-0.078613,-0.449707,-0.468750,-8.972168,-51.696777,-50.292969
1003,-0.090820,-0.370605,-0.629883,22.888184,-25.085449,-34.362793
1004,-0.071289,-0.313477,-0.617676,34.057617,-10.375977,-18.615723
1005,-0.082520,-0.301270,-0.620117,36.804199,3.234863,0.671387
1006,-0.128906,-0.323242,-0.630859,34.057617,13.671875,18.493652
1007,-0.245605,-0.357422,-0.710938,27.038574,16.662598,38.513184
1008,-0.278320,-0.380371,-0.828613,28.686523,14.648438,41.870117
1009,-0.260742,-0.444824,-0.862305,29.907227,19.409180,43.457031
1010,-0.214844,-0.536621,-0.723145,6.530762,21.789551,45.715332
1011,-0.222656,-0.602539,-0.714844,-13.122559,15.869141,42.724609
1012,-0.229492,-0.669434,-0.758301,-31.188965,8.789062,35.827637
1013,-0.231934,-0.737793,-0.836914,-43.762207,3.356934,26.000977
1014,-0.220215,-0.846191,-1.026855,-52.734375,3.540039,8.483887
1015,-0.218262,-0.903320,-1.114258,-53.649902,11.108398,4.516602
1016,-0.205078,-0.929688,-1.134766,-51.818848,22.766113,9.887695
1017,-0.196777,-0.778320,-1.043945,-49.316406,20.629883,22.949219
1018,-0.268066,-0.708008,-1.048828,-44.006348,20.690918,34.240723
1019,-0.300781,-0.715820,-0.972656,-40.832520,27.404785,39.611816
1020,-0.227051,-0.850586,-0.833984,-46.630859,26.611328,33.691406
1021,-0.169434,-0.975586,-0.892090,-46.386719,23.376465,30.700684
1022,-0.143555,-1.062500,-0.921387,-41.503906,21.728516,32.897949
1023,-0.265625,-1.180664,-0.941406,-36.010742,26.367188,51.452637
1024,-0.343750,-1.236816,-0.915039,-38.818359,31.494141,55.480957
1025,-0.383301,-1.226562,-0.852051,-39.978027,34.301758,53.955078
1026,-0.383301,-0.982910,-0.662109,-27.954102,31.494141,45.593262
1027,-0.372070,-0.864258,-0.563477,-21.057129,29.968262,43.334961
1028,-0.380371,-0.789062,-0.496094,-11.840820,28.015137,40.771484
1029,-0.401367,-0.737305,-0.419434,4.089355,22.521973,37.231445
1030,-0.484375,-0.659180,-0.264160,44.433594,0.427246,34.118652
1031,-0.562988,-0.645020,-0.211914,62.377930,-11.779785,37.231445
1032,-0.715820,-0.718262,-0.062012,74.645996,-29.541016,27.770996
1033,-0.752441,-0.734863,-0.015625,59.875488,-34.301758,13.366699
1034,-0.787598,-0.716797,0.013672,32.104492,-37.780762,-6.164551
1035,-0.606445,-0.518066,-0.184082,-22.277832,-38.757324,-40.344238
1036,-0.475098,-0.436523,-0.280762,-28.747559,-31.677246,-40.954590
1037,-0.387207,-0.386719,-0.291504,-31.250000,-25.207520,-35.339355
1038,-0.329102,-0.398926,-0.313965,-32.409668,-21.850586,-28.503418
1039,0.150391,-0.424805,-0.828125,26.733398,-99.792480,-5.859375
1040,0.017578,-0.638672,-0.843262,67.810059,-170.471191,7.812500
1041,-0.022461,-0.628906,-1.036133,38.696289,-181.701660,13.732910
1042,-0.136719,-0.575195,-0.786621,-17.578125,-132.934570,24.841309
1043,-0.185059,-0.471680,-0.594238,-22.644043,-114.013672,30.395508
1044,-0.243652,-0.403320,-0.494141,-16.906738,-94.116211,34.240723
1045,-0.304688,-0.355469,-0.423828,2.014160,-27.526855,24.414062
1046,-0.343262,-0.357422,-0.334961,13.793945,4.028320,11.352539
1047,-0.359375,-0.350098,-0.192383,22.094727,21.911621,-5.615234
1048,-0.435059,-0.346680,-0.124023,26.428223,17.089844,-37.109375
1049,-0.504883,-0.364746,-0.192871,24.414062,5.737305,-52.490234
1050,-0.562988,-0.406738,-0.289062,22.766113,-8.422852,-70.495605
1051,-0.530273,-0.391602,-0.411621,18.554688,-19.836426,-82.458496
1052,-0.359863,-0.488770,-0.884277,7.202148,-25.329590,-79.467773
1053,-0.227051,-0.593750,-1.420898,40.344238,-28.869629,-63.171387
1054,-0.164062,-0.787109,-1.875977,112.854004,-26.367188,-34.790039
1055,-0.487793,-1.924316,-1.827637,185.302734,19.897461,1.281738
1056,-0.824219,-1.479492,-0.655273,174.682617,9.521484,22.644043
1057,-1.002930,-1.185547,-0.248047,135.437012,-2.075195,28.747559
1058,-0.921875,-0.597656,0.054199,14.709473,-9.460449,-12.023926
1059,-0.719727,-0.332520,-0.082520,-40.649414,-10.925293,-21.362305
1060,-0.592285,-0.427246,-0.588379,-64.514160,17.639160,-10.864258
1061,-0.607910,-0.715332,-0.746582,-58.959961,17.639160,-1.098633
1062,-0.690918,-1.127930,-0.914551,78.063965,33.691406,13.183594
1063,-0.802246,-1.165527,-0.428711,128.295898,70.739746,10.803223
1064,-0.836426,-1.130859,-0.037598,126.220703,93.566895,1.403809
1065,-0.761719,-1.038086,0.115723,95.214844,101.501465,-7.263184
1066,-0.575195,-0.843750,0.183594,19.226074,104.553223,-14.709473
1067,-0.494141,-0.783691,0.213867,-19.836426,101.318359,-14.587402
1068,-0.463867,-0.809082,0.174316,-56.335449,95.825195,-15.380859
1069,-0.474609,-0.962402,0.050781,-111.206055,83.923340,-26.489258
1070,-0.494629,-1.079102,0.004883,-120.117188,74.768066,-36.437988
1071,-0.477539,-1.181641,-0.057129,-128.479004,62.744141,-47.851562
1072,-0.414062,-1.254883,-0.297363,-135.192871,38.452148,-63.171387
1073,-0.371094,-1.217773,-0.394043,-124.267578,23.925781,-63.598633
1074,-0.342773,-1.165039,-0.455566,-98.632812,4.699707,-62.316895
1075,-0.229004,-0.972168,-0.395020,-37.658691,-36.560059,-61.340332
1076,-0.163574,-0.843262,-0.332520,-21.362305,-55.175781,-59.387207
1077,-0.126465,-0.737793,-0.303711,-16.723633,-68.664551,-57.312012
1078,-0.041992,-0.550293,-0.385742,-15.258789,-78.247070,-60.974121
1079,-0.007812,-0.467285,-0.436523,-11.535645,-78.857422,-61.401367
1080,-0.006836,-0.411621,-0.533203,-2.746582,-75.500488,-58.837891
1081,-0.040527,-0.367188,-0.698730,31.921387,-43.579102,-42.785645
1082,-0.019043,-0.262207,-0.689941,42.602539,-26.977539,-23.559570
1083,-0.059570,-0.277832,-0.651855,42.175293,-12.695312,-2.441406
1084,-0.134277,-0.329102,-0.664062,33.691406,0.488281,14.038086
1085,-0.235352,-0.382812,-0.709961,10.253906,25.268555,30.578613
1086,-0.234863,-0.390625,-0.714355,2.258301,32.958984,37.841797
1087,-0.237793,-0.418945,-0.705078,-3.967285,38.085938,44.189453
1088,-0.228027,-0.508789,-0.624512,-10.986328,33.142090,46.264648
1089,-0.218262,-0.559570,-0.599609,-14.465332,21.911621,42.663574
1090,-0.218262,-0.617676,-0.617188,-17.883301,7.873535,36.193848
1091,-0.209473,-0.669434,-0.667969,-20.812988,-5.065918,27.343750
1092,-0.183594,-0.788086,-0.803223,-24.841309,-19.653320,9.277344
1093,-0.166504,-0.848145,-0.878418,-26.489258,-20.690918,2.258301
1094,-0.147461,-0.937988,-1.076172,-23.010254,-11.718750,-5.126953
1095,-0.132324,-0.879883,-1.151367,-18.066406,-1.464844,-0.183105
1096,-0.145020,-0.796875,-1.168945,-17.639160,12.145996,14.648438
1097,-0.240723,-0.570312,-1.141602,-20.874023,38.085938,47.424316
1098,-0.266113,-0.630371,-1.035156,-21.850586,48.828125,59.082031
1099,-0.317383,-0.770996,-0.871094,-28.869629,46.997070,56.701660
1100,-0.329102,-0.947266,-0.869629,-42.846680,39.916992,44.677734
1101,-0.198730,-1.104980,-0.914551,-58.105469,35.278320,41.625977
1102,-0.243164,-1.154297,-0.955566,-59.509277,34.790039,50.964355
1103,-0.337891,-1.208496,-0.961914,-55.053711,33.874512,56.884766
1104,-0.452637,-1.065918,-0.786133,-33.752441,31.799316,57.556152
1105,-0.481445,-0.969238,-0.686523,-19.226074,29.174805,56.396484
1106,-0.508301,-0.888184,-0.604004,-4.028320,27.343750,55.908203
1107,-0.548828,-0.835449,-0.538574,11.169434,25.634766,58.471680
1108,-0.701660,-0.826172,-0.356934,52.368164,21.240234,63.354492
1109,-0.775879,-0.843750,-0.237305,69.946289,12.756348,57.739258
1110,-0.825684,-0.850098,-0.155762,79.711914,4.150391,46.386719
1111,-0.855469,-0.771484,0.050781,52.795410,-11.535645,4.943848
1112,-0.813965,-0.695312,0.094238,18.127441,-23.559570,-18.920898
1113,-0.727539,-0.589844,0.005859,-16.174316,-35.034180,-38.146973
1114,-0.553711,-0.457520,-0.156250,-37.658691,-40.039062,-46.569824
1115,-0.413086,-0.359863,-0.298828,-44.311523,-30.944824,-37.292480
1116,-0.354980,-0.352051,-0.307617,-43.884277,-25.207520,-33.081055
1117,-0.092773,-0.351562,-0.462402,-24.658203,-24.841309,-18.005371
1118,0.206543,-0.402344,-1.076172,43.273926,-85.205078,3.234863
1119,0.151367,-0.542969,-0.970703,80.322266,-122.375488,12.878418
1120,0.091309,-0.561035,-0.958496,33.325195,-108.520508,23.864746
1121,-0.018555,-0.550293,-0.750000,1.464844,-87.646484,19.287109
1122,-0.096191,-0.449219,-0.539551,-13.610840,-78.125000,18.920898
1123,-0.176758,-0.375000,-0.398926,-14.099121,-72.265625,22.033691
1124,-0.297852,-0.332031,-0.355957,1.953125,-33.508301,22.583008
1125,-0.363770,-0.359375,-0.308105,15.075684,-3.784180,16.479492
1126,-0.425781,-0.396973,-0.195312,25.878906,20.263672,3.662109
1127,-0.470215,-0.414062,-0.116211,30.517578,30.517578,-13.916016
1128,-0.532227,-0.425781,-0.071777,23.010254,15.319824,-48.767090
1129,-0.540527,-0.432617,-0.183105,17.333984,-2.380371,-63.171387
1130,-0.489746,-0.432617,-0.366211,15.380859,-19.226074,-71.716309
1131,-0.243164,-0.510254,-0.892090,16.296387,-37.048340,-69.030762
1132,-0.134277,-0.611328,-1.335938,43.823242,-45.104980,-56.518555
1133,-0.088867,-0.804199,-1.731445,101.623535,-37.048340,-35.583496
1134,-0.146484,-1.773438,-2.223633,199.218750,30.151367,-13.488770
1135,-0.866699,-1.337891,-0.298828,168.945312,-11.474609,6.286621
1136,-1.047363,-1.004883,0.001953,98.449707,-42.236328,5.371094
1137,-1.010254,-0.692871,0.060059,16.052246,-46.813965,-8.728027
1138,-0.887207,-0.438965,-0.027344,-46.813965,-36.743164,-12.817383
1139,-0.771973,-0.528809,-0.315430,-69.580078,-6.530762,7.385254
1140,-0.798340,-0.821289,-0.486816,-56.213379,-27.343750,18.127441
1141,-0.814941,-1.163574,-1.140625,-13.244629,-35.705566,20.507812
1142,-0.816895,-1.097656,-0.557617,102.233887,64.636230,0.488281
1143,-0.805664,-1.094727,-0.274902,100.646973,94.360352,-10.009766
1144,-0.730469,-1.033691,-0.103027,83.068848,108.764648,-19.897461
1145,-0.545898,-0.882324,0.119141,16.662598,115.722656,-38.269043
1146,-0.444336,-0.822754,0.142578,-24.108887,113.342285,-43.579102
1147,-0.361816,-0.820312,0.129883,-104.064941,99.487305,-45.471191
1148,-0.360840,-0.889160,0.093750,-133.422852,88.928223,-44.555664
1149,-0.397949,-1.000977,0.024414,-149.597168,74.340820,-45.288086
1150,-0.426270,-1.129883,-0.100586,-153.808594,54.626465,-51.635742
1151,-0.403809,-1.192383,-0.303711,-141.723633,38.024902,-58.532715
1152,-0.290039,-1.123535,-0.452637,-95.214844,14.038086,-51.452637
1153,-0.284180,-1.094727,-0.453125,-69.763184,0.610352,-40.466309
1154,-0.282227,-1.056641,-0.369629,-45.898438,-14.831543,-33.020020
1155,-0.237305,-0.930664,-0.239746,-17.456055,-49.743652,-35.705566
1156,-0.195801,-0.806641,-0.229980,-15.319824,-60.913086,-42.175293
1157,-0.145508,-0.608887,-0.344238,-15.197754,-70.678711,-52.673340
1158,-0.125000,-0.531250,-0.444336,-2.441406,-68.115234,-57.067871
1159,-0.083496,-0.441406,-0.496582,17.272949,-62.927246,-57.250977
1160,-0.030762,-0.366699,-0.522949,37.048340,-56.701660,-49.804688
1161,-0.004883,-0.301758,-0.524902,57.739258,-38.818359,-18.005371
1162,-0.035645,-0.309570,-0.539062,56.274414,-26.245117,-1.159668
1163,-0.136230,-0.346191,-0.626953,43.640137,6.225586,25.390625
1164,-0.175781,-0.346191,-0.656738,35.888672,20.874023,34.545898
1165,-0.229492,-0.335449,-0.710938,31.311035,29.724121,43.518066
1166,-0.279297,-0.362793,-0.744629,32.409668,34.790039,51.696777
1167,-0.337891,-0.516602,-0.630859,17.150879,27.893066,57.067871
1168,-0.338379,-0.573242,-0.596191,-0.305176,14.465332,49.560547
1169,-0.312500,-0.605469,-0.634277,-21.484375,-0.549316,39.184570
1170,-0.234375,-0.689941,-0.825195,-44.250488,-17.578125,25.024414
1171,-0.228027,-0.763184,-0.925781,-44.860840,-18.127441,20.141602
1172,-0.202148,-0.819824,-1.022461,-41.259766,-13.122559,16.174316
1173,-0.146973,-0.931641,-1.165527,-35.339355,10.803223,16.845703
1174,-0.133789,-0.919922,-1.170898,-33.386230,23.681641,22.766113
1175,-0.165039,-0.886230,-1.165039,-31.921387,31.677246,32.470703
1176,-0.229004,-0.854004,-1.226074,-28.991699,40.222168,42.602539
1177,-0.191406,-0.903809,-0.907715,-37.048340,52.551270,40.771484
1178,-0.171875,-1.000000,-0.754395,-47.851562,36.437988,33.935547
1179,-0.126953,-1.076660,-0.893066,-53.100586,21.118164,28.808594
1180,-0.180664,-1.177734,-0.948242,-48.278809,20.202637,46.936035
1181,-0.287598,-1.271973,-0.936523,-48.645020,26.672363,56.213379
1182,-0.370605,-1.286621,-0.862793,-50.292969,32.348633,57.495117
1183,-0.467773,-1.103516,-0.741699,-34.301758,33.691406,50.048828
1184,-0.472656,-0.953613,-0.659180,-21.362305,38.330078,49.377441
1185,-0.479492,-0.837402,-0.568848,-10.192871,41.503906,52.001953
1186,-0.569824,-0.754395,-0.427734,28.503418,34.484863,54.260254
1187,-0.650391,-0.739258,-0.314453,51.635742,23.315430,53.344727
1188,-0.711426,-0.716797,-0.248535,71.411133,11.840820,52.551270
1189,-0.782715,-0.728516,-0.186035,83.374023,4.577637,48.583984
1190,-0.857910,-0.734863,0.032227,66.040039,-6.225586,20.019531
1191,-0.831055,-0.679688,0.096191,34.973145,-16.540527,-4.028320
1192,-0.750977,-0.570801,0.068359,-2.319336,-26.733398,-25.329590
1193,-0.448730,-0.354492,-0.186523,-43.273926,-31.127930,-36.071777
1194,-0.358887,-0.316406,-0.251953,-46.020508,-27.770996,-30.456543
1195,-0.316895,-0.319824,-0.270996,-44.738770,-25.024414,-24.963379
1196,0.082520,-0.357422,-0.441406,-12.573242,-51.879883,-8.728027
1197,0.189941,-0.552246,-1.054199,67.443848,-145.019531,16.479492
1198,0.129883,-0.673828,-1.044922,66.284180,-180.541992,22.216797
1199,0.096680,-0.778809,-1.233398,30.761719,-165.954590,23.376465
1200,-0.054688,-0.574707,-0.692383,-22.033691,-105.712891,27.160645
1201,-0.117676,-0.488281,-0.510254,-17.333984,-88.745117,35.949707
1202,-0.240234,-0.437988,-0.377930,2.197266,-34.484863,27.465820
1203,-0.280273,-0.417480,-0.282715,17.578125,-1.586914,15.930176
1204,-0.328613,-0.407227,-0.146973,32.165527,21.484375,0.305176
1205,-0.377441,-0.385254,-0.017578,41.320801,28.503418,-17.517090
1206,-0.504395,-0.395508,0.102051,34.484863,5.126953,-58.044434
1207,-0.534668,-0.369141,0.023926,23.071289,-18.981934,-75.378418
1208,-0.521973,-0.331543,-0.154297,11.108398,-39.001465,-84.472656
1209,-0.433594,-0.394531,-0.594238,-15.991211,-44.311523,-81.726074
1210,-0.311035,-0.582520,-1.391113,6.347656,-28.259277,-69.946289
1211,-0.239746,-0.786621,-1.988281,86.303711,-19.714355,-47.119141
1212,-0.097656,-1.249512,-2.489258,154.602051,-14.465332,-27.648926
1213,-0.989746,-1.525391,-0.867676,174.011230,-36.193848,36.804199
1214,-1.111816,-1.237793,-0.356445,126.464844,-28.198242,31.311035
1215,-0.975098,-0.887695,-0.125977,59.997559,-7.568359,6.896973
1216,-0.818848,-0.585938,-0.055664,-5.371094,13.793945,-9.521484
1217,-0.731445,-0.495605,-0.134766,-53.161621,52.001953,-10.681152
1218,-0.752441,-0.607422,-0.146973,-43.090820,43.640137,-6.347656
1219,-0.775879,-0.916016,-0.435547,-24.780273,0.000000,10.986328
1220,-0.812500,-1.163574,-0.873047,46.020508,-10.009766,20.019531
1221,-0.871094,-1.122559,-0.272461,119.689941,62.805176,9.826660
1222,-0.810547,-1.070801,-0.110352,105.957031,82.580566,-0.732422
1223,-0.714355,-0.998535,0.008789,84.289551,92.651367,-10.009766
1224,-0.519531,-0.900879,0.129395,14.282227,104.553223,-31.066895
1225,-0.447754,-0.862793,0.178711,-31.433105,106.994629,-38.513184
1226,-0.411621,-0.863770,0.169434,-83.374023,106.201172,-41.076660
1227,-0.419434,-0.913574,0.125977,-131.774902,105.773926,-41.442871
1228,-0.469238,-1.087402,-0.023926,-187.438965,89.233398,-42.968750
1229,-0.491699,-1.158203,-0.176270,-188.354492,70.922852,-44.189453
1230,-0.472168,-1.177246,-0.355469,-169.433594,53.649902,-42.541504
1231,-0.393555,-1.119141,-0.527344,-90.148926,20.629883,-32.836914
1232,-0.358887,-1.082520,-0.460449,-46.630859,3.295898,-30.334473
1233,-0.305664,-1.014160,-0.340820,-16.174316,-13.305664,-30.700684
1234,-0.178711,-0.778320,-0.231934,-4.394531,-43.640137,-32.165527
1235,-0.143555,-0.682617,-0.244629,-7.568359,-51.330566,-35.034180
1236,-0.120605,-0.610352,-0.260254,-10.986328,-56.274414,-39.611816
1237,-0.091309,-0.541016,-0.299316,-11.535645,-60.058594,-45.288086
1238,-0.019531,-0.400879,-0.445801,6.103516,-61.035156,-45.532227
1239,-0.012207,-0.361816,-0.518555,17.089844,-54.931641,-39.062500
1240,-0.052246,-0.316895,-0.653320,31.677246,-27.221680,-20.996094
1241,-0.060547,-0.268555,-0.653320,33.508301,-12.878418,-7.568359
1242,-0.105469,-0.261230,-0.678223,32.714844,-3.417969,9.033203
1243,-0.172852,-0.280762,-0.740234,29.724121,4.150391,23.254395
1244,-0.262695,-0.322266,-0.894043,26.794434,26.000977,47.851562
1245,-0.293945,-0.402344,-0.810547,24.841309,35.705566,55.419922
1246,-0.303711,-0.505371,-0.729492,14.831543,37.719727,57.861328
1247,-0.267090,-0.626953,-0.631836,-13.366699,20.568848,48.583984
1248,-0.251465,-0.667969,-0.658203,-27.099609,7.995605,41.381836
1249,-0.233398,-0.708496,-0.719727,-38.635254,-1.770020,33.020020
1250,-0.219238,-0.759277,-0.821289,-47.729492,-6.347656,24.597168
1251,-0.179688,-0.844238,-1.068848,-47.973633,2.136230,14.099121
1252,-0.158203,-0.896484,-1.151855,-37.841797,12.878418,13.549805
1253,-0.128906,-0.918945,-1.147461,-25.451660,22.766113,16.662598
1254,-0.146484,-0.856934,-1.026367,-17.944336,29.357910,29.968262
1255,-0.166016,-0.854004,-1.041504,-24.108887,39.550781,32.897949
1256,-0.140625,-0.833008,-0.911621,-31.616211,45.898438,29.968262
1257,-0.161621,-0.905762,-0.838867,-45.532227,25.573730,17.395020
1258,-0.163086,-0.912598,-0.905762,-40.466309,17.395020,17.517090
1259,-0.209961,-0.992188,-0.951660,-28.991699,11.840820,27.221680
1260,-0.274414,-1.074219,-0.953125,-20.874023,12.695312,40.100098
1261,-0.440918,-1.220703,-0.860840,-23.376465,20.568848,58.532715
1262,-0.482910,-1.162109,-0.796875,-26.245117,23.681641,56.945801
1263,-0.504395,-1.012695,-0.784668,-25.390625,30.456543,56.152344
1264,-0.484375,-0.793945,-0.618164,-12.817383,49.255371,53.222656
1265,-0.504883,-0.758789,-0.530273,2.624512,49.560547,52.368164
1266,-0.554199,-0.761230,-0.435547,23.254395,42.175293,50.354004
1267,-0.609863,-0.754395,-0.343262,44.677734,28.869629,48.095703
1268,-0.729004,-0.735352,-0.195801,78.308105,1.708984,48.339844
1269,-0.834961,-0.778320,-0.042480,79.040527,-13.671875,37.353516
1270,-0.881348,-0.780273,0.028320,61.584473,-31.616211,16.357422
1271,-0.894043,-0.738770,0.053711,29.174805,-46.142578,-10.620117
1272,-0.618164,-0.461426,-0.170898,-40.222168,-54.687500,-44.372559
1273,-0.509766,-0.386230,-0.270508,-49.987793,-47.424316,-41.076660
1274,-0.424316,-0.326660,-0.331543,-47.485352,-37.902832,-34.240723
1275,-0.115723,-0.324707,-0.488770,-16.296387,-25.024414,-15.319824
1276,0.223145,-0.385254,-1.285645,81.176758,-87.463379,11.718750
1277,0.179688,-0.595215,-0.950684,114.013672,-123.474121,28.625488
1278,0.147949,-0.722168,-1.041992,73.669434,-131.042480,34.973145
1279,-0.035156,-0.624512,-0.667480,-1.037598,-86.547852,26.428223
1280,-0.064453,-0.463379,-0.477051,-7.934570,-76.904297,33.935547
1281,-0.119629,-0.411133,-0.395996,-3.906250,-64.025879,42.785645
1282,-0.249023,-0.413574,-0.304199,12.023926,-16.540527,31.066895
1283,-0.301270,-0.414062,-0.192383,23.559570,4.821777,17.578125
1284,-0.344727,-0.418945,-0.065918,35.400391,13.671875,2.014160
1285,-0.442383,-0.451172,0.077637,45.837402,-1.098633,-31.311035
1286,-0.564453,-0.449707,0.042480,26.550293,-33.569336,-65.551758
1287,-0.587891,-0.395508,-0.065430,4.272461,-48.645020,-77.819824
1288,-0.593750,-0.365234,-0.197266,-24.414062,-58.654785,-81.481934
1289,-0.464355,-0.390137,-0.707520,-88.500977,-65.673828,-78.002930
1290,-0.309082,-0.482910,-1.414062,-74.829102,-63.781738,-73.242188
1291,-0.174316,-0.629883,-2.169922,9.765625,-56.396484,-57.312012
1292,-0.096191,-0.952148,-2.702148,96.069336,-33.447266,-37.475586
1293,-0.270020,-1.607910,-2.680664,153.686523,41.137695,13.000488
1294,-0.987793,-1.204590,-0.462891,140.319824,22.277832,23.315430
1295,-0.985840,-0.913574,-0.191895,104.553223,22.644043,10.131836
1296,-0.763672,-0.473633,0.037598,1.342773,32.897949,-16.174316
1297,-0.691406,-0.458496,-0.067871,-30.944824,35.705566,-16.601562
1298,-0.676758,-0.540527,-0.206543,-41.809082,39.367676,-14.343262
1299,-0.675781,-1.199707,-0.787109,-21.423340,-28.991699,23.498535
1300,-0.776367,-1.405273,-1.198730,72.265625,-19.714355,28.625488
1301,-0.813965,-1.355957,-0.726074,119.873047,34.240723,20.629883
1302,-0.722656,-1.251465,-0.168945,81.665039,100.402832,-6.225586
1303,-0.602539,-1.108887,-0.007812,49.194336,107.360840,-16.479492
1304,-0.490723,-0.961426,0.095215,11.962891,105.346680,-23.559570
1305,-0.353027,-0.808105,0.119629,-63.171387,92.529297,-35.339355
1306,-0.322754,-0.784668,0.065918,-92.529297,85.144043,-40.893555
1307,-0.322266,-0.805176,0.049316,-109.558105,76.904297,-43.701172
1308,-0.343262,-0.873535,-0.006836,-117.736816,64.208984,-43.640137
1309,-0.402344,-1.092285,-0.175781,-108.276367,32.043457,-46.386719
1310,-0.397461,-1.138672,-0.266602,-99.914551,15.563965,-47.241211
1311,-0.403320,-1.154297,-0.308594,-90.332031,0.610352,-48.278809
1312,-0.380371,-1.061523,-0.343750,-62.133789,-25.817871,-48.034668
1313,-0.339355,-0.968262,-0.342773,-43.579102,-35.217285,-46.020508
1314,-0.267090,-0.861328,-0.334961,-26.367188,-41.137695,-42.358398
1315,-0.207031,-0.765137,-0.310059,-15.502930,-44.677734,-39.978027
1316,-0.134277,-0.620117,-0.319824,-8.178711,-47.546387,-41.564941
1317,-0.122559,-0.573242,-0.396484,-2.319336,-46.508789,-45.288086
1318,-0.093262,-0.480469,-0.459473,10.925293,-42.358398,-47.058105
1319,-0.028809,-0.331543,-0.528320,42.968750,-32.104492,-30.700684
1320,-0.030762,-0.312988,-0.542969,52.185059,-23.681641,-14.587402
1321,-0.059570,-0.325684,-0.547852,54.443359,-13.610840,2.075195
1322,-0.146484,-0.395020,-0.585449,46.508789,7.263184,23.315430
1323,-0.205566,-0.409668,-0.575684,37.963867,10.253906,27.832031
1324,-0.243164,-0.420410,-0.672852,31.799316,6.469727,29.785156
1325,-0.262695,-0.474121,-0.831543,32.043457,11.230469,36.804199
1326,-0.255859,-0.505859,-0.776367,23.742676,16.784668,40.954590
1327,-0.252441,-0.553223,-0.726074,6.835938,16.235352,43.090820
1328,-0.250977,-0.598633,-0.715332,-12.573242,10.437012,41.015625
1329,-0.254395,-0.656738,-0.749023,-29.907227,2.075195,35.644531
1330,-0.224609,-0.782715,-0.914551,-56.335449,-7.385254,17.944336
1331,-0.203125,-0.850098,-1.027832,-60.729980,-4.150391,12.390137
1332,-0.180176,-0.926270,-1.125488,-61.523438,5.126953,9.521484
1333,-0.148438,-0.968262,-1.150879,-58.349609,15.991211,9.765625
1334,-0.123535,-0.914062,-1.048828,-46.264648,25.756836,23.193359
1335,-0.150879,-0.799316,-1.024414,-41.259766,24.719238,32.653809
1336,-0.191406,-0.798828,-1.009766,-38.146973,31.005859,40.039062
1337,-0.187012,-0.846680,-0.893066,-37.475586,35.583496,38.269043
1338,-0.236816,-1.082031,-0.846191,-54.199219,18.920898,27.343750
1339,-0.220703,-1.145020,-0.917969,-54.748535,15.625000,22.949219
1340,-0.324707,-1.221191,-0.939453,-48.583984,13.732910,36.071777
1341,-0.399414,-1.213379,-0.897949,-45.532227,14.282227,40.710449
1342,-0.441895,-1.133301,-0.834473,-44.372559,18.005371,44.311523
1343,-0.458496,-1.035645,-0.745117,-38.269043,24.169922,43.640137
1344,-0.448242,-0.790039,-0.512207,-22.216797,31.921387,39.306641
1345,-0.467285,-0.715332,-0.436035,-11.657715,28.625488,39.367676
1346,-0.509766,-0.684082,-0.372559,4.516602,20.202637,39.611816
1347,-0.578125,-0.671387,-0.313965,23.376465,8.666992,39.733887
1348,-0.704590,-0.665527,-0.208984,54.748535,-10.375977,39.550781
1349,-0.749512,-0.679199,-0.125977,60.180664,-13.732910,37.048340
1350,-0.793945,-0.676270,0.045898,28.625488,-21.911621,11.291504
1351,-0.763672,-0.610840,0.041992,-2.075195,-26.489258,-9.948730
1352,-0.682617,-0.496582,-0.054688,-28.930664,-29.785156,-24.597168
1353,-0.484375,-0.410645,-0.304688,-37.475586,-19.287109,-24.963379
1354,-0.421387,-0.432617,-0.333496,-30.273438,-11.108398,-21.911621
1355,-0.339355,-0.430664,-0.318359,-23.681641,-8.483887,-19.714355
1356,0.197266,-0.388184,-0.829102,33.386230,-62.500000,1.403809
1357,0.087891,-0.651855,-0.963379,109.497070,-141.052246,19.531250
1358,0.165527,-0.666504,-1.218750,80.139160,-158.752441,23.803711
1359,0.076172,-0.747559,-1.294434,41.015625,-128.784180,27.954102
1360,-0.090820,-0.518555,-0.574707,0.793457,-74.768066,25.268555
1361,-0.147461,-0.418945,-0.420898,5.249023,-64.270020,28.930664
1362,-0.252441,-0.387695,-0.341309,20.690918,-12.512207,20.263672
1363,-0.304688,-0.376953,-0.260742,29.296875,16.479492,7.812500
1364,-0.381348,-0.357422,-0.050781,36.437988,33.569336,-26.672363
1365,-0.418945,-0.363281,-0.016113,32.958984,23.742676,-44.982910
1366,-0.454590,-0.369629,-0.054199,23.681641,6.774902,-60.791016
1367,-0.447266,-0.412109,-0.308105,4.150391,-29.357910,-75.317383
1368,-0.357422,-0.458008,-0.494141,-5.554199,-45.532227,-70.983887
1369,-0.229980,-0.527344,-0.836426,-2.563477,-64.331055,-59.631348
1370,-0.140137,-0.664551,-1.374023,42.175293,-81.726074,-38.757324
1371,-0.165039,-1.569824,-2.355469,160.644531,-30.761719,-7.141113
1372,-0.374512,-2.037598,-2.040527,176.940918,28.930664,-25.024414
1373,-0.717773,-1.398926,-0.635742,177.062988,13.854980,0.183105
1374,-1.218262,-0.897461,0.076172,90.393066,-44.250488,16.845703
1375,-1.094727,-0.590332,0.121582,16.906738,-50.537109,-3.967285
1376,-0.846680,-0.326660,-0.106934,-43.518066,-37.658691,-7.934570
1377,-0.757812,-0.614258,-0.533691,-91.125488,8.239746,6.225586
1378,-0.787109,-0.900391,-0.744141,-90.209961,5.554199,9.704590
1379,-0.769531,-1.074707,-1.018066,-10.009766,9.033203,8.728027
1380,-0.749512,-1.044922,-0.333496,139.709473,70.678711,0.549316
1381,-0.728027,-1.041504,-0.073242,142.761230,91.491699,-7.812500
1382,-0.667969,-1.001465,0.079102,122.253418,102.050781,-16.418457
1383,-0.542480,-0.923828,0.216309,45.654297,104.248047,-29.541016
1384,-0.483398,-0.892090,0.250000,0.976562,99.609375,-33.508301
1385,-0.457520,-0.894043,0.262207,-46.386719,92.224121,-33.752441
1386,-0.447754,-0.946777,0.235352,-89.416504,81.359863,-32.836914
1387,-0.461914,-1.143555,0.093750,-146.118164,49.499512,-43.029785
1388,-0.444336,-1.185547,-0.031738,-157.836914,30.517578,-52.368164
1389,-0.364746,-1.125977,-0.364746,-144.348145,10.437012,-59.204102
1390,-0.338379,-1.059082,-0.401855,-120.788574,2.868652,-56.030273
1391,-0.312012,-0.995605,-0.400879,-89.416504,-9.582520,-54.748535
1392,-0.215332,-0.840820,-0.269531,-31.799316,-44.189453,-46.508789
1393,-0.170898,-0.791016,-0.221680,-19.226074,-60.058594,-45.043945
1394,-0.129883,-0.713867,-0.245605,-16.296387,-71.166992,-47.424316
1395,-0.034180,-0.553711,-0.436035,-6.042480,-76.965332,-54.016113
1396,-0.019531,-0.498535,-0.478027,-2.746582,-73.303223,-54.443359
1397,-0.025879,-0.447266,-0.536133,-2.380371,-67.932129,-52.673340
1398,-0.052734,-0.407227,-0.602539,-3.356934,-61.096191,-48.767090
1399,-0.128418,-0.334473,-0.706055,0.000000,-41.625977,-33.813477
1400,-0.164551,-0.302734,-0.706055,0.549316,-30.334473,-20.935059
1401,-0.212891,-0.303711,-0.717773,-1.708984,-17.211914,-6.469727
1402,-0.306641,-0.339355,-0.747559,0.549316,8.117676,20.874023
1403,-0.325684,-0.382812,-0.711914,3.601074,20.690918,35.644531
1404,-0.341309,-0.443848,-0.672852,2.441406,32.470703,46.936035
1405,-0.353027,-0.512207,-0.643066,-1.708984,39.916992,52.795410
1406,-0.358398,-0.580566,-0.610352,-4.211426,39.550781,52.429199
1407,-0.354980,-0.713867,-0.583008,-7.202148,15.075684,40.405273
1408,-0.348633,-0.789551,-0.610352,-12.268066,-0.793457,29.907227
1409,-0.313477,-0.844238,-0.707031,-20.690918,-12.817383,19.165039
1410,-0.257812,-0.933105,-0.992188,-29.418945,-14.160156,8.728027
1411,-0.233398,-0.967773,-1.102539,-29.052734,-2.990723,8.544922
1412,-0.200195,-0.931152,-1.135254,-28.198242,10.742188,12.329102
1413,-0.188965,-0.712402,-1.058105,-29.296875,30.029297,31.799316
1414,-0.230469,-0.639648,-1.063477,-29.724121,40.100098,41.809082
1415,-0.227539,-0.689453,-1.009766,-30.883789,52.062988,42.663574
1416,-0.166992,-0.895508,-0.794922,-40.832520,47.119141,30.639648
1417,-0.131836,-1.000488,-0.825195,-40.100098,34.240723,22.583008
1418,-0.124512,-1.048828,-0.818848,-34.851074,20.263672,21.850586
1419,-0.243164,-1.187500,-0.907715,-32.104492,12.023926,36.926270
1420,-0.305176,-1.232422,-0.880859,-32.226562,16.906738,40.344238
1421,-0.331055,-1.175781,-0.784180,-31.311035,20.690918,38.085938
1422,-0.340332,-1.019531,-0.693848,-26.184082,21.606445,36.132812
1423,-0.390625,-0.768066,-0.576660,-14.587402,30.517578,46.203613
1424,-0.442871,-0.736328,-0.541992,-2.319336,34.118652,53.527832
1425,-0.510742,-0.725098,-0.498535,19.104004,33.935547,58.959961
1426,-0.582031,-0.711426,-0.435547,70.495605,23.376465,67.138672
1427,-0.747070,-0.750000,-0.228027,87.524414,15.136719,64.941406
1428,-0.841309,-0.791992,-0.117676,91.186523,6.286621,54.443359
1429,-0.908203,-0.811035,-0.026367,78.918457,-6.164551,31.005859
1430,-0.814453,-0.657227,-0.002930,16.113281,-30.029297,-26.245117
1431,-0.573242,-0.500000,-0.153320,-15.991211,-35.827637,-41.687012
1432,-0.459961,-0.406250,-0.254883,-30.395508,-36.987305,-39.550781
1433,-0.224121,-0.403809,-0.443359,-17.517090,-35.644531,-21.728516
1434,0.074219,-0.468750,-0.907227,24.353027,-90.820312,-2.136230
1435,0.020996,-0.641113,-0.982422,45.959473,-150.512695,22.705078
1436,-0.069824,-0.720215,-1.005859,9.338379,-130.065918,26.733398
1437,-0.128906,-0.686523,-0.820312,-30.578613,-95.642090,22.888184
1438,-0.212402,-0.431152,-0.425781,-47.790527,-65.185547,30.822754
1439,-0.267578,-0.380371,-0.397461,-38.146973,-47.790527,29.052734
1440,-0.312500,-0.352539,-0.369141,-21.118164,-21.789551,21.667480
1441,-0.337402,-0.303223,-0.185547,18.493652,26.672363,-1.403809
1442,-0.339844,-0.288574,-0.055664,34.973145,34.790039,-14.160156
1443,-0.346191,-0.285156,0.007812,43.823242,30.334473,-27.282715
1444,-0.383301,-0.290527,-0.010742,40.588379,5.615234,-51.147461
1445,-0.416992,-0.335449,-0.125000,33.203125,-10.192871,-60.852051
1446,-0.407715,-0.364746,-0.265625,26.611328,-23.437500,-69.335938
1447,-0.369141,-0.407227,-0.418457,15.563965,-29.235840,-73.364258
1448,-0.225098,-0.555664,-0.969238,2.807617,-37.109375,-65.856934
1449,-0.154785,-0.690430,-1.530762,53.833008,-46.203613,-46.264648
1450,-0.099609,-1.680664,-2.401367,181.518555,-31.799316,-3.906250
1451,-0.479492,-2.001465,-1.864258,209.106445,4.638672,-1.953125
1452,-0.963867,-1.546387,-0.454102,210.571289,-12.207031,16.845703
1453,-1.112305,-1.198730,0.004395,150.695801,-32.165527,18.493652
1454,-1.093262,-0.860352,0.140137,71.166992,-38.452148,6.958008
1455,-0.931152,-0.474121,-0.023438,-47.424316,-12.145996,-0.305176
1456,-0.876953,-0.515625,-0.148438,-68.420410,9.948730,3.417969
1457,-0.869141,-0.741699,-0.282227,-78.552246,10.559082,9.033203
1458,-0.801270,-1.070312,-0.854492,13.427734,29.296875,8.789062
1459,-0.795410,-1.063477,-0.575195,69.152832,68.359375,2.136230
1460,-0.781250,-1.086914,-0.297363,90.087891,94.848633,-7.568359
1461,-0.728027,-1.064453,-0.121094,83.312988,106.445312,-20.080566
1462,-0.553711,-0.977051,0.068359,24.414062,109.680176,-37.292480
1463,-0.494141,-0.969727,0.104980,-18.798828,107.238770,-42.724609
1464,-0.458008,-0.964844,0.137207,-67.810059,102.294922,-46.752930
1465,-0.416504,-1.014648,0.085938,-152.954102,78.491211,-46.203613
1466,-0.420898,-1.052246,0.002930,-174.682617,59.020996,-46.325684
1467,-0.423828,-1.092773,-0.308105,-163.391113,20.141602,-47.851562
1468,-0.411621,-1.088867,-0.451660,-138.610840,11.413574,-48.522949
1469,-0.376465,-1.036621,-0.544922,-104.675293,7.812500,-45.654297
1470,-0.296387,-0.976074,-0.421875,-37.414551,-4.821777,-40.893555
1471,-0.235840,-0.910645,-0.293945,-19.836426,-17.639160,-41.076660
1472,-0.172363,-0.810547,-0.236328,-15.441895,-32.775879,-41.748047
1473,-0.117676,-0.590332,-0.299316,-21.118164,-49.865723,-38.269043
1474,-0.112793,-0.527832,-0.350098,-19.897461,-49.560547,-36.376953
1475,-0.113281,-0.471191,-0.452637,-7.995605,-43.701172,-37.719727
1476,-0.065430,-0.376953,-0.490234,14.099121,-36.804199,-36.376953
1477,-0.000977,-0.275879,-0.465820,50.170898,-24.291992,-11.901855
1478,-0.015625,-0.293457,-0.475586,54.809570,-15.136719,4.455566
1479,-0.051758,-0.324219,-0.470215,52.307129,-3.723145,17.761230
1480,-0.152344,-0.376953,-0.520508,31.005859,18.859863,32.226562
1481,-0.198242,-0.394531,-0.547852,22.460938,26.611328,36.682129
1482,-0.239746,-0.410156,-0.589355,18.371582,31.005859,40.405273
1483,-0.296387,-0.470215,-0.676270,20.080566,28.869629,47.424316
1484,-0.310059,-0.551270,-0.656250,22.033691,20.568848,45.837402
1485,-0.281250,-0.617188,-0.623047,15.502930,8.178711,39.733887
1486,-0.244141,-0.672852,-0.657227,-0.244141,-2.685547,32.470703
1487,-0.219727,-0.797363,-0.890625,-34.484863,-12.756348,15.380859
1488,-0.192871,-0.841309,-1.066406,-41.687012,-10.192871,8.789062
1489,-0.176758,-0.914551,-1.228516,-39.978027,-0.976562,5.554199
1490,-0.166992,-0.942871,-1.249023,-31.188965,23.254395,5.554199
1491,-0.205566,-0.836426,-1.230957,-30.761719,27.832031,13.183594
1492,-0.263184,-0.731445,-1.261230,-28.198242,33.569336,27.648926
1493,-0.282227,-0.856934,-0.888672,-28.869629,34.301758,34.790039
1494,-0.238281,-0.966309,-0.888672,-40.405273,21.789551,26.611328
1495,-0.110352,-1.020508,-0.993164,-38.452148,22.094727,28.747559
1496,-0.194824,-1.082031,-0.960449,-46.020508,44.982910,69.396973
1497,-0.326660,-1.154297,-0.912109,-49.865723,59.875488,87.646484
1498,-0.422363,-1.185059,-0.818359,-50.170898,69.763184,94.604492
1499,-0.496582,-1.168457,-0.743164,-40.832520,71.228027,91.369629
1500,-0.579102,-0.997559,-0.607422,-6.225586,67.077637,76.049805
1501,-0.597168,-0.933594,-0.515137,11.718750,58.166504,70.312500
1502,-0.657227,-0.919434,-0.441895,36.193848,42.358398,63.110352
1503,-0.826660,-0.876953,-0.203125,84.289551,-1.220703,49.438477
1504,-0.904297,-0.830566,-0.118164,97.900391,-22.949219,44.250488
1505,-0.985840,-0.820312,-0.021973,99.182129,-36.254883,36.682129
1506,-0.962891,-0.775391,0.073242,81.420898,-42.724609,18.432617
1507,-0.679199,-0.486816,0.093262,0.427246,-36.865234,-23.193359
1508,-0.482422,-0.372559,-0.036621,-33.996582,-25.573730,-30.029297
1509,-0.404297,-0.349121,-0.089844,-45.166016,-17.211914,-26.733398
1510,-0.367676,-0.400879,-0.190430,-46.020508,-9.765625,-25.451660
1511,-0.302734,-0.404297,-0.220703,-46.691895,-10.681152,-24.658203
1512,0.332520,-0.587402,-1.384766,43.823242,-132.202148,4.394531
1513,0.249023,-0.752930,-1.336426,72.265625,-160.461426,13.305664
1514,0.102539,-0.698730,-1.003418,20.141602,-92.834473,11.596680
1515,0.047363,-0.484863,-0.632812,3.967285,-70.983887,18.737793
1516,-0.041504,-0.385742,-0.400391,3.723145,-61.523438,29.724121
1517,-0.142090,-0.348633,-0.300781,5.432129,-51.330566,33.264160
1518,-0.256836,-0.308594,-0.267578,16.662598,-5.126953,18.127441
1519,-0.309082,-0.312988,-0.180664,23.132324,15.808105,3.479004
1520,-0.375000,-0.312500,-0.003418,28.259277,18.432617,-34.606934
1521,-0.407715,-0.321289,0.006348,22.399902,2.319336,-54.016113
1522,-0.440430,-0.326172,-0.046875,11.596680,-17.700195,-71.228027
1523,-0.473145,-0.362793,-0.161133,-0.915527,-35.034180,-83.435059
1524,-0.460449,-0.457520,-0.392090,-29.113770,-61.889648,-80.627441
1525,-0.357422,-0.549316,-0.685547,-33.752441,-75.561523,-64.392090
1526,-0.263672,-0.721191,-1.155762,7.751465,-90.026855,-33.996582
1527,-0.353027,-1.682617,-2.071777,141.479492,-63.903809,6.896973
1528,-0.437012,-2.192871,-2.337402,157.226562,6.103516,-14.648438
1529,-0.608398,-1.475098,-0.931641,163.757324,26.000977,-3.845215
1530,-0.883301,-0.812012,-0.132812,84.472656,-27.770996,9.216309
1531,-0.868164,-0.583984,-0.110840,13.305664,-40.039062,-8.850098
1532,-0.748535,-0.358887,-0.232910,-54.626465,-33.264160,-22.766113
1533,-0.740723,-0.397461,-0.606934,-96.984863,15.991211,-24.536133
1534,-0.725098,-0.627441,-0.654297,-98.144531,29.296875,-16.357422
1535,-0.709961,-1.217773,-1.091309,65.612793,32.165527,14.648438
1536,-0.792969,-1.172363,-0.456055,141.174316,72.448730,15.991211
1537,-0.808105,-1.165039,-0.052246,146.728516,100.402832,7.385254
1538,-0.716797,-1.084473,0.117676,122.619629,110.961914,-0.793457
1539,-0.570312,-0.970703,0.250000,41.259766,107.543945,-10.253906
1540,-0.521484,-0.930176,0.269531,-4.150391,100.036621,-16.235352
1541,-0.467773,-0.914551,0.276855,-46.447754,89.477539,-21.301270
1542,-0.437988,-1.059570,0.195801,-119.567871,65.734863,-38.452148
1543,-0.457520,-1.191895,0.134766,-143.371582,52.673340,-52.856445
1544,-0.443359,-1.245605,0.035645,-160.766602,38.452148,-67.687988
1545,-0.338379,-1.197266,-0.261230,-151.733398,11.535645,-74.340820
1546,-0.322266,-1.143066,-0.312012,-122.985840,-8.239746,-68.847656
1547,-0.312988,-1.071289,-0.323242,-87.585449,-31.921387,-64.453125
1548,-0.282715,-0.965332,-0.285156,-56.945801,-52.917480,-61.157227
1549,-0.239746,-0.863281,-0.259766,-35.583496,-69.458008,-57.128906
1550,-0.183105,-0.680176,-0.292480,-21.545410,-78.674316,-54.931641
1551,-0.164062,-0.607910,-0.308105,-20.080566,-75.927734,-56.274414
1552,-0.104980,-0.480469,-0.379883,-10.803223,-68.786621,-60.546875
1553,-0.068848,-0.409668,-0.456543,0.549316,-66.040039,-58.593750
1554,-0.062012,-0.355469,-0.541992,12.573242,-61.889648,-52.673340
1555,-0.092773,-0.314453,-0.660645,25.207520,-51.208496,-44.677734
1556,-0.127930,-0.196777,-0.683105,43.640137,-26.489258,-12.451172
1557,-0.189453,-0.221680,-0.706543,43.762207,-13.977051,5.859375
1558,-0.263184,-0.226562,-0.750488,36.499023,0.000000,19.104004
1559,-0.326660,-0.258789,-0.786621,28.625488,11.047363,29.479980
1560,-0.354492,-0.310059,-0.821289,21.545410,30.700684,47.424316
1561,-0.337891,-0.444824,-0.747070,12.817383,38.696289,55.664062
1562,-0.328125,-0.521484,-0.687012,0.427246,38.635254,58.837891
1563,-0.313965,-0.592285,-0.651367,-12.268066,30.822754,57.373047
1564,-0.291504,-0.740234,-0.708496,-40.710449,8.605957,42.724609
1565,-0.282227,-0.812988,-0.812500,-50.781250,1.342773,33.081055
1566,-0.231445,-0.977539,-1.103516,-50.354004,6.713867,15.563965
1567,-0.178223,-1.010742,-1.155762,-41.931152,14.038086,10.253906
1568,-0.122070,-0.990723,-1.157715,-32.714844,17.822266,11.718750
1569,-0.120605,-0.881836,-1.216309,-24.353027,19.042969,22.033691
1570,-0.191895,-0.943359,-1.091309,-23.681641,45.410156,40.039062
1571,-0.194336,-1.020020,-0.880859,-37.353516,42.419434,37.475586
1572,-0.177734,-1.074707,-0.904297,-51.879883,30.334473,33.996582
1573,-0.187988,-1.212402,-1.110840,-44.128418,26.550293,49.133301
1574,-0.246094,-1.279785,-1.050781,-38.024902,34.179688,62.316895
1575,-0.331543,-1.268555,-0.934570,-38.269043,39.733887,71.044922
1576,-0.447754,-1.060547,-0.741211,-24.414062,41.870117,71.472168
1577,-0.480469,-0.928223,-0.661133,-12.145996,45.471191,70.678711
1578,-0.519043,-0.843262,-0.581543,2.807617,47.180176,71.716309
1579,-0.591797,-0.810547,-0.473145,24.353027,42.236328,71.716309
1580,-0.748047,-0.783203,-0.287109,70.739746,12.084961,62.744141
1581,-0.847168,-0.787598,-0.214844,93.200684,0.427246,55.603027
1582,-0.900391,-0.796875,-0.102051,102.233887,-6.713867,42.419434
1583,-0.885254,-0.721680,0.131836,59.082031,-21.118164,-2.380371
1584,-0.773438,-0.600098,0.142578,15.136719,-28.137207,-27.099609
1585,-0.624512,-0.444824,0.083008,-24.719238,-36.254883,-42.419434
1586,-0.463867,-0.331055,-0.082031,-48.095703,-37.658691,-43.273926
1587,-0.314453,-0.261230,-0.193848,-57.434082,-24.597168,-29.296875
1588,-0.234863,-0.260254,-0.283203,-52.551270,-20.202637,-23.498535
1589,0.223633,-0.476562,-1.217285,64.086914,-97.656250,11.108398
1590,0.177734,-0.670410,-1.049316,102.050781,-138.061523,24.719238
1591,-0.010742,-0.714355,-0.874512,22.155762,-98.876953,20.263672
1592,-0.047852,-0.487305,-0.545898,4.577637,-84.716797,26.550293
1593,-0.093750,-0.386719,-0.375488,-1.037598,-78.735352,39.794922
1594,-0.203125,-0.400879,-0.315918,0.549316,-63.842773,45.349121
1595,-0.303711,-0.397461,-0.225586,6.225586,-10.375977,22.033691
1596,-0.343262,-0.387207,-0.125000,8.728027,12.817383,3.784180
1597,-0.408691,-0.334473,0.030762,17.761230,22.827148,-33.752441
1598,-0.423340,-0.317871,0.047363,16.723633,12.573242,-47.790527
1599,-0.468262,-0.357910,0.000000,13.061523,-4.150391,-61.462402
1600,-0.432129,-0.377930,-0.205078,5.859375,-49.743652,-80.932617
1601,-0.342285,-0.415039,-0.422852,-2.563477,-70.922852,-78.125000
1602,-0.179688,-0.501465,-0.896484,2.502441,-90.270996,-65.917969
1603,-0.093750,-0.733887,-1.583496,52.490234,-92.468262,-43.334961
1604,-0.296875,-2.233398,-2.683594,135.864258,25.451660,-40.466309
1605,-0.483887,-1.764648,-1.038086,141.479492,52.734375,-39.855957
1606,-0.731934,-1.448730,-0.348633,105.834961,2.868652,-2.746582
1607,-0.852051,-0.738770,-0.176758,5.798340,-10.314941,-23.315430
1608,-0.731445,-0.464355,-0.165039,-46.691895,-1.831055,-43.334961
1609,-0.655273,-0.301270,-0.197754,-80.932617,13.061523,-55.664062
1610,-0.666992,-0.309082,-0.237793,-93.383789,29.113770,-57.678223
1611,-0.633789,-0.465332,-0.336426,-85.510254,18.127441,-34.484863
1612,-0.919922,-1.430176,-1.611816,117.492676,-64.453125,57.250977
1613,-1.085449,-1.450195,-0.917969,207.092285,2.014160,57.373047
1614,-1.135742,-1.443359,-0.405273,200.439453,60.668945,43.212891
1615,-1.017090,-1.321289,-0.092773,162.475586,92.407227,21.362305
1616,-0.679688,-0.959961,0.277832,53.344727,104.370117,-12.451172
1617,-0.553711,-0.844238,0.279785,-11.779785,102.416992,-19.714355
1618,-0.490723,-0.817383,0.232422,-66.284180,98.999023,-23.315430
1619,-0.476074,-0.975098,0.101074,-138.366699,88.684082,-33.691406
1620,-0.495117,-1.082520,0.076660,-157.409668,80.505371,-43.212891
1621,-0.505859,-1.170898,-0.048340,-170.715332,68.420410,-53.283691
1622,-0.385742,-1.080566,-0.385254,-153.015137,44.616699,-49.133301
1623,-0.366211,-1.042480,-0.489746,-119.873047,29.174805,-36.987305
1624,-0.357910,-1.000000,-0.496094,-78.979492,11.230469,-30.029297
1625,-0.263672,-0.863770,-0.272461,-20.812988,-26.733398,-27.709961
1626,-0.223633,-0.788574,-0.179688,-14.648438,-44.128418,-29.235840
1627,-0.198730,-0.716797,-0.163574,-15.441895,-58.959961,-33.691406
1628,-0.157227,-0.551270,-0.222656,-25.939941,-70.434570,-46.447754
1629,-0.126953,-0.483398,-0.277832,-29.846191,-71.838379,-49.865723
1630,-0.112305,-0.431152,-0.366211,-26.916504,-70.373535,-49.682617
1631,-0.134766,-0.437500,-0.559570,-9.460449,-62.133789,-50.659180
1632,-0.044922,-0.303223,-0.585938,45.288086,-37.963867,-38.818359
1633,-0.019043,-0.262207,-0.564453,60.363770,-28.747559,-21.301270
1634,-0.027832,-0.255371,-0.573730,65.185547,-17.517090,1.098633
1635,-0.120117,-0.328613,-0.653320,52.307129,18.859863,39.306641
1636,-0.217285,-0.323730,-0.719238,24.536133,51.879883,65.185547
1637,-0.263184,-0.398926,-0.729492,17.028809,57.250977,66.040039
1638,-0.298828,-0.494141,-0.663574,13.854980,50.964355,60.058594
1639,-0.299805,-0.586426,-0.650391,7.934570,34.423828,48.278809
1640,-0.229492,-0.728516,-0.821289,-4.943848,4.333496,24.230957
1641,-0.225586,-0.826172,-0.923340,-10.498047,-3.234863,12.695312
1642,-0.224609,-0.917480,-1.058594,-15.380859,-5.493164,1.953125
1643,-0.259766,-1.124023,-1.209473,-28.686523,4.150391,-10.314941
1644,-0.296387,-1.105957,-1.189453,-43.701172,8.422852,-7.812500
1645,-0.349121,-0.694824,-1.153809,-61.462402,11.657715,9.155273
1646,-0.336914,-0.640625,-1.108398,-56.396484,23.010254,19.042969
1647,-0.235352,-0.679199,-1.028809,-45.837402,34.240723,20.507812
1648,-0.081543,-0.781738,-0.935547,-29.174805,42.297363,24.353027
1649,0.041504,-1.094727,-0.717285,-34.423828,43.273926,36.071777
1650,-0.065918,-1.142578,-0.817871,-56.152344,49.987793,47.851562
1651,-0.274414,-1.181152,-0.845703,-71.594238,70.495605,63.232422
1652,-0.342773,-1.138184,-0.760254,-55.847168,67.138672,65.795898
1653,-0.414551,-1.064941,-0.692383,-32.531738,60.119629,66.406250
1654,-0.570801,-0.982422,-0.559570,16.906738,45.471191,63.415527
1655,-0.656250,-0.957520,-0.484375,43.212891,34.790039,61.523438
1656,-0.783691,-0.946289,-0.355469,71.411133,18.981934,59.265137
1657,-0.884277,-0.923828,-0.253418,96.679688,0.122070,57.373047
1658,-1.142090,-0.933594,-0.020020,116.699219,-29.724121,39.550781
1659,-1.146484,-0.860352,0.083496,96.435547,-41.076660,15.319824
1660,-0.839355,-0.537598,0.145020,14.892578,-50.720215,-33.813477
1661,-0.607422,-0.386230,0.078613,-30.944824,-48.034668,-47.241211
1662,-0.415527,-0.261719,-0.064453,-56.823730,-42.419434,-46.081543
1663,-0.332520,-0.294922,-0.245605,-73.669434,-25.512695,-34.484863
1664,-0.286133,-0.313477,-0.245117,-74.951172,-19.531250,-33.020020
1665,0.238770,-0.402832,-0.455078,-46.447754,-100.280762,-18.432617
1666,0.154297,-0.702148,-1.229492,41.625977,-211.486816,1.281738
1667,0.108398,-0.609375,-1.318848,28.259277,-172.424316,14.831543
1668,0.025391,-0.428711,-0.854980,4.394531,-137.695312,35.339355
1669,-0.046875,-0.364746,-0.649902,1.098633,-113.708496,54.931641
1670,-0.187988,-0.399414,-0.471680,4.028320,-86.425781,59.020996
1671,-0.252930,-0.370605,-0.362305,2.563477,-16.174316,34.545898
1672,-0.272949,-0.358398,-0.271973,0.732422,17.944336,19.775391
1673,-0.302734,-0.388184,-0.164062,0.122070,36.254883,3.295898
1674,-0.344238,-0.358398,-0.139648,11.047363,19.958496,-36.804199
1675,-0.367676,-0.303711,-0.168457,17.456055,-4.028320,-51.330566
1676,-0.393066,-0.272949,-0.255859,19.714355,-28.747559,-60.668945
1677,-0.456543,-0.358398,-0.556641,31.799316,-46.936035,-70.678711
1678,-0.528320,-0.454590,-0.649902,34.729004,-37.414551,-76.354980
1679,-0.593750,-0.604492,-0.821777,43.762207,-21.911621,-79.284668
1680,-0.553223,-1.314453,-1.425293,128.784180,-3.356934,-50.048828
1681,-0.513184,-1.839844,-1.638672,153.320312,-19.592285,-28.503418
1682,-1.051758,-1.458008,-0.524414,74.035645,-65.429688,33.508301
1683,-0.945312,-1.106445,-0.522949,19.165039,-63.781738,34.118652
1684,-0.884766,-0.940918,-0.678711,-12.268066,-55.603027,42.724609
1685,-0.849609,-0.976074,-0.774414,-27.038574,-32.714844,50.842285
1686,-0.805176,-0.817383,-0.487305,-1.342773,23.620605,39.245605
1687,-0.808105,-0.568848,-0.141113,55.908203,47.546387,30.395508
1688,-0.893555,-0.614258,0.037598,90.637207,62.683105,20.935059
1689,-0.809570,-0.711426,0.104980,109.802246,66.589355,-9.033203
1690,-0.720215,-0.713379,0.082520,102.111816,71.166992,-22.766113
1691,-0.655762,-0.714844,0.068359,66.833496,89.355469,-42.114258
1692,-0.579102,-0.836914,0.022461,48.156738,98.571777,-47.973633
1693,-0.587402,-0.995117,-0.030762,36.132812,113.769531,-56.579590
1694,-0.572266,-1.142578,0.044434,17.028809,132.690430,-70.556641
1695,-0.412109,-1.324707,0.254883,-80.993652,139.221191,-78.552246
1696,-0.300781,-1.303711,0.209961,-136.230469,118.835449,-61.340332
1697,-0.280762,-1.310547,-0.243164,-170.410156,58.471680,-28.442383
1698,-0.304199,-1.277344,-0.399414,-140.686035,34.606934,-34.423828
1699,-0.247070,-1.117188,-0.444336,-97.717285,13.610840,-44.555664
1700,-0.113770,-0.842773,-0.228027,-39.550781,-35.583496,-46.691895
1701,-0.096191,-0.796875,-0.154297,-28.442383,-59.387207,-44.860840
1702,-0.080078,-0.735840,-0.162109,-25.207520,-79.101562,-47.424316
1703,-0.072266,-0.650391,-0.243164,-24.902344,-90.515137,-52.978516
1704,0.008301,-0.481445,-0.444336,-16.113281,-91.125488,-58.349609
1705,0.021484,-0.413574,-0.540527,-6.408691,-81.054688,-52.490234
1706,-0.028809,-0.338867,-0.672852,19.042969,-45.410156,-35.095215
1707,-0.063477,-0.276855,-0.614258,24.963379,-31.677246,-22.583008
1708,-0.115723,-0.246582,-0.596680,23.498535,-23.376465,-7.629395
1709,-0.206055,-0.262207,-0.589844,15.136719,-15.563965,5.249023
1710,-0.324707,-0.292480,-0.720703,-3.845215,4.882812,23.010254
1711,-0.349121,-0.343750,-0.744629,-3.051758,18.920898,34.790039
1712,-0.359375,-0.494629,-0.657227,-8.544922,39.428711,52.368164
1713,-0.344238,-0.574707,-0.618164,-13.427734,41.625977,54.504395
1714,-0.314941,-0.648438,-0.582031,-19.409180,37.292480,52.185059
1715,-0.236328,-0.812500,-0.609863,-34.179688,19.897461,42.236328
1716,-0.207520,-0.911621,-0.693848,-38.818359,12.023926,34.179688
1717,-0.186523,-0.988281,-0.803223,-38.024902,7.324219,25.451660
1718,-0.168457,-1.048828,-1.015625,-31.555176,11.718750,14.709473
1719,-0.182129,-0.999023,-1.097656,-31.799316,19.470215,17.150879
1720,-0.224121,-0.709961,-1.203125,-37.963867,40.771484,37.780762
1721,-0.250977,-0.687012,-1.206543,-36.865234,53.771973,45.104980
1722,-0.286133,-0.777832,-1.009277,-41.137695,55.969238,43.884277
1723,-0.299805,-0.926758,-0.815918,-68.115234,25.329590,19.042969
1724,-0.144531,-1.030273,-0.993164,-63.354492,16.235352,23.681641
1725,-0.148926,-1.144531,-1.002441,-54.443359,15.869141,37.536621
1726,-0.200195,-1.219238,-0.922363,-52.001953,19.592285,49.316406
1727,-0.279785,-1.236816,-0.812988,-54.199219,21.240234,52.673340
1728,-0.358887,-1.062988,-0.610352,-47.790527,17.150879,36.132812
1729,-0.362305,-0.950684,-0.528320,-40.710449,15.747070,26.977539
1730,-0.447266,-0.854492,-0.386719,-16.479492,5.371094,24.169922
1731,-0.482422,-0.832520,-0.351562,5.187988,-4.760742,26.062012
1732,-0.533203,-0.811523,-0.313965,33.996582,-14.770508,32.592773
1733,-0.736816,-0.923828,-0.168945,96.435547,-23.437500,41.076660
1734,-0.824707,-0.951172,-0.042969,104.370117,-23.620605,31.372070
1735,-0.859375,-0.936035,0.024902,93.017578,-23.315430,15.563965
1736,-0.721680,-0.744629,0.088379,37.414551,-23.498535,-31.738281
1737,-0.453613,-0.460449,-0.102051,-1.525879,-32.226562,-49.377441
1738,-0.378418,-0.383789,-0.142578,-6.225586,-37.414551,-44.860840
1739,-0.230957,-0.383789,-0.158691,-10.375977,-50.720215,-35.034180
1740,-0.003906,-0.599121,-0.905762,18.920898,-194.396973,-2.685547
1741,-0.056641,-0.664062,-1.193359,8.789062,-207.214355,8.728027
1742,-0.166504,-0.741211,-1.250488,-30.517578,-172.119141,13.793945
1743,-0.244141,-0.604492,-0.840332,-64.941406,-136.413574,19.470215
1744,-0.309082,-0.391602,-0.428223,-83.312988,-105.712891,34.118652
1745,-0.306641,-0.332031,-0.392578,-78.674316,-80.810547,32.775879
1746,-0.294434,-0.291504,-0.379395,-69.641113,-46.569824,26.855469
1747,-0.271973,-0.242676,-0.211914,-44.799805,17.150879,5.065918
1748,-0.278809,-0.238770,-0.122070,-26.855469,28.198242,-8.544922
1749,-0.310059,-0.226074,-0.066406,-8.789062,23.376465,-23.498535
1750,-0.455078,-0.234375,-0.186035,25.939941,-2.624512,-54.687500
1751,-0.496094,-0.216309,-0.276855,42.602539,-19.592285,-69.885254
1752,-0.505371,-0.207520,-0.412598,59.631348,-37.780762,-79.589844
1753,-0.463867,-0.214355,-0.597168,76.599121,-52.062988,-81.176758
1754,-0.393066,-0.421875,-1.153320,106.872559,-45.837402,-65.917969
1755,-0.388672,-0.721680,-1.527832,142.761230,-15.686035,-47.851562
1756,-0.499512,-1.582520,-1.971680,177.795410,27.526855,-44.006348
1757,-0.491211,-2.138672,-1.943359,177.612305,63.110352,-55.419922
1758,-1.097168,-1.449707,-0.145996,167.724609,-18.737793,33.081055
1759,-1.137695,-1.089844,0.113770,89.599609,-31.738281,24.780273
1760,-0.770020,-0.476074,-0.186523,-59.692383,-31.616211,10.192871
1761,-0.682617,-0.479980,-0.372070,-94.116211,-9.033203,14.099121
1762,-0.701660,-0.699219,-0.602539,-114.440918,12.695312,10.803223
1763,-0.712402,-0.865723,-0.809570,-102.966309,20.263672,6.652832
1764,-0.765625,-0.847656,-0.506836,96.130371,54.748535,9.521484
1765,-0.846191,-0.929199,-0.211914,150.451660,78.247070,4.638672
1766,-0.804199,-0.944336,0.042480,165.771484,100.952148,-15.136719
1767,-0.730469,-0.943848,0.071289,149.230957,107.849121,-20.202637
1768,-0.670410,-0.977539,0.123535,123.840332,114.746094,-24.230957
1769,-0.583984,-1.082520,0.318359,33.996582,124.145508,-35.278320
1770,-0.527832,-1.147949,0.364746,-30.151367,122.131348,-39.916992
1771,-0.491211,-1.216797,0.354492,-93.750000,112.915039,-43.884277
1772,-0.449707,-1.254883,0.304688,-149.780273,96.923828,-47.729492
1773,-0.355469,-1.164551,-0.044922,-205.322266,53.894043,-48.156738
1774,-0.328613,-1.142578,-0.242676,-190.856934,33.569336,-49.499512
1775,-0.283203,-1.037109,-0.341797,-115.661621,-13.183594,-65.551758
1776,-0.212402,-0.895996,-0.330078,-73.242188,-35.705566,-67.260742
1777,-0.131348,-0.772949,-0.246582,-40.649414,-56.518555,-60.058594
1778,-0.070312,-0.649902,-0.191895,-20.202637,-91.308594,-50.354004
1779,-0.076660,-0.602051,-0.239746,-18.981934,-99.609375,-52.978516
1780,-0.058105,-0.539062,-0.318359,-14.831543,-102.844238,-58.227539
1781,-0.001953,-0.408203,-0.474121,4.943848,-90.942383,-54.077148
1782,-0.000977,-0.365723,-0.537598,11.596680,-75.134277,-44.006348
1783,-0.017578,-0.330078,-0.599609,15.380859,-54.748535,-32.165527
1784,-0.100098,-0.240234,-0.689453,17.211914,-12.695312,-4.333496
1785,-0.171875,-0.211914,-0.710449,17.822266,0.793457,10.437012
1786,-0.234863,-0.209473,-0.742188,18.249512,10.192871,25.756836
1787,-0.315430,-0.357422,-0.810059,16.845703,30.395508,48.339844
1788,-0.316406,-0.461426,-0.772461,11.718750,41.809082,54.931641
1789,-0.302734,-0.555664,-0.717285,-3.601074,39.123535,54.748535
1790,-0.291504,-0.742676,-0.606445,-18.005371,25.817871,47.851562
1791,-0.276367,-0.818359,-0.643555,-35.766602,11.779785,39.062500
1792,-0.263184,-0.904785,-0.780762,-49.743652,2.563477,29.174805
1793,-0.233398,-1.050293,-1.066895,-51.513672,5.126953,9.582520
1794,-0.211914,-1.051270,-1.119141,-49.133301,14.526367,7.019043
1795,-0.223633,-1.030273,-1.150879,-49.926758,23.925781,11.901855
1796,-0.243652,-0.820801,-1.188965,-46.936035,50.781250,34.179688
1797,-0.236816,-0.788574,-1.021973,-46.020508,58.654785,39.062500
1798,-0.178711,-0.935547,-0.800781,-49.804688,40.710449,27.832031
1799,-0.148926,-0.972656,-0.846191,-46.264648,26.306152,28.747559
1800,-0.177246,-1.066895,-0.921875,-38.146973,18.676758,37.963867
1801,-0.217773,-1.160156,-0.932129,-33.142090,19.836426,49.316406
1802,-0.361816,-1.241699,-0.798340,-36.743164,27.221680,62.011719
1803,-0.427734,-1.207031,-0.762695,-33.325195,26.977539,59.814453
1804,-0.468262,-1.085449,-0.735840,-21.118164,28.564453,56.335449
1805,-0.525879,-0.867188,-0.594238,7.751465,38.513184,63.781738
1806,-0.599121,-0.840820,-0.480957,29.663086,38.146973,68.969727
1807,-0.666016,-0.832031,-0.358887,54.626465,30.395508,69.274902
1808,-0.734863,-0.803223,-0.282227,80.627441,20.141602,67.565918
1809,-0.853516,-0.765137,-0.061035,115.051270,2.807617,45.654297
1810,-0.854004,-0.723633,0.039551,109.008789,-4.943848,28.137207
1811,-0.833984,-0.663574,0.145020,86.669922,-13.916016,6.591797
1812,-0.597656,-0.455078,0.100098,15.686035,-31.799316,-36.437988
1813,-0.407227,-0.355469,-0.061035,-8.850098,-31.982422,-41.625977
1814,-0.308105,-0.325195,-0.163574,-28.076172,-28.259277,-32.531738
1815,-0.284180,-0.364258,-0.158691,-35.827637,-31.311035,-25.817871
1816,-0.195801,-0.449707,-0.203125,-39.978027,-50.537109,-18.981934
1817,0.016113,-0.545898,-0.617676,-14.831543,-116.760254,-3.417969
1818,-0.020020,-0.708984,-1.034668,19.836426,-178.405762,19.592285
1819,-0.097168,-0.742188,-1.026367,-20.629883,-149.719238,24.291992
1820,-0.155762,-0.606445,-0.714355,-49.560547,-123.291016,28.930664
1821,-0.253906,-0.424805,-0.399902,-65.856934,-97.290039,35.766602
1822,-0.274414,-0.395020,-0.417969,-61.645508,-74.768066,26.428223
1823,-0.283203,-0.355957,-0.404785,-50.964355,-42.907715,14.160156
1824,-0.309082,-0.331543,-0.230957,-20.568848,7.507324,-15.258789
1825,-0.322754,-0.283691,-0.149902,-5.737305,10.559082,-29.663086
1826,-0.382812,-0.273438,-0.157227,7.812500,4.150391,-41.259766
1827,-0.455566,-0.293945,-0.213379,21.423340,-6.958008,-53.955078
1828,-0.473145,-0.315430,-0.430176,49.682617,-35.827637,-77.697754
1829,-0.424316,-0.370117,-0.626953,60.546875,-41.503906,-77.209473
1830,-0.347656,-0.484375,-0.959473,71.899414,-39.733887,-74.401855
1831,-0.149414,-1.164062,-2.083496,160.217285,5.371094,-47.851562
1832,-0.253418,-2.208008,-2.510742,166.687012,65.185547,-66.345215
1833,-0.398438,-1.807129,-0.945801,171.630859,53.039551,-57.678223
1834,-1.140137,-1.170898,0.119629,94.177246,-33.508301,3.479004
1835,-1.142090,-0.846680,0.171875,27.160645,-38.146973,-4.638672
1836,-0.949219,-0.434570,-0.024414,-55.541992,-15.869141,0.000000
1837,-0.875000,-0.504395,-0.147461,-62.316895,-2.990723,6.835938
1838,-0.883789,-0.735352,-0.347168,-60.729980,-14.221191,17.089844
1839,-0.899414,-0.987793,-0.851562,-22.338867,-27.465820,25.695801
1840,-0.961914,-0.979492,-0.482910,103.698730,38.879395,22.705078
1841,-0.928711,-0.998047,-0.267578,105.590820,71.044922,10.803223
1842,-0.852539,-0.978516,-0.138184,92.041016,93.078613,-4.272461
1843,-0.652832,-0.919922,0.006348,63.598633,113.403320,-24.047852
1844,-0.586426,-0.944824,0.071777,49.621582,115.295410,-29.602051
1845,-0.522461,-1.008789,0.128418,28.991699,115.600586,-36.682129
1846,-0.413574,-1.136719,0.272949,-62.377930,115.722656,-58.166504
1847,-0.380371,-1.169434,0.292480,-130.065918,109.191895,-65.063477
1848,-0.340820,-1.134766,0.183594,-194.641113,97.106934,-64.941406
1849,-0.323730,-1.037109,-0.281250,-238.830566,65.979004,-50.109863
1850,-0.333984,-1.000977,-0.492188,-198.852539,51.879883,-44.128418
1851,-0.344727,-0.995605,-0.530762,-134.948730,32.226562,-40.466309
1852,-0.230469,-0.890625,-0.240234,-20.080566,-26.794434,-38.513184
1853,-0.162109,-0.835938,-0.163574,-0.732422,-59.814453,-38.085938
1854,-0.128906,-0.735840,-0.187988,-2.136230,-79.711914,-38.696289
1855,-0.115723,-0.647461,-0.221680,-13.183594,-86.791992,-40.344238
1856,-0.083984,-0.485352,-0.320312,-16.479492,-86.059570,-49.255371
1857,-0.063477,-0.428711,-0.393066,-2.197266,-81.420898,-51.147461
1858,-0.046387,-0.382324,-0.469238,20.996094,-69.885254,-50.964355
1859,0.029297,-0.273926,-0.458984,50.537109,-47.058105,-27.893066
1860,0.004395,-0.278809,-0.496582,52.368164,-33.508301,-7.629395
1861,-0.054199,-0.305176,-0.549805,47.973633,-16.723633,12.451172
1862,-0.181641,-0.364258,-0.634766,36.193848,20.263672,42.114258
1863,-0.228516,-0.378418,-0.640137,29.785156,34.240723,52.856445
1864,-0.272949,-0.393555,-0.723633,24.414062,43.273926,62.255859
1865,-0.318359,-0.485840,-0.780762,25.878906,48.034668,66.223145
1866,-0.288086,-0.660156,-0.708008,21.789551,29.724121,54.809570
1867,-0.232910,-0.740234,-0.739258,3.784180,16.296387,45.715332
1868,-0.186035,-0.820312,-0.843262,-17.822266,7.568359,35.034180
1869,-0.123535,-1.005371,-1.127441,-40.954590,6.652832,15.563965
1870,-0.109863,-1.078125,-1.159180,-44.738770,13.000488,7.202148
1871,-0.117188,-1.067871,-1.141113,-50.903320,18.188477,3.601074
1872,-0.183105,-0.758301,-1.154785,-55.480957,24.108887,18.188477
1873,-0.218750,-0.743164,-1.083496,-50.354004,34.057617,25.451660
1874,-0.196777,-0.869629,-0.767578,-47.973633,26.306152,22.155762
1875,-0.162109,-0.982910,-0.834961,-51.147461,16.235352,19.897461
1876,-0.141113,-1.022949,-0.865234,-54.382324,15.625000,26.306152
1877,-0.172363,-1.086426,-0.868652,-75.683594,31.555176,50.964355
1878,-0.353027,-1.213867,-0.829590,-81.787109,35.705566,53.283691
1879,-0.424316,-1.181641,-0.813965,-76.416016,35.888672,55.236816
1880,-0.497559,-1.126953,-0.796875,-56.579590,34.729004,54.443359
1881,-0.610352,-1.000000,-0.658691,-5.981445,41.503906,58.715820
1882,-0.659180,-0.965820,-0.544922,17.333984,41.320801,63.781738
1883,-0.830078,-0.932129,-0.346191,80.688477,30.456543,69.274902
1884,-0.936035,-0.934570,-0.224121,110.046387,21.362305,63.781738
1885,-0.986328,-0.919434,-0.113281,127.929688,12.023926,48.583984
1886,-0.912109,-0.789062,0.143066,98.144531,-7.446289,3.356934
1887,-0.804688,-0.662598,0.193359,53.405762,-21.179199,-21.606445
1888,-0.476074,-0.346680,-0.064941,-19.104004,-40.222168,-45.898438
1889,-0.389648,-0.288574,-0.146484,-29.907227,-40.222168,-39.306641
1890,-0.336914,-0.256836,-0.173340,-36.499023,-38.024902,-31.372070
1891,-0.176758,-0.349121,-0.287109,-36.743164,-38.513184,-22.644043
1892,0.170410,-0.417480,-0.643555,-10.253906,-89.477539,-9.216309
1893,0.243164,-0.554199,-1.005371,45.959473,-146.118164,7.202148
1894,0.192383,-0.655273,-1.166992,49.987793,-155.090332,14.526367
1895,-0.023438,-0.492676,-0.620605,-4.150391,-111.389160,23.315430
1896,-0.082031,-0.386719,-0.404297,-18.249512,-102.233887,37.109375
1897,-0.167969,-0.379395,-0.309570,-24.658203,-90.209961,43.457031
1898,-0.240723,-0.347656,-0.229492,-24.963379,-42.480469,28.442383
1899,-0.275879,-0.329590,-0.145020,-20.812988,-16.479492,16.113281
1900,-0.314941,-0.313965,-0.053223,-15.625000,0.305176,1.037598
1901,-0.430176,-0.312988,-0.012695,-2.502441,0.000000,-36.437988
1902,-0.505371,-0.335938,-0.058594,2.868652,-12.145996,-59.570312
1903,-0.548340,-0.328613,-0.140625,8.361816,-30.090332,-83.862305
1904,-0.497070,-0.294922,-0.459473,9.033203,-58.898926,-100.280762
1905,-0.393066,-0.382812,-0.781250,10.498047,-66.589355,-89.965820
1906,-0.263672,-0.562988,-1.370117,45.166016,-74.340820,-66.650391
1907,-0.206055,-2.027344,-3.328613,163.818359,-39.306641,-31.311035
1908,-0.516113,-2.216797,-2.144043,181.335449,29.296875,-30.395508
1909,-0.895996,-1.734863,-0.449707,172.668457,5.065918,2.075195
1910,-1.084961,-1.383301,0.003906,124.816895,-17.639160,-0.915527
1911,-0.984375,-0.626465,0.082520,-8.911133,-12.939453,-12.390137
1912,-0.856934,-0.479980,-0.024902,-41.687012,-3.601074,-2.319336
1913,-0.845215,-0.828613,-0.272461,-51.574707,-4.028320,23.315430
1914,-0.870117,-1.018066,-0.719238,-3.540039,-16.174316,27.404785
1915,-0.931152,-0.972168,-0.596680,78.125000,13.671875,29.235840
1916,-0.992676,-0.983887,-0.334961,127.746582,51.269531,28.503418
1917,-0.910156,-0.932617,-0.007812,141.052246,92.590332,8.239746
1918,-0.811035,-0.891602,0.068848,125.427246,102.844238,-4.577637
1919,-0.715820,-0.877441,0.115234,101.379395,109.497070,-16.174316
1920,-0.635254,-0.885254,0.162109,68.054199,116.760254,-26.611328
1921,-0.499512,-1.000488,0.304199,-45.837402,125.061035,-42.297363
1922,-0.469238,-1.105469,0.270020,-113.220215,123.779297,-47.729492
1923,-0.440918,-1.181641,0.155273,-223.937988,103.942871,-62.255859
1924,-0.413574,-1.088379,-0.070801,-246.154785,86.853027,-59.814453
1925,-0.392090,-1.049316,-0.347656,-225.891113,68.908691,-50.903320
1926,-0.301758,-0.957520,-0.537598,-97.473145,27.709961,-32.409668
1927,-0.226562,-0.900879,-0.408691,-37.658691,5.004883,-29.235840
1928,-0.137207,-0.828125,-0.253906,-4.394531,-20.263672,-24.169922
1929,-0.084473,-0.717285,-0.088867,3.784180,-65.307617,-22.399902
1930,-0.093750,-0.637695,-0.115234,-7.568359,-80.139160,-28.686523
1931,-0.099609,-0.551758,-0.167480,-14.648438,-88.562012,-37.414551
1932,-0.053223,-0.416992,-0.250977,-12.512207,-95.581055,-46.081543
1933,-0.051270,-0.395996,-0.306152,-7.690430,-92.529297,-44.067383
1934,-0.054199,-0.396484,-0.367676,-1.159668,-84.716797,-41.015625
1935,-0.053711,-0.407227,-0.427734,3.051758,-73.120117,-36.804199
1936,-0.051270,-0.388184,-0.617188,9.643555,-39.001465,-20.874023
1937,-0.037598,-0.312988,-0.706543,18.798828,-17.395020,-5.432129
1938,-0.026855,-0.255371,-0.785156,29.541016,5.126953,18.066406
1939,-0.160156,-0.328613,-0.894043,43.518066,50.659180,68.664551
1940,-0.258789,-0.468750,-0.827637,48.950195,54.016113,76.293945
1941,-0.298340,-0.560547,-0.762207,46.447754,40.161133,70.983887
1942,-0.316895,-0.706543,-0.781738,-5.859375,1.831055,43.457031
1943,-0.309082,-0.791016,-0.927246,-41.625977,-5.981445,26.855469
1944,-0.291504,-0.916992,-1.149414,-61.706543,-3.723145,10.009766
1945,-0.213379,-1.041992,-1.273438,-62.622070,20.019531,-9.399414
1946,-0.207031,-1.017090,-1.193848,-65.856934,26.733398,-2.136230
1947,-0.205078,-0.847168,-1.134277,-69.091797,28.076172,13.732910
1948,-0.203125,-0.831543,-1.004395,-56.579590,45.227051,40.588379
1949,-0.155762,-0.935059,-0.886719,-53.955078,49.499512,44.616699
1950,-0.125488,-1.090332,-0.840332,-57.922363,51.757812,47.241211
1951,-0.117676,-1.219727,-0.909668,-67.321777,56.884766,51.818848
1952,-0.264160,-1.400879,-0.875977,-76.354980,57.495117,54.382324
1953,-0.345703,-1.376953,-0.856445,-72.631836,49.194336,50.231934
1954,-0.475098,-1.221680,-0.773438,-26.245117,33.630371,42.663574
1955,-0.538086,-1.143555,-0.700684,3.173828,27.893066,46.752930
1956,-0.637695,-1.097168,-0.570801,28.381348,24.597168,53.833008
1957,-0.791504,-0.980957,-0.333984,81.359863,12.573242,62.683105
1958,-0.919922,-0.987305,-0.171387,110.473633,4.943848,53.405762
1959,-0.991211,-0.958984,-0.053223,125.366211,-3.417969,32.348633
1960,-0.909668,-0.761719,0.145020,92.834473,-8.728027,-18.676758
1961,-0.795410,-0.623047,0.208984,50.170898,-13.916016,-41.564941
1962,-0.534180,-0.344727,0.019531,-22.338867,-29.663086,-63.293457
1963,-0.431641,-0.266113,-0.099609,-35.949707,-30.029297,-57.312012
1964,-0.363770,-0.201660,-0.196289,-41.259766,-25.207520,-48.095703
1965,-0.321777,-0.186523,-0.211426,-42.968750,-15.991211,-26.550293
1966,-0.215332,-0.252441,-0.236816,-38.635254,-21.545410,-19.165039
1967,0.078613,-0.314453,-0.262695,-23.315430,-74.279785,-7.446289
1968,0.132812,-0.500977,-0.991699,43.212891,-186.096191,14.465332
1969,0.104980,-0.613770,-1.136719,35.278320,-165.466309,20.385742
1970,0.010254,-0.615234,-0.986328,21.667480,-126.892090,22.949219
1971,-0.211914,-0.498047,-0.416992,8.911133,-73.120117,27.832031
1972,-0.248047,-0.446289,-0.261719,2.868652,-53.527832,20.568848
1973,-0.285156,-0.422852,-0.185059,0.061035,-33.447266,10.314941
1974,-0.394531,-0.362305,0.006348,4.089355,-7.446289,-21.545410
1975,-0.475098,-0.319336,0.076172,5.493164,-9.704590,-40.710449
1976,-0.555664,-0.296875,0.076660,2.929688,-21.728516,-57.678223
1977,-0.548340,-0.250000,-0.087891,-5.737305,-54.382324,-77.941895
1978,-0.408691,-0.256836,-0.320801,-8.544922,-66.040039,-77.026367
1979,-0.215820,-0.318848,-0.788086,4.943848,-72.814941,-68.725586
1980,0.003418,-0.468262,-1.591797,71.960449,-77.087402,-50.659180
1981,-0.249512,-2.214355,-2.956543,203.247070,19.287109,-51.940918
1982,-0.750000,-1.623535,-0.769531,176.940918,-9.155273,-26.550293
1983,-1.120117,-1.634766,-0.035645,132.690430,-50.781250,-4.333496
1984,-1.093262,-1.054688,-0.166016,-48.461914,-23.132324,-35.095215
1985,-0.999512,-0.815430,-0.247070,-100.280762,16.784668,-36.254883
1986,-0.988770,-0.787598,-0.316406,-120.544434,45.166016,-28.686523
1987,-0.950684,-0.942383,-0.431152,-48.278809,21.789551,19.104004
1988,-0.973633,-0.973633,-0.694336,48.706055,52.490234,43.029785
1989,-1.066895,-0.995605,-0.367188,104.431152,87.951660,52.917480
1990,-0.974609,-0.862305,0.026855,136.352539,113.403320,37.109375
1991,-0.885254,-0.811523,0.106934,126.403809,115.295410,24.108887
1992,-0.797363,-0.801758,0.166016,104.309082,116.577148,10.498047
1993,-0.720215,-0.834961,0.223633,73.608398,116.516113,-1.831055
1994,-0.627930,-0.883789,0.302734,32.775879,112.854004,-11.657715
1995,-0.491211,-1.122070,0.350586,-76.904297,98.449707,-28.930664
1996,-0.443848,-1.193359,0.358887,-136.718750,84.045410,-39.184570
1997,-0.415039,-1.158691,0.270508,-195.678711,66.284180,-45.166016
1998,-0.426270,-1.015137,-0.092285,-260.375977,32.043457,-50.476074
1999,-0.440918,-0.953125,-0.326660,-238.830566,12.695312,-54.321289
2000,-0.349609,-0.856445,-0.552734,-103.698730,-33.691406,-56.762695
2001,-0.294922,-0.815918,-0.519043,-35.644531,-45.654297,-46.752930
2002,-0.230957,-0.783691,-0.433594,8.300781,-53.344727,-37.536621
2003,-0.171875,-0.746094,-0.322266,24.963379,-57.617188,-32.775879
2004,-0.096191,-0.683105,-0.239746,15.197754,-65.307617,-40.100098
2005,-0.073730,-0.616699,-0.247070,8.361816,-70.556641,-46.447754
2006,-0.042480,-0.533691,-0.300293,4.882812,-75.012207,-50.781250
2007,-0.011230,-0.403320,-0.541992,19.897461,-66.223145,-49.743652
2008,0.018555,-0.329590,-0.617188,39.184570,-51.696777,-44.128418
2009,0.062012,-0.253418,-0.613770,57.983398,-37.414551,-30.944824
2010,0.077637,-0.216797,-0.665527,69.763184,-9.521484,17.822266
2011,0.010254,-0.270508,-0.698242,63.842773,8.850098,40.466309
2012,-0.050781,-0.299316,-0.733887,51.208496,28.137207,55.908203
2013,-0.138184,-0.370605,-0.810059,42.907715,44.006348,65.917969
2014,-0.236816,-0.600586,-0.643555,46.020508,25.695801,57.556152
2015,-0.268555,-0.683105,-0.609863,30.212402,0.427246,46.020508
2016,-0.286621,-0.736328,-0.680664,-0.854492,-15.014648,31.799316
2017,-0.288574,-0.863770,-1.025391,-53.833008,-19.409180,0.610352
2018,-0.271484,-0.949219,-1.162598,-56.335449,-12.878418,-8.544922
2019,-0.276367,-1.047852,-1.246094,-56.152344,-0.854492,-11.413574
2020,-0.289062,-1.020020,-1.299316,-65.734863,29.968262,5.676270
2021,-0.284180,-0.831055,-1.333984,-64.575195,49.499512,28.015137
2022,-0.232422,-0.753418,-1.217285,-54.016113,69.274902,48.889160
2023,-0.192383,-0.773438,-1.016113,-42.419434,80.566406,59.509277
2024,-0.108398,-0.958984,-0.762207,-35.644531,82.031250,63.171387
2025,-0.129883,-1.063965,-0.764648,-46.142578,78.552246,69.885254
2026,-0.225586,-1.192383,-0.840820,-61.401367,78.674316,77.514648
2027,-0.404297,-1.306152,-0.827148,-74.279785,71.533203,71.289062
2028,-0.471191,-1.233398,-0.788086,-60.729980,59.631348,62.866211
2029,-0.524902,-1.122070,-0.773438,-34.057617,48.217773,55.236816
2030,-0.604492,-0.999512,-0.591797,19.470215,34.851074,52.978516
2031,-0.656250,-0.976074,-0.492188,39.306641,26.672363,53.161621
2032,-0.734375,-0.941406,-0.411621,58.349609,19.104004,53.466797
2033,-0.841309,-0.913574,-0.336426,80.627441,12.268066,53.649902
2034,-0.944824,-0.822266,-0.094238,121.948242,-1.770020,31.005859
2035,-0.910156,-0.738770,0.040527,119.812012,-9.765625,12.695312
2036,-0.854980,-0.647949,0.152344,96.923828,-18.859863,-8.361816
2037,-0.644043,-0.378418,0.125488,23.925781,-37.780762,-39.245605
2038,-0.493652,-0.254395,-0.026367,-1.525879,-40.771484,-41.381836
2039,-0.398438,-0.166504,-0.105957,-10.925293,-37.475586,-29.846191
2040,-0.312012,-0.198242,-0.132324,-20.385742,-26.123047,-7.995605
2041,-0.270020,-0.245605,-0.099609,-26.245117,-23.559570,-4.760742
2042,-0.188477,-0.296875,-0.074707,-34.057617,-33.508301,-4.577637
2043,0.054688,-0.404297,-0.191406,-28.320312,-91.308594,2.319336
2044,0.019531,-0.795410,-1.186035,21.423340,-205.017090,15.258789
2045,0.007812,-0.733398,-1.243164,-1.037598,-170.532227,14.526367
2046,-0.073242,-0.538086,-0.905762,-9.399414,-130.737305,26.184082
2047,-0.252441,-0.449219,-0.443359,-22.888184,-74.401855,33.081055
2048,-0.284180,-0.424316,-0.345703,-27.343750,-44.921875,21.606445
2049,-0.333496,-0.414062,-0.259766,-28.259277,-14.282227,6.591797
2050,-0.381836,-0.395020,-0.176758,-24.597168,8.789062,-12.207031
2051,-0.508789,-0.330078,-0.079590,-9.277344,11.901855,-46.325684
2052,-0.592773,-0.338379,-0.088867,-3.784180,-2.685547,-61.523438
2053,-0.618652,-0.325195,-0.152344,0.427246,-21.240234,-73.608398
2054,-0.417969,-0.386719,-0.620117,12.817383,-49.499512,-75.195312
2055,-0.261719,-0.513184,-1.199707,46.630859,-58.288574,-63.720703
2056,-0.109863,-0.797852,-2.041504,128.051758,-55.114746,-45.227051
2057,-0.045898,-1.862305,-3.277344,192.687988,-8.972168,-41.137695
2058,-0.708984,-1.544922,-0.382812,196.166992,21.057129,-24.230957
2059,-0.911621,-1.347168,0.131836,134.765625,-16.906738,-13.488770
2060,-0.980957,-1.035156,0.124023,55.358887,-33.752441,-21.118164
2061,-0.936523,-0.568848,0.020996,-53.833008,10.375977,-22.583008
2062,-0.941406,-0.557129,0.023438,-71.533203,33.752441,-18.493652
2063,-0.973145,-0.698730,-0.045898,-70.251465,25.817871,-3.051758
2064,-1.114746,-1.002930,-0.524414,51.574707,3.967285,37.658691
2065,-1.113770,-1.071289,-0.394531,95.581055,35.888672,37.475586
2066,-1.003418,-1.032715,-0.273926,109.680176,63.720703,27.038574
2067,-0.866699,-0.975586,-0.182617,108.886719,83.129883,17.089844
2068,-0.707520,-0.935547,0.022949,88.195801,103.027344,-5.004883
2069,-0.629395,-0.942871,0.113281,62.744141,105.895996,-18.249512
2070,-0.567383,-1.001465,0.203125,21.728516,106.567383,-32.531738
2071,-0.432617,-1.206055,0.301758,-95.458984,101.745605,-65.185547
2072,-0.407715,-1.244629,0.294922,-165.222168,93.505859,-79.895020
2073,-0.360840,-1.142090,0.146484,-231.079102,84.411621,-83.068848
2074,-0.328125,-1.023926,-0.125488,-270.446777,76.965332,-71.594238
2075,-0.352051,-0.911621,-0.587402,-207.763672,61.706543,-48.461914
2076,-0.325195,-0.893555,-0.598145,-126.770020,39.916992,-39.367676
2077,-0.231445,-0.837402,-0.459961,-53.588867,13.244629,-28.686523
2078,-0.154297,-0.790039,-0.177246,13.000488,-39.978027,-12.451172
2079,-0.164551,-0.746094,-0.154297,8.911133,-58.044434,-17.456055
2080,-0.152344,-0.642578,-0.202637,-3.356934,-65.429688,-26.733398
2081,-0.104492,-0.462402,-0.264648,-18.127441,-69.702148,-40.222168
2082,-0.070312,-0.398926,-0.304688,-14.831543,-69.396973,-41.809082
2083,-0.049805,-0.367188,-0.362305,-5.249023,-66.894531,-39.550781
2084,-0.026855,-0.333496,-0.504395,33.996582,-43.640137,-33.264160
2085,0.007324,-0.296387,-0.451172,42.785645,-33.081055,-19.226074
2086,-0.012207,-0.299316,-0.479980,40.222168,-24.108887,-0.549316
2087,-0.128418,-0.375488,-0.651855,34.545898,5.126953,33.203125
2088,-0.168945,-0.387207,-0.653320,32.287598,20.874023,43.151855
2089,-0.194336,-0.388672,-0.677246,28.076172,33.996582,53.405762
2090,-0.226562,-0.429688,-0.742188,25.207520,44.555664,65.368652
2091,-0.346191,-0.685547,-0.653809,23.315430,40.405273,67.199707
2092,-0.367188,-0.756348,-0.650391,11.962891,27.160645,54.138184
2093,-0.353027,-0.793945,-0.729980,-6.713867,15.136719,38.513184
2094,-0.283203,-0.929688,-1.147461,-32.043457,8.422852,10.131836
2095,-0.208984,-1.013184,-1.363281,-27.282715,17.944336,3.784180
2096,-0.132324,-1.017578,-1.378906,-24.047852,31.494141,5.310059
2097,-0.150391,-0.920410,-1.107910,-48.034668,36.987305,26.550293
2098,-0.199219,-0.738770,-1.107910,-49.072266,33.264160,33.142090
2099,-0.190430,-0.715332,-1.000000,-47.302246,35.583496,34.729004
2100,-0.129395,-0.887695,-0.828613,-42.968750,28.442383,28.808594
2101,-0.116699,-1.040039,-0.814453,-41.320801,24.230957,27.648926
2102,-0.131348,-1.101562,-0.832520,-46.936035,23.498535,33.874512
2103,-0.206055,-1.162598,-0.893555,-54.931641,30.700684,45.166016
2104,-0.326660,-1.184570,-0.801270,-58.349609,45.898438,56.457520
2105,-0.381836,-1.136719,-0.736816,-46.508789,46.020508,58.837891
2106,-0.428711,-1.062988,-0.679688,-27.893066,45.349121,59.997559
2107,-0.516113,-0.963867,-0.519043,8.300781,45.227051,64.453125
2108,-0.594238,-0.957031,-0.426270,27.099609,39.245605,66.528320
2109,-0.671875,-0.934082,-0.377930,52.246094,29.052734,67.382812
2110,-0.892090,-0.895508,-0.207520,108.947754,6.652832,59.143066
2111,-0.945312,-0.867188,-0.085449,121.276855,-2.014160,43.457031
2112,-0.941895,-0.799805,0.057129,113.708496,-12.451172,22.827148
2113,-0.783691,-0.595703,0.171875,47.485352,-37.658691,-26.062012
2114,-0.666992,-0.474609,0.125977,7.080078,-49.621582,-44.494629
2115,-0.420898,-0.250488,-0.147461,-38.330078,-51.574707,-43.151855
2116,-0.368652,-0.236816,-0.217285,-44.311523,-42.480469,-31.799316
2117,-0.319824,-0.270996,-0.241211,-46.752930,-33.264160,-22.521973
2118,0.041992,-0.439453,-0.279785,-38.024902,-88.684082,-8.422852
2119,0.037109,-0.665527,-1.000488,2.746582,-181.762695,5.859375
2120,0.025879,-0.780762,-1.401855,-6.958008,-186.096191,4.089355
2121,-0.014648,-0.604004,-1.140625,-36.376953,-144.470215,7.629395
2122,-0.124023,-0.397949,-0.540039,-54.626465,-95.275879,33.142090
2123,-0.177246,-0.388672,-0.429199,-54.992676,-76.660156,30.456543
2124,-0.201172,-0.377441,-0.404785,-46.752930,-50.170898,20.446777
2125,-0.219238,-0.353027,-0.331055,-34.240723,-20.385742,6.347656
2126,-0.255371,-0.286621,-0.149414,-13.610840,7.629395,-24.108887
2127,-0.325684,-0.298340,-0.186523,-5.065918,4.455566,-37.658691
2128,-0.404785,-0.316406,-0.262695,7.812500,-5.798340,-53.405762
2129,-0.425293,-0.362793,-0.461426,36.621094,-35.522461,-82.946777
2130,-0.368652,-0.413086,-0.596191,42.968750,-46.813965,-88.623047
2131,-0.268066,-0.483398,-0.893066,49.621582,-55.664062,-85.632324
2132,-0.170410,-0.594238,-1.402344,144.775391,-27.893066,-41.992188
2133,-0.188965,-1.780273,-2.245117,173.278809,19.714355,-38.208008
2134,-0.314941,-2.193359,-1.683105,185.363770,43.212891,-51.513672
2135,-0.821289,-1.648438,-0.338867,197.998047,-1.403809,-20.629883
2136,-1.162598,-1.051758,0.134277,63.537598,-25.817871,-22.277832
2137,-1.065918,-0.668457,0.207031,-8.911133,-20.690918,-26.062012
2138,-1.024902,-0.442871,0.181641,-65.551758,-17.395020,-20.568848
2139,-0.932129,-0.389160,-0.083496,-107.543945,-27.404785,10.192871
2140,-0.913086,-0.613281,-0.352051,-98.388672,-64.697266,40.588379
2141,-0.924316,-0.937500,-1.111816,-45.776367,-63.354492,55.419922
2142,-0.879395,-0.960449,-0.706055,78.552246,64.819336,30.517578
2143,-0.796387,-0.941406,-0.439941,96.191406,107.116699,15.686035
2144,-0.715332,-0.925781,-0.227539,100.219727,129.638672,2.502441
2145,-0.646973,-0.909180,-0.089355,94.299316,139.099121,-7.080078
2146,-0.538574,-0.941406,0.078613,56.762695,141.296387,-23.498535
2147,-0.472168,-0.974609,0.132324,17.822266,141.662598,-32.714844
2148,-0.423828,-1.026367,0.203613,-34.118652,140.991211,-39.550781
2149,-0.406250,-1.208008,0.199707,-143.615723,113.586426,-53.649902
2150,-0.386719,-1.168945,0.033203,-179.870605,89.294434,-53.527832
2151,-0.374512,-1.135742,-0.202148,-185.363770,66.284180,-48.583984
2152,-0.369141,-1.098145,-0.409180,-151.672363,44.494629,-41.198730
2153,-0.293457,-1.007324,-0.342285,-36.376953,-9.826660,-22.460938
2154,-0.231934,-0.956055,-0.185547,-0.671387,-35.217285,-16.662598
2155,-0.205078,-0.914551,-0.073730,13.427734,-58.654785,-16.479492
2156,-0.203613,-0.761230,-0.026855,-0.122070,-94.360352,-34.362793
2157,-0.196289,-0.652344,-0.103027,-11.657715,-100.830078,-45.166016
2158,-0.170410,-0.575195,-0.172852,-15.319824,-102.294922,-53.649902
2159,-0.138672,-0.512207,-0.212891,-12.939453,-100.769043,-58.288574
2160,-0.103516,-0.464844,-0.293457,-8.911133,-89.721680,-57.678223
2161,-0.088867,-0.458984,-0.370605,-7.019043,-80.505371,-55.236816
2162,-0.074707,-0.446777,-0.452637,-3.906250,-67.932129,-51.086426
2163,-0.069336,-0.375000,-0.719238,10.253906,-29.418945,-28.930664
2164,-0.062012,-0.292480,-0.816406,28.930664,-4.394531,-6.408691
2165,-0.093262,-0.224609,-0.884277,51.086426,16.113281,23.376465
2166,-0.315430,-0.368164,-0.960938,83.007812,44.677734,76.965332
2167,-0.387695,-0.484863,-0.857910,86.547852,44.555664,82.702637
2168,-0.382324,-0.553223,-0.762207,72.937012,32.653809,77.514648
2169,-0.348633,-0.615234,-0.744141,37.902832,19.042969,67.382812
2170,-0.268555,-0.772461,-0.933594,-37.841797,8.728027,36.437988
2171,-0.182617,-0.876953,-1.078613,-56.579590,11.291504,22.583008
2172,-0.142090,-1.017090,-1.182617,-62.927246,18.493652,11.657715
2173,-0.091797,-1.047363,-1.123047,-67.749023,35.461426,5.371094
2174,-0.118164,-0.990723,-1.033203,-70.678711,36.804199,14.831543
2175,-0.168945,-0.915039,-1.007324,-66.894531,37.780762,23.559570
2176,-0.120117,-0.821777,-0.816895,-53.894043,45.471191,26.611328
2177,-0.100586,-0.879395,-0.763672,-45.043945,40.039062,26.000977
2178,-0.087402,-0.965820,-0.782715,-37.109375,32.287598,25.207520
2179,-0.177246,-1.110840,-0.878906,-33.691406,31.494141,41.442871
2180,-0.272949,-1.218262,-0.900879,-39.245605,39.245605,51.696777
2181,-0.355469,-1.289062,-0.874512,-43.212891,45.166016,56.640625
2182,-0.409668,-1.291016,-0.801270,-41.870117,44.616699,58.044434
2183,-0.501465,-1.097656,-0.693359,-16.967773,36.743164,53.466797
2184,-0.515137,-0.986816,-0.605957,-8.117676,40.222168,54.077148
2185,-0.577637,-0.871582,-0.432129,12.145996,35.522461,53.283691
2186,-0.638672,-0.835938,-0.358887,29.968262,25.817871,49.072266
2187,-0.705078,-0.793945,-0.282715,50.048828,13.122559,43.334961
2188,-0.793457,-0.774902,-0.229492,83.496094,-7.995605,24.841309
2189,-0.883301,-0.769043,-0.019043,81.787109,-18.493652,8.728027
2190,-0.868652,-0.739746,0.062988,33.325195,-41.870117,-31.677246
2191,-0.701172,-0.528320,0.015137,1.098633,-49.316406,-45.593262
2192,-0.538574,-0.414551,-0.122070,-20.874023,-50.537109,-46.875000
2193,-0.462891,-0.353516,-0.190430,-31.616211,-46.325684,-42.114258
2194,-0.391602,-0.312012,-0.225098,-33.813477,-40.222168,-35.400391
2195,-0.111816,-0.364746,-0.198242,-22.338867,-52.795410,-22.827148
2196,0.061035,-0.503418,-0.760742,27.648926,-148.132324,-1.281738
2197,0.026855,-0.594238,-0.914551,45.288086,-197.326660,7.995605
2198,-0.050781,-0.623535,-1.003418,-10.314941,-144.042969,24.047852
2199,-0.087891,-0.500000,-0.686035,-34.729004,-109.069824,29.296875
2200,-0.105957,-0.408691,-0.495117,-44.494629,-86.914062,37.597656
2201,-0.173828,-0.337891,-0.373047,-36.682129,-33.020020,30.944824
2202,-0.204590,-0.319824,-0.305176,-24.719238,-3.417969,21.057129
2203,-0.248535,-0.323242,-0.202637,-10.437012,18.554688,8.117676
2204,-0.308105,-0.339844,-0.094727,1.953125,27.587891,-7.934570
2205,-0.469238,-0.389648,-0.053223,14.160156,17.944336,-42.358398
2206,-0.568848,-0.423340,-0.084961,15.075684,2.868652,-61.096191
2207,-0.609375,-0.419922,-0.305176,7.873535,-34.240723,-93.139648
2208,-0.562500,-0.435547,-0.484863,1.220703,-45.776367,-95.642090
2209,-0.478027,-0.481934,-0.719727,-7.141113,-52.978516,-91.064453
2210,-0.366211,-0.582031,-1.082031,2.990723,-58.410645,-75.500488
2211,-0.270996,-1.385254,-2.197754,97.290039,-63.537598,-27.526855
2212,-0.458984,-1.971680,-2.207520,149.597168,-33.081055,-16.052246
2213,-0.916992,-1.612793,-0.777832,168.579102,-18.249512,1.831055
2214,-1.007324,-1.289062,-0.339844,133.178711,-14.892578,-1.037598
2215,-0.995117,-0.695801,-0.225098,39.978027,-18.310547,10.437012
2216,-0.973145,-0.664551,-0.328613,6.286621,-7.751465,22.888184
2217,-1.023438,-0.840332,-0.518555,-21.057129,7.080078,30.334473
2218,-0.881836,-0.916016,-0.624023,10.253906,62.194824,16.845703
2219,-0.828125,-0.888184,-0.410645,53.222656,91.369629,12.939453
2220,-0.764648,-0.879883,-0.240234,73.974609,115.600586,6.896973
2221,-0.667969,-0.791504,0.043457,66.833496,142.456055,-3.356934
2222,-0.655273,-0.782715,0.109375,53.344727,139.221191,-7.324219
2223,-0.620117,-0.794922,0.125000,39.062500,131.164551,-12.268066
2224,-0.544434,-0.965820,0.178223,-3.173828,116.577148,-22.949219
2225,-0.535156,-1.159668,0.232910,-36.804199,106.628418,-36.804199
2226,-0.516602,-1.365723,0.258789,-83.007812,92.956543,-59.753418
2227,-0.352051,-1.307617,0.100586,-186.096191,63.354492,-88.012695
2228,-0.308105,-1.209473,-0.108398,-214.477539,48.156738,-85.815430
2229,-0.301758,-1.098145,-0.312500,-199.768066,33.142090,-78.125000
2230,-0.208496,-0.924316,-0.386719,-87.707520,-16.967773,-55.480957
2231,-0.149414,-0.871582,-0.294434,-32.714844,-45.166016,-41.015625
2232,-0.120605,-0.834961,-0.212402,3.906250,-71.533203,-31.005859
2233,-0.125488,-0.794434,-0.166016,20.385742,-98.815918,-27.893066
2234,-0.161621,-0.651855,-0.241699,13.549805,-97.717285,-33.874512
2235,-0.148438,-0.569824,-0.263672,7.873535,-92.651367,-41.931152
2236,-0.131348,-0.499023,-0.334473,8.117676,-88.378906,-48.583984
2237,-0.063965,-0.360840,-0.482422,43.945312,-70.556641,-50.903320
2238,-0.012695,-0.302246,-0.505859,64.514160,-61.340332,-39.245605
2239,0.009766,-0.276855,-0.524414,79.589844,-50.170898,-20.996094
2240,-0.041504,-0.303711,-0.560059,78.796387,-16.235352,20.385742
2241,-0.105469,-0.341309,-0.629395,69.641113,7.507324,38.269043
2242,-0.162109,-0.366211,-0.638672,59.814453,32.714844,52.612305
2243,-0.264648,-0.412598,-0.690918,36.315918,68.664551,72.814941
2244,-0.322754,-0.504883,-0.712402,32.836914,72.692871,75.195312
2245,-0.324219,-0.593262,-0.722656,33.935547,65.307617,68.847656
2246,-0.272949,-0.654785,-0.680176,32.348633,47.058105,60.180664
2247,-0.222168,-0.831055,-0.740234,-6.103516,2.929688,37.780762
2248,-0.220215,-0.927734,-0.893555,-30.273438,-11.657715,22.216797
2249,-0.187500,-0.990723,-1.093262,-48.706055,-15.625000,8.422852
2250,-0.166016,-1.052246,-1.349121,-65.612793,6.835938,1.831055
2251,-0.188477,-0.992188,-1.350098,-68.664551,23.132324,7.263184
2252,-0.195312,-0.822266,-1.327148,-65.124512,36.804199,24.047852
2253,-0.196289,-0.840332,-1.219727,-57.067871,48.645020,39.733887
2254,-0.132812,-1.032227,-0.920410,-46.264648,55.541992,46.020508
2255,-0.089844,-1.158203,-0.827637,-51.879883,55.541992,45.043945
2256,-0.098145,-1.216309,-0.803711,-84.960938,64.819336,56.335449
2257,-0.275879,-1.338867,-0.788574,-97.534180,67.749023,55.664062
2258,-0.337891,-1.283203,-0.739258,-97.900391,61.218262,52.124023
2259,-0.408203,-1.199219,-0.701660,-81.420898,48.583984,52.001953
2260,-0.538086,-1.053223,-0.557129,-24.719238,23.437500,51.574707
2261,-0.580078,-0.959961,-0.544434,9.155273,16.418457,62.316895
2262,-0.813477,-0.905762,-0.379395,87.280273,14.953613,84.960938
2263,-0.967773,-0.949707,-0.217285,125.549316,10.681152,85.632324
2264,-1.077637,-0.964844,-0.105469,153.747559,4.943848,70.739746
2265,-1.048828,-0.805176,0.216797,153.930664,-5.065918,19.531250
2266,-0.952637,-0.661621,0.380371,111.083984,-21.484375,-10.131836
2267,-0.774414,-0.474121,0.404785,50.842285,-42.480469,-31.921387
2268,-0.592773,-0.299805,0.255371,-5.004883,-58.532715,-41.809082
2269,-0.383301,-0.174316,-0.109863,-58.654785,-55.847168,-28.137207
2270,-0.346680,-0.179688,-0.181152,-62.377930,-43.823242,-21.911621
2271,-0.232910,-0.284180,-0.157715,-56.091309,-33.630371,-20.751953
2272,0.097656,-0.435059,-0.314941,-37.780762,-101.318359,-6.835938
2273,0.102539,-0.763672,-1.060547,12.084961,-191.467285,14.404297
2274,-0.058105,-0.797363,-1.185547,-23.742676,-148.742676,14.160156
2275,-0.098145,-0.547852,-0.736328,-42.480469,-125.427246,35.949707
2276,-0.187988,-0.531738,-0.518555,-50.170898,-108.337402,52.490234
2277,-0.268066,-0.476562,-0.395996,-56.762695,-60.974121,36.193848
2278,-0.286621,-0.444824,-0.320312,-49.743652,-30.212402,20.629883
2279,-0.313965,-0.409180,-0.207031,-39.855957,-6.164551,2.868652
2280,-0.389160,-0.332031,-0.109863,-18.981934,2.929688,-37.353516
2281,-0.436035,-0.283203,-0.124512,-8.605957,-12.512207,-57.189941
2282,-0.461914,-0.253906,-0.221680,0.061035,-37.597656,-74.218750
2283,-0.414551,-0.195801,-0.466797,12.268066,-60.302734,-82.885742
2284,-0.348145,-0.305176,-1.125977,61.340332,-52.795410,-77.758789
2285,-0.350586,-0.491211,-1.420898,104.553223,-14.282227,-70.068359
2286,-0.575684,-1.882812,-1.897461,192.443848,59.570312,-69.030762
2287,-0.766602,-1.781250,-0.650879,200.256348,5.859375,-54.626465
2288,-1.058594,-1.471680,-0.129883,186.096191,-69.519043,4.821777
2289,-1.258301,-1.310547,-0.054199,122.680664,-80.810547,24.780273
2290,-1.004883,-0.704590,-0.151367,-45.776367,-5.493164,-0.183105
2291,-1.015625,-0.705566,-0.205566,-86.791992,37.536621,-6.042480
2292,-1.002441,-0.858887,-0.341797,-107.543945,49.438477,-2.746582
2293,-0.925781,-0.771973,-0.406250,53.405762,45.776367,17.211914
2294,-0.935547,-0.783691,-0.211914,102.722168,70.251465,20.080566
2295,-0.898926,-0.813965,-0.108398,119.812012,91.186523,14.831543
2296,-0.802246,-0.854492,0.012207,117.614746,112.792969,-2.380371
2297,-0.763672,-0.871094,0.063477,104.858398,118.896484,-11.840820
2298,-0.703125,-0.913086,0.121582,80.322266,123.840332,-22.644043
2299,-0.617676,-0.983398,0.176758,40.039062,130.126953,-34.362793
2300,-0.488281,-1.208496,0.311523,-75.012207,129.882812,-58.410645
2301,-0.475098,-1.298340,0.325195,-139.038086,115.539551,-67.565918
2302,-0.383789,-1.123047,-0.003418,-238.525391,73.852539,-65.734863
2303,-0.375977,-1.020996,-0.240234,-239.013672,52.551270,-55.114746
2304,-0.377441,-0.984863,-0.390625,-194.946289,27.709961,-48.889160
2305,-0.324707,-0.958496,-0.480469,-125.671387,0.671387,-46.569824
2306,-0.186035,-0.827148,-0.259277,-15.747070,-51.269531,-41.748047
2307,-0.134277,-0.786133,-0.163574,5.737305,-73.669434,-37.170410
2308,-0.134766,-0.683594,-0.149902,1.159668,-97.900391,-42.419434
2309,-0.133789,-0.617676,-0.183594,-4.089355,-100.036621,-49.743652
2310,-0.118164,-0.556641,-0.219238,-3.234863,-96.679688,-59.570312
2311,-0.057617,-0.478027,-0.327148,-0.366211,-89.538574,-58.898926
2312,-0.038574,-0.443848,-0.372559,1.037598,-78.735352,-54.626465
2313,-0.024414,-0.399902,-0.437012,1.098633,-65.368652,-46.875000
2314,-0.051270,-0.312988,-0.683594,18.554688,-25.817871,-20.935059
2315,-0.057129,-0.246582,-0.720215,34.484863,-0.305176,-0.244141
2316,-0.192383,-0.255859,-0.804199,50.354004,42.114258,54.321289
2317,-0.321777,-0.378418,-0.799805,55.664062,57.983398,72.204590
2318,-0.400879,-0.524414,-0.756836,58.837891,60.974121,75.256348
2319,-0.433594,-0.628906,-0.669922,54.992676,46.936035,67.565918
2320,-0.398438,-0.762695,-0.760254,7.019043,5.859375,45.532227
2321,-0.340820,-0.809082,-0.937988,-20.019531,-3.051758,32.470703
2322,-0.259277,-0.870605,-1.146973,-37.719727,-0.183105,24.230957
2323,-0.253906,-1.035156,-1.333008,-45.654297,26.000977,23.559570
2324,-0.306641,-1.106934,-1.310547,-51.025391,41.381836,21.179199
2325,-0.290527,-0.933594,-1.073242,-83.679199,71.228027,27.038574
2326,-0.247559,-0.894531,-0.878906,-86.059570,65.490723,23.376465
2327,-0.158691,-0.851562,-0.786133,-77.270508,45.410156,20.812988
2328,-0.121582,-0.887695,-0.788574,-34.423828,9.948730,34.851074
2329,-0.159668,-0.966797,-0.803711,-29.113770,11.901855,46.569824
2330,-0.201172,-1.035645,-0.807617,-36.254883,24.108887,61.340332
2331,-0.333984,-1.151367,-0.712402,-65.979004,53.161621,78.247070
2332,-0.388672,-1.176758,-0.669922,-67.749023,60.119629,77.636719
2333,-0.453613,-1.126953,-0.681641,-55.786133,63.415527,75.683594
2334,-0.519043,-1.100586,-0.637695,-40.283203,67.565918,76.171875
2335,-0.631348,-1.050781,-0.542480,15.014648,62.194824,88.012695
2336,-0.749512,-1.072754,-0.467285,53.466797,48.889160,93.017578
2337,-0.885254,-1.074219,-0.369629,95.825195,33.752441,89.965820
2338,-1.098633,-1.056152,-0.044922,142.639160,8.544922,56.213379
2339,-1.056641,-0.950684,0.086914,133.666992,-3.662109,25.878906
2340,-0.813965,-0.628418,0.253418,68.054199,-33.325195,-32.409668
2341,-0.649902,-0.420898,0.205078,23.315430,-48.034668,-49.926758
2342,-0.440430,-0.265625,0.037109,-12.512207,-54.443359,-54.504395
2343,-0.348633,-0.169922,-0.038086,-41.198730,-48.217773,-31.738281
2344,-0.256836,-0.131348,-0.116211,-50.231934,-41.076660,-20.629883
2345,-0.245117,-0.236328,-0.155273,-54.199219,-35.705566,-18.615723
2346,0.145996,-0.612793,-0.969727,26.367188,-173.461914,7.751465
2347,0.054688,-0.826172,-1.316895,32.287598,-195.373535,15.258789
2348,-0.011230,-0.709961,-1.112793,13.916016,-159.545898,18.249512
2349,-0.125000,-0.425781,-0.510254,-8.850098,-104.248047,51.574707
2350,-0.205566,-0.420410,-0.399902,-19.714355,-80.810547,55.053711
2351,-0.242676,-0.405273,-0.352539,-28.503418,-52.795410,43.945312
2352,-0.264648,-0.389160,-0.299805,-31.372070,-23.498535,26.245117
2353,-0.332520,-0.348633,-0.149414,-24.780273,14.831543,-17.883301
2354,-0.385742,-0.318848,-0.108398,-20.568848,18.798828,-38.818359
2355,-0.465820,-0.309570,-0.102539,-16.296387,12.207031,-58.227539
2356,-0.608398,-0.293457,-0.191406,-12.329102,-18.615723,-94.909668
2357,-0.601074,-0.294922,-0.316406,-14.709473,-33.996582,-100.891113
2358,-0.496582,-0.326172,-0.558105,-12.817383,-49.987793,-92.773438
2359,-0.280762,-0.664062,-1.552734,91.918945,-64.514160,-28.991699
2360,-0.231445,-1.463867,-2.391602,153.625488,-35.888672,-6.042480
2361,-0.419434,-2.152344,-2.226074,207.336426,24.353027,-16.906738
2362,-1.065918,-1.400879,0.106934,191.772461,-10.314941,2.502441
2363,-0.963379,-1.057617,0.122070,107.604980,-21.789551,-12.390137
2364,-0.791504,-0.713379,0.039551,11.840820,-18.737793,-19.470215
2365,-0.695312,-0.423828,-0.185059,-123.535156,14.526367,-38.146973
2366,-0.768066,-0.426270,-0.325195,-144.714355,28.747559,-39.245605
2367,-0.792480,-0.597168,-0.488770,-147.155762,20.751953,-21.057129
2368,-0.970703,-1.112305,-1.100586,71.044922,10.925293,38.696289
2369,-1.051758,-1.135254,-0.524414,152.404785,62.805176,41.137695
2370,-1.035156,-1.126465,-0.177246,174.072266,93.811035,31.250000
2371,-0.834473,-0.993164,0.130371,150.390625,114.562988,11.413574
2372,-0.747070,-0.953613,0.223145,116.699219,117.797852,2.441406
2373,-0.656738,-0.946777,0.279297,72.265625,116.699219,-5.798340
2374,-0.497070,-1.016113,0.307617,-35.339355,108.093262,-20.935059
2375,-0.447266,-1.082520,0.271973,-90.637207,102.844238,-29.785156
2376,-0.439453,-1.139648,0.215820,-140.808105,95.458984,-38.330078
2377,-0.437012,-1.094238,0.020508,-209.289551,67.871094,-52.978516
2378,-0.422363,-1.021973,-0.134277,-212.463379,45.410156,-53.161621
2379,-0.416504,-0.975586,-0.266113,-183.349609,15.930176,-50.537109
2380,-0.400879,-0.961426,-0.338379,-134.887695,-17.333984,-50.231934
2381,-0.274414,-0.821289,-0.352539,-36.865234,-65.856934,-53.039551
2382,-0.193848,-0.730957,-0.277832,-12.756348,-78.186035,-48.950195
2383,-0.155762,-0.679688,-0.249023,-5.065918,-84.960938,-44.311523
2384,-0.122559,-0.602051,-0.223145,-6.164551,-88.500977,-51.696777
2385,-0.102051,-0.551758,-0.242676,-4.943848,-89.904785,-56.945801
2386,-0.071289,-0.497070,-0.309570,-2.746582,-87.829590,-58.654785
2387,-0.045898,-0.426270,-0.499023,6.408691,-68.054199,-50.964355
2388,-0.036621,-0.377441,-0.611328,17.089844,-48.828125,-43.457031
2389,-0.023926,-0.319336,-0.678223,31.250000,-26.611328,-29.235840
2390,-0.050293,-0.292480,-0.702148,50.964355,16.418457,16.174316
2391,-0.112305,-0.330566,-0.695312,51.940918,31.799316,35.278320
2392,-0.170410,-0.363770,-0.711426,48.522949,42.114258,49.804688
2393,-0.300781,-0.546387,-0.736328,44.189453,43.395996,65.490723
2394,-0.330078,-0.651367,-0.691406,40.649414,25.268555,57.617188
2395,-0.334473,-0.705566,-0.670410,24.902344,0.244141,43.518066
2396,-0.324707,-0.752441,-0.731445,-4.638672,-18.005371,27.099609
2397,-0.288574,-0.862793,-1.081543,-63.293457,-22.155762,-2.746582
2398,-0.262695,-0.947754,-1.255859,-70.129395,-10.253906,-10.925293
2399,-0.240723,-1.016113,-1.311523,-63.781738,5.859375,-11.962891
2400,-0.228027,-0.987305,-1.162109,-50.659180,25.695801,12.451172
2401,-0.260254,-0.820312,-1.084961,-44.860840,29.785156,30.700684
2402,-0.283691,-0.775879,-1.027832,-41.809082,44.494629,45.959473
2403,-0.197754,-0.935059,-0.789062,-47.912598,68.298340,49.743652
2404,-0.148438,-1.108887,-0.775879,-53.466797,67.504883,48.706055
2405,-0.140137,-1.229004,-0.828125,-58.837891,64.819336,49.926758
2406,-0.296387,-1.422852,-0.892090,-61.462402,55.358887,48.278809
2407,-0.362305,-1.375000,-0.863281,-56.396484,46.386719,44.433594
2408,-0.430664,-1.273926,-0.817383,-43.762207,36.682129,44.311523
2409,-0.559082,-1.060059,-0.604004,-4.638672,23.010254,46.630859
2410,-0.595703,-0.948242,-0.552734,15.258789,17.150879,50.842285
2411,-0.669434,-0.883301,-0.458984,38.757324,14.770508,56.274414
2412,-0.757324,-0.843262,-0.328125,63.293457,11.779785,58.959961
2413,-0.933594,-0.821777,-0.119629,112.915039,2.563477,39.306641
2414,-0.919434,-0.750000,0.013184,118.469238,-1.159668,16.906738
2415,-0.852051,-0.648926,0.143066,106.445312,-6.652832,-5.310059
2416,-0.664062,-0.405273,0.269043,40.466309,-30.517578,-40.588379
2417,-0.430176,-0.179688,-0.001953,-19.042969,-45.043945,-40.588379
2418,-0.389648,-0.163574,-0.102539,-29.174805,-38.391113,-29.724121
2419,-0.351562,-0.193359,-0.141602,-31.372070,-28.442383,-21.362305
2420,-0.325684,-0.244141,-0.126953,-33.325195,-20.141602,-17.028809
2421,-0.272949,-0.314941,-0.125488,-34.606934,-21.118164,-15.747070
2422,-0.150391,-0.399902,-0.103516,-30.334473,-45.471191,-10.803223
2423,-0.054688,-0.685059,-0.923828,30.639648,-183.898926,13.549805
2424,-0.046875,-0.711914,-1.144531,23.681641,-169.189453,15.808105
2425,-0.062500,-0.673340,-1.027832,4.211426,-130.310059,20.812988
2426,-0.131836,-0.604004,-0.711914,-5.310059,-100.036621,25.817871
2427,-0.264648,-0.533691,-0.410645,-11.962891,-56.274414,14.099121
2428,-0.312500,-0.515137,-0.339844,-7.629395,-32.226562,2.197266
2429,-0.370117,-0.491699,-0.253906,-1.953125,-8.483887,-13.183594
2430,-0.511230,-0.441895,-0.115723,-2.868652,10.070801,-43.090820
2431,-0.588867,-0.461426,-0.146973,-4.638672,1.586914,-57.556152
2432,-0.617676,-0.466797,-0.232910,-4.943848,-14.587402,-71.289062
2433,-0.414551,-0.484375,-0.663574,-3.906250,-45.837402,-74.829102
2434,-0.269531,-0.568848,-1.136230,17.028809,-62.622070,-65.246582
2435,-0.113281,-0.739258,-1.812500,75.012207,-68.664551,-45.349121
2436,-0.419434,-1.998047,-2.198242,191.345215,20.385742,-35.644531
2437,-0.761230,-1.495117,-0.631836,186.157227,14.221191,-26.184082
2438,-1.008301,-1.246094,0.032227,137.695312,-20.385742,-9.155273
2439,-1.017090,-0.692871,0.089844,-2.807617,-27.648926,-16.540527
2440,-0.951660,-0.517090,-0.033691,-47.241211,-11.779785,-11.535645
2441,-0.917969,-0.499512,-0.114258,-64.941406,12.084961,-6.652832
2442,-0.932617,-0.628906,-0.222168,-52.062988,7.385254,18.493652
2443,-0.966797,-1.041992,-0.759766,20.751953,22.277832,24.963379
2444,-0.947266,-0.997559,-0.479004,74.279785,63.049316,21.728516
2445,-0.892090,-0.967285,-0.211426,92.590332,93.383789,15.014648
2446,-0.755371,-0.895996,0.048340,78.735352,107.910156,0.183105
2447,-0.712891,-0.890137,0.096191,64.514160,105.468750,-5.737305
2448,-0.654785,-0.907715,0.146484,43.884277,102.355957,-12.634277
2449,-0.537598,-1.048828,0.225586,-31.188965,96.130371,-28.442383
2450,-0.486328,-1.148438,0.222656,-78.674316,93.444824,-37.780762
2451,-0.474609,-1.240723,0.178711,-129.028320,88.195801,-46.386719
2452,-0.427734,-1.154297,-0.121094,-206.970215,77.514648,-55.297852
2453,-0.405762,-1.045410,-0.289062,-206.481934,68.298340,-50.170898
2454,-0.376465,-0.946289,-0.450195,-109.252930,28.381348,-33.752441
2455,-0.310547,-0.886719,-0.366699,-52.124023,2.258301,-27.343750
2456,-0.248535,-0.851562,-0.280762,-10.192871,-23.254395,-19.348145
2457,-0.217285,-0.799805,-0.214355,9.582520,-43.884277,-15.563965
2458,-0.167480,-0.648438,-0.210938,3.723145,-61.035156,-21.606445
2459,-0.152344,-0.576660,-0.230957,-3.417969,-63.171387,-27.221680
2460,-0.129883,-0.517090,-0.262695,-5.432129,-65.124512,-31.860352
2461,-0.067383,-0.431152,-0.376465,8.666992,-61.584473,-32.714844
2462,-0.058594,-0.430664,-0.469727,18.798828,-53.161621,-31.127930
2463,-0.026855,-0.348633,-0.572754,35.522461,-23.315430,-15.502930
2464,-0.024414,-0.333008,-0.626953,37.780762,-6.347656,1.525879
2465,-0.066406,-0.344238,-0.691406,38.513184,11.779785,19.348145
2466,-0.113770,-0.333984,-0.744141,37.658691,28.564453,35.156250
2467,-0.215332,-0.422363,-0.794434,38.146973,54.687500,63.964844
2468,-0.254395,-0.516602,-0.718262,34.423828,56.640625,69.580078
2469,-0.274902,-0.616211,-0.626465,22.888184,46.569824,65.612793
2470,-0.250488,-0.736816,-0.626465,-16.601562,11.657715,38.696289
2471,-0.244141,-0.785645,-0.715820,-36.560059,-2.807617,21.057129
2472,-0.220703,-0.830078,-0.871094,-48.828125,-11.291504,5.004883
2473,-0.198242,-0.867188,-1.009277,-51.818848,-12.329102,-4.028320
2474,-0.244141,-0.956543,-1.144043,-46.691895,-4.516602,-11.474609
2475,-0.286621,-0.926270,-1.194336,-41.687012,-1.831055,-6.225586
2476,-0.298828,-0.768066,-1.268066,-36.254883,4.272461,10.070801
2477,-0.376953,-0.777344,-1.000000,-34.912109,27.099609,36.071777
2478,-0.383301,-0.855469,-0.813965,-43.823242,23.010254,29.235840
2479,-0.334961,-0.919434,-0.854980,-49.804688,14.343262,20.080566
2480,-0.261230,-1.018066,-0.912109,-41.625977,19.042969,39.367676
2481,-0.310547,-1.055176,-0.917969,-40.893555,32.470703,56.884766
2482,-0.375488,-1.087402,-0.816406,-42.358398,47.546387,69.396973
2483,-0.455078,-1.051758,-0.585938,-47.668457,57.373047,70.678711
2484,-0.504883,-1.013672,-0.539062,-44.250488,54.382324,63.171387
2485,-0.521973,-0.937500,-0.490723,-21.423340,44.982910,51.940918
2486,-0.558105,-0.938477,-0.434570,-3.356934,33.752441,49.072266
2487,-0.603027,-0.932129,-0.377441,18.493652,18.127441,46.691895
2488,-0.669434,-0.912109,-0.337402,43.701172,2.441406,46.386719
2489,-0.854492,-0.902832,-0.208984,93.139648,-11.901855,45.898438
2490,-0.910156,-0.918457,-0.062500,101.745605,-15.380859,32.104492
2491,-0.808594,-0.756348,0.108887,68.908691,-26.733398,-13.366699
2492,-0.697266,-0.596680,0.119141,36.315918,-34.729004,-33.081055
2493,-0.437988,-0.269531,-0.092285,-9.521484,-38.330078,-40.161133
2494,-0.379883,-0.240234,-0.149414,-19.409180,-31.188965,-28.564453
2495,-0.084473,-0.360352,-0.214355,-27.587891,-26.062012,-21.423340
2496,0.199219,-0.577637,-1.090820,33.081055,-136.474609,4.760742
2497,0.151855,-0.842285,-1.503906,36.621094,-169.189453,13.305664
2498,0.058105,-0.738281,-1.192871,5.371094,-130.920410,10.192871
2499,-0.008301,-0.375000,-0.520508,-29.357910,-89.477539,24.963379
2500,-0.049316,-0.333984,-0.400391,-37.902832,-78.308105,32.592773
2501,-0.186035,-0.305664,-0.310547,-47.912598,-39.062500,20.385742
2502,-0.224121,-0.293945,-0.257812,-43.945312,-15.502930,5.554199
2503,-0.257812,-0.287598,-0.208496,-34.912109,2.441406,-12.756348
2504,-0.288086,-0.259766,-0.178711,-21.240234,9.460449,-30.151367
2505,-0.444824,-0.312012,-0.202637,7.141113,-4.943848,-62.377930
2506,-0.504395,-0.326172,-0.214355,12.695312,-19.348145,-82.763672
2507,-0.499512,-0.318359,-0.251953,10.437012,-33.813477,-95.947266
2508,-0.329102,-0.446289,-0.683105,22.277832,-69.580078,-77.026367
2509,-0.272949,-0.667969,-1.100586,79.956055,-83.312988,-42.846680
2510,-0.291504,-1.060547,-1.458496,142.822266,-71.838379,-16.662598
2511,-0.658203,-1.917480,-1.297363,216.247559,-6.286621,-15.197754
2512,-1.004883,-1.647949,-0.290527,192.810059,-12.390137,3.234863
2513,-1.078613,-1.382324,-0.048340,124.816895,-19.348145,-10.070801
2514,-1.007812,-0.681641,-0.032715,-42.114258,-37.292480,-30.578613
2515,-0.968262,-0.484863,-0.151367,-104.003906,-23.376465,-31.250000
2516,-0.952148,-0.416016,-0.286621,-136.596680,-9.704590,-21.850586
2517,-0.963867,-0.873047,-0.980957,-72.998047,-35.644531,22.277832
2518,-0.958496,-0.927246,-0.952637,26.367188,5.798340,24.475098
2519,-0.883301,-0.893555,-0.614746,88.378906,60.058594,20.935059
2520,-0.732422,-0.835449,-0.148438,112.487793,115.234375,10.620117
2521,-0.679688,-0.832031,-0.047852,102.722168,123.474121,6.408691
2522,-0.645996,-0.847656,0.023438,90.270996,125.183105,1.159668
2523,-0.611328,-0.880859,0.076660,74.768066,123.413086,-5.737305
2524,-0.545410,-1.003906,0.194336,18.737793,118.530273,-25.207520
2525,-0.501953,-1.074219,0.248535,-30.151367,115.722656,-36.926270
2526,-0.451660,-1.271973,0.169922,-133.422852,99.792480,-55.908203
2527,-0.425781,-1.238281,0.078125,-177.673340,88.806152,-62.255859
2528,-0.413574,-1.179688,-0.078613,-201.965332,74.340820,-61.767578
2529,-0.392090,-1.111816,-0.270508,-144.531250,26.489258,-49.316406
2530,-0.341309,-1.052734,-0.413086,-80.932617,-3.540039,-45.471191
2531,-0.265625,-0.982422,-0.335938,-25.512695,-29.785156,-45.227051
2532,-0.156738,-0.825195,-0.201660,4.943848,-54.687500,-42.236328
2533,-0.143066,-0.635254,-0.212891,4.821777,-78.125000,-29.296875
2534,-0.158203,-0.572266,-0.225098,-3.662109,-75.744629,-29.907227
2535,-0.156738,-0.518555,-0.221680,-9.643555,-74.523926,-33.264160
2536,-0.121094,-0.427246,-0.322266,-4.028320,-71.166992,-37.963867
2537,-0.103027,-0.383301,-0.386230,3.540039,-63.415527,-34.057617
2538,-0.100586,-0.365234,-0.437500,8.178711,-51.025391,-26.062012
2539,-0.133789,-0.354004,-0.584473,16.479492,-16.601562,-6.774902
2540,-0.138184,-0.317383,-0.595703,24.414062,-1.037598,6.103516
2541,-0.171387,-0.329102,-0.624512,29.113770,9.582520,20.629883
2542,-0.250000,-0.343262,-0.801270,35.034180,24.047852,42.114258
2543,-0.260742,-0.427734,-0.838867,43.579102,30.517578,48.645020
2544,-0.249512,-0.520996,-0.767578,45.349121,31.921387,51.452637
2545,-0.242188,-0.594238,-0.701660,35.705566,26.428223,52.734375
2546,-0.276855,-0.710449,-0.760742,-9.094238,12.207031,45.471191
2547,-0.278320,-0.757812,-0.862793,-24.658203,6.652832,34.729004
2548,-0.209473,-0.887207,-1.128906,-32.897949,11.047363,15.869141
2549,-0.194336,-0.960938,-1.181641,-35.034180,18.981934,13.732910
2550,-0.206055,-1.033691,-1.175781,-40.161133,25.268555,15.319824
2551,-0.270996,-0.942383,-1.192871,-43.701172,35.522461,28.686523
2552,-0.259277,-0.947266,-1.025391,-49.133301,44.067383,30.212402
2553,-0.245605,-0.965820,-0.806152,-54.565430,39.123535,26.855469
2554,-0.209961,-1.041016,-0.895508,-47.912598,21.423340,23.742676
2555,-0.218750,-1.129395,-0.923340,-38.330078,24.658203,35.034180
2556,-0.266602,-1.206543,-0.925781,-31.127930,33.081055,50.781250
2557,-0.429688,-1.228516,-0.774414,-28.076172,50.659180,70.129395
2558,-0.495605,-1.162598,-0.716309,-20.568848,57.861328,70.068359
2559,-0.537598,-1.044434,-0.614746,-11.779785,65.063477,68.115234
2560,-0.517578,-0.873047,-0.433594,4.638672,61.096191,63.354492
2561,-0.548340,-0.833984,-0.350586,22.155762,50.354004,58.654785
2562,-0.583984,-0.802734,-0.258301,41.442871,33.508301,52.124023
2563,-0.684570,-0.702148,-0.168945,72.204590,-5.737305,39.611816
2564,-0.744629,-0.688965,-0.115234,82.824707,-19.226074,32.958984
2565,-0.792480,-0.707031,-0.028809,80.627441,-31.250000,21.606445
2566,-0.791992,-0.657715,0.037109,34.729004,-49.072266,-16.052246
2567,-0.719727,-0.537598,0.010742,-0.488281,-51.269531,-33.447266
2568,-0.600586,-0.432129,-0.090820,-29.296875,-51.025391,-42.236328
2569,-0.482422,-0.354004,-0.208008,-40.222168,-45.837402,-38.146973
2570,-0.337891,-0.325195,-0.274414,-34.912109,-29.541016,-26.794434
2571,-0.186035,-0.366211,-0.277832,-26.000977,-30.578613,-21.362305
2572,0.081543,-0.637695,-0.910645,67.565918,-169.982910,12.756348
2573,0.050781,-0.720703,-1.211426,47.729492,-163.513184,22.949219
2574,-0.048828,-0.745117,-1.006836,13.122559,-129.577637,25.756836
2575,-0.095703,-0.617188,-0.662109,-5.371094,-102.478027,28.198242
2576,-0.157715,-0.428711,-0.403320,-1.220703,-67.443848,41.503906
2577,-0.226562,-0.422363,-0.357910,11.169434,-42.480469,37.109375
2578,-0.311523,-0.418945,-0.190918,36.804199,9.582520,8.850098
2579,-0.338867,-0.412109,-0.053223,43.579102,20.141602,-9.033203
2580,-0.375488,-0.420898,0.049805,45.227051,16.662598,-25.634766
2581,-0.496094,-0.497070,0.045410,41.687012,-14.587402,-58.166504
2582,-0.526367,-0.500977,-0.046875,33.569336,-35.278320,-75.134277
2583,-0.510254,-0.476074,-0.172852,20.812988,-54.931641,-82.519531
2584,-0.414062,-0.605957,-0.726074,-7.995605,-88.806152,-68.603516
2585,-0.339844,-0.793457,-1.341797,10.559082,-101.074219,-53.039551
2586,-0.383301,-1.438965,-2.316895,50.109863,-90.454102,-37.780762
2587,-0.788086,-1.405273,-0.878906,128.173828,-25.329590,-13.671875
2588,-0.898926,-1.126953,-0.259766,120.971680,-23.376465,-4.821777
2589,-0.895508,-0.837891,-0.082031,78.613281,-14.038086,-8.239746
2590,-0.811523,-0.449219,-0.039551,-23.925781,4.882812,-29.113770
2591,-0.719238,-0.368652,-0.160645,-52.001953,21.911621,-37.414551
2592,-0.727539,-0.392090,-0.205078,-63.720703,39.916992,-37.963867
2593,-0.875977,-1.050781,-0.654297,-74.829102,2.502441,5.676270
2594,-0.932617,-1.247070,-1.069336,49.438477,0.122070,20.629883
2595,-0.994629,-1.242676,-0.202637,157.226562,75.805664,26.367188
2596,-0.963379,-1.252441,-0.009277,148.803711,88.684082,16.296387
2597,-0.862305,-1.192383,0.093750,125.549316,93.933105,4.089355
2598,-0.763672,-1.126953,0.179199,88.500977,98.754883,-11.535645
2599,-0.578125,-1.017578,0.252441,-7.263184,102.050781,-40.832520
2600,-0.498535,-1.002930,0.232422,-56.457520,102.661133,-48.767090
2601,-0.445801,-1.062012,0.139160,-138.427734,104.309082,-53.955078
2602,-0.442871,-1.053711,0.078613,-166.870117,98.266602,-54.931641
2603,-0.423340,-1.025391,-0.030762,-181.701660,86.425781,-52.856445
2604,-0.402344,-1.004883,-0.134277,-174.926758,67.565918,-48.583984
2605,-0.369629,-1.001953,-0.260742,-100.219727,10.253906,-42.968750
2606,-0.314941,-0.950684,-0.283203,-56.518555,-16.784668,-40.527344
2607,-0.255371,-0.849609,-0.260742,-27.648926,-35.278320,-33.081055
2608,-0.190430,-0.738281,-0.241211,-20.996094,-45.532227,-21.240234
2609,-0.167480,-0.689941,-0.253418,-24.414062,-45.593262,-24.414062
2610,-0.145996,-0.636719,-0.254395,-24.536133,-46.752930,-30.090332
2611,-0.117188,-0.534668,-0.301270,-15.869141,-53.039551,-35.156250
2612,-0.113281,-0.496582,-0.364258,-6.652832,-52.612305,-33.813477
2613,-0.105469,-0.452637,-0.429199,2.929688,-47.302246,-29.846191
2614,-0.135254,-0.375488,-0.578613,19.958496,-17.272949,-14.831543
2615,-0.141602,-0.331543,-0.590820,26.550293,-1.281738,0.854492
2616,-0.238281,-0.351074,-0.618164,35.583496,22.033691,33.020020
2617,-0.274902,-0.349121,-0.647949,34.851074,30.639648,46.203613
2618,-0.321289,-0.369629,-0.734375,30.578613,39.672852,58.349609
2619,-0.358398,-0.450684,-0.751953,28.198242,48.706055,64.819336
2620,-0.288574,-0.583984,-0.618652,12.512207,43.395996,56.335449
2621,-0.237305,-0.626465,-0.588867,-3.601074,30.029297,49.194336
2622,-0.209473,-0.675781,-0.635742,-19.592285,14.282227,39.489746
2623,-0.132324,-0.781738,-0.872070,-35.278320,-4.455566,20.446777
2624,-0.123047,-0.872070,-1.011230,-33.386230,-4.150391,16.174316
2625,-0.169922,-1.005859,-1.132324,-22.460938,9.826660,10.498047
2626,-0.244629,-0.978027,-1.148438,-15.014648,14.099121,10.253906
2627,-0.324219,-0.817871,-1.209473,-9.216309,19.897461,20.202637
2628,-0.402832,-0.897949,-0.810547,-26.977539,31.188965,33.447266
2629,-0.419922,-0.979980,-0.575195,-49.316406,12.634277,24.414062
2630,-0.400391,-1.020020,-0.656738,-66.955566,-9.033203,13.610840
2631,-0.326172,-1.035645,-0.853027,-57.922363,-12.573242,17.395020
2632,-0.396484,-1.154297,-0.901855,-36.743164,11.596680,63.171387
2633,-0.506836,-1.257324,-0.824219,-34.912109,30.151367,82.519531
2634,-0.595215,-1.311523,-0.704590,-33.020020,43.151855,85.205078
2635,-0.622559,-1.049805,-0.625000,-15.258789,59.997559,79.650879
2636,-0.641602,-0.986816,-0.531250,0.915527,63.903809,74.523926
2637,-0.658691,-0.956543,-0.395020,21.484375,56.457520,65.917969
2638,-0.680176,-0.926270,-0.276367,43.151855,38.146973,55.603027
2639,-0.725586,-0.777832,-0.124512,72.143555,-6.103516,38.513184
2640,-0.761719,-0.745117,-0.050293,74.523926,-22.033691,30.517578
2641,-0.741699,-0.690430,0.020020,44.555664,-44.372559,-4.882812
2642,-0.679199,-0.608398,0.041016,16.723633,-49.987793,-23.315430
2643,-0.575684,-0.481934,-0.016602,-16.357422,-51.025391,-35.766602
2644,-0.407715,-0.344238,-0.211914,-40.771484,-35.583496,-28.259277
2645,-0.342285,-0.341309,-0.211426,-38.024902,-25.146484,-24.291992
2646,-0.231934,-0.349609,-0.274414,-29.479980,-17.761230,-21.484375
2647,0.257812,-0.611328,-1.029297,85.754395,-136.413574,19.897461
2648,0.143066,-0.785645,-1.216309,84.472656,-150.085449,31.799316
2649,0.005371,-0.771973,-1.014160,69.946289,-133.666992,36.621094
2650,-0.181152,-0.510742,-0.487793,34.912109,-98.144531,51.513672
2651,-0.220215,-0.453613,-0.448242,23.803711,-75.622559,60.852051
2652,-0.277344,-0.429199,-0.344727,14.404297,-46.997070,59.204102
2653,-0.306152,-0.419922,-0.251465,4.699707,-15.808105,48.156738
2654,-0.330566,-0.398926,-0.046875,-6.774902,29.602051,5.920410
2655,-0.357910,-0.379883,0.044434,-4.882812,33.386230,-20.141602
2656,-0.438965,-0.347168,0.050781,-0.305176,9.460449,-63.781738
2657,-0.480469,-0.329590,-0.010742,-3.173828,-9.399414,-84.289551
2658,-0.500488,-0.257812,-0.123535,-8.178711,-29.785156,-99.975586
2659,-0.433594,-0.271973,-0.464844,-30.761719,-51.513672,-95.581055
2660,-0.335938,-0.435547,-0.846191,-26.428223,-52.124023,-77.880859
2661,-0.286133,-0.748047,-1.412109,22.766113,-53.527832,-51.452637
2662,-0.467773,-1.845215,-2.585938,78.613281,-63.476562,-27.648926
2663,-0.996582,-1.645020,-0.658691,208.129883,-47.363281,34.729004
2664,-1.110840,-1.323730,-0.156250,178.161621,-35.583496,30.883789
2665,-0.943848,-0.722168,-0.051270,16.967773,-11.230469,-1.525879
2666,-0.829102,-0.531250,-0.123535,-49.072266,16.967773,-9.765625
2667,-0.830078,-0.585449,-0.187500,-96.374512,37.170410,-5.371094
2668,-0.884277,-0.880859,-0.415039,-105.834961,26.367188,3.417969
2669,-0.851562,-0.967773,-0.500000,89.660645,25.207520,17.211914
2670,-0.900879,-1.007812,-0.152832,151.245117,49.255371,20.324707
2671,-0.807129,-0.981934,0.147461,158.386230,61.889648,6.164551
2672,-0.714844,-0.938965,0.184082,134.094238,67.687988,-7.141113
2673,-0.625488,-0.922852,0.211426,103.027344,73.913574,-22.827148
2674,-0.552734,-0.927246,0.241211,68.298340,79.345703,-39.733887
2675,-0.506836,-0.969238,0.262695,31.372070,84.777832,-57.861328
2676,-0.406738,-1.038086,0.308105,-67.016602,104.248047,-92.590332
2677,-0.366699,-1.050293,0.307617,-129.455566,114.685059,-99.548340
2678,-0.374512,-1.066895,0.230957,-237.548828,114.074707,-81.726074
2679,-0.420898,-1.097168,0.140137,-258.728027,91.857910,-65.917969
2680,-0.474121,-1.184082,-0.038086,-240.417480,50.781250,-55.236816
2681,-0.422363,-1.175781,-0.570801,-88.684082,-27.770996,-50.537109
2682,-0.231934,-0.988281,-0.464355,-22.216797,-42.175293,-51.940918
2683,-0.098145,-0.818359,-0.289551,-1.098633,-52.551270,-47.119141
2684,-0.047852,-0.712402,-0.228516,-8.300781,-59.936523,-40.161133
2685,-0.052246,-0.557129,-0.321777,-17.517090,-64.086914,-40.344238
2686,-0.008789,-0.460938,-0.351562,-9.582520,-63.842773,-44.494629
2687,0.018066,-0.363281,-0.421875,4.455566,-59.753418,-39.123535
2688,-0.028320,-0.362793,-0.454590,2.502441,-58.227539,-33.325195
2689,-0.099121,-0.374023,-0.509277,-6.835938,-56.396484,-27.893066
2690,-0.243164,-0.393555,-0.705078,-13.793945,-41.259766,-18.249512
2691,-0.238770,-0.346191,-0.731934,-5.676270,-27.648926,-14.038086
2692,-0.229492,-0.297363,-0.692383,1.464844,-16.235352,-1.464844
2693,-0.256348,-0.317871,-0.696777,5.859375,-5.249023,18.615723
2694,-0.325195,-0.517578,-0.656738,10.009766,25.939941,46.325684
2695,-0.328125,-0.580566,-0.643555,7.690430,34.118652,50.781250
2696,-0.337891,-0.646484,-0.632324,5.432129,35.339355,51.330566
2697,-0.335449,-0.801758,-0.628906,-8.972168,19.348145,39.855957
2698,-0.321777,-0.867676,-0.710938,-24.291992,11.779785,30.822754
2699,-0.300293,-0.929688,-0.855957,-35.766602,8.544922,22.033691
2700,-0.256348,-1.021484,-1.078613,-37.109375,11.352539,12.390137
2701,-0.242188,-0.995605,-1.097656,-38.146973,15.014648,16.479492
2702,-0.210938,-0.836914,-1.183594,-40.222168,27.038574,28.015137
2703,-0.178223,-0.762695,-1.147461,-38.146973,43.884277,33.813477
2704,-0.145020,-0.758789,-0.945312,-39.855957,52.185059,36.254883
2705,-0.152832,-0.862793,-0.768555,-57.312012,34.729004,21.240234
2706,-0.144531,-1.023926,-0.755371,-55.297852,21.789551,15.991211
2707,-0.177734,-1.065918,-0.782227,-50.231934,11.962891,22.033691
2708,-0.236816,-1.153809,-0.827637,-46.630859,10.253906,32.592773
2709,-0.344727,-1.236328,-0.725586,-44.250488,13.854980,44.189453
2710,-0.406250,-1.209473,-0.649414,-44.250488,10.864258,42.968750
2711,-0.479492,-1.021484,-0.595215,-37.963867,13.183594,33.325195
2712,-0.488281,-0.955566,-0.535156,-34.851074,14.343262,31.738281
2713,-0.499512,-0.896973,-0.487793,-22.155762,11.657715,31.311035
2714,-0.570312,-0.798828,-0.352539,19.104004,-2.014160,34.606934
2715,-0.634277,-0.771484,-0.289062,42.358398,-7.934570,36.193848
2716,-0.718750,-0.772461,-0.211426,59.204102,-9.704590,33.508301
2717,-0.780762,-0.752441,-0.018555,63.232422,-14.404297,6.469727
2718,-0.777344,-0.707520,0.029785,46.630859,-22.155762,-9.521484
2719,-0.714355,-0.597656,0.013672,22.521973,-29.174805,-25.085449
2720,-0.476074,-0.357910,-0.172363,-21.606445,-27.221680,-36.865234
2721,-0.402832,-0.283691,-0.222168,-28.015137,-21.484375,-31.982422
2722,-0.332031,-0.250000,-0.292969,-25.268555,-16.540527,-23.925781
2723,0.070801,-0.411621,-0.946289,64.819336,-86.242676,9.887695
2724,0.107910,-0.576172,-0.973145,96.740723,-124.389648,22.338867
2725,0.092773,-0.713379,-1.238281,75.927734,-122.558594,27.893066
2726,-0.074707,-0.628906,-0.631836,25.451660,-70.251465,11.962891
2727,-0.071777,-0.466309,-0.418945,18.798828,-62.622070,16.845703
2728,-0.110352,-0.400879,-0.333984,21.423340,-51.940918,24.475098
2729,-0.208984,-0.369141,-0.199219,32.531738,-9.704590,21.484375
2730,-0.271484,-0.388672,-0.081543,37.597656,10.192871,10.803223
2731,-0.327637,-0.391602,0.046875,39.489746,20.385742,-4.455566
2732,-0.402832,-0.426270,0.142578,34.545898,19.042969,-19.714355
2733,-0.569824,-0.513184,0.142090,9.643555,-12.329102,-57.556152
2734,-0.575195,-0.500488,0.024414,-5.432129,-31.127930,-71.838379
2735,-0.472656,-0.525391,-0.311035,-46.020508,-61.584473,-77.026367
2736,-0.338867,-0.559082,-0.663574,-56.823730,-78.674316,-69.641113
2737,-0.274414,-0.675293,-1.208496,-23.864746,-95.947266,-55.786133
2738,-0.197754,-0.841797,-1.687012,45.166016,-90.637207,-39.794922
2739,-0.358398,-1.861328,-2.423828,182.617188,4.882812,-33.569336
2740,-0.649414,-1.463379,-0.713379,189.208984,6.408691,-17.822266
2741,-0.885742,-0.966309,-0.124512,74.951172,-22.888184,-4.821777
2742,-0.820312,-0.722656,-0.094238,4.821777,-12.573242,-21.911621
2743,-0.723145,-0.518555,-0.120117,-50.048828,7.324219,-32.409668
2744,-0.732910,-0.515625,-0.131348,-81.298828,27.038574,-29.907227
2745,-0.797363,-0.975586,-0.497070,-76.354980,-14.648438,8.666992
2746,-0.844238,-1.210938,-0.971680,23.559570,-15.686035,24.414062
2747,-0.920410,-1.167480,-0.571777,86.914062,34.362793,23.315430
2748,-0.818848,-1.082520,-0.052246,109.069824,84.350586,5.310059
2749,-0.716309,-1.013184,0.077637,97.900391,86.425781,-2.136230
2750,-0.633301,-0.969727,0.174316,74.951172,85.327148,-9.704590
2751,-0.517090,-0.968262,0.276855,-0.061035,74.768066,-27.526855
2752,-0.490234,-1.012207,0.297363,-44.738770,66.772461,-36.010742
2753,-0.468262,-1.093262,0.261719,-90.759277,59.265137,-44.921875
2754,-0.451172,-1.177734,0.150391,-134.887695,55.297852,-54.138184
2755,-0.444336,-1.156250,-0.092285,-203.247070,55.175781,-63.964844
2756,-0.443848,-1.107422,-0.256836,-206.420898,52.307129,-62.622070
2757,-0.441406,-0.972656,-0.414551,-120.178223,22.399902,-43.945312
2758,-0.395508,-0.924805,-0.380371,-60.058594,0.366211,-31.921387
2759,-0.334473,-0.891113,-0.310547,-15.930176,-20.629883,-19.714355
2760,-0.276367,-0.846680,-0.263184,-2.075195,-37.414551,-15.502930
2761,-0.192383,-0.710449,-0.263672,-10.559082,-38.940430,-21.850586
2762,-0.150879,-0.630859,-0.278809,-15.563965,-40.832520,-29.602051
2763,-0.131348,-0.566895,-0.349609,-13.000488,-43.884277,-37.292480
2764,-0.049805,-0.351074,-0.458984,20.812988,-47.058105,-35.949707
2765,-0.031250,-0.296875,-0.504395,38.146973,-47.058105,-23.437500
2766,-0.083984,-0.337891,-0.572754,60.485840,-29.846191,5.859375
2767,-0.114746,-0.389160,-0.565430,59.204102,-15.808105,14.404297
2768,-0.138184,-0.411133,-0.557617,49.072266,-3.540039,19.775391
2769,-0.163086,-0.420898,-0.581543,35.583496,6.713867,26.000977
2770,-0.196777,-0.437012,-0.706543,17.639160,26.489258,40.344238
2771,-0.214844,-0.479980,-0.745605,18.615723,35.400391,46.997070
2772,-0.232910,-0.589844,-0.636719,18.005371,28.381348,49.133301
2773,-0.239258,-0.655762,-0.608887,8.605957,12.512207,42.175293
2774,-0.236328,-0.718750,-0.659180,-8.300781,-2.075195,30.761719
2775,-0.236816,-0.783691,-0.754395,-28.015137,-10.498047,17.578125
2776,-0.203125,-0.915527,-1.006348,-50.964355,-7.934570,-0.732422
2777,-0.199707,-1.013672,-1.109375,-49.804688,0.610352,-3.234863
2778,-0.196777,-1.061523,-1.098145,-45.104980,8.666992,-2.746582
2779,-0.167480,-0.948242,-0.908203,-40.527344,10.131836,14.709473
2780,-0.194336,-0.837891,-0.867188,-37.353516,9.033203,24.291992
2781,-0.217285,-0.806641,-0.839844,-33.996582,17.639160,32.470703
2782,-0.228027,-1.047852,-0.710938,-43.823242,29.602051,35.095215
2783,-0.245117,-1.223145,-0.754395,-55.297852,31.250000,35.095215
2784,-0.300781,-1.351074,-0.797852,-62.927246,30.822754,32.287598
2785,-0.417969,-1.413086,-0.782227,-53.466797,12.878418,20.263672
2786,-0.441406,-1.271973,-0.750000,-42.968750,5.187988,19.042969
2787,-0.522949,-1.041992,-0.518066,-13.061523,-7.507324,24.536133
2788,-0.537598,-0.913086,-0.479004,2.197266,-10.864258,27.832031
2789,-0.629395,-0.738281,-0.281250,33.752441,-11.840820,36.682129
2790,-0.690430,-0.701172,-0.182617,48.889160,-17.700195,37.963867
2791,-0.745605,-0.670410,-0.151367,61.279297,-23.620605,34.362793
2792,-0.766602,-0.629395,-0.095703,67.016602,-25.939941,25.512695
2793,-0.720215,-0.538574,0.064941,40.222168,-26.123047,2.929688
2794,-0.694336,-0.501465,0.083496,9.277344,-29.357910,-10.009766
2795,-0.646484,-0.439941,0.007812,-18.676758,-32.409668,-20.935059
2796,-0.510742,-0.367676,-0.266602,-32.043457,-29.785156,-19.226074
2797,-0.445801,-0.388184,-0.312012,-22.216797,-22.460938,-15.808105
2798,-0.327637,-0.436035,-0.334961,-3.112793,-25.390625,-9.887695
2799,-0.121094,-0.727539,-0.724121,66.589355,-179.016113,22.155762
2800,-0.125977,-0.754883,-1.104980,63.964844,-205.810547,30.456543
2801,-0.180664,-0.840820,-1.447754,24.780273,-171.325684,36.621094
2802,-0.309570,-0.650391,-0.763184,-43.640137,-83.251953,41.015625
2803,-0.315430,-0.541016,-0.528320,-49.011230,-62.377930,41.381836
2804,-0.274902,-0.425781,-0.333496,-27.221680,-18.798828,28.442383
2805,-0.266113,-0.371582,-0.298340,-9.094238,12.512207,16.357422
2806,-0.264648,-0.328613,-0.186523,9.155273,42.175293,1.831055
2807,-0.260742,-0.238770,0.093262,27.465820,52.124023,-24.536133
2808,-0.311523,-0.252441,0.109375,28.808594,41.137695,-34.423828
2809,-0.390137,-0.313477,0.075195,27.343750,25.390625,-47.424316
2810,-0.437500,-0.351562,-0.144531,26.489258,-11.169434,-77.758789
2811,-0.381836,-0.395996,-0.314453,27.404785,-23.254395,-85.144043
2812,-0.307617,-0.498047,-0.529785,26.062012,-31.738281,-87.158203
2813,-0.028809,-0.851562,-1.759766,100.830078,-62.866211,-63.049316
2814,0.018066,-1.665039,-2.776855,149.658203,-56.823730,-40.588379
2815,-0.304688,-2.296875,-2.282227,151.977539,-11.779785,-41.992188
2816,-1.110352,-1.418457,-0.065918,109.069824,-25.878906,5.676270
2817,-1.195801,-1.092773,0.095703,46.386719,-23.193359,-2.258301
2818,-1.180664,-0.742188,0.128418,-0.549316,-20.141602,-3.723145
2819,-1.022461,-0.571777,-0.020508,-15.808105,2.563477,20.202637
2820,-1.025879,-0.822266,-0.166504,-5.371094,-5.004883,31.921387
2821,-0.994629,-0.977539,-0.424316,28.198242,-15.197754,29.357910
2822,-0.922363,-0.883301,-0.214355,91.674805,35.949707,16.967773
2823,-0.859375,-0.890137,-0.100586,86.303711,60.607910,7.263184
2824,-0.757324,-0.859863,-0.027344,69.396973,78.674316,-6.469727
2825,-0.678223,-0.832031,0.032715,35.095215,95.397949,-31.494141
2826,-0.556152,-0.832031,0.099609,14.343262,100.097656,-40.466309
2827,-0.503418,-0.880859,0.126953,-10.620117,107.421875,-46.203613
2828,-0.436523,-0.999512,0.277832,-96.557617,118.530273,-51.635742
2829,-0.418945,-1.068848,0.272949,-151.672363,112.670898,-47.119141
2830,-0.414551,-1.111816,0.171875,-199.218750,100.769043,-40.588379
2831,-0.471191,-1.174316,-0.182617,-228.576660,62.255859,-36.865234
2832,-0.480469,-1.165527,-0.419922,-193.542480,41.381836,-40.710449
2833,-0.422363,-1.085449,-0.535156,-132.080078,21.789551,-39.184570
2834,-0.285156,-1.029785,-0.426758,-10.498047,-8.117676,-23.498535
2835,-0.213867,-0.989746,-0.205078,12.634277,-26.489258,-20.812988
2836,-0.176758,-0.911621,-0.110840,10.253906,-46.936035,-24.780273
2837,-0.146484,-0.795410,-0.130371,-14.099121,-74.645996,-41.076660
2838,-0.072266,-0.590332,-0.285156,-16.906738,-83.068848,-49.682617
2839,-0.006836,-0.491699,-0.366211,-12.084961,-87.158203,-52.612305
2840,0.018555,-0.417969,-0.451172,-2.136230,-86.547852,-48.828125
2841,-0.020508,-0.391602,-0.631836,25.573730,-61.401367,-40.649414
2842,0.011230,-0.317383,-0.578613,30.822754,-44.982910,-30.944824
2843,-0.013184,-0.293457,-0.582031,26.367188,-31.738281,-14.892578
2844,-0.158203,-0.345703,-0.665527,13.488770,-2.868652,11.352539
2845,-0.219238,-0.360352,-0.687500,7.141113,12.145996,22.216797
2846,-0.266602,-0.363281,-0.708984,4.699707,24.536133,32.714844
2847,-0.335449,-0.454102,-0.675293,4.577637,38.330078,52.062988
2848,-0.358398,-0.567383,-0.618652,2.075195,34.851074,52.551270
2849,-0.341309,-0.712402,-0.596680,-13.977051,11.230469,39.611816
2850,-0.326172,-0.779297,-0.665527,-24.475098,1.525879,31.188965
2851,-0.308594,-0.847656,-0.782715,-32.470703,-2.563477,21.362305
2852,-0.299316,-0.925293,-0.949707,-33.325195,0.122070,12.268066
2853,-0.200684,-1.000488,-1.128906,-17.272949,18.005371,9.094238
2854,-0.162109,-0.961914,-1.065918,-15.502930,25.146484,18.615723
2855,-0.145020,-0.917480,-0.979492,-22.155762,28.930664,29.479980
2856,-0.135254,-0.806641,-0.924805,-30.151367,42.480469,35.400391
2857,-0.130859,-0.865723,-0.822754,-32.287598,47.729492,30.761719
2858,-0.156738,-1.001465,-0.692383,-39.367676,42.541504,23.681641
2859,-0.224121,-1.178711,-0.801758,-59.265137,23.437500,11.901855
2860,-0.273438,-1.221680,-0.886230,-57.983398,21.789551,17.883301
2861,-0.343262,-1.270020,-0.921387,-46.142578,18.493652,26.489258
2862,-0.555664,-1.222656,-0.789062,-22.338867,10.437012,50.354004
2863,-0.617188,-1.124023,-0.738281,-16.967773,12.634277,58.837891
2864,-0.666016,-0.900391,-0.645508,2.258301,39.428711,73.852539
2865,-0.721191,-0.833008,-0.532227,19.409180,50.170898,74.340820
2866,-0.773926,-0.775879,-0.386719,42.053223,52.185059,68.481445
2867,-0.830566,-0.738770,-0.236328,64.086914,44.799805,57.800293
2868,-0.866699,-0.647461,-0.036133,95.092773,9.582520,29.968262
2869,-0.879883,-0.592285,0.058105,99.243164,-11.718750,19.836426
2870,-0.884766,-0.587402,0.143555,89.782715,-32.592773,5.737305
2871,-0.812500,-0.511230,0.157715,62.683105,-49.377441,-11.291504
2872,-0.493652,-0.309082,-0.065918,-5.554199,-48.339844,-21.484375
2873,-0.443848,-0.306641,-0.146484,-22.888184,-38.635254,-14.831543
2874,-0.302734,-0.350098,-0.208496,-20.507812,-30.517578,-8.422852
2875,-0.112793,-0.424316,-0.186523,-11.230469,-61.035156,-2.502441
2876,-0.026855,-0.563477,-0.584473,21.728516,-126.770020,13.122559
2877,-0.007324,-0.673828,-1.070312,24.291992,-155.334473,30.212402
2878,-0.126465,-0.703613,-0.972656,-21.057129,-121.398926,33.569336
2879,-0.178711,-0.606934,-0.701172,-55.358887,-93.017578,37.536621
2880,-0.222168,-0.517090,-0.513672,-58.715820,-56.213379,45.715332
2881,-0.246582,-0.502441,-0.473633,-37.170410,-34.057617,39.001465
2882,-0.253418,-0.467773,-0.395508,-10.437012,-7.995605,27.160645
2883,-0.289551,-0.437988,-0.148438,33.935547,22.827148,-6.835938
2884,-0.316406,-0.396484,-0.062012,45.898438,18.615723,-25.512695
2885,-0.372070,-0.356934,-0.048340,50.415039,6.958008,-41.442871
2886,-0.464355,-0.370117,-0.102051,49.926758,-7.446289,-56.701660
2887,-0.602539,-0.373535,-0.300293,42.541504,-28.442383,-85.083008
2888,-0.608887,-0.416016,-0.464844,36.010742,-24.047852,-88.134766
2889,-0.430664,-0.631348,-1.157715,42.053223,-5.615234,-74.218750
2890,-0.260742,-0.889160,-1.820801,108.703613,-6.835938,-50.720215
2891,-0.200684,-1.722656,-2.439453,158.569336,1.281738,-36.010742
2892,-0.386230,-2.004395,-1.670898,145.690918,9.033203,-28.320312
2893,-0.982910,-1.171875,-0.001465,76.232910,-22.399902,9.094238
2894,-0.913574,-0.825684,0.035645,15.502930,-18.554688,0.183105
2895,-0.867676,-0.525879,0.080078,-29.113770,-7.995605,-5.676270
2896,-0.764160,-0.382812,-0.065430,-51.513672,15.502930,-0.671387
2897,-0.787109,-0.557617,-0.166504,-33.569336,11.230469,7.141113
2898,-0.879395,-1.001465,-0.514160,-13.732910,-15.075684,19.836426
2899,-0.889160,-1.097168,-0.520996,109.619141,40.954590,15.258789
2900,-0.903809,-1.111816,-0.234863,116.577148,78.063965,8.972168
2901,-0.830566,-1.090332,-0.077637,101.257324,98.144531,-0.427246
2902,-0.714844,-1.031738,0.027832,77.026367,106.445312,-10.009766
2903,-0.508301,-0.887207,0.136719,16.723633,111.145020,-28.137207
2904,-0.448242,-0.853027,0.180176,-22.888184,110.534668,-32.348633
2905,-0.444336,-0.934570,0.231934,-114.440918,104.919434,-35.034180
2906,-0.477051,-1.023438,0.206055,-156.799316,95.825195,-36.987305
2907,-0.488281,-1.088379,0.066406,-183.837891,83.923340,-37.963867
2908,-0.533203,-1.203613,-0.219238,-165.161133,48.767090,-33.691406
2909,-0.531250,-1.214844,-0.269043,-134.216309,25.573730,-35.339355
2910,-0.482910,-1.160645,-0.377930,-100.341797,6.042480,-38.269043
2911,-0.302246,-0.934082,-0.381836,-26.428223,-15.563965,-30.517578
2912,-0.257324,-0.888184,-0.260254,-1.525879,-25.390625,-26.855469
2913,-0.205566,-0.818848,-0.163574,8.605957,-39.978027,-31.005859
2914,-0.104980,-0.614746,-0.159668,5.310059,-67.504883,-40.832520
2915,-0.087891,-0.551270,-0.194824,-0.305176,-76.110840,-43.395996
2916,-0.079590,-0.511230,-0.250488,-4.760742,-80.078125,-45.654297
2917,-0.087891,-0.471191,-0.512207,6.408691,-72.021484,-46.691895
2918,-0.058105,-0.402832,-0.570312,24.230957,-57.067871,-41.076660
2919,-0.048828,-0.367188,-0.562500,41.503906,-26.367188,-10.314941
2920,-0.099609,-0.382324,-0.605469,38.085938,-13.061523,6.225586
2921,-0.155762,-0.409668,-0.673340,34.057617,1.342773,21.179199
2922,-0.245605,-0.433105,-0.769043,30.517578,32.653809,44.860840
2923,-0.287598,-0.487793,-0.759766,31.921387,41.137695,52.124023
2924,-0.307129,-0.558594,-0.683594,30.761719,39.428711,53.405762
2925,-0.318359,-0.626953,-0.632812,22.399902,26.794434,48.706055
2926,-0.297363,-0.739746,-0.699219,-10.314941,-2.441406,32.653809
2927,-0.283691,-0.803711,-0.806152,-27.343750,-9.277344,21.728516
2928,-0.265625,-0.868164,-0.932129,-37.536621,-9.521484,11.291504
2929,-0.229492,-0.972656,-1.099609,-39.855957,4.699707,3.784180
2930,-0.241211,-0.967285,-1.093262,-41.015625,12.634277,8.789062
2931,-0.291992,-0.952148,-1.074707,-44.860840,19.104004,20.507812
2932,-0.338379,-0.791992,-1.063965,-45.104980,38.269043,46.447754
2933,-0.325195,-0.825195,-0.929199,-44.616699,49.743652,49.621582
2934,-0.234863,-1.111816,-0.754883,-46.813965,45.837402,39.611816
2935,-0.206543,-1.241699,-0.743164,-53.100586,40.893555,34.545898
2936,-0.238281,-1.291504,-0.760254,-58.715820,35.400391,35.705566
2937,-0.323730,-1.364746,-0.767578,-59.082031,26.977539,36.926270
2938,-0.464844,-1.302246,-0.611328,-48.217773,-1.708984,28.137207
2939,-0.496582,-1.176270,-0.560547,-39.367676,-18.371582,25.634766
2940,-0.530762,-1.048340,-0.539062,-25.329590,-29.296875,26.306152
2941,-0.574219,-0.941895,-0.508789,-12.329102,-30.883789,29.724121
2942,-0.664062,-0.776367,-0.346191,12.512207,-17.822266,36.010742
2943,-0.713379,-0.721191,-0.243652,27.343750,-13.427734,38.269043
2944,-0.752930,-0.706543,-0.175293,43.762207,-11.230469,36.437988
2945,-0.739746,-0.588867,-0.022949,64.575195,-1.525879,11.840820
2946,-0.689453,-0.511230,0.070312,59.509277,0.305176,-3.601074
2947,-0.633789,-0.441406,0.141602,42.541504,-3.295898,-16.052246
2948,-0.552246,-0.329590,0.020508,-4.150391,-17.333984,-26.062012
2949,-0.522949,-0.305664,-0.132324,-12.878418,-16.418457,-22.644043
2950,-0.502930,-0.324219,-0.222168,-11.962891,-9.521484,-18.249512
2951,-0.398926,-0.354492,-0.252930,-4.211426,1.220703,-7.934570
2952,-0.232910,-0.417480,-0.130371,9.277344,-22.460938,2.380371
2953,-0.198730,-0.645508,-0.605957,57.556152,-144.653320,22.338867
2954,-0.150879,-0.745605,-1.106445,64.331055,-199.584961,26.611328
2955,-0.197754,-0.734863,-1.191895,1.892090,-113.281250,31.738281
2956,-0.254395,-0.636719,-0.780273,-16.357422,-78.613281,31.311035
2957,-0.279785,-0.452637,-0.449707,-13.793945,-44.616699,20.751953
2958,-0.276855,-0.403320,-0.355957,2.563477,-23.620605,14.221191
2959,-0.281738,-0.373047,-0.272949,19.287109,1.708984,5.859375
2960,-0.287598,-0.342773,-0.156250,33.813477,25.390625,-4.272461
2961,-0.316406,-0.304688,0.061523,45.837402,33.630371,-22.949219
2962,-0.395508,-0.364746,0.058105,43.579102,21.728516,-30.334473
2963,-0.471680,-0.441895,-0.005371,39.062500,5.737305,-42.480469
2964,-0.472168,-0.513184,-0.268066,29.174805,-29.479980,-63.049316
2965,-0.386230,-0.596680,-0.559570,25.268555,-42.724609,-65.246582
2966,-0.263184,-0.739746,-1.087402,30.517578,-55.114746,-62.255859
2967,-0.228516,-1.878418,-2.719727,87.280273,-17.700195,-46.752930
2968,-0.535156,-1.788086,-1.605469,125.305176,16.479492,-43.395996
2969,-0.770508,-1.392090,-0.506836,119.812012,7.202148,-24.108887
2970,-0.908203,-1.133789,-0.114258,74.768066,-6.530762,-16.845703
2971,-0.941406,-0.564453,0.077637,-42.236328,-5.004883,-32.165527
2972,-0.909180,-0.367188,-0.013672,-67.993164,6.530762,-31.982422
2973,-0.840332,-0.418457,-0.067383,-50.659180,31.372070,-15.197754
2974,-0.855469,-0.766113,-0.335449,-27.526855,4.089355,12.207031
2975,-0.954102,-1.150879,-0.851562,51.330566,-16.174316,37.658691
2976,-1.020508,-1.266113,-0.287109,138.000488,55.847168,27.648926
2977,-0.968750,-1.291504,-0.109375,121.948242,74.279785,14.282227
2978,-0.840332,-1.250977,-0.031250,99.060059,80.566406,-2.502441
2979,-0.694824,-1.143066,0.049316,68.603516,86.425781,-19.897461
2980,-0.577148,-1.026855,0.131348,-19.714355,95.153809,-43.701172
2981,-0.369629,-0.905273,0.178711,-66.894531,97.229004,-47.241211
2982,-0.379395,-0.918457,0.160156,-152.465820,91.064453,-42.236328
2983,-0.412109,-0.937988,0.060547,-178.222656,81.237793,-35.461426
2984,-0.434082,-0.982422,-0.066895,-186.340332,67.077637,-29.663086
2985,-0.444336,-1.042480,-0.218750,-173.095703,50.476074,-27.343750
2986,-0.459473,-1.050781,-0.423828,-107.360840,18.676758,-29.907227
2987,-0.414551,-0.986816,-0.468262,-64.575195,7.446289,-28.381348
2988,-0.280273,-0.850098,-0.306152,3.234863,-12.634277,-18.493652
2989,-0.215332,-0.782715,-0.214844,12.451172,-25.390625,-18.615723
2990,-0.158691,-0.704590,-0.200195,10.742188,-36.560059,-20.935059
2991,-0.132324,-0.636719,-0.207520,5.310059,-44.250488,-24.047852
2992,-0.099121,-0.540039,-0.296875,-0.244141,-52.185059,-30.944824
2993,-0.103027,-0.506836,-0.431152,9.033203,-49.255371,-33.874512
2994,-0.066406,-0.423340,-0.470215,23.315430,-41.259766,-31.555176
2995,-0.060547,-0.365234,-0.445801,33.203125,-23.803711,-11.047363
2996,-0.089355,-0.377441,-0.479004,29.174805,-15.747070,-0.671387
2997,-0.127930,-0.376465,-0.520020,24.658203,-6.958008,7.690430
2998,-0.181152,-0.377441,-0.603027,18.066406,11.108398,25.878906
2999,-0.221191,-0.404297,-0.669434,17.822266,20.080566,34.851074
3000,-0.249512,-0.455566,-0.714355,20.935059,28.625488,42.175293
3001,-0.292480,-0.625488,-0.627930,18.859863,23.559570,41.076660
3002,-0.288574,-0.695312,-0.607910,7.934570,8.300781,32.165527
3003,-0.280273,-0.759766,-0.675293,-9.338379,-5.310059,22.155762
3004,-0.257324,-0.813965,-0.809082,-26.672363,-12.634277,9.521484
3005,-0.263672,-0.952148,-1.054688,-24.719238,-6.103516,7.568359
3006,-0.282715,-1.010742,-1.103027,-24.597168,3.540039,7.385254
3007,-0.306641,-1.029785,-1.139160,-26.428223,12.390137,10.070801
3008,-0.354492,-0.836914,-1.221191,-27.221680,33.752441,34.851074
3009,-0.407227,-0.855469,-1.056152,-32.958984,44.677734,42.663574
3010,-0.431152,-0.932617,-0.798340,-42.541504,40.893555,38.269043
3011,-0.304688,-1.093750,-0.816895,-54.687500,14.770508,22.949219
3012,-0.267578,-1.165039,-0.821777,-56.213379,16.174316,30.334473
3013,-0.355957,-1.237305,-0.782715,-58.715820,31.982422,46.264648
3014,-0.417969,-1.192383,-0.611328,-55.236816,31.127930,44.006348
3015,-0.445312,-0.913574,-0.512695,-37.170410,20.874023,37.475586
3016,-0.436523,-0.791992,-0.442871,-26.611328,21.850586,39.428711
3017,-0.463867,-0.767090,-0.395508,-14.709473,21.057129,42.907715
3018,-0.570801,-0.792969,-0.289551,18.798828,6.896973,42.114258
3019,-0.627930,-0.794434,-0.218750,33.447266,-1.647949,40.466309
3020,-0.684570,-0.788574,-0.176758,42.358398,-8.300781,38.696289
3021,-0.791504,-0.777832,-0.139160,54.504395,-8.239746,33.020020
3022,-0.824219,-0.789551,-0.048340,57.312012,-8.056641,22.094727
3023,-0.831055,-0.773438,0.017578,48.217773,-14.465332,5.249023
3024,-0.617676,-0.509766,-0.057617,14.282227,-26.428223,-20.080566
3025,-0.495605,-0.398438,-0.124512,0.854492,-26.489258,-18.859863
3026,-0.400879,-0.347656,-0.160645,-7.202148,-24.841309,-14.831543
3027,-0.024902,-0.502930,-0.561035,19.836426,-112.731934,4.211426
3028,0.036621,-0.653320,-0.914062,49.987793,-180.908203,13.977051
3029,-0.020508,-0.732422,-1.215332,33.630371,-183.959961,19.042969
3030,-0.181152,-0.634766,-0.770020,-30.456543,-129.150391,25.512695
3031,-0.211914,-0.522949,-0.588867,-36.682129,-112.121582,32.714844
3032,-0.245117,-0.465332,-0.525391,-33.203125,-89.477539,35.827637
3033,-0.281738,-0.395508,-0.353516,-10.986328,-24.841309,17.883301
3034,-0.274902,-0.360352,-0.239746,-0.549316,5.187988,3.601074
3035,-0.254883,-0.323730,-0.114746,5.004883,25.878906,-12.756348
3036,-0.278809,-0.247070,-0.049805,14.282227,17.395020,-38.940430
3037,-0.362793,-0.271973,-0.125488,18.859863,-1.525879,-52.612305
3038,-0.450195,-0.271973,-0.259277,24.291992,-22.094727,-70.373535
3039,-0.503906,-0.241211,-0.505859,36.865234,-42.175293,-89.843750
3040,-0.519043,-0.351074,-0.647949,39.367676,-31.738281,-89.721680
3041,-0.517578,-0.518555,-0.811523,52.124023,-14.526367,-81.542969
3042,-0.588867,-1.482422,-1.380859,132.446289,1.770020,-46.142578
3043,-0.672852,-1.908203,-1.155762,145.751953,-27.648926,-28.381348
3044,-1.015625,-1.743652,-0.744141,142.150879,-65.612793,17.761230
3045,-1.062012,-1.074219,-0.319824,41.503906,-61.340332,24.230957
3046,-0.954102,-0.805664,-0.378906,-7.690430,-37.841797,23.254395
3047,-0.931641,-0.691895,-0.342285,-41.137695,-2.075195,23.010254
3048,-0.964355,-0.845215,-0.415039,-45.288086,35.522461,17.639160
3049,-0.923828,-0.809570,-0.369629,18.188477,49.499512,9.887695
3050,-0.916992,-0.813477,-0.211914,72.448730,73.242188,1.220703
3051,-0.788086,-0.834473,-0.006348,108.337402,108.581543,-17.944336
3052,-0.720215,-0.844238,0.057129,102.233887,116.699219,-23.315430
3053,-0.648926,-0.875488,0.083496,86.242676,117.980957,-26.306152
3054,-0.606445,-0.934082,0.086914,66.223145,117.431641,-28.442383
3055,-0.543945,-1.063965,0.217773,2.990723,124.206543,-43.579102
3056,-0.497559,-1.111816,0.317871,-53.527832,123.596191,-50.048828
3057,-0.447266,-1.148926,0.321289,-116.882324,114.868164,-50.109863
3058,-0.386719,-1.194336,0.060547,-205.627441,82.885742,-36.926270
3059,-0.412109,-1.215820,-0.121582,-212.463379,63.903809,-38.452148
3060,-0.402832,-1.170898,-0.358398,-187.866211,46.875000,-44.738770
3061,-0.255371,-0.992676,-0.468750,-71.777344,12.756348,-39.184570
3062,-0.185547,-0.927246,-0.369141,-17.944336,-7.934570,-29.357910
3063,-0.135254,-0.875488,-0.199219,15.563965,-30.700684,-23.132324
3064,-0.102051,-0.815430,-0.074219,23.315430,-56.152344,-22.949219
3065,-0.116211,-0.668945,-0.105469,5.126953,-91.369629,-33.630371
3066,-0.130371,-0.613770,-0.136719,-2.990723,-98.205566,-42.663574
3067,-0.130859,-0.544922,-0.175293,-5.004883,-99.121094,-56.701660
3068,-0.097168,-0.442383,-0.345215,2.319336,-91.491699,-56.213379
3069,-0.068359,-0.399902,-0.454590,10.131836,-77.209473,-50.354004
3070,-0.069824,-0.370117,-0.587402,19.104004,-55.603027,-41.748047
3071,-0.087402,-0.230957,-0.681641,40.649414,-11.169434,-4.028320
3072,-0.162598,-0.217285,-0.778320,49.560547,10.009766,20.812988
3073,-0.270508,-0.249512,-0.860352,58.776855,32.104492,43.090820
3074,-0.422363,-0.412598,-0.720215,55.541992,51.147461,62.011719
3075,-0.395508,-0.492676,-0.708008,44.067383,51.818848,66.833496
3076,-0.378906,-0.596680,-0.659180,26.916504,47.546387,68.725586
3077,-0.348633,-0.701172,-0.651367,3.662109,41.381836,66.040039
3078,-0.310059,-0.906250,-0.736816,-33.569336,24.353027,46.997070
3079,-0.271484,-0.998535,-0.830566,-41.381836,18.371582,36.499023
3080,-0.259766,-1.122070,-0.968750,-46.447754,18.859863,24.658203
3081,-0.249512,-1.133789,-1.169434,-50.537109,34.484863,9.460449
3082,-0.282715,-1.038574,-1.154297,-52.246094,42.419434,14.526367
3083,-0.324707,-0.880371,-1.151367,-52.368164,46.997070,28.198242
3084,-0.362305,-0.847656,-1.107910,-50.903320,53.527832,35.705566
3085,-0.322266,-0.936035,-0.771973,-47.058105,40.161133,30.090332
3086,-0.252441,-0.977051,-0.771484,-43.762207,25.329590,25.390625
3087,-0.238770,-1.019043,-0.790527,-41.442871,16.052246,31.127930
3088,-0.290039,-1.089355,-0.782227,-57.067871,28.686523,53.222656
3089,-0.408691,-1.137695,-0.526367,-79.650879,34.179688,56.091309
3090,-0.447754,-1.113770,-0.484863,-75.073242,21.362305,48.706055
3091,-0.500000,-1.088867,-0.503906,-59.997559,8.117676,38.574219
3092,-0.537598,-0.984375,-0.476074,-24.414062,-1.831055,27.893066
3093,-0.553711,-0.944824,-0.386230,-7.873535,-5.981445,29.479980
3094,-0.589844,-0.934570,-0.312988,7.934570,-10.925293,33.020020
3095,-0.626953,-0.917480,-0.273926,24.963379,-13.061523,34.606934
3096,-0.695801,-0.835938,-0.187012,59.692383,-4.394531,28.869629
3097,-0.703613,-0.788086,-0.128418,67.871094,6.530762,21.667480
3098,-0.678711,-0.747559,-0.036621,63.720703,17.395020,9.582520
3099,-0.594727,-0.580566,0.002930,38.452148,15.258789,-17.883301
3100,-0.542969,-0.477539,-0.063477,32.470703,9.765625,-28.625488
3101,-0.448242,-0.354980,-0.084961,28.686523,5.798340,-32.958984
3102,-0.265625,-0.250977,-0.120117,6.469727,1.403809,-21.484375
3103,0.009277,-0.277344,-0.270508,10.192871,-24.230957,-7.751465
3104,0.055176,-0.561523,-0.972656,93.933105,-129.211426,15.258789
3105,-0.022461,-0.782227,-1.032715,54.199219,-128.051758,22.155762
3106,-0.069336,-0.626953,-0.677734,38.818359,-104.309082,16.662598
3107,-0.088867,-0.462891,-0.411621,29.663086,-93.811035,19.287109
3108,-0.116211,-0.375488,-0.310547,20.080566,-82.397461,26.184082
3109,-0.224121,-0.379883,-0.201660,3.173828,-39.245605,19.042969
3110,-0.262207,-0.375977,-0.130371,-2.014160,-15.747070,5.126953
3111,-0.307129,-0.378906,-0.045898,-5.615234,1.525879,-11.596680
3112,-0.425781,-0.404785,0.018066,-15.319824,8.605957,-46.142578
3113,-0.520020,-0.442871,-0.012207,-21.484375,2.258301,-63.903809
3114,-0.602051,-0.412109,-0.146973,-39.550781,-35.278320,-89.050293
3115,-0.542969,-0.413086,-0.377930,-46.386719,-61.157227,-83.374023
3116,-0.426270,-0.492188,-0.840820,-26.550293,-83.984375,-64.392090
3117,-0.310547,-1.093262,-1.854492,101.562500,-56.457520,-26.672363
3118,-0.340820,-2.092285,-2.979980,165.832520,7.751465,-34.362793
3119,-0.522461,-1.828613,-1.298340,228.759766,40.344238,-36.804199
3120,-0.780273,-1.097168,0.055664,163.513184,-28.686523,0.244141
3121,-0.906250,-0.821777,0.102051,80.993652,-46.264648,-3.540039
3122,-0.889648,-0.606445,-0.028809,-64.880371,-16.540527,-17.944336
3123,-0.838867,-0.570801,-0.249512,-102.539062,9.948730,-14.831543
3124,-0.876953,-0.879395,-0.481445,-126.342773,16.784668,-4.638672
3125,-0.837891,-1.139648,-0.966309,-78.613281,4.455566,6.958008
3126,-0.856445,-1.073730,-0.319336,112.915039,72.082520,9.399414
3127,-0.850098,-1.054688,-0.017090,140.747070,90.332031,4.943848
3128,-0.793945,-1.018066,0.136230,138.549805,94.116211,-0.244141
3129,-0.641113,-0.987305,0.279785,67.932129,93.139648,-14.831543
3130,-0.570801,-1.008301,0.336426,13.610840,89.355469,-23.559570
3131,-0.522949,-1.044922,0.357910,-44.921875,80.566406,-33.935547
3132,-0.446289,-1.144531,0.260742,-153.137207,62.011719,-56.945801
3133,-0.397949,-1.145508,0.127441,-192.382812,55.480957,-63.659668
3134,-0.388672,-1.110352,-0.037109,-211.425781,52.490234,-63.537598
3135,-0.406738,-1.084473,-0.205566,-207.458496,48.889160,-58.654785
3136,-0.390137,-0.988281,-0.391113,-127.563477,27.343750,-40.954590
3137,-0.361328,-0.954590,-0.398926,-72.326660,7.202148,-29.907227
3138,-0.280762,-0.878906,-0.199707,-2.380371,-33.813477,-20.690918
3139,-0.233887,-0.801270,-0.178711,1.831055,-51.574707,-22.949219
3140,-0.211426,-0.717773,-0.212891,-2.319336,-62.683105,-26.916504
3141,-0.173340,-0.567871,-0.298828,-9.887695,-69.824219,-35.522461
3142,-0.175293,-0.509766,-0.436035,1.953125,-66.101074,-39.855957
3143,-0.123535,-0.392578,-0.486328,25.207520,-59.753418,-38.696289
3144,-0.061523,-0.280273,-0.527832,58.166504,-41.320801,-10.681152
3145,-0.083984,-0.296387,-0.543945,61.828613,-24.902344,6.408691
3146,-0.125488,-0.340332,-0.571777,56.701660,-5.798340,18.188477
3147,-0.194824,-0.334473,-0.617676,34.484863,29.174805,34.118652
3148,-0.223145,-0.326660,-0.658203,25.756836,42.114258,41.442871
3149,-0.248535,-0.352051,-0.699707,20.141602,50.903320,47.241211
3150,-0.277832,-0.525391,-0.619141,18.127441,47.058105,51.208496
3151,-0.269531,-0.628418,-0.555664,9.948730,31.860352,47.424316
3152,-0.254395,-0.710449,-0.550293,-2.746582,11.779785,40.893555
3153,-0.246094,-0.879395,-0.700195,-40.222168,-11.352539,23.376465
3154,-0.237793,-0.962891,-0.824707,-54.138184,-12.084961,12.390137
3155,-0.219727,-1.026367,-0.953125,-59.814453,-7.629395,2.868652
3156,-0.185547,-1.116211,-1.085449,-51.635742,6.530762,-5.554199
3157,-0.176758,-1.067871,-1.042480,-43.518066,8.178711,0.793457
3158,-0.190918,-0.935547,-1.007812,-34.301758,5.798340,12.451172
3159,-0.260254,-0.841797,-0.929688,-23.315430,33.630371,32.165527
3160,-0.229980,-0.915039,-0.704102,-26.245117,36.682129,29.907227
3161,-0.206055,-1.208496,-0.679688,-47.729492,14.587402,20.141602
3162,-0.249512,-1.240723,-0.737793,-59.936523,11.596680,22.827148
3163,-0.324219,-1.270996,-0.785645,-69.213867,15.075684,30.029297
3164,-0.428223,-1.307129,-0.700195,-72.387695,12.817383,32.775879
3165,-0.538574,-1.167969,-0.624023,-57.067871,-6.469727,25.268555
3166,-0.553711,-1.055664,-0.628418,-44.677734,-7.629395,23.620605
3167,-0.606934,-0.942383,-0.488770,-18.493652,-0.976562,25.512695
3168,-0.646484,-0.893555,-0.380371,-1.220703,-3.356934,23.315430
3169,-0.674805,-0.828613,-0.259766,15.686035,-10.864258,21.179199
3170,-0.712402,-0.785156,-0.201660,30.517578,-18.981934,19.531250
3171,-0.753418,-0.686035,-0.097656,47.363281,-23.803711,11.413574
3172,-0.752441,-0.652832,-0.056641,47.546387,-22.460938,2.929688
3173,-0.727051,-0.612793,-0.016602,43.395996,-23.071289,-8.544922
3174,-0.594727,-0.425293,-0.035645,24.047852,-23.986816,-24.841309
3175,-0.520996,-0.328613,-0.108887,15.869141,-19.104004,-21.789551
3176,-0.419922,-0.281738,-0.162109,12.939453,-9.460449,-15.563965
3177,-0.176270,-0.314941,-0.123535,19.836426,-8.483887,-2.868652
3178,-0.044922,-0.500488,-0.520020,66.345215,-100.402832,18.920898
3179,-0.020508,-0.722168,-0.895020,91.308594,-176.574707,31.921387
3180,-0.098145,-0.887695,-1.334473,63.110352,-171.264648,33.447266
3181,-0.187012,-0.639160,-0.664062,11.352539,-102.294922,27.282715
3182,-0.198242,-0.475586,-0.470215,3.479004,-84.533691,33.874512
3183,-0.242188,-0.422363,-0.372070,-0.244141,-65.612793,37.902832
3184,-0.291992,-0.415527,-0.278320,-1.159668,-3.173828,20.507812
3185,-0.280762,-0.393066,-0.183594,1.892090,27.526855,3.906250
3186,-0.280762,-0.384277,-0.059082,6.835938,44.982910,-15.319824
3187,-0.335449,-0.359375,0.037109,9.643555,38.391113,-46.020508
3188,-0.392578,-0.385254,0.024414,6.958008,23.498535,-59.814453
3189,-0.463379,-0.411621,-0.010742,1.525879,2.929688,-74.035645
3190,-0.483398,-0.428223,-0.196777,-17.028809,-50.598145,-88.684082
3191,-0.401367,-0.504395,-0.509766,-21.911621,-76.721191,-78.002930
3192,-0.298340,-0.699219,-1.057617,9.704590,-94.482422,-54.748535
3193,-0.335938,-2.322266,-3.013672,110.595703,-50.048828,-22.094727
3194,-0.551270,-1.929199,-1.478027,165.466309,-6.347656,-21.911621
3195,-0.996094,-1.176758,-0.076660,109.863281,-20.446777,3.479004
3196,-1.160156,-0.903809,0.028320,59.936523,-40.283203,9.826660
3197,-1.176270,-0.729980,-0.059082,20.324707,-44.921875,19.226074
3198,-0.977051,-0.917969,-0.468750,-15.930176,0.549316,31.555176
3199,-0.863770,-0.787598,-0.357422,16.784668,25.573730,24.414062
3200,-0.875000,-0.709473,-0.129395,63.354492,45.288086,20.935059
3201,-0.902344,-0.773926,0.029297,93.750000,58.044434,12.207031
3202,-0.761230,-0.804199,0.133789,102.294922,68.908691,-13.977051
3203,-0.694824,-0.817383,0.176270,85.937500,75.988770,-27.648926
3204,-0.626953,-0.843262,0.196289,59.814453,82.031250,-40.893555
3205,-0.557617,-0.901367,0.186523,30.456543,87.951660,-51.147461
3206,-0.463379,-1.056152,0.278320,-37.597656,105.285645,-60.607910
3207,-0.444824,-1.116211,0.354004,-88.500977,109.558105,-59.570312
3208,-0.395508,-1.208984,0.291016,-202.392578,96.191406,-49.560547
3209,-0.354492,-1.203125,0.117188,-235.046387,78.063965,-43.762207
3210,-0.358398,-1.228027,-0.104980,-231.018066,54.626465,-41.687012
3211,-0.330566,-1.227051,-0.297363,-137.207031,8.483887,-52.246094
3212,-0.228516,-1.053711,-0.400391,-83.312988,-11.169434,-54.321289
3213,-0.148926,-0.920410,-0.351074,-39.123535,-27.832031,-51.696777
3214,-0.086914,-0.776367,-0.184570,4.272461,-65.917969,-35.949707
3215,-0.087402,-0.721680,-0.203613,8.728027,-83.007812,-36.926270
3216,-0.089844,-0.659180,-0.254883,10.803223,-94.238281,-42.419434
3217,-0.059082,-0.512695,-0.370605,10.864258,-96.374512,-52.062988
3218,-0.057617,-0.444336,-0.460938,11.291504,-89.050293,-50.292969
3219,-0.094727,-0.391602,-0.596191,13.244629,-75.927734,-45.104980
3220,-0.122070,-0.319824,-0.691895,17.822266,-55.541992,-39.672852
3221,-0.189941,-0.223145,-0.696289,14.343262,-22.827148,-12.817383
3222,-0.276367,-0.254883,-0.750977,10.803223,-11.108398,1.892090
3223,-0.317871,-0.282715,-0.812012,13.000488,3.601074,16.235352
3224,-0.358398,-0.427246,-0.728516,12.451172,34.912109,44.738770
3225,-0.356934,-0.538086,-0.658691,7.568359,44.250488,54.748535
3226,-0.354980,-0.639648,-0.588867,0.488281,47.302246,59.020996
3227,-0.321777,-0.785645,-0.484863,-19.958496,32.104492,53.894043
3228,-0.297852,-0.861816,-0.490234,-32.165527,19.042969,45.288086
3229,-0.267090,-0.939453,-0.547852,-43.395996,7.812500,33.447266
3230,-0.209473,-1.063965,-0.801758,-41.259766,-4.333496,10.986328
3231,-0.188477,-1.062988,-0.895996,-29.418945,-3.723145,6.164551
3232,-0.184570,-0.960449,-0.964844,-19.714355,1.220703,11.291504
3233,-0.268555,-0.802246,-1.103027,-15.319824,38.269043,41.809082
3234,-0.265625,-0.788574,-1.035156,-17.883301,62.011719,48.278809
3235,-0.260742,-0.813965,-0.905273,-23.620605,74.768066,47.302246
3236,-0.236816,-0.995117,-0.581543,-48.400879,45.593262,22.827148
3237,-0.251953,-1.137207,-0.771973,-52.795410,2.319336,19.836426
3238,-0.290527,-1.265137,-0.826172,-48.278809,-4.333496,25.085449
3239,-0.317383,-1.346191,-0.798340,-43.945312,-13.793945,32.470703
3240,-0.496582,-1.340332,-0.598145,-46.325684,-19.409180,26.672363
3241,-0.487793,-1.119141,-0.638672,-48.706055,-18.432617,24.169922
3242,-0.495605,-0.972656,-0.627930,-45.288086,-8.239746,29.968262
3243,-0.554688,-0.839844,-0.470215,-14.953613,6.958008,41.503906
3244,-0.594238,-0.791992,-0.386230,8.117676,9.033203,46.020508
3245,-0.637207,-0.752441,-0.296875,30.212402,9.948730,48.889160
3246,-0.729980,-0.719238,-0.155762,59.020996,14.526367,42.419434
3247,-0.764648,-0.716309,-0.088867,62.255859,18.554688,31.860352
3248,-0.784180,-0.711914,-0.054688,58.898926,19.958496,17.700195
3249,-0.726074,-0.636719,0.012207,45.837402,10.437012,-12.878418
3250,-0.631836,-0.537598,-0.024902,32.287598,-0.366211,-23.559570
3251,-0.498047,-0.426758,-0.110840,20.568848,-7.324219,-23.620605
3252,-0.209961,-0.373047,-0.214844,15.991211,-25.756836,-5.371094
3253,-0.098633,-0.535645,-0.651855,62.133789,-106.872559,16.296387
3254,-0.149902,-0.843750,-1.250000,46.203613,-145.812988,35.522461
3255,-0.203613,-0.793457,-0.917480,10.070801,-106.079102,28.808594
3256,-0.197754,-0.586426,-0.527832,-9.216309,-83.984375,26.000977
3257,-0.169922,-0.428711,-0.359375,-15.441895,-76.293945,32.653809
3258,-0.226074,-0.380859,-0.323242,-4.638672,-36.682129,34.301758
3259,-0.252441,-0.380859,-0.252441,7.690430,-8.422852,25.573730
3260,-0.274414,-0.408203,-0.151367,19.897461,13.732910,10.498047
3261,-0.250977,-0.368652,0.037598,31.860352,26.306152,-25.024414
3262,-0.262695,-0.348633,0.043457,29.052734,21.057129,-36.987305
3263,-0.328125,-0.405273,0.042969,20.080566,11.047363,-49.316406
3264,-0.403320,-0.413574,-0.146973,-9.948730,-15.258789,-76.782227
3265,-0.395996,-0.431641,-0.265137,-24.108887,-23.986816,-81.909180
3266,-0.383301,-0.481934,-0.385254,-38.391113,-32.958984,-83.618164
3267,-0.328613,-0.533203,-0.625977,-45.898438,-42.663574,-80.261230
3268,-0.255859,-0.993164,-1.423828,44.006348,-44.677734,-42.236328
3269,-0.228027,-1.857422,-2.405762,80.993652,-39.916992,-38.208008
3270,-0.404297,-1.930664,-1.707520,147.033691,-34.240723,-27.893066
3271,-1.060547,-1.261230,-0.109863,130.981445,-33.508301,3.479004
3272,-1.024414,-0.910645,-0.009766,65.063477,-27.526855,-10.437012
3273,-0.994141,-0.645996,-0.017090,1.403809,-16.113281,-22.460938
3274,-0.932129,-0.467285,-0.072754,-43.823242,0.305176,-25.329590
3275,-0.870605,-0.595215,-0.179688,-74.218750,-2.441406,0.732422
3276,-0.874023,-0.968262,-0.723633,-44.372559,-39.733887,23.315430
3277,-0.904297,-1.146484,-0.928223,44.433594,-16.784668,22.827148
3278,-0.859863,-1.115723,-0.322754,125.122070,66.040039,0.427246
3279,-0.762695,-1.064453,-0.148926,118.469238,87.219238,-11.901855
3280,-0.656738,-0.992188,-0.009277,98.266602,99.914551,-20.446777
3281,-0.503906,-0.926758,0.151367,30.822754,106.567383,-30.761719
3282,-0.446289,-0.935059,0.180664,-9.887695,107.238770,-36.010742
3283,-0.421875,-0.948242,0.231445,-56.518555,105.834961,-40.405273
3284,-0.418457,-1.026367,0.189453,-153.442383,92.956543,-36.254883
3285,-0.439453,-1.107422,0.104004,-182.739258,80.078125,-31.005859
3286,-0.464844,-1.181152,-0.014648,-188.720703,63.110352,-28.137207
3287,-0.494629,-1.232422,-0.167969,-139.221191,29.235840,-31.433105
3288,-0.445801,-1.166992,-0.332520,-92.956543,14.343262,-31.555176
3289,-0.378418,-1.063965,-0.262207,-47.973633,-2.929688,-28.991699
3290,-0.328613,-0.993652,-0.180176,-17.395020,-20.141602,-25.939941
3291,-0.211914,-0.809082,-0.118652,-3.540039,-46.020508,-23.376465
3292,-0.190430,-0.721191,-0.142090,-8.666992,-53.283691,-25.634766
3293,-0.169922,-0.646973,-0.176758,-13.244629,-58.410645,-29.907227
3294,-0.163086,-0.538574,-0.290527,-9.460449,-65.063477,-38.696289
3295,-0.159668,-0.483398,-0.412598,10.314941,-61.340332,-43.884277
3296,-0.114258,-0.397949,-0.430664,35.949707,-55.236816,-42.297363
3297,-0.069336,-0.337891,-0.442871,57.373047,-49.621582,-31.494141
3298,-0.070801,-0.308594,-0.511719,71.228027,-25.756836,7.080078
3299,-0.123047,-0.345215,-0.565918,67.199707,-6.103516,24.169922
3300,-0.211914,-0.336426,-0.624023,58.044434,33.874512,51.330566
3301,-0.292480,-0.334961,-0.715820,54.565430,47.424316,63.903809
3302,-0.353516,-0.404785,-0.725586,55.908203,52.917480,69.946289
3303,-0.317383,-0.576172,-0.684570,49.011230,46.691895,70.861816
3304,-0.260742,-0.659180,-0.645996,29.663086,39.855957,68.420410
3305,-0.239258,-0.751465,-0.646973,2.685547,31.494141,63.659668
3306,-0.225586,-0.952148,-0.784180,-41.992188,15.991211,46.569824
3307,-0.239746,-1.038086,-0.879395,-54.382324,13.549805,37.780762
3308,-0.261719,-1.120117,-0.967773,-60.729980,14.953613,28.808594
3309,-0.295898,-1.170410,-1.029297,-64.575195,20.446777,19.714355
3310,-0.328125,-0.953613,-1.122070,-61.035156,35.034180,19.775391
3311,-0.357422,-0.898926,-1.124512,-49.621582,46.508789,30.883789
3312,-0.344238,-0.880371,-0.971191,-39.733887,54.077148,34.912109
3313,-0.297363,-1.026855,-0.671387,-39.672852,35.034180,27.099609
3314,-0.273926,-1.133301,-0.733398,-43.579102,20.141602,24.902344
3315,-0.317383,-1.171387,-0.734375,-51.879883,25.756836,35.095215
3316,-0.380859,-1.202148,-0.733887,-59.326172,35.156250,44.921875
3317,-0.490723,-1.174316,-0.566406,-57.128906,31.433105,56.640625
3318,-0.532227,-1.120605,-0.515137,-45.532227,23.132324,52.795410
3319,-0.542480,-0.999023,-0.538086,-34.606934,23.071289,47.302246
3320,-0.555664,-0.843750,-0.431152,-17.761230,35.156250,43.029785
3321,-0.579590,-0.810547,-0.340332,-5.615234,32.958984,38.513184
3322,-0.601074,-0.768555,-0.244141,8.605957,24.414062,33.508301
3323,-0.632324,-0.737793,-0.165527,22.155762,11.840820,29.724121
3324,-0.731445,-0.688965,-0.076660,42.663574,-11.962891,20.996094
3325,-0.784180,-0.682617,-0.047363,48.278809,-19.958496,12.878418
3326,-0.783691,-0.664551,-0.014648,45.593262,-27.160645,2.319336
3327,-0.761719,-0.655273,-0.032715,33.386230,-31.066895,-7.507324
3328,-0.606934,-0.524902,-0.162109,-7.324219,-17.700195,-24.719238
3329,-0.485352,-0.449707,-0.174316,-15.197754,-12.512207,-23.925781
3330,-0.418945,-0.425293,-0.208008,-17.822266,-13.366699,-20.141602
3331,-0.045410,-0.473633,-0.844238,34.606934,-61.096191,4.333496
3332,0.054688,-0.550293,-1.017578,83.251953,-96.740723,21.362305
3333,0.048340,-0.683594,-1.070312,66.772461,-101.196289,32.104492
3334,-0.038086,-0.798828,-0.989746,35.583496,-81.237793,26.184082
3335,-0.066895,-0.535156,-0.469238,5.065918,-58.288574,4.821777
3336,-0.076172,-0.386230,-0.364746,4.089355,-55.358887,9.460449
3337,-0.114746,-0.318848,-0.331055,12.451172,-45.532227,18.066406
3338,-0.219727,-0.326660,-0.223633,42.541504,-10.498047,14.953613
3339,-0.275879,-0.350098,-0.163574,57.739258,5.554199,3.723145
3340,-0.333984,-0.376465,-0.062012,67.565918,14.953613,-10.803223
3341,-0.389160,-0.409180,0.014160,68.359375,15.563965,-27.832031
3342,-0.468262,-0.468750,0.088379,36.010742,-5.187988,-54.382324
3343,-0.508301,-0.522461,0.008789,12.573242,-23.071289,-62.927246
3344,-0.483398,-0.546875,-0.133301,-7.629395,-41.503906,-65.368652
3345,-0.325684,-0.669434,-0.663086,-32.287598,-78.918457,-47.546387
3346,-0.307617,-0.866211,-1.163086,2.929688,-92.590332,-27.221680
3347,-0.300781,-1.181641,-1.624023,63.964844,-79.956055,-13.366699
3348,-0.431152,-1.866211,-2.378906,137.268066,-36.926270,-15.441895
3349,-0.781250,-1.290527,-0.352539,215.820312,-9.033203,-15.747070
3350,-0.836426,-0.932617,0.025879,174.499512,-46.936035,8.605957
3351,-0.886230,-0.708008,0.103027,96.557617,-63.171387,12.084961
3352,-0.716309,-0.357422,-0.104492,-65.734863,-33.813477,-21.240234
3353,-0.698242,-0.338379,-0.195312,-114.074707,-3.356934,-30.029297
3354,-0.708008,-0.427246,-0.304199,-138.366699,21.606445,-34.729004
3355,-0.758301,-1.328125,-1.207031,-143.310547,-9.399414,-13.671875
3356,-0.707031,-1.393555,-1.086426,65.612793,-4.089355,-13.305664
3357,-0.758301,-1.194336,-0.320312,168.640137,36.865234,-10.498047
3358,-0.848633,-1.136230,0.193848,161.926270,76.965332,-13.671875
3359,-0.806641,-1.078125,0.306152,118.896484,82.824707,-15.136719
3360,-0.727051,-1.000977,0.347656,61.950684,85.693359,-20.141602
3361,-0.580078,-0.915527,0.324219,-44.128418,83.129883,-32.653809
3362,-0.536133,-0.930176,0.320801,-86.486816,78.430176,-35.156250
3363,-0.521973,-0.995605,0.275879,-122.009277,72.021484,-36.682129
3364,-0.489746,-1.154297,0.077637,-155.151367,57.128906,-44.311523
3365,-0.472656,-1.172363,0.003906,-154.418945,47.851562,-46.264648
3366,-0.453613,-1.158691,-0.045898,-146.972656,33.081055,-46.813965
3367,-0.417969,-1.103516,-0.106934,-131.103516,13.366699,-47.485352
3368,-0.325195,-0.895508,-0.207031,-75.866699,-26.367188,-42.846680
3369,-0.279297,-0.783691,-0.226562,-49.926758,-39.611816,-34.729004
3370,-0.228516,-0.717285,-0.213867,-31.982422,-47.668457,-28.015137
3371,-0.156250,-0.622070,-0.217773,-18.188477,-55.053711,-28.869629
3372,-0.129395,-0.572754,-0.235840,-15.380859,-56.823730,-33.386230
3373,-0.109375,-0.516602,-0.278320,-11.169434,-59.631348,-37.353516
3374,-0.119141,-0.437988,-0.433594,1.647949,-62.927246,-38.696289
3375,-0.146484,-0.422852,-0.570312,10.681152,-54.199219,-35.400391
3376,-0.143555,-0.369629,-0.618652,31.250000,-23.986816,-13.244629
3377,-0.208984,-0.365723,-0.629395,32.897949,-10.681152,-0.732422
3378,-0.253418,-0.374512,-0.648438,29.724121,0.366211,10.559082
3379,-0.286621,-0.358887,-0.692383,27.404785,8.850098,23.559570
3380,-0.368652,-0.461426,-0.777344,28.747559,31.982422,49.987793
3381,-0.392578,-0.551758,-0.714355,24.780273,39.123535,54.687500
3382,-0.384277,-0.627930,-0.629883,16.479492,35.949707,53.100586
3383,-0.365723,-0.674805,-0.567871,2.441406,23.437500,48.034668
3384,-0.340820,-0.793945,-0.663574,-40.771484,-0.427246,32.531738
3385,-0.338867,-0.888672,-0.789551,-56.152344,-4.028320,22.155762
3386,-0.327148,-0.972656,-0.925781,-59.692383,-1.464844,13.488770
3387,-0.292480,-1.110840,-1.032227,-45.959473,14.465332,7.507324
3388,-0.252441,-1.047363,-0.981934,-39.916992,19.775391,13.366699
3389,-0.247070,-0.964844,-0.916992,-35.095215,21.057129,24.963379
3390,-0.283203,-0.814941,-0.938965,-29.479980,25.085449,35.888672
3391,-0.262207,-0.870117,-0.772949,-26.977539,50.354004,41.259766
3392,-0.245605,-0.977051,-0.643066,-35.339355,46.691895,37.841797
3393,-0.263672,-1.137695,-0.655762,-44.677734,36.437988,31.738281
3394,-0.285645,-1.301270,-0.692383,-46.875000,19.897461,26.184082
3395,-0.357422,-1.332031,-0.682617,-44.860840,14.892578,29.602051
3396,-0.415527,-1.323730,-0.634277,-41.076660,5.493164,30.883789
3397,-0.474121,-1.245605,-0.573242,-36.193848,-1.892090,31.555176
3398,-0.524902,-1.165527,-0.519043,-30.212402,-6.103516,30.822754
3399,-0.555664,-0.907227,-0.503906,-15.686035,5.310059,35.278320
3400,-0.593750,-0.825684,-0.442383,-4.028320,14.160156,39.855957
3401,-0.683594,-0.711426,-0.275879,31.677246,16.418457,40.588379
3402,-0.737305,-0.664551,-0.210449,49.804688,13.854980,37.475586
3403,-0.787598,-0.637695,-0.115234,64.575195,9.643555,32.287598
3404,-0.809570,-0.630859,0.013672,61.340332,-6.042480,12.939453
3405,-0.799805,-0.616211,0.040527,41.564941,-15.380859,-2.136230
3406,-0.750488,-0.528320,-0.017578,16.113281,-23.681641,-13.916016
3407,-0.519043,-0.398926,-0.267090,-3.845215,-20.263672,-12.817383
3408,-0.415039,-0.383301,-0.289062,-1.220703,-14.099121,-9.216309
3409,-0.280762,-0.422363,-0.237793,7.812500,-18.493652,-2.624512
3410,-0.158691,-0.554199,-0.422852,49.682617,-131.835938,19.226074
3411,-0.074707,-0.634277,-0.843750,50.292969,-152.770996,28.015137
3412,-0.103516,-0.650391,-0.978027,31.677246,-143.066406,36.132812
3413,-0.187500,-0.705566,-0.953125,1.770020,-114.440918,36.804199
3414,-0.225586,-0.529785,-0.564941,-27.465820,-69.946289,36.254883
3415,-0.240723,-0.471191,-0.462891,-16.662598,-53.283691,36.132812
3416,-0.256348,-0.394043,-0.310059,32.287598,-7.019043,19.592285
3417,-0.263672,-0.366699,-0.212891,57.128906,20.141602,7.019043
3418,-0.276855,-0.359863,-0.070312,74.523926,38.879395,-9.460449
3419,-0.297363,-0.336426,0.041504,83.374023,43.151855,-26.245117
3420,-0.398438,-0.379883,0.173340,69.824219,19.714355,-55.419922
3421,-0.456055,-0.421387,0.142578,51.208496,-1.037598,-70.495605
3422,-0.472656,-0.453613,0.020508,31.921387,-18.066406,-80.810547
3423,-0.422852,-0.621582,-0.314941,-7.751465,-28.198242,-83.496094
3424,-0.383789,-0.754395,-0.587402,-20.812988,-29.357910,-77.026367
3425,-0.328125,-1.029785,-1.072266,-6.713867,-38.818359,-61.157227
3426,-0.496582,-2.139648,-2.063965,89.721680,-109.619141,-18.615723
3427,-1.099609,-1.608887,-0.873047,126.708984,-122.375488,28.015137
3428,-1.244629,-1.214355,-0.410156,92.224121,-103.271484,28.198242
3429,-0.920898,-0.507812,-0.187012,-29.968262,-20.874023,-10.070801
3430,-0.810059,-0.323730,-0.148438,-77.087402,24.780273,-24.963379
3431,-0.762207,-0.264160,-0.136230,-105.102539,65.917969,-35.827637
3432,-0.841797,-0.437988,-0.036621,-104.370117,87.524414,-34.729004
3433,-0.854492,-0.819824,-0.472168,-67.932129,45.471191,-5.737305
3434,-0.911133,-1.078613,-0.704102,42.968750,47.363281,16.418457
3435,-1.022949,-1.223633,-0.451660,114.135742,73.913574,20.690918
3436,-0.924316,-1.344727,-0.193359,117.126465,107.727051,2.014160
3437,-0.763672,-1.265137,-0.102051,84.411621,117.858887,-7.141113
3438,-0.485352,-1.082031,0.047852,-13.488770,127.319336,-26.062012
3439,-0.357422,-0.970215,0.111816,-65.002441,128.173828,-34.790039
3440,-0.282715,-0.921875,0.144043,-113.342285,120.178223,-39.916992
3441,-0.266113,-0.932129,0.130859,-149.169922,105.224609,-43.640137
3442,-0.298340,-1.012207,-0.050781,-160.034180,58.227539,-48.706055
3443,-0.333496,-1.078613,-0.174316,-137.878418,30.456543,-47.119141
3444,-0.340332,-1.118652,-0.275391,-102.844238,3.845215,-41.992188
3445,-0.348145,-1.167969,-0.287109,-24.047852,-40.039062,-32.958984
3446,-0.295410,-1.088867,-0.187988,-0.915527,-55.725098,-33.020020
3447,-0.164062,-0.829102,-0.087891,1.770020,-77.453613,-30.395508
3448,-0.154297,-0.740723,-0.162598,-2.807617,-79.711914,-28.686523
3449,-0.147461,-0.653809,-0.214844,-0.793457,-75.378418,-30.273438
3450,-0.142578,-0.591797,-0.249023,5.981445,-69.824219,-33.264160
3451,-0.121094,-0.488281,-0.322266,37.109375,-56.396484,-35.522461
3452,-0.108887,-0.453613,-0.341797,51.025391,-49.743652,-30.029297
3453,-0.135254,-0.431641,-0.407715,61.950684,-30.578613,-10.375977
3454,-0.150391,-0.414551,-0.473633,59.387207,-14.831543,3.234863
3455,-0.190918,-0.452637,-0.543945,53.649902,5.798340,15.991211
3456,-0.229004,-0.454590,-0.588379,48.034668,28.503418,27.648926
3457,-0.298340,-0.462402,-0.583496,40.466309,62.072754,50.048828
3458,-0.330566,-0.458008,-0.621094,37.719727,69.396973,59.448242
3459,-0.361816,-0.471191,-0.732910,41.320801,72.448730,67.993164
3460,-0.369629,-0.541992,-0.735352,49.133301,66.467285,71.289062
3461,-0.235352,-0.667480,-0.698242,32.958984,35.766602,57.678223
3462,-0.178223,-0.748535,-0.777832,6.713867,22.766113,47.729492
3463,-0.141113,-0.992676,-1.000488,-35.400391,14.526367,27.832031
3464,-0.165039,-1.136719,-1.062012,-43.334961,18.371582,18.920898
3465,-0.185059,-1.211914,-1.037598,-50.598145,25.024414,10.986328
3466,-0.211426,-1.201172,-0.978516,-59.936523,29.785156,7.263184
3467,-0.229492,-1.051270,-0.937012,-64.697266,29.479980,8.666992
3468,-0.276367,-0.894043,-0.911133,-49.926758,42.419434,18.615723
3469,-0.260254,-0.922363,-0.727539,-44.128418,39.428711,18.554688
3470,-0.268066,-1.117188,-0.692383,-48.217773,17.089844,14.892578
3471,-0.292969,-1.166504,-0.715332,-52.124023,15.136719,23.010254
3472,-0.360352,-1.187012,-0.742676,-64.636230,23.315430,34.240723
3473,-0.442871,-1.210938,-0.770508,-74.951172,34.912109,45.898438
3474,-0.556641,-1.190430,-0.610352,-68.176270,34.545898,54.138184
3475,-0.596191,-1.123535,-0.522949,-56.091309,23.925781,49.743652
3476,-0.604980,-1.025879,-0.503418,-43.395996,16.906738,43.395996
3477,-0.639160,-0.879883,-0.373047,-18.676758,13.732910,29.602051
3478,-0.650879,-0.829102,-0.279297,-4.882812,7.629395,22.521973
3479,-0.704590,-0.750977,-0.122559,26.794434,-18.615723,13.183594
3480,-0.738281,-0.686523,-0.057617,40.710449,-30.090332,11.230469
3481,-0.760742,-0.642090,-0.002930,49.133301,-36.071777,9.826660
3482,-0.752930,-0.613281,0.063477,46.447754,-39.611816,3.723145
3483,-0.664551,-0.515137,0.041992,10.498047,-37.536621,-16.174316
3484,-0.597168,-0.429199,-0.023926,-11.596680,-27.954102,-22.644043
3485,-0.520508,-0.354004,-0.120117,-24.414062,-16.235352,-22.888184
3486,-0.430664,-0.386719,-0.205566,-21.911621,1.892090,-14.770508
3487,-0.389648,-0.426758,-0.223633,-17.639160,6.530762,-15.258789
3488,-0.309570,-0.430664,-0.243652,-13.793945,6.103516,-14.892578
3489,-0.041992,-0.438477,-0.272461,5.004883,-22.583008,-4.455566
3490,0.021484,-0.833008,-1.269531,93.322754,-160.034180,32.348633
3491,-0.014160,-0.864746,-1.143555,57.006836,-134.948730,33.142090
3492,-0.036133,-0.743652,-0.789551,42.358398,-110.229492,28.076172
3493,-0.090820,-0.463379,-0.474609,33.569336,-78.796387,27.221680
3494,-0.166016,-0.443848,-0.430176,31.066895,-55.541992,24.963379
3495,-0.219238,-0.450195,-0.388184,31.555176,-25.817871,15.197754
3496,-0.275391,-0.402832,-0.197266,44.372559,23.315430,-16.723633
3497,-0.305176,-0.375977,-0.083984,46.508789,31.860352,-32.958984
3498,-0.341309,-0.378418,-0.009766,40.222168,28.869629,-46.752930
3499,-0.443359,-0.486816,-0.030762,4.150391,2.929688,-68.420410
3500,-0.437500,-0.533203,-0.140137,-18.127441,-15.502930,-74.401855
3501,-0.349121,-0.670410,-0.642090,-16.357422,-49.743652,-56.030273
3502,-0.379883,-0.937988,-0.939941,31.311035,-61.645508,-31.921387
3503,-0.424805,-1.588867,-1.627441,60.668945,-78.002930,-17.639160
3504,-0.502930,-2.140625,-2.330566,109.863281,-85.998535,-5.371094
3505,-1.022461,-1.210449,-0.268066,159.912109,-49.865723,23.742676
3506,-0.947266,-0.879883,-0.065918,95.031738,-48.767090,4.943848
3507,-0.847168,-0.591309,-0.089355,15.197754,-41.015625,-11.596680
3508,-0.739258,-0.333496,-0.247559,-105.712891,10.131836,-33.081055
3509,-0.749023,-0.364746,-0.342285,-128.601074,38.452148,-37.170410
3510,-0.759277,-0.524414,-0.339844,-142.822266,46.630859,-27.587891
3511,-0.828125,-1.322754,-1.026855,55.969238,29.052734,8.178711
3512,-0.857910,-1.273438,-0.487305,162.658691,71.350098,7.202148
3513,-0.868652,-1.266602,-0.102051,191.406250,101.196289,3.417969
3514,-0.710449,-1.124512,0.298340,143.920898,114.929199,-8.911133
3515,-0.611816,-1.059082,0.409668,80.932617,109.924316,-20.690918
3516,-0.520020,-1.020508,0.440918,11.413574,100.341797,-31.677246
3517,-0.440430,-1.061035,0.384766,-105.651855,72.998047,-47.424316
3518,-0.435547,-1.114746,0.301758,-147.216797,56.823730,-51.696777
3519,-0.426758,-1.146973,0.160156,-169.616699,42.724609,-52.978516
3520,-0.437500,-1.168945,0.082031,-174.011230,28.808594,-51.269531
3521,-0.452148,-1.184082,0.024414,-132.507324,-22.521973,-45.898438
3522,-0.403809,-1.128906,-0.046387,-98.449707,-51.879883,-49.621582
3523,-0.348633,-1.019531,-0.097656,-66.467285,-73.364258,-53.405762
3524,-0.295410,-0.895996,-0.136719,-43.640137,-84.472656,-53.405762
3525,-0.230957,-0.742676,-0.242188,-23.254395,-79.223633,-45.288086
3526,-0.204590,-0.683594,-0.262207,-18.798828,-66.589355,-43.884277
3527,-0.187500,-0.633789,-0.262207,-14.221191,-55.664062,-44.250488
3528,-0.140625,-0.569824,-0.269043,-4.577637,-44.921875,-45.471191
3529,-0.136719,-0.530273,-0.339355,2.014160,-44.250488,-42.602539
3530,-0.170898,-0.506836,-0.482910,16.296387,-44.555664,-39.794922
3531,-0.165039,-0.362305,-0.585938,43.579102,-37.170410,-23.254395
3532,-0.204102,-0.368164,-0.642578,45.776367,-29.296875,-6.958008
3533,-0.285156,-0.375000,-0.755859,43.212891,1.586914,19.836426
3534,-0.301270,-0.321289,-0.802734,37.963867,18.493652,33.081055
3535,-0.334473,-0.346680,-0.847656,32.592773,36.743164,47.241211
3536,-0.375000,-0.524902,-0.732422,29.357910,64.880371,64.636230
3537,-0.359375,-0.608887,-0.622559,21.301270,61.462402,65.063477
3538,-0.308105,-0.766113,-0.575195,-15.869141,31.738281,52.978516
3539,-0.282227,-0.840820,-0.625488,-39.428711,17.761230,40.771484
3540,-0.268066,-0.934082,-0.720703,-57.617188,6.958008,28.381348
3541,-0.253418,-1.134766,-0.921875,-58.532715,2.258301,7.446289
3542,-0.221680,-1.156738,-0.896973,-47.912598,3.295898,4.089355
3543,-0.189453,-1.050293,-0.821289,-38.024902,0.610352,10.375977
3544,-0.208496,-0.955566,-0.796387,-31.494141,-0.183105,22.277832
3545,-0.240234,-0.820312,-0.875977,-23.132324,9.094238,32.714844
3546,-0.232422,-0.823730,-0.778809,-22.033691,53.894043,43.701172
3547,-0.237305,-0.972656,-0.682617,-27.709961,58.044434,43.090820
3548,-0.248047,-1.182617,-0.632812,-46.020508,39.855957,32.470703
3549,-0.278320,-1.235840,-0.674316,-54.199219,31.372070,36.682129
3550,-0.354492,-1.330566,-0.669434,-62.011719,28.442383,39.001465
3551,-0.465820,-1.280762,-0.573242,-59.082031,7.019043,38.940430
3552,-0.535156,-1.223633,-0.539062,-50.048828,-5.310059,35.400391
3553,-0.565430,-1.087402,-0.533203,-42.480469,-9.399414,31.677246
3554,-0.651367,-0.919922,-0.506348,-22.705078,2.929688,35.949707
3555,-0.708496,-0.876465,-0.401367,-6.103516,7.812500,34.484863
3556,-0.755859,-0.827148,-0.299805,10.437012,8.483887,30.029297
3557,-0.790039,-0.776367,-0.196289,22.583008,5.432129,24.047852
3558,-0.850586,-0.681152,-0.040039,33.508301,-8.422852,11.169434
3559,-0.838379,-0.666016,0.000000,30.822754,-18.554688,1.098633
3560,-0.786133,-0.623047,0.013672,18.066406,-26.123047,-11.718750
3561,-0.709473,-0.542969,-0.028809,-5.859375,-26.123047,-24.780273
3562,-0.477539,-0.376465,-0.190918,-35.278320,-15.991211,-29.479980
3563,-0.418945,-0.352051,-0.301270,-28.808594,-14.587402,-24.963379
3564,-0.329590,-0.345215,-0.402344,-6.591797,-12.878418,-16.845703
3565,-0.131836,-0.401367,-0.624512,91.247559,-80.017090,17.578125
3566,-0.043945,-0.585938,-0.749023,94.238281,-111.145020,31.433105
3567,-0.081055,-0.674316,-1.006348,63.598633,-115.966797,36.865234
3568,-0.186523,-0.774414,-1.014160,34.851074,-88.684082,31.372070
3569,-0.221191,-0.692871,-0.688477,10.559082,-62.072754,18.554688
3570,-0.208984,-0.401855,-0.317383,-12.878418,-35.217285,15.197754
3571,-0.221680,-0.342285,-0.268555,-8.789062,-19.348145,16.052246
3572,-0.267578,-0.314453,-0.160645,18.920898,22.216797,5.187988
3573,-0.285645,-0.312988,-0.058105,32.775879,36.743164,-6.591797
3574,-0.321777,-0.331543,0.023438,41.625977,40.893555,-19.836426
3575,-0.395020,-0.385742,0.105469,29.479980,21.789551,-45.471191
3576,-0.404785,-0.423340,0.037598,10.620117,3.112793,-56.152344
3577,-0.383789,-0.462402,-0.089844,-7.873535,-16.479492,-61.340332
3578,-0.282715,-0.602539,-0.391113,-34.301758,-58.471680,-55.908203
3579,-0.262207,-0.741211,-0.708008,-19.226074,-82.824707,-44.372559
3580,-0.276367,-0.966309,-1.127441,33.081055,-95.825195,-28.747559
3581,-0.273438,-1.234375,-1.532715,86.425781,-86.975098,-23.498535
3582,-0.562500,-1.868652,-1.638184,171.936035,-23.437500,-26.672363
3583,-0.874512,-1.412109,-0.401855,161.682129,-31.433105,-0.915527
3584,-1.039062,-1.124023,-0.040039,103.271484,-52.124023,2.014160
3585,-0.979004,-0.526855,-0.032715,-39.611816,-55.480957,-19.287109
3586,-0.897949,-0.378418,-0.136719,-94.543457,-34.851074,-16.418457
3587,-0.884277,-0.428223,-0.277832,-122.985840,-11.474609,-8.178711
3588,-0.913574,-1.105957,-0.888672,-87.097168,-11.535645,16.235352
3589,-0.822754,-1.217773,-0.903809,9.277344,25.451660,5.004883
3590,-0.760254,-1.135254,-0.481934,75.988770,71.655273,-5.554199
3591,-0.722168,-1.086914,-0.134277,93.872070,100.219727,-13.427734
3592,-0.583008,-0.948242,0.103027,50.781250,115.234375,-22.033691
3593,-0.527344,-0.894043,0.136230,16.235352,115.966797,-23.559570
3594,-0.432617,-0.878418,0.165039,-55.786133,108.581543,-28.686523
3595,-0.415527,-0.915527,0.195312,-85.571289,97.595215,-29.602051
3596,-0.413574,-0.980957,0.167480,-109.436035,79.772949,-30.212402
3597,-0.439941,-1.167969,-0.016113,-123.779297,36.682129,-33.020020
3598,-0.454102,-1.258301,-0.129395,-118.896484,17.456055,-34.423828
3599,-0.458984,-1.268066,-0.219238,-105.102539,0.732422,-35.644531
3600,-0.442383,-1.145020,-0.228027,-47.729492,-37.170410,-36.804199
3601,-0.384766,-1.015625,-0.181152,-17.822266,-54.809570,-37.902832
3602,-0.284180,-0.872559,-0.131836,2.624512,-68.298340,-32.775879
3603,-0.202148,-0.702148,-0.149414,6.713867,-78.613281,-26.123047
3604,-0.196777,-0.636230,-0.196289,3.784180,-74.768066,-28.320312
3605,-0.185547,-0.583008,-0.229980,3.234863,-68.542480,-32.653809
3606,-0.179688,-0.526855,-0.399902,27.160645,-53.833008,-42.846680
3607,-0.144531,-0.465820,-0.429199,46.875000,-46.142578,-40.954590
3608,-0.118652,-0.410156,-0.440430,62.255859,-39.489746,-31.127930
3609,-0.125977,-0.401855,-0.458496,66.711426,-21.545410,-2.197266
3610,-0.211426,-0.433594,-0.568848,60.546875,-6.835938,10.620117
3611,-0.264648,-0.423340,-0.646973,53.222656,8.361816,20.385742
3612,-0.324219,-0.379395,-0.712402,49.621582,20.935059,29.235840
3613,-0.380859,-0.383301,-0.766602,48.095703,26.062012,34.851074
3614,-0.352051,-0.479980,-0.767578,43.701172,37.963867,47.912598
3615,-0.344727,-0.543945,-0.708496,26.245117,39.978027,50.537109
3616,-0.284180,-0.687012,-0.683105,-15.258789,24.780273,47.729492
3617,-0.278809,-0.788086,-0.712402,-32.287598,13.610840,40.771484
3618,-0.281738,-0.980957,-0.836914,-53.161621,1.892090,20.996094
3619,-0.282227,-1.066406,-0.906250,-55.603027,2.807617,12.939453
3620,-0.274414,-1.128418,-0.962891,-50.537109,6.103516,8.300781
3621,-0.262207,-0.987793,-0.885254,-34.240723,12.817383,20.019531
3622,-0.286621,-0.806641,-0.904785,-32.775879,20.202637,34.912109
3623,-0.350586,-0.781738,-0.925293,-30.395508,39.489746,45.349121
3624,-0.341797,-0.963867,-0.614258,-35.827637,54.443359,39.001465
3625,-0.284180,-1.129883,-0.621582,-43.395996,45.532227,33.142090
3626,-0.272461,-1.239746,-0.644531,-54.687500,42.785645,33.020020
3627,-0.333984,-1.316895,-0.664062,-68.359375,45.227051,33.813477
3628,-0.483398,-1.349121,-0.660645,-68.054199,33.752441,33.996582
3629,-0.548828,-1.283203,-0.631348,-52.795410,21.118164,36.315918
3630,-0.612305,-1.219238,-0.579590,-32.470703,11.901855,37.414551
3631,-0.679199,-1.025879,-0.431152,-0.976562,9.155273,36.621094
3632,-0.704590,-0.924316,-0.344238,8.483887,14.648438,36.560059
3633,-0.735352,-0.844238,-0.239258,18.371582,17.272949,35.217285
3634,-0.789062,-0.705566,-0.090820,43.701172,9.704590,26.306152
3635,-0.812012,-0.645020,-0.027344,56.213379,4.455566,18.066406
3636,-0.822266,-0.604004,0.041016,60.180664,-0.244141,7.629395
3637,-0.796875,-0.573730,0.111816,50.476074,-6.103516,-4.394531
3638,-0.718750,-0.505371,0.046387,-1.159668,-19.775391,-25.878906
3639,-0.627441,-0.423828,-0.129395,-19.042969,-20.507812,-26.306152
3640,-0.496094,-0.436523,-0.292969,-20.935059,-5.187988,-15.869141
3641,-0.412109,-0.445801,-0.287598,-18.737793,0.244141,-12.145996
3642,-0.316895,-0.475098,-0.326172,-14.221191,-2.136230,-10.864258
3643,-0.048828,-0.481934,-0.254883,-4.577637,-34.606934,-3.601074
3644,0.074707,-0.580566,-1.129883,43.884277,-148.986816,18.859863
3645,0.014160,-0.597656,-1.237793,31.127930,-125.366211,26.611328
3646,-0.073242,-0.619141,-0.954590,5.493164,-90.637207,26.550293
3647,-0.130859,-0.467773,-0.474609,-15.136719,-58.715820,19.165039
3648,-0.129883,-0.354004,-0.373047,-6.164551,-49.011230,19.409180
3649,-0.159180,-0.319824,-0.324219,10.437012,-31.982422,20.080566
3650,-0.191406,-0.302246,-0.260254,29.113770,-8.728027,16.601562
3651,-0.303711,-0.348633,-0.052246,51.879883,30.517578,-3.784180
3652,-0.372559,-0.376953,0.021973,48.583984,35.766602,-20.446777
3653,-0.442871,-0.406250,0.060547,38.330078,30.822754,-38.269043
3654,-0.514160,-0.463379,0.003906,8.300781,2.075195,-70.190430
3655,-0.486816,-0.495605,-0.116211,-5.554199,-12.329102,-77.819824
3656,-0.416016,-0.538086,-0.299316,-17.333984,-23.681641,-78.491211
3657,-0.304688,-0.827148,-0.998047,25.207520,-49.743652,-46.813965
3658,-0.247559,-1.182129,-1.574219,82.031250,-56.457520,-33.142090
3659,-0.072266,-2.095703,-2.980469,145.935059,-49.133301,-28.137207
3660,-0.883789,-1.460449,-0.273926,215.820312,-38.391113,-7.263184
3661,-0.993164,-1.065918,0.102539,125.427246,-59.814453,-2.563477
3662,-0.911133,-0.721191,0.069824,20.202637,-56.030273,-13.244629
3663,-0.886230,-0.347656,-0.011230,-137.084961,-5.371094,-33.203125
3664,-0.981445,-0.326172,-0.089844,-161.071777,16.845703,-36.315918
3665,-1.002441,-0.755371,-0.468262,-113.464355,24.841309,2.197266
3666,-1.016602,-1.452637,-1.434082,-5.371094,1.525879,39.062500
3667,-1.008789,-1.399414,-0.837891,143.920898,36.926270,41.992188
3668,-0.938965,-1.296875,-0.339844,176.940918,84.655762,30.456543
3669,-0.692383,-1.081543,0.180176,133.300781,107.543945,3.967285
3670,-0.616699,-1.007812,0.263672,93.444824,98.022461,-3.967285
3671,-0.571777,-0.956055,0.280273,45.898438,90.515137,-13.916016
3672,-0.452637,-0.973633,0.231445,-49.499512,85.205078,-37.475586
3673,-0.423340,-1.033203,0.216797,-95.336914,83.862305,-48.889160
3674,-0.423340,-1.113770,0.069824,-133.972168,83.129883,-58.105469
3675,-0.386719,-1.100098,0.000000,-156.188965,82.946777,-58.898926
3676,-0.400391,-1.131348,-0.074219,-152.282715,58.105469,-43.640137
3677,-0.424805,-1.157227,-0.110840,-120.971680,30.090332,-39.672852
3678,-0.332520,-1.009277,-0.111816,-36.254883,-39.978027,-29.602051
3679,-0.290527,-0.933594,-0.092773,-5.981445,-65.612793,-21.972656
3680,-0.254883,-0.860840,-0.129395,5.187988,-77.331543,-18.188477
3681,-0.205566,-0.711426,-0.190430,-0.549316,-71.777344,-26.306152
3682,-0.167969,-0.643066,-0.195312,-3.967285,-68.115234,-33.447266
3683,-0.134277,-0.585938,-0.218262,-3.601074,-67.199707,-38.513184
3684,-0.117188,-0.544434,-0.282227,1.464844,-67.016602,-40.771484
3685,-0.135254,-0.497070,-0.452637,31.738281,-55.908203,-40.283203
3686,-0.111328,-0.451172,-0.479492,47.973633,-47.180176,-32.836914
3687,-0.135742,-0.415039,-0.557129,59.143066,-19.714355,-1.464844
3688,-0.192871,-0.413574,-0.607910,55.053711,1.708984,14.526367
3689,-0.232422,-0.354980,-0.700684,45.654297,27.221680,30.822754
3690,-0.379395,-0.410156,-0.735840,42.968750,71.044922,61.096191
3691,-0.419434,-0.487305,-0.672852,41.564941,76.110840,67.321777
3692,-0.433105,-0.579102,-0.590820,35.095215,67.626953,66.833496
3693,-0.397461,-0.646973,-0.538574,22.277832,47.546387,58.593750
3694,-0.271484,-0.786133,-0.666016,-13.610840,2.685547,32.531738
3695,-0.226562,-0.894043,-0.789062,-28.442383,-7.873535,21.545410
3696,-0.194336,-1.001953,-0.921875,-36.560059,-10.131836,11.108398
3697,-0.189941,-1.092285,-1.020508,-36.682129,-6.530762,4.150391
3698,-0.254395,-1.143066,-1.082031,-44.067383,12.207031,3.540039
3699,-0.299805,-1.046387,-1.073730,-49.987793,21.484375,9.338379
3700,-0.341309,-0.871094,-1.173828,-48.461914,35.644531,23.803711
3701,-0.349121,-0.882324,-0.780273,-50.109863,54.748535,36.010742
3702,-0.308105,-0.996582,-0.688477,-53.771973,41.992188,29.724121
3703,-0.211914,-1.062988,-0.716797,-49.560547,29.235840,28.930664
3704,-0.306152,-1.262695,-0.724121,-60.424805,35.949707,45.776367
3705,-0.385742,-1.328125,-0.693359,-73.730469,46.386719,50.231934
3706,-0.441895,-1.339844,-0.639648,-80.139160,49.987793,49.133301
3707,-0.467773,-1.287598,-0.556641,-77.209473,44.555664,45.776367
3708,-0.514160,-1.107422,-0.457031,-56.579590,31.921387,37.109375
3709,-0.535156,-1.021484,-0.409180,-44.433594,28.137207,36.499023
3710,-0.582031,-0.977539,-0.343750,-29.235840,22.094727,37.963867
3711,-0.695801,-0.896973,-0.222168,16.296387,-0.793457,38.574219
3712,-0.773926,-0.858887,-0.170898,44.738770,-12.207031,37.597656
3713,-0.834961,-0.832031,-0.085449,70.434570,-19.653320,32.958984
3714,-0.856445,-0.808105,0.011719,83.862305,-22.888184,22.644043
3715,-0.746582,-0.686035,0.166504,60.058594,-25.939941,-12.878418
3716,-0.644531,-0.579102,0.181641,29.724121,-27.038574,-30.151367
3717,-0.541504,-0.445312,0.133789,0.305176,-29.846191,-39.184570
3718,-0.403809,-0.287598,-0.110840,-24.597168,-25.939941,-29.541016
3719,-0.365723,-0.300781,-0.145996,-24.230957,-17.333984,-22.766113
3720,-0.316895,-0.331055,-0.117676,-26.672363,-11.352539,-19.958496
3721,-0.228027,-0.358398,-0.095215,-38.696289,-19.897461,-17.150879
3722,-0.055176,-0.427246,0.020996,-34.851074,-57.739258,-10.253906
3723,0.000000,-0.730469,-0.858887,27.526855,-207.824707,15.686035
3724,-0.066406,-0.873535,-1.321777,21.057129,-236.022949,20.812988
3725,-0.118652,-0.660156,-0.854004,10.437012,-151.184082,38.024902
3726,-0.168945,-0.552734,-0.602051,12.145996,-117.736816,45.776367
3727,-0.286621,-0.536621,-0.404785,11.535645,-54.321289,38.085938
3728,-0.335449,-0.523438,-0.324219,14.953613,-20.751953,23.986816
3729,-0.395996,-0.526367,-0.208008,20.935059,6.958008,6.103516
3730,-0.440430,-0.495605,-0.067871,28.564453,20.812988,-15.502930
3731,-0.536133,-0.439453,0.121094,30.090332,6.286621,-53.710938
3732,-0.592773,-0.445312,0.098633,19.653320,-14.770508,-69.213867
3733,-0.605957,-0.423340,-0.204102,-13.427734,-56.884766,-84.899902
3734,-0.552246,-0.506836,-0.437988,-33.020020,-73.242188,-80.810547
3735,-0.445312,-0.633301,-0.850586,-44.494629,-84.472656,-71.899414
3736,-0.318848,-0.879395,-1.575684,-20.568848,-80.078125,-56.213379
3737,-0.367676,-2.058105,-2.674805,70.495605,29.907227,-53.588867
3738,-0.424316,-1.505371,-1.082031,141.784668,58.044434,-41.687012
3739,-0.679199,-1.208496,-0.245117,146.423340,32.653809,-13.793945
3740,-1.031250,-0.728516,0.215820,81.359863,-5.310059,-16.540527
3741,-0.994629,-0.429199,0.301270,36.682129,-26.916504,-22.583008
3742,-0.865234,-0.265625,0.113281,-3.601074,-37.902832,-9.887695
3743,-0.825195,-0.396484,-0.098633,-28.869629,-31.188965,7.141113
3744,-0.953613,-1.196289,-0.892578,-49.133301,-45.410156,39.184570
3745,-0.895996,-1.132812,-0.920898,31.433105,-9.460449,32.104492
3746,-0.925293,-1.060059,-0.441895,95.947266,40.710449,19.653320
3747,-0.934570,-1.087402,-0.058105,122.070312,67.382812,3.906250
3748,-0.695801,-0.961914,0.141602,98.876953,86.364746,-26.306152
3749,-0.578613,-0.874512,0.163086,67.443848,95.153809,-34.484863
3750,-0.480469,-0.810059,0.167480,32.897949,102.722168,-37.414551
3751,-0.412109,-0.815918,0.228516,-38.513184,112.365723,-30.456543
3752,-0.438477,-0.890625,0.262207,-75.805664,111.145020,-28.564453
3753,-0.464355,-0.988770,0.224609,-104.492188,102.172852,-29.296875
3754,-0.463867,-1.104004,0.124512,-118.164062,72.631836,-35.278320
3755,-0.438477,-1.234863,-0.026855,-115.417480,56.884766,-36.193848
3756,-0.404785,-1.218750,-0.105957,-100.280762,41.442871,-36.376953
3757,-0.385742,-1.174316,-0.100586,-52.185059,-0.427246,-31.921387
3758,-0.340820,-1.077148,-0.014160,-28.991699,-24.291992,-28.320312
3759,-0.289551,-0.962402,0.076660,-17.272949,-49.804688,-25.146484
3760,-0.213867,-0.763184,-0.052246,-24.841309,-82.763672,-26.489258
3761,-0.205078,-0.707520,-0.142578,-27.526855,-87.646484,-31.860352
3762,-0.179199,-0.662109,-0.188477,-27.648926,-89.416504,-39.001465
3763,-0.151367,-0.629883,-0.252441,-26.672363,-89.172363,-44.494629
3764,-0.143555,-0.585938,-0.392090,-18.432617,-77.392578,-47.424316
3765,-0.144043,-0.551270,-0.447266,-12.329102,-66.955566,-44.189453
3766,-0.177246,-0.482422,-0.659180,4.577637,-30.822754,-25.451660
3767,-0.184570,-0.414062,-0.736816,19.104004,-6.286621,-12.512207
3768,-0.191406,-0.304199,-0.803711,32.958984,17.028809,5.371094
3769,-0.256836,-0.309570,-0.845215,43.762207,37.658691,26.916504
3770,-0.355957,-0.456543,-0.756348,51.757812,62.683105,51.269531
3771,-0.350586,-0.518555,-0.661133,41.564941,63.842773,57.067871
3772,-0.342285,-0.657715,-0.569824,7.934570,44.311523,53.710938
3773,-0.322754,-0.711426,-0.580566,-6.408691,29.968262,45.349121
3774,-0.296875,-0.769043,-0.603516,-16.479492,15.869141,36.376953
3775,-0.282715,-0.903320,-0.708984,-32.287598,-1.342773,17.089844
3776,-0.284668,-0.972168,-0.781738,-38.879395,-1.281738,9.948730
3777,-0.286621,-1.028320,-0.848633,-42.724609,3.723145,6.042480
3778,-0.292480,-1.058594,-0.870605,-43.273926,10.620117,6.774902
3779,-0.295410,-0.985352,-0.827148,-39.672852,23.620605,26.000977
3780,-0.309570,-0.921875,-0.752441,-36.254883,28.869629,32.775879
3781,-0.319336,-0.842773,-0.752930,-35.888672,37.475586,39.489746
3782,-0.317871,-1.012695,-0.612793,-44.006348,50.537109,34.301758
3783,-0.330078,-1.167480,-0.591797,-53.222656,46.813965,27.587891
3784,-0.310059,-1.283691,-0.615234,-56.152344,40.954590,19.348145
3785,-0.305664,-1.330566,-0.618652,-51.513672,32.592773,16.479492
3786,-0.522461,-1.333496,-0.616211,-20.874023,-2.929688,30.151367
3787,-0.582031,-1.270508,-0.617676,-15.563965,-0.549316,35.461426
3788,-0.593750,-1.127441,-0.582520,-11.596680,11.718750,39.001465
3789,-0.588867,-0.962891,-0.500488,-8.666992,27.526855,43.212891
3790,-0.628906,-0.740723,-0.302734,13.549805,41.748047,42.968750
3791,-0.662109,-0.677734,-0.208496,28.015137,38.818359,38.696289
3792,-0.698730,-0.635254,-0.139160,38.208008,33.020020,32.348633
3793,-0.721191,-0.599121,-0.079590,42.724609,25.817871,24.414062
3794,-0.708984,-0.534668,0.014160,32.592773,4.943848,5.249023
3795,-0.722168,-0.520020,0.014160,19.836426,-6.408691,-3.479004
3796,-0.719727,-0.503906,-0.045898,5.981445,-16.357422,-11.047363
3797,-0.530762,-0.480469,-0.254883,-10.681152,-14.343262,-22.094727
3798,-0.452637,-0.473145,-0.268066,-14.587402,-9.155273,-19.592285
3799,-0.399902,-0.482910,-0.262695,-17.883301,-8.178711,-14.892578
3800,-0.345215,-0.499512,-0.274414,-18.676758,-13.916016,-6.347656
3801,-0.204102,-0.677734,-0.529297,17.944336,-108.947754,20.996094
3802,-0.137695,-0.637207,-0.730957,32.043457,-136.291504,31.188965
3803,-0.132324,-0.571777,-0.765137,25.207520,-134.033203,40.954590
3804,-0.261719,-0.644531,-0.727051,-13.000488,-94.116211,50.537109
3805,-0.314941,-0.641602,-0.605957,-23.315430,-72.875977,45.593262
3806,-0.311035,-0.567383,-0.489746,-24.719238,-52.917480,40.405273
3807,-0.333008,-0.447266,-0.333496,0.732422,-10.131836,31.127930
3808,-0.357910,-0.444824,-0.260742,21.789551,12.451172,21.606445
3809,-0.379395,-0.450195,-0.159180,40.832520,31.066895,8.789062
3810,-0.437500,-0.495605,-0.015137,61.096191,42.236328,-22.949219
3811,-0.480957,-0.521973,0.014160,61.889648,38.269043,-40.527344
3812,-0.513672,-0.532715,0.010742,54.809570,29.968262,-57.128906
3813,-0.534668,-0.547363,-0.041992,38.818359,19.042969,-70.495605
3814,-0.471191,-0.609863,-0.390137,-6.164551,2.502441,-81.420898
3815,-0.371094,-0.682617,-0.633789,-29.418945,-4.333496,-79.345703
3816,-0.248047,-0.736328,-0.963379,-40.893555,-16.540527,-71.044922
3817,-0.190430,-0.856445,-1.400879,-18.493652,-32.104492,-54.809570
3818,-0.190918,-1.232910,-1.911133,85.571289,7.995605,-28.930664
3819,-0.333008,-1.433594,-1.506836,105.590820,46.203613,-24.780273
3820,-0.548340,-1.332031,-0.779297,111.572266,12.207031,-10.070801
3821,-0.846680,-0.771973,-0.078613,90.515137,-13.183594,-2.502441
3822,-0.857422,-0.588867,0.022949,46.813965,-18.493652,-10.925293
3823,-0.762207,-0.403809,0.042480,-12.756348,-9.521484,-24.108887
3824,-0.631836,-0.397949,-0.175781,-99.426270,33.020020,-21.850586
3825,-0.611816,-0.546875,-0.287598,-101.623535,46.997070,-19.165039
3826,-0.516113,-1.236816,-0.964844,-4.089355,-22.277832,27.770996
3827,-0.716309,-1.690918,-1.151855,118.957520,-35.888672,32.897949
3828,-0.761719,-1.613770,-0.533691,136.840820,13.244629,8.361816
3829,-0.704590,-1.419922,-0.186035,93.688965,54.565430,-11.718750
3830,-0.553711,-0.940918,0.074219,8.361816,74.523926,-16.784668
3831,-0.516113,-0.804199,0.070312,-18.066406,73.303223,-15.197754
3832,-0.471680,-0.730469,0.065430,-35.949707,72.326660,-17.517090
3833,-0.435547,-0.715820,0.034180,-48.278809,64.636230,-26.428223
3834,-0.440918,-0.776367,0.029785,-51.452637,59.570312,-27.404785
3835,-0.468262,-0.880859,0.023926,-54.138184,51.452637,-25.329590
3836,-0.547363,-1.128906,-0.023438,-65.734863,30.029297,-20.019531
3837,-0.581055,-1.222656,-0.065430,-73.669434,19.165039,-19.592285
3838,-0.591309,-1.249512,-0.115234,-79.284668,8.361816,-21.728516
3839,-0.595703,-1.228516,-0.173828,-77.392578,-2.197266,-27.160645
3840,-0.416016,-0.983887,-0.269531,-50.842285,-13.977051,-36.071777
3841,-0.245117,-0.781250,-0.265137,-25.329590,-25.146484,-30.029297
3842,-0.210938,-0.744629,-0.303711,-14.160156,-31.066895,-28.991699
3843,-0.187012,-0.696777,-0.368652,0.732422,-34.057617,-30.578613
3844,-0.144043,-0.634277,-0.398438,16.296387,-34.851074,-29.846191
3845,-0.111328,-0.536133,-0.475586,36.682129,-30.029297,-16.174316
3846,-0.124023,-0.504395,-0.532227,44.555664,-22.888184,-6.042480
3847,-0.143066,-0.500488,-0.587402,53.161621,-11.291504,5.554199
3848,-0.177246,-0.533691,-0.592285,60.729980,17.150879,22.583008
3849,-0.194824,-0.528809,-0.572266,54.016113,26.611328,27.954102
3850,-0.224121,-0.518066,-0.614746,38.574219,37.048340,36.987305
3851,-0.232910,-0.522949,-0.613770,32.470703,39.184570,38.330078
3852,-0.234863,-0.526367,-0.606445,24.963379,38.757324,37.597656
3853,-0.230957,-0.537598,-0.574707,15.380859,34.851074,35.888672
3854,-0.226562,-0.573242,-0.565918,-3.051758,14.465332,26.306152
3855,-0.215820,-0.668945,-0.597168,-10.131836,2.746582,21.423340
3856,-0.228516,-0.729492,-0.626953,-17.639160,-6.408691,16.540527
3857,-0.252441,-0.835938,-0.696289,-31.250000,-16.357422,9.338379
3858,-0.264648,-0.889648,-0.755859,-36.437988,-16.418457,9.155273
3859,-0.268555,-0.935059,-0.823242,-37.292480,-11.413574,10.864258
3860,-0.270996,-0.964355,-0.849609,-32.043457,-3.051758,15.197754
3861,-0.243652,-0.886230,-0.748535,-27.465820,16.723633,28.137207
3862,-0.229492,-0.841309,-0.683594,-25.634766,22.949219,30.578613
3863,-0.235840,-0.839844,-0.681641,-20.385742,25.695801,29.846191
3864,-0.271973,-0.945801,-0.606934,-15.014648,21.850586,24.780273
3865,-0.311523,-1.003418,-0.554199,-24.841309,12.268066,20.324707
3866,-0.354492,-1.034180,-0.590332,-37.109375,3.356934,15.197754
3867,-0.385254,-1.087891,-0.701172,-43.884277,5.065918,22.583008
3868,-0.444824,-1.151855,-0.758789,-46.936035,17.700195,32.104492
3869,-0.511719,-1.214355,-0.759277,-48.522949,29.602051,42.175293
3870,-0.618164,-1.180176,-0.648438,-43.395996,40.283203,52.001953
3871,-0.576172,-1.020508,-0.545410,-38.269043,42.907715,48.950195
3872,-0.530762,-0.875488,-0.460938,-28.442383,43.334961,44.250488
3873,-0.481934,-0.694824,-0.284180,-2.502441,36.193848,30.944824
3874,-0.500000,-0.655762,-0.220215,13.305664,26.000977,25.878906
3875,-0.541992,-0.632812,-0.175781,27.648926,13.183594,22.583008
3876,-0.710938,-0.657715,-0.030762,51.391602,-21.423340,24.108887
3877,-0.804199,-0.708496,0.031250,52.246094,-44.189453,21.057129
3878,-0.854492,-0.779297,-0.005371,41.625977,-62.072754,9.277344
3879,-0.721191,-0.670898,-0.185059,-5.737305,-61.950684,-12.634277
3880,-0.617188,-0.596191,-0.269531,-25.573730,-50.231934,-13.122559
3881,-0.561523,-0.572754,-0.328613,-32.409668,-40.954590,-11.657715
3882,-0.221680,-0.658691,-0.540527,-3.601074,-66.711426,2.807617
3883,-0.094727,-0.729492,-0.763184,35.888672,-118.286133,15.014648
3884,-0.032227,-0.693848,-1.011230,51.696777,-149.291992,29.174805
3885,-0.083008,-0.649414,-1.067383,37.109375,-141.174316,40.100098
3886,-0.226074,-0.616211,-0.666016,-9.948730,-95.642090,39.855957
3887,-0.254395,-0.526855,-0.530273,-24.475098,-78.552246,37.597656
3888,-0.269531,-0.452148,-0.491211,-27.099609,-58.166504,38.757324
3889,-0.286621,-0.408691,-0.433105,-16.662598,-30.639648,37.170410
3890,-0.299805,-0.336914,-0.264160,19.348145,29.113770,19.653320
3891,-0.304199,-0.318848,-0.123535,36.376953,46.875000,8.300781
3892,-0.331055,-0.348145,-0.028320,51.025391,49.804688,-5.126953
3893,-0.380371,-0.446289,0.018555,58.898926,32.226562,-38.757324
3894,-0.414062,-0.504883,-0.007812,51.025391,19.836426,-56.091309
3895,-0.449707,-0.569824,-0.232910,22.094727,0.671387,-82.153320
3896,-0.423340,-0.595703,-0.341309,0.305176,-4.089355,-80.810547
3897,-0.364746,-0.665039,-0.512207,-21.362305,-14.038086,-72.082520
3898,-0.309570,-0.773438,-0.801758,-21.606445,-29.052734,-55.541992
3899,-0.403320,-1.112305,-1.421387,34.606934,-39.794922,-21.179199
3900,-0.389648,-1.300293,-1.687012,54.321289,-12.023926,-20.019531
3901,-0.415527,-1.530273,-1.812012,75.744629,21.850586,-21.423340
3902,-0.728027,-1.022949,-0.450195,105.468750,23.254395,-14.709473
3903,-0.904297,-0.787109,-0.126953,92.346191,-7.629395,-9.033203
3904,-0.980469,-0.596680,0.028320,59.143066,-23.254395,-13.793945
3905,-0.795898,-0.233887,-0.058105,-40.893555,-20.385742,-20.874023
3906,-0.754395,-0.333984,-0.275391,-66.467285,-2.197266,-9.399414
3907,-0.685547,-0.514160,-0.399414,-65.002441,7.507324,1.770020
3908,-0.774902,-1.583008,-1.340820,-0.610352,-26.611328,45.715332
3909,-0.769043,-1.563477,-0.900391,92.529297,17.150879,25.268555
3910,-0.744141,-1.424316,-0.282715,115.234375,59.631348,7.873535
3911,-0.583984,-1.113770,0.150879,49.011230,86.059570,-14.648438
3912,-0.529785,-0.944824,0.146484,13.671875,87.585449,-18.005371
3913,-0.475098,-0.804688,0.125488,-18.676758,91.064453,-20.324707
3914,-0.393555,-0.692383,0.086914,-63.598633,100.463867,-26.184082
3915,-0.389160,-0.713867,0.097656,-73.486328,97.778320,-26.428223
3916,-0.411133,-0.776855,0.125977,-75.866699,85.998535,-23.925781
3917,-0.495605,-1.065430,0.078613,-62.438965,43.151855,-17.517090
3918,-0.526855,-1.234375,0.002441,-58.471680,21.423340,-20.507812
3919,-0.492676,-1.330566,-0.064941,-63.171387,-9.277344,-33.569336
3920,-0.459473,-1.291504,-0.095215,-67.565918,-21.423340,-40.100098
3921,-0.387695,-1.171387,-0.142578,-63.110352,-32.470703,-44.372559
3922,-0.301758,-1.011719,-0.173828,-49.499512,-42.358398,-42.541504
3923,-0.191406,-0.790527,-0.190918,-20.141602,-57.312012,-32.470703
3924,-0.166016,-0.738770,-0.214355,-11.474609,-62.255859,-30.822754
3925,-0.145020,-0.698242,-0.242676,-5.493164,-64.880371,-32.287598
3926,-0.134277,-0.635254,-0.357422,4.028320,-62.866211,-35.644531
3927,-0.127441,-0.595703,-0.433594,12.756348,-58.166504,-34.912109
3928,-0.168457,-0.525879,-0.590820,38.818359,-40.161133,-24.108887
3929,-0.181152,-0.496094,-0.603027,50.659180,-30.334473,-15.380859
3930,-0.216797,-0.493652,-0.597168,55.908203,-23.986816,-6.958008
3931,-0.255859,-0.482422,-0.617676,43.151855,-21.118164,6.347656
3932,-0.318848,-0.453125,-0.917969,39.978027,-11.291504,15.136719
3933,-0.338867,-0.476074,-0.930664,37.780762,4.821777,23.132324
3934,-0.343262,-0.483398,-0.865234,27.648926,20.446777,30.700684
3935,-0.347656,-0.533691,-0.735840,-4.272461,38.330078,40.527344
3936,-0.320312,-0.587891,-0.676758,-18.554688,39.367676,41.442871
3937,-0.296387,-0.665039,-0.633789,-30.456543,37.475586,39.916992
3938,-0.281250,-0.756348,-0.605469,-39.978027,33.691406,35.888672
3939,-0.269531,-0.923828,-0.610352,-47.241211,23.864746,25.573730
3940,-0.274902,-1.010742,-0.634766,-43.457031,20.446777,21.484375
3941,-0.259277,-1.047852,-0.626953,-35.156250,17.456055,18.798828
3942,-0.196289,-0.935059,-0.513672,-24.108887,9.826660,23.986816
3943,-0.191406,-0.896484,-0.490723,-22.399902,8.789062,26.489258
3944,-0.176270,-0.888184,-0.477539,-20.385742,10.986328,23.559570
3945,-0.183105,-0.895996,-0.479492,-21.606445,14.099121,19.897461
3946,-0.237793,-0.916504,-0.628418,-23.620605,22.766113,15.258789
3947,-0.291992,-0.919434,-0.676270,-22.827148,28.686523,17.211914
3948,-0.385254,-1.000977,-0.608398,-24.291992,28.503418,17.822266
3949,-0.454590,-1.165039,-0.731445,-26.489258,24.291992,17.333984
3950,-0.473145,-1.255371,-0.798828,-24.841309,32.958984,23.010254
3951,-0.492188,-1.312012,-0.768066,-23.254395,41.564941,30.395508
3952,-0.504395,-1.134766,-0.612305,-21.606445,42.968750,40.832520
3953,-0.476562,-0.985840,-0.519043,-12.512207,42.480469,38.818359
3954,-0.457520,-0.850098,-0.417480,-1.892090,40.161133,34.790039
3955,-0.501953,-0.698730,-0.274414,19.958496,28.198242,25.878906
3956,-0.591309,-0.651855,-0.215332,35.461426,17.822266,24.658203
3957,-0.699707,-0.654785,-0.138672,49.987793,2.075195,23.254395
3958,-0.791992,-0.646484,-0.067871,59.143066,-17.272949,21.911621
3959,-0.932129,-0.722168,0.033203,49.377441,-62.255859,17.700195
3960,-0.932617,-0.742188,-0.043457,27.770996,-76.049805,7.080078
3961,-0.840332,-0.705566,-0.179199,1.159668,-73.791504,-3.967285
3962,-0.698730,-0.644043,-0.303223,-18.615723,-59.936523,-8.789062
3963,-0.436523,-0.622070,-0.373047,-23.010254,-42.297363,-4.577637
3964,-0.274902,-0.733887,-0.534180,-3.051758,-71.289062,1.464844
3965,-0.144531,-0.793945,-0.707520,23.498535,-107.910156,8.789062
3966,-0.137695,-0.733887,-0.837402,30.700684,-149.169922,31.066895
3967,-0.202637,-0.728027,-0.900879,10.437012,-135.070801,41.198730
3968,-0.281738,-0.700195,-0.858887,-8.911133,-103.942871,45.471191
3969,-0.391602,-0.568359,-0.506348,-22.583008,-41.442871,44.006348
3970,-0.409180,-0.490234,-0.344727,-16.418457,-18.676758,38.940430
3971,-0.413086,-0.440918,-0.245605,-2.563477,-0.976562,30.334473
3972,-0.417969,-0.404785,-0.181641,15.991211,15.136719,17.761230
3973,-0.400391,-0.340820,-0.021973,49.926758,33.569336,-16.235352
3974,-0.378418,-0.302246,0.063965,56.945801,30.029297,-30.090332
3975,-0.392578,-0.345703,0.062988,49.987793,13.488770,-43.212891
3976,-0.435547,-0.422363,-0.015625,39.978027,9.887695,-50.354004
3977,-0.453125,-0.464355,-0.104492,27.832031,9.887695,-59.814453
3978,-0.458008,-0.497559,-0.180664,11.413574,10.925293,-67.626953
3979,-0.456055,-0.600098,-0.390625,-41.992188,12.939453,-76.660156
3980,-0.416992,-0.646973,-0.553711,-72.753906,13.488770,-76.049805
3981,-0.348633,-0.692871,-0.848633,-78.979492,5.371094,-69.152832
3982,-0.255859,-0.905273,-1.565918,25.451660,-22.338867,-27.160645
3983,-0.386719,-1.160156,-1.547363,61.523438,-6.774902,-17.150879
3984,-0.386719,-1.345215,-1.587402,67.260742,17.761230,-19.226074
3985,-0.451660,-1.539551,-1.395020,81.604004,33.203125,-19.226074
3986,-0.719727,-0.951172,-0.144531,88.867188,18.066406,-2.075195
3987,-0.823242,-0.788086,0.012207,71.289062,1.464844,-5.371094
3988,-0.836426,-0.639648,0.097168,44.067383,-8.117676,-20.019531
3989,-0.696289,-0.469727,-0.029297,-40.222168,11.901855,-20.019531
3990,-0.733887,-0.660156,-0.109375,-71.289062,26.794434,-10.620117
3991,-0.726562,-0.892090,-0.162598,-85.693359,18.615723,3.723145
3992,-0.709961,-1.332520,-0.647949,-63.415527,-30.883789,31.738281
3993,-0.817871,-1.489746,-0.622559,33.752441,14.404297,9.094238
3994,-0.710449,-1.305664,-0.403809,25.573730,52.978516,-3.234863
3995,-0.564941,-0.914551,-0.031738,-1.708984,78.247070,-3.601074
3996,-0.518555,-0.804199,0.010742,-18.005371,76.782227,-3.967285
3997,-0.482422,-0.741211,0.010742,-33.081055,75.134277,-6.530762
3998,-0.431152,-0.739746,-0.000488,-57.800293,72.875977,-15.136719
3999,-0.433594,-0.793457,-0.029785,-65.490723,67.565918,-17.761230
4000,-0.439941,-0.874023,-0.047363,-70.983887,59.020996,-19.104004
4001,-0.455078,-1.052246,-0.074707,-82.397461,35.339355,-22.705078
4002,-0.473145,-1.102051,-0.135742,-86.853027,23.315430,-24.230957
4003,-0.481445,-1.118652,-0.195312,-82.885742,13.488770,-23.620605
4004,-0.457520,-1.045898,-0.250977,-43.395996,-9.826660,-18.859863
4005,-0.369629,-0.958008,-0.260254,-14.648438,-23.193359,-14.282227
4006,-0.291504,-0.896973,-0.245605,6.530762,-33.142090,-9.338379
4007,-0.237793,-0.839844,-0.249512,16.662598,-38.940430,-10.375977
4008,-0.135254,-0.676270,-0.298828,28.869629,-41.931152,-12.512207
4009,-0.127441,-0.635254,-0.333496,35.217285,-39.855957,-11.413574
4010,-0.139160,-0.611328,-0.363281,41.259766,-35.827637,-10.620117
4011,-0.143555,-0.554688,-0.434082,47.668457,-21.545410,-4.821777
4012,-0.164551,-0.550293,-0.474609,46.997070,-11.108398,1.708984
4013,-0.185547,-0.562988,-0.516602,44.433594,1.647949,8.605957
4014,-0.215332,-0.580078,-0.541504,42.175293,14.282227,14.709473
4015,-0.249023,-0.573242,-0.593750,40.649414,34.790039,26.184082
4016,-0.268066,-0.557129,-0.610840,41.625977,39.672852,31.555176
4017,-0.271973,-0.550781,-0.632812,39.672852,42.053223,36.010742
4018,-0.269531,-0.580566,-0.587891,23.010254,42.297363,38.208008
4019,-0.252930,-0.616699,-0.582520,10.864258,36.926270,32.897949
4020,-0.219727,-0.640137,-0.605957,-2.929688,17.639160,20.507812
4021,-0.183105,-0.720215,-0.661133,-3.906250,7.202148,15.991211
4022,-0.187500,-0.763672,-0.670898,-4.455566,-1.892090,11.840820
4023,-0.206055,-0.801270,-0.681641,-7.934570,-8.483887,8.300781
4024,-0.229004,-0.835449,-0.712402,-14.282227,-10.986328,6.225586
4025,-0.279297,-0.889648,-0.786621,-23.986816,0.488281,7.324219
4026,-0.291504,-0.862305,-0.741211,-28.503418,9.460449,11.047363
4027,-0.302734,-0.805664,-0.700684,-33.203125,17.150879,16.662598
4028,-0.331055,-0.828125,-0.599609,-29.602051,21.911621,21.301270
4029,-0.346680,-0.893066,-0.611328,-26.184082,18.249512,18.249512
4030,-0.353516,-0.946777,-0.665527,-21.972656,14.587402,13.549805
4031,-0.416016,-1.097168,-0.533691,-30.883789,-2.258301,6.530762
4032,-0.432129,-1.136719,-0.600098,-42.175293,-9.277344,7.324219
4033,-0.447754,-1.167969,-0.700195,-46.447754,-6.835938,14.587402
4034,-0.498535,-1.222168,-0.752441,-44.372559,1.831055,23.498535
4035,-0.596191,-1.216797,-0.710449,-35.583496,22.888184,42.297363
4036,-0.600098,-1.121094,-0.585938,-33.325195,33.569336,44.799805
4037,-0.537109,-0.861328,-0.396973,-18.798828,39.978027,39.367676
4038,-0.524414,-0.772949,-0.321777,-6.225586,37.963867,35.278320
4039,-0.538574,-0.725586,-0.263184,7.751465,33.325195,31.005859
4040,-0.574219,-0.696289,-0.214844,23.315430,25.756836,26.916504
4041,-0.695801,-0.634277,-0.044922,51.574707,-0.122070,27.404785
4042,-0.779785,-0.651855,0.043457,54.382324,-21.667480,26.306152
4043,-0.847656,-0.699707,0.057617,47.180176,-42.480469,17.028809
4044,-0.854980,-0.701660,0.016113,29.235840,-57.739258,0.366211
4045,-0.694336,-0.573730,-0.250488,-17.822266,-59.448242,-19.409180
4046,-0.596680,-0.548828,-0.426270,-19.714355,-50.048828,-15.136719
4047,-0.389160,-0.582520,-0.485840,-2.502441,-46.203613,-5.554199
4048,-0.246094,-0.759277,-0.741699,36.499023,-77.758789,9.460449
4049,-0.044434,-0.735352,-1.014648,73.059082,-122.314453,35.705566
4050,-0.138672,-0.703613,-0.959473,49.133301,-111.267090,46.264648
4051,-0.282715,-0.640625,-0.648926,-12.390137,-60.119629,45.043945
4052,-0.321777,-0.564453,-0.490723,-31.982422,-40.039062,41.992188
4053,-0.354492,-0.505859,-0.391113,-39.550781,-22.949219,40.649414
4054,-0.377441,-0.452148,-0.319824,-33.996582,-5.493164,36.987305
4055,-0.399414,-0.354492,-0.208008,3.356934,33.203125,16.418457
4056,-0.386230,-0.316406,-0.122559,23.071289,46.752930,2.807617
4057,-0.363281,-0.288086,-0.041016,38.208008,52.124023,-10.620117
4058,-0.375000,-0.324707,0.027344,44.921875,51.330566,-31.860352
4059,-0.407227,-0.397461,0.016602,38.818359,47.119141,-42.114258
4060,-0.437500,-0.475098,-0.038086,31.005859,38.757324,-54.138184
4061,-0.432129,-0.536133,-0.305176,21.484375,13.854980,-67.504883
4062,-0.376465,-0.568359,-0.474609,12.084961,4.882812,-61.828613
4063,-0.296875,-0.612793,-0.697754,0.610352,-4.699707,-48.645020
4064,-0.246094,-0.715332,-1.005371,11.108398,-17.761230,-29.785156
4065,-0.333984,-1.056152,-1.467285,84.899902,-10.620117,-7.751465
4066,-0.318848,-1.267578,-1.626465,101.806641,20.080566,-10.192871
4067,-0.526367,-1.447266,-0.902344,130.004883,62.683105,-23.681641
4068,-0.661621,-1.154297,-0.292969,121.520996,32.531738,-15.686035
4069,-0.767090,-0.859375,-0.000488,92.163086,-4.333496,-7.629395
4070,-0.709961,-0.471191,0.014160,-20.019531,-21.484375,-17.761230
4071,-0.699219,-0.466309,-0.159668,-66.833496,-3.112793,-12.573242
4072,-0.721191,-0.637695,-0.224121,-82.641602,14.404297,-4.455566
4073,-0.915527,-1.677734,-1.169434,-38.085938,-30.639648,33.874512
4074,-0.838379,-1.652344,-0.933594,69.763184,0.976562,20.385742
4075,-0.768555,-1.343750,-0.218262,89.172363,45.410156,6.835938
4076,-0.647949,-0.924316,0.132324,29.907227,72.570801,-8.789062
4077,-0.611816,-0.765625,0.145508,6.896973,73.242188,-5.981445
4078,-0.582520,-0.696289,0.159180,-11.657715,72.875977,-6.225586
4079,-0.541504,-0.656738,0.165039,-27.282715,72.265625,-11.108398
4080,-0.510254,-0.707031,0.138184,-55.725098,71.472168,-18.981934
4081,-0.536133,-0.808594,0.129395,-71.166992,70.800781,-19.042969
4082,-0.579590,-1.093262,0.071777,-104.248047,59.936523,-19.226074
4083,-0.596680,-1.220703,0.020996,-117.187500,48.217773,-21.911621
4084,-0.610840,-1.298340,-0.069824,-124.023438,33.325195,-27.160645
4085,-0.581543,-1.281738,-0.194824,-120.788574,19.287109,-31.555176
4086,-0.565918,-1.229980,-0.270020,-104.431152,5.554199,-33.508301
4087,-0.379883,-0.960938,-0.377930,-43.518066,-20.141602,-29.235840
4088,-0.285645,-0.850586,-0.349121,-18.005371,-28.869629,-23.559570
4089,-0.223633,-0.766602,-0.323730,-0.427246,-36.376953,-20.629883
4090,-0.165527,-0.637695,-0.406738,27.648926,-47.119141,-21.423340
4091,-0.128906,-0.554688,-0.466309,41.809082,-44.860840,-19.714355
4092,-0.100098,-0.481445,-0.496582,52.368164,-38.146973,-12.145996
4093,-0.104980,-0.445801,-0.520020,57.189941,-29.724121,-1.770020
4094,-0.148926,-0.422852,-0.553711,54.748535,-13.061523,12.695312
4095,-0.176758,-0.426758,-0.581055,46.020508,-4.272461,16.357422
4096,-0.205078,-0.428223,-0.630859,33.020020,5.371094,18.554688
4097,-0.247070,-0.467285,-0.721191,15.197754,26.733398,24.353027
4098,-0.256348,-0.495117,-0.677246,13.183594,35.400391,30.273438
4099,-0.273438,-0.518555,-0.614258,9.277344,39.611816,36.376953
4100,-0.281738,-0.541992,-0.550293,-2.807617,35.827637,39.916992
4101,-0.262207,-0.614258,-0.518555,-6.774902,30.700684,36.987305
4102,-0.243652,-0.653809,-0.519043,-7.568359,24.597168,32.958984
4103,-0.230957,-0.701660,-0.525391,-7.446289,17.822266,28.808594
4104,-0.228027,-0.768066,-0.549805,-6.652832,11.413574,24.475098
4105,-0.228027,-0.867188,-0.583496,-4.333496,4.272461,17.089844
4106,-0.243164,-0.907715,-0.605469,-4.638672,3.662109,16.662598
4107,-0.270996,-0.957520,-0.649414,-3.906250,6.225586,16.418457
4108,-0.266113,-0.848145,-0.649902,-5.554199,20.019531,22.888184
4109,-0.244629,-0.768066,-0.642090,-9.338379,28.320312,28.625488
4110,-0.228516,-0.766113,-0.619141,-6.347656,33.630371,29.418945
4111,-0.230469,-0.880371,-0.630371,-2.807617,30.639648,20.935059
4112,-0.271973,-0.929688,-0.692383,-1.586914,27.465820,15.197754
4113,-0.430176,-1.119141,-0.565430,-13.610840,15.258789,4.455566
4114,-0.465332,-1.215820,-0.596191,-31.372070,9.277344,5.187988
4115,-0.500000,-1.333984,-0.694336,-49.377441,13.732910,12.756348
4116,-0.573242,-1.461914,-0.813965,-60.852051,26.245117,20.751953
4117,-0.684082,-1.282715,-0.724609,-32.409668,37.963867,38.269043
4118,-0.687988,-1.071289,-0.630859,-13.366699,40.344238,50.231934
4119,-0.692383,-0.895996,-0.562988,12.023926,45.593262,56.945801
4120,-0.821289,-0.734375,-0.313965,70.190430,57.189941,54.565430
4121,-0.907715,-0.721680,-0.134277,90.209961,49.499512,46.752930
4122,-0.980957,-0.710938,0.014160,102.050781,29.663086,35.339355
4123,-1.093750,-0.650879,0.225586,82.153320,-42.663574,8.239746
4124,-1.003906,-0.607422,0.079590,46.325684,-74.340820,-4.028320
4125,-0.811035,-0.565430,-0.184082,15.380859,-87.402344,-9.582520
4126,-0.466309,-0.713379,-0.618652,5.554199,-103.637695,9.277344
4127,-0.338867,-0.736816,-0.998535,28.808594,-109.619141,19.287109
4128,-0.274902,-0.757324,-1.115234,83.007812,-95.275879,31.555176
4129,-0.292480,-0.636719,-0.672852,49.255371,-69.519043,41.381836
4130,-0.321289,-0.604004,-0.587891,18.554688,-50.598145,47.241211
4131,-0.326660,-0.576172,-0.514648,-7.751465,-27.465820,49.316406
4132,-0.326172,-0.532715,-0.354004,-37.231445,19.165039,41.625977
4133,-0.321777,-0.510254,-0.269531,-43.090820,37.353516,35.278320
4134,-0.320801,-0.484375,-0.179688,-42.663574,47.790527,27.282715
4135,-0.277344,-0.389160,-0.080078,-19.836426,49.255371,8.300781
4136,-0.247559,-0.354492,-0.049316,-2.319336,44.921875,0.244141
4137,-0.236816,-0.322754,0.021973,29.724121,28.625488,-15.502930
4138,-0.275879,-0.339844,0.040039,36.926270,18.859863,-23.742676
4139,-0.325684,-0.386230,0.044922,37.231445,9.887695,-32.531738
4140,-0.371094,-0.428223,0.015625,34.301758,1.159668,-42.846680
4141,-0.358887,-0.509766,-0.120117,22.216797,-13.305664,-60.668945
4142,-0.329102,-0.567871,-0.220703,9.216309,-18.188477,-64.453125
4143,-0.287598,-0.643555,-0.361816,-11.108398,-22.827148,-65.185547
4144,-0.167480,-0.779785,-0.921875,-31.188965,-41.625977,-56.884766
4145,-0.174316,-0.896484,-1.269043,-6.469727,-51.574707,-49.743652
4146,-0.378418,-1.312500,-1.598145,39.916992,-13.977051,-39.733887
4147,-0.491699,-1.683105,-1.534180,45.043945,10.192871,-45.532227
4148,-0.563477,-1.721191,-1.259277,43.457031,11.291504,-51.269531
4149,-0.849609,-1.296875,-0.535156,49.072266,-14.770508,-31.555176
4150,-1.180664,-0.648926,0.058594,14.160156,-42.480469,-5.432129
4151,-1.128418,-0.399414,0.115234,-9.704590,-32.104492,-8.789062
4152,-1.016602,-0.214844,0.085938,-25.512695,-19.348145,-4.089355
4153,-0.909180,-0.451660,-0.080566,-15.869141,-3.723145,13.061523
4154,-0.890137,-0.711914,-0.135254,-8.728027,-19.592285,27.465820
4155,-0.891602,-1.189941,-0.528809,-6.469727,-54.199219,48.828125
4156,-0.717773,-1.567383,-0.965332,47.424316,15.991211,21.911621
4157,-0.581543,-1.330566,-0.536621,47.973633,70.312500,3.051758
4158,-0.519043,-1.161621,-0.260254,29.724121,103.637695,-13.671875
4159,-0.473633,-0.960449,-0.057129,8.972168,117.492676,-24.108887
4160,-0.457520,-0.709473,0.071289,-21.789551,119.140625,-33.081055
4161,-0.457520,-0.655273,0.083496,-34.301758,115.844727,-33.813477
4162,-0.468262,-0.654297,0.057129,-42.419434,110.778809,-31.127930
4163,-0.507324,-0.770020,0.039551,-57.128906,104.919434,-21.728516
4164,-0.522461,-0.864258,0.037598,-70.190430,101.379395,-16.418457
4165,-0.537109,-0.986328,0.034180,-82.824707,93.505859,-12.512207
4166,-0.537109,-1.101562,0.020996,-89.965820,77.636719,-10.986328
4167,-0.536621,-1.231934,-0.126465,-79.956055,34.729004,-10.131836
4168,-0.529785,-1.249023,-0.213379,-60.607910,17.578125,-10.131836
4169,-0.482910,-1.196289,-0.243164,-38.818359,3.295898,-11.535645
4170,-0.398926,-1.119629,-0.240234,-19.897461,-9.704590,-13.671875
4171,-0.244629,-0.918945,-0.214355,-2.929688,-33.020020,-15.808105
4172,-0.193359,-0.829590,-0.216309,-3.906250,-41.625977,-16.174316
4173,-0.165527,-0.768555,-0.261230,-4.394531,-48.828125,-15.930176
4174,-0.135254,-0.690918,-0.362305,7.690430,-51.696777,-17.028809
4175,-0.099121,-0.550293,-0.403809,48.645020,-48.889160,-9.094238
4176,-0.093750,-0.519043,-0.430664,62.072754,-42.541504,-2.441406
4177,-0.099609,-0.516602,-0.464844,67.260742,-30.456543,5.737305
4178,-0.144043,-0.572754,-0.558105,60.546875,4.577637,20.019531
4179,-0.158203,-0.584473,-0.587402,55.419922,21.179199,25.451660
4180,-0.187500,-0.567383,-0.603516,51.391602,31.494141,29.907227
4181,-0.237793,-0.509277,-0.750000,48.828125,42.968750,38.940430
4182,-0.251953,-0.552246,-0.668457,35.705566,49.621582,42.419434
4183,-0.253418,-0.605469,-0.613770,13.061523,52.185059,42.663574
4184,-0.242676,-0.713379,-0.592773,-22.583008,44.555664,36.621094
4185,-0.228027,-0.767090,-0.615723,-27.770996,38.146973,31.616211
4186,-0.208496,-0.819336,-0.624512,-25.878906,32.165527,27.770996
4187,-0.201172,-0.868164,-0.625000,-20.568848,27.038574,25.268555
4188,-0.213379,-0.914062,-0.604004,-11.291504,20.141602,23.132324
4189,-0.240234,-0.911133,-0.597656,-11.718750,19.287109,23.437500
4190,-0.276855,-0.887695,-0.607422,-14.953613,22.033691,24.047852
4191,-0.336426,-0.803711,-0.636230,-24.169922,37.902832,30.151367
4192,-0.347656,-0.782227,-0.626953,-26.184082,45.166016,34.179688
4193,-0.366211,-0.832520,-0.608887,-24.475098,47.607422,34.301758
4194,-0.381348,-0.905273,-0.578125,-18.371582,35.827637,23.193359
4195,-0.395020,-0.925293,-0.645020,-14.770508,26.855469,18.188477
4196,-0.408691,-0.917480,-0.662109,-12.451172,20.324707,15.808105
4197,-0.428711,-0.953125,-0.671875,-18.859863,15.075684,15.991211
4198,-0.445312,-1.000000,-0.764648,-27.770996,25.634766,25.451660
4199,-0.458008,-1.035645,-0.783203,-29.296875,37.902832,33.142090
4200,-0.477051,-1.060547,-0.764160,-34.179688,53.161621,41.992188
4201,-0.506836,-1.080566,-0.729492,-41.320801,68.969727,49.011230
4202,-0.500488,-0.977051,-0.494629,-34.240723,65.734863,38.818359
4203,-0.462402,-0.862305,-0.436523,-26.489258,54.992676,33.569336
4204,-0.451660,-0.788574,-0.402344,-16.906738,45.410156,29.785156
4205,-0.457520,-0.744629,-0.357422,-6.591797,36.132812,26.794434
4206,-0.527832,-0.711914,-0.286621,10.681152,19.775391,26.123047
4207,-0.583496,-0.707031,-0.261230,17.272949,12.084961,30.212402
4208,-0.741699,-0.716309,-0.240723,33.020020,1.586914,42.358398
4209,-0.839355,-0.749023,-0.219238,40.100098,2.319336,43.884277
4210,-0.913574,-0.795410,-0.171387,40.954590,5.187988,36.499023
4211,-0.933594,-0.791504,-0.135254,31.494141,4.760742,22.094727
4212,-0.760742,-0.601562,-0.188965,5.310059,0.061035,-2.014160
4213,-0.629883,-0.526367,-0.260254,-5.310059,1.892090,-1.342773
4214,-0.533203,-0.512695,-0.324219,-8.544922,5.920410,0.854492
4215,-0.109375,-0.592773,-0.679688,25.573730,-31.982422,18.859863
4216,-0.026367,-0.687500,-0.780273,60.424805,-72.265625,30.456543
4217,0.002930,-0.746094,-0.874512,54.687500,-90.881348,39.306641
4218,-0.133789,-0.758301,-0.756348,32.836914,-73.608398,35.827637
4219,-0.198730,-0.691406,-0.619141,28.381348,-63.720703,32.226562
4220,-0.234375,-0.583008,-0.513184,30.334473,-52.185059,32.043457
4221,-0.360352,-0.479980,-0.331055,41.931152,-20.935059,37.292480
4222,-0.416504,-0.509766,-0.258789,49.743652,-5.798340,34.423828
4223,-0.478027,-0.578613,-0.134277,56.457520,13.488770,15.319824
4224,-0.484863,-0.623535,-0.103027,52.429199,13.549805,3.662109
4225,-0.483398,-0.665527,-0.125000,45.532227,9.643555,-6.408691
4226,-0.443848,-0.724609,-0.214844,23.315430,5.798340,-18.920898
4227,-0.427246,-0.702148,-0.228027,4.882812,9.460449,-25.024414
4228,-0.426270,-0.647461,-0.250488,-18.005371,14.892578,-29.663086
4229,-0.439941,-0.596680,-0.298340,-40.893555,20.690918,-33.325195
4230,-0.472168,-0.545898,-0.544922,-70.190430,31.005859,-44.738770
4231,-0.481934,-0.539062,-0.752441,-67.199707,33.264160,-53.283691
4232,-0.475098,-0.513672,-1.079102,-21.789551,46.386719,-60.241699
4233,-0.428711,-0.512695,-1.097656,8.056641,53.527832,-49.743652
4234,-0.399414,-0.561523,-1.038086,32.043457,60.913086,-30.151367
4235,-0.404297,-0.664062,-0.948730,48.889160,68.603516,-7.385254
4236,-0.537598,-0.930664,-0.561035,66.772461,68.481445,19.653320
4237,-0.514648,-0.975586,-0.473633,62.133789,55.175781,19.287109
4238,-0.459961,-0.981445,-0.474609,55.053711,38.330078,17.150879
4239,-0.389160,-0.922852,-0.440430,24.291992,10.681152,7.202148
4240,-0.387695,-0.866211,-0.405762,-0.061035,-7.141113,-1.281738
4241,-0.381348,-0.800781,-0.508301,-17.761230,-23.315430,-6.164551
4242,-0.380371,-0.820312,-0.717773,-8.789062,-20.874023,-5.371094
4243,-0.400391,-0.875000,-0.716309,9.460449,-12.145996,-7.507324
4244,-0.456543,-0.950684,-0.705078,34.240723,-10.925293,-5.554199
4245,-0.686523,-1.135742,-0.631348,88.562012,-13.366699,9.582520
4246,-0.761719,-1.132812,-0.504395,93.383789,-1.892090,11.962891
4247,-0.757324,-1.056152,-0.373535,80.932617,11.962891,8.605957
4248,-0.737305,-0.949219,-0.262207,59.936523,23.315430,2.807617
4249,-0.637695,-0.703125,-0.165527,12.695312,43.151855,-5.432129
4250,-0.583008,-0.624023,-0.152832,-4.455566,51.696777,-6.652832
4251,-0.524902,-0.574707,-0.135254,-16.174316,58.776855,-7.690430
4252,-0.472168,-0.552734,-0.109863,-23.864746,62.683105,-8.972168
4253,-0.425293,-0.590820,-0.056641,-30.883789,56.091309,-8.972168
4254,-0.426270,-0.647949,-0.055664,-35.949707,48.339844,-6.896973
4255,-0.445312,-0.734375,-0.096191,-42.114258,40.649414,-3.417969
4256,-0.468262,-0.840332,-0.123535,-46.264648,32.897949,0.305176
4257,-0.493164,-0.975098,-0.149902,-46.325684,23.071289,2.258301
4258,-0.500488,-1.212891,-0.229980,-39.062500,-2.258301,-5.310059
4259,-0.483398,-1.265625,-0.320312,-34.973145,-9.948730,-8.911133
4260,-0.457520,-1.238281,-0.441895,-31.372070,-9.094238,-7.690430
4261,-0.363281,-1.107910,-0.459473,-12.268066,-1.892090,-6.896973
4262,-0.268555,-0.977051,-0.404785,-0.976562,-5.920410,-7.995605
4263,-0.209961,-0.854004,-0.360840,7.507324,-13.671875,-8.178711
4264,-0.185547,-0.715332,-0.411133,23.376465,-26.794434,-3.540039
4265,-0.200684,-0.687012,-0.442871,33.874512,-25.817871,-2.136230
4266,-0.204102,-0.645020,-0.445312,38.513184,-21.423340,-0.305176
4267,-0.208496,-0.625977,-0.467285,37.536621,-14.770508,2.197266
4268,-0.212402,-0.605469,-0.491211,33.752441,-5.371094,5.493164
4269,-0.225586,-0.620605,-0.532715,27.587891,16.479492,14.038086
4270,-0.229004,-0.644531,-0.541016,25.817871,26.855469,17.333984
4271,-0.227051,-0.671875,-0.537598,23.864746,34.912109,20.690918
4272,-0.268555,-0.751465,-0.515137,18.554688,41.381836,25.817871
4273,-0.275879,-0.753418,-0.488281,12.207031,41.198730,24.841309
4274,-0.283691,-0.751465,-0.480469,5.676270,38.696289,24.719238
4275,-0.301270,-0.721191,-0.475098,-0.183105,28.869629,25.207520
4276,-0.308105,-0.716797,-0.488281,2.990723,24.108887,25.451660
4277,-0.304688,-0.723145,-0.428711,10.742188,19.409180,25.451660
4278,-0.306152,-0.741699,-0.427734,11.474609,16.479492,25.939941
4279,-0.303711,-0.757812,-0.440430,13.427734,13.183594,25.695801
4280,-0.309570,-0.775391,-0.455566,15.502930,9.216309,25.390625
4281,-0.326660,-0.822754,-0.523926,15.991211,2.807617,23.437500
4282,-0.332520,-0.849609,-0.603027,15.380859,2.624512,21.606445
4283,-0.333008,-0.884277,-0.692383,15.808105,6.286621,19.714355
4284,-0.325195,-0.919922,-0.748535,15.930176,12.512207,18.188477
4285,-0.313477,-0.934570,-0.777344,9.399414,24.902344,18.798828
4286,-0.319824,-0.897461,-0.759277,2.075195,27.404785,21.911621
4287,-0.335938,-0.848633,-0.751465,-5.432129,26.794434,26.123047
4288,-0.362793,-0.817871,-0.759277,-9.948730,24.536133,29.174805
4289,-0.398438,-0.769531,-0.718750,-18.127441,17.822266,29.418945
4290,-0.404297,-0.775879,-0.733398,-24.841309,15.075684,29.418945
4291,-0.413086,-0.800781,-0.736328,-32.775879,14.892578,30.273438
4292,-0.421875,-0.922363,-0.785156,-39.062500,22.949219,35.583496
4293,-0.447754,-1.000977,-0.760742,-36.743164,31.494141,41.748047
4294,-0.489746,-1.085449,-0.732910,-37.536621,40.893555,46.875000
4295,-0.554199,-1.252930,-0.670898,-40.832520,52.795410,47.119141
4296,-0.542480,-1.262207,-0.604492,-40.710449,50.903320,44.372559
4297,-0.506348,-1.181152,-0.519531,-37.719727,43.334961,41.381836
4298,-0.466309,-1.039551,-0.433594,-33.081055,34.729004,36.926270
4299,-0.387207,-0.763184,-0.285645,-21.789551,21.362305,25.146484
4300,-0.366211,-0.623535,-0.231934,-18.371582,17.822266,20.874023
4301,-0.365234,-0.520020,-0.188965,-12.939453,11.901855,19.409180
4302,-0.390137,-0.408203,-0.095215,-8.178711,6.225586,20.263672
4303,-0.421875,-0.405273,-0.066895,-2.990723,-1.770020,21.484375
4304,-0.541016,-0.484863,-0.054688,2.746582,-16.357422,19.104004
4305,-0.617676,-0.557617,-0.082520,2.136230,-18.249512,14.221191
4306,-0.681641,-0.623047,-0.107422,-2.319336,-15.869141,6.835938
4307,-0.715820,-0.679199,-0.115234,-9.948730,-11.901855,-1.220703
4308,-0.680664,-0.756836,-0.185547,-18.615723,-17.028809,-11.840820
4309,-0.634277,-0.784180,-0.225098,-19.653320,-21.850586,-11.779785
4310,-0.331055,-0.780273,-0.327637,-15.258789,-66.162109,1.464844
4311,-0.370605,-0.903809,-0.809082,42.053223,-163.696289,16.845703
4312,-0.313477,-0.857910,-1.135254,40.344238,-195.617676,24.169922
4313,-0.345703,-0.857910,-1.068848,-1.770020,-154.296875,36.437988
4314,-0.372070,-0.837402,-0.891602,-12.817383,-127.929688,30.456543
4315,-0.364746,-0.713379,-0.730957,-15.991211,-102.539062,25.024414
4316,-0.327637,-0.508301,-0.535156,14.160156,-45.776367,19.104004
4317,-0.336914,-0.462891,-0.410156,35.583496,-18.676758,15.563965
4318,-0.335938,-0.451660,-0.283203,54.382324,0.000000,8.300781
4319,-0.297363,-0.473633,-0.109375,73.364258,7.080078,-11.291504
4320,-0.306152,-0.478516,-0.069824,71.472168,3.356934,-18.859863
4321,-0.333984,-0.498535,-0.040527,60.546875,-0.122070,-23.742676
4322,-0.390625,-0.543945,-0.041504,41.931152,-2.624512,-27.709961
4323,-0.513672,-0.620117,-0.125977,-11.230469,-4.211426,-41.320801
4324,-0.541504,-0.633789,-0.250000,-37.231445,-3.540039,-50.842285
4325,-0.486816,-0.590820,-0.546875,-63.537598,-12.145996,-62.500000
4326,-0.433594,-0.592285,-0.712402,-58.654785,-19.287109,-62.011719
4327,-0.364258,-0.607910,-0.907715,-44.311523,-26.306152,-58.105469
4328,-0.237305,-0.791016,-1.431641,27.221680,-26.000977,-34.729004
4329,-0.316406,-1.008789,-1.370117,79.284668,-7.568359,-21.301270
4330,-0.496094,-1.156250,-1.028320,130.798340,6.530762,-13.000488
4331,-0.812012,-1.039062,-0.263184,184.509277,2.197266,-5.004883
4332,-0.872559,-0.881348,0.034668,174.255371,-12.939453,-6.774902
4333,-0.856934,-0.711914,0.219727,137.634277,-31.616211,-11.230469
4334,-0.799316,-0.557617,0.278809,78.369141,-42.968750,-16.174316
4335,-0.703125,-0.437988,0.127441,-44.738770,-40.344238,-17.211914
4336,-0.652344,-0.528809,0.005859,-78.735352,-36.621094,-13.061523
4337,-0.587402,-0.699707,-0.140137,-93.688965,-41.198730,-9.033203
4338,-0.594238,-1.035645,-0.445312,-96.191406,-58.898926,-6.530762
4339,-0.532227,-1.591309,-1.200195,22.888184,-60.791016,-20.080566
4340,-0.458496,-1.291016,-0.576172,96.130371,-31.311035,-27.709961
4341,-0.462891,-1.070312,-0.159180,107.788086,-6.835938,-29.846191
4342,-0.612793,-0.869629,0.183594,51.147461,2.197266,-24.597168
4343,-0.639160,-0.809082,0.200195,19.836426,-0.610352,-25.085449
4344,-0.617188,-0.783203,0.183594,-7.385254,1.037598,-31.005859
4345,-0.494629,-0.778320,0.126953,-56.152344,17.517090,-55.908203
4346,-0.441895,-0.768066,0.104492,-79.528809,28.198242,-66.650391
4347,-0.392578,-0.767090,0.049805,-109.436035,38.024902,-77.148438
4348,-0.372559,-0.765625,0.024902,-112.976074,37.475586,-76.416016
4349,-0.346191,-0.799316,-0.017578,-107.116699,30.883789,-70.983887
4350,-0.307617,-0.851562,-0.063965,-90.942383,17.395020,-63.415527
4351,-0.252441,-1.018066,-0.088379,-48.767090,-23.193359,-49.194336
4352,-0.229004,-1.124512,-0.109863,-33.081055,-43.029785,-48.522949
4353,-0.210449,-1.187988,-0.126953,-26.367188,-58.898926,-52.062988
4354,-0.158203,-1.168457,-0.185547,-30.578613,-73.669434,-55.053711
4355,-0.147461,-1.128906,-0.183594,-35.217285,-76.782227,-50.964355
4356,-0.159180,-1.086426,-0.185059,-39.489746,-79.284668,-46.508789
4357,-0.179199,-1.035645,-0.215820,-40.039062,-80.322266,-44.555664
4358,-0.232422,-0.892090,-0.271973,-37.536621,-72.998047,-43.823242
4359,-0.287109,-0.833984,-0.284668,-36.560059,-67.504883,-42.541504
4360,-0.347656,-0.756348,-0.354004,-27.282715,-60.058594,-40.527344
4361,-0.358887,-0.730957,-0.378906,-18.310547,-59.448242,-38.024902
4362,-0.372559,-0.721680,-0.418457,-9.033203,-60.974121,-35.949707
4363,-0.370117,-0.696289,-0.440430,-1.342773,-64.086914,-34.667969
4364,-0.356934,-0.646973,-0.476074,-1.831055,-72.875977,-30.395508
4365,-0.344727,-0.641113,-0.547852,-9.521484,-72.509766,-28.076172
4366,-0.315430,-0.642090,-0.628418,-14.465332,-64.392090,-23.681641
4367,-0.288574,-0.687988,-0.625488,-17.639160,-38.574219,-9.460449
4368,-0.267090,-0.724121,-0.565918,-19.653320,-28.503418,-1.464844
4369,-0.236816,-0.807129,-0.445801,-26.672363,-19.287109,7.629395
4370,-0.225098,-0.845215,-0.416504,-28.259277,-19.653320,8.605957
4371,-0.215332,-0.864258,-0.406250,-28.869629,-22.216797,8.544922
4372,-0.213867,-0.885254,-0.408691,-28.747559,-26.000977,8.422852
4373,-0.220215,-0.935547,-0.443848,-27.282715,-34.545898,4.455566
4374,-0.223145,-0.957031,-0.475098,-27.404785,-37.963867,0.061035
4375,-0.233398,-0.969238,-0.531738,-28.991699,-40.100098,-4.821777
4376,-0.242676,-0.967285,-0.605469,-29.541016,-39.184570,-8.300781
4377,-0.250000,-0.905762,-0.732422,-32.897949,-27.954102,-5.859375
4378,-0.259277,-0.869629,-0.764648,-36.987305,-18.310547,0.610352
4379,-0.312500,-0.841309,-0.740234,-47.119141,-1.586914,12.268066
4380,-0.339844,-0.836426,-0.714355,-51.635742,2.685547,15.625000
4381,-0.358887,-0.860840,-0.650391,-56.091309,3.112793,17.028809
4382,-0.365723,-0.905273,-0.538086,-65.124512,-2.563477,15.808105
4383,-0.368164,-1.031250,-0.420410,-102.539062,-26.245117,7.568359
4384,-0.349609,-1.119141,-0.492676,-111.694336,-35.400391,0.244141
4385,-0.332031,-1.308594,-0.581055,-80.993652,-45.166016,-10.620117
4386,-0.330078,-1.365234,-0.560547,-63.171387,-49.011230,-13.305664
4387,-0.315918,-1.379395,-0.528809,-55.969238,-51.025391,-15.380859
4388,-0.278320,-1.331543,-0.508301,-57.861328,-50.292969,-16.906738
4389,-0.190918,-1.082520,-0.410156,-61.706543,-49.011230,-21.728516
4390,-0.169434,-0.944824,-0.333496,-60.607910,-51.574707,-24.414062
4391,-0.166016,-0.836426,-0.266113,-60.058594,-55.236816,-27.221680
4392,-0.168945,-0.664551,-0.172363,-62.927246,-63.354492,-34.057617
4393,-0.184570,-0.594727,-0.172363,-65.246582,-65.307617,-36.865234
4394,-0.199219,-0.522461,-0.177734,-66.772461,-64.636230,-37.292480
4395,-0.262207,-0.460938,-0.227051,-67.199707,-53.710938,-30.395508
4396,-0.302734,-0.469238,-0.258301,-65.551758,-43.273926,-24.719238
4397,-0.350098,-0.512207,-0.292480,-62.377930,-30.944824,-18.920898
4398,-0.437988,-0.681641,-0.343262,-47.119141,-9.826660,-12.329102
4399,-0.458984,-0.777832,-0.358398,-39.306641,-3.906250,-10.620117
4400,-0.462402,-0.875977,-0.350098,-31.799316,-2.868652,-9.643555
4401,-0.462891,-1.053223,-0.264160,-18.981934,-24.291992,-13.916016
4402,-0.464844,-1.092285,-0.157227,-12.634277,-56.030273,-21.667480
4403,-0.584961,-1.109863,-0.166504,1.037598,-135.375977,-33.447266
4404,-0.556641,-0.886230,-0.590820,-25.207520,-210.083008,-41.870117
4405,-0.492188,-0.802734,-0.641113,-25.024414,-207.580566,-40.039062
4406,-0.451660,-0.752930,-0.576172,-13.610840,-203.430176,-37.902832
4407,-0.382324,-0.707031,-0.703613,3.906250,-179.260254,-28.991699
4408,-0.365723,-0.736328,-0.718750,7.812500,-152.099609,-24.047852
4409,-0.336426,-0.743652,-0.674805,6.652832,-98.022461,-23.559570
4410,-0.266602,-0.757324,-0.590332,7.507324,-77.636719,-25.939941
4411,-0.259766,-0.779297,-0.556152,10.314941,-61.889648,-30.151367
4412,-0.248535,-0.790527,-0.500488,18.432617,-51.086426,-34.851074
4413,-0.248535,-0.759277,-0.425293,28.442383,-44.311523,-37.902832
4414,-0.272949,-0.650879,-0.208008,38.024902,-42.724609,-36.071777
4415,-0.304688,-0.602539,-0.132812,35.644531,-45.227051,-35.217285
4416,-0.421875,-0.546875,0.008789,8.728027,-46.997070,-39.306641
4417,-0.500488,-0.565430,0.046875,-13.244629,-47.485352,-43.395996
4418,-0.563965,-0.570312,0.046387,-36.254883,-50.781250,-50.292969
4419,-0.597168,-0.554688,-0.004883,-56.457520,-55.053711,-55.725098
4420,-0.594238,-0.525879,-0.148926,-80.993652,-68.237305,-55.114746
4421,-0.583496,-0.534180,-0.243164,-88.684082,-77.636719,-50.048828
4422,-0.583496,-0.570312,-0.377441,-94.726562,-87.219238,-44.738770
4423,-0.583496,-0.711426,-0.780762,-84.167480,-89.538574,-45.288086
4424,-0.530273,-0.808105,-0.988770,-64.086914,-76.171875,-45.593262
4425,-0.501953,-0.960449,-1.079590,-24.230957,-56.274414,-42.602539
4426,-0.507324,-1.059082,-0.931641,25.573730,-42.175293,-39.367676
4427,-0.545898,-1.063477,-0.704102,63.415527,-38.757324,-36.376953
4428,-0.664062,-0.951172,-0.342773,79.406738,-40.466309,-30.029297
4429,-0.694824,-0.877930,-0.187012,61.950684,-45.959473,-27.038574
4430,-0.725586,-0.838867,-0.152832,14.343262,-71.289062,-31.555176
4431,-0.604492,-0.776855,-0.346191,-10.681152,-73.730469,-38.208008
4432,-0.484375,-0.749512,-0.539551,-37.414551,-61.706543,-34.484863
4433,-0.476562,-0.895996,-0.663086,-67.687988,-35.888672,-28.381348
4434,-0.487793,-1.139648,-0.544434,-43.151855,-30.334473,-32.287598
4435,-0.464844,-1.023926,-0.263184,2.685547,-23.742676,-35.888672
4436,-0.483887,-0.931641,-0.007324,24.475098,-12.939453,-37.780762
4437,-0.549316,-0.937012,0.201660,5.676270,-3.540039,-39.550781
4438,-0.554199,-0.967773,0.203613,-9.582520,-7.446289,-40.161133
4439,-0.541504,-1.006348,0.191895,-24.291992,-10.131836,-42.541504
4440,-0.479004,-1.036621,0.150879,-62.805176,-8.178711,-58.837891
4441,-0.447266,-1.017578,0.126953,-83.312988,-5.065918,-69.458008
4442,-0.399414,-0.960449,0.104492,-98.571777,-6.103516,-76.721191
4443,-0.350098,-0.896484,0.034668,-103.942871,-12.878418,-77.941895
4444,-0.251465,-0.844727,-0.145508,-65.612793,-38.452148,-64.636230
4445,-0.192871,-0.846680,-0.180176,-39.672852,-52.795410,-59.936523
4446,-0.085938,-0.875977,-0.179199,-9.460449,-73.425293,-57.861328
4447,-0.051270,-0.897949,-0.160156,-4.028320,-82.580566,-59.875488
4448,-0.028320,-0.922363,-0.158691,-2.868652,-90.698242,-62.011719
4449,-0.013184,-0.956055,-0.254883,-4.699707,-96.252441,-61.401367
4450,-0.053711,-0.996582,-0.272949,-3.234863,-92.529297,-59.082031
4451,-0.117676,-1.031738,-0.252441,-4.882812,-85.815430,-58.410645
4452,-0.187988,-1.056641,-0.222168,-10.375977,-78.308105,-57.128906
4453,-0.314941,-1.035645,-0.202637,-26.184082,-65.917969,-47.485352
4454,-0.387695,-1.004883,-0.197754,-31.494141,-61.767578,-41.381836
4455,-0.467773,-0.918457,-0.221680,-33.142090,-60.485840,-37.841797
4456,-0.481445,-0.886230,-0.232910,-31.799316,-66.162109,-39.367676
4457,-0.490234,-0.854492,-0.272949,-30.090332,-74.829102,-44.372559
4458,-0.426758,-0.746094,-0.382324,-24.597168,-97.351074,-50.659180
4459,-0.361816,-0.718750,-0.501465,-23.193359,-101.318359,-46.936035
4460,-0.299316,-0.725098,-0.617676,-19.409180,-93.139648,-40.161133
4461,-0.235352,-0.766602,-0.610840,-13.549805,-58.715820,-27.160645
4462,-0.221680,-0.786621,-0.554199,-17.456055,-43.395996,-21.911621
4463,-0.216797,-0.810059,-0.503906,-23.010254,-32.592773,-18.554688
4464,-0.212402,-0.825684,-0.414551,-30.761719,-25.878906,-13.732910
4465,-0.215820,-0.830566,-0.393555,-32.653809,-27.893066,-11.352539
4466,-0.218262,-0.836914,-0.389160,-33.020020,-31.127930,-10.070801
4467,-0.220215,-0.839844,-0.401367,-32.653809,-33.386230,-9.399414
4468,-0.223145,-0.855957,-0.416016,-29.785156,-33.508301,-6.652832
4469,-0.226074,-0.864746,-0.413574,-28.259277,-32.470703,-4.272461
4470,-0.229980,-0.863770,-0.412598,-26.916504,-30.822754,-1.220703
4471,-0.241699,-0.864746,-0.409180,-26.428223,-28.137207,1.647949
4472,-0.260254,-0.855957,-0.395020,-25.146484,-23.315430,5.493164
4473,-0.264648,-0.853516,-0.393066,-23.498535,-22.583008,6.591797
4474,-0.274414,-0.855957,-0.395020,-22.460938,-22.521973,7.812500
4475,-0.281250,-0.859863,-0.395508,-22.338867,-22.705078,9.033203
4476,-0.278320,-0.874512,-0.399414,-22.460938,-24.658203,11.535645
4477,-0.268066,-0.878418,-0.408203,-22.033691,-26.977539,12.207031
4478,-0.245117,-0.884277,-0.418945,-20.446777,-30.822754,12.390137
4479,-0.229004,-0.896484,-0.422363,-19.165039,-32.836914,11.779785
4480,-0.202637,-0.901855,-0.419922,-17.761230,-35.522461,10.437012
4481,-0.181641,-0.908203,-0.415527,-16.540527,-38.635254,8.850098
4482,-0.150879,-0.928223,-0.414551,-14.831543,-47.058105,4.699707
4483,-0.146973,-0.939941,-0.434570,-14.465332,-49.987793,2.441406
4484,-0.131836,-0.925781,-0.543945,-12.512207,-46.630859,-1.159668
4485,-0.113281,-0.898438,-0.592773,-10.314941,-39.184570,-0.671387
4486,-0.100586,-0.875000,-0.609375,-8.544922,-29.846191,0.976562
4487,-0.109375,-0.844727,-0.637695,-7.629395,-13.061523,5.310059
4488,-0.126953,-0.843750,-0.634766,-8.178711,-5.859375,7.263184
4489,-0.154297,-0.872559,-0.597168,-10.314941,-1.037598,8.117676
4490,-0.189941,-0.912109,-0.532227,-16.662598,0.488281,7.202148
4491,-0.279297,-1.001953,-0.460938,-35.644531,-5.676270,4.089355
4492,-0.322754,-1.055664,-0.465332,-42.053223,-9.643555,2.258301
4493,-0.421875,-1.099609,-0.499512,-43.457031,-15.441895,-0.793457
4494,-0.464355,-1.055176,-0.495605,-38.085938,-15.563965,0.610352
4495,-0.492676,-0.970703,-0.472168,-29.968262,-13.549805,6.225586
4496,-0.575195,-0.798828,-0.380859,-11.413574,-1.525879,21.972656
4497,-0.622070,-0.727539,-0.326172,0.000000,5.920410,26.062012
4498,-0.660645,-0.661621,-0.269043,12.084961,10.925293,26.367188
4499,-0.701660,-0.613770,-0.203613,22.888184,12.939453,24.536133
4500,-0.775391,-0.584961,-0.007324,30.395508,-4.028320,17.211914
4501,-0.821289,-0.600586,0.064941,26.733398,-26.000977,13.000488
4502,-0.887207,-0.612305,0.068848,11.108398,-84.655762,4.333496
4503,-0.881836,-0.613770,-0.033691,1.953125,-106.384277,2.868652
4504,-0.843262,-0.631348,-0.178223,-4.272461,-113.342285,4.028320
4505,-0.726562,-0.661133,-0.280762,-7.568359,-123.168945,18.188477
4506,-0.737793,-0.723145,-0.400391,-2.380371,-147.827148,30.212402
4507,-0.750488,-0.732422,-0.583008,6.286621,-164.978027,37.048340
4508,-0.716309,-0.580078,-1.128418,35.278320,-139.404297,57.617188
4509,-0.721191,-0.609863,-0.940918,39.550781,-110.656738,66.833496
4510,-0.707520,-0.638672,-0.904785,33.386230,-78.063965,74.340820
4511,-0.673828,-0.712402,-0.643066,21.484375,-15.441895,75.683594
4512,-0.621582,-0.702148,-0.486328,18.188477,8.483887,71.411133
4513,-0.562500,-0.667480,-0.367676,23.986816,27.343750,66.040039
4514,-0.529297,-0.634277,-0.254883,34.301758,41.076660,57.739258
4515,-0.449707,-0.550293,-0.020020,67.626953,52.429199,33.874512
4516,-0.432129,-0.529297,0.097168,76.416016,45.715332,21.240234
4517,-0.365234,-0.505371,0.134277,67.749023,21.362305,3.967285
4518,-0.347168,-0.520996,0.079102,52.551270,12.512207,1.403809
4519,-0.354980,-0.561035,0.008789,30.883789,7.446289,0.488281
4520,-0.448730,-0.668457,-0.216309,-16.784668,7.568359,-2.014160
4521,-0.500977,-0.658203,-0.309082,-40.588379,12.023926,-4.455566
4522,-0.556641,-0.664551,-0.478516,-55.786133,18.127441,-7.934570
4523,-0.661133,-0.533691,-0.771484,-56.701660,35.888672,-28.686523
4524,-0.699707,-0.443848,-0.934082,-35.095215,47.729492,-45.715332
4525,-0.784180,-0.437988,-0.826172,28.747559,78.002930,-74.768066
4526,-0.792969,-0.466797,-0.658691,45.715332,85.693359,-84.289551
4527,-0.804199,-0.487305,-0.556641,55.969238,85.632324,-88.684082
4528,-0.771484,-0.531250,-0.463379,76.599121,77.453613,-78.857422
4529,-0.718262,-0.639648,-0.406738,81.909180,73.791504,-65.551758
4530,-0.653809,-0.788574,-0.328613,78.979492,65.246582,-50.842285
4531,-0.518555,-0.984375,-0.352051,44.372559,33.996582,-14.160156
4532,-0.495117,-1.117188,-0.405273,25.390625,23.559570,5.065918
4533,-0.533691,-1.278320,-0.524414,2.197266,16.479492,14.587402
4534,-0.598145,-1.518555,-0.784668,-19.470215,11.352539,19.287109
4535,-0.645996,-1.905273,-1.112793,-16.113281,14.465332,18.981934
4536,-0.507812,-1.454102,-0.442871,146.423340,38.696289,-15.808105
4537,-0.641602,-0.717773,0.386230,187.438965,34.362793,-5.981445
4538,-0.889160,-0.478516,0.786621,125.183105,41.259766,-24.291992
4539,-0.930664,-0.402832,0.382812,32.165527,69.763184,-48.217773
4540,-0.846191,-0.467773,0.238281,40.710449,69.519043,-43.212891
4541,-0.794922,-0.533203,0.195801,44.921875,68.176270,-43.212891
4542,-0.775879,-0.441406,0.149902,-7.934570,81.542969,-55.114746
4543,-0.765137,-0.364258,0.119141,-43.212891,94.055176,-49.316406
4544,-0.780762,-0.387207,0.044434,-81.054688,105.712891,-32.226562
4545,-0.804688,-0.499512,-0.178711,-102.050781,117.065430,-15.380859
4546,-0.778320,-0.696777,-0.383301,-62.377930,128.295898,15.258789
4547,-0.745117,-0.827148,-0.417969,-42.846680,137.268066,26.611328
4548,-0.604004,-1.083008,-0.485840,2.014160,147.827148,38.085938
4549,-0.525391,-1.239746,-0.367188,20.568848,143.615723,38.513184
4550,-0.459961,-1.384766,-0.190430,25.878906,131.835938,32.104492
4551,-0.291016,-1.282227,-0.219727,18.127441,110.473633,39.367676
4552,-0.256836,-1.093750,-0.269531,5.920410,111.572266,52.490234
4553,-0.237305,-0.969727,-0.265625,5.859375,110.046387,64.331055
4554,-0.201660,-0.848633,-0.205566,16.723633,87.829590,58.898926
4555,-0.173828,-0.777832,-0.147461,20.385742,73.059082,47.973633
4556,-0.139160,-0.702148,-0.105957,18.432617,56.152344,39.978027
4557,-0.134277,-0.652832,-0.117188,12.084961,40.649414,34.545898
4558,-0.114258,-0.559570,-0.264160,-4.638672,31.555176,24.169922
4559,-0.090820,-0.518555,-0.309570,-12.084961,35.583496,22.705078
4560,-0.071289,-0.498047,-0.354004,-15.441895,40.771484,23.986816
4561,-0.067871,-0.504395,-0.414551,-12.878418,47.485352,26.977539
4562,-0.126953,-0.578125,-0.428711,10.925293,54.992676,36.499023
4563,-0.180664,-0.628906,-0.392578,22.155762,51.452637,40.466309
4564,-0.220215,-0.662598,-0.370605,25.329590,47.241211,43.151855
4565,-0.246094,-0.674316,-0.353027,23.254395,44.921875,44.067383
4566,-0.269043,-0.652344,-0.345215,16.235352,40.771484,43.823242
4567,-0.287109,-0.655762,-0.370605,15.075684,39.306641,44.494629
4568,-0.305176,-0.662109,-0.397949,15.991211,38.391113,45.043945
4569,-0.324219,-0.669434,-0.424805,17.883301,37.170410,45.898438
4570,-0.332520,-0.655762,-0.528809,24.536133,29.907227,44.677734
4571,-0.308594,-0.645996,-0.603516,28.076172,24.597168,43.823242
4572,-0.267090,-0.661133,-0.715820,27.587891,23.376465,43.151855
4573,-0.167969,-0.759277,-0.925781,18.493652,39.367676,38.940430
4574,-0.128418,-0.872070,-0.971680,7.507324,54.199219,33.996582
4575,-0.111328,-0.967773,-0.917480,-6.958008,67.749023,27.648926
4576,-0.111816,-1.051270,-0.830566,-24.536133,74.218750,20.385742
4577,-0.128906,-1.066895,-0.701172,-39.489746,70.922852,13.793945
4578,-0.212402,-0.967285,-0.505859,-48.278809,33.325195,4.577637
4579,-0.266113,-0.894043,-0.503906,-38.513184,10.253906,0.305176
4580,-0.300781,-0.631348,-0.533203,-18.554688,-9.521484,5.371094
4581,-0.333496,-0.558105,-0.550781,-16.906738,-4.943848,11.230469
4582,-0.364258,-0.517578,-0.558105,-17.456055,5.126953,17.944336
4583,-0.444336,-0.612793,-0.603027,-14.221191,31.311035,45.776367
4584,-0.535645,-0.834473,-0.614258,-13.916016,50.354004,63.110352
4585,-0.662598,-1.096680,-0.559082,-13.793945,61.035156,66.955566
4586,-0.981445,-1.515137,-0.660156,-20.019531,63.476562,54.565430
4587,-1.101562,-1.641113,-0.686523,-7.751465,57.617188,47.363281
4588,-1.221191,-1.725098,-0.662109,14.160156,49.499512,42.663574
4589,-1.340332,-1.549316,-0.499023,85.021973,31.311035,47.180176
4590,-1.393555,-1.467773,-0.296875,123.657227,27.648926,46.875000
4591,-1.372559,-1.309570,-0.067383,139.526367,17.700195,36.376953
4592,-1.072266,-0.866699,0.179199,113.891602,-22.155762,-3.356934
4593,-0.827148,-0.605957,0.174805,82.458496,-43.151855,-13.916016
4594,-0.604492,-0.394531,0.125488,51.330566,-60.974121,-13.916016
4595,-0.341797,-0.163574,-0.082520,18.188477,-80.383301,8.605957
4596,-0.139648,-0.308105,-0.165527,15.625000,-121.276855,30.944824
4597,-0.097656,-0.600586,-0.791504,35.766602,-181.213379,51.330566
4598,-0.124023,-0.850098,-1.250000,68.725586,-185.729980,66.101074
4599,-0.350586,-0.906738,-1.062012,91.979980,-87.890625,62.133789
4600,-0.360352,-0.658203,-0.861816,55.175781,-40.771484,73.791504
4601,-0.462891,-0.449219,-0.345215,-46.203613,34.545898,83.618164
4602,-0.419434,-0.360840,-0.142578,-88.195801,52.429199,72.326660
4603,-0.371094,-0.306152,-0.032715,-112.426758,61.828613,56.701660
4604,-0.312012,-0.252441,0.013672,-122.070312,70.129395,38.085938
4605,-0.201172,-0.182617,0.090820,-110.656738,82.397461,1.403809
4606,-0.158691,-0.167969,0.084961,-97.656250,75.866699,-14.465332
4607,-0.141602,-0.158203,0.061523,-79.833984,60.180664,-26.733398
4608,-0.069336,-0.105957,-0.126953,-27.587891,2.319336,-38.330078
4609,-0.126465,-0.210938,-0.333008,17.395020,-32.470703,-44.555664
4610,-0.255859,-0.345215,-0.579590,64.453125,-51.635742,-61.279297
4611,-0.444336,-0.584961,-0.934082,128.601074,-59.448242,-83.251953
4612,-0.594238,-0.995117,-1.262695,135.437012,-55.664062,-89.294434
4613,-0.752930,-1.528320,-1.796875,133.728027,-40.588379,-102.294922
4614,-0.695801,-1.849121,-1.241211,213.867188,20.874023,-103.271484
4615,-0.696777,-1.571289,-0.343750,251.220703,39.001465,-80.749512
4616,-0.798828,-0.971191,0.397949,140.930176,4.028320,-43.212891
4617,-0.817871,-0.743164,0.325195,76.110840,0.610352,-39.001465
4618,-0.786621,-0.517090,0.261230,32.836914,9.277344,-35.583496
4619,-0.598633,-0.713379,0.122070,14.343262,11.230469,-14.709473
4620,-0.638184,-0.776855,0.044922,48.400879,-20.629883,7.263184
4621,-0.826660,-0.811523,0.022461,101.928711,-45.349121,27.526855
4622,-0.983398,-0.838379,0.092285,131.347656,-41.442871,42.846680
4623,-1.025879,-0.847656,0.086426,102.294922,-24.902344,39.245605
4624,-0.954590,-0.825684,0.046875,67.016602,-1.464844,27.221680
4625,-0.863770,-0.791016,0.064453,40.222168,20.324707,10.864258
4626,-0.724121,-0.825684,0.090820,16.540527,50.781250,-25.085449
4627,-0.661621,-0.868164,0.082031,17.822266,64.758301,-45.166016
4628,-0.615723,-0.906250,0.127441,21.545410,81.604004,-67.138672
4629,-0.492676,-0.921875,0.312012,-19.409180,114.135742,-93.322754
4630,-0.430176,-0.941406,0.362793,-59.631348,122.985840,-86.242676
4631,-0.405762,-0.988770,0.432129,-106.506348,123.413086,-69.091797
4632,-0.429199,-1.056641,0.417480,-207.824707,88.500977,-32.531738
4633,-0.440918,-1.075684,0.288086,-234.497070,52.856445,-19.714355
4634,-0.442871,-1.114746,0.081055,-230.041504,12.573242,-13.610840
4635,-0.421387,-1.092773,-0.293457,-143.127441,-43.212891,-32.897949
4636,-0.318848,-0.985352,-0.362305,-85.266113,-58.471680,-44.860840
4637,-0.179688,-0.846680,-0.340332,-45.166016,-67.199707,-50.292969
4638,-0.037598,-0.732910,-0.342285,-22.827148,-75.134277,-47.973633
4639,0.020020,-0.658203,-0.451172,-15.075684,-76.721191,-42.053223
4640,0.013184,-0.574707,-0.507324,-23.620605,-64.819336,-39.611816
4641,-0.002930,-0.484375,-0.557129,-33.874512,-46.691895,-32.958984
4642,-0.108398,-0.396973,-0.616211,-40.893555,2.197266,-13.244629
4643,-0.148438,-0.365723,-0.619141,-37.353516,26.428223,-1.708984
4644,-0.187012,-0.326660,-0.608398,-29.724121,44.372559,11.291504
4645,-0.303223,-0.403809,-0.614746,-0.610352,60.974121,42.419434
4646,-0.362793,-0.533691,-0.579590,9.521484,63.964844,49.133301
4647,-0.367676,-0.685547,-0.437500,0.122070,46.569824,45.471191
4648,-0.376465,-0.730469,-0.443359,-9.948730,28.015137,42.419434
4649,-0.379883,-0.764648,-0.459961,-18.920898,9.399414,38.818359
4650,-0.367188,-0.815918,-0.611328,-31.494141,-13.305664,29.663086
4651,-0.360352,-0.844238,-0.715820,-32.897949,-13.549805,29.846191
4652,-0.361328,-0.905273,-0.836914,-27.770996,-8.056641,31.921387
4653,-0.400879,-1.063965,-1.147949,17.944336,18.371582,33.630371
4654,-0.486328,-1.137207,-1.203613,39.489746,43.273926,34.301758
4655,-0.554688,-1.203613,-0.864258,26.916504,64.147949,27.709961
4656,-0.491699,-1.120605,-0.519043,-23.010254,59.997559,22.521973
4657,-0.504883,-0.964844,-0.590332,-83.251953,10.314941,32.775879
4658,-0.519531,-0.981934,-0.740234,-66.894531,4.699707,41.320801
4659,-0.534180,-1.064453,-0.744629,-44.799805,12.084961,56.213379
4660,-0.489258,-1.239258,-0.600586,-30.395508,43.640137,83.251953
4661,-0.469727,-1.204590,-0.541016,-34.240723,56.030273,83.374023
4662,-0.480469,-1.108398,-0.566406,-37.170410,71.594238,80.200195
4663,-0.496582,-1.008301,-0.470703,-34.484863,81.604004,76.110840
4664,-0.609375,-0.996094,-0.343262,0.061035,71.411133,67.321777
4665,-0.653320,-0.998047,-0.236328,22.033691,55.480957,61.401367
4666,-0.695801,-0.989746,-0.133301,40.832520,33.386230,55.725098
4667,-0.813477,-0.940430,-0.034180,66.650391,-7.629395,46.569824
4668,-0.870605,-0.934570,-0.005371,75.561523,-17.761230,40.405273
4669,-0.882324,-0.937988,0.029297,78.552246,-24.108887,26.428223
4670,-0.833496,-0.863770,0.042969,70.373535,-26.123047,8.850098
4671,-0.581055,-0.575195,0.030273,34.484863,-17.089844,-18.737793
4672,-0.440918,-0.431641,0.028809,15.930176,-11.962891,-22.033691
4673,-0.343750,-0.350586,-0.000488,1.403809,-8.789062,-19.165039
4674,-0.073242,-0.343262,-0.084473,-3.662109,-36.132812,3.234863
4675,-0.060547,-0.656738,-0.724121,58.776855,-144.958496,36.682129
4676,-0.242188,-1.018066,-1.128418,91.369629,-162.597656,47.851562
4677,-0.216309,-0.833984,-0.765137,73.364258,-127.380371,42.358398
4678,-0.141113,-0.583984,-0.620117,40.405273,-87.280273,49.255371
4679,-0.199219,-0.463379,-0.334961,5.737305,-19.897461,62.744141
4680,-0.200195,-0.433105,-0.214844,-5.371094,5.493164,50.659180
4681,-0.208984,-0.403320,-0.092285,-14.770508,24.353027,32.958984
4682,-0.212891,-0.366211,0.001953,-20.751953,35.400391,10.009766
4683,-0.241211,-0.265137,0.035645,-30.151367,39.123535,-36.926270
4684,-0.255371,-0.224609,0.053223,-32.531738,33.386230,-54.138184
4685,-0.292480,-0.218750,0.061523,-36.010742,20.446777,-66.772461
4686,-0.385742,-0.128906,-0.015137,-51.818848,-20.996094,-88.684082
4687,-0.432617,-0.103516,-0.114258,-60.241699,-43.945312,-88.928223
4688,-0.481934,-0.155273,-0.215820,-60.485840,-67.443848,-81.909180
4689,-0.523926,-0.582031,-0.938477,7.812500,-112.243652,-49.438477
4690,-0.854004,-1.632324,-2.183105,58.105469,-124.206543,-22.460938
4691,-0.687988,-2.128418,-2.267090,134.765625,-100.158691,5.249023
4692,-0.861816,-2.083496,-1.103027,257.751465,-54.443359,31.311035
4693,-1.283691,-1.496582,0.063477,244.262695,-15.502930,23.437500
4694,-1.338379,-1.324707,0.021484,178.649902,-13.183594,23.315430
4695,-1.070312,-0.926758,0.184082,92.895508,47.729492,4.577637
4696,-0.958984,-0.584961,0.356445,96.496582,48.889160,-2.502441
4697,-0.950684,-0.496582,0.406738,95.336914,46.875000,2.258301
4698,-0.877930,-0.533203,0.381836,83.068848,42.968750,4.760742
4699,-0.629395,-0.600586,0.212891,31.738281,52.978516,-13.793945
4700,-0.562500,-0.655273,0.241211,5.065918,61.035156,-29.846191
4701,-0.514648,-0.718750,0.282227,-21.179199,64.086914,-44.006348
4702,-0.484375,-0.951172,0.345215,-32.653809,63.293457,-62.133789
4703,-0.466309,-1.038086,0.366699,-30.090332,68.359375,-70.678711
4704,-0.446289,-1.109375,0.479004,-70.678711,76.049805,-67.077637
4705,-0.460938,-1.163574,0.526367,-107.055664,70.007324,-55.419922
4706,-0.491211,-1.279297,0.557129,-147.705078,56.640625,-47.546387
4707,-0.464355,-1.249512,0.323730,-186.645508,12.573242,-30.334473
4708,-0.478516,-1.284668,0.215820,-161.987305,-18.554688,-29.602051
4709,-0.457520,-1.274902,0.045898,-117.431641,-46.936035,-41.931152
4710,-0.190430,-1.042969,0.004883,-17.700195,-90.454102,-67.199707
4711,-0.091797,-0.929688,0.052734,-0.427246,-113.281250,-68.237305
4712,-0.079590,-0.900879,-0.031250,0.793457,-132.019043,-69.519043
4713,-0.100586,-0.885254,-0.164062,-5.249023,-137.756348,-76.965332
4714,-0.098145,-0.690430,-0.443359,-27.343750,-108.276367,-91.003418
4715,-0.039551,-0.511230,-0.647949,-37.780762,-77.941895,-84.716797
4716,-0.029785,-0.382812,-0.877930,-22.766113,-50.598145,-69.702148
4717,-0.282715,-0.261719,-0.771484,-0.854492,-42.968750,-47.363281
4718,-0.419922,-0.232422,-0.854492,3.723145,-46.630859,-38.696289
4719,-0.487305,-0.253906,-0.889160,8.422852,-32.165527,-26.245117
4720,-0.435547,-0.337402,-0.717285,-3.662109,21.301270,8.178711
4721,-0.408203,-0.390137,-0.655273,-12.451172,46.691895,27.526855
4722,-0.375488,-0.475098,-0.550293,-19.042969,66.467285,41.809082
4723,-0.327148,-0.550781,-0.458008,-26.855469,77.819824,52.185059
4724,-0.286133,-0.625000,-0.405273,-33.752441,81.298828,61.096191
4725,-0.278320,-0.805664,-0.297852,-34.057617,62.805176,71.105957
4726,-0.311035,-0.912109,-0.286621,-28.808594,41.687012,70.068359
4727,-0.353516,-1.014648,-0.325684,-22.949219,20.263672,65.307617
4728,-0.476562,-1.143066,-0.580566,-20.324707,-1.464844,52.001953
4729,-0.541016,-1.172852,-0.784668,-23.193359,9.399414,48.522949
4730,-0.586914,-1.251953,-1.011719,-24.108887,36.071777,45.227051
4731,-0.553711,-1.314941,-1.099121,-21.057129,71.716309,37.902832
4732,-0.350586,-1.043945,-0.654785,-23.925781,84.594727,41.870117
4733,-0.347656,-0.956055,-0.643555,-26.306152,65.368652,51.208496
4734,-0.386230,-0.988770,-0.687500,-11.535645,39.550781,57.922363
4735,-0.383301,-1.035156,-0.643066,-14.343262,32.836914,60.729980
4736,-0.388184,-1.065430,-0.620117,-21.667480,26.367188,66.223145
4737,-0.445801,-1.248535,-0.583496,-38.330078,13.061523,70.922852
4738,-0.482422,-1.333984,-0.527344,-46.813965,3.906250,62.622070
4739,-0.511230,-1.369141,-0.472656,-56.945801,-5.981445,49.499512
4740,-0.518555,-1.331055,-0.403809,-64.392090,-19.653320,36.804199
4741,-0.553223,-1.172363,-0.334473,-59.204102,-50.415039,16.723633
4742,-0.551270,-1.048828,-0.319824,-50.048828,-58.044434,12.573242
4743,-0.538086,-0.945801,-0.270996,-40.344238,-58.593750,13.427734
4744,-0.528320,-0.876953,-0.227539,-30.578613,-54.565430,16.662598
4745,-0.529297,-0.800781,-0.172363,-4.699707,-30.944824,22.460938
4746,-0.527832,-0.777344,-0.137207,10.131836,-12.390137,19.348145
4747,-0.530762,-0.751953,-0.073242,23.864746,6.652832,12.939453
4748,-0.531738,-0.715332,0.053711,36.254883,33.386230,-1.892090
4749,-0.530273,-0.696777,0.086426,33.874512,38.452148,-9.460449
4750,-0.533203,-0.664551,0.097656,30.456543,38.085938,-16.479492
4751,-0.497559,-0.571777,0.071777,24.597168,31.005859,-24.475098
4752,-0.471680,-0.531250,0.031250,20.629883,26.489258,-21.606445
4753,-0.472168,-0.518555,-0.009277,23.864746,17.639160,-16.418457
4754,-0.373535,-0.618652,-0.479980,74.218750,-105.407715,16.296387
4755,-0.403320,-0.873535,-1.179688,116.271973,-173.522949,33.874512
4756,-0.418457,-0.897949,-1.201172,116.760254,-165.527344,38.330078
4757,-0.432617,-0.895020,-0.851562,91.491699,-104.858398,30.700684
4758,-0.384766,-0.757812,-0.666992,70.068359,-64.270020,20.812988
4759,-0.323242,-0.623535,-0.520020,56.701660,-25.878906,14.038086
4760,-0.269043,-0.474121,-0.283203,50.109863,1.464844,11.657715
4761,-0.256348,-0.363281,0.053711,30.822754,26.062012,9.094238
4762,-0.316406,-0.368652,0.159668,24.658203,25.146484,1.281738
4763,-0.372559,-0.317871,0.239258,16.174316,21.301270,-11.169434
4764,-0.450684,-0.236328,0.321777,-13.061523,13.488770,-30.700684
4765,-0.464355,-0.223633,0.340820,-30.090332,5.920410,-39.306641
4766,-0.462402,-0.218262,0.303223,-45.227051,-3.723145,-46.447754
4767,-0.434570,-0.237305,0.231934,-57.373047,-14.160156,-49.560547
4768,-0.322754,-0.386719,-0.038086,-77.941895,-38.635254,-48.095703
4769,-0.254395,-0.485352,-0.247559,-85.571289,-43.212891,-49.499512
4770,-0.221680,-0.562012,-0.446289,-90.026855,-37.902832,-54.016113
4771,-0.242676,-0.669434,-0.590820,-91.979980,-25.024414,-58.532715
4772,-0.264648,-0.936523,-1.285156,-66.040039,0.732422,-55.297852
4773,-0.348633,-1.167969,-1.662109,-24.475098,20.385742,-48.583984
4774,-0.637695,-1.522461,-0.978027,127.441406,34.301758,-41.870117
4775,-0.782715,-1.439941,-0.338867,153.625488,0.610352,-17.700195
4776,-0.770996,-1.242676,-0.160156,117.248535,-21.789551,-7.385254
4777,-0.661621,-0.825195,-0.115234,9.094238,-33.996582,-13.671875
4778,-0.663574,-0.791992,-0.258789,-15.014648,-38.391113,-11.413574
4779,-0.766602,-1.023926,-0.479492,-9.643555,-42.053223,-2.258301
4780,-0.886719,-1.438965,-0.850586,14.038086,-45.959473,1.159668
4781,-0.774902,-1.372559,-0.559082,233.276367,-34.240723,11.718750
4782,-0.895996,-1.060547,0.214355,282.409668,0.793457,15.563965
4783,-0.967285,-0.927734,0.734863,247.802734,15.319824,2.258301
4784,-0.919434,-0.787109,0.691895,179.382324,17.089844,-19.104004
4785,-0.648926,-0.502441,0.354492,51.696777,42.175293,-40.588379
4786,-0.615234,-0.470703,0.314453,-2.563477,52.978516,-50.231934
4787,-0.623535,-0.406250,0.254395,-81.420898,70.922852,-54.565430
4788,-0.616699,-0.403809,0.264648,-100.708008,75.927734,-40.283203
4789,-0.620605,-0.456543,0.283691,-112.243652,77.331543,-17.517090
4790,-0.656250,-0.596680,0.247559,-117.553711,72.448730,1.464844
4791,-0.662109,-0.846680,0.113281,-89.904785,55.358887,15.136719
4792,-0.645508,-0.958496,0.117676,-71.533203,42.175293,15.014648
4793,-0.625488,-1.055664,0.130371,-59.753418,26.794434,12.084961
4794,-0.557617,-1.142090,0.069336,-71.105957,-0.915527,8.422852
4795,-0.509277,-1.153320,-0.005371,-87.646484,-10.864258,13.793945
4796,-0.353516,-1.149902,-0.265625,-93.505859,-49.316406,11.535645
4797,-0.298828,-1.184570,-0.537598,-44.311523,-70.983887,0.793457
4798,-0.225586,-1.102051,-0.565918,-27.526855,-72.082520,-12.329102
4799,-0.054688,-0.829590,-0.562500,-21.911621,-66.650391,-26.428223
4800,-0.018066,-0.733887,-0.590820,-23.803711,-61.767578,-25.695801
4801,-0.028320,-0.654297,-0.642090,-22.766113,-49.926758,-22.338867
4802,-0.053223,-0.614746,-0.653320,-18.920898,-30.090332,-17.578125
4803,-0.061523,-0.560059,-0.562012,-29.968262,8.300781,-18.920898
4804,-0.091797,-0.530273,-0.559082,-34.484863,24.414062,-15.625000
4805,-0.154785,-0.509277,-0.497070,-35.339355,49.743652,-5.676270
4806,-0.188965,-0.504883,-0.461914,-28.320312,52.795410,-0.061035
4807,-0.204102,-0.496094,-0.421875,-18.981934,49.682617,8.789062
4808,-0.236816,-0.513672,-0.399414,-11.535645,45.166016,19.531250
4809,-0.325684,-0.627441,-0.426758,-6.469727,42.297363,34.729004
4810,-0.350586,-0.685547,-0.433594,-2.563477,40.466309,37.353516
4811,-0.387207,-0.750488,-0.431152,1.770020,35.949707,37.780762
4812,-0.452637,-0.860840,-0.380371,2.990723,16.174316,32.470703
4813,-0.479004,-0.918945,-0.394043,2.075195,1.892090,27.465820
4814,-0.500488,-0.968262,-0.429688,0.732422,-11.962891,20.996094
4815,-0.565918,-1.025391,-0.598633,-6.774902,-26.123047,9.399414
4816,-0.578125,-1.008301,-0.782715,-10.437012,-19.531250,6.469727
4817,-0.548340,-0.958008,-0.972656,-7.995605,-3.662109,8.178711
4818,-0.521484,-0.886230,-1.150391,-1.037598,51.147461,30.273438
4819,-0.496582,-0.854980,-0.895508,-8.605957,68.847656,31.799316
4820,-0.461426,-0.879883,-0.678711,-27.465820,64.819336,28.625488
4821,-0.440430,-0.929199,-0.604492,-44.555664,48.522949,23.376465
4822,-0.443848,-1.015625,-0.578125,-45.471191,10.498047,28.747559
4823,-0.500000,-1.064941,-0.630371,-46.691895,1.831055,39.184570
4824,-0.541504,-1.121094,-0.658203,-45.654297,3.906250,46.203613
4825,-0.572266,-1.160645,-0.574219,-45.776367,6.652832,47.607422
4826,-0.589355,-1.080566,-0.565430,-45.837402,21.362305,44.067383
4827,-0.604980,-0.959473,-0.419922,-22.033691,30.700684,39.306641
4828,-0.656250,-0.918457,-0.339355,-4.699707,28.198242,38.574219
4829,-0.717285,-0.883789,-0.243652,11.962891,22.033691,39.123535
4830,-0.766113,-0.859375,-0.151855,26.733398,14.770508,38.574219
4831,-0.826172,-0.771484,-0.024414,50.964355,2.746582,21.301270
4832,-0.808105,-0.689941,0.021484,57.922363,0.427246,7.446289
4833,-0.741699,-0.607910,0.089355,55.175781,-0.488281,-5.065918
4834,-0.588379,-0.470215,0.094238,26.123047,-8.056641,-19.409180
4835,-0.536133,-0.420898,0.002441,14.587402,-7.202148,-20.263672
4836,-0.488281,-0.384766,-0.061035,10.192871,-1.464844,-17.089844
4837,-0.419922,-0.362793,-0.088379,13.183594,11.047363,-5.615234
4838,-0.372559,-0.382324,-0.048340,15.136719,9.948730,1.342773
4839,-0.274902,-0.464844,-0.071289,18.737793,-42.236328,20.446777
4840,-0.283203,-0.709473,-0.599609,62.683105,-147.216797,48.034668
4841,-0.317871,-0.945801,-1.127441,39.916992,-123.596191,51.513672
4842,-0.233398,-0.726074,-0.727539,24.902344,-84.716797,42.968750
4843,-0.180664,-0.535156,-0.533691,3.967285,-57.495117,42.297363
4844,-0.174316,-0.411621,-0.394531,-2.502441,-6.896973,38.208008
4845,-0.186035,-0.375977,-0.311523,6.530762,19.836426,25.878906
4846,-0.209473,-0.366211,-0.179688,20.935059,42.358398,10.070801
4847,-0.267578,-0.340820,0.069824,49.621582,53.771973,-25.695801
4848,-0.311523,-0.333496,0.107422,54.565430,45.776367,-39.672852
4849,-0.387695,-0.358398,0.123047,54.138184,31.799316,-49.133301
4850,-0.537598,-0.443359,0.027344,31.799316,-12.573242,-66.894531
4851,-0.544922,-0.495605,-0.138672,14.282227,-33.020020,-68.542480
4852,-0.492676,-0.582031,-0.373047,0.793457,-51.513672,-65.551758
4853,-0.424316,-0.772949,-0.768066,8.850098,-61.462402,-57.006836
4854,-0.566895,-1.992188,-2.072266,25.878906,-21.789551,-45.349121
4855,-0.402832,-2.158203,-1.925781,116.455078,6.469727,-45.410156
4856,-0.514160,-1.665039,-0.641602,213.500977,20.568848,-22.094727
4857,-0.859375,-0.888672,0.308105,150.390625,-14.343262,-6.652832
4858,-0.901855,-0.625488,0.246094,66.345215,-27.526855,-17.456055
4859,-0.868164,-0.396484,0.055664,-7.995605,-16.174316,-28.137207
4860,-0.819336,-0.351562,-0.055176,-56.945801,13.854980,-29.907227
4861,-0.867188,-0.960449,-0.336914,-104.919434,12.939453,-0.183105
4862,-0.916016,-1.048340,-0.671875,-0.305176,-15.258789,27.038574
4863,-1.107422,-1.160645,-0.247070,97.961426,11.108398,26.855469
4864,-1.034180,-1.134766,0.226074,129.760742,47.180176,1.281738
4865,-0.932129,-1.107910,0.252441,108.459473,53.466797,-9.155273
4866,-0.671875,-0.994629,0.271973,34.545898,71.777344,-32.104492
4867,-0.547852,-0.950195,0.278809,-12.023926,78.796387,-39.001465
4868,-0.457031,-0.925293,0.279297,-52.551270,81.420898,-41.564941
4869,-0.400879,-0.908203,0.274414,-84.899902,80.810547,-42.297363
4870,-0.378418,-0.897461,0.225586,-130.249023,68.481445,-37.536621
4871,-0.381836,-0.902344,0.175781,-138.061523,55.419922,-29.968262
4872,-0.405762,-0.973145,0.166992,-139.038086,37.597656,-22.949219
4873,-0.431152,-1.060547,0.010742,-123.962402,-9.155273,-18.188477
4874,-0.441406,-1.076660,-0.082031,-99.243164,-28.747559,-22.583008
4875,-0.384766,-1.006348,-0.140625,-68.054199,-42.907715,-28.137207
4876,-0.216797,-0.810547,-0.098633,-20.507812,-61.767578,-29.602051
4877,-0.181152,-0.778809,-0.112305,-17.639160,-68.847656,-31.250000
4878,-0.174805,-0.756348,-0.129883,-18.432617,-74.279785,-37.292480
4879,-0.125000,-0.645508,-0.225098,-22.216797,-80.932617,-50.292969
4880,-0.112305,-0.572266,-0.324219,-22.583008,-76.416016,-49.499512
4881,-0.128906,-0.516113,-0.488281,-16.113281,-64.819336,-44.494629
4882,-0.163086,-0.403320,-0.640137,17.272949,-22.705078,-23.559570
4883,-0.183105,-0.377441,-0.634766,31.738281,-1.647949,-7.080078
4884,-0.223633,-0.353516,-0.575195,38.391113,15.441895,9.460449
4885,-0.276855,-0.350586,-0.559570,36.010742,27.893066,25.573730
4886,-0.351074,-0.392578,-0.583008,33.264160,39.672852,40.466309
4887,-0.450195,-0.500000,-0.625000,28.198242,62.316895,56.091309
4888,-0.473633,-0.583984,-0.604004,26.611328,65.673828,55.541992
4889,-0.470703,-0.660156,-0.550781,25.329590,57.434082,51.452637
4890,-0.398438,-0.796875,-0.491211,-0.061035,19.470215,42.907715
4891,-0.385254,-0.882324,-0.565918,-25.878906,6.835938,38.146973
4892,-0.395996,-1.002930,-0.707520,-44.433594,1.403809,31.250000
4893,-0.405273,-1.106934,-0.821777,-49.926758,3.051758,22.949219
4894,-0.444336,-1.219238,-0.946777,-41.625977,18.859863,17.211914
4895,-0.442383,-1.125488,-0.963379,-37.353516,27.526855,21.179199
4896,-0.428223,-1.017090,-1.019043,-33.935547,44.006348,33.508301
4897,-0.381348,-0.979492,-0.639648,-38.818359,59.753418,33.813477
4898,-0.350586,-1.054688,-0.504395,-46.142578,48.400879,25.634766
4899,-0.327637,-1.139648,-0.466797,-54.077148,32.531738,21.728516
4900,-0.371582,-1.196777,-0.499512,-71.655273,16.540527,35.583496
4901,-0.478516,-1.295410,-0.603516,-73.730469,20.935059,41.320801
4902,-0.535156,-1.312500,-0.516602,-65.185547,16.967773,43.457031
4903,-0.606445,-1.145508,-0.446777,-44.311523,4.821777,40.466309
4904,-0.642578,-1.067871,-0.458008,-34.729004,11.596680,45.776367
4905,-0.720215,-0.980469,-0.271973,2.868652,24.658203,44.616699
4906,-0.742188,-0.904297,-0.141113,27.709961,19.897461,40.222168
4907,-0.774902,-0.826660,-0.061035,52.978516,10.131836,36.621094
4908,-0.841797,-0.736816,-0.021484,80.505371,1.525879,31.555176
4909,-0.858887,-0.639648,0.185547,111.145020,-11.962891,14.709473
4910,-0.781250,-0.591797,0.260254,98.571777,-20.446777,3.234863
4911,-0.717285,-0.536621,0.264160,70.617676,-28.320312,-7.324219
4912,-0.592773,-0.444336,0.050781,12.939453,-29.052734,-14.709473
4913,-0.529297,-0.427734,-0.047852,1.953125,-22.888184,-13.549805
4914,-0.477051,-0.413086,-0.083008,0.366211,-17.761230,-10.437012
4915,-0.324707,-0.410156,0.074219,-0.610352,-33.020020,1.159668
4916,-0.261719,-0.857422,-0.967773,41.503906,-156.066895,50.109863
4917,-0.304199,-1.021484,-1.273926,32.897949,-132.080078,53.955078
4918,-0.337402,-0.972168,-1.013184,21.423340,-91.369629,42.968750
4919,-0.245605,-0.490234,-0.436035,-16.540527,-51.147461,47.851562
4920,-0.265625,-0.414551,-0.352539,-18.737793,-37.841797,52.185059
4921,-0.270996,-0.374512,-0.332520,-15.991211,-18.676758,46.447754
4922,-0.298828,-0.362793,-0.150879,-2.014160,26.794434,15.258789
4923,-0.270996,-0.316895,-0.047363,7.324219,40.161133,-7.141113
4924,-0.227539,-0.276367,0.014648,18.371582,44.311523,-27.221680
4925,-0.206543,-0.254883,0.048340,28.625488,40.283203,-42.724609
4926,-0.250977,-0.293457,0.045410,35.156250,24.169922,-66.589355
4927,-0.318359,-0.317383,0.042969,29.785156,10.375977,-75.500488
4928,-0.437500,-0.400391,-0.061035,12.817383,-31.250000,-88.378906
4929,-0.445801,-0.460938,-0.182617,0.976562,-57.128906,-83.129883
4930,-0.469727,-0.692383,-0.519531,3.784180,-92.468262,-61.950684
4931,-0.634277,-1.373535,-1.295410,27.282715,-125.000000,-32.348633
4932,-0.907227,-2.583984,-1.937988,184.692383,-55.114746,-20.690918
4933,-1.035156,-1.506836,-0.166016,260.009766,-25.878906,1.464844
4934,-0.953613,-1.070312,0.455566,207.946777,-26.733398,-4.577637
4935,-0.969238,-0.871094,0.332520,119.323730,-18.127441,-25.512695
4936,-0.876465,-0.201172,0.196777,-20.080566,22.399902,-49.743652
4937,-0.815918,-0.126465,0.146973,-53.100586,36.315918,-43.334961
4938,-0.773438,-0.391113,-0.091797,-76.354980,42.785645,-30.517578
4939,-0.735840,-0.782227,-0.439453,23.986816,4.882812,-0.671387
4940,-0.883301,-0.875488,-0.295898,122.253418,6.530762,12.878418
4941,-0.950684,-0.914551,0.077148,171.875000,22.888184,9.948730
4942,-0.950684,-0.955078,0.288086,176.818848,30.944824,1.953125
4943,-0.789551,-0.967773,0.366699,125.122070,38.879395,-16.296387
4944,-0.699219,-0.952637,0.362305,84.106445,48.400879,-27.465820
4945,-0.607910,-0.907715,0.358398,-20.935059,69.946289,-39.306641
4946,-0.457520,-0.890625,0.276367,-67.932129,83.190918,-38.269043
4947,-0.437012,-0.903320,0.262207,-107.971191,96.618652,-35.278320
4948,-0.460938,-0.944824,0.236816,-158.508301,101.440430,-17.944336
4949,-0.500977,-0.988281,0.250488,-161.804199,83.679199,-6.469727
4950,-0.500488,-1.040039,0.245605,-155.883789,51.086426,3.662109
4951,-0.472656,-1.225098,-0.002930,-135.437012,-14.770508,-5.065918
4952,-0.415527,-1.159668,-0.146484,-117.004395,-33.386230,-22.644043
4953,-0.333008,-1.056152,-0.195312,-91.430664,-45.959473,-38.513184
4954,-0.230469,-0.938477,-0.238281,-67.077637,-54.748535,-48.828125
4955,-0.006836,-0.723633,-0.348145,-17.700195,-70.068359,-45.715332
4956,0.025391,-0.688477,-0.430664,-0.488281,-69.519043,-38.940430
4957,0.024414,-0.629883,-0.494141,8.544922,-59.814453,-33.569336
4958,-0.053223,-0.488281,-0.534668,-2.624512,-20.080566,-19.836426
4959,-0.120117,-0.487793,-0.521973,-15.319824,1.647949,-12.878418
4960,-0.172852,-0.488281,-0.504395,-26.184082,21.240234,-9.643555
4961,-0.212891,-0.418457,-0.514648,-25.207520,42.297363,1.098633
4962,-0.246094,-0.405273,-0.514160,-10.498047,42.724609,12.695312
4963,-0.288574,-0.453613,-0.492188,3.234863,40.588379,24.414062
4964,-0.322266,-0.517090,-0.475586,7.995605,39.978027,33.874512
4965,-0.384277,-0.670898,-0.461426,-5.249023,46.508789,46.020508
4966,-0.420410,-0.747559,-0.439941,-12.207031,43.273926,47.790527
4967,-0.448730,-0.813965,-0.425781,-17.944336,33.203125,47.790527
4968,-0.472656,-0.960938,-0.491211,-29.846191,7.019043,40.527344
4969,-0.460449,-1.005371,-0.541992,-29.724121,-3.906250,33.325195
4970,-0.442871,-1.032227,-0.615234,-25.939941,-11.779785,27.404785
4971,-0.443359,-1.062012,-0.711426,-17.944336,-14.648438,24.719238
4972,-0.467285,-1.101562,-0.846680,-6.164551,-10.009766,25.085449
4973,-0.572754,-1.078613,-1.124512,17.395020,36.987305,36.071777
4974,-0.583008,-1.003906,-0.979004,16.113281,66.955566,42.053223
4975,-0.562012,-0.997070,-0.511230,-19.836426,65.002441,42.907715
4976,-0.547852,-1.028809,-0.517578,-36.499023,46.020508,39.245605
4977,-0.513672,-1.058105,-0.548340,-40.710449,30.273438,40.893555
4978,-0.552734,-1.208496,-0.510254,-39.794922,14.892578,60.913086
4979,-0.604004,-1.300293,-0.471680,-35.827637,9.704590,64.086914
4980,-0.670898,-1.227051,-0.465332,-28.442383,11.291504,45.532227
4981,-0.649902,-1.070801,-0.408691,-26.977539,20.385742,41.931152
4982,-0.691406,-0.911621,-0.228027,-2.563477,20.812988,41.870117
4983,-0.718262,-0.857422,-0.135254,15.258789,12.573242,39.611816
4984,-0.730957,-0.806152,-0.042480,31.188965,1.953125,35.583496
4985,-0.726562,-0.768555,0.020508,42.541504,-8.422852,28.808594
4986,-0.687500,-0.629883,0.044434,49.743652,-14.526367,6.042480
4987,-0.643066,-0.577148,0.094727,40.466309,-12.512207,-2.990723
4988,-0.599121,-0.539062,0.111328,18.188477,-10.131836,-9.643555
4989,-0.539062,-0.502441,-0.065430,-17.883301,3.906250,-19.470215
4990,-0.505371,-0.480469,-0.139160,-23.010254,14.831543,-20.629883
4991,-0.451660,-0.446777,-0.153320,-21.179199,23.803711,-18.432617
4992,-0.203125,-0.472656,-0.170410,-6.591797,4.821777,1.586914
4993,-0.215820,-0.684570,-0.671387,56.457520,-67.138672,24.780273
4994,-0.246582,-0.879883,-1.108887,85.571289,-105.346680,41.320801
4995,-0.316406,-0.931641,-1.044922,79.956055,-100.524902,41.503906
4996,-0.267090,-0.655762,-0.498535,56.457520,-64.941406,26.367188
4997,-0.214844,-0.499023,-0.412109,42.846680,-47.302246,30.334473
4998,-0.214355,-0.392578,-0.257324,50.781250,-5.310059,32.775879
4999,-0.232422,-0.394531,-0.156250,58.166504,14.831543,23.925781
5000,-0.253906,-0.401367,-0.044434,66.650391,30.334473,9.033203
5001,-0.271973,-0.406250,0.063965,73.486328,39.611816,-7.690430
5002,-0.293457,-0.385742,0.228027,80.444336,38.146973,-39.428711
5003,-0.357422,-0.421387,0.283691,70.312500,24.658203,-51.147461
5004,-0.411133,-0.435059,0.285645,51.452637,7.202148,-60.485840
5005,-0.491211,-0.498047,0.170898,-5.554199,-33.691406,-65.429688
5006,-0.445312,-0.532227,-0.003906,-38.269043,-53.222656,-60.302734
5007,-0.398438,-0.650879,-0.271973,-67.687988,-67.260742,-49.926758
5008,-0.389648,-0.928711,-0.712891,-81.970215,-71.289062,-43.090820
5009,-0.542480,-2.269531,-2.212402,-67.138672,-31.127930,-46.020508
5010,-0.486816,-1.896484,-1.517578,101.623535,-12.390137,-42.358398
5011,-0.646973,-1.345703,-0.346191,190.551758,-22.521973,-11.230469
5012,-0.752441,-1.036621,0.070312,183.593750,-44.433594,2.807617
5013,-0.904297,-0.625000,0.006836,55.175781,-36.987305,-11.657715
5014,-0.906738,-0.485352,-0.077637,3.417969,-6.652832,-24.841309
5015,-0.895996,-0.632812,-0.187500,-34.545898,27.893066,-31.127930
5016,-0.751953,-0.855469,-0.313477,23.437500,22.705078,-25.451660
5017,-0.908691,-0.777344,-0.007324,118.469238,6.652832,2.502441
5018,-1.116699,-0.893555,0.461914,147.277832,3.723145,14.648438
5019,-1.041504,-0.947754,0.440918,113.464355,1.831055,8.056641
5020,-0.895996,-0.953613,0.353516,67.871094,12.023926,-7.812500
5021,-0.605469,-0.876953,0.342773,-28.808594,40.222168,-45.715332
5022,-0.506348,-0.856445,0.333008,-73.791504,47.241211,-53.710938
5023,-0.439941,-0.880371,0.285156,-104.003906,54.321289,-54.748535
5024,-0.405762,-0.903320,0.256348,-123.107910,63.293457,-53.100586
5025,-0.421387,-0.967773,0.184570,-144.836426,75.805664,-45.715332
5026,-0.430176,-1.036133,0.194336,-141.906738,70.312500,-41.503906
5027,-0.409668,-1.068848,0.201172,-141.967773,57.189941,-34.729004
5028,-0.416992,-1.176270,0.074219,-136.291504,12.145996,-16.662598
5029,-0.435059,-1.241211,-0.038574,-115.234375,-13.732910,-20.141602
5030,-0.409180,-1.201660,-0.156738,-84.838867,-33.691406,-31.860352
5031,-0.219238,-0.923828,-0.163574,-32.653809,-58.593750,-38.452148
5032,-0.173828,-0.844727,-0.152832,-31.127930,-68.115234,-36.193848
5033,-0.138672,-0.768066,-0.180664,-33.996582,-79.223633,-38.574219
5034,-0.096680,-0.690430,-0.264160,-33.874512,-90.881348,-42.907715
5035,-0.104492,-0.576660,-0.443848,-32.043457,-91.430664,-44.677734
5036,-0.132812,-0.500977,-0.509277,-30.273438,-81.970215,-41.809082
5037,-0.179199,-0.438965,-0.576660,-28.320312,-66.284180,-34.179688
5038,-0.270020,-0.338379,-0.689453,1.098633,-13.671875,-13.671875
5039,-0.261230,-0.305176,-0.618652,14.587402,11.291504,2.380371
5040,-0.309082,-0.321777,-0.548828,15.380859,30.639648,17.211914
5041,-0.355469,-0.353027,-0.541016,10.742188,45.410156,29.907227
5042,-0.405273,-0.471191,-0.535645,7.629395,72.692871,47.790527
5043,-0.398926,-0.550293,-0.463867,2.929688,80.627441,50.170898
5044,-0.370117,-0.679199,-0.382324,-7.873535,66.101074,45.166016
5045,-0.341797,-0.739746,-0.355957,-10.131836,45.104980,40.588379
5046,-0.320801,-0.825195,-0.378418,-12.207031,20.507812,35.339355
5047,-0.312988,-0.913574,-0.439453,-16.235352,0.366211,28.198242
5048,-0.319824,-1.102051,-0.644043,-19.470215,-15.441895,12.939453
5049,-0.330566,-1.171875,-0.753906,-14.221191,-12.268066,6.347656
5050,-0.341797,-1.196777,-0.818848,-8.728027,-3.479004,5.371094
5051,-0.344727,-1.057617,-0.774902,-8.911133,17.456055,20.080566
5052,-0.364746,-0.942871,-0.745117,-13.488770,26.611328,29.174805
5053,-0.378418,-0.681641,-0.777832,-11.779785,47.851562,40.649414
5054,-0.387207,-0.706543,-0.726562,-11.474609,61.157227,45.715332
5055,-0.415039,-0.913086,-0.539551,-28.869629,58.044434,39.367676
5056,-0.417969,-1.023438,-0.518555,-40.954590,47.790527,36.132812
5057,-0.413086,-1.109863,-0.565918,-53.527832,42.175293,37.597656
5058,-0.445312,-1.185059,-0.602051,-65.917969,45.593262,43.334961
5059,-0.502930,-1.246582,-0.531738,-80.505371,51.574707,49.133301
5060,-0.536133,-1.205566,-0.446289,-73.974609,38.208008,46.142578
5061,-0.552246,-1.143066,-0.435059,-61.706543,22.460938,40.527344
5062,-0.591309,-0.985352,-0.406250,-27.648926,7.324219,29.174805
5063,-0.623535,-0.934570,-0.349121,-3.906250,1.586914,25.573730
5064,-0.666016,-0.895508,-0.279297,20.141602,-5.004883,23.681641
5065,-0.813965,-0.811523,-0.174805,62.683105,-9.277344,27.221680
5066,-0.901367,-0.805664,-0.072266,83.374023,-2.624512,29.174805
5067,-0.936523,-0.800781,0.077637,85.205078,-2.868652,8.850098
5068,-0.752930,-0.624023,0.131348,68.054199,-7.995605,-5.310059
5069,-0.648926,-0.484375,0.092285,45.471191,-13.305664,-13.122559
5070,-0.546875,-0.373535,-0.024414,24.597168,-14.282227,-13.366699
5071,-0.312012,-0.268555,-0.134277,7.324219,-8.117676,-0.976562
5072,-0.162598,-0.483887,-0.416016,16.357422,-55.786133,24.108887
5073,-0.103027,-0.744141,-0.876953,43.151855,-115.539551,46.508789
5074,-0.082520,-1.026855,-1.414062,50.659180,-113.159180,52.551270
5075,-0.087402,-0.852539,-0.668457,43.151855,-48.706055,15.319824
5076,-0.040039,-0.558594,-0.410645,29.174805,-39.978027,22.216797
5077,-0.069824,-0.404297,-0.266113,28.503418,-37.658691,36.193848
5078,-0.135742,-0.354492,-0.176270,32.287598,-31.982422,41.992188
5079,-0.249023,-0.352051,-0.095703,58.410645,-1.464844,24.291992
5080,-0.287109,-0.358398,0.005371,74.951172,12.817383,5.249023
5081,-0.313965,-0.358398,0.157715,87.524414,17.333984,-17.517090
5082,-0.335449,-0.345215,0.262695,91.003418,11.352539,-38.452148
5083,-0.375488,-0.374512,0.365234,73.303223,-17.517090,-65.856934
5084,-0.417969,-0.422363,0.311035,53.100586,-33.325195,-76.171875
5085,-0.418945,-0.378906,0.128418,-15.014648,-46.264648,-69.458008
5086,-0.380371,-0.487305,0.049316,-56.640625,-59.997559,-46.508789
5087,-0.365723,-0.684082,-0.179199,-93.505859,-81.237793,-24.536133
5088,-0.346191,-1.049316,-0.771484,-103.149414,-100.219727,-5.676270
5089,-0.467285,-3.365234,-3.674805,14.343262,-27.282715,-58.898926
5090,-0.734863,-1.830566,-0.927734,196.289062,-24.719238,-44.067383
5091,-1.139648,-1.010742,0.223633,145.141602,-86.914062,-6.896973
5092,-1.079590,-0.735352,0.055664,55.175781,-69.274902,-32.409668
5093,-0.835938,-0.256836,-0.019531,-24.963379,-32.836914,-42.419434
5094,-0.689941,-0.075195,-0.075684,-70.312500,6.835938,-31.982422
5095,-0.760254,-0.582520,-0.224609,-99.487305,44.494629,-20.141602
5096,-0.798340,-0.950195,-0.400879,-69.030762,18.859863,-8.911133
5097,-0.839844,-1.051270,-0.638672,64.575195,5.432129,6.958008
5098,-1.046875,-1.129883,0.141602,191.223145,43.212891,-5.981445
5099,-1.006836,-1.169434,0.257812,182.922363,53.161621,-18.249512
5100,-0.881836,-1.141113,0.284668,96.130371,77.819824,-35.949707
5101,-0.580566,-0.993652,0.334961,34.301758,89.233398,-42.907715
5102,-0.468262,-0.932129,0.373047,-32.348633,95.031738,-46.508789
5103,-0.387695,-0.883301,0.389648,-94.909668,93.566895,-45.104980
5104,-0.319824,-0.858398,0.356445,-190.551758,71.350098,-32.531738
5105,-0.354980,-0.913574,0.200684,-206.970215,54.138184,-22.155762
5106,-0.437012,-0.996582,0.076660,-163.330078,5.676270,-13.671875
5107,-0.460449,-1.045410,0.012695,-137.451172,-16.174316,-12.390137
5108,-0.468262,-1.082520,-0.111816,-105.895996,-30.334473,-14.587402
5109,-0.393066,-0.983887,-0.074707,-26.550293,-48.278809,-23.681641
5110,-0.303223,-0.893555,-0.018555,-0.915527,-56.335449,-24.597168
5111,-0.220215,-0.810059,0.034668,9.582520,-67.504883,-23.315430
5112,-0.170898,-0.760742,0.008789,7.446289,-78.002930,-23.986816
5113,-0.149902,-0.675781,-0.067383,-4.638672,-91.369629,-33.081055
5114,-0.142578,-0.635742,-0.127441,-12.878418,-93.322754,-38.574219
5115,-0.160645,-0.545410,-0.329590,-19.958496,-83.740234,-39.550781
5116,-0.219727,-0.555664,-0.515625,-9.582520,-68.176270,-36.926270
5117,-0.226074,-0.491699,-0.624512,12.390137,-43.090820,-31.372070
5118,-0.218750,-0.398438,-0.650391,35.644531,-18.066406,-16.662598
5119,-0.312500,-0.388672,-0.667480,59.997559,29.235840,26.123047
5120,-0.375000,-0.420898,-0.732910,64.086914,53.405762,43.395996
5121,-0.500488,-0.593262,-0.705078,63.171387,86.120605,59.631348
5122,-0.489746,-0.688477,-0.574707,54.931641,83.801270,58.044434
5123,-0.439453,-0.738770,-0.472656,35.888672,64.636230,55.419922
5124,-0.378418,-0.801758,-0.506348,7.812500,40.161133,53.710938
5125,-0.332520,-1.075195,-0.723633,-38.269043,16.418457,42.968750
5126,-0.332520,-1.229492,-0.779297,-47.607422,14.526367,32.287598
5127,-0.342285,-1.347168,-0.811523,-48.828125,14.831543,21.057129
5128,-0.414062,-1.294434,-0.904297,-43.945312,24.963379,13.793945
5129,-0.438477,-1.055664,-0.869629,-40.222168,52.429199,25.085449
5130,-0.413086,-0.984863,-0.695801,-38.696289,55.603027,26.062012
5131,-0.378418,-1.004883,-0.531250,-39.367676,47.424316,25.268555
5132,-0.394531,-1.158203,-0.492676,-51.147461,22.399902,29.113770
5133,-0.439453,-1.210938,-0.567871,-60.363770,25.573730,39.611816
5134,-0.481934,-1.246094,-0.603516,-70.373535,39.367676,51.818848
5135,-0.533203,-1.281250,-0.535645,-73.669434,51.025391,60.485840
5136,-0.619629,-1.276855,-0.326660,-51.696777,41.748047,50.964355
5137,-0.626465,-1.183594,-0.294922,-35.034180,32.409668,42.053223
5138,-0.638672,-1.086426,-0.267090,-19.409180,26.611328,36.804199
5139,-0.665039,-0.999512,-0.205566,-3.540039,20.507812,35.339355
5140,-0.742188,-0.873047,-0.048828,31.616211,-2.380371,33.996582
5141,-0.770020,-0.821289,-0.001953,51.452637,-14.099121,26.794434
5142,-0.762207,-0.743652,0.020508,66.284180,-19.348145,14.709473
5143,-0.744141,-0.674805,0.073730,71.472168,-18.798828,2.258301
5144,-0.644531,-0.535645,0.181641,47.302246,-18.493652,-19.531250
5145,-0.583984,-0.463379,0.154297,28.137207,-20.996094,-22.155762
5146,-0.537598,-0.406250,0.074219,13.000488,-20.202637,-21.179199
5147,-0.442383,-0.344727,-0.053711,4.577637,-2.868652,-12.939453
5148,-0.381348,-0.339355,-0.040527,3.234863,5.798340,-9.460449
5149,-0.319824,-0.334961,-0.010742,0.183105,7.507324,-5.310059
5150,-0.192383,-0.517578,-0.074707,-9.033203,-78.613281,23.376465
5151,-0.222168,-0.776855,-0.744141,21.606445,-157.653809,45.654297
5152,-0.258301,-0.890625,-1.054688,20.874023,-156.127930,47.851562
5153,-0.257812,-0.720215,-0.630371,16.906738,-88.928223,35.339355
5154,-0.227051,-0.539062,-0.448730,8.117676,-66.528320,40.588379
5155,-0.261230,-0.503906,-0.353027,7.324219,-46.813965,39.306641
5156,-0.253906,-0.478516,-0.330078,8.789062,-22.888184,28.015137
5157,-0.255371,-0.468262,-0.260254,15.014648,3.540039,13.366699
5158,-0.265625,-0.420410,-0.026367,40.039062,34.729004,-22.705078
5159,-0.277832,-0.371094,0.062012,50.964355,32.531738,-40.771484
5160,-0.373047,-0.373535,0.167969,47.485352,4.943848,-61.889648
5161,-0.447754,-0.426270,0.179688,34.790039,-16.540527,-70.190430
5162,-0.477051,-0.462891,0.091309,16.540527,-43.518066,-74.096680
5163,-0.368164,-0.730469,-0.441895,-13.549805,-92.895508,-51.269531
5164,-0.339355,-1.186035,-1.018066,-4.943848,-90.637207,-34.606934
5165,-0.386719,-2.103027,-1.885254,-10.925293,-62.500000,-35.400391
5166,-0.306641,-2.490234,-2.224121,88.317871,-13.793945,-52.001953
5167,-0.943359,-1.338867,0.130371,160.888672,-19.470215,-10.070801
5168,-1.120605,-1.129395,0.295898,96.923828,-39.001465,-25.024414
5169,-0.982910,-0.353027,0.101562,-40.222168,-34.362793,-33.996582
5170,-0.890625,-0.300781,-0.040039,-80.078125,-14.587402,-14.404297
5171,-0.896973,-0.699707,-0.392090,-110.900879,-7.873535,12.817383
5172,-1.021484,-1.176270,-0.709961,-76.660156,-27.465820,37.170410
5173,-1.034180,-1.091797,-0.653320,61.218262,-3.051758,37.963867
5174,-1.061035,-1.038574,0.291016,172.363281,65.673828,0.366211
5175,-0.945312,-0.982422,0.406738,163.940430,68.054199,-13.916016
5176,-0.668945,-0.888672,0.366699,89.477539,75.012207,-38.330078
5177,-0.561035,-0.860840,0.389648,37.475586,80.383301,-48.706055
5178,-0.490234,-0.868164,0.412109,-15.075684,83.801270,-53.222656
5179,-0.453125,-0.899414,0.439453,-62.316895,84.472656,-52.124023
5180,-0.437988,-0.939941,0.438965,-100.219727,80.871582,-47.180176
5181,-0.407715,-1.024902,0.321289,-146.850586,63.415527,-33.813477
5182,-0.396484,-1.042480,0.248047,-149.841309,47.485352,-28.198242
5183,-0.389648,-1.073242,0.212402,-126.403809,0.366211,-21.423340
5184,-0.378906,-1.089844,0.158691,-105.346680,-27.770996,-23.864746
5185,-0.358887,-1.055664,0.088867,-80.383301,-50.231934,-30.761719
5186,-0.295410,-0.935547,0.045898,-53.894043,-65.673828,-34.057617
5187,-0.202148,-0.788574,0.031738,-26.062012,-90.576172,-32.226562
5188,-0.189453,-0.755371,-0.004883,-27.221680,-97.961426,-37.292480
5189,-0.173340,-0.710449,-0.055176,-31.555176,-103.393555,-43.395996
5190,-0.142090,-0.630371,-0.197266,-41.870117,-100.097656,-50.048828
5191,-0.130371,-0.573730,-0.307617,-44.067383,-91.369629,-48.034668
5192,-0.177734,-0.494141,-0.651855,-21.911621,-54.321289,-32.592773
5193,-0.171875,-0.397949,-0.766113,7.202148,-23.498535,-22.338867
5194,-0.187012,-0.298828,-0.742676,36.621094,5.432129,-2.990723
5195,-0.265625,-0.262207,-0.711914,54.016113,29.479980,20.812988
5196,-0.444336,-0.396973,-0.698730,61.035156,64.636230,54.077148
5197,-0.504395,-0.491699,-0.694336,58.105469,75.622559,61.523438
5198,-0.505371,-0.610352,-0.630371,54.687500,75.134277,62.194824
5199,-0.439941,-0.760742,-0.491211,18.066406,39.733887,55.480957
5200,-0.415527,-0.863281,-0.562988,-15.686035,23.437500,50.292969
5201,-0.382812,-0.979492,-0.665039,-45.776367,15.563965,42.724609
5202,-0.350586,-1.306641,-0.804199,-69.030762,15.563965,20.812988
5203,-0.356934,-1.367188,-0.832031,-64.636230,18.249512,10.803223
5204,-0.387695,-1.298340,-0.810547,-58.227539,21.362305,11.657715
5205,-0.388184,-1.135254,-0.850586,-50.292969,25.817871,22.827148
5206,-0.348633,-1.005859,-0.741699,-28.747559,54.931641,30.639648
5207,-0.306152,-0.979004,-0.593262,-29.663086,63.293457,30.944824
5208,-0.285156,-1.097168,-0.407227,-48.767090,54.992676,36.193848
5209,-0.344727,-1.180664,-0.450684,-62.438965,52.917480,42.358398
5210,-0.390625,-1.274902,-0.519043,-77.209473,58.898926,52.185059
5211,-0.450195,-1.389160,-0.536133,-88.623047,68.481445,57.983398
5212,-0.598145,-1.474609,-0.345703,-68.969727,48.034668,49.804688
5213,-0.639648,-1.363770,-0.304199,-45.776367,25.085449,40.344238
5214,-0.770996,-1.137695,-0.333008,-7.995605,6.958008,44.250488
5215,-0.854004,-1.056152,-0.268066,8.422852,7.263184,46.386719
5216,-0.905273,-0.973145,-0.176270,30.944824,6.164551,42.968750
5217,-0.921387,-0.879883,-0.091309,56.762695,3.723145,31.127930
5218,-0.855957,-0.656250,0.112793,97.351074,1.220703,1.708984
5219,-0.789062,-0.580566,0.214355,90.881348,-3.601074,-10.803223
5220,-0.707520,-0.517090,0.257324,67.443848,-11.596680,-20.996094
5221,-0.609375,-0.429199,0.206543,37.902832,-20.629883,-28.137207
5222,-0.439453,-0.311523,-0.049805,-4.699707,-18.371582,-26.367188
5223,-0.406738,-0.282227,-0.121582,-11.413574,-9.704590,-22.460938
5224,-0.309570,-0.281250,-0.045410,-14.587402,-1.037598,-12.145996
5225,-0.203125,-0.407227,-0.131348,-14.831543,-48.400879,6.347656
5226,-0.169434,-0.584473,-0.484375,13.916016,-107.910156,30.395508
5227,-0.163574,-0.825195,-0.997070,15.319824,-106.201172,46.752930
5228,-0.212891,-0.839355,-0.792969,16.418457,-77.758789,38.757324
5229,-0.216309,-0.655273,-0.495605,12.145996,-58.837891,34.851074
5230,-0.245117,-0.426270,-0.246582,18.493652,-35.278320,35.400391
5231,-0.271484,-0.403320,-0.215820,29.174805,-21.423340,27.526855
5232,-0.302246,-0.395508,-0.165039,43.212891,-4.028320,14.892578
5233,-0.360352,-0.373047,0.060547,69.213867,19.592285,-22.277832
5234,-0.390137,-0.337891,0.174316,72.265625,17.150879,-39.001465
5235,-0.444824,-0.318359,0.251465,67.993164,7.690430,-50.476074
5236,-0.522949,-0.358398,0.272461,55.297852,-4.089355,-59.814453
5237,-0.535156,-0.430664,0.142090,5.798340,-29.479980,-67.810059
5238,-0.425781,-0.513184,-0.042969,-23.864746,-41.870117,-58.410645
5239,-0.284668,-1.253418,-0.965820,-36.804199,-74.951172,-24.902344
5240,-0.260254,-2.908203,-3.065918,-31.860352,-61.645508,-39.794922
5241,-0.332031,-2.559082,-2.289551,158.874512,-4.394531,-67.749023
5242,-1.054688,-1.279297,0.350098,191.406250,-74.340820,8.972168
5243,-1.160645,-1.105469,0.280762,86.547852,-100.646973,-7.263184
5244,-1.112305,-0.722168,0.019531,-13.793945,-76.354980,-27.404785
5245,-0.810059,-0.309570,-0.118652,-123.046875,20.080566,-20.202637
5246,-0.822754,-0.711426,-0.381836,-142.883301,44.860840,-10.681152
5247,-0.844238,-1.071289,-0.556152,-99.548340,36.193848,-3.967285
5248,-0.800293,-0.898926,-0.452148,47.546387,38.879395,6.408691
5249,-0.944336,-0.809570,0.330078,165.527344,63.964844,-3.356934
5250,-0.910156,-0.813477,0.366699,166.809082,63.842773,-9.216309
5251,-0.828613,-0.831543,0.358398,149.230957,65.673828,-15.014648
5252,-0.636719,-0.857422,0.407715,74.401855,78.369141,-27.038574
5253,-0.545898,-0.898438,0.470703,17.761230,81.787109,-31.555176
5254,-0.437012,-1.011230,0.585938,-110.656738,71.350098,-34.240723
5255,-0.407227,-1.066406,0.548340,-171.936035,58.288574,-30.883789
5256,-0.436523,-1.122559,0.405762,-219.055176,45.776367,-25.207520
5257,-0.536133,-1.161621,0.160156,-223.815918,13.916016,-22.644043
5258,-0.530273,-1.121094,0.105957,-195.373535,-11.779785,-25.390625
5259,-0.527344,-1.121094,0.015137,-158.630371,-37.353516,-30.578613
5260,-0.468262,-1.051270,-0.103516,-106.262207,-58.959961,-36.071777
5261,-0.295410,-0.866211,-0.098145,-14.404297,-85.815430,-35.461426
5262,-0.217773,-0.789551,-0.088379,2.746582,-93.994141,-36.132812
5263,-0.142090,-0.707520,-0.172363,2.136230,-103.088379,-38.818359
5264,-0.137207,-0.636719,-0.238281,3.234863,-102.783203,-42.419434
5265,-0.108887,-0.545898,-0.352539,4.760742,-99.670410,-42.358398
5266,-0.118652,-0.495117,-0.551758,15.014648,-92.041016,-38.818359
5267,-0.150879,-0.421875,-0.700195,50.842285,-47.790527,-26.000977
5268,-0.156738,-0.380859,-0.677734,56.640625,-25.024414,-9.887695
5269,-0.215820,-0.407227,-0.692871,51.879883,-2.258301,6.958008
5270,-0.323242,-0.429199,-0.698730,24.536133,46.569824,33.874512
5271,-0.358887,-0.470703,-0.686523,14.404297,68.420410,45.593262
5272,-0.377441,-0.528320,-0.602539,8.850098,82.031250,52.917480
5273,-0.363281,-0.708008,-0.396973,-3.784180,68.847656,53.161621
5274,-0.347168,-0.796875,-0.359863,-12.878418,44.799805,46.691895
5275,-0.340820,-0.890137,-0.396484,-22.094727,18.981934,38.330078
5276,-0.343262,-1.108398,-0.602539,-33.874512,-8.972168,16.784668
5277,-0.345215,-1.194824,-0.697266,-29.724121,-10.559082,6.896973
5278,-0.349609,-1.225098,-0.725586,-22.827148,-7.141113,3.173828
5279,-0.404297,-1.236816,-0.792480,-18.798828,-0.244141,8.300781
5280,-0.435547,-1.161133,-0.880859,-12.939453,11.779785,17.761230
5281,-0.472656,-0.937988,-0.923340,-8.361816,62.988281,44.738770
5282,-0.477051,-0.929688,-0.742188,-11.901855,81.542969,45.471191
5283,-0.481445,-1.007812,-0.529785,-21.240234,81.970215,37.963867
5284,-0.380859,-1.138672,-0.446289,-53.771973,59.753418,31.799316
5285,-0.414551,-1.227539,-0.497070,-68.115234,57.067871,39.550781
5286,-0.458984,-1.303711,-0.544434,-80.261230,61.828613,45.410156
5287,-0.499512,-1.354004,-0.499512,-87.280273,66.772461,44.738770
5288,-0.560547,-1.269043,-0.326172,-78.674316,45.654297,31.677246
5289,-0.595703,-1.156738,-0.373535,-56.030273,28.869629,27.465820
5290,-0.642578,-1.059082,-0.379883,-30.395508,20.202637,29.235840
5291,-0.708008,-1.003906,-0.331543,-6.469727,16.479492,30.944824
5292,-0.778809,-0.872070,-0.132812,33.020020,13.122559,29.174805
5293,-0.797852,-0.795898,-0.031250,49.804688,8.178711,27.343750
5294,-0.830566,-0.703125,0.022949,68.359375,3.784180,22.949219
5295,-0.848145,-0.643555,0.110840,82.519531,-0.976562,13.916016
5296,-0.733398,-0.521973,0.225586,73.303223,-19.592285,-11.962891
5297,-0.666992,-0.440430,0.214844,46.997070,-27.282715,-19.409180
5298,-0.596680,-0.352051,0.089355,17.395020,-27.770996,-20.874023
5299,-0.513672,-0.286621,-0.065430,0.549316,-18.554688,-17.333984
5300,-0.410645,-0.333984,-0.116699,-7.995605,6.652832,-10.070801
5301,-0.351562,-0.355957,-0.067871,-9.826660,10.559082,-9.887695
5302,-0.223633,-0.388184,0.054688,-16.601562,-3.662109,-3.295898
5303,-0.085449,-0.750000,-0.829102,25.695801,-113.098145,36.071777
5304,-0.066406,-0.916504,-1.140137,26.672363,-103.271484,39.001465
5305,-0.113281,-0.959961,-0.952148,40.649414,-76.293945,27.526855
5306,-0.111816,-0.725586,-0.524902,43.273926,-60.058594,19.409180
5307,-0.142090,-0.456543,-0.239258,40.344238,-45.654297,26.550293
5308,-0.195312,-0.430664,-0.203125,43.395996,-33.752441,21.240234
5309,-0.301758,-0.423828,-0.037598,56.884766,0.427246,-7.507324
5310,-0.352051,-0.410156,0.094238,55.847168,10.131836,-25.268555
5311,-0.409180,-0.394043,0.214844,44.494629,10.131836,-39.001465
5312,-0.491211,-0.419922,0.263672,24.414062,2.624512,-50.048828
5313,-0.573730,-0.494629,0.154785,-26.977539,-23.254395,-64.086914
5314,-0.521973,-0.557617,0.000000,-54.016113,-38.574219,-59.265137
5315,-0.392090,-0.853516,-0.642090,-86.425781,-83.923340,-28.015137
5316,-0.385742,-1.314453,-1.463867,-40.283203,-97.351074,-17.089844
5317,-0.400391,-2.235352,-2.802246,20.690918,-68.420410,-33.630371
5318,-0.572266,-2.287109,-2.094238,151.855469,-2.929688,-59.509277
5319,-0.819336,-1.015625,0.186523,172.302246,-53.894043,-14.221191
5320,-0.865723,-0.756348,0.189941,91.796875,-65.734863,-16.174316
5321,-0.866211,-0.516602,0.048828,6.103516,-48.522949,-25.878906
5322,-0.768066,-0.312012,-0.084473,-109.375000,22.338867,-37.353516
5323,-0.795410,-0.411133,-0.086914,-139.221191,53.649902,-40.405273
5324,-0.796875,-0.678223,-0.208496,-159.118652,61.767578,-31.005859
5325,-0.973145,-1.260742,-0.753906,46.997070,20.751953,19.653320
5326,-1.110840,-1.293457,-0.174316,120.788574,52.001953,11.352539
5327,-1.072754,-1.259277,-0.008789,144.592285,73.364258,-2.014160
5328,-0.952148,-1.174316,0.143555,142.211914,83.129883,-8.728027
5329,-0.660645,-0.994629,0.321777,69.030762,95.458984,-18.554688
5330,-0.528320,-0.930664,0.362305,15.258789,93.750000,-21.789551
5331,-0.416016,-0.966309,0.400879,-77.514648,72.814941,-26.550293
5332,-0.400879,-1.021973,0.354004,-110.168457,54.321289,-29.113770
5333,-0.415527,-1.091797,0.240234,-126.647949,35.339355,-30.883789
5334,-0.456543,-1.156738,0.137207,-137.207031,12.390137,-32.897949
5335,-0.471680,-1.095703,0.046387,-133.178711,2.441406,-31.860352
5336,-0.480957,-1.025391,0.041992,-112.426758,-14.526367,-28.320312
5337,-0.466797,-0.960449,0.026367,-81.665039,-33.508301,-26.000977
5338,-0.368164,-0.800781,-0.038086,-13.183594,-56.945801,-15.930176
5339,-0.304688,-0.731445,-0.048828,4.333496,-59.020996,-10.192871
5340,-0.258789,-0.685547,-0.081543,10.009766,-58.166504,-8.789062
5341,-0.202637,-0.616211,-0.104492,7.751465,-55.603027,-15.502930
5342,-0.186035,-0.586914,-0.131836,4.577637,-54.870605,-20.324707
5343,-0.181152,-0.566895,-0.172363,1.892090,-53.771973,-23.742676
5344,-0.204102,-0.565430,-0.358887,13.183594,-45.898438,-27.038574
5345,-0.190918,-0.525391,-0.437012,32.165527,-36.926270,-23.986816
5346,-0.170898,-0.492188,-0.481445,51.696777,-26.489258,-12.939453
5347,-0.218750,-0.472656,-0.555664,66.223145,5.859375,18.615723
5348,-0.258789,-0.423828,-0.683594,59.692383,31.250000,35.583496
5349,-0.341309,-0.443848,-0.815918,66.467285,62.316895,50.964355
5350,-0.419922,-0.488281,-0.768066,72.448730,88.623047,60.607910
5351,-0.451172,-0.660156,-0.503906,62.622070,87.829590,59.326172
5352,-0.386719,-0.720703,-0.462891,40.405273,61.340332,50.598145
5353,-0.314941,-0.772461,-0.519043,9.582520,34.606934,40.954590
5354,-0.285645,-0.859863,-0.626953,-23.437500,16.601562,31.677246
5355,-0.291992,-1.070312,-0.843262,-59.692383,7.629395,15.747070
5356,-0.306641,-1.203125,-0.867676,-61.157227,10.192871,10.009766
5357,-0.344238,-1.258301,-0.751953,-59.082031,11.291504,7.751465
5358,-0.361328,-1.060059,-0.801758,-57.983398,9.399414,14.221191
5359,-0.397461,-1.001953,-0.934570,-46.813965,23.559570,23.925781
5360,-0.362305,-1.015137,-0.518066,-36.254883,37.109375,24.169922
5361,-0.354492,-1.115234,-0.437500,-42.175293,24.169922,19.165039
5362,-0.371582,-1.218262,-0.487793,-48.889160,13.061523,26.794434
5363,-0.438477,-1.279297,-0.538574,-59.143066,23.864746,36.315918
5364,-0.517090,-1.330078,-0.530273,-69.091797,39.367676,44.494629
5365,-0.567871,-1.334961,-0.466797,-74.096680,49.011230,48.339844
5366,-0.659668,-1.187500,-0.402832,-48.828125,42.053223,43.151855
5367,-0.666504,-1.083984,-0.403320,-31.372070,44.067383,42.541504
5368,-0.689453,-1.016602,-0.335449,-14.038086,47.424316,42.053223
5369,-0.772949,-0.917969,-0.094727,25.939941,31.372070,38.024902
5370,-0.821777,-0.877930,-0.011230,47.851562,13.000488,33.203125
5371,-0.879883,-0.800781,0.023926,70.007324,-5.249023,24.902344
5372,-0.936523,-0.702637,0.185059,96.313477,-31.005859,10.131836
5373,-0.869629,-0.672363,0.224121,80.688477,-42.907715,-3.417969
5374,-0.748535,-0.572754,0.160156,50.476074,-47.607422,-16.906738
5375,-0.588867,-0.451172,0.069336,19.287109,-43.151855,-24.353027
5376,-0.422852,-0.343262,-0.088867,-20.446777,-25.878906,-18.737793
5377,-0.375977,-0.330566,-0.118164,-27.404785,-17.639160,-18.676758
5378,-0.229492,-0.350586,-0.062988,-11.291504,-68.359375,5.859375
5379,-0.034668,-0.757812,-0.867676,24.353027,-120.849609,32.165527
5380,-0.073242,-0.965820,-1.194336,32.653809,-123.657227,41.687012
5381,-0.117188,-1.014648,-0.967285,37.109375,-98.937988,31.921387
5382,-0.089844,-0.553711,-0.419922,28.503418,-61.767578,36.315918
5383,-0.126465,-0.437988,-0.320312,32.409668,-46.691895,46.386719
5384,-0.209961,-0.407715,-0.263672,40.771484,-27.832031,44.311523
5385,-0.304199,-0.381836,-0.077148,64.880371,13.549805,14.709473
5386,-0.332031,-0.365234,0.055664,70.617676,26.550293,-6.530762
5387,-0.333984,-0.324219,0.167969,71.899414,28.686523,-28.259277
5388,-0.333008,-0.274414,0.257324,67.810059,21.118164,-43.334961
5389,-0.424316,-0.383789,0.267090,31.860352,-5.676270,-58.776855
5390,-0.448730,-0.420410,0.211426,0.732422,-20.446777,-69.030762
5391,-0.431641,-0.424805,0.068359,-33.752441,-33.325195,-72.570801
5392,-0.392578,-0.476074,-0.087402,-66.528320,-43.457031,-64.575195
5393,-0.416504,-0.786133,-0.425293,-112.976074,-66.833496,-38.696289
5394,-0.462891,-1.194336,-0.820312,-87.585449,-73.486328,-23.315430
5395,-0.587402,-2.154297,-1.921387,-54.260254,-92.468262,-18.249512
5396,-0.870117,-1.663086,-0.705566,233.642578,-63.842773,-4.638672
5397,-1.074219,-1.290039,-0.001953,223.510742,-72.082520,7.568359
5398,-0.988281,-0.939453,0.096680,146.911621,-78.063965,-9.338379
5399,-0.833008,-0.570312,-0.033691,52.001953,-62.133789,-24.047852
5400,-0.667480,-0.232422,-0.197266,-102.661133,17.883301,-44.738770
5401,-0.764648,-0.311035,-0.185059,-145.202637,63.659668,-51.696777
5402,-0.888184,-0.945312,-0.357910,-187.316895,65.063477,-27.282715
5403,-0.913086,-1.176758,-0.888184,-37.719727,48.461914,0.305176
5404,-1.066406,-1.168457,-0.176270,100.769043,65.856934,13.793945
5405,-1.043457,-1.220703,0.003418,159.606934,78.308105,15.563965
5406,-0.742676,-1.101562,0.190918,177.185059,81.726074,7.263184
5407,-0.625488,-1.025879,0.261230,137.939453,86.791992,-3.356934
5408,-0.412109,-0.972168,0.368652,12.390137,86.975098,-28.564453
5409,-0.335449,-0.985840,0.391602,-51.269531,80.444336,-39.855957
5410,-0.288574,-1.022461,0.397949,-108.154297,70.678711,-46.569824
5411,-0.294922,-1.091797,0.215332,-180.053711,42.907715,-46.691895
5412,-0.335449,-1.088867,0.179199,-190.673828,22.583008,-38.452148
5413,-0.402832,-1.084473,0.098633,-186.828613,-0.305176,-30.639648
5414,-0.474609,-1.101074,-0.005859,-153.320312,-33.081055,-27.832031
5415,-0.374023,-0.988281,-0.104980,-47.546387,-88.928223,-30.273438
5416,-0.305664,-0.893555,-0.078613,-17.700195,-100.036621,-26.672363
5417,-0.221680,-0.755371,-0.087891,-8.728027,-95.458984,-21.545410
5418,-0.205566,-0.702637,-0.122070,-10.803223,-90.209961,-25.146484
5419,-0.185547,-0.651367,-0.159668,-7.568359,-84.594727,-29.174805
5420,-0.158203,-0.605957,-0.183105,-2.258301,-80.078125,-30.456543
5421,-0.180176,-0.581543,-0.322754,11.718750,-67.443848,-26.489258
5422,-0.199219,-0.565430,-0.439453,28.381348,-54.443359,-25.878906
5423,-0.194824,-0.509766,-0.475098,48.889160,-38.757324,-22.155762
5424,-0.213867,-0.442383,-0.475098,68.481445,-6.652832,3.112793
5425,-0.252930,-0.463867,-0.521973,65.429688,13.000488,18.859863
5426,-0.297363,-0.468750,-0.541504,57.556152,34.729004,32.714844
5427,-0.398438,-0.447266,-0.625488,45.349121,75.378418,54.382324
5428,-0.464844,-0.492188,-0.594727,45.837402,87.524414,58.288574
5429,-0.489746,-0.570801,-0.528809,44.738770,87.646484,56.091309
5430,-0.402344,-0.724609,-0.458984,27.893066,40.466309,40.405273
5431,-0.325195,-0.821289,-0.575195,7.995605,14.404297,32.165527
5432,-0.290527,-0.966797,-0.726074,-12.573242,-0.061035,23.742676
5433,-0.278320,-1.295898,-0.908691,-36.010742,-0.244141,5.615234
5434,-0.307129,-1.403809,-0.930176,-39.672852,5.676270,2.258301
5435,-0.366699,-1.424316,-0.914551,-44.372559,13.488770,5.798340
5436,-0.412109,-1.170410,-0.993164,-39.733887,48.400879,30.029297
5437,-0.396973,-1.174316,-0.738281,-36.132812,61.035156,34.423828
5438,-0.366699,-1.281738,-0.495117,-40.954590,57.006836,29.846191
5439,-0.317871,-1.432129,-0.422363,-72.998047,34.851074,26.611328
5440,-0.375488,-1.442871,-0.451660,-86.547852,32.165527,30.456543
5441,-0.460938,-1.408691,-0.424805,-92.590332,30.334473,32.836914
5442,-0.650391,-1.302734,-0.438965,-65.429688,20.080566,36.071777
5443,-0.710449,-1.186035,-0.474609,-38.024902,26.733398,42.358398
5444,-0.764648,-1.079590,-0.400391,-12.817383,39.978027,51.879883
5445,-0.937988,-0.968750,-0.105957,42.358398,52.246094,61.523438
5446,-1.020020,-0.920898,0.045410,74.584961,43.273926,54.138184
5447,-1.054688,-0.848633,0.147949,104.125977,26.977539,39.672852
5448,-0.894531,-0.595215,0.267090,116.821289,-2.380371,-2.868652
5449,-0.787598,-0.496094,0.326172,91.918945,-14.587402,-14.953613
5450,-0.689453,-0.412598,0.350098,50.720215,-27.038574,-24.536133
5451,-0.565918,-0.307129,0.263672,6.469727,-35.278320,-30.639648
5452,-0.400391,-0.180664,-0.050781,-45.043945,-28.991699,-19.042969
5453,-0.365234,-0.206543,-0.125488,-46.630859,-17.028809,-12.329102
5454,-0.331055,-0.243164,-0.119141,-41.687012,-6.042480,-9.582520
5455,-0.256348,-0.285645,-0.090332,-26.977539,0.610352,-4.333496
5456,-0.199707,-0.341309,0.028320,-18.249512,-18.554688,3.356934
5457,-0.110840,-0.513672,-0.366211,0.305176,-86.364746,26.489258
5458,-0.128418,-0.720703,-0.791992,32.653809,-135.070801,47.973633
5459,-0.126953,-0.824219,-0.767090,51.330566,-102.355957,49.438477
5460,-0.126953,-0.702148,-0.538574,52.917480,-76.049805,51.147461
5461,-0.195312,-0.641113,-0.387207,41.687012,-53.100586,50.720215
5462,-0.288086,-0.640137,-0.282227,33.569336,-33.935547,41.076660
5463,-0.365234,-0.615723,-0.122559,33.264160,-1.403809,-1.892090
5464,-0.370605,-0.551270,-0.018066,42.602539,7.507324,-24.658203
5465,-0.405273,-0.472168,0.136230,37.170410,8.850098,-55.419922
5466,-0.458008,-0.511230,0.182617,11.657715,2.807617,-66.162109
5467,-0.503906,-0.536133,0.166016,-26.550293,-6.225586,-75.439453
5468,-0.464844,-0.659180,-0.192383,-106.384277,-47.973633,-68.359375
5469,-0.414551,-0.893555,-0.732422,-109.191895,-77.331543,-51.696777
5470,-0.400879,-2.452637,-2.744629,-15.014648,-41.870117,-56.640625
5471,-0.371582,-1.816406,-1.438477,135.314941,-6.103516,-52.917480
5472,-0.666016,-1.234375,-0.274902,178.222656,-18.249512,-16.418457
5473,-0.876465,-1.005371,0.168945,149.108887,-40.100098,-6.774902
5474,-1.019531,-0.474121,0.089844,29.174805,-31.250000,-23.986816
5475,-0.920898,-0.343262,0.018066,-21.240234,3.234863,-22.399902
5476,-0.921387,-0.405273,-0.010742,-67.260742,33.874512,-15.380859
5477,-0.950684,-1.021484,-0.469727,-50.842285,5.310059,28.625488
5478,-1.069824,-1.148926,-0.493164,43.457031,22.094727,32.958984
5479,-1.157715,-1.191406,-0.183105,97.900391,54.626465,18.432617
5480,-0.916016,-1.089844,0.158691,103.088379,88.256836,-12.084961
5481,-0.748535,-1.041992,0.228027,76.965332,96.130371,-23.742676
5482,-0.612793,-0.997070,0.288086,38.818359,100.830078,-34.057617
5483,-0.451660,-0.960449,0.335938,-52.795410,97.290039,-43.640137
5484,-0.407227,-0.977051,0.321289,-94.970703,92.712402,-42.419434
5485,-0.398438,-1.014160,0.273438,-125.549316,84.045410,-37.780762
5486,-0.426758,-1.082031,0.127441,-152.221680,58.227539,-23.864746
5487,-0.442871,-1.095703,0.054688,-149.536133,46.691895,-17.822266
5488,-0.457031,-1.043945,0.036133,-127.807617,29.174805,-11.657715
5489,-0.474121,-1.025879,0.074219,-52.185059,-30.578613,-8.422852
5490,-0.368164,-0.934082,0.090820,-15.380859,-57.556152,-11.169434
5491,-0.292969,-0.840820,0.080078,4.760742,-76.538086,-11.779785
5492,-0.247070,-0.763184,0.029297,8.605957,-86.303711,-11.474609
5493,-0.222656,-0.729980,-0.025879,5.798340,-88.867188,-14.038086
5494,-0.173340,-0.614258,-0.052246,-0.915527,-91.308594,-29.785156
5495,-0.154785,-0.579102,-0.080078,-1.647949,-93.444824,-35.583496
5496,-0.133301,-0.549805,-0.193848,4.516602,-92.407227,-44.067383
5497,-0.157227,-0.565918,-0.330566,14.831543,-84.716797,-46.997070
5498,-0.135742,-0.510254,-0.432617,32.165527,-71.411133,-45.104980
5499,-0.115723,-0.462891,-0.493652,49.377441,-55.480957,-34.179688
5500,-0.180664,-0.436035,-0.617676,68.725586,-9.887695,5.493164
5501,-0.257812,-0.429688,-0.706543,69.885254,23.559570,27.404785
5502,-0.365723,-0.436523,-0.810059,70.678711,62.255859,46.447754
5503,-0.526855,-0.554199,-0.682617,80.566406,120.300293,66.101074
5504,-0.565430,-0.660645,-0.535156,70.678711,124.206543,66.772461
5505,-0.515625,-0.760254,-0.430664,53.710938,111.083984,61.950684
5506,-0.437500,-0.858887,-0.408691,35.278320,81.237793,56.335449
5507,-0.313965,-1.103027,-0.742188,-2.502441,18.493652,30.578613
5508,-0.286133,-1.369629,-1.107910,-19.592285,12.390137,8.178711
5509,-0.323730,-1.384766,-1.096191,-24.291992,24.658203,5.310059
5510,-0.364746,-1.323730,-0.993652,-41.198730,39.855957,8.117676
5511,-0.388672,-1.025391,-0.892090,-59.326172,65.490723,26.367188
5512,-0.357422,-0.958496,-0.666992,-55.419922,66.101074,26.123047
5513,-0.299316,-0.964355,-0.470215,-54.443359,54.687500,24.963379
5514,-0.287109,-1.019531,-0.384766,-55.786133,39.794922,27.465820
5515,-0.398438,-1.178223,-0.458496,-83.068848,41.198730,42.297363
5516,-0.478516,-1.247070,-0.468750,-107.299805,56.762695,47.241211
5517,-0.546875,-1.233887,-0.392090,-130.004883,69.335938,44.494629
5518,-0.586914,-1.223145,-0.335449,-112.976074,55.358887,42.053223
5519,-0.654785,-1.208984,-0.283203,-84.838867,34.790039,38.696289
5520,-0.723633,-1.219727,-0.287598,-49.804688,15.075684,36.254883
5521,-0.836426,-1.145020,-0.160156,18.066406,-8.483887,36.682129
5522,-0.915527,-1.099609,-0.140137,50.903320,-10.986328,40.466309
5523,-1.002930,-1.062012,-0.099121,91.613770,-3.112793,39.001465
5524,-0.995117,-0.985840,0.064941,128.051758,8.911133,25.146484
5525,-0.771484,-0.691895,0.400391,122.985840,2.014160,-10.375977
5526,-0.646973,-0.531738,0.403320,93.322754,-11.657715,-23.376465
5527,-0.531250,-0.368164,0.352539,59.082031,-25.207520,-31.494141
5528,-0.433594,-0.196777,0.069824,2.563477,-33.081055,-30.578613
5529,-0.394043,-0.153320,-0.031738,-7.934570,-26.672363,-27.282715
5530,-0.350586,-0.125977,-0.089844,-13.244629,-15.441895,-21.179199
5531,-0.341309,-0.191895,-0.105957,-18.493652,-3.051758,-14.648438
5532,-0.138184,-0.408691,0.095215,-32.287598,-28.808594,3.723145
5533,-0.094727,-0.799805,-0.799316,-1.464844,-123.962402,34.606934
5534,-0.114258,-0.907715,-0.989746,22.827148,-127.807617,44.067383
5535,-0.128418,-0.757324,-0.687012,14.892578,-96.984863,41.198730
5536,-0.119141,-0.576660,-0.481934,-5.493164,-73.547363,41.503906
5537,-0.157227,-0.503418,-0.383301,-23.864746,-54.748535,39.611816
5538,-0.217285,-0.470215,-0.366211,-24.353027,-7.812500,10.620117
5539,-0.224609,-0.416016,-0.253906,-9.521484,15.869141,-8.728027
5540,-0.238770,-0.364746,-0.123047,7.202148,30.090332,-24.291992
5541,-0.389160,-0.393066,0.113770,21.728516,22.888184,-45.410156
5542,-0.470215,-0.444824,0.146484,12.695312,6.469727,-57.678223
5543,-0.519043,-0.492676,0.115234,-2.502441,-14.465332,-66.040039
5544,-0.465332,-0.645996,-0.218262,-18.310547,-77.697754,-45.471191
5545,-0.474121,-0.926270,-0.626465,9.277344,-99.670410,-22.521973
5546,-0.456543,-1.470215,-1.298340,42.114258,-89.721680,-18.066406
5547,-0.469238,-2.429199,-1.563477,203.613281,28.381348,-80.444336
5548,-0.528320,-1.399902,-0.133301,229.003906,-0.488281,-39.489746
5549,-0.834473,-1.200684,0.269531,167.114258,-46.325684,-10.375977
5550,-0.831055,-0.627441,-0.038574,-38.635254,-55.725098,-48.522949
5551,-0.680176,-0.317383,-0.143555,-111.755371,-25.024414,-52.307129
5552,-0.663086,-0.254883,-0.136230,-153.381348,7.934570,-45.532227
5553,-0.819824,-1.056641,-0.589355,-174.804688,-4.516602,-3.601074
5554,-0.773438,-1.170898,-1.234863,-3.784180,-18.127441,20.141602
5555,-1.122559,-1.032227,-0.189453,150.512695,26.062012,22.827148
5556,-1.092773,-0.897949,0.380859,217.651367,56.579590,9.094238
5557,-0.955566,-0.873047,0.406250,201.477051,59.204102,-0.305176
5558,-0.770020,-0.805664,0.409180,161.865234,64.147949,-12.695312
5559,-0.534180,-0.766602,0.456543,36.071777,75.256348,-28.320312
5560,-0.480957,-0.841309,0.472656,-27.770996,77.270508,-31.860352
5561,-0.476562,-0.944336,0.501465,-84.106445,76.599121,-33.142090
5562,-0.518555,-1.221191,0.371582,-166.381836,68.908691,-34.240723
5563,-0.554688,-1.311523,0.269043,-176.574707,62.438965,-34.484863
5564,-0.582520,-1.329590,0.219727,-173.889160,48.217773,-33.508301
5565,-0.521484,-1.260254,0.113281,-136.230469,2.685547,-29.968262
5566,-0.450684,-1.139648,0.032227,-95.703125,-27.160645,-32.775879
5567,-0.341309,-0.968262,-0.003906,-52.795410,-53.894043,-30.761719
5568,-0.264160,-0.835938,-0.035156,-27.587891,-72.631836,-24.780273
5569,-0.232422,-0.757812,-0.075684,-17.333984,-82.214355,-21.850586
5570,-0.174805,-0.644043,-0.128906,-10.681152,-93.872070,-28.869629
5571,-0.144043,-0.573242,-0.163574,-7.934570,-97.167969,-32.043457
5572,-0.119629,-0.506348,-0.345215,1.342773,-94.970703,-29.663086
5573,-0.123047,-0.498535,-0.418945,6.530762,-86.547852,-25.695801
5574,-0.147949,-0.512695,-0.549805,10.498047,-74.096680,-22.460938
5575,-0.144043,-0.363770,-0.671387,41.564941,-38.024902,-12.695312
5576,-0.154785,-0.287598,-0.738281,47.424316,-15.441895,4.333496
5577,-0.236816,-0.344238,-0.784668,49.560547,12.268066,22.277832
5578,-0.312988,-0.413574,-0.795898,48.278809,42.602539,32.775879
5579,-0.375488,-0.532227,-0.588867,42.968750,86.120605,48.950195
5580,-0.394043,-0.637207,-0.439453,29.968262,87.219238,50.048828
5581,-0.376953,-0.805664,-0.299316,1.403809,48.339844,41.564941
5582,-0.365234,-0.896973,-0.334473,-15.075684,23.376465,34.545898
5583,-0.372559,-1.195312,-0.535156,-41.442871,-3.845215,12.329102
5584,-0.361328,-1.315430,-0.643555,-42.236328,-7.324219,-0.488281
5585,-0.359863,-1.367676,-0.742188,-35.888672,-5.126953,-6.347656
5586,-0.407227,-1.311035,-0.903809,-28.686523,13.122559,5.676270
5587,-0.398926,-1.128418,-1.003418,-26.489258,36.437988,22.033691
5588,-0.410156,-1.043457,-0.909668,-25.634766,61.096191,30.944824
5589,-0.378906,-1.079590,-0.527832,-27.160645,65.795898,19.348145
5590,-0.310547,-1.127930,-0.421875,-30.883789,48.950195,12.390137
5591,-0.304688,-1.178711,-0.412598,-36.621094,32.348633,17.395020
5592,-0.410156,-1.327148,-0.532227,-56.213379,34.484863,29.968262
5593,-0.441406,-1.343262,-0.509277,-61.889648,46.813965,30.395508
5594,-0.442383,-1.271484,-0.394531,-64.575195,54.199219,28.808594
5595,-0.469238,-1.030762,-0.334961,-54.077148,54.016113,28.930664
5596,-0.490723,-0.941406,-0.322754,-40.771484,57.067871,31.982422
5597,-0.527344,-0.880371,-0.270508,-22.338867,58.227539,34.118652
5598,-0.627441,-0.794434,-0.123535,25.573730,43.945312,37.414551
5599,-0.703613,-0.758301,-0.051758,51.086426,30.273438,39.001465
5600,-0.793945,-0.723145,-0.013184,76.171875,17.211914,39.916992
5601,-0.876953,-0.738281,0.040527,96.496582,8.666992,35.095215
5602,-0.875977,-0.704590,0.220215,95.703125,-11.657715,8.239746
5603,-0.824707,-0.651367,0.222168,75.500488,-22.583008,-5.798340
5604,-0.729004,-0.541504,0.164551,53.039551,-31.005859,-17.089844
5605,-0.502930,-0.354004,-0.001953,11.901855,-32.104492,-13.061523
5606,-0.439941,-0.335938,-0.047363,-2.319336,-26.000977,-5.798340
5607,-0.388184,-0.351074,-0.051758,-12.329102,-21.362305,-1.464844
5608,-0.339844,-0.371582,0.004883,-20.996094,-24.902344,1.647949
5609,-0.189941,-0.606445,-0.284668,-16.540527,-121.643066,32.287598
5610,-0.132812,-0.727539,-0.622070,-5.920410,-155.700684,43.640137
5611,-0.127930,-0.844727,-0.846680,-7.385254,-151.000977,48.461914
5612,-0.140137,-0.689941,-0.549316,2.258301,-101.989746,50.659180
5613,-0.167480,-0.589844,-0.435059,1.098633,-81.542969,52.490234
5614,-0.229004,-0.549805,-0.362793,7.507324,-58.898926,45.959473
5615,-0.292969,-0.549316,-0.321777,18.981934,-31.555176,30.273438
5616,-0.356445,-0.524902,-0.085449,49.194336,15.991211,-13.244629
5617,-0.367676,-0.485352,0.054688,54.870605,22.827148,-35.156250
5618,-0.427734,-0.440430,0.196289,35.278320,5.126953,-62.683105
5619,-0.490723,-0.477051,0.146484,12.207031,-8.422852,-72.021484
5620,-0.489258,-0.495605,0.045898,-14.953613,-21.972656,-76.843262
5621,-0.476562,-0.551270,-0.114746,-44.677734,-32.958984,-75.622559
5622,-0.474121,-0.763672,-0.458008,-101.440430,-47.363281,-68.481445
5623,-0.456543,-0.993164,-0.776367,-91.491699,-56.091309,-53.833008
5624,-0.424805,-1.537598,-1.353516,-58.532715,-69.824219,-40.954590
5625,-0.562988,-1.813477,-1.417969,127.075195,-53.100586,-23.071289
5626,-0.864258,-1.358398,-0.384766,165.893555,-43.640137,-9.338379
5627,-0.929199,-0.959473,0.015625,146.362305,-48.828125,-16.784668
5628,-1.040039,-0.458008,0.049805,71.166992,-38.330078,-4.394531
5629,-1.023926,-0.425781,0.004883,28.259277,-10.681152,5.187988
5630,-0.994141,-0.598145,-0.081543,-6.286621,9.460449,15.441895
5631,-1.022949,-0.977539,-0.278809,-18.676758,11.718750,21.484375
5632,-0.909180,-1.012207,-0.139160,68.542480,59.692383,4.760742
5633,-0.875977,-0.982422,0.098145,86.730957,76.721191,-7.934570
5634,-0.803711,-0.941895,0.180664,66.406250,92.712402,-27.893066
5635,-0.650391,-0.868652,0.226074,45.959473,98.083496,-33.081055
5636,-0.583984,-0.865723,0.239746,22.216797,102.722168,-35.400391
5637,-0.533691,-0.895508,0.275879,-5.493164,106.323242,-37.109375
5638,-0.457031,-1.002441,0.368652,-79.406738,103.088379,-39.794922
5639,-0.447754,-1.078613,0.382324,-111.450195,91.186523,-36.804199
5640,-0.452637,-1.171387,0.312012,-134.399414,74.584961,-34.790039
5641,-0.420410,-1.249512,0.112793,-137.451172,43.945312,-33.691406
5642,-0.414551,-1.194336,0.097168,-120.239258,28.442383,-31.799316
5643,-0.407715,-1.143555,0.103516,-95.458984,8.239746,-29.174805
5644,-0.293945,-0.988770,0.166016,-29.174805,-42.663574,-19.958496
5645,-0.233398,-0.893555,0.193359,-8.666992,-67.443848,-13.977051
5646,-0.200684,-0.802246,0.112793,-1.831055,-84.167480,-10.314941
5647,-0.190430,-0.728027,0.015625,-1.892090,-91.308594,-10.742188
5648,-0.180176,-0.669922,-0.051758,-4.882812,-91.979980,-14.953613
5649,-0.144043,-0.572754,-0.133789,-4.577637,-90.576172,-22.583008
5650,-0.134766,-0.536133,-0.181641,-0.244141,-87.829590,-24.169922
5651,-0.162109,-0.536621,-0.374512,31.250000,-69.213867,-30.639648
5652,-0.131836,-0.483398,-0.380859,53.649902,-58.654785,-26.245117
5653,-0.124023,-0.448242,-0.389160,67.443848,-47.058105,-14.587402
5654,-0.141602,-0.422363,-0.463379,71.044922,-29.846191,0.061035
5655,-0.281738,-0.456543,-0.729004,62.011719,33.142090,30.456543
5656,-0.346191,-0.490234,-0.790039,66.833496,68.237305,41.748047
5657,-0.455566,-0.573242,-0.697754,71.533203,109.802246,53.283691
5658,-0.453613,-0.660156,-0.562500,68.237305,108.764648,53.955078
5659,-0.356445,-0.829590,-0.475586,32.043457,58.532715,49.255371
5660,-0.315918,-0.941895,-0.561035,2.014160,36.193848,42.480469
5661,-0.291504,-1.062500,-0.663574,-27.465820,26.123047,35.034180
5662,-0.275391,-1.187500,-0.746094,-49.865723,24.902344,27.709961
5663,-0.291504,-1.353516,-0.778809,-64.453125,33.447266,15.258789
5664,-0.330566,-1.328613,-0.758301,-66.467285,37.109375,15.808105
5665,-0.356445,-1.168457,-0.789062,-56.091309,58.044434,25.573730
5666,-0.333496,-1.206055,-0.579590,-54.504395,61.645508,22.338867
5667,-0.297852,-1.292480,-0.381348,-61.157227,50.109863,16.113281
5668,-0.272461,-1.484863,-0.388184,-84.838867,29.846191,13.671875
5669,-0.324707,-1.559570,-0.433594,-97.717285,30.395508,17.028809
5670,-0.395996,-1.611328,-0.417969,-102.905273,30.700684,16.418457
5671,-0.509277,-1.441406,-0.288574,-87.585449,8.544922,9.704590
5672,-0.550781,-1.256348,-0.324707,-70.800781,-2.502441,10.620117
5673,-0.576172,-1.078613,-0.364746,-49.438477,-3.906250,18.859863
5674,-0.675293,-0.868164,-0.267578,-7.080078,13.610840,32.043457
5675,-0.733887,-0.803711,-0.190430,17.333984,20.568848,34.545898
5676,-0.782715,-0.749023,-0.108887,43.823242,24.108887,34.606934
5677,-0.850098,-0.656738,0.059570,89.538574,29.235840,22.583008
5678,-0.833008,-0.621582,0.171875,95.092773,26.489258,9.216309
5679,-0.773926,-0.570801,0.285645,85.754395,14.465332,-5.310059
5680,-0.630371,-0.416016,0.243164,37.780762,-21.545410,-25.268555
5681,-0.527832,-0.319824,0.090332,15.258789,-30.334473,-23.559570
5682,-0.466309,-0.290527,-0.050293,3.479004,-27.709961,-16.418457
5683,-0.387207,-0.319824,-0.129883,-2.014160,-8.605957,-8.239746
5684,-0.344238,-0.350586,-0.057617,-1.586914,-6.042480,-5.981445
5685,-0.247559,-0.387695,0.158691,-8.972168,-31.066895,1.770020
5686,-0.136719,-0.692383,-0.515625,24.475098,-154.418945,42.358398
5687,-0.091797,-0.842285,-0.842773,17.517090,-154.418945,48.400879
5688,-0.077637,-1.004395,-0.980469,24.291992,-92.773438,42.480469
5689,-0.172363,-0.663574,-0.413086,22.216797,-71.716309,45.227051
5690,-0.253418,-0.605957,-0.289551,23.132324,-54.809570,41.809082
5691,-0.313965,-0.590332,-0.214844,27.770996,-36.132812,24.658203
5692,-0.381836,-0.493164,-0.051270,39.367676,6.530762,-24.230957
5693,-0.390137,-0.400391,0.073242,38.635254,18.310547,-45.104980
5694,-0.422363,-0.316895,0.144531,29.113770,20.812988,-55.053711
5695,-0.556641,-0.398438,0.182129,-14.282227,8.117676,-67.016602
5696,-0.541016,-0.428711,0.113281,-41.381836,-5.859375,-71.899414
5697,-0.489258,-0.483398,-0.001953,-64.575195,-20.324707,-70.190430
5698,-0.428711,-0.786621,-0.408691,-75.805664,-58.227539,-49.438477
5699,-0.359375,-1.132324,-0.892090,-47.912598,-74.890137,-35.217285
5700,-0.198242,-1.979004,-2.302246,-16.723633,-83.007812,-27.893066
5701,-0.204590,-2.615723,-2.772461,119.689941,-29.174805,-40.283203
5702,-0.855469,-1.324219,0.059570,176.818848,-34.851074,-11.657715
5703,-0.811523,-1.041016,0.136719,90.576172,-46.997070,-34.118652
5704,-0.687500,-0.412598,-0.066895,-79.406738,-2.258301,-50.170898
5705,-0.721680,-0.379883,-0.058105,-122.863770,31.372070,-45.959473
5706,-0.798828,-0.499512,-0.067871,-151.916504,55.664062,-40.466309
5707,-0.836426,-1.167480,-0.852539,-71.472168,3.662109,12.695312
5708,-1.140137,-1.258789,-0.365234,50.842285,35.705566,20.751953
5709,-1.193359,-1.255371,-0.090820,103.515625,71.289062,11.047363
5710,-1.100098,-1.167480,0.103516,135.986328,99.670410,0.366211
5711,-0.824219,-0.989746,0.294434,115.600586,106.018066,-7.019043
5712,-0.678711,-0.907227,0.347168,74.951172,110.168457,-12.756348
5713,-0.526855,-0.989258,0.424316,-26.794434,101.013184,-18.310547
5714,-0.484863,-1.083008,0.425781,-72.265625,88.745117,-21.728516
5715,-0.457520,-1.166504,0.381836,-108.886719,73.364258,-23.498535
5716,-0.461914,-1.260254,0.272461,-133.422852,57.434082,-26.306152
5717,-0.459473,-1.230469,0.033203,-143.737793,36.926270,-31.555176
5718,-0.433594,-1.123047,0.022461,-130.981445,23.498535,-30.517578
5719,-0.383789,-0.903320,-0.013672,-72.998047,-19.470215,-22.277832
5720,-0.329590,-0.785645,-0.050293,-37.841797,-36.376953,-12.817383
5721,-0.281738,-0.719238,-0.055664,-12.084961,-44.799805,-4.394531
5722,-0.229492,-0.652344,-0.045898,0.427246,-49.926758,-0.305176
5723,-0.175293,-0.537598,-0.089844,6.774902,-54.687500,0.366211
5724,-0.156738,-0.493652,-0.114746,9.643555,-55.480957,-1.464844
5725,-0.146973,-0.466309,-0.131836,12.512207,-54.809570,-2.380371
5726,-0.156250,-0.481445,-0.207031,17.272949,-49.926758,-1.403809
5727,-0.186035,-0.527832,-0.298340,25.512695,-43.212891,-2.929688
5728,-0.174316,-0.530273,-0.356934,40.893555,-32.958984,-3.723145
5729,-0.169434,-0.542480,-0.418945,67.016602,-12.939453,7.568359
5730,-0.187500,-0.571777,-0.445312,69.213867,-0.488281,16.052246
5731,-0.197754,-0.575195,-0.492188,66.650391,14.404297,26.184082
5732,-0.208984,-0.556641,-0.561523,61.950684,56.945801,52.795410
5733,-0.337402,-0.663086,-0.656738,75.073242,76.049805,57.861328
5734,-0.392090,-0.781250,-0.451172,56.823730,80.871582,55.908203
5735,-0.412109,-0.858398,-0.458984,48.278809,60.607910,48.583984
5736,-0.395508,-0.916504,-0.597168,42.846680,31.188965,36.376953
5737,-0.370605,-0.979004,-0.777344,31.250000,14.221191,26.428223
5738,-0.332031,-1.258301,-1.031738,1.770020,22.460938,19.775391
5739,-0.348633,-1.435547,-0.968750,-19.348145,37.231445,17.700195
5740,-0.349609,-1.445801,-0.785156,-43.395996,44.982910,14.282227
5741,-0.309570,-1.139648,-0.720703,-58.532715,29.418945,18.310547
5742,-0.289062,-1.061035,-0.661133,-47.302246,28.381348,16.052246
5743,-0.278320,-1.002930,-0.477539,-45.776367,24.536133,15.686035
5744,-0.289551,-1.044922,-0.436035,-46.691895,12.756348,20.019531
5745,-0.358398,-1.235352,-0.359375,-53.649902,13.427734,24.230957
5746,-0.430176,-1.273926,-0.423340,-66.162109,23.925781,28.625488
5747,-0.484863,-1.283691,-0.415527,-77.758789,38.269043,33.996582
5748,-0.568848,-1.241211,-0.303711,-69.091797,48.217773,40.283203
5749,-0.580566,-1.126953,-0.308594,-53.466797,46.386719,38.818359
5750,-0.566406,-1.028320,-0.309082,-39.489746,50.903320,37.780762
5751,-0.561523,-0.876953,-0.160645,-13.244629,52.673340,33.020020
5752,-0.591797,-0.834473,-0.095703,4.699707,43.640137,30.456543
5753,-0.633789,-0.795410,-0.035645,25.695801,29.296875,27.954102
5754,-0.809570,-0.692871,0.006348,64.514160,1.098633,26.550293
5755,-0.884277,-0.713867,0.110352,78.002930,-10.375977,21.057129
5756,-0.896484,-0.709961,0.178223,73.425293,-25.512695,8.728027
5757,-0.862793,-0.681641,0.174805,57.312012,-40.954590,-3.723145
5758,-0.596191,-0.508301,0.000000,8.728027,-49.255371,-19.409180
5759,-0.400879,-0.447754,-0.132324,-26.611328,-35.278320,-14.343262
5760,-0.280273,-0.530762,-0.183594,-34.057617,-47.180176,-4.455566
5761,-0.219238,-0.656738,-0.330078,-14.709473,-87.829590,9.277344
5762,-0.131348,-0.742188,-0.604980,0.671387,-128.845215,27.343750
5763,-0.104492,-0.833008,-0.806152,-9.460449,-117.919922,37.292480
5764,-0.114258,-0.785156,-0.651367,-19.714355,-98.693848,33.691406
5765,-0.115723,-0.600098,-0.469727,-24.536133,-85.876465,34.545898
5766,-0.162598,-0.380371,-0.336914,-11.657715,-51.635742,39.794922
5767,-0.246582,-0.369629,-0.275391,5.676270,-28.564453,30.639648
5768,-0.283203,-0.341309,-0.199219,22.338867,-4.394531,15.075684
5769,-0.331055,-0.334473,-0.085938,34.484863,15.502930,-2.380371
5770,-0.424316,-0.364258,0.109863,38.757324,25.695801,-35.278320
5771,-0.479004,-0.407715,0.134277,31.188965,20.568848,-49.560547
5772,-0.519043,-0.458008,0.145020,17.272949,10.681152,-63.659668
5773,-0.517578,-0.524902,-0.030762,-27.893066,-12.268066,-80.688477
5774,-0.439941,-0.586914,-0.170410,-51.452637,-22.644043,-78.308105
5775,-0.358887,-0.698242,-0.365723,-71.289062,-39.367676,-66.528320
5776,-0.352539,-1.258301,-1.193359,-25.573730,-79.223633,-34.362793
5777,-0.307617,-1.944824,-2.128906,12.145996,-70.068359,-32.226562
5778,-0.302246,-2.319336,-2.223633,112.670898,-14.221191,-52.612305
5779,-0.591797,-1.552734,-0.641602,187.683105,-2.136230,-38.513184
5780,-1.011230,-0.878906,0.238281,133.666992,-67.382812,-14.221191
5781,-1.025391,-0.563965,0.145508,64.392090,-75.805664,-17.761230
5782,-0.899414,-0.332520,-0.179199,-67.077637,-16.479492,-7.629395
5783,-0.927734,-0.522949,-0.157227,-98.022461,12.207031,-0.061035
5784,-1.003418,-0.917480,-0.342773,-109.558105,-1.586914,18.066406
5785,-0.879395,-1.274414,-0.433594,78.857422,44.311523,15.380859
5786,-0.861328,-1.185059,-0.003418,124.328613,67.626953,-2.746582
5787,-0.764648,-1.068848,0.188965,127.990723,75.744629,-15.014648
5788,-0.616211,-0.923340,0.280762,78.857422,83.740234,-28.320312
5789,-0.551758,-0.878906,0.296387,46.569824,86.303711,-32.287598
5790,-0.492676,-0.870605,0.321777,10.742188,87.097168,-36.865234
5791,-0.415039,-0.948730,0.384277,-65.734863,82.946777,-43.823242
5792,-0.424316,-1.040527,0.392578,-99.121094,72.753906,-44.982910
5793,-0.454102,-1.127441,0.353516,-125.305176,57.312012,-46.936035
5794,-0.447266,-1.192383,0.292969,-145.446777,41.748047,-49.560547
5795,-0.454102,-1.130859,0.197266,-158.020020,7.080078,-46.630859
5796,-0.461426,-1.072266,0.158691,-140.869141,-16.357422,-41.015625
5797,-0.450195,-1.011719,0.070801,-103.149414,-41.625977,-34.545898
5798,-0.320801,-0.837402,-0.045410,-16.601562,-73.303223,-20.935059
5799,-0.258789,-0.766602,-0.064941,4.089355,-74.340820,-15.197754
5800,-0.228027,-0.714355,-0.085938,9.277344,-70.678711,-14.709473
5801,-0.197266,-0.663574,-0.106445,8.850098,-65.551758,-18.188477
5802,-0.133301,-0.553223,-0.154297,12.329102,-59.936523,-23.498535
5803,-0.143066,-0.534668,-0.204590,18.798828,-57.434082,-22.521973
5804,-0.156738,-0.530762,-0.279785,30.151367,-52.001953,-21.667480
5805,-0.158691,-0.496094,-0.357910,57.434082,-37.292480,-9.216309
5806,-0.190918,-0.519043,-0.386230,65.246582,-27.404785,0.183105
5807,-0.218750,-0.536621,-0.431152,65.917969,-13.488770,8.361816
5808,-0.310059,-0.564453,-0.522949,54.870605,24.597168,24.414062
5809,-0.344238,-0.530273,-0.667480,53.710938,43.762207,34.729004
5810,-0.440918,-0.553223,-0.771973,86.547852,69.519043,48.461914
5811,-0.428223,-0.640137,-0.624023,85.693359,69.152832,51.940918
5812,-0.386230,-0.708496,-0.558594,65.979004,58.959961,53.710938
5813,-0.344238,-0.793945,-0.578125,35.339355,43.334961,50.048828
5814,-0.287109,-1.013184,-0.686035,-29.357910,18.432617,31.066895
5815,-0.276855,-1.129395,-0.733887,-54.870605,14.526367,20.874023
5816,-0.286621,-1.385254,-0.742676,-76.782227,17.211914,7.873535
5817,-0.276855,-1.353516,-0.678223,-74.951172,15.625000,4.577637
5818,-0.261719,-1.174805,-0.639160,-65.185547,12.329102,11.718750
5819,-0.296387,-0.936523,-0.656250,-38.696289,27.770996,30.334473
5820,-0.273438,-0.942871,-0.595703,-31.250000,46.569824,31.494141
5821,-0.274902,-1.027344,-0.424316,-31.066895,58.898926,29.052734
5822,-0.287598,-1.167480,-0.310059,-40.283203,58.349609,26.489258
5823,-0.383789,-1.402344,-0.343750,-69.274902,49.194336,26.306152
5824,-0.459961,-1.494141,-0.382812,-76.965332,47.180176,25.817871
5825,-0.528320,-1.533691,-0.344238,-77.819824,37.963867,24.291992
5826,-0.623047,-1.383789,-0.291016,-67.138672,13.916016,19.836426
5827,-0.642578,-1.255371,-0.271484,-53.222656,3.540039,14.953613
5828,-0.645508,-1.077637,-0.269043,-39.978027,0.427246,13.732910
5829,-0.687988,-0.824219,-0.167480,-5.859375,3.540039,20.446777
5830,-0.710938,-0.737793,-0.078613,17.272949,-0.122070,22.277832
5831,-0.759277,-0.655762,-0.021484,43.212891,-6.958008,21.972656
5832,-0.827148,-0.578125,0.161621,79.040527,-20.874023,9.521484
5833,-0.793945,-0.558594,0.225586,71.960449,-29.357910,0.183105
5834,-0.737305,-0.538086,0.229492,49.926758,-37.353516,-8.850098
5835,-0.572266,-0.471680,0.009277,2.563477,-36.621094,-18.859863
5836,-0.506348,-0.442383,-0.080566,-9.277344,-27.770996,-19.409180
5837,-0.447266,-0.415039,-0.125000,-14.038086,-18.859863,-18.249512
5838,-0.332031,-0.424805,-0.026855,-16.357422,-20.080566,-12.634277
5839,-0.191406,-0.709473,-0.453125,11.413574,-116.394043,20.996094
5840,-0.160156,-0.802246,-0.801270,5.432129,-138.061523,33.447266
5841,-0.153320,-0.861816,-0.979492,-12.878418,-120.117188,37.658691
5842,-0.204102,-0.872070,-0.862793,-26.733398,-90.759277,34.667969
5843,-0.221680,-0.557129,-0.357422,-42.541504,-56.274414,29.968262
5844,-0.240234,-0.456055,-0.287598,-35.705566,-45.349121,30.029297
5845,-0.292480,-0.374023,-0.228516,-2.502441,-7.568359,7.995605
5846,-0.302246,-0.340332,-0.150391,15.686035,14.831543,-8.361816
5847,-0.311523,-0.312012,-0.035645,29.113770,29.052734,-24.291992
5848,-0.372559,-0.359375,0.107422,31.921387,27.160645,-49.743652
5849,-0.409668,-0.400391,0.099609,19.470215,16.479492,-61.157227
5850,-0.438965,-0.441895,0.043945,1.770020,3.479004,-71.105957
5851,-0.397949,-0.564941,-0.171875,-31.860352,-24.597168,-75.927734
5852,-0.367188,-0.686035,-0.312012,-36.621094,-42.602539,-65.551758
5853,-0.382812,-0.929688,-0.548828,-15.014648,-62.805176,-48.217773
5854,-0.289551,-2.031738,-1.932617,56.518555,-82.824707,-31.188965
5855,-0.351074,-2.337891,-1.938965,148.620605,-39.123535,-42.419434
5856,-0.818359,-1.527344,-0.409668,198.303223,-34.729004,-15.991211
5857,-1.150879,-1.216797,0.166016,145.324707,-58.410645,-4.211426
5858,-1.013672,-0.491699,-0.015625,-30.212402,-71.533203,-17.822266
5859,-0.883301,-0.295410,-0.231445,-95.947266,-51.208496,-7.690430
5860,-0.778320,-0.481934,-0.608887,-142.089844,7.019043,10.498047
5861,-0.854004,-0.901367,-0.717285,-125.305176,6.835938,22.155762
5862,-0.852051,-1.515625,-1.141602,-42.297363,8.056641,20.507812
5863,-0.912109,-1.104980,0.064941,141.052246,85.693359,-6.286621
5864,-0.913574,-1.011230,0.300781,130.920410,105.529785,-19.348145
5865,-0.853516,-0.954590,0.326660,103.027344,115.478516,-21.057129
5866,-0.653320,-0.843750,0.359863,35.034180,122.497559,-19.775391
5867,-0.557617,-0.821289,0.350098,-4.882812,122.924805,-20.629883
5868,-0.496094,-0.853516,0.365723,-42.785645,120.849609,-20.935059
5869,-0.452148,-1.027832,0.407227,-91.918945,91.796875,-19.653320
5870,-0.450684,-1.116211,0.375977,-100.830078,66.040039,-18.005371
5871,-0.480957,-1.216797,0.353516,-108.520508,37.719727,-17.944336
5872,-0.483398,-1.312012,0.136230,-128.479004,-6.469727,-29.541016
5873,-0.444336,-1.218750,0.070312,-118.713379,-27.648926,-32.226562
5874,-0.425293,-1.104980,0.017090,-96.679688,-50.903320,-31.738281
5875,-0.357422,-0.891602,-0.095703,-26.611328,-80.322266,-23.254395
5876,-0.311035,-0.807617,-0.075684,-4.211426,-86.608887,-18.554688
5877,-0.270020,-0.744141,-0.084961,4.577637,-88.745117,-14.587402
5878,-0.233887,-0.654297,-0.148438,13.916016,-85.327148,-15.441895
5879,-0.218262,-0.621094,-0.195801,22.827148,-81.604004,-17.883301
5880,-0.212402,-0.594727,-0.270996,35.522461,-74.340820,-19.836426
5881,-0.186523,-0.524414,-0.418457,74.645996,-46.813965,-21.301270
5882,-0.155273,-0.458496,-0.441406,89.294434,-30.700684,-13.122559
5883,-0.214355,-0.458008,-0.511230,90.759277,5.554199,12.695312
5884,-0.269043,-0.454590,-0.617676,82.946777,24.597168,22.338867
5885,-0.390625,-0.446777,-0.805664,81.115723,46.752930,31.250000
5886,-0.398926,-0.470703,-0.798340,79.345703,56.213379,34.790039
5887,-0.392578,-0.560059,-0.697754,61.523438,71.411133,43.334961
5888,-0.370605,-0.652832,-0.587402,31.921387,81.604004,51.452637
5889,-0.287598,-0.778320,-0.473633,-25.207520,72.448730,56.274414
5890,-0.256348,-0.857422,-0.474121,-41.625977,58.105469,51.452637
5891,-0.244141,-0.958984,-0.505371,-49.926758,42.968750,41.015625
5892,-0.243652,-1.150391,-0.567383,-44.189453,18.371582,15.686035
5893,-0.240234,-1.191895,-0.577148,-34.729004,8.117676,9.460449
5894,-0.257324,-1.235352,-0.598633,-25.512695,1.464844,8.972168
5895,-0.273926,-1.182617,-0.590820,-20.263672,-0.915527,12.084961
5896,-0.369629,-0.936523,-0.702637,-20.568848,21.240234,27.160645
5897,-0.403809,-0.908203,-0.731934,-15.075684,43.823242,28.320312
5898,-0.395020,-0.926758,-0.648438,-11.962891,63.110352,26.489258
5899,-0.421387,-1.153809,-0.445801,-22.888184,65.979004,23.742676
5900,-0.387207,-1.274414,-0.432617,-33.996582,61.645508,24.963379
5901,-0.402832,-1.378906,-0.435059,-47.607422,63.171387,28.442383
5902,-0.468750,-1.436523,-0.453125,-59.020996,67.871094,32.531738
5903,-0.580566,-1.352051,-0.366699,-59.509277,58.593750,36.132812
5904,-0.597656,-1.238770,-0.315430,-51.391602,48.217773,30.334473
5905,-0.579102,-0.962402,-0.294434,-31.433105,42.480469,20.141602
5906,-0.590332,-0.870117,-0.231934,-16.357422,39.855957,19.592285
5907,-0.632812,-0.832031,-0.139160,5.310059,29.907227,19.653320
5908,-0.776367,-0.790527,0.000000,54.016113,-6.530762,22.216797
5909,-0.897461,-0.784180,0.029785,75.500488,-21.789551,21.423340
5910,-1.005371,-0.830078,0.119141,88.867188,-31.433105,16.906738
5911,-1.024902,-0.856934,0.233887,79.223633,-42.968750,2.441406
5912,-0.809082,-0.652832,0.089355,22.888184,-55.664062,-22.094727
5913,-0.613770,-0.520020,-0.012207,-3.356934,-47.485352,-24.291992
5914,-0.491211,-0.441895,-0.070312,-21.118164,-35.705566,-23.498535
5915,-0.413574,-0.418945,-0.115723,-33.081055,-24.536133,-24.658203
5916,-0.149414,-0.480957,-0.183105,-41.442871,-36.071777,-16.479492
5917,-0.099609,-0.597656,-0.400391,-19.653320,-87.768555,2.014160
5918,-0.023438,-0.721680,-0.805176,-10.803223,-119.079590,17.028809
5919,-0.033203,-0.757812,-0.711914,-9.033203,-90.698242,20.141602
5920,-0.040527,-0.654297,-0.495605,-6.774902,-81.359863,19.348145
5921,-0.060059,-0.511230,-0.363770,-5.249023,-76.782227,23.742676
5922,-0.187988,-0.376953,-0.315430,11.657715,-50.292969,21.972656
5923,-0.252441,-0.361328,-0.267090,26.123047,-29.296875,10.375977
5924,-0.295898,-0.359863,-0.187500,37.109375,-7.446289,-4.455566
5925,-0.410156,-0.400391,0.000977,36.437988,20.141602,-36.010742
5926,-0.473633,-0.419434,0.078125,24.475098,23.132324,-50.231934
5927,-0.536133,-0.444824,0.074219,5.493164,20.568848,-62.377930
5928,-0.591797,-0.487793,-0.057617,-38.513184,10.070801,-75.927734
5929,-0.568848,-0.528320,-0.124023,-63.720703,2.197266,-75.012207
5930,-0.486328,-0.581543,-0.241211,-90.454102,-13.488770,-67.138672
5931,-0.409180,-0.695801,-0.483398,-93.017578,-38.024902,-46.386719
5932,-0.418457,-1.344727,-1.085449,9.704590,-79.406738,-10.864258
5933,-0.269531,-1.946289,-2.000488,64.636230,-67.016602,-16.784668
5934,-0.190430,-2.009766,-1.947266,144.104004,-7.019043,-37.231445
5935,-0.513672,-1.347656,-0.502441,188.476562,3.234863,-21.789551
5936,-0.852051,-0.785156,0.058105,112.182617,-51.208496,-16.479492
5937,-0.831543,-0.546387,-0.003906,43.640137,-58.044434,-26.916504
5938,-0.765625,-0.354492,-0.077637,-32.958984,-48.583984,-28.320312
5939,-0.831055,-0.549316,-0.370605,-136.291504,-8.544922,-9.277344
5940,-0.868164,-0.937988,-0.507812,-156.860352,-16.113281,12.695312
5941,-0.937500,-2.005371,-1.559570,-111.267090,-38.879395,31.616211
5942,-0.655762,-1.553711,-0.934570,47.607422,26.123047,10.375977
5943,-0.761230,-1.178223,0.205566,87.524414,92.956543,-10.131836
5944,-0.727539,-1.016602,0.250488,72.082520,101.806641,-11.047363
5945,-0.621582,-0.809082,0.279785,36.743164,111.267090,-13.183594
5946,-0.558594,-0.786621,0.320312,24.230957,108.276367,-15.991211
5947,-0.491699,-0.826172,0.364746,15.808105,97.167969,-19.470215
5948,-0.471191,-0.928711,0.407715,8.972168,78.979492,-23.498535
5949,-0.492188,-1.253418,0.395508,-20.202637,42.724609,-35.156250
5950,-0.484863,-1.380371,0.379883,-46.752930,28.564453,-44.799805
5951,-0.408691,-1.272949,0.394531,-113.098145,-9.704590,-48.767090
5952,-0.401855,-1.114746,0.217773,-125.061035,-29.846191,-43.518066
5953,-0.407227,-0.969727,0.081543,-108.459473,-46.386719,-35.461426
5954,-0.403320,-0.859863,0.011230,-38.696289,-66.345215,-19.531250
5955,-0.329590,-0.725098,-0.102051,-10.375977,-66.833496,-13.183594
5956,-0.289062,-0.684082,-0.125000,4.882812,-62.927246,-11.352539
5957,-0.222168,-0.628906,-0.179199,13.854980,-50.354004,-13.427734
5958,-0.215820,-0.616211,-0.234375,16.967773,-42.907715,-16.418457
5959,-0.169434,-0.504883,-0.336914,46.142578,-24.902344,-23.559570
5960,-0.142090,-0.448730,-0.340820,65.307617,-18.859863,-15.686035
5961,-0.168945,-0.442383,-0.361328,80.261230,-13.793945,-2.990723
5962,-0.240723,-0.527832,-0.419434,91.247559,7.873535,17.883301
5963,-0.246094,-0.541504,-0.433594,84.777832,20.874023,23.315430
5964,-0.303711,-0.552734,-0.442871,71.899414,33.203125,30.517578
5965,-0.377441,-0.500488,-0.706055,68.176270,46.569824,36.071777
5966,-0.386719,-0.499023,-0.667969,76.293945,51.818848,41.198730
5967,-0.327148,-0.543457,-0.643066,56.884766,48.278809,44.128418
5968,-0.285156,-0.613770,-0.646973,30.212402,44.250488,45.837402
5969,-0.247070,-0.679199,-0.645020,2.563477,40.710449,46.325684
5970,-0.242188,-0.904785,-0.595703,-43.273926,37.170410,41.259766
5971,-0.257324,-1.019531,-0.531738,-56.152344,30.212402,31.921387
5972,-0.262207,-1.108398,-0.470703,-64.392090,18.676758,20.385742
5973,-0.245605,-1.177734,-0.467285,-68.542480,-4.150391,6.286621
5974,-0.260742,-1.151367,-0.513672,-58.654785,-11.047363,4.638672
5975,-0.268555,-0.964844,-0.580566,-33.447266,-2.014160,15.747070
5976,-0.285645,-0.938477,-0.623535,-25.817871,12.084961,19.470215
5977,-0.292969,-1.008301,-0.617676,-19.104004,29.724121,18.859863
5978,-0.343262,-1.131836,-0.508301,-17.700195,42.480469,15.197754
5979,-0.352539,-1.405762,-0.394531,-43.823242,48.583984,12.817383
5980,-0.419922,-1.566406,-0.434570,-63.720703,57.128906,17.883301
5981,-0.530273,-1.730957,-0.427246,-70.678711,58.715820,23.010254
5982,-0.700195,-1.660645,-0.330078,-56.640625,43.762207,25.878906
5983,-0.682129,-1.429688,-0.324707,-42.907715,38.635254,23.864746
5984,-0.645508,-1.145508,-0.342285,-25.878906,42.053223,24.536133
5985,-0.713867,-0.804688,-0.232422,22.705078,52.917480,35.156250
5986,-0.777832,-0.750000,-0.079102,51.696777,47.607422,36.315918
5987,-0.850586,-0.722168,0.073730,77.209473,28.381348,33.264160
5988,-0.917969,-0.714844,0.158203,96.008301,1.770020,24.047852
5989,-0.981445,-0.695801,0.264648,85.510254,-44.067383,0.610352
5990,-0.986328,-0.689941,0.220215,51.818848,-59.509277,-7.690430
5991,-0.869141,-0.644043,0.083496,14.892578,-62.438965,-14.831543
5992,-0.530273,-0.523926,-0.094727,-42.907715,-44.494629,-14.770508
5993,-0.401367,-0.493164,-0.141113,-51.696777,-38.696289,-12.695312
5994,-0.245605,-0.577637,-0.219238,-50.781250,-51.940918,-5.493164
5995,-0.076660,-0.683594,-0.514648,-14.892578,-120.483398,16.906738
5996,-0.043945,-0.701172,-0.672363,0.671387,-143.981934,29.907227
5997,-0.035156,-0.725586,-0.840820,-8.972168,-142.456055,38.330078
5998,-0.079590,-0.751465,-0.778320,-28.015137,-110.412598,48.095703
5999,-0.178711,-0.558594,-0.438965,-35.095215,-93.383789,56.640625
6000,-0.223633,-0.498535,-0.372559,-29.724121,-74.096680,60.913086
6001,-0.271973,-0.460938,-0.311523,-12.695312,-48.889160,56.152344
6002,-0.331055,-0.373535,-0.117676,27.709961,7.995605,23.193359
6003,-0.341797,-0.341309,0.023438,39.733887,26.611328,2.136230
6004,-0.361816,-0.304688,0.145996,43.579102,32.836914,-19.775391
6005,-0.432129,-0.282227,0.177246,24.536133,24.414062,-57.250977
6006,-0.469238,-0.313477,0.107422,12.695312,18.981934,-72.021484
6007,-0.477051,-0.340820,0.016602,2.929688,13.000488,-84.045410
6008,-0.414551,-0.427246,-0.213379,-24.597168,3.234863,-94.665527
6009,-0.390137,-0.529785,-0.291504,-51.025391,-4.760742,-93.322754
6010,-0.350586,-0.635742,-0.383789,-88.195801,-21.667480,-88.745117
6011,-0.257812,-0.779297,-0.704102,-99.609375,-47.607422,-67.749023
6012,-0.144531,-1.716309,-1.854492,10.314941,-127.014160,-4.638672
6013,-0.300781,-2.605957,-2.261719,72.448730,-96.496582,-2.380371
6014,-0.675781,-1.873535,-0.829590,128.662109,-33.508301,-14.160156
6015,-0.923828,-0.953125,0.170410,63.903809,-17.639160,-18.798828
6016,-0.938477,-0.671387,0.139160,27.160645,-15.014648,-23.376465
6017,-0.942871,-0.457520,0.139160,-0.305176,-11.352539,-21.179199
6018,-1.012207,-0.416016,0.126465,-20.751953,-7.934570,-8.666992
6019,-1.112305,-0.899414,-0.038086,-32.653809,-55.725098,35.827637
6020,-1.035645,-1.498535,-0.664062,3.234863,-58.959961,50.781250
6021,-0.903809,-1.675781,-0.650879,60.058594,-15.014648,33.020020
6022,-0.562988,-1.183594,-0.020020,87.219238,58.898926,-10.437012
6023,-0.452148,-1.015625,0.106445,65.979004,73.242188,-25.451660
6024,-0.402344,-0.906250,0.137695,41.687012,81.970215,-36.132812
6025,-0.358887,-0.829590,0.179199,2.563477,96.862793,-54.809570
6026,-0.348145,-0.817871,0.238770,-16.601562,101.379395,-59.020996
6027,-0.387695,-0.846191,0.293457,-40.588379,101.562500,-55.908203
6028,-0.436035,-0.924316,0.335938,-66.955566,100.158691,-50.231934
6029,-0.461914,-1.100586,0.358887,-113.220215,79.589844,-39.123535
6030,-0.455566,-1.145996,0.386719,-128.540039,57.495117,-31.555176
6031,-0.490723,-1.173828,0.381348,-128.906250,26.123047,-27.832031
6032,-0.447754,-1.095215,0.186523,-77.270508,-40.649414,-30.151367
6033,-0.406250,-0.968750,0.058594,-35.766602,-58.532715,-26.672363
6034,-0.346191,-0.850098,-0.027344,0.061035,-61.584473,-15.441895
6035,-0.275391,-0.771484,-0.024902,23.376465,-51.635742,-3.601074
6036,-0.245117,-0.730469,-0.040039,16.357422,-47.241211,-5.981445
6037,-0.215820,-0.651855,-0.103027,4.394531,-43.151855,-14.953613
6038,-0.211914,-0.625977,-0.144043,1.647949,-42.358398,-19.042969
6039,-0.214844,-0.610352,-0.199219,2.197266,-40.710449,-21.606445
6040,-0.228027,-0.609375,-0.299316,9.216309,-36.499023,-24.353027
6041,-0.170898,-0.488281,-0.473145,47.302246,-21.118164,-9.887695
6042,-0.175781,-0.476562,-0.537598,68.420410,-11.230469,7.751465
6043,-0.219727,-0.511719,-0.543457,81.176758,0.000000,22.583008
6044,-0.339355,-0.415039,-0.960938,127.624512,22.583008,38.513184
6045,-0.341797,-0.426758,-0.942871,147.399902,25.939941,43.029785
6046,-0.327637,-0.583496,-0.736816,80.017090,61.767578,50.720215
6047,-0.315430,-0.688477,-0.656250,25.756836,76.904297,52.307129
6048,-0.295410,-0.803711,-0.543945,-23.742676,81.359863,51.208496
6049,-0.252441,-1.013184,-0.387695,-83.923340,58.105469,37.231445
6050,-0.240723,-1.084473,-0.400391,-93.078613,39.367676,27.221680
6051,-0.240234,-1.146484,-0.447266,-88.928223,22.583008,19.104004
6052,-0.258789,-1.131836,-0.605957,-55.236816,4.638672,16.723633
6053,-0.305664,-1.111328,-0.664062,-40.222168,11.230469,23.132324
6054,-0.338379,-1.088867,-0.685059,-26.916504,41.931152,27.221680
6055,-0.369141,-0.987793,-0.628906,-26.611328,54.992676,30.334473
6056,-0.432129,-1.065918,-0.504883,-26.367188,56.579590,31.250000
6057,-0.477539,-1.132812,-0.412598,-30.822754,49.804688,30.090332
6058,-0.488770,-1.344727,-0.465332,-49.133301,56.213379,43.090820
6059,-0.559570,-1.462402,-0.449707,-62.438965,69.519043,48.828125
6060,-0.669922,-1.430664,-0.286621,-66.894531,70.007324,42.480469
6061,-0.658691,-1.318359,-0.215332,-51.574707,57.922363,31.005859
6062,-0.626953,-1.158203,-0.209961,-29.602051,45.837402,21.545410
6063,-0.689941,-0.981934,-0.128418,20.202637,26.916504,28.686523
6064,-0.764160,-1.015625,-0.041992,49.499512,14.221191,36.132812
6065,-0.863770,-1.076660,0.041504,75.439453,0.854492,35.339355
6066,-0.912598,-1.080566,0.143555,88.012695,-8.911133,21.728516
6067,-0.827148,-0.959961,0.316895,54.992676,-34.484863,-9.887695
6068,-0.700684,-0.853027,0.230469,22.155762,-47.180176,-19.897461
6069,-0.433105,-0.674316,0.104492,-35.827637,-60.668945,-30.212402
6070,-0.294922,-0.612305,-0.035156,-49.804688,-66.223145,-30.944824
6071,-0.214355,-0.597168,-0.229492,-46.325684,-72.326660,-24.597168
6072,-0.130371,-0.605469,-0.403320,-39.428711,-74.890137,-17.700195
6073,0.082520,-0.770508,-0.849609,-28.137207,-103.515625,3.784180
6074,0.069824,-0.790039,-0.764648,-31.005859,-109.436035,7.751465
6075,0.061523,-0.708008,-0.618652,-43.762207,-107.604980,4.272461
6076,0.004395,-0.448242,-0.460938,-55.175781,-86.608887,9.399414
6077,-0.057129,-0.343750,-0.389160,-48.461914,-68.725586,17.578125
6078,-0.140625,-0.299316,-0.321777,-35.644531,-46.142578,21.484375
6079,-0.270508,-0.252441,-0.160645,-0.244141,-1.220703,14.343262
6080,-0.326172,-0.239746,-0.041992,15.197754,14.953613,4.943848
6081,-0.406738,-0.247070,0.056641,21.911621,24.536133,-8.422852
6082,-0.494629,-0.280273,0.122070,19.409180,27.343750,-25.878906
6083,-0.604492,-0.291016,0.139648,2.685547,17.150879,-61.889648
6084,-0.628418,-0.312012,0.070312,-2.014160,9.887695,-73.791504
6085,-0.619629,-0.363770,-0.056641,-13.732910,4.333496,-82.824707
6086,-0.616211,-0.414551,-0.102539,-29.174805,4.577637,-78.491211
6087,-0.612305,-0.491211,-0.177246,-47.302246,0.488281,-67.321777
6088,-0.513672,-0.619629,-0.399414,-49.743652,-14.099121,-46.569824
6089,-0.161133,-1.555176,-1.562988,87.890625,-127.868652,23.620605
6090,-0.538086,-2.667480,-2.691406,224.914551,-162.414551,42.053223
6091,-0.866211,-1.824707,-0.801758,279.479980,-110.778809,42.785645
6092,-0.748047,-1.031250,-0.060059,114.196777,-77.453613,8.178711
6093,-0.641602,-0.749512,-0.176758,12.268066,-60.363770,-3.601074
6094,-0.599121,-0.610840,-0.268555,-74.584961,-33.569336,-11.474609
6095,-0.722168,-0.777344,-0.501953,-176.391602,11.962891,-12.939453
6096,-0.867188,-1.380859,-0.828613,-195.556641,1.770020,-1.770020
6097,-0.795410,-2.020508,-1.560059,-72.509766,12.512207,-4.882812
6098,-0.869629,-0.988770,0.225586,136.535645,103.515625,0.488281
6099,-0.931152,-0.917969,0.308594,141.845703,120.788574,3.540039
6100,-0.908691,-0.856445,0.345703,133.911133,131.347656,2.136230
6101,-0.864258,-0.808105,0.373535,116.333008,136.474609,-2.990723
6102,-0.710449,-0.838867,0.501465,75.439453,124.816895,-15.563965
6103,-0.645996,-0.929199,0.563477,48.034668,104.736328,-23.193359
6104,-0.570312,-1.057129,0.555664,14.526367,83.251953,-31.066895
6105,-0.428711,-1.234375,0.490234,-72.326660,48.095703,-42.846680
6106,-0.387207,-1.230957,0.416504,-120.483398,33.081055,-44.616699
6107,-0.389160,-1.210938,0.327148,-154.174805,18.554688,-43.395996
6108,-0.378418,-0.962891,0.086426,-145.263672,-10.986328,-34.240723
6109,-0.342285,-0.805664,-0.045898,-52.856445,-46.997070,-11.718750
6110,-0.255371,-0.768555,-0.078125,-13.366699,-62.194824,-5.126953
6111,-0.219727,-0.729004,-0.113281,5.920410,-67.932129,-2.014160
6112,-0.201660,-0.682129,-0.133301,10.437012,-67.443848,-2.990723
6113,-0.176270,-0.583984,-0.196289,9.155273,-59.082031,-8.911133
6114,-0.193848,-0.561035,-0.247070,14.221191,-53.710938,-12.573242
6115,-0.140625,-0.449707,-0.329102,43.701172,-42.358398,-11.474609
6116,-0.153320,-0.452637,-0.353516,58.532715,-35.583496,-1.220703
6117,-0.178223,-0.507324,-0.416992,69.030762,-25.695801,7.141113
6118,-0.205566,-0.560547,-0.447754,73.974609,7.324219,21.118164
6119,-0.208008,-0.568359,-0.453613,65.002441,25.512695,29.968262
6120,-0.245117,-0.567871,-0.456543,54.931641,41.992188,38.085938
6121,-0.252441,-0.532227,-0.606445,49.499512,58.105469,43.945312
6122,-0.300293,-0.574707,-0.622070,67.993164,77.331543,48.522949
6123,-0.301758,-0.645020,-0.482422,62.011719,67.016602,44.738770
6124,-0.297363,-0.840332,-0.493164,18.310547,20.935059,26.916504
6125,-0.314941,-0.949707,-0.594727,-8.117676,10.375977,17.822266
6126,-0.313965,-1.058594,-0.675781,-24.353027,8.972168,10.925293
6127,-0.331055,-1.284668,-0.654297,-40.771484,16.052246,3.417969
6128,-0.312988,-1.264160,-0.630371,-50.415039,20.202637,2.136230
6129,-0.278809,-1.140137,-0.609863,-57.373047,22.460938,9.277344
6130,-0.273438,-1.046387,-0.594727,-45.227051,24.902344,20.019531
6131,-0.272949,-1.063965,-0.542480,-41.381836,32.470703,16.357422
6132,-0.283691,-1.159180,-0.446289,-48.767090,38.024902,15.563965
6133,-0.314941,-1.300293,-0.411621,-60.791016,41.870117,16.784668
6134,-0.389648,-1.520996,-0.446777,-91.186523,58.532715,17.639160
6135,-0.449707,-1.578613,-0.404297,-100.097656,63.415527,14.282227
6136,-0.506348,-1.540527,-0.386719,-100.830078,58.410645,11.413574
6137,-0.597656,-1.261230,-0.308105,-70.434570,36.193848,8.850098
6138,-0.629883,-1.132812,-0.317383,-46.020508,28.808594,8.605957
6139,-0.658203,-1.005371,-0.298340,-20.202637,27.038574,14.221191
6140,-0.828125,-0.872559,-0.150391,50.354004,28.198242,32.165527
6141,-0.911133,-0.866211,0.005371,89.050293,20.874023,38.696289
6142,-1.008789,-0.852539,0.121582,119.323730,12.084961,35.461426
6143,-0.960938,-0.743164,0.349121,105.529785,-19.104004,-0.061035
6144,-0.877441,-0.680176,0.306152,73.242188,-40.771484,-14.099121
6145,-0.728027,-0.579590,0.178711,38.757324,-56.823730,-21.118164
6146,-0.485840,-0.473145,-0.064453,-10.681152,-61.218262,-13.061523
6147,-0.417480,-0.445312,-0.097168,-24.353027,-57.739258,-7.934570
6148,-0.374023,-0.454590,-0.058594,-37.475586,-60.363770,-5.004883
6149,-0.195312,-0.513184,-0.238770,-31.982422,-105.041504,6.774902
6150,-0.095215,-0.527832,-0.332520,-26.550293,-120.483398,12.756348
6151,-0.011230,-0.535156,-0.411621,-20.263672,-127.563477,19.653320
6152,0.026855,-0.535645,-0.495605,-18.798828,-127.319336,27.282715
6153,-0.108398,-0.513672,-0.517090,-16.113281,-100.585938,40.283203
6154,-0.229004,-0.498535,-0.419434,-9.399414,-79.101562,38.330078
6155,-0.345215,-0.452148,-0.288086,-3.295898,-58.776855,28.137207
6156,-0.424316,-0.385742,-0.145020,5.493164,-20.141602,-4.272461
6157,-0.445801,-0.372559,-0.084473,6.286621,-4.272461,-25.268555
6158,-0.451172,-0.348145,-0.022461,2.746582,4.943848,-46.203613
6159,-0.501953,-0.344238,-0.004883,-9.948730,-0.122070,-70.739746
6160,-0.541992,-0.393066,-0.055176,-18.005371,-6.958008,-77.941895
6161,-0.544434,-0.453613,-0.120117,-26.367188,-13.061523,-78.430176
6162,-0.425781,-0.721680,-0.322754,-40.161133,-34.423828,-50.354004
6163,-0.321777,-1.048828,-0.628418,-32.226562,-58.654785,-24.353027
6164,-0.202148,-1.656250,-1.498535,-6.835938,-90.698242,-2.380371
6165,-0.434082,-2.087891,-1.074707,218.444824,-19.653320,-18.371582
6166,-0.979492,-1.516113,-0.017090,210.510254,-40.710449,5.432129
6167,-1.118652,-1.156250,0.250977,128.906250,-64.392090,-9.338379
6168,-0.769043,-0.436035,0.011719,-65.063477,-46.875000,-36.376953
6169,-0.633301,-0.301758,-0.041016,-141.784668,-25.329590,-39.123535
6170,-0.606934,-0.250000,-0.120605,-191.223145,-5.920410,-42.358398
6171,-0.647949,-0.300293,-0.287109,-205.505371,13.854980,-44.311523
6172,-0.596680,-0.838867,-0.443848,-175.231934,8.605957,-9.277344
6173,-0.735352,-1.862305,-1.693359,-51.391602,-28.259277,15.808105
6174,-0.888672,-1.429688,-0.575195,119.140625,27.526855,9.948730
6175,-1.004883,-1.174805,0.165527,172.546387,89.843750,6.042480
6176,-0.940430,-1.067871,0.283691,166.564941,100.891113,7.995605
6177,-0.683594,-0.840820,0.322754,112.609863,117.431641,-11.535645
6178,-0.540039,-0.784668,0.354004,74.707031,121.093750,-20.507812
6179,-0.460449,-0.827637,0.403809,36.437988,118.103027,-26.611328
6180,-0.438965,-0.933594,0.452148,-1.037598,108.520508,-32.592773
6181,-0.433105,-1.219727,0.456543,-64.880371,77.758789,-46.752930
6182,-0.424316,-1.255859,0.431152,-84.960938,58.959961,-46.508789
6183,-0.435547,-1.257324,0.501953,-104.370117,29.541016,-43.945312
6184,-0.427246,-1.133789,0.326172,-110.717773,-42.114258,-30.517578
6185,-0.390625,-0.971680,0.188965,-89.294434,-69.458008,-26.306152
6186,-0.266113,-0.720703,0.030762,-33.569336,-92.590332,-12.634277
6187,-0.228516,-0.661133,-0.028809,-14.831543,-93.627930,-7.446289
6188,-0.226562,-0.641113,-0.076660,-3.784180,-89.782715,-6.835938
6189,-0.180664,-0.594727,-0.119629,8.666992,-78.857422,-11.657715
6190,-0.187988,-0.608887,-0.131348,10.803223,-72.082520,-13.244629
6191,-0.191406,-0.625000,-0.145996,9.643555,-65.307617,-16.052246
6192,-0.190430,-0.627930,-0.240234,3.906250,-50.720215,-18.920898
6193,-0.208984,-0.629883,-0.354004,9.399414,-40.893555,-17.578125
6194,-0.222168,-0.602539,-0.497070,27.221680,-26.000977,-14.770508
6195,-0.193848,-0.508301,-0.617188,77.270508,15.319824,12.695312
6196,-0.228027,-0.486816,-0.659180,86.914062,42.358398,29.907227
6197,-0.263184,-0.488281,-0.810547,88.562012,76.660156,47.668457
6198,-0.390625,-0.565918,-0.706543,103.149414,118.225098,63.354492
6199,-0.404785,-0.637695,-0.540527,102.294922,97.595215,58.166504
6200,-0.368652,-0.746582,-0.482422,83.557129,60.424805,48.645020
6201,-0.294434,-0.956055,-0.641113,-2.441406,20.690918,25.085449
6202,-0.297852,-1.079590,-0.721680,-41.687012,21.484375,15.563965
6203,-0.292969,-1.171387,-0.741699,-64.392090,26.611328,8.300781
6204,-0.299316,-1.253418,-0.639648,-75.073242,29.418945,5.065918
6205,-0.301270,-1.137695,-0.611328,-68.969727,26.672363,16.357422
6206,-0.313965,-1.053711,-0.577148,-56.884766,24.719238,28.137207
6207,-0.325195,-1.000488,-0.583496,-36.254883,44.982910,32.226562
6208,-0.285156,-1.006348,-0.477051,-38.391113,54.077148,28.625488
6209,-0.281738,-1.094238,-0.389160,-42.053223,53.466797,26.367188
6210,-0.315430,-1.303711,-0.354492,-53.283691,44.372559,28.320312
6211,-0.390625,-1.437500,-0.394043,-60.241699,45.959473,26.916504
6212,-0.445801,-1.526855,-0.374023,-67.871094,47.363281,23.254395
6213,-0.543945,-1.447266,-0.321777,-82.031250,43.701172,21.606445
6214,-0.553711,-1.327148,-0.287109,-76.660156,39.672852,21.484375
6215,-0.551758,-1.066406,-0.237793,-38.818359,30.822754,16.845703
6216,-0.568359,-0.943848,-0.201660,-10.925293,28.198242,19.409180
6217,-0.623047,-0.856934,-0.145508,23.620605,24.536133,25.451660
6218,-0.698242,-0.806641,-0.096191,65.063477,21.667480,34.301758
6219,-0.782715,-0.816406,0.027832,129.760742,17.150879,33.935547
6220,-0.870605,-0.802734,0.321777,130.798340,7.141113,17.028809
6221,-0.828125,-0.757324,0.382812,112.243652,-9.155273,-1.525879
6222,-0.661133,-0.599609,0.219727,45.349121,-40.588379,-29.968262
6223,-0.552734,-0.504883,0.091797,20.019531,-48.522949,-33.081055
6224,-0.471191,-0.400391,-0.005371,1.525879,-50.476074,-30.151367
6225,-0.297852,-0.361816,-0.028809,-33.935547,-47.302246,-11.047363
6226,-0.239746,-0.519043,-0.154297,-40.954590,-78.430176,4.516602
6227,-0.158203,-0.677246,-0.395996,-30.517578,-121.643066,18.981934
6228,-0.084473,-0.785156,-0.665527,-20.874023,-145.751953,27.160645
6229,-0.089355,-0.868164,-0.854492,-32.653809,-116.577148,29.541016
6230,-0.135254,-0.668945,-0.618652,-35.217285,-95.275879,33.508301
6231,-0.185547,-0.476074,-0.377930,-40.466309,-78.491211,38.269043
6232,-0.295410,-0.386230,-0.285156,-30.029297,-43.457031,28.503418
6233,-0.327148,-0.340332,-0.248047,-13.000488,-19.409180,13.977051
6234,-0.364746,-0.317871,-0.168457,4.211426,4.150391,-0.610352
6235,-0.450684,-0.359863,0.024414,21.118164,26.306152,-35.034180
6236,-0.497070,-0.383789,0.061523,18.371582,26.245117,-51.574707
6237,-0.551270,-0.423828,0.050781,10.864258,22.277832,-67.138672
6238,-0.629395,-0.497559,-0.022461,-11.047363,10.375977,-85.876465
6239,-0.634766,-0.559570,-0.092773,-26.977539,4.089355,-85.205078
6240,-0.601074,-0.655273,-0.185547,-48.217773,-5.737305,-76.049805
6241,-0.519043,-1.056641,-0.765137,-40.893555,-37.597656,-40.771484
6242,-0.441895,-1.371094,-1.322754,8.178711,-48.217773,-33.752441
6243,-0.200684,-1.961426,-2.595215,70.861816,-40.893555,-30.517578
6244,-0.113281,-2.078613,-2.123535,153.808594,15.869141,-41.381836
6245,-0.709961,-1.165039,0.065430,105.224609,-20.080566,-12.817383
6246,-0.791992,-0.872559,0.046387,36.865234,-50.476074,-17.883301
6247,-0.829102,-0.674316,-0.130371,-16.601562,-51.513672,-10.620117
6248,-0.993652,-0.933594,-0.228027,-66.284180,1.586914,4.699707
6249,-1.084473,-1.447266,-0.611816,-45.471191,12.390137,15.563965
6250,-1.042969,-1.367676,-0.486816,30.517578,59.631348,9.887695
6251,-1.021973,-0.991699,0.135742,66.528320,135.742188,-2.319336
6252,-0.911621,-0.864746,0.213867,60.913086,148.620605,-0.854492
6253,-0.746582,-0.746094,0.295898,41.198730,146.789551,-3.845215
6254,-0.682129,-0.775391,0.330566,26.184082,136.291504,-5.126953
6255,-0.622070,-0.889648,0.344727,4.638672,122.375488,-7.507324
6256,-0.578613,-1.041504,0.347168,-27.832031,109.191895,-13.732910
6257,-0.463867,-1.276367,0.375000,-104.736328,77.636719,-28.808594
6258,-0.416992,-1.265625,0.304199,-135.375977,55.786133,-31.677246
6259,-0.467285,-1.130859,0.110352,-149.230957,22.949219,-28.503418
6260,-0.462402,-0.993164,0.060059,-125.183105,2.502441,-23.742676
6261,-0.343750,-0.832031,-0.060059,-31.738281,-35.034180,3.173828
6262,-0.333496,-0.789551,-0.019531,4.333496,-41.137695,11.718750
6263,-0.291016,-0.697266,-0.010742,22.705078,-43.518066,13.916016
6264,-0.195312,-0.557129,-0.085938,38.757324,-41.015625,12.634277
6265,-0.163086,-0.498047,-0.102539,45.532227,-38.635254,12.634277
6266,-0.139160,-0.460449,-0.118164,49.438477,-34.606934,12.695312
6267,-0.127441,-0.455078,-0.133789,50.903320,-30.639648,12.145996
6268,-0.119629,-0.488770,-0.191406,54.321289,-23.254395,7.995605
6269,-0.120605,-0.508301,-0.222656,57.250977,-18.920898,6.896973
6270,-0.140137,-0.561523,-0.292969,61.645508,-5.004883,9.521484
6271,-0.158203,-0.584473,-0.311523,58.959961,5.187988,13.061523
6272,-0.169922,-0.625977,-0.356934,52.673340,17.639160,18.676758
6273,-0.194336,-0.675781,-0.421875,46.752930,33.020020,23.925781
6274,-0.205078,-0.679199,-0.442383,44.982910,58.410645,34.667969
6275,-0.236328,-0.715820,-0.495605,50.415039,67.382812,41.381836
6276,-0.246094,-0.739258,-0.548340,58.898926,74.584961,45.959473
6277,-0.285645,-0.851074,-0.490723,71.472168,75.256348,46.203613
6278,-0.287598,-0.904785,-0.515625,71.777344,68.603516,39.550781
6279,-0.289062,-0.963867,-0.576172,72.631836,58.959961,30.029297
6280,-0.246582,-1.069824,-0.772949,67.199707,33.935547,9.948730
6281,-0.217285,-1.117188,-0.848633,51.330566,30.334473,5.432129
6282,-0.204590,-1.166992,-0.884766,25.146484,34.057617,7.324219
6283,-0.264648,-1.125488,-0.740723,-36.315918,42.175293,13.916016
6284,-0.308594,-1.097168,-0.642090,-52.124023,36.743164,13.305664
6285,-0.407715,-1.310547,-0.432617,-69.763184,22.827148,12.695312
6286,-0.449707,-1.434570,-0.434082,-85.754395,22.583008,20.141602
6287,-0.503906,-1.544434,-0.499023,-101.562500,31.616211,26.245117
6288,-0.641602,-1.651855,-0.497070,-108.459473,48.461914,21.484375
6289,-0.683594,-1.458008,-0.443848,-93.811035,51.025391,15.502930
6290,-0.683105,-1.258301,-0.390625,-71.655273,51.269531,19.348145
6291,-0.739258,-0.988281,-0.309082,-7.812500,57.189941,39.550781
6292,-0.833984,-0.906250,-0.262207,30.517578,63.842773,51.452637
6293,-0.919434,-0.900391,-0.080566,80.322266,67.260742,59.509277
6294,-1.099609,-0.799805,0.308594,145.507812,35.278320,38.574219
6295,-1.049805,-0.683105,0.344727,148.986816,12.451172,18.432617
6296,-1.000977,-0.605469,0.395020,129.577637,-8.972168,-0.549316
6297,-0.655273,-0.366211,0.248535,39.916992,-37.414551,-15.319824
6298,-0.567383,-0.360352,0.086426,-0.671387,-37.658691,-8.728027
6299,-0.518066,-0.365723,-0.077148,-23.864746,-30.639648,-5.187988
6300,-0.407715,-0.373535,-0.105957,-36.071777,-13.000488,2.014160
6301,-0.333984,-0.408691,0.028320,-42.785645,-29.235840,12.268066
6302,-0.242676,-0.512207,-0.146484,-32.226562,-74.279785,30.517578
6303,-0.082520,-0.613770,-0.416016,-10.925293,-132.019043,52.856445
6304,-0.006836,-0.657715,-0.603027,-13.610840,-135.498047,60.546875
6305,0.002441,-0.806152,-0.825195,-20.568848,-116.760254,66.284180
6306,-0.061523,-0.820801,-0.836426,-21.240234,-86.059570,67.443848
6307,-0.260254,-0.599609,-0.439941,-9.277344,-26.000977,52.612305
6308,-0.295898,-0.517090,-0.297363,-0.671387,-2.868652,35.949707
6309,-0.340332,-0.405273,-0.054199,22.094727,31.921387,-7.934570
6310,-0.359375,-0.356934,0.054199,31.982422,38.330078,-30.090332
6311,-0.397461,-0.314453,0.144043,35.827637,34.301758,-50.048828
6312,-0.446777,-0.264160,0.187012,32.348633,23.132324,-65.246582
6313,-0.530273,-0.218262,0.122559,7.629395,-7.690430,-80.566406
6314,-0.518555,-0.251953,0.048828,-2.929688,-19.592285,-79.345703
6315,-0.496094,-0.336426,-0.021484,-9.460449,-28.442383,-74.707031
6316,-0.366211,-0.794434,-0.500977,-12.084961,-40.466309,-48.767090
6317,-0.118652,-1.690918,-1.790039,-5.187988,-50.354004,-33.020020
6318,0.126465,-3.941406,-4.188965,130.004883,-36.010742,-60.913086
6319,-1.187012,-1.501953,0.393555,262.084961,-84.960938,17.761230
6320,-1.266113,-1.287109,0.416016,123.962402,-119.750977,12.084961
6321,-1.233887,-1.033691,0.088379,6.164551,-98.999023,11.901855
6322,-1.177246,-0.785156,0.049805,-90.087891,8.056641,25.268555
6323,-1.205566,-0.981934,-0.060547,-67.932129,49.987793,27.160645
6324,-1.140625,-0.873047,0.074219,5.920410,83.679199,15.625000
6325,-0.962402,-0.602051,0.459473,93.750000,108.459473,-11.901855
6326,-0.827637,-0.538086,0.468262,98.449707,101.135254,-23.193359
6327,-0.730957,-0.531738,0.398438,94.116211,94.116211,-30.090332
6328,-0.670410,-0.645508,0.298340,66.284180,98.876953,-41.809082
6329,-0.650391,-0.738770,0.302734,41.442871,108.215332,-47.912598
6330,-0.614746,-0.862793,0.337402,10.620117,120.727539,-54.260254
6331,-0.517090,-1.131836,0.444336,-73.791504,136.291504,-61.462402
6332,-0.474609,-1.292969,0.474609,-162.475586,116.455078,-50.781250
6333,-0.443359,-1.235840,0.349121,-194.946289,94.909668,-37.841797
6334,-0.453125,-1.198242,0.238770,-200.317383,63.842773,-20.446777
6335,-0.470215,-1.205078,0.155762,-174.621582,26.428223,-14.099121
6336,-0.347656,-1.065430,0.082031,-64.270020,-51.818848,-21.667480
6337,-0.249023,-0.976562,0.129395,-14.221191,-85.083008,-24.963379
6338,-0.168457,-0.903809,0.158691,12.695312,-111.938477,-28.076172
6339,-0.129395,-0.760742,-0.009766,19.775391,-133.300781,-35.339355
6340,-0.142090,-0.711426,-0.145996,17.883301,-126.586914,-42.175293
6341,-0.142090,-0.620605,-0.270996,14.770508,-107.971191,-48.767090
6342,-0.099609,-0.483398,-0.528320,22.583008,-40.405273,-47.790527
6343,-0.087891,-0.380371,-0.585449,33.630371,-1.342773,-39.672852
6344,-0.097656,-0.256836,-0.602539,45.776367,33.508301,-21.850586
6345,-0.183105,-0.212891,-0.651367,54.687500,68.359375,1.708984
6346,-0.379883,-0.357422,-0.600098,70.129395,124.633789,29.479980
6347,-0.383301,-0.447266,-0.515625,67.687988,139.099121,36.865234
6348,-0.331543,-0.666016,-0.353027,49.560547,126.464844,52.062988
6349,-0.318848,-0.799316,-0.302734,38.330078,100.585938,57.922363
6350,-0.311035,-0.931152,-0.286133,23.864746,69.458008,63.110352
6351,-0.314453,-1.064941,-0.354492,3.356934,41.564941,64.147949
6352,-0.343750,-1.311523,-0.751953,-25.939941,21.179199,48.095703
6353,-0.339844,-1.418457,-0.994141,-23.498535,32.653809,37.414551
6354,-0.347656,-1.569336,-1.183105,-8.605957,56.152344,27.465820
6355,-0.234375,-1.537598,-0.969238,-2.441406,110.290527,13.854980
6356,-0.252930,-1.393066,-0.728516,-27.648926,114.624023,25.573730
6357,-0.355469,-1.290527,-0.656250,-44.677734,104.248047,34.301758
6358,-0.383301,-1.184570,-0.596680,-44.555664,89.965820,39.733887
6359,-0.427734,-1.251465,-0.509766,-40.100098,64.392090,52.795410
6360,-0.434082,-1.265625,-0.512207,-47.424316,64.331055,58.959961
6361,-0.470215,-1.253418,-0.561523,-56.945801,74.035645,67.565918
6362,-0.550293,-1.167969,-0.500488,-46.569824,99.121094,86.730957
6363,-0.588379,-1.144043,-0.349121,-24.475098,100.402832,95.764160
6364,-0.623047,-1.088867,-0.183594,7.446289,89.294434,102.844238
6365,-0.750488,-0.980957,0.034668,84.716797,48.522949,118.896484
6366,-0.915527,-0.962891,0.089355,134.155273,28.930664,124.084473
6367,-1.136719,-0.987793,0.156250,180.908203,19.531250,115.661621
6368,-1.193848,-0.847168,0.468750,219.604492,7.507324,57.189941
6369,-1.120117,-0.713379,0.545410,205.749512,-5.920410,27.770996
6370,-1.013184,-0.583496,0.575684,174.133301,-21.301270,2.502441
6371,-0.661133,-0.317383,0.382812,78.552246,-43.762207,-14.282227
6372,-0.510742,-0.278809,0.256348,36.193848,-43.151855,-8.544922
6373,-0.441406,-0.277832,0.136719,7.141113,-37.353516,-3.234863
6374,-0.342285,-0.254883,0.079102,-20.690918,-30.395508,11.352539
6375,-0.283691,-0.260254,0.236328,-32.714844,-46.875000,25.512695
6376,-0.223145,-0.466309,-0.046387,-50.842285,-108.154297,63.293457
6377,-0.288574,-1.004395,-0.505859,-51.208496,-147.888184,94.177246
6378,-0.351074,-1.182617,-0.713867,-99.609375,-130.432129,123.046875
6379,-0.430176,-1.091797,-0.700195,-142.456055,-101.806641,146.362305
6380,-0.527832,-0.984375,-0.594238,-178.894043,-63.537598,147.094727
6381,-0.421875,-0.618652,-0.263672,-221.008301,6.835938,126.953125
6382,-0.354492,-0.523926,-0.149902,-218.200684,34.790039,109.741211
6383,-0.337891,-0.453613,-0.027344,-198.669434,55.725098,87.097168
6384,-0.344238,-0.333496,0.105469,-136.352539,75.439453,29.602051
6385,-0.360840,-0.283203,0.151855,-102.111816,74.157715,-3.479004
6386,-0.379395,-0.228516,0.198242,-71.472168,63.049316,-33.752441
6387,-0.444824,-0.137207,0.086914,-18.432617,19.897461,-82.641602
6388,-0.450684,-0.128418,-0.067383,3.234863,-3.845215,-97.351074
6389,-0.446289,-0.176270,-0.295898,19.836426,-25.268555,-109.436035
6390,-0.396973,-0.389160,-0.942871,60.302734,-52.551270,-128.784180
6391,-0.416504,-0.578613,-1.273926,89.233398,-52.612305,-132.080078
6392,-0.411133,-0.813965,-1.247070,110.412598,-33.325195,-134.643555
6393,-0.619141,-1.337891,-0.654785,74.584961,-14.587402,-133.544922
6394,-0.654297,-1.186523,-0.426758,80.017090,-46.081543,-93.017578
6395,-0.765137,-1.181641,-0.449219,83.007812,-53.710938,-57.617188
6396,-1.090332,-1.155273,-0.356934,36.010742,-23.376465,-3.845215
6397,-1.091797,-1.296875,-0.382812,22.644043,2.502441,6.286621
6398,-0.976562,-1.219238,-0.177246,57.434082,15.380859,9.704590
6399,-1.076172,-0.625488,0.419922,167.785645,-12.756348,21.972656
6400,-1.146484,-0.488770,0.559082,178.771973,-22.521973,18.981934
6401,-1.094238,-0.432129,0.499023,150.695801,-28.259277,21.118164
6402,-0.909180,-0.500488,0.143555,63.171387,-23.132324,35.705566
6403,-0.844238,-0.500000,-0.025879,19.897461,-1.831055,33.447266
6404,-0.819336,-0.573730,-0.091797,-9.521484,20.263672,27.770996
6405,-0.760254,-0.741211,-0.103027,1.831055,48.950195,-15.380859
6406,-0.770508,-0.772949,-0.088379,42.419434,59.265137,-45.837402
6407,-0.773438,-0.804199,-0.050293,98.876953,68.237305,-76.354980
6408,-0.732910,-0.871582,0.184082,201.538086,78.674316,-118.103027
6409,-0.659668,-0.877441,0.255859,227.294922,81.115723,-123.718262
6410,-0.561035,-1.067871,0.443848,195.190430,100.585938,-103.881836
6411,-0.482910,-1.112793,0.638672,127.990723,103.149414,-81.298828
6412,-0.425781,-1.157227,0.800293,31.372070,87.341309,-50.354004
6413,-0.416504,-1.225586,0.634277,-149.291992,28.686523,-7.507324
6414,-0.394531,-1.205566,0.453125,-191.589355,-1.831055,-7.019043
6415,-0.359863,-1.159180,0.306152,-197.570801,-34.545898,-18.249512
6416,-0.210938,-0.893066,0.125488,-159.240723,-87.646484,-51.452637
6417,-0.142578,-0.753418,-0.005859,-141.357422,-105.041504,-55.419922
6418,-0.113281,-0.684570,-0.140625,-122.924805,-111.694336,-54.687500
6419,-0.046387,-0.621094,-0.320801,-94.604492,-99.304199,-49.194336
6420,-0.022949,-0.583008,-0.432129,-87.158203,-81.420898,-42.114258
6421,-0.018066,-0.535156,-0.519043,-75.134277,-60.058594,-31.799316
6422,-0.073242,-0.447754,-0.644043,-28.320312,-11.413574,-6.652832
6423,-0.109863,-0.413086,-0.648438,-1.892090,14.343262,7.873535
6424,-0.176758,-0.441406,-0.666016,20.263672,39.733887,21.789551
6425,-0.283203,-0.537109,-0.541992,31.921387,92.956543,39.550781
6426,-0.306641,-0.600098,-0.478027,23.315430,109.924316,43.884277
6427,-0.319824,-0.666504,-0.390625,12.451172,114.807129,44.616699
6428,-0.326660,-0.742188,-0.330566,3.295898,107.666016,41.320801
6429,-0.310059,-0.876953,-0.265625,-7.995605,66.894531,28.808594
6430,-0.294922,-0.943359,-0.285156,-13.427734,43.273926,22.888184
6431,-0.291504,-1.018555,-0.333496,-15.258789,20.690918,17.639160
6432,-0.304688,-1.140137,-0.467773,-11.047363,-10.253906,11.657715
6433,-0.360840,-1.184570,-0.566895,-6.530762,-15.563965,13.183594
6434,-0.591309,-1.263672,-0.890137,4.821777,14.343262,18.005371
6435,-0.646973,-1.220703,-0.837891,-3.784180,42.785645,16.601562
6436,-0.629395,-1.115723,-0.613770,-25.268555,58.410645,18.737793
6437,-0.571289,-1.046387,-0.463379,-44.433594,52.490234,19.775391
6438,-0.481934,-1.062012,-0.466309,-47.119141,23.620605,28.015137
6439,-0.496582,-1.128418,-0.468750,-45.776367,24.414062,36.560059
6440,-0.497070,-1.181152,-0.470703,-51.818848,35.034180,46.569824
6441,-0.502441,-1.275879,-0.401367,-65.124512,64.331055,58.593750
6442,-0.502441,-1.291016,-0.332520,-66.101074,70.434570,52.246094
6443,-0.495117,-1.232422,-0.276367,-63.903809,71.105957,42.358398
6444,-0.501465,-1.063477,-0.184570,-45.959473,59.448242,33.081055
6445,-0.530762,-1.020996,-0.138184,-28.930664,45.959473,31.799316
6446,-0.566895,-0.973633,-0.071777,-9.338379,29.052734,30.761719
6447,-0.650391,-0.879395,0.050781,26.184082,-5.798340,30.578613
6448,-0.700684,-0.816895,0.084961,42.785645,-18.676758,29.418945
6449,-0.745117,-0.794922,0.135254,55.358887,-29.541016,14.526367
6450,-0.742188,-0.759766,0.178223,44.677734,-33.691406,0.061035
6451,-0.705566,-0.691895,0.166504,28.320312,-35.156250,-14.587402
6452,-0.649902,-0.597656,0.145020,10.131836,-34.912109,-23.193359
6453,-0.548340,-0.461426,0.009277,-17.333984,-27.221680,-18.920898
6454,-0.496582,-0.425293,-0.034668,-21.240234,-19.287109,-14.038086
6455,-0.300293,-0.435547,0.080078,-27.954102,-27.526855,5.065918
6456,-0.281738,-0.642090,-0.189941,-12.145996,-98.571777,26.000977
6457,-0.254883,-0.804199,-0.606445,5.310059,-156.738281,44.738770
6458,-0.263672,-0.860840,-0.778320,18.005371,-163.330078,53.100586
6459,-0.253906,-0.687988,-0.575684,12.512207,-108.093262,56.701660
6460,-0.238281,-0.573730,-0.507324,2.624512,-72.204590,59.448242
6461,-0.263672,-0.496094,-0.395996,-1.464844,-36.804199,56.030273
6462,-0.301270,-0.450684,-0.276855,-3.723145,-6.469727,46.386719
6463,-0.335449,-0.380859,-0.058105,0.122070,31.066895,14.831543
6464,-0.360352,-0.353027,0.068359,1.159668,33.874512,-0.976562
6465,-0.435547,-0.349121,0.090332,-5.249023,19.592285,-30.761719
6466,-0.481934,-0.385742,0.020508,-10.742188,11.169434,-45.471191
6467,-0.482910,-0.397949,-0.058105,-14.770508,4.821777,-58.471680
6468,-0.464844,-0.436523,-0.126465,-21.911621,-0.854492,-66.894531
6469,-0.432617,-0.624023,-0.282715,-52.551270,-9.460449,-73.120117
6470,-0.414062,-0.761230,-0.381836,-72.875977,-10.314941,-73.608398
6471,-0.428223,-1.080566,-0.752441,-50.170898,-10.864258,-65.185547
6472,-0.457520,-1.337402,-0.992676,-9.704590,-10.620117,-51.452637
6473,-0.561035,-1.816895,-1.417969,17.822266,-14.221191,-37.902832
6474,-0.653809,-1.839844,-1.178223,100.891113,-13.366699,-21.850586
6475,-0.816406,-1.086426,-0.139160,137.207031,-17.150879,5.187988
6476,-0.732910,-0.815430,-0.038574,95.825195,-24.353027,-7.263184
6477,-0.633301,-0.615234,-0.102051,42.297363,-29.602051,-21.179199
6478,-0.505859,-0.413574,-0.349609,-63.720703,1.342773,-53.588867
6479,-0.569824,-0.448730,-0.455078,-103.881836,35.461426,-68.603516
6480,-0.649414,-0.512695,-0.512695,-131.835938,77.331543,-80.322266
6481,-0.704590,-0.650879,-0.515137,-156.250000,110.473633,-80.871582
6482,-0.858398,-1.128418,-0.885742,-45.532227,32.104492,2.563477
6483,-1.101074,-1.413086,-0.371094,87.890625,30.639648,37.109375
6484,-1.193848,-1.463867,-0.141602,151.367188,36.193848,43.457031
6485,-0.951172,-1.100586,0.162598,139.099121,73.852539,34.362793
6486,-0.802734,-0.993164,0.213867,107.971191,88.073730,27.099609
6487,-0.583496,-0.989258,0.287598,46.569824,94.421387,8.911133
6488,-0.492676,-1.061523,0.272949,15.625000,88.867188,-7.507324
6489,-0.441406,-1.098633,0.239746,-17.333984,82.885742,-23.803711
6490,-0.418945,-1.011719,0.032227,-62.866211,76.660156,-25.268555
6491,-0.464844,-0.993164,0.024414,-68.298340,75.683594,-9.826660
6492,-0.529785,-0.989746,0.129395,-62.255859,62.194824,0.976562
6493,-0.545898,-0.994629,0.174316,-43.518066,33.081055,4.150391
6494,-0.414551,-0.824219,0.142578,-0.671387,-27.404785,3.112793
6495,-0.340820,-0.714844,0.046387,6.652832,-41.015625,6.225586
6496,-0.278809,-0.649902,-0.009766,6.896973,-44.738770,7.263184
6497,-0.209473,-0.636230,-0.080566,6.164551,-45.654297,1.281738
6498,-0.196289,-0.641602,-0.093262,8.239746,-46.813965,-4.516602
6499,-0.199219,-0.665527,-0.118652,8.056641,-47.058105,-9.643555
6500,-0.200684,-0.678711,-0.152344,4.577637,-45.410156,-14.160156
6501,-0.187500,-0.674805,-0.239258,-10.314941,-34.301758,-16.418457
6502,-0.198242,-0.683105,-0.333984,-18.127441,-24.902344,-12.695312
6503,-0.220703,-0.624023,-0.516602,-6.469727,2.502441,-2.075195
6504,-0.220215,-0.579102,-0.605469,15.563965,16.479492,4.699707
6505,-0.207031,-0.516602,-0.606445,41.381836,30.334473,15.869141
6506,-0.204102,-0.507324,-0.636719,58.532715,46.997070,29.602051
6507,-0.264648,-0.599121,-0.645996,71.289062,90.087891,43.395996
6508,-0.276855,-0.652832,-0.509277,68.420410,93.688965,41.748047
6509,-0.295410,-0.716797,-0.439941,61.889648,80.078125,37.658691
6510,-0.350098,-0.888184,-0.515137,40.588379,37.292480,22.460938
6511,-0.365723,-0.971680,-0.631348,30.395508,23.254395,13.183594
6512,-0.380859,-1.049316,-0.751953,27.038574,14.404297,7.446289
6513,-0.415527,-1.164062,-0.845703,28.503418,9.094238,4.943848
6514,-0.469727,-1.333008,-0.841309,21.606445,18.798828,4.699707
6515,-0.455566,-1.261230,-0.872070,0.000000,32.409668,8.666992
6516,-0.432129,-1.144043,-0.824707,-23.132324,50.354004,14.404297
6517,-0.443848,-0.903809,-0.432129,-65.063477,45.166016,24.597168
6518,-0.476074,-0.960449,-0.444824,-76.904297,30.700684,25.268555
6519,-0.506348,-1.062012,-0.487793,-71.228027,21.362305,26.245117
6520,-0.588379,-1.229980,-0.569336,-54.443359,27.832031,40.039062
6521,-0.641602,-1.260254,-0.573242,-45.837402,41.259766,47.424316
6522,-0.663574,-1.268066,-0.508789,-37.231445,53.955078,48.767090
6523,-0.632812,-1.204102,-0.429199,-30.700684,64.270020,47.607422
6524,-0.550781,-1.000000,-0.260742,-19.287109,75.256348,47.668457
6525,-0.543945,-0.942383,-0.191406,-12.573242,75.256348,43.518066
6526,-0.569824,-0.824219,-0.059570,8.056641,59.570312,34.851074
6527,-0.614746,-0.800781,-0.006836,22.094727,44.433594,32.531738
6528,-0.664551,-0.779297,0.057617,36.071777,26.672363,28.747559
6529,-0.703613,-0.748047,0.099609,46.020508,9.033203,23.376465
6530,-0.766113,-0.718750,0.148438,49.926758,-15.075684,7.934570
6531,-0.735352,-0.702148,0.188477,38.146973,-24.291992,-5.371094
6532,-0.651367,-0.622559,0.170410,16.479492,-33.142090,-16.357422
6533,-0.502930,-0.511719,0.020508,-21.728516,-35.949707,-20.812988
6534,-0.479980,-0.510742,-0.031250,-31.616211,-31.433105,-18.737793
6535,-0.440918,-0.516602,-0.071777,-38.330078,-23.254395,-17.578125
6536,-0.262695,-0.490723,0.037109,-45.837402,-15.075684,-11.901855
6537,-0.183105,-0.625000,-0.201660,-28.320312,-68.603516,8.911133
6538,-0.136230,-0.764160,-0.519043,9.155273,-129.333496,27.893066
6539,-0.087402,-0.825195,-0.766113,29.357910,-158.020020,43.579102
6540,-0.102539,-0.783203,-0.752441,19.958496,-122.253418,49.377441
6541,-0.118164,-0.663086,-0.626465,11.718750,-93.994141,49.072266
6542,-0.217285,-0.541504,-0.460938,1.525879,-39.733887,42.541504
6543,-0.273438,-0.502441,-0.362793,9.460449,-14.648438,31.005859
6544,-0.320801,-0.470703,-0.250488,20.324707,6.347656,16.052246
6545,-0.354004,-0.431152,-0.134277,32.348633,21.850586,1.037598
6546,-0.416992,-0.429199,0.095215,42.907715,25.817871,-27.465820
6547,-0.466797,-0.447266,0.133301,31.555176,14.099121,-39.550781
6548,-0.515137,-0.457031,0.101562,14.587402,-2.990723,-48.095703
6549,-0.563477,-0.528320,-0.170898,-26.428223,-41.320801,-53.405762
6550,-0.541504,-0.615234,-0.329590,-44.433594,-52.429199,-52.917480
6551,-0.527344,-0.721680,-0.477539,-55.419922,-52.917480,-55.786133
6552,-0.520020,-1.085449,-0.631348,-24.963379,-11.596680,-60.302734
6553,-0.513672,-1.492188,-0.882812,-5.676270,-3.356934,-58.044434
6554,-0.552734,-1.925293,-1.291504,47.302246,-21.362305,-47.668457
6555,-0.719238,-1.579102,-0.806152,160.095215,-44.799805,-13.061523
6556,-0.911621,-0.897949,-0.147949,152.221680,-68.115234,6.347656
6557,-0.776855,-0.661133,-0.256836,84.655762,-63.598633,-5.676270
6558,-0.720215,-0.522461,-0.419922,-55.664062,-2.624512,-32.775879
6559,-0.776855,-0.550781,-0.407227,-106.323242,38.757324,-44.616699
6560,-0.770508,-0.571777,-0.294434,-144.287109,69.580078,-49.743652
6561,-0.782715,-1.204590,-0.729492,-136.047363,23.437500,-0.976562
6562,-0.858887,-1.452637,-0.682129,-18.920898,51.025391,-7.507324
6563,-0.811523,-1.416504,-0.322266,54.443359,83.129883,-20.874023
6564,-0.642578,-1.230957,0.000000,93.872070,108.520508,-16.540527
6565,-0.587402,-1.156738,0.062012,74.462891,110.168457,-15.502930
6566,-0.516602,-1.056152,0.057129,46.508789,112.731934,-19.836426
6567,-0.385254,-0.952637,0.078613,13.671875,112.243652,-26.550293
6568,-0.333496,-0.938965,0.098145,9.887695,105.102539,-27.099609
6569,-0.307617,-0.942871,0.137695,10.253906,92.163086,-24.902344
6570,-0.317871,-0.981934,0.233887,-0.122070,45.654297,-16.357422
6571,-0.325195,-1.005371,0.216797,-13.305664,20.690918,-11.352539
6572,-0.354980,-1.009277,0.181152,-26.062012,-0.244141,-8.544922
6573,-0.401855,-0.967773,0.149902,-27.954102,-31.433105,-6.286621
6574,-0.370117,-0.886230,0.166992,-17.150879,-45.104980,-4.516602
6575,-0.334473,-0.824219,0.121582,-4.089355,-54.016113,0.732422
6576,-0.270996,-0.739258,-0.016113,11.352539,-47.363281,4.882812
6577,-0.241699,-0.713379,-0.054199,9.887695,-40.344238,2.319336
6578,-0.224609,-0.692871,-0.093262,6.469727,-33.508301,-1.220703
6579,-0.203125,-0.628418,-0.131836,-1.892090,-23.193359,-6.469727
6580,-0.206543,-0.612793,-0.157715,-6.347656,-19.287109,-7.263184
6581,-0.211914,-0.600098,-0.201172,-8.911133,-15.258789,-7.690430
6582,-0.245605,-0.603027,-0.358398,2.441406,-1.220703,-5.249023
6583,-0.246582,-0.568359,-0.409668,19.104004,10.009766,0.183105
6584,-0.256348,-0.552734,-0.439453,36.499023,21.911621,10.803223
6585,-0.324219,-0.635254,-0.448730,57.678223,46.875000,30.334473
6586,-0.353027,-0.665527,-0.420410,58.166504,57.434082,37.109375
6587,-0.444336,-0.646484,-0.699707,73.059082,62.683105,43.579102
6588,-0.389160,-0.658691,-0.597168,86.059570,44.372559,40.161133
6589,-0.345215,-0.704102,-0.545410,66.711426,36.865234,39.123535
6590,-0.288574,-0.956543,-0.633789,15.563965,28.808594,31.982422
6591,-0.260742,-1.062988,-0.671387,3.540039,22.521973,25.756836
6592,-0.245605,-1.155273,-0.700684,-3.479004,16.662598,20.629883
6593,-0.246582,-1.224121,-0.720215,-14.282227,16.784668,17.517090
6594,-0.285645,-1.254883,-0.813477,-33.630371,31.250000,15.258789
6595,-0.328613,-1.195801,-0.815430,-31.433105,38.635254,13.122559
6596,-0.360352,-1.137695,-0.858887,-24.047852,45.288086,15.197754
6597,-0.378418,-1.072266,-0.335449,-56.030273,34.484863,10.864258
6598,-0.395020,-1.063477,-0.239746,-91.918945,11.413574,8.300781
6599,-0.427246,-1.104980,-0.319824,-115.600586,-7.080078,6.408691
6600,-0.441406,-1.158691,-0.467773,-110.473633,-14.343262,13.244629
6601,-0.612305,-1.335449,-0.514160,-63.232422,7.324219,38.879395
6602,-0.633789,-1.356934,-0.442383,-58.837891,26.489258,41.320801
6603,-0.560547,-1.167480,-0.274414,-72.448730,62.805176,34.912109
6604,-0.514648,-1.079590,-0.212402,-74.890137,69.641113,27.404785
6605,-0.478516,-1.011230,-0.152832,-68.420410,66.101074,18.615723
6606,-0.464355,-0.964844,-0.088379,-52.062988,52.307129,11.962891
6607,-0.519043,-0.862305,0.028320,-3.234863,6.103516,12.390137
6608,-0.602539,-0.830078,0.055176,21.179199,-17.028809,19.775391
6609,-0.695801,-0.848633,0.086426,41.442871,-34.790039,25.695801
6610,-0.763184,-0.900879,0.136230,54.443359,-46.936035,25.695801
6611,-0.770996,-0.878418,0.184570,35.888672,-60.852051,-1.220703
6612,-0.704102,-0.800781,0.129395,14.892578,-59.387207,-15.991211
6613,-0.509766,-0.570801,0.083984,-25.817871,-50.598145,-24.841309
6614,-0.440918,-0.491211,0.051270,-35.949707,-48.950195,-24.475098
6615,-0.393555,-0.427246,-0.013184,-41.259766,-45.288086,-23.742676
6616,-0.357910,-0.406738,-0.095703,-41.198730,-35.644531,-24.536133
6617,-0.015625,-0.609375,-0.529297,-17.822266,-89.599609,4.272461
6618,0.060059,-0.841309,-1.111328,30.517578,-152.038574,27.465820
6619,-0.009766,-0.884766,-0.999512,52.673340,-158.630371,38.696289
6620,0.009766,-0.778809,-0.708496,37.414551,-108.215332,31.677246
6621,-0.000977,-0.587402,-0.562988,31.982422,-78.552246,34.729004
6622,-0.109375,-0.506836,-0.441406,29.724121,-48.767090,39.855957
6623,-0.224121,-0.480957,-0.341797,32.104492,-20.202637,32.958984
6624,-0.338379,-0.443359,-0.059570,45.471191,23.803711,4.211426
6625,-0.394043,-0.412109,0.069824,47.546387,30.761719,-13.061523
6626,-0.498047,-0.411133,0.252930,30.090332,15.808105,-40.222168
6627,-0.558105,-0.444336,0.258789,11.962891,-0.549316,-51.452637
6628,-0.595703,-0.476074,0.216797,-10.131836,-19.958496,-60.424805
6629,-0.583008,-0.479004,0.126953,-35.766602,-41.564941,-63.537598
6630,-0.469727,-0.629395,-0.206055,-96.740723,-75.744629,-38.635254
6631,-0.442383,-0.866211,-0.513672,-98.327637,-83.984375,-22.338867
6632,-0.405762,-1.235352,-0.895508,-69.824219,-81.298828,-15.136719
6633,-0.441406,-2.402344,-2.170410,81.237793,-16.052246,-43.945312
6634,-0.645996,-1.249023,-0.091309,195.800781,-18.066406,-14.770508
6635,-0.724121,-0.989746,0.077637,136.413574,-51.208496,-6.347656
6636,-0.726074,-0.777832,-0.033691,50.720215,-68.054199,-11.779785
6637,-0.690918,-0.446777,-0.410645,-102.233887,-30.944824,-15.747070
6638,-0.715332,-0.546875,-0.501953,-132.690430,5.187988,-13.671875
6639,-0.761719,-0.923340,-0.572754,-139.221191,18.554688,-6.408691
6640,-0.716309,-1.083984,-0.258301,70.068359,16.052246,1.586914
6641,-0.845703,-0.974121,0.240234,140.258789,30.151367,-8.056641
6642,-0.798340,-0.840820,0.388672,148.193359,48.583984,-14.892578
6643,-0.698730,-0.770020,0.397949,134.948730,48.828125,-15.808105
6644,-0.609863,-0.724609,0.395508,114.135742,49.560547,-18.615723
6645,-0.527832,-0.705078,0.412598,87.524414,48.828125,-23.193359
6646,-0.459473,-0.731445,0.431152,57.617188,46.691895,-27.587891
6647,-0.402832,-0.892578,0.462402,-11.718750,43.457031,-36.315918
6648,-0.398926,-1.001465,0.442383,-51.513672,42.663574,-39.855957
6649,-0.434082,-1.126953,0.422363,-86.425781,39.978027,-44.311523
6650,-0.459961,-1.195312,0.460938,-142.578125,12.207031,-45.532227
6651,-0.444824,-1.201172,0.385254,-166.198730,-12.939453,-37.170410
6652,-0.473145,-1.207520,0.254395,-173.645020,-40.161133,-32.348633
6653,-0.416504,-1.092773,-0.071777,-111.328125,-87.280273,-37.536621
6654,-0.338379,-0.975586,-0.157715,-70.861816,-97.229004,-35.217285
6655,-0.275391,-0.889648,-0.145020,-41.015625,-101.135254,-32.531738
6656,-0.205566,-0.809082,-0.105957,-29.052734,-104.248047,-32.470703
6657,-0.123535,-0.665039,-0.238770,-7.385254,-110.839844,-34.179688
6658,-0.133301,-0.634766,-0.358887,13.427734,-109.985352,-33.813477
6659,-0.166504,-0.608887,-0.502930,39.916992,-99.060059,-34.851074
6660,-0.182617,-0.484863,-0.496582,83.679199,-62.683105,-15.014648
6661,-0.225098,-0.528320,-0.465332,78.247070,-42.602539,-4.211426
6662,-0.272949,-0.594238,-0.490234,59.875488,-22.216797,0.305176
6663,-0.333984,-0.600098,-0.520020,28.625488,10.864258,8.300781
6664,-0.358398,-0.588379,-0.526367,17.395020,20.812988,15.319824
6665,-0.384766,-0.606445,-0.542969,11.474609,30.334473,22.705078
6666,-0.405273,-0.672363,-0.489258,6.408691,45.227051,35.949707
6667,-0.410645,-0.735840,-0.414551,1.770020,44.799805,38.513184
6668,-0.404785,-0.783691,-0.343262,-5.065918,36.621094,38.146973
6669,-0.360840,-0.913574,-0.316895,-20.812988,6.958008,33.874512
6670,-0.354004,-1.005859,-0.350098,-28.686523,-5.737305,29.602051
6671,-0.345215,-1.098145,-0.401855,-34.240723,-14.892578,23.986816
6672,-0.342773,-1.201660,-0.450195,-35.339355,-20.080566,18.066406
6673,-0.330566,-1.300293,-0.583984,-23.254395,-19.042969,9.521484
6674,-0.349121,-1.231445,-0.691895,-16.296387,-9.277344,14.465332
6675,-0.364258,-1.128418,-0.805664,-9.155273,11.291504,26.184082
6676,-0.385254,-1.038086,-0.701172,-2.258301,67.749023,35.217285
6677,-0.361816,-1.014648,-0.532227,-8.605957,80.566406,33.447266
6678,-0.340820,-1.109375,-0.339355,-19.165039,75.195312,28.564453
6679,-0.281250,-1.226074,-0.188965,-54.565430,39.123535,19.104004
6680,-0.356934,-1.253418,-0.217773,-72.021484,25.817871,23.620605
6681,-0.509277,-1.311523,-0.288086,-84.716797,14.099121,28.564453
6682,-0.563477,-1.335449,-0.261719,-82.641602,6.774902,25.573730
6683,-0.584473,-1.285645,-0.213379,-80.688477,0.061035,17.944336
6684,-0.576172,-1.153809,-0.214844,-77.819824,-4.638672,11.413574
6685,-0.558105,-1.007812,-0.231445,-72.143555,-4.211426,10.131836
6686,-0.542480,-0.805176,-0.175293,-48.706055,0.305176,11.047363
6687,-0.548828,-0.735352,-0.122070,-32.470703,-0.244141,11.535645
6688,-0.562012,-0.670898,-0.069336,-17.333984,-3.173828,14.343262
6689,-0.623047,-0.611816,-0.037109,8.911133,-5.859375,24.414062
6690,-0.679688,-0.623047,-0.004883,19.470215,-4.333496,24.414062
6691,-0.736816,-0.641113,0.033203,25.329590,-0.061035,17.578125
6692,-0.749023,-0.647949,0.124023,19.165039,0.854492,-3.723145
6693,-0.698730,-0.606445,0.106934,9.948730,-5.615234,-11.962891
6694,-0.615234,-0.540527,0.036621,2.197266,-11.657715,-15.625000
6695,-0.541016,-0.520508,-0.037109,-3.601074,-14.038086,-16.235352
6696,-0.395996,-0.481934,0.000000,-13.183594,-16.906738,-8.361816
6697,-0.361328,-0.620605,-0.038574,-14.160156,-66.345215,9.826660
6698,-0.287598,-0.831055,-0.713379,9.094238,-174.377441,37.048340
6699,-0.269043,-0.850098,-0.846680,7.751465,-166.503906,44.372559
6700,-0.251953,-0.812500,-0.686035,1.708984,-138.916016,45.532227
6701,-0.240234,-0.778809,-0.531738,-3.295898,-113.586426,45.166016
6702,-0.239746,-0.584961,-0.343262,-0.793457,-68.725586,41.503906
6703,-0.277344,-0.524902,-0.282715,10.131836,-42.785645,34.240723
6704,-0.308105,-0.484863,-0.211426,35.278320,8.178711,7.263184
6705,-0.354980,-0.440918,0.000000,42.541504,22.338867,-9.521484
6706,-0.376465,-0.434570,0.116211,42.907715,24.047852,-27.221680
6707,-0.403320,-0.440918,0.155273,36.682129,16.052246,-43.518066
6708,-0.482422,-0.459961,0.062012,10.864258,-7.019043,-64.819336
6709,-0.501953,-0.486816,-0.030273,-6.164551,-18.554688,-69.458008
6710,-0.470703,-0.657227,-0.285156,-47.424316,-45.104980,-64.758301
6711,-0.439941,-0.804688,-0.498047,-71.350098,-60.119629,-58.105469
6712,-0.425293,-1.356445,-1.459473,-67.199707,-69.519043,-36.315918
6713,-0.542969,-1.973633,-1.940430,-19.409180,-48.950195,-32.348633
6714,-0.573730,-1.845215,-1.403320,101.928711,-13.549805,-37.475586
6715,-0.748535,-1.292480,-0.395508,179.687500,-10.986328,-18.310547
6716,-0.928711,-0.726562,0.219238,143.127441,-19.470215,-21.850586
6717,-0.943359,-0.529297,0.253906,87.097168,-25.085449,-31.860352
6718,-0.854004,-0.346191,0.163086,21.179199,-22.888184,-36.926270
6719,-0.835938,-0.490723,-0.044922,-78.186035,7.202148,-22.094727
6720,-0.881836,-0.774902,-0.077148,-112.915039,-0.244141,-4.455566
6721,-0.915039,-1.375000,-0.593262,-101.745605,-31.433105,18.981934
6722,-0.938477,-1.412109,-0.140625,63.720703,36.865234,-8.483887
6723,-0.829102,-1.356934,0.094238,85.815430,51.452637,-26.916504
6724,-0.686035,-1.230469,0.157715,86.242676,54.748535,-35.461426
6725,-0.585938,-1.080566,0.120117,71.166992,61.645508,-36.926270
6726,-0.422852,-0.832031,0.122559,14.343262,78.308105,-42.907715
6727,-0.348145,-0.782715,0.120117,-11.901855,85.693359,-45.715332
6728,-0.319824,-0.783691,0.146484,-27.343750,89.416504,-46.142578
6729,-0.356934,-0.849609,0.258789,-50.048828,77.819824,-42.907715
6730,-0.370605,-0.899902,0.258789,-58.837891,62.133789,-39.306641
6731,-0.394531,-0.959473,0.244629,-63.476562,42.846680,-32.958984
6732,-0.450195,-1.084473,0.262695,-70.251465,-0.183105,-27.099609
6733,-0.459961,-1.089844,0.257812,-71.899414,-20.935059,-26.672363
6734,-0.442383,-1.045898,0.205566,-65.734863,-38.940430,-25.207520
6735,-0.356445,-0.892090,0.055664,-34.545898,-52.246094,-18.127441
6736,-0.296387,-0.827148,0.039551,-23.559570,-50.964355,-17.089844
6737,-0.235352,-0.773926,0.019043,-17.639160,-51.574707,-17.822266
6738,-0.199219,-0.744141,-0.007324,-15.930176,-52.856445,-19.104004
6739,-0.180664,-0.670898,-0.137207,-11.840820,-53.527832,-22.644043
6740,-0.194824,-0.646484,-0.211914,-4.394531,-50.292969,-23.437500
6741,-0.218262,-0.615234,-0.290039,8.178711,-43.334961,-25.207520
6742,-0.198242,-0.488770,-0.368164,42.480469,-23.498535,-12.145996
6743,-0.228027,-0.477051,-0.397949,54.748535,-8.666992,0.732422
6744,-0.261719,-0.527344,-0.418945,59.509277,9.460449,9.887695
6745,-0.305176,-0.562500,-0.433594,52.429199,47.973633,24.230957
6746,-0.347656,-0.575195,-0.487305,49.011230,65.307617,32.409668
6747,-0.446289,-0.579590,-0.618652,57.861328,81.787109,39.550781
6748,-0.484863,-0.582520,-0.486816,72.082520,69.335938,45.104980
6749,-0.431641,-0.654297,-0.415039,53.833008,58.105469,46.203613
6750,-0.377930,-0.723633,-0.405762,30.639648,47.912598,45.532227
6751,-0.270020,-0.916016,-0.441406,2.929688,13.061523,37.231445
6752,-0.250000,-1.023926,-0.464844,-5.126953,-1.098633,31.921387
6753,-0.240723,-1.117188,-0.509277,-11.901855,-9.521484,27.282715
6754,-0.255859,-1.213867,-0.582520,-16.906738,-11.657715,23.376465
6755,-0.349609,-1.344727,-0.839844,-10.009766,7.507324,13.549805
6756,-0.435059,-1.378906,-1.018066,5.004883,31.921387,4.760742
6757,-0.464844,-1.267090,-0.960449,13.549805,58.654785,0.305176
6758,-0.407227,-1.163574,-0.229004,-22.216797,46.081543,7.019043
6759,-0.390137,-1.088867,-0.061035,-67.199707,8.789062,14.099121
6760,-0.500977,-1.152832,-0.232422,-98.449707,-23.010254,21.179199
6761,-0.538574,-1.308594,-0.474121,-83.312988,-16.479492,48.583984
6762,-0.594727,-1.413086,-0.466797,-78.430176,8.483887,59.570312
6763,-0.638672,-1.483887,-0.358887,-74.707031,31.311035,58.410645
6764,-0.595703,-1.334473,-0.284180,-71.594238,62.133789,37.963867
6765,-0.528809,-1.192383,-0.196289,-69.519043,72.265625,28.808594
6766,-0.467285,-0.970215,-0.030762,-51.452637,57.189941,18.371582
6767,-0.474609,-0.892090,0.013184,-29.174805,37.170410,15.869141
6768,-0.483398,-0.814453,0.068848,-4.089355,13.671875,14.526367
6769,-0.528320,-0.723633,0.170898,33.996582,-32.104492,11.718750
6770,-0.543945,-0.692383,0.192871,43.884277,-47.363281,10.620117
6771,-0.545410,-0.677734,0.196777,45.837402,-55.053711,9.948730
6772,-0.580566,-0.696777,0.173340,37.109375,-55.786133,5.371094
6773,-0.575195,-0.711914,0.111328,23.010254,-49.072266,-3.723145
6774,-0.514648,-0.680176,0.074707,-4.089355,-29.052734,-24.719238
6775,-0.470703,-0.625488,0.037109,-10.131836,-24.597168,-29.907227
6776,-0.331543,-0.554199,0.179688,-19.470215,-34.240723,-20.446777
6777,-0.339355,-0.746582,-0.190918,-3.906250,-108.642578,1.281738
6778,-0.333496,-0.867188,-0.526367,9.399414,-179.870605,23.620605
6779,-0.371582,-0.925293,-0.793945,3.356934,-189.758301,46.691895
6780,-0.326172,-0.823242,-0.606445,2.746582,-159.484863,48.828125
6781,-0.285645,-0.653809,-0.494629,5.920410,-126.464844,51.025391
6782,-0.276367,-0.416504,-0.285156,19.226074,-53.955078,49.743652
6783,-0.305664,-0.337402,-0.163574,26.000977,9.887695,33.325195
6784,-0.299805,-0.307617,-0.048828,28.625488,32.348633,23.803711
6785,-0.305176,-0.296387,0.078613,26.855469,41.381836,13.610840
6786,-0.422852,-0.341797,0.178711,17.089844,31.921387,-13.732910
6787,-0.488281,-0.395996,0.155762,11.169434,24.719238,-29.113770
6788,-0.539062,-0.440918,0.131348,7.141113,15.869141,-44.799805
6789,-0.588867,-0.506836,0.005859,-6.408691,-12.512207,-68.359375
6790,-0.566895,-0.609375,-0.125977,-15.991211,-26.672363,-69.274902
6791,-0.546387,-0.826660,-0.291992,-26.489258,-45.166016,-63.354492
6792,-0.616211,-1.480957,-1.058105,-49.804688,-77.331543,-38.146973
6793,-0.748535,-1.830566,-1.444824,-33.325195,-72.326660,-14.465332
6794,-0.795410,-1.727051,-1.130859,56.945801,-46.264648,2.746582
6795,-0.760254,-1.004395,-0.205566,84.167480,-12.084961,-7.507324
6796,-0.705566,-0.784180,-0.134277,47.973633,8.422852,-22.094727
6797,-0.651855,-0.651367,-0.101562,10.925293,21.423340,-32.104492
6798,-0.466309,-0.568359,-0.255371,-41.870117,7.141113,-39.306641
6799,-0.518066,-0.771484,-0.557617,-48.278809,7.385254,-38.879395
6800,-0.648438,-1.243652,-0.849609,-57.800293,16.357422,-42.602539
6801,-0.677246,-1.567383,-0.840820,-26.367188,8.850098,-38.513184
6802,-0.963867,-1.136719,-0.035156,199.951172,28.381348,-10.681152
6803,-1.192383,-0.960449,0.582520,215.942383,55.541992,-22.033691
6804,-1.257812,-0.859863,0.706543,182.983398,69.702148,-30.273438
6805,-0.935547,-0.594727,0.534668,108.154297,77.392578,-28.503418
6806,-0.771973,-0.531738,0.429199,62.927246,86.730957,-28.869629
6807,-0.688477,-0.529297,0.363770,20.385742,96.618652,-29.785156
6808,-0.666504,-0.647461,0.444336,-47.180176,105.834961,-28.076172
6809,-0.649414,-0.744141,0.486328,-74.584961,101.074219,-21.545410
6810,-0.615723,-0.869629,0.422852,-93.505859,92.529297,-14.587402
6811,-0.636230,-1.041992,0.349609,-95.947266,82.885742,-13.610840
6812,-0.599121,-1.210938,0.298340,-103.515625,54.809570,-23.864746
6813,-0.549805,-1.209473,0.208984,-123.779297,45.166016,-24.291992
6814,-0.508301,-1.147949,0.112305,-134.155273,33.020020,-18.859863
6815,-0.452148,-1.042969,-0.057129,-103.332520,-0.793457,-15.136719
6816,-0.354004,-0.925293,-0.072754,-62.988281,-19.714355,-19.042969
6817,-0.249023,-0.829590,-0.014160,-31.799316,-39.855957,-21.301270
6818,-0.163574,-0.801270,-0.009766,-13.854980,-61.035156,-23.559570
6819,-0.090820,-0.717773,-0.122070,-2.258301,-91.003418,-29.296875
6820,-0.067871,-0.688965,-0.233887,1.098633,-95.825195,-30.578613
6821,-0.065918,-0.646484,-0.493164,20.324707,-74.218750,-26.550293
6822,-0.057617,-0.633301,-0.549805,41.320801,-51.635742,-25.939941
6823,-0.033203,-0.574707,-0.534668,56.701660,-29.846191,-21.362305
6824,-0.028809,-0.500488,-0.547363,63.476562,-6.958008,-7.324219
6825,-0.155762,-0.540527,-0.592285,53.466797,50.781250,18.493652
6826,-0.182129,-0.528809,-0.581543,40.405273,80.017090,25.695801
6827,-0.208008,-0.529785,-0.569824,26.367188,104.980469,32.836914
6828,-0.288574,-0.612793,-0.396973,8.911133,123.046875,40.771484
6829,-0.318848,-0.687500,-0.312012,3.479004,110.595703,39.367676
6830,-0.328125,-0.748047,-0.276367,2.868652,87.524414,35.949707
6831,-0.341797,-0.857910,-0.283203,12.329102,30.273438,27.465820
6832,-0.342773,-0.915039,-0.312988,15.563965,8.300781,21.301270
6833,-0.347656,-0.979492,-0.323730,15.258789,-6.347656,14.282227
6834,-0.361816,-1.032227,-0.338867,11.718750,-17.700195,8.728027
6835,-0.456055,-1.188965,-0.534668,9.277344,-23.559570,3.112793
6836,-0.481445,-1.179688,-0.602539,11.413574,-15.258789,5.493164
6837,-0.507324,-1.039551,-0.589844,1.098633,11.352539,17.150879
6838,-0.515137,-0.968750,-0.737305,-3.967285,29.907227,20.141602
6839,-0.488281,-0.971680,-0.732910,-3.967285,53.405762,21.484375
6840,-0.470215,-1.172852,-0.384277,-23.925781,71.166992,24.475098
6841,-0.430176,-1.258789,-0.309082,-42.541504,65.185547,26.977539
6842,-0.422852,-1.323730,-0.325684,-57.861328,57.861328,31.860352
6843,-0.458008,-1.386719,-0.368652,-65.856934,54.870605,35.766602
6844,-0.587402,-1.386230,-0.327637,-63.537598,50.109863,37.475586
6845,-0.641113,-1.300781,-0.362305,-51.757812,48.767090,36.804199
6846,-0.671875,-1.174805,-0.398926,-34.423828,55.419922,40.588379
6847,-0.787598,-1.017090,-0.257812,13.916016,70.190430,50.903320
6848,-0.863770,-0.918945,-0.130371,43.151855,67.565918,53.405762
6849,-0.956055,-0.883301,0.013184,75.866699,58.959961,55.053711
6850,-1.070312,-0.785645,0.272949,118.286133,23.132324,32.775879
6851,-1.034668,-0.698242,0.335938,115.966797,0.366211,14.709473
6852,-0.960938,-0.622559,0.352539,96.252441,-22.583008,-0.183105
6853,-0.592285,-0.413574,0.157227,29.113770,-47.363281,-13.122559
6854,-0.495117,-0.408691,0.032715,2.197266,-46.264648,-8.361816
6855,-0.436523,-0.385254,-0.058105,-12.878418,-38.940430,-6.103516
6856,-0.348633,-0.325684,-0.026367,-25.512695,-25.512695,-0.549316
6857,-0.308594,-0.354004,-0.016113,-28.564453,-36.804199,9.887695
6858,-0.254395,-0.431641,-0.059082,-21.972656,-60.363770,21.850586
6859,-0.189453,-0.539551,-0.201172,-2.929688,-111.450195,47.790527
6860,-0.188965,-0.574219,-0.351074,-3.723145,-125.000000,60.485840
6861,-0.284668,-0.713379,-0.600586,-15.258789,-102.233887,75.988770
6862,-0.319824,-0.618164,-0.499512,-15.869141,-76.232910,75.256348
6863,-0.358887,-0.532715,-0.402344,-11.291504,-48.706055,67.504883
6864,-0.395508,-0.435059,-0.282715,3.540039,5.554199,32.287598
6865,-0.408203,-0.405762,-0.216309,9.033203,29.541016,8.544922
6866,-0.404785,-0.374023,-0.141602,10.742188,45.837402,-15.380859
6867,-0.431641,-0.385742,-0.072754,10.375977,55.358887,-51.696777
6868,-0.474121,-0.421387,-0.069824,11.718750,52.490234,-65.917969
6869,-0.499512,-0.504395,-0.092773,11.657715,45.471191,-76.354980
6870,-0.489746,-0.627930,-0.150391,8.239746,16.479492,-75.500488
6871,-0.399414,-1.068848,-0.431152,1.403809,-11.901855,-60.058594
6872,-0.366699,-1.557617,-0.943359,-0.610352,-49.987793,-37.414551
6873,-0.374023,-2.430664,-1.875488,24.597168,-53.039551,-29.296875
6874,-0.793945,-1.740234,-0.373535,138.427734,8.361816,-46.020508
6875,-0.882812,-1.156250,0.185059,117.614746,-10.009766,-46.447754
6876,-0.877441,-0.774902,0.382324,60.729980,-24.963379,-48.034668
6877,-0.753906,-0.262695,0.132324,-61.828613,-7.446289,-47.912598
6878,-0.701172,-0.164062,-0.012207,-98.510742,20.751953,-48.278809
6879,-0.693359,-0.204590,-0.079102,-110.473633,47.790527,-47.973633
6880,-0.698730,-0.280762,-0.065430,-111.816406,63.354492,-41.625977
6881,-0.877441,-1.449219,-0.865234,-30.883789,-21.362305,50.109863
6882,-1.232910,-1.495117,-0.518066,115.112305,-3.051758,49.743652
6883,-1.050293,-1.147949,0.026367,147.338867,57.250977,3.967285
6884,-0.874023,-1.025391,0.121582,120.056152,80.627441,-5.432129
6885,-0.723633,-0.911621,0.208008,90.759277,92.590332,-12.756348
6886,-0.614258,-0.796387,0.256348,57.922363,96.862793,-20.568848
6887,-0.410645,-0.709473,0.178711,-0.122070,101.318359,-30.273438
6888,-0.377930,-0.751465,0.192383,-21.606445,106.811523,-31.738281
6889,-0.402344,-0.819824,0.231445,-42.785645,108.337402,-32.714844
6890,-0.465820,-0.992188,0.264648,-82.092285,93.444824,-28.869629
6891,-0.491699,-1.091309,0.229004,-94.848633,79.833984,-27.343750
6892,-0.493164,-1.108398,0.193359,-101.318359,63.110352,-21.911621
6893,-0.492676,-1.176758,0.174805,-93.078613,15.563965,-13.977051
6894,-0.464844,-1.151367,0.120605,-77.392578,-9.155273,-17.639160
6895,-0.404785,-1.028809,0.099121,-52.673340,-30.639648,-18.859863
6896,-0.330078,-0.904785,0.083008,-29.174805,-48.400879,-15.441895
6897,-0.219238,-0.733398,0.026367,-5.249023,-71.655273,-10.070801
6898,-0.194824,-0.693848,-0.006836,-3.051758,-77.453613,-11.718750
6899,-0.162109,-0.617676,-0.121094,3.295898,-80.200195,-16.967773
6900,-0.172852,-0.616211,-0.208008,11.413574,-75.805664,-18.615723
6901,-0.172852,-0.608398,-0.317383,27.038574,-65.246582,-21.423340
6902,-0.133789,-0.563477,-0.373535,61.645508,-36.865234,-12.207031
6903,-0.141113,-0.567871,-0.397949,67.260742,-19.653320,-2.502441
6904,-0.187012,-0.585938,-0.447266,64.941406,1.220703,8.422852
6905,-0.215820,-0.592773,-0.533691,57.983398,27.648926,19.836426
6906,-0.327148,-0.605469,-0.774414,67.504883,100.280762,45.166016
6907,-0.371582,-0.642090,-0.593262,70.922852,122.619629,52.612305
6908,-0.408691,-0.697266,-0.435547,58.959961,125.427246,54.626465
6909,-0.383301,-0.818359,-0.313477,28.442383,76.843262,45.410156
6910,-0.333496,-0.883301,-0.393555,16.357422,37.231445,31.982422
6911,-0.293945,-0.954590,-0.511719,3.112793,8.544922,21.179199
6912,-0.270508,-1.161133,-0.728027,-12.451172,-6.652832,11.779785
6913,-0.277832,-1.263184,-0.751465,-12.634277,-0.488281,10.803223
6914,-0.300781,-1.293457,-0.721680,-13.732910,9.338379,13.732910
6915,-0.324707,-1.087891,-0.759766,-22.766113,34.057617,23.986816
6916,-0.336426,-1.089844,-0.699219,-22.094727,52.368164,23.193359
6917,-0.308105,-1.096680,-0.515625,-23.071289,59.753418,15.991211
6918,-0.294434,-1.169922,-0.288574,-32.226562,50.598145,12.145996
6919,-0.362305,-1.327148,-0.292969,-63.598633,22.644043,11.352539
6920,-0.418457,-1.360840,-0.342285,-74.279785,22.705078,21.423340
6921,-0.510254,-1.427246,-0.380371,-78.674316,28.625488,30.822754
6922,-0.646484,-1.336914,-0.294434,-64.941406,32.531738,38.879395
6923,-0.695801,-1.175781,-0.338867,-49.987793,34.667969,41.870117
6924,-0.712891,-1.055176,-0.395996,-32.165527,48.522949,45.959473
6925,-0.719727,-0.969727,-0.325195,-13.183594,64.758301,46.386719
6926,-0.744141,-0.831543,-0.054199,25.329590,68.481445,38.146973
6927,-0.777344,-0.767090,0.066895,47.424316,52.612305,32.165527
6928,-0.840820,-0.686523,0.135742,69.152832,30.700684,26.611328
6929,-0.941895,-0.605469,0.316895,94.665527,-14.221191,16.662598
6930,-0.940918,-0.616699,0.364258,85.693359,-39.001465,8.972168
6931,-0.879883,-0.586426,0.318848,63.720703,-58.410645,-4.760742
6932,-0.692871,-0.438965,0.216797,32.287598,-65.429688,-11.535645
6933,-0.509766,-0.419434,-0.043457,-16.784668,-46.875000,-4.638672
6934,-0.464844,-0.442871,-0.056641,-28.015137,-33.569336,-6.042480
6935,-0.313477,-0.561035,-0.074707,-37.170410,-69.091797,12.573242
6936,-0.235840,-0.659180,-0.286621,-26.123047,-104.736328,30.639648
6937,-0.137695,-0.857422,-0.761230,-23.559570,-127.563477,53.771973
6938,-0.141602,-0.935059,-0.756348,-41.320801,-111.816406,59.326172
6939,-0.188477,-0.884277,-0.618652,-58.410645,-94.665527,65.185547
6940,-0.226562,-0.597168,-0.391113,-54.321289,-64.697266,69.396973
6941,-0.281250,-0.558105,-0.350098,-33.081055,-46.142578,59.631348
6942,-0.309570,-0.510742,-0.270996,-10.986328,-23.254395,40.832520
6943,-0.319824,-0.427734,-0.067871,20.263672,19.348145,-4.760742
6944,-0.325684,-0.395996,0.044922,28.808594,27.160645,-27.709961
6945,-0.353027,-0.365723,0.106445,33.264160,24.536133,-46.630859
6946,-0.466309,-0.362793,0.116211,28.503418,6.896973,-72.998047
6947,-0.526367,-0.403809,0.071777,20.446777,-5.004883,-83.435059
6948,-0.540527,-0.427246,-0.024414,11.352539,-18.798828,-89.050293
6949,-0.459473,-0.600586,-0.312012,-18.310547,-40.893555,-76.660156
6950,-0.402832,-0.808594,-0.625000,-31.738281,-53.894043,-57.800293
6951,-0.390625,-1.227051,-1.203613,-19.836426,-60.058594,-34.790039
6952,-0.437012,-2.740723,-2.031738,114.013672,1.892090,-49.560547
6953,-0.749512,-1.595703,-0.300781,179.016113,-3.784180,-30.944824
6954,-0.948242,-1.035645,0.434082,155.822754,-44.860840,-7.446289
6955,-1.068848,-0.559570,0.109863,42.480469,-49.743652,-2.807617
6956,-1.036133,-0.406738,0.046387,14.038086,-30.883789,13.549805
6957,-1.023926,-0.594238,-0.063965,0.732422,-14.038086,28.381348
6958,-1.090820,-1.061035,-0.293457,5.432129,-10.314941,38.085938
6959,-0.979004,-0.925781,0.046875,76.721191,34.484863,22.277832
6960,-0.893555,-0.844727,0.244141,73.425293,52.551270,2.868652
6961,-0.791992,-0.805176,0.303711,56.945801,62.255859,-9.582520
6962,-0.621094,-0.782715,0.304688,24.902344,68.420410,-26.855469
6963,-0.557129,-0.789062,0.289062,9.704590,71.228027,-35.400391
6964,-0.506348,-0.815918,0.259766,-5.859375,75.256348,-42.602539
6965,-0.470703,-0.913574,0.293945,-28.320312,89.233398,-57.189941
6966,-0.437500,-0.880859,0.347656,-52.917480,96.740723,-64.697266
6967,-0.425293,-0.919434,0.346680,-76.599121,99.792480,-61.340332
6968,-0.464355,-1.113770,0.266113,-94.604492,88.989258,-49.682617
6969,-0.475098,-1.193848,0.236328,-96.069336,77.636719,-45.959473
6970,-0.409668,-1.167969,0.145996,-87.646484,42.053223,-30.761719
6971,-0.413574,-1.160156,0.125488,-67.260742,15.808105,-24.841309
6972,-0.372070,-1.121094,0.095703,-40.100098,-11.596680,-24.719238
6973,-0.285156,-0.993164,0.132812,-17.272949,-38.879395,-23.925781
6974,-0.218750,-0.772949,0.123047,-3.967285,-85.205078,-15.380859
6975,-0.198242,-0.717773,0.052246,-9.460449,-98.754883,-14.282227
6976,-0.170898,-0.631836,-0.097656,-16.235352,-107.604980,-22.338867
6977,-0.163086,-0.603516,-0.168457,-12.817383,-104.187012,-25.268555
6978,-0.162109,-0.594238,-0.224609,-6.225586,-96.374512,-26.062012
6979,-0.192871,-0.608398,-0.403809,16.540527,-68.603516,-23.132324
6980,-0.188477,-0.583496,-0.452148,34.973145,-47.546387,-21.362305
6981,-0.176758,-0.532227,-0.475098,44.982910,-24.780273,-14.343262
6982,-0.223633,-0.507324,-0.579590,47.668457,2.319336,-0.671387
6983,-0.398438,-0.589355,-0.664551,63.415527,60.363770,23.864746
6984,-0.445312,-0.623047,-0.632812,64.880371,81.909180,32.714844
6985,-0.463379,-0.644531,-0.564453,62.255859,94.482422,42.419434
6986,-0.448730,-0.738281,-0.437012,40.039062,81.726074,51.635742
6987,-0.396973,-0.815430,-0.435059,27.770996,57.922363,48.156738
6988,-0.343750,-0.903809,-0.464355,13.916016,34.545898,41.442871
6989,-0.277832,-1.150391,-0.579590,-19.165039,12.695312,26.123047
6990,-0.265625,-1.283691,-0.617676,-28.808594,11.657715,16.906738
6991,-0.267090,-1.364746,-0.630371,-33.325195,13.854980,9.460449
6992,-0.349121,-1.231934,-0.638672,-37.719727,28.015137,14.953613
6993,-0.395508,-1.127930,-0.709961,-37.780762,43.090820,23.681641
6994,-0.416992,-1.103516,-0.635254,-35.827637,58.959961,22.460938
6995,-0.371582,-1.084473,-0.330078,-36.132812,58.715820,16.601562
6996,-0.354980,-1.167480,-0.228027,-45.532227,42.724609,15.563965
6997,-0.346680,-1.189941,-0.256348,-57.250977,31.494141,22.155762
6998,-0.409180,-1.248535,-0.303223,-69.763184,31.372070,33.874512
6999,-0.541016,-1.373047,-0.281738,-76.232910,44.738770,41.748047
7000,-0.581543,-1.326660,-0.206055,-71.838379,41.442871,37.780762
7001,-0.640137,-1.145020,-0.190430,-49.194336,29.663086,29.418945
7002,-0.665527,-1.035645,-0.211426,-34.179688,30.334473,29.602051
7003,-0.704102,-0.947266,-0.186523,-17.639160,33.142090,32.287598
7004,-0.746582,-0.900391,-0.120605,4.394531,32.714844,36.132812
7005,-0.899414,-0.783691,0.026855,61.096191,21.301270,40.039062
7006,-0.992676,-0.777344,0.141602,89.111328,16.540527,35.766602
7007,-1.015137,-0.766113,0.301758,100.097656,6.469727,21.728516
7008,-0.854492,-0.639648,0.379883,62.377930,-27.893066,-11.779785
7009,-0.690430,-0.511719,0.269531,28.747559,-41.137695,-19.287109
7010,-0.547852,-0.449707,0.097656,-1.281738,-43.945312,-15.441895
7011,-0.454102,-0.454590,-0.084961,-32.470703,-23.620605,-12.207031
7012,-0.341797,-0.462891,-0.008301,-39.428711,-21.423340,-6.835938
7013,-0.266602,-0.538574,-0.074707,-38.024902,-47.302246,5.615234
7014,-0.179199,-0.617676,-0.233398,-28.564453,-81.054688,19.714355
7015,-0.079590,-0.784180,-0.652832,-13.488770,-119.934082,44.433594
7016,-0.088379,-0.845703,-0.672852,-22.888184,-112.670898,49.438477
7017,-0.118652,-0.829102,-0.589355,-34.545898,-100.280762,52.001953
7018,-0.225098,-0.571777,-0.359375,-44.128418,-71.533203,57.983398
7019,-0.276855,-0.498047,-0.312012,-33.813477,-54.443359,51.391602
7020,-0.309082,-0.448242,-0.245117,-18.676758,-34.362793,36.010742
7021,-0.314941,-0.381348,-0.168457,-3.967285,-12.390137,17.456055
7022,-0.334473,-0.316895,0.048340,13.183594,16.113281,-21.728516
7023,-0.361328,-0.299805,0.116699,13.061523,17.211914,-39.550781
7024,-0.471680,-0.382812,0.076660,6.225586,1.464844,-68.420410
7025,-0.504395,-0.408691,0.015137,2.319336,-9.948730,-80.871582
7026,-0.503418,-0.441406,-0.097168,-2.319336,-19.775391,-86.364746
7027,-0.445312,-0.637695,-0.313965,-28.015137,-33.569336,-73.242188
7028,-0.432129,-0.837891,-0.571777,-30.273438,-45.715332,-49.438477
7029,-0.443359,-1.278320,-1.006836,-10.986328,-54.748535,-23.254395
7030,-0.506348,-2.854980,-2.196777,151.672363,4.272461,-47.973633
7031,-0.773926,-1.598633,-0.329102,239.379883,-0.671387,-26.794434
7032,-0.997070,-1.108887,0.292480,208.312988,-43.518066,-7.690430
7033,-0.916016,-0.458984,0.140625,34.729004,-59.814453,-23.254395
7034,-0.784180,-0.227539,0.054688,-50.537109,-33.752441,-28.015137
7035,-0.702637,-0.159668,-0.048340,-115.295410,-4.333496,-28.381348
7036,-0.675293,-0.209961,-0.124512,-151.611328,22.705078,-30.090332
7037,-0.710449,-0.608398,-0.235352,-173.095703,42.968750,-21.118164
7038,-0.773926,-1.340332,-0.845215,-145.629883,-8.666992,16.784668
7039,-0.773438,-1.817383,-1.200195,23.071289,-7.263184,18.432617
7040,-0.848145,-1.427734,0.099121,140.625000,59.753418,-16.357422
7041,-0.744141,-1.252441,0.223633,119.934082,73.730469,-25.085449
7042,-0.647949,-1.079102,0.260254,92.285156,82.153320,-25.878906
7043,-0.566895,-0.920410,0.275391,62.255859,87.768555,-27.526855
7044,-0.408203,-0.752930,0.241211,18.432617,91.003418,-35.034180
7045,-0.368652,-0.757812,0.252930,6.896973,89.599609,-38.208008
7046,-0.422852,-0.911133,0.295410,-11.779785,78.918457,-43.029785
7047,-0.458984,-1.017578,0.288086,-21.057129,69.030762,-45.166016
7048,-0.461914,-1.089355,0.270508,-30.639648,57.250977,-44.555664
7049,-0.478516,-1.126953,0.292969,-70.312500,24.902344,-33.142090
7050,-0.478027,-1.133301,0.285156,-85.266113,3.906250,-27.465820
7051,-0.477539,-1.086426,0.221680,-85.571289,-18.676758,-25.085449
7052,-0.426758,-0.966309,0.129883,-70.861816,-38.269043,-23.925781
7053,-0.319824,-0.749023,-0.050781,-30.090332,-49.316406,-14.221191
7054,-0.267578,-0.687012,-0.073242,-16.906738,-48.461914,-12.329102
7055,-0.202148,-0.635742,-0.118164,-7.995605,-45.532227,-13.183594
7056,-0.183105,-0.617676,-0.156250,-5.126953,-42.663574,-15.380859
7057,-0.190918,-0.615723,-0.213867,0.366211,-37.536621,-16.662598
7058,-0.195312,-0.599121,-0.300293,12.207031,-29.174805,-19.104004
7059,-0.167480,-0.515625,-0.361816,43.762207,-8.178711,-3.845215
7060,-0.214844,-0.556152,-0.381836,54.199219,5.187988,7.263184
7061,-0.268555,-0.588379,-0.368652,51.391602,34.973145,19.897461
7062,-0.303223,-0.612793,-0.376465,42.114258,49.377441,26.977539
7063,-0.342773,-0.643555,-0.405762,36.010742,60.852051,32.897949
7064,-0.381348,-0.633301,-0.520996,38.024902,70.617676,38.146973
7065,-0.407715,-0.660645,-0.459961,51.696777,61.035156,40.771484
7066,-0.388672,-0.701660,-0.455566,41.503906,48.645020,38.269043
7067,-0.338867,-0.773926,-0.491699,27.709961,34.118652,34.912109
7068,-0.312012,-0.875488,-0.553711,16.113281,19.348145,31.921387
7069,-0.290527,-1.059082,-0.717773,7.263184,4.211426,26.245117
7070,-0.290039,-1.175781,-0.762207,1.831055,11.657715,26.489258
7071,-0.303223,-1.284668,-0.748047,-6.774902,25.817871,26.062012
7072,-0.330566,-1.299316,-0.583496,-26.489258,47.241211,22.277832
7073,-0.329102,-1.169922,-0.548828,-31.555176,46.752930,22.644043
7074,-0.346680,-1.131348,-0.635254,-27.282715,50.354004,23.376465
7075,-0.328613,-1.092285,-0.258301,-35.888672,44.189453,20.812988
7076,-0.401367,-1.197754,-0.191895,-57.312012,27.221680,19.775391
7077,-0.405762,-1.266113,-0.268555,-70.678711,14.587402,17.395020
7078,-0.516113,-1.345215,-0.334473,-65.795898,12.573242,30.639648
7079,-0.592285,-1.353027,-0.304199,-55.480957,16.174316,37.902832
7080,-0.623047,-1.308105,-0.232910,-47.912598,20.141602,42.419434
7081,-0.618164,-1.225098,-0.173340,-43.212891,22.949219,40.893555
7082,-0.539551,-0.924316,-0.186523,-41.381836,42.541504,31.250000
7083,-0.506348,-0.810059,-0.132324,-39.978027,49.621582,27.465820
7084,-0.514648,-0.712891,-0.050781,-11.840820,40.466309,23.803711
7085,-0.552734,-0.685059,-0.005371,11.779785,27.709961,24.597168
7086,-0.722168,-0.696289,0.119629,53.710938,-2.197266,31.005859
7087,-0.807129,-0.754883,0.195801,60.913086,-18.798828,31.066895
7088,-0.847656,-0.812500,0.238770,52.978516,-35.705566,22.644043
7089,-0.717773,-0.731445,0.076172,10.131836,-53.955078,-3.234863
7090,-0.610352,-0.649414,-0.030762,-9.338379,-51.574707,-8.056641
7091,-0.439941,-0.591309,-0.044922,-19.958496,-50.476074,-4.882812
7092,-0.289062,-0.711426,-0.254883,-19.897461,-99.609375,11.474609
7093,-0.210449,-0.721191,-0.451172,-15.014648,-125.061035,24.353027
7094,-0.199219,-0.745117,-0.649902,-11.352539,-139.587402,36.499023
7095,-0.201172,-0.749023,-0.736328,-15.136719,-135.253906,45.654297
7096,-0.240723,-0.700684,-0.557617,-39.428711,-103.210449,57.373047
7097,-0.266602,-0.620117,-0.435059,-44.738770,-86.242676,61.218262
7098,-0.264160,-0.517578,-0.369141,-39.794922,-67.321777,59.387207
7099,-0.302734,-0.412109,-0.282227,-3.479004,-18.371582,40.100098
7100,-0.303711,-0.354492,-0.190918,16.967773,8.117676,24.780273
7101,-0.295898,-0.319824,-0.063965,35.339355,26.977539,9.643555
7102,-0.293945,-0.357910,0.100586,55.725098,31.860352,-21.545410
7103,-0.332520,-0.423340,0.112305,57.617188,23.254395,-38.391113
7104,-0.372070,-0.469727,0.094238,54.870605,9.765625,-55.541992
7105,-0.434082,-0.518066,0.063965,49.865723,-6.408691,-70.251465
7106,-0.522949,-0.581543,-0.112305,33.813477,-41.503906,-83.312988
7107,-0.518066,-0.680176,-0.255371,12.451172,-51.330566,-74.340820
7108,-0.515625,-1.134766,-0.781250,-45.166016,-68.481445,-30.578613
7109,-0.565430,-1.626465,-1.341797,-38.024902,-69.091797,-12.390137
7110,-0.627930,-2.322266,-2.004395,11.535645,-30.151367,-24.047852
7111,-0.766113,-1.395996,-0.195801,154.235840,18.920898,-51.452637
7112,-0.840820,-0.875488,0.221680,141.479492,-21.789551,-24.902344
7113,-0.958984,-0.603027,0.234375,97.106934,-50.048828,-9.460449
7114,-1.010254,-0.372559,0.178223,38.330078,-59.814453,-5.676270
7115,-0.879395,-0.226562,-0.256836,-46.813965,-22.644043,13.793945
7116,-0.832031,-0.508789,-0.409180,-56.701660,6.835938,17.395020
7117,-0.913574,-1.738281,-0.899414,-13.305664,19.714355,20.690918
7118,-0.614746,-1.338379,-0.425293,99.548340,47.607422,9.826660
7119,-0.790527,-1.074707,0.185547,138.000488,59.082031,-15.625000
7120,-0.723633,-0.939941,0.369141,122.192383,66.284180,-37.109375
7121,-0.653320,-0.889160,0.306641,46.325684,93.994141,-57.128906
7122,-0.593750,-0.814453,0.325195,13.977051,103.027344,-60.302734
7123,-0.465820,-0.749023,0.323730,-42.358398,107.299805,-56.274414
7124,-0.429199,-0.754883,0.322266,-67.321777,104.675293,-52.795410
7125,-0.408203,-0.791992,0.304199,-90.576172,101.196289,-47.302246
7126,-0.422363,-0.850586,0.303711,-104.187012,94.360352,-40.405273
7127,-0.505859,-1.033203,0.287109,-103.759766,60.485840,-27.832031
7128,-0.494629,-1.121582,0.273926,-91.613770,34.484863,-27.832031
7129,-0.467285,-1.223145,0.178223,-77.331543,9.887695,-28.320312
7130,-0.422363,-1.232422,0.083496,-47.180176,-22.827148,-31.921387
7131,-0.365723,-1.157227,0.068848,-36.132812,-36.193848,-32.958984
7132,-0.297363,-1.044434,0.083496,-25.024414,-50.537109,-30.639648
7133,-0.197266,-0.808105,0.127930,-9.582520,-85.327148,-23.193359
7134,-0.186523,-0.732422,0.072754,-8.911133,-99.304199,-19.348145
7135,-0.168945,-0.688477,-0.020020,-6.652832,-107.177734,-18.554688
7136,-0.191406,-0.692383,-0.170898,3.356934,-106.445312,-22.766113
7137,-0.146973,-0.560059,-0.276367,49.804688,-88.256836,-25.268555
7138,-0.166016,-0.537598,-0.274902,65.124512,-76.721191,-18.737793
7139,-0.200195,-0.574219,-0.341309,69.946289,-45.227051,-8.300781
7140,-0.223145,-0.594727,-0.377441,62.866211,-22.888184,-4.272461
7141,-0.240234,-0.606445,-0.429199,52.368164,2.929688,1.098633
7142,-0.284668,-0.624512,-0.461914,42.968750,29.907227,8.666992
7143,-0.391113,-0.640625,-0.586426,52.001953,78.491211,23.803711
7144,-0.455566,-0.650391,-0.478516,59.143066,90.393066,31.372070
7145,-0.492188,-0.689453,-0.426270,55.114746,92.285156,37.597656
7146,-0.458984,-0.808594,-0.383789,34.484863,74.584961,42.785645
7147,-0.397461,-0.882324,-0.396973,26.489258,53.100586,40.100098
7148,-0.332031,-0.968750,-0.460938,22.277832,27.160645,35.583496
7149,-0.263184,-1.194336,-0.566406,0.671387,1.342773,26.611328
7150,-0.261230,-1.329102,-0.611816,-12.329102,1.464844,20.385742
7151,-0.251953,-1.408203,-0.626953,-22.521973,6.408691,13.061523
7152,-0.247070,-1.375488,-0.603027,-29.663086,13.427734,8.666992
7153,-0.336426,-1.105469,-0.695801,-36.499023,36.132812,19.104004
7154,-0.375488,-1.123535,-0.684082,-31.127930,55.664062,18.432617
7155,-0.312988,-1.182129,-0.335938,-30.944824,63.781738,5.554199
7156,-0.243164,-1.274414,-0.187012,-38.635254,46.508789,1.953125
7157,-0.167969,-1.280762,-0.131348,-50.109863,25.817871,5.371094
7158,-0.315430,-1.182617,-0.291504,-69.641113,18.615723,24.414062
7159,-0.398926,-1.164062,-0.264160,-71.838379,26.733398,29.296875
7160,-0.533691,-1.133789,-0.161133,-74.768066,34.301758,33.996582
7161,-0.584961,-1.090332,-0.141113,-67.260742,33.996582,31.433105
7162,-0.617188,-1.016602,-0.132324,-55.786133,35.278320,30.944824
7163,-0.715820,-0.936035,-0.082031,-26.977539,39.550781,33.264160
7164,-0.781250,-0.891602,-0.012207,-4.638672,35.400391,32.531738
7165,-0.843262,-0.845215,0.082031,23.193359,24.291992,30.883789
7166,-0.984863,-0.773438,0.260254,69.030762,-9.704590,20.080566
7167,-0.996094,-0.731445,0.352539,68.298340,-29.541016,11.047363
7168,-0.939941,-0.703125,0.349121,52.062988,-49.926758,0.427246
7169,-0.804688,-0.612793,0.262207,26.855469,-62.988281,-11.230469
7170,-0.573730,-0.502930,-0.018066,-20.385742,-55.419922,-10.498047
7171,-0.530273,-0.521484,-0.072754,-31.127930,-42.297363,-11.962891
7172,-0.463379,-0.503906,0.083008,-42.419434,-40.588379,-11.047363
7173,-0.315918,-0.692383,-0.219727,-30.639648,-119.812012,17.395020
7174,-0.226074,-0.754395,-0.418457,-22.766113,-154.663086,30.883789
7175,-0.188477,-0.830078,-0.738770,-27.832031,-166.320801,43.579102
7176,-0.143555,-0.896973,-0.849609,-45.532227,-150.634766,53.039551
7177,-0.209961,-0.743652,-0.550293,-72.753906,-97.412109,72.326660
7178,-0.236328,-0.608887,-0.423828,-64.697266,-76.599121,71.594238
7179,-0.273438,-0.547363,-0.364258,-47.241211,-54.321289,62.377930
7180,-0.300293,-0.484863,-0.298828,-10.681152,0.854492,26.062012
7181,-0.319336,-0.398438,-0.114258,3.906250,25.451660,2.685547
7182,-0.319336,-0.348633,0.016113,13.244629,38.513184,-20.812988
7183,-0.331543,-0.326172,0.108398,18.371582,38.757324,-42.053223
7184,-0.364258,-0.331055,0.132324,17.761230,30.456543,-60.852051
7185,-0.442383,-0.336426,0.030273,5.126953,2.746582,-90.454102
7186,-0.440430,-0.343750,-0.104004,-3.356934,-8.361816,-97.229004
7187,-0.405273,-0.523438,-0.290039,-20.629883,-20.874023,-93.444824
7188,-0.390625,-0.678711,-0.413086,-20.385742,-29.724121,-78.125000
7189,-0.383789,-0.953613,-0.575684,-2.075195,-43.334961,-47.546387
7190,-0.371582,-1.492676,-0.846680,12.451172,-72.326660,-15.075684
7191,-0.693848,-2.137207,-1.102539,198.669434,-60.058594,4.760742
7192,-1.227539,-1.521484,-0.029785,226.135254,-55.603027,13.366699
7193,-1.152832,-1.027344,0.275879,171.813965,-65.917969,-5.126953
7194,-0.967773,-0.325684,0.095215,9.582520,-56.945801,-10.620117
7195,-0.907715,-0.219727,-0.061035,-56.945801,-37.719727,4.638672
7196,-0.877930,-0.277344,-0.232422,-99.304199,-14.282227,15.808105
7197,-0.902832,-0.812012,-0.331543,-123.718262,11.413574,26.977539
7198,-0.857422,-1.317871,-0.623535,-65.612793,21.118164,19.897461
7199,-0.699707,-1.256348,-0.339844,26.489258,52.917480,-5.981445
7200,-0.664062,-1.172363,-0.001465,86.059570,74.157715,-29.907227
7201,-0.614746,-1.046387,0.244141,100.036621,87.280273,-52.856445
7202,-0.587402,-0.999023,0.237793,84.472656,92.346191,-50.537109
7203,-0.529785,-0.987305,0.238770,67.199707,94.787598,-47.119141
7204,-0.390137,-0.916016,0.295410,36.437988,96.862793,-52.185059
7205,-0.356934,-0.876465,0.348145,15.441895,96.923828,-50.842285
7206,-0.397949,-0.914062,0.405762,-9.887695,93.383789,-47.851562
7207,-0.432129,-1.043457,0.455566,-53.466797,66.894531,-40.466309
7208,-0.452148,-1.159668,0.454590,-68.359375,44.494629,-38.757324
7209,-0.414062,-1.182129,0.468750,-83.679199,15.258789,-39.123535
7210,-0.402344,-1.175293,0.348633,-96.069336,-46.997070,-42.053223
7211,-0.379883,-1.088867,0.234375,-84.594727,-70.678711,-41.625977
7212,-0.345703,-0.941406,0.138672,-68.603516,-84.838867,-35.034180
7213,-0.281250,-0.790039,0.031738,-43.518066,-89.721680,-24.353027
7214,-0.244141,-0.743652,0.004395,-35.522461,-91.308594,-23.681641
7215,-0.218750,-0.717285,-0.051758,-28.503418,-92.224121,-23.864746
7216,-0.205566,-0.682129,-0.222168,-7.995605,-80.871582,-25.939941
7217,-0.229004,-0.683594,-0.303223,6.835938,-67.321777,-25.573730
7218,-0.242188,-0.646484,-0.393066,26.062012,-48.278809,-24.963379
7219,-0.237793,-0.544434,-0.482422,69.335938,-3.051758,-7.629395
7220,-0.246094,-0.543457,-0.495605,78.430176,21.850586,3.967285
7221,-0.282227,-0.537109,-0.499023,75.622559,47.790527,14.221191
7222,-0.346191,-0.511230,-0.561035,70.861816,71.716309,26.367188
7223,-0.470215,-0.570312,-0.546875,74.951172,95.581055,42.724609
7224,-0.447266,-0.587402,-0.551758,73.913574,90.454102,45.104980
7225,-0.372070,-0.626465,-0.562500,64.636230,83.374023,48.217773
7226,-0.293945,-0.794922,-0.469727,14.221191,67.260742,54.321289
7227,-0.273926,-0.894043,-0.460449,-9.887695,52.795410,50.292969
7228,-0.260254,-1.000977,-0.450684,-30.456543,38.635254,44.433594
7229,-0.262207,-1.121582,-0.447754,-46.081543,26.184082,36.437988
7230,-0.283203,-1.298340,-0.479004,-63.842773,10.070801,19.897461
7231,-0.293945,-1.301758,-0.508301,-65.795898,8.117676,15.441895
7232,-0.317871,-1.149902,-0.594727,-57.678223,20.385742,26.306152
7233,-0.362305,-1.110352,-0.633789,-48.339844,34.973145,33.996582
7234,-0.378418,-1.111816,-0.595703,-42.602539,53.405762,36.560059
7235,-0.319824,-1.172852,-0.333496,-43.579102,62.500000,29.235840
7236,-0.282227,-1.243164,-0.207520,-47.424316,47.851562,23.376465
7237,-0.286621,-1.272949,-0.173340,-58.898926,12.512207,25.939941
7238,-0.385254,-1.303223,-0.244141,-62.988281,7.812500,34.179688
7239,-0.498047,-1.348145,-0.290527,-62.622070,9.704590,41.503906
7240,-0.669434,-1.364746,-0.211914,-59.997559,16.784668,50.903320
7241,-0.695801,-1.250977,-0.158203,-60.913086,17.639160,51.086426
7242,-0.698730,-1.080566,-0.174805,-62.438965,22.949219,48.950195
7243,-0.696289,-0.934570,-0.159668,-61.767578,30.334473,43.212891
7244,-0.712402,-0.749023,-0.036621,-47.119141,31.555176,23.742676
7245,-0.740723,-0.704102,0.032227,-33.386230,20.507812,13.122559
7246,-0.752930,-0.632812,0.072266,-18.981934,5.004883,3.540039
7247,-0.782227,-0.600098,0.098145,-7.873535,-12.084961,-4.272461
7248,-0.786133,-0.562988,0.135254,0.854492,-45.837402,-19.653320
7249,-0.750488,-0.515625,0.098145,-1.403809,-59.204102,-22.705078
7250,-0.636719,-0.546875,-0.092285,-15.869141,-58.715820,-9.216309
7251,-0.562988,-0.594238,-0.172363,-17.822266,-45.654297,-4.150391
7252,-0.352539,-0.642090,-0.184082,-16.052246,-38.574219,4.272461
7253,-0.236328,-0.769531,-0.469238,5.493164,-60.852051,17.211914
7254,-0.101562,-0.773926,-0.820801,34.240723,-105.834961,38.757324
7255,-0.175293,-0.749512,-0.793457,9.521484,-109.802246,48.400879
7256,-0.249023,-0.624023,-0.461426,-35.156250,-98.144531,49.255371
7257,-0.280762,-0.605957,-0.428711,-51.452637,-89.721680,43.884277
7258,-0.270508,-0.578613,-0.407227,-50.109863,-75.378418,38.085938
7259,-0.261230,-0.516602,-0.320312,-38.513184,-55.480957,30.395508
7260,-0.240723,-0.420410,-0.162109,-6.835938,-13.854980,11.352539
7261,-0.254395,-0.401367,-0.125488,8.911133,7.873535,-0.122070
7262,-0.274902,-0.402832,-0.021484,26.245117,27.282715,-14.587402
7263,-0.302734,-0.433594,0.163086,34.606934,33.142090,-45.715332
7264,-0.344727,-0.497559,0.163086,28.442383,24.414062,-58.898926
7265,-0.442871,-0.565918,0.096680,1.403809,-15.014648,-83.312988
7266,-0.477051,-0.592285,-0.048340,-19.348145,-32.714844,-86.547852
7267,-0.497070,-0.642090,-0.187012,-46.997070,-45.227051,-79.650879
7268,-0.502441,-0.741211,-0.339355,-77.941895,-60.302734,-62.866211
7269,-0.581055,-1.243164,-1.383301,-54.748535,-106.567383,-9.765625
7270,-0.737793,-1.880859,-2.173340,15.991211,-96.130371,0.610352
7271,-0.880371,-1.386719,-0.677246,183.349609,-28.869629,-23.071289
7272,-0.964844,-0.865234,-0.057617,185.119629,-42.114258,-3.173828
7273,-1.043945,-0.594238,0.182129,142.944336,-60.485840,2.624512
7274,-1.005371,-0.384766,0.138672,73.364258,-66.101074,-2.868652
7275,-0.719238,-0.166016,-0.276367,-67.016602,-23.681641,-5.615234
7276,-0.674316,-0.300781,-0.405762,-96.923828,12.634277,-5.554199
7277,-0.712402,-0.553711,-0.375977,-104.553223,34.362793,-6.896973
7278,-0.731934,-1.584473,-0.656250,-18.981934,15.258789,0.732422
7279,-0.636230,-1.346680,-0.153809,80.749512,39.062500,-6.225586
7280,-0.703613,-1.286621,0.206543,113.586426,55.786133,-14.526367
7281,-0.633789,-1.154297,0.357910,69.946289,71.228027,-23.681641
7282,-0.544922,-1.025391,0.386230,39.428711,64.819336,-21.362305
7283,-0.460938,-0.923828,0.353516,12.145996,53.222656,-19.714355
7284,-0.346680,-0.812012,0.206543,-14.343262,35.705566,-33.020020
7285,-0.310547,-0.777832,0.166992,-13.122559,33.447266,-42.236328
7286,-0.335938,-0.798340,0.203613,-8.666992,30.212402,-49.987793
7287,-0.407227,-0.925781,0.233398,-4.333496,18.005371,-65.368652
7288,-0.440918,-1.007324,0.257324,-8.728027,11.413574,-71.777344
7289,-0.450684,-1.054688,0.300293,-21.667480,1.770020,-74.462891
7290,-0.440918,-1.084473,0.330078,-56.945801,-29.418945,-63.598633
7291,-0.374023,-1.120117,0.195312,-65.063477,-46.264648,-53.405762
7292,-0.345703,-1.104004,0.082031,-63.354492,-60.119629,-42.358398
7293,-0.288574,-1.088867,-0.052246,-53.955078,-69.396973,-37.353516
7294,-0.205078,-0.919922,-0.320312,-13.854980,-72.387695,-34.606934
7295,-0.149414,-0.791504,-0.483398,25.939941,-66.284180,-31.982422
7296,-0.237305,-0.683105,-0.367676,96.923828,-57.983398,-11.657715
7297,-0.309082,-0.649414,-0.267090,94.116211,-56.701660,-4.272461
7298,-0.356445,-0.634766,-0.257324,75.378418,-59.204102,-0.732422
7299,-0.409180,-0.569336,-0.393555,22.888184,-52.246094,-1.586914
7300,-0.410156,-0.516602,-0.480469,6.896973,-38.635254,-2.807617
7301,-0.412109,-0.487793,-0.524902,-0.793457,-19.897461,-2.075195
7302,-0.394531,-0.531738,-0.564453,3.906250,21.728516,6.286621
7303,-0.381348,-0.600098,-0.525391,8.972168,40.161133,10.620117
7304,-0.356445,-0.647949,-0.449219,11.657715,53.222656,15.563965
7305,-0.338379,-0.692871,-0.366699,9.765625,59.631348,21.911621
7306,-0.326660,-0.814453,-0.276367,-8.300781,51.208496,32.836914
7307,-0.324707,-0.893555,-0.276367,-16.540527,40.893555,33.996582
7308,-0.324707,-0.986816,-0.279785,-22.155762,28.747559,32.409668
7309,-0.325195,-1.094727,-0.294922,-24.230957,15.930176,27.832031
7310,-0.313477,-1.239746,-0.351562,-20.263672,-6.286621,15.808105
7311,-0.334961,-1.220215,-0.450684,-15.441895,-11.291504,12.451172
7312,-0.355957,-1.112793,-0.516113,-17.883301,-4.638672,16.906738
7313,-0.401855,-1.014648,-0.606445,-19.836426,9.033203,22.766113
7314,-0.471680,-0.975098,-0.634766,-18.310547,46.569824,26.794434
7315,-0.452148,-1.023438,-0.472168,-24.230957,55.053711,25.939941
7316,-0.444336,-1.119141,-0.275879,-39.855957,49.499512,25.146484
7317,-0.322266,-1.340820,-0.192871,-69.213867,26.489258,27.770996
7318,-0.369629,-1.406250,-0.231934,-75.073242,23.071289,31.860352
7319,-0.437988,-1.426270,-0.252930,-71.899414,23.254395,34.423828
7320,-0.498535,-1.347168,-0.140625,-70.434570,24.780273,35.095215
7321,-0.479004,-1.220215,-0.078125,-70.678711,21.911621,31.127930
7322,-0.459961,-1.065918,-0.045410,-68.542480,17.089844,26.245117
7323,-0.452637,-0.925781,-0.041992,-59.143066,9.765625,16.967773
7324,-0.487305,-0.762695,0.013184,-49.011230,3.662109,13.977051
7325,-0.525391,-0.739746,0.047363,-34.973145,-6.042480,11.474609
7326,-0.600098,-0.714355,0.093750,-11.596680,-26.916504,6.530762
7327,-0.659180,-0.713867,0.107422,-7.263184,-34.973145,3.356934
7328,-0.711914,-0.729980,0.126465,-7.568359,-41.076660,-2.807617
7329,-0.741211,-0.763672,0.112793,-11.657715,-48.950195,-11.352539
7330,-0.671387,-0.720703,-0.046875,-20.446777,-59.265137,-23.498535
7331,-0.542969,-0.694336,-0.086914,-25.451660,-57.067871,-21.972656
7332,-0.365234,-0.761719,-0.115234,-34.118652,-75.683594,-13.183594
7333,-0.166504,-0.875488,-0.548828,-15.563965,-170.166016,13.916016
7334,-0.214355,-0.834473,-0.842285,-12.023926,-187.011719,28.869629
7335,-0.292480,-0.686035,-0.646973,-38.330078,-144.226074,40.283203
7336,-0.299316,-0.667969,-0.562500,-52.795410,-120.483398,41.381836
7337,-0.318359,-0.614746,-0.437988,-58.044434,-97.229004,42.602539
7338,-0.316406,-0.576172,-0.373535,-50.903320,-72.937012,41.503906
7339,-0.333984,-0.490723,-0.212891,-9.033203,-19.409180,25.512695
7340,-0.322266,-0.456543,-0.086426,8.972168,4.272461,10.314941
7341,-0.298828,-0.378418,0.153809,18.798828,20.690918,-19.104004
7342,-0.320801,-0.359863,0.219238,13.610840,14.099121,-28.381348
7343,-0.381348,-0.404297,0.209473,5.981445,3.540039,-36.376953
7344,-0.509277,-0.491699,0.149414,-6.103516,-22.094727,-58.776855
7345,-0.532227,-0.520508,0.072266,-13.061523,-36.743164,-69.519043
7346,-0.513184,-0.554199,-0.059570,-23.254395,-49.499512,-75.500488
7347,-0.377930,-0.752441,-0.375000,-64.086914,-69.335938,-64.697266
7348,-0.307129,-0.960938,-0.663574,-81.970215,-84.350586,-45.166016
7349,-0.309570,-1.331543,-1.286133,-71.594238,-97.595215,-22.155762
7350,-0.442383,-1.920410,-1.994141,6.835938,-77.575684,-13.916016
7351,-0.791016,-1.622559,-0.611328,152.343750,-3.845215,-46.386719
7352,-0.915527,-1.062500,0.008789,146.789551,-22.949219,-35.217285
7353,-1.036133,-0.706543,0.208984,108.703613,-50.170898,-21.606445
7354,-1.022949,-0.435547,0.191406,51.269531,-63.598633,-23.254395
7355,-0.687988,-0.062012,-0.057129,-68.054199,-45.837402,-25.695801
7356,-0.622070,-0.132812,-0.220215,-101.928711,-32.226562,-23.437500
7357,-0.594238,-0.516602,-0.551270,-114.685059,-2.746582,-17.395020
7358,-0.660156,-0.988770,-0.855469,-109.558105,-16.540527,6.408691
7359,-0.836426,-2.164551,-1.437988,-53.100586,-39.550781,30.212402
7360,-0.546875,-1.855957,-0.783691,105.895996,13.793945,10.192871
7361,-0.609375,-1.294434,0.400879,147.705078,51.879883,-31.860352
7362,-0.582520,-1.056152,0.364746,120.178223,57.128906,-40.893555
7363,-0.541016,-0.864746,0.396973,92.346191,58.715820,-42.236328
7364,-0.437988,-0.680176,0.399902,41.870117,46.325684,-45.837402
7365,-0.399902,-0.672363,0.391602,23.620605,39.184570,-50.659180
7366,-0.372559,-0.690430,0.402832,9.033203,32.348633,-55.603027
7367,-0.385742,-0.747070,0.427734,-3.417969,24.475098,-58.349609
7368,-0.456055,-0.973633,0.473145,-28.930664,-1.220703,-62.927246
7369,-0.465332,-1.084961,0.483887,-44.799805,-18.981934,-64.575195
7370,-0.448730,-1.141602,0.448730,-66.345215,-39.123535,-63.415527
7371,-0.427734,-1.206055,0.253906,-112.426758,-69.824219,-54.199219
7372,-0.378418,-1.169434,0.146973,-123.840332,-79.589844,-52.124023
7373,-0.313477,-1.083984,0.056641,-125.122070,-87.524414,-50.842285
7374,-0.190430,-0.865723,-0.108398,-97.229004,-96.435547,-43.640137
7375,-0.166504,-0.789062,-0.173828,-73.486328,-97.229004,-38.391113
7376,-0.174805,-0.738281,-0.253418,-46.936035,-95.214844,-33.874512
7377,-0.213867,-0.661133,-0.420898,24.841309,-78.125000,-31.250000
7378,-0.231934,-0.603027,-0.381836,57.128906,-69.274902,-23.010254
7379,-0.270508,-0.577148,-0.377930,74.707031,-45.593262,-5.004883
7380,-0.355957,-0.583008,-0.412109,63.720703,-29.296875,-0.793457
7381,-0.383789,-0.582031,-0.427246,49.133301,-13.183594,1.892090
7382,-0.395020,-0.583008,-0.442383,33.996582,-1.770020,3.723145
7383,-0.401855,-0.568359,-0.490723,22.216797,7.080078,7.202148
7384,-0.393066,-0.613770,-0.636230,18.981934,25.512695,17.456055
7385,-0.385742,-0.666016,-0.562988,17.761230,37.902832,22.949219
7386,-0.365723,-0.747559,-0.408691,-1.647949,46.203613,34.545898
7387,-0.357422,-0.816895,-0.354492,-12.145996,40.710449,37.414551
7388,-0.337891,-0.966309,-0.294434,-29.663086,18.920898,35.278320
7389,-0.341797,-1.058105,-0.291504,-35.156250,7.202148,30.639648
7390,-0.349609,-1.144531,-0.314453,-37.841797,-2.563477,25.634766
7391,-0.349609,-1.231934,-0.352051,-37.475586,-9.765625,21.118164
7392,-0.346680,-1.268555,-0.415039,-34.179688,-12.023926,17.395020
7393,-0.325195,-1.103027,-0.571289,-27.465820,6.652832,24.108887
7394,-0.347168,-1.057129,-0.585449,-21.789551,25.512695,31.005859
7395,-0.345215,-1.025879,-0.599121,-15.136719,44.250488,34.423828
7396,-0.324707,-1.127930,-0.437500,-17.517090,75.622559,31.677246
7397,-0.339355,-1.216797,-0.243652,-27.648926,71.716309,23.620605
7398,-0.348145,-1.271973,-0.100098,-44.311523,51.757812,16.662598
7399,-0.401855,-1.376953,-0.247070,-62.316895,16.906738,18.310547
7400,-0.482422,-1.445801,-0.287109,-57.922363,13.488770,24.353027
7401,-0.557617,-1.445312,-0.250488,-51.086426,10.681152,28.137207
7402,-0.600586,-1.163086,-0.177246,-49.011230,11.596680,32.470703
7403,-0.587891,-0.984863,-0.152832,-48.828125,16.418457,30.822754
7404,-0.564941,-0.834961,-0.124023,-46.997070,20.996094,28.930664
7405,-0.578125,-0.677734,-0.047363,-33.996582,22.827148,22.827148
7406,-0.607910,-0.649414,-0.019531,-22.216797,18.249512,19.104004
7407,-0.640137,-0.621582,0.014648,-10.559082,11.718750,16.052246
7408,-0.673340,-0.589355,0.058594,-3.356934,3.540039,14.526367
7409,-0.782227,-0.602539,0.130859,-2.563477,-17.150879,10.925293
7410,-0.830566,-0.639648,0.170898,-6.774902,-29.602051,7.080078
7411,-0.778809,-0.641113,-0.029297,-26.000977,-52.001953,-6.958008
7412,-0.696289,-0.598145,-0.172852,-32.531738,-47.668457,-8.544922
7413,-0.568359,-0.582031,-0.235840,-33.386230,-37.719727,-3.784180
7414,-0.447754,-0.665527,-0.360352,-23.681641,-43.029785,7.873535
7415,-0.282715,-0.729004,-0.490723,3.479004,-79.711914,29.052734
7416,-0.259277,-0.739258,-0.645020,2.502441,-94.604492,34.973145
7417,-0.271484,-0.725098,-0.750488,-9.338379,-88.317871,37.841797
7418,-0.299805,-0.682129,-0.603027,-51.696777,-43.884277,33.630371
7419,-0.323242,-0.663574,-0.482910,-66.528320,-25.390625,27.893066
7420,-0.347168,-0.637695,-0.382812,-68.664551,-11.535645,20.996094
7421,-0.385254,-0.535156,-0.247559,-42.236328,11.718750,6.530762
7422,-0.407715,-0.518555,-0.187500,-23.437500,25.024414,-1.708984
7423,-0.431152,-0.479492,-0.135742,-8.666992,37.658691,-9.582520
7424,-0.489258,-0.462891,-0.101074,1.953125,49.987793,-18.127441
7425,-0.573242,-0.473145,-0.101074,12.695312,68.603516,-36.315918
7426,-0.581543,-0.503906,-0.135254,15.441895,71.899414,-42.358398
7427,-0.519531,-0.579590,-0.277832,15.930176,62.438965,-43.762207
7428,-0.449707,-0.639648,-0.422363,15.075684,47.180176,-40.527344
7429,-0.395508,-0.709473,-0.547363,15.869141,27.587891,-35.217285
7430,-0.375000,-0.791016,-0.696289,16.723633,10.192871,-30.578613
7431,-0.359863,-1.017578,-0.922363,47.302246,-16.235352,-20.690918
7432,-0.345215,-1.145508,-0.923828,53.894043,-16.906738,-14.221191
7433,-0.316895,-1.234375,-0.897949,43.579102,-12.573242,-11.779785
7434,-0.167480,-1.197266,-0.951660,7.812500,-10.314941,-17.700195
7435,-0.419922,-1.145996,-0.514160,-2.685547,-16.479492,-17.150879
7436,-0.591797,-0.970703,-0.292969,-21.240234,-28.808594,-16.540527
7437,-0.759277,-0.805664,-0.292969,-38.574219,-28.320312,-20.568848
7438,-0.783203,-0.783691,-0.319336,-37.658691,-13.244629,-26.367188
7439,-0.810547,-0.812012,-0.319824,-32.043457,5.310059,-27.648926
7440,-0.851562,-0.885742,-0.264160,-18.798828,20.324707,-24.047852
7441,-0.842285,-1.031738,-0.128906,16.052246,23.864746,-5.432129
7442,-0.778809,-1.046875,-0.081055,25.695801,25.207520,-0.305176
7443,-0.623535,-0.948242,-0.015137,14.831543,32.043457,-6.103516
7444,-0.541504,-0.862793,-0.005371,5.249023,34.484863,-10.559082
7445,-0.467285,-0.781738,-0.009277,-2.136230,35.583496,-12.817383
7446,-0.356934,-0.693848,-0.028320,-5.676270,34.118652,-12.512207
7447,-0.317383,-0.682129,-0.020508,-2.868652,30.578613,-11.291504
7448,-0.285645,-0.682617,-0.018066,-0.305176,25.390625,-9.399414
7449,-0.324219,-0.774414,-0.038086,-2.380371,15.747070,1.770020
7450,-0.385742,-0.876465,-0.072266,-3.906250,11.535645,9.033203
7451,-0.447754,-0.962891,-0.105957,-3.173828,7.751465,15.502930
7452,-0.551758,-1.090820,-0.150391,12.329102,2.258301,25.512695
7453,-0.583008,-1.094727,-0.118164,26.367188,-0.976562,27.465820
7454,-0.599121,-1.065430,-0.065918,38.940430,-5.187988,27.160645
7455,-0.511719,-0.907715,0.014648,48.522949,-19.531250,19.653320
7456,-0.468750,-0.832031,-0.016602,44.677734,-27.893066,16.174316
7457,-0.439453,-0.783203,-0.077148,40.222168,-35.095215,12.023926
7458,-0.368652,-0.713867,-0.216797,41.137695,-42.175293,5.554199
7459,-0.340820,-0.686523,-0.274414,46.752930,-43.395996,6.164551
7460,-0.304688,-0.670898,-0.341797,58.898926,-42.297363,10.864258
7461,-0.299805,-0.677246,-0.349609,62.927246,-46.997070,12.023926
7462,-0.306152,-0.681641,-0.392578,62.622070,-55.236816,12.207031
7463,-0.313965,-0.710938,-0.721680,49.011230,-57.495117,13.427734
7464,-0.328613,-0.714844,-0.869141,53.649902,-42.480469,16.967773
7465,-0.385742,-0.824219,-0.623047,12.756348,-8.422852,23.681641
7466,-0.411133,-0.861328,-0.541016,-13.549805,5.310059,24.475098
7467,-0.423340,-0.890625,-0.479004,-30.395508,13.549805,24.658203
7468,-0.432129,-0.924805,-0.430176,-39.123535,18.859863,24.902344
7469,-0.508301,-1.006348,-0.340820,-38.391113,31.005859,24.169922
7470,-0.532715,-1.011230,-0.286621,-32.714844,36.865234,22.155762
7471,-0.519043,-0.981445,-0.248535,-26.245117,43.640137,21.362305
7472,-0.477539,-0.917480,-0.248535,-16.662598,65.185547,22.583008
7473,-0.446289,-0.935059,-0.185547,-16.662598,75.988770,20.935059
7474,-0.424316,-0.979004,-0.103516,-18.493652,80.566406,17.700195
7475,-0.443848,-1.031738,-0.097168,-16.540527,74.340820,16.845703
7476,-0.476074,-1.100586,-0.121582,-13.854980,67.138672,17.395020
7477,-0.532227,-1.152344,-0.116211,-11.352539,60.302734,18.127441
7478,-0.608398,-1.184082,-0.113281,-8.728027,46.752930,18.859863
7479,-0.774902,-1.194824,-0.127930,-5.859375,39.978027,19.104004
7480,-0.826660,-1.140137,-0.131836,-2.624512,33.264160,19.287109
7481,-0.848145,-1.032227,-0.116211,-0.122070,25.451660,19.592285
7482,-0.825684,-0.762695,-0.113281,0.671387,6.408691,15.258789
7483,-0.766113,-0.627441,-0.159180,-0.610352,2.136230,11.718750
7484,-0.695312,-0.520996,-0.198242,-1.403809,2.197266,10.009766
7485,-0.571777,-0.414062,-0.215332,-2.258301,10.437012,11.352539
7486,-0.513184,-0.413574,-0.197266,-3.173828,15.075684,14.099121
7487,-0.487305,-0.456055,-0.187500,-3.173828,18.249512,17.150879
7488,-0.460938,-0.597168,-0.181641,-3.967285,22.094727,18.920898
7489,-0.455078,-0.658691,-0.183594,-4.577637,21.362305,18.920898
7490,-0.468750,-0.715820,-0.183594,-3.845215,17.639160,19.470215
7491,-0.519043,-0.812500,-0.190918,0.671387,2.624512,17.639160
7492,-0.537598,-0.833984,-0.189941,1.770020,-6.591797,15.991211
7493,-0.554199,-0.834473,-0.193848,1.037598,-15.563965,15.014648
7494,-0.593750,-0.775879,-0.220215,-0.549316,-30.517578,14.770508
7495,-0.616211,-0.742676,-0.260254,0.000000,-33.569336,15.625000
7496,-0.633789,-0.717773,-0.283691,1.220703,-33.020020,16.174316
7497,-0.624023,-0.692383,-0.281250,3.906250,-27.465820,17.333984
7498,-0.603516,-0.699707,-0.269531,3.601074,-25.207520,16.967773
7499,-0.580078,-0.713379,-0.268066,1.525879,-23.010254,15.747070
7500,-0.555664,-0.715820,-0.261719,-5.126953,-20.385742,11.657715
7501,-0.542969,-0.697754,-0.242188,-8.422852,-21.118164,9.399414
7502,-0.549805,-0.694824,-0.244141,-11.230469,-22.521973,7.385254
7503,-0.559082,-0.700195,-0.245117,-13.183594,-23.620605,5.676270
7504,-0.577637,-0.718750,-0.253906,-12.329102,-23.559570,2.868652
7505,-0.579590,-0.731934,-0.256836,-10.192871,-21.911621,1.953125
7506,-0.581055,-0.747559,-0.259277,-7.385254,-19.836426,1.220703
7507,-0.571289,-0.768555,-0.256836,-2.502441,-17.395020,-0.976562
7508,-0.562988,-0.763672,-0.256836,-0.305176,-17.822266,-2.197266
7509,-0.554688,-0.750977,-0.260742,1.953125,-19.409180,-2.868652
7510,-0.556641,-0.735352,-0.266113,3.173828,-21.301270,-2.807617
7511,-0.599609,-0.731445,-0.272949,2.197266,-25.512695,-3.784180
7512,-0.618652,-0.738281,-0.271973,-0.183105,-28.076172,-4.699707
7513,-0.629883,-0.742188,-0.251953,-6.713867,-37.780762,-6.103516
7514,-0.632324,-0.732910,-0.249023,-9.826660,-44.189453,-6.835938
7515,-0.635742,-0.725586,-0.250000,-11.779785,-49.621582,-7.385254
7516,-0.639160,-0.721191,-0.248047,-12.878418,-53.405762,-8.056641
7517,-0.637695,-0.727539,-0.259766,-13.854980,-54.748535,-8.483887
7518,-0.636230,-0.741699,-0.264648,-13.183594,-52.795410,-8.544922
7519,-0.634766,-0.753906,-0.263672,-12.207031,-50.476074,-8.728027
7520,-0.634277,-0.769043,-0.255859,-8.911133,-49.377441,-7.263184
7521,-0.631348,-0.771484,-0.254883,-7.629395,-51.147461,-6.103516
7522,-0.640625,-0.780762,-0.251465,-7.080078,-54.992676,-5.004883
7523,-0.650391,-0.777344,-0.258301,-6.713867,-63.842773,-4.272461
7524,-0.661133,-0.758789,-0.288574,-6.835938,-66.101074,-4.272461
7525,-0.665527,-0.741699,-0.294434,-7.263184,-66.528320,-4.211426
7526,-0.665039,-0.715332,-0.297363,-7.629395,-65.124512,-3.295898
7527,-0.659180,-0.688965,-0.289551,-8.605957,-58.837891,-1.220703
7528,-0.647949,-0.691406,-0.274902,-9.765625,-55.114746,-0.915527
7529,-0.638184,-0.699707,-0.262695,-11.169434,-51.330566,-1.281738
7530,-0.615723,-0.715820,-0.243652,-16.845703,-44.128418,-1.220703
7531,-0.602051,-0.736328,-0.247070,-20.935059,-38.879395,-1.831055
7532,-0.589355,-0.750977,-0.249512,-24.291992,-32.592773,-3.173828
7533,-0.551270,-0.779785,-0.227051,-31.494141,-20.263672,-6.591797
7534,-0.546875,-0.792480,-0.216797,-35.461426,-14.953613,-8.605957
7535,-0.557129,-0.793457,-0.199219,-42.236328,-8.850098,-13.854980
7536,-0.572266,-0.787109,-0.201172,-43.762207,-6.896973,-17.578125
7537,-0.587891,-0.770996,-0.207031,-43.884277,-4.638672,-23.132324
7538,-0.619629,-0.729492,-0.215820,-37.780762,2.075195,-32.714844
7539,-0.637207,-0.713867,-0.208008,-33.752441,5.371094,-36.499023
7540,-0.654785,-0.706543,-0.207520,-29.846191,7.690430,-39.611816
7541,-0.670898,-0.707520,-0.212402,-25.817871,9.948730,-42.358398
7542,-0.687012,-0.681641,-0.240723,-18.188477,15.808105,-45.410156
7543,-0.684082,-0.665039,-0.241211,-14.648438,18.493652,-46.325684
7544,-0.691895,-0.644531,-0.228516,-7.629395,18.310547,-48.645020
7545,-0.703125,-0.631348,-0.221191,-3.356934,15.930176,-47.180176
7546,-0.722656,-0.636719,-0.210449,0.366211,12.390137,-44.189453
7547,-0.745605,-0.647461,-0.198730,2.868652,7.873535,-41.564941
7548,-0.805664,-0.657715,-0.199707,2.929688,-2.014160,-36.071777
7549,-0.823730,-0.659668,-0.199707,1.892090,-7.019043,-33.813477
7550,-0.812500,-0.622559,-0.206543,-0.976562,-20.446777,-30.883789
7551,-0.769043,-0.590820,-0.230469,-0.183105,-27.770996,-29.541016
7552,-0.722168,-0.573730,-0.263184,1.159668,-32.836914,-27.893066
7553,-0.670410,-0.597656,-0.297363,3.295898,-33.569336,-26.367188
7554,-0.594238,-0.661133,-0.271484,2.624512,-28.442383,-25.085449
7555,-0.574707,-0.686523,-0.246094,0.549316,-26.245117,-24.475098
7556,-0.569336,-0.711426,-0.222168,-2.563477,-24.719238,-23.559570
7557,-0.589355,-0.765625,-0.195312,-8.728027,-23.132324,-20.812988
7558,-0.614746,-0.784668,-0.185547,-7.934570,-22.705078,-18.249512
7559,-0.645996,-0.831055,-0.174805,-1.342773,-21.240234,-15.380859
7560,-0.672852,-0.899414,-0.116699,17.944336,-17.211914,-15.625000
7561,-0.666992,-0.906738,-0.079102,25.634766,-14.709473,-16.662598
7562,-0.641602,-0.891602,-0.021484,29.113770,-12.695312,-16.357422
7563,-0.570312,-0.859863,0.086914,25.512695,-19.958496,-13.000488
7564,-0.530273,-0.840820,0.116699,23.132324,-31.127930,-13.671875
7565,-0.491211,-0.827637,0.113281,20.324707,-44.616699,-15.686035
7566,-0.391602,-0.841797,0.075195,5.981445,-67.565918,-25.939941
7567,-0.360352,-0.856934,0.049805,-7.629395,-74.768066,-31.616211
7568,-0.333496,-0.887695,0.018555,-20.629883,-80.749512,-37.048340
7569,-0.312012,-0.927246,0.003418,-31.677246,-87.036133,-42.602539
7570,-0.205078,-1.087402,-0.130371,-32.592773,-103.942871,-50.476074
7571,-0.126465,-1.250977,-0.369629,-6.591797,-116.577148,-49.377441
7572,-0.083496,-1.395020,-0.437012,17.639160,-114.501953,-50.231934
7573,-0.033691,-1.473633,-0.406738,20.385742,-81.665039,-51.818848
7574,-0.014160,-1.356934,-0.370117,5.187988,-63.659668,-48.706055
7575,-0.030762,-1.216309,-0.379883,-6.835938,-46.813965,-41.870117
7576,-0.168457,-0.947266,-0.392578,-1.708984,-10.498047,-29.907227
7577,-0.231445,-0.862793,-0.360352,5.371094,7.629395,-25.756836
7578,-0.276855,-0.832031,-0.300293,9.948730,24.963379,-22.277832
7579,-0.311035,-0.845215,-0.192871,7.507324,34.912109,-18.676758
7580,-0.365723,-0.883301,-0.155762,0.854492,38.452148,-15.136719
7581,-0.365723,-0.885254,-0.116699,1.098633,37.536621,-14.587402
7582,-0.351074,-0.887695,-0.053711,-2.319336,24.780273,-11.474609
7583,-0.360840,-0.891113,-0.054688,-5.310059,16.601562,-9.033203
7584,-0.381836,-0.903320,-0.055176,-7.385254,8.544922,-6.530762
7585,-0.448242,-0.933105,-0.094727,-10.009766,-2.258301,-2.868652
7586,-0.478516,-0.937500,-0.115723,-10.253906,-3.845215,-2.136230
7587,-0.494141,-0.938477,-0.137695,-10.864258,-1.647949,-1.770020
7588,-0.491211,-0.913574,-0.144043,-12.451172,3.540039,-1.647949
7589,-0.455078,-0.857910,-0.136230,-12.817383,13.793945,1.831055
7590,-0.441406,-0.838867,-0.131348,-10.070801,16.601562,3.662109
7591,-0.428711,-0.833008,-0.127930,-6.896973,17.761230,5.065918
7592,-0.467285,-0.890137,-0.174316,-4.943848,21.057129,8.056641
7593,-0.507812,-0.921875,-0.208984,-4.577637,23.559570,10.253906
7594,-0.545898,-0.935547,-0.238281,-2.441406,25.024414,13.000488
7595,-0.558594,-0.869141,-0.275879,-5.249023,25.695801,22.766113
7596,-0.532227,-0.811035,-0.335938,-9.521484,29.418945,29.235840
7597,-0.459473,-0.717773,-0.396484,0.610352,42.602539,35.339355
7598,-0.429199,-0.699707,-0.365723,10.681152,47.058105,37.231445
7599,-0.421387,-0.721680,-0.308594,15.991211,48.400879,39.123535
7600,-0.419922,-0.771484,-0.266113,12.695312,42.297363,40.893555
7601,-0.437500,-0.848145,-0.277344,11.230469,38.818359,41.564941
7602,-0.445312,-0.868652,-0.276367,11.413574,35.644531,42.053223
7603,-0.448730,-0.881348,-0.270020,11.962891,33.081055,42.419434
7604,-0.452637,-0.898926,-0.249023,11.474609,28.625488,44.250488
7605,-0.454590,-0.908203,-0.251953,11.169434,25.939941,45.593262
7606,-0.439941,-0.918945,-0.244629,11.352539,22.338867,46.325684
7607,-0.419434,-0.955566,-0.236816,18.554688,7.263184,45.593262
7608,-0.415527,-0.974121,-0.223633,26.184082,-2.563477,44.189453
7609,-0.415527,-0.988770,-0.208984,31.921387,-10.498047,41.809082
7610,-0.415039,-0.977051,-0.157227,30.395508,-13.488770,31.311035
7611,-0.409180,-0.936035,-0.143555,11.535645,-6.713867,17.578125
7612,-0.427246,-0.783691,-0.218262,1.831055,-0.976562,14.404297
7613,-0.451172,-0.716797,-0.304199,-3.295898,8.300781,14.953613
7614,-0.490723,-0.675293,-0.406738,-0.793457,28.015137,22.949219
7615,-0.503418,-0.701660,-0.437988,4.821777,34.362793,27.160645
7616,-0.507812,-0.735840,-0.466797,11.108398,38.146973,30.090332
7617,-0.528320,-0.801270,-0.484375,21.240234,43.334961,31.677246
7618,-0.566895,-0.816895,-0.444336,21.057129,43.640137,31.738281
7619,-0.617676,-0.827637,-0.395020,16.540527,42.968750,31.616211
7620,-0.672363,-0.850586,-0.358398,11.413574,42.785645,31.250000
7621,-0.740723,-0.889648,-0.293457,10.192871,47.180176,30.395508
7622,-0.758789,-0.902832,-0.252930,15.136719,51.269531,31.311035
7623,-0.784668,-0.935547,-0.176758,31.738281,53.833008,34.057617
7624,-0.776367,-0.948242,-0.174316,37.902832,50.415039,34.362793
7625,-0.753906,-0.958008,-0.201660,40.527344,46.020508,34.179688
7626,-0.722168,-0.965820,-0.241211,39.489746,42.541504,33.813477
7627,-0.674316,-0.922852,-0.304199,27.099609,39.489746,33.874512
7628,-0.657227,-0.864746,-0.333008,15.380859,40.771484,32.470703
7629,-0.666016,-0.723145,-0.350586,-11.474609,51.574707,27.648926
7630,-0.653809,-0.651855,-0.354980,-17.395020,60.485840,25.939941
7631,-0.639160,-0.613281,-0.356934,-16.174316,69.213867,25.634766
7632,-0.623535,-0.604980,-0.362305,-7.263184,77.514648,24.902344
7633,-0.572266,-0.556641,-0.262207,14.526367,90.209961,22.827148
7634,-0.519043,-0.522461,-0.186035,22.521973,92.529297,23.071289
7635,-0.473633,-0.497070,-0.136719,28.137207,91.308594,25.939941
7636,-0.439453,-0.551758,-0.141113,38.391113,82.885742,34.790039
7637,-0.439941,-0.623535,-0.168457,42.541504,76.965332,35.339355
7638,-0.433594,-0.677734,-0.181152,46.081543,69.641113,33.691406
7639,-0.397461,-0.770020,-0.191895,52.246094,52.246094,28.747559
7640,-0.380859,-0.808594,-0.173340,54.382324,42.358398,25.207520
7641,-0.371582,-0.843262,-0.150391,52.795410,31.433105,21.240234
7642,-0.345703,-0.844727,-0.104492,42.236328,10.314941,12.451172
7643,-0.339355,-0.833496,-0.115234,32.592773,2.075195,9.887695
7644,-0.350586,-0.787109,-0.124512,20.263672,-3.173828,8.972168
7645,-0.366699,-0.742188,-0.163086,5.187988,-5.065918,8.300781
7646,-0.417969,-0.680176,-0.268555,-17.395020,-1.464844,3.906250
7647,-0.448730,-0.660645,-0.317871,-21.728516,0.854492,-0.549316
7648,-0.478516,-0.647949,-0.366699,-21.606445,3.356934,-4.638672
7649,-0.535156,-0.651367,-0.447754,-13.122559,7.690430,-12.817383
7650,-0.562012,-0.668457,-0.497070,-8.972168,9.155273,-15.686035
7651,-0.574707,-0.682129,-0.543457,-5.371094,10.986328,-17.883301
7652,-0.620117,-0.662109,-0.591309,-0.793457,15.808105,-20.935059
7653,-0.637695,-0.635742,-0.579102,-1.281738,20.141602,-22.216797
7654,-0.664551,-0.596191,-0.462402,-3.662109,27.282715,-23.376465
7655,-0.679199,-0.583496,-0.403320,-2.014160,26.550293,-23.803711
7656,-0.678223,-0.561035,-0.355469,0.793457,23.681641,-23.254395
7657,-0.660645,-0.549805,-0.257812,2.258301,19.287109,-21.606445
7658,-0.630371,-0.557617,-0.227539,-0.854492,18.676758,-22.277832
7659,-0.604004,-0.569336,-0.226562,-5.493164,18.188477,-22.949219
7660,-0.605957,-0.600586,-0.247070,1.831055,10.192871,-18.493652
7661,-0.640137,-0.610840,-0.264160,18.615723,-1.708984,-10.620117
7662,-0.694824,-0.639160,-0.312988,37.048340,-16.052246,-0.549316
7663,-0.802246,-0.741699,-0.462402,69.824219,-39.245605,23.010254
7664,-0.862793,-0.912109,-0.537109,89.843750,-52.246094,40.222168
7665,-0.858398,-1.169922,-0.706543,120.605469,-60.791016,53.405762
7666,-0.805664,-1.354980,-0.721191,177.490234,-48.156738,54.748535
7667,-0.742188,-1.018555,0.064941,255.615234,-9.704590,36.376953
7668,-0.739746,-0.891602,0.302246,223.815918,-5.493164,25.817871
7669,-0.613281,-0.787109,0.299805,82.092285,7.141113,0.061035
7670,-0.569336,-0.764648,0.280762,27.099609,16.357422,-9.399414
7671,-0.584473,-0.795410,0.302246,-3.112793,20.812988,-15.930176
7672,-0.608398,-0.890137,0.297852,-11.169434,19.531250,-23.010254
7673,-0.563477,-1.144531,0.136230,14.343262,12.207031,-42.419434
7674,-0.504883,-1.147949,0.089844,34.729004,18.371582,-50.964355
7675,-0.483398,-1.101074,0.120117,42.663574,26.184082,-56.884766
7676,-0.376953,-1.037598,0.154297,32.958984,36.376953,-53.222656
7677,-0.326172,-1.039062,0.167480,31.372070,36.560059,-49.377441
7678,-0.269531,-1.048340,0.168945,36.132812,35.827637,-46.508789
7679,-0.152832,-1.029785,0.193848,49.865723,35.400391,-47.485352
7680,-0.111816,-1.013184,0.216309,50.720215,34.301758,-48.706055
7681,-0.097168,-1.008301,0.240723,45.593262,30.822754,-48.461914
7682,-0.087402,-1.007324,0.267578,33.752441,24.353027,-46.752930
7683,-0.096191,-1.056152,0.261719,-2.563477,1.586914,-40.771484
7684,-0.115234,-1.076172,0.222656,-23.681641,-13.916016,-38.940430
7685,-0.186035,-1.068359,0.076172,-60.668945,-40.893555,-34.973145
7686,-0.223145,-1.042969,-0.001465,-77.148438,-48.583984,-34.179688
7687,-0.262207,-1.008789,-0.086426,-92.956543,-55.236816,-39.550781
7688,-0.299805,-0.888672,-0.217773,-87.829590,-57.189941,-42.358398
7689,-0.320801,-0.830566,-0.255371,-74.279785,-60.668945,-42.968750
7690,-0.349121,-0.776855,-0.265625,-57.128906,-65.551758,-40.954590
7691,-0.400879,-0.724609,-0.317383,-28.442383,-69.335938,-30.761719
7692,-0.400391,-0.701172,-0.353516,-17.211914,-60.607910,-24.230957
7693,-0.404297,-0.717773,-0.378906,-9.887695,-44.921875,-17.089844
7694,-0.413574,-0.749023,-0.346191,-5.432129,-5.432129,-4.821777
7695,-0.408203,-0.770020,-0.317383,-6.713867,12.634277,0.183105
7696,-0.399902,-0.783203,-0.267090,-9.826660,26.367188,4.577637
7697,-0.364746,-0.828125,-0.166504,-12.390137,31.494141,13.427734
7698,-0.348145,-0.861816,-0.144043,-12.268066,24.353027,16.784668
7699,-0.330078,-0.897461,-0.153809,-13.305664,15.625000,18.676758
7700,-0.309570,-0.969238,-0.197754,-23.559570,5.676270,19.287109
7701,-0.305664,-1.021484,-0.204590,-29.602051,3.234863,16.662598
7702,-0.296875,-1.062012,-0.189453,-36.254883,0.061035,11.901855
7703,-0.250977,-1.086426,-0.191406,-51.452637,-11.230469,3.479004
7704,-0.231445,-1.086426,-0.212891,-56.884766,-18.371582,2.258301
7705,-0.217773,-1.095215,-0.254395,-60.546875,-24.291992,2.807617
7706,-0.214355,-1.106445,-0.310547,-61.096191,-28.137207,3.479004
7707,-0.207031,-1.093750,-0.454590,-55.297852,-26.489258,6.958008
7708,-0.218262,-1.079590,-0.561523,-44.128418,-17.150879,10.742188
7709,-0.290039,-1.061035,-0.574219,-35.461426,19.592285,22.460938
7710,-0.333496,-1.045898,-0.480957,-45.532227,29.724121,25.695801
7711,-0.402344,-1.030762,-0.425293,-60.729980,30.761719,29.174805
7712,-0.470215,-1.071289,-0.456055,-78.247070,22.583008,32.775879
7713,-0.501953,-1.138672,-0.457031,-83.374023,21.667480,35.888672
7714,-0.521484,-1.200195,-0.461426,-83.679199,24.108887,36.621094
7715,-0.480957,-1.237793,-0.312012,-90.759277,26.916504,31.738281
7716,-0.443359,-1.231934,-0.231445,-101.074219,24.414062,24.780273
7717,-0.380859,-1.197266,-0.139648,-109.985352,15.808105,15.991211
7718,-0.264648,-1.082520,-0.011719,-119.567871,-18.920898,-1.159668
7719,-0.234375,-1.030762,0.020020,-121.643066,-41.992188,-8.300781
7720,-0.239746,-0.966797,0.012207,-117.980957,-65.429688,-15.563965
7721,-0.270996,-0.890137,-0.015137,-109.069824,-85.937500,-21.545410
7722,-0.335938,-0.764648,-0.003906,-101.684570,-108.154297,-19.531250
7723,-0.370605,-0.738770,0.023438,-104.003906,-112.182617,-16.113281
7724,-0.403320,-0.732422,0.015137,-104.675293,-112.487793,-12.512207
7725,-0.485352,-0.800781,-0.061035,-92.529297,-96.130371,-6.225586
7726,-0.536621,-0.839355,-0.074707,-83.190918,-81.298828,-6.958008
7727,-0.557617,-0.846191,-0.069824,-73.852539,-63.842773,-8.605957
7728,-0.564941,-0.836426,-0.063477,-64.453125,-46.020508,-10.559082
7729,-0.532227,-0.741699,-0.057617,-35.644531,-13.244629,-16.845703
7730,-0.441895,-0.640625,0.035156,0.671387,-0.183105,-25.695801
7731,-0.416504,-0.611328,0.049805,11.901855,-4.150391,-26.184082
7732,-0.413574,-0.604980,0.022461,15.136719,-8.361816,-24.291992
7733,-0.422852,-0.614746,-0.024414,15.258789,-11.352539,-23.193359
7734,-0.401855,-0.712402,0.003418,-14.892578,-72.265625,-9.948730
7735,-0.470703,-0.838867,-0.413574,0.000000,-148.681641,-8.178711
7736,-0.385742,-0.785645,-0.495605,-7.934570,-168.762207,-9.765625
7737,-0.308105,-0.713867,-0.563477,-14.160156,-174.621582,-10.742188
7738,-0.324707,-0.680664,-0.590332,-15.808105,-157.043457,-15.808105
7739,-0.375000,-0.659668,-0.567383,-14.831543,-129.943848,-22.277832
7740,-0.457031,-0.635742,-0.435547,-10.070801,-62.683105,-42.297363
7741,-0.478516,-0.623047,-0.313965,-9.948730,-34.057617,-52.124023
7742,-0.482422,-0.604980,-0.219238,-17.639160,-16.113281,-60.424805
7743,-0.488770,-0.600586,-0.171875,-30.212402,-8.544922,-64.147949
7744,-0.541504,-0.625488,-0.294922,-52.673340,-25.390625,-64.514160
7745,-0.552246,-0.619629,-0.416504,-59.204102,-42.297363,-62.622070
7746,-0.504395,-0.615234,-0.733887,-64.147949,-72.753906,-55.480957
7747,-0.490723,-0.665039,-0.847168,-69.885254,-68.908691,-49.255371
7748,-0.474609,-0.739746,-0.904297,-66.772461,-54.321289,-39.733887
7749,-0.458496,-0.846191,-0.912598,-40.039062,-34.484863,-25.146484
7750,-0.504395,-1.080078,-0.539062,44.860840,-17.211914,-4.455566
7751,-0.578613,-1.075684,-0.367676,65.734863,-20.202637,-4.699707
7752,-0.806152,-0.941406,-0.059570,72.082520,-23.498535,-11.657715
7753,-0.809082,-0.822266,0.056152,52.185059,-25.451660,-20.996094
7754,-0.763672,-0.698730,0.131836,22.888184,-32.287598,-30.090332
7755,-0.601074,-0.638672,-0.027832,-44.555664,-59.387207,-33.447266
7756,-0.541016,-0.736328,-0.267578,-67.871094,-68.908691,-29.479980
7757,-0.524414,-0.862793,-0.485352,-76.904297,-79.284668,-23.071289
7758,-0.576172,-1.088379,-0.720215,-67.260742,-99.182129,-8.850098
7759,-0.516113,-1.499512,-0.776855,28.320312,-78.491211,-13.732910
7760,-0.431641,-1.292969,-0.271973,52.795410,-43.457031,-20.690918
7761,-0.463379,-1.136719,0.023926,38.330078,-22.216797,-25.634766
7762,-0.583984,-0.928711,0.092285,-15.136719,2.441406,-33.996582
7763,-0.576660,-0.839844,0.095215,-35.156250,11.047363,-41.137695
7764,-0.540527,-0.782715,0.070312,-49.011230,17.333984,-47.546387
7765,-0.419434,-0.715820,0.002441,-49.194336,28.747559,-52.917480
7766,-0.375488,-0.697266,0.029297,-41.625977,31.005859,-51.391602
7767,-0.346191,-0.701660,0.050781,-33.752441,28.381348,-48.767090
7768,-0.305664,-0.818848,0.086426,-23.193359,11.474609,-40.222168
7769,-0.295410,-0.929688,0.085938,-22.644043,-1.708984,-38.391113
7770,-0.282227,-1.029297,0.066406,-23.559570,-16.357422,-39.001465
7771,-0.282227,-1.158203,-0.013672,-22.033691,-47.058105,-41.503906
7772,-0.287109,-1.179199,-0.091797,-20.141602,-58.349609,-39.123535
7773,-0.299316,-1.170410,-0.163086,-13.244629,-66.894531,-34.423828
7774,-0.301270,-1.080566,-0.189453,11.596680,-82.519531,-22.460938
7775,-0.294434,-1.005371,-0.174805,23.864746,-89.111328,-21.057129
7776,-0.284668,-0.888672,-0.182129,31.555176,-87.524414,-19.409180
7777,-0.315430,-0.726562,-0.268555,33.691406,-78.613281,-17.639160
7778,-0.332520,-0.680176,-0.313965,37.902832,-66.650391,-15.258789
7779,-0.352539,-0.641113,-0.332520,43.212891,-52.917480,-12.145996
7780,-0.357910,-0.594727,-0.339355,45.410156,-25.207520,-3.479004
7781,-0.353027,-0.593750,-0.325684,43.212891,-14.404297,1.403809
7782,-0.354980,-0.624512,-0.306641,39.489746,-7.446289,5.737305
7783,-0.356934,-0.712402,-0.275391,31.372070,-10.253906,8.972168
7784,-0.364746,-0.738770,-0.294434,24.169922,-16.845703,10.192871
7785,-0.367188,-0.775879,-0.448242,11.901855,-22.277832,16.662598
7786,-0.370117,-0.800293,-0.505859,7.324219,-16.113281,21.362305
7787,-0.375488,-0.841309,-0.514160,1.342773,-6.530762,25.573730
7788,-0.385254,-0.892578,-0.500488,-5.065918,1.708984,28.137207
7789,-0.394043,-0.934570,-0.489746,-10.681152,7.202148,28.686523
7790,-0.397461,-1.034180,-0.493164,-20.568848,12.756348,24.719238
7791,-0.390625,-1.081543,-0.507812,-24.047852,14.404297,21.240234
7792,-0.349121,-1.130859,-0.500488,-32.775879,16.601562,16.601562
7793,-0.321777,-1.104492,-0.459473,-41.503906,15.502930,15.930176
7794,-0.300293,-1.028809,-0.418457,-52.124023,11.718750,16.662598
7795,-0.309082,-0.949707,-0.430664,-60.363770,7.812500,18.676758
7796,-0.334961,-0.944336,-0.461426,-61.462402,9.704590,20.019531
7797,-0.334961,-0.999023,-0.413574,-60.729980,12.084961,20.080566
7798,-0.332031,-1.062988,-0.325684,-60.913086,9.643555,20.568848
7799,-0.333008,-1.175781,-0.232422,-62.072754,-9.948730,19.287109
7800,-0.351562,-1.181641,-0.261719,-60.241699,-17.150879,17.028809
7801,-0.389648,-1.169922,-0.305664,-55.358887,-18.066406,14.404297
7802,-0.471680,-1.187988,-0.313477,-54.199219,-4.821777,8.300781
7803,-0.479004,-1.209961,-0.291504,-58.837891,3.295898,4.516602
7804,-0.460938,-1.194824,-0.257812,-62.438965,9.155273,1.586914
7805,-0.421875,-1.159668,-0.203613,-63.293457,10.864258,-0.122070
7806,-0.324707,-1.025879,-0.073730,-57.434082,0.854492,-6.591797
7807,-0.292480,-0.928223,-0.033203,-53.466797,-8.728027,-11.169434
7808,-0.287109,-0.686035,-0.046875,-46.081543,-22.155762,-16.235352
7809,-0.318848,-0.601562,-0.061523,-43.273926,-22.827148,-13.854980
7810,-0.362793,-0.551758,-0.049316,-41.442871,-21.728516,-9.216309
7811,-0.420410,-0.539551,-0.053223,-39.489746,-19.775391,-4.089355
7812,-0.588379,-0.584961,-0.093262,-29.174805,-12.390137,0.000000
7813,-0.682617,-0.630859,-0.123535,-20.385742,-4.394531,-2.441406
7814,-0.804688,-0.675781,-0.097168,6.164551,8.972168,-13.977051
7815,-0.799316,-0.684082,-0.030762,17.822266,9.521484,-18.493652
7816,-0.767090,-0.699707,0.026367,24.414062,1.281738,-20.263672
7817,-0.620605,-0.733887,0.007324,20.568848,-28.930664,-15.136719
7818,-0.457520,-0.788086,0.067383,9.399414,-46.813965,-6.469727
7819,-0.411133,-0.957520,-0.133789,-5.737305,-100.585938,4.882812
7820,-0.367676,-0.979004,-0.321777,-19.897461,-140.686035,5.859375
7821,-0.288086,-0.967285,-0.562012,-34.179688,-159.240723,8.605957
7822,-0.245117,-0.863770,-0.556641,-35.766602,-145.996094,9.399414
7823,-0.250488,-0.806641,-0.456055,-29.663086,-134.826660,5.981445
7824,-0.318848,-0.668945,-0.317871,-12.084961,-111.145020,0.427246
7825,-0.373047,-0.636719,-0.292480,-2.197266,-93.688965,-3.601074
7826,-0.410645,-0.631836,-0.275391,7.934570,-73.120117,-10.803223
7827,-0.426270,-0.638184,-0.245605,14.770508,-50.415039,-20.751953
7828,-0.405273,-0.664551,-0.164062,8.666992,-14.587402,-42.663574
7829,-0.416504,-0.681641,-0.148926,-2.197266,-5.981445,-51.391602
7830,-0.434570,-0.684570,-0.190918,-15.869141,-0.427246,-60.607910
7831,-0.481934,-0.728027,-0.308594,-33.081055,5.004883,-70.007324
7832,-0.502930,-0.739258,-0.357422,-38.085938,-0.549316,-72.021484
7833,-0.514160,-0.750000,-0.449707,-41.748047,-12.023926,-70.495605
7834,-0.526855,-0.775879,-0.712402,-31.127930,-35.583496,-59.082031
7835,-0.533203,-0.816895,-0.791504,-20.935059,-39.794922,-50.170898
7836,-0.548828,-0.861816,-0.755371,-16.357422,-36.804199,-40.649414
7837,-0.623535,-0.912598,-0.654785,-21.789551,-13.732910,-23.681641
7838,-0.676758,-0.903320,-0.506348,-11.108398,-1.220703,-16.906738
7839,-0.719238,-0.882812,-0.375977,0.488281,7.141113,-13.427734
7840,-0.712402,-0.822754,-0.236328,15.136719,15.991211,-14.099121
7841,-0.640625,-0.787598,-0.209473,17.150879,17.822266,-17.639160
7842,-0.523438,-0.754395,-0.184570,11.718750,18.615723,-20.507812
7843,-0.363281,-0.828613,-0.164551,-8.789062,-0.854492,-21.423340
7844,-0.329590,-0.903320,-0.218262,-17.395020,-24.169922,-17.822266
7845,-0.321289,-0.998047,-0.352051,-23.254395,-51.818848,-11.535645
7846,-0.367188,-1.328125,-0.690430,-10.253906,-94.360352,2.624512
7847,-0.360352,-1.529297,-0.766602,13.244629,-90.942383,4.455566
7848,-0.296875,-1.532715,-0.615234,43.395996,-61.096191,-4.028320
7849,-0.370117,-0.980469,0.107422,13.122559,7.995605,-28.808594
7850,-0.452637,-0.840332,0.194336,-17.517090,21.850586,-35.034180
7851,-0.511719,-0.744141,0.177246,-33.874512,29.541016,-36.926270
7852,-0.603027,-0.645508,0.123047,-23.620605,42.785645,-33.325195
7853,-0.608887,-0.600586,0.155273,-6.347656,46.447754,-27.404785
7854,-0.611816,-0.597168,0.205566,9.155273,44.555664,-19.348145
7855,-0.590332,-0.731445,0.231934,18.859863,28.259277,-9.765625
7856,-0.557617,-0.834961,0.193359,8.544922,21.423340,-12.451172
7857,-0.504883,-0.920898,0.138672,-8.911133,20.690918,-17.517090
7858,-0.478516,-1.002930,0.122559,-27.160645,23.132324,-20.812988
7859,-0.469727,-1.149902,0.103516,-50.415039,19.958496,-19.409180
7860,-0.469238,-1.208496,0.069824,-51.513672,12.207031,-14.831543
7861,-0.455566,-1.201172,-0.064941,-31.677246,-10.437012,-5.065918
7862,-0.385742,-1.074219,-0.067383,-8.056641,-26.245117,0.732422
7863,-0.354004,-0.960449,-0.054199,13.732910,-46.752930,6.408691
7864,-0.348145,-0.863770,-0.093262,26.123047,-64.758301,8.605957
7865,-0.330078,-0.751953,-0.245117,28.808594,-72.326660,5.126953
7866,-0.306152,-0.736328,-0.301270,24.841309,-65.490723,3.723145
7867,-0.286621,-0.738281,-0.369629,21.850586,-55.725098,4.089355
7868,-0.240234,-0.773926,-0.504883,25.512695,-29.724121,11.779785
7869,-0.231445,-0.812988,-0.554199,28.747559,-13.183594,16.296387
7870,-0.241211,-0.842773,-0.584961,29.418945,6.896973,20.141602
7871,-0.296875,-0.839355,-0.502930,22.766113,48.339844,27.465820
7872,-0.325684,-0.815918,-0.436035,15.991211,63.720703,32.226562
7873,-0.360352,-0.818848,-0.365234,11.596680,73.669434,36.010742
7874,-0.388184,-0.817383,-0.266113,9.216309,79.162598,41.381836
7875,-0.414062,-0.846680,-0.261230,8.605957,82.275391,43.884277
7876,-0.450684,-0.879883,-0.262695,5.615234,94.909668,48.522949
7877,-0.530762,-0.931641,-0.278809,3.601074,102.294922,51.513672
7878,-0.573730,-0.958984,-0.313965,3.540039,109.924316,54.931641
7879,-0.607422,-1.009766,-0.324707,5.859375,116.638184,56.945801
7880,-0.616211,-1.047363,-0.255859,13.977051,116.821289,57.128906
7881,-0.611816,-1.037109,-0.199707,12.756348,107.421875,57.189941
7882,-0.587402,-1.013672,-0.161133,10.925293,89.965820,54.382324
7883,-0.535645,-0.993652,-0.134277,8.544922,67.443848,46.752930
7884,-0.374512,-0.949219,-0.167480,7.080078,30.517578,25.451660
7885,-0.303223,-0.937500,-0.141602,10.192871,19.836426,18.981934
7886,-0.286621,-0.783203,-0.111816,23.498535,7.324219,18.920898
7887,-0.337402,-0.731445,-0.074219,28.686523,5.737305,22.949219
7888,-0.401367,-0.707520,-0.032227,31.616211,4.516602,23.559570
7889,-0.477539,-0.692871,0.001953,43.212891,0.549316,14.526367
7890,-0.487305,-0.699219,0.011719,51.757812,-0.427246,7.812500
7891,-0.495117,-0.719727,-0.002441,57.739258,0.732422,2.319336
7892,-0.570312,-0.754395,-0.121582,55.908203,9.643555,-2.136230
7893,-0.615723,-0.757812,-0.162598,49.011230,6.408691,-3.173828
7894,-0.659180,-0.724609,-0.208984,39.916992,-8.789062,-2.380371
7895,-0.697266,-0.692383,-0.330566,31.860352,-29.785156,0.305176
7896,-0.729492,-0.666504,-0.704590,39.367676,-45.227051,5.737305
7897,-0.715332,-0.651855,-0.801270,50.048828,-33.813477,8.056641
7898,-0.724121,-0.651367,-0.862793,54.260254,-15.625000,11.108398
7899,-0.763672,-0.653809,-0.856934,55.480957,6.774902,15.380859
7900,-0.866211,-0.680176,-0.725586,49.560547,46.630859,28.808594
7901,-0.920898,-0.675293,-0.656738,49.987793,62.744141,33.508301
7902,-0.960449,-0.637695,-0.410156,46.813965,93.139648,36.376953
7903,-0.917969,-0.608398,-0.267578,38.818359,105.834961,33.874512
7904,-0.835938,-0.562012,-0.166992,27.587891,115.539551,31.372070
7905,-0.640137,-0.525879,-0.098145,6.408691,127.197266,33.386230
7906,-0.559570,-0.550781,-0.116211,4.699707,129.211426,37.292480
7907,-0.511719,-0.615234,-0.142090,8.117676,129.699707,40.771484
7908,-0.451660,-0.757324,-0.164062,19.836426,126.831055,41.015625
7909,-0.426270,-0.842285,-0.141113,28.137207,119.689941,37.719727
7910,-0.406738,-0.925293,-0.129883,41.564941,105.712891,34.057617
7911,-0.376465,-1.062500,-0.184082,79.467773,72.631836,27.221680
7912,-0.366211,-1.095703,-0.211914,93.933105,61.096191,23.315430
7913,-0.366211,-1.068359,-0.270996,99.914551,54.931641,21.972656
7914,-0.452148,-0.991699,-0.420410,83.190918,53.894043,23.681641
7915,-0.492188,-0.947266,-0.453125,70.922852,46.325684,25.939941
7916,-0.529297,-0.896484,-0.480469,63.110352,28.991699,32.043457
7917,-0.576172,-0.850586,-0.504883,57.128906,7.385254,42.175293
7918,-0.716309,-0.781250,-0.501465,53.283691,-19.104004,68.786621
7919,-0.802246,-0.737305,-0.432129,61.401367,-20.751953,78.613281
7920,-0.864258,-0.702148,-0.383301,68.847656,-11.047363,82.214355
7921,-0.874512,-0.607422,-0.212891,85.144043,23.193359,73.486328
7922,-0.823242,-0.567871,-0.132324,89.721680,40.954590,64.025879
7923,-0.745117,-0.536133,-0.042969,85.449219,55.419922,51.818848
7924,-0.541016,-0.493652,-0.019043,49.621582,72.204590,31.982422
7925,-0.478027,-0.527832,-0.057129,31.555176,75.683594,28.137207
7926,-0.437012,-0.612305,-0.107422,22.277832,74.157715,26.428223
7927,-0.420410,-0.766113,-0.195801,24.597168,61.584473,26.672363
7928,-0.437500,-0.838379,-0.271973,29.968262,54.565430,26.977539
7929,-0.454102,-0.884766,-0.300781,36.437988,49.621582,27.954102
7930,-0.435059,-0.879883,-0.274414,45.898438,45.471191,26.611328
7931,-0.435547,-0.834473,-0.243652,45.593262,45.410156,24.291992
7932,-0.459473,-0.779297,-0.216797,42.297363,45.959473,21.362305
7933,-0.517090,-0.700195,-0.214355,32.592773,46.325684,16.296387
7934,-0.542969,-0.676270,-0.235352,29.174805,45.837402,13.305664
7935,-0.572266,-0.664551,-0.274414,26.977539,45.715332,8.911133
7936,-0.582031,-0.646973,-0.318359,26.977539,46.936035,4.150391
7937,-0.593750,-0.656738,-0.360352,32.531738,49.743652,-3.967285
7938,-0.593750,-0.668945,-0.365234,36.132812,50.415039,-6.835938
7939,-0.596191,-0.679688,-0.355957,38.024902,49.804688,-8.239746
7940,-0.594727,-0.679688,-0.302734,38.879395,44.006348,-5.737305
7941,-0.586914,-0.685059,-0.278809,38.024902,40.954590,-4.272461
7942,-0.574707,-0.697754,-0.254883,37.719727,39.855957,-4.882812
7943,-0.546387,-0.700684,-0.212402,39.001465,42.785645,-11.413574
7944,-0.544922,-0.706055,-0.197266,40.161133,44.250488,-14.587402
7945,-0.570801,-0.705078,-0.186523,42.236328,44.433594,-17.150879
7946,-0.632324,-0.684570,-0.198730,47.668457,42.907715,-19.042969
7947,-0.662598,-0.676270,-0.222168,47.912598,42.846680,-21.179199
7948,-0.688477,-0.665039,-0.262695,44.372559,44.677734,-24.414062
7949,-0.715332,-0.690430,-0.374512,31.005859,48.645020,-28.930664
7950,-0.720215,-0.713867,-0.424805,26.733398,47.912598,-27.221680
7951,-0.731934,-0.739746,-0.447266,27.343750,40.832520,-20.080566
7952,-0.764648,-0.784668,-0.473145,34.545898,25.939941,-5.859375
7953,-0.831543,-1.028320,-0.596191,66.223145,-19.104004,39.794922
7954,-0.747559,-1.333008,-0.812012,89.355469,-35.095215,58.166504
7955,-0.626953,-1.749512,-1.038086,123.474121,-28.015137,64.514160
7956,-0.542969,-1.129883,-0.192383,188.964844,42.236328,17.700195
7957,-0.468262,-0.359863,0.465332,156.860352,49.682617,-5.859375
7958,-0.635254,-0.283203,0.319824,97.412109,75.012207,-20.080566
7959,-0.704102,-0.184082,0.472656,56.030273,95.214844,-35.705566
7960,-0.661133,-0.273926,0.406738,52.795410,88.867188,-31.738281
7961,-0.628418,-0.401855,0.366699,59.509277,81.604004,-23.193359
7962,-0.597168,-0.727051,0.384277,67.260742,62.744141,-7.263184
7963,-0.579102,-0.932617,0.335938,63.842773,54.077148,-4.211426
7964,-0.573730,-1.139648,0.231445,63.049316,47.302246,-7.690430
7965,-0.473145,-1.250488,0.125488,77.880859,50.964355,-24.536133
7966,-0.417969,-1.240234,0.133301,85.205078,54.016113,-33.447266
7967,-0.350586,-1.161621,0.160645,84.899902,54.870605,-39.916992
7968,-0.228027,-0.985352,0.217285,63.781738,53.100586,-39.672852
7969,-0.181641,-0.927734,0.254883,49.804688,49.255371,-37.109375
7970,-0.156738,-0.887695,0.303223,37.597656,41.442871,-33.386230
7971,-0.134766,-0.896973,0.395020,21.911621,12.878418,-24.414062
7972,-0.132324,-0.937500,0.449707,12.390137,-5.676270,-20.202637
7973,-0.132324,-1.000488,0.480469,-0.366211,-26.062012,-17.150879
7974,-0.182617,-1.168457,0.506836,-36.132812,-66.711426,-18.737793
7975,-0.172363,-1.160156,0.450684,-56.701660,-83.862305,-24.108887
7976,-0.172852,-1.187012,0.289062,-69.824219,-94.787598,-27.221680
7977,-0.140625,-1.150391,0.162598,-69.824219,-100.036621,-30.578613
7978,-0.066406,-1.046875,-0.154297,-36.682129,-98.266602,-23.071289
7979,-0.120605,-1.001465,-0.162109,-24.047852,-95.581055,-17.211914
7980,-0.220215,-0.959473,-0.156250,-24.841309,-95.153809,-15.808105
7981,-0.392578,-0.875488,-0.202637,-36.254883,-100.036621,-18.493652
7982,-0.449219,-0.841309,-0.239258,-41.564941,-99.853516,-18.859863
7983,-0.497559,-0.822266,-0.291016,-42.053223,-95.153809,-18.371582
7984,-0.517578,-0.754395,-0.394043,-31.738281,-66.650391,-12.878418
7985,-0.534668,-0.716797,-0.436523,-23.620605,-42.724609,-6.164551
7986,-0.558105,-0.676758,-0.483398,-6.591797,14.892578,10.620117
7987,-0.571289,-0.688965,-0.476074,0.183105,44.738770,17.822266
7988,-0.581543,-0.726562,-0.409668,3.295898,70.068359,21.911621
7989,-0.514648,-0.833008,-0.170898,-0.427246,81.726074,21.789551
7990,-0.452148,-0.882812,-0.121094,-3.479004,66.345215,23.376465
7991,-0.379883,-0.961914,-0.130859,-8.850098,48.461914,26.733398
7992,-0.300781,-1.165039,-0.158203,-30.395508,21.301270,26.855469
7993,-0.278809,-1.246094,-0.180176,-43.457031,10.559082,20.812988
7994,-0.256348,-1.302246,-0.218262,-56.945801,2.990723,13.427734
7995,-0.227051,-1.361328,-0.345703,-75.622559,-1.281738,2.563477
7996,-0.213867,-1.392578,-0.402832,-74.340820,2.441406,-3.234863
7997,-0.172852,-1.316895,-0.404297,-69.885254,8.300781,-6.835938
7998,-0.144043,-1.207031,-0.369629,-67.321777,12.390137,-2.624512
7999,-0.177734,-1.103516,-0.332031,-67.138672,19.531250,12.512207
8000,-0.232422,-1.104492,-0.305664,-67.993164,22.399902,18.676758
8001,-0.286621,-1.137207,-0.262695,-72.753906,23.437500,22.460938
8002,-0.378418,-1.257812,-0.229492,-84.167480,23.132324,26.367188
8003,-0.407715,-1.361328,-0.212402,-87.829590,19.958496,25.146484
8004,-0.461914,-1.435059,-0.201172,-90.820312,16.906738,20.568848
8005,-0.504883,-1.296387,-0.170410,-90.759277,13.244629,12.878418
8006,-0.500488,-1.136719,-0.145020,-83.679199,12.756348,15.075684
8007,-0.490723,-0.992676,-0.095703,-73.303223,12.145996,16.357422
8008,-0.476562,-0.770020,0.004883,-57.373047,8.422852,13.122559
8009,-0.484863,-0.710449,0.027344,-51.757812,6.042480,10.375977
8010,-0.498535,-0.664551,0.038086,-44.433594,3.173828,7.507324
8011,-0.545410,-0.608887,0.050293,-21.850586,-1.464844,6.713867
8012,-0.586426,-0.603027,0.079590,-10.009766,-2.990723,6.103516
8013,-0.621094,-0.610840,0.107422,-0.061035,-4.333496,4.699707
8014,-0.686035,-0.645508,0.142578,11.047363,-4.943848,-2.685547
8015,-0.697754,-0.637695,0.175781,12.451172,-7.446289,-7.141113
8016,-0.688965,-0.612793,0.199219,11.718750,-12.878418,-9.948730
8017,-0.667480,-0.584473,0.212402,9.216309,-20.263672,-11.352539
8018,-0.597168,-0.519043,0.180664,-5.004883,-36.865234,-5.554199
8019,-0.534180,-0.517578,0.145508,-13.488770,-43.762207,2.380371
8020,-0.451660,-0.520508,0.375977,-32.470703,-66.406250,13.183594
8021,-0.447266,-0.865234,-0.330566,-35.766602,-200.378418,44.494629
8022,-0.363770,-0.976074,-0.779785,-31.555176,-210.876465,49.682617
8023,-0.260742,-1.057617,-0.920410,-18.371582,-182.128906,49.804688
8024,-0.179199,-1.039062,-0.753418,-3.356934,-147.155762,48.400879
8025,-0.201660,-0.812988,-0.396484,0.793457,-80.993652,37.475586
8026,-0.268555,-0.695801,-0.233887,2.197266,-53.039551,24.902344
8027,-0.367188,-0.523926,0.060547,-0.732422,-15.686035,-2.136230
8028,-0.434570,-0.489746,0.152344,-7.873535,-9.216309,-15.075684
8029,-0.490723,-0.461914,0.164551,-14.587402,-7.385254,-28.625488
8030,-0.520020,-0.423340,0.104004,-27.954102,-10.437012,-55.114746
8031,-0.514160,-0.427246,0.027344,-38.024902,-16.174316,-65.063477
8032,-0.520996,-0.473145,-0.082031,-51.757812,-22.644043,-71.960449
8033,-0.480469,-0.620117,-0.319336,-87.402344,-32.897949,-75.744629
8034,-0.436035,-0.743652,-0.482422,-104.003906,-44.128418,-68.603516
8035,-0.391602,-0.909180,-0.770996,-112.609863,-60.302734,-56.335449
8036,-0.486328,-1.533691,-1.542480,-30.395508,-57.067871,-20.812988
8037,-0.666504,-1.710449,-1.229492,64.575195,-26.855469,-12.451172
8038,-0.765137,-1.456543,-0.584473,137.817383,-4.760742,-14.221191
8039,-0.780762,-1.086426,-0.159668,157.897949,1.525879,-15.014648
8040,-0.782715,-0.685059,0.202637,102.661133,-7.263184,-24.719238
8041,-0.716309,-0.550781,0.218262,45.715332,-20.629883,-33.813477
8042,-0.616211,-0.532227,-0.242188,-57.373047,-24.414062,-27.343750
8043,-0.633789,-0.775391,-0.381348,-82.885742,-11.047363,-20.935059
8044,-0.685547,-1.234375,-0.611816,-100.280762,-14.038086,-11.413574
8045,-0.588867,-1.634277,-0.759766,-63.964844,-27.893066,-3.906250
8046,-0.736328,-1.222168,0.298340,81.359863,8.422852,-16.113281
8047,-0.720703,-1.073242,0.455566,81.848145,17.211914,-28.625488
8048,-0.610352,-0.796387,0.312500,65.124512,40.954590,-26.611328
8049,-0.551270,-0.713867,0.332520,55.114746,49.255371,-25.451660
8050,-0.503418,-0.656738,0.352051,41.320801,49.621582,-26.794434
8051,-0.425293,-0.658203,0.310547,21.545410,41.076660,-30.944824
8052,-0.406738,-0.714355,0.324707,18.615723,35.156250,-31.616211
8053,-0.424316,-0.816895,0.358887,12.939453,27.038574,-33.569336
8054,-0.453125,-0.949219,0.383789,-1.586914,18.615723,-38.635254
8055,-0.454590,-1.178223,0.341309,-47.241211,6.469727,-49.865723
8056,-0.437500,-1.175781,0.320312,-75.073242,1.037598,-47.058105
8057,-0.417480,-1.153809,0.269043,-101.745605,-8.911133,-40.954590
8058,-0.395508,-1.098145,0.104004,-105.163574,-37.353516,-28.930664
8059,-0.343262,-1.014160,0.053223,-83.312988,-53.161621,-29.052734
8060,-0.253418,-0.905762,0.014648,-58.410645,-67.626953,-26.916504
8061,-0.169922,-0.769531,-0.053711,-28.625488,-84.960938,-20.324707
8062,-0.169434,-0.725586,-0.115723,-23.742676,-86.120605,-18.249512
8063,-0.195801,-0.700195,-0.181152,-17.028809,-82.885742,-18.249512
8064,-0.240234,-0.654785,-0.301270,6.896973,-69.213867,-19.409180
8065,-0.254883,-0.636719,-0.354980,22.338867,-58.349609,-17.700195
8066,-0.258789,-0.600098,-0.388672,37.780762,-46.508789,-12.084961
8067,-0.329590,-0.626465,-0.433594,50.964355,-17.761230,5.249023
8068,-0.358398,-0.638672,-0.456055,49.194336,-0.305176,12.207031
8069,-0.381836,-0.626953,-0.480469,45.654297,17.883301,20.629883
8070,-0.404785,-0.638184,-0.526855,35.766602,44.677734,32.836914
8071,-0.385254,-0.671875,-0.524414,34.423828,50.659180,36.499023
8072,-0.323730,-0.801270,-0.457031,26.123047,50.415039,40.405273
8073,-0.311523,-0.880371,-0.399414,15.686035,43.273926,39.916992
8074,-0.317871,-0.959961,-0.347656,-1.281738,33.386230,37.536621
8075,-0.329590,-1.040527,-0.329102,-20.141602,22.155762,33.752441
8076,-0.343750,-1.217773,-0.336426,-51.147461,1.220703,22.338867
8077,-0.338379,-1.291016,-0.368652,-59.082031,-7.568359,16.113281
8078,-0.337402,-1.319336,-0.413086,-60.485840,-13.793945,11.474609
8079,-0.322754,-1.194336,-0.526855,-46.569824,-13.732910,16.174316
8080,-0.313477,-1.111328,-0.660156,-33.752441,0.549316,20.263672
8081,-0.293457,-1.093750,-0.645508,-22.094727,21.301270,21.057129
8082,-0.295410,-1.184082,-0.223633,-34.301758,34.362793,14.892578
8083,-0.300293,-1.243652,-0.186523,-53.283691,22.827148,13.916016
8084,-0.326660,-1.273438,-0.204590,-64.819336,13.427734,16.235352
8085,-0.483887,-1.379883,-0.313477,-73.120117,11.291504,25.878906
8086,-0.577637,-1.415527,-0.296875,-64.758301,10.131836,26.550293
8087,-0.638672,-1.413086,-0.262207,-58.532715,10.620117,25.207520
8088,-0.637695,-1.174316,-0.220215,-52.307129,19.836426,20.080566
8089,-0.600586,-1.020996,-0.198730,-48.339844,29.479980,19.287109
8090,-0.567871,-0.901855,-0.143066,-43.029785,37.902832,16.723633
8091,-0.540527,-0.790039,-0.068848,-35.339355,41.198730,14.282227
8092,-0.552734,-0.677246,0.020508,-11.291504,31.738281,13.000488
8093,-0.580566,-0.642090,0.051758,2.929688,23.376465,13.244629
8094,-0.622070,-0.608887,0.075684,15.014648,15.441895,12.756348
8095,-0.714844,-0.587402,0.171875,31.738281,0.305176,6.164551
8096,-0.729492,-0.559570,0.202148,32.409668,-11.047363,0.549316
8097,-0.720215,-0.537598,0.169922,16.967773,-25.817871,-7.995605
8098,-0.598145,-0.445312,0.062012,3.601074,-25.390625,-9.338379
8099,-0.531250,-0.430176,-0.002930,-8.300781,-20.446777,-7.324219
8100,-0.469727,-0.409180,-0.040039,-16.479492,-13.793945,-4.760742
8101,-0.368164,-0.418457,0.009277,-19.897461,-9.216309,4.882812
8102,-0.321777,-0.457031,0.159180,-28.747559,-39.489746,14.221191
8103,-0.250488,-0.706055,-0.350098,-7.446289,-143.249512,36.682129
8104,-0.207031,-0.771484,-0.634277,-1.892090,-154.663086,43.701172
8105,-0.200195,-0.847656,-0.691895,-0.915527,-142.211914,49.621582
8106,-0.194824,-0.893555,-0.618164,-0.061035,-121.398926,55.114746
8107,-0.289062,-0.814453,-0.377930,10.742188,-78.125000,56.823730
8108,-0.341309,-0.769043,-0.321777,22.033691,-50.598145,41.381836
8109,-0.379395,-0.724609,-0.210938,37.719727,-22.888184,18.737793
8110,-0.423828,-0.590820,0.098145,47.546387,9.521484,-28.442383
8111,-0.465332,-0.545410,0.194824,39.367676,8.056641,-46.569824
8112,-0.569824,-0.533691,0.104004,7.019043,-4.394531,-72.509766
8113,-0.591797,-0.549316,-0.012695,-14.038086,-9.460449,-80.017090
8114,-0.585938,-0.608398,-0.184082,-36.437988,-12.634277,-83.007812
8115,-0.548340,-0.680176,-0.359863,-58.959961,-14.221191,-82.275391
8116,-0.380371,-0.894043,-0.846191,-94.482422,-33.569336,-68.969727
8117,-0.291504,-1.078613,-1.344727,-77.087402,-43.823242,-50.964355
8118,-0.248535,-1.375488,-1.781738,-18.432617,-38.024902,-29.602051
8119,-0.486816,-1.568359,-0.937988,130.798340,17.578125,-18.615723
8120,-0.668945,-1.181641,-0.243652,161.865234,11.291504,-10.620117
8121,-0.811523,-0.879883,0.098633,167.297363,-5.981445,-2.258301
8122,-0.933594,-0.486328,0.332520,105.712891,-22.888184,-17.639160
8123,-0.850586,-0.295410,0.283203,51.940918,-22.521973,-24.047852
8124,-0.744141,-0.285645,0.074219,1.220703,-5.615234,-16.723633
8125,-0.730957,-0.490234,0.001953,-36.254883,19.042969,-8.422852
8126,-0.821777,-1.390137,-0.360840,-65.673828,-4.577637,27.343750
8127,-0.738281,-1.621582,-0.501465,26.428223,-0.854492,24.169922
8128,-0.709961,-1.256348,0.260254,97.534180,32.287598,-20.690918
8129,-0.608887,-1.074707,0.323730,90.209961,32.287598,-30.517578
8130,-0.551270,-0.922363,0.301758,76.538086,34.484863,-31.555176
8131,-0.520996,-0.793945,0.273926,55.847168,41.992188,-30.212402
8132,-0.449707,-0.697754,0.305664,10.803223,52.612305,-28.991699
8133,-0.438477,-0.719727,0.287598,-8.972168,54.565430,-28.137207
8134,-0.459961,-0.776367,0.294434,-26.977539,56.579590,-28.381348
8135,-0.520020,-0.957031,0.312988,-54.687500,53.039551,-29.968262
8136,-0.523926,-1.093262,0.287598,-67.443848,33.203125,-30.456543
8137,-0.511230,-1.089844,0.283203,-75.500488,20.324707,-27.038574
8138,-0.501465,-1.075684,0.295898,-84.350586,5.920410,-22.033691
8139,-0.423340,-1.013672,0.175293,-77.331543,-28.381348,-18.676758
8140,-0.338379,-0.952637,0.126953,-62.927246,-43.090820,-18.676758
8141,-0.264160,-0.878418,0.079590,-48.950195,-55.786133,-19.042969
8142,-0.183105,-0.755859,-0.004395,-30.090332,-74.279785,-17.456055
8143,-0.183105,-0.721680,-0.058105,-24.658203,-79.406738,-17.150879
8144,-0.187500,-0.698730,-0.160645,-15.258789,-80.322266,-17.578125
8145,-0.212402,-0.702148,-0.253906,0.244141,-74.645996,-18.066406
8146,-0.219727,-0.627930,-0.347656,39.489746,-50.720215,-13.305664
8147,-0.228027,-0.612793,-0.399414,53.344727,-35.522461,-5.737305
8148,-0.300781,-0.642578,-0.447754,60.180664,7.690430,10.925293
8149,-0.309570,-0.644531,-0.481934,56.030273,30.761719,17.822266
8150,-0.329590,-0.656738,-0.534668,52.978516,52.062988,25.756836
8151,-0.370605,-0.698242,-0.534180,65.124512,76.110840,36.010742
8152,-0.360840,-0.723145,-0.468750,63.720703,70.373535,36.010742
8153,-0.335449,-0.765137,-0.415527,54.199219,53.955078,35.400391
8154,-0.311523,-0.825684,-0.412598,37.109375,34.790039,34.545898
8155,-0.320801,-0.996582,-0.454102,-7.080078,9.643555,27.832031
8156,-0.340332,-1.100098,-0.472656,-26.367188,4.455566,22.644043
8157,-0.349609,-1.184082,-0.474609,-42.114258,3.295898,17.822266
8158,-0.384766,-1.295410,-0.457520,-61.523438,6.164551,10.864258
8159,-0.391602,-1.228027,-0.460938,-63.964844,9.155273,12.817383
8160,-0.400879,-1.151855,-0.491699,-56.518555,11.962891,17.578125
8161,-0.388184,-1.079590,-0.479980,-38.696289,37.536621,22.216797
8162,-0.381836,-1.133301,-0.345703,-39.062500,44.006348,19.592285
8163,-0.395508,-1.209961,-0.232422,-47.912598,41.198730,19.104004
8164,-0.433594,-1.297363,-0.220215,-68.847656,31.311035,25.390625
8165,-0.510742,-1.341309,-0.253906,-72.326660,30.395508,30.700684
8166,-0.584473,-1.354492,-0.244629,-66.894531,27.954102,32.531738
8167,-0.685547,-1.249023,-0.174316,-52.734375,23.986816,31.616211
8168,-0.696777,-1.167969,-0.139648,-43.579102,22.827148,28.381348
8169,-0.660645,-1.021973,-0.138184,-34.118652,25.878906,26.428223
8170,-0.610352,-0.786133,-0.047363,-13.061523,33.996582,27.587891
8171,-0.616699,-0.708008,0.019043,0.244141,31.494141,27.832031
8172,-0.647461,-0.651367,0.069824,16.052246,24.841309,26.977539
8173,-0.740723,-0.544922,0.165039,43.762207,8.728027,23.193359
8174,-0.768066,-0.530762,0.215332,49.926758,-1.403809,18.981934
8175,-0.779785,-0.538086,0.265137,47.485352,-12.451172,11.718750
8176,-0.736328,-0.494141,0.209473,14.404297,-31.616211,-2.075195
8177,-0.658691,-0.454590,0.104004,-4.882812,-32.897949,-3.723145
8178,-0.588379,-0.479980,-0.020996,-16.845703,-27.160645,-2.624512
8179,-0.550293,-0.527344,-0.059570,-21.606445,-18.127441,-3.601074
8180,-0.395508,-0.685547,-0.059082,-26.184082,-51.574707,16.662598
8181,-0.362305,-0.811523,-0.242188,-10.803223,-98.815918,35.278320
8182,-0.256836,-0.939941,-0.774902,-6.042480,-127.563477,56.884766
8183,-0.235352,-1.021484,-0.792969,-25.695801,-106.689453,59.204102
8184,-0.255859,-0.999512,-0.692871,-49.438477,-80.322266,58.471680
8185,-0.276855,-0.825684,-0.466309,-61.767578,-62.500000,60.485840
8186,-0.296387,-0.565918,-0.281250,-39.428711,-33.752441,45.593262
8187,-0.321289,-0.497070,-0.204590,-12.695312,-16.601562,30.334473
8188,-0.311523,-0.400391,-0.017578,36.010742,13.549805,-6.774902
8189,-0.308105,-0.381348,0.093262,51.269531,17.700195,-25.207520
8190,-0.315918,-0.385742,0.175293,58.410645,13.488770,-41.809082
8191,-0.337891,-0.424316,0.209473,55.480957,3.417969,-57.250977
8192,-0.405273,-0.498047,0.090332,29.113770,-21.118164,-79.406738
8193,-0.431152,-0.523438,-0.018066,8.239746,-30.090332,-81.115723
8194,-0.439941,-0.593750,-0.150879,-17.517090,-37.414551,-76.293945
8195,-0.423828,-0.707520,-0.303711,-49.804688,-47.485352,-67.077637
8196,-0.383789,-1.154297,-1.192871,-84.960938,-80.749512,-37.536621
8197,-0.427246,-1.610352,-1.892578,-43.640137,-68.176270,-26.428223
8198,-0.634766,-1.896973,-1.047363,125.305176,10.131836,-51.635742
8199,-0.795410,-1.093750,-0.078125,158.020020,-0.976562,-31.372070
8200,-1.006348,-0.734863,0.378906,144.714355,-26.000977,-6.835938
8201,-1.147461,-0.611816,0.308105,104.003906,-26.733398,-12.207031
8202,-0.983887,-0.149902,0.269043,36.254883,-4.272461,-29.785156
8203,-0.898438,-0.166992,0.215820,15.808105,10.986328,-19.348145
8204,-0.904785,-0.397461,0.205566,3.295898,13.122559,-1.892090
8205,-0.894043,-1.221680,-0.182617,13.671875,-17.395020,37.475586
8206,-0.841309,-1.342285,-0.114258,52.307129,2.868652,29.602051
8207,-0.791992,-1.370605,0.109863,69.641113,18.188477,9.338379
8208,-0.615234,-1.249512,0.282715,57.556152,15.808105,-31.494141
8209,-0.520020,-1.112305,0.217285,42.907715,18.127441,-42.419434
8210,-0.381836,-0.903809,0.144043,1.586914,39.855957,-54.382324
8211,-0.327148,-0.832031,0.160645,-20.080566,52.368164,-57.861328
8212,-0.306641,-0.773926,0.279785,-70.617676,69.946289,-58.105469
8213,-0.349609,-0.821289,0.314453,-96.069336,70.556641,-56.457520
8214,-0.399414,-0.901367,0.320801,-113.403320,65.734863,-53.710938
8215,-0.456543,-0.969238,0.305176,-122.741699,57.189941,-50.292969
8216,-0.473145,-1.090820,0.238770,-106.079102,23.254395,-42.175293
8217,-0.476074,-1.141113,0.229492,-83.007812,-0.122070,-34.118652
8218,-0.455078,-1.160645,0.177246,-57.556152,-21.789551,-28.137207
8219,-0.400391,-1.119629,0.129395,-32.836914,-37.658691,-24.963379
8220,-0.224121,-0.913574,0.120117,-15.014648,-58.227539,-20.751953
8221,-0.184082,-0.812988,0.062988,-16.784668,-65.368652,-20.263672
8222,-0.177246,-0.666016,-0.098145,-13.854980,-69.519043,-20.629883
8223,-0.194336,-0.626953,-0.187988,-3.479004,-67.138672,-20.629883
8224,-0.239258,-0.626953,-0.295898,13.793945,-59.448242,-21.911621
8225,-0.272461,-0.582031,-0.382324,52.734375,-29.296875,-12.451172
8226,-0.317383,-0.574707,-0.396973,61.096191,-8.422852,-3.540039
8227,-0.372070,-0.620605,-0.410156,52.978516,40.405273,12.084961
8228,-0.389648,-0.624023,-0.375488,41.442871,60.302734,18.249512
8229,-0.412598,-0.625000,-0.394531,32.836914,70.617676,24.414062
8230,-0.456055,-0.632812,-0.505371,42.114258,70.129395,28.503418
8231,-0.419434,-0.637207,-0.488281,54.870605,58.898926,31.494141
8232,-0.324219,-0.732910,-0.457031,31.311035,49.804688,37.475586
8233,-0.294434,-0.803711,-0.453125,9.155273,44.677734,37.963867
8234,-0.279785,-0.907715,-0.453613,-7.141113,36.437988,36.560059
8235,-0.291992,-1.131836,-0.445801,-19.165039,17.578125,27.832031
8236,-0.303711,-1.208984,-0.442383,-23.193359,10.375977,22.094727
8237,-0.320312,-1.282715,-0.456055,-28.808594,7.263184,16.601562
8238,-0.319824,-1.239258,-0.430664,-33.874512,7.080078,9.643555
8239,-0.314453,-1.105957,-0.446289,-33.447266,8.361816,14.831543
8240,-0.354004,-1.042969,-0.553711,-29.907227,16.906738,21.911621
8241,-0.352539,-1.098145,-0.453613,-22.888184,44.738770,17.333984
8242,-0.335938,-1.115234,-0.290039,-24.536133,41.503906,13.916016
8243,-0.336426,-1.158203,-0.170410,-34.973145,25.024414,14.160156
8244,-0.378906,-1.210938,-0.303711,-48.278809,1.586914,23.864746
8245,-0.480957,-1.260254,-0.371094,-49.926758,10.009766,31.616211
8246,-0.572754,-1.298340,-0.340332,-48.461914,20.629883,34.545898
8247,-0.654785,-1.246094,-0.233887,-51.147461,37.780762,33.508301
8248,-0.626465,-1.153320,-0.163574,-51.635742,41.870117,30.944824
8249,-0.582031,-1.037598,-0.129883,-48.400879,42.663574,26.245117
8250,-0.511719,-0.792969,-0.090820,-32.775879,43.884277,19.226074
8251,-0.506348,-0.734863,-0.040039,-21.789551,39.855957,18.066406
8252,-0.520996,-0.699707,0.018555,-7.324219,30.395508,18.493652
8253,-0.606934,-0.646973,0.114258,22.277832,2.380371,24.047852
8254,-0.675781,-0.637695,0.148926,35.278320,-10.070801,26.489258
8255,-0.750977,-0.632812,0.211914,42.297363,-21.301270,24.780273
8256,-0.791992,-0.633301,0.248535,39.855957,-33.630371,19.592285
8257,-0.757324,-0.584961,0.144043,7.690430,-43.090820,0.610352
8258,-0.662109,-0.525391,0.046875,-10.986328,-36.560059,-4.028320
8259,-0.540039,-0.534668,-0.047852,-28.198242,-19.897461,-7.568359
8260,-0.419922,-0.516602,0.042480,-30.212402,-21.240234,-3.417969
8261,-0.352051,-0.642090,-0.009277,-32.470703,-67.199707,13.916016
8262,-0.273926,-0.834473,-0.271484,-12.390137,-130.249023,29.785156
8263,-0.144531,-0.907227,-0.718750,2.807617,-164.184570,39.855957
8264,-0.069824,-0.983398,-0.846680,-11.840820,-128.479004,54.504395
8265,-0.128906,-0.905762,-0.675293,-29.174805,-100.891113,62.561035
8266,-0.209961,-0.792969,-0.466797,-28.686523,-79.956055,67.016602
8267,-0.307129,-0.583984,-0.288574,1.281738,-30.029297,45.837402
8268,-0.349609,-0.497559,-0.178711,24.841309,-1.586914,24.902344
8269,-0.363770,-0.398926,-0.032227,44.433594,23.010254,3.295898
8270,-0.399414,-0.339844,0.258301,58.471680,35.583496,-34.484863
8271,-0.432129,-0.355957,0.297363,52.429199,24.658203,-50.842285
8272,-0.479004,-0.392578,0.275391,40.405273,8.361816,-65.368652
8273,-0.520020,-0.441406,0.201172,25.390625,-6.713867,-78.247070
8274,-0.533203,-0.563965,-0.115234,-13.061523,-16.357422,-87.219238
8275,-0.502930,-0.667969,-0.237793,-45.532227,-14.221191,-81.726074
8276,-0.440430,-1.088867,-0.765137,-74.768066,-47.851562,-34.118652
8277,-0.443848,-1.663086,-1.506836,-36.010742,-91.430664,-1.220703
8278,-0.611816,-2.787598,-2.599121,55.114746,-87.036133,-1.525879
8279,-0.756836,-1.826660,-1.195801,170.166016,-36.804199,-8.605957
8280,-0.894043,-0.787598,0.106445,157.287598,-36.926270,0.549316
8281,-0.875977,-0.523438,0.171875,97.534180,-34.362793,-10.009766
8282,-0.765625,-0.204102,0.018555,-36.499023,1.953125,-30.029297
8283,-0.647461,-0.210938,-0.150391,-70.434570,28.015137,-30.212402
8284,-0.607422,-0.392090,-0.188477,-83.007812,53.039551,-29.907227
8285,-0.759277,-1.570801,-0.566895,-81.970215,37.780762,-9.887695
8286,-0.496094,-1.593750,-0.554199,39.367676,35.339355,-4.821777
8287,-0.795410,-1.407227,0.219238,113.403320,51.208496,-7.507324
8288,-0.805176,-1.113281,0.408203,95.764160,57.678223,-34.057617
8289,-0.737305,-1.000488,0.386230,73.303223,66.406250,-31.860352
8290,-0.549805,-0.793945,0.413574,18.493652,67.382812,-32.714844
8291,-0.462402,-0.747070,0.377441,-4.882812,63.476562,-32.287598
8292,-0.419922,-0.737793,0.364746,-23.437500,59.936523,-30.761719
8293,-0.423828,-0.769043,0.365234,-35.522461,54.931641,-27.648926
8294,-0.479492,-0.936523,0.385742,-44.311523,34.484863,-26.123047
8295,-0.497559,-1.038574,0.358887,-46.081543,19.531250,-31.250000
8296,-0.491699,-1.110840,0.299316,-49.133301,5.981445,-36.193848
8297,-0.449707,-1.095215,0.239258,-70.251465,-13.366699,-32.897949
8298,-0.434570,-1.086914,0.210449,-79.101562,-23.742676,-27.832031
8299,-0.390625,-1.028809,0.156250,-79.467773,-34.790039,-25.512695
8300,-0.325684,-0.917969,0.114258,-72.143555,-46.569824,-23.071289
8301,-0.225098,-0.764648,0.011719,-48.583984,-64.880371,-19.592285
8302,-0.186035,-0.709961,-0.037598,-37.536621,-70.678711,-18.554688
8303,-0.168945,-0.690430,-0.102539,-27.526855,-74.218750,-17.700195
8304,-0.209473,-0.665039,-0.301758,4.394531,-67.871094,-18.066406
8305,-0.200195,-0.616699,-0.368652,28.808594,-56.091309,-16.723633
8306,-0.205078,-0.583496,-0.387207,51.635742,-41.992188,-10.742188
8307,-0.248535,-0.599121,-0.409668,69.458008,-3.234863,3.540039
8308,-0.255859,-0.614746,-0.419434,62.438965,18.981934,7.751465
8309,-0.282227,-0.626953,-0.433594,52.001953,38.574219,14.343262
8310,-0.359375,-0.680664,-0.498535,44.372559,67.138672,27.282715
8311,-0.376465,-0.691895,-0.496582,47.546387,72.937012,30.578613
8312,-0.385254,-0.715820,-0.458984,49.438477,70.190430,33.081055
8313,-0.343750,-0.826660,-0.402832,40.222168,30.639648,30.822754
8314,-0.325684,-0.888672,-0.435059,24.963379,11.230469,28.625488
8315,-0.331055,-0.966309,-0.471680,5.004883,1.220703,25.390625
8316,-0.349121,-1.051270,-0.487793,-15.075684,-2.868652,20.690918
8317,-0.384277,-1.259766,-0.479980,-49.011230,-1.525879,11.657715
8318,-0.386719,-1.317871,-0.449219,-61.035156,3.173828,9.399414
8319,-0.385254,-1.267090,-0.448242,-67.993164,7.385254,11.352539
8320,-0.388184,-1.073730,-0.479980,-44.067383,17.028809,21.606445
8321,-0.383301,-1.068848,-0.488281,-30.944824,32.348633,23.925781
8322,-0.347168,-1.099609,-0.349121,-28.320312,46.264648,20.996094
8323,-0.379395,-1.255859,-0.167480,-47.607422,44.494629,23.071289
8324,-0.396973,-1.333008,-0.176270,-54.321289,37.841797,24.475098
8325,-0.455078,-1.411621,-0.201172,-58.410645,33.569336,26.611328
8326,-0.610352,-1.458008,-0.167969,-51.635742,20.751953,25.390625
8327,-0.689453,-1.348145,-0.192871,-46.081543,16.967773,28.320312
8328,-0.738281,-1.229492,-0.192871,-21.118164,23.681641,38.024902
8329,-0.739258,-0.941406,-0.172363,-6.042480,33.264160,40.954590
8330,-0.723145,-0.805664,-0.104004,9.033203,41.687012,40.649414
8331,-0.732422,-0.699219,-0.019043,24.169922,45.654297,37.841797
8332,-0.742676,-0.625000,0.088379,36.865234,42.114258,31.250000
8333,-0.754883,-0.488281,0.195801,49.133301,17.089844,19.287109
8334,-0.764648,-0.445801,0.242676,47.668457,0.488281,13.732910
8335,-0.775391,-0.425781,0.279785,39.916992,-18.127441,8.605957
8336,-0.718262,-0.367188,0.137207,14.587402,-48.156738,5.004883
8337,-0.638672,-0.397949,-0.005859,6.530762,-45.532227,8.666992
8338,-0.504395,-0.483887,0.001953,-3.356934,-26.306152,6.408691
8339,-0.439453,-0.582031,-0.036621,-4.638672,-45.715332,16.052246
8340,-0.424805,-0.664551,-0.104004,6.042480,-74.157715,29.968262
8341,-0.374512,-0.708496,-0.239258,8.789062,-91.247559,40.832520
8342,-0.304199,-0.756836,-0.513672,-8.789062,-97.839355,58.288574
8343,-0.279785,-0.845703,-0.674316,-35.095215,-81.298828,62.744141
8344,-0.289551,-0.839844,-0.658203,-55.908203,-55.969238,69.519043
8345,-0.372070,-0.750000,-0.427734,-66.162109,-11.230469,59.753418
8346,-0.387207,-0.679688,-0.325195,-48.217773,2.624512,44.860840
8347,-0.388184,-0.624512,-0.260254,-23.742676,15.136719,27.160645
8348,-0.360840,-0.498535,-0.081543,27.038574,34.851074,-10.620117
8349,-0.361816,-0.452637,0.020508,45.532227,36.254883,-26.855469
8350,-0.381836,-0.445801,0.088379,55.541992,32.226562,-39.428711
8351,-0.420410,-0.486328,0.110352,54.809570,16.174316,-61.584473
8352,-0.486816,-0.572266,0.114258,45.898438,2.990723,-71.594238
8353,-0.497559,-0.624023,0.003906,33.264160,-9.704590,-76.721191
8354,-0.457520,-0.778320,-0.301758,-14.953613,-14.526367,-69.396973
8355,-0.431641,-0.927246,-0.518066,-39.428711,-13.000488,-59.875488
8356,-0.425293,-1.109863,-0.851562,-39.428711,-10.681152,-48.522949
8357,-0.345703,-1.667480,-1.617188,27.404785,9.094238,-43.945312
8358,-0.426270,-1.981934,-1.586914,88.867188,21.118164,-48.828125
8359,-0.699707,-1.446289,-0.463867,135.192871,5.859375,-39.367676
8360,-1.064453,-0.687500,0.195312,91.308594,-50.781250,2.319336
8361,-1.048340,-0.453125,0.187012,39.550781,-46.752930,-3.051758
8362,-0.932129,-0.268066,0.050293,-7.202148,-23.803711,-7.141113
8363,-0.824707,-0.396484,0.028809,-43.029785,26.306152,-1.281738
8364,-0.858887,-0.625977,0.064453,-45.410156,23.986816,6.042480
8365,-0.857422,-1.001465,-0.149414,-30.578613,12.390137,18.249512
8366,-0.746582,-1.351074,-0.022949,71.350098,41.198730,-1.159668
8367,-0.704590,-1.291992,0.186035,80.078125,51.330566,-22.583008
8368,-0.635254,-1.177734,0.223633,62.744141,58.776855,-38.635254
8369,-0.481445,-0.875488,0.202637,6.713867,77.819824,-44.494629
8370,-0.409668,-0.778809,0.212402,-21.179199,81.542969,-41.198730
8371,-0.360840,-0.723145,0.189941,-44.311523,80.444336,-37.841797
8372,-0.340820,-0.725098,0.161133,-65.185547,74.768066,-32.897949
8373,-0.372070,-0.780762,0.204590,-64.575195,66.772461,-30.639648
8374,-0.414062,-0.856934,0.225586,-61.035156,54.931641,-29.724121
8375,-0.494141,-1.035645,0.200195,-47.912598,24.169922,-28.930664
8376,-0.520020,-1.123535,0.154297,-41.625977,12.390137,-27.099609
8377,-0.529785,-1.187988,0.134277,-38.269043,6.530762,-24.353027
8378,-0.506348,-1.190430,0.165039,-35.339355,-6.347656,-18.615723
8379,-0.417969,-1.120605,0.155273,-28.015137,-18.066406,-17.822266
8380,-0.311035,-1.009277,0.139160,-18.798828,-32.958984,-16.967773
8381,-0.238770,-0.897461,0.080078,-12.939453,-46.813965,-15.441895
8382,-0.205566,-0.766113,-0.096191,-4.394531,-60.363770,-12.695312
8383,-0.215332,-0.732910,-0.238770,11.108398,-57.922363,-15.808105
8384,-0.215332,-0.652832,-0.317871,58.837891,-42.114258,-12.084961
8385,-0.238281,-0.630859,-0.330078,72.082520,-30.334473,-6.042480
8386,-0.259277,-0.643066,-0.358887,73.852539,-13.488770,-0.305176
8387,-0.273926,-0.665039,-0.370117,66.528320,7.019043,3.723145
8388,-0.330078,-0.680176,-0.428223,48.095703,36.376953,13.610840
8389,-0.358398,-0.677246,-0.539551,54.687500,38.146973,16.601562
8390,-0.345703,-0.672363,-0.584961,60.913086,39.855957,19.775391
8391,-0.296387,-0.729980,-0.542480,41.442871,56.884766,26.855469
8392,-0.276367,-0.763672,-0.480469,23.071289,59.631348,29.785156
8393,-0.269043,-0.812012,-0.444824,5.432129,55.603027,30.761719
8394,-0.262207,-0.934082,-0.431641,-12.634277,39.245605,27.404785
8395,-0.272949,-0.993652,-0.414062,-14.770508,30.517578,23.925781
8396,-0.281250,-1.032227,-0.395996,-15.869141,22.583008,20.568848
8397,-0.295898,-1.082520,-0.391113,-18.676758,16.906738,18.432617
8398,-0.343750,-1.162598,-0.398438,-23.193359,15.991211,13.061523
8399,-0.347168,-1.083496,-0.363281,-26.550293,18.615723,14.221191
8400,-0.375977,-1.010254,-0.359375,-30.212402,22.094727,18.127441
8401,-0.392090,-0.982422,-0.316895,-28.259277,27.954102,18.005371
8402,-0.396973,-1.033203,-0.309570,-27.099609,30.334473,17.333984
8403,-0.420410,-1.123535,-0.300781,-29.235840,31.738281,16.113281
8404,-0.477539,-1.188477,-0.238281,-45.593262,26.062012,22.094727
8405,-0.483398,-1.253418,-0.267578,-50.231934,24.291992,27.709961
8406,-0.551758,-1.318359,-0.277344,-47.485352,25.573730,32.043457
8407,-0.669922,-1.303711,-0.254395,-39.001465,31.250000,35.217285
8408,-0.687012,-1.201172,-0.223145,-35.766602,34.851074,36.071777
8409,-0.663574,-1.086914,-0.179688,-30.578613,38.391113,34.118652
8410,-0.545410,-0.813477,-0.114258,-18.737793,46.386719,24.047852
8411,-0.500000,-0.725586,-0.040527,-12.329102,46.997070,19.897461
8412,-0.486328,-0.669922,0.039551,-3.845215,40.405273,16.357422
8413,-0.504395,-0.624512,0.079590,6.103516,28.259277,14.465332
8414,-0.629395,-0.529785,0.146484,23.803711,0.976562,18.920898
8415,-0.705078,-0.530273,0.226562,26.855469,-19.104004,24.291992
8416,-0.785645,-0.600586,0.240723,23.986816,-45.288086,26.733398
8417,-0.833984,-0.667480,0.187012,5.554199,-93.627930,19.897461
8418,-0.700195,-0.817871,-0.113770,1.220703,-123.779297,26.489258
8419,-0.650879,-0.910156,-0.351562,2.197266,-131.530762,26.611328
8420,-0.531250,-0.888184,-0.528320,8.605957,-122.192383,24.719238
8421,-0.347656,-0.827148,-0.724121,-4.028320,-87.951660,30.761719
8422,-0.300781,-0.823242,-0.795898,-16.113281,-62.377930,35.827637
8423,-0.293945,-0.830078,-0.760254,-30.273438,-32.775879,38.574219
8424,-0.320312,-0.676758,-0.353027,-49.011230,10.314941,34.179688
8425,-0.310059,-0.584961,-0.200684,-46.142578,18.127441,27.343750
8426,-0.315430,-0.504883,-0.108398,-37.292480,21.728516,20.996094
8427,-0.331055,-0.402832,0.003418,-2.319336,28.198242,4.943848
8428,-0.326660,-0.368652,0.073242,15.075684,28.137207,-5.371094
8429,-0.324219,-0.358887,0.124023,27.343750,24.475098,-16.540527
8430,-0.332520,-0.398926,0.145996,33.386230,18.920898,-28.381348
8431,-0.346191,-0.564453,0.184570,33.630371,-9.216309,-54.931641
8432,-0.351074,-0.644531,0.098633,28.991699,-27.465820,-64.514160
8433,-0.360352,-0.700684,-0.028809,15.808105,-41.015625,-66.162109
8434,-0.400879,-0.883789,-0.301270,-24.475098,-51.147461,-48.522949
8435,-0.444824,-1.022949,-0.462402,-38.391113,-49.743652,-37.963867
8436,-0.496582,-1.177734,-0.698242,-41.198730,-45.288086,-30.822754
8437,-0.546875,-1.381348,-0.953125,-21.423340,-38.269043,-28.503418
8438,-0.707520,-1.709473,-1.248535,82.031250,-41.503906,-36.499023
8439,-0.902344,-1.181641,-0.488281,106.811523,-48.095703,-26.245117
8440,-0.959473,-0.844238,-0.166504,76.538086,-53.344727,-11.047363
8441,-0.950684,-0.477539,-0.015625,-5.310059,-42.846680,-3.784180
8442,-0.885254,-0.370605,-0.067871,-28.137207,-30.212402,-0.427246
8443,-0.825684,-0.427246,-0.146973,-35.644531,-15.319824,4.028320
8444,-0.719238,-0.836914,-0.210449,-37.658691,3.173828,3.173828
8445,-0.629395,-1.096680,-0.276367,-29.785156,2.014160,3.845215
8446,-0.499512,-1.283203,-0.282715,-5.065918,5.187988,-0.183105
8447,-0.375000,-1.190430,0.127930,19.287109,17.822266,-22.155762
8448,-0.394531,-1.107422,0.218750,1.098633,20.935059,-36.071777
8449,-0.392578,-1.029785,0.264648,-24.597168,25.695801,-44.494629
8450,-0.404785,-0.904297,0.300293,-68.420410,26.062012,-48.583984
8451,-0.392090,-0.869629,0.287598,-80.505371,21.972656,-48.767090
8452,-0.392578,-0.862793,0.267578,-84.289551,15.197754,-48.828125
8453,-0.394043,-0.858398,0.229492,-83.618164,8.789062,-50.964355
8454,-0.400391,-0.860840,0.160645,-78.552246,0.610352,-52.612305
8455,-0.386719,-0.907227,0.121582,-74.523926,-2.929688,-53.344727
8456,-0.376953,-0.973145,0.104004,-70.373535,-6.286621,-53.283691
8457,-0.362305,-1.071289,0.069824,-64.208984,-18.371582,-47.851562
8458,-0.354980,-1.097656,0.039551,-57.189941,-28.137207,-43.945312
8459,-0.333984,-1.114746,-0.032715,-46.813965,-38.757324,-39.306641
8460,-0.308594,-1.099121,-0.124512,-30.578613,-48.034668,-32.836914
8461,-0.284668,-1.006836,-0.277832,11.413574,-56.579590,-20.324707
8462,-0.276367,-0.899902,-0.321289,33.203125,-54.260254,-17.700195
8463,-0.302246,-0.774902,-0.261719,61.523438,-49.987793,-12.023926
8464,-0.341309,-0.747559,-0.216797,57.983398,-51.574707,-12.878418
8465,-0.374023,-0.719727,-0.187988,44.982910,-56.701660,-14.587402
8466,-0.389160,-0.703125,-0.205078,27.893066,-66.833496,-15.991211
8467,-0.375000,-0.715332,-0.381348,-3.234863,-80.993652,-15.441895
8468,-0.333984,-0.733398,-0.477539,-7.934570,-74.890137,-12.451172
8469,-0.269043,-0.762207,-0.541992,-1.281738,-44.860840,-2.685547
8470,-0.260254,-0.768066,-0.524902,1.525879,-25.268555,2.624512
8471,-0.266113,-0.778809,-0.487793,3.295898,-5.004883,8.117676
8472,-0.270996,-0.780273,-0.411133,2.502441,12.634277,13.610840
8473,-0.298828,-0.835449,-0.283691,-4.394531,30.761719,21.789551
8474,-0.313477,-0.868652,-0.252441,-5.065918,31.982422,21.850586
8475,-0.316895,-0.894043,-0.232422,-2.807617,28.198242,20.202637
8476,-0.314453,-0.913086,-0.217285,0.793457,20.751953,18.066406
8477,-0.331543,-0.941895,-0.242188,4.760742,0.610352,13.977051
8478,-0.362305,-0.964355,-0.291016,4.028320,-8.422852,12.390137
8479,-0.443848,-1.027832,-0.411133,0.549316,-15.197754,10.253906
8480,-0.488281,-1.046387,-0.422363,-6.042480,-14.709473,11.779785
8481,-0.531250,-1.041992,-0.435547,-17.395020,-11.901855,15.136719
8482,-0.586914,-0.974121,-0.426758,-38.391113,0.000000,24.597168
8483,-0.599609,-0.941406,-0.387207,-45.104980,5.859375,28.381348
8484,-0.602539,-0.949707,-0.328613,-50.354004,9.582520,30.944824
8485,-0.597168,-1.027832,-0.239258,-58.349609,7.385254,32.226562
8486,-0.568848,-1.075684,-0.218750,-57.006836,2.319336,31.982422
8487,-0.540527,-1.123047,-0.189453,-54.870605,-2.685547,32.043457
8488,-0.500000,-1.168945,-0.179199,-53.344727,-5.493164,30.578613
8489,-0.387207,-1.131836,-0.103516,-45.959473,-9.277344,25.756836
8490,-0.329102,-1.034668,-0.073730,-42.968750,-11.779785,24.414062
8491,-0.281250,-0.919434,-0.058105,-39.062500,-14.282227,24.169922
8492,-0.220215,-0.719238,-0.005371,-28.015137,-22.338867,21.728516
8493,-0.213867,-0.635254,0.016602,-22.705078,-27.648926,19.409180
8494,-0.235840,-0.575195,0.014160,-20.202637,-31.188965,17.395020
8495,-0.357422,-0.569336,0.020508,-21.118164,-36.071777,14.648438
8496,-0.467285,-0.616211,0.031250,-25.939941,-50.109863,16.113281
8497,-0.596191,-0.680664,0.016602,-26.733398,-76.843262,18.737793
8498,-0.801758,-0.813965,-0.115234,-31.433105,-138.610840,28.015137
8499,-0.806641,-0.927246,-0.343750,-28.747559,-162.170410,28.747559
8500,-0.780762,-1.009766,-0.542480,-20.996094,-166.259766,25.695801
8501,-0.698730,-1.003418,-0.690918,-9.948730,-124.938965,19.714355
8502,-0.673828,-0.918945,-0.612305,-13.366699,-94.299316,20.263672
8503,-0.642090,-0.822266,-0.507324,-19.104004,-65.124512,20.690918
8504,-0.605957,-0.757812,-0.424316,-19.653320,-41.503906,20.324707
8505,-0.528809,-0.699707,-0.219727,2.502441,-15.869141,13.916016
8506,-0.496094,-0.693359,-0.130371,18.188477,-11.047363,7.019043
8507,-0.462891,-0.695801,-0.054199,33.691406,-11.108398,-1.342773
8508,-0.383789,-0.663574,0.053711,52.062988,-22.338867,-18.249512
8509,-0.355469,-0.638672,0.066895,54.565430,-29.052734,-22.888184
8510,-0.304688,-0.576172,0.045898,47.363281,-37.109375,-24.169922
8511,-0.320312,-0.630859,0.006836,38.269043,-36.621094,-25.634766
8512,-0.336426,-0.682129,-0.020020,23.681641,-32.226562,-30.090332
8513,-0.340332,-0.732910,-0.032227,2.502441,-26.977539,-35.888672
8514,-0.336914,-0.821777,-0.063965,-47.973633,-17.150879,-47.973633
8515,-0.338867,-0.857422,-0.096680,-71.289062,-12.023926,-53.405762
8516,-0.353027,-0.900879,-0.140137,-91.247559,-7.446289,-58.715820
8517,-0.372070,-1.044922,-0.312988,-109.375000,-11.779785,-64.697266
8518,-0.405762,-1.177246,-0.461426,-101.379395,-32.226562,-57.373047
8519,-0.561035,-1.292480,-0.538086,-65.917969,-54.443359,-47.973633
8520,-0.975098,-1.122070,-0.169434,1.708984,-53.405762,-46.020508
8521,-0.979492,-1.007812,-0.096191,-4.150391,-40.588379,-52.185059
8522,-0.913574,-0.903320,-0.093262,-13.854980,-23.315430,-55.603027
8523,-0.744629,-0.748047,-0.051758,-19.836426,8.422852,-52.307129
8524,-0.686035,-0.748047,-0.007812,-15.258789,15.380859,-49.316406
8525,-0.612305,-0.763672,0.045898,-11.047363,14.221191,-48.583984
8526,-0.485840,-0.763184,0.048340,-7.446289,3.417969,-47.729492
8527,-0.445312,-0.769043,0.051758,-6.652832,-2.929688,-48.889160
8528,-0.404785,-0.755371,0.054688,-6.896973,-10.314941,-49.682617
8529,-0.341309,-0.723633,0.064941,-12.573242,-28.747559,-46.203613
8530,-0.349609,-0.729004,0.077637,-16.784668,-40.527344,-43.334961
8531,-0.366699,-0.758789,0.077637,-20.996094,-53.344727,-41.809082
8532,-0.409180,-0.826172,0.025879,-30.029297,-71.899414,-42.480469
8533,-0.421875,-0.856445,-0.019043,-31.188965,-75.683594,-42.480469
8534,-0.421387,-0.886719,-0.059082,-28.869629,-76.477051,-42.175293
8535,-0.382324,-0.950684,-0.088379,-16.235352,-74.523926,-39.733887
8536,-0.358398,-0.975098,-0.081055,-10.253906,-73.242188,-38.085938
8537,-0.334961,-1.001465,-0.064941,-6.286621,-72.448730,-36.010742
8538,-0.333496,-1.078613,-0.089844,-1.831055,-71.350098,-34.973145
8539,-0.340820,-1.099121,-0.104492,0.610352,-69.091797,-36.071777
8540,-0.353027,-1.103516,-0.105469,1.831055,-65.856934,-36.315918
8541,-0.367676,-1.106934,-0.103516,1.525879,-62.500000,-35.217285
8542,-0.387207,-1.101074,-0.132812,-2.258301,-56.213379,-34.118652
8543,-0.394043,-1.066895,-0.158203,-4.028320,-52.551270,-34.362793
8544,-0.396973,-1.027344,-0.180176,-4.516602,-48.828125,-34.790039
8545,-0.382324,-0.921387,-0.207520,1.037598,-43.212891,-33.325195
8546,-0.373535,-0.879395,-0.222656,4.638672,-40.710449,-30.395508
8547,-0.363770,-0.853516,-0.230469,6.958008,-37.841797,-26.794434
8548,-0.354980,-0.860840,-0.228027,3.112793,-32.775879,-19.958496
8549,-0.353027,-0.875488,-0.231445,-2.197266,-31.677246,-18.066406
8550,-0.349121,-0.895996,-0.237793,-8.544922,-31.677246,-16.784668
8551,-0.335449,-0.917969,-0.253418,-14.953613,-31.799316,-16.357422
8552,-0.289062,-0.951172,-0.231934,-26.184082,-28.808594,-14.526367
8553,-0.271484,-0.966309,-0.193848,-30.273438,-29.296875,-12.939453
8554,-0.267578,-0.985352,-0.164062,-32.836914,-32.348633,-10.864258
8555,-0.280273,-1.015137,-0.134766,-32.775879,-41.748047,-7.263184
8556,-0.294922,-1.020996,-0.126465,-31.738281,-45.410156,-6.469727
8557,-0.305176,-1.013184,-0.111816,-31.127930,-47.729492,-6.286621
8558,-0.318848,-0.967285,-0.083496,-31.799316,-49.133301,-4.821777
8559,-0.322266,-0.952637,-0.073242,-31.005859,-47.485352,-3.723145
8560,-0.326660,-0.944824,-0.061035,-29.235840,-45.288086,-2.319336
8561,-0.326172,-0.939453,-0.046387,-25.146484,-38.146973,1.159668
8562,-0.323730,-0.948242,-0.043457,-22.888184,-33.996582,2.380371
8563,-0.312988,-0.949707,-0.033203,-21.667480,-30.578613,2.929688
8564,-0.295410,-0.955566,-0.039062,-20.812988,-29.357910,3.845215
8565,-0.290527,-0.962402,-0.053711,-19.653320,-31.066895,4.150391
8566,-0.292480,-0.972168,-0.068359,-18.249512,-33.508301,4.821777
8567,-0.297363,-0.979980,-0.088379,-17.211914,-35.888672,5.798340
8568,-0.313477,-0.976562,-0.122070,-15.502930,-38.574219,9.155273
8569,-0.325684,-0.960938,-0.157227,-15.258789,-37.841797,13.183594
8570,-0.324707,-0.950684,-0.176270,-14.831543,-36.621094,15.075684
8571,-0.318359,-0.937988,-0.191895,-14.343262,-35.034180,16.967773
8572,-0.308594,-0.924316,-0.204590,-13.488770,-33.142090,18.798828
8573,-0.277832,-0.899902,-0.212402,-9.704590,-30.334473,21.911621
8574,-0.261230,-0.894531,-0.212891,-8.300781,-29.235840,22.521973
8575,-0.240234,-0.890137,-0.207031,-7.812500,-28.137207,22.521973
8576,-0.213867,-0.901367,-0.201172,-11.474609,-27.160645,21.667480
8577,-0.203613,-0.904785,-0.195312,-14.282227,-28.198242,20.324707
8578,-0.187500,-0.896973,-0.196289,-16.296387,-30.761719,18.371582
8579,-0.199707,-0.904785,-0.226562,-20.080566,-35.278320,15.441895
8580,-0.219727,-0.916992,-0.252441,-22.583008,-34.729004,14.831543
8581,-0.244141,-0.911133,-0.260742,-25.390625,-32.714844,14.099121
8582,-0.285645,-0.910645,-0.243164,-31.372070,-28.503418,11.352539
8583,-0.304688,-0.946289,-0.229492,-34.667969,-27.099609,9.338379
8584,-0.317383,-0.979492,-0.211426,-37.536621,-26.977539,6.896973
8585,-0.319336,-0.992676,-0.190430,-36.560059,-31.738281,2.258301
8586,-0.329102,-0.986816,-0.192871,-32.897949,-34.118652,0.854492
8587,-0.379395,-0.963867,-0.213379,-25.573730,-32.653809,-0.854492
8588,-0.408203,-0.933594,-0.233398,-20.874023,-28.747559,-1.586914
8589,-0.437988,-0.895020,-0.250488,-14.953613,-22.521973,-2.014160
8590,-0.495117,-0.849121,-0.271973,-3.662109,-6.347656,-2.685547
8591,-0.524902,-0.833496,-0.278809,0.427246,1.647949,-4.150391
8592,-0.563477,-0.788574,-0.267578,4.943848,12.268066,-8.178711
8593,-0.572266,-0.759277,-0.249023,4.577637,11.535645,-9.582520
8594,-0.583984,-0.732910,-0.239746,3.234863,5.432129,-10.375977
8595,-0.591797,-0.715332,-0.243164,0.732422,-4.394531,-11.169434
8596,-0.552734,-0.684570,-0.320801,-8.972168,-20.385742,-10.803223
8597,-0.527344,-0.691895,-0.376953,-13.732910,-20.935059,-9.033203
8598,-0.510742,-0.700195,-0.384277,-17.150879,-18.615723,-6.652832
8599,-0.509766,-0.732422,-0.336426,-24.658203,-17.150879,-1.098633
8600,-0.518555,-0.749023,-0.320801,-28.930664,-16.601562,1.770020
8601,-0.525879,-0.776855,-0.298340,-32.470703,-15.808105,4.638672
8602,-0.534668,-0.849609,-0.263672,-32.836914,-16.174316,7.690430
8603,-0.544922,-0.886230,-0.253418,-29.846191,-17.333984,7.812500
8604,-0.563965,-0.912598,-0.245117,-26.672363,-18.371582,7.202148
8605,-0.628418,-0.909180,-0.254883,-21.789551,-20.385742,4.272461
8606,-0.651855,-0.874512,-0.281738,-18.432617,-20.141602,2.441406
8607,-0.662598,-0.836914,-0.294434,-14.526367,-18.676758,1.037598
8608,-0.647949,-0.791992,-0.283203,-5.615234,-15.869141,0.671387
8609,-0.625488,-0.788086,-0.262695,-2.563477,-16.113281,2.136230
8610,-0.603516,-0.784180,-0.245117,-1.708984,-17.700195,3.356934
8611,-0.561035,-0.784668,-0.262207,-2.075195,-20.385742,4.821777
8612,-0.546875,-0.766602,-0.272949,-2.563477,-19.165039,4.882812
8613,-0.545898,-0.745605,-0.275879,-3.479004,-16.540527,5.310059
8614,-0.556641,-0.717773,-0.259277,-3.723145,-11.535645,6.225586
8615,-0.556152,-0.721191,-0.256348,-3.662109,-9.582520,5.859375
8616,-0.541992,-0.764648,-0.280273,-3.662109,-5.798340,4.943848
8617,-0.533203,-0.793457,-0.305664,-3.234863,-4.272461,4.394531
8618,-0.519531,-0.810059,-0.333984,-2.685547,-3.112793,3.784180
8619,-0.501953,-0.810547,-0.351562,-3.112793,-2.563477,4.699707
8620,-0.490723,-0.813477,-0.369141,-4.394531,-2.990723,6.164551
8621,-0.495117,-0.821289,-0.395996,-7.568359,-4.028320,8.178711
8622,-0.500488,-0.820801,-0.409668,-8.789062,-3.601074,8.361816
8623,-0.489258,-0.821777,-0.410156,-9.277344,1.770020,9.155273
8624,-0.477051,-0.814941,-0.387695,-9.399414,4.699707,9.155273
8625,-0.458984,-0.809570,-0.354492,-9.704590,6.103516,8.605957
8626,-0.443359,-0.809082,-0.332031,-10.253906,6.408691,7.934570
8627,-0.442871,-0.839844,-0.289551,-11.413574,5.859375,6.896973
8628,-0.456543,-0.850586,-0.276855,-12.512207,5.737305,5.920410
8629,-0.472656,-0.850586,-0.267578,-13.610840,5.676270,4.638672
8630,-0.492676,-0.847168,-0.266602,-12.939453,5.432129,3.234863
8631,-0.521973,-0.822266,-0.251953,-8.666992,4.638672,1.464844
8632,-0.526855,-0.798828,-0.259766,-5.554199,4.760742,0.793457
8633,-0.543945,-0.747559,-0.257812,2.990723,4.943848,2.258301
8634,-0.548340,-0.749512,-0.259277,6.896973,3.845215,2.746582
8635,-0.538086,-0.748535,-0.253906,8.972168,2.502441,2.563477
8636,-0.520996,-0.793457,-0.281250,10.498047,-1.586914,0.915527
8637,-0.496582,-0.822266,-0.303223,13.122559,-5.187988,0.915527
8638,-0.476074,-0.858398,-0.313477,14.038086,-7.629395,1.525879
8639,-0.425293,-0.865234,-0.332520,6.347656,-9.887695,1.403809
8640,-0.402344,-0.851562,-0.336914,2.014160,-12.084961,0.488281
8641,-0.392578,-0.846680,-0.338867,-2.197266,-14.953613,-0.549316
8642,-0.414551,-0.868164,-0.336914,-10.742188,-17.700195,-1.892090
8643,-0.438477,-0.875977,-0.337402,-13.793945,-16.235352,-2.624512
8644,-0.454102,-0.870117,-0.335449,-15.502930,-12.817383,-3.540039
8645,-0.462402,-0.828125,-0.318359,-12.512207,-5.126953,-4.943848
8646,-0.459473,-0.813477,-0.295898,-9.277344,-3.356934,-5.737305
8647,-0.455078,-0.802246,-0.275879,-5.432129,-4.272461,-7.080078
8648,-0.465820,-0.807617,-0.277832,-4.760742,-5.249023,-7.263184
8649,-0.477539,-0.818359,-0.292969,-4.333496,-5.615234,-7.568359
8650,-0.495117,-0.822754,-0.296875,-5.187988,-6.164551,-8.178711
8651,-0.498047,-0.819824,-0.297852,-5.554199,-6.958008,-8.728027
8652,-0.497559,-0.818359,-0.302734,-6.042480,-7.995605,-9.277344
8653,-0.497070,-0.819336,-0.308105,-6.530762,-8.728027,-9.643555
8654,-0.477539,-0.808594,-0.323730,-6.347656,-8.178711,-9.155273
8655,-0.462891,-0.803711,-0.314453,-5.065918,-7.690430,-8.666992
8656,-0.434082,-0.820801,-0.299316,-1.586914,-9.338379,-8.422852
8657,-0.426758,-0.837402,-0.297363,-1.159668,-10.437012,-8.483887
8658,-0.422363,-0.851562,-0.300781,-1.098633,-11.413574,-8.850098
8659,-0.420898,-0.854492,-0.285645,-3.784180,-13.305664,-10.925293
8660,-0.423340,-0.854980,-0.283203,-4.943848,-14.648438,-12.084961
8661,-0.424805,-0.846680,-0.272461,-4.150391,-18.249512,-12.939453
8662,-0.428711,-0.843262,-0.280273,-2.990723,-19.592285,-12.634277
8663,-0.440430,-0.843750,-0.269043,-0.183105,-19.653320,-12.390137
8664,-0.440430,-0.846680,-0.264648,0.732422,-19.348145,-12.756348
8665,-0.434570,-0.842773,-0.258301,1.525879,-19.714355,-13.244629
8666,-0.431152,-0.831055,-0.241211,3.356934,-23.254395,-15.502930
8667,-0.437012,-0.830078,-0.244141,3.662109,-25.207520,-16.052246
8668,-0.449219,-0.844238,-0.252441,3.295898,-26.733398,-15.930176
8669,-0.461426,-0.857422,-0.259277,3.173828,-28.076172,-15.380859
8670,-0.487793,-0.859863,-0.249023,5.126953,-31.188965,-13.610840
8671,-0.495117,-0.855469,-0.249512,4.882812,-32.226562,-12.634277
8672,-0.504395,-0.849609,-0.250488,3.234863,-32.043457,-11.962891
8673,-0.509277,-0.844238,-0.250977,1.770020,-31.250000,-11.657715
8674,-0.516113,-0.848145,-0.269043,-1.525879,-27.099609,-12.145996
8675,-0.512695,-0.852051,-0.270020,-2.136230,-24.169922,-12.939453
8676,-0.501953,-0.841797,-0.262695,-1.892090,-21.667480,-13.549805
8677,-0.500977,-0.810547,-0.247070,1.831055,-18.920898,-14.282227
8678,-0.509277,-0.797852,-0.242676,4.455566,-17.456055,-14.343262
8679,-0.555664,-0.816406,-0.221680,6.958008,-12.573242,-14.526367
8680,-0.584961,-0.828613,-0.217285,6.713867,-10.070801,-14.465332
8681,-0.608398,-0.834961,-0.205078,7.324219,-7.995605,-14.221191
8682,-0.627930,-0.820801,-0.167969,10.314941,-8.483887,-12.695312
8683,-0.631836,-0.815430,-0.150879,12.268066,-10.437012,-12.268066
8684,-0.628418,-0.811035,-0.131348,11.718750,-13.366699,-11.596680
8685,-0.639160,-0.822266,-0.131348,10.131836,-16.418457,-11.901855
8686,-0.642578,-0.831055,-0.143555,9.155273,-23.010254,-14.221191
8687,-0.644043,-0.841797,-0.159668,11.962891,-25.939941,-14.953613
8688,-0.642090,-0.858887,-0.208984,19.348145,-26.855469,-15.380859
8689,-0.629883,-0.852539,-0.224121,22.399902,-23.925781,-14.892578
8690,-0.618652,-0.853027,-0.242188,24.658203,-19.287109,-13.549805
8691,-0.592773,-0.842773,-0.251465,28.442383,-8.361816,-10.864258
8692,-0.584473,-0.833496,-0.259277,28.381348,-2.929688,-9.643555
8693,-0.577148,-0.828125,-0.263184,25.756836,2.746582,-7.934570
8694,-0.569824,-0.823730,-0.267090,22.094727,7.507324,-6.286621
8695,-0.569336,-0.782715,-0.257812,14.404297,9.399414,-4.089355
8696,-0.570312,-0.758789,-0.269531,13.793945,6.103516,-3.356934
8697,-0.558594,-0.744141,-0.283691,13.793945,2.258301,-2.258301
8698,-0.511719,-0.786133,-0.337402,10.498047,4.577637,1.403809
8699,-0.493164,-0.823730,-0.349121,6.469727,10.864258,1.464844
8700,-0.478516,-0.844238,-0.354004,2.563477,18.249512,0.915527
8701,-0.466797,-0.855469,-0.342773,0.366211,24.963379,0.244141
8702,-0.455566,-0.844727,-0.282227,-0.793457,35.400391,-1.831055
8703,-0.446777,-0.818359,-0.245117,-0.061035,38.391113,-2.746582
8704,-0.444824,-0.780273,-0.202148,5.126953,41.198730,-2.319336
8705,-0.449707,-0.778320,-0.181152,8.422852,41.931152,-1.220703
8706,-0.452637,-0.783691,-0.162109,11.230469,42.297363,-0.061035
8707,-0.452148,-0.791016,-0.156250,12.939453,42.236328,0.793457
8708,-0.446289,-0.794922,-0.167969,15.136719,43.884277,1.953125
8709,-0.451660,-0.804688,-0.174316,15.747070,46.020508,3.173828
8710,-0.491211,-0.865723,-0.180176,15.380859,53.344727,3.295898
8711,-0.499512,-0.872559,-0.177246,13.488770,58.837891,3.601074
8712,-0.506348,-0.873047,-0.162598,11.901855,63.415527,5.004883
8713,-0.518555,-0.875977,-0.149902,11.047363,66.894531,6.103516
8714,-0.536133,-0.899414,-0.122559,7.751465,71.960449,8.056641
8715,-0.536133,-0.902344,-0.113281,3.662109,73.913574,7.995605
8716,-0.527832,-0.895020,-0.102051,-0.305176,74.645996,7.751465
8717,-0.500488,-0.867676,-0.085938,-1.159668,69.763184,7.751465
8718,-0.488770,-0.873047,-0.077637,0.244141,66.223145,7.873535
8719,-0.469238,-0.871582,-0.065430,-0.244141,63.110352,7.629395
8720,-0.433594,-0.870117,-0.055664,-4.577637,59.997559,8.239746
8721,-0.407227,-0.865234,-0.037109,-5.554199,59.082031,9.765625
8722,-0.378418,-0.854004,-0.012695,-2.197266,56.274414,11.657715
8723,-0.322266,-0.853516,0.045898,10.925293,44.921875,13.183594
8724,-0.289062,-0.865723,0.063477,14.587402,37.902832,13.610840
8725,-0.272949,-0.895020,0.069336,16.479492,30.578613,13.793945
8726,-0.229492,-0.955566,0.053711,18.676758,15.808105,8.178711
8727,-0.197266,-0.986816,0.059570,19.287109,7.446289,3.540039
8728,-0.159668,-1.012695,0.048828,19.287109,-2.502441,-1.098633
8729,-0.100098,-1.077637,-0.023438,23.010254,-21.789551,-8.605957
8730,-0.073730,-1.103027,-0.069336,28.686523,-29.907227,-11.413574
8731,-0.054688,-1.122559,-0.127441,35.644531,-35.339355,-12.695312
8732,-0.035156,-1.112793,-0.253906,51.879883,-33.447266,-9.460449
8733,-0.026367,-1.076172,-0.330078,60.241699,-24.291992,-5.493164
8734,-0.071289,-0.984375,-0.422852,75.622559,9.887695,1.037598
8735,-0.131836,-0.943848,-0.421875,76.843262,27.893066,1.464844
8736,-0.193359,-0.908203,-0.409180,77.026367,41.625977,0.976562
8737,-0.263672,-0.890625,-0.372559,76.171875,47.729492,0.244141
8738,-0.355469,-0.902832,-0.322266,69.396973,41.748047,-3.173828
8739,-0.361816,-0.904297,-0.312500,64.453125,35.888672,-3.784180
8740,-0.350586,-0.899902,-0.305176,57.128906,33.203125,-3.112793
8741,-0.345215,-0.897461,-0.304199,47.729492,34.912109,-2.685547
8742,-0.336914,-0.854004,-0.279785,30.456543,45.349121,-0.549316
8743,-0.342773,-0.831055,-0.260742,24.719238,50.476074,2.746582
8744,-0.361816,-0.811035,-0.214355,19.958496,56.396484,9.704590
8745,-0.371582,-0.815918,-0.196777,20.263672,55.908203,12.573242
8746,-0.378906,-0.818359,-0.177246,22.460938,52.856445,14.526367
8747,-0.385742,-0.818359,-0.160156,23.620605,48.095703,16.601562
8748,-0.420898,-0.830566,-0.169434,21.179199,35.583496,22.399902
8749,-0.444336,-0.862305,-0.212891,17.150879,32.714844,25.634766
8750,-0.462891,-0.951172,-0.272461,10.070801,32.836914,29.724121
8751,-0.435547,-1.003906,-0.297363,10.375977,33.813477,29.846191
8752,-0.391602,-1.072754,-0.297852,13.732910,34.606934,27.282715
8753,-0.349121,-1.122559,-0.284668,17.395020,34.912109,23.071289
8754,-0.290527,-1.163574,-0.256836,18.066406,35.095215,17.395020
8755,-0.293457,-1.163574,-0.268066,14.343262,37.048340,16.296387
8756,-0.324219,-1.133789,-0.283691,9.704590,41.564941,16.357422
8757,-0.437500,-0.971191,-0.295410,-4.638672,58.837891,27.709961
8758,-0.496094,-0.939941,-0.333984,-9.765625,72.143555,36.315918
8759,-0.518555,-0.989258,-0.305176,-13.916016,108.215332,50.598145
8760,-0.530273,-1.028320,-0.256348,-16.357422,123.046875,56.701660
8761,-0.562012,-1.109375,-0.217285,-16.113281,133.056641,60.913086
8762,-0.592773,-1.193848,-0.170898,-12.084961,136.962891,61.340332
8763,-0.636230,-1.221191,-0.016602,-1.525879,123.901367,60.302734
8764,-0.639160,-1.157715,0.046875,3.662109,108.093262,60.363770
8765,-0.591797,-0.932617,0.115723,13.793945,71.777344,56.762695
8766,-0.564453,-0.817871,0.127441,17.517090,56.823730,54.138184
8767,-0.547852,-0.705566,0.140625,21.423340,43.640137,52.307129
8768,-0.580078,-0.591309,0.148926,28.686523,23.193359,46.630859
8769,-0.613281,-0.565430,0.162598,32.043457,14.038086,40.588379
8770,-0.650879,-0.551758,0.177734,32.653809,6.408691,33.935547
8771,-0.693848,-0.542480,0.193848,32.226562,0.061035,29.541016
8772,-0.770020,-0.608398,0.209473,29.235840,-9.704590,21.606445
8773,-0.763184,-0.619629,0.193848,23.620605,-13.854980,20.568848
8774,-0.747070,-0.668945,0.260254,7.934570,-30.578613,26.672363
8775,-0.761230,-0.930664,-0.258301,9.643555,-86.669922,45.715332
8776,-0.740723,-0.896484,-0.386719,22.338867,-83.618164,47.424316
8777,-0.710938,-0.819824,-0.429199,20.202637,-74.584961,49.865723
8778,-0.645020,-0.762207,-0.729492,2.380371,-31.677246,60.302734
8779,-0.632324,-0.753906,-0.641113,-0.488281,-9.765625,65.368652
8780,-0.592285,-0.721680,-0.510254,-8.605957,9.765625,69.030762
8781,-0.492188,-0.689941,-0.296875,-11.047363,39.794922,61.767578
8782,-0.456055,-0.646484,-0.214355,1.342773,50.292969,52.062988
8783,-0.449707,-0.637207,-0.142090,20.324707,58.898926,40.039062
8784,-0.422363,-0.574219,0.021484,73.242188,68.054199,9.643555
8785,-0.393555,-0.538086,0.083496,94.116211,70.739746,-5.676270
8786,-0.378418,-0.496582,0.147461,103.698730,71.899414,-19.287109
8787,-0.393066,-0.481445,0.218750,88.806152,70.190430,-34.545898
8788,-0.432617,-0.523438,0.224121,68.176270,69.641113,-39.062500
8789,-0.479004,-0.573730,0.193848,43.762207,71.716309,-45.410156
8790,-0.537598,-0.628906,0.100098,-7.995605,83.435059,-57.800293
8791,-0.559082,-0.670410,0.028809,-30.517578,89.843750,-61.950684
8792,-0.572754,-0.726562,-0.075684,-46.875000,94.726562,-64.880371
8793,-0.615723,-0.828125,-0.352051,-55.297852,93.750000,-70.190430
8794,-0.637695,-0.876465,-0.672363,-30.578613,85.449219,-70.617676
8795,-0.561523,-0.832520,-1.076172,31.494141,68.908691,-63.903809
8796,-0.454102,-0.842285,-1.132324,102.355957,33.325195,-42.053223
8797,-0.638184,-1.443848,-1.352051,102.111816,19.042969,-3.601074
8798,-0.714355,-1.340820,-0.736816,108.215332,32.165527,-0.366211
8799,-0.781250,-0.849121,-0.011230,78.369141,27.709961,14.221191
8800,-0.891113,-0.794434,0.048340,58.593750,27.160645,23.437500
8801,-0.977539,-0.759277,0.110352,56.213379,37.536621,24.169922
8802,-1.038574,-0.850098,0.195312,58.654785,49.499512,14.465332
8803,-1.031738,-1.077637,0.066406,67.382812,52.795410,5.676270
8804,-0.883789,-1.172363,0.009766,87.707520,59.753418,-4.882812
8805,-0.588379,-0.706055,0.349121,67.199707,80.078125,-21.057129
8806,-0.545898,-0.639160,0.375000,26.916504,81.848145,-26.062012
8807,-0.545898,-0.612793,0.333008,-10.070801,81.848145,-26.184082
8808,-0.582520,-0.611816,0.272949,-32.348633,81.665039,-25.207520
8809,-0.628418,-0.617188,0.158203,-39.428711,85.632324,-25.634766
8810,-0.604492,-0.648926,0.103516,-28.381348,86.791992,-25.573730
8811,-0.560059,-0.685547,0.060059,-9.826660,86.242676,-24.291992
8812,-0.507812,-0.733887,0.020020,12.084961,86.181641,-22.155762
8813,-0.438965,-0.849609,0.065918,38.085938,88.378906,-22.155762
8814,-0.413574,-0.914062,0.080566,37.963867,88.562012,-22.888184
8815,-0.408691,-0.988770,0.079590,20.996094,92.285156,-22.399902
8816,-0.423828,-1.121582,0.058105,8.666992,97.167969,-20.751953
8817,-0.432617,-1.143555,0.061035,-3.417969,100.219727,-16.540527
8818,-0.448242,-1.165527,0.076660,-10.620117,98.022461,-10.131836
8819,-0.438965,-1.146484,0.080566,-10.314941,88.500977,-2.685547
8820,-0.403320,-1.022461,0.073730,1.403809,50.292969,7.812500
8821,-0.394043,-0.924805,0.015625,9.399414,29.235840,8.178711
8822,-0.383789,-0.853516,-0.064941,23.132324,10.437012,8.300781
8823,-0.354980,-0.791016,-0.228027,44.555664,-7.202148,4.760742
8824,-0.312012,-0.764648,-0.317383,48.034668,-2.380371,4.394531
8825,-0.286133,-0.752930,-0.393066,49.255371,11.291504,6.652832
8826,-0.308105,-0.775879,-0.408691,54.748535,46.386719,14.343262
8827,-0.354004,-0.790039,-0.334961,52.795410,59.204102,17.028809
8828,-0.390625,-0.790527,-0.281250,46.264648,68.359375,17.944336
8829,-0.421387,-0.765625,-0.231445,34.912109,77.331543,19.042969
8830,-0.431641,-0.772461,-0.206543,29.907227,78.979492,19.042969
8831,-0.420410,-0.760254,-0.192871,24.719238,78.918457,20.263672
8832,-0.406250,-0.756836,-0.153809,20.019531,76.354980,23.254395
8833,-0.415039,-0.783203,-0.169922,13.427734,65.307617,31.188965
8834,-0.434570,-0.812500,-0.193359,14.160156,60.180664,33.386230
8835,-0.443359,-0.839355,-0.215332,16.418457,56.091309,33.813477
8836,-0.434082,-0.897461,-0.288574,20.019531,54.443359,32.714844
8837,-0.427734,-0.943848,-0.331543,22.705078,58.593750,31.738281
8838,-0.437988,-0.988281,-0.355469,24.780273,65.856934,30.700684
8839,-0.491699,-1.004883,-0.336426,25.329590,83.312988,28.930664
8840,-0.495117,-0.951660,-0.267090,20.874023,88.684082,31.127930
8841,-0.489258,-0.922852,-0.186035,16.845703,88.134766,32.470703
8842,-0.468262,-0.912598,-0.109863,13.732910,83.251953,31.494141
8843,-0.449219,-0.936035,0.000000,5.493164,67.871094,31.677246
8844,-0.484863,-0.947266,0.009277,-0.549316,61.584473,34.240723
8845,-0.569336,-0.999023,0.023438,-12.756348,54.626465,43.518066
8846,-0.629395,-1.056152,0.019531,-13.122559,50.781250,46.936035
8847,-0.707520,-1.108887,0.007812,-8.544922,47.363281,49.438477
8848,-0.871582,-1.098145,-0.047363,12.695312,47.058105,54.626465
8849,-0.905762,-1.012207,-0.075195,28.015137,53.771973,54.931641
8850,-0.866211,-0.861816,-0.052246,42.907715,63.049316,51.696777
8851,-0.786133,-0.718262,0.020996,53.344727,68.969727,46.325684
8852,-0.623047,-0.548340,0.084961,55.847168,63.659668,31.616211
8853,-0.574219,-0.499023,0.080078,50.537109,55.969238,27.343750
8854,-0.549316,-0.485352,0.113281,42.297363,42.968750,26.855469
8855,-0.568359,-0.645996,-0.056152,24.414062,-32.531738,38.635254
8856,-0.613770,-0.760254,-0.262207,24.414062,-63.293457,46.203613
8857,-0.651855,-0.830078,-0.415039,35.339355,-76.477051,49.438477
8858,-0.678223,-0.848145,-0.486816,63.720703,-69.702148,52.978516
8859,-0.700195,-0.824707,-0.455078,73.486328,-53.649902,54.260254
8860,-0.724609,-0.780273,-0.382812,77.087402,-31.066895,55.480957
8861,-0.713379,-0.696777,-0.270508,65.002441,16.662598,54.748535
8862,-0.670410,-0.661621,-0.220703,52.551270,39.428711,51.086426
8863,-0.614746,-0.625000,-0.161621,40.588379,57.067871,46.997070
8864,-0.559082,-0.606934,-0.120117,32.470703,68.908691,41.381836
8865,-0.512695,-0.593262,-0.050293,32.775879,77.087402,28.137207
8866,-0.512207,-0.596680,-0.020020,38.146973,76.232910,22.155762
8867,-0.521973,-0.599121,0.007812,46.020508,73.486328,15.258789
8868,-0.512207,-0.567383,0.051758,63.354492,68.176270,-1.770020
8869,-0.509277,-0.564941,0.092285,67.749023,65.734863,-10.681152
8870,-0.506836,-0.567383,0.120605,65.124512,62.805176,-18.920898
8871,-0.523926,-0.617676,0.107910,41.870117,56.457520,-29.235840
8872,-0.531250,-0.647461,0.057129,24.719238,55.358887,-31.860352
8873,-0.527344,-0.682129,-0.013672,7.934570,56.396484,-34.240723
8874,-0.503906,-0.730469,-0.171387,-11.108398,59.692383,-38.269043
8875,-0.517090,-0.790039,-0.308594,-9.399414,59.448242,-40.100098
8876,-0.486816,-0.796875,-0.508789,8.911133,58.715820,-42.480469
8877,-0.425293,-0.792480,-0.646484,57.556152,47.790527,-37.353516
8878,-0.419922,-0.862305,-0.726562,59.326172,43.395996,-31.005859
8879,-0.430176,-0.972656,-0.848145,53.527832,42.480469,-25.390625
8880,-0.464844,-1.058594,-0.907715,51.025391,42.785645,-19.714355
8881,-0.669434,-1.072266,-0.550293,53.771973,36.437988,-14.953613
8882,-0.763184,-0.992676,-0.333984,41.564941,30.395508,-19.165039
8883,-0.826172,-0.897949,-0.206055,20.935059,25.329590,-23.254395
8884,-0.802246,-0.669922,-0.111328,-14.465332,27.893066,-24.536133
8885,-0.766602,-0.609863,-0.094727,-21.484375,30.334473,-21.606445
8886,-0.713867,-0.695312,-0.204102,0.061035,31.494141,-9.155273
8887,-0.719727,-0.819824,-0.233398,25.695801,35.644531,-1.647949
8888,-0.704102,-0.956055,-0.236816,51.208496,42.541504,0.488281
8889,-0.647461,-1.043945,-0.090820,89.294434,58.898926,-8.789062
8890,-0.673828,-1.006836,0.062500,93.688965,62.805176,-14.526367
8891,-0.683594,-0.857910,0.239746,62.194824,61.218262,-26.062012
8892,-0.663574,-0.804688,0.230957,39.306641,55.053711,-26.428223
8893,-0.652344,-0.780762,0.183594,20.080566,46.569824,-24.658203
8894,-0.642090,-0.765625,0.119629,7.141113,39.733887,-23.254395
8895,-0.624512,-0.741699,0.064941,-1.647949,37.841797,-23.315430
8896,-0.562012,-0.701660,0.032227,-21.850586,43.762207,-26.794434
8897,-0.527832,-0.693359,0.017090,-28.625488,47.912598,-28.564453
8898,-0.483398,-0.704102,-0.022949,-28.320312,52.307129,-29.357910
8899,-0.417969,-0.752441,-0.009766,-16.052246,60.485840,-29.541016
8900,-0.405273,-0.791016,-0.002441,-10.375977,60.485840,-28.503418
8901,-0.399902,-0.927734,-0.014648,10.070801,53.100586,-21.301270
8902,-0.381836,-1.014160,-0.027344,24.414062,44.677734,-15.136719
8903,-0.377441,-1.113281,-0.051758,34.790039,37.597656,-7.995605
8904,-0.383789,-1.191406,-0.082031,37.963867,36.071777,-2.868652
8905,-0.372559,-1.167969,-0.042969,22.033691,41.809082,-0.793457
8906,-0.338379,-1.068848,0.002930,11.108398,39.184570,-0.488281
8907,-0.290039,-0.856934,0.026855,5.310059,14.038086,1.159668
8908,-0.291992,-0.812012,-0.041016,12.817383,0.610352,1.281738
8909,-0.297363,-0.787109,-0.117676,25.207520,-6.896973,1.037598
8910,-0.305664,-0.778809,-0.176270,36.987305,-7.873535,1.525879
8911,-0.325195,-0.810547,-0.216309,43.273926,4.333496,2.014160
8912,-0.333984,-0.822266,-0.228027,40.710449,11.291504,1.831055
8913,-0.349609,-0.833008,-0.234863,40.283203,14.465332,2.197266
8914,-0.385742,-0.848145,-0.286133,39.672852,10.437012,2.746582
8915,-0.412598,-0.826172,-0.315430,38.452148,6.713867,3.845215
8916,-0.436035,-0.811035,-0.326660,30.151367,6.225586,6.042480
8917,-0.448242,-0.764648,-0.373047,7.385254,13.183594,11.047363
8918,-0.435547,-0.750488,-0.366699,0.732422,18.432617,14.038086
8919,-0.430664,-0.763672,-0.346680,-3.906250,23.193359,17.578125
8920,-0.429688,-0.804688,-0.339844,-6.958008,28.198242,21.423340
8921,-0.410156,-0.898438,-0.335449,-7.812500,35.522461,24.841309
8922,-0.399414,-0.945312,-0.356445,-5.432129,38.452148,25.756836
8923,-0.376465,-1.022949,-0.370117,0.305176,45.471191,25.695801
8924,-0.373047,-1.053223,-0.351562,-1.098633,49.194336,24.658203
8925,-0.368164,-1.067383,-0.314453,-5.126953,51.513672,22.460938
8926,-0.367676,-1.055176,-0.273438,-16.113281,49.194336,18.798828
8927,-0.400391,-1.040527,-0.214355,-18.493652,44.372559,17.150879
8928,-0.432129,-1.040039,-0.201172,-20.019531,39.672852,15.930176
8929,-0.480469,-1.042480,-0.184082,-22.827148,36.254883,15.380859
8930,-0.571289,-1.033691,-0.116211,-40.466309,34.484863,20.935059
8931,-0.607422,-1.062988,-0.091797,-50.842285,31.433105,23.864746
8932,-0.681152,-1.149902,-0.153809,-49.377441,27.832031,29.418945
8933,-0.709473,-1.211914,-0.178711,-38.146973,29.357910,31.677246
8934,-0.725586,-1.224609,-0.184570,-24.902344,33.020020,32.836914
8935,-0.697266,-1.058594,-0.179199,-7.934570,49.194336,34.606934
8936,-0.622559,-0.910645,-0.127441,-2.929688,55.603027,33.325195
8937,-0.545898,-0.765137,-0.063477,-0.061035,56.579590,31.799316
8938,-0.491699,-0.655273,-0.011719,1.403809,52.001953,29.541016
8939,-0.418945,-0.509277,0.045410,-0.610352,33.630371,21.789551
8940,-0.408691,-0.479004,0.062012,-4.882812,22.460938,16.967773
8941,-0.490723,-0.514160,0.064941,-13.000488,-3.356934,10.864258
8942,-0.531250,-0.578125,0.043457,-15.808105,-18.737793,11.352539
8943,-0.548828,-0.666504,0.048828,-16.906738,-37.963867,15.441895
8944,-0.534180,-0.863770,-0.196777,-11.718750,-100.891113,24.597168
8945,-0.532715,-0.910645,-0.360352,1.159668,-119.140625,28.503418
8946,-0.517090,-0.911621,-0.473145,16.296387,-123.901367,33.142090
8947,-0.605957,-0.835938,-0.375488,19.836426,-100.891113,47.058105
8948,-0.676270,-0.807617,-0.364258,5.126953,-88.256836,50.231934
8949,-0.694336,-0.793945,-0.380371,-5.859375,-72.631836,52.246094
8950,-0.666504,-0.789551,-0.370605,-14.343262,-56.579590,53.466797
8951,-0.563965,-0.774414,-0.305664,-23.071289,-26.489258,55.419922
8952,-0.508301,-0.764160,-0.246582,-24.291992,-15.136719,53.710938
8953,-0.472168,-0.747559,-0.205566,-23.498535,-7.446289,49.011230
8954,-0.424805,-0.695312,-0.128418,-11.657715,5.554199,32.836914
8955,-0.407715,-0.646973,-0.076172,1.586914,9.033203,20.324707
8956,-0.388672,-0.580566,-0.026855,18.554688,10.437012,5.187988
8957,-0.356445,-0.490723,0.075684,40.588379,7.690430,-27.282715
8958,-0.352539,-0.451172,0.111328,37.780762,3.784180,-41.381836
8959,-0.360840,-0.412598,0.122559,27.282715,-1.708984,-49.987793
8960,-0.379395,-0.432129,0.100586,-5.981445,-16.174316,-55.236816
8961,-0.445801,-0.536621,-0.069824,-25.451660,-26.733398,-56.091309
8962,-0.474121,-0.722168,-0.623047,-44.494629,-47.546387,-60.974121
8963,-0.439941,-0.804688,-0.927734,-31.005859,-44.616699,-61.462402
8964,-0.515625,-0.968262,-0.665039,-21.118164,-22.766113,-50.292969
8965,-0.639160,-1.029785,-0.473633,-22.888184,-7.751465,-36.621094
8966,-0.741699,-1.051758,-0.300781,-25.146484,-0.366211,-23.986816
8967,-0.909668,-0.921875,-0.163086,10.437012,-28.076172,2.624512
8968,-1.026367,-0.866699,-0.137207,51.940918,-46.020508,15.869141
8969,-1.050781,-0.812012,-0.095215,85.815430,-51.147461,14.953613
8970,-0.867676,-0.573242,-0.002441,71.838379,-53.588867,0.488281
8971,-0.789062,-0.590332,-0.140625,33.386230,-50.903320,1.037598
8972,-0.727051,-0.716797,-0.333984,-5.126953,-41.809082,1.770020
8973,-0.699707,-1.029297,-0.419922,-56.579590,-20.263672,12.634277
8974,-0.702637,-1.202637,-0.300293,-53.527832,-20.874023,21.972656
8975,-0.611816,-1.231934,-0.147949,-24.597168,-20.935059,17.761230
8976,-0.541992,-0.993164,0.235840,41.076660,-6.958008,-16.784668
8977,-0.548828,-0.911133,0.370605,41.198730,-1.708984,-33.386230
8978,-0.543945,-0.881348,0.422852,25.390625,0.244141,-42.968750
8979,-0.522461,-0.915039,0.416016,-20.935059,-0.488281,-53.955078
8980,-0.504883,-0.938965,0.390625,-41.625977,-2.014160,-55.725098
8981,-0.494629,-0.979492,0.341797,-53.161621,-7.446289,-52.673340
8982,-0.495117,-1.047363,0.232422,-50.964355,-15.625000,-47.424316
8983,-0.368652,-0.995605,0.054199,-30.273438,-15.380859,-49.926758
8984,-0.265625,-0.931641,0.058594,-25.451660,-10.437012,-52.062988
8985,-0.170898,-0.899414,0.065430,-26.184082,-8.789062,-53.100586
8986,-0.067871,-0.929688,0.092773,-32.165527,-14.099121,-57.678223
8987,-0.040527,-0.965820,0.091309,-37.414551,-16.845703,-63.476562
8988,-0.034668,-1.005371,0.069824,-40.893555,-19.775391,-67.749023
8989,-0.050781,-1.090820,0.098145,-55.053711,-29.174805,-69.763184
8990,-0.068359,-1.108398,0.104004,-61.706543,-38.391113,-65.673828
8991,-0.110352,-1.140625,0.102051,-65.856934,-50.292969,-58.227539
8992,-0.182617,-1.158691,0.043457,-66.223145,-61.828613,-51.025391
8993,-0.311035,-1.041016,-0.125000,-48.278809,-74.951172,-37.353516
8994,-0.351074,-0.951172,-0.220703,-27.404785,-74.768066,-32.043457
8995,-0.367188,-0.840332,-0.256836,-1.525879,-71.411133,-27.221680
8996,-0.338867,-0.681641,-0.246094,38.208008,-54.321289,-15.747070
8997,-0.318848,-0.721680,-0.163574,31.799316,-30.029297,-0.976562
8998,-0.376465,-0.708496,0.482910,-2.319336,-7.812500,8.056641
8999,-0.485352,-0.432129,-0.067383,100.036621,37.475586,-27.954102
9000,-0.183594,-0.467773,1.718750,234.252930,-51.818848,-76.477051
9001,-0.698242,-1.138672,-0.854492,205.078125,-222.717285,-11.291504
9002,-0.556641,-1.440430,-1.200195,126.647949,-171.875000,3.784180
9003,-0.253418,-1.248535,-0.943848,54.321289,-115.783691,3.234863
9004,-0.096680,-0.996094,-0.570801,0.793457,-88.867188,8.483887
9005,-0.167969,-0.854492,-0.449219,-46.936035,-55.969238,31.372070
9006,-0.231445,-0.916992,-0.382324,-51.330566,-38.269043,34.667969
9007,-0.226562,-0.959473,-0.390625,-48.461914,-22.827148,37.109375
9008,-0.311035,-0.935547,-0.297363,-38.879395,-3.967285,33.447266
9009,-0.362793,-0.942871,-0.271973,-31.433105,1.037598,32.226562
9010,-0.400391,-0.937012,-0.204102,-19.714355,6.958008,29.357910
9011,-0.488770,-0.975586,-0.074219,7.507324,4.516602,25.939941
9012,-0.536133,-1.016113,-0.104492,15.014648,0.061035,27.282715
9013,-0.538574,-1.037109,-0.138672,21.545410,-2.380371,29.785156
9014,-0.535645,-1.051270,-0.186523,28.747559,-4.150391,34.179688
9015,-0.552734,-1.115234,-0.209473,38.269043,-10.253906,42.968750
9016,-0.497070,-1.199707,0.009277,32.287598,-18.371582,42.358398
9017,-0.447754,-1.162598,0.170898,8.728027,-29.052734,44.067383
9018,-0.457520,-1.181641,0.264160,-99.121094,-46.508789,71.594238
9019,-0.526367,-1.222168,0.226074,-165.344238,-56.945801,88.073730
9020,-0.593750,-1.264160,0.091797,-219.055176,-62.866211,95.642090
9021,-0.604492,-1.375000,-0.196289,-210.754395,-53.039551,78.979492
9022,-0.575195,-1.411621,-0.219238,-178.771973,-48.645020,74.157715
9023,-0.536133,-1.440430,-0.243164,-150.695801,-44.677734,79.650879
9024,-0.472656,-1.316895,-0.249512,-139.526367,-35.705566,101.196289
9025,-0.484375,-1.222168,-0.219727,-150.512695,-33.996582,108.032227
9026,-0.501953,-1.093262,-0.201660,-165.588379,-37.719727,108.642578
9027,-0.527344,-0.949707,-0.177734,-185.241699,-43.090820,109.741211
9028,-0.613770,-0.727539,-0.142578,-217.285156,-54.687500,115.417480
9029,-0.661133,-0.669922,-0.136230,-221.862793,-53.405762,121.215820
9030,-0.747070,-0.630859,-0.080566,-225.769043,-41.259766,122.619629
9031,-0.841309,-0.513184,0.063477,-250.305176,0.915527,115.600586
9032,-0.882324,-0.476074,0.118652,-263.854980,23.376465,114.990234
9033,-0.916992,-0.502930,0.143555,-266.845703,45.043945,111.267090
9034,-0.848633,-0.496094,0.144043,-243.652344,82.885742,94.848633
9035,-0.738770,-0.528320,0.163086,-223.083496,99.609375,92.651367
9036,-0.676758,-0.588867,0.235352,-205.993652,108.764648,87.951660
9037,-0.541992,-0.584473,0.365234,-176.147461,82.580566,49.804688
9038,-0.474609,-0.456055,0.400879,-143.676758,47.973633,25.695801
9039,-0.401367,-0.220703,0.388672,-94.299316,2.380371,8.422852
9040,-0.506348,-0.171875,0.172363,15.258789,-92.773438,-35.034180
9041,-0.482910,-0.019531,0.214844,76.049805,-176.757812,-50.048828
9042,-0.919922,-0.395996,-1.507812,114.013672,-412.292480,10.620117
9043,-1.556152,-0.804199,-2.337402,124.389648,-359.680176,7.507324
9044,-1.678711,-1.324219,-1.844727,-127.807617,-10.681152,13.671875
9045,-1.041504,-1.031738,-0.887207,-208.984375,51.391602,18.371582
9046,-0.666504,-0.614258,-0.700684,-232.177734,70.434570,5.126953
9047,-0.487793,-0.058594,-0.401855,-184.204102,101.806641,-6.469727
9048,-0.409668,0.084961,-0.189453,-143.737793,99.426270,-12.390137
9049,-0.361816,0.125977,-0.114746,-105.773926,88.867188,-21.423340
9050,-0.331543,0.106934,-0.123535,-31.127930,46.569824,-39.672852
9051,-0.303711,0.075684,-0.149902,-3.112793,23.925781,-46.264648
9052,-0.313477,0.027832,-0.202148,18.005371,3.234863,-49.865723
9053,-0.375000,-0.040527,-0.304688,35.949707,-13.122559,-54.443359
9054,-0.476562,-0.188965,-0.482910,61.767578,-31.433105,-66.467285
9055,-0.492676,-0.270020,-0.557617,65.246582,-34.423828,-69.946289
9056,-0.522949,-0.512207,-0.724609,51.147461,-33.691406,-70.434570
9057,-0.547363,-0.596680,-0.717285,31.982422,-32.165527,-69.641113
9058,-0.580566,-0.629883,-0.667969,13.488770,-32.226562,-68.237305
9059,-0.649414,-0.604980,-0.604980,2.807617,-34.362793,-67.321777
9060,-0.825195,-0.530273,-0.437988,21.545410,-23.193359,-75.744629
9061,-0.874512,-0.623047,-0.414062,57.678223,-22.644043,-76.904297
9062,-0.983398,-0.785156,-0.392090,98.937988,-44.555664,-72.509766
9063,-1.397461,-0.650391,-0.096680,215.515137,-111.877441,-45.288086
9064,-1.517090,-0.734863,-0.052734,247.619629,-139.709473,-33.691406
9065,-1.578125,-0.971680,-0.210938,262.207031,-143.798828,-36.132812
9066,-1.259766,-1.132812,-0.350586,224.670410,-71.166992,-92.529297
9067,-0.984863,-0.952637,-0.296875,187.316895,-27.160645,-112.487793
9068,-0.819824,-0.793945,-0.223633,155.822754,8.056641,-120.483398
9069,-0.716309,-0.692383,-0.140625,134.277344,31.494141,-125.793457
9070,-0.582031,-0.572266,-0.018066,105.224609,49.804688,-135.437012
9071,-0.543945,-0.530762,-0.004395,94.726562,47.607422,-137.145996
9072,-0.558105,-0.523438,0.015137,87.036133,41.320801,-136.230469
9073,-0.667969,-0.580566,0.018555,83.740234,25.634766,-128.295898
9074,-0.721680,-0.654785,0.018066,89.233398,21.850586,-122.192383
9075,-0.740234,-0.754395,0.008301,95.764160,24.108887,-117.431641
9076,-0.681152,-0.977051,0.057129,101.379395,46.264648,-113.525391
9077,-0.661133,-1.063477,0.109375,92.834473,60.119629,-112.182617
9078,-0.630859,-1.100586,0.186035,70.312500,71.594238,-104.370117
9079,-0.546875,-1.196777,0.309570,0.061035,73.547363,-74.157715
9080,-0.515137,-1.213379,0.343262,-37.841797,63.598633,-59.082031
9081,-0.471191,-1.177734,0.367188,-68.542480,42.907715,-47.668457
9082,-0.403809,-1.064453,0.413086,-96.130371,-27.770996,-36.315918
9083,-0.403809,-1.025391,0.354004,-95.947266,-70.739746,-39.428711
9084,-0.370605,-0.942383,0.250488,-88.745117,-106.079102,-44.128418
9085,-0.278809,-0.835449,0.050293,-72.143555,-136.474609,-49.926758
9086,-0.234375,-0.816406,-0.028320,-66.406250,-134.643555,-57.922363
9087,-0.173828,-0.700684,-0.189941,-64.086914,-106.018066,-76.599121
9088,-0.170410,-0.662598,-0.252930,-62.072754,-83.007812,-81.970215
9089,-0.163086,-0.641602,-0.293457,-56.945801,-59.265137,-87.097168
9090,-0.153320,-0.630371,-0.302734,-50.903320,-36.437988,-88.989258
9091,-0.198242,-0.606445,-0.332031,-42.236328,0.488281,-88.562012
9092,-0.291016,-0.658691,-0.416992,-36.926270,20.629883,-83.923340
9093,-0.276367,-0.774902,-0.432617,-28.442383,65.673828,-90.881348
9094,-0.250488,-0.728027,-0.383301,-25.085449,78.857422,-83.496094
9095,-0.263184,-0.708008,-0.400391,-23.986816,87.158203,-69.519043
9096,-0.292969,-0.703613,-0.378906,-21.484375,90.209961,-53.161621
9097,-0.336426,-0.717773,-0.287109,-13.061523,69.641113,-20.507812
9098,-0.329102,-0.725586,-0.242676,-9.094238,46.691895,-5.920410
9099,-0.295410,-0.714844,-0.214844,-7.507324,20.996094,9.033203
9100,-0.216797,-0.744629,-0.270508,-6.286621,-22.705078,38.818359
9101,-0.199707,-0.800293,-0.344727,-6.042480,-33.874512,49.438477
9102,-0.187012,-0.853027,-0.408691,-2.990723,-38.879395,57.800293
9103,-0.207031,-0.966309,-0.506348,14.099121,-41.015625,73.791504
9104,-0.243164,-1.066406,-0.547363,26.306152,-40.649414,80.627441
9105,-0.286621,-1.181641,-0.589844,40.893555,-38.330078,85.998535
9106,-0.352051,-1.331543,-0.648926,53.527832,-34.362793,89.660645
9107,-0.454590,-1.641602,-0.763184,66.772461,-13.671875,79.162598
9108,-0.460449,-1.692383,-0.815430,66.101074,1.464844,75.500488
9109,-0.468750,-1.633789,-0.812500,62.622070,17.333984,83.251953
9110,-0.501953,-1.589355,-0.777344,55.175781,31.372070,97.229004
9111,-0.601074,-1.313965,-0.574707,32.409668,54.687500,96.923828
9112,-0.635742,-1.140625,-0.491699,21.789551,64.514160,95.764160
9113,-0.626953,-0.916992,-0.313965,18.310547,73.486328,91.491699
9114,-0.604980,-0.851562,-0.183594,18.554688,68.725586,86.608887
9115,-0.567871,-0.782715,-0.057129,15.747070,56.091309,78.186035
9116,-0.497559,-0.651367,0.077148,-7.507324,22.277832,60.119629
9117,-0.489746,-0.611328,0.101074,-22.399902,6.408691,52.673340
9118,-0.505859,-0.598633,0.098633,-33.508301,-7.568359,47.790527
9119,-0.606445,-0.603516,0.069824,-36.560059,-27.404785,43.579102
9120,-0.658203,-0.604492,0.076172,-27.282715,-30.456543,45.349121
9121,-0.685059,-0.597656,0.105957,-15.869141,-31.372070,47.119141
9122,-0.713867,-0.588379,0.166992,4.272461,-34.362793,49.255371
9123,-0.729004,-0.562988,0.186035,12.207031,-36.071777,50.048828
9124,-0.735840,-0.535645,0.204102,20.690918,-37.536621,54.138184
9125,-0.727051,-0.536621,0.270996,32.531738,-42.602539,61.950684
9126,-0.684082,-0.516602,0.295898,28.320312,-50.292969,65.856934
9127,-0.646973,-0.525391,0.311523,17.517090,-64.025879,70.312500
9128,-0.586426,-0.581055,0.089355,-2.441406,-97.656250,82.641602
9129,-0.545898,-0.596191,-0.043457,-11.718750,-101.806641,85.144043
9130,-0.535645,-0.810059,-0.291504,-31.677246,-103.820801,89.111328
9131,-0.726074,-1.696289,-0.823730,-119.323730,-80.749512,99.670410
9132,-0.753418,-1.363281,-0.490723,-171.081543,-71.899414,122.192383
9133,-0.775879,-1.111328,-0.283691,-213.928223,-71.044922,148.193359
9134,-0.557617,-0.795898,-0.219727,-215.393066,-49.316406,153.991699
9135,-0.521973,-0.644531,-0.045410,-207.519531,-28.259277,142.395020
9136,-0.424805,-0.422852,0.024414,-195.434570,-5.737305,126.037598
9137,-0.386230,-0.262695,0.060547,-184.814453,18.859863,114.624023
9138,-0.362305,-0.046387,0.035156,-179.077148,66.345215,56.945801
9139,-0.386230,0.056641,-0.006348,-140.991211,74.523926,22.766113
9140,-0.462891,0.129883,0.066406,-45.654297,33.264160,-23.681641
9141,-0.427246,-0.016113,-0.121582,-7.568359,-6.958008,-33.325195
9142,-0.396484,-0.170898,-0.360840,18.859863,-22.460938,-42.175293
9143,-0.385742,-0.242188,-0.471680,38.757324,-22.705078,-54.199219
9144,-0.448730,-0.325684,-0.535156,68.054199,-23.742676,-75.195312
9145,-0.526855,-0.390137,-0.569336,75.744629,-27.038574,-84.960938
9146,-0.584473,-0.455078,-0.632324,79.589844,-33.142090,-92.834473
9147,-0.585938,-0.575684,-0.737305,75.012207,-41.198730,-86.791992
9148,-0.625488,-0.650391,-0.739746,67.077637,-41.870117,-78.186035
9149,-0.852051,-0.750488,-0.640137,41.503906,-0.732422,-84.960938
9150,-1.000000,-0.881836,-0.599121,32.104492,31.005859,-96.252441
9151,-1.210449,-1.146973,-0.621582,28.991699,48.645020,-110.412598
9152,-1.487305,-1.184570,-0.455566,54.870605,38.513184,-107.849121
9153,-1.569336,-1.312988,-0.221680,206.420898,10.681152,-57.556152
9154,-1.526855,-1.361816,-0.045898,254.516602,16.113281,-73.242188
9155,-1.292480,-1.108398,0.039551,252.197266,39.306641,-111.755371
9156,-0.862793,-0.678223,0.109863,170.532227,109.497070,-153.625488
9157,-0.741211,-0.614746,0.139648,124.023438,141.662598,-156.616211
9158,-0.646973,-0.610352,0.187012,81.176758,162.536621,-152.526855
9159,-0.547363,-0.676758,0.265625,8.483887,164.062500,-131.408691
9160,-0.536133,-0.724121,0.267090,-15.930176,145.935059,-117.126465
9161,-0.537598,-0.790039,0.273438,-34.729004,121.154785,-100.463867
9162,-0.536133,-0.959473,0.136719,-57.006836,64.147949,-66.650391
9163,-0.525879,-1.068359,0.025879,-50.903320,42.175293,-55.419922
9164,-0.508301,-1.082520,0.034668,-40.588379,25.573730,-48.034668
9165,-0.472168,-1.019043,-0.033691,-25.085449,-7.385254,-34.057617
9166,-0.479492,-0.958008,-0.059570,-16.052246,-19.958496,-28.808594
9167,-0.465332,-0.879883,-0.066895,-9.643555,-28.686523,-26.123047
9168,-0.436523,-0.802246,-0.036621,-7.812500,-34.179688,-23.681641
9169,-0.365234,-0.713867,0.026367,-13.854980,-45.410156,-23.620605
9170,-0.348633,-0.702637,0.026367,-15.380859,-50.354004,-24.047852
9171,-0.338379,-0.732910,0.022949,-14.038086,-52.673340,-26.550293
9172,-0.304199,-0.823242,0.069336,-16.174316,-56.152344,-35.583496
9173,-0.269531,-0.859863,0.098633,-17.822266,-60.729980,-41.076660
9174,-0.241211,-0.872559,0.123047,-20.019531,-68.237305,-47.485352
9175,-0.185547,-0.832520,0.038574,-21.545410,-81.115723,-58.593750
9176,-0.173340,-0.808594,-0.011230,-21.545410,-80.688477,-60.546875
9177,-0.171387,-0.792969,-0.054688,-21.972656,-77.209473,-61.340332
9178,-0.200195,-0.786133,-0.174805,-21.789551,-57.250977,-63.842773
9179,-0.222168,-0.800781,-0.237305,-22.583008,-40.466309,-66.589355
9180,-0.231934,-0.818359,-0.289062,-23.010254,-20.446777,-69.396973
9181,-0.236328,-0.821289,-0.312012,-23.132324,18.859863,-71.166992
9182,-0.226562,-0.757324,-0.312012,-19.958496,33.264160,-66.101074
9183,-0.246094,-0.711914,-0.374512,-13.610840,46.691895,-56.884766
9184,-0.325195,-0.754883,-0.412598,-5.859375,62.866211,-47.607422
9185,-0.327637,-0.680176,-0.382812,10.131836,83.679199,-37.292480
9186,-0.339844,-0.652344,-0.351074,12.268066,87.097168,-29.663086
9187,-0.372559,-0.661621,-0.334961,7.507324,85.266113,-20.324707
9188,-0.355957,-0.688965,-0.325684,3.051758,80.932617,-19.042969
9189,-0.244629,-0.742188,-0.301758,-7.141113,59.814453,-17.883301
9190,-0.158691,-0.771484,-0.313965,-9.094238,46.264648,-15.319824
9191,-0.064453,-0.809082,-0.337402,-8.544922,32.714844,-10.925293
9192,0.006836,-0.856445,-0.376465,-5.371094,20.202637,-3.967285
9193,0.074219,-0.980469,-0.481934,8.422852,1.464844,11.169434
9194,0.063965,-1.037598,-0.485840,16.784668,-4.272461,18.188477
9195,0.024414,-1.062012,-0.440918,19.592285,-9.521484,24.475098
9196,-0.093262,-1.009277,-0.398926,11.169434,-21.362305,36.315918
9197,-0.158203,-1.015137,-0.402344,8.178711,-27.770996,43.273926
9198,-0.220703,-1.050781,-0.418457,8.483887,-34.790039,48.828125
9199,-0.325684,-1.094727,-0.488281,14.709473,-45.776367,62.927246
9200,-0.384277,-1.137695,-0.533203,18.737793,-47.485352,73.242188
9201,-0.512695,-1.238770,-0.659180,28.015137,-38.269043,93.566895
9202,-0.579590,-1.302734,-0.717773,33.447266,-26.123047,102.294922
9203,-0.627441,-1.398438,-0.735352,37.475586,-11.169434,106.201172
9204,-0.643555,-1.506836,-0.669434,35.217285,1.708984,103.637695
9205,-0.570801,-1.587891,-0.454590,6.591797,3.051758,88.256836
9206,-0.507324,-1.560547,-0.386719,-5.187988,-5.004883,75.256348
9207,-0.443848,-1.453613,-0.292969,-11.840820,-17.211914,61.096191
9208,-0.367188,-1.083496,-0.138184,-24.719238,-46.081543,42.480469
9209,-0.367676,-0.920898,-0.167480,-32.531738,-53.039551,42.419434
9210,-0.408203,-0.749512,-0.210449,-37.536621,-48.583984,50.170898
9211,-0.423340,-0.711914,-0.199707,-37.170410,-42.358398,53.894043
9212,-0.428711,-0.684570,-0.167969,-35.949707,-35.705566,56.823730
9213,-0.440918,-0.682617,-0.129883,-30.212402,-25.329590,62.316895
9214,-0.473633,-0.692383,-0.054199,-25.939941,-22.277832,64.270020
9215,-0.511230,-0.692871,-0.032715,-21.301270,-19.653320,66.345215
9216,-0.601562,-0.675781,-0.045898,-12.329102,-8.789062,72.082520
9217,-0.651855,-0.691895,-0.058594,-7.446289,1.281738,73.974609
9218,-0.696289,-0.708008,-0.045410,-0.854492,12.451172,72.692871
9219,-0.700195,-0.647461,0.221680,8.972168,22.094727,61.035156
9220,-0.676270,-0.598633,0.347656,8.239746,-32.958984,74.157715
9221,-0.749512,-0.640625,0.298828,19.714355,-99.731445,88.012695
9222,-0.742676,-0.661133,0.084473,16.540527,-142.150879,95.520020
9223,-0.667969,-0.568359,-0.072266,-3.540039,-138.977051,84.106445
9224,-0.613770,-0.515625,-0.086914,-26.062012,-124.694824,77.453613
9225,-0.573242,-0.534180,-0.155762,-51.818848,-110.900879,73.791504
9226,-0.659668,-0.968262,-0.497559,-101.562500,-72.509766,60.546875
9227,-0.728516,-1.264648,-0.599609,-121.948242,-39.428711,46.875000
9228,-0.681152,-1.225586,-0.449219,-127.746582,-18.432617,37.719727
9229,-0.446777,-0.858398,-0.024902,-133.361816,-8.056641,69.458008
9230,-0.443848,-0.729492,0.086426,-136.718750,-8.972168,85.144043
9231,-0.449707,-0.625977,0.015625,-133.361816,-9.277344,89.477539
9232,-0.388672,-0.423828,0.035645,-121.459961,13.366699,91.979980
9233,-0.378906,-0.375977,0.068359,-127.075195,25.878906,88.623047
9234,-0.412598,-0.347656,0.062012,-136.840820,34.912109,64.514160
9235,-0.378906,-0.229980,0.052734,-138.305664,28.991699,45.715332
9236,-0.334473,-0.154785,-0.095215,-128.784180,18.188477,28.442383
9237,-0.387207,-0.159668,-0.151855,-107.849121,7.751465,13.427734
9238,-0.605957,-0.222656,-0.381348,-40.222168,-12.084961,-18.493652
9239,-0.686035,-0.307129,-0.437988,-8.605957,-15.319824,-31.677246
9240,-0.672852,-0.457031,-0.541992,38.940430,-13.977051,-57.434082
9241,-0.668457,-0.489258,-0.561523,55.053711,-13.244629,-66.467285
9242,-0.687012,-0.542480,-0.596191,62.011719,-14.953613,-71.411133
9243,-0.728516,-0.589844,-0.597168,62.622070,-21.728516,-72.631836
9244,-0.764648,-0.494629,-0.420410,56.457520,-41.687012,-65.307617
9245,-0.778320,-0.430176,-0.420410,52.673340,-34.362793,-67.810059
9246,-0.812988,-0.443359,-0.456543,46.142578,-16.479492,-76.721191
9247,-1.079102,-0.542480,-0.456055,23.742676,13.610840,-94.726562
9248,-1.284668,-0.659180,-0.541992,28.381348,9.460449,-86.364746
9249,-1.418457,-0.984375,-0.609375,67.504883,2.563477,-73.059082
9250,-1.147949,-1.429199,-0.566895,200.683594,-3.417969,-65.551758
9251,-1.035156,-1.310059,-0.436035,238.342285,26.733398,-75.073242
9252,-0.952637,-1.146484,-0.228027,245.056152,65.185547,-94.543457
9253,-0.723145,-0.852051,0.097168,201.354980,130.859375,-132.385254
9254,-0.639160,-0.750488,0.186035,169.128418,154.724121,-139.160156
9255,-0.590820,-0.708008,0.264648,134.582520,166.687012,-136.535645
9256,-0.531250,-0.722168,0.360840,59.143066,154.968262,-115.539551
9257,-0.533691,-0.779785,0.346191,27.893066,134.033203,-105.102539
9258,-0.547363,-0.856934,0.295410,3.112793,109.375000,-97.412109
9259,-0.561035,-0.940918,0.199707,-12.390137,87.707520,-91.064453
9260,-0.580078,-1.112305,0.048340,-16.601562,60.668945,-81.176758
9261,-0.569824,-1.142578,0.064941,-19.653320,53.161621,-77.514648
9262,-0.488770,-1.063965,0.076172,-32.165527,36.865234,-65.246582
9263,-0.456055,-0.985840,0.093262,-35.217285,22.766113,-58.288574
9264,-0.419434,-0.812500,0.006836,-34.484863,-6.286621,-44.982910
9265,-0.398438,-0.750977,-0.048828,-29.235840,-14.953613,-37.170410
9266,-0.389648,-0.736328,-0.074707,-24.902344,-18.493652,-30.090332
9267,-0.341797,-0.762695,-0.076660,-17.089844,-17.639160,-27.709961
9268,-0.301270,-0.765137,-0.063477,-14.770508,-16.479492,-30.578613
9269,-0.257324,-0.767578,-0.058594,-11.047363,-15.808105,-32.714844
9270,-0.201172,-0.796875,-0.043457,-1.953125,-17.578125,-32.409668
9271,-0.189941,-0.790527,-0.052734,2.624512,-19.348145,-29.724121
9272,-0.181641,-0.762207,-0.061035,6.713867,-20.080566,-25.268555
9273,-0.184082,-0.712891,-0.088867,14.709473,-18.249512,-19.531250
9274,-0.187988,-0.714355,-0.093262,17.395020,-16.662598,-19.042969
9275,-0.184570,-0.728516,-0.085938,17.822266,-16.296387,-20.019531
9276,-0.206055,-0.766113,-0.150879,16.662598,-16.052246,-20.690918
9277,-0.216309,-0.774414,-0.187500,15.747070,-11.718750,-20.568848
9278,-0.211914,-0.742676,-0.190918,8.911133,0.427246,-20.324707
9279,-0.215332,-0.729492,-0.176758,4.638672,5.554199,-20.812988
9280,-0.220703,-0.736328,-0.168457,0.671387,8.728027,-22.949219
9281,-0.231934,-0.754395,-0.197266,-3.417969,12.084961,-26.855469
9282,-0.257812,-0.868652,-0.318359,-10.192871,26.672363,-40.222168
9283,-0.258789,-0.937988,-0.353516,-13.916016,38.452148,-51.086426
9284,-0.215332,-0.933594,-0.364746,-17.578125,48.767090,-58.593750
9285,-0.138184,-0.925293,-0.343750,-19.897461,49.804688,-52.856445
9286,-0.097656,-0.958984,-0.473633,-11.352539,32.104492,-41.381836
9287,-0.135742,-0.996582,-0.485352,-0.549316,14.099121,-31.982422
9288,-0.131836,-0.890137,-0.681641,5.310059,-1.098633,-18.127441
9289,-0.145996,-0.837402,-0.687012,13.061523,-1.403809,-4.882812
9290,-0.155273,-0.820312,-0.615723,13.183594,-7.324219,22.338867
9291,-0.148438,-0.946289,-0.439453,3.234863,-12.268066,35.400391
9292,-0.148438,-1.023438,-0.384277,-10.253906,-18.188477,45.410156
9293,-0.164551,-1.088867,-0.383789,-30.822754,-29.479980,66.345215
9294,-0.201172,-1.104980,-0.405273,-34.667969,-34.973145,77.209473
9295,-0.256348,-1.099121,-0.426270,-35.339355,-40.954590,88.134766
9296,-0.411621,-1.157715,-0.490723,-26.062012,-51.147461,105.651855
9297,-0.481445,-1.212891,-0.533691,-17.211914,-50.964355,106.872559
9298,-0.521484,-1.265625,-0.551758,-7.202148,-46.081543,102.966309
9299,-0.522949,-1.333984,-0.522949,-1.953125,-38.269043,90.881348
9300,-0.486328,-1.328125,-0.474609,-15.441895,-21.789551,63.903809
9301,-0.473633,-1.374023,-0.436523,-23.254395,-17.395020,53.161621
9302,-0.368652,-1.204590,-0.167480,-27.954102,-40.161133,37.719727
9303,-0.357422,-1.109375,-0.084961,-29.052734,-60.852051,35.034180
9304,-0.358887,-1.025391,-0.062012,-30.944824,-79.711914,33.630371
9305,-0.368164,-0.954102,-0.083496,-34.240723,-92.346191,33.447266
9306,-0.391602,-0.879395,-0.143066,-46.936035,-93.078613,31.127930
9307,-0.395508,-0.853516,-0.147461,-55.358887,-86.242676,28.381348
9308,-0.396484,-0.829590,-0.138184,-62.805176,-78.063965,25.878906
9309,-0.411133,-0.807617,-0.130371,-69.030762,-64.392090,25.756836
9310,-0.426758,-0.803223,-0.123047,-66.589355,-60.180664,28.564453
9311,-0.507812,-0.767578,-0.136230,-57.067871,-51.635742,41.931152
9312,-0.571777,-0.762695,-0.167969,-49.377441,-44.372559,51.147461
9313,-0.614746,-0.742676,-0.171387,-39.978027,-34.729004,59.265137
9314,-0.645020,-0.728027,-0.151367,-32.348633,-24.047852,65.673828
9315,-0.703125,-0.703125,-0.048828,-21.667480,-7.324219,60.607910
9316,-0.711914,-0.669434,-0.005859,-15.991211,-2.990723,52.917480
9317,-0.704590,-0.617676,0.032715,-9.704590,-1.342773,44.006348
9318,-0.663086,-0.497070,0.130859,-0.671387,-4.821777,28.076172
9319,-0.609863,-0.420410,0.259766,-2.807617,-36.987305,32.226562
9320,-0.651367,-0.502930,0.126465,9.277344,-80.993652,41.748047
9321,-0.651367,-0.516113,-0.049316,17.883301,-125.854492,49.804688
9322,-0.624023,-0.532227,-0.118164,16.601562,-129.943848,51.086426
9323,-0.588379,-0.531250,-0.150391,6.469727,-128.845215,50.598145
9324,-0.593750,-0.575684,-0.233887,-24.230957,-128.051758,52.124023
9325,-0.622559,-0.672363,-0.350098,-35.095215,-127.258301,57.861328
9326,-0.676758,-0.886230,-0.474609,-42.175293,-121.276855,65.002441
9327,-0.682617,-0.884277,-0.458496,-43.884277,-113.464355,74.829102
9328,-0.723145,-0.824707,-0.375488,-68.542480,-75.073242,98.388672
9329,-0.707520,-0.763184,-0.355469,-84.472656,-41.687012,109.802246
9330,-0.750488,-0.763672,-0.277344,-87.463379,-5.432129,111.999512
9331,-0.669434,-0.637695,-0.006348,-83.312988,44.738770,98.571777
9332,-0.653320,-0.581543,0.049316,-80.810547,57.189941,89.416504
9333,-0.607422,-0.478027,0.164551,-74.096680,57.739258,64.025879
9334,-0.598145,-0.455078,0.146484,-72.326660,47.241211,47.668457
9335,-0.590332,-0.405762,0.062988,-67.138672,35.949707,28.625488
9336,-0.554199,-0.314941,-0.079590,-39.489746,22.521973,-1.098633
9337,-0.570312,-0.308594,-0.088867,-23.986816,15.319824,-12.878418
9338,-0.645020,-0.322266,-0.145020,1.098633,0.793457,-31.005859
9339,-0.697754,-0.360352,-0.194336,10.070801,-3.173828,-37.597656
9340,-0.748535,-0.409668,-0.268555,17.272949,-5.310059,-43.090820
9341,-0.852539,-0.563477,-0.439941,21.972656,-6.713867,-46.997070
9342,-0.859863,-0.666016,-0.544922,22.155762,-10.192871,-46.997070
9343,-0.807617,-0.709473,-0.604980,23.925781,-16.113281,-45.227051
9344,-0.695801,-0.746094,-0.626465,28.564453,-10.681152,-48.522949
9345,-0.719727,-0.726562,-0.565918,29.235840,6.042480,-61.401367
9346,-0.788574,-0.698242,-0.529297,26.916504,35.949707,-83.190918
9347,-0.961914,-0.777344,-0.410645,16.784668,83.374023,-118.164062
9348,-1.038086,-0.890625,-0.407227,19.714355,86.425781,-121.826172
9349,-1.114746,-0.972656,-0.287109,34.667969,76.171875,-108.093262
9350,-1.017090,-1.159180,-0.251953,117.248535,40.588379,-53.588867
9351,-0.947754,-1.113770,-0.221680,159.790039,44.799805,-41.076660
9352,-0.825195,-0.975586,-0.121094,180.847168,62.805176,-41.625977
9353,-0.686035,-0.821289,-0.049805,177.917480,85.815430,-47.546387
9354,-0.575195,-0.664551,0.087891,137.756348,121.704102,-59.509277
9355,-0.569824,-0.644531,0.139648,113.281250,127.441406,-62.988281
9356,-0.566406,-0.649902,0.150391,94.909668,124.877930,-64.636230
9357,-0.589355,-0.687012,0.109375,83.496094,99.975586,-64.758301
9358,-0.615723,-0.719727,0.091309,86.669922,82.397461,-63.110352
9359,-0.651367,-0.750000,0.090332,91.674805,64.636230,-60.241699
9360,-0.770996,-0.814453,0.059082,89.050293,42.419434,-50.720215
9361,-0.800781,-0.864746,0.062012,81.298828,39.062500,-46.752930
9362,-0.772461,-0.916016,0.055664,67.993164,39.672852,-45.593262
9363,-0.660645,-0.940918,0.048340,20.080566,50.598145,-44.982910
9364,-0.614258,-0.944336,0.030273,-8.911133,55.786133,-43.823242
9365,-0.564453,-0.937988,0.020508,-33.691406,58.044434,-40.527344
9366,-0.526367,-0.943359,0.012695,-53.466797,55.786133,-38.024902
9367,-0.417969,-0.910156,-0.092285,-55.175781,37.231445,-36.621094
9368,-0.345215,-0.895020,-0.124512,-42.053223,23.803711,-36.193848
9369,-0.269531,-0.885742,-0.148926,-27.648926,10.559082,-34.423828
9370,-0.134277,-0.881836,-0.184082,-6.164551,-8.483887,-30.029297
9371,-0.092773,-0.864258,-0.177246,-1.220703,-13.427734,-28.991699
9372,-0.063965,-0.841309,-0.152832,0.915527,-17.822266,-28.808594
9373,-0.070801,-0.782227,-0.142578,8.300781,-24.902344,-30.273438
9374,-0.088867,-0.759277,-0.145020,11.901855,-26.000977,-32.287598
9375,-0.111328,-0.748535,-0.169922,14.465332,-24.841309,-34.118652
9376,-0.155762,-0.745117,-0.268555,18.920898,-9.704590,-34.729004
9377,-0.176758,-0.754883,-0.299316,19.653320,2.258301,-34.667969
9378,-0.194824,-0.774414,-0.312012,17.089844,24.291992,-35.766602
9379,-0.244141,-0.803711,-0.305664,12.023926,32.531738,-36.132812
9380,-0.273926,-0.812012,-0.306152,3.417969,38.696289,-36.560059
9381,-0.301270,-0.813477,-0.310059,-6.713867,42.541504,-36.804199
9382,-0.381348,-0.786133,-0.377930,-22.399902,48.156738,-32.836914
9383,-0.408691,-0.786133,-0.381836,-24.230957,48.767090,-33.020020
9384,-0.412109,-0.767090,-0.353027,-22.033691,44.372559,-32.043457
9385,-0.409668,-0.768066,-0.321289,-20.202637,36.315918,-30.212402
9386,-0.376465,-0.782715,-0.352539,-17.639160,19.836426,-23.010254
9387,-0.346680,-0.796387,-0.381348,-16.723633,16.296387,-16.601562
9388,-0.272949,-0.835938,-0.418945,-13.610840,15.625000,2.075195
9389,-0.234375,-0.890137,-0.416504,-9.704590,15.136719,13.061523
9390,-0.194336,-0.975586,-0.411133,-2.075195,10.925293,22.949219
9391,-0.155273,-1.099609,-0.334473,21.667480,-10.498047,34.057617
9392,-0.142578,-1.119141,-0.288086,25.207520,-25.634766,40.710449
9393,-0.152344,-1.131836,-0.311035,22.155762,-37.536621,47.912598
9394,-0.223145,-1.134766,-0.414062,15.441895,-44.067383,62.133789
9395,-0.283691,-1.124023,-0.447266,14.282227,-40.771484,70.800781
9396,-0.362305,-1.130859,-0.472656,12.878418,-35.583496,79.589844
9397,-0.534180,-1.201172,-0.507812,14.892578,-23.254395,91.491699
9398,-0.609375,-1.253418,-0.499023,15.625000,-16.296387,93.017578
9399,-0.659668,-1.347168,-0.488770,12.512207,-9.521484,85.449219
9400,-0.653809,-1.329590,-0.506348,6.347656,-1.831055,71.350098
9401,-0.671387,-1.215820,-0.490723,-8.300781,20.507812,61.889648
9402,-0.661133,-1.184082,-0.345703,-10.986328,18.310547,57.373047
9403,-0.626953,-1.105957,-0.216309,-11.779785,4.455566,52.978516
9404,-0.588867,-0.935059,-0.109375,-20.019531,-30.700684,53.405762
9405,-0.586426,-0.866699,-0.098633,-26.611328,-42.663574,53.955078
9406,-0.591797,-0.821289,-0.092285,-34.423828,-49.377441,53.100586
9407,-0.561035,-0.731445,-0.065918,-52.062988,-53.100586,45.043945
9408,-0.549805,-0.697266,-0.046875,-62.377930,-51.757812,40.893555
9409,-0.533203,-0.657227,-0.037109,-72.875977,-49.194336,37.780762
9410,-0.541016,-0.610840,-0.062500,-83.984375,-40.466309,38.757324
9411,-0.571289,-0.602539,-0.080078,-81.909180,-34.423828,41.320801
9412,-0.602051,-0.601074,-0.093750,-75.134277,-27.343750,45.410156
9413,-0.659180,-0.624512,-0.071289,-56.457520,-10.742188,53.222656
9414,-0.660645,-0.639648,-0.053223,-46.447754,-2.685547,54.260254
9415,-0.649902,-0.643555,-0.025391,-35.827637,4.821777,52.368164
9416,-0.588379,-0.606445,0.030762,-15.686035,16.540527,41.198730
9417,-0.555176,-0.580078,0.052734,-7.080078,20.019531,34.851074
9418,-0.515625,-0.543457,0.112793,7.812500,17.028809,23.864746
9419,-0.545410,-0.554199,0.220215,13.122559,-7.629395,27.282715
9420,-0.689453,-0.651855,0.051758,24.902344,-70.922852,38.940430
9421,-0.726562,-0.636230,-0.190918,9.094238,-135.681152,56.335449
9422,-0.711426,-0.647949,-0.258789,-16.662598,-143.249512,59.814453
9423,-0.719238,-0.702148,-0.395020,-44.311523,-143.493652,64.086914
9424,-0.785645,-0.903809,-0.640625,-78.796387,-129.943848,64.086914
9425,-0.889648,-1.298340,-0.831055,-120.483398,-54.992676,31.555176
9426,-0.588379,-0.992188,-0.482422,-130.798340,-18.066406,27.893066
9427,-0.458008,-0.776367,-0.182617,-134.155273,-0.671387,38.696289
9428,-0.480469,-0.608398,-0.081055,-125.671387,5.737305,57.189941
9429,-0.468262,-0.537109,-0.109375,-107.116699,16.418457,62.500000
9430,-0.474121,-0.491699,-0.073242,-86.242676,29.724121,65.429688
9431,-0.469238,-0.460449,0.004395,-70.190430,42.236328,64.453125
9432,-0.451172,-0.438965,0.167969,-70.678711,52.612305,53.894043
9433,-0.488281,-0.418457,0.251465,-91.308594,50.354004,43.640137
9434,-0.578613,-0.384277,0.062988,-107.238770,33.325195,17.089844
9435,-0.643066,-0.341309,-0.052246,-80.139160,17.883301,5.310059
9436,-0.694336,-0.321777,-0.162598,-53.405762,5.371094,-4.943848
9437,-0.747559,-0.334473,-0.290527,-33.203125,-1.647949,-15.319824
9438,-0.746582,-0.329590,-0.565918,0.122070,-5.737305,-46.691895
9439,-0.731445,-0.329102,-0.722656,18.249512,-4.821777,-62.500000
9440,-0.646484,-0.311523,-0.942871,49.194336,0.549316,-76.049805
9441,-0.646484,-0.349609,-0.978027,59.692383,3.540039,-75.256348
9442,-0.672852,-0.442871,-0.988281,63.049316,4.882812,-73.425293
9443,-0.682129,-0.258301,-0.429688,57.250977,-2.014160,-59.448242
9444,-0.659180,-0.101562,-0.331543,54.748535,14.282227,-49.255371
9445,-0.705078,-0.172363,-0.403320,70.190430,42.968750,-45.471191
9446,-0.789062,-0.326660,-0.427734,94.360352,66.284180,-49.377441
9447,-1.046387,-0.623535,-0.416992,140.502930,56.274414,-49.926758
9448,-1.191895,-0.978516,-0.513184,173.156738,30.212402,-39.184570
9449,-1.193848,-1.397949,-0.525879,219.543457,15.808105,-30.944824
9450,-0.753906,-1.170898,-0.197754,312.377930,37.292480,-39.062500
9451,-0.743164,-0.968262,0.047363,317.443848,52.368164,-49.987793
9452,-0.744629,-0.870605,0.134277,298.583984,72.509766,-67.626953
9453,-0.701172,-0.704102,0.383301,222.290039,106.567383,-97.656250
9454,-0.674316,-0.693848,0.467773,172.363281,112.365723,-99.731445
9455,-0.618652,-0.667480,0.552246,118.591309,106.811523,-90.881348
9456,-0.614746,-0.882812,0.464355,21.667480,65.429688,-54.260254
9457,-0.632324,-0.986328,0.316406,-8.605957,44.799805,-44.067383
9458,-0.686523,-1.112793,0.202637,-25.634766,26.489258,-43.823242
9459,-0.686035,-1.198242,0.121582,-45.471191,16.662598,-53.466797
9460,-0.518555,-1.224121,-0.262207,-71.472168,38.269043,-77.941895
9461,-0.460938,-1.133301,-0.203613,-57.495117,50.476074,-79.101562
9462,-0.388184,-1.053223,-0.046387,-53.527832,53.283691,-72.875977
9463,-0.305664,-0.847656,-0.015625,-35.278320,36.865234,-60.058594
9464,-0.309082,-0.773926,0.071289,-26.733398,20.141602,-50.354004
9465,-0.320312,-0.741211,0.065430,-24.719238,5.126953,-41.870117
9466,-0.339355,-0.749023,0.051758,-12.817383,-20.935059,-28.198242
9467,-0.347168,-0.794434,0.044434,-8.483887,-29.541016,-24.230957
9468,-0.338867,-0.849121,0.017090,-6.652832,-34.240723,-23.010254
9469,-0.320801,-0.893066,-0.005859,-6.774902,-34.301758,-23.742676
9470,-0.271484,-0.899414,-0.067871,-5.676270,-27.465820,-29.907227
9471,-0.255859,-0.893066,-0.088379,-1.464844,-22.583008,-31.738281
9472,-0.238281,-0.859863,-0.093750,5.126953,-14.953613,-33.935547
9473,-0.229004,-0.841309,-0.103516,5.554199,-14.099121,-33.752441
9474,-0.215332,-0.829102,-0.115234,6.958008,-15.258789,-33.447266
9475,-0.200684,-0.815918,-0.115723,9.216309,-17.211914,-33.752441
9476,-0.183594,-0.784668,-0.108398,11.352539,-23.376465,-37.292480
9477,-0.186523,-0.779297,-0.128418,8.850098,-24.902344,-39.916992
9478,-0.189941,-0.781250,-0.158203,4.821777,-24.780273,-42.602539
9479,-0.212891,-0.804199,-0.217773,-2.746582,-20.507812,-47.546387
9480,-0.229004,-0.806152,-0.236328,-7.812500,-17.150879,-50.231934
9481,-0.245605,-0.792480,-0.265137,-13.122559,-13.366699,-50.842285
9482,-0.296875,-0.785645,-0.333008,-20.874023,-6.774902,-45.776367
9483,-0.338867,-0.772461,-0.374023,-23.986816,-3.662109,-42.358398
9484,-0.404297,-0.782715,-0.420898,-26.611328,1.281738,-38.879395
9485,-0.413574,-0.784180,-0.396484,-33.752441,5.920410,-38.513184
9486,-0.362305,-0.800293,-0.332520,-35.583496,-3.540039,-34.362793
9487,-0.317383,-0.826660,-0.344238,-34.545898,-6.774902,-32.592773
9488,-0.256348,-0.851562,-0.347168,-30.395508,-6.530762,-31.127930
9489,-0.170898,-0.862305,-0.345215,-25.451660,-2.990723,-27.465820
9490,-0.036621,-0.873047,-0.300293,-13.061523,2.136230,-12.023926
9491,-0.009277,-0.895020,-0.281250,-3.723145,0.732422,-1.159668
9492,0.001953,-0.918457,-0.260742,5.920410,-3.051758,8.666992
9493,-0.049805,-0.950684,-0.217773,17.822266,-16.418457,22.277832
9494,-0.087891,-0.948730,-0.216797,17.700195,-22.583008,26.428223
9495,-0.124512,-0.939453,-0.237305,14.831543,-27.038574,31.677246
9496,-0.202148,-0.947754,-0.329590,8.483887,-26.550293,45.104980
9497,-0.241211,-0.967285,-0.376465,6.774902,-21.850586,51.635742
9498,-0.281738,-0.983398,-0.411621,7.263184,-15.319824,57.983398
9499,-0.377930,-1.039551,-0.467773,14.892578,-1.770020,70.617676
9500,-0.429199,-1.088379,-0.480469,20.996094,4.455566,75.012207
9501,-0.485840,-1.154297,-0.495605,27.282715,9.826660,77.636719
9502,-0.608398,-1.397461,-0.543945,41.015625,17.761230,75.134277
9503,-0.641602,-1.531738,-0.562012,46.325684,20.812988,67.993164
9504,-0.654297,-1.624512,-0.509766,44.494629,22.827148,59.387207
9505,-0.587402,-1.550293,-0.379395,13.549805,14.526367,51.452637
9506,-0.537109,-1.418945,-0.320312,0.122070,4.272461,52.429199
9507,-0.487793,-1.283691,-0.243164,-6.774902,-8.972168,52.429199
9508,-0.451172,-1.013672,-0.251953,-7.568359,-34.851074,61.645508
9509,-0.478027,-0.941406,-0.307617,-1.708984,-37.231445,68.725586
9510,-0.500488,-0.871094,-0.315430,2.136230,-31.982422,75.439453
9511,-0.537598,-0.777344,-0.252930,1.342773,-12.207031,83.618164
9512,-0.533203,-0.740234,-0.186523,-2.563477,-4.394531,83.129883
9513,-0.505859,-0.693359,-0.112305,-10.070801,-0.366211,78.979492
9514,-0.421875,-0.618652,0.045410,-31.616211,-5.554199,63.720703
9515,-0.392578,-0.590332,0.086426,-43.945312,-14.221191,57.250977
9516,-0.410156,-0.603027,0.065918,-56.030273,-22.094727,52.734375
9517,-0.458008,-0.627441,0.019043,-65.734863,-25.939941,49.133301
9518,-0.591797,-0.706543,-0.044434,-77.758789,-21.972656,51.818848
9519,-0.651855,-0.749512,-0.036133,-81.176758,-18.066406,53.283691
9520,-0.734375,-0.816895,0.043457,-84.594727,-14.587402,52.917480
9521,-0.752441,-0.821777,0.101074,-84.167480,-17.578125,49.499512
9522,-0.744629,-0.787598,0.141602,-81.787109,-22.949219,44.738770
9523,-0.712891,-0.726562,0.168457,-76.477051,-28.930664,39.245605
9524,-0.620605,-0.581055,0.145508,-58.837891,-35.644531,28.442383
9525,-0.595215,-0.540527,0.125488,-46.569824,-32.470703,23.803711
9526,-0.577148,-0.518066,0.106934,-32.653809,-27.404785,18.432617
9527,-0.561035,-0.500488,0.031738,-1.220703,-13.305664,10.681152
9528,-0.555664,-0.509766,-0.004395,14.770508,-5.371094,10.314941
9529,-0.564453,-0.542480,-0.036133,30.334473,2.685547,11.413574
9530,-0.690430,-0.715820,-0.223633,38.818359,-23.315430,29.357910
9531,-0.711426,-0.813477,-0.541992,31.982422,-51.269531,38.757324
9532,-0.686523,-0.911133,-0.621582,9.521484,-71.166992,48.767090
9533,-0.872070,-1.365234,-0.858887,-56.030273,-92.956543,43.701172
9534,-0.724609,-1.143066,-0.700684,-82.092285,-87.524414,50.048828
9535,-0.628418,-1.027344,-0.499512,-97.473145,-78.918457,59.082031
9536,-0.489258,-0.644531,-0.147461,-116.943359,-67.993164,71.716309
9537,-0.464355,-0.501953,-0.063477,-123.596191,-55.664062,78.430176
9538,-0.479492,-0.446289,-0.060059,-122.253418,-37.170410,83.923340
9539,-0.474121,-0.407227,-0.036133,-112.915039,-12.512207,82.885742
9540,-0.527832,-0.409180,0.048828,-107.299805,52.490234,68.542480
9541,-0.584473,-0.404297,0.142578,-116.271973,75.012207,55.236816
9542,-0.737305,-0.416016,0.164551,-113.464355,75.561523,24.108887
9543,-0.798340,-0.411133,0.110840,-94.177246,55.175781,9.460449
9544,-0.791504,-0.407227,-0.043945,-69.335938,33.081055,-2.990723
9545,-0.609863,-0.410156,-0.328125,-37.109375,13.671875,-10.070801
9546,-0.558105,-0.334473,-0.339844,-24.108887,4.882812,-14.221191
9547,-0.564453,-0.284668,-0.408203,-13.488770,-1.953125,-15.319824
9548,-0.595215,-0.274414,-0.479980,0.488281,-6.591797,-17.395020
9549,-0.658691,-0.300781,-0.519531,21.240234,-7.934570,-24.047852
9550,-0.675293,-0.305176,-0.507324,23.925781,-8.789062,-25.329590
9551,-0.659180,-0.334961,-0.475586,26.794434,-5.981445,-25.146484
9552,-0.628418,-0.355957,-0.463867,31.250000,-2.441406,-27.893066
9553,-0.604004,-0.374512,-0.458496,37.353516,2.807617,-32.897949
9554,-0.602051,-0.386719,-0.449707,43.823242,9.033203,-38.696289
9555,-0.683594,-0.469238,-0.452637,51.147461,20.812988,-45.104980
9556,-0.769043,-0.612305,-0.475098,52.124023,26.123047,-42.602539
9557,-0.868652,-0.734863,-0.169922,75.744629,13.671875,-16.906738
9558,-0.835449,-0.744141,-0.086914,74.279785,7.080078,-4.760742
9559,-0.847168,-0.756836,-0.128906,59.631348,6.469727,-4.272461
9560,-0.862305,-0.726562,-0.192383,46.447754,4.638672,-8.178711
9561,-0.892090,-0.627441,-0.404297,30.822754,-10.192871,-5.737305
9562,-0.919434,-0.637695,-0.488770,26.550293,-12.634277,-3.540039
9563,-0.978516,-0.678223,-0.539062,27.465820,-13.122559,-3.601074
9564,-1.062500,-0.745605,-0.543457,73.852539,0.793457,-14.526367
9565,-1.065918,-0.747559,-0.491699,107.543945,13.000488,-24.353027
9566,-1.024414,-0.753418,-0.422363,132.690430,25.146484,-33.447266
9567,-0.965820,-0.792480,-0.362305,148.742676,38.757324,-44.555664
9568,-0.836426,-0.796875,-0.250000,170.410156,63.049316,-69.641113
9569,-0.768066,-0.796387,-0.194336,178.588867,71.899414,-79.833984
9570,-0.714844,-0.793457,-0.140137,182.617188,78.063965,-88.562012
9571,-0.666992,-0.793457,-0.109375,181.396484,81.848145,-93.750000
9572,-0.615234,-0.841309,-0.049316,174.133301,86.486816,-98.876953
9573,-0.587891,-0.865723,-0.020508,170.288086,84.655762,-99.853516
9574,-0.545898,-0.880859,0.047852,161.621094,77.453613,-98.693848
9575,-0.515137,-0.860352,0.062012,154.724121,76.110840,-97.229004
9576,-0.499023,-0.839844,0.083984,144.775391,79.528809,-97.045898
9577,-0.497559,-0.817383,0.192871,115.600586,88.012695,-97.473145
9578,-0.504883,-0.802246,0.260742,97.106934,88.806152,-96.008301
9579,-0.504395,-0.815918,0.296387,73.120117,89.477539,-90.820312
9580,-0.492676,-0.911621,0.353516,24.841309,83.068848,-76.232910
9581,-0.456055,-0.946777,0.368164,-3.845215,78.002930,-67.443848
9582,-0.398926,-0.941895,0.322266,-32.470703,72.143555,-57.800293
9583,-0.371094,-1.007812,0.204590,-51.147461,56.884766,-47.363281
9584,-0.358887,-1.000977,0.247070,-59.814453,46.142578,-43.212891
9585,-0.353516,-0.986328,0.190918,-70.800781,36.010742,-38.513184
9586,-0.328613,-0.966797,0.064941,-64.270020,11.535645,-33.630371
9587,-0.304199,-0.950195,0.018066,-58.410645,0.732422,-31.982422
9588,-0.281738,-0.937012,-0.038086,-54.809570,-7.263184,-29.785156
9589,-0.248047,-0.927246,-0.141113,-52.185059,-15.502930,-26.550293
9590,-0.243164,-0.931641,-0.183105,-51.025391,-16.601562,-28.076172
9591,-0.243164,-0.936523,-0.212402,-49.011230,-17.578125,-30.456543
9592,-0.231934,-0.899414,-0.274902,-45.227051,-18.859863,-29.785156
9593,-0.217285,-0.877441,-0.296875,-38.818359,-18.676758,-27.648926
9594,-0.196777,-0.858398,-0.298828,-30.517578,-17.944336,-24.658203
9595,-0.151367,-0.830566,-0.261230,-12.390137,-17.456055,-20.874023
9596,-0.129883,-0.841309,-0.223145,-4.028320,-18.188477,-20.263672
9597,-0.105957,-0.859863,-0.186035,4.028320,-20.202637,-20.874023
9598,-0.075195,-0.907715,-0.128418,18.737793,-27.404785,-24.658203
9599,-0.076172,-0.934082,-0.104980,23.925781,-31.372070,-27.221680
9600,-0.083984,-0.952148,-0.105469,25.695801,-33.996582,-30.639648
9601,-0.100098,-0.966797,-0.125488,23.864746,-33.691406,-33.935547
9602,-0.139648,-0.966309,-0.170410,11.474609,-24.963379,-38.940430
9603,-0.162598,-0.978516,-0.187500,2.807617,-18.615723,-41.198730
9604,-0.168457,-0.979004,-0.206543,-6.652832,-12.817383,-44.616699
9605,-0.182617,-0.975098,-0.254395,-22.888184,-6.225586,-48.828125
9606,-0.187500,-0.963379,-0.288086,-27.893066,-3.784180,-50.537109
9607,-0.189453,-0.932617,-0.307617,-29.785156,-2.990723,-49.987793
9608,-0.204590,-0.906738,-0.329590,-29.724121,-3.295898,-47.058105
9609,-0.251465,-0.855957,-0.344727,-25.451660,-1.525879,-40.222168
9610,-0.260742,-0.814941,-0.343750,-20.141602,-0.244141,-35.156250
9611,-0.254883,-0.784180,-0.274414,-11.047363,0.854492,-28.198242
9612,-0.235352,-0.759766,-0.229492,-8.056641,-2.075195,-25.268555
9613,-0.222656,-0.751953,-0.218262,-6.164551,-6.347656,-21.728516
9614,-0.209961,-0.755371,-0.213867,-4.943848,-9.033203,-18.371582
9615,-0.178223,-0.754395,-0.208496,-8.422852,-10.803223,-9.338379
9616,-0.173340,-0.756348,-0.224121,-10.375977,-10.131836,-2.746582
9617,-0.182617,-0.771973,-0.239258,-9.948730,-8.300781,4.638672
9618,-0.222656,-0.840332,-0.248535,-6.958008,-4.333496,16.296387
9619,-0.244141,-0.889648,-0.263672,-6.164551,-2.624512,19.226074
9620,-0.227539,-0.961914,-0.297363,-3.112793,-1.647949,23.254395
9621,-0.190918,-0.977051,-0.292969,-1.586914,-2.624512,26.611328
9622,-0.163086,-0.994629,-0.291016,-1.159668,-4.943848,30.883789
9623,-0.152344,-1.001465,-0.280273,-2.136230,-6.652832,36.987305
9624,-0.190430,-0.998535,-0.318848,-9.277344,-2.990723,50.964355
9625,-0.231445,-1.015137,-0.340332,-11.352539,0.488281,60.729980
9626,-0.277344,-1.041992,-0.366211,-10.803223,4.577637,69.458008
9627,-0.376953,-1.087402,-0.368652,-7.934570,12.268066,82.885742
9628,-0.449707,-1.145020,-0.375977,-6.713867,15.808105,87.463379
9629,-0.533691,-1.288574,-0.390137,-4.760742,18.920898,85.388184
9630,-0.608887,-1.594238,-0.480469,0.854492,30.578613,47.424316
9631,-0.565918,-1.504395,-0.484863,-1.647949,40.710449,38.208008
9632,-0.524414,-1.457520,-0.387695,-1.403809,40.039062,44.372559
9633,-0.516113,-1.470215,-0.230957,1.708984,26.123047,54.199219
9634,-0.556641,-1.354980,-0.074707,11.291504,-27.038574,69.519043
9635,-0.561035,-1.216309,-0.115723,16.784668,-46.203613,80.139160
9636,-0.589355,-1.059570,-0.189941,26.306152,-52.307129,97.595215
9637,-0.595215,-0.985352,-0.188965,28.503418,-44.921875,96.069336
9638,-0.522461,-0.815918,-0.116699,24.658203,-27.282715,77.392578
9639,-0.470215,-0.732910,-0.065918,21.362305,-22.766113,65.246582
9640,-0.398926,-0.646973,-0.023438,15.869141,-21.789551,55.480957
9641,-0.314453,-0.558594,0.011230,3.173828,-26.611328,47.607422
9642,-0.291992,-0.549316,0.005371,-4.943848,-30.395508,46.325684
9643,-0.279785,-0.545410,-0.016602,-11.718750,-33.264160,46.997070
9644,-0.304688,-0.625000,-0.083008,-17.944336,-32.897949,51.696777
9645,-0.329590,-0.674805,-0.112305,-17.822266,-29.541016,54.321289
9646,-0.366699,-0.732910,-0.140137,-15.747070,-23.925781,56.884766
9647,-0.433105,-0.840820,-0.162598,-4.882812,-10.314941,58.593750
9648,-0.454590,-0.866699,-0.153320,2.990723,-3.784180,58.044434
9649,-0.472656,-0.865234,-0.126953,16.357422,7.385254,52.734375
9650,-0.474609,-0.844238,-0.119629,21.545410,11.474609,48.278809
9651,-0.473145,-0.817383,-0.117676,24.719238,15.136719,42.785645
9652,-0.473145,-0.792480,-0.122559,26.245117,18.737793,37.109375
9653,-0.482422,-0.751465,-0.139648,24.108887,25.817871,26.550293
9654,-0.484375,-0.743164,-0.168457,22.460938,29.724121,22.644043
9655,-0.491211,-0.740234,-0.177246,21.972656,33.264160,18.981934
9656,-0.496094,-0.739746,-0.182129,20.324707,36.254883,15.258789
9657,-0.463867,-0.732910,-0.167480,8.850098,29.479980,10.070801
9658,-0.426270,-0.742676,-0.266113,-4.333496,15.625000,7.019043
9659,-0.433105,-0.715332,-0.344727,-30.273438,2.746582,2.746582
9660,-0.471680,-0.696289,-0.326172,-39.367676,1.220703,2.868652
9661,-0.528809,-0.684082,-0.285645,-47.424316,1.281738,4.943848
9662,-0.628418,-0.695801,-0.223633,-57.006836,3.417969,9.765625
9663,-0.664062,-0.702637,-0.209473,-57.495117,5.920410,12.268066
9664,-0.689941,-0.726074,-0.193359,-54.809570,8.728027,12.878418
9665,-0.696777,-0.750000,-0.182129,-43.884277,15.075684,10.009766
9666,-0.674805,-0.747559,-0.161133,-39.489746,17.944336,7.202148
9667,-0.644043,-0.731445,-0.135742,-36.132812,19.287109,4.638672
9668,-0.586914,-0.718750,-0.096191,-32.409668,17.211914,1.037598
9669,-0.567871,-0.731934,-0.097168,-31.127930,13.061523,0.427246
9670,-0.554199,-0.749512,-0.112793,-29.479980,7.812500,-0.427246
9671,-0.535645,-0.746094,-0.156738,-28.137207,-0.793457,-1.708984
9672,-0.543945,-0.726074,-0.181152,-27.343750,-3.784180,-1.953125
9673,-0.564453,-0.701172,-0.194336,-25.207520,-6.835938,-2.319336
9674,-0.612305,-0.653809,-0.191895,-21.057129,-13.977051,-2.868652
9675,-0.625488,-0.634766,-0.201172,-20.690918,-16.906738,-2.563477
9676,-0.626953,-0.616699,-0.212891,-21.301270,-18.432617,-1.647949
9677,-0.616699,-0.603516,-0.224609,-22.521973,-18.554688,-0.183105
9678,-0.590820,-0.605469,-0.231934,-24.230957,-17.211914,3.051758
9679,-0.585938,-0.620605,-0.221680,-25.512695,-17.333984,4.272461
9680,-0.584961,-0.645996,-0.209473,-27.954102,-19.226074,5.065918
9681,-0.606934,-0.729492,-0.220703,-32.897949,-26.611328,5.737305
9682,-0.617676,-0.764160,-0.234863,-34.118652,-30.517578,5.615234
9683,-0.626465,-0.789551,-0.247559,-33.874512,-34.240723,5.920410
9684,-0.634277,-0.802734,-0.260742,-29.663086,-41.870117,5.859375
9685,-0.634766,-0.800293,-0.256836,-26.245117,-44.677734,4.638672
9686,-0.638184,-0.786133,-0.250000,-23.437500,-46.325684,3.051758
9687,-0.627441,-0.733887,-0.261719,-17.578125,-44.799805,0.732422
9688,-0.621094,-0.703613,-0.279297,-15.930176,-39.978027,-0.305176
9689,-0.620117,-0.692383,-0.305176,-12.695312,-32.836914,-2.014160
9690,-0.615723,-0.656738,-0.325684,-2.563477,-14.953613,-5.615234
9691,-0.612305,-0.649414,-0.319336,2.441406,-7.202148,-7.324219
9692,-0.609863,-0.655762,-0.314453,7.080078,-1.098633,-8.911133
9693,-0.591797,-0.632812,-0.276367,11.718750,2.929688,-10.986328
9694,-0.599121,-0.628906,-0.271484,10.620117,1.708984,-11.718750
9695,-0.610352,-0.635742,-0.283203,6.713867,0.976562,-12.512207
9696,-0.613770,-0.655273,-0.327148,-2.075195,0.854492,-13.916016
9697,-0.616211,-0.662109,-0.352051,-5.676270,0.061035,-14.343262
9698,-0.612305,-0.666992,-0.374023,-8.117676,-1.892090,-14.221191
9699,-0.589355,-0.687012,-0.401855,-10.314941,-6.530762,-12.512207
9700,-0.564941,-0.699219,-0.406738,-9.887695,-8.239746,-11.718750
9701,-0.532715,-0.708008,-0.405762,-9.521484,-7.507324,-11.901855
9702,-0.487305,-0.731934,-0.383789,-13.183594,2.075195,-16.052246
9703,-0.477051,-0.742676,-0.366699,-16.784668,9.887695,-19.531250
9704,-0.493652,-0.768066,-0.322266,-18.188477,24.475098,-26.733398
9705,-0.509766,-0.779785,-0.305664,-15.991211,29.663086,-29.785156
9706,-0.528809,-0.783203,-0.294922,-13.122559,33.142090,-31.433105
9707,-0.567871,-0.789551,-0.317871,-2.319336,33.142090,-28.686523
9708,-0.593262,-0.802734,-0.332031,8.666992,28.137207,-24.291992
9709,-0.622559,-0.821289,-0.331543,24.658203,18.798828,-18.737793
9710,-0.685547,-0.794922,-0.294922,46.447754,-7.141113,-15.136719
9711,-0.676270,-0.730957,-0.299805,42.907715,-18.920898,-17.822266
9712,-0.625000,-0.594238,-0.359375,17.028809,-32.104492,-21.972656
9713,-0.614258,-0.560059,-0.409668,2.441406,-32.531738,-22.705078
9714,-0.598145,-0.582520,-0.449219,-12.817383,-30.212402,-22.216797
9715,-0.583496,-0.610840,-0.464844,-14.648438,-29.357910,-19.958496
9716,-0.569824,-0.642090,-0.478027,-13.732910,-28.015137,-16.723633
9717,-0.553711,-0.665527,-0.482422,-11.169434,-24.780273,-13.854980
9718,-0.542969,-0.694336,-0.449707,-6.164551,-16.235352,-10.864258
9719,-0.543457,-0.702637,-0.431152,-4.089355,-11.108398,-10.559082
9720,-0.553711,-0.727539,-0.338867,-3.601074,4.028320,-11.596680
9721,-0.581543,-0.763184,-0.281738,-3.540039,10.803223,-11.352539
9722,-0.619629,-0.820801,-0.241699,0.000000,13.793945,-10.009766
9723,-0.673828,-0.900879,-0.220215,11.230469,12.329102,-8.544922
9724,-0.729492,-1.000488,-0.182617,49.377441,1.831055,-3.906250
9725,-0.723145,-0.998047,-0.154785,62.927246,-3.967285,-0.061035
9726,-0.695801,-0.958496,-0.110840,65.063477,-9.399414,3.845215
9727,-0.634766,-0.858887,-0.113281,30.822754,-17.883301,5.859375
9728,-0.600098,-0.835449,-0.152832,9.094238,-19.287109,2.014160
9729,-0.542969,-0.812500,-0.187012,-5.554199,-19.653320,-3.173828
9730,-0.453613,-0.816895,-0.255859,-6.103516,-16.235352,-9.216309
9731,-0.433594,-0.840820,-0.264160,7.019043,-10.437012,-11.230469
9732,-0.420898,-0.864746,-0.249512,25.207520,-2.441406,-13.061523
9733,-0.428711,-0.886719,-0.148438,58.227539,12.451172,-15.441895
9734,-0.440430,-0.892578,-0.082520,67.504883,16.174316,-16.662598
9735,-0.453613,-0.895020,-0.013672,69.213867,16.662598,-18.920898
9736,-0.485352,-0.904785,0.058105,57.250977,6.835938,-23.986816
9737,-0.506836,-0.918457,0.066895,48.828125,-1.220703,-26.306152
9738,-0.517090,-0.918457,0.052734,39.794922,-8.483887,-28.198242
9739,-0.510254,-0.905273,0.043945,32.104492,-12.878418,-29.541016
9740,-0.449707,-0.855469,0.048340,20.690918,-16.784668,-32.958984
9741,-0.418945,-0.833496,0.043945,18.371582,-18.798828,-35.095215
9742,-0.393555,-0.804688,0.046387,18.737793,-21.667480,-37.414551
9743,-0.352051,-0.789551,0.079590,21.484375,-28.747559,-41.198730
9744,-0.341309,-0.799316,0.044922,19.958496,-33.752441,-41.625977
9745,-0.343262,-0.817871,-0.001465,24.536133,-36.132812,-42.419434
9746,-0.332520,-0.835938,0.018066,34.118652,-39.428711,-42.480469
9747,-0.329590,-0.929688,-0.005859,43.273926,-51.574707,-37.719727
9748,-0.330078,-0.981445,-0.029297,41.503906,-55.175781,-36.437988
9749,-0.336426,-1.030273,-0.039062,35.583496,-57.861328,-34.851074
9750,-0.343750,-1.060059,-0.033691,25.207520,-60.485840,-32.836914
9751,-0.375000,-1.087402,-0.037109,-3.356934,-64.392090,-29.541016
9752,-0.375977,-1.080566,-0.043945,-17.639160,-64.575195,-30.456543
9753,-0.362793,-1.055664,-0.053711,-28.015137,-63.781738,-32.165527
9754,-0.325195,-0.986816,-0.048340,-42.114258,-61.889648,-36.376953
9755,-0.310059,-0.959961,-0.056152,-46.386719,-61.096191,-36.865234
9756,-0.291992,-0.930176,-0.054199,-47.302246,-61.462402,-35.522461
9757,-0.286133,-0.918945,-0.060547,-46.936035,-62.011719,-32.592773
9758,-0.287598,-0.920898,-0.091309,-43.457031,-60.546875,-28.381348
9759,-0.306152,-0.947266,-0.106934,-39.245605,-58.593750,-26.794434
9760,-0.333008,-0.966309,-0.108887,-25.756836,-58.166504,-22.033691
9761,-0.340820,-0.961426,-0.111328,-20.568848,-59.143066,-18.615723
9762,-0.340820,-0.949219,-0.104492,-17.517090,-59.570312,-15.808105
9763,-0.335449,-0.927734,-0.100098,-19.836426,-59.082031,-13.671875
9764,-0.333984,-0.907227,-0.111328,-28.137207,-54.077148,-8.605957
9765,-0.339844,-0.906250,-0.122070,-30.822754,-50.781250,-5.798340
9766,-0.347656,-0.911133,-0.125488,-32.470703,-46.875000,-3.356934
9767,-0.351562,-0.910645,-0.131836,-32.958984,-42.907715,-1.342773
9768,-0.363281,-0.903809,-0.135742,-29.785156,-37.414551,2.746582
9769,-0.368164,-0.897461,-0.137695,-26.611328,-36.926270,5.004883
9770,-0.373535,-0.901367,-0.140625,-24.230957,-36.804199,7.141113
9771,-0.365723,-0.915527,-0.158691,-25.512695,-34.912109,10.131836
9772,-0.352539,-0.924805,-0.170898,-28.442383,-32.287598,11.108398
9773,-0.338867,-0.933105,-0.185547,-31.799316,-28.808594,11.657715
9774,-0.309082,-0.948730,-0.205078,-38.146973,-20.629883,12.573242
9775,-0.298340,-0.959961,-0.214355,-40.283203,-16.906738,12.756348
9776,-0.289062,-0.971680,-0.221191,-40.954590,-14.038086,13.305664
9777,-0.279297,-0.979004,-0.222168,-40.832520,-12.512207,13.916016
9778,-0.265137,-0.996582,-0.235840,-38.696289,-13.366699,15.136719
9779,-0.261230,-1.000488,-0.243652,-37.170410,-15.380859,15.747070
9780,-0.263184,-1.005859,-0.257812,-35.095215,-18.127441,15.869141
9781,-0.287109,-1.000977,-0.307129,-30.761719,-24.230957,16.357422
9782,-0.304199,-0.998535,-0.334473,-28.564453,-25.939941,16.906738
9783,-0.319336,-0.997559,-0.354980,-27.648926,-26.245117,17.517090
9784,-0.346191,-0.989746,-0.380859,-30.761719,-22.338867,18.981934
9785,-0.350098,-0.989746,-0.385254,-32.897949,-19.042969,19.348145
9786,-0.332031,-1.005859,-0.346680,-38.269043,-14.282227,21.301270
9787,-0.326172,-1.028809,-0.303223,-43.334961,-13.549805,23.498535
9788,-0.320312,-1.050781,-0.269531,-51.025391,-13.244629,25.268555
9789,-0.333008,-1.106445,-0.264648,-65.917969,-12.817383,25.024414
9790,-0.338867,-1.134277,-0.260742,-69.213867,-12.817383,23.742676
9791,-0.342773,-1.172363,-0.253906,-72.082520,-13.977051,22.033691
9792,-0.352051,-1.203613,-0.216797,-72.387695,-21.118164,16.357422
9793,-0.361816,-1.172363,-0.217773,-70.617676,-25.756836,11.718750
9794,-0.360352,-1.094727,-0.199219,-67.687988,-29.663086,6.591797
9795,-0.346191,-0.889648,-0.136719,-65.246582,-34.912109,-2.929688
9796,-0.338867,-0.792969,-0.117676,-66.223145,-36.132812,-5.065918
9797,-0.346191,-0.731934,-0.120605,-67.565918,-35.278320,-5.493164
9798,-0.358398,-0.696289,-0.115234,-68.115234,-32.653809,-5.615234
9799,-0.403809,-0.683105,-0.097656,-66.040039,-26.306152,-4.089355
9800,-0.431152,-0.701660,-0.086426,-61.828613,-23.254395,-1.037598
9801,-0.468750,-0.739746,-0.089844,-57.128906,-19.165039,2.929688
9802,-0.569824,-0.856445,-0.092285,-43.579102,-6.347656,5.676270
9803,-0.608398,-0.892090,-0.060059,-36.499023,0.244141,2.319336
9804,-0.627441,-0.895020,-0.014648,-31.677246,3.723145,-2.685547
9805,-0.643555,-0.882812,0.027832,-27.770996,2.258301,-7.690430
9806,-0.623535,-0.798340,0.062012,-22.460938,-13.977051,-14.221191
9807,-0.587402,-0.746582,0.092285,-22.521973,-27.648926,-14.587402
9808,-0.565918,-0.712402,0.186035,-29.174805,-63.598633,-7.934570
9809,-0.560059,-0.740234,-0.137695,-33.630371,-158.325195,9.887695
9810,-0.529297,-0.770020,-0.367676,-32.958984,-184.204102,15.808105
9811,-0.488770,-0.786133,-0.508301,-27.038574,-189.453125,18.920898
9812,-0.396484,-0.807129,-0.540039,-20.080566,-166.442871,21.179199
9813,-0.361816,-0.817871,-0.499023,-16.296387,-147.644043,19.531250
9814,-0.342285,-0.883301,-0.500977,-4.089355,-124.450684,14.465332
9815,-0.345215,-0.797852,-0.319824,8.422852,-78.430176,4.821777
9816,-0.383301,-0.758789,-0.244141,8.300781,-57.800293,-3.356934
9817,-0.431152,-0.694336,-0.178711,3.051758,-39.672852,-13.366699
9818,-0.494629,-0.587891,-0.040527,-11.596680,-14.892578,-31.555176
9819,-0.507812,-0.556152,0.018555,-20.446777,-10.864258,-39.123535
9820,-0.511230,-0.526855,0.012695,-30.517578,-10.986328,-44.006348
9821,-0.536133,-0.539062,-0.132324,-44.250488,-13.488770,-48.767090
9822,-0.543945,-0.575195,-0.235840,-46.569824,-16.662598,-50.354004
9823,-0.538574,-0.616211,-0.359863,-46.020508,-22.460938,-50.720215
9824,-0.490234,-0.705566,-0.616699,-33.691406,-41.503906,-44.799805
9825,-0.460449,-0.752441,-0.744629,-26.733398,-47.607422,-38.757324
9826,-0.441406,-0.821777,-0.821289,-20.935059,-43.884277,-32.409668
9827,-0.443359,-0.958984,-0.691895,-12.817383,-13.000488,-23.925781
9828,-0.475098,-1.011230,-0.490234,-3.479004,-1.403809,-21.118164
9829,-0.551270,-1.002930,-0.215332,13.000488,-2.746582,-21.911621
9830,-0.551270,-0.989746,-0.166504,15.625000,-5.737305,-24.414062
9831,-0.544922,-0.967285,-0.108398,12.084961,-9.826660,-27.832031
9832,-0.550781,-0.949219,-0.057129,6.042480,-18.066406,-29.907227
9833,-0.549316,-0.960449,-0.116699,-7.324219,-33.386230,-29.785156
9834,-0.556641,-1.040039,-0.183594,-9.338379,-38.208008,-25.573730
9835,-0.580566,-1.168945,-0.249512,-0.915527,-50.415039,-18.859863
9836,-0.559082,-1.242676,-0.241211,57.983398,-57.434082,-11.047363
9837,-0.580566,-1.083984,-0.015137,58.898926,-43.151855,-14.465332
9838,-0.579102,-0.979004,0.109863,45.104980,-36.010742,-18.005371
9839,-0.557617,-0.881348,0.155762,-3.234863,-26.855469,-25.085449
9840,-0.534180,-0.845703,0.151367,-27.404785,-19.287109,-33.386230
9841,-0.501465,-0.819824,0.153809,-50.659180,-11.230469,-43.762207
9842,-0.467773,-0.820801,0.131348,-70.556641,-2.807617,-53.161621
9843,-0.400391,-0.821777,0.080566,-87.646484,15.563965,-63.964844
9844,-0.375977,-0.804199,0.079102,-88.989258,19.836426,-63.598633
9845,-0.316406,-0.821777,0.024414,-76.660156,18.859863,-58.532715
9846,-0.286133,-0.833496,0.020020,-64.758301,13.488770,-54.382324
9847,-0.277344,-0.869141,0.040527,-52.062988,4.211426,-49.133301
9848,-0.267090,-0.909668,0.079102,-41.625977,-10.375977,-45.104980
9849,-0.265625,-1.041992,0.088867,-29.541016,-45.593262,-41.870117
9850,-0.265625,-1.097656,0.084473,-27.893066,-63.476562,-40.710449
9851,-0.276855,-1.167969,0.034180,-26.184082,-96.740723,-31.433105
9852,-0.294434,-1.175781,-0.041504,-18.737793,-107.238770,-26.977539
9853,-0.301270,-1.149414,-0.094238,-5.065918,-112.182617,-25.451660
9854,-0.296387,-1.062500,-0.119141,7.568359,-111.816406,-24.963379
9855,-0.291016,-0.946289,-0.144531,14.526367,-107.177734,-23.193359
9856,-0.292969,-0.770508,-0.222168,16.906738,-84.838867,-20.996094
9857,-0.313965,-0.739746,-0.263184,19.897461,-70.617676,-20.874023
9858,-0.300293,-0.704590,-0.274414,24.597168,-42.602539,-15.014648
9859,-0.278809,-0.729492,-0.273926,24.230957,-31.311035,-9.094238
9860,-0.264160,-0.776367,-0.265137,23.742676,-22.460938,-4.028320
9861,-0.260254,-0.863281,-0.237793,19.104004,-15.930176,-0.366211
9862,-0.263184,-0.889648,-0.245605,17.028809,-17.883301,0.122070
9863,-0.278809,-0.880859,-0.313965,16.418457,-30.578613,3.417969
9864,-0.300781,-0.873535,-0.350586,13.671875,-32.165527,7.446289
9865,-0.310059,-0.853027,-0.358398,10.070801,-31.250000,11.474609
9866,-0.324219,-0.838379,-0.343750,-1.159668,-26.916504,18.798828
9867,-0.329590,-0.854492,-0.345703,-6.652832,-23.681641,20.263672
9868,-0.333984,-0.874512,-0.342773,-11.047363,-20.874023,20.507812
9869,-0.318848,-0.925781,-0.330078,-16.296387,-21.850586,19.287109
9870,-0.305664,-0.955566,-0.328125,-18.310547,-24.841309,18.127441
9871,-0.294434,-0.993164,-0.338379,-19.958496,-28.259277,16.113281
9872,-0.291016,-1.021484,-0.355469,-20.812988,-31.311035,13.916016
9873,-0.299316,-1.056641,-0.406738,-19.653320,-34.057617,12.268066
9874,-0.322754,-1.047363,-0.412109,-22.521973,-32.958984,14.526367
9875,-0.349609,-1.032715,-0.437988,-27.648926,-29.907227,18.615723
9876,-0.411133,-1.014160,-0.528320,-31.494141,-13.854980,25.695801
9877,-0.426758,-1.032227,-0.498535,-33.630371,-2.868652,27.832031
9878,-0.426270,-1.064941,-0.417480,-39.245605,4.333496,29.296875
9879,-0.337402,-1.176270,-0.251953,-53.222656,-0.610352,28.381348
9880,-0.325684,-1.233398,-0.203613,-55.297852,-8.850098,26.611328
9881,-0.336426,-1.261719,-0.185059,-56.701660,-18.493652,22.766113
9882,-0.383301,-1.271973,-0.219238,-63.598633,-31.677246,15.625000
9883,-0.396973,-1.266113,-0.246094,-67.993164,-32.958984,12.695312
9884,-0.393066,-1.247559,-0.245117,-70.800781,-32.775879,10.620117
9885,-0.388672,-1.112793,-0.215332,-69.274902,-31.799316,9.887695
9886,-0.387695,-1.013672,-0.191406,-66.650391,-29.846191,8.850098
9887,-0.372559,-0.901855,-0.146484,-64.331055,-27.648926,7.934570
9888,-0.357422,-0.801758,-0.102051,-62.438965,-25.207520,6.469727
9889,-0.320312,-0.621094,-0.037109,-60.485840,-22.277832,3.906250
9890,-0.323730,-0.554199,-0.021973,-60.363770,-21.057129,4.333496
9891,-0.369629,-0.506836,-0.006348,-54.870605,-19.531250,6.225586
9892,-0.399902,-0.513672,0.000000,-49.377441,-19.226074,7.690430
9893,-0.444336,-0.559082,-0.002930,-45.104980,-18.249512,9.765625
9894,-0.562500,-0.733398,-0.002930,-38.757324,-11.413574,7.873535
9895,-0.611328,-0.827148,0.014648,-36.437988,-7.568359,1.098633
9896,-0.635254,-0.891602,0.040039,-34.545898,-6.469727,-7.263184
9897,-0.626953,-0.943359,0.041016,-22.949219,-16.235352,-15.930176
9898,-0.609375,-0.927246,-0.004883,-14.587402,-22.583008,-14.221191
9899,-0.590332,-0.895020,-0.030762,-7.812500,-26.062012,-10.498047
9900,-0.556152,-0.812988,0.101562,-14.526367,-88.806152,5.920410
9901,-0.596191,-0.831543,-0.167969,-13.061523,-151.428223,10.498047
9902,-0.568848,-0.833984,-0.400879,-19.653320,-182.617188,11.596680
9903,-0.520508,-0.839355,-0.625488,-22.277832,-191.040039,12.390137
9904,-0.406738,-0.785156,-0.696777,-17.822266,-163.269043,9.582520
9905,-0.367676,-0.771484,-0.643066,-20.996094,-140.014648,8.605957
9906,-0.353516,-0.722656,-0.543457,-21.301270,-88.806152,4.333496
9907,-0.362793,-0.724609,-0.512207,-16.906738,-62.683105,0.122070
9908,-0.379883,-0.742676,-0.460449,-9.582520,-36.926270,-6.103516
9909,-0.394043,-0.712402,-0.358887,-2.929688,-14.770508,-12.268066
9910,-0.477051,-0.694336,-0.158691,5.981445,4.638672,-26.550293
9911,-0.489258,-0.657227,-0.101562,3.784180,5.187988,-34.973145
9912,-0.489746,-0.625000,-0.070801,-2.624512,3.662109,-40.771484
9913,-0.490234,-0.559082,-0.094238,-27.770996,-2.746582,-39.184570
9914,-0.503418,-0.593750,-0.187012,-36.193848,-7.995605,-35.766602
9915,-0.501953,-0.629395,-0.263184,-36.560059,-16.296387,-33.813477
9916,-0.479980,-0.668945,-0.347168,-30.944824,-29.052734,-31.921387
9917,-0.433594,-0.767090,-0.560059,-17.272949,-50.354004,-24.780273
9918,-0.423828,-0.844238,-0.674316,-13.366699,-48.583984,-21.057129
9919,-0.421875,-0.928711,-0.722168,-7.812500,-36.437988,-18.127441
9920,-0.494141,-1.032715,-0.480957,27.282715,-7.568359,-15.686035
9921,-0.549805,-1.033691,-0.273926,43.945312,-0.915527,-18.981934
9922,-0.589844,-1.010742,-0.133789,53.588867,-2.807617,-23.864746
9923,-0.624512,-0.957031,-0.033691,54.382324,-25.451660,-30.395508
9924,-0.600586,-0.880859,0.000000,39.733887,-37.780762,-35.156250
9925,-0.540527,-0.780273,0.010254,6.774902,-42.785645,-40.100098
9926,-0.470703,-0.690918,-0.204590,-78.002930,-43.151855,-46.997070
9927,-0.452637,-0.718750,-0.338379,-101.501465,-39.855957,-44.921875
9928,-0.428711,-0.781738,-0.457031,-105.957031,-41.564941,-38.085938
9929,-0.507812,-1.306641,-0.875488,-34.606934,-50.842285,-13.427734
9930,-0.552246,-1.347168,-0.524902,42.846680,-42.663574,-10.070801
9931,-0.608887,-1.176758,-0.090820,88.623047,-38.269043,-6.408691
9932,-0.673828,-1.050781,0.125488,87.768555,-35.705566,-7.080078
9933,-0.693359,-0.861816,0.203613,34.606934,-23.620605,-14.099121
9934,-0.625977,-0.788574,0.222656,4.943848,-17.150879,-18.798828
9935,-0.471191,-0.703613,0.190430,-59.631348,-1.037598,-34.301758
9936,-0.426270,-0.710938,0.145508,-87.951660,10.131836,-45.654297
9937,-0.395020,-0.725586,0.097168,-106.262207,22.705078,-58.837891
9938,-0.358887,-0.751465,0.107422,-109.191895,31.494141,-74.890137
9939,-0.362305,-0.777832,0.132812,-96.679688,24.353027,-73.120117
9940,-0.354492,-0.811523,0.111328,-77.758789,8.911133,-65.368652
9941,-0.341797,-0.878418,0.077637,-54.931641,-12.023926,-52.551270
9942,-0.288086,-1.100586,0.056641,-23.376465,-58.776855,-30.151367
9943,-0.282715,-1.220215,0.015137,-17.517090,-79.650879,-28.808594
9944,-0.292969,-1.253906,-0.073242,-14.404297,-103.088379,-34.240723
9945,-0.290039,-1.191895,-0.062500,-15.502930,-107.604980,-33.020020
9946,-0.288086,-1.133301,-0.031250,-15.869141,-113.342285,-29.968262
9947,-0.305176,-1.091797,-0.038086,-12.023926,-121.887207,-28.381348
9948,-0.317383,-0.945312,-0.215820,15.258789,-123.535156,-25.634766
9949,-0.318848,-0.878418,-0.262207,30.944824,-111.572266,-22.338867
9950,-0.309082,-0.758301,-0.288574,48.522949,-77.148438,-18.981934
9951,-0.301758,-0.711914,-0.301758,50.231934,-58.227539,-15.869141
9952,-0.304688,-0.683105,-0.304199,47.790527,-39.123535,-11.108398
9953,-0.298828,-0.677734,-0.291504,42.480469,-21.850586,-6.286621
9954,-0.294922,-0.732910,-0.253418,30.212402,-1.586914,0.183105
9955,-0.315430,-0.777344,-0.237305,26.367188,-4.333496,0.488281
9956,-0.336426,-0.829590,-0.258789,26.672363,-17.761230,0.305176
9957,-0.397949,-0.876465,-0.357422,10.314941,-33.020020,2.441406
9958,-0.422363,-0.867676,-0.407715,0.488281,-33.020020,5.371094
9959,-0.428711,-0.860352,-0.430176,-7.751465,-29.724121,8.972168
9960,-0.397949,-0.869141,-0.374512,-18.920898,-27.648926,16.113281
9961,-0.381836,-0.883301,-0.372070,-20.263672,-30.395508,18.432617
9962,-0.364258,-0.909668,-0.387207,-19.897461,-33.874512,19.104004
9963,-0.347168,-0.973633,-0.480469,-16.113281,-36.132812,17.944336
9964,-0.346191,-1.034180,-0.531250,-15.747070,-32.592773,16.479492
9965,-0.363770,-1.094238,-0.577148,-17.456055,-23.986816,15.747070
9966,-0.453613,-1.154785,-0.624512,-32.409668,5.004883,16.601562
9967,-0.487793,-1.127441,-0.605957,-43.945312,22.827148,20.263672
9968,-0.505859,-1.108398,-0.552246,-56.701660,39.245605,26.245117
9969,-0.500488,-1.123535,-0.478027,-69.030762,51.879883,32.653809
9970,-0.462891,-1.273926,-0.293457,-77.026367,57.189941,38.330078
9971,-0.456055,-1.333496,-0.199219,-76.599121,49.072266,33.691406
9972,-0.437500,-1.361328,-0.125000,-77.819824,35.034180,26.000977
9973,-0.393066,-1.295898,-0.004395,-80.322266,-6.591797,10.314941
9974,-0.384277,-1.228027,0.015137,-80.139160,-29.724121,3.173828
9975,-0.368652,-1.036621,0.020020,-78.491211,-65.917969,-9.826660
9976,-0.361328,-0.914062,0.003906,-77.941895,-76.660156,-13.122559
9977,-0.355957,-0.781738,-0.002441,-77.514648,-82.214355,-13.366699
9978,-0.362793,-0.670410,0.000977,-76.293945,-84.289551,-11.047363
9979,-0.382812,-0.526367,-0.018066,-70.068359,-76.660156,-3.234863
9980,-0.384766,-0.476074,-0.046875,-63.354492,-64.392090,2.868652
9981,-0.442383,-0.460449,-0.056152,-42.724609,-25.756836,16.906738
9982,-0.489258,-0.471680,-0.050781,-30.334473,-4.150391,18.310547
9983,-0.542480,-0.494141,-0.017578,-20.507812,16.906738,16.601562
9984,-0.641602,-0.621094,0.057129,-12.451172,50.537109,5.859375
9985,-0.675781,-0.718262,0.096191,-8.483887,54.809570,-1.464844
9986,-0.690430,-0.798340,0.120605,0.732422,48.889160,-8.666992
9987,-0.685059,-0.857422,0.130371,11.291504,33.203125,-12.817383
9988,-0.642090,-0.921387,0.054199,20.568848,-8.300781,-7.873535
9989,-0.618164,-0.917969,-0.020020,17.089844,-23.010254,-3.723145
9990,-0.531738,-0.929199,-0.141602,-16.296387,-127.380371,9.094238
9991,-0.471191,-0.886230,-0.409180,-27.404785,-171.081543,6.347656
9992,-0.408691,-0.866211,-0.709961,-27.160645,-184.753418,4.638672
9993,-0.333984,-0.832520,-0.835449,-17.456055,-173.950195,1.281738
9994,-0.251465,-0.767578,-0.602539,0.061035,-134.155273,-5.187988
9995,-0.253906,-0.734375,-0.504883,3.295898,-113.952637,-10.803223
9996,-0.288574,-0.714355,-0.426758,6.103516,-91.735840,-17.761230
9997,-0.354004,-0.645020,-0.310547,9.460449,-40.527344,-33.813477
9998,-0.370605,-0.615234,-0.233398,3.784180,-18.005371,-41.015625
9999,-0.378418,-0.588379,-0.166504,-7.995605,-3.234863,-45.593262
10000,-0.410156,-0.604980,-0.208496,-31.982422,4.455566,-53.771973
10001,-0.408203,-0.617188,-0.272461,-35.461426,-0.488281,-56.884766
10002,-0.405273,-0.643066,-0.356934,-33.447266,-9.399414,-59.082031
10003,-0.386230,-0.677734,-0.441895,-28.625488,-20.629883,-58.898926
10004,-0.376465,-0.791992,-0.615723,-20.202637,-43.579102,-51.391602
10005,-0.407227,-0.873535,-0.682617,-11.535645,-50.476074,-42.785645
10006,-0.497070,-0.989258,-0.671387,4.028320,-51.208496,-31.677246
10007,-0.720215,-1.106934,-0.528320,33.752441,-46.875000,-17.456055
10008,-0.803711,-1.064453,-0.438965,48.095703,-40.954590,-14.221191
10009,-0.844727,-1.001465,-0.314453,59.631348,-30.395508,-13.732910
10010,-0.882812,-0.854492,0.002930,55.236816,-10.009766,-21.484375
10011,-0.891113,-0.823242,0.114746,43.579102,-12.023926,-25.573730
10012,-0.738281,-0.899902,-0.002441,11.169434,-28.381348,-28.869629
10013,-0.618652,-0.989746,-0.141113,-2.563477,-27.282715,-30.151367
10014,-0.384277,-1.127930,-0.184570,-10.009766,-22.033691,-37.048340
10015,-0.275391,-1.147461,-0.142578,-4.760742,-13.488770,-44.433594
10016,-0.202148,-1.101074,-0.051758,-4.577637,-0.976562,-53.588867
10017,-0.299316,-1.027832,0.162598,-31.555176,11.291504,-66.589355
10018,-0.366699,-1.038086,0.193848,-50.231934,9.582520,-66.406250
10019,-0.418945,-1.057129,0.210449,-65.490723,5.249023,-64.147949
10020,-0.437500,-1.049316,0.213379,-75.927734,-1.159668,-64.086914
10021,-0.402344,-0.909668,0.170898,-75.683594,-20.141602,-60.058594
10022,-0.367676,-0.821289,0.098633,-63.110352,-28.747559,-55.664062
10023,-0.334961,-0.772461,0.023438,-46.630859,-31.188965,-50.720215
10024,-0.231934,-0.775391,0.004883,-16.357422,-29.479980,-47.485352
10025,-0.184570,-0.816406,0.050293,-8.728027,-32.531738,-48.583984
10026,-0.165039,-0.883789,0.076172,-7.995605,-37.780762,-49.438477
10027,-0.162598,-1.041504,0.086426,-16.174316,-54.992676,-54.931641
10028,-0.166992,-1.113770,0.063965,-21.240234,-64.575195,-56.579590
10029,-0.175781,-1.186035,0.019531,-23.803711,-74.157715,-55.664062
10030,-0.221680,-1.282227,-0.073242,-12.695312,-93.688965,-46.447754
10031,-0.238281,-1.275391,-0.072754,-1.647949,-102.355957,-42.907715
10032,-0.246094,-1.229004,-0.063477,2.746582,-107.055664,-40.405273
10033,-0.242188,-1.146484,-0.066895,4.516602,-108.703613,-39.306641
10034,-0.226562,-1.020020,-0.121094,7.568359,-100.891113,-40.222168
10035,-0.213379,-0.975586,-0.146973,13.000488,-94.299316,-42.541504
10036,-0.201660,-0.923340,-0.259766,25.695801,-72.753906,-46.020508
10037,-0.207031,-0.900879,-0.353516,30.334473,-53.466797,-45.715332
10038,-0.217773,-0.898926,-0.454590,32.897949,-26.733398,-45.349121
10039,-0.215820,-0.836426,-0.414551,35.583496,24.902344,-43.090820
10040,-0.220215,-0.791992,-0.369629,36.987305,39.367676,-37.353516
10041,-0.233887,-0.787109,-0.320801,38.452148,46.325684,-32.836914
10042,-0.264648,-0.835449,-0.261230,39.245605,46.875000,-32.897949
10043,-0.241699,-0.899414,-0.071289,22.644043,24.963379,-50.415039
10044,-0.219238,-0.882324,-0.057617,9.582520,4.028320,-55.908203
10045,-0.207520,-0.844727,-0.109863,-0.976562,-15.441895,-57.250977
10046,-0.208496,-0.793945,-0.194824,-17.944336,-34.790039,-53.955078
10047,-0.214844,-0.781250,-0.219238,-26.733398,-35.278320,-52.062988
10048,-0.218262,-0.782227,-0.235840,-33.996582,-31.555176,-49.743652
10049,-0.211914,-0.823730,-0.230469,-44.128418,-20.629883,-43.273926
10050,-0.182617,-0.854980,-0.230469,-44.433594,-15.258789,-37.170410
10051,-0.155273,-0.871094,-0.208008,-41.381836,-11.840820,-28.747559
10052,-0.053223,-0.930176,-0.159180,-27.954102,-12.329102,-3.784180
10053,0.003418,-0.978027,-0.130371,-17.639160,-16.296387,9.277344
10054,0.051270,-1.024902,-0.107910,-6.469727,-21.179199,22.094727
10055,0.058105,-1.087402,-0.141602,16.906738,-28.869629,44.006348
10056,0.020996,-1.050293,-0.165527,26.733398,-29.235840,52.917480
10057,-0.030273,-1.013672,-0.184570,31.127930,-27.160645,63.781738
10058,-0.131348,-1.047852,-0.280762,28.320312,-16.296387,84.350586
10059,-0.178711,-1.105469,-0.329590,25.085449,-8.056641,93.017578
10060,-0.226562,-1.203125,-0.363281,19.836426,0.854492,99.670410
10061,-0.310547,-1.425781,-0.445801,3.601074,16.235352,101.013184
10062,-0.335938,-1.478027,-0.498047,-3.723145,23.925781,98.754883
10063,-0.342773,-1.475586,-0.519043,-7.446289,30.395508,99.182129
10064,-0.430176,-1.510742,-0.476074,-7.446289,31.555176,103.759766
10065,-0.492676,-1.519043,-0.464844,-0.854492,27.221680,102.539062
10066,-0.529785,-1.379395,-0.323242,16.662598,9.948730,101.928711
10067,-0.522949,-1.265625,-0.256836,17.517090,-0.793457,106.018066
10068,-0.533203,-1.172363,-0.222168,15.991211,-10.192871,108.520508
10069,-0.536621,-1.079590,-0.175293,13.427734,-18.371582,108.398438
10070,-0.540039,-0.934570,-0.104492,5.615234,-30.639648,105.712891
10071,-0.541504,-0.885742,-0.061523,-0.549316,-35.583496,103.393555
10072,-0.545410,-0.852539,-0.019043,-9.155273,-39.916992,100.585938
10073,-0.537598,-0.795898,0.043457,-29.418945,-49.987793,91.796875
10074,-0.536133,-0.779785,0.060059,-40.283203,-54.138184,86.914062
10075,-0.545898,-0.780273,0.045410,-48.461914,-56.213379,81.420898
10076,-0.547852,-0.777832,0.010742,-52.307129,-55.847168,74.279785
10077,-0.548828,-0.734375,0.011719,-48.034668,-50.048828,63.842773
10078,-0.469238,-0.768066,-0.077148,-36.682129,-71.960449,75.805664
10079,-0.468750,-0.873047,-0.279785,-8.483887,-102.233887,89.904785
10080,-0.497559,-0.974121,-0.533691,26.855469,-131.286621,108.154297
10081,-0.562988,-1.049805,-0.512207,27.526855,-120.300293,104.492188
10082,-0.562012,-0.840820,-0.280762,5.249023,-82.946777,90.942383
10083,-0.555176,-0.703125,-0.128906,0.488281,-64.392090,85.021973
10084,-0.552246,-0.584961,-0.020996,-1.831055,-46.142578,80.871582
10085,-0.554688,-0.511230,0.062988,-5.187988,-29.296875,76.354980
10086,-0.567383,-0.469727,0.070801,-7.080078,6.835938,62.072754
10087,-0.610352,-0.502930,0.062012,-10.314941,27.526855,52.734375
10088,-0.719238,-0.617188,0.097656,-31.921387,56.091309,37.231445
10089,-0.727051,-0.655273,0.100586,-54.809570,60.852051,33.935547
10090,-0.700684,-0.652832,0.098145,-89.355469,63.293457,36.743164
10091,-0.567383,-0.633789,0.106445,-156.982422,63.171387,53.649902
10092,-0.534180,-0.641602,0.114258,-177.734375,59.692383,56.213379
10093,-0.513672,-0.620117,0.122070,-184.143066,52.001953,55.847168
10094,-0.488770,-0.579102,0.109863,-184.326172,41.503906,55.175781
10095,-0.437012,-0.470215,0.019043,-175.842285,19.653320,53.466797
10096,-0.408691,-0.401367,-0.038574,-169.555664,11.413574,48.950195
10097,-0.391602,-0.341309,-0.082031,-160.278320,6.469727,42.358398
10098,-0.554199,-0.312988,-0.116211,-125.671387,-2.563477,24.963379
10099,-0.665527,-0.292480,-0.157227,-96.313477,-9.826660,12.817383
10100,-0.734375,-0.286133,-0.212891,-69.702148,-14.648438,2.136230
10101,-0.743652,-0.276367,-0.344727,-23.437500,-14.953613,-17.761230
10102,-0.746094,-0.270508,-0.379395,-4.028320,-14.709473,-27.587891
10103,-0.745117,-0.295410,-0.420898,13.671875,-16.052246,-37.170410
10104,-0.699707,-0.361328,-0.493164,40.100098,-15.991211,-52.734375
10105,-0.675781,-0.385742,-0.477539,47.912598,-13.916016,-56.762695
10106,-0.670410,-0.388184,-0.438477,52.734375,-10.009766,-60.058594
10107,-0.703125,-0.374512,-0.397461,53.771973,-5.065918,-66.528320
10108,-0.691895,-0.364258,-0.401367,57.922363,-4.211426,-70.434570
10109,-0.638672,-0.357422,-0.391602,66.772461,-2.502441,-74.157715
10110,-0.565918,-0.368164,-0.378418,78.002930,0.915527,-77.148438
10111,-0.520996,-0.456543,-0.297852,92.285156,12.023926,-82.275391
10112,-0.590820,-0.531738,-0.231934,90.637207,18.676758,-88.256836
10113,-0.861816,-0.692383,-0.148926,73.059082,22.705078,-104.125977
10114,-1.019043,-0.885742,-0.363281,62.805176,15.258789,-104.614258
10115,-1.195801,-1.214355,-0.634277,47.973633,-4.150391,-93.261719
10116,-1.409180,-1.718750,-0.883789,39.978027,-34.729004,-72.326660
10117,-1.062012,-1.900391,-0.680176,179.260254,0.976562,-79.162598
10118,-0.940918,-1.392578,-0.264648,229.919434,34.729004,-83.679199
10119,-0.863281,-1.060547,-0.024902,217.468262,83.251953,-92.041016
10120,-0.791504,-0.761719,0.309570,175.109863,100.585938,-95.520020
10121,-0.733398,-0.709473,0.303711,131.225586,111.999512,-99.975586
10122,-0.699219,-0.697266,0.308105,87.341309,118.041992,-104.248047
10123,-0.606934,-0.711426,0.227539,-12.512207,125.549316,-106.872559
10124,-0.567383,-0.740723,0.142578,-60.974121,124.816895,-102.416992
10125,-0.560059,-0.765137,0.084961,-101.013184,119.323730,-96.374512
10126,-0.579590,-0.779785,0.061035,-160.095215,85.632324,-70.434570
10127,-0.586914,-0.853516,-0.074219,-165.588379,62.377930,-56.701660
10128,-0.528809,-0.968262,-0.276367,-110.107422,22.277832,-51.818848
10129,-0.458984,-0.933594,-0.245605,-63.964844,0.244141,-47.729492
10130,-0.413574,-0.919922,-0.205566,-26.733398,-19.104004,-39.489746
10131,-0.410156,-0.908691,-0.180176,-4.394531,-31.555176,-31.066895
10132,-0.384766,-0.871094,-0.162598,3.723145,-39.306641,-28.015137
10133,-0.317871,-0.727051,-0.212891,-1.037598,-37.536621,-26.062012
10134,-0.299316,-0.653320,-0.213867,-1.220703,-32.836914,-22.888184
10135,-0.292480,-0.644531,-0.190918,5.371094,-25.024414,-18.005371
10136,-0.286621,-0.675781,-0.171387,10.009766,-22.460938,-19.470215
10137,-0.272461,-0.713867,-0.134277,13.977051,-21.179199,-22.827148
10138,-0.261719,-0.755859,-0.100586,14.648438,-21.362305,-26.794434
10139,-0.223633,-0.829102,-0.086914,14.221191,-28.076172,-33.203125
10140,-0.208496,-0.848633,-0.089355,14.038086,-32.165527,-33.874512
10141,-0.182617,-0.846680,-0.079590,13.366699,-37.231445,-33.569336
10142,-0.140137,-0.800293,-0.087402,14.343262,-47.180176,-28.320312
10143,-0.137207,-0.785645,-0.098145,15.319824,-50.170898,-26.733398
10144,-0.135742,-0.775391,-0.114746,16.113281,-50.903320,-26.184082
10145,-0.171875,-0.807129,-0.162109,14.221191,-42.846680,-25.390625
10146,-0.187012,-0.821777,-0.193848,12.573242,-34.545898,-25.817871
10147,-0.197754,-0.829102,-0.224609,10.620117,-23.681641,-26.184082
10148,-0.217773,-0.835938,-0.279785,8.544922,3.845215,-27.160645
10149,-0.231445,-0.837891,-0.278809,9.460449,17.700195,-28.991699
10150,-0.251953,-0.842285,-0.267090,11.352539,29.052734,-31.433105
10151,-0.273926,-0.843750,-0.286621,15.991211,47.119141,-34.912109
10152,-0.293457,-0.845215,-0.303223,20.019531,56.274414,-33.264160
10153,-0.300781,-0.835449,-0.299316,22.216797,63.842773,-30.517578
10154,-0.323242,-0.813477,-0.256348,29.907227,64.575195,-15.869141
10155,-0.353027,-0.822754,-0.264160,36.193848,58.166504,-5.310059
10156,-0.399902,-0.856445,-0.291992,42.785645,51.025391,3.662109
10157,-0.439453,-0.899414,-0.388672,45.104980,47.790527,15.808105
10158,-0.399902,-0.891113,-0.409180,41.198730,50.720215,22.644043
10159,-0.328613,-0.883789,-0.373047,35.644531,50.292969,32.226562
10160,-0.234375,-0.933105,-0.375488,30.273438,30.456543,53.222656
10161,-0.219727,-0.983887,-0.397461,32.592773,16.296387,61.218262
10162,-0.223633,-1.047852,-0.427246,34.790039,3.356934,65.856934
10163,-0.237793,-1.125000,-0.458496,34.057617,-12.512207,65.490723
10164,-0.272949,-1.216797,-0.512695,32.470703,-15.991211,64.758301
10165,-0.309570,-1.216797,-0.545410,29.357910,-16.723633,69.152832
10166,-0.443848,-1.258301,-0.530273,15.441895,-12.939453,87.646484
10167,-0.518555,-1.345703,-0.517578,3.906250,-10.498047,95.031738
10168,-0.556641,-1.480469,-0.520508,-10.375977,-6.591797,92.041016
10169,-0.545898,-1.501953,-0.572754,-39.489746,8.178711,63.415527
10170,-0.491699,-1.411133,-0.570801,-43.945312,19.531250,53.405762
10171,-0.393555,-1.272461,-0.393555,-40.771484,20.141602,49.072266
10172,-0.336426,-1.085938,-0.112793,-35.278320,-9.582520,45.837402
10173,-0.349609,-1.000488,-0.052246,-37.719727,-28.381348,42.907715
10174,-0.377930,-0.934082,-0.056152,-42.297363,-42.968750,40.283203
10175,-0.407227,-0.883789,-0.089844,-46.203613,-51.147461,37.231445
10176,-0.442383,-0.830078,-0.119141,-49.865723,-51.635742,31.799316
10177,-0.449219,-0.821777,-0.105469,-52.490234,-47.241211,29.724121
10178,-0.447266,-0.801758,-0.079590,-56.152344,-42.602539,29.113770
10179,-0.491699,-0.783203,-0.053711,-61.462402,-32.653809,33.691406
10180,-0.537598,-0.781738,-0.057129,-60.058594,-25.817871,36.743164
10181,-0.618164,-0.759277,-0.081543,-51.879883,-3.479004,40.954590
10182,-0.642578,-0.738770,-0.081543,-44.372559,10.375977,42.236328
10183,-0.647949,-0.718262,-0.047852,-34.484863,23.559570,42.053223
10184,-0.607422,-0.653320,0.052734,-10.009766,38.452148,36.437988
10185,-0.578125,-0.613770,0.094238,4.150391,39.184570,31.494141
10186,-0.549316,-0.567383,0.134766,16.235352,36.132812,24.963379
10187,-0.508789,-0.474609,0.194824,23.010254,17.028809,14.282227
10188,-0.500000,-0.401855,0.415527,16.235352,-11.657715,18.249512
10189,-0.630371,-0.547363,0.178223,18.127441,-90.515137,36.804199
10190,-0.694336,-0.556641,-0.008789,29.052734,-145.446777,52.490234
10191,-0.710938,-0.627441,-0.473145,-14.343262,-159.301758,70.617676
10192,-0.726074,-0.891113,-0.705566,-55.725098,-143.005371,73.364258
10193,-0.905273,-1.508789,-1.089844,-89.599609,-116.333008,57.739258
10194,-0.655273,-1.244141,-0.653320,-122.314453,-59.936523,28.198242
10195,-0.414551,-0.974121,-0.292969,-142.700195,-38.452148,40.222168
10196,-0.415527,-0.846191,-0.053223,-157.775879,-23.620605,47.912598
10197,-0.439453,-0.670410,-0.074707,-161.193848,-1.708984,51.574707
10198,-0.396484,-0.480469,-0.023926,-132.812500,10.986328,53.161621
10199,-0.374023,-0.395508,0.047852,-112.426758,31.005859,59.265137
10200,-0.355957,-0.264160,0.138184,-136.901855,53.710938,55.786133
10201,-0.387207,-0.260742,0.070801,-146.301270,52.978516,42.236328
10202,-0.426270,-0.254395,-0.069824,-126.770020,37.170410,22.644043
10203,-0.518555,-0.246582,-0.233887,-47.912598,3.417969,-8.300781
10204,-0.572266,-0.274902,-0.298340,-17.272949,-3.417969,-16.479492
10205,-0.601074,-0.328125,-0.354004,10.131836,-7.385254,-23.376465
10206,-0.544434,-0.379395,-0.439453,55.480957,-15.136719,-37.658691
10207,-0.547363,-0.445312,-0.576172,69.519043,-18.798828,-44.311523
10208,-0.551270,-0.548340,-0.774414,76.721191,-22.338867,-49.011230
10209,-0.520508,-0.593262,-0.869141,83.190918,-28.991699,-45.532227
10210,-0.475098,-0.581543,-0.754395,110.351562,-37.963867,-26.245117
10211,-0.476562,-0.512695,-0.718750,120.178223,-12.023926,-33.874512
10212,-0.647949,-0.638184,-0.529297,141.906738,47.119141,-56.701660
10213,-0.858398,-0.823242,-0.493164,145.690918,57.128906,-79.101562
10214,-1.006348,-0.791992,-0.301270,185.180664,44.677734,-79.162598
10215,-1.318359,-1.322754,-0.020996,364.379883,-14.221191,-31.188965
10216,-1.229004,-1.242676,0.215820,395.019531,7.019043,-14.831543
10217,-1.199219,-1.257812,0.406250,367.126465,25.207520,-30.700684
10218,-0.839844,-0.834473,0.471680,244.689941,53.833008,-90.942383
10219,-0.715332,-0.772949,0.361328,180.908203,76.293945,-110.595703
10220,-0.711914,-0.756836,0.451172,132.141113,90.270996,-122.497559
10221,-0.631348,-0.812012,0.520508,-3.295898,109.375000,-118.652344
10222,-0.630859,-0.876465,0.507324,-58.715820,101.745605,-106.506348
10223,-0.636719,-0.929688,0.533203,-109.191895,81.420898,-88.378906
10224,-0.583984,-1.121094,0.038574,-189.453125,58.837891,-51.574707
10225,-0.602051,-1.288574,-0.080566,-163.940430,47.607422,-50.292969
10226,-0.518555,-1.254395,-0.028320,-137.390137,39.306641,-49.804688
10227,-0.401855,-1.108887,-0.077148,-73.120117,12.390137,-48.034668
10228,-0.345703,-0.938477,0.061035,-44.067383,-12.084961,-42.053223
10229,-0.328613,-0.827637,0.083984,-36.499023,-37.231445,-32.592773
10230,-0.298828,-0.761230,-0.007324,-26.062012,-72.631836,-20.935059
10231,-0.282715,-0.756836,-0.041992,-18.432617,-78.552246,-20.935059
10232,-0.243164,-0.793945,-0.038574,-6.958008,-78.002930,-28.259277
10233,-0.223633,-0.829102,-0.041016,-7.324219,-75.805664,-33.203125
10234,-0.206055,-0.838379,-0.068359,-9.155273,-73.242188,-38.757324
10235,-0.187500,-0.811035,-0.113281,-10.681152,-69.396973,-42.663574
10236,-0.174316,-0.780762,-0.161133,-7.141113,-58.288574,-46.081543
10237,-0.171875,-0.777832,-0.150879,-5.187988,-52.734375,-48.828125
10238,-0.185059,-0.798340,-0.178223,-5.554199,-39.672852,-55.236816
10239,-0.207520,-0.820801,-0.198242,-7.507324,-29.968262,-59.082031
10240,-0.228027,-0.834473,-0.235840,-15.991211,-1.464844,-67.504883
10241,-0.251465,-0.772949,-0.296387,-18.798828,15.625000,-69.702148
10242,-0.265137,-0.721191,-0.317383,-18.127441,31.616211,-69.824219
10243,-0.309570,-0.645020,-0.379883,-13.732910,49.804688,-66.833496
10244,-0.334473,-0.638184,-0.342285,-10.070801,85.937500,-60.913086
10245,-0.350098,-0.644531,-0.292969,-10.925293,95.642090,-54.809570
10246,-0.369629,-0.657227,-0.283203,-14.038086,100.219727,-46.691895
10247,-0.388184,-0.730957,-0.252441,-13.977051,96.313477,-25.512695
10248,-0.364746,-0.760742,-0.191406,-11.901855,83.801270,-12.451172
10249,-0.338379,-0.776855,-0.123535,-8.483887,60.180664,2.136230
10250,-0.324707,-0.848145,-0.103516,-0.244141,-2.075195,30.822754
10251,-0.336914,-0.866699,-0.159180,3.356934,-29.479980,39.550781
10252,-0.340820,-0.885742,-0.250488,4.882812,-47.485352,48.461914
10253,-0.341309,-1.019531,-0.405762,6.591797,-54.931641,67.443848
10254,-0.350098,-1.120605,-0.448242,8.728027,-52.490234,74.035645
10255,-0.355957,-1.204590,-0.487793,12.512207,-49.133301,78.063965
10256,-0.383789,-1.299316,-0.554688,16.906738,-34.667969,83.007812
10257,-0.407227,-1.288574,-0.572754,15.258789,-23.254395,87.036133
10258,-0.448242,-1.275879,-0.582031,11.962891,-10.864258,94.726562
10259,-0.548828,-1.363281,-0.592285,5.432129,14.953613,97.778320
10260,-0.565918,-1.376465,-0.565430,3.967285,26.855469,87.158203
10261,-0.581543,-1.364746,-0.579590,-1.892090,40.100098,78.857422
10262,-0.578125,-1.348145,-0.557129,-8.300781,55.541992,70.617676
10263,-0.545410,-1.155762,-0.219727,-6.164551,44.311523,71.716309
10264,-0.543945,-1.064453,-0.084473,-0.366211,22.583008,73.791504
10265,-0.560547,-0.888672,-0.011230,8.666992,-21.057129,79.956055
10266,-0.579102,-0.826172,-0.036621,12.329102,-33.203125,83.190918
10267,-0.610840,-0.794434,-0.067871,15.441895,-34.545898,84.777832
10268,-0.655762,-0.771484,-0.064941,20.080566,-13.732910,78.186035
10269,-0.668945,-0.768066,-0.020508,18.920898,1.525879,70.983887
10270,-0.701660,-0.682617,0.073730,21.484375,25.756836,60.180664
10271,-0.723145,-0.655762,0.113281,28.442383,32.836914,56.030273
10272,-0.733398,-0.624512,0.113281,37.048340,36.682129,51.452637
10273,-0.736328,-0.583496,0.105469,47.546387,39.489746,47.912598
10274,-0.722656,-0.538574,0.155762,61.584473,40.527344,43.151855
10275,-0.702148,-0.514160,0.202148,60.058594,34.729004,40.527344
10276,-0.683105,-0.489258,0.243164,52.673340,24.353027,39.916992
10277,-0.551758,-0.503906,0.536621,14.709473,-47.912598,60.363770
10278,-0.626465,-0.789551,0.013184,-2.563477,-119.262695,80.932617
10279,-0.607422,-0.874023,-0.475586,-19.592285,-129.760742,83.312988
10280,-0.627441,-0.826172,-0.476074,-38.085938,-109.191895,89.477539
10281,-0.645508,-0.835938,-0.481445,-74.096680,-89.782715,95.642090
10282,-0.702148,-1.138184,-0.561035,-138.427734,-47.851562,81.665039
10283,-0.701660,-1.178711,-0.542969,-161.376953,-22.827148,71.777344
10284,-0.670410,-1.062012,-0.387695,-177.062988,-5.126953,67.321777
10285,-0.549805,-0.854004,-0.203613,-187.377930,4.333496,73.608398
10286,-0.400879,-0.606445,0.040039,-193.054199,20.385742,94.909668
10287,-0.418945,-0.541992,0.102539,-192.138672,30.944824,93.872070
10288,-0.404297,-0.451660,0.081543,-180.114746,40.893555,82.885742
10289,-0.363281,-0.228027,0.136719,-159.057617,55.358887,53.344727
10290,-0.387695,-0.226562,0.079590,-147.216797,49.743652,36.987305
10291,-0.392090,-0.223145,-0.025391,-122.863770,35.888672,19.348145
10292,-0.395020,-0.194824,-0.158691,-73.303223,8.239746,-8.178711
10293,-0.428711,-0.181641,-0.194336,-57.189941,-1.953125,-14.465332
10294,-0.535645,-0.219238,-0.275391,-35.949707,-10.314941,-19.226074
10295,-0.742188,-0.297363,-0.456543,12.756348,-14.709473,-38.513184
10296,-0.776855,-0.334961,-0.476074,33.813477,-11.291504,-53.161621
10297,-0.828125,-0.449219,-0.578613,47.607422,-8.239746,-67.260742
10298,-0.820312,-0.504883,-0.655273,65.124512,-23.193359,-86.669922
10299,-0.780273,-0.493164,-0.657715,69.213867,-36.804199,-83.435059
10300,-0.713867,-0.480469,-0.718262,76.416016,-44.433594,-77.697754
10301,-0.583008,-0.504883,-0.855957,95.214844,4.821777,-88.806152
10302,-0.633789,-0.502441,-0.679199,106.872559,50.842285,-99.670410
10303,-0.759766,-0.667480,-0.547363,110.046387,85.998535,-116.882324
10304,-0.933594,-0.920898,-0.505371,114.868164,99.426270,-141.418457
10305,-1.178711,-1.107910,-0.299805,218.933105,53.161621,-125.183105
10306,-1.116699,-1.195312,-0.201172,324.157715,22.399902,-79.223633
10307,-1.198242,-1.225586,0.182129,380.676270,8.544922,-53.039551
10308,-1.040039,-0.860840,0.296875,316.406250,34.484863,-97.351074
10309,-0.918945,-0.714355,0.306152,249.572754,63.903809,-111.145020
10310,-0.649414,-0.508301,0.394531,97.290039,118.957520,-106.384277
10311,-0.555664,-0.520996,0.460938,34.729004,125.305176,-84.960938
10312,-0.544922,-0.602539,0.558594,-18.676758,115.722656,-62.500000
10313,-0.581055,-0.818359,0.323730,-77.087402,83.374023,-30.151367
10314,-0.639160,-0.931641,0.261230,-62.744141,62.805176,-27.282715
10315,-0.663086,-1.006348,0.250977,-48.828125,44.921875,-28.747559
10316,-0.611816,-1.059082,0.192383,-49.743652,23.864746,-28.503418
10317,-0.584473,-1.060059,0.178223,-62.683105,15.441895,-21.362305
10318,-0.558594,-1.069824,0.178223,-79.040527,4.516602,-13.916016
10319,-0.498535,-1.012207,0.000000,-78.247070,-21.301270,-10.986328
10320,-0.491211,-0.972168,-0.037109,-56.030273,-31.738281,-16.296387
10321,-0.478027,-0.919922,0.004883,-34.484863,-43.273926,-23.620605
10322,-0.434570,-0.870605,0.077148,-21.362305,-58.288574,-31.738281
10323,-0.308105,-0.799805,0.081055,-20.446777,-85.876465,-40.954590
10324,-0.270996,-0.791016,0.073242,-20.812988,-94.055176,-44.189453
10325,-0.217773,-0.774902,0.026367,-18.981934,-106.872559,-54.626465
10326,-0.193359,-0.776855,-0.023926,-19.836426,-105.651855,-59.936523
10327,-0.170898,-0.776367,-0.084473,-20.874023,-99.426270,-64.514160
10328,-0.163086,-0.777344,-0.123535,-22.827148,-88.500977,-68.969727
10329,-0.135742,-0.767090,-0.137207,-30.517578,-61.096191,-78.918457
10330,-0.110352,-0.773438,-0.115234,-32.287598,-51.757812,-81.604004
10331,-0.153320,-0.858398,-0.117676,-34.606934,-40.771484,-84.106445
10332,-0.176758,-0.897461,-0.169434,-36.499023,-33.874512,-87.890625
10333,-0.191406,-0.896973,-0.227539,-38.574219,-22.827148,-90.576172
10334,-0.207520,-0.881348,-0.288086,-40.039062,-8.422852,-90.026855
10335,-0.270020,-0.762695,-0.441895,-40.161133,31.738281,-79.040527
10336,-0.326660,-0.722168,-0.520020,-37.780762,58.837891,-66.284180
10337,-0.374023,-0.712891,-0.592285,-36.926270,91.979980,-54.199219
10338,-0.446777,-0.668457,-0.593262,-28.564453,151.062012,-27.893066
10339,-0.469727,-0.680664,-0.458496,-21.728516,164.428711,-15.441895
10340,-0.445312,-0.714355,-0.311523,-18.310547,159.973145,-5.859375
10341,-0.327148,-0.791016,-0.109375,2.746582,100.036621,11.596680
10342,-0.273438,-0.828125,-0.038574,17.456055,47.973633,21.545410
10343,-0.263184,-0.894043,-0.067871,32.470703,-7.385254,30.395508
10344,-0.240234,-0.908203,-0.198242,46.630859,-52.307129,36.804199
10345,-0.239258,-0.975098,-0.375488,55.175781,-87.524414,63.476562
10346,-0.267578,-1.056152,-0.449219,46.997070,-86.242676,76.232910
10347,-0.382812,-1.187500,-0.548340,32.165527,-67.016602,98.205566
10348,-0.454590,-1.278809,-0.557129,26.489258,-55.114746,105.163574
10349,-0.542480,-1.345703,-0.536133,20.751953,-44.799805,107.788086
10350,-0.612793,-1.382812,-0.545410,15.380859,-34.851074,111.389160
10351,-0.734863,-1.528809,-0.620117,2.136230,-5.493164,104.370117
10352,-0.733887,-1.470215,-0.603027,-5.737305,14.770508,92.590332
10353,-0.728516,-1.335938,-0.663574,-13.549805,39.184570,87.158203
10354,-0.613770,-1.156738,-0.372070,-3.784180,71.166992,76.904297
10355,-0.531250,-1.073730,-0.163574,-1.586914,64.025879,72.998047
10356,-0.472656,-0.978516,-0.004395,-1.831055,45.471191,70.495605
10357,-0.440430,-0.812500,0.091309,-11.596680,3.051758,71.411133
10358,-0.454590,-0.776855,0.069824,-16.052246,-11.596680,72.692871
10359,-0.476074,-0.768555,0.042969,-19.775391,-18.310547,72.265625
10360,-0.496582,-0.783203,0.025879,-22.766113,-18.005371,68.481445
10361,-0.539551,-0.768555,0.058105,-24.719238,-7.568359,56.945801
10362,-0.560059,-0.750488,0.064453,-21.057129,0.976562,54.443359
10363,-0.595703,-0.715820,0.119629,-3.295898,20.263672,48.706055
10364,-0.587402,-0.674316,0.137207,3.479004,25.268555,46.203613
10365,-0.574707,-0.639648,0.138184,8.666992,28.076172,42.907715
10366,-0.524902,-0.584961,0.213379,10.681152,20.568848,32.531738
10367,-0.464844,-0.628418,0.332520,2.380371,-27.526855,44.372559
10368,-0.598145,-0.922852,-0.221680,28.076172,-116.638184,66.284180
10369,-0.717773,-0.945312,-0.439941,20.629883,-144.409180,88.134766
10370,-0.772949,-1.246094,-0.647949,-20.324707,-121.276855,85.510254
10371,-0.820312,-1.399414,-0.860352,-69.091797,-79.772949,59.448242
10372,-0.669922,-1.179199,-0.504883,-106.750488,-8.361816,27.526855
10373,-0.585449,-1.000000,-0.267090,-135.742188,15.014648,32.104492
10374,-0.495605,-0.821289,0.026367,-156.921387,26.733398,39.367676
10375,-0.461426,-0.724609,0.172363,-175.170898,29.907227,44.677734
10376,-0.375000,-0.509766,0.065430,-160.400391,34.057617,49.560547
10377,-0.324707,-0.392090,0.137695,-138.610840,42.175293,53.955078
10378,-0.306152,-0.314453,0.286133,-136.962891,41.748047,64.697266
10379,-0.310547,-0.253906,0.251465,-147.338867,32.531738,57.312012
10380,-0.303223,-0.184082,0.184570,-150.024414,17.211914,49.011230
10381,-0.368652,-0.146484,-0.145508,-121.459961,-6.347656,30.273438
10382,-0.429688,-0.143555,-0.211426,-97.045898,-11.657715,22.155762
10383,-0.498535,-0.159668,-0.246094,-71.594238,-17.333984,13.977051
10384,-0.591309,-0.233887,-0.414062,-22.338867,-22.766113,-7.446289
10385,-0.610352,-0.310547,-0.555664,3.540039,-19.836426,-24.475098
10386,-0.608887,-0.376953,-0.677246,29.479980,-15.075684,-44.494629
10387,-0.696777,-0.391113,-0.705566,64.392090,-13.977051,-70.739746
10388,-0.753418,-0.428223,-0.752930,73.181152,-17.456055,-75.012207
10389,-0.774414,-0.524902,-0.853027,80.261230,-19.897461,-76.171875
10390,-0.697266,-0.597656,-0.817871,85.998535,-19.165039,-56.274414
10391,-0.613281,-0.543945,-0.683105,98.327637,-14.465332,-45.043945
10392,-0.627441,-0.416504,-0.454102,126.586914,51.940918,-57.983398
10393,-0.793945,-0.670898,-0.406250,132.568359,76.538086,-71.411133
10394,-0.867188,-0.829102,-0.404785,158.020020,75.439453,-82.336426
10395,-0.962891,-0.925293,-0.216797,220.886230,52.185059,-69.885254
10396,-0.998047,-1.206543,-0.060547,302.062988,12.207031,-44.128418
10397,-0.879883,-1.277344,0.346191,384.216309,-4.760742,-30.090332
10398,-0.821777,-1.020996,0.455566,348.510742,2.197266,-61.889648
10399,-0.682129,-0.756348,0.520020,233.093262,17.639160,-96.801758
10400,-0.605469,-0.641602,0.497559,165.466309,26.733398,-98.144531
10401,-0.588867,-0.642090,0.457520,108.581543,31.250000,-89.599609
10402,-0.597168,-0.653320,0.506348,66.711426,27.221680,-77.575684
10403,-0.620605,-0.774902,0.496582,-38.757324,16.723633,-51.452637
10404,-0.633301,-0.895996,0.324219,-77.514648,18.188477,-39.062500
10405,-0.696777,-1.028809,0.216797,-98.144531,20.507812,-33.081055
10406,-0.740723,-1.212891,0.185547,-125.427246,30.761719,-42.907715
10407,-0.676270,-1.212891,0.212402,-140.319824,32.104492,-47.058105
10408,-0.610352,-1.207520,0.193359,-153.381348,26.306152,-46.569824
10409,-0.498535,-1.155762,-0.024902,-142.578125,8.605957,-50.109863
10410,-0.449707,-1.061523,-0.102539,-113.647461,0.488281,-52.917480
10411,-0.402832,-0.959473,-0.083008,-85.754395,-10.253906,-54.077148
10412,-0.273438,-0.828613,0.003906,-37.658691,-43.029785,-45.471191
10413,-0.260254,-0.806152,0.033203,-23.681641,-61.340332,-41.015625
10414,-0.246582,-0.797363,0.007812,-14.404297,-76.904297,-38.208008
10415,-0.215820,-0.793945,-0.067871,-8.850098,-90.942383,-37.902832
10416,-0.201172,-0.770020,-0.125488,-8.728027,-88.623047,-40.527344
10417,-0.190430,-0.735840,-0.166504,-7.080078,-80.383301,-43.029785
10418,-0.139648,-0.716797,-0.128418,-2.380371,-56.396484,-50.537109
10419,-0.110840,-0.705078,-0.055664,-8.728027,-51.208496,-57.250977
10420,-0.128418,-0.706543,-0.046875,-15.869141,-52.490234,-60.119629
10421,-0.155273,-0.737305,-0.097656,-16.296387,-55.908203,-60.119629
10422,-0.206543,-0.802734,-0.202148,-4.943848,-50.231934,-56.823730
10423,-0.229980,-0.833008,-0.244629,-3.967285,-39.672852,-58.532715
10424,-0.276367,-0.810059,-0.288574,-11.169434,-6.896973,-67.199707
10425,-0.302246,-0.782227,-0.309082,-16.784668,12.390137,-68.542480
10426,-0.349121,-0.689453,-0.394043,-17.883301,33.691406,-63.964844
10427,-0.417480,-0.724609,-0.437500,-16.662598,58.044434,-55.725098
10428,-0.512695,-0.737793,-0.382324,-9.521484,99.853516,-42.297363
10429,-0.542480,-0.727051,-0.354004,-8.117676,112.731934,-31.616211
10430,-0.521973,-0.776367,-0.190430,-2.441406,109.680176,-9.704590
10431,-0.452637,-0.812012,-0.065430,-0.976562,89.477539,0.061035
10432,-0.362305,-0.844727,0.054199,-0.183105,54.870605,8.666992
10433,-0.282715,-0.880859,0.099121,-0.915527,12.145996,15.991211
10434,-0.223633,-0.950684,-0.116211,4.760742,-53.649902,28.808594
10435,-0.234375,-0.978516,-0.271484,13.610840,-65.551758,34.851074
10436,-0.248535,-0.994141,-0.379395,23.376465,-64.941406,43.273926
10437,-0.303223,-1.048340,-0.431641,37.231445,-51.147461,68.542480
10438,-0.353516,-1.097656,-0.435547,38.940430,-43.640137,81.054688
10439,-0.529297,-1.221680,-0.459473,37.475586,-28.076172,105.102539
10440,-0.634766,-1.312500,-0.496094,35.644531,-17.700195,113.708496
10441,-0.749512,-1.463867,-0.512695,32.226562,-4.882812,113.891602
10442,-0.811523,-1.623047,-0.476074,21.179199,8.544922,101.806641
10443,-0.744629,-1.653809,-0.412109,-9.948730,27.893066,64.819336
10444,-0.721191,-1.552734,-0.441895,-23.498535,34.118652,60.974121
10445,-0.678711,-1.351074,-0.295410,-18.432617,26.672363,63.781738
10446,-0.629395,-1.213867,-0.161621,-11.718750,11.718750,62.072754
10447,-0.568359,-1.074219,-0.071289,-14.526367,-3.601074,60.485840
10448,-0.490234,-0.851074,-0.021973,-35.461426,-25.024414,56.579590
10449,-0.462891,-0.773926,-0.041016,-47.851562,-28.076172,54.382324
10450,-0.441406,-0.721680,-0.059570,-57.067871,-27.282715,51.757812
10451,-0.414551,-0.689941,-0.058105,-63.110352,-24.963379,49.194336
10452,-0.385742,-0.655762,-0.055664,-67.871094,-19.531250,45.349121
10453,-0.389160,-0.636230,-0.070801,-67.443848,-15.136719,46.081543
10454,-0.411133,-0.627441,-0.092285,-65.490723,-7.934570,49.194336
10455,-0.499023,-0.626953,-0.116699,-56.762695,14.709473,57.128906
10456,-0.534180,-0.640625,-0.101074,-50.354004,27.770996,59.875488
10457,-0.558105,-0.661133,-0.061035,-43.884277,39.367676,60.485840
10458,-0.562500,-0.678223,-0.008301,-35.888672,47.424316,58.044434
10459,-0.549316,-0.684570,0.082520,-13.549805,51.879883,47.241211
10460,-0.529785,-0.640625,0.135742,11.718750,46.630859,33.813477
10461,-0.525391,-0.616699,0.162598,22.033691,41.015625,26.733398
10462,-0.528320,-0.562012,0.350098,27.404785,19.409180,25.573730
10463,-0.619141,-0.592285,0.026855,48.278809,-94.543457,46.691895
10464,-0.581543,-0.547852,-0.067871,27.648926,-107.360840,51.818848
10465,-0.547363,-0.549805,-0.157227,2.014160,-106.018066,52.368164
10466,-0.539551,-0.672852,-0.395020,-28.991699,-96.618652,41.625977
10467,-0.661133,-0.949707,-0.680176,-28.991699,-80.383301,29.602051
10468,-0.865234,-1.365234,-0.921387,-31.188965,-44.311523,0.427246
10469,-0.643555,-1.183105,-0.406250,-78.430176,20.874023,-24.719238
10470,-0.550293,-1.049316,-0.117188,-64.758301,17.517090,-25.695801
10471,-0.439453,-0.841309,0.129395,-73.547363,13.366699,-17.822266
10472,-0.409668,-0.728027,0.141113,-87.219238,8.911133,-0.671387
10473,-0.348633,-0.551270,0.000977,-87.402344,2.929688,33.874512
10474,-0.325684,-0.500488,0.044922,-82.702637,6.774902,45.776367
10475,-0.314941,-0.492676,0.094727,-91.003418,14.465332,51.025391
10476,-0.312012,-0.392090,0.113770,-94.604492,23.620605,42.907715
10477,-0.362305,-0.366699,0.148438,-99.975586,22.827148,35.827637
10478,-0.518555,-0.374512,0.072754,-124.511719,10.559082,11.779785
10479,-0.585938,-0.368164,-0.086426,-107.543945,0.183105,-3.784180
10480,-0.664551,-0.391113,-0.206055,-69.030762,-12.695312,-17.761230
10481,-0.677734,-0.411133,-0.301270,-26.000977,-24.902344,-30.700684
10482,-0.626465,-0.406250,-0.538574,24.475098,-30.273438,-52.917480
10483,-0.626465,-0.399414,-0.670898,35.827637,-25.939941,-60.729980
10484,-0.584961,-0.371582,-0.751465,45.715332,-20.263672,-63.598633
10485,-0.568848,-0.505371,-0.858398,55.297852,-9.521484,-60.974121
10486,-0.644043,-0.712891,-0.971680,46.264648,-2.807617,-60.913086
10487,-0.640137,-0.774902,-0.896973,35.949707,-2.746582,-57.983398
10488,-0.459961,-0.444336,-0.498535,57.983398,-14.648438,-18.676758
10489,-0.494629,-0.441406,-0.432617,79.528809,8.850098,-13.000488
10490,-0.670898,-0.590820,-0.373047,105.712891,36.010742,-16.723633
10491,-1.020020,-0.895508,-0.259766,172.912598,44.616699,-20.202637
10492,-1.194824,-0.962402,-0.031738,220.214844,9.399414,-0.671387
10493,-1.320312,-1.245605,-0.010742,228.393555,-10.498047,12.573242
10494,-0.982910,-1.036133,0.065430,204.162598,3.417969,0.732422
10495,-0.908691,-0.883301,0.133789,176.086426,15.380859,-22.521973
10496,-0.855469,-0.805664,0.068359,147.155762,29.846191,-40.649414
10497,-0.757812,-0.717773,0.125000,92.529297,60.302734,-67.321777
10498,-0.722168,-0.723633,0.144043,63.781738,65.612793,-69.946289
10499,-0.705566,-0.873047,0.083984,37.780762,57.189941,-61.096191
10500,-0.704102,-0.973145,0.051758,38.696289,52.124023,-56.823730
10501,-0.687012,-1.066406,0.050781,36.621094,52.368164,-55.480957
10502,-0.555664,-1.128418,0.064941,-4.089355,67.260742,-52.307129
10503,-0.491211,-1.125488,0.023438,-33.325195,78.796387,-46.752930
10504,-0.484375,-1.182129,0.044434,-57.922363,88.745117,-41.809082
10505,-0.487793,-1.191406,0.148926,-85.815430,91.735840,-41.625977
10506,-0.437012,-1.131836,0.040527,-120.422363,84.289551,-37.048340
10507,-0.409668,-1.106934,-0.114258,-104.187012,75.073242,-36.499023
10508,-0.388672,-0.989258,-0.111816,-33.752441,53.649902,-41.320801
10509,-0.328125,-0.890625,-0.005371,-12.084961,35.949707,-41.748047
10510,-0.297363,-0.831543,0.108398,-6.835938,13.000488,-38.269043
10511,-0.270508,-0.817871,0.131836,-7.324219,-14.099121,-34.179688
10512,-0.237793,-0.848145,0.067383,-6.774902,-60.791016,-31.677246
10513,-0.236328,-0.853027,0.008789,-8.117676,-75.500488,-34.484863
10514,-0.239746,-0.838867,-0.104980,-17.883301,-80.993652,-42.480469
10515,-0.245117,-0.807617,-0.165039,-23.620605,-74.707031,-44.433594
10516,-0.250488,-0.769043,-0.216797,-25.634766,-65.124512,-44.189453
10517,-0.245117,-0.725586,-0.249512,-22.277832,-54.504395,-41.625977
10518,-0.254395,-0.687012,-0.274414,-4.516602,-33.874512,-32.226562
10519,-0.260254,-0.691406,-0.266113,5.249023,-24.902344,-27.709961
10520,-0.259766,-0.709473,-0.238770,13.122559,-16.662598,-25.329590
10521,-0.239258,-0.768066,-0.157715,19.165039,-7.690430,-26.794434
10522,-0.229492,-0.804688,-0.132324,19.836426,-7.141113,-29.663086
10523,-0.217773,-0.852539,-0.107910,20.141602,-8.666992,-34.667969
10524,-0.213379,-0.931641,-0.089844,15.197754,-14.160156,-50.842285
10525,-0.225586,-0.937500,-0.116211,9.582520,-14.282227,-56.701660
10526,-0.240723,-0.911621,-0.160645,4.272461,-11.230469,-58.105469
10527,-0.261719,-0.875977,-0.204102,1.342773,-5.371094,-55.297852
10528,-0.292480,-0.779297,-0.277832,3.906250,11.657715,-41.137695
10529,-0.318848,-0.738770,-0.323730,9.399414,23.254395,-30.761719
10530,-0.358887,-0.730469,-0.356934,16.418457,36.682129,-20.629883
10531,-0.488770,-0.754883,-0.377930,30.822754,60.241699,-4.211426
10532,-0.532715,-0.821777,-0.324707,33.508301,66.711426,-3.906250
10533,-0.532715,-0.820312,-0.223633,32.470703,61.828613,-5.493164
10534,-0.469238,-0.776367,-0.092285,20.141602,18.798828,1.403809
10535,-0.438477,-0.809082,-0.155762,15.747070,-9.033203,8.178711
10536,-0.392090,-0.871094,-0.272461,15.625000,-28.869629,15.258789
10537,-0.318359,-1.011230,-0.432617,15.258789,-37.109375,30.639648
10538,-0.287109,-1.052734,-0.480469,14.770508,-31.494141,39.794922
10539,-0.294922,-1.119629,-0.458496,8.422852,-16.967773,60.668945
10540,-0.329590,-1.164551,-0.447266,2.929688,-13.061523,69.274902
10541,-0.375488,-1.195801,-0.431152,-3.234863,-11.596680,74.768066
10542,-0.452637,-1.213867,-0.463379,-16.723633,-10.314941,83.374023
10543,-0.475586,-1.286621,-0.481934,-27.404785,-6.835938,83.374023
10544,-0.425781,-1.434570,-0.483887,-45.532227,-3.295898,58.227539
10545,-0.430176,-1.423340,-0.516113,-50.842285,-2.929688,49.072266
10546,-0.466309,-1.389648,-0.513184,-48.828125,-3.234863,45.043945
10547,-0.521484,-1.343262,-0.412109,-40.954590,-7.568359,41.076660
10548,-0.531250,-1.118164,-0.170898,-34.973145,-28.259277,31.494141
10549,-0.530762,-0.998047,-0.108398,-37.658691,-39.855957,29.052734
10550,-0.539551,-0.905762,-0.090332,-42.175293,-48.278809,27.282715
10551,-0.557617,-0.783203,-0.103516,-54.016113,-50.476074,21.972656
10552,-0.547363,-0.734863,-0.097656,-59.204102,-46.752930,18.920898
10553,-0.528809,-0.656738,-0.049805,-68.969727,-38.208008,15.441895
10554,-0.533203,-0.642578,-0.046875,-70.800781,-34.851074,15.441895
10555,-0.546875,-0.639160,-0.059570,-69.091797,-31.250000,16.540527
10556,-0.569336,-0.648926,-0.056152,-57.495117,-21.789551,18.127441
10557,-0.570801,-0.647949,-0.037109,-50.842285,-17.395020,19.042969
10558,-0.571289,-0.663086,-0.020020,-45.227051,-13.366699,20.263672
10559,-0.562988,-0.670898,-0.007324,-34.301758,-6.591797,21.423340
10560,-0.537109,-0.667969,0.008789,-27.404785,-3.234863,21.362305
10561,-0.514648,-0.653320,0.037598,-19.531250,-0.976562,21.179199
10562,-0.553711,-0.760742,-0.008301,23.254395,-75.439453,41.687012
10563,-0.629395,-0.807129,-0.045410,55.114746,-117.675781,54.321289
10564,-0.655273,-0.805664,-0.111816,62.866211,-144.775391,61.157227
10565,-0.672363,-0.826172,-0.340332,45.043945,-161.315918,70.068359
10566,-0.763184,-1.136230,-0.604004,15.930176,-152.954102,69.152832
10567,-0.936035,-1.640137,-0.940918,-22.399902,-116.271973,47.241211
10568,-0.748535,-1.455566,-0.561523,-114.990234,-13.122559,5.371094
10569,-0.539062,-1.142578,-0.143555,-164.306641,21.301270,-4.455566
10570,-0.433594,-0.912109,0.090820,-191.528320,32.714844,-4.821777
10571,-0.361328,-0.606934,0.040527,-170.959473,31.921387,8.178711
10572,-0.410156,-0.545898,-0.056152,-137.329102,40.466309,19.531250
10573,-0.408203,-0.508789,0.026855,-109.313965,49.926758,26.977539
10574,-0.330078,-0.405762,0.221680,-109.741211,41.503906,46.386719
10575,-0.386719,-0.459473,0.117188,-127.868652,31.127930,50.292969
10576,-0.289062,-0.247559,0.013672,-169.006348,14.648438,39.855957
10577,-0.351074,-0.269043,-0.111328,-172.119141,12.756348,26.916504
10578,-0.415039,-0.238770,-0.253418,-134.094238,0.366211,8.911133
10579,-0.440430,-0.180176,-0.319824,-83.129883,-12.756348,-5.920410
10580,-0.435547,-0.244629,-0.279785,-11.657715,-25.756836,-20.935059
10581,-0.424316,-0.301758,-0.300293,9.765625,-32.104492,-28.564453
10582,-0.436035,-0.387695,-0.419434,30.822754,-37.292480,-45.532227
10583,-0.460938,-0.433594,-0.490234,36.376953,-36.193848,-55.786133
10584,-0.483887,-0.458008,-0.572266,40.039062,-31.799316,-65.002441
10585,-0.529297,-0.496094,-0.764648,41.137695,-17.028809,-73.547363
10586,-0.563477,-0.589844,-0.958984,41.137695,-7.812500,-74.401855
10587,-0.603516,-0.734863,-1.133301,40.283203,3.356934,-74.829102
10588,-0.742676,-0.625977,-0.677734,34.179688,16.235352,-56.823730
10589,-0.855957,-0.441406,-0.406250,46.875000,26.123047,-37.780762
10590,-0.972168,-0.354004,-0.282715,62.316895,47.546387,-23.132324
10591,-1.189941,-0.807129,-0.273438,84.106445,77.636719,-19.897461
10592,-1.296875,-1.268066,-0.395996,98.876953,59.020996,-27.221680
10593,-1.281250,-1.737305,-0.474609,132.202148,30.761719,-27.404785
10594,-1.038086,-1.900391,-0.534180,162.109375,29.724121,-30.639648
10595,-0.817871,-0.968262,0.001465,158.874512,94.299316,-38.757324
10596,-0.847656,-0.850586,0.096680,129.943848,121.826172,-39.428711
10597,-0.805176,-0.813477,0.130859,97.167969,139.526367,-52.307129
10598,-0.493652,-0.529297,0.155273,49.865723,129.638672,-59.082031
10599,-0.387207,-0.484863,0.143066,36.132812,109.497070,-43.457031
10600,-0.285645,-0.520996,0.053223,25.085449,49.316406,1.770020
10601,-0.291992,-0.588867,-0.032715,19.348145,23.620605,21.667480
10602,-0.332031,-0.655762,-0.132812,18.493652,6.103516,36.132812
10603,-0.402344,-0.726562,-0.181641,31.677246,-4.455566,46.997070
10604,-0.504395,-0.782227,-0.147949,36.682129,-2.319336,47.363281
10605,-0.534180,-0.790527,-0.109863,41.076660,0.610352,46.997070
10606,-0.570801,-0.823730,-0.113770,50.292969,13.732910,43.945312
10607,-0.582520,-0.846680,-0.140625,57.373047,24.475098,40.588379
10608,-0.576660,-0.857422,-0.154297,67.626953,35.949707,34.667969
10609,-0.525391,-0.887207,-0.149414,88.500977,54.565430,19.226074
10610,-0.494141,-0.907227,-0.141602,94.665527,59.143066,10.864258
10611,-0.440918,-0.967773,-0.107422,90.942383,60.058594,-5.554199
10612,-0.414062,-1.004395,-0.046387,79.528809,54.687500,-13.183594
10613,-0.360840,-1.012207,-0.078613,53.039551,41.870117,-20.996094
10614,-0.283691,-1.071777,-0.090820,38.024902,34.912109,-20.019531
10615,-0.232910,-1.108398,-0.125000,20.629883,29.785156,-18.310547
10616,-0.186523,-1.153320,-0.138184,-15.502930,21.179199,-16.052246
10617,-0.063965,-1.118164,-0.210449,-28.930664,14.404297,-13.305664
10618,-0.070312,-1.125977,-0.240234,-33.447266,6.469727,-13.488770
10619,-0.099121,-1.111816,-0.270020,-33.569336,-2.258301,-23.315430
10620,-0.161133,-1.001465,-0.282227,-33.142090,-1.953125,-26.794434
10621,-0.200684,-0.941406,-0.243652,-34.790039,-2.075195,-29.663086
10622,-0.247070,-0.814453,-0.164062,-38.696289,-6.835938,-32.348633
10623,-0.252441,-0.766113,-0.142578,-34.423828,-11.169434,-32.287598
10624,-0.255371,-0.723145,-0.127930,-27.832031,-14.770508,-31.188965
10625,-0.256836,-0.704590,-0.111328,-13.366699,-20.568848,-28.442383
10626,-0.264648,-0.711426,-0.123047,-8.361816,-21.362305,-26.733398
10627,-0.268555,-0.736328,-0.149414,-4.211426,-19.409180,-25.024414
10628,-0.266113,-0.738770,-0.172363,-1.220703,-9.765625,-23.742676
10629,-0.268555,-0.767578,-0.187988,2.258301,-4.943848,-20.996094
10630,-0.270996,-0.787109,-0.197754,2.868652,0.122070,-19.348145
10631,-0.312012,-0.848145,-0.211914,3.540039,11.047363,-15.380859
10632,-0.319336,-0.853027,-0.214355,4.882812,13.122559,-12.756348
10633,-0.329590,-0.872070,-0.217773,6.652832,12.145996,-7.568359
10634,-0.365723,-0.927246,-0.224121,11.535645,8.911133,-2.258301
10635,-0.362793,-0.917969,-0.211426,12.084961,5.126953,-1.953125
10636,-0.358398,-0.905762,-0.198242,10.620117,-1.464844,-1.892090
10637,-0.377441,-0.872559,-0.162109,11.901855,-24.841309,0.183105
10638,-0.374023,-0.846191,-0.163086,11.352539,-38.818359,0.366211
10639,-0.361816,-0.819336,-0.183105,8.544922,-50.109863,0.305176
10640,-0.347168,-0.804688,-0.216797,4.699707,-57.128906,0.488281
10641,-0.341797,-0.827148,-0.273438,-1.159668,-63.903809,0.427246
10642,-0.340332,-0.844727,-0.301270,-1.953125,-65.124512,0.183105
10643,-0.337402,-0.866699,-0.322754,-2.990723,-65.185547,0.427246
10644,-0.343262,-0.901855,-0.374023,-5.187988,-60.546875,1.220703
10645,-0.345703,-0.913086,-0.409668,-2.563477,-57.312012,2.014160
10646,-0.354004,-0.918945,-0.439941,2.990723,-47.241211,6.896973
10647,-0.369141,-0.922363,-0.538574,3.540039,-39.611816,10.192871
10648,-0.376953,-0.915039,-0.591309,3.967285,-31.250000,13.610840
10649,-0.382812,-0.907715,-0.624512,3.479004,-24.230957,16.479492
10650,-0.385254,-0.925293,-0.632324,-5.615234,-12.207031,16.723633
10651,-0.388184,-0.960938,-0.623047,-13.916016,-8.117676,15.014648
10652,-0.392578,-1.043945,-0.502930,-40.161133,-3.051758,15.258789
10653,-0.404785,-1.108887,-0.449219,-53.039551,-3.723145,17.517090
10654,-0.423340,-1.185547,-0.425293,-58.776855,-5.981445,19.653320
10655,-0.458496,-1.261719,-0.403320,-63.537598,-2.807617,19.775391
10656,-0.469727,-1.280762,-0.388672,-64.819336,2.258301,19.348145
10657,-0.464355,-1.296875,-0.354004,-66.833496,6.835938,18.188477
10658,-0.451660,-1.281738,-0.316406,-69.213867,9.216309,15.319824
10659,-0.384277,-1.074707,-0.239746,-66.467285,4.089355,9.521484
10660,-0.351562,-0.968750,-0.194824,-63.110352,-1.586914,4.943848
10661,-0.314941,-0.790039,-0.097168,-65.185547,-14.587402,-5.554199
10662,-0.328125,-0.746582,-0.074219,-70.190430,-21.118164,-8.972168
10663,-0.360840,-0.729004,-0.060547,-73.974609,-27.587891,-10.314941
10664,-0.457520,-0.753418,-0.033203,-71.105957,-43.273926,-6.774902
10665,-0.522461,-0.782227,-0.031250,-64.941406,-50.598145,-3.662109
10666,-0.576172,-0.838867,-0.033203,-54.565430,-55.480957,-0.061035
10667,-0.654297,-0.980469,-0.036133,-30.212402,-49.316406,1.342773
10668,-0.658691,-1.006348,-0.014648,-23.925781,-37.170410,-4.028320
10669,-0.634766,-0.991699,0.035645,-23.193359,-23.193359,-10.559082
10670,-0.541504,-0.889648,0.163086,-35.766602,-10.437012,-24.108887
10671,-0.484375,-0.821289,0.173828,-41.625977,-15.441895,-27.770996
10672,-0.437012,-0.767578,0.145020,-41.870117,-23.803711,-28.564453
10673,-0.380371,-0.698730,0.051758,-33.874512,-36.315918,-25.939941
10674,-0.369629,-0.682129,-0.000488,-30.639648,-37.475586,-23.620605
10675,-0.366699,-0.682129,-0.048828,-28.137207,-35.888672,-21.301270
10676,-0.300293,-0.720215,-0.069336,-27.160645,-32.775879,-18.310547
10677,-0.262695,-0.873047,-0.295410,-23.620605,-68.298340,-11.230469
10678,-0.212891,-0.968750,-0.571777,10.803223,-102.783203,-7.751465
10679,-0.199219,-0.933105,-0.551270,13.061523,-132.263184,-7.507324
10680,-0.252930,-0.878906,-0.517578,4.882812,-139.465332,-6.408691
10681,-0.328125,-0.830566,-0.474609,-5.981445,-142.761230,-5.249023
10682,-0.468750,-0.773438,-0.422852,-30.883789,-127.929688,-6.896973
10683,-0.513184,-0.744141,-0.368164,-41.015625,-113.220215,-7.568359
10684,-0.565430,-0.692383,-0.245117,-55.175781,-80.932617,-8.483887
10685,-0.568359,-0.664062,-0.188965,-57.800293,-65.917969,-10.070801
10686,-0.565918,-0.634277,-0.149414,-57.617188,-52.429199,-12.145996
10687,-0.537109,-0.599609,-0.109863,-50.048828,-29.357910,-20.935059
10688,-0.514648,-0.609375,-0.100586,-42.358398,-21.057129,-27.526855
10689,-0.495117,-0.637695,-0.094238,-33.752441,-15.563965,-34.179688
10690,-0.485840,-0.734863,-0.103516,-25.268555,-11.596680,-47.607422
10691,-0.482910,-0.770508,-0.118164,-28.259277,-15.014648,-54.504395
10692,-0.477051,-0.788574,-0.148438,-36.743164,-21.057129,-60.791016
10693,-0.458008,-0.784180,-0.202637,-48.461914,-28.625488,-65.246582
10694,-0.423340,-0.783203,-0.334473,-68.969727,-45.288086,-67.138672
10695,-0.404297,-0.784668,-0.422852,-73.364258,-51.391602,-66.101074
10696,-0.379395,-0.788574,-0.521484,-67.810059,-54.809570,-64.453125
10697,-0.266602,-0.866699,-0.729004,-26.306152,-47.119141,-51.452637
10698,-0.238281,-0.927734,-0.700684,-0.244141,-39.794922,-40.710449
10699,-0.278809,-0.984863,-0.608398,7.507324,-38.635254,-30.700684
10700,-0.451172,-0.997559,-0.621094,-12.451172,-40.771484,-24.047852
10701,-0.480469,-0.947266,-0.560059,-10.986328,-33.142090,-22.705078
10702,-0.508301,-0.864746,-0.463867,-9.948730,-24.658203,-21.606445
10703,-0.594238,-0.758301,-0.368652,-11.474609,-13.854980,-25.024414
10704,-0.627441,-0.727051,-0.351562,-14.404297,-12.451172,-28.198242
10705,-0.611328,-0.741699,-0.408203,-17.211914,-11.108398,-29.418945
10706,-0.561523,-0.788574,-0.440430,-15.686035,-6.103516,-28.015137
10707,-0.503418,-0.848633,-0.439941,-12.512207,0.549316,-24.353027
10708,-0.431641,-0.999512,-0.408203,8.056641,5.249023,-10.803223
10709,-0.431641,-1.058594,-0.406250,28.869629,2.563477,-4.455566
10710,-0.410156,-1.032227,-0.358398,48.217773,5.249023,-2.746582
10711,-0.391113,-0.969238,-0.251953,58.105469,13.122559,-2.624512
10712,-0.410156,-0.838379,-0.027344,47.912598,20.141602,-10.192871
10713,-0.407715,-0.774902,0.035156,33.203125,18.920898,-18.127441
10714,-0.335938,-0.726562,0.062012,-0.427246,19.104004,-32.531738
10715,-0.315918,-0.759766,0.079590,-8.850098,17.272949,-35.644531
10716,-0.321777,-0.842285,0.096191,-9.643555,11.718750,-36.193848
10717,-0.335938,-0.951660,0.103516,-6.103516,3.356934,-36.376953
10718,-0.352051,-1.127441,0.064453,4.028320,-18.188477,-38.757324
10719,-0.346191,-1.163574,0.017090,9.277344,-27.343750,-39.306641
10720,-0.303223,-1.144043,-0.072754,26.062012,-33.203125,-35.034180
10721,-0.268066,-1.098145,-0.090820,31.921387,-28.564453,-32.409668
10722,-0.232910,-1.026855,-0.080566,35.644531,-23.071289,-29.785156
10723,-0.209961,-0.954102,-0.067871,37.231445,-18.310547,-27.038574
10724,-0.217285,-0.847656,-0.037109,37.536621,-15.502930,-24.230957
10725,-0.217285,-0.816406,-0.031738,36.926270,-14.953613,-23.925781
10726,-0.209473,-0.804199,-0.028809,35.583496,-13.549805,-24.414062
10727,-0.183105,-0.836426,0.002441,35.156250,-9.887695,-25.573730
10728,-0.178711,-0.873535,0.028809,36.987305,-10.864258,-24.291992
10729,-0.183594,-0.923340,0.044434,40.161133,-13.854980,-21.301270
10730,-0.191406,-0.975586,0.060547,43.640137,-19.104004,-17.639160
10731,-0.177734,-1.072754,0.072266,46.752930,-33.874512,-11.840820
10732,-0.156738,-1.103516,0.057129,44.799805,-41.198730,-11.840820
10733,-0.137207,-1.117188,0.039062,40.649414,-46.936035,-13.366699
10734,-0.129395,-1.092773,-0.010254,27.221680,-52.490234,-16.662598
10735,-0.136230,-1.074219,-0.040039,21.484375,-50.903320,-16.235352
10736,-0.159668,-1.053223,-0.086426,17.578125,-39.794922,-13.549805
10737,-0.170410,-1.051270,-0.093750,20.019531,-33.874512,-11.169434
10738,-0.204102,-1.061035,-0.057617,22.644043,-31.127930,-9.277344
10739,-0.255371,-1.044434,-0.032227,16.296387,-37.597656,-10.559082
10740,-0.254883,-1.037598,-0.047363,12.817383,-42.114258,-11.474609
10741,-0.243164,-1.026855,-0.062012,10.192871,-45.715332,-12.695312
10742,-0.200195,-1.004395,-0.108398,6.652832,-48.522949,-12.512207
10743,-0.180176,-0.991211,-0.134277,5.187988,-46.569824,-11.901855
10744,-0.167969,-0.981934,-0.152344,4.394531,-42.480469,-10.742188
10745,-0.170410,-0.975586,-0.157715,3.417969,-37.231445,-8.605957
10746,-0.190918,-0.967773,-0.148926,0.549316,-24.230957,-3.417969
10747,-0.197266,-0.950195,-0.140137,-1.098633,-17.822266,-1.220703
10748,-0.204590,-0.931641,-0.137207,-2.502441,-10.437012,1.892090
10749,-0.225098,-0.891602,-0.134766,-1.464844,8.728027,9.704590
10750,-0.234863,-0.867676,-0.122070,-0.183105,20.202637,13.549805
10751,-0.250977,-0.863770,-0.099609,0.427246,31.738281,18.737793
10752,-0.284180,-0.907227,-0.057129,-0.671387,48.645020,29.907227
10753,-0.301758,-0.922363,-0.044434,-1.770020,53.833008,34.606934
10754,-0.328125,-0.943848,-0.030762,-2.563477,56.091309,38.574219
10755,-0.375000,-0.974121,-0.020020,-4.577637,50.720215,42.541504
10756,-0.380859,-0.973145,-0.027344,-6.896973,46.081543,41.748047
10757,-0.382812,-0.973633,-0.051758,-10.070801,42.602539,40.466309
10758,-0.313477,-0.917480,-0.074707,-11.840820,38.574219,38.757324
10759,-0.264648,-0.888672,-0.064453,-11.901855,36.376953,39.550781
10760,-0.213379,-0.875488,-0.062012,-13.183594,30.273438,41.748047
10761,-0.208496,-0.897949,-0.079102,-14.099121,27.648926,41.992188
10762,-0.206055,-0.927734,-0.090332,-16.235352,26.672363,41.198730
10763,-0.209961,-0.973633,-0.116699,-19.348145,27.160645,40.527344
10764,-0.225098,-1.052734,-0.170410,-22.155762,31.982422,41.076660
10765,-0.230469,-1.094727,-0.193359,-22.705078,36.987305,42.053223
10766,-0.213379,-1.136719,-0.206543,-22.705078,50.354004,39.428711
10767,-0.142578,-1.217773,-0.186035,-21.179199,54.687500,36.254883
10768,-0.105957,-1.250488,-0.169922,-17.456055,56.335449,33.325195
10769,-0.064453,-1.271484,-0.159668,-11.840820,55.297852,31.921387
10770,-0.014160,-1.302246,-0.130371,-0.976562,49.682617,32.409668
10771,-0.019531,-1.311035,-0.125000,2.258301,47.363281,32.958984
10772,-0.055664,-1.287598,-0.119629,5.615234,46.936035,31.860352
10773,-0.200195,-1.126953,-0.140625,17.639160,57.373047,33.691406
10774,-0.271973,-1.076172,-0.134277,31.616211,68.786621,37.292480
10775,-0.343750,-1.014160,-0.094238,50.537109,81.848145,41.870117
10776,-0.524414,-0.887695,0.048340,85.754395,104.919434,55.480957
10777,-0.628906,-0.824707,0.111328,87.585449,101.684570,60.607910
10778,-0.738281,-0.792969,0.199219,79.101562,77.148438,62.622070
10779,-0.846680,-0.764648,0.223633,64.880371,29.785156,60.668945
10780,-0.999512,-0.724609,0.076172,41.442871,-75.256348,45.349121
10781,-0.977051,-0.688965,-0.034668,33.630371,-108.520508,33.752441
10782,-0.773926,-0.562988,-0.254883,30.883789,-109.069824,30.212402
10783,-0.720215,-0.520020,-0.249023,27.404785,-102.294922,39.672852
10784,-0.714355,-0.486328,-0.273438,19.470215,-98.937988,51.635742
10785,-0.738770,-0.494141,-0.331543,-2.258301,-99.487305,72.082520
10786,-0.766602,-0.523438,-0.700684,-11.962891,-97.045898,79.528809
10787,-0.781738,-0.577637,-0.914062,-17.578125,-93.811035,83.129883
10788,-0.814453,-0.636719,-1.065918,-22.766113,-77.209473,81.604004
10789,-0.834961,-0.730469,-1.186523,-27.465820,8.789062,60.852051
10790,-0.766602,-0.746094,-1.000488,-30.944824,73.059082,43.457031
10791,-0.613770,-0.814941,-0.419434,-36.437988,176.879883,0.366211
10792,-0.550293,-0.751465,-0.145996,-15.930176,200.012207,-20.141602
10793,-0.480957,-0.614746,0.089355,19.470215,202.941895,-31.677246
10794,-0.419434,-0.520508,0.200195,57.739258,190.551758,-32.226562
10795,-0.425781,-0.701660,0.140625,107.421875,157.531738,-29.479980
10796,-0.450684,-0.776855,0.172852,112.670898,136.535645,-33.081055
10797,-0.470215,-0.808105,0.152344,102.416992,94.543457,-41.381836
10798,-0.519531,-0.833008,0.155273,92.651367,79.101562,-47.302246
10799,-0.545410,-0.818359,0.143555,77.148438,69.152832,-52.978516
10800,-0.554199,-0.806641,0.090332,29.479980,59.875488,-49.804688
10801,-0.569824,-0.861328,-0.046387,-3.051758,58.105469,-38.818359
10802,-0.589844,-0.940918,-0.139160,-33.264160,50.598145,-23.925781
10803,-0.619629,-1.019043,-0.278809,-54.748535,38.818359,-10.681152
10804,-0.780762,-1.040527,-0.545410,-47.546387,21.667480,-1.831055
10805,-0.837402,-0.905762,-0.484375,-36.865234,22.583008,-3.662109
10806,-0.820312,-0.753906,-0.379395,-39.855957,27.160645,-0.061035
10807,-0.783691,-0.568848,-0.257324,-46.081543,36.376953,13.488770
10808,-0.772949,-0.536133,-0.221680,-39.978027,40.710449,19.287109
10809,-0.747070,-0.530762,-0.182617,-30.883789,44.250488,24.536133
10810,-0.684082,-0.600098,-0.137695,-16.479492,46.691895,31.555176
10811,-0.651855,-0.648926,-0.148438,-11.779785,46.325684,32.409668
10812,-0.619141,-0.694824,-0.166016,-6.652832,44.006348,32.714844
10813,-0.590820,-0.805664,-0.208008,1.831055,32.836914,35.217285
10814,-0.590820,-0.856445,-0.272461,5.737305,25.939941,36.193848
10815,-0.591797,-0.885254,-0.336914,8.605957,20.568848,36.926270
10816,-0.591309,-0.878906,-0.394043,7.568359,18.066406,37.048340
10817,-0.577637,-0.819336,-0.464844,-6.408691,26.855469,37.231445
10818,-0.575684,-0.797852,-0.468750,-13.427734,37.292480,37.353516
10819,-0.564941,-0.779297,-0.416992,-11.718750,61.706543,36.499023
10820,-0.543457,-0.788574,-0.377441,-2.563477,71.472168,37.109375
10821,-0.524414,-0.817871,-0.337891,8.239746,77.026367,37.719727
10822,-0.504883,-0.840820,-0.310547,16.845703,79.162598,36.987305
10823,-0.459473,-0.828613,-0.264648,22.827148,75.561523,32.714844
10824,-0.445801,-0.813965,-0.253906,21.606445,70.068359,31.311035
10825,-0.441406,-0.805176,-0.251953,19.531250,63.415527,29.907227
10826,-0.436523,-0.767578,-0.266113,15.869141,51.208496,26.794434
10827,-0.446289,-0.751465,-0.290039,17.578125,45.043945,26.184082
10828,-0.452637,-0.740723,-0.314941,20.324707,40.771484,25.817871
10829,-0.454102,-0.741211,-0.342285,24.475098,37.231445,25.329590
10830,-0.451660,-0.735352,-0.340820,25.329590,35.827637,24.841309
10831,-0.454590,-0.729004,-0.341309,25.878906,34.118652,24.658203
10832,-0.477539,-0.711426,-0.320312,26.733398,28.808594,24.414062
10833,-0.497070,-0.700195,-0.320801,26.916504,26.000977,24.230957
10834,-0.532227,-0.691895,-0.327148,28.442383,22.827148,24.719238
10835,-0.544434,-0.691406,-0.336914,29.724121,22.399902,24.108887
10836,-0.543457,-0.678223,-0.380859,29.602051,25.695801,21.179199
10837,-0.529785,-0.670410,-0.400391,30.273438,29.052734,19.470215
10838,-0.521973,-0.671387,-0.398926,33.264160,31.738281,18.127441
10839,-0.515137,-0.674805,-0.398926,38.146973,33.508301,16.967773
10840,-0.536621,-0.701660,-0.357422,51.147461,32.348633,15.930176
10841,-0.554688,-0.716797,-0.334961,55.969238,29.418945,15.136719
10842,-0.561523,-0.730469,-0.325195,58.471680,27.465820,13.671875
10843,-0.536621,-0.729980,-0.323242,55.725098,28.625488,7.873535
10844,-0.529297,-0.718750,-0.329590,51.757812,29.907227,4.577637
10845,-0.534180,-0.694336,-0.341797,48.034668,30.029297,1.770020
10846,-0.551270,-0.652832,-0.370605,44.189453,31.188965,-1.464844
10847,-0.552734,-0.649902,-0.366211,42.114258,32.714844,-2.319336
10848,-0.556152,-0.662598,-0.375977,39.672852,33.874512,-2.380371
10849,-0.563965,-0.730957,-0.408203,47.058105,34.973145,0.488281
10850,-0.555664,-0.756836,-0.412598,50.781250,36.315918,-0.244141
10851,-0.509766,-0.754883,-0.427246,49.682617,40.527344,-3.784180
10852,-0.501953,-0.753906,-0.436523,48.278809,42.175293,-5.432129
10853,-0.500000,-0.750977,-0.420898,48.400879,42.907715,-7.263184
10854,-0.516602,-0.720703,-0.353516,45.349121,41.198730,-10.559082
10855,-0.522461,-0.704590,-0.346191,41.320801,38.146973,-11.413574
10856,-0.531738,-0.712891,-0.370117,38.146973,35.095215,-11.169434
10857,-0.541016,-0.732910,-0.404297,37.719727,31.921387,-9.155273
10858,-0.532227,-0.861328,-0.489258,50.109863,27.099609,-0.366211
10859,-0.536133,-0.981445,-0.498047,60.180664,23.254395,3.906250
10860,-0.536621,-1.128418,-0.527832,71.472168,15.502930,8.300781
10861,-0.692383,-1.238281,-0.356934,112.426758,16.601562,16.540527
10862,-0.778809,-1.132812,-0.158691,122.131348,35.705566,12.634277
10863,-0.792480,-1.008789,0.040039,115.844727,54.199219,3.112793
10864,-0.619141,-0.770020,0.130859,70.068359,78.857422,-10.253906
10865,-0.539551,-0.734375,0.117676,50.720215,87.463379,-13.183594
10866,-0.485352,-0.739746,0.104492,30.090332,90.148926,-24.902344
10867,-0.418457,-0.795898,0.060547,29.907227,85.021973,-31.799316
10868,-0.402832,-0.836426,0.054199,34.179688,77.697754,-36.743164
10869,-0.390137,-0.874512,0.073242,38.574219,68.908691,-39.672852
10870,-0.346680,-0.907715,0.105469,32.470703,47.851562,-39.672852
10871,-0.325195,-0.913086,0.125977,22.277832,36.254883,-36.987305
10872,-0.309570,-0.907715,0.143066,10.803223,24.780273,-32.897949
10873,-0.310059,-0.911621,0.157227,-1.037598,13.305664,-28.137207
10874,-0.313965,-0.938477,0.186035,-21.667480,-8.178711,-24.047852
10875,-0.320801,-0.976562,0.195312,-28.808594,-19.653320,-26.245117
10876,-0.328613,-1.054199,0.206055,-32.348633,-44.494629,-36.071777
10877,-0.337402,-1.114258,0.203125,-34.484863,-55.175781,-41.809082
10878,-0.330078,-1.165527,0.182617,-36.987305,-63.354492,-46.020508
10879,-0.324707,-1.201172,0.146484,-37.475586,-69.580078,-49.255371
10880,-0.303223,-1.187500,0.071777,-31.311035,-76.354980,-50.720215
10881,-0.267090,-1.137695,0.010742,-21.545410,-78.430176,-47.546387
10882,-0.203125,-1.041992,-0.110840,-3.662109,-76.293945,-36.865234
10883,-0.176758,-0.990234,-0.175293,2.990723,-71.472168,-33.081055
10884,-0.147461,-0.918945,-0.239746,10.314941,-64.514160,-29.052734
10885,-0.162109,-0.821777,-0.403809,38.208008,-41.137695,-20.568848
10886,-0.191406,-0.795898,-0.463867,55.114746,-24.841309,-16.357422
10887,-0.239258,-0.795410,-0.475586,63.659668,-6.958008,-11.962891
10888,-0.293457,-0.803711,-0.445801,45.043945,16.540527,-7.751465
10889,-0.353516,-0.827637,-0.349609,27.954102,19.042969,-5.187988
10890,-0.364258,-0.856445,-0.330078,13.549805,17.944336,-1.831055
10891,-0.343262,-0.882324,-0.307617,-3.295898,11.657715,3.356934
10892,-0.321777,-0.883301,-0.302734,-8.117676,8.728027,6.103516
10893,-0.300293,-0.872559,-0.307129,-10.986328,7.080078,9.643555
10894,-0.304688,-0.867188,-0.322754,-11.901855,10.253906,16.540527
10895,-0.317383,-0.869629,-0.319336,-10.375977,15.502930,19.775391
10896,-0.321289,-0.874512,-0.292969,-8.178711,21.972656,23.254395
10897,-0.313477,-0.911621,-0.212402,-6.469727,27.954102,31.433105
10898,-0.308594,-0.945801,-0.192383,-5.981445,26.184082,33.630371
10899,-0.309082,-0.965332,-0.184082,-5.737305,21.057129,34.362793
10900,-0.341309,-1.011719,-0.206055,-9.094238,7.263184,34.057617
10901,-0.353027,-1.031250,-0.236328,-10.375977,1.342773,32.470703
10902,-0.363281,-1.045898,-0.273438,-12.695312,-2.624512,31.433105
10903,-0.373047,-1.067383,-0.318359,-15.747070,-3.417969,30.334473
10904,-0.382324,-1.097168,-0.396484,-23.559570,3.051758,30.578613
10905,-0.373047,-1.094727,-0.412109,-25.024414,7.141113,30.639648
10906,-0.325195,-1.044434,-0.439941,-24.108887,15.075684,32.714844
10907,-0.312500,-1.017578,-0.427734,-24.047852,18.981934,34.484863
10908,-0.297852,-0.973145,-0.408691,-32.043457,28.137207,39.184570
10909,-0.299805,-0.986328,-0.402832,-37.475586,31.677246,40.710449
10910,-0.298340,-1.009277,-0.387207,-42.053223,33.813477,40.649414
10911,-0.291992,-1.026855,-0.375488,-45.288086,33.630371,39.611816
10912,-0.299805,-1.072754,-0.314941,-56.823730,28.930664,35.827637
10913,-0.313477,-1.129395,-0.294922,-69.580078,25.878906,31.372070
10914,-0.333496,-1.270996,-0.247070,-99.426270,14.221191,17.456055
10915,-0.342285,-1.340820,-0.233887,-110.290527,3.540039,9.155273
10916,-0.355957,-1.371094,-0.254395,-115.234375,-7.873535,2.014160
10917,-0.362793,-1.340332,-0.259766,-114.074707,-17.150879,-2.563477
10918,-0.336426,-1.128906,-0.145508,-101.379395,-34.606934,-6.286621
10919,-0.333984,-1.003418,-0.081055,-96.496582,-43.395996,-7.080078
10920,-0.341797,-0.876465,-0.049316,-94.604492,-52.307129,-5.676270
10921,-0.390625,-0.733398,-0.023438,-92.346191,-52.490234,-4.699707
10922,-0.411621,-0.702148,0.011230,-88.684082,-52.734375,-5.065918
10923,-0.417480,-0.678223,0.037598,-83.740234,-52.978516,-4.821777
10924,-0.471680,-0.713867,0.064941,-73.913574,-51.452637,-3.173828
10925,-0.517090,-0.749512,0.036133,-69.702148,-45.532227,-4.089355
10926,-0.569824,-0.776367,0.040039,-67.016602,-35.827637,-9.338379
10927,-0.590820,-0.739258,0.067383,-65.795898,-16.845703,-21.301270
10928,-0.587402,-0.719238,0.055664,-57.006836,-11.962891,-24.047852
10929,-0.529785,-0.658203,0.060059,-29.968262,-6.713867,-28.869629
10930,-0.485840,-0.629883,0.068359,-19.104004,-8.178711,-26.611328
10931,-0.468750,-0.620117,0.045898,-11.352539,-10.375977,-22.460938
10932,-0.464355,-0.614258,0.010254,-3.051758,-13.122559,-19.226074
10933,-0.478516,-0.624512,-0.058594,14.221191,-17.150879,-16.540527
10934,-0.400391,-0.673340,0.057617,4.272461,-50.415039,-5.004883
10935,-0.413086,-0.961426,-0.610840,22.277832,-124.511719,5.065918
10936,-0.223633,-1.010254,-0.791504,32.714844,-149.353027,3.356934
10937,-0.173340,-0.981934,-0.694336,22.094727,-140.319824,-0.732422
10938,-0.193359,-0.938965,-0.585938,5.676270,-130.737305,-6.774902
10939,-0.354980,-0.880371,-0.443359,-28.381348,-94.909668,-25.390625
10940,-0.427734,-0.831055,-0.373047,-39.978027,-74.523926,-38.269043
10941,-0.500977,-0.771484,-0.297852,-46.264648,-56.030273,-51.086426
10942,-0.537109,-0.568359,-0.176270,-53.283691,-34.851074,-68.725586
10943,-0.531250,-0.487793,-0.158691,-58.044434,-29.846191,-69.580078
10944,-0.538086,-0.447266,-0.173828,-66.345215,-28.442383,-68.359375
10945,-0.536621,-0.424805,-0.380371,-77.453613,-28.259277,-68.481445
10946,-0.515137,-0.435059,-0.494629,-71.960449,-28.137207,-67.016602
10947,-0.487305,-0.445801,-0.577148,-59.875488,-29.724121,-63.293457
10948,-0.506836,-0.535156,-0.603027,-35.339355,-35.156250,-48.278809
10949,-0.532715,-0.613770,-0.565918,-31.921387,-31.005859,-39.001465
10950,-0.536621,-0.708496,-0.541016,-25.085449,-24.230957,-29.724121
10951,-0.490234,-0.937988,-0.458008,23.986816,-17.517090,-15.808105
10952,-0.488770,-1.012207,-0.355469,43.334961,-19.714355,-13.793945
10953,-0.539062,-1.036621,-0.247070,45.104980,-27.465820,-14.099121
10954,-0.609375,-1.045410,-0.215820,34.423828,-42.114258,-14.282227
10955,-0.553711,-0.990234,-0.351074,7.385254,-68.359375,-14.953613
10956,-0.488770,-0.957520,-0.430664,-3.234863,-74.035645,-15.930176
10957,-0.468262,-1.002930,-0.460938,-24.902344,-74.951172,-16.235352
10958,-0.523926,-1.139160,-0.447754,-24.230957,-85.205078,-12.756348
10959,-0.576172,-1.315918,-0.552246,1.159668,-101.074219,-10.681152
10960,-0.521484,-1.191406,-0.263184,43.762207,-65.795898,-26.428223
10961,-0.508301,-1.062988,-0.129395,25.207520,-44.189453,-34.790039
10962,-0.517090,-0.957031,-0.059082,1.159668,-30.151367,-40.222168
10963,-0.519043,-0.900879,-0.033691,-18.554688,-21.972656,-44.128418
10964,-0.501953,-0.884766,-0.031250,-46.020508,-9.277344,-57.800293
10965,-0.469727,-0.903320,-0.041016,-54.687500,-1.037598,-65.795898
10966,-0.420898,-0.919434,-0.100586,-54.321289,6.713867,-68.725586
10967,-0.317871,-0.891602,-0.151855,-18.737793,11.901855,-60.729980
10968,-0.232422,-0.842285,-0.145020,-0.427246,10.009766,-52.246094
10969,-0.173340,-0.794922,-0.116699,10.864258,7.812500,-43.395996
10970,-0.129395,-0.785645,-0.054199,22.583008,1.098633,-28.808594
10971,-0.137695,-0.830078,-0.024902,26.367188,-3.784180,-25.024414
10972,-0.187988,-0.939941,0.015137,25.024414,-15.991211,-28.259277
10973,-0.206543,-0.967285,0.025879,20.751953,-24.230957,-31.250000
10974,-0.221191,-0.991699,0.037598,15.136719,-33.935547,-32.958984
10975,-0.242188,-1.013672,0.048828,8.483887,-45.288086,-33.447266
10976,-0.296875,-1.041016,0.064941,-4.516602,-74.279785,-31.860352
10977,-0.323242,-1.032227,0.039551,-7.995605,-88.134766,-29.907227
10978,-0.358398,-1.022949,-0.028809,-9.765625,-96.740723,-26.367188
10979,-0.374512,-0.953125,-0.150391,-2.868652,-94.055176,-21.606445
10980,-0.371582,-0.918945,-0.195312,2.685547,-86.425781,-19.104004
10981,-0.382812,-0.860352,-0.305176,20.019531,-64.697266,-13.916016
10982,-0.381836,-0.822754,-0.334473,29.235840,-50.659180,-9.704590
10983,-0.365723,-0.774414,-0.315918,36.926270,-22.338867,0.427246
10984,-0.348633,-0.770996,-0.283691,36.254883,-12.084961,4.150391
10985,-0.321777,-0.767090,-0.249512,33.264160,-6.774902,6.896973
10986,-0.306152,-0.778320,-0.235352,28.503418,-5.737305,8.728027
10987,-0.275391,-0.795410,-0.216797,16.784668,-15.197754,10.803223
10988,-0.262207,-0.814941,-0.214355,11.108398,-23.559570,11.657715
10989,-0.255371,-0.860840,-0.211914,-1.159668,-40.283203,12.390137
10990,-0.256836,-0.868164,-0.219727,-6.530762,-47.790527,12.817383
10991,-0.253906,-0.868652,-0.234375,-10.192871,-52.490234,13.732910
10992,-0.254395,-0.869629,-0.250977,-12.512207,-53.771973,14.831543
10993,-0.253418,-0.884277,-0.274414,-14.465332,-48.400879,17.761230
10994,-0.263184,-0.897949,-0.290527,-14.892578,-42.663574,19.042969
10995,-0.288574,-0.931641,-0.304199,-13.427734,-30.090332,20.935059
10996,-0.296387,-0.950195,-0.298828,-11.535645,-25.329590,21.606445
10997,-0.298828,-0.960449,-0.291992,-9.277344,-22.644043,21.911621
10998,-0.307617,-0.971680,-0.291016,-6.591797,-20.507812,21.667480
10999,-0.317871,-0.980957,-0.302246,-5.187988,-20.568848,21.606445
11000,-0.334473,-0.996094,-0.318848,-2.807617,-20.568848,21.667480
11001,-0.352051,-1.001953,-0.335449,-0.427246,-19.714355,22.338867
11002,-0.394531,-0.993652,-0.352051,1.525879,-16.235352,26.062012
11003,-0.416992,-0.976074,-0.358398,0.061035,-13.610840,28.503418
11004,-0.468262,-0.918457,-0.404785,-3.479004,-6.713867,34.912109
11005,-0.492188,-0.916504,-0.430664,-3.479004,-1.464844,37.353516
11006,-0.505371,-0.943848,-0.417480,-6.103516,8.483887,39.306641
11007,-0.495117,-0.971191,-0.395020,-8.300781,9.948730,39.855957
11008,-0.490723,-1.004395,-0.378906,-12.084961,10.986328,41.503906
11009,-0.497559,-1.045898,-0.388672,-17.028809,14.038086,44.006348
11010,-0.540527,-1.143555,-0.386230,-25.390625,22.827148,47.302246
11011,-0.562012,-1.168457,-0.353516,-31.860352,26.855469,46.447754
11012,-0.549316,-1.229004,-0.326660,-46.386719,29.724121,41.076660
11013,-0.507324,-1.241211,-0.295410,-49.804688,27.282715,37.414551
11014,-0.466797,-1.241699,-0.251465,-52.246094,21.728516,33.691406
11015,-0.432617,-1.215332,-0.227051,-54.443359,15.014648,28.991699
11016,-0.392090,-1.131836,-0.193848,-55.175781,8.544922,24.108887
11017,-0.334473,-0.900879,-0.097656,-57.739258,-2.929688,16.540527
11018,-0.321777,-0.794434,-0.058594,-58.410645,-9.399414,14.160156
11019,-0.325684,-0.631348,-0.011230,-54.626465,-21.911621,12.084961
11020,-0.350586,-0.599121,0.000000,-51.574707,-26.428223,12.023926
11021,-0.388184,-0.606445,0.006836,-48.950195,-29.296875,11.474609
11022,-0.432617,-0.643555,0.011719,-46.691895,-30.090332,10.009766
11023,-0.533691,-0.747070,-0.006836,-46.020508,-22.827148,4.089355
11024,-0.583984,-0.801270,-0.036133,-46.752930,-12.695312,0.000000
11025,-0.612793,-0.842773,-0.049316,-45.715332,-0.244141,-5.371094
11026,-0.590332,-0.844238,-0.021484,-32.714844,16.418457,-13.122559
11027,-0.548828,-0.813965,0.016113,-15.502930,18.432617,-15.197754
11028,-0.466797,-0.740234,0.072266,13.244629,6.347656,-18.798828
11029,-0.428223,-0.698242,0.066895,19.531250,-3.295898,-19.897461
11030,-0.401855,-0.668457,0.059570,21.301270,-13.549805,-19.592285
11031,-0.403809,-0.662109,0.044434,18.676758,-22.705078,-18.798828
11032,-0.439453,-0.697266,0.006836,13.183594,-40.649414,-21.301270
11033,-0.463379,-0.729004,-0.038086,15.258789,-49.743652,-24.291992
11034,-0.439453,-0.753418,0.086914,17.150879,-84.838867,-27.099609
11035,-0.468262,-0.923828,-0.163086,14.709473,-133.178711,-21.301270
11036,-0.422852,-0.995117,-0.398438,8.117676,-171.203613,-21.362305
11037,-0.367188,-0.970215,-0.581055,5.798340,-182.128906,-25.756836
11038,-0.369629,-0.836426,-0.559570,-5.859375,-170.959473,-25.268555
11039,-0.446289,-0.832031,-0.527344,-16.174316,-160.400391,-26.184082
11040,-0.531250,-0.823242,-0.516113,-21.667480,-145.629883,-31.188965
11041,-0.611816,-0.768555,-0.397949,-27.770996,-112.304688,-42.541504
11042,-0.615234,-0.750000,-0.347168,-31.250000,-96.496582,-47.973633
11043,-0.597656,-0.724609,-0.314453,-33.630371,-82.519531,-51.330566
11044,-0.510254,-0.670898,-0.328125,-37.170410,-63.476562,-52.368164
11045,-0.468262,-0.672363,-0.374512,-37.719727,-59.020996,-50.170898
11046,-0.450684,-0.702637,-0.415527,-37.170410,-60.058594,-47.485352
11047,-0.435059,-0.723633,-0.467285,-37.658691,-64.025879,-44.738770
11048,-0.430176,-0.813477,-0.457520,-43.090820,-64.880371,-39.550781
11049,-0.449219,-0.875488,-0.433594,-48.034668,-58.654785,-38.513184
11050,-0.487793,-0.958984,-0.380371,-50.659180,-32.836914,-39.672852
11051,-0.493164,-0.996582,-0.299316,-48.706055,-22.094727,-40.344238
11052,-0.493164,-1.034180,-0.235352,-46.875000,-18.615723,-40.710449
11053,-0.507812,-1.080078,-0.197754,-39.001465,-28.198242,-40.405273
11054,-0.540527,-1.142578,-0.116211,-37.658691,-35.339355,-37.902832
11055,-0.559570,-1.165039,-0.091797,-39.672852,-46.081543,-31.616211
11056,-0.611816,-1.250977,-0.181641,-32.592773,-59.509277,-23.925781
11057,-0.639160,-1.217285,-0.175781,-25.329590,-51.635742,-28.747559
11058,-0.666504,-1.153809,-0.096680,-19.775391,-40.222168,-32.348633
11059,-0.695312,-1.049805,-0.003418,-14.709473,-25.085449,-32.775879
11060,-0.700195,-0.993652,0.012207,-11.718750,-17.883301,-34.545898
11061,-0.692871,-0.912598,0.052734,-11.474609,-11.352539,-38.452148
11062,-0.620605,-0.837891,0.063965,-17.944336,-5.126953,-46.630859
11063,-0.578125,-0.815430,0.042969,-16.845703,-0.610352,-50.964355
11064,-0.518555,-0.808594,0.020996,-11.535645,7.934570,-56.152344
11065,-0.395996,-0.803223,0.026367,0.732422,31.921387,-71.594238
11066,-0.338867,-0.796387,0.053711,6.530762,41.503906,-80.566406
11067,-0.283691,-0.784180,0.081543,10.803223,47.424316,-88.867188
11068,-0.190430,-0.832031,0.145508,17.578125,51.025391,-96.679688
11069,-0.131836,-0.868164,0.199219,19.592285,45.532227,-95.458984
11070,-0.093750,-0.915039,0.192871,24.291992,34.790039,-88.806152
11071,-0.053711,-1.041016,0.206055,42.602539,7.385254,-71.655273
11072,-0.031250,-1.097656,0.220703,47.546387,-8.178711,-65.795898
11073,-0.010254,-1.169922,0.230957,49.926758,-23.681641,-63.537598
11074,0.079590,-1.147461,0.228516,43.334961,-52.978516,-61.767578
11075,0.148438,-1.100098,0.148926,30.761719,-60.913086,-52.917480
11076,0.156738,-1.097168,0.018066,25.451660,-64.392090,-41.992188
11077,0.063965,-1.149902,-0.114258,37.719727,-63.171387,-35.278320
11078,-0.156250,-1.106445,-0.149902,88.500977,-61.645508,-37.536621
11079,-0.223633,-1.040527,-0.153320,113.525391,-65.185547,-35.400391
11080,-0.332031,-0.861328,-0.027832,141.723633,-80.200195,-21.057129
11081,-0.388672,-0.721680,-0.022461,139.892578,-88.195801,-13.000488
11082,-0.422852,-0.624023,-0.093262,132.568359,-91.613770,-8.178711
11083,-0.399902,-0.709473,-0.113770,109.680176,-80.627441,-13.549805
11084,-0.353027,-0.671387,-0.100098,83.862305,-71.533203,-17.089844
11085,-0.280273,-0.674316,-0.155273,56.884766,-60.058594,-18.371582
11086,-0.203125,-0.705078,-0.153809,18.310547,-31.066895,-9.277344
11087,-0.189453,-0.724121,-0.129395,3.173828,-13.732910,-1.892090
11088,-0.155762,-0.729492,-0.119141,-4.272461,3.234863,5.187988
11089,-0.131836,-0.693848,0.051758,-6.103516,21.667480,11.413574
11090,-0.126465,-0.697754,0.104980,-3.295898,24.475098,14.587402
11091,-0.125000,-0.734375,0.137695,-1.159668,25.085449,17.944336
11092,-0.124023,-0.840820,0.178711,-1.281738,20.629883,22.094727
11093,-0.120117,-0.894043,0.154785,1.525879,16.174316,24.169922
11094,-0.116699,-0.951660,0.132324,8.850098,10.620117,25.939941
11095,-0.131836,-1.033203,0.076172,25.329590,-0.366211,26.245117
11096,-0.155273,-1.053223,0.023926,33.081055,-2.990723,25.756836
11097,-0.176758,-1.074707,-0.019531,39.489746,-3.234863,24.841309
11098,-0.222656,-1.128418,-0.096680,46.508789,0.915527,24.719238
11099,-0.244141,-1.146973,-0.141113,47.241211,6.408691,26.245117
11100,-0.275391,-1.179688,-0.216797,46.997070,16.357422,29.113770
11101,-0.295410,-1.209473,-0.254395,44.494629,31.188965,31.677246
11102,-0.298828,-1.161621,-0.147949,29.418945,55.480957,39.978027
11103,-0.291504,-1.138184,-0.121094,18.615723,61.279297,44.006348
11104,-0.280762,-1.112793,-0.089844,-6.286621,63.964844,48.217773
11105,-0.261230,-1.117676,-0.065430,-20.141602,63.964844,50.842285
11106,-0.247559,-1.141602,-0.042969,-37.658691,64.392090,54.138184
11107,-0.244141,-1.172852,-0.024902,-58.227539,65.979004,57.861328
11108,-0.259277,-1.203125,0.004883,-95.397949,70.190430,64.880371
11109,-0.269043,-1.211426,0.037598,-111.877441,72.265625,69.885254
11110,-0.287598,-1.258301,0.081543,-128.540039,73.303223,74.829102
11111,-0.362793,-1.333008,0.146484,-155.639648,66.955566,82.763672
11112,-0.406738,-1.367188,0.119141,-162.414551,61.645508,83.007812
11113,-0.447266,-1.366699,0.082031,-160.461426,56.396484,79.711914
11114,-0.471680,-1.169922,0.005859,-135.864258,49.072266,68.603516
11115,-0.479004,-1.039062,-0.013184,-118.591309,49.621582,66.894531
11116,-0.497559,-0.920410,-0.000488,-98.632812,49.743652,65.795898
11117,-0.526855,-0.757812,0.077148,-68.298340,49.194336,63.049316
11118,-0.541992,-0.729492,0.108887,-57.006836,47.607422,59.448242
11119,-0.554199,-0.707520,0.116699,-47.241211,45.898438,54.138184
11120,-0.570801,-0.714355,0.135254,-38.513184,44.128418,46.325684
11121,-0.591797,-0.712402,0.142090,-33.142090,43.151855,36.987305
11122,-0.594727,-0.731934,0.114258,-31.799316,43.395996,36.682129
11123,-0.580078,-0.753418,0.083008,-25.329590,43.029785,38.208008
11124,-0.507324,-0.737793,0.024414,1.586914,39.916992,38.391113
11125,-0.452148,-0.684570,0.003418,15.075684,37.414551,37.475586
11126,-0.400879,-0.630859,-0.014160,23.986816,36.743164,36.987305
11127,-0.365234,-0.595703,-0.027344,30.029297,36.682129,36.621094
11128,-0.337891,-0.605957,-0.014160,36.499023,34.545898,33.020020
11129,-0.339355,-0.632812,0.002441,36.193848,30.639648,29.968262
11130,-0.350586,-0.678711,0.000000,34.057617,25.634766,26.672363
11131,-0.353027,-0.765625,-0.001465,28.259277,12.817383,19.958496
11132,-0.328125,-0.810059,-0.011230,22.888184,5.737305,18.615723
11133,-0.269531,-0.938477,0.049316,5.371094,-19.958496,24.719238
11134,-0.117676,-1.182617,-0.374512,2.197266,-65.063477,21.301270
11135,-0.020508,-1.184082,-0.483887,1.586914,-75.256348,12.268066
11136,0.027344,-1.081055,-0.435547,5.187988,-82.153320,5.065918
11137,-0.028320,-0.959473,-0.354980,2.929688,-86.914062,-1.525879
11138,-0.206055,-0.754395,-0.269043,-17.700195,-88.806152,-7.263184
11139,-0.321777,-0.719727,-0.202148,-27.099609,-89.416504,-5.371094
11140,-0.402344,-0.681641,-0.202148,-35.156250,-87.341309,-8.605957
11141,-0.520996,-0.632324,-0.177246,-37.902832,-89.416504,-19.531250
11142,-0.552246,-0.649902,-0.201172,-39.367676,-91.796875,-26.367188
11143,-0.561523,-0.671875,-0.242676,-39.489746,-95.886230,-32.714844
11144,-0.540527,-0.750488,-0.345215,-40.527344,-107.116699,-41.870117
11145,-0.531250,-0.805664,-0.386719,-43.945312,-110.290527,-45.654297
11146,-0.522461,-0.854004,-0.420410,-53.771973,-108.459473,-47.180176
11147,-0.582520,-1.019531,-0.582031,-70.495605,-90.393066,-39.306641
11148,-0.629883,-1.092773,-0.585449,-53.710938,-81.542969,-32.043457
11149,-0.708496,-1.143555,-0.522461,-20.446777,-80.444336,-24.108887
11150,-0.852539,-1.089844,-0.288086,67.993164,-87.646484,-5.920410
11151,-0.851562,-1.031738,-0.200684,92.346191,-85.571289,-1.220703
11152,-0.709473,-0.824219,-0.088379,93.444824,-78.369141,-1.586914
11153,-0.612793,-0.714355,-0.055664,62.866211,-66.711426,-6.713867
11154,-0.474121,-0.640137,-0.100586,-38.879395,-34.912109,-30.883789
11155,-0.444336,-0.713379,-0.197266,-80.871582,-21.118164,-40.222168
11156,-0.455566,-0.860840,-0.303711,-103.454590,-9.643555,-43.884277
11157,-0.603027,-1.516602,-0.604004,-79.650879,-8.361816,-35.461426
11158,-0.485352,-1.672852,-0.293945,6.408691,-25.024414,-24.108887
11159,-0.380859,-1.367676,0.140137,78.308105,-31.433105,-6.774902
11160,-0.584473,-0.941895,0.374512,68.298340,-30.456543,-7.751465
11161,-0.609375,-0.940430,0.493164,25.695801,-20.629883,-20.507812
11162,-0.564453,-0.886230,0.562012,-30.456543,-10.375977,-37.841797
11163,-0.466797,-0.846680,0.333984,-105.224609,14.770508,-52.490234
11164,-0.479980,-0.849609,0.263184,-101.989746,33.386230,-60.485840
11165,-0.458984,-0.822754,0.276855,-81.420898,44.250488,-68.969727
11166,-0.395020,-0.750977,0.333984,-31.982422,33.081055,-68.542480
11167,-0.377930,-0.698242,0.354980,-17.028809,13.244629,-67.565918
11168,-0.357422,-0.683594,0.349121,-9.948730,-13.916016,-65.795898
11169,-0.318848,-0.682617,0.338379,-8.178711,-45.898438,-61.523438
11170,-0.298828,-0.817383,0.209473,-22.521973,-100.280762,-43.518066
11171,-0.299316,-0.902344,0.117188,-26.123047,-119.506836,-38.024902
11172,-0.312500,-1.011719,0.045898,-27.465820,-135.131836,-27.526855
11173,-0.331055,-1.054199,0.004883,-29.174805,-133.605957,-22.766113
11174,-0.354980,-1.104004,-0.105957,-28.198242,-124.206543,-19.409180
11175,-0.374512,-1.144043,-0.253418,-5.737305,-85.937500,-19.592285
11176,-0.396484,-1.094727,-0.305176,1.586914,-64.086914,-21.545410
11177,-0.413574,-1.019043,-0.378906,10.131836,-41.259766,-22.521973
11178,-0.386719,-0.883789,-0.273438,33.508301,-13.793945,-21.118164
11179,-0.371094,-0.823242,-0.204590,36.437988,-12.084961,-20.141602
11180,-0.363281,-0.775879,-0.153809,33.447266,-15.014648,-18.310547
11181,-0.345215,-0.716309,-0.145020,20.629883,-25.085449,-16.296387
11182,-0.333496,-0.705566,-0.134766,12.268066,-29.418945,-15.380859
11183,-0.325195,-0.699707,-0.121094,2.868652,-32.409668,-14.099121
11184,-0.303223,-0.702637,-0.104492,-13.793945,-36.621094,-7.385254
11185,-0.294434,-0.697754,-0.101074,-19.897461,-37.963867,-3.112793
11186,-0.298340,-0.722168,-0.099609,-24.475098,-39.489746,2.136230
11187,-0.304688,-0.766113,-0.106934,-27.282715,-43.029785,12.145996
11188,-0.304199,-0.797363,-0.114746,-27.221680,-44.433594,17.761230
11189,-0.304688,-0.830566,-0.131836,-26.000977,-44.067383,22.216797
11190,-0.304688,-0.865723,-0.154785,-22.338867,-41.137695,24.658203
11191,-0.293457,-0.972656,-0.166992,-12.756348,-29.052734,24.047852
11192,-0.277832,-1.022461,-0.176270,-7.507324,-21.850586,22.155762
11193,-0.255859,-1.055176,-0.207520,9.643555,-9.521484,18.066406
11194,-0.261719,-1.063965,-0.236816,20.874023,-4.577637,15.930176
11195,-0.280762,-1.077637,-0.268555,32.409668,0.427246,12.817383
11196,-0.309082,-1.083984,-0.318359,47.058105,11.535645,7.446289
11197,-0.390137,-1.066895,-0.449219,49.072266,18.066406,8.850098
11198,-0.444336,-1.101074,-0.492676,46.752930,25.268555,11.657715
11199,-0.488770,-1.170898,-0.468262,36.499023,34.118652,11.108398
11200,-0.452637,-1.141113,-0.294434,-4.699707,37.719727,6.408691
11201,-0.386719,-1.052734,-0.246582,-23.254395,27.648926,12.878418
11202,-0.289062,-1.047363,-0.286133,-36.865234,5.859375,31.982422
11203,-0.293457,-1.100586,-0.267090,-37.597656,3.967285,38.208008
11204,-0.322266,-1.137695,-0.221680,-43.395996,7.690430,42.114258
11205,-0.397949,-1.163086,-0.201660,-57.922363,19.714355,46.508789
11206,-0.424316,-1.175293,-0.189941,-62.194824,25.939941,47.973633
11207,-0.442871,-1.229004,-0.162598,-66.894531,31.372070,47.302246
11208,-0.476074,-1.326172,-0.153809,-70.312500,39.672852,33.325195
11209,-0.469238,-1.260742,-0.138672,-67.749023,43.762207,26.123047
11210,-0.456543,-1.041016,-0.055664,-53.771973,44.982910,19.531250
11211,-0.456055,-0.945312,-0.010254,-43.701172,41.015625,18.188477
11212,-0.472168,-0.869141,0.035156,-33.996582,34.973145,17.517090
11213,-0.492676,-0.811035,0.078613,-24.597168,19.287109,14.465332
11214,-0.554199,-0.740723,0.178223,-26.000977,10.009766,12.145996
11215,-0.614746,-0.729980,0.210938,-29.479980,0.183105,9.033203
11216,-0.680176,-0.731445,0.221680,-34.362793,-9.521484,3.784180
11217,-0.719238,-0.725586,0.174316,-44.982910,-18.554688,-8.056641
11218,-0.683594,-0.731445,0.145020,-47.729492,-18.066406,-14.892578
11219,-0.507324,-0.729492,0.084961,-34.240723,-14.587402,-18.127441
11220,-0.433594,-0.711426,0.042969,-18.859863,-9.521484,-15.869141
11221,-0.382812,-0.674805,0.017090,-1.098633,-1.770020,-13.244629
11222,-0.277344,-0.571777,0.076172,20.751953,10.192871,-9.582520
11223,-0.243164,-0.542480,0.112305,21.911621,8.239746,-8.117676
11224,-0.233398,-0.551758,0.160156,17.517090,-10.620117,-7.080078
11225,-0.252441,-0.562012,0.554688,-4.760742,-54.321289,2.807617
11226,-0.327148,-0.896973,-0.004883,-26.062012,-141.662598,19.653320
11227,-0.208008,-1.064941,-0.531250,2.685547,-173.828125,10.131836
11228,-0.098145,-0.949219,-0.468750,22.888184,-160.156250,7.751465
11229,-0.074219,-0.834961,-0.376465,26.428223,-147.766113,8.239746
11230,-0.116699,-0.777832,-0.367188,19.165039,-129.333496,7.202148
11231,-0.345215,-0.785156,-0.388672,1.464844,-77.148438,-5.859375
11232,-0.462402,-0.798340,-0.353516,-10.009766,-50.781250,-19.226074
11233,-0.533203,-0.782715,-0.316895,-22.644043,-28.747559,-34.057617
11234,-0.613281,-0.730957,-0.311523,-40.588379,-5.554199,-55.358887
11235,-0.620605,-0.684082,-0.362305,-43.579102,-5.493164,-59.753418
11236,-0.598145,-0.619629,-0.432129,-44.189453,-8.361816,-59.570312
11237,-0.534668,-0.657715,-0.515137,-44.372559,-6.286621,-49.377441
11238,-0.524414,-0.744629,-0.503418,-46.325684,-4.028320,-47.973633
11239,-0.502441,-0.887207,-0.618164,-43.823242,3.356934,-41.198730
11240,-0.496094,-0.997070,-0.613281,-16.967773,5.004883,-23.986816
11241,-0.602539,-1.107422,-0.479004,23.986816,-5.187988,-1.342773
11242,-0.745605,-1.123047,-0.283203,69.641113,-23.315430,19.104004
11243,-0.877930,-0.957031,-0.079590,100.830078,-30.944824,19.165039
11244,-0.816895,-0.819824,0.003906,93.444824,-24.597168,4.150391
11245,-0.690430,-0.659180,0.078613,68.969727,-17.089844,-10.498047
11246,-0.506348,-0.694824,0.000000,0.488281,-16.723633,-17.700195
11247,-0.427246,-0.853027,-0.143555,-19.165039,-20.141602,-11.657715
11248,-0.386719,-1.070312,-0.256348,-25.085449,-31.005859,-0.183105
11249,-0.469238,-2.053223,-0.808105,21.606445,-60.852051,31.921387
11250,-0.377930,-1.681152,-0.465332,95.092773,-3.906250,15.930176
11251,-0.556152,-1.187500,0.053711,129.516602,42.846680,-0.366211
11252,-0.622070,-0.863770,0.348145,138.183594,65.185547,-14.343262
11253,-0.641113,-0.701172,0.576172,95.886230,64.331055,-29.357910
11254,-0.585449,-0.633301,0.539062,71.044922,59.631348,-37.414551
11255,-0.525879,-0.595215,0.492676,49.865723,56.762695,-44.433594
11256,-0.405273,-0.626465,0.438965,31.250000,47.485352,-56.945801
11257,-0.337402,-0.649414,0.421875,34.301758,38.452148,-62.255859
11258,-0.300293,-0.714844,0.429199,38.330078,28.320312,-66.894531
11259,-0.292969,-0.919922,0.506836,25.939941,9.399414,-76.965332
11260,-0.266113,-1.014160,0.598145,4.333496,-0.732422,-74.768066
11261,-0.236328,-1.077637,0.620117,-24.108887,-12.329102,-63.415527
11262,-0.201660,-1.125977,0.604004,-84.899902,-36.132812,-25.146484
11263,-0.188965,-1.174316,0.415527,-104.125977,-44.738770,-8.850098
11264,-0.203613,-1.218750,0.253906,-104.553223,-53.222656,-3.967285
11265,-0.194824,-1.151855,-0.072754,-49.926758,-66.345215,-15.808105
11266,-0.179688,-1.058594,-0.374512,-12.145996,-59.509277,-21.301270
11267,-0.161621,-0.950195,-0.444336,25.329590,-47.607422,-24.047852
11268,-0.209473,-0.842285,-0.536621,51.269531,-7.446289,-19.714355
11269,-0.273438,-0.848145,-0.490723,52.368164,13.916016,-20.629883
11270,-0.325195,-0.755371,-0.321777,27.893066,40.588379,-21.179199
11271,-0.329590,-0.710938,-0.287109,14.343262,46.936035,-20.202637
11272,-0.305664,-0.659180,-0.250977,5.981445,50.415039,-19.409180
11273,-0.281738,-0.619629,-0.192871,1.525879,51.208496,-16.296387
11274,-0.268555,-0.601562,-0.132324,-2.685547,42.175293,-6.408691
11275,-0.250488,-0.611816,-0.042969,-4.272461,34.179688,0.854492
11276,-0.249023,-0.645508,-0.018555,-6.896973,26.245117,8.361816
11277,-0.243652,-0.693848,0.002930,-10.498047,19.042969,15.930176
11278,-0.240723,-0.819824,0.034668,-20.507812,8.911133,28.869629
11279,-0.241211,-0.859375,0.041504,-23.010254,4.394531,33.752441
11280,-0.240234,-0.931152,0.015625,-16.174316,-4.943848,40.100098
11281,-0.239258,-0.977539,-0.032715,-6.530762,-9.948730,40.405273
11282,-0.219727,-1.092285,-0.238281,21.667480,-13.244629,34.484863
11283,-0.211426,-1.111816,-0.394531,37.048340,-8.178711,31.127930
11284,-0.229492,-1.126953,-0.565430,58.410645,2.258301,30.517578
11285,-0.267578,-1.164551,-0.632812,68.908691,21.789551,32.287598
11286,-0.366211,-1.453613,-0.528809,55.358887,64.025879,22.460938
11287,-0.355469,-1.562012,-0.375000,31.127930,77.148438,7.080078
11288,-0.229004,-1.195312,-0.050781,-39.306641,66.101074,-0.976562
11289,-0.191406,-1.023438,0.105957,-70.068359,38.452148,13.916016
11290,-0.211426,-0.980957,0.179688,-89.355469,2.075195,28.198242
11291,-0.330078,-1.198242,0.063965,-88.806152,-45.532227,44.067383
11292,-0.411133,-1.279297,0.026367,-78.796387,-45.410156,48.828125
11293,-0.565430,-1.520996,-0.027344,-65.307617,-11.779785,43.395996
11294,-0.572754,-1.576172,-0.033691,-56.152344,11.352539,29.663086
11295,-0.546387,-1.476074,-0.066895,-47.180176,33.020020,17.883301
11296,-0.513672,-1.265625,-0.125977,-40.954590,54.992676,15.258789
11297,-0.397461,-0.857422,-0.039062,-22.399902,82.153320,17.639160
11298,-0.368164,-0.704590,0.014160,-13.305664,83.496094,18.981934
11299,-0.367188,-0.598145,0.049316,-5.676270,80.261230,21.118164
11300,-0.426270,-0.501465,0.132812,4.394531,63.659668,29.785156
11301,-0.486328,-0.526855,0.177734,9.582520,47.973633,34.423828
11302,-0.559570,-0.589844,0.238281,14.038086,26.855469,34.606934
11303,-0.685059,-0.729980,0.293457,18.005371,-31.921387,25.634766
11304,-0.654297,-0.752441,0.221680,19.592285,-60.363770,21.362305
11305,-0.548828,-0.770508,0.178711,14.770508,-77.514648,23.315430
11306,-0.366211,-0.884766,-0.054199,-11.779785,-117.370605,41.381836
11307,-0.349121,-0.891602,-0.150879,-14.099121,-121.093750,49.560547
11308,-0.309082,-0.873535,-0.230469,-13.793945,-117.431641,56.762695
11309,-0.281250,-0.892578,-0.287598,-19.226074,-118.103027,75.683594
11310,-0.286133,-0.906738,-0.261230,-26.977539,-110.961914,81.420898
11311,-0.306152,-0.895020,-0.187500,-39.306641,-100.036621,84.594727
11312,-0.357422,-0.757812,-0.090332,-57.128906,-81.726074,82.397461
11313,-0.367188,-0.712891,-0.101562,-49.011230,-69.335938,71.960449
11314,-0.360352,-0.672363,-0.140137,-33.264160,-50.903320,54.626465
11315,-0.348145,-0.641113,-0.128418,-15.136719,-29.113770,33.752441
11316,-0.344727,-0.580078,-0.028320,1.037598,1.159668,-12.023926
11317,-0.368164,-0.569336,0.000488,1.159668,7.995605,-31.494141
11318,-0.465332,-0.578613,-0.005371,-0.610352,12.878418,-62.072754
11319,-0.506348,-0.574219,-0.050781,0.366211,13.366699,-74.523926
11320,-0.542969,-0.588379,-0.132324,2.563477,12.451172,-84.838867
11321,-0.616211,-0.608887,-0.412109,6.774902,5.798340,-94.116211
11322,-0.642090,-0.638184,-0.551758,16.052246,1.159668,-94.055176
11323,-0.589844,-0.689941,-0.616211,26.123047,-2.990723,-87.768555
11324,-0.444824,-0.951172,-0.693359,-0.610352,-1.831055,-49.133301
11325,-0.462891,-1.179199,-0.883789,-21.911621,11.108398,-29.724121
11326,-0.662109,-1.397949,-0.614746,18.737793,59.265137,-14.221191
11327,-0.701172,-1.180664,-0.118164,47.668457,66.589355,-15.930176
11328,-0.762695,-0.967285,0.223145,57.189941,58.715820,-15.502930
11329,-0.801270,-0.778320,0.375000,56.945801,38.574219,-17.517090
11330,-0.614746,-0.521484,0.273438,22.949219,15.502930,-22.094727
11331,-0.547363,-0.546875,0.235352,1.586914,4.821777,-21.606445
11332,-0.462402,-0.633789,0.093262,-13.549805,-7.202148,-18.615723
11333,-0.361328,-1.081055,-0.219238,-21.972656,-19.531250,0.793457
11334,-0.503906,-1.687988,-0.469727,-18.798828,-56.396484,32.470703
11335,-0.562012,-2.285156,-0.761230,57.006836,-54.565430,43.823242
11336,-0.823730,-1.338379,0.189453,106.445312,39.123535,-16.662598
11337,-0.763672,-1.087402,0.326172,73.669434,72.326660,-34.790039
11338,-0.671875,-0.892578,0.431641,50.109863,86.059570,-39.978027
11339,-0.484375,-0.639648,0.444336,21.606445,70.190430,-39.794922
11340,-0.413574,-0.547852,0.390625,15.197754,58.471680,-38.146973
11341,-0.385742,-0.530273,0.332031,15.014648,48.828125,-36.926270
11342,-0.335938,-0.629883,0.254395,37.414551,36.743164,-48.767090
11343,-0.312988,-0.695801,0.280762,49.499512,35.034180,-58.654785
11344,-0.316406,-0.800781,0.402344,49.072266,31.677246,-67.687988
11345,-0.325684,-0.915039,0.534180,30.639648,22.827148,-75.317383
11346,-0.270996,-1.045898,0.764160,-54.870605,-8.300781,-60.852051
11347,-0.305176,-1.067871,0.733887,-101.623535,-28.686523,-35.583496
11348,-0.371094,-1.092773,0.414062,-136.535645,-61.950684,-0.854492
11349,-0.344238,-1.095215,0.250488,-118.774414,-73.364258,0.244141
11350,-0.309570,-1.072266,0.092285,-89.416504,-79.284668,-8.789062
11351,-0.291504,-1.008789,-0.121582,-54.443359,-74.829102,-23.071289
11352,-0.197266,-0.783203,-0.645508,42.724609,-26.977539,-39.062500
11353,-0.189941,-0.665039,-0.600098,93.261719,6.286621,-36.621094
11354,-0.180664,-0.617676,-0.496582,119.995117,27.893066,-29.602051
11355,-0.233398,-0.715820,-0.393066,103.393555,59.875488,-22.338867
11356,-0.221680,-0.750000,-0.380859,87.036133,66.650391,-22.277832
11357,-0.205078,-0.754883,-0.344727,51.208496,73.852539,-13.244629
11358,-0.201660,-0.716797,-0.204102,33.752441,68.359375,-4.882812
11359,-0.217773,-0.686035,-0.133301,13.732910,56.518555,4.516602
11360,-0.241699,-0.674805,-0.087402,-4.821777,40.283203,12.634277
11361,-0.264648,-0.729004,-0.018555,-31.066895,5.920410,24.047852
11362,-0.259277,-0.765137,0.008789,-40.100098,-10.864258,27.954102
11363,-0.251953,-0.860840,-0.029785,-49.133301,-41.015625,33.020020
11364,-0.257324,-0.922363,-0.100098,-46.081543,-50.842285,33.508301
11365,-0.248535,-1.001953,-0.187012,-38.940430,-54.016113,32.409668
11366,-0.238281,-1.158691,-0.426270,-6.652832,-42.053223,26.245117
11367,-0.254395,-1.204102,-0.538086,14.648438,-26.367188,25.146484
11368,-0.307617,-1.211426,-0.604004,32.531738,-4.882812,25.146484
11369,-0.385254,-1.240723,-0.612793,38.269043,21.057129,24.230957
11370,-0.497559,-1.396973,-0.501953,24.108887,70.434570,9.643555
11371,-0.473633,-1.416992,-0.390137,6.896973,85.937500,-3.723145
11372,-0.332520,-1.247070,-0.154297,-35.217285,57.983398,5.310059
11373,-0.270996,-0.966309,0.217285,-55.358887,15.380859,22.583008
11374,-0.361328,-1.025391,0.145020,-60.791016,-20.874023,36.621094
11375,-0.453613,-1.099121,0.068359,-60.180664,-36.621094,47.424316
11376,-0.618164,-1.211914,-0.069336,-63.903809,-12.512207,65.490723
11377,-0.654297,-1.318359,-0.055664,-67.932129,11.169434,61.828613
11378,-0.586426,-1.276367,-0.011230,-62.988281,40.222168,32.348633
11379,-0.558105,-1.131836,-0.125488,-57.250977,58.471680,26.855469
11380,-0.525391,-1.022461,-0.124512,-47.912598,78.430176,23.010254
11381,-0.504883,-0.826172,0.044434,-16.540527,91.796875,19.165039
11382,-0.513672,-0.750000,0.116699,-0.793457,85.876465,20.751953
11383,-0.535645,-0.683105,0.166504,12.329102,75.378418,25.451660
11384,-0.555664,-0.661621,0.220703,19.531250,60.791016,30.212402
11385,-0.660156,-0.739258,0.322754,14.465332,13.000488,22.521973
11386,-0.706055,-0.773438,0.309570,11.901855,-19.165039,13.793945
11387,-0.654785,-0.769043,0.229492,10.009766,-48.400879,7.629395
11388,-0.398926,-0.801270,0.106445,-5.859375,-88.623047,19.836426
11389,-0.325684,-0.843262,-0.081055,-5.310059,-107.666016,31.982422
11390,-0.280273,-0.828125,-0.160156,-5.187988,-114.807129,42.297363
11391,-0.160156,-0.805176,-0.375000,-12.634277,-119.323730,62.072754
11392,-0.135742,-0.809082,-0.376953,-19.653320,-116.333008,76.477051
11393,-0.160156,-0.832031,-0.311035,-53.649902,-101.074219,101.623535
11394,-0.234375,-0.731445,-0.211914,-66.467285,-90.393066,105.590820
11395,-0.259277,-0.671387,-0.205566,-67.321777,-78.247070,97.778320
11396,-0.275391,-0.632812,-0.182617,-57.312012,-63.659668,83.923340
11397,-0.305664,-0.598145,-0.121582,-26.733398,-28.869629,40.954590
11398,-0.324707,-0.565430,-0.062012,-12.634277,-14.648438,15.747070
11399,-0.342285,-0.506836,0.011230,-4.089355,-5.981445,-9.033203
11400,-0.368652,-0.475586,0.033691,-0.549316,-2.685547,-29.663086
11401,-0.482422,-0.463379,0.028320,2.441406,0.244141,-61.401367
11402,-0.555664,-0.494629,0.016602,1.037598,-1.953125,-75.012207
11403,-0.683105,-0.590332,-0.166992,0.122070,-20.568848,-99.121094
11404,-0.664062,-0.646973,-0.359863,7.202148,-28.564453,-106.689453
11405,-0.587402,-0.717285,-0.539062,12.451172,-33.325195,-104.003906
11406,-0.501953,-0.869141,-0.785645,10.681152,-33.935547,-91.430664
11407,-0.445312,-1.426270,-1.399414,30.395508,16.052246,-50.537109
11408,-0.475586,-1.850586,-1.119629,58.471680,37.414551,-32.592773
11409,-1.000000,-1.309082,0.055176,49.743652,31.127930,5.126953
11410,-1.143555,-0.933594,0.262695,40.588379,24.169922,-2.685547
11411,-1.052246,-0.593750,0.340820,17.456055,18.676758,-24.597168
11412,-0.721680,-0.239258,0.121094,-11.779785,19.409180,-28.808594
11413,-0.645020,-0.330078,0.036133,-7.141113,23.986816,-19.531250
11414,-0.646973,-0.510742,0.009277,-2.136230,21.484375,-3.967285
11415,-0.678223,-0.892578,0.011719,-3.234863,5.004883,24.963379
11416,-0.759277,-1.882812,-0.223633,64.453125,20.874023,43.579102
11417,-0.784668,-1.570312,0.126953,84.655762,48.278809,9.338379
11418,-0.597168,-1.058594,0.219238,44.555664,93.566895,-40.771484
11419,-0.508789,-0.879883,0.224121,32.653809,109.436035,-46.630859
11420,-0.438965,-0.760254,0.255371,31.433105,116.943359,-49.194336
11421,-0.353516,-0.652832,0.327637,37.048340,104.614258,-53.710938
11422,-0.361328,-0.670410,0.339355,41.870117,93.139648,-56.213379
11423,-0.398926,-0.731934,0.338379,43.518066,82.763672,-62.316895
11424,-0.419434,-0.870605,0.293945,41.687012,72.937012,-76.721191
11425,-0.393555,-0.934082,0.390625,35.705566,67.932129,-76.599121
11426,-0.363770,-0.977051,0.531250,16.174316,56.213379,-72.387695
11427,-0.317383,-1.021484,0.714355,-43.090820,4.089355,-39.855957
11428,-0.317871,-1.039062,0.648438,-68.969727,-31.005859,-16.357422
11429,-0.290039,-1.009277,0.388672,-81.604004,-86.425781,6.469727
11430,-0.258789,-0.962891,0.264160,-72.448730,-102.233887,3.601074
11431,-0.240723,-0.896973,0.121094,-59.509277,-105.957031,-3.906250
11432,-0.209961,-0.791992,-0.086426,-30.517578,-84.350586,-18.493652
11433,-0.190430,-0.747559,-0.148926,-15.625000,-68.054199,-22.705078
11434,-0.183105,-0.697754,-0.261230,19.409180,-36.437988,-22.827148
11435,-0.195312,-0.699219,-0.350586,39.062500,-18.249512,-20.568848
11436,-0.193848,-0.652344,-0.523438,61.584473,8.300781,-15.930176
11437,-0.232422,-0.618652,-0.601562,85.205078,41.809082,-9.826660
11438,-0.309082,-0.654785,-0.519043,98.999023,98.937988,0.793457
11439,-0.335449,-0.678223,-0.459473,94.604492,117.126465,4.699707
11440,-0.314453,-0.711914,-0.181641,67.260742,119.506836,21.423340
11441,-0.305176,-0.765137,-0.101562,41.564941,103.271484,27.343750
11442,-0.272949,-0.823242,-0.076172,20.812988,75.744629,28.991699
11443,-0.190430,-0.921387,-0.102051,0.488281,9.948730,31.616211
11444,-0.178711,-0.988770,-0.169922,-3.417969,-16.723633,32.287598
11445,-0.183105,-1.073730,-0.281250,-3.417969,-33.874512,30.944824
11446,-0.209961,-1.201172,-0.505371,8.544922,-34.118652,24.536133
11447,-0.252441,-1.242188,-0.523926,7.263184,-19.897461,23.559570
11448,-0.314941,-1.271973,-0.505859,-13.488770,18.127441,25.634766
11449,-0.486816,-1.424316,-0.481445,-19.714355,36.499023,18.737793
11450,-0.483887,-1.386230,-0.418457,-28.930664,53.222656,7.690430
11451,-0.429199,-1.262695,-0.292480,-40.222168,61.462402,3.295898
11452,-0.333496,-0.997070,0.028320,-53.161621,28.808594,19.226074
11453,-0.364258,-0.989258,0.031250,-42.358398,1.708984,30.578613
11454,-0.416016,-1.036621,0.030762,-31.738281,-14.465332,42.724609
11455,-0.553223,-1.166504,-0.044434,-36.560059,-1.403809,56.152344
11456,-0.615234,-1.223145,-0.084961,-43.334961,20.812988,54.016113
11457,-0.630371,-1.334473,-0.013184,-49.987793,41.015625,44.433594
11458,-0.578613,-1.384277,0.025879,-57.128906,59.326172,16.540527
11459,-0.530762,-1.237305,-0.068848,-54.321289,70.495605,9.643555
11460,-0.471191,-1.041016,-0.067383,-45.288086,80.627441,9.155273
11461,-0.441895,-0.885742,-0.036133,-31.066895,84.411621,11.413574
11462,-0.453613,-0.701172,0.064453,6.042480,71.899414,16.418457
11463,-0.486816,-0.624023,0.078125,19.958496,62.561035,20.385742
11464,-0.520508,-0.567383,0.110840,29.479980,56.091309,26.672363
11465,-0.620117,-0.628418,0.259766,29.541016,27.221680,27.648926
11466,-0.675781,-0.671387,0.274902,26.428223,2.624512,20.019531
11467,-0.688965,-0.708008,0.234375,22.949219,-21.545410,13.671875
11468,-0.517578,-0.746094,0.179688,4.821777,-49.499512,8.605957
11469,-0.399414,-0.803223,0.079102,-8.422852,-72.875977,14.526367
11470,-0.318848,-0.843750,-0.035645,-2.868652,-91.735840,23.132324
11471,-0.153809,-0.825195,-0.202637,5.493164,-110.961914,45.043945
11472,-0.091309,-0.848633,-0.280273,5.493164,-117.858887,62.500000
11473,-0.095703,-0.918457,-0.290527,-7.080078,-121.826172,80.200195
11474,-0.190918,-0.916992,-0.281738,-55.664062,-102.661133,102.233887
11475,-0.245605,-0.787109,-0.209961,-65.307617,-89.843750,100.036621
11476,-0.260254,-0.686035,-0.170898,-56.335449,-77.453613,85.571289
11477,-0.282227,-0.623047,-0.147949,-42.297363,-61.828613,66.162109
11478,-0.338867,-0.561523,-0.078613,-12.023926,-18.676758,15.441895
11479,-0.355957,-0.509766,0.017578,-2.441406,-3.356934,-10.070801
11480,-0.385742,-0.472168,0.088867,0.305176,3.356934,-31.677246
11481,-0.479980,-0.481445,0.097656,-0.732422,3.662109,-63.293457
11482,-0.545410,-0.526855,0.066895,-4.150391,-0.488281,-76.965332
11483,-0.605957,-0.578125,0.008301,-7.080078,-9.155273,-90.332031
11484,-0.566406,-0.631348,-0.268555,-15.747070,-29.602051,-100.158691
11485,-0.490723,-0.718262,-0.477539,-25.329590,-33.813477,-94.055176
11486,-0.408691,-0.854492,-0.759277,-39.550781,-30.822754,-83.190918
11487,-0.327148,-1.288086,-1.510254,3.051758,11.047363,-49.133301
11488,-0.396973,-1.659668,-1.375000,58.227539,33.081055,-30.883789
11489,-0.575684,-1.811035,-0.668945,96.130371,43.151855,-16.113281
11490,-1.006348,-0.976074,0.302246,109.985352,8.056641,6.591797
11491,-1.002930,-0.661133,0.340332,79.040527,-3.356934,-5.981445
11492,-0.884766,-0.365234,0.264160,46.203613,-3.845215,-15.380859
11493,-0.690430,-0.326660,0.136719,18.798828,9.155273,-2.441406
11494,-0.649902,-0.571777,0.133301,20.507812,7.385254,11.779785
11495,-0.647949,-1.044434,0.077148,19.958496,-10.253906,34.729004
11496,-0.581543,-1.887207,-0.015137,79.711914,-6.164551,43.151855
11497,-0.656738,-1.582031,0.253906,89.416504,9.094238,3.601074
11498,-0.563965,-1.257324,0.271973,72.692871,32.043457,-30.090332
11499,-0.503906,-1.013184,0.251953,58.288574,71.411133,-50.842285
11500,-0.412109,-0.799805,0.386719,60.485840,75.683594,-57.739258
11501,-0.375488,-0.741211,0.404785,64.575195,71.533203,-63.354492
11502,-0.355469,-0.727051,0.460938,65.795898,53.222656,-71.594238
11503,-0.354004,-0.733398,0.518555,57.800293,40.710449,-74.829102
11504,-0.323242,-0.801270,0.666504,21.240234,7.324219,-74.890137
11505,-0.288086,-0.828125,0.721191,-7.141113,-12.084961,-69.824219
11506,-0.252930,-0.830078,0.728516,-37.414551,-31.921387,-56.457520
11507,-0.331055,-0.871094,0.551758,-87.707520,-53.588867,-20.874023
11508,-0.367188,-0.925293,0.464844,-100.524902,-55.114746,-10.192871
11509,-0.370605,-0.970215,0.396973,-103.576660,-55.541992,-5.249023
11510,-0.330566,-0.988281,0.220703,-89.050293,-56.396484,-10.986328
11511,-0.299805,-0.952148,0.101562,-74.096680,-53.161621,-17.822266
11512,-0.260254,-0.898926,0.004395,-59.143066,-47.119141,-24.291992
11513,-0.223145,-0.862793,-0.063965,-43.701172,-41.503906,-29.968262
11514,-0.180176,-0.752441,-0.217773,-5.554199,-41.198730,-35.339355
11515,-0.168457,-0.687500,-0.520020,22.033691,-52.612305,-32.348633
11516,-0.171875,-0.691406,-0.586426,55.114746,-50.415039,-25.146484
11517,-0.228516,-0.786621,-0.641602,57.617188,-2.563477,-13.366699
11518,-0.268555,-0.799805,-0.569336,52.001953,27.770996,-9.399414
11519,-0.302734,-0.775879,-0.459473,42.724609,54.199219,-3.662109
11520,-0.346191,-0.702637,-0.217773,32.775879,77.941895,13.244629
11521,-0.362793,-0.693359,-0.100586,28.015137,73.974609,19.714355
11522,-0.369141,-0.705566,0.003906,20.263672,60.974121,24.658203
11523,-0.350586,-0.800781,0.053711,-4.333496,21.057129,34.057617
11524,-0.338379,-0.881348,0.024414,-15.930176,3.906250,37.536621
11525,-0.317383,-0.946777,-0.012695,-24.475098,-10.192871,38.757324
11526,-0.245605,-1.054199,-0.166992,-27.648926,-26.367188,37.292480
11527,-0.224609,-1.107422,-0.312988,-18.859863,-25.573730,35.461426
11528,-0.224121,-1.164062,-0.415039,-6.896973,-16.662598,32.470703
11529,-0.231934,-1.206543,-0.500977,3.662109,-0.366211,29.541016
11530,-0.346680,-1.358887,-0.528809,17.883301,42.602539,20.202637
11531,-0.390625,-1.430176,-0.455078,13.977051,63.049316,8.789062
11532,-0.400391,-1.405762,-0.379883,-3.051758,80.688477,-1.586914
11533,-0.246094,-1.136230,0.028320,-51.940918,72.448730,1.403809
11534,-0.237793,-1.015137,0.164062,-75.866699,37.658691,16.479492
11535,-0.310547,-1.025879,0.120605,-87.646484,0.183105,30.700684
11536,-0.447266,-1.180176,-0.046387,-75.256348,-29.846191,45.166016
11537,-0.519043,-1.241699,-0.068848,-68.847656,-20.507812,48.400879
11538,-0.555664,-1.322754,-0.090332,-67.077637,-2.075195,45.043945
11539,-0.549805,-1.390625,-0.030273,-63.598633,16.113281,34.667969
11540,-0.449219,-1.228516,-0.016602,-70.678711,39.855957,17.822266
11541,-0.403809,-1.068848,-0.057129,-69.763184,52.429199,17.822266
11542,-0.382812,-0.932129,-0.042480,-59.509277,60.485840,18.920898
11543,-0.431152,-0.757324,0.045410,-29.846191,60.607910,20.568848
11544,-0.481445,-0.685547,0.051270,-14.038086,57.189941,23.864746
11545,-0.528320,-0.630859,0.095215,2.563477,53.710938,29.235840
11546,-0.630859,-0.653320,0.237793,23.315430,31.799316,37.231445
11547,-0.706055,-0.731934,0.311035,26.184082,9.582520,31.677246
11548,-0.716309,-0.804199,0.273438,33.081055,-49.804688,11.108398
11549,-0.557129,-0.791504,0.298340,25.024414,-81.542969,13.977051
11550,-0.462402,-0.900391,0.016113,20.996094,-110.351562,21.362305
11551,-0.222168,-0.862305,-0.202148,-4.760742,-112.121582,27.893066
11552,-0.118652,-0.826172,-0.275391,-19.470215,-106.018066,37.414551
11553,-0.085449,-0.826660,-0.343262,-36.132812,-102.050781,51.757812
11554,-0.122070,-0.849609,-0.352051,-53.405762,-96.252441,65.734863
11555,-0.263672,-0.785645,-0.222656,-75.073242,-84.716797,82.702637
11556,-0.288574,-0.691406,-0.186523,-75.683594,-80.200195,82.397461
11557,-0.310547,-0.583008,-0.173828,-44.982910,-56.152344,65.612793
11558,-0.313477,-0.595703,-0.163086,-23.010254,-37.048340,47.851562
11559,-0.293945,-0.598145,-0.096680,-2.563477,-19.042969,24.658203
11560,-0.277832,-0.599609,-0.021973,9.765625,-7.507324,0.122070
11561,-0.328613,-0.587891,0.055176,20.385742,-0.671387,-43.457031
11562,-0.386719,-0.540039,0.099121,20.385742,-2.441406,-60.180664
11563,-0.559570,-0.508789,0.084961,8.911133,-17.517090,-80.810547
11564,-0.608887,-0.514648,-0.005859,-1.525879,-29.602051,-85.632324
11565,-0.625000,-0.567383,-0.168457,-14.038086,-41.198730,-86.486816
11566,-0.595703,-0.631836,-0.412109,-27.404785,-43.762207,-86.791992
11567,-0.524902,-0.807129,-0.995605,-37.353516,-19.592285,-74.768066
11568,-0.536133,-0.969238,-1.137695,-10.864258,2.502441,-63.354492
11569,-0.560059,-1.227051,-1.172852,32.165527,23.742676,-46.081543
11570,-0.736816,-1.574219,-0.457520,101.867676,35.095215,-11.535645
11571,-0.834473,-1.379395,0.000488,112.976074,13.732910,0.793457
11572,-0.863770,-0.982910,0.176758,90.332031,-1.464844,5.493164
11573,-0.659180,-0.451660,0.148926,8.178711,-0.610352,-8.422852
11574,-0.554199,-0.351562,0.019531,-15.747070,6.896973,-9.887695
11575,-0.490723,-0.435059,-0.046387,-13.122559,18.432617,-7.141113
11576,-0.512207,-0.657715,0.016602,0.061035,20.629883,-1.831055
11577,-0.684082,-2.053223,-0.310547,67.260742,-28.442383,34.240723
11578,-0.570312,-1.912109,0.077148,136.108398,2.441406,28.381348
11579,-0.717285,-1.314941,0.335938,89.721680,47.180176,-32.775879
11580,-0.595215,-1.038086,0.323242,57.250977,70.007324,-45.104980
11581,-0.506348,-0.863770,0.363770,42.358398,79.895020,-50.781250
11582,-0.406738,-0.669922,0.389648,37.353516,70.312500,-60.668945
11583,-0.382812,-0.636719,0.360352,39.916992,60.180664,-62.622070
11584,-0.381348,-0.651367,0.348633,45.532227,49.804688,-63.720703
11585,-0.390137,-0.746094,0.381348,48.828125,33.386230,-69.519043
11586,-0.392090,-0.808594,0.457520,39.062500,25.634766,-70.739746
11587,-0.375000,-0.856934,0.541504,18.310547,16.418457,-68.664551
11588,-0.350586,-0.927734,0.650391,-47.912598,-8.666992,-42.724609
11589,-0.364746,-0.951172,0.614746,-84.838867,-24.047852,-22.521973
11590,-0.397461,-0.983887,0.509277,-109.863281,-38.208008,-6.652832
11591,-0.354980,-0.979980,0.274902,-110.412598,-58.044434,0.427246
11592,-0.319824,-0.961914,0.142578,-92.346191,-62.500000,-5.981445
11593,-0.270996,-0.888184,0.031738,-72.326660,-60.729980,-14.099121
11594,-0.215820,-0.818359,-0.185059,-26.977539,-42.480469,-24.658203
11595,-0.188477,-0.782227,-0.280273,3.784180,-28.991699,-29.785156
11596,-0.165039,-0.700195,-0.419434,43.823242,-11.901855,-28.137207
11597,-0.186035,-0.629883,-0.304199,82.214355,10.070801,-11.840820
11598,-0.227539,-0.691895,-0.371094,73.364258,18.737793,-5.187988
11599,-0.269043,-0.753418,-0.444824,65.551758,33.752441,-1.464844
11600,-0.306152,-0.765137,-0.430664,53.588867,68.725586,4.333496
11601,-0.315430,-0.749512,-0.350586,46.447754,80.566406,10.192871
11602,-0.332520,-0.735352,-0.224121,36.987305,82.458496,17.028809
11603,-0.334473,-0.740723,-0.097168,22.094727,74.218750,23.010254
11604,-0.281250,-0.789062,0.017578,-17.333984,37.109375,35.888672
11605,-0.263672,-0.854004,0.011719,-32.531738,15.869141,39.489746
11606,-0.256836,-0.895020,0.001953,-41.198730,-4.821777,40.344238
11607,-0.248047,-0.951660,-0.047363,-44.006348,-23.193359,39.245605
11608,-0.247070,-1.092773,-0.258789,-30.822754,-41.320801,32.348633
11609,-0.270996,-1.161621,-0.397461,-18.493652,-35.644531,28.747559
11610,-0.397461,-1.274414,-0.628906,10.864258,4.333496,26.000977
11611,-0.451660,-1.273438,-0.657227,20.751953,32.531738,28.381348
11612,-0.480469,-1.242676,-0.614258,19.287109,61.340332,33.447266
11613,-0.476074,-1.262695,-0.403809,-3.601074,101.257324,23.193359
11614,-0.373535,-1.182617,-0.177734,-15.808105,98.693848,20.874023
11615,-0.331543,-1.151855,0.039062,-30.883789,77.026367,22.644043
11616,-0.336426,-1.220215,0.207520,-53.405762,13.977051,33.447266
11617,-0.425293,-1.256836,0.171387,-61.096191,-7.629395,42.602539
11618,-0.531738,-1.306152,0.044434,-61.706543,-17.028809,46.020508
11619,-0.635254,-1.362305,0.049316,-59.875488,-13.854980,36.071777
11620,-0.626465,-1.340332,0.052246,-65.307617,-8.483887,27.465820
11621,-0.582520,-1.212891,0.007324,-67.260742,0.000000,21.240234
11622,-0.485840,-0.919434,-0.059082,-57.922363,30.639648,19.409180
11623,-0.460449,-0.789062,-0.026855,-48.278809,44.189453,21.240234
11624,-0.464355,-0.602539,0.067871,-16.845703,53.771973,26.733398
11625,-0.483398,-0.544922,0.100098,-0.915527,52.307129,30.456543
11626,-0.521484,-0.525879,0.126953,11.962891,49.621582,32.165527
11627,-0.593750,-0.525879,0.180664,23.437500,44.799805,29.296875
11628,-0.687500,-0.614746,0.322266,31.616211,15.014648,7.080078
11629,-0.670410,-0.630859,0.309082,28.076172,-7.263184,-5.187988
11630,-0.579102,-0.616699,0.240234,16.784668,-24.658203,-9.460449
11631,-0.353516,-0.674805,0.221191,-8.728027,-46.020508,1.525879
11632,-0.270996,-0.810059,0.014648,-18.432617,-82.458496,16.479492
11633,-0.157715,-0.909180,-0.365234,-3.662109,-132.507324,44.494629
11634,-0.115723,-0.905273,-0.514648,-0.732422,-138.549805,63.232422
11635,-0.174805,-0.994629,-0.490234,-20.629883,-138.977051,82.275391
11636,-0.250977,-1.001953,-0.402344,-58.715820,-129.455566,95.825195
11637,-0.290039,-0.755859,-0.249023,-83.557129,-111.694336,105.957031
11638,-0.314941,-0.713867,-0.246094,-70.312500,-97.473145,98.815918
11639,-0.331543,-0.706543,-0.248535,-48.156738,-75.134277,81.909180
11640,-0.310059,-0.640625,-0.140137,-2.746582,-20.446777,28.442383
11641,-0.304688,-0.571777,-0.015137,9.460449,-3.906250,2.136230
11642,-0.332520,-0.557129,0.073730,12.451172,1.770020,-19.897461
11643,-0.471680,-0.512695,0.096680,10.375977,-1.770020,-57.739258
11644,-0.554688,-0.508789,0.055664,8.911133,-8.605957,-75.134277
11645,-0.627930,-0.525391,-0.019531,11.779785,-19.409180,-89.233398
11646,-0.664551,-0.549316,-0.135742,13.977051,-31.066895,-101.196289
11647,-0.639160,-0.744629,-0.850586,-9.460449,-4.638672,-116.577148
11648,-0.657227,-0.865234,-1.086914,-4.028320,29.113770,-119.750977
11649,-0.631836,-1.012695,-1.118164,26.184082,54.626465,-112.854004
11650,-0.581543,-1.266113,-0.881348,65.856934,59.326172,-82.214355
11651,-0.952637,-1.387695,0.062988,108.703613,-10.253906,27.587891
11652,-1.097656,-1.090332,0.199707,93.811035,-28.320312,49.377441
11653,-0.943848,-0.762207,0.251953,59.082031,-30.517578,34.179688
11654,-0.572754,-0.406250,-0.052246,-9.216309,-3.906250,2.929688
11655,-0.492676,-0.479492,-0.100586,-21.179199,20.935059,-7.873535
11656,-0.485840,-0.609863,-0.020020,-24.169922,38.085938,-14.526367
11657,-0.629395,-1.758301,-0.227539,-8.422852,5.126953,22.583008
11658,-0.592773,-2.104004,-0.064453,73.303223,19.653320,20.202637
11659,-0.779297,-1.782227,0.338379,109.497070,36.010742,-3.601074
11660,-0.584961,-1.127441,0.381836,76.721191,67.504883,-39.550781
11661,-0.480957,-0.907227,0.420898,58.593750,76.293945,-44.189453
11662,-0.407227,-0.775391,0.442871,44.311523,76.110840,-48.828125
11663,-0.301758,-0.680176,0.464844,24.658203,55.053711,-58.105469
11664,-0.283203,-0.676758,0.487305,15.380859,38.696289,-64.575195
11665,-0.286621,-0.686523,0.494629,7.202148,23.071289,-70.800781
11666,-0.326660,-0.745605,0.562988,-4.211426,-2.685547,-71.655273
11667,-0.339844,-0.821777,0.615234,-11.901855,-15.747070,-68.237305
11668,-0.332520,-0.865234,0.636230,-24.353027,-28.381348,-62.377930
11669,-0.333008,-0.879395,0.572754,-54.809570,-41.687012,-34.667969
11670,-0.370605,-0.953613,0.427246,-67.077637,-42.602539,-22.521973
11671,-0.366211,-0.995117,0.344727,-72.631836,-44.433594,-16.052246
11672,-0.342285,-0.990234,0.268555,-70.373535,-46.508789,-13.488770
11673,-0.287598,-0.958984,0.066406,-45.776367,-49.560547,-20.874023
11674,-0.257812,-0.916504,-0.014648,-31.860352,-48.645020,-27.526855
11675,-0.236328,-0.869629,-0.200195,-15.380859,-46.264648,-33.691406
11676,-0.231934,-0.662109,-0.254395,42.419434,-39.611816,-32.775879
11677,-0.241211,-0.652832,-0.400391,47.790527,-55.236816,-22.705078
11678,-0.290039,-0.710938,-0.503906,41.076660,-44.372559,-13.549805
11679,-0.335449,-0.793945,-0.549316,35.827637,7.812500,-10.009766
11680,-0.337402,-0.762207,-0.502441,30.334473,36.865234,-9.582520
11681,-0.328125,-0.720215,-0.449707,28.808594,61.584473,-6.713867
11682,-0.304688,-0.685547,-0.215820,33.203125,83.374023,3.112793
11683,-0.284668,-0.683594,-0.089844,34.240723,76.843262,10.314941
11684,-0.270020,-0.706055,0.024902,28.564453,61.157227,19.409180
11685,-0.264648,-0.852051,0.113281,0.488281,19.531250,36.254883
11686,-0.272461,-0.919922,0.081543,-14.831543,1.464844,39.916992
11687,-0.270020,-0.964355,0.000977,-24.230957,-11.413574,40.466309
11688,-0.263672,-1.042969,-0.202148,-18.188477,-20.324707,36.376953
11689,-0.275391,-1.099609,-0.340332,-3.906250,-17.272949,32.653809
11690,-0.286133,-1.138184,-0.444336,15.441895,-8.972168,28.808594
11691,-0.300293,-1.152832,-0.549316,37.414551,27.526855,28.686523
11692,-0.411621,-1.299805,-0.598633,38.879395,50.598145,28.686523
11693,-0.440430,-1.441406,-0.480957,30.090332,72.021484,21.545410
11694,-0.371582,-1.380859,-0.187012,-23.132324,93.811035,-2.136230
11695,-0.242676,-1.197266,0.062500,-53.039551,80.566406,2.136230
11696,-0.191895,-1.061035,0.287109,-82.763672,45.776367,17.211914
11697,-0.328613,-1.201172,0.223633,-112.854004,-30.761719,40.405273
11698,-0.422363,-1.334961,0.141113,-104.858398,-47.363281,46.508789
11699,-0.531738,-1.468750,0.083984,-94.970703,-48.156738,46.691895
11700,-0.607422,-1.549805,0.008301,-71.044922,-17.761230,30.578613
11701,-0.559570,-1.403320,0.020020,-63.781738,0.976562,23.132324
11702,-0.479492,-1.134277,-0.029297,-56.091309,20.629883,20.080566
11703,-0.376465,-0.728027,-0.033203,-30.029297,54.138184,20.996094
11704,-0.374023,-0.611328,-0.010742,-17.089844,65.673828,21.911621
11705,-0.404785,-0.530273,0.005859,-1.831055,73.303223,22.949219
11706,-0.444336,-0.463867,0.043945,16.113281,78.186035,26.062012
11707,-0.542969,-0.490234,0.193359,46.875000,69.396973,34.118652
11708,-0.625977,-0.586914,0.294434,53.466797,52.246094,32.653809
11709,-0.778320,-0.787598,0.362793,53.283691,-7.568359,13.977051
11710,-0.641602,-0.778320,0.484375,41.381836,-53.222656,11.047363
11711,-0.529785,-0.951172,0.064941,25.146484,-111.450195,21.057129
11712,-0.417480,-1.017578,-0.118164,26.611328,-132.263184,27.160645
11713,-0.262695,-1.011230,-0.257324,15.197754,-132.446289,50.170898
11714,-0.157715,-0.972656,-0.322266,-7.568359,-128.295898,70.678711
11715,-0.175781,-0.992676,-0.441406,-38.085938,-112.304688,87.768555
11716,-0.271973,-0.764160,-0.190430,-73.486328,-70.495605,93.505859
11717,-0.288574,-0.647949,-0.062500,-78.735352,-62.133789,87.768555
11718,-0.312500,-0.583008,-0.016113,-76.171875,-54.870605,78.308105
11719,-0.354492,-0.505859,-0.004883,-46.752930,-31.738281,47.180176
11720,-0.352539,-0.481934,0.025879,-30.212402,-15.930176,26.367188
11721,-0.339355,-0.448242,0.087891,-16.723633,-4.760742,6.042480
11722,-0.380859,-0.470703,0.114746,1.098633,1.281738,-28.686523
11723,-0.418457,-0.524414,0.106445,9.521484,3.173828,-45.532227
11724,-0.452148,-0.566895,0.095703,25.939941,0.366211,-77.636719
11725,-0.507812,-0.712891,0.067383,29.907227,-8.544922,-93.811035
11726,-0.521484,-0.748047,-0.022461,27.099609,-21.972656,-106.201172
11727,-0.518066,-0.753418,-0.208984,15.258789,-34.545898,-109.558105
11728,-0.515137,-0.961914,-1.090820,-2.441406,-31.127930,-94.970703
11729,-0.504395,-1.144043,-1.236816,1.525879,-33.996582,-79.711914
11730,-0.466797,-1.347168,-1.357422,-13.061523,-31.799316,-57.556152
11731,-0.692383,-1.625977,-0.968262,7.812500,41.992188,-22.705078
11732,-0.804688,-1.395020,-0.288574,31.555176,67.321777,-18.615723
11733,-0.937500,-1.046875,0.268555,48.278809,55.358887,-12.695312
11734,-0.969238,-0.471680,0.451660,59.020996,18.432617,-13.122559
11735,-0.753906,-0.282227,0.361328,39.367676,15.502930,-15.380859
11736,-0.570801,-0.248535,0.241211,19.470215,18.005371,-15.563965
11737,-0.458008,-0.341309,0.132324,9.826660,23.559570,-14.831543
11738,-0.403320,-0.808105,0.064941,14.770508,34.606934,-10.864258
11739,-0.466309,-1.248535,0.125977,21.911621,9.521484,4.882812
11740,-0.514160,-2.005371,-0.120117,67.810059,-29.296875,37.719727
11741,-0.779297,-1.949219,0.224121,102.783203,-2.441406,-8.911133
11742,-0.612793,-1.513672,0.187988,69.213867,29.663086,-36.193848
11743,-0.457520,-1.136230,0.235840,40.466309,54.138184,-46.325684
11744,-0.337891,-0.730957,0.341309,3.967285,60.913086,-51.818848
11745,-0.321777,-0.615234,0.330078,-3.112793,50.415039,-51.269531
11746,-0.327148,-0.556152,0.313965,-0.549316,39.001465,-48.767090
11747,-0.360352,-0.567871,0.340332,18.676758,15.502930,-49.621582
11748,-0.358398,-0.628418,0.373047,27.648926,5.859375,-52.246094
11749,-0.360840,-0.705078,0.421875,27.770996,-1.098633,-54.260254
11750,-0.366699,-0.851074,0.498535,-0.610352,-6.896973,-48.767090
11751,-0.385254,-0.906250,0.520996,-26.489258,-7.568359,-39.733887
11752,-0.411621,-0.971680,0.511719,-53.039551,-9.338379,-30.029297
11753,-0.423340,-1.016113,0.378418,-85.083008,-15.747070,-18.005371
11754,-0.396484,-1.023926,0.275391,-85.876465,-19.836426,-16.418457
11755,-0.341309,-0.999023,0.161133,-76.416016,-23.254395,-19.226074
11756,-0.228027,-0.868652,-0.092285,-38.696289,-22.277832,-26.672363
11757,-0.181152,-0.823730,-0.184570,-8.361816,-17.089844,-29.296875
11758,-0.146484,-0.771484,-0.235352,24.536133,-11.779785,-28.320312
11759,-0.123535,-0.717285,-0.305664,56.091309,-7.385254,-25.146484
11760,-0.110352,-0.705078,-0.379883,93.322754,-6.164551,-11.108398
11761,-0.166504,-0.781738,-0.430664,93.933105,3.112793,-4.150391
11762,-0.229492,-0.844238,-0.456055,86.791992,20.263672,-2.014160
11763,-0.306641,-0.843750,-0.375488,64.331055,50.537109,0.549316
11764,-0.334473,-0.822266,-0.276367,51.757812,55.480957,3.967285
11765,-0.338379,-0.798340,-0.169922,36.987305,54.016113,7.446289
11766,-0.294922,-0.781250,0.035156,1.831055,34.484863,13.427734
11767,-0.254395,-0.780762,0.097656,-15.930176,18.066406,18.676758
11768,-0.224121,-0.813477,0.108887,-30.944824,0.183105,24.230957
11769,-0.217285,-0.858398,0.075684,-39.184570,-17.578125,28.503418
11770,-0.211914,-0.982422,-0.107422,-37.414551,-37.841797,29.968262
11771,-0.199707,-1.035645,-0.243164,-27.954102,-36.926270,28.503418
11772,-0.228516,-1.106934,-0.426758,-3.234863,-14.099121,25.573730
11773,-0.280762,-1.145996,-0.468750,1.647949,5.126953,23.925781
11774,-0.356934,-1.217285,-0.479004,5.859375,25.573730,20.507812
11775,-0.420410,-1.283203,-0.429688,11.169434,43.640137,14.465332
11776,-0.470215,-1.318359,-0.286133,-0.671387,71.228027,4.821777
11777,-0.421875,-1.205566,-0.084961,-21.972656,71.411133,7.629395
11778,-0.404297,-1.054199,0.199707,-65.673828,21.789551,28.381348
11779,-0.449707,-1.095703,0.184570,-77.392578,-6.896973,37.719727
11780,-0.481445,-1.192383,0.078125,-77.392578,-21.118164,44.677734
11781,-0.549805,-1.315430,-0.004883,-70.312500,-17.883301,48.645020
11782,-0.609375,-1.451172,-0.051758,-53.894043,16.174316,38.208008
11783,-0.574707,-1.464844,0.021973,-49.987793,31.188965,26.977539
11784,-0.511230,-1.375488,0.006836,-50.537109,43.457031,17.395020
11785,-0.437012,-1.212891,-0.047363,-49.011230,57.739258,12.573242
11786,-0.325684,-0.858887,0.022461,-32.836914,73.120117,12.939453
11787,-0.324219,-0.743652,0.077148,-22.094727,71.472168,14.831543
11788,-0.389160,-0.583008,0.150879,-0.122070,55.480957,19.531250
11789,-0.426270,-0.531250,0.175293,5.432129,43.151855,24.780273
11790,-0.467773,-0.525879,0.208496,7.568359,29.357910,30.822754
11791,-0.538086,-0.574707,0.255859,5.187988,-8.300781,34.606934
11792,-0.691406,-0.761719,0.260742,4.150391,-29.479980,29.968262
11793,-0.685059,-0.818359,0.206543,5.310059,-48.400879,23.071289
11794,-0.582031,-0.822266,0.275879,-0.305176,-67.382812,20.507812
11795,-0.348633,-0.941406,0.000488,0.915527,-112.731934,31.555176
11796,-0.232910,-0.955566,-0.122070,5.493164,-120.117188,40.832520
11797,-0.182617,-0.935547,-0.199707,5.737305,-127.380371,56.396484
11798,-0.151855,-1.089844,-0.392090,-27.770996,-123.229980,96.557617
11799,-0.228027,-1.012207,-0.293457,-60.791016,-107.299805,110.168457
11800,-0.296387,-0.858887,-0.187012,-83.801270,-93.444824,112.976074
11801,-0.314453,-0.629395,-0.091309,-72.998047,-74.584961,94.665527
11802,-0.345215,-0.588867,-0.114746,-54.321289,-56.640625,77.697754
11803,-0.365723,-0.560059,-0.099121,-34.057617,-34.484863,55.541992
11804,-0.353027,-0.493164,0.037598,-15.441895,-2.258301,6.713867
11805,-0.372070,-0.467773,0.053711,-12.634277,2.624512,-14.221191
11806,-0.459961,-0.479980,0.054688,-4.821777,1.953125,-50.292969
11807,-0.514160,-0.492676,0.033691,0.671387,-3.234863,-64.758301
11808,-0.562500,-0.540527,-0.010742,4.089355,-12.329102,-77.880859
11809,-0.579102,-0.613770,-0.322754,10.437012,-30.090332,-98.693848
11810,-0.531250,-0.669434,-0.541016,14.343262,-31.311035,-101.013184
11811,-0.492676,-0.795410,-0.673828,15.014648,-33.508301,-92.224121
11812,-0.453125,-1.202637,-1.082031,-4.272461,-14.770508,-60.302734
11813,-0.491211,-1.545898,-1.149902,8.117676,15.747070,-35.705566
11814,-0.589355,-1.821777,-0.819336,18.981934,34.301758,-18.127441
11815,-0.720703,-1.683105,-0.268555,38.269043,37.719727,0.244141
11816,-1.040039,-0.866699,0.314453,44.860840,20.996094,5.310059
11817,-0.968750,-0.575195,0.382812,29.052734,15.014648,-12.756348
11818,-0.594238,-0.229004,0.218750,-3.112793,14.465332,-29.541016
11819,-0.479004,-0.298340,0.152344,-2.563477,11.901855,-28.198242
11820,-0.450195,-0.447754,0.120117,4.821777,5.554199,-24.841309
11821,-0.454590,-0.663574,0.099121,14.099121,-8.850098,-16.052246
11822,-0.524414,-1.809570,-0.293457,41.259766,-60.607910,38.940430
11823,-0.601074,-1.941895,-0.191406,89.233398,-27.893066,28.076172
11824,-0.710449,-1.665527,0.043457,96.740723,35.217285,-26.977539
11825,-0.568848,-1.102539,0.242676,77.758789,54.992676,-40.954590
11826,-0.497070,-0.920410,0.313477,60.852051,62.377930,-51.269531
11827,-0.452148,-0.764160,0.338379,48.278809,61.767578,-59.326172
11828,-0.391602,-0.594238,0.334473,41.992188,50.903320,-62.500000
11829,-0.379395,-0.583008,0.350098,47.851562,41.931152,-61.157227
11830,-0.365234,-0.592285,0.361816,54.992676,32.348633,-61.218262
11831,-0.341797,-0.678223,0.401855,58.105469,16.906738,-67.138672
11832,-0.338379,-0.755371,0.445312,49.072266,12.939453,-71.472168
11833,-0.332031,-0.885742,0.578125,4.455566,4.638672,-72.387695
11834,-0.315430,-0.938477,0.636230,-29.357910,-3.295898,-63.537598
11835,-0.312988,-0.997559,0.651367,-65.246582,-14.831543,-48.889160
11836,-0.320312,-1.051270,0.578613,-95.642090,-27.160645,-32.714844
11837,-0.278320,-1.130371,0.360352,-115.356445,-50.659180,-11.352539
11838,-0.240723,-1.149902,0.209961,-102.294922,-61.096191,-12.573242
11839,-0.134277,-1.017090,-0.195312,-45.349121,-62.561035,-26.306152
11840,-0.090820,-0.893555,-0.485840,-4.333496,-42.541504,-30.151367
11841,-0.110352,-0.800293,-0.434570,35.827637,-31.250000,-30.517578
11842,-0.247559,-0.782227,-0.408691,59.448242,-4.455566,-23.803711
11843,-0.296875,-0.787598,-0.396484,58.593750,8.911133,-21.179199
11844,-0.309570,-0.788086,-0.392578,49.133301,23.620605,-19.653320
11845,-0.291016,-0.729980,-0.344238,31.494141,54.687500,-12.023926
11846,-0.290527,-0.698242,-0.270508,26.000977,65.307617,-6.225586
11847,-0.293945,-0.680176,-0.168945,21.728516,69.152832,1.464844
11848,-0.298828,-0.705078,0.025879,6.408691,55.847168,17.883301
11849,-0.294922,-0.744629,0.078613,-6.713867,43.151855,25.939941
11850,-0.292480,-0.788086,0.100098,-21.667480,30.700684,32.592773
11851,-0.245605,-0.870117,0.072266,-41.992188,13.000488,40.832520
11852,-0.220703,-0.920410,0.064453,-43.029785,6.408691,42.358398
11853,-0.199219,-0.964844,0.050293,-39.184570,-0.427246,41.442871
11854,-0.184082,-1.021484,-0.004395,-31.250000,-6.713867,37.841797
11855,-0.148438,-1.108887,-0.251953,5.249023,-8.483887,25.939941
11856,-0.153809,-1.129883,-0.383301,28.442383,0.793457,21.911621
11857,-0.185059,-1.128906,-0.506836,62.622070,38.696289,23.376465
11858,-0.345703,-1.266602,-0.503418,64.880371,60.974121,22.216797
11859,-0.427734,-1.362793,-0.443848,57.983398,79.589844,17.700195
11860,-0.495117,-1.420898,-0.361328,39.306641,93.261719,8.422852
11861,-0.379883,-1.196289,0.021973,-19.470215,83.496094,5.554199
11862,-0.301270,-1.017090,0.231445,-53.527832,47.790527,20.080566
11863,-0.388672,-1.058105,0.139160,-92.407227,-28.503418,46.081543
11864,-0.449707,-1.174316,0.025879,-88.378906,-41.687012,49.377441
11865,-0.512207,-1.238281,-0.032715,-79.956055,-36.987305,54.382324
11866,-0.588379,-1.382812,-0.059082,-68.054199,0.488281,51.269531
11867,-0.559082,-1.415527,-0.004395,-59.387207,17.761230,39.306641
11868,-0.500488,-1.326172,-0.005859,-51.269531,30.822754,27.709961
11869,-0.431152,-1.137207,-0.067383,-43.151855,46.142578,21.972656
11870,-0.307617,-0.787598,-0.002930,-22.338867,69.824219,21.362305
11871,-0.292969,-0.668945,0.047852,-13.549805,71.777344,22.949219
11872,-0.346191,-0.523926,0.093262,6.225586,66.345215,25.207520
11873,-0.389160,-0.508789,0.145508,15.869141,59.936523,29.479980
11874,-0.442871,-0.546387,0.191895,22.827148,49.072266,34.484863
11875,-0.509766,-0.632812,0.222656,27.282715,35.705566,36.132812
11876,-0.625000,-0.837891,0.268555,24.780273,3.112793,26.855469
11877,-0.640625,-0.884277,0.327148,19.042969,-19.348145,18.798828
11878,-0.519531,-1.015137,0.097168,5.432129,-118.225098,26.184082
11879,-0.427246,-1.013184,-0.028320,15.441895,-139.343262,32.592773
11880,-0.342773,-0.949707,-0.081543,18.249512,-146.057129,43.518066
11881,-0.266113,-0.947266,-0.280762,-12.573242,-146.057129,81.787109
11882,-0.273926,-0.992676,-0.365723,-38.452148,-129.943848,98.571777
11883,-0.309570,-0.920410,-0.294434,-61.096191,-108.032227,106.750488
11884,-0.334473,-0.686523,-0.114258,-72.998047,-80.261230,100.341797
11885,-0.327637,-0.622070,-0.104980,-64.392090,-67.749023,88.745117
11886,-0.350586,-0.562012,-0.106934,-36.682129,-31.982422,51.940918
11887,-0.345703,-0.525879,-0.057129,-21.240234,-13.732910,28.625488
11888,-0.340332,-0.501953,0.013184,-11.779785,-2.197266,5.798340
11889,-0.350586,-0.483887,0.041504,-4.516602,3.234863,-13.549805
11890,-0.385742,-0.499512,0.048340,8.422852,6.408691,-47.668457
11891,-0.488770,-0.576660,0.049805,11.718750,5.554199,-64.697266
11892,-0.540039,-0.599609,0.031738,9.826660,1.220703,-80.810547
11893,-0.577637,-0.630859,-0.029297,5.676270,-6.835938,-94.604492
11894,-0.580566,-0.653320,-0.396484,-4.333496,-17.517090,-108.886719
11895,-0.534668,-0.708008,-0.602539,-3.845215,-15.075684,-108.886719
11896,-0.489746,-0.781250,-0.694824,-4.638672,-12.878418,-101.318359
11897,-0.494629,-1.145508,-0.953613,-5.676270,9.887695,-62.011719
11898,-0.545410,-1.480469,-0.937500,24.658203,24.902344,-32.775879
11899,-0.633789,-1.674805,-0.662598,51.025391,28.198242,-6.958008
11900,-0.958008,-1.173828,0.160645,113.159180,7.873535,24.047852
11901,-1.017578,-0.840820,0.392090,111.633301,-6.774902,19.470215
11902,-0.823730,-0.354004,0.281738,52.429199,-4.211426,-12.145996
11903,-0.707520,-0.250000,0.253906,21.423340,5.920410,-15.930176
11904,-0.613281,-0.344727,0.189941,-0.732422,9.033203,-13.977051
11905,-0.535156,-0.800781,0.139160,-17.700195,-5.065918,-0.305176
11906,-0.551758,-1.350586,-0.015137,-24.230957,-31.616211,21.362305
11907,-0.593262,-2.136719,-0.416504,9.216309,-35.095215,35.766602
11908,-0.532715,-1.902344,-0.163574,69.274902,12.207031,9.826660
11909,-0.502441,-1.163574,0.288574,94.482422,60.974121,-40.832520
11910,-0.464355,-0.978516,0.397461,81.481934,65.063477,-49.743652
11911,-0.444824,-0.837402,0.481934,66.589355,57.556152,-56.213379
11912,-0.388672,-0.668945,0.464844,39.855957,35.949707,-61.340332
11913,-0.350098,-0.622559,0.447754,31.433105,27.648926,-61.523438
11914,-0.320312,-0.607422,0.440430,24.963379,22.338867,-60.913086
11915,-0.291504,-0.625488,0.496094,7.690430,8.728027,-61.340332
11916,-0.292969,-0.689453,0.509277,-3.417969,-0.366211,-62.988281
11917,-0.273438,-0.830566,0.527832,-31.311035,-16.784668,-68.542480
11918,-0.255859,-0.859863,0.515137,-49.011230,-21.728516,-65.185547
11919,-0.250000,-0.907227,0.483887,-65.490723,-23.437500,-55.664062
11920,-0.265137,-1.025879,0.397949,-83.496094,-25.512695,-30.578613
11921,-0.272949,-1.069824,0.328613,-80.139160,-29.418945,-21.606445
11922,-0.268066,-1.117676,0.216797,-68.359375,-34.057617,-16.967773
11923,-0.214355,-1.048828,-0.053711,-29.785156,-38.391113,-23.742676
11924,-0.179199,-0.943359,-0.314941,-0.732422,-28.015137,-28.259277
11925,-0.195312,-0.852051,-0.226074,28.930664,-24.169922,-31.860352
11926,-0.266113,-0.775879,-0.359375,52.307129,-43.151855,-25.268555
11927,-0.298828,-0.786133,-0.449707,49.438477,-34.790039,-20.385742
11928,-0.314453,-0.807617,-0.520020,42.724609,-16.845703,-17.150879
11929,-0.297363,-0.773438,-0.467773,33.813477,31.250000,-13.610840
11930,-0.278320,-0.729004,-0.367188,32.165527,49.011230,-10.559082
11931,-0.268555,-0.709473,-0.244141,32.043457,58.532715,-4.638672
11932,-0.252441,-0.733887,-0.001465,26.062012,54.687500,12.451172
11933,-0.248047,-0.773926,0.096680,15.808105,44.250488,21.484375
11934,-0.248047,-0.831543,0.161133,-16.418457,17.333984,34.240723
11935,-0.257324,-0.897461,0.167969,-31.616211,6.286621,37.231445
11936,-0.255371,-0.899414,0.109375,-40.466309,-1.159668,40.466309
11937,-0.257812,-0.920898,0.041992,-40.893555,-4.943848,42.236328
11938,-0.239258,-1.009277,-0.113770,-23.193359,-6.103516,37.658691
11939,-0.216797,-1.033691,-0.213867,-9.399414,-2.990723,34.179688
11940,-0.238281,-1.070312,-0.436523,18.554688,15.441895,32.348633
11941,-0.277832,-1.127930,-0.449707,29.663086,30.517578,31.188965
11942,-0.340820,-1.230957,-0.406250,33.081055,45.776367,27.832031
11943,-0.482422,-1.501465,-0.284180,25.634766,68.847656,6.347656
11944,-0.457031,-1.441895,-0.148438,7.080078,73.913574,-5.004883
11945,-0.360352,-1.221680,0.088867,-23.010254,64.392090,2.136230
11946,-0.341309,-1.047852,0.258301,-58.410645,36.193848,23.193359
11947,-0.490723,-1.091309,0.203613,-104.736328,-20.507812,49.926758
11948,-0.511719,-1.208496,0.098633,-104.858398,-28.564453,56.762695
11949,-0.581055,-1.393555,0.048340,-95.275879,-22.583008,60.119629
11950,-0.622559,-1.626953,0.039551,-67.993164,7.934570,37.170410
11951,-0.553223,-1.501465,0.087891,-55.358887,21.057129,25.634766
11952,-0.424316,-1.048340,0.013672,-36.621094,44.250488,22.644043
11953,-0.379883,-0.858887,0.043457,-23.925781,51.513672,21.789551
11954,-0.357422,-0.702637,0.081055,-15.075684,54.199219,20.935059
11955,-0.399414,-0.498535,0.134766,2.319336,45.654297,23.864746
11956,-0.440918,-0.460449,0.188477,8.666992,33.691406,29.968262
11957,-0.490723,-0.491699,0.248047,12.023926,14.953613,36.254883
11958,-0.621582,-0.645996,0.343262,10.131836,-45.715332,39.306641
11959,-0.608887,-0.717285,0.329102,2.685547,-92.224121,44.433594
11960,-0.578125,-0.855469,0.011719,6.042480,-123.779297,50.476074
11961,-0.356934,-0.953125,-0.291992,13.427734,-113.037109,43.395996
11962,-0.244629,-0.938965,-0.300293,9.216309,-94.665527,45.837402
11963,-0.186523,-0.948730,-0.263184,-25.451660,-69.763184,67.138672
11964,-0.261719,-1.002930,-0.315430,-51.757812,-55.847168,78.857422
11965,-0.339844,-0.931152,-0.227051,-68.420410,-42.053223,83.068848
11966,-0.383301,-0.801270,-0.074219,-83.557129,-35.095215,79.406738
11967,-0.404297,-0.618164,0.059570,-77.575684,-37.719727,75.378418
11968,-0.415039,-0.562988,0.061523,-64.453125,-36.865234,67.565918
11969,-0.413086,-0.548340,0.047852,-46.936035,-30.212402,54.382324
11970,-0.386719,-0.516602,0.107910,-13.671875,-11.657715,15.258789
11971,-0.393555,-0.518066,0.152832,-5.065918,-7.690430,-5.920410
11972,-0.417480,-0.520020,0.169434,0.854492,-7.385254,-25.207520
11973,-0.460938,-0.542969,0.152832,5.310059,-7.690430,-44.494629
11974,-0.522949,-0.540527,0.087402,14.404297,-9.521484,-77.453613
11975,-0.546875,-0.544922,-0.000488,15.625000,-9.582520,-87.524414
11976,-0.558594,-0.536621,-0.111328,12.512207,-11.108398,-94.238281
11977,-0.575684,-0.575684,-0.263184,7.019043,-14.282227,-100.341797
11978,-0.575684,-0.616699,-0.552734,13.061523,-11.230469,-103.271484
11979,-0.586426,-0.803711,-0.992188,28.137207,-14.099121,-93.627930
11980,-0.585938,-0.952148,-1.059082,32.531738,-9.033203,-75.866699
11981,-0.601074,-1.222168,-1.117188,41.442871,11.840820,-47.424316
11982,-0.742188,-1.831055,-0.324219,58.166504,33.386230,2.258301
11983,-0.872070,-1.437012,0.206543,70.373535,15.747070,22.094727
11984,-0.939941,-0.957520,0.359375,60.058594,11.779785,28.991699
11985,-0.742676,-0.389160,0.394531,22.094727,12.390137,-1.647949
11986,-0.586426,-0.284180,0.298828,5.126953,13.671875,-8.056641
11987,-0.487305,-0.372559,0.214844,4.699707,10.253906,-7.934570
11988,-0.471191,-1.023926,0.060059,10.986328,-16.967773,3.173828
11989,-0.535645,-1.726074,-0.124512,0.793457,-42.724609,26.062012
11990,-0.479004,-2.052734,-0.216309,24.841309,-36.376953,31.677246
11991,-0.647461,-1.611816,0.097656,64.514160,-3.417969,6.896973
11992,-0.666016,-0.966797,0.353516,59.448242,47.729492,-40.039062
11993,-0.576172,-0.834473,0.394531,48.034668,54.809570,-46.386719
11994,-0.518555,-0.733887,0.384277,40.161133,54.077148,-52.734375
11995,-0.461914,-0.606934,0.323242,37.658691,49.316406,-61.767578
11996,-0.461426,-0.612305,0.301270,41.931152,48.095703,-63.659668
11997,-0.466797,-0.630859,0.296387,47.851562,47.790527,-65.979004
11998,-0.455078,-0.678711,0.305664,54.809570,47.424316,-73.181152
11999,-0.445312,-0.709961,0.315918,54.809570,47.668457,-74.462891
12000,-0.434082,-0.774414,0.346191,50.292969,48.156738,-74.462891
12001,-0.410156,-0.835449,0.410645,39.245605,46.752930,-72.875977
12002,-0.355469,-0.943359,0.573730,-8.911133,32.348633,-56.335449
12003,-0.328125,-1.011230,0.630859,-45.471191,16.113281,-41.259766
12004,-0.317383,-1.080566,0.619629,-82.092285,-4.821777,-25.024414
12005,-0.289551,-1.121094,0.439453,-126.708984,-50.415039,-6.225586
12006,-0.249023,-1.115723,0.297363,-122.985840,-71.105957,-8.117676
12007,-0.196777,-1.066406,0.169922,-104.858398,-86.791992,-14.282227
12008,-0.085449,-0.888672,-0.116211,-52.856445,-96.069336,-26.367188
12009,-0.064453,-0.820801,-0.314453,-21.972656,-89.721680,-26.672363
12010,-0.083008,-0.772461,-0.626953,15.014648,-65.673828,-24.597168
12011,-0.157227,-0.707031,-0.578613,74.218750,3.479004,-19.409180
12012,-0.218262,-0.732910,-0.522461,73.059082,35.339355,-16.357422
12013,-0.264648,-0.753418,-0.466797,67.749023,62.194824,-14.343262
12014,-0.274414,-0.707031,-0.267578,47.607422,97.900391,-6.652832
12015,-0.269043,-0.686523,-0.140625,36.315918,100.341797,1.159668
12016,-0.276367,-0.686523,-0.020020,23.620605,90.332031,9.338379
12017,-0.288086,-0.756348,0.121094,-5.981445,45.593262,25.024414
12018,-0.301758,-0.789551,0.115723,-22.583008,19.653320,30.273438
12019,-0.302734,-0.825195,0.068359,-35.583496,-1.953125,33.935547
12020,-0.290527,-0.870117,0.019531,-42.114258,-18.737793,36.193848
12021,-0.274902,-0.978516,-0.096680,-35.339355,-38.146973,35.949707
12022,-0.269043,-1.042969,-0.187012,-25.695801,-39.733887,33.203125
12023,-0.265137,-1.088379,-0.297852,-12.817383,-34.667969,29.541016
12024,-0.291016,-1.173340,-0.532227,23.254395,-2.136230,24.169922
12025,-0.319336,-1.205078,-0.576172,34.484863,23.742676,23.315430
12026,-0.372070,-1.262207,-0.554688,36.071777,50.903320,23.498535
12027,-0.462402,-1.456543,-0.373535,16.845703,94.238281,3.906250
12028,-0.385742,-1.369629,-0.176270,-3.845215,98.510742,-5.676270
12029,-0.200195,-1.079590,0.349609,-56.213379,40.405273,7.995605
12030,-0.247070,-1.063477,0.306641,-76.293945,-4.577637,23.864746
12031,-0.342285,-1.171875,0.159668,-76.660156,-34.301758,33.081055
12032,-0.528809,-1.346191,-0.009766,-60.913086,-33.447266,42.846680
12033,-0.571777,-1.408691,-0.010742,-56.579590,-15.930176,39.184570
12034,-0.560059,-1.439453,0.070801,-56.152344,-2.319336,29.907227
12035,-0.503906,-1.204590,-0.018555,-56.091309,22.827148,15.808105
12036,-0.468750,-1.016602,-0.071777,-49.560547,42.785645,15.136719
12037,-0.426758,-0.833984,-0.035156,-38.757324,58.898926,16.479492
12038,-0.398926,-0.686523,0.033691,-26.184082,66.406250,18.798828
12039,-0.400879,-0.585938,0.077148,-13.183594,67.382812,21.423340
12040,-0.458984,-0.467285,0.139648,14.160156,61.645508,28.320312
12041,-0.505859,-0.468750,0.218750,22.338867,50.964355,31.921387
12042,-0.658691,-0.622559,0.359863,23.681641,5.432129,27.709961
12043,-0.718262,-0.702148,0.343262,20.080566,-26.306152,20.996094
12044,-0.655762,-0.727051,0.360840,16.784668,-59.509277,17.517090
12045,-0.470703,-0.953613,-0.032227,5.065918,-126.403809,29.663086
12046,-0.352051,-0.961426,-0.159180,7.507324,-131.042480,34.973145
12047,-0.270020,-0.955078,-0.187500,7.995605,-129.699707,46.020508
12048,-0.244141,-1.059082,-0.379395,-28.869629,-127.746582,85.937500
12049,-0.291504,-1.098145,-0.432617,-55.297852,-108.398438,103.942871
12050,-0.375977,-0.990234,-0.287109,-82.763672,-86.730957,111.145020
12051,-0.385742,-0.696777,-0.093750,-104.919434,-63.354492,100.280762
12052,-0.380371,-0.632324,-0.071289,-94.604492,-55.236816,89.416504
12053,-0.372070,-0.593750,-0.092285,-76.660156,-40.832520,72.570801
12054,-0.365234,-0.562500,-0.072754,-54.565430,-21.728516,51.330566
12055,-0.349609,-0.484375,0.072266,-16.723633,6.347656,1.953125
12056,-0.359863,-0.459473,0.115723,-5.187988,8.361816,-19.775391
12057,-0.383789,-0.455566,0.118652,4.699707,6.835938,-38.452148
12058,-0.464844,-0.548828,0.090820,25.024414,-0.793457,-72.998047
12059,-0.493652,-0.560547,0.045410,28.869629,-10.009766,-87.219238
12060,-0.524902,-0.563477,-0.068848,25.939941,-21.789551,-95.947266
12061,-0.549316,-0.642090,-0.622070,13.366699,-33.630371,-98.205566
12062,-0.533203,-0.772949,-0.875977,23.132324,-29.113770,-95.458984
12063,-0.495117,-0.890625,-0.868164,24.780273,-32.165527,-85.571289
12064,-0.540039,-1.396484,-1.184082,3.173828,6.347656,-37.963867
12065,-0.626953,-1.703125,-0.879883,19.348145,38.452148,-19.775391
12066,-0.708496,-1.653320,-0.271484,30.639648,47.973633,-3.601074
12067,-1.012207,-0.940918,0.361816,36.926270,26.977539,5.737305
12068,-0.949219,-0.601074,0.419922,27.099609,16.967773,-7.568359
12069,-0.754395,-0.327148,0.312500,8.544922,13.610840,-16.845703
12070,-0.598633,-0.240234,0.234863,-4.760742,14.038086,-18.859863
12071,-0.407715,-0.444336,0.060059,6.896973,1.159668,-14.160156
12072,-0.408203,-0.669922,-0.007324,22.888184,-9.094238,-10.742188
12073,-0.520508,-2.026855,-0.430664,56.152344,-63.964844,27.770996
12074,-0.472168,-2.118164,-0.209473,115.295410,-27.770996,26.245117
12075,-0.704102,-1.699707,0.146484,126.708984,6.164551,-1.647949
12076,-0.676270,-1.347168,0.334473,98.144531,35.217285,-22.644043
12077,-0.516602,-0.852051,0.414062,38.635254,56.274414,-44.189453
12078,-0.465332,-0.689941,0.413086,25.085449,54.077148,-51.147461
12079,-0.383789,-0.535156,0.361816,20.263672,42.480469,-50.231934
12080,-0.372559,-0.539551,0.342773,26.123047,35.644531,-48.522949
12081,-0.370117,-0.562988,0.352539,34.484863,28.991699,-50.231934
12082,-0.358398,-0.601562,0.382324,41.564941,20.812988,-54.809570
12083,-0.361816,-0.741699,0.437500,45.288086,7.995605,-64.514160
12084,-0.365723,-0.825684,0.492676,37.841797,3.173828,-68.603516
12085,-0.366211,-0.897461,0.557129,22.277832,-2.380371,-69.763184
12086,-0.355957,-1.005371,0.615723,-32.531738,-14.953613,-57.189941
12087,-0.346191,-1.067383,0.589355,-61.462402,-23.498535,-42.541504
12088,-0.317383,-1.131836,0.498535,-78.430176,-36.132812,-27.770996
12089,-0.186523,-1.183105,0.203613,-67.504883,-65.673828,-8.728027
12090,-0.157227,-1.166504,0.031250,-50.354004,-77.758789,-10.375977
12091,-0.144531,-1.054199,-0.146973,-37.902832,-83.374023,-18.127441
12092,-0.145996,-0.826172,-0.499023,5.371094,-51.391602,-26.733398
12093,-0.202637,-0.795410,-0.452148,21.362305,-35.278320,-24.902344
12094,-0.313477,-0.784668,-0.426758,29.113770,0.183105,-21.362305
12095,-0.320312,-0.786133,-0.416992,23.132324,23.071289,-22.338867
12096,-0.305176,-0.766113,-0.388672,18.981934,46.508789,-23.132324
12097,-0.283203,-0.713379,-0.305176,18.249512,65.490723,-21.240234
12098,-0.275879,-0.668945,-0.190430,19.836426,75.683594,-15.136719
12099,-0.285156,-0.617676,0.028809,26.916504,64.453125,2.807617
12100,-0.310547,-0.632812,0.105469,26.977539,47.546387,13.427734
12101,-0.342285,-0.673828,0.139160,20.812988,30.090332,22.277832
12102,-0.348145,-0.782227,0.119629,-8.422852,7.934570,34.851074
12103,-0.318848,-0.854004,0.109863,-22.277832,2.746582,38.024902
12104,-0.230469,-0.975586,0.084961,-32.287598,-10.925293,38.024902
12105,-0.196777,-1.027832,-0.002930,-27.709961,-17.028809,35.400391
12106,-0.161621,-1.121094,-0.307129,-1.281738,-9.765625,26.489258
12107,-0.173340,-1.162598,-0.438477,18.920898,4.516602,22.949219
12108,-0.220703,-1.211426,-0.512695,41.198730,22.827148,20.446777
12109,-0.372559,-1.383789,-0.468262,56.396484,62.866211,12.756348
12110,-0.442871,-1.477051,-0.408203,48.339844,81.420898,1.281738
12111,-0.466309,-1.435547,-0.291992,27.648926,94.482422,-12.084961
12112,-0.367676,-1.261230,-0.085449,0.610352,92.346191,-15.747070
12113,-0.261719,-1.034180,0.183105,-28.747559,66.406250,-2.380371
12114,-0.348633,-0.906738,0.340332,-88.256836,-24.475098,40.893555
12115,-0.436035,-1.008301,0.214844,-108.825684,-54.626465,48.828125
12116,-0.479980,-1.106445,0.046387,-115.600586,-62.133789,52.734375
12117,-0.561523,-1.329590,-0.090820,-96.679688,-24.963379,57.006836
12118,-0.565430,-1.442871,-0.081543,-84.838867,3.662109,47.607422
12119,-0.522461,-1.490723,-0.041016,-70.312500,27.587891,32.592773
12120,-0.370605,-1.135742,-0.099121,-38.208008,68.725586,18.127441
12121,-0.317871,-0.938965,-0.048340,-23.071289,81.909180,20.141602
12122,-0.301270,-0.799316,0.009277,-10.009766,86.975098,21.850586
12123,-0.307617,-0.702148,0.068848,2.502441,84.777832,21.972656
12124,-0.405762,-0.614746,0.179688,22.583008,65.551758,26.550293
12125,-0.465820,-0.635742,0.233887,26.184082,45.776367,32.958984
12126,-0.545410,-0.711914,0.266113,23.925781,21.545410,37.109375
12127,-0.636719,-0.876953,0.473633,-6.713867,-74.218750,44.128418
12128,-0.678223,-1.031738,0.088379,-11.291504,-126.892090,47.729492
12129,-0.614258,-1.077148,-0.146484,1.159668,-146.301270,44.128418
12130,-0.344238,-0.994141,-0.237305,16.235352,-132.568359,39.245605
12131,-0.263184,-0.941895,-0.228027,6.652832,-121.154785,47.302246
12132,-0.186523,-0.952637,-0.292969,-15.441895,-103.515625,58.959961
12133,-0.215820,-0.887207,-0.262695,-59.509277,-55.847168,85.754395
12134,-0.272949,-0.778809,-0.120117,-68.176270,-38.452148,89.111328
12135,-0.302246,-0.675293,0.000977,-68.664551,-30.944824,85.937500
12136,-0.324707,-0.541504,0.069824,-55.236816,-25.207520,69.702148
12137,-0.337402,-0.512695,0.098145,-47.241211,-18.798828,57.983398
12138,-0.342773,-0.484863,0.125488,-38.452148,-11.047363,41.137695
12139,-0.333008,-0.435547,0.169922,-33.142090,-5.310059,21.789551
12140,-0.354980,-0.432617,0.192383,-19.897461,-2.990723,-12.695312
12141,-0.394043,-0.480957,0.188477,-9.887695,-3.845215,-27.893066
12142,-0.439941,-0.540039,0.166504,2.197266,-6.408691,-45.043945
12143,-0.502441,-0.610840,0.088379,24.414062,-15.136719,-79.467773
12144,-0.514648,-0.609863,0.013672,25.756836,-20.507812,-94.055176
12145,-0.530762,-0.622070,-0.117188,19.653320,-24.536133,-103.210449
12146,-0.543457,-0.680664,-0.313477,7.324219,-24.658203,-108.032227
12147,-0.548340,-0.724609,-0.591309,-7.934570,-19.042969,-108.276367
12148,-0.531250,-0.944824,-0.979004,-10.131836,-12.939453,-84.655762
12149,-0.486328,-1.112793,-1.116699,-10.131836,-10.681152,-58.837891
12150,-0.500000,-1.390137,-1.280762,6.713867,7.080078,-30.151367
12151,-0.747559,-1.549316,-0.541016,68.359375,61.950684,-11.352539
12152,-0.787109,-1.287598,0.024414,91.430664,61.096191,-14.587402
12153,-0.854980,-0.917480,0.366699,91.125488,37.902832,-11.047363
12154,-0.766113,-0.453125,0.365723,51.330566,8.972168,-10.498047
12155,-0.574707,-0.335938,0.260742,17.028809,9.094238,-14.038086
12156,-0.422363,-0.347168,0.158691,-22.888184,9.643555,-20.263672
12157,-0.255371,-0.608398,-0.039551,-26.245117,11.230469,-20.812988
12158,-0.245605,-0.851074,-0.044434,-22.827148,5.065918,-14.648438
12159,-0.315430,-1.441406,-0.166992,-19.653320,-40.344238,13.488770
12160,-0.414062,-2.517578,-0.649902,44.677734,-64.514160,40.039062
12161,-0.657715,-1.826660,0.226074,158.630371,15.136719,-20.080566
12162,-0.564941,-1.332031,0.375977,132.385254,44.738770,-39.855957
12163,-0.506836,-0.978027,0.494629,98.876953,53.344727,-48.889160
12164,-0.436523,-0.555664,0.507812,43.029785,35.766602,-54.626465
12165,-0.416992,-0.456055,0.452637,30.273438,24.963379,-49.926758
12166,-0.427246,-0.432129,0.425781,27.648926,14.953613,-46.020508
12167,-0.373535,-0.475098,0.410156,43.334961,-5.615234,-48.278809
12168,-0.344727,-0.560547,0.430664,49.804688,-12.084961,-52.307129
12169,-0.333496,-0.666016,0.482422,49.499512,-16.235352,-58.898926
12170,-0.320801,-0.767578,0.561035,40.466309,-19.348145,-64.331055
12171,-0.341309,-0.919434,0.684570,-14.038086,-20.263672,-56.396484
12172,-0.385742,-0.987793,0.695312,-50.964355,-21.606445,-40.527344
12173,-0.428711,-1.074219,0.659180,-82.885742,-26.733398,-25.085449
12174,-0.424316,-1.179688,0.498535,-104.736328,-50.170898,-3.295898
12175,-0.383789,-1.192383,0.354492,-98.266602,-72.265625,-0.122070
12176,-0.363281,-1.137207,0.099609,-87.219238,-97.167969,-6.286621
12177,-0.258789,-0.928711,-0.955078,-28.137207,-76.660156,-29.785156
12178,-0.184082,-0.827637,-0.926758,24.902344,-36.621094,-37.109375
12179,-0.186523,-0.781738,-0.504395,62.744141,30.273438,-32.714844
12180,-0.199707,-0.817871,-0.356445,50.048828,50.720215,-30.944824
12181,-0.190918,-0.807129,-0.270020,31.494141,68.420410,-28.259277
12182,-0.179199,-0.711914,-0.096191,6.347656,89.294434,-11.535645
12183,-0.218262,-0.686523,-0.021484,0.061035,87.036133,-2.929688
12184,-0.268066,-0.659668,0.041016,-1.281738,76.416016,3.112793
12185,-0.305176,-0.648438,0.125977,-4.028320,41.564941,14.831543
12186,-0.301758,-0.689453,0.154297,-12.512207,24.658203,20.507812
12187,-0.277344,-0.795410,0.142578,-34.118652,0.366211,29.296875
12188,-0.267578,-0.837891,0.123535,-41.503906,-8.422852,33.020020
12189,-0.259277,-0.877441,0.090820,-43.884277,-15.502930,35.705566
12190,-0.239746,-0.912598,0.039062,-40.222168,-21.728516,37.048340
12191,-0.200195,-1.029785,-0.205078,-12.695312,-27.465820,33.508301
12192,-0.183594,-1.082031,-0.381348,13.122559,-21.850586,28.686523
12193,-0.183594,-1.124023,-0.578613,45.593262,-10.070801,24.475098
12194,-0.283203,-1.318359,-0.572754,74.523926,33.081055,20.507812
12195,-0.369141,-1.457031,-0.512695,67.504883,55.297852,12.268066
12196,-0.420898,-1.531738,-0.430664,45.593262,78.002930,1.525879
12197,-0.277344,-1.235352,-0.006348,-23.132324,85.632324,-5.920410
12198,-0.204102,-0.985840,0.242676,-53.527832,52.978516,10.437012
12199,-0.268066,-0.882812,0.313477,-78.247070,9.033203,29.174805
12200,-0.378418,-0.920898,0.259766,-96.801758,-26.428223,41.748047
12201,-0.563477,-1.205078,0.006836,-98.754883,-36.682129,52.124023
12202,-0.628418,-1.329590,-0.002441,-86.425781,-16.052246,53.527832
12203,-0.625000,-1.550781,0.110352,-74.035645,29.357910,36.376953
12204,-0.562500,-1.471191,0.119141,-67.504883,41.015625,24.169922
12205,-0.473145,-1.235352,0.035645,-56.640625,52.001953,20.019531
12206,-0.413086,-1.034180,0.017090,-39.367676,60.913086,18.981934
12207,-0.356445,-0.713867,0.102539,-12.512207,63.171387,15.869141
12208,-0.374023,-0.602539,0.141113,-3.112793,56.335449,17.578125
12209,-0.462891,-0.530762,0.213379,8.483887,28.320312,31.433105
12210,-0.518555,-0.583496,0.244629,12.695312,5.615234,36.010742
12211,-0.586914,-0.678711,0.278320,15.258789,-21.972656,35.400391
12212,-0.584473,-0.875977,0.261230,1.159668,-112.182617,40.954590
12213,-0.547363,-1.019531,-0.054199,5.615234,-143.310547,48.278809
12214,-0.460449,-1.079102,-0.240723,16.723633,-145.935059,50.048828
12215,-0.346680,-1.063965,-0.339844,20.690918,-132.995605,50.659180
12216,-0.222168,-0.954590,-0.358887,3.112793,-100.097656,69.946289
12217,-0.234375,-0.937988,-0.354980,-29.235840,-82.031250,83.312988
12218,-0.284180,-0.849121,-0.269043,-56.884766,-64.086914,93.872070
12219,-0.337891,-0.647949,-0.096191,-78.674316,-37.963867,95.397949
12220,-0.343750,-0.610840,-0.049316,-76.538086,-30.334473,89.721680
12221,-0.341309,-0.586914,-0.031738,-67.749023,-22.644043,80.200195
12222,-0.337402,-0.586914,-0.012207,-54.870605,-14.343262,67.260742
12223,-0.317871,-0.589844,0.009766,-22.033691,-0.305176,29.968262
12224,-0.263672,-0.553223,0.122559,-8.605957,-0.183105,12.512207
12225,-0.264648,-0.551270,0.137207,0.244141,-1.647949,-3.356934
12226,-0.359863,-0.604004,0.156738,8.117676,-4.028320,-33.813477
12227,-0.433594,-0.614258,0.172852,10.192871,-5.065918,-49.682617
12228,-0.518066,-0.615234,0.188477,9.765625,-8.789062,-66.589355
12229,-0.616211,-0.646484,0.083496,-2.014160,-24.353027,-94.482422
12230,-0.611328,-0.640137,-0.096680,-13.000488,-31.555176,-100.952148
12231,-0.581055,-0.688965,-0.382812,-27.465820,-31.188965,-102.539062
12232,-0.566895,-0.854004,-1.093262,-18.249512,-8.544922,-97.656250
12233,-0.567383,-0.976074,-1.233887,15.441895,6.225586,-87.158203
12234,-0.619141,-1.494629,-1.020020,89.782715,50.842285,-40.161133
12235,-0.744141,-1.586914,-0.350586,110.717773,52.490234,-15.808105
12236,-0.938477,-1.390625,0.087891,113.647461,30.151367,4.760742
12237,-1.028809,-1.001953,0.311523,94.909668,10.375977,11.596680
12238,-0.722656,-0.381348,0.239746,9.765625,6.347656,-2.380371
12239,-0.556152,-0.279785,0.175781,-27.832031,14.099121,-8.605957
12240,-0.378906,-0.431641,-0.080566,-47.180176,15.014648,-14.038086
12241,-0.345215,-0.635254,-0.175781,-34.851074,17.822266,-16.418457
12242,-0.363281,-0.948730,-0.165527,-22.216797,8.361816,-8.483887
12243,-0.448242,-1.851074,-0.522461,-12.451172,-34.912109,24.719238
12244,-0.785156,-1.996094,0.217773,136.047363,31.433105,1.586914
12245,-0.748535,-1.593262,0.391113,130.371094,57.983398,-29.296875
12246,-0.640137,-1.199707,0.401855,104.858398,77.697754,-43.701172
12247,-0.441895,-0.686523,0.447754,49.255371,87.890625,-49.255371
12248,-0.389648,-0.565918,0.446289,29.479980,76.416016,-46.508789
12249,-0.375000,-0.524414,0.410645,18.371582,62.683105,-42.419434
12250,-0.393066,-0.521484,0.371582,17.272949,50.903320,-40.039062
12251,-0.399414,-0.619141,0.347168,32.775879,35.095215,-47.851562
12252,-0.410156,-0.687012,0.402832,39.001465,28.991699,-55.541992
12253,-0.424805,-0.777832,0.449219,38.513184,23.132324,-61.889648
12254,-0.416504,-0.887695,0.597168,15.991211,11.108398,-62.744141
12255,-0.412109,-0.960449,0.638672,-36.315918,-7.568359,-35.461426
12256,-0.399414,-1.002441,0.596191,-62.194824,-20.263672,-21.484375
12257,-0.366211,-1.019531,0.512207,-78.613281,-36.376953,-12.268066
12258,-0.317871,-1.001953,0.400879,-79.650879,-53.466797,-8.056641
12259,-0.272461,-0.970215,0.271484,-69.519043,-66.711426,-8.789062
12260,-0.205078,-0.906250,0.019531,-43.395996,-71.533203,-22.583008
12261,-0.168457,-0.852051,-0.091309,-26.855469,-65.490723,-28.808594
12262,-0.134766,-0.790527,-0.176270,-12.756348,-60.302734,-31.188965
12263,-0.110352,-0.789551,-0.689941,55.480957,-26.733398,-28.564453
12264,-0.130371,-0.827637,-0.595215,84.411621,-5.920410,-24.902344
12265,-0.181152,-0.879395,-0.534180,88.134766,18.493652,-22.399902
12266,-0.239746,-0.895020,-0.360352,56.823730,68.542480,-17.761230
12267,-0.242188,-0.855957,-0.280762,37.048340,83.496094,-12.390137
12268,-0.248047,-0.811035,-0.186035,22.216797,86.730957,-6.164551
12269,-0.248047,-0.768066,-0.094727,10.314941,78.796387,-0.183105
12270,-0.235840,-0.726074,0.024902,-8.056641,41.015625,11.962891
12271,-0.232910,-0.754883,0.053711,-14.831543,17.944336,18.249512
12272,-0.260254,-0.854492,0.005859,-23.132324,-22.155762,28.076172
12273,-0.271973,-0.903809,-0.043945,-23.742676,-34.179688,30.822754
12274,-0.269531,-0.966309,-0.104004,-22.277832,-39.794922,32.165527
12275,-0.260742,-1.039062,-0.168945,-18.493652,-39.367676,31.677246
12276,-0.268066,-1.184570,-0.356445,-1.647949,-21.850586,27.648926
12277,-0.299805,-1.245605,-0.418457,6.164551,-4.882812,24.291992
12278,-0.354004,-1.312012,-0.480957,11.657715,15.380859,20.751953
12279,-0.420898,-1.403320,-0.527832,12.023926,67.687988,4.333496
12280,-0.434570,-1.419922,-0.437012,-2.746582,92.285156,-6.408691
12281,-0.301758,-1.296875,-0.205078,-20.446777,99.609375,-13.916016
12282,-0.158203,-1.122559,0.139160,-40.954590,77.453613,-8.422852
12283,-0.183105,-1.014648,0.210449,-65.979004,-12.329102,25.512695
12284,-0.310547,-1.090820,0.117188,-62.133789,-37.170410,35.888672
12285,-0.416016,-1.157715,0.024902,-60.241699,-39.672852,43.762207
12286,-0.561035,-1.332031,-0.031738,-65.124512,-3.967285,44.494629
12287,-0.566895,-1.417480,0.062012,-64.270020,10.742188,33.203125
12288,-0.546387,-1.416504,0.088379,-63.781738,19.958496,20.629883
12289,-0.454590,-1.067871,-0.087402,-54.199219,50.048828,15.258789
12290,-0.418945,-0.897461,-0.052246,-40.771484,64.331055,16.601562
12291,-0.405762,-0.750000,0.019531,-26.184082,70.861816,17.944336
12292,-0.448242,-0.580566,0.094727,4.699707,69.580078,24.353027
12293,-0.490234,-0.556152,0.122559,17.395020,64.758301,28.503418
12294,-0.539062,-0.559570,0.172852,26.062012,57.495117,31.250000
12295,-0.610352,-0.589844,0.244141,28.808594,44.860840,31.066895
12296,-0.755859,-0.686523,0.337891,24.230957,-0.488281,20.324707
12297,-0.774414,-0.714844,0.304199,21.118164,-28.503418,13.854980
12298,-0.666992,-0.681152,0.205078,16.174316,-49.682617,12.878418
12299,-0.444336,-0.792480,0.107910,-8.056641,-84.228516,27.343750
12300,-0.357422,-0.858398,0.014648,-7.629395,-102.478027,37.841797
12301,-0.262695,-0.853516,-0.061523,-6.591797,-114.746094,48.583984
12302,-0.108887,-0.855957,-0.228027,-3.540039,-133.361816,78.063965
12303,-0.105957,-0.945312,-0.323242,-10.681152,-133.300781,97.229004
12304,-0.139160,-0.966309,-0.293457,-25.207520,-124.755859,112.182617
12305,-0.325684,-0.890137,-0.175781,-54.870605,-101.806641,120.483398
12306,-0.338867,-0.791016,-0.155273,-53.649902,-87.829590,109.252930
12307,-0.373535,-0.730957,-0.126465,-43.884277,-68.237305,91.369629
12308,-0.405273,-0.684570,-0.113281,-30.151367,-47.851562,69.030762
12309,-0.432129,-0.608398,0.002441,-7.385254,-12.939453,19.531250
12310,-0.441895,-0.567871,0.055664,-3.723145,-6.225586,-7.263184
12311,-0.465332,-0.528320,0.064941,-3.845215,-7.690430,-33.142090
12312,-0.483398,-0.501465,-0.019531,10.131836,-14.831543,-71.655273
12313,-0.541016,-0.529297,-0.181152,16.967773,-15.197754,-83.374023
12314,-0.588379,-0.551270,-0.234375,17.333984,-14.709473,-92.041016
12315,-0.618164,-0.561523,-0.280762,14.221191,-14.831543,-98.937988
12316,-0.580566,-0.653809,-0.444824,2.929688,-6.958008,-101.745605
12317,-0.569824,-0.751953,-0.509766,-7.812500,-1.892090,-96.435547
12318,-0.561035,-1.159668,-0.799316,5.798340,23.376465,-55.175781
12319,-0.598145,-1.619629,-0.733398,33.386230,12.634277,-16.174316
12320,-0.748535,-1.839355,-0.416016,68.908691,-5.859375,29.479980
12321,-1.024414,-1.003418,0.203613,69.580078,-2.075195,37.414551
12322,-0.887207,-0.666992,0.248535,42.663574,6.469727,9.948730
12323,-0.723145,-0.447266,0.166992,19.470215,16.113281,-6.225586
12324,-0.530762,-0.517578,0.122070,3.234863,36.254883,-17.639160
12325,-0.516113,-0.686035,0.156250,4.821777,33.630371,-17.822266
12326,-0.528809,-1.067383,0.138672,7.812500,15.502930,-0.061035
12327,-0.571289,-1.799805,-0.113281,38.452148,-4.333496,23.986816
12328,-0.676758,-1.542969,0.273926,126.159668,36.926270,-11.840820
12329,-0.628418,-1.222168,0.408203,110.778809,51.025391,-30.456543
12330,-0.487793,-0.899902,0.446777,64.025879,59.814453,-49.194336
12331,-0.440430,-0.805664,0.442871,48.400879,57.983398,-59.509277
12332,-0.401855,-0.724121,0.429199,37.536621,54.382324,-69.213867
12333,-0.353516,-0.625488,0.440430,33.752441,45.104980,-77.575684
12334,-0.335449,-0.612305,0.491211,34.790039,38.818359,-77.453613
12335,-0.321777,-0.621582,0.541504,27.954102,29.113770,-75.256348
12336,-0.306152,-0.668457,0.568848,14.160156,18.005371,-71.899414
12337,-0.275879,-0.817871,0.605957,-27.038574,-4.516602,-67.687988
12338,-0.256348,-0.857422,0.590332,-51.757812,-14.221191,-64.270020
12339,-0.247070,-0.866699,0.525879,-74.829102,-20.385742,-56.762695
12340,-0.280273,-0.960938,0.401855,-94.848633,-23.437500,-36.621094
12341,-0.282715,-1.019043,0.337402,-89.599609,-25.512695,-31.311035
12342,-0.269043,-1.064453,0.259277,-75.195312,-28.930664,-26.916504
12343,-0.242188,-1.092285,0.169922,-55.786133,-31.799316,-25.146484
12344,-0.169922,-1.050293,-0.179199,-14.099121,-30.517578,-31.188965
12345,-0.153809,-0.922852,-0.242188,11.657715,-25.451660,-34.240723
12346,-0.149414,-0.836914,-0.319824,31.982422,-43.029785,-31.555176
12347,-0.245605,-0.832031,-0.502441,27.770996,-22.766113,-18.920898
12348,-0.288086,-0.840820,-0.530762,25.512695,-3.723145,-16.296387
12349,-0.307129,-0.839355,-0.513184,21.423340,16.479492,-15.930176
12350,-0.279297,-0.764160,-0.447266,15.441895,57.739258,-15.930176
12351,-0.250977,-0.711914,-0.340820,16.723633,72.753906,-11.169434
12352,-0.238281,-0.688477,-0.212402,19.592285,78.369141,-4.943848
12353,-0.208984,-0.685059,0.018555,22.888184,60.546875,9.826660
12354,-0.210938,-0.715332,0.099609,16.174316,44.494629,18.493652
12355,-0.211914,-0.770508,0.155762,2.197266,28.198242,26.611328
12356,-0.207520,-0.821289,0.177246,-29.418945,0.610352,36.743164
12357,-0.182617,-0.888184,0.143066,-36.682129,-9.704590,39.123535
12358,-0.176758,-0.924316,0.101562,-37.292480,-17.639160,39.611816
12359,-0.175293,-0.965820,0.023438,-32.470703,-21.667480,38.635254
12360,-0.180664,-1.004883,-0.090332,-21.423340,-20.507812,37.414551
12361,-0.237793,-1.075195,-0.336426,14.099121,-4.272461,33.813477
12362,-0.294434,-1.136719,-0.465332,36.437988,8.972168,29.235840
12363,-0.354004,-1.248535,-0.512695,55.725098,27.343750,22.521973
12364,-0.517090,-1.467285,-0.563965,67.749023,75.073242,-2.258301
12365,-0.513672,-1.512207,-0.370605,49.316406,95.642090,-17.089844
12366,-0.324219,-1.321777,-0.030762,18.859863,92.285156,-18.554688
12367,-0.166992,-1.096680,0.287598,-22.583008,60.119629,-0.183105
12368,-0.128906,-0.954590,0.462891,-95.764160,-42.968750,49.438477
12369,-0.355469,-1.089844,0.178223,-111.694336,-71.411133,55.541992
12370,-0.415039,-1.203125,-0.014648,-104.919434,-72.082520,59.814453
12371,-0.555664,-1.431641,-0.052734,-78.979492,-25.878906,59.020996
12372,-0.570801,-1.570801,-0.018555,-69.885254,1.098633,45.410156
12373,-0.551270,-1.585449,-0.061035,-58.288574,25.695801,26.428223
12374,-0.416016,-1.168945,-0.127441,-38.818359,77.392578,14.099121
12375,-0.338867,-0.946777,-0.037598,-29.479980,89.721680,14.892578
12376,-0.298340,-0.775391,0.036133,-19.592285,90.087891,16.357422
12377,-0.303711,-0.562012,0.098633,-1.892090,71.899414,21.301270
12378,-0.343262,-0.508301,0.117676,4.394531,61.828613,24.658203
12379,-0.382812,-0.502441,0.152832,5.126953,31.799316,35.217285
12380,-0.496582,-0.643066,0.215332,3.784180,11.657715,36.254883
12381,-0.556641,-0.730957,0.254883,2.929688,-12.939453,35.827637
12382,-0.596191,-0.808105,0.238770,6.042480,-41.015625,36.010742
12383,-0.497559,-0.944336,0.134277,4.089355,-109.741211,44.616699
12384,-0.469727,-0.972168,0.010254,5.249023,-126.464844,48.339844
12385,-0.417969,-0.942383,-0.062500,1.831055,-129.211426,48.522949
12386,-0.259766,-0.856445,-0.110352,-7.202148,-115.844727,61.828613
12387,-0.241699,-0.892578,-0.135742,-17.822266,-113.403320,74.645996
12388,-0.220703,-0.902344,-0.170898,-31.555176,-106.689453,87.219238
12389,-0.292480,-0.813477,-0.078613,-56.396484,-88.500977,98.144531
12390,-0.343750,-0.752441,-0.051758,-57.556152,-81.726074,94.116211
12391,-0.368164,-0.692871,-0.059570,-47.485352,-71.044922,81.359863
12392,-0.377441,-0.638672,-0.064941,-32.043457,-56.579590,63.415527
12393,-0.385254,-0.589355,-0.010254,-5.737305,-18.493652,23.132324
12394,-0.376465,-0.551758,0.046387,0.854492,-6.896973,-0.549316
12395,-0.433594,-0.531250,0.089844,0.854492,2.258301,-38.208008
12396,-0.478027,-0.549316,0.102539,0.854492,3.051758,-54.260254
12397,-0.519043,-0.558594,0.090332,0.366211,1.098633,-68.420410
12398,-0.584473,-0.583496,-0.072754,-1.098633,-11.108398,-93.261719
12399,-0.602051,-0.591797,-0.269043,0.427246,-17.028809,-99.853516
12400,-0.592285,-0.606445,-0.499023,2.990723,-15.625000,-101.623535
12401,-0.502441,-0.774414,-0.631836,-6.042480,-18.615723,-76.477051
12402,-0.462402,-0.965332,-0.784180,-24.536133,-17.150879,-53.466797
12403,-0.460449,-1.223633,-1.080566,-25.817871,-4.211426,-25.695801
12404,-0.534180,-1.567871,-1.125000,7.568359,20.202637,-5.187988
12405,-0.720215,-1.396484,-0.121094,89.965820,56.335449,-2.380371
12406,-0.802734,-1.042480,0.287109,97.106934,47.668457,-5.187988
12407,-0.874023,-0.800781,0.431641,89.233398,33.081055,-9.521484
12408,-0.755371,-0.404297,0.406250,40.832520,5.615234,-21.240234
12409,-0.622070,-0.343750,0.276855,14.770508,0.427246,-17.028809
12410,-0.438965,-0.771484,0.061523,-5.126953,-7.629395,-3.356934
12411,-0.397461,-1.208984,-0.027832,-13.183594,-25.939941,8.483887
12412,-0.460938,-2.118652,-0.353027,-13.916016,-64.880371,42.663574
12413,-0.377930,-2.392578,-0.513184,43.945312,-45.959473,34.423828
12414,-0.627441,-1.117188,0.175781,69.885254,36.926270,-36.865234
12415,-0.562988,-0.813965,0.329590,46.997070,63.537598,-49.804688
12416,-0.525879,-0.689941,0.427246,32.836914,70.129395,-52.429199
12417,-0.491699,-0.578613,0.408203,28.442383,62.927246,-55.053711
12418,-0.487305,-0.565918,0.405273,30.944824,58.715820,-55.725098
12419,-0.450195,-0.589844,0.404785,43.457031,46.264648,-59.082031
12420,-0.417480,-0.611816,0.403809,50.903320,38.391113,-61.340332
12421,-0.376953,-0.652832,0.406250,55.175781,30.578613,-64.392090
12422,-0.355957,-0.716797,0.427734,52.856445,23.864746,-67.565918
12423,-0.319336,-0.865234,0.538086,23.132324,11.291504,-70.678711
12424,-0.317383,-0.935059,0.600098,-7.202148,4.882812,-65.734863
12425,-0.298828,-0.964844,0.638184,-42.541504,-4.028320,-53.955078
12426,-0.298828,-1.014648,0.590820,-98.449707,-32.897949,-18.127441
12427,-0.304199,-1.071777,0.486816,-107.666016,-49.133301,-6.896973
12428,-0.291504,-1.095703,0.361816,-104.492188,-63.476562,-5.432129
12429,-0.264160,-1.089355,0.193848,-89.294434,-72.509766,-10.681152
12430,-0.165039,-0.981934,-0.086914,-39.184570,-70.251465,-25.451660
12431,-0.128418,-0.917969,-0.266113,-8.850098,-59.570312,-30.456543
12432,-0.103027,-0.814941,-0.524414,32.104492,-37.597656,-31.860352
12433,-0.113281,-0.753906,-0.499023,87.158203,-3.173828,-28.808594
12434,-0.182617,-0.810547,-0.482422,79.345703,14.282227,-26.245117
12435,-0.225098,-0.854492,-0.514160,67.016602,33.020020,-25.512695
12436,-0.241699,-0.851074,-0.457520,54.992676,51.635742,-23.254395
12437,-0.254395,-0.777832,-0.269043,30.029297,74.584961,-9.155273
12438,-0.263672,-0.738281,-0.154297,20.446777,74.768066,-3.295898
12439,-0.261230,-0.694824,-0.047852,10.681152,67.382812,3.540039
12440,-0.244629,-0.705078,0.105957,-11.108398,35.461426,22.766113
12441,-0.244629,-0.759766,0.119629,-20.996094,14.404297,31.188965
12442,-0.243164,-0.809570,0.085449,-28.747559,-3.784180,37.353516
12443,-0.233887,-0.920410,0.010254,-34.667969,-27.404785,42.968750
12444,-0.222656,-0.998535,-0.036133,-30.822754,-35.827637,42.053223
12445,-0.198242,-1.079102,-0.134766,-22.583008,-39.978027,38.391113
12446,-0.184570,-1.174805,-0.373535,9.948730,-28.198242,31.250000
12447,-0.236816,-1.210938,-0.462402,19.775391,-8.911133,28.442383
12448,-0.323242,-1.279785,-0.545410,25.939941,16.052246,23.742676
12449,-0.496094,-1.480957,-0.496094,24.353027,71.960449,5.126953
12450,-0.476074,-1.473145,-0.353516,4.943848,93.322754,-7.080078
12451,-0.351074,-1.280762,-0.092773,-18.676758,95.397949,-7.934570
12452,-0.253418,-1.048340,0.198730,-44.372559,70.739746,7.263184
12453,-0.349121,-1.013184,0.279297,-81.604004,-11.230469,41.809082
12454,-0.389648,-1.140625,0.187988,-83.435059,-33.386230,53.466797
12455,-0.545410,-1.385254,0.109863,-80.078125,-34.240723,63.903809
12456,-0.590332,-1.523438,0.087402,-75.805664,-23.681641,56.640625
12457,-0.596680,-1.602539,0.112793,-67.565918,-13.488770,40.649414
12458,-0.505859,-1.253418,-0.012695,-55.664062,14.099121,17.883301
12459,-0.444336,-1.018066,-0.026855,-49.255371,32.043457,17.211914
12460,-0.405273,-0.831055,0.003418,-38.635254,43.518066,18.188477
12461,-0.389160,-0.680664,0.045898,-23.986816,48.156738,19.836426
12462,-0.407227,-0.488770,0.068848,2.441406,49.865723,27.282715
12463,-0.433105,-0.463379,0.123535,11.596680,51.330566,32.531738
12464,-0.507324,-0.565430,0.236328,14.770508,35.949707,30.761719
12465,-0.567383,-0.643066,0.240234,14.099121,20.568848,24.536133
12466,-0.598145,-0.697754,0.221680,15.747070,5.249023,18.615723
12467,-0.588867,-0.758301,0.238281,18.310547,-12.084961,14.770508
12468,-0.396484,-0.894531,0.083496,9.765625,-93.139648,30.761719
12469,-0.372070,-0.911133,0.012695,13.366699,-117.797852,39.672852
12470,-0.269531,-0.928711,-0.185547,9.399414,-128.601074,47.973633
12471,-0.211914,-0.947754,-0.218262,-5.676270,-133.728027,86.120605
12472,-0.231934,-1.050293,-0.321777,-33.996582,-125.732422,105.041504
12473,-0.303711,-0.975098,-0.222656,-59.326172,-113.281250,116.577148
12474,-0.369141,-0.693848,-0.111816,-71.777344,-89.660645,107.910156
12475,-0.382324,-0.631836,-0.086914,-56.884766,-73.974609,94.909668
12476,-0.383301,-0.590332,-0.092285,-39.794922,-52.185059,76.538086
12477,-0.371094,-0.557617,0.001953,-16.052246,-5.004883,27.954102
12478,-0.354980,-0.523926,0.059570,-10.925293,6.835938,4.211426
12479,-0.364746,-0.515137,0.083008,-6.408691,9.948730,-16.784668
12480,-0.396484,-0.513672,0.086914,-1.220703,9.887695,-35.522461
12481,-0.489258,-0.531250,0.072754,6.835938,4.699707,-69.396973
12482,-0.544922,-0.533691,0.077148,6.286621,-2.441406,-84.289551
12483,-0.599121,-0.537109,0.028320,-0.061035,-12.145996,-96.130371
12484,-0.645020,-0.574707,-0.084473,-8.300781,-22.766113,-105.407715
12485,-0.668945,-0.606445,-0.250977,-17.517090,-32.348633,-110.229492
12486,-0.679199,-0.803711,-0.858887,-20.568848,-32.165527,-104.614258
12487,-0.617188,-0.942383,-1.139160,-8.666992,-20.446777,-91.857910
12488,-0.668945,-1.579590,-1.033203,42.724609,15.502930,-19.165039
12489,-0.720215,-1.757324,-0.613770,67.260742,27.160645,9.216309
12490,-0.779297,-1.349121,-0.088379,83.190918,36.804199,14.892578
12491,-0.821777,-0.921875,0.214355,55.053711,43.823242,-10.070801
12492,-0.691406,-0.416504,0.351562,32.653809,38.391113,-18.737793
12493,-0.607422,-0.393066,0.284668,27.832031,33.691406,-15.258789
12494,-0.546387,-0.553223,0.282715,35.400391,29.296875,-10.009766
12495,-0.555664,-1.506836,0.201172,53.710938,-17.456055,27.648926
12496,-0.531250,-1.934570,0.062988,96.801758,-23.742676,42.297363
12497,-0.745605,-1.730957,0.338379,109.436035,5.126953,16.540527
12498,-0.595703,-1.159180,0.462891,61.828613,48.217773,-37.963867
12499,-0.500977,-0.986328,0.434082,45.715332,55.175781,-46.752930
12500,-0.440918,-0.856445,0.433594,35.827637,53.955078,-56.274414
12501,-0.379395,-0.657227,0.389648,17.272949,39.184570,-72.265625
12502,-0.371582,-0.635742,0.370605,15.197754,33.813477,-73.242188
12503,-0.368164,-0.649414,0.395020,19.836426,29.174805,-72.387695
12504,-0.362793,-0.680664,0.450684,27.709961,24.597168,-70.556641
12505,-0.371094,-0.790039,0.562500,23.803711,7.141113,-66.833496
12506,-0.357422,-0.843262,0.585938,7.751465,-2.319336,-65.551758
12507,-0.334473,-0.871582,0.587891,-14.221191,-10.314941,-61.218262
12508,-0.318359,-0.877930,0.565430,-39.489746,-16.601562,-52.734375
12509,-0.322266,-0.910645,0.411133,-73.059082,-22.277832,-31.311035
12510,-0.310059,-0.947754,0.336914,-72.753906,-23.376465,-23.193359
12511,-0.265625,-1.008789,0.198730,-51.330566,-29.968262,-20.019531
12512,-0.235352,-1.013184,0.111328,-36.071777,-33.081055,-24.230957
12513,-0.198242,-1.006836,-0.113770,-19.592285,-31.250000,-31.616211
12514,-0.166992,-0.941895,-0.279297,7.690430,-18.371582,-38.818359
12515,-0.131348,-0.819336,-0.207520,20.629883,-23.559570,-41.137695
12516,-0.189941,-0.803223,-0.532227,18.615723,-19.531250,-26.672363
12517,-0.244141,-0.834473,-0.602051,17.639160,0.732422,-23.010254
12518,-0.291016,-0.791504,-0.560547,14.038086,48.400879,-20.751953
12519,-0.301270,-0.731934,-0.479004,12.756348,72.387695,-17.333984
12520,-0.295410,-0.685547,-0.342773,13.427734,88.073730,-11.718750
12521,-0.276367,-0.661621,-0.187500,12.573242,92.224121,-5.310059
12522,-0.234375,-0.654297,0.066406,-0.061035,67.016602,11.779785
12523,-0.225586,-0.700195,0.155273,-13.610840,44.555664,21.118164
12524,-0.212402,-0.763672,0.208984,-28.076172,19.592285,29.052734
12525,-0.194824,-0.857910,0.154297,-50.476074,-21.362305,41.687012
12526,-0.194336,-0.907715,0.086914,-53.405762,-32.531738,45.043945
12527,-0.194336,-0.965820,0.004395,-49.499512,-37.780762,45.959473
12528,-0.196777,-1.100586,-0.196777,-22.949219,-35.095215,39.733887
12529,-0.200195,-1.133301,-0.352051,0.976562,-26.672363,35.705566
12530,-0.230957,-1.160645,-0.537109,32.836914,-11.474609,32.165527
12531,-0.264160,-1.184082,-0.597168,56.640625,13.488770,31.860352
12532,-0.490234,-1.518555,-0.608398,67.321777,74.707031,12.573242
12533,-0.504395,-1.556152,-0.477051,52.917480,103.637695,-1.831055
12534,-0.410645,-1.431641,-0.196777,24.169922,114.074707,-8.422852
12535,-0.238770,-0.975098,0.362305,-53.588867,45.776367,23.620605
12536,-0.330078,-0.995605,0.314453,-85.083008,-3.967285,39.001465
12537,-0.398926,-1.120605,0.153809,-95.153809,-35.583496,46.936035
12538,-0.556641,-1.296387,0.014160,-89.050293,-36.376953,64.025879
12539,-0.627930,-1.412109,-0.044922,-86.730957,-18.249512,64.147949
12540,-0.642578,-1.517090,-0.007324,-79.711914,1.037598,51.757812
12541,-0.502441,-1.238770,-0.009766,-69.519043,26.428223,21.362305
12542,-0.429688,-1.043457,-0.050293,-59.570312,39.367676,15.869141
12543,-0.384277,-0.876465,-0.017578,-47.485352,48.767090,13.488770
12544,-0.377930,-0.663574,0.082520,-19.775391,49.499512,14.770508
12545,-0.402832,-0.576660,0.082031,-7.263184,45.288086,19.775391
12546,-0.439453,-0.530762,0.103516,4.455566,42.846680,26.306152
12547,-0.457520,-0.523926,0.158203,14.465332,28.259277,30.212402
12548,-0.555664,-0.633789,0.236328,15.380859,14.770508,26.611328
12549,-0.602051,-0.708008,0.220703,17.211914,1.098633,19.348145
12550,-0.610352,-0.753906,0.196289,17.395020,-9.582520,11.169434
12551,-0.450195,-0.740234,0.288574,10.437012,-33.874512,9.582520
12552,-0.338867,-0.849609,0.190918,1.770020,-71.411133,23.803711
12553,-0.256348,-0.931641,0.035645,11.169434,-104.614258,40.588379
12554,-0.195312,-0.962402,-0.064453,13.000488,-130.371094,52.124023
12555,-0.031738,-1.041504,-0.250000,-5.737305,-148.437500,89.111328
12556,-0.092285,-1.052734,-0.250488,-38.146973,-145.629883,108.215332
12557,-0.214355,-0.897461,-0.199219,-59.509277,-135.925293,120.910645
12558,-0.355957,-0.666992,-0.118164,-56.457520,-105.590820,107.055664
12559,-0.377441,-0.615723,-0.111328,-42.480469,-82.275391,86.914062
12560,-0.363281,-0.510254,-0.041504,-23.559570,-27.770996,36.743164
12561,-0.362305,-0.461914,0.035645,-21.301270,-8.361816,10.559082
12562,-0.392578,-0.446289,0.079590,-22.888184,0.854492,-13.366699
12563,-0.498535,-0.482910,0.044434,-16.174316,4.577637,-59.265137
12564,-0.561523,-0.524414,0.024902,-7.934570,1.037598,-80.383301
12565,-0.623047,-0.561523,-0.002441,-2.258301,-7.202148,-100.585938
12566,-0.643555,-0.579590,-0.177246,-2.746582,-22.705078,-129.150391
12567,-0.604492,-0.597168,-0.335449,-14.526367,-23.559570,-129.821777
12568,-0.574219,-0.691406,-0.527832,-31.250000,-21.606445,-121.459961
12569,-0.564941,-0.821777,-0.766602,-36.193848,-7.385254,-80.322266
12570,-0.458984,-1.360352,-1.314941,9.033203,5.554199,-38.757324
12571,-0.487793,-1.780762,-1.151855,31.799316,2.136230,-2.380371
12572,-0.905273,-1.339844,-0.170898,87.646484,33.996582,24.169922
12573,-0.907715,-0.875000,0.202148,89.050293,43.701172,5.798340
12574,-0.840820,-0.560059,0.363281,71.411133,41.198730,-13.244629
12575,-0.744141,-0.335449,0.361816,49.743652,37.536621,-24.536133
12576,-0.601074,-0.406738,0.352539,41.564941,29.907227,-14.526367
12577,-0.570312,-0.641113,0.385742,45.349121,10.498047,-1.281738
12578,-0.525879,-1.088867,0.380371,43.212891,-28.320312,26.916504
12579,-0.536621,-2.093262,-0.128906,87.219238,-32.226562,40.588379
12580,-0.576660,-1.676270,0.067871,98.999023,11.230469,-5.615234
12581,-0.474609,-1.250977,0.278320,80.810547,44.555664,-33.874512
12582,-0.416016,-1.033203,0.381836,59.204102,56.274414,-42.968750
12583,-0.392090,-0.850098,0.445312,26.611328,44.372559,-64.086914
12584,-0.367188,-0.755371,0.408691,14.343262,36.682129,-71.899414
12585,-0.357422,-0.698730,0.391113,9.155273,30.395508,-73.425293
12586,-0.341797,-0.692383,0.428711,17.028809,22.888184,-70.495605
12587,-0.350098,-0.714844,0.499023,20.874023,16.784668,-69.946289
12588,-0.341797,-0.768555,0.554199,17.944336,5.798340,-69.763184
12589,-0.324219,-0.840332,0.579590,8.789062,-7.202148,-69.580078
12590,-0.267090,-0.902344,0.524414,-24.780273,-25.695801,-63.537598
12591,-0.256348,-0.908691,0.471680,-42.724609,-27.709961,-52.795410
12592,-0.252930,-0.936035,0.420410,-56.518555,-27.526855,-40.344238
12593,-0.243164,-0.992188,0.296875,-61.462402,-31.250000,-23.315430
12594,-0.228027,-1.005371,0.203613,-52.673340,-34.423828,-22.399902
12595,-0.206055,-0.979492,0.119141,-39.916992,-36.865234,-24.353027
12596,-0.175293,-0.918457,-0.142090,-12.084961,-38.085938,-30.883789
12597,-0.189453,-0.876465,-0.331055,15.319824,-24.597168,-34.118652
12598,-0.222168,-0.808594,-0.312500,44.982910,-14.648438,-37.841797
12599,-0.240723,-0.718750,-0.256836,54.016113,-18.371582,-35.766602
12600,-0.299316,-0.779785,-0.493652,41.687012,-9.277344,-21.789551
12601,-0.309082,-0.801270,-0.578125,33.081055,8.483887,-19.653320
12602,-0.306641,-0.743652,-0.531738,28.991699,53.833008,-14.282227
12603,-0.282227,-0.693359,-0.387207,29.663086,68.603516,-8.789062
12604,-0.255371,-0.669434,-0.216309,29.052734,72.021484,-1.403809
12605,-0.224121,-0.662598,-0.071777,24.658203,64.941406,6.958008
12606,-0.169922,-0.739258,0.123535,2.258301,36.193848,26.611328
12607,-0.157715,-0.801758,0.179688,-12.268066,19.653320,35.400391
12608,-0.152832,-0.858887,0.199219,-25.451660,4.272461,42.541504
12609,-0.162109,-0.970215,0.145020,-40.100098,-16.052246,48.767090
12610,-0.163086,-1.023438,0.082031,-39.489746,-20.019531,46.936035
12611,-0.159668,-1.072754,-0.011719,-33.508301,-19.409180,42.236328
12612,-0.155762,-1.135254,-0.297363,-7.202148,-3.234863,34.179688
12613,-0.191406,-1.161621,-0.476074,17.028809,13.122559,30.700684
12614,-0.270020,-1.229004,-0.575195,39.916992,37.109375,26.367188
12615,-0.357910,-1.371582,-0.615234,60.607910,63.537598,16.357422
12616,-0.479980,-1.543457,-0.354004,60.241699,107.971191,-17.089844
12617,-0.331543,-1.401855,0.019043,32.775879,103.515625,-25.329590
12618,-0.110840,-0.926270,0.629883,-63.049316,12.939453,20.263672
12619,-0.296387,-0.939453,0.591309,-107.177734,-41.992188,45.471191
12620,-0.420898,-1.028809,0.429688,-141.906738,-76.416016,59.997559
12621,-0.598633,-1.442383,0.102539,-154.113770,-81.909180,76.049805
12622,-0.654297,-1.710938,0.012207,-135.314941,-61.340332,62.011719
12623,-0.659180,-1.821777,-0.027344,-104.919434,-35.705566,36.193848
12624,-0.501953,-1.208496,-0.119141,-46.386719,25.512695,18.005371
12625,-0.438477,-0.945312,-0.073730,-26.855469,50.048828,21.606445
12626,-0.400391,-0.749512,-0.002441,-10.986328,64.331055,22.827148
12627,-0.390137,-0.498047,0.102539,9.399414,70.251465,24.780273
12628,-0.416504,-0.416016,0.154297,16.540527,63.354492,30.273438
12629,-0.461426,-0.435059,0.229980,19.531250,48.156738,37.414551
12630,-0.523438,-0.513184,0.281738,18.737793,24.291992,37.841797
12631,-0.586426,-0.658691,0.407715,18.859863,-53.100586,34.790039
12632,-0.532227,-0.833496,0.167969,14.221191,-112.792969,44.372559
12633,-0.379395,-1.002930,-0.185547,39.978027,-139.648438,51.025391
12634,-0.221680,-1.021973,-0.336914,42.419434,-125.061035,53.894043
12635,-0.210449,-1.145020,-0.343262,20.080566,-99.487305,93.811035
12636,-0.317383,-1.190918,-0.289551,-20.141602,-83.068848,106.323242
12637,-0.379883,-0.968262,-0.114746,-61.035156,-68.298340,113.830566
12638,-0.394043,-0.747070,0.028809,-81.542969,-60.424805,114.562988
12639,-0.385742,-0.538574,0.131348,-83.557129,-60.363770,108.032227
12640,-0.396973,-0.544922,0.073242,-75.500488,-49.682617,94.848633
12641,-0.378906,-0.548340,0.048828,-64.025879,-30.456543,71.716309
12642,-0.290527,-0.495605,0.083496,-40.344238,4.577637,16.418457
12643,-0.269043,-0.452148,0.106934,-31.860352,10.314941,-5.249023
12644,-0.283691,-0.438477,0.113770,-23.803711,10.986328,-23.010254
12645,-0.369141,-0.499512,0.080566,-4.028320,4.211426,-59.265137
12646,-0.425781,-0.537598,0.056641,2.990723,-2.197266,-77.026367
12647,-0.487793,-0.560547,0.004395,4.455566,-11.291504,-93.078613
12648,-0.559082,-0.576660,-0.251465,-5.676270,-31.311035,-114.440918
12649,-0.586426,-0.630371,-0.476074,-11.352539,-34.301758,-118.591309
12650,-0.627930,-0.739746,-0.721191,-15.991211,-28.991699,-119.384766
12651,-0.687500,-0.832031,-0.869141,-10.925293,-19.287109,-114.929199
12652,-0.669434,-1.245605,-0.945801,43.762207,18.554688,-61.584473
12653,-0.735352,-1.623047,-0.600098,62.744141,18.432617,-21.057129
12654,-0.964355,-1.629883,-0.117676,80.383301,5.920410,27.832031
12655,-1.085449,-0.921875,0.268066,73.303223,-2.929688,41.381836
12656,-0.832031,-0.583008,0.233398,40.466309,5.432129,25.878906
12657,-0.661133,-0.432129,0.171387,10.559082,14.892578,13.427734
12658,-0.497559,-0.570312,-0.005371,-6.042480,19.592285,-6.164551
12659,-0.452148,-0.773438,-0.024902,4.760742,16.235352,-12.451172
12660,-0.454102,-1.171387,-0.054688,11.413574,-0.976562,-4.455566
12661,-0.480469,-1.903809,-0.342285,34.179688,-17.272949,17.761230
12662,-0.625977,-1.471191,0.173828,112.670898,65.490723,-27.770996
12663,-0.627441,-1.159668,0.445801,101.013184,85.937500,-45.166016
12664,-0.578125,-0.948730,0.513184,82.824707,86.425781,-51.574707
12665,-0.483887,-0.768555,0.440918,53.466797,81.237793,-62.438965
12666,-0.442871,-0.717773,0.419434,44.677734,79.284668,-67.993164
12667,-0.401855,-0.694824,0.430176,41.564941,75.073242,-70.922852
12668,-0.366211,-0.687988,0.469238,41.442871,66.406250,-72.143555
12669,-0.350098,-0.689941,0.500488,38.757324,55.664062,-73.974609
12670,-0.310547,-0.769531,0.573730,20.324707,30.944824,-79.467773
12671,-0.286133,-0.814453,0.642090,5.065918,14.709473,-76.782227
12672,-0.270996,-0.875000,0.670410,-18.188477,-2.624512,-71.777344
12673,-0.230469,-0.897461,0.624512,-77.941895,-31.066895,-49.194336
12674,-0.236816,-0.896484,0.549316,-101.013184,-41.259766,-32.348633
12675,-0.254883,-0.917480,0.454102,-113.098145,-49.682617,-19.836426
12676,-0.231934,-0.973633,0.241699,-95.642090,-62.805176,-10.742188
12677,-0.215332,-0.982910,0.129395,-72.326660,-65.979004,-14.282227
12678,-0.203613,-0.997559,-0.160645,-10.192871,-57.495117,-33.874512
12679,-0.173340,-0.912598,-0.485352,36.926270,-35.766602,-41.870117
12680,-0.166504,-0.783691,-0.439453,85.327148,-11.169434,-45.349121
12681,-0.145996,-0.698730,-0.353516,90.759277,16.113281,-32.104492
12682,-0.228516,-0.728027,-0.440918,73.425293,15.441895,-24.902344
12683,-0.260742,-0.804199,-0.521484,66.528320,25.329590,-21.118164
12684,-0.254395,-0.795410,-0.524414,58.166504,42.663574,-19.042969
12685,-0.234863,-0.722656,-0.338867,35.461426,74.340820,-3.356934
12686,-0.239258,-0.712891,-0.203613,21.179199,76.599121,7.324219
12687,-0.236816,-0.732910,0.020020,-5.676270,52.978516,27.343750
12688,-0.243164,-0.789062,0.072266,-18.188477,31.982422,34.912109
12689,-0.245117,-0.854004,0.076660,-28.320312,10.253906,39.916992
12690,-0.239746,-0.926758,0.039062,-34.301758,-8.422852,43.029785
12691,-0.234863,-1.073730,-0.081055,-30.578613,-31.677246,43.701172
12692,-0.233887,-1.162109,-0.158691,-23.071289,-34.362793,40.161133
12693,-0.225098,-1.212891,-0.229492,-12.634277,-31.311035,35.705566
12694,-0.253418,-1.242188,-0.385254,2.075195,-5.004883,30.700684
12695,-0.322754,-1.250977,-0.492676,3.601074,19.653320,29.968262
12696,-0.391602,-1.361816,-0.546875,6.591797,50.842285,22.949219
12697,-0.425293,-1.431641,-0.471191,6.774902,78.796387,8.056641
12698,-0.249512,-1.273926,0.047363,-18.127441,88.562012,-13.427734
12699,-0.099609,-1.102539,0.386719,-44.555664,54.138184,-2.685547
12700,-0.153809,-1.180176,0.332031,-77.392578,-40.222168,37.292480
12701,-0.278809,-1.335938,0.206543,-71.716309,-57.678223,46.691895
12702,-0.379883,-1.437012,0.127930,-66.894531,-54.809570,50.598145
12703,-0.535156,-1.580078,0.060547,-58.471680,-17.883301,44.372559
12704,-0.590820,-1.512207,0.005371,-53.405762,7.629395,33.874512
12705,-0.579590,-1.249512,-0.082031,-47.363281,37.841797,26.977539
12706,-0.531738,-0.988770,-0.098633,-39.306641,66.650391,23.254395
12707,-0.466797,-0.639160,0.002441,-8.056641,97.656250,21.972656
12708,-0.475098,-0.548828,0.074707,10.803223,101.562500,21.667480
12709,-0.541016,-0.492188,0.239258,37.597656,85.693359,25.451660
12710,-0.591797,-0.523926,0.313477,45.410156,64.208984,24.658203
12711,-0.660156,-0.558105,0.392090,45.898438,34.362793,20.935059
12712,-0.729004,-0.572754,0.424805,42.297363,-0.915527,16.174316
12713,-0.677246,-0.593262,0.255859,37.414551,-72.387695,12.512207
12714,-0.549805,-0.576660,0.211426,26.855469,-89.233398,18.005371
12715,-0.459473,-0.677246,0.030762,15.808105,-103.576660,30.212402
12716,-0.339355,-0.787109,-0.054688,17.578125,-111.755371,56.274414
12717,-0.240234,-0.837402,-0.040039,19.470215,-122.985840,70.373535
12718,-0.124023,-0.959473,-0.176758,12.756348,-127.258301,92.956543
12719,-0.162598,-1.106934,-0.230957,-13.122559,-130.004883,116.088867
12720,-0.330078,-0.952148,-0.149414,-87.158203,-106.384277,135.009766
12721,-0.390625,-0.807617,-0.097168,-98.632812,-97.106934,126.708984
12722,-0.397949,-0.712891,-0.041016,-98.815918,-82.519531,112.426758
12723,-0.391602,-0.625488,-0.070801,-70.495605,-42.480469,65.490723
12724,-0.375488,-0.600586,-0.066406,-53.527832,-16.967773,33.752441
12725,-0.359375,-0.555176,-0.013672,-25.878906,13.488770,-26.733398
12726,-0.395020,-0.453613,0.043457,-16.235352,17.395020,-48.950195
12727,-0.434082,-0.478027,0.033203,-5.493164,14.892578,-67.993164
12728,-0.530762,-0.559570,-0.055176,8.666992,-0.305176,-96.496582
12729,-0.566406,-0.594238,-0.134766,11.901855,-12.512207,-110.168457
12730,-0.577148,-0.638184,-0.319336,11.108398,-21.789551,-119.018555
12731,-0.543945,-0.830566,-0.696289,25.695801,-15.319824,-125.610352
12732,-0.514648,-0.950684,-0.647461,14.587402,-22.216797,-112.487793
12733,-0.495117,-1.166016,-0.854980,-6.469727,-21.057129,-80.078125
12734,-0.687500,-2.071777,-0.619629,9.948730,-30.090332,28.930664
12735,-1.117188,-1.551270,-0.063965,18.371582,-26.367188,63.598633
12736,-1.251953,-1.109863,0.134277,20.629883,-5.981445,51.330566
12737,-1.157227,-0.700195,0.338867,5.432129,13.427734,22.827148
12738,-0.781738,-0.305664,0.237793,-5.371094,41.687012,1.953125
12739,-0.629395,-0.394531,0.227539,11.413574,50.720215,-3.234863
12740,-0.478027,-0.742188,0.278809,59.143066,29.479980,-5.065918
12741,-0.470703,-1.179688,0.162598,80.566406,2.197266,13.244629
12742,-0.516602,-1.560059,-0.005371,110.534668,3.295898,19.104004
12743,-0.650391,-1.460938,0.312988,119.323730,44.616699,-24.414062
12744,-0.562500,-1.281738,0.344727,100.341797,58.593750,-48.583984
12745,-0.478027,-1.091797,0.361816,82.153320,68.298340,-60.852051
12746,-0.419434,-0.973633,0.394043,62.438965,72.692871,-67.993164
12747,-0.335938,-0.795410,0.466309,27.770996,62.133789,-79.833984
12748,-0.295898,-0.727051,0.474121,21.179199,51.879883,-79.101562
12749,-0.283691,-0.691406,0.514648,17.395020,41.076660,-75.073242
12750,-0.260742,-0.703125,0.592773,-5.187988,12.939453,-70.068359
12751,-0.250488,-0.740234,0.612305,-17.883301,-2.990723,-66.955566
12752,-0.240723,-0.789551,0.619141,-31.982422,-18.615723,-65.551758
12753,-0.221191,-0.853027,0.497559,-59.020996,-34.362793,-56.945801
12754,-0.229980,-0.888184,0.436523,-70.861816,-31.433105,-49.255371
12755,-0.215332,-0.958496,0.336914,-77.148438,-24.230957,-35.522461
12756,-0.209961,-0.986328,0.273926,-68.115234,-23.559570,-29.174805
12757,-0.203125,-1.019043,0.189453,-52.185059,-25.390625,-27.893066
12758,-0.188477,-1.020996,0.120117,-33.386230,-28.625488,-30.517578
12759,-0.181641,-1.004883,-0.084961,-15.136719,-27.587891,-35.766602
12760,-0.174805,-0.847168,-0.319824,43.640137,1.159668,-46.569824
12761,-0.200684,-0.775391,-0.279785,50.659180,12.878418,-42.968750
12762,-0.286133,-0.750488,-0.477051,45.349121,4.150391,-29.785156
12763,-0.304688,-0.766113,-0.556152,46.325684,13.488770,-24.902344
12764,-0.316406,-0.754883,-0.577148,44.311523,32.775879,-21.423340
12765,-0.291016,-0.681152,-0.360352,35.644531,64.575195,-7.690430
12766,-0.251465,-0.666016,-0.235352,28.320312,69.091797,0.671387
12767,-0.209961,-0.673340,-0.108887,20.751953,65.002441,10.925293
12768,-0.175293,-0.698242,0.006348,9.643555,53.405762,21.362305
12769,-0.148926,-0.747559,0.092285,-4.211426,37.048340,32.348633
12770,-0.153320,-0.872070,0.131348,-35.644531,4.638672,50.109863
12771,-0.155762,-0.944336,0.104980,-48.217773,-6.469727,54.199219
12772,-0.155273,-1.019531,0.063965,-55.175781,-14.038086,54.138184
12773,-0.153809,-1.159668,-0.137695,-44.067383,-18.798828,43.884277
12774,-0.166504,-1.186523,-0.299805,-24.658203,-13.305664,36.926270
12775,-0.207031,-1.208984,-0.474609,1.220703,0.671387,31.799316
12776,-0.410645,-1.348145,-0.611328,46.447754,48.950195,20.324707
12777,-0.470215,-1.450195,-0.545410,53.466797,76.843262,8.728027
12778,-0.490234,-1.500977,-0.388672,41.320801,99.182129,-2.075195
12779,-0.293945,-1.142578,0.177246,-21.301270,85.571289,-1.342773
12780,-0.218262,-0.922363,0.391602,-59.814453,43.395996,21.057129
12781,-0.285156,-0.928711,0.396973,-89.538574,-5.310059,42.053223
12782,-0.332031,-1.048828,0.241699,-101.806641,-40.405273,55.053711
12783,-0.495605,-1.297363,0.089355,-88.928223,-51.025391,76.965332
12784,-0.573242,-1.459961,0.067383,-81.176758,-38.574219,75.744629
12785,-0.595215,-1.644043,0.057617,-55.847168,-8.483887,40.954590
12786,-0.553223,-1.449707,-0.024414,-46.691895,10.253906,25.451660
12787,-0.386719,-0.941406,-0.024414,-31.555176,51.208496,18.493652
12788,-0.333496,-0.756836,0.046387,-20.568848,58.715820,17.944336
12789,-0.312988,-0.614746,0.088867,-9.704590,58.288574,19.592285
12790,-0.315918,-0.524414,0.102539,-1.525879,55.175781,23.132324
12791,-0.365723,-0.504883,0.180176,11.047363,44.311523,31.616211
12792,-0.410156,-0.573242,0.215820,11.474609,30.517578,31.677246
12793,-0.455566,-0.634766,0.216797,14.038086,13.000488,27.587891
12794,-0.512207,-0.730469,0.208496,20.935059,-24.841309,19.958496
12795,-0.474121,-0.766113,0.236816,27.770996,-47.119141,19.958496
12796,-0.392578,-0.836914,0.228516,22.644043,-86.059570,26.916504
12797,-0.338379,-0.899902,-0.038086,28.808594,-127.929688,45.959473
12798,-0.298828,-0.864746,-0.067383,22.827148,-137.878418,55.419922
12799,-0.197266,-0.922852,-0.224609,5.065918,-139.099121,70.983887
12800,-0.246582,-0.937012,-0.223633,-19.592285,-134.094238,93.444824
12801,-0.358398,-0.839844,-0.175293,-74.890137,-110.656738,108.642578
12802,-0.378418,-0.760742,-0.117676,-83.984375,-99.914551,105.102539
12803,-0.382812,-0.700684,-0.107910,-68.176270,-71.594238,80.261230
12804,-0.363281,-0.614746,-0.145996,-49.926758,-49.377441,61.218262
12805,-0.333984,-0.573730,-0.121094,-28.991699,-24.291992,38.391113
12806,-0.327637,-0.556641,-0.036621,-13.183594,-3.723145,11.779785
12807,-0.366699,-0.490234,0.095703,4.943848,13.854980,-35.034180
12808,-0.434082,-0.525391,0.127441,8.300781,16.418457,-54.382324
12809,-0.495605,-0.563477,0.135254,12.207031,16.296387,-72.692871
12810,-0.628906,-0.620605,0.095215,13.732910,3.173828,-103.698730
12811,-0.641602,-0.642578,-0.044922,10.437012,-6.469727,-114.746094
12812,-0.617676,-0.646973,-0.303711,8.361816,-11.291504,-118.652344
12813,-0.469727,-0.862305,-0.753906,14.709473,-13.061523,-102.783203
12814,-0.414062,-1.089844,-0.956543,6.286621,-21.301270,-80.810547
12815,-0.408691,-1.428711,-1.277344,4.150391,-20.629883,-46.752930
12816,-0.678711,-1.842773,-0.664062,43.579102,32.409668,-2.746582
12817,-0.798828,-1.356934,0.001465,51.757812,42.846680,1.831055
12818,-0.958008,-0.912109,0.298828,44.128418,40.039062,2.929688
12819,-0.914062,-0.343262,0.512695,18.554688,25.756836,-13.916016
12820,-0.744629,-0.213867,0.408691,2.868652,19.775391,-15.808105
12821,-0.602539,-0.274414,0.268066,1.281738,14.587402,-13.610840
12822,-0.474121,-0.466309,0.164551,9.948730,10.620117,-13.488770
12823,-0.406738,-1.124023,0.112305,20.141602,-18.615723,-3.417969
12824,-0.425293,-1.963379,-0.249023,37.109375,-54.870605,26.367188
12825,-0.643066,-1.791504,0.156250,118.957520,23.620605,-18.554688
12826,-0.583008,-1.413086,0.344727,94.970703,50.903320,-36.560059
12827,-0.515625,-1.113770,0.405273,67.199707,61.706543,-45.166016
12828,-0.450195,-0.756836,0.420410,35.339355,62.561035,-58.166504
12829,-0.420410,-0.660156,0.422852,28.442383,55.847168,-59.448242
12830,-0.407227,-0.622559,0.439453,25.756836,46.508789,-58.471680
12831,-0.362305,-0.626465,0.474121,31.555176,21.972656,-59.509277
12832,-0.347168,-0.659180,0.486328,32.409668,10.498047,-62.377930
12833,-0.334473,-0.711914,0.508789,26.855469,1.342773,-65.795898
12834,-0.326172,-0.791016,0.538086,13.610840,-5.432129,-68.481445
12835,-0.298828,-0.876953,0.583496,-36.926270,-12.268066,-64.392090
12836,-0.285645,-0.881836,0.571289,-65.856934,-14.892578,-52.795410
12837,-0.298828,-0.907715,0.503906,-86.730957,-17.456055,-38.085938
12838,-0.313965,-0.957520,0.431152,-96.496582,-20.019531,-27.160645
12839,-0.282715,-1.003906,0.215332,-76.049805,-30.578613,-21.728516
12840,-0.245117,-0.998535,0.098633,-50.964355,-32.714844,-23.437500
12841,-0.201172,-0.978027,0.010254,-24.475098,-33.447266,-27.404785
12842,-0.168457,-0.960449,-0.109375,-0.061035,-32.836914,-32.897949
12843,-0.122070,-0.779785,-0.363281,70.922852,-5.920410,-40.161133
12844,-0.108398,-0.727051,-0.295410,79.956055,-6.652832,-36.987305
12845,-0.143555,-0.768555,-0.386230,71.960449,-0.305176,-30.883789
12846,-0.185059,-0.806152,-0.452637,61.950684,14.221191,-25.207520
12847,-0.251953,-0.838867,-0.470703,39.916992,53.100586,-18.554688
12848,-0.275879,-0.792480,-0.417969,33.874512,72.082520,-14.770508
12849,-0.293945,-0.755859,-0.299316,29.785156,83.190918,-10.864258
12850,-0.244629,-0.708984,-0.035156,17.883301,71.960449,-1.892090
12851,-0.198730,-0.705078,0.072266,6.835938,53.100586,7.080078
12852,-0.162598,-0.729004,0.145996,-8.178711,31.005859,18.432617
12853,-0.134766,-0.836426,0.144531,-36.987305,-11.413574,36.926270
12854,-0.138184,-0.893555,0.085938,-42.602539,-25.573730,40.710449
12855,-0.132812,-1.025391,-0.060059,-34.484863,-37.719727,39.245605
12856,-0.126465,-1.082520,-0.197266,-19.226074,-36.804199,36.254883
12857,-0.131836,-1.139648,-0.318359,2.014160,-29.296875,32.043457
12858,-0.141602,-1.171875,-0.399414,21.301270,-14.343262,28.869629
12859,-0.196777,-1.224609,-0.409668,33.081055,5.371094,26.367188
12860,-0.404785,-1.393555,-0.479492,40.771484,49.926758,14.709473
12861,-0.478516,-1.490234,-0.370605,37.353516,71.716309,4.272461
12862,-0.366699,-1.147461,0.221191,-8.361816,59.875488,5.249023
12863,-0.318848,-0.933594,0.423340,-47.973633,24.658203,27.160645
12864,-0.411133,-0.918457,0.452637,-85.205078,-13.793945,45.898438
12865,-0.483887,-1.154785,0.187012,-122.375488,-45.654297,71.044922
12866,-0.544434,-1.303711,0.098633,-117.431641,-36.804199,74.401855
12867,-0.604980,-1.470215,0.034668,-103.454590,-20.080566,69.580078
12868,-0.621582,-1.640137,0.039062,-83.679199,-1.403809,52.978516
12869,-0.515137,-1.441895,0.028809,-49.682617,32.836914,12.207031
12870,-0.329102,-0.973633,0.062500,-36.254883,55.603027,9.643555
12871,-0.281738,-0.791504,0.104980,-24.719238,54.077148,9.338379
12872,-0.304199,-0.529297,0.149414,-5.981445,39.367676,18.981934
12873,-0.348145,-0.502930,0.148926,-1.586914,29.357910,27.709961
12874,-0.397949,-0.533691,0.138672,0.915527,19.470215,33.630371
12875,-0.460938,-0.606445,0.142090,2.807617,10.314941,35.766602
12876,-0.583496,-0.782715,0.221191,11.962891,-17.944336,36.499023
12877,-0.534668,-0.882812,0.385254,7.934570,-62.988281,44.189453
12878,-0.512695,-1.047363,0.011719,16.662598,-113.098145,54.443359
12879,-0.393555,-1.006348,-0.230957,39.245605,-141.296387,62.133789
12880,-0.229980,-0.956055,-0.371582,40.100098,-125.671387,73.120117
12881,-0.197266,-0.973633,-0.287598,22.338867,-112.182617,92.773438
12882,-0.214844,-0.856934,-0.179199,-47.851562,-80.444336,116.638184
12883,-0.242188,-0.731445,-0.083496,-67.321777,-69.030762,120.666504
12884,-0.268555,-0.638184,-0.035156,-69.702148,-60.668945,118.041992
12885,-0.270508,-0.557617,-0.008789,-60.485840,-50.903320,109.375000
12886,-0.295410,-0.506836,0.052246,-33.752441,-20.141602,74.951172
12887,-0.287598,-0.484863,0.115234,-25.024414,-6.835938,49.316406
12888,-0.294434,-0.471191,0.158203,-21.118164,1.464844,23.437500
12889,-0.337402,-0.483887,0.155273,-17.822266,5.432129,-19.287109
12890,-0.379883,-0.500977,0.125977,-12.390137,5.004883,-37.780762
12891,-0.433105,-0.541504,0.121582,-4.882812,2.197266,-56.152344
12892,-0.500000,-0.568848,0.109863,-2.807617,-13.122559,-94.116211
12893,-0.618652,-0.608887,-0.017090,-6.896973,-22.766113,-111.999512
12894,-0.624023,-0.646484,-0.161133,-13.793945,-31.188965,-125.793457
12895,-0.607422,-0.700684,-0.426758,-21.301270,-31.860352,-131.286621
12896,-0.561523,-0.985840,-0.973145,-17.333984,-19.653320,-112.976074
12897,-0.537109,-1.288086,-1.291992,2.624512,-3.601074,-79.772949
12898,-0.583008,-1.774902,-1.182617,28.137207,-8.239746,-32.775879
12899,-1.035645,-1.459473,-0.181641,64.270020,11.291504,46.752930
12900,-1.101562,-1.014648,0.105957,66.101074,35.278320,26.367188
12901,-0.749023,-0.319336,0.375488,17.761230,48.828125,-21.423340
12902,-0.639160,-0.233398,0.318359,3.479004,45.593262,-26.794434
12903,-0.578125,-0.258301,0.288574,3.479004,40.283203,-29.174805
12904,-0.535645,-0.363281,0.269043,9.521484,30.395508,-29.418945
12905,-0.522949,-0.959473,0.290527,19.592285,-25.390625,8.117676
12906,-0.541016,-1.987793,-0.268555,41.564941,-64.392090,55.664062
12907,-0.551758,-2.139648,-0.159668,91.735840,-14.526367,44.921875
12908,-0.605957,-1.461914,0.231445,102.844238,57.434082,-18.493652
12909,-0.488770,-1.117188,0.321289,80.688477,76.171875,-35.339355
12910,-0.412598,-0.938965,0.387695,60.974121,81.665039,-48.400879
12911,-0.328125,-0.691895,0.442383,45.654297,64.941406,-67.687988
12912,-0.324707,-0.655273,0.462891,48.461914,53.771973,-70.007324
12913,-0.333008,-0.654297,0.511230,51.879883,42.724609,-72.326660
12914,-0.337891,-0.666992,0.577637,37.475586,17.944336,-77.209473
12915,-0.324707,-0.751465,0.715332,22.216797,2.136230,-77.270508
12916,-0.322754,-0.840820,0.754395,1.342773,-13.061523,-75.500488
12917,-0.320312,-0.898438,0.724609,-24.841309,-23.559570,-71.716309
12918,-0.339844,-0.959961,0.553223,-73.974609,-19.775391,-47.790527
12919,-0.341309,-0.991211,0.482910,-86.242676,-14.160156,-34.606934
12920,-0.324219,-1.012695,0.402832,-85.021973,-12.390137,-25.207520
12921,-0.256836,-1.014160,0.212891,-56.091309,-20.690918,-21.240234
12922,-0.232422,-1.007324,0.128418,-40.649414,-25.939941,-27.832031
12923,-0.215332,-0.981934,-0.097168,-22.827148,-27.648926,-37.170410
12924,-0.157227,-0.779297,-0.312988,32.836914,-4.211426,-48.828125
12925,-0.154785,-0.706055,-0.277344,28.808594,-7.385254,-41.687012
12926,-0.190430,-0.732910,-0.490234,24.475098,-9.826660,-31.982422
12927,-0.286621,-0.781738,-0.693359,21.118164,21.911621,-25.573730
12928,-0.302734,-0.760254,-0.683105,22.521973,45.043945,-23.132324
12929,-0.288574,-0.708984,-0.578613,22.460938,68.115234,-18.859863
12930,-0.260742,-0.666504,-0.418945,20.874023,84.838867,-12.817383
12931,-0.178711,-0.625000,-0.095215,17.150879,85.449219,-1.098633
12932,-0.142578,-0.615234,0.040039,13.305664,69.458008,7.812500
12933,-0.119141,-0.688477,0.221191,-5.554199,22.155762,31.005859
12934,-0.121582,-0.756836,0.247559,-18.127441,-2.685547,41.442871
12935,-0.137207,-0.832031,0.232910,-28.686523,-23.132324,48.095703
12936,-0.147949,-0.904297,0.190918,-42.602539,-44.006348,49.377441
12937,-0.168457,-1.064453,-0.021973,-42.175293,-42.419434,45.227051
12938,-0.177246,-1.123535,-0.172363,-31.555176,-32.836914,40.100098
12939,-0.270020,-1.252930,-0.528320,25.939941,2.868652,28.747559
12940,-0.358887,-1.353027,-0.598633,60.668945,27.709961,22.460938
12941,-0.470215,-1.503906,-0.619141,89.111328,53.466797,13.183594
12942,-0.594727,-1.581543,-0.323242,65.734863,109.558105,-10.498047
12943,-0.457520,-1.309082,0.057617,22.155762,106.628418,-7.934570
12944,-0.305176,-0.989746,0.368164,-27.587891,69.335938,11.291504
12945,-0.404785,-0.921875,0.305176,-99.182129,-30.456543,51.330566
12946,-0.442383,-1.088867,0.099609,-100.952148,-52.062988,62.316895
12947,-0.530762,-1.242188,0.023926,-75.378418,-35.888672,70.373535
12948,-0.642578,-1.523926,-0.012207,-66.284180,-12.817383,63.537598
12949,-0.625000,-1.652344,0.036621,-59.936523,8.117676,44.677734
12950,-0.456543,-1.246582,-0.100586,-51.269531,48.828125,16.601562
12951,-0.364258,-1.024902,-0.079590,-44.555664,69.458008,15.686035
12952,-0.294434,-0.848633,0.017578,-34.851074,79.040527,14.282227
12953,-0.242188,-0.583984,0.137695,-15.930176,67.565918,16.113281
12954,-0.285645,-0.516602,0.130371,-6.469727,56.701660,19.775391
12955,-0.375977,-0.542969,0.168945,5.798340,32.226562,28.930664
12956,-0.427246,-0.610352,0.178711,5.676270,19.287109,30.212402
12957,-0.483398,-0.696289,0.192383,4.028320,5.310059,28.442383
12958,-0.530273,-0.776855,0.204590,3.051758,-9.948730,26.550293
12959,-0.477051,-0.919922,0.327148,2.990723,-62.744141,28.991699
12960,-0.392090,-1.000977,0.093750,4.638672,-104.858398,35.644531
12961,-0.328125,-1.006836,-0.045898,11.657715,-126.403809,43.334961
12962,-0.189453,-0.913574,-0.225586,6.408691,-132.446289,57.312012
12963,-0.072266,-0.950195,-0.312012,-5.554199,-119.323730,71.105957
12964,-0.125488,-0.961426,-0.234863,-27.587891,-106.506348,88.073730
12965,-0.217285,-0.767578,-0.100098,-55.358887,-77.941895,100.891113
12966,-0.275391,-0.675781,-0.023926,-55.175781,-67.626953,97.595215
12967,-0.318848,-0.610840,-0.002441,-45.166016,-58.410645,87.951660
12968,-0.346191,-0.549316,0.008789,-30.456543,-45.166016,71.899414
12969,-0.373047,-0.507812,0.078613,-9.216309,-15.502930,30.151367
12970,-0.384277,-0.482422,0.125488,-7.080078,-6.530762,7.446289
12971,-0.406250,-0.485352,0.143555,-8.361816,-1.220703,-12.756348
12972,-0.495117,-0.544434,0.126953,-6.530762,2.929688,-49.621582
12973,-0.546875,-0.570312,0.115723,-2.685547,0.854492,-67.077637
12974,-0.596680,-0.618164,0.099609,0.549316,-5.859375,-83.740234
12975,-0.624512,-0.654785,-0.064941,-1.220703,-28.930664,-110.534668
12976,-0.575684,-0.634277,-0.232422,-10.314941,-38.146973,-113.159180
12977,-0.530273,-0.686523,-0.505371,-22.827148,-40.771484,-107.604980
12978,-0.478027,-0.944336,-0.958984,-32.165527,-31.005859,-81.848145
12979,-0.453613,-1.179199,-1.235840,-18.249512,-10.314941,-54.199219
12980,-0.489746,-1.555664,-1.159668,20.568848,8.422852,-22.338867
12981,-0.621582,-1.750000,-0.799316,59.997559,22.583008,5.371094
12982,-0.913086,-1.050293,0.218262,117.248535,32.165527,15.808105
12983,-0.925781,-0.745605,0.416504,105.834961,24.719238,4.577637
12984,-0.819824,-0.466797,0.455078,76.782227,13.305664,-9.460449
12985,-0.607422,-0.315430,0.301758,26.611328,4.638672,-5.187988
12986,-0.539551,-0.525391,0.248047,13.671875,-4.699707,5.493164
12987,-0.499023,-0.874023,0.194336,4.211426,-23.437500,20.019531
12988,-0.573730,-2.625977,-0.436035,8.239746,-78.613281,75.561523
12989,-0.500000,-2.043945,-0.100586,64.697266,-21.911621,32.897949
12990,-0.541016,-1.393555,0.163086,83.618164,24.841309,-19.409180
12991,-0.465820,-0.973633,0.391602,77.148438,56.152344,-44.494629
12992,-0.437500,-0.728516,0.535645,55.419922,55.358887,-59.692383
12993,-0.430664,-0.646484,0.480469,43.090820,46.325684,-67.626953
12994,-0.424316,-0.581543,0.451172,26.306152,35.339355,-74.890137
12995,-0.384277,-0.583008,0.485840,25.268555,27.832031,-74.523926
12996,-0.336426,-0.613770,0.514648,29.113770,18.737793,-72.021484
12997,-0.322266,-0.676270,0.567871,30.029297,7.873535,-71.777344
12998,-0.298828,-0.874023,0.589844,7.812500,-12.634277,-82.763672
12999,-0.279297,-0.919922,0.596191,-14.465332,-17.578125,-84.045410
13000,-0.251465,-0.922363,0.591797,-40.039062,-19.897461,-75.744629
13001,-0.270020,-0.966797,0.544434,-79.040527,-26.123047,-38.208008
13002,-0.279297,-1.029785,0.493164,-82.580566,-33.752441,-23.010254
13003,-0.275391,-1.070312,0.383789,-74.157715,-44.128418,-13.977051
13004,-0.255371,-1.080566,0.134766,-37.353516,-58.044434,-19.958496
13005,-0.226074,-1.039062,-0.088379,-18.188477,-57.434082,-30.212402
13006,-0.221191,-0.934570,-0.234863,5.310059,-49.499512,-39.672852
13007,-0.222168,-0.804688,-0.526855,31.555176,-45.837402,-45.288086
13008,-0.245605,-0.812500,-0.630859,38.391113,-21.545410,-42.419434
13009,-0.275391,-0.829590,-0.627441,28.198242,36.865234,-40.527344
13010,-0.261719,-0.777344,-0.544922,20.202637,63.720703,-36.987305
13011,-0.234375,-0.658203,-0.259277,19.409180,89.538574,-24.230957
13012,-0.232422,-0.624512,-0.103516,19.042969,84.411621,-15.197754
13013,-0.205078,-0.610840,0.023438,15.197754,69.458008,-4.882812
13014,-0.178711,-0.624023,0.115723,7.202148,49.194336,7.385254
13015,-0.179688,-0.732422,0.205566,-18.005371,8.605957,33.020020
13016,-0.191406,-0.797363,0.197266,-30.883789,-6.408691,41.503906
13017,-0.199707,-0.854980,0.186523,-42.785645,-15.869141,47.485352
13018,-0.198730,-0.969727,0.129395,-58.044434,-27.038574,49.926758
13019,-0.180176,-1.027832,0.058594,-55.664062,-30.090332,47.668457
13020,-0.173340,-1.089355,-0.062012,-45.410156,-30.883789,43.334961
13021,-0.183105,-1.146484,-0.249023,-25.268555,-26.733398,37.597656
13022,-0.229980,-1.182617,-0.496582,9.216309,-15.747070,31.921387
13023,-0.447754,-1.356445,-0.772949,70.312500,42.236328,21.911621
13024,-0.519531,-1.529297,-0.701172,79.589844,83.251953,8.178711
13025,-0.439941,-1.454590,-0.125000,31.005859,122.924805,-15.686035
13026,-0.268066,-1.173828,0.236328,-9.399414,97.656250,-6.469727
13027,-0.185547,-0.903809,0.481445,-51.940918,46.813965,20.812988
13028,-0.334961,-1.010742,0.368652,-114.440918,-49.743652,61.767578
13029,-0.421387,-1.154297,0.203125,-120.727539,-65.307617,76.599121
13030,-0.520508,-1.328125,0.096191,-117.065430,-60.546875,84.655762
13031,-0.623535,-1.670410,0.073730,-90.881348,-25.451660,64.147949
13032,-0.616699,-1.644531,0.064453,-73.486328,-6.225586,43.762207
13033,-0.479492,-1.117188,0.015625,-53.527832,34.545898,24.963379
13034,-0.435059,-0.899414,0.028809,-40.954590,47.973633,22.155762
13035,-0.408691,-0.728516,0.062988,-24.414062,54.504395,21.362305
13036,-0.392090,-0.600586,0.098633,-11.352539,56.396484,22.583008
13037,-0.423340,-0.464844,0.148438,5.493164,53.405762,31.860352
13038,-0.450684,-0.466797,0.188965,8.178711,44.555664,34.301758
13039,-0.490234,-0.511719,0.224121,8.850098,30.395508,32.470703
13040,-0.561523,-0.619629,0.220703,15.380859,-7.751465,22.460938
13041,-0.516602,-0.672363,0.184570,24.230957,-27.954102,21.850586
13042,-0.408691,-0.737305,0.279297,22.644043,-57.983398,29.602051
13043,-0.287598,-0.942871,-0.091797,26.855469,-112.854004,53.283691
13044,-0.269043,-0.972656,-0.212891,29.907227,-120.239258,62.194824
13045,-0.187500,-0.957520,-0.344238,20.812988,-121.337891,73.730469
13046,-0.182617,-1.025879,-0.421387,3.601074,-109.924316,92.773438
13047,-0.367676,-0.877441,-0.136719,-64.941406,-91.918945,115.539551
13048,-0.396973,-0.743652,-0.068848,-74.829102,-85.266113,113.220215
13049,-0.408203,-0.665039,-0.032715,-70.312500,-75.866699,104.187012
13050,-0.366699,-0.587891,-0.056152,-46.020508,-38.391113,66.589355
13051,-0.336426,-0.567383,-0.025391,-31.372070,-13.183594,39.245605
13052,-0.298340,-0.528809,0.035156,-18.981934,6.408691,9.948730
13053,-0.301270,-0.480957,0.113770,-2.136230,18.615723,-33.386230
13054,-0.344727,-0.525391,0.107910,4.699707,18.737793,-49.804688
13055,-0.398926,-0.551758,0.098633,11.291504,17.883301,-65.612793
13056,-0.545898,-0.599121,0.069824,11.413574,11.413574,-94.055176
13057,-0.606934,-0.639648,0.005859,2.563477,2.685547,-105.773926
13058,-0.640137,-0.674316,-0.156738,-6.896973,-6.896973,-114.013672
13059,-0.605469,-0.723633,-0.462891,-13.183594,-12.451172,-116.394043
13060,-0.570801,-0.801270,-0.787598,-7.141113,-15.075684,-108.947754
13061,-0.548828,-1.256836,-1.249023,24.291992,-13.122559,-64.880371
13062,-0.559570,-1.632812,-1.208008,42.968750,-1.464844,-32.165527
13063,-0.658691,-1.871582,-0.799805,41.809082,11.474609,0.305176
13064,-1.068848,-1.035156,0.114258,49.194336,30.822754,23.132324
13065,-1.042480,-0.699219,0.338867,39.245605,37.231445,3.051758
13066,-0.869629,-0.385742,0.406738,17.272949,37.658691,-15.808105
13067,-0.712402,-0.220215,0.337402,-0.183105,38.024902,-21.850586
13068,-0.548828,-0.408203,0.237305,16.967773,36.865234,-19.775391
13069,-0.525879,-0.616699,0.261719,36.804199,22.888184,-15.502930
13070,-0.498047,-1.038086,0.245117,53.405762,-12.207031,4.333496
13071,-0.502441,-2.067871,-0.052246,126.892090,-8.789062,34.729004
13072,-0.609863,-1.699219,0.227539,123.291016,25.207520,-5.615234
13073,-0.526855,-1.333008,0.345215,92.895508,51.269531,-34.912109
13074,-0.449219,-0.984863,0.413574,51.879883,67.749023,-56.945801
13075,-0.429199,-0.884766,0.444336,37.414551,63.598633,-69.580078
13076,-0.390625,-0.798828,0.430664,25.390625,57.067871,-78.063965
13077,-0.355957,-0.747070,0.437988,18.432617,50.048828,-80.017090
13078,-0.323242,-0.721191,0.520508,8.239746,33.691406,-75.012207
13079,-0.322266,-0.749512,0.578125,-4.943848,20.812988,-74.401855
13080,-0.305176,-0.790039,0.616699,-21.545410,5.920410,-72.937012
13081,-0.280762,-0.887695,0.561035,-59.997559,-17.578125,-63.415527
13082,-0.276855,-0.904785,0.479980,-77.758789,-20.080566,-54.382324
13083,-0.285156,-0.923340,0.410645,-89.660645,-16.662598,-42.053223
13084,-0.285645,-0.941895,0.345215,-91.735840,-13.610840,-29.418945
13085,-0.263672,-0.985352,0.191406,-67.626953,-14.160156,-16.723633
13086,-0.229980,-0.963867,0.100098,-46.508789,-15.747070,-17.333984
13087,-0.196289,-0.901367,-0.043457,-4.455566,-16.235352,-23.376465
13088,-0.181641,-0.863770,-0.178223,20.996094,-12.512207,-28.625488
13089,-0.183594,-0.757324,-0.231445,50.781250,-5.737305,-31.555176
13090,-0.182129,-0.698242,-0.192871,68.908691,-3.173828,-30.029297
13091,-0.213867,-0.670410,-0.306641,63.903809,11.840820,-22.644043
13092,-0.259277,-0.686523,-0.369629,58.593750,24.536133,-18.798828
13093,-0.294434,-0.704102,-0.411621,56.396484,36.499023,-17.456055
13094,-0.334961,-0.695312,-0.396973,56.945801,54.443359,-13.000488
13095,-0.335449,-0.704102,-0.321777,56.823730,57.373047,-8.361816
13096,-0.308105,-0.720215,-0.194824,52.124023,53.466797,-2.746582
13097,-0.262695,-0.721191,-0.058594,37.414551,44.982910,5.371094
13098,-0.185547,-0.799316,0.069824,-7.385254,24.169922,26.062012
13099,-0.156250,-0.859863,0.092773,-28.198242,13.793945,35.156250
13100,-0.119141,-0.980957,0.077637,-52.612305,-5.859375,44.006348
13101,-0.111328,-1.062012,0.017090,-52.734375,-15.197754,43.273926
13102,-0.119141,-1.127441,-0.082031,-41.442871,-21.911621,38.940430
13103,-0.136230,-1.167969,-0.206055,-23.315430,-23.193359,33.081055
13104,-0.177246,-1.178223,-0.328125,-1.464844,-17.700195,29.235840
13105,-0.365234,-1.208496,-0.465820,22.583008,17.883301,26.672363
13106,-0.494629,-1.297852,-0.528320,28.015137,42.480469,22.521973
13107,-0.558105,-1.382324,-0.469238,26.306152,69.213867,11.718750
13108,-0.455078,-1.291504,-0.099121,-2.075195,87.036133,-3.540039
13109,-0.307129,-1.119141,0.178223,-22.766113,63.049316,3.417969
13110,-0.236816,-0.947266,0.361816,-45.227051,19.775391,21.057129
13111,-0.358887,-1.051758,0.111328,-60.485840,-49.499512,49.804688
13112,-0.445312,-1.151855,0.019531,-52.734375,-47.424316,56.762695
13113,-0.501465,-1.216797,-0.041504,-48.156738,-28.198242,57.312012
13114,-0.530762,-1.258301,-0.018555,-49.133301,-3.051758,53.894043
13115,-0.534180,-1.337402,0.016602,-50.231934,31.921387,32.592773
13116,-0.514648,-1.353027,-0.049805,-47.485352,46.264648,20.874023
13117,-0.456055,-1.229004,-0.119141,-42.602539,66.894531,14.587402
13118,-0.314453,-0.890625,0.056641,-28.198242,84.777832,15.197754
13119,-0.293945,-0.761719,0.138184,-20.019531,75.500488,17.028809
13120,-0.312012,-0.667969,0.154785,-11.169434,60.974121,19.714355
13121,-0.337891,-0.617676,0.136719,-3.234863,47.912598,23.132324
13122,-0.379395,-0.594238,0.175293,2.807617,37.719727,27.587891
13123,-0.446777,-0.655273,0.253418,0.000000,6.408691,32.287598
13124,-0.507324,-0.744629,0.258789,-5.493164,-10.070801,29.479980
13125,-0.557129,-0.823730,0.230957,-9.704590,-25.390625,23.559570
13126,-0.555664,-0.869629,0.177246,-9.887695,-45.532227,11.657715
13127,-0.504883,-0.863281,0.163574,-5.432129,-53.894043,10.131836
13128,-0.418457,-0.826172,0.215820,-3.845215,-69.641113,15.441895
13129,-0.336914,-0.854004,0.051758,3.784180,-92.407227,29.052734
13130,-0.244629,-0.857910,-0.075195,17.333984,-126.342773,56.030273
13131,-0.216797,-0.830566,-0.106445,7.812500,-140.319824,65.979004
13132,-0.217285,-0.880859,-0.154297,-20.446777,-140.869141,99.975586
13133,-0.294922,-0.833984,-0.187988,-37.231445,-134.033203,107.604980
13134,-0.338867,-0.783691,-0.206055,-41.320801,-119.934082,102.355957
13135,-0.364746,-0.657227,-0.198242,-36.315918,-77.514648,68.481445
13136,-0.366699,-0.614746,-0.193359,-27.099609,-51.513672,47.363281
13137,-0.361816,-0.583984,-0.166504,-16.540527,-25.207520,24.780273
13138,-0.363281,-0.547852,-0.110352,-7.995605,-3.112793,2.685547
13139,-0.448730,-0.500977,-0.009277,-2.197266,23.620605,-37.170410
13140,-0.519531,-0.526855,0.026855,-3.723145,30.517578,-53.710938
13141,-0.652832,-0.610352,0.010742,-12.329102,21.362305,-85.449219
13142,-0.667969,-0.643555,-0.132812,-11.962891,10.314941,-97.534180
13143,-0.623535,-0.664551,-0.261719,-4.943848,-1.159668,-103.759766
13144,-0.553223,-0.711426,-0.358398,-1.770020,-12.512207,-100.463867
13145,-0.417969,-1.003418,-0.587402,-27.465820,-35.095215,-65.185547
13146,-0.390625,-1.318848,-0.895996,-29.907227,-36.987305,-30.029297
13147,-0.610352,-1.771973,-0.784180,22.460938,-21.728516,28.503418
13148,-0.822266,-1.498535,-0.381348,41.198730,5.126953,28.442383
13149,-0.949707,-1.082031,0.011230,45.166016,26.977539,10.620117
13150,-1.001465,-0.794434,0.230957,40.100098,35.522461,-11.413574
13151,-0.933105,-0.507324,0.380859,32.592773,31.921387,-31.188965
13152,-0.643555,-0.284668,0.270508,15.869141,17.517090,-28.686523
13153,-0.558105,-0.501953,0.182617,17.761230,11.108398,-19.287109
13154,-0.541992,-0.745605,0.131836,24.719238,-4.638672,-7.568359
13155,-0.565430,-2.072754,-0.275879,43.518066,-70.007324,61.340332
13156,-0.576660,-2.065918,-0.303223,75.805664,-26.733398,39.245605
13157,-0.586426,-1.520020,-0.052246,84.289551,25.878906,-3.479004
13158,-0.407715,-0.855957,0.317871,50.415039,77.453613,-42.419434
13159,-0.397949,-0.766113,0.385742,40.161133,79.772949,-49.499512
13160,-0.410156,-0.712402,0.407227,35.156250,75.988770,-56.091309
13161,-0.419922,-0.677246,0.407227,33.447266,71.716309,-61.645508
13162,-0.392090,-0.667480,0.455566,35.888672,60.119629,-70.007324
13163,-0.350586,-0.733398,0.595215,33.508301,36.254883,-75.561523
13164,-0.333008,-0.787598,0.659180,19.897461,17.456055,-77.819824
13165,-0.314453,-0.872070,0.689453,-0.061035,-2.380371,-80.444336
13166,-0.245117,-0.935547,0.688477,-54.260254,-33.020020,-74.829102
13167,-0.215332,-0.918945,0.621582,-82.824707,-41.992188,-61.645508
13168,-0.220703,-0.927734,0.528809,-103.088379,-46.264648,-45.288086
13169,-0.231934,-0.953125,0.432129,-110.656738,-47.851562,-32.104492
13170,-0.218750,-1.020996,0.229004,-81.237793,-50.109863,-20.263672
13171,-0.195801,-1.027344,0.125000,-54.016113,-50.598145,-22.155762
13172,-0.165039,-1.020996,0.032227,-26.184082,-50.109863,-26.550293
13173,-0.134766,-0.997559,-0.233398,3.845215,-41.320801,-33.020020
13174,-0.115234,-0.846191,-0.300293,63.354492,-10.620117,-41.137695
13175,-0.167480,-0.797363,-0.313477,68.664551,3.479004,-39.611816
13176,-0.236816,-0.757812,-0.310059,62.316895,5.920410,-35.705566
13177,-0.319336,-0.810547,-0.580078,45.959473,7.141113,-26.672363
13178,-0.332520,-0.809570,-0.644043,39.672852,26.916504,-22.827148
13179,-0.336426,-0.763184,-0.592285,34.606934,50.292969,-19.653320
13180,-0.294922,-0.665527,-0.260254,20.263672,76.599121,-10.070801
13181,-0.255371,-0.633301,-0.104980,13.610840,74.157715,-2.624512
13182,-0.217285,-0.635254,0.013184,5.371094,63.171387,6.958008
13183,-0.162598,-0.745117,0.164062,-16.357422,28.930664,29.541016
13184,-0.159180,-0.829102,0.196777,-28.930664,10.192871,38.391113
13185,-0.150391,-0.895996,0.182129,-39.062500,-6.652832,44.494629
13186,-0.133789,-1.020508,0.090332,-43.395996,-32.165527,46.752930
13187,-0.137207,-1.080078,-0.035156,-35.278320,-39.184570,43.762207
13188,-0.152832,-1.137207,-0.218750,-17.272949,-38.330078,38.330078
13189,-0.194336,-1.162598,-0.405273,5.371094,-25.085449,33.325195
13190,-0.345215,-1.214844,-0.621094,50.048828,28.747559,27.526855
13191,-0.473145,-1.291504,-0.642578,62.500000,58.959961,22.827148
13192,-0.559570,-1.428711,-0.575684,63.415527,89.477539,12.878418
13193,-0.469238,-1.369629,-0.041992,16.296387,106.506348,-11.474609
13194,-0.299316,-1.125977,0.248047,-23.803711,76.904297,-0.061035
13195,-0.238281,-0.924316,0.408203,-61.950684,27.099609,25.878906
13196,-0.286133,-0.961426,0.349609,-87.463379,-22.888184,46.630859
13197,-0.373535,-1.208008,0.080566,-87.280273,-59.936523,68.481445
13198,-0.451660,-1.305664,0.032715,-83.312988,-49.926758,72.875977
13199,-0.521484,-1.447266,0.010254,-79.284668,-30.395508,69.030762
13200,-0.492188,-1.531250,0.061035,-65.917969,6.286621,36.987305
13201,-0.420898,-1.300293,0.020996,-58.471680,21.667480,22.338867
13202,-0.349121,-1.041992,-0.035156,-52.673340,39.184570,17.089844
13203,-0.300781,-0.729004,0.003906,-30.700684,61.645508,15.991211
13204,-0.312500,-0.630859,0.046387,-15.441895,63.476562,16.052246
13205,-0.344238,-0.581543,0.073730,-2.746582,62.194824,18.249512
13206,-0.398438,-0.549316,0.102051,8.300781,61.157227,24.353027
13207,-0.498535,-0.647949,0.172363,17.700195,46.752930,35.766602
13208,-0.557617,-0.736328,0.182129,19.958496,36.376953,34.729004
13209,-0.621094,-0.867188,0.341309,27.770996,-4.272461,26.000977
13210,-0.535645,-0.937988,0.407715,15.991211,-65.856934,31.555176
13211,-0.456055,-1.020996,0.052246,22.888184,-115.905762,39.184570
13212,-0.361816,-1.015625,-0.088867,27.343750,-138.305664,47.241211
13213,-0.284180,-1.002441,-0.213379,27.282715,-145.141602,58.410645
13214,-0.153320,-1.112793,-0.470703,-11.413574,-127.441406,87.097168
13215,-0.203125,-1.034668,-0.294922,-33.081055,-106.872559,102.233887
13216,-0.276367,-0.733887,-0.039551,-65.856934,-79.772949,106.689453
13217,-0.295410,-0.624023,0.015625,-62.500000,-69.519043,97.900391
13218,-0.293457,-0.550781,0.015625,-55.786133,-55.664062,83.557129
13219,-0.296875,-0.500977,0.005859,-48.339844,-34.667969,63.415527
13220,-0.287598,-0.405273,0.076172,-35.156250,6.164551,12.145996
13221,-0.285156,-0.373047,0.107422,-27.770996,15.625000,-8.422852
13222,-0.309082,-0.390137,0.122070,-19.470215,18.981934,-25.146484
13223,-0.410156,-0.499023,0.115723,8.789062,13.610840,-60.974121
13224,-0.464844,-0.540527,0.097656,22.644043,5.737305,-78.857422
13225,-0.541504,-0.609863,-0.060059,26.611328,-17.150879,-111.022949
13226,-0.542969,-0.611816,-0.222168,16.052246,-26.000977,-119.201660
13227,-0.543457,-0.665527,-0.485840,2.136230,-27.038574,-120.483398
13228,-0.539551,-0.768555,-0.722656,-2.868652,-18.188477,-118.286133
13229,-0.516113,-1.041016,-0.787598,-30.212402,-13.916016,-85.632324
13230,-0.504883,-1.348633,-0.976074,-18.188477,-4.272461,-40.832520
13231,-0.564453,-1.784668,-0.870117,0.427246,-7.507324,5.554199
13232,-1.064941,-1.447266,-0.129395,94.970703,-0.549316,47.485352
13233,-1.056641,-0.969238,0.191895,102.355957,13.610840,27.038574
13234,-0.935547,-0.599609,0.338867,86.486816,18.249512,3.356934
13235,-0.723145,-0.300293,0.350586,47.851562,22.521973,-8.239746
13236,-0.622559,-0.446289,0.343750,39.123535,13.732910,-5.004883
13237,-0.533203,-0.673828,0.296875,31.188965,-4.577637,0.854492
13238,-0.465820,-1.620117,0.039551,8.544922,-52.795410,33.569336
13239,-0.419922,-2.101074,-0.310059,14.465332,-38.146973,30.700684
13240,-0.379395,-1.388184,0.143555,57.434082,40.161133,-31.982422
13241,-0.371094,-1.142090,0.336914,57.434082,53.222656,-49.194336
13242,-0.382324,-0.990234,0.436523,49.804688,53.527832,-58.227539
13243,-0.400391,-0.893066,0.491211,37.170410,48.706055,-64.392090
13244,-0.384766,-0.723145,0.458984,13.671875,37.963867,-67.382812
13245,-0.360840,-0.661621,0.438965,8.239746,33.142090,-63.781738
13246,-0.343262,-0.645020,0.431641,3.112793,28.198242,-60.607910
13247,-0.326172,-0.722656,0.443359,-8.728027,14.099121,-65.124512
13248,-0.306641,-0.791016,0.442871,-13.916016,6.225586,-70.983887
13249,-0.289062,-0.847656,0.430176,-22.094727,1.159668,-75.378418
13250,-0.251465,-0.906250,0.411621,-46.020508,0.366211,-67.504883
13251,-0.255859,-0.935059,0.392090,-59.509277,1.464844,-55.725098
13252,-0.265625,-0.977051,0.359863,-68.786621,1.770020,-41.137695
13253,-0.281250,-1.039062,0.312988,-68.908691,-2.441406,-27.587891
13254,-0.278809,-1.127441,0.122559,-38.208008,-17.028809,-17.395020
13255,-0.253906,-1.112305,0.002441,-11.352539,-22.033691,-22.338867
13256,-0.235840,-1.047363,-0.192383,20.629883,-18.432617,-28.686523
13257,-0.212402,-0.931641,-0.209473,50.048828,-12.817383,-34.484863
13258,-0.224121,-0.791992,-0.247559,49.133301,0.732422,-32.653809
13259,-0.242188,-0.759277,-0.373047,35.888672,4.882812,-27.954102
13260,-0.257812,-0.745117,-0.466797,29.968262,12.145996,-22.949219
13261,-0.262207,-0.747070,-0.505371,29.113770,24.658203,-19.348145
13262,-0.259766,-0.701172,-0.400391,28.991699,55.847168,-16.723633
13263,-0.248535,-0.667480,-0.271484,26.000977,64.331055,-13.916016
13264,-0.189453,-0.645020,-0.029297,11.291504,55.969238,-1.708984
13265,-0.166992,-0.660645,0.083008,0.732422,42.297363,7.141113
13266,-0.146973,-0.700684,0.142578,-12.939453,26.550293,17.272949
13267,-0.140137,-0.758789,0.160645,-26.428223,11.474609,27.282715
13268,-0.149902,-0.847168,0.135742,-43.579102,-6.835938,39.245605
13269,-0.150879,-0.876953,0.138672,-48.095703,-12.573242,43.273926
13270,-0.158691,-0.925293,0.115234,-48.156738,-18.554688,45.471191
13271,-0.176270,-1.038574,-0.053223,-26.062012,-26.428223,39.611816
13272,-0.179199,-1.069336,-0.203125,-2.014160,-25.085449,33.081055
13273,-0.194336,-1.078613,-0.403809,31.127930,-18.493652,28.442383
13274,-0.279297,-1.129395,-0.579102,82.885742,17.822266,28.808594
13275,-0.390137,-1.286133,-0.562988,91.979980,39.611816,25.634766
13276,-0.458984,-1.432617,-0.487793,89.782715,60.180664,15.197754
13277,-0.460938,-1.438477,-0.081543,41.259766,79.956055,-7.141113
13278,-0.343750,-1.187500,0.235840,1.342773,58.776855,0.549316
13279,-0.269043,-0.932617,0.412109,-42.785645,17.700195,21.911621
13280,-0.423340,-1.018066,0.205078,-98.449707,-52.856445,54.382324
13281,-0.511719,-1.186523,0.045410,-97.106934,-56.457520,60.852051
13282,-0.582520,-1.285645,-0.048828,-83.862305,-40.588379,63.232422
13283,-0.646973,-1.492676,-0.031250,-65.490723,13.732910,55.236816
13284,-0.620605,-1.534668,0.006348,-54.870605,35.156250,35.339355
13285,-0.534668,-1.323242,-0.078125,-45.288086,58.410645,21.484375
13286,-0.325684,-0.992676,0.039551,-31.860352,93.444824,17.517090
13287,-0.268066,-0.843262,0.161133,-24.230957,88.806152,16.906738
13288,-0.242188,-0.704102,0.208984,-15.563965,72.631836,18.920898
13289,-0.271973,-0.588867,0.189453,-7.019043,55.419922,23.620605
13290,-0.373047,-0.559082,0.211426,-9.094238,21.850586,37.475586
13291,-0.448730,-0.637695,0.207520,-14.404297,5.859375,39.611816
13292,-0.515625,-0.729492,0.208008,-17.517090,-9.948730,36.865234
13293,-0.558105,-0.896484,0.148438,-4.150391,-48.034668,31.433105
13294,-0.462402,-0.945801,0.244629,-7.080078,-77.880859,33.142090
13295,-0.364746,-1.019531,-0.064453,-0.732422,-111.389160,41.320801
13296,-0.274902,-1.020996,-0.300293,14.831543,-119.934082,48.889160
13297,-0.259277,-0.941406,-0.275879,25.268555,-111.328125,68.786621
13298,-0.292480,-0.904297,-0.173340,7.324219,-105.957031,77.087402
13299,-0.269531,-0.864258,-0.122559,-16.784668,-97.900391,84.838867
13300,-0.272949,-0.760742,-0.019043,-46.264648,-78.918457,97.656250
13301,-0.299316,-0.708984,-0.018066,-52.062988,-67.382812,96.313477
13302,-0.301758,-0.675781,-0.009766,-49.377441,-52.490234,86.669922
13303,-0.279297,-0.587891,0.016113,-37.231445,-22.766113,50.170898
13304,-0.281738,-0.546875,0.048340,-32.104492,-10.192871,28.747559
13305,-0.295898,-0.518555,0.083496,-29.052734,-1.831055,7.995605
13306,-0.328613,-0.501465,0.108398,-26.428223,3.356934,-11.108398
13307,-0.438477,-0.544434,0.143555,-18.615723,5.798340,-44.372559
13308,-0.513184,-0.565430,0.142090,-13.244629,2.746582,-60.363770
13309,-0.580078,-0.588379,0.132812,-8.911133,-4.455566,-75.866699
13310,-0.628418,-0.604492,0.033691,-6.469727,-15.014648,-90.209961
13311,-0.596191,-0.584473,-0.364258,7.019043,-31.677246,-103.515625
13312,-0.516602,-0.660645,-0.517090,12.451172,-36.560059,-97.351074
13313,-0.435547,-0.808594,-0.643066,5.493164,-37.841797,-83.984375
13314,-0.390625,-1.281250,-1.116211,-12.939453,-13.366699,-39.794922
13315,-0.422363,-1.640625,-1.136230,10.559082,8.483887,-18.432617
13316,-0.851562,-1.545410,-0.085938,75.256348,24.169922,14.343262
13317,-1.080566,-1.063477,0.268066,78.491211,18.981934,13.000488
13318,-1.095215,-0.761230,0.448730,65.002441,11.901855,-3.173828
13319,-0.919922,-0.427246,0.432617,34.423828,5.432129,-20.568848
13320,-0.633301,-0.225586,0.267578,-8.422852,7.202148,-16.906738
13321,-0.578125,-0.368164,0.232910,-13.061523,-2.929688,-7.385254
13322,-0.538086,-0.599609,0.130371,-12.756348,-20.996094,5.065918
13323,-0.547852,-1.921875,-0.213867,-10.681152,-83.190918,66.833496
13324,-0.553711,-2.371094,-0.471680,25.695801,-47.790527,51.452637
13325,-0.543945,-1.822754,-0.127441,64.025879,5.371094,9.399414
13326,-0.433594,-1.009277,0.247559,66.589355,62.805176,-44.250488
13327,-0.426270,-0.863281,0.355957,58.044434,67.810059,-53.527832
13328,-0.440918,-0.786621,0.415039,49.194336,63.720703,-63.110352
13329,-0.431641,-0.719238,0.414062,42.663574,57.495117,-70.800781
13330,-0.408691,-0.655273,0.437988,40.100098,48.400879,-76.171875
13331,-0.389160,-0.658691,0.491211,38.818359,42.236328,-76.721191
13332,-0.349121,-0.769043,0.605469,18.066406,18.920898,-84.533691
13333,-0.333008,-0.854492,0.630859,0.854492,4.150391,-90.270996
13334,-0.306152,-0.910156,0.624512,-20.446777,-8.178711,-92.041016
13335,-0.286133,-0.941406,0.586914,-46.508789,-14.709473,-86.303711
13336,-0.274414,-0.964355,0.453613,-96.740723,-15.686035,-51.940918
13337,-0.276855,-1.008301,0.366699,-106.567383,-17.456055,-32.958984
13338,-0.288086,-1.060059,0.278809,-99.853516,-23.254395,-20.629883
13339,-0.235352,-1.068359,0.062012,-53.527832,-35.583496,-16.479492
13340,-0.204590,-1.030273,-0.100098,-25.085449,-37.780762,-19.714355
13341,-0.190918,-0.954102,-0.380371,17.700195,-26.123047,-24.353027
13342,-0.191406,-0.763672,-0.200195,72.937012,-18.432617,-27.038574
13343,-0.232422,-0.725098,-0.291016,63.537598,-21.484375,-23.742676
13344,-0.276855,-0.731934,-0.432617,55.236816,-14.343262,-18.737793
13345,-0.300293,-0.748047,-0.469727,44.555664,2.441406,-16.235352
13346,-0.293457,-0.743652,-0.490723,31.250000,40.588379,-15.747070
13347,-0.279785,-0.695312,-0.408203,31.433105,56.640625,-15.197754
13348,-0.257812,-0.651855,-0.290527,30.700684,65.734863,-12.756348
13349,-0.188965,-0.618652,-0.053711,18.676758,59.570312,-2.014160
13350,-0.152344,-0.636230,0.067383,7.385254,46.264648,6.896973
13351,-0.130371,-0.691895,0.143555,-7.324219,29.296875,17.089844
13352,-0.139648,-0.831055,0.167480,-38.879395,-3.051758,35.461426
13353,-0.146484,-0.888184,0.137695,-49.804688,-13.671875,40.832520
13354,-0.142578,-0.939941,0.122070,-55.175781,-22.583008,43.884277
13355,-0.177734,-1.046875,-0.029785,-45.776367,-36.926270,44.067383
13356,-0.216797,-1.087891,-0.219238,-20.874023,-36.865234,40.344238
13357,-0.264160,-1.113281,-0.399414,13.061523,-27.465820,36.193848
13358,-0.330078,-1.098633,-0.544434,48.706055,-10.009766,32.104492
13359,-0.534668,-1.255371,-0.670410,85.815430,44.616699,25.939941
13360,-0.609863,-1.441895,-0.635742,87.219238,75.439453,13.488770
13361,-0.630371,-1.541504,-0.426270,70.800781,100.585938,0.061035
13362,-0.395996,-1.276855,0.298340,-2.319336,78.552246,0.549316
13363,-0.259277,-1.053223,0.531738,-52.124023,30.761719,23.193359
13364,-0.293457,-1.049805,0.478516,-90.637207,-19.775391,43.945312
13365,-0.343750,-1.174316,0.293457,-107.238770,-51.452637,58.471680
13366,-0.524902,-1.420410,0.032715,-90.515137,-52.429199,70.312500
13367,-0.585938,-1.524902,-0.011719,-74.768066,-32.958984,66.284180
13368,-0.612793,-1.584961,-0.011719,-62.744141,-10.009766,51.940918
13369,-0.567871,-1.433105,-0.010742,-51.147461,11.718750,33.264160
13370,-0.378418,-0.928711,-0.049316,-35.888672,53.955078,21.057129
13371,-0.321289,-0.763184,0.009766,-27.465820,65.856934,20.141602
13372,-0.301270,-0.646484,0.049805,-7.019043,68.603516,19.897461
13373,-0.340332,-0.534180,0.084473,2.563477,65.856934,20.996094
13374,-0.397949,-0.518555,0.093262,10.925293,63.171387,23.193359
13375,-0.426270,-0.560547,0.178711,16.540527,58.166504,25.207520
13376,-0.456055,-0.627930,0.222168,14.526367,46.386719,24.536133
13377,-0.510254,-0.746094,0.202148,6.530762,18.249512,15.380859
13378,-0.524414,-0.784180,0.223145,6.103516,2.014160,11.840820
13379,-0.474121,-0.804688,0.325684,7.568359,-27.038574,13.305664
13380,-0.334961,-0.943848,-0.004883,14.892578,-107.543945,34.790039
13381,-0.275391,-0.930664,-0.117188,24.780273,-122.802734,48.095703
13382,-0.256348,-0.912109,-0.135742,24.902344,-129.394531,60.363770
13383,-0.230469,-0.888672,-0.170898,10.620117,-132.019043,70.312500
13384,-0.166992,-0.917480,-0.264648,-8.911133,-120.483398,81.787109
13385,-0.270508,-0.795410,-0.101074,-37.231445,-92.712402,99.426270
13386,-0.324219,-0.716309,-0.053711,-43.579102,-78.735352,94.787598
13387,-0.343750,-0.642090,-0.019531,-43.090820,-65.246582,82.580566
13388,-0.365723,-0.544434,-0.024902,-27.832031,-32.165527,46.630859
13389,-0.374023,-0.519043,-0.004883,-18.737793,-14.160156,26.000977
13390,-0.389648,-0.507812,0.047363,-12.145996,0.122070,4.577637
13391,-0.416016,-0.507324,0.084473,-8.789062,9.826660,-16.052246
13392,-0.513672,-0.579102,0.110352,-2.746582,19.836426,-54.443359
13393,-0.561035,-0.623047,0.119141,0.671387,18.981934,-73.669434
13394,-0.604980,-0.658691,0.105957,2.258301,12.512207,-91.308594
13395,-0.592773,-0.686035,-0.165527,-1.525879,-8.300781,-113.098145
13396,-0.520996,-0.715332,-0.494629,-3.234863,-12.207031,-112.365723
13397,-0.430176,-0.801758,-0.789062,3.845215,-12.512207,-103.210449
13398,-0.344238,-0.972656,-0.846191,2.685547,-27.160645,-82.397461
13399,-0.393555,-1.583496,-1.283691,-3.295898,-17.333984,-22.338867
13400,-0.530762,-1.782715,-1.020508,16.967773,14.709473,-4.150391
13401,-0.863770,-1.150391,0.127930,61.035156,40.710449,5.249023
13402,-1.020508,-0.798828,0.391113,62.744141,32.714844,1.892090
13403,-1.008301,-0.512207,0.521484,50.170898,21.789551,-10.498047
13404,-0.838867,-0.262207,0.450684,25.390625,16.357422,-19.165039
13405,-0.550293,-0.350098,0.284668,7.019043,19.104004,-12.573242
13406,-0.488281,-0.581543,0.277344,13.977051,9.704590,-6.103516
13407,-0.452148,-0.962402,0.285156,22.705078,-17.089844,8.544922
13408,-0.486816,-2.479492,-0.356934,70.068359,-58.593750,52.978516
13409,-0.627930,-2.016602,0.029297,92.895508,-8.911133,8.911133
13410,-0.533691,-1.426270,0.259766,77.514648,27.404785,-29.785156
13411,-0.451172,-1.020020,0.359863,50.170898,48.950195,-45.043945
13412,-0.453125,-0.719727,0.439453,25.573730,49.438477,-54.565430
13413,-0.451660,-0.640137,0.411621,20.080566,43.457031,-57.128906
13414,-0.457520,-0.614258,0.404297,18.920898,39.611816,-57.189941
13415,-0.448242,-0.609863,0.431641,20.446777,34.484863,-56.701660
13416,-0.388672,-0.649414,0.490234,26.672363,19.653320,-57.312012
13417,-0.362305,-0.697266,0.524414,23.315430,10.620117,-60.119629
13418,-0.352539,-0.789062,0.541504,13.122559,1.525879,-64.636230
13419,-0.330566,-0.917480,0.555664,-26.672363,-8.483887,-70.739746
13420,-0.318359,-0.924805,0.542969,-54.077148,-8.911133,-64.331055
13421,-0.325195,-0.934082,0.513672,-78.186035,-9.521484,-51.025391
13422,-0.333008,-1.004883,0.374512,-93.627930,-17.211914,-27.954102
13423,-0.312500,-1.034180,0.264648,-80.932617,-24.169922,-23.132324
13424,-0.257812,-1.021973,0.145996,-58.898926,-29.296875,-23.132324
13425,-0.180176,-0.973633,-0.102539,-6.591797,-33.081055,-31.250000
13426,-0.146973,-0.903809,-0.329590,30.395508,-22.583008,-36.987305
13427,-0.114258,-0.791504,-0.293457,63.842773,-14.343262,-39.367676
13428,-0.114746,-0.781738,-0.391113,61.096191,-6.652832,-29.296875
13429,-0.165039,-0.804199,-0.467773,48.950195,7.690430,-23.620605
13430,-0.210938,-0.812012,-0.520020,39.672852,24.658203,-19.165039
13431,-0.250488,-0.793457,-0.511719,33.081055,44.738770,-15.563965
13432,-0.317383,-0.701660,-0.353027,26.367188,77.148438,-8.422852
13433,-0.316895,-0.676758,-0.213379,24.902344,80.078125,-5.493164
13434,-0.288086,-0.659180,-0.074707,21.850586,72.265625,-1.281738
13435,-0.252930,-0.661621,0.051758,14.038086,56.457520,6.835938
13436,-0.211914,-0.762695,0.160156,-15.258789,17.333984,27.770996
13437,-0.212891,-0.839844,0.140625,-30.822754,1.525879,36.926270
13438,-0.209473,-0.903809,0.105469,-40.588379,-9.460449,42.541504
13439,-0.172363,-1.032715,0.055664,-43.029785,-24.841309,44.433594
13440,-0.143066,-1.083496,-0.008301,-35.217285,-31.555176,40.039062
13441,-0.119629,-1.140625,-0.158691,-18.859863,-35.095215,34.912109
13442,-0.109863,-1.163574,-0.327148,4.333496,-30.151367,29.907227
13443,-0.120605,-1.152832,-0.457520,27.954102,-14.892578,28.686523
13444,-0.364746,-1.263672,-0.545410,51.757812,33.813477,26.123047
13445,-0.475586,-1.396484,-0.533203,53.161621,62.072754,15.380859
13446,-0.535645,-1.468262,-0.416016,40.954590,88.195801,1.953125
13447,-0.418457,-1.189941,0.141602,-11.535645,83.190918,-1.342773
13448,-0.355469,-0.964355,0.366699,-44.616699,43.640137,17.456055
13449,-0.407227,-0.900391,0.419922,-75.378418,-2.502441,36.376953
13450,-0.505859,-1.098145,0.173828,-108.764648,-50.231934,63.232422
13451,-0.580566,-1.227539,0.037598,-102.355957,-45.227051,69.274902
13452,-0.630859,-1.368164,-0.020508,-87.036133,-27.465820,67.810059
13453,-0.582520,-1.518555,0.070801,-58.044434,8.850098,36.987305
13454,-0.503906,-1.327148,0.015137,-50.231934,26.672363,21.972656
13455,-0.407227,-1.109863,-0.008789,-45.776367,45.593262,16.601562
13456,-0.325195,-0.799805,0.085449,-29.418945,61.035156,13.793945
13457,-0.335449,-0.686035,0.109375,-17.333984,57.495117,15.502930
13458,-0.385742,-0.598633,0.116211,-5.493164,53.222656,20.629883
13459,-0.427734,-0.559570,0.144043,0.671387,46.630859,27.893066
13460,-0.534180,-0.649414,0.204102,3.723145,25.939941,32.897949
13461,-0.607910,-0.729004,0.219727,5.249023,9.948730,28.381348
13462,-0.655273,-0.788086,0.238770,11.657715,-9.338379,23.010254
13463,-0.463867,-0.976562,0.093262,24.291992,-97.900391,34.179688
13464,-0.343750,-1.037109,-0.062500,36.315918,-121.826172,42.785645
13465,-0.253906,-1.063477,-0.194336,39.611816,-128.906250,50.903320
13466,-0.120117,-1.100586,-0.380371,2.197266,-114.318848,79.284668
13467,-0.188965,-1.088867,-0.300293,-31.433105,-94.909668,96.557617
13468,-0.266602,-0.937500,-0.179199,-61.706543,-80.505371,107.910156
13469,-0.295898,-0.761230,-0.066895,-75.195312,-70.129395,112.121582
13470,-0.332031,-0.589844,0.020020,-70.312500,-59.204102,100.036621
13471,-0.333496,-0.540039,0.009766,-62.194824,-48.034668,83.435059
13472,-0.325684,-0.500000,0.000977,-53.649902,-31.738281,62.255859
13473,-0.300781,-0.416504,0.068359,-43.151855,-0.915527,12.390137
13474,-0.314453,-0.407227,0.097168,-35.827637,5.737305,-8.239746
13475,-0.344238,-0.441406,0.111328,-26.000977,7.934570,-26.245117
13476,-0.392578,-0.475586,0.098145,-12.756348,7.446289,-43.579102
13477,-0.485352,-0.552734,0.062988,14.282227,-2.929688,-78.186035
13478,-0.525879,-0.565430,0.020996,18.005371,-12.329102,-93.688965
13479,-0.554199,-0.561523,-0.108887,14.160156,-22.033691,-103.820801
13480,-0.554199,-0.598633,-0.364746,6.896973,-25.939941,-111.206055
13481,-0.495117,-0.734863,-0.756836,1.037598,-12.634277,-114.257812
13482,-0.491699,-0.872070,-0.807129,-8.361816,-1.403809,-103.332520
13483,-0.539551,-1.052246,-0.938965,-7.141113,18.493652,-82.824707
13484,-0.554199,-1.378418,-0.901855,19.897461,35.705566,-50.476074
13485,-0.888672,-1.708496,-0.250488,70.922852,2.868652,27.648926
13486,-1.194336,-1.386719,0.110840,101.440430,-10.925293,41.259766
13487,-1.136230,-0.980469,0.263672,94.543457,-8.850098,23.742676
13488,-0.729004,-0.328125,0.212891,31.921387,10.498047,-7.446289
13489,-0.650391,-0.289551,0.164551,5.676270,19.775391,-8.666992
13490,-0.565430,-0.369141,0.125488,-5.065918,22.949219,-9.887695
13491,-0.541016,-0.782715,0.151855,4.882812,-0.732422,-0.488281
13492,-0.546387,-1.323242,0.017578,12.084961,-34.240723,27.343750
13493,-0.536133,-2.158203,-0.401855,52.612305,-31.372070,44.128418
13494,-0.520020,-1.603027,0.095703,109.008789,54.992676,-17.150879
13495,-0.460938,-1.274414,0.270020,95.642090,80.078125,-39.611816
13496,-0.413574,-1.044434,0.371582,74.035645,88.073730,-52.124023
13497,-0.389648,-0.906250,0.439453,52.551270,86.425781,-62.500000
13498,-0.352539,-0.723633,0.472168,20.690918,67.871094,-71.777344
13499,-0.343262,-0.667969,0.486328,9.399414,56.640625,-70.495605
13500,-0.348633,-0.640137,0.502930,-3.112793,44.677734,-66.711426
13501,-0.351074,-0.708008,0.583984,-25.756836,11.108398,-60.729980
13502,-0.344727,-0.792969,0.573242,-33.508301,-7.812500,-59.875488
13503,-0.321777,-0.907715,0.476074,-53.344727,-28.320312,-62.011719
13504,-0.302246,-0.922852,0.413086,-64.270020,-27.648926,-58.593750
13505,-0.291992,-0.938477,0.373535,-73.547363,-22.827148,-51.574707
13506,-0.274414,-0.994629,0.303711,-70.556641,-20.751953,-33.081055
13507,-0.248535,-1.005371,0.244141,-56.335449,-24.414062,-27.160645
13508,-0.215820,-1.008789,0.180664,-37.780762,-30.151367,-24.719238
13509,-0.174805,-0.989746,0.115234,1.342773,-41.259766,-28.808594
13510,-0.176270,-0.914551,-0.104004,24.780273,-41.320801,-32.531738
13511,-0.198242,-0.837891,-0.263184,53.771973,-32.409668,-32.897949
13512,-0.215820,-0.770996,-0.301270,74.523926,-19.165039,-32.104492
13513,-0.265137,-0.706543,-0.407715,81.787109,14.892578,-23.986816
13514,-0.329590,-0.727051,-0.446289,77.697754,31.494141,-21.240234
13515,-0.364746,-0.751953,-0.535645,76.538086,45.043945,-22.338867
13516,-0.328613,-0.721191,-0.498047,70.556641,79.162598,-22.460938
13517,-0.279785,-0.715332,-0.329102,62.133789,92.773438,-17.333984
13518,-0.176270,-0.682617,0.055664,22.705078,80.627441,1.342773
13519,-0.140625,-0.696289,0.175293,-1.647949,56.884766,14.221191
13520,-0.115234,-0.730469,0.224121,-24.536133,27.465820,27.526855
13521,-0.129395,-0.805664,0.182129,-39.184570,-1.647949,38.635254
13522,-0.170898,-0.947266,0.013184,-43.762207,-38.330078,48.645020
13523,-0.199707,-1.020996,-0.091797,-35.034180,-45.776367,48.889160
13524,-0.224609,-1.085938,-0.213379,-18.981934,-46.142578,46.325684
13525,-0.248535,-1.166504,-0.448242,19.470215,-23.254395,37.170410
13526,-0.261719,-1.198730,-0.481934,26.000977,-0.610352,33.752441
13527,-0.324219,-1.296875,-0.475586,24.475098,23.986816,28.869629
13528,-0.416504,-1.486328,-0.393066,17.517090,63.537598,5.493164
13529,-0.404785,-1.450195,-0.268066,6.347656,77.697754,-4.699707
13530,-0.334473,-1.286621,-0.004883,-8.789062,75.073242,-6.347656
13531,-0.227051,-0.928223,0.475586,-55.664062,2.075195,25.512695
13532,-0.268555,-1.010742,0.375488,-69.213867,-38.940430,41.748047
13533,-0.347168,-1.165039,0.236816,-65.307617,-56.213379,52.307129
13534,-0.440918,-1.247559,0.123535,-59.326172,-48.767090,59.448242
13535,-0.594727,-1.440918,0.027832,-56.701660,9.338379,62.316895
13536,-0.630859,-1.547363,0.054199,-55.053711,38.879395,46.325684
13537,-0.610352,-1.416992,-0.023926,-48.156738,63.415527,24.719238
13538,-0.524902,-1.168457,-0.070312,-37.963867,88.745117,12.695312
13539,-0.371094,-0.813965,0.124023,-12.573242,106.567383,5.371094
13540,-0.360840,-0.691895,0.200684,1.281738,98.144531,5.065918
13541,-0.374512,-0.609375,0.247070,9.338379,81.481934,9.704590
13542,-0.420898,-0.576660,0.244629,9.948730,42.724609,28.808594
13543,-0.570312,-0.671387,0.292969,4.577637,20.751953,32.470703
13544,-0.648926,-0.757324,0.318848,-0.976562,-6.103516,29.052734
13545,-0.697266,-0.841309,0.254395,-2.014160,-38.146973,22.583008
13546,-0.596680,-0.866699,0.265137,-0.732422,-69.885254,18.371582
13547,-0.319824,-0.968750,-0.103516,7.507324,-122.497559,29.968262
13548,-0.182617,-0.930176,-0.175293,10.070801,-128.173828,40.893555
13549,-0.157715,-0.904785,-0.226074,5.065918,-124.511719,70.800781
13550,-0.107910,-0.909180,-0.269043,-8.789062,-114.868164,85.266113
13551,-0.153320,-0.907227,-0.166992,-25.146484,-98.632812,102.416992
13552,-0.327637,-0.769531,-0.036133,-62.194824,-72.998047,116.699219
13553,-0.350098,-0.672363,0.022461,-68.359375,-64.147949,111.145020
13554,-0.376953,-0.604980,0.055176,-68.725586,-53.405762,99.670410
13555,-0.358887,-0.475098,0.087891,-65.124512,-29.174805,61.279297
13556,-0.351562,-0.437012,0.098145,-65.917969,-16.113281,37.353516
13557,-0.345703,-0.400879,0.107422,-63.171387,-6.591797,14.831543
13558,-0.389160,-0.446777,0.112305,-40.954590,-4.882812,-25.634766
13559,-0.424805,-0.491211,0.066895,-22.705078,-10.009766,-46.020508
13560,-0.460938,-0.533691,0.009277,-1.159668,-16.784668,-65.795898
13561,-0.543457,-0.600586,-0.135254,27.648926,-32.226562,-98.937988
13562,-0.564453,-0.630859,-0.322754,33.508301,-38.391113,-109.863281
13563,-0.546875,-0.666016,-0.540527,39.794922,-37.963867,-116.210938
13564,-0.519043,-0.887695,-0.582031,12.145996,-31.005859,-103.515625
13565,-0.541504,-1.058594,-0.745117,-10.314941,-17.883301,-82.641602
13566,-0.555664,-1.338379,-0.875488,-5.004883,2.624512,-50.720215
13567,-0.577148,-1.739746,-0.744141,8.850098,3.906250,-12.939453
13568,-1.213379,-1.431152,0.071777,78.247070,-5.798340,51.513672
13569,-1.217285,-0.966797,0.339844,77.819824,-0.610352,33.508301
13570,-0.819336,-0.316895,0.312988,30.395508,11.840820,8.666992
13571,-0.700195,-0.341797,0.272949,22.094727,18.981934,12.390137
13572,-0.585938,-0.484375,0.319824,19.775391,10.620117,15.441895
13573,-0.537109,-0.738770,0.263184,16.479492,-11.413574,22.094727
13574,-0.552246,-1.142578,0.126465,12.939453,-33.386230,34.606934
13575,-0.565918,-1.976562,-0.227051,34.179688,-8.239746,25.268555
13576,-0.515625,-1.625488,0.004395,60.241699,29.357910,-9.765625
13577,-0.458008,-1.314453,0.187012,74.768066,53.527832,-36.071777
13578,-0.387695,-0.943359,0.453125,67.626953,62.988281,-66.101074
13579,-0.374023,-0.853027,0.507324,54.260254,57.250977,-76.232910
13580,-0.356934,-0.779297,0.528809,42.053223,49.743652,-82.336426
13581,-0.331543,-0.684570,0.544922,33.203125,41.687012,-82.214355
13582,-0.306641,-0.639160,0.585938,15.502930,24.780273,-73.425293
13583,-0.289551,-0.671387,0.625000,1.342773,10.681152,-73.486328
13584,-0.268555,-0.722656,0.630859,-12.023926,-6.042480,-76.904297
13585,-0.236328,-0.795898,0.535645,-39.489746,-26.855469,-82.214355
13586,-0.234863,-0.802734,0.478516,-53.833008,-26.306152,-77.575684
13587,-0.244141,-0.823730,0.427734,-75.744629,-12.329102,-51.696777
13588,-0.287109,-0.944824,0.356445,-78.125000,-7.995605,-39.001465
13589,-0.291504,-1.020020,0.298828,-72.998047,-7.568359,-30.395508
13590,-0.277344,-1.075684,0.214844,-61.035156,-10.986328,-26.550293
13591,-0.266602,-1.104980,0.120117,-44.860840,-16.357422,-28.991699
13592,-0.212402,-1.015625,-0.295898,18.920898,-3.112793,-46.020508
13593,-0.197266,-0.888184,-0.250488,46.936035,3.784180,-52.307129
13594,-0.217285,-0.757324,-0.123535,47.790527,1.708984,-50.415039
13595,-0.291992,-0.729492,-0.450684,33.996582,-14.953613,-32.897949
13596,-0.321777,-0.747559,-0.537109,30.395508,0.427246,-26.855469
13597,-0.334961,-0.753418,-0.555664,30.639648,22.888184,-23.620605
13598,-0.323242,-0.731934,-0.478027,32.897949,44.311523,-19.714355
13599,-0.252441,-0.704102,-0.195801,33.325195,65.185547,-9.155273
13600,-0.198242,-0.697266,-0.065918,27.954102,63.537598,-1.831055
13601,-0.123047,-0.717773,0.133301,3.784180,41.564941,18.981934
13602,-0.113281,-0.761230,0.194336,-12.023926,25.573730,30.639648
13603,-0.125000,-0.821289,0.194336,-27.404785,10.375977,39.916992
13604,-0.129883,-0.861328,0.156250,-38.574219,-0.488281,45.715332
13605,-0.130371,-0.960449,0.076172,-44.860840,-13.854980,44.982910
13606,-0.121582,-0.996094,-0.010742,-39.794922,-17.944336,40.283203
13607,-0.126953,-1.024414,-0.139160,-27.893066,-17.822266,35.339355
13608,-0.205566,-1.091797,-0.468750,23.925781,-1.525879,28.076172
13609,-0.252441,-1.142578,-0.533691,47.424316,16.845703,26.245117
13610,-0.333496,-1.251465,-0.541992,63.232422,37.536621,23.498535
13611,-0.481934,-1.563965,-0.463379,62.561035,79.650879,4.699707
13612,-0.506836,-1.569824,-0.279785,38.635254,95.886230,-7.812500
13613,-0.391113,-1.382324,-0.001465,2.502441,91.918945,-8.911133
13614,-0.245117,-1.129883,0.336426,-41.076660,60.363770,6.713867
13615,-0.306152,-1.010254,0.503906,-123.474121,-46.203613,48.278809
13616,-0.347168,-1.156738,0.261230,-139.038086,-79.895020,57.128906
13617,-0.541992,-1.404785,-0.031250,-113.037109,-73.059082,60.058594
13618,-0.590820,-1.508301,-0.053711,-94.299316,-50.292969,53.161621
13619,-0.586426,-1.591309,-0.038086,-74.340820,-28.625488,37.719727
13620,-0.445801,-1.144531,-0.129395,-42.785645,16.235352,11.047363
13621,-0.355469,-0.917969,-0.095215,-37.658691,39.672852,11.230469
13622,-0.310059,-0.756348,-0.046387,-34.118652,55.908203,14.648438
13623,-0.300293,-0.644531,0.005371,-25.451660,63.537598,17.883301
13624,-0.308594,-0.506836,0.101562,-4.821777,60.729980,26.306152
13625,-0.357422,-0.489746,0.128418,4.760742,56.579590,32.531738
13626,-0.443359,-0.615234,0.225586,16.296387,39.489746,39.367676
13627,-0.506836,-0.713867,0.224121,15.136719,30.517578,38.940430
13628,-0.607422,-0.869141,0.352051,20.385742,-2.441406,29.846191
13629,-0.569336,-0.888184,0.410156,20.996094,-35.339355,26.123047
13630,-0.454590,-0.922852,0.358398,12.939453,-93.261719,33.020020
13631,-0.386230,-0.956055,0.088867,16.906738,-131.164551,43.884277
13632,-0.260254,-0.947754,-0.126953,8.483887,-158.386230,67.077637
13633,-0.148438,-1.035645,-0.331055,-13.183594,-156.372070,84.106445
13634,-0.189453,-1.022949,-0.257812,-34.423828,-147.277832,104.370117
13635,-0.304688,-0.789062,-0.109863,-71.838379,-118.225098,114.379883
13636,-0.341309,-0.701172,-0.076660,-69.763184,-103.393555,107.421875
13637,-0.370605,-0.650879,-0.105469,-58.105469,-85.571289,93.261719
13638,-0.376465,-0.597168,-0.139160,-43.518066,-61.096191,73.669434
13639,-0.342285,-0.542969,-0.106934,-15.502930,-8.178711,25.207520
13640,-0.330566,-0.509766,-0.052246,-7.202148,7.263184,1.831055
13641,-0.344727,-0.511230,-0.016602,-2.136230,13.793945,-19.409180
13642,-0.439453,-0.556641,-0.032715,9.887695,14.587402,-57.495117
13643,-0.504883,-0.573242,-0.039062,10.253906,13.366699,-74.340820
13644,-0.580078,-0.592773,-0.083008,5.798340,8.728027,-89.843750
13645,-0.629883,-0.611328,-0.186523,2.929688,1.464844,-103.759766
13646,-0.587891,-0.658203,-0.375488,1.770020,-13.488770,-111.389160
13647,-0.560547,-0.756348,-0.456543,-7.385254,-18.188477,-100.219727
13648,-0.536133,-1.088867,-0.741211,-28.625488,-6.591797,-59.509277
13649,-0.540039,-1.388672,-0.844727,-8.483887,11.596680,-29.052734
13650,-0.580566,-1.668457,-0.708008,18.798828,14.099121,0.305176
13651,-0.719727,-1.594727,-0.379395,54.382324,14.404297,26.245117
13652,-0.983887,-0.939941,0.237305,85.510254,15.380859,18.920898
13653,-0.899902,-0.644531,0.308105,70.739746,10.131836,-3.479004
13654,-0.747559,-0.388184,0.270996,44.250488,10.314941,-20.019531
13655,-0.593262,-0.388184,0.197266,-0.915527,11.779785,-22.033691
13656,-0.541504,-0.606934,0.114746,-10.437012,4.516602,-17.272949
13657,-0.498047,-0.906250,0.089355,-17.272949,-12.084961,-7.629395
13658,-0.476074,-2.170410,-0.536621,10.437012,-48.645020,40.039062
13659,-0.553223,-1.859863,-0.249512,62.316895,10.009766,8.850098
13660,-0.584473,-1.401855,0.115723,77.087402,53.405762,-26.428223
13661,-0.515625,-0.981445,0.395508,54.748535,75.561523,-48.400879
13662,-0.505371,-0.899414,0.414062,43.395996,73.242188,-54.565430
13663,-0.474609,-0.817383,0.416504,30.944824,69.213867,-60.729980
13664,-0.389648,-0.714355,0.394531,12.268066,58.654785,-65.429688
13665,-0.346680,-0.698242,0.398438,10.375977,52.917480,-65.917969
13666,-0.312988,-0.685547,0.474121,8.422852,44.311523,-66.223145
13667,-0.292969,-0.702148,0.532715,2.380371,28.686523,-66.772461
13668,-0.269531,-0.809570,0.559570,-18.371582,-8.850098,-65.979004
13669,-0.255859,-0.872070,0.543457,-34.423828,-22.583008,-63.659668
13670,-0.231445,-0.891602,0.522949,-53.100586,-32.104492,-57.495117
13671,-0.223145,-0.925293,0.439453,-83.374023,-47.119141,-34.423828
13672,-0.236816,-0.968262,0.379395,-88.195801,-53.833008,-24.047852
13673,-0.244141,-1.011719,0.280762,-83.068848,-59.326172,-19.226074
13674,-0.228027,-1.023438,0.040527,-38.269043,-60.852051,-17.883301
13675,-0.211426,-1.009277,-0.074707,-4.516602,-54.626465,-22.949219
13676,-0.181641,-0.964844,-0.149902,34.545898,-45.471191,-28.320312
13677,-0.166992,-0.887695,-0.143555,68.969727,-36.987305,-31.250000
13678,-0.200684,-0.796875,-0.203613,94.116211,-14.892578,-32.592773
13679,-0.212402,-0.762695,-0.268555,89.538574,2.258301,-32.653809
13680,-0.267578,-0.739258,-0.402344,72.570801,42.968750,-25.817871
13681,-0.303711,-0.755371,-0.407227,67.260742,55.786133,-24.963379
13682,-0.305664,-0.750488,-0.413574,65.063477,58.532715,-21.850586
13683,-0.291504,-0.754395,-0.387207,62.316895,58.593750,-14.770508
13684,-0.226562,-0.763672,-0.165039,35.705566,57.067871,7.324219
13685,-0.211426,-0.755859,-0.055176,12.573242,50.292969,20.141602
13686,-0.217285,-0.769531,0.016113,-9.155273,38.696289,30.639648
13687,-0.231934,-0.850098,0.034668,-32.653809,12.939453,40.527344
13688,-0.224609,-0.903320,0.032227,-34.484863,3.234863,42.175293
13689,-0.217285,-0.967773,0.012207,-31.677246,-4.699707,42.236328
13690,-0.203613,-1.040039,-0.014648,-24.841309,-11.230469,40.039062
13691,-0.191895,-1.141113,-0.163574,-1.953125,-14.953613,32.287598
13692,-0.203125,-1.157715,-0.257324,9.948730,-8.850098,29.357910
13693,-0.224609,-1.160156,-0.335449,17.639160,3.234863,27.648926
13694,-0.321777,-1.223633,-0.451660,20.935059,39.367676,24.291992
13695,-0.359375,-1.328613,-0.441406,21.850586,58.044434,18.127441
13696,-0.429199,-1.433105,-0.190430,6.347656,81.420898,-5.920410
13697,-0.294434,-1.266113,0.130859,-15.869141,70.739746,-7.751465
13698,-0.163574,-1.081055,0.448242,-50.170898,36.987305,8.850098
13699,-0.171387,-1.000977,0.546387,-83.557129,-11.474609,30.639648
13700,-0.318848,-1.231445,0.196777,-95.764160,-65.612793,54.382324
13701,-0.405273,-1.319824,0.083496,-86.791992,-58.715820,56.335449
13702,-0.496582,-1.471191,0.051758,-68.725586,-22.766113,47.546387
13703,-0.519531,-1.484375,0.066406,-61.523438,-7.629395,34.545898
13704,-0.507324,-1.314453,-0.008301,-54.931641,7.934570,20.690918
13705,-0.448242,-1.064941,-0.046875,-50.048828,26.855469,14.770508
13706,-0.396973,-0.719727,-0.017090,-37.841797,56.579590,18.737793
13707,-0.400879,-0.634766,0.006348,-25.512695,64.147949,22.155762
13708,-0.442383,-0.531250,0.081543,2.929688,71.044922,32.470703
13709,-0.475098,-0.549316,0.154297,10.681152,67.077637,36.926270
13710,-0.515137,-0.587891,0.203125,13.427734,58.105469,36.071777
13711,-0.585449,-0.642090,0.246094,13.916016,43.212891,33.020020
13712,-0.694336,-0.763184,0.342773,20.629883,-13.244629,24.475098
13713,-0.610352,-0.832031,0.413086,12.756348,-69.763184,29.235840
13714,-0.519043,-0.937012,0.083496,15.014648,-116.271973,35.949707
13715,-0.401855,-0.962402,-0.073242,19.042969,-135.498047,42.724609
13716,-0.232422,-0.973145,-0.151367,2.136230,-137.451172,61.096191
13717,-0.114746,-1.069824,-0.371582,-26.306152,-125.427246,75.073242
13718,-0.278809,-0.972656,-0.196777,-74.768066,-90.454102,96.435547
13719,-0.341797,-0.807617,-0.069824,-91.796875,-77.148438,96.069336
13720,-0.377930,-0.668945,-0.005371,-96.496582,-68.969727,93.139648
13721,-0.427246,-0.557617,-0.008301,-82.214355,-45.043945,75.073242
13722,-0.429199,-0.533691,-0.005371,-65.368652,-27.465820,55.419922
13723,-0.410645,-0.495605,0.034668,-47.119141,-10.742188,31.005859
13724,-0.351074,-0.419922,0.077148,-18.798828,4.577637,-14.770508
13725,-0.337402,-0.463379,0.068848,-4.882812,2.258301,-31.982422
13726,-0.424805,-0.579590,-0.045898,23.559570,0.061035,-67.749023
13727,-0.433105,-0.594727,-0.087402,35.583496,-0.183105,-86.608887
13728,-0.485840,-0.652832,-0.164551,32.592773,5.737305,-103.149414
13729,-0.544434,-0.708496,-0.397949,19.653320,16.235352,-125.244141
13730,-0.569336,-0.720215,-0.588867,10.925293,22.460938,-127.502441
13731,-0.550781,-0.785645,-0.623535,9.033203,25.085449,-116.394043
13732,-0.492676,-0.881836,-0.567383,-1.525879,11.291504,-91.979980
13733,-0.479492,-1.318848,-0.892578,-22.399902,-30.883789,-12.451172
13734,-0.596191,-1.550293,-0.844727,-7.202148,-35.339355,17.578125
13735,-0.710449,-1.549805,-0.536621,32.409668,-32.226562,37.597656
13736,-0.957031,-0.984863,0.204102,45.654297,-17.272949,51.086426
13737,-0.891602,-0.729492,0.366699,19.714355,-20.446777,31.372070
13738,-0.783203,-0.417969,0.327637,-21.240234,-22.094727,5.493164
13739,-0.586426,-0.318848,0.040039,-45.471191,6.835938,-23.498535
13740,-0.537598,-0.453125,0.072266,-40.893555,25.268555,-31.738281
13741,-0.504395,-0.658691,0.128906,-34.484863,33.264160,-39.367676
13742,-0.507812,-1.000488,0.075684,-25.512695,23.742676,-33.508301
13743,-0.336426,-2.007812,-0.295898,100.585938,-50.598145,19.226074
13744,-0.582520,-1.835449,0.007324,108.886719,-26.489258,-10.070801
13745,-0.634766,-1.577148,0.095215,79.345703,9.460449,-34.851074
13746,-0.468262,-1.126953,0.256348,-17.150879,72.753906,-33.752441
13747,-0.403809,-1.003906,0.295898,-58.776855,82.702637,-26.306152
13748,-0.337891,-0.796875,0.231934,-120.300293,82.580566,-26.245117
13749,-0.344238,-0.756348,0.225098,-137.268066,77.636719,-18.859863
13750,-0.370117,-0.773438,0.248047,-144.531250,62.194824,-5.432129
13751,-0.464844,-0.961914,0.156250,-135.375977,35.583496,0.854492
13752,-0.348145,-0.982422,0.188965,-93.811035,-38.574219,0.305176
13753,-0.368652,-1.014648,0.053223,-73.791504,-66.040039,-5.676270
13754,-0.379883,-0.985840,-0.001465,-44.860840,-67.260742,-21.301270
13755,-0.427246,-0.886719,-0.085938,-31.127930,-48.461914,-27.404785
13756,-0.420410,-0.833496,-0.064941,-13.427734,-22.827148,-29.663086
13757,-0.394043,-0.795410,0.000488,13.244629,18.127441,-31.799316
13758,-0.417969,-0.761230,-0.071777,22.216797,33.935547,-37.902832
13759,-0.327637,-0.685059,0.033203,27.648926,35.705566,-45.471191
13760,-0.309570,-0.650879,0.011230,20.202637,-4.638672,-46.936035
13761,-0.328125,-0.664551,-0.060059,13.305664,-31.555176,-47.729492
13762,-0.363770,-0.614746,-0.166504,6.225586,-55.664062,-46.203613
13763,-0.392090,-0.613770,-0.343750,5.676270,-73.303223,-40.771484
13764,-0.377441,-0.625977,-0.335938,5.798340,-70.556641,-36.132812
13765,-0.377930,-0.647461,-0.401855,6.530762,-61.218262,-31.799316
13766,-0.344238,-0.710938,-0.382812,5.493164,-44.921875,-24.841309
13767,-0.206543,-0.724121,-0.337402,6.530762,-30.334473,-25.573730
13768,-0.171387,-0.659668,-0.299805,11.962891,-27.404785,-16.296387
13769,-0.179688,-0.704590,-0.302246,13.732910,-21.667480,-11.962891
13770,-0.268066,-0.821777,-0.302246,16.052246,-9.277344,-1.525879
13771,-0.347656,-0.876953,-0.341309,18.737793,4.821777,3.417969
13772,-0.386719,-0.934570,-0.256836,42.114258,34.179688,6.469727
13773,-0.311523,-0.955566,-0.041992,50.109863,32.226562,7.873535
13774,-0.284180,-1.027344,0.075195,45.593262,16.357422,13.000488
13775,-0.260742,-1.221191,-0.131348,-80.871582,33.813477,27.954102
13776,-0.377930,-1.312500,-0.356934,-62.805176,32.836914,22.277832
13777,-0.418457,-1.251465,-0.446777,-39.733887,37.353516,18.066406
13778,-0.329590,-1.240723,-0.665527,-14.221191,63.659668,16.235352
13779,-0.315430,-1.261230,-0.636230,-15.258789,79.772949,15.930176
13780,-0.286621,-1.257812,-0.721680,-21.484375,99.060059,16.174316
13781,-0.280273,-1.224609,-0.713379,-24.902344,103.759766,14.648438
13782,-0.267578,-1.142578,-0.346191,-44.921875,68.725586,17.150879
13783,-0.380859,-1.125977,-0.252930,-31.738281,35.888672,17.578125
13784,-0.563965,-1.143555,-0.246582,-20.935059,8.056641,17.639160
13785,-0.729980,-1.335449,-0.416992,-33.874512,-10.681152,23.254395
13786,-0.689941,-1.370117,-0.464844,-41.870117,2.319336,16.296387
13787,-0.567383,-1.389160,-0.437500,-39.489746,7.629395,13.793945
13788,-0.297852,-1.168945,-0.367676,-34.973145,-0.549316,23.010254
13789,-0.213867,-1.070801,-0.315430,-25.573730,-2.563477,31.982422
13790,-0.176758,-0.955566,-0.238770,-23.193359,4.943848,37.353516
13791,-0.229980,-0.726074,-0.198730,-30.090332,28.076172,42.541504
13792,-0.250488,-0.653809,-0.174316,-31.311035,44.433594,40.527344
13793,-0.262695,-0.595703,-0.144043,-29.907227,61.401367,36.621094
13794,-0.280762,-0.544434,0.055664,-23.010254,82.397461,26.611328
13795,-0.311523,-0.545410,0.123535,-10.131836,86.853027,21.972656
13796,-0.367188,-0.612793,0.184570,10.314941,88.623047,17.028809
13797,-0.486816,-0.788574,0.327637,47.302246,84.350586,5.432129
13798,-0.549316,-0.857910,0.421875,50.109863,79.284668,0.976562
13799,-0.532715,-0.859375,0.520996,42.724609,61.889648,-2.685547
13800,-0.436035,-0.771484,0.579102,23.254395,30.334473,-5.126953
13801,-0.252441,-0.638184,0.326172,-27.465820,-38.330078,-6.347656
13802,-0.187988,-0.562988,0.203125,-24.841309,-71.655273,-8.605957
13803,0.025879,-0.685059,-0.314453,-4.943848,-145.629883,23.925781
13804,-0.087891,-1.015137,-1.123535,89.172363,-188.354492,50.415039
13805,-0.110352,-0.994141,-0.884766,107.788086,-145.690918,58.959961
13806,-0.115234,-0.934082,-0.722168,73.181152,-95.153809,49.865723
13807,-0.290527,-0.783691,-0.595703,-1.708984,-16.784668,8.361816
13808,-0.412598,-0.724121,-0.549316,-16.418457,12.634277,-16.601562
13809,-0.421875,-0.545898,-0.487793,-15.869141,31.250000,-31.005859
13810,-0.481445,-0.565918,-0.408203,-26.306152,56.701660,-30.273438
13811,-0.520996,-0.640625,-0.357422,-38.208008,57.800293,-36.865234
13812,-0.542480,-0.707520,-0.344727,-52.307129,52.246094,-46.081543
13813,-0.537109,-0.765137,-0.348145,-69.152832,20.507812,-64.819336
13814,-0.546875,-0.795898,-0.463379,-68.847656,-1.342773,-67.382812
13815,-0.531250,-0.841309,-0.581055,-54.260254,-18.066406,-64.514160
13816,-0.250488,-0.955566,-0.770996,4.089355,-26.916504,-41.259766
13817,-0.122559,-1.074219,-0.815430,30.212402,-12.145996,-31.738281
13818,0.081055,-1.141602,-0.981934,54.382324,-2.258301,-17.944336
13819,-0.471680,-1.180176,-0.247559,137.329102,4.760742,20.202637
13820,-0.688477,-1.113770,-0.029297,106.201172,10.070801,9.460449
13821,-0.730957,-0.947266,-0.011719,49.438477,20.507812,-12.451172
13822,-0.676758,-0.774414,0.021484,-5.004883,30.517578,-26.672363
13823,-0.828613,-0.869141,-0.105469,-65.246582,22.216797,-35.888672
13824,-0.821289,-1.003418,-0.193359,-45.654297,5.432129,-37.719727
13825,-0.467773,-1.375488,-0.640625,54.870605,-67.321777,-18.310547
13826,-0.316406,-1.628418,-0.738770,130.981445,-46.508789,-14.099121
13827,-0.272461,-1.593750,-0.358887,127.258301,6.347656,-23.864746
13828,-0.277832,-1.381836,-0.169922,83.801270,46.020508,-33.752441
13829,-0.316895,-1.071289,0.102051,25.512695,86.120605,-44.311523
13830,-0.293945,-0.995605,0.258301,3.356934,79.223633,-36.926270
13831,-0.306641,-0.957520,0.262695,-39.367676,38.940430,-14.892578
13832,-0.173828,-0.900879,0.170898,-38.452148,19.714355,-11.047363
13833,-0.086426,-0.861328,0.158203,-41.076660,-2.075195,-2.136230
13834,-0.057129,-0.858887,0.026855,-45.410156,-16.357422,7.141113
13835,-0.037109,-0.897949,-0.057129,-24.414062,-19.348145,10.986328
13836,-0.099609,-0.895508,-0.083984,-9.643555,-14.526367,7.568359
13837,-0.170410,-0.894531,-0.081055,1.770020,-5.981445,1.831055
13838,-0.221191,-0.898926,-0.045410,13.122559,2.136230,-5.859375
13839,-0.249023,-0.951172,0.016113,33.569336,11.474609,-12.756348
13840,-0.217285,-0.959473,0.059082,38.879395,11.779785,-12.512207
13841,-0.169434,-0.922852,0.095703,44.189453,9.216309,-11.962891
13842,-0.134766,-0.878418,0.073242,42.358398,-3.906250,-8.911133
13843,-0.161621,-0.846191,-0.061035,33.447266,-12.756348,-5.371094
13844,-0.174316,-0.791992,-0.145996,34.362793,-13.549805,-1.098633
13845,-0.223633,-0.722168,-0.221680,34.301758,-9.460449,10.864258
13846,-0.266602,-0.708008,-0.225586,40.649414,-1.037598,15.197754
13847,-0.365234,-0.724609,-0.114258,52.062988,23.864746,32.409668
13848,-0.416504,-0.723633,-0.157715,48.095703,30.395508,48.950195
13849,-0.516113,-0.737793,-0.336914,46.325684,47.180176,64.514160
13850,-0.433105,-0.708984,-0.320312,36.010742,55.664062,71.533203
13851,-0.357422,-0.657715,-0.454590,17.028809,75.988770,86.730957
13852,-0.404785,-0.682617,-0.450195,7.751465,96.252441,101.623535
13853,-0.433105,-0.747559,-0.349609,-13.488770,115.478516,116.516113
13854,-0.416016,-0.813965,-0.144043,-63.537598,122.802734,147.460938
13855,-0.401855,-0.922852,-0.133789,-77.636719,111.816406,155.212402
13856,-0.285645,-0.927246,0.018555,-82.763672,92.163086,151.916504
13857,-0.224609,-0.998047,-0.181641,-75.622559,12.329102,133.850098
13858,-0.320801,-1.012207,-0.572266,-52.429199,-17.089844,125.671387
13859,-0.421387,-0.940918,-0.706055,-20.568848,-23.437500,116.210938
13860,-0.476074,-0.902344,-0.757812,-11.962891,-6.469727,104.980469
13861,-0.527344,-0.914551,-0.631348,6.591797,22.216797,76.904297
13862,-0.536133,-0.981445,-0.560059,3.173828,27.526855,58.166504
13863,-0.522461,-0.988281,-0.582031,-11.230469,34.790039,45.532227
13864,-0.645020,-1.020020,-0.617188,-29.479980,50.292969,39.611816
13865,-0.702637,-0.985840,-0.580078,-31.555176,52.978516,40.344238
13866,-0.730957,-0.958008,-0.516602,-31.677246,46.997070,42.114258
13867,-0.766602,-0.968262,-0.402832,-22.399902,21.789551,45.227051
13868,-0.824707,-0.975586,-0.400879,-18.981934,12.573242,38.940430
13869,-0.798340,-0.909668,-0.480469,-18.798828,12.390137,24.475098
13870,-0.781250,-1.051758,-0.377930,-7.751465,26.672363,22.644043
13871,-0.837891,-1.195312,-0.277832,-15.930176,12.329102,19.836426
13872,-0.766113,-1.167969,-0.281250,-32.531738,-5.249023,8.605957
13873,-0.570312,-1.010742,-0.247070,-69.641113,9.338379,27.587891
13874,-0.496582,-0.901367,-0.263184,-76.904297,12.207031,33.630371
13875,-0.448242,-0.748535,-0.273926,-65.429688,14.282227,46.508789
13876,-0.435059,-0.607422,-0.234375,-52.062988,17.578125,58.654785
13877,-0.449707,-0.590820,-0.138672,-39.428711,28.686523,60.974121
13878,-0.454590,-0.522949,-0.137695,-43.212891,26.489258,56.152344
13879,-0.549316,-0.509277,-0.062988,-44.250488,26.000977,58.471680
13880,-0.608398,-0.525391,-0.028320,-36.193848,28.625488,60.974121
13881,-0.640625,-0.566895,0.000977,-21.057129,24.658203,57.006836
13882,-0.611328,-0.561035,0.029297,3.295898,9.521484,46.569824
13883,-0.701660,-0.479980,0.018555,44.006348,-25.878906,30.029297
13884,-0.737305,-0.474609,0.020996,51.696777,-39.489746,32.043457
13885,-0.629883,-0.582031,0.128418,40.039062,-73.486328,30.273438
13886,-0.484863,-0.519531,0.028320,20.263672,-88.500977,31.555176
13887,-0.472656,-0.437012,-0.032227,-0.244141,-79.284668,38.879395
13888,-0.547852,-0.456543,0.020508,-36.804199,-47.790527,40.771484
13889,-0.489258,-0.646973,-0.555176,-8.728027,-125.366211,71.899414
13890,-0.491699,-0.763672,-0.742676,22.216797,-116.699219,65.429688
13891,-0.436035,-0.740234,-0.653320,53.283691,-80.505371,55.480957
13892,-0.424805,-0.750000,-0.390625,28.503418,-18.798828,14.282227
13893,-0.508789,-0.715332,-0.384766,8.666992,1.647949,-6.896973
13894,-0.598633,-0.663086,-0.338379,-10.986328,14.648438,-22.521973
13895,-0.662109,-0.439941,-0.388672,-44.372559,15.380859,-42.419434
13896,-0.712891,-0.372559,-0.468262,-45.715332,11.657715,-47.302246
13897,-0.737305,-0.369141,-0.519043,-37.475586,6.591797,-49.560547
13898,-0.774414,-0.393555,-0.542969,-28.442383,-20.568848,-43.334961
13899,-0.753418,-0.332031,-0.536621,-38.818359,-40.771484,-33.020020
13900,-0.724121,-0.331055,-0.623535,-35.644531,-47.912598,-14.282227
13901,-0.729492,-0.467285,-0.699219,-28.564453,-32.165527,13.549805
13902,-0.746094,-0.629883,-0.706543,-22.094727,-12.939453,11.962891
13903,-0.724609,-0.822754,-0.704102,-19.714355,3.417969,-3.967285
13904,-0.907227,-0.954102,-0.437012,-9.094238,-17.944336,-23.742676
13905,-1.029297,-0.873047,-0.379395,7.019043,-52.612305,-26.611328
13906,-1.158203,-0.783691,-0.302734,15.258789,-66.162109,-31.188965
13907,-1.110352,-0.633301,-0.223633,-5.920410,-55.541992,-47.790527
13908,-0.819336,-0.377930,-0.292480,-67.993164,-24.230957,-73.486328
13909,-0.817871,-0.410645,-0.307129,-73.364258,-22.705078,-74.218750
13910,-0.898438,-0.612305,-0.310059,-53.710938,-45.349121,-81.848145
13911,-0.947754,-0.817871,-0.634766,-22.277832,-78.979492,-38.513184
13912,-1.238281,-1.343262,-0.683105,53.710938,-61.889648,19.958496
13913,-1.119141,-1.433105,-0.517578,73.730469,-36.071777,-2.990723
13914,-0.894531,-1.172363,-0.309082,76.354980,-12.756348,-29.357910
13915,-0.815430,-0.832031,-0.097656,64.575195,8.850098,-38.391113
13916,-0.758789,-0.791016,-0.007324,55.053711,12.084961,-36.926270
13917,-0.674805,-0.739746,-0.027344,52.612305,11.413574,-33.020020
13918,-0.640625,-0.727539,0.048828,45.715332,10.314941,-26.062012
13919,-0.636230,-0.732422,0.034180,23.742676,-5.859375,-20.324707
13920,-0.641113,-0.704590,-0.058594,20.141602,-6.164551,-18.981934
13921,-0.614746,-0.640625,-0.056152,22.338867,-0.671387,-18.798828
13922,-0.542969,-0.564941,-0.017578,30.212402,2.685547,-13.000488
13923,-0.502441,-0.535156,0.069824,34.606934,-19.958496,-7.080078
13924,-0.525879,-0.588379,0.086914,30.212402,-36.987305,-3.662109
13925,-0.589355,-0.610840,0.112305,24.475098,-59.326172,-1.403809
13926,-0.620117,-0.630371,0.136719,23.559570,-65.368652,1.953125
13927,-0.658203,-0.697266,0.148926,14.770508,-67.382812,8.361816
13928,-0.625977,-0.768066,0.095215,-3.356934,-73.913574,16.906738
13929,-0.639648,-0.725586,0.045898,-12.451172,-77.026367,16.540527
13930,-0.654785,-0.686035,0.009766,-16.662598,-78.918457,18.371582
13931,-0.637207,-0.670410,-0.045410,-11.596680,-78.308105,22.399902
13932,-0.628418,-0.653809,-0.123535,-11.596680,-75.195312,19.348145
13933,-0.594238,-0.608887,-0.174316,-5.798340,-72.448730,15.014648
13934,-0.617188,-0.532715,-0.252930,4.638672,-66.040039,11.047363
13935,-0.614746,-0.397461,-0.323730,29.663086,-37.719727,10.803223
13936,-0.610352,-0.373047,-0.330566,40.893555,-24.475098,12.634277
13937,-0.608398,-0.401367,-0.292480,52.490234,-15.380859,14.343262
13938,-0.641602,-0.460449,-0.203613,73.364258,-6.591797,19.165039
13939,-0.648926,-0.463379,-0.185547,76.110840,-4.943848,20.019531
13940,-0.680664,-0.461914,-0.218262,79.772949,0.061035,20.263672
13941,-0.720215,-0.470215,-0.255859,89.843750,12.939453,17.639160
13942,-0.732422,-0.547852,-0.139160,103.332520,28.137207,11.047363
13943,-0.666016,-0.663086,0.262207,65.490723,18.127441,5.920410
13944,-0.672852,-0.648438,0.247559,28.137207,8.911133,15.502930
13945,-0.683105,-0.646484,0.216797,-0.671387,0.610352,23.803711
13946,-0.791016,-0.650391,0.013672,-21.606445,-13.732910,29.296875
13947,-0.819336,-0.645020,-0.068359,-21.911621,-18.493652,29.846191
13948,-0.818848,-0.671387,-0.119629,-22.094727,-24.169922,29.846191
13949,-0.822754,-0.704102,-0.167480,-24.169922,-27.709961,33.935547
13950,-0.923340,-0.862305,-0.181641,-31.982422,-23.803711,42.968750
13951,-0.950684,-0.918945,-0.200195,-28.686523,-17.761230,39.978027
13952,-0.988770,-0.959961,-0.211426,-18.310547,-12.634277,33.203125
13953,-1.029297,-0.973633,-0.220215,-1.770020,-10.742188,24.475098
13954,-0.985352,-0.896973,-0.209961,41.625977,-7.446289,19.165039
13955,-0.973633,-0.849609,-0.136230,46.752930,-1.342773,25.085449
13956,-0.963379,-0.814941,-0.116699,40.832520,6.347656,31.616211
13957,-0.959961,-0.781738,-0.084473,34.362793,15.563965,36.560059
13958,-0.943359,-0.829590,0.146973,11.047363,34.973145,41.931152
13959,-0.917480,-0.888184,0.198730,-3.845215,39.794922,39.550781
13960,-0.864258,-0.932617,0.308594,-18.859863,41.625977,39.306641
13961,-0.900879,-0.994141,0.135254,-42.907715,41.625977,38.818359
13962,-0.878906,-0.900391,0.012695,-38.635254,37.414551,34.790039
13963,-0.799805,-0.735352,-0.020996,-27.954102,33.447266,34.912109
13964,-0.717285,-0.542480,-0.052734,-12.573242,38.024902,35.278320
13965,-0.683594,-0.462402,-0.035156,-8.789062,46.203613,34.057617
13966,-0.667480,-0.386230,-0.012207,-8.178711,53.833008,31.188965
13967,-0.665039,-0.317383,0.007324,-8.544922,61.645508,27.099609
13968,-0.713867,-0.291992,0.042969,-10.742188,80.139160,12.695312
13969,-0.775391,-0.325684,0.052246,-3.784180,83.862305,1.220703
13970,-0.823242,-0.378906,0.085449,17.333984,66.589355,-16.784668
13971,-0.801758,-0.391113,0.072754,27.526855,55.053711,-19.042969
13972,-0.753906,-0.409180,0.070312,35.644531,44.799805,-14.709473
13973,-0.633301,-0.441895,0.094727,36.621094,27.587891,0.427246
13974,-0.586426,-0.455078,0.081543,30.944824,22.033691,8.361816
13975,-0.569824,-0.492676,0.125000,18.188477,16.906738,14.099121
13976,-0.598145,-0.638672,0.033203,-7.263184,4.943848,17.272949
13977,-0.552734,-0.774902,-0.062012,0.915527,-12.145996,19.348145
13978,-0.595703,-0.745605,-0.066406,7.080078,-31.616211,20.080566
13979,-0.621582,-0.732910,-0.088867,22.827148,-35.766602,10.742188
13980,-0.611328,-0.602539,-0.201660,30.090332,-8.422852,-19.042969
13981,-0.485352,-0.470215,-0.080566,22.949219,7.690430,-29.174805
13982,-0.429688,-0.382812,-0.078125,11.413574,8.422852,-29.785156
13983,-0.462402,-0.345703,-0.088867,-2.380371,7.751465,-22.949219
13984,-0.585449,-0.411133,-0.183105,-28.259277,20.263672,-24.719238
13985,-0.695801,-0.437988,-0.214844,-39.123535,23.620605,-30.273438
13986,-0.773438,-0.462402,-0.251953,-48.400879,19.653320,-41.015625
13987,-0.868652,-0.466797,-0.423340,-60.668945,1.220703,-66.772461
13988,-0.875977,-0.440918,-0.556152,-71.228027,-9.460449,-74.401855
13989,-0.838867,-0.497559,-0.710449,-72.814941,-6.408691,-66.833496
13990,-0.805664,-0.685059,-0.851562,-52.673340,3.601074,-45.776367
13991,-0.927734,-1.024902,-0.835449,-12.451172,5.554199,-26.855469
13992,-1.141602,-1.072266,-0.467773,102.111816,-25.451660,-4.272461
13993,-1.173340,-0.869629,-0.124512,152.648926,-35.827637,-0.061035
13994,-1.107422,-0.577148,0.078613,144.653320,-29.052734,-6.103516
13995,-0.840820,-0.269043,0.128418,20.751953,-20.080566,-22.094727
13996,-0.825195,-0.256348,0.007812,-31.982422,-14.160156,-14.770508
13997,-0.881836,-0.352539,-0.102051,-61.828613,-7.446289,-10.437012
13998,-0.935547,-0.687500,-0.135254,-82.336426,0.122070,-1.708984
13999,-1.159668,-1.110840,-0.185547,-71.655273,-20.324707,13.183594
14000,-1.062012,-1.225098,-0.043457,63.415527,-8.605957,-24.597168
14001,-0.946289,-1.054688,0.093262,69.641113,0.000000,-36.376953
14002,-0.913086,-0.911621,0.120605,60.119629,6.591797,-41.625977
14003,-0.855957,-0.778320,0.207520,37.353516,10.192871,-40.710449
14004,-0.750488,-0.671875,0.211914,0.000000,9.887695,-25.024414
14005,-0.677734,-0.659180,0.199707,-6.530762,8.178711,-22.644043
14006,-0.609375,-0.626953,0.228027,-7.751465,0.976562,-21.850586
14007,-0.604980,-0.623535,0.257812,-1.770020,-23.742676,-12.390137
14008,-0.612793,-0.578125,0.225098,-2.136230,-35.339355,-10.864258
14009,-0.595215,-0.552246,0.225098,-0.854492,-39.733887,-10.437012
14010,-0.555664,-0.543457,0.159668,3.906250,-45.532227,-7.202148
14011,-0.564941,-0.569824,0.132324,2.502441,-44.250488,-5.065918
14012,-0.583984,-0.595703,0.125977,-1.831055,-41.320801,-2.136230
14013,-0.610352,-0.635254,0.152832,-10.253906,-38.574219,1.586914
14014,-0.622559,-0.673340,0.167480,-19.836426,-37.414551,6.835938
14015,-0.681641,-0.801758,0.152832,-34.606934,-41.198730,12.207031
14016,-0.683105,-0.849609,0.118652,-38.635254,-42.175293,12.390137
14017,-0.696777,-0.854492,0.093750,-40.283203,-43.212891,10.314941
14018,-0.684570,-0.753418,0.004395,-33.569336,-43.212891,6.042480
14019,-0.670410,-0.717773,-0.052734,-27.832031,-38.757324,5.432129
14020,-0.641602,-0.666504,-0.107422,-21.118164,-33.081055,3.295898
14021,-0.625488,-0.621094,-0.141602,-17.089844,-25.756836,1.159668
14022,-0.613770,-0.526367,-0.173340,-15.197754,-8.483887,-1.220703
14023,-0.639160,-0.504395,-0.170898,-15.625000,0.549316,-0.854492
14024,-0.704102,-0.496582,-0.160156,-20.263672,18.310547,2.502441
14025,-0.750977,-0.494141,-0.143555,-25.512695,23.925781,4.943848
14026,-0.795410,-0.476074,-0.152344,-29.785156,26.977539,7.690430
14027,-0.813965,-0.473633,-0.146484,-34.240723,27.343750,12.268066
14028,-0.864258,-0.528809,-0.088867,-51.269531,21.362305,20.019531
14029,-0.875488,-0.518555,-0.067383,-64.331055,9.521484,25.878906
14030,-0.886719,-0.508301,-0.132812,-72.753906,2.868652,32.287598
14031,-0.972168,-0.567871,-0.114258,-61.950684,-5.493164,38.269043
14032,-1.032227,-0.656738,-0.156738,-52.856445,-11.657715,40.649414
14033,-1.016602,-0.669434,-0.206543,-49.072266,-6.103516,39.489746
14034,-1.050293,-0.727051,-0.233398,-52.978516,-12.817383,38.452148
14035,-1.069824,-0.789062,-0.251465,-44.921875,-23.864746,39.733887
14036,-1.016602,-0.772949,-0.329590,-28.381348,-18.920898,36.987305
14037,-1.061523,-0.890137,-0.518066,20.629883,5.859375,10.192871
14038,-1.131348,-0.870605,-0.287109,39.855957,26.672363,-6.713867
14039,-1.253418,-0.852539,-0.194824,92.895508,45.410156,-19.287109
14040,-1.159180,-0.758789,-0.193359,98.022461,36.865234,-28.015137
14041,-1.100586,-0.692383,-0.219238,87.402344,41.442871,-30.456543
14042,-1.177246,-0.693359,-0.009277,90.759277,41.442871,-26.733398
14043,-0.969727,-0.694336,0.195312,69.702148,42.968750,-7.263184
14044,-1.131348,-0.890625,0.326660,54.199219,28.808594,3.662109
14045,-1.117676,-1.065430,0.294922,46.752930,10.437012,3.906250
14046,-0.966797,-1.206055,-0.013672,88.623047,4.272461,-15.747070
14047,-0.898438,-1.228516,-0.087891,115.051270,2.563477,-34.057617
14048,-0.808105,-1.172363,-0.263184,136.413574,14.099121,-62.866211
14049,-0.835449,-1.068848,-0.127930,166.076660,19.226074,-90.087891
14050,-0.805664,-0.732422,0.083008,232.971191,4.699707,-122.558594
14051,-0.729492,-0.563477,0.172852,245.117188,-4.272461,-131.042480
14052,-0.689453,-0.455078,0.325684,254.577637,-22.094727,-133.911133
14053,-0.476074,-0.257812,0.116211,261.535645,-33.447266,-132.751465
14054,-0.462891,-0.190430,0.340332,263.793945,-41.015625,-127.868652
14055,-0.463867,-0.135742,0.356445,261.169434,-51.330566,-116.699219
14056,-0.397949,-0.073730,0.305664,228.088379,-42.480469,-96.008301
14057,-0.367188,0.015625,0.457031,200.439453,-36.071777,-84.167480
14058,-0.389160,0.042480,0.614258,168.640137,-41.748047,-63.232422
14059,-0.498047,0.029785,0.616211,137.207031,-61.035156,-40.893555
14060,-0.531250,-0.130371,0.324707,116.088867,-89.233398,6.774902
14061,-0.597656,-0.366211,0.219727,121.337891,-88.928223,19.714355
14062,-0.627441,-0.484863,0.106445,142.028809,-83.312988,19.714355
14063,-0.720703,-0.513672,0.218262,216.308594,-67.687988,22.949219
14064,-0.526855,-0.430176,0.247559,242.309570,-82.153320,41.259766
14065,-0.742676,-0.866699,0.578613,220.092773,-109.741211,58.593750
14066,-0.587891,-0.927734,0.078125,109.985352,-124.084473,1.403809
14067,-0.484375,-0.735352,-0.249023,95.581055,-79.833984,-19.775391
14068,-0.752930,-0.750977,0.119629,124.511719,-34.118652,-31.311035
14069,-0.875977,-0.285156,0.785156,168.701172,-43.273926,-27.099609
14070,-0.802246,-0.133789,0.819336,174.926758,-67.443848,-4.028320
14071,-0.769043,-0.131836,0.762695,206.970215,-102.050781,28.320312
14072,-0.624023,-0.198730,0.510254,244.750977,-120.727539,55.664062
14073,-0.353027,-0.602539,0.330566,249.206543,-88.195801,100.891113
14074,-0.298340,-0.968750,0.477539,226.989746,-74.951172,104.248047
14075,-0.221191,-1.272949,0.415039,202.026367,-74.584961,99.914551
14076,-0.108398,-1.551270,0.209961,190.063477,-63.537598,79.284668
14077,-0.073730,-1.827148,0.274414,159.057617,-7.934570,6.347656
14078,0.075684,-1.775879,0.466309,110.473633,32.226562,-53.894043
14079,0.219238,-1.791992,0.588379,53.405762,61.096191,-114.013672
14080,0.161133,-1.370605,0.715820,-43.395996,129.333496,-223.022461
14081,0.060059,-1.005859,0.939453,-59.509277,142.272949,-257.568359
14082,-0.027344,-0.651855,1.168945,-49.926758,134.948730,-269.470215
14083,0.066406,-0.145020,1.670898,-32.165527,82.763672,-229.858398
14084,0.089355,-0.083008,1.642090,-29.479980,43.090820,-197.814941
14085,0.102051,-0.170898,1.316895,17.028809,3.845215,-134.094238
14086,0.091309,-0.364258,1.153320,33.081055,5.859375,-123.291016
14087,0.046875,-0.635254,1.112305,29.113770,25.207520,-134.582520
14088,0.039062,-0.664551,1.243164,6.347656,52.124023,-168.823242
14089,-0.048828,-0.644043,1.440918,-90.576172,76.721191,-218.078613
14090,-0.417969,-0.639648,1.802734,-128.295898,54.870605,-237.548828
14091,-0.433594,-0.457031,1.544922,-126.831055,29.357910,-249.938965
14092,-0.573242,-0.214844,1.286621,-0.366211,17.272949,-229.125977
14093,-0.593262,-0.103516,1.387207,48.400879,-1.159668,-209.045410
14094,-0.559082,-0.013672,1.518066,66.528320,-27.709961,-173.767090
14095,-0.648926,-0.067871,1.631836,63.049316,-63.537598,-132.995605
14096,-0.675293,-0.166504,1.463867,61.767578,-146.484375,-92.163086
14097,-0.625000,-0.072266,1.288086,83.923340,-186.645508,-73.181152
14098,-0.645020,-0.097656,0.981445,90.637207,-186.706543,-49.682617
14099,-0.365723,-0.224121,0.894531,70.068359,-154.235840,-22.827148
14100,-0.247070,-0.156250,0.852051,41.625977,-140.808105,-19.409180
14101,-0.123047,-0.040039,0.795410,18.798828,-123.291016,-10.192871
14102,-0.105957,0.008301,0.770020,-3.906250,-101.318359,9.094238
14103,-0.185547,-0.233398,0.693359,-59.936523,-53.222656,45.898438
14104,-0.236328,-0.358887,0.657715,-75.866699,-27.770996,44.189453
14105,-0.261719,-0.408203,0.606934,-72.265625,-5.310059,29.663086
14106,-0.253418,-0.435547,0.688477,-55.969238,14.831543,13.854980
14107,-0.280273,-0.297852,1.285645,-5.371094,-4.821777,1.037598
14108,-0.313477,-0.194336,1.293457,6.469727,-37.475586,6.225586
14109,-0.227051,-0.196777,1.201172,9.033203,-67.138672,18.127441
14110,0.104980,-0.247070,1.217285,-14.465332,-97.900391,38.635254
14111,-0.051758,-0.451172,0.944824,-27.526855,-119.323730,48.645020
14112,-0.005859,-0.419922,0.579102,12.268066,-129.394531,62.011719
14113,-0.002441,-0.448242,0.361328,51.696777,-99.182129,73.974609
14114,-0.275879,-0.526855,0.695312,104.492188,-52.124023,57.739258
14115,-0.326660,-0.490723,0.675293,131.164551,-49.987793,30.944824
14116,-0.209473,-0.150879,0.725098,199.829102,-52.856445,6.103516
14117,-0.146484,-0.148926,0.974609,186.706543,-41.564941,15.075684
14118,-0.116211,-0.251465,1.367676,100.891113,-9.582520,17.822266
14119,-0.198730,-0.351074,1.391602,-109.497070,-21.911621,-10.375977
14120,-0.162109,-0.377930,0.925781,-138.793945,-40.588379,-18.920898
14121,0.103516,-0.376953,0.463379,-100.952148,-27.587891,-13.610840
14122,0.104980,-0.559570,0.685059,-24.597168,53.649902,5.310059
14123,-0.050781,-0.527344,0.849609,-2.258301,59.387207,6.530762
14124,-0.139648,-0.454590,0.912598,6.042480,57.678223,3.356934
14125,-0.012207,-0.311035,1.086426,18.737793,36.437988,13.061523
14126,-0.041992,-0.390625,0.984375,28.991699,18.371582,27.832031
14127,-0.090820,-0.412598,0.867188,50.964355,9.216309,30.151367
14128,-0.149902,-0.361816,0.880371,72.082520,8.117676,30.212402
14129,-0.236328,-0.372070,1.083008,69.030762,33.874512,6.164551
14130,-0.146484,-0.288086,1.222656,50.231934,41.259766,-5.676270
14131,-0.053711,-0.248047,1.267090,33.569336,37.231445,-0.183105
14132,-0.096191,-0.341797,1.319336,-15.319824,45.776367,4.760742
14133,-0.131836,-0.354004,1.355469,-41.809082,44.311523,-1.525879
14134,-0.137207,-0.319824,1.284668,-57.434082,32.653809,-5.126953
14135,-0.122559,-0.296387,1.177734,-55.725098,20.629883,-4.394531
14136,-0.080078,-0.151855,1.118652,-50.048828,-22.583008,0.610352
14137,-0.088379,-0.170410,0.875488,-45.776367,-43.151855,10.681152
14138,-0.050781,-0.223633,0.652832,-33.142090,-40.710449,11.047363
14139,-0.019043,-0.291504,0.403320,40.222168,-54.138184,35.278320
14140,-0.088379,-0.389648,0.391602,74.279785,-48.461914,36.621094
14141,-0.120117,-0.423828,0.492188,86.608887,-38.574219,28.381348
14142,-0.117676,-0.391602,0.602051,72.631836,-27.770996,17.272949
14143,-0.036621,-0.268066,0.735840,-3.417969,2.197266,3.601074
14144,0.000488,-0.240723,0.764160,-48.583984,13.610840,3.784180
14145,0.008301,-0.322754,0.636230,-83.251953,22.521973,4.089355
14146,0.061035,-0.411621,0.540039,-83.679199,38.513184,-8.361816
14147,0.035645,-0.436523,0.546387,-65.124512,43.273926,-9.399414
14148,0.029785,-0.417480,0.590332,-41.442871,40.771484,-9.277344
14149,-0.061035,-0.444336,0.724609,19.897461,13.366699,-0.366211
14150,-0.111328,-0.473145,0.810547,34.973145,-5.310059,-1.586914
14151,-0.016113,-0.482422,0.866211,-2.563477,-15.136719,-20.568848
14152,0.097168,-0.502930,0.661133,-32.470703,-1.342773,-28.015137
14153,0.175293,-0.529297,0.497070,-36.376953,20.568848,-29.052734
14154,0.016602,-0.570801,0.604004,23.559570,42.053223,-6.103516
14155,-0.073730,-0.631836,0.755371,57.067871,25.634766,-11.596680
14156,-0.175781,-0.515137,0.850586,65.429688,14.465332,-12.817383
14157,-0.107910,-0.403320,0.998535,12.145996,-5.432129,-10.314941
14158,-0.009766,-0.435547,0.889160,-15.441895,-2.868652,-6.469727
14159,0.013672,-0.463379,0.833008,-26.184082,6.103516,-1.464844
14160,-0.021484,-0.490723,0.922852,-22.216797,9.094238,4.150391
14161,-0.148926,-0.524414,1.212402,-10.009766,-31.311035,5.981445
14162,-0.070312,-0.456543,1.127930,-25.207520,-40.649414,1.586914
14163,0.033691,-0.422852,1.050781,-37.109375,-38.513184,5.065918
14164,0.058105,-0.499512,0.949219,-45.227051,-24.597168,14.892578
14165,0.054688,-0.553711,0.990234,-37.475586,-21.606445,16.052246
14166,0.041016,-0.615723,1.047852,-17.517090,-32.043457,16.418457
14167,0.013672,-0.609863,1.109375,8.117676,-50.781250,14.770508
14168,0.060547,-0.413574,1.153320,43.395996,-95.336914,13.732910
14169,0.151367,-0.333984,1.100586,37.658691,-101.379395,18.859863
14170,0.265625,-0.443359,0.796387,39.123535,-75.805664,34.057617
14171,0.219238,-0.503906,0.805176,43.151855,-47.973633,27.526855
14172,0.162598,-0.455078,0.886230,42.907715,-20.202637,18.920898
14173,0.104980,-0.292969,1.182129,6.164551,20.874023,9.948730
14174,0.108398,-0.179688,1.349609,-33.508301,32.836914,8.117676
14175,0.199219,-0.076660,1.266113,-78.552246,39.306641,14.221191
14176,0.144043,-0.132324,1.099121,-92.224121,47.546387,40.100098
14177,0.089844,-0.244629,1.081055,-63.476562,40.283203,47.668457
14178,0.041504,-0.309570,1.152832,-28.503418,25.451660,51.635742
14179,-0.004395,-0.318359,1.244141,49.255371,-36.682129,63.049316
14180,0.024414,-0.358887,1.227051,61.950684,-60.180664,63.842773
14181,0.053711,-0.406250,1.044922,65.063477,-69.030762,61.645508
14182,0.028809,-0.445312,0.899902,66.772461,-63.598633,54.138184
14183,-0.008301,-0.497559,0.658691,65.429688,-28.442383,30.944824
14184,-0.032715,-0.507812,0.718262,64.270020,-10.375977,21.667480
