order,ax,ay,az,gx,gy,gz
0,-0.047363,-0.549805,0.880859,7.629395,-12.145996,3.173828
1,-0.055176,-0.551270,0.919434,7.995605,-12.512207,3.601074
2,-0.014160,-0.560547,0.971680,1.464844,-21.240234,1.708984
3,-0.022949,-0.564453,0.917480,3.234863,-21.301270,0.305176
4,-0.012695,-0.548828,0.899902,12.268066,-19.104004,-0.671387
5,0.026367,-0.477539,0.962891,6.530762,-11.474609,0.793457
6,0.050293,-0.482422,0.987305,-7.751465,-5.371094,6.164551
7,0.055176,-0.482422,0.988770,-16.540527,-2.624512,6.713867
8,0.074219,-0.464844,0.945312,-14.282227,-3.906250,1.464844
9,0.048340,-0.324219,0.961914,-5.065918,8.544922,11.718750
10,0.028809,-0.480469,0.993164,-10.681152,12.084961,23.315430
11,0.047852,-0.615723,0.894531,-18.615723,22.521973,22.216797
12,-0.006836,-0.576172,0.858887,-44.860840,51.696777,8.850098
13,-0.091309,-0.477539,0.770020,-52.978516,68.786621,3.723145
14,-0.123047,-0.398438,0.377930,-52.917480,102.111816,0.244141
15,0.036133,-0.322754,0.620605,-43.518066,161.865234,18.005371
16,-0.110352,-0.274902,1.080566,-15.625000,162.170410,47.363281
17,-0.266113,-0.509766,1.628418,29.846191,90.881348,52.795410
18,-0.296875,-0.481934,1.104980,78.308105,-82.214355,13.732910
19,-0.090332,-0.429688,0.867676,116.638184,-113.464355,15.991211
20,0.019531,-0.446289,0.775391,138.427734,-117.004395,25.329590
21,0.073730,-0.393555,0.785645,122.497559,-82.702637,17.639160
22,0.070801,-0.365234,0.777832,92.712402,-55.114746,6.530762
23,0.089844,-0.333496,0.822266,64.270020,-31.005859,2.136230
24,0.066406,-0.358887,0.937012,42.541504,-15.258789,2.319336
25,0.006348,-0.375488,0.861328,3.356934,-24.353027,-8.605957
26,0.060059,-0.326172,0.792480,0.122070,-5.004883,-13.000488
27,0.088379,-0.289062,0.816895,2.563477,4.516602,-14.221191
28,0.085449,-0.250488,0.882812,8.850098,8.239746,-12.695312
29,0.096680,-0.243164,0.984375,11.230469,5.798340,-12.207031
30,0.111816,-0.268066,0.974121,14.404297,2.502441,-13.122559
31,0.129395,-0.265137,0.956055,20.996094,0.366211,-14.221191
32,0.135254,-0.187012,0.939941,26.123047,-0.610352,-13.854980
33,0.165039,-0.144043,0.901855,18.493652,4.516602,-10.620117
34,0.178711,-0.114746,0.877930,5.310059,14.770508,-4.943848
35,0.165039,-0.134766,0.845703,-10.559082,27.282715,2.136230
36,0.073242,-0.207520,0.933594,-11.901855,41.320801,18.310547
37,0.023438,-0.270996,0.967285,-8.117676,34.057617,22.521973
38,-0.000977,-0.307617,0.960449,-4.394531,25.817871,23.803711
39,-0.029297,-0.334473,0.947754,5.737305,7.568359,23.803711
40,-0.037598,-0.330078,0.909180,6.835938,-1.892090,23.071289
41,-0.034180,-0.330078,0.832520,6.896973,-7.446289,22.277832
42,-0.031250,-0.401367,0.726562,18.554688,-10.009766,16.967773
43,-0.035156,-0.431641,0.695312,28.259277,-10.253906,11.535645
44,-0.025879,-0.400879,0.659668,37.719727,-7.446289,5.798340
45,-0.013672,-0.346191,0.649902,39.062500,7.873535,-2.563477
46,0.018066,-0.244629,0.647461,32.592773,18.615723,-3.906250
47,0.028320,-0.236328,0.648926,25.878906,31.433105,-3.173828
48,0.039062,-0.251953,0.686523,23.986816,43.090820,-2.319336
49,0.002441,-0.269043,0.871094,34.179688,52.856445,-0.061035
50,-0.031738,-0.291504,0.948242,39.672852,48.583984,-0.549316
51,-0.047852,-0.271973,0.994629,56.823730,37.658691,-1.037598
52,-0.027832,-0.245117,1.013184,60.974121,35.339355,-0.610352
53,-0.006836,-0.203613,1.031250,58.776855,37.658691,0.732422
54,-0.004883,-0.137207,1.219238,33.691406,47.851562,11.657715
55,-0.028320,-0.180176,1.268555,23.193359,45.288086,19.165039
56,-0.038086,-0.229980,1.291504,26.672363,35.095215,26.611328
57,-0.075684,-0.295898,1.335449,34.118652,21.423340,31.677246
58,-0.114746,-0.323242,1.371582,29.724121,-5.920410,26.245117
59,-0.118164,-0.276855,1.331543,22.216797,-18.859863,25.268555
60,-0.159668,-0.220703,1.379395,10.375977,-36.132812,23.315430
61,-0.158203,-0.176758,1.415039,-11.474609,-59.875488,20.019531
62,0.005371,-0.302734,0.996094,-41.748047,-71.228027,18.005371
63,0.077148,-0.381836,0.796875,-35.888672,-50.292969,22.460938
64,0.057617,-0.413574,0.704590,-20.996094,-22.399902,26.916504
65,-0.019043,-0.347656,0.721191,-7.263184,6.286621,29.357910
66,-0.210449,-0.196289,0.908203,-12.817383,58.044434,30.517578
67,-0.224121,-0.158691,0.970703,-20.324707,74.890137,35.217285
68,-0.242676,-0.184570,0.999023,-25.451660,81.787109,43.884277
69,-0.396973,-0.352539,1.032715,-31.677246,88.195801,58.776855
70,-0.492188,-0.431152,1.044434,-30.883789,87.829590,55.236816
71,-0.561523,-0.467285,1.066406,-29.174805,84.716797,45.532227
72,-0.590820,-0.484863,1.083496,-27.221680,79.284668,32.714844
73,-0.590820,-0.492188,1.068359,-23.437500,71.472168,18.005371
74,-0.517578,-0.450684,1.002441,0.793457,55.908203,-8.728027
75,-0.480957,-0.400391,0.998535,18.615723,49.072266,-17.395020
76,-0.462891,-0.337402,1.010254,34.729004,42.541504,-24.658203
77,-0.413086,-0.215332,1.048340,57.739258,30.700684,-36.254883
78,-0.358398,-0.172852,1.081543,64.331055,22.460938,-40.771484
79,-0.286133,-0.123047,1.102539,65.673828,12.573242,-42.724609
80,-0.181641,-0.068359,1.055176,56.335449,-2.319336,-37.719727
81,-0.156738,-0.051758,1.022949,50.476074,-4.272461,-33.447266
82,-0.149414,-0.040039,1.003906,42.846680,-4.028320,-28.930664
83,-0.187988,-0.104492,1.011230,28.869629,-2.502441,-24.230957
84,-0.186523,-0.113770,1.006348,21.606445,-7.141113,-24.658203
85,-0.170898,-0.115234,0.968262,14.282227,-13.671875,-26.306152
86,-0.144043,-0.108398,0.906250,8.544922,-18.432617,-27.954102
87,-0.107422,-0.100586,0.819336,18.981934,-16.479492,-25.817871
88,-0.104980,-0.080078,0.852051,26.000977,-15.075684,-24.719238
89,-0.098633,-0.050781,0.905273,25.878906,-14.648438,-22.888184
90,-0.094727,-0.016113,0.956543,9.399414,-17.517090,-14.953613
91,-0.102539,-0.013672,0.951660,3.295898,-22.155762,-8.850098
92,-0.113770,-0.029297,0.932617,-0.427246,-30.761719,-2.868652
93,-0.133789,-0.090332,0.842285,-1.098633,-46.264648,4.272461
94,-0.133789,-0.088379,0.796875,0.244141,-47.058105,8.117676
95,-0.147949,-0.077637,0.780762,-1.037598,-43.395996,13.488770
96,-0.184570,-0.096191,0.788574,-6.713867,-37.048340,18.615723
97,-0.256348,-0.176270,0.756348,-19.409180,-24.902344,22.460938
98,-0.272949,-0.231934,0.761230,-17.028809,-22.155762,21.728516
99,-0.280762,-0.264648,0.756836,-10.925293,-22.033691,17.822266
100,-0.261719,-0.262695,0.776367,10.009766,-19.836426,12.268066
101,-0.256836,-0.252441,0.824707,18.310547,-19.104004,11.962891
102,-0.260254,-0.240234,0.849609,20.935059,-18.432617,11.535645
103,-0.280762,-0.238281,0.890137,10.375977,-9.582520,9.216309
104,-0.290527,-0.237305,0.927734,-0.732422,-2.014160,5.920410
105,-0.276367,-0.236816,0.952637,-11.108398,2.258301,3.662109
106,-0.268066,-0.247559,0.939941,-15.808105,2.197266,3.662109
107,-0.237793,-0.235352,0.918457,-5.981445,3.540039,7.019043
108,-0.245605,-0.208496,0.939941,3.234863,5.554199,11.230469
109,-0.259766,-0.195312,0.990234,9.338379,5.859375,15.686035
110,-0.321777,-0.217773,1.088867,1.770020,1.281738,18.127441
111,-0.348145,-0.246582,1.102051,-9.155273,-3.051758,14.831543
112,-0.357910,-0.291016,1.082031,-19.226074,-7.629395,9.399414
113,-0.342773,-0.312500,1.013184,-19.226074,-10.314941,4.455566
114,-0.316895,-0.266602,0.980469,10.986328,-10.925293,3.540039
115,-0.324219,-0.188477,1.050781,17.333984,-8.850098,3.356934
116,-0.325684,-0.114746,1.132324,10.009766,-8.117676,5.249023
117,-0.373535,-0.097656,1.115723,-25.939941,-6.286621,16.784668
118,-0.424316,-0.143066,1.062500,-41.320801,-1.770020,19.348145
119,-0.447754,-0.196289,0.974121,-49.987793,5.981445,18.371582
120,-0.468750,-0.255859,0.890625,-50.292969,18.310547,13.977051
121,-0.436035,-0.307129,0.805664,-28.808594,55.236816,3.479004
122,-0.438477,-0.314453,0.820312,-21.118164,77.026367,-2.319336
123,-0.612305,-0.271484,1.079590,-24.841309,98.327637,-13.000488
124,-0.403320,-0.161621,1.212402,-40.466309,71.838379,-49.133301
125,-0.243652,-0.069824,1.196289,-16.174316,49.377441,-56.030273
126,-0.113770,0.021484,1.161621,24.047852,29.724121,-56.640625
127,0.026367,0.124512,1.250488,110.839844,-4.577637,-40.771484
128,0.049805,0.183594,1.300293,135.620117,-25.878906,-26.123047
129,0.041016,0.201660,1.331055,141.418457,-44.372559,-9.765625
130,-0.031250,0.072754,1.291504,100.830078,-60.546875,7.019043
131,-0.027832,-0.036621,1.173340,69.702148,-62.561035,6.896973
132,0.017578,-0.165039,0.995117,46.936035,-62.805176,3.479004
133,0.140137,-0.312500,0.703613,43.762207,-30.273438,-18.737793
134,0.164551,-0.294434,0.779297,45.166016,-1.220703,-34.240723
135,0.153320,-0.163086,0.855469,34.912109,24.658203,-47.546387
136,0.134277,-0.005371,0.937012,18.371582,44.067383,-48.095703
137,0.036133,0.115723,1.041504,-19.470215,62.927246,-27.770996
138,-0.015625,0.114258,1.049805,-35.217285,65.795898,-13.671875
139,-0.077637,0.059570,1.055664,-49.011230,63.903809,-1.464844
140,-0.176270,-0.050781,0.962891,-68.847656,50.170898,4.211426
141,-0.207031,-0.065918,0.894531,-67.565918,42.358398,3.051758
142,-0.255859,-0.063965,0.848633,-55.908203,31.921387,3.723145
143,-0.316895,-0.104492,0.815430,-37.475586,16.967773,4.516602
144,-0.378418,-0.077148,0.664551,0.976562,-18.554688,1.464844
145,-0.385742,-0.067871,0.587891,14.709473,-30.212402,-1.342773
146,-0.382324,-0.069336,0.496582,23.620605,-34.729004,-6.347656
147,-0.329102,-0.030762,0.359375,41.931152,-23.437500,-15.319824
148,-0.293457,-0.002441,0.322754,51.391602,-13.916016,-17.028809
149,-0.269043,0.030762,0.294434,60.119629,-1.037598,-16.296387
150,-0.314453,-0.017090,0.383301,58.837891,30.822754,-13.366699
151,-0.305664,-0.060059,0.395996,44.067383,44.799805,-13.000488
152,-0.299316,-0.052734,0.306152,24.353027,61.950684,-12.756348
153,-0.340332,-0.030762,0.221191,10.803223,91.918945,-13.183594
154,-0.448242,0.130371,0.292969,6.896973,142.272949,-15.380859
155,-0.487793,0.203613,0.381348,4.089355,152.343750,-12.390137
156,-0.565430,0.159668,0.447266,-5.493164,158.508301,-12.817383
157,-0.713867,-0.022949,0.537598,11.169434,166.076660,-23.803711
158,-0.781738,-0.074219,0.570801,50.842285,160.766602,-27.770996
159,-0.797852,-0.067871,0.657227,99.914551,149.658203,-29.113770
160,-0.796875,-0.057617,0.751953,135.314941,140.441895,-31.005859
161,-0.701172,0.210449,0.775391,120.788574,161.193848,-31.250000
162,-0.779785,0.231445,0.849121,83.007812,188.903809,-27.343750
163,-0.965332,0.162598,0.958496,33.264160,214.904785,-28.991699
164,-1.311523,0.131348,1.093750,-2.868652,221.923828,-44.738770
165,-1.387695,0.200195,1.174316,20.751953,194.213867,-51.940918
166,-1.353027,0.302246,1.190430,82.092285,122.192383,-57.556152
167,-1.103516,0.451172,1.069336,104.370117,101.196289,-51.452637
168,-1.002441,0.494629,1.030762,112.487793,87.097168,-41.992188
169,-0.942383,0.568359,0.993164,105.529785,84.899902,-29.052734
170,-0.959961,0.531738,1.038574,36.132812,93.444824,8.056641
171,-0.969238,0.364746,0.933105,9.948730,89.904785,26.306152
172,-0.987305,0.175781,0.835449,3.112793,83.374023,36.193848
173,-1.025879,-0.136230,0.755371,17.089844,59.265137,29.418945
174,-0.962891,-0.167480,0.666992,45.593262,36.926270,13.854980
175,-0.919922,-0.176758,0.583496,87.280273,13.427734,-0.976562
176,-0.943848,-0.007812,0.726562,172.546387,-19.592285,-17.395020
177,-0.936523,-0.018555,0.810547,170.410156,-33.935547,-27.404785
178,-0.858887,-0.046387,0.741699,153.442383,-41.381836,-40.283203
179,-0.745117,-0.029297,0.635254,135.253906,-35.827637,-50.720215
180,-0.591309,0.133789,0.564941,100.219727,-8.483887,-61.401367
181,-0.551270,0.230469,0.536621,84.594727,3.601074,-59.936523
182,-0.528809,0.301758,0.512207,75.988770,16.540527,-54.687500
183,-0.539062,0.376465,0.674805,70.007324,35.278320,-35.156250
184,-0.564941,0.360840,0.800293,62.133789,34.851074,-23.498535
185,-0.601074,0.293945,0.891602,46.203613,29.541016,-13.488770
186,-0.664062,0.134277,0.877441,-3.845215,16.601562,-3.906250
187,-0.711426,0.059082,0.801270,-20.202637,12.207031,-2.868652
188,-0.769043,0.004883,0.693359,-22.094727,6.835938,-3.967285
189,-0.815918,-0.002930,0.640625,-7.934570,1.770020,-5.187988
190,-0.872070,-0.016602,0.711426,24.658203,-17.150879,-5.065918
191,-0.885742,-0.066406,0.740234,27.648926,-26.794434,-7.080078
192,-0.882324,-0.119629,0.728027,23.071289,-32.226562,-11.901855
193,-0.842773,-0.123047,0.665039,13.488770,-35.156250,-21.667480
194,-0.839355,-0.104004,0.635742,12.207031,-36.193848,-25.085449
195,-0.830566,-0.070312,0.626465,13.488770,-37.414551,-26.062012
196,-0.834473,-0.050293,0.616699,17.089844,-39.123535,-24.169922
197,-0.846680,-0.057129,0.658203,20.263672,-47.912598,-17.150879
198,-0.852539,-0.021484,0.594238,14.465332,-47.180176,-13.916016
199,-0.859375,0.020996,0.594238,6.530762,-38.818359,-10.314941
200,-0.924316,0.065430,0.621094,-11.840820,-30.029297,2.746582
201,-0.975586,0.024902,0.588867,-17.089844,-28.930664,7.690430
202,-1.042969,-0.053711,0.538086,-17.578125,-25.756836,6.103516
203,-1.095215,-0.042480,0.470215,-4.028320,-14.770508,-15.686035
204,-1.062012,0.051758,0.439453,15.380859,-10.009766,-26.062012
205,-1.010254,0.166016,0.473145,41.564941,-6.958008,-29.968262
206,-1.007324,0.280273,0.644531,71.411133,-6.286621,-20.202637
207,-1.026855,0.263672,0.678711,70.983887,-1.281738,-12.268066
208,-1.068848,0.206543,0.701660,66.101074,8.422852,-6.103516
209,-1.139160,0.025879,0.801758,55.053711,23.803711,-12.695312
210,-1.101074,0.008789,0.831543,55.969238,26.367188,-21.789551
211,-1.053711,0.067383,0.877441,62.927246,27.404785,-25.390625
212,-1.018066,0.173340,0.969238,69.274902,25.817871,-20.629883
213,-1.045898,0.287109,1.196777,52.856445,7.141113,11.657715
214,-1.129395,0.150879,1.269043,19.165039,-6.591797,23.620605
215,-1.185059,-0.004883,1.173340,-29.724121,-18.188477,20.935059
216,-1.152344,-0.078613,0.983887,-73.242188,-23.681641,8.544922
217,-1.020996,-0.032227,0.530273,-107.360840,-19.653320,-26.123047
218,-0.941406,0.066406,0.412598,-92.041016,-16.723633,-40.527344
219,-0.875488,0.178711,0.352539,-63.476562,-19.409180,-47.607422
220,-0.773926,0.286133,0.291992,-2.014160,-32.592773,-44.006348
221,-0.721191,0.261230,0.269531,20.446777,-36.743164,-41.809082
222,-0.659180,0.221191,0.268066,33.142090,-35.156250,-41.076660
223,-0.606445,0.169434,0.278320,35.522461,-28.259277,-41.564941
224,-0.583008,0.139648,0.269043,29.602051,-16.357422,-45.654297
225,-0.530762,0.260742,0.284180,18.737793,15.747070,-64.208984
226,-0.479004,0.367188,0.344238,19.592285,23.193359,-67.749023
227,-0.417969,0.457520,0.390625,21.362305,24.291992,-64.392090
228,-0.340332,0.504395,0.461914,11.474609,22.521973,-41.992188
229,-0.330078,0.460938,0.460449,-2.563477,23.071289,-29.968262
230,-0.326660,0.442383,0.413086,-17.089844,25.451660,-18.371582
231,-0.345703,0.424316,0.355469,-25.512695,29.296875,-4.882812
232,-0.422852,0.354980,0.360352,-26.733398,30.517578,6.896973
233,-0.625488,0.046387,0.370117,-30.761719,11.718750,6.713867
234,-0.656250,-0.043945,0.251953,-19.104004,0.305176,-3.784180
235,-0.653809,-0.050781,0.134766,10.559082,-8.605957,-14.526367
236,-0.638184,0.094238,0.147949,85.876465,-19.897461,-20.996094
237,-0.667480,0.175781,0.184082,107.360840,-20.385742,-17.456055
238,-0.729004,0.205566,0.232910,111.816406,-13.671875,-11.047363
239,-0.832031,0.154297,0.242188,102.966309,0.122070,-4.455566
240,-1.086426,-0.040039,0.240723,84.289551,39.978027,-7.934570
241,-1.173828,-0.019531,0.292969,79.467773,63.903809,-18.005371
242,-1.213379,0.050781,0.422852,75.256348,82.885742,-28.564453
243,-1.149414,0.223633,0.657715,71.166992,94.055176,-29.479980
244,-1.168945,0.181152,0.785156,66.711426,92.285156,-24.291992
245,-1.222168,0.107422,0.898926,61.645508,81.420898,-25.695801
246,-1.114746,0.250977,1.047363,80.139160,7.568359,-40.161133
247,-0.916504,0.541504,0.813477,93.139648,-38.085938,-31.616211
248,-0.672363,0.846191,0.324707,93.322754,-46.203613,-1.525879
249,-0.516113,0.881348,-0.175293,77.392578,1.953125,40.527344
250,-1.420898,0.020508,0.532715,49.011230,161.987305,116.516113
251,-1.903320,-0.707031,1.215820,26.367188,180.297852,82.824707
252,-1.833008,-0.767090,1.468750,10.559082,157.592773,16.113281
253,-1.347168,0.083496,1.801270,20.019531,89.965820,-34.790039
254,-1.287109,0.417480,1.963379,11.596680,31.616211,-19.470215
255,-1.272461,0.556152,1.714355,-24.597168,-31.005859,-0.427246
256,-1.261230,0.535645,1.150879,-75.378418,-72.204590,5.432129
257,-1.309570,0.528809,0.460449,-119.262695,-85.388184,-4.638672
258,-1.069336,0.568359,-0.770020,-129.638672,-52.856445,-60.913086
259,-0.890625,0.505371,-0.696289,-88.562012,-37.536621,-100.280762
260,-0.922363,0.878906,-0.896973,-33.691406,-23.864746,-124.084473
261,-0.725098,1.329102,-0.547363,80.322266,-2.563477,-43.029785
262,-0.572266,0.843262,-0.436035,114.440918,-14.709473,15.869141
263,-0.633789,0.181152,-0.536133,140.625000,-13.732910,29.174805
264,-0.616699,-0.279785,-0.482910,161.254883,9.460449,6.286621
265,-0.729980,-0.323730,0.300781,195.068359,65.917969,-51.879883
266,-0.811035,-0.213379,0.837402,200.012207,56.396484,-66.040039
267,-0.802246,-0.234375,1.217285,191.162109,25.329590,-77.148438
268,-0.504395,-0.104492,1.051270,153.259277,-36.132812,-98.388672
269,-0.321777,0.189453,0.864746,133.544922,-43.945312,-104.980469
270,-0.106934,0.518555,0.589844,106.689453,-39.306641,-100.891113
271,0.078125,0.735840,0.368652,81.726074,-16.723633,-78.247070
272,-0.046875,0.694824,0.615234,44.311523,30.822754,1.220703
273,-0.295898,0.396484,0.779785,12.878418,35.461426,31.188965
274,-0.478516,0.115234,0.773438,-11.108398,33.142090,46.752930
275,-0.619629,-0.148438,0.681152,-12.207031,23.986816,54.931641
276,-0.802734,-0.579102,0.582031,52.917480,-6.042480,68.115234
277,-0.799805,-0.622070,0.617676,87.402344,-14.221191,66.894531
278,-0.944824,-0.654785,0.847656,105.346680,-0.854492,86.975098
279,-1.147949,-0.831543,1.035645,80.749512,10.498047,94.299316
280,-1.292969,-1.168945,1.211426,-26.184082,31.738281,68.786621
281,-1.262207,-1.239258,1.116211,-60.852051,30.944824,49.804688
282,-1.189453,-1.097656,0.958984,-71.411133,26.489258,32.409668
283,-1.108398,-0.799316,1.034180,-83.679199,24.719238,25.268555
284,-1.106934,-0.718262,1.006348,-97.351074,23.315430,28.259277
285,-1.153320,-0.659180,1.025879,-114.685059,24.536133,27.770996
286,-1.271973,-0.391113,0.961914,-178.833008,45.227051,22.338867
287,-1.331055,-0.264648,0.897949,-236.572266,69.396973,12.145996
288,-1.363770,-0.077637,0.778809,-279.296875,91.308594,-0.122070
289,-1.471191,0.041504,0.672852,-275.146484,99.731445,-21.240234
290,-1.515625,0.098145,0.639648,-220.825195,88.073730,-35.583496
291,-1.542969,0.185547,0.755371,-147.521973,68.054199,-44.677734
292,-1.449707,0.238281,1.147949,-49.804688,8.300781,-55.541992
293,-1.267090,0.306641,1.190918,-43.640137,-10.803223,-64.636230
294,-1.061035,0.434570,1.250488,-59.509277,-20.385742,-71.166992
295,-0.841797,0.611328,1.277344,-91.613770,-28.320312,-70.495605
296,-0.504883,0.824707,1.110352,-175.720215,-36.437988,-39.245605
297,-0.521484,0.821777,1.007812,-206.542969,-34.362793,-9.521484
298,-0.726562,0.694336,0.991211,-221.435547,-36.743164,18.920898
299,-0.992676,0.532715,1.060059,-228.942871,-67.321777,39.184570
300,-1.244629,0.108887,0.957520,-223.083496,-92.468262,17.089844
301,-1.015137,0.113281,0.727051,-206.481934,-105.285645,-19.958496
302,-0.567383,0.466797,0.446777,-154.174805,-84.228516,-58.105469
303,-0.550293,0.631836,0.571777,-120.361328,-66.345215,-56.579590
304,-0.572266,0.663574,0.818359,-87.585449,-67.626953,-43.701172
305,-0.588379,0.540527,0.976562,-65.734863,-80.627441,-29.418945
306,-0.535156,0.359863,1.194336,-69.396973,-80.993652,-18.493652
307,-0.520508,0.366699,1.327148,-96.984863,-76.171875,-16.357422
308,-0.529785,0.382812,1.385742,-133.972168,-75.195312,-16.296387
309,-0.618652,0.411621,1.303711,-175.231934,-86.181641,-19.531250
310,-0.714844,0.434082,1.328613,-170.227051,-97.839355,-22.155762
311,-0.750000,0.467773,1.359863,-158.081055,-119.628906,-26.245117
312,-0.725586,0.547363,1.298340,-141.296387,-144.470215,-26.672363
313,-0.616211,0.652832,1.220703,-130.187988,-170.104980,-7.141113
314,-0.636230,0.625488,1.153320,-142.517090,-170.043945,3.967285
315,-0.703613,0.593750,1.112305,-150.573730,-164.062500,12.084961
316,-0.880371,0.370117,1.211914,-143.920898,-177.612305,13.061523
317,-0.934570,0.259766,1.165039,-127.868652,-193.969727,4.150391
318,-0.910645,0.219238,1.087891,-100.830078,-210.632324,-6.286621
319,-0.746094,0.427734,1.003418,-46.325684,-232.238770,-7.202148
320,-0.731934,0.526367,1.034180,-35.583496,-234.802246,10.986328
321,-0.794922,0.532227,1.081543,-37.414551,-236.389160,36.743164
322,-0.917480,0.434570,1.065918,-44.555664,-237.609863,61.401367
323,-1.177246,0.071777,1.028809,-60.607910,-235.351562,79.589844
324,-1.239258,-0.104980,0.999512,-79.406738,-227.661133,71.350098
325,-1.142090,-0.253418,0.738281,-134.216309,-198.364258,34.057617
326,-1.041992,-0.194824,0.563477,-138.671875,-177.734375,17.395020
327,-0.988770,-0.162109,0.528809,-119.567871,-161.926270,8.422852
328,-0.954102,-0.266602,0.582031,-56.213379,-164.794922,-4.577637
329,-0.854004,-0.307617,0.514648,-19.104004,-171.813965,-11.291504
330,-0.726562,-0.273926,0.466797,12.634277,-165.893555,-16.723633
331,-0.565430,-0.066406,0.621094,27.832031,-127.563477,-15.136719
332,-0.499023,0.050293,0.698242,15.869141,-111.328125,-6.469727
333,-0.437012,0.105957,0.746094,-0.549316,-99.182129,8.056641
334,-0.412109,0.069824,0.759277,-17.028809,-89.050293,24.780273
335,-0.504395,-0.165039,0.709961,-28.137207,-72.387695,44.982910
336,-0.508789,-0.228027,0.679199,-21.911621,-68.298340,46.264648
337,-0.466797,-0.248535,0.652344,-13.305664,-64.575195,45.166016
338,-0.413086,-0.226562,0.624023,-7.019043,-59.204102,44.494629
339,-0.288086,-0.177246,0.662109,-0.793457,-46.203613,52.001953
340,-0.260742,-0.186523,0.701660,-10.986328,-38.208008,57.922363
341,-0.262695,-0.235352,0.734863,-28.198242,-29.479980,62.866211
342,-0.285156,-0.322754,0.736328,-41.687012,-26.062012,64.758301
343,-0.312012,-0.517578,0.689453,-26.733398,-35.461426,57.495117
344,-0.285645,-0.568359,0.681641,-11.108398,-44.494629,49.316406
345,-0.234375,-0.581543,0.668457,0.610352,-50.720215,39.733887
346,-0.175293,-0.554688,0.647949,4.699707,-50.964355,30.578613
347,-0.115723,-0.474121,0.641113,3.845215,-40.527344,17.333984
348,-0.114746,-0.448242,0.689941,1.647949,-38.513184,12.390137
349,-0.112793,-0.419922,0.708496,1.831055,-43.945312,8.911133
350,-0.047852,-0.421875,0.630859,11.901855,-60.913086,8.728027
351,0.009277,-0.410645,0.596680,16.052246,-60.363770,9.033203
352,0.037598,-0.401367,0.601562,14.892578,-54.565430,10.070801
353,0.015625,-0.404297,0.623047,6.469727,-43.457031,13.671875
354,0.001465,-0.424805,0.647949,0.671387,-35.949707,14.404297
355,0.018066,-0.410156,0.689453,-10.803223,-26.123047,16.906738
356,0.023926,-0.420410,0.693359,-12.756348,-26.550293,19.592285
357,0.053223,-0.428711,0.651855,-1.159668,-29.357910,26.672363
358,0.043945,-0.437500,0.677246,6.286621,-27.282715,32.287598
359,0.016113,-0.469727,0.727539,5.187988,-24.902344,36.926270
360,-0.004395,-0.559570,0.726074,-14.831543,-13.366699,38.757324
361,0.000977,-0.625000,0.708008,-20.385742,-5.798340,35.400391
362,0.040527,-0.653809,0.709473,-13.793945,-0.305176,31.433105
363,0.091797,-0.572754,0.853516,16.662598,8.850098,32.348633
364,0.074219,-0.510742,0.973633,24.658203,11.718750,36.010742
365,0.039551,-0.471191,1.107422,20.629883,14.526367,40.588379
366,-0.037109,-0.576660,1.333008,-26.245117,13.610840,40.466309
367,-0.086914,-0.687500,1.354980,-45.349121,5.676270,33.020020
368,-0.115234,-0.749023,1.344238,-42.480469,-14.465332,24.108887
369,-0.057617,-0.675781,1.187500,17.700195,-80.993652,15.747070
370,0.047363,-0.590332,1.074707,53.649902,-108.459473,15.747070
371,0.152344,-0.508301,0.962402,74.462891,-115.722656,16.601562
372,0.319336,-0.335449,0.903320,63.171387,-75.500488,19.287109
373,0.347656,-0.256348,0.978027,40.710449,-46.875000,26.123047
374,0.242676,-0.188477,1.100586,4.028320,-12.939453,46.447754
375,0.184570,-0.184570,1.146484,-3.906250,-7.507324,54.870605
376,0.161621,-0.186523,1.177734,-9.399414,-7.568359,61.828613
377,0.143555,-0.190430,1.186523,-15.502930,-10.864258,67.810059
378,0.080078,-0.227051,1.098633,-29.663086,-19.836426,71.350098
379,0.060059,-0.250977,1.034668,-27.893066,-25.329590,68.786621
380,0.081055,-0.318359,0.939941,-10.559082,-33.569336,61.401367
381,0.074219,-0.357910,0.921875,-0.366211,-36.376953,57.739258
382,0.046875,-0.397461,0.892578,8.666992,-38.146973,53.100586
383,0.009277,-0.428711,0.833984,16.052246,-31.921387,38.452148
384,0.012207,-0.410645,0.837891,15.380859,-23.437500,30.700684
385,0.026855,-0.364258,0.877441,14.587402,-16.052246,25.573730
386,0.037598,-0.295410,0.941406,12.756348,-12.634277,24.658203
387,0.042480,-0.250488,0.978516,7.324219,-14.221191,26.916504
388,0.087402,-0.236816,0.934082,-5.493164,-22.338867,33.447266
389,0.092773,-0.269043,0.870605,-5.004883,-28.015137,33.630371
390,0.107910,-0.259766,0.787598,23.437500,-39.794922,34.729004
391,0.107910,-0.239258,0.799316,34.484863,-43.395996,37.597656
392,0.084473,-0.241211,0.829590,31.616211,-41.870117,41.503906
393,0.050293,-0.301270,0.835938,-7.324219,-29.785156,44.006348
394,0.052246,-0.325684,0.789551,-21.911621,-25.695801,41.931152
395,0.067871,-0.341309,0.778320,-23.925781,-26.367188,40.710449
396,0.081543,-0.385742,0.753906,-3.356934,-41.503906,38.757324
397,0.109375,-0.388184,0.718750,15.380859,-50.354004,38.879395
398,0.160645,-0.351074,0.701172,33.447266,-41.870117,43.762207
399,0.158691,-0.329590,0.753418,19.104004,-24.475098,46.691895
400,0.145020,-0.347168,0.811523,-6.286621,-6.286621,48.950195
401,0.127441,-0.388672,0.825684,-28.381348,7.629395,50.292969
402,0.087402,-0.514160,0.849609,-34.667969,18.127441,50.781250
403,0.059082,-0.576660,0.878906,-22.399902,17.700195,47.241211
404,0.022461,-0.627441,1.047852,4.394531,10.620117,36.315918
405,0.011230,-0.611816,1.125977,7.934570,3.967285,29.968262
406,0.016113,-0.574707,1.154297,5.432129,-4.516602,23.681641
407,0.031738,-0.516602,1.104004,2.502441,-16.662598,18.493652
408,0.115234,-0.441406,0.962402,4.028320,-17.395020,20.080566
409,0.153320,-0.425293,0.923828,2.746582,-13.183594,24.230957
410,0.157715,-0.444336,0.890137,-3.417969,-3.723145,29.052734
411,0.110352,-0.505859,0.921875,-11.718750,24.169922,30.700684
412,0.089355,-0.509277,1.016602,-11.840820,32.409668,31.066895
413,0.058105,-0.515137,1.085938,-11.291504,32.836914,32.714844
414,-0.062988,-0.531250,1.102051,0.000000,27.343750,31.799316
415,-0.101562,-0.526367,1.161621,5.615234,25.085449,28.625488
416,-0.110840,-0.481445,1.235840,3.173828,19.958496,26.977539
417,-0.086426,-0.470215,1.219727,-23.193359,3.356934,30.273438
418,-0.092285,-0.484863,1.105469,-30.456543,-1.831055,29.296875
419,-0.106445,-0.465332,1.028809,-29.174805,-3.112793,26.428223
420,-0.099609,-0.383789,0.960938,-20.996094,-5.554199,18.310547
421,-0.053223,-0.353027,0.931641,-17.456055,-5.615234,16.601562
422,-0.022461,-0.347656,0.890137,-12.817383,-3.662109,16.418457
423,-0.030762,-0.336426,0.914551,1.586914,-3.479004,14.709473
424,-0.041504,-0.355957,0.951172,10.253906,-10.986328,13.366699
425,-0.047852,-0.385742,0.960449,15.869141,-19.836426,11.535645
426,-0.041504,-0.406250,0.883301,24.780273,-35.888672,6.408691
427,-0.028809,-0.368652,0.820801,30.822754,-41.198730,5.126953
428,-0.006836,-0.325195,0.766113,35.461426,-43.518066,6.469727
429,0.038574,-0.283691,0.754395,33.020020,-39.184570,18.188477
430,0.014160,-0.375000,0.792969,9.948730,-31.005859,29.235840
431,-0.005371,-0.451172,0.800781,-4.821777,-28.747559,29.052734
432,-0.018066,-0.502441,0.777344,-14.648438,-30.334473,24.658203
433,0.012207,-0.577148,0.675781,-12.023926,-40.161133,9.399414
434,0.086914,-0.521973,0.598145,-4.211426,-39.123535,2.441406
435,0.154785,-0.414551,0.556641,5.859375,-29.663086,2.136230
436,0.176758,-0.309570,0.691895,6.347656,-6.164551,14.160156
437,0.163086,-0.315918,0.779785,-4.211426,3.417969,20.812988
438,0.057617,-0.433105,0.953125,-25.695801,3.906250,30.639648
439,0.006836,-0.498047,0.972656,-27.221680,-8.361816,30.517578
440,-0.018555,-0.545410,0.963379,-19.653320,-24.414062,27.770996
441,0.019531,-0.545898,0.853027,7.507324,-51.513672,22.094727
442,0.043945,-0.554688,0.814941,17.272949,-53.283691,20.812988
443,0.065918,-0.571777,0.839355,21.362305,-48.828125,18.493652
444,0.082520,-0.560547,0.882812,18.188477,-42.724609,15.625000
445,0.110840,-0.498047,0.918457,8.911133,-34.973145,13.427734
446,0.156738,-0.476074,0.927246,10.437012,-34.912109,15.197754
447,0.229004,-0.435547,0.962402,13.366699,-31.127930,23.864746
448,0.221680,-0.430664,1.022461,11.413574,-29.785156,28.991699
449,0.203613,-0.436035,1.060547,7.019043,-31.616211,33.264160
450,0.187012,-0.432617,1.053711,9.643555,-41.870117,42.785645
451,0.165527,-0.480957,1.011230,12.512207,-44.372559,45.715332
452,0.183594,-0.502930,0.992676,11.718750,-43.029785,47.546387
453,0.183105,-0.517090,0.944336,8.178711,-37.658691,49.255371
454,0.164062,-0.575195,0.890625,3.540039,-16.479492,44.372559
455,0.174805,-0.551270,0.915527,1.525879,-2.075195,38.940430
456,0.176758,-0.490234,0.970703,-2.990723,11.535645,35.766602
457,0.131836,-0.387695,1.068359,-12.695312,29.235840,32.653809
458,0.138184,-0.342773,1.132812,-19.531250,31.799316,31.250000
459,0.166992,-0.312500,1.182617,-27.587891,26.855469,30.090332
460,0.196777,-0.287598,1.168945,-32.104492,15.502930,30.151367
461,0.254883,-0.251953,0.984375,-11.230469,-14.160156,30.212402
462,0.283203,-0.203613,0.938965,8.911133,-25.146484,33.447266
463,0.284180,-0.194824,0.878418,31.127930,-40.161133,47.302246
464,0.260254,-0.240234,0.835449,31.250000,-40.039062,53.405762
465,0.220703,-0.292969,0.792480,26.000977,-34.545898,55.847168
466,0.186035,-0.335938,0.755371,17.700195,-25.512695,54.138184
467,0.139160,-0.369629,0.742676,13.061523,-3.906250,42.541504
468,0.124023,-0.360352,0.808105,11.108398,3.051758,36.315918
469,0.127441,-0.282715,0.864258,3.112793,7.446289,29.113770
470,0.132812,-0.265625,0.875977,0.427246,7.995605,29.968262
471,0.140137,-0.256836,0.881348,0.061035,7.019043,32.653809
472,0.131836,-0.247070,0.869629,3.295898,2.319336,39.245605
473,0.126953,-0.276367,0.866211,3.540039,-0.366211,41.687012
474,0.134766,-0.296875,0.857422,-1.159668,0.244141,43.151855
475,0.136230,-0.325684,0.849121,-9.521484,3.784180,43.334961
476,0.117676,-0.398926,0.854980,-15.197754,6.835938,41.992188
477,0.109863,-0.403320,0.855469,-11.474609,3.540039,40.832520
478,0.109863,-0.404785,0.856445,-8.789062,0.122070,39.794922
479,0.126465,-0.371582,0.836914,-13.061523,-0.793457,35.766602
480,0.133789,-0.344727,0.830078,-14.587402,0.915527,36.315918
481,0.113770,-0.337891,0.839355,-12.268066,1.647949,39.672852
482,0.044922,-0.448730,0.904785,-8.911133,1.159668,46.203613
483,0.020996,-0.505371,0.905273,-13.366699,3.479004,45.776367
484,0.003418,-0.560059,0.907227,-21.240234,10.070801,43.334961
485,-0.016602,-0.623535,0.905273,-31.005859,20.935059,37.963867
486,-0.074219,-0.687988,1.037109,-40.832520,43.945312,15.380859
487,-0.112793,-0.642090,1.158203,-25.817871,40.222168,6.835938
488,-0.119629,-0.476074,1.267578,13.854980,-0.488281,8.117676
489,-0.102539,-0.429688,1.198242,26.306152,-21.362305,13.671875
490,-0.066895,-0.402832,1.082031,30.944824,-32.775879,19.226074
491,-0.032227,-0.423828,0.898926,8.911133,-15.075684,26.062012
492,-0.037109,-0.486328,0.856934,-12.145996,4.272461,26.977539
493,-0.081543,-0.571777,0.833984,-31.311035,25.146484,23.864746
494,-0.210449,-0.723145,0.875977,-33.874512,46.936035,7.812500
495,-0.246094,-0.757324,0.887695,-18.249512,47.973633,-4.577637
496,-0.265137,-0.725098,0.905273,3.967285,49.072266,-17.456055
497,-0.291016,-0.475098,1.116699,38.879395,51.879883,-33.081055
498,-0.278809,-0.344238,1.223633,38.208008,48.339844,-33.020020
499,-0.252930,-0.247559,1.297363,29.479980,41.442871,-26.733398
500,-0.233398,-0.201172,1.326172,15.747070,30.944824,-15.441895
501,-0.280762,-0.269531,1.224609,-12.329102,5.004883,3.967285
502,-0.280273,-0.309082,1.107910,-17.272949,-8.605957,7.751465
503,-0.295410,-0.417969,0.879395,-15.991211,-26.428223,10.192871
504,-0.297363,-0.444824,0.768555,-14.892578,-28.015137,8.056641
505,-0.304199,-0.472656,0.658203,-12.329102,-24.108887,3.906250
506,-0.307129,-0.485840,0.593262,-5.493164,-15.014648,-1.586914
507,-0.302246,-0.445312,0.658691,2.136230,3.784180,-10.620117
508,-0.289551,-0.418945,0.710938,-4.699707,11.352539,-14.404297
509,-0.267578,-0.414062,0.756348,-16.113281,14.953613,-17.578125
510,-0.223633,-0.411621,0.722168,-27.832031,6.713867,-24.108887
511,-0.208008,-0.419434,0.676270,-20.263672,-0.732422,-27.343750
512,-0.195801,-0.437500,0.658691,-7.446289,-9.643555,-30.517578
513,-0.129395,-0.417969,0.610840,11.901855,-22.583008,-33.630371
514,-0.088867,-0.397461,0.589355,12.756348,-23.010254,-33.752441
515,-0.056641,-0.384766,0.555664,10.070801,-20.141602,-33.508301
516,-0.023926,-0.381348,0.536133,8.911133,-14.099121,-32.653809
517,0.022949,-0.356445,0.599121,6.286621,-2.197266,-26.062012
518,0.021973,-0.351074,0.630371,1.586914,2.685547,-20.263672
519,-0.023926,-0.452637,0.719727,-11.901855,10.437012,-9.887695
520,-0.067871,-0.522461,0.751953,-15.808105,11.352539,-7.873535
521,-0.105957,-0.578125,0.785645,-14.648438,8.972168,-8.605957
522,-0.133301,-0.625000,0.821289,-1.403809,-4.516602,-15.441895
523,-0.109863,-0.622070,0.825195,8.361816,-12.573242,-18.188477
524,-0.074219,-0.603027,0.830078,18.005371,-18.920898,-19.165039
525,-0.049805,-0.573242,0.845215,24.414062,-22.705078,-17.456055
526,-0.049805,-0.569824,0.891113,18.249512,-22.949219,-12.390137
527,-0.055176,-0.575195,0.910156,11.596680,-20.690918,-11.047363
528,-0.059570,-0.586914,0.933594,3.479004,-17.944336,-10.437012
529,-0.049316,-0.607422,0.965332,-14.709473,-14.770508,-10.131836
530,-0.059082,-0.624023,0.946777,-18.310547,-14.953613,-10.681152
531,-0.069336,-0.636719,0.954590,-11.230469,-17.639160,-11.718750
532,-0.102051,-0.597656,1.000977,16.052246,-32.897949,-11.718750
533,-0.096680,-0.565430,1.018555,25.634766,-42.114258,-10.192871
534,-0.067871,-0.556152,1.015137,28.381348,-49.804688,-8.544922
535,-0.016602,-0.610840,0.906738,22.094727,-53.039551,-8.789062
536,-0.003906,-0.617676,0.833984,20.996094,-43.945312,-11.901855
537,0.028320,-0.617676,0.840332,21.789551,-30.273438,-14.831543
538,0.056641,-0.618652,0.881836,18.127441,-14.770508,-17.333984
539,0.034668,-0.540527,1.006348,6.408691,21.728516,-24.841309
540,0.007324,-0.412109,1.167480,7.812500,28.930664,-25.573730
541,0.002930,-0.297363,1.301270,11.291504,21.423340,-21.240234
542,0.035156,-0.224121,1.373047,12.878418,-7.385254,-0.183105
543,0.029297,-0.267578,1.325684,8.483887,-17.456055,8.117676
544,0.027832,-0.354492,1.132812,3.540039,-22.827148,12.023926
545,0.033203,-0.367188,1.020508,0.671387,-17.639160,9.460449
546,0.050781,-0.357910,0.917969,-4.760742,-4.028320,5.554199
547,0.066406,-0.352539,0.850586,-12.817383,16.479492,1.708984
548,0.037109,-0.331543,0.903320,-21.789551,60.058594,-6.652832
549,-0.003906,-0.303711,1.029785,-19.165039,67.138672,-8.972168
550,-0.074707,-0.322754,1.170410,-10.925293,46.203613,-12.084961
551,-0.100098,-0.337891,1.165039,-1.586914,27.465820,-13.549805
552,-0.113281,-0.354492,1.124023,8.239746,6.591797,-16.052246
553,-0.091309,-0.349121,1.023438,15.014648,-11.291504,-19.531250
554,0.001465,-0.275879,0.785645,17.395020,-18.249512,-21.789551
555,0.035645,-0.260254,0.736816,11.474609,-11.657715,-19.348145
556,0.044922,-0.258789,0.703613,2.624512,-3.173828,-15.441895
557,0.018066,-0.293457,0.702637,-13.793945,9.338379,-9.033203
558,0.003906,-0.325684,0.683105,-19.470215,10.803223,-7.812500
559,-0.021484,-0.353027,0.647949,-19.592285,12.084961,-8.300781
560,-0.056641,-0.378418,0.647949,-11.291504,16.296387,-10.498047
561,-0.063965,-0.382812,0.678223,-7.141113,17.333984,-10.070801
562,-0.076660,-0.390137,0.697266,-6.164551,17.272949,-9.704590
563,-0.074219,-0.413086,0.702637,-7.690430,17.272949,-10.986328
564,-0.068848,-0.458984,0.680664,-3.845215,23.132324,-15.380859
565,-0.089844,-0.488281,0.705566,1.403809,27.465820,-19.348145
566,-0.104980,-0.460938,0.802734,0.122070,39.062500,-31.372070
567,-0.095703,-0.416016,0.844238,-3.845215,44.189453,-33.325195
568,-0.097168,-0.409180,0.903320,-6.713867,47.546387,-32.958984
569,-0.108887,-0.464355,0.992188,-2.929688,36.987305,-32.958984
570,-0.109863,-0.464844,0.976562,4.455566,26.184082,-33.081055
571,-0.102051,-0.450684,0.924805,12.756348,17.944336,-33.020020
572,-0.095703,-0.437012,0.866699,21.301270,15.441895,-32.531738
573,-0.139648,-0.422852,0.896484,23.071289,31.250000,-31.616211
574,-0.143555,-0.427734,0.927734,10.009766,44.677734,-31.677246
575,-0.140137,-0.500000,0.980469,-24.047852,72.631836,-28.808594
576,-0.150391,-0.546875,1.006348,-34.729004,79.467773,-29.602051
577,-0.147949,-0.567871,1.024902,-35.949707,78.369141,-30.578613
578,-0.156250,-0.608887,0.973145,-13.671875,63.232422,-32.104492
579,-0.194824,-0.619629,0.924805,4.577637,59.020996,-36.315918
580,-0.251465,-0.606445,0.924805,25.268555,59.082031,-42.602539
581,-0.326660,-0.531738,1.092285,46.508789,65.856934,-57.800293
582,-0.341797,-0.471680,1.169922,42.175293,71.960449,-62.927246
583,-0.334473,-0.344238,1.319824,30.944824,71.411133,-65.307617
584,-0.303711,-0.268066,1.349121,25.268555,58.471680,-62.316895
585,-0.267578,-0.191895,1.314941,21.240234,41.320801,-54.687500
586,-0.256348,-0.177734,1.121582,21.789551,3.479004,-35.522461
587,-0.251953,-0.215820,1.008789,26.000977,-11.474609,-30.639648
588,-0.239258,-0.251953,0.911621,28.808594,-21.362305,-27.343750
589,-0.256348,-0.339355,0.750000,25.146484,-20.874023,-23.010254
590,-0.259766,-0.387695,0.672363,21.484375,-12.756348,-24.414062
591,-0.249023,-0.414551,0.611816,16.540527,2.197266,-27.404785
592,-0.256348,-0.444824,0.713379,3.967285,38.940430,-34.118652
593,-0.280273,-0.441895,0.811035,-4.028320,46.997070,-38.146973
594,-0.303223,-0.444336,0.874023,-9.704590,45.593262,-42.358398
595,-0.313965,-0.418945,0.886230,-2.807617,26.733398,-52.124023
596,-0.293945,-0.381348,0.887695,7.995605,12.207031,-53.649902
597,-0.263672,-0.363281,0.882812,17.944336,-4.638672,-52.856445
598,-0.198242,-0.377441,0.776855,27.832031,-34.179688,-51.391602
599,-0.157715,-0.380371,0.695801,30.700684,-40.954590,-51.452637
600,-0.127930,-0.371582,0.614258,31.433105,-33.508301,-52.307129
601,-0.077637,-0.307617,0.532227,27.770996,-20.019531,-51.208496
602,-0.073730,-0.277344,0.569824,21.240234,-3.356934,-46.691895
603,-0.104004,-0.299316,0.684570,7.690430,11.230469,-40.588379
604,-0.203613,-0.418945,0.830078,-31.921387,24.719238,-37.353516
605,-0.207031,-0.472168,0.842773,-40.832520,22.766113,-38.818359
606,-0.181152,-0.537109,0.837891,-25.695801,9.887695,-38.940430
607,-0.177246,-0.565430,0.854980,-11.108398,-0.915527,-39.733887
608,-0.166504,-0.557129,0.862793,3.173828,-12.023926,-42.175293
609,-0.144531,-0.512695,0.869141,15.014648,-22.277832,-43.884277
610,-0.085449,-0.438477,0.861816,28.137207,-35.217285,-40.954590
611,-0.073242,-0.413086,0.869629,24.291992,-32.653809,-36.315918
612,-0.067383,-0.414062,0.887207,14.587402,-27.404785,-29.296875
613,-0.074707,-0.495605,0.874512,-3.723145,-15.686035,-20.324707
614,-0.073242,-0.533203,0.890625,-2.563477,-12.634277,-18.127441
615,-0.073730,-0.565918,0.923828,4.150391,-13.854980,-17.089844
616,-0.032715,-0.533203,0.993164,17.761230,-17.883301,-17.150879
617,-0.002930,-0.480957,1.018066,17.822266,-19.104004,-14.892578
618,0.022949,-0.437012,1.037598,12.817383,-18.798828,-10.070801
619,0.027832,-0.411621,1.041016,3.356934,-17.639160,5.187988
620,0.013672,-0.444824,1.054199,5.981445,-18.981934,11.718750
621,0.004883,-0.481934,1.077148,12.023926,-23.620605,16.418457
622,-0.014160,-0.581055,1.057617,12.878418,-29.479980,20.324707
623,-0.024414,-0.634766,1.012695,6.958008,-25.634766,16.662598
624,-0.016113,-0.652344,0.955078,3.112793,-17.639160,10.681152
625,0.033203,-0.620117,0.899414,12.145996,13.854980,-3.723145
626,0.048828,-0.583496,0.966797,21.118164,33.020020,-14.160156
627,0.072754,-0.467773,1.098145,26.672363,49.377441,-23.864746
628,0.095215,-0.346191,1.238770,26.000977,58.288574,-28.625488
629,0.151367,-0.113770,1.423340,25.512695,50.415039,-20.874023
630,0.166504,-0.031250,1.491211,19.958496,35.583496,-9.094238
631,0.152832,-0.029297,1.374023,-8.056641,-2.868652,17.395020
632,0.153809,-0.119141,1.219238,-13.977051,-18.737793,24.353027
633,0.165039,-0.192871,1.078125,-4.699707,-31.433105,26.672363
634,0.175293,-0.278809,0.915527,22.644043,-46.936035,24.291992
635,0.194824,-0.253418,0.839844,27.648926,-43.029785,20.996094
636,0.205078,-0.219727,0.806641,25.878906,-33.691406,19.653320
637,0.208008,-0.194824,0.784668,18.005371,-21.362305,19.775391
638,0.213867,-0.169434,0.828613,-8.239746,8.850098,23.925781
639,0.180664,-0.176270,0.886230,-20.446777,17.944336,27.832031
640,0.093750,-0.254883,0.964355,-24.780273,12.390137,32.653809
641,0.064941,-0.292969,0.979980,-21.179199,1.037598,31.616211
642,0.049316,-0.333008,0.973633,-17.028809,-12.817383,28.564453
643,0.037109,-0.363770,0.931152,-11.413574,-26.977539,24.169922
644,0.059570,-0.394043,0.823242,7.263184,-48.156738,14.648438
645,0.081055,-0.340820,0.747070,13.488770,-50.354004,10.925293
646,0.112793,-0.288086,0.704102,16.052246,-47.058105,11.169434
647,0.163574,-0.251465,0.633301,1.831055,-26.245117,18.127441
648,0.177734,-0.266113,0.623535,-14.099121,-8.789062,20.080566
649,0.177734,-0.289062,0.651855,-25.756836,6.469727,20.385742
650,0.143066,-0.321777,0.792969,-26.306152,17.456055,21.240234
651,0.117188,-0.344727,0.864746,-20.446777,13.427734,23.315430
652,0.099121,-0.366211,0.900391,-13.305664,5.981445,24.902344
653,0.103027,-0.353027,0.912598,-6.164551,2.380371,25.390625
654,0.109863,-0.344727,0.929199,-8.117676,4.943848,27.038574
655,0.100586,-0.350098,0.942871,-9.094238,7.324219,29.418945
656,0.068848,-0.398438,1.000977,-13.000488,11.901855,29.541016
657,0.062988,-0.402832,1.018555,-15.136719,13.854980,29.174805
658,0.052246,-0.408203,1.044434,-17.944336,15.808105,30.151367
659,0.042969,-0.425293,1.059570,-22.094727,16.479492,31.677246
660,0.036133,-0.492188,1.045410,-24.719238,12.939453,34.362793
661,0.028809,-0.512695,1.043457,-19.592285,8.789062,33.508301
662,0.025879,-0.517578,1.023438,-11.474609,2.624512,32.592773
663,0.027832,-0.491211,0.978027,9.887695,-3.540039,31.677246
664,0.027344,-0.440918,0.973633,10.559082,0.305176,31.921387
665,0.015137,-0.368652,0.968750,-5.126953,20.568848,39.428711
666,-0.011719,-0.393555,1.015625,-11.413574,29.357910,45.654297
667,-0.068359,-0.454102,1.056641,-18.005371,34.423828,49.499512
668,-0.137207,-0.525391,1.088379,-23.315430,37.170410,46.691895
669,-0.126465,-0.524902,1.144531,-21.057129,27.526855,28.442383
670,-0.064453,-0.463867,1.137695,-11.840820,13.732910,25.451660
671,-0.040039,-0.429199,1.079102,-3.479004,1.708984,27.465820
672,-0.069336,-0.403809,0.978516,-4.272461,3.967285,21.484375
673,-0.076660,-0.338379,0.966309,-14.465332,16.418457,14.099121
674,-0.062500,-0.276855,0.988770,-25.695801,29.113770,10.864258
675,-0.072754,-0.262207,1.060547,-38.879395,42.663574,11.291504
676,-0.083008,-0.251465,1.088379,-41.992188,43.212891,10.498047
677,-0.084961,-0.231445,1.135742,-39.550781,35.766602,12.084961
678,-0.094727,-0.219238,1.139160,-31.005859,18.737793,16.662598
679,-0.118164,-0.275879,1.047363,9.460449,-28.930664,28.686523
680,-0.135742,-0.339844,0.962891,30.639648,-50.048828,31.372070
681,-0.099121,-0.370117,0.867188,45.288086,-68.969727,30.334473
682,-0.069824,-0.352539,0.788574,36.132812,-66.162109,29.663086
683,-0.036621,-0.337402,0.743652,19.958496,-57.495117,31.738281
684,-0.007324,-0.433594,0.642090,-16.784668,-36.865234,36.071777
685,-0.011719,-0.503418,0.607910,-21.179199,-30.273438,33.996582
686,-0.010742,-0.540527,0.627441,-18.493652,-28.015137,28.930664
687,0.001465,-0.531250,0.621094,-6.713867,-32.531738,18.310547
688,0.027344,-0.502441,0.610352,-0.854492,-32.043457,14.587402
689,0.058594,-0.470703,0.635254,0.549316,-26.916504,12.451172
690,0.091309,-0.427246,0.686523,-14.709473,-11.230469,11.230469
691,0.102539,-0.409180,0.706055,-22.155762,-4.028320,12.451172
692,0.099609,-0.399902,0.733398,-24.963379,-0.793457,14.892578
693,0.084961,-0.395996,0.787598,-19.958496,-4.394531,20.751953
694,0.083496,-0.393066,0.834473,-14.221191,-9.033203,23.315430
695,0.072266,-0.369141,0.882324,-5.981445,-16.418457,26.977539
696,0.050293,-0.393555,0.970215,11.596680,-39.611816,39.978027
697,0.042480,-0.410645,0.970215,13.916016,-47.790527,44.189453
698,0.041016,-0.432129,0.958496,10.192871,-52.795410,47.546387
699,0.059570,-0.470703,0.854980,-11.169434,-46.875000,48.522949
700,0.084473,-0.473633,0.809082,-19.042969,-36.437988,46.569824
701,0.107422,-0.456543,0.832031,-22.094727,-24.841309,46.264648
702,0.107422,-0.440430,0.902344,-20.080566,-17.395020,48.767090
703,0.083984,-0.400391,1.041016,-10.742188,-20.385742,60.119629
704,0.090332,-0.387695,1.086426,-7.080078,-25.451660,68.298340
705,0.079590,-0.435059,1.129395,-5.004883,-32.531738,77.148438
706,0.002441,-0.654297,1.165527,-13.610840,-46.386719,78.369141
707,-0.031738,-0.729004,1.125000,-14.526367,-54.016113,70.129395
708,-0.025391,-0.765137,1.049316,-5.615234,-60.546875,59.692383
709,0.125000,-0.696289,0.887207,22.583008,-50.720215,40.527344
710,0.179199,-0.592773,0.911133,24.536133,-29.235840,32.592773
711,0.200684,-0.458008,0.968262,20.629883,-8.544922,28.381348
712,0.235840,-0.191406,1.160645,8.544922,12.023926,35.888672
713,0.239746,-0.122559,1.261719,-2.868652,9.094238,47.729492
714,0.216797,-0.111328,1.307129,-15.930176,-1.403809,60.791016
715,0.145020,-0.242188,1.199707,-26.489258,-32.470703,78.796387
716,0.121582,-0.348145,1.128906,-22.888184,-45.593262,78.735352
717,0.123535,-0.401367,1.039551,-18.188477,-55.969238,74.951172
718,0.149902,-0.422852,0.841797,-8.361816,-61.279297,65.551758
719,0.149414,-0.404297,0.754395,0.061035,-57.250977,61.035156
720,0.135254,-0.357422,0.702148,11.901855,-51.269531,57.067871
721,0.131348,-0.245117,0.708008,36.926270,-37.780762,54.199219
722,0.151855,-0.216309,0.771484,36.865234,-26.611328,54.992676
723,0.153320,-0.206543,0.844727,23.193359,-14.221191,55.419922
724,0.133301,-0.194824,0.910645,-10.192871,-2.868652,55.725098
725,0.138184,-0.225098,0.916016,-17.395020,-6.774902,55.725098
726,0.138184,-0.245117,0.904785,-15.930176,-15.563965,56.274414
727,0.135254,-0.258789,0.895508,-7.385254,-27.343750,58.166504
728,0.129395,-0.249512,0.810547,11.779785,-51.696777,61.218262
729,0.158691,-0.217285,0.690430,14.770508,-53.833008,65.612793
730,0.167969,-0.211914,0.668457,8.789062,-45.288086,68.908691
731,0.148926,-0.240723,0.670410,0.000000,-34.729004,72.143555
732,0.122559,-0.271973,0.691406,-5.981445,-25.451660,74.218750
733,0.043457,-0.385254,0.823730,-7.263184,-19.042969,76.721191
734,-0.003906,-0.446289,0.865723,-6.225586,-21.850586,75.134277
735,-0.045410,-0.524902,0.869629,-1.953125,-26.062012,70.739746
736,-0.058594,-0.599609,0.844727,16.784668,-28.991699,52.917480
737,-0.024902,-0.582520,0.852051,21.606445,-22.521973,43.823242
738,0.021484,-0.465820,0.928223,18.493652,-0.427246,32.165527
739,0.036133,-0.416016,0.987305,15.319824,9.216309,30.700684
740,0.051758,-0.377930,1.061035,9.460449,17.028809,31.677246
741,0.051270,-0.352051,1.148438,0.549316,20.568848,35.400391
742,-0.005371,-0.385742,1.235840,-15.808105,7.568359,45.715332
743,-0.041504,-0.449707,1.202637,-14.282227,-7.507324,48.461914
744,-0.077637,-0.520020,1.140137,-7.446289,-23.681641,47.668457
745,-0.099121,-0.567383,0.983398,17.456055,-45.043945,38.696289
746,-0.085449,-0.563965,0.909668,31.005859,-48.889160,33.691406
747,-0.066895,-0.545410,0.853516,42.114258,-45.410156,29.846191
748,-0.041504,-0.486816,0.813965,51.818848,-22.094727,25.695801
749,-0.060059,-0.427734,0.823242,49.072266,-2.441406,24.597168
750,-0.104004,-0.359375,0.873047,41.625977,20.324707,24.841309
751,-0.159668,-0.308105,0.963379,31.494141,41.809082,27.038574
752,-0.279785,-0.355957,1.204102,1.464844,71.838379,30.822754
753,-0.329590,-0.413086,1.312500,-11.962891,74.584961,29.907227
754,-0.365723,-0.439453,1.405273,-19.653320,49.133301,21.545410
755,-0.348633,-0.402832,1.361328,-18.554688,27.709961,17.761230
756,-0.327148,-0.362305,1.260254,-14.465332,6.713867,14.953613
757,-0.292480,-0.320312,1.149902,-9.033203,-9.643555,12.268066
758,-0.227539,-0.207031,0.924805,-5.554199,-26.306152,11.840820
759,-0.209961,-0.183594,0.818359,-4.760742,-27.221680,14.709473
760,-0.218262,-0.200684,0.643555,-3.906250,-16.174316,17.700195
761,-0.212891,-0.236328,0.619629,-4.394531,-5.432129,15.991211
762,-0.204590,-0.288574,0.654297,-6.835938,5.310059,11.962891
763,-0.200195,-0.319336,0.702637,-8.178711,10.742188,2.624512
764,-0.186035,-0.343262,0.756836,-1.220703,2.624512,-1.037598
765,-0.169922,-0.335449,0.751465,10.253906,-9.277344,-3.417969
766,-0.144043,-0.319824,0.733887,20.812988,-21.484375,-5.004883
767,-0.087402,-0.303223,0.679688,28.747559,-38.085938,-6.958008
768,-0.063477,-0.305176,0.645996,28.808594,-41.137695,-6.164551
769,-0.057129,-0.322266,0.620117,28.991699,-40.588379,-4.455566
770,-0.049805,-0.360840,0.586426,24.536133,-32.409668,-3.417969
771,-0.027832,-0.383789,0.587402,18.188477,-23.620605,-3.662109
772,-0.003418,-0.401855,0.583496,12.573242,-12.634277,-3.479004
773,0.025879,-0.418457,0.672852,4.089355,5.981445,-2.990723
774,0.028809,-0.411621,0.724609,1.342773,10.742188,-1.281738
775,0.029785,-0.401367,0.770020,0.854492,11.779785,2.380371
776,0.027832,-0.388672,0.793945,3.173828,10.742188,8.483887
777,-0.035156,-0.440918,0.863770,5.432129,11.108398,21.362305
778,-0.065918,-0.486328,0.904785,1.098633,12.145996,24.353027
779,-0.071289,-0.541504,0.926758,-8.422852,14.099121,24.841309
780,-0.071777,-0.549805,0.936523,-7.629395,15.991211,25.329590
781,-0.091797,-0.539062,0.962402,-3.479004,17.822266,25.756836
782,-0.110352,-0.445312,1.082031,-0.549316,19.775391,27.526855
783,-0.091797,-0.372070,1.117676,-5.859375,20.446777,32.836914
784,-0.078613,-0.334473,1.145996,-11.108398,20.080566,41.931152
785,-0.085938,-0.345215,1.135254,-15.563965,17.333984,50.537109
786,-0.071289,-0.367188,1.089355,-16.052246,10.437012,59.020996
787,-0.058105,-0.376953,1.093262,-12.878418,5.432129,62.500000
788,-0.056152,-0.399902,1.094238,-7.446289,-1.037598,66.345215
789,-0.071777,-0.459961,1.022461,5.737305,-12.145996,70.068359
790,-0.092285,-0.455566,0.932129,14.892578,-10.070801,69.824219
791,-0.101074,-0.417969,0.854004,30.395508,-1.342773,68.664551
792,-0.048828,-0.308594,0.830078,53.039551,28.259277,66.345215
793,-0.041992,-0.245117,0.804199,45.104980,50.354004,64.758301
794,-0.041992,-0.173828,0.747070,29.785156,76.416016,62.866211
795,-0.048828,-0.051758,0.779785,-11.596680,124.694824,64.758301
796,-0.099121,-0.045410,0.780762,-42.480469,139.831543,65.124512
797,-0.164062,-0.025391,0.738281,-64.086914,153.930664,62.805176
798,-0.187500,0.052246,0.787598,-47.851562,151.855469,64.575195
799,-0.183594,0.090332,0.794922,-24.353027,136.901855,72.753906
800,-0.192383,0.088867,0.778809,-4.699707,121.032715,80.993652
801,-0.207520,0.090820,0.676270,4.272461,104.248047,89.233398
802,-0.229004,0.083984,0.639648,-4.211426,101.013184,93.017578
803,-0.266113,0.072266,0.583496,-18.432617,98.449707,96.557617
804,-0.315430,0.077637,0.394531,-47.973633,93.994141,107.238770
805,-0.400391,0.123047,0.143066,-56.884766,100.341797,112.792969
806,-0.488281,0.170898,-0.007812,-47.241211,123.291016,119.567871
807,-0.551270,0.153320,0.132812,-24.780273,140.686035,129.760742
808,-0.675293,-0.061035,0.375000,0.061035,135.559082,141.296387
809,-0.668945,-0.132812,0.343262,-1.586914,132.385254,136.779785
810,-0.621582,-0.139648,0.265625,-8.422852,135.803223,130.554199
811,-0.588379,-0.072266,0.178223,-32.714844,155.700684,119.934082
812,-0.702637,-0.038574,0.208984,-44.921875,167.419434,112.915039
813,-0.839355,-0.025391,0.337891,-41.381836,173.339844,102.050781
814,-0.961914,-0.024902,0.588867,-14.282227,155.273438,92.224121
815,-1.057129,0.065918,0.765137,84.777832,52.185059,77.575684
816,-0.981445,0.185059,0.641113,148.498535,-2.563477,80.078125
817,-0.884766,0.245117,0.446777,191.589355,-33.203125,83.923340
818,-0.845215,0.378418,0.214844,165.344238,-2.258301,80.322266
819,-0.947754,0.444824,0.057129,113.220215,35.034180,74.096680
820,-1.045898,0.553223,-0.092773,69.763184,77.575684,67.749023
821,-1.131348,0.709473,-0.173828,50.903320,113.342285,65.185547
822,-1.304199,0.997070,0.000488,69.946289,165.039062,70.983887
823,-1.357422,1.089844,0.216797,86.791992,171.875000,76.416016
824,-1.414551,1.164551,0.425781,98.999023,171.630859,84.533691
825,-1.501465,1.163574,0.737305,104.187012,148.193359,101.257324
826,-1.532227,1.153320,0.730957,106.811523,129.089355,100.463867
827,-1.527344,1.209961,0.722168,123.413086,114.318848,97.595215
828,-1.562012,1.305664,0.781738,183.410645,79.284668,96.923828
829,-1.578613,1.345703,0.807617,215.026855,64.941406,93.505859
830,-1.562988,1.387695,0.861816,242.065430,54.748535,90.332031
831,-1.520020,1.410156,0.946289,262.268066,45.776367,91.247559
832,-1.298340,1.444336,1.083008,295.471191,21.972656,114.868164
833,-1.261719,1.343262,1.145996,298.950195,12.023926,134.155273
834,-1.329102,0.992676,1.310059,236.083984,10.375977,149.414062
835,-1.292969,0.832520,1.269531,184.204102,10.375977,150.390625
836,-1.271484,0.663086,1.185059,139.465332,11.535645,150.024414
837,-1.282715,0.507324,1.116211,105.041504,13.122559,144.165039
838,-1.261719,0.361328,1.036133,50.598145,14.282227,122.436523
839,-1.183105,0.306641,0.967773,23.071289,9.277344,109.863281
840,-1.067871,0.246582,0.852539,-0.488281,4.943848,97.045898
841,-0.840820,0.180176,0.675781,-16.174316,-6.530762,76.538086
842,-0.755859,0.169434,0.564453,-13.854980,-13.183594,67.260742
843,-0.600098,0.210449,0.479980,2.624512,-20.385742,51.025391
844,-0.518555,0.226074,0.470703,8.178711,-22.644043,46.264648
845,-0.454102,0.245605,0.500488,10.070801,-23.803711,44.738770
846,-0.435059,0.277344,0.573730,7.385254,-28.808594,47.058105
847,-0.473145,0.332031,0.556641,1.770020,-59.265137,58.166504
848,-0.508789,0.252441,0.473145,-0.427246,-75.927734,61.645508
849,-0.540039,0.183105,0.324219,-2.380371,-83.923340,58.227539
850,-0.564453,0.187012,0.192871,5.615234,-85.083008,44.372559
851,-0.579590,0.231934,0.135254,13.427734,-86.181641,40.954590
852,-0.586426,0.275879,0.051270,25.268555,-85.266113,39.672852
853,-0.605957,0.321777,0.012207,40.100098,-80.444336,40.832520
854,-0.674316,0.450195,-0.032227,56.091309,-61.096191,49.621582
855,-0.695801,0.509277,-0.023438,58.227539,-45.959473,57.678223
856,-0.718750,0.527344,0.004395,52.734375,-29.296875,67.138672
857,-0.826660,0.422363,0.106934,23.376465,10.498047,84.167480
858,-0.925781,0.352051,0.165527,5.249023,29.602051,83.923340
859,-1.003906,0.333008,0.215332,-9.094238,45.227051,78.979492
860,-1.107910,0.430664,0.340332,-19.104004,62.072754,70.312500
861,-1.141602,0.474121,0.424805,-19.775391,62.988281,70.617676
862,-1.177734,0.476074,0.477051,-21.118164,61.767578,71.411133
863,-1.222168,0.431641,0.526367,-24.475098,60.791016,70.556641
864,-1.329590,0.314453,0.576660,-40.405273,59.570312,55.969238
865,-1.403809,0.296875,0.598145,-50.598145,62.805176,42.236328
866,-1.511719,0.352051,0.748047,-68.420410,56.640625,7.690430
867,-1.510742,0.398438,0.754883,-72.082520,44.555664,-7.324219
868,-1.511719,0.443848,0.733398,-72.021484,32.714844,-19.714355
869,-1.506836,0.497559,0.680664,-81.420898,15.197754,-41.320801
870,-1.466797,0.514648,0.614746,-91.186523,11.779785,-49.987793
871,-1.415039,0.509277,0.538086,-103.210449,12.268066,-58.532715
872,-1.363281,0.484375,0.456543,-115.966797,17.822266,-67.382812
873,-1.347656,0.441895,0.385254,-127.197266,28.198242,-77.941895
874,-1.386719,0.452148,0.320801,-143.005371,53.344727,-108.947754
875,-1.409668,0.504883,0.280762,-141.479492,65.368652,-126.037598
876,-1.447754,0.578613,0.279785,-135.742188,79.162598,-143.615723
877,-1.521973,0.755371,0.352539,-118.896484,110.839844,-178.344727
878,-1.492676,0.867188,0.527344,-113.769531,121.520996,-190.979004
879,-1.416504,0.947754,0.674316,-112.854004,120.788574,-197.570801
880,-1.196289,0.949219,0.805664,-105.651855,101.928711,-194.152832
881,-1.131836,0.857422,0.855469,-96.496582,84.106445,-190.307617
882,-1.083008,0.710449,0.848633,-66.528320,40.222168,-192.932129
883,-1.101562,0.695312,0.842285,-48.461914,18.859863,-198.791504
884,-1.113281,0.724609,0.877441,-34.851074,-5.126953,-204.895020
885,-1.066895,0.805664,0.708984,-15.869141,-54.016113,-209.167480
886,-1.024902,0.819824,0.614258,-7.690430,-69.702148,-207.092285
887,-1.006348,0.811523,0.531738,-5.859375,-78.308105,-205.871582
888,-0.964355,0.806641,0.418457,-16.235352,-80.749512,-204.406738
889,-0.967773,0.809082,0.353516,-21.667480,-76.354980,-203.674316
890,-0.989746,0.820801,0.300293,-24.902344,-68.115234,-203.613281
891,-0.991211,0.902832,0.316895,-32.043457,-49.621582,-205.688477
892,-0.916016,0.971191,0.319336,-36.865234,-43.151855,-202.697754
893,-0.827637,1.018066,0.283691,-41.748047,-34.423828,-194.335938
894,-0.768555,1.042969,0.273438,-49.133301,-22.827148,-183.227539
895,-0.684082,1.064453,0.251465,-73.852539,10.375977,-161.193848
896,-0.670898,1.081543,0.258789,-87.341309,27.343750,-148.559570
897,-0.666992,1.092773,0.285645,-97.961426,41.748047,-135.864258
898,-0.596191,1.112305,0.311523,-118.652344,61.035156,-106.140137
899,-0.561523,1.055664,0.306152,-128.173828,67.138672,-87.707520
900,-0.544434,0.938965,0.299805,-136.108398,71.899414,-71.105957
901,-0.550293,0.730469,0.276855,-130.554199,69.885254,-52.856445
902,-0.551270,0.692871,0.274414,-113.037109,60.852051,-48.645020
903,-0.542480,0.686035,0.258301,-87.402344,45.959473,-44.555664
904,-0.529297,0.691895,0.239746,-57.189941,28.015137,-39.611816
905,-0.508789,0.772949,0.176270,-4.516602,-5.554199,-26.550293
906,-0.513672,0.823242,0.111816,15.747070,-16.235352,-17.333984
907,-0.553711,0.844727,0.061523,27.343750,-21.667480,-7.751465
908,-0.598633,0.844238,-0.008789,38.085938,-12.390137,9.033203
909,-0.582031,0.865723,-0.003906,48.278809,-6.164551,17.944336
910,-0.558594,0.895508,0.018066,61.645508,-0.244141,31.127930
911,-0.615234,0.945312,0.156738,82.763672,14.282227,66.772461
912,-0.663574,0.953613,0.253906,87.097168,18.005371,87.036133
913,-0.716309,0.960449,0.327637,87.463379,19.348145,108.337402
914,-0.914062,0.828125,0.485840,70.922852,20.324707,146.789551
915,-1.013184,0.742188,0.482422,49.804688,21.545410,156.250000
916,-1.053711,0.709473,0.459473,37.109375,23.681641,161.499023
917,-1.078613,0.718750,0.459473,36.193848,22.033691,167.236328
918,-1.094727,0.734863,0.455566,60.119629,5.493164,183.471680
919,-1.085938,0.695801,0.462402,81.665039,-5.065918,193.603516
920,-1.089355,0.635742,0.503906,101.318359,-16.540527,202.758789
921,-1.062012,0.513184,0.543945,119.689941,-35.522461,215.026855
922,-1.056152,0.441406,0.558594,117.187500,-39.550781,216.796875
923,-1.067871,0.352051,0.591309,105.712891,-41.748047,216.125488
924,-1.085938,0.218262,0.474609,74.340820,-37.231445,200.744629
925,-1.129883,0.140625,0.425781,67.565918,-33.569336,187.255859
926,-1.056641,0.309570,0.393555,65.856934,-34.057617,179.260254
927,-1.047363,0.369629,0.341797,68.969727,-31.250000,176.635742
928,-1.008301,0.535156,0.335938,84.899902,-26.489258,180.603027
929,-1.041016,0.589844,0.372559,93.566895,-25.573730,189.697266
930,-1.283691,0.654297,0.559082,83.618164,-22.521973,208.618164
931,-1.435059,0.624023,0.630859,60.485840,-27.282715,214.782715
932,-1.529297,0.501953,0.602539,33.813477,-36.499023,213.989258
933,-1.535645,0.335449,0.471191,18.676758,-43.701172,205.444336
934,-1.469727,0.131348,0.301758,63.537598,-58.593750,178.588867
935,-1.440430,0.104004,0.328613,102.050781,-63.659668,165.832520
936,-1.446289,0.105469,0.429199,132.385254,-67.382812,153.747559
937,-1.380859,0.243652,0.511230,175.720215,-77.331543,130.004883
938,-1.340332,0.366211,0.528320,186.706543,-73.303223,127.014160
939,-1.328613,0.409668,0.589844,180.297852,-60.852051,128.479004
940,-1.351074,0.366699,0.755371,102.844238,-26.916504,124.633789
941,-1.355957,0.322266,0.763672,53.894043,-10.681152,118.286133
942,-1.362793,0.276855,0.722656,11.230469,4.211426,112.487793
943,-1.427246,0.213379,0.702637,-18.432617,18.188477,102.722168
944,-1.489746,0.132324,0.720215,-57.495117,29.296875,68.420410
945,-1.470215,0.156738,0.679688,-63.537598,28.076172,49.682617
946,-1.448730,0.280273,0.633789,-44.555664,12.939453,21.362305
947,-1.441895,0.341309,0.622559,-32.775879,1.586914,11.291504
948,-1.408203,0.379883,0.638184,-30.212402,-7.873535,4.943848
949,-1.363281,0.375977,0.607910,-43.212891,-14.282227,0.366211
950,-1.251953,0.271973,0.413574,-82.885742,-9.155273,-6.713867
951,-1.254395,0.190430,0.312012,-98.693848,0.122070,-14.343262
952,-1.274902,0.131348,0.251465,-107.482910,11.474609,-28.198242
953,-1.312988,0.117676,0.235840,-107.360840,29.479980,-65.002441
954,-1.338379,0.135254,0.241699,-100.158691,36.315918,-85.205078
955,-1.422363,0.254883,0.278809,-84.350586,52.795410,-130.310059
956,-1.448730,0.377930,0.324219,-78.002930,64.331055,-153.198242
957,-1.391113,0.619141,0.459473,-71.472168,79.956055,-186.035156
958,-1.316895,0.688477,0.512207,-68.298340,84.533691,-193.359375
959,-1.243652,0.705078,0.556152,-63.415527,86.303711,-196.838379
960,-1.131836,0.662598,0.635254,-61.340332,83.129883,-205.871582
961,-1.084961,0.733398,0.618164,-64.147949,89.111328,-211.364746
962,-1.066406,0.786621,0.729980,-68.420410,93.200684,-208.557129
963,-1.086914,0.809570,0.812500,-77.453613,82.885742,-202.331543
964,-1.080078,0.775391,0.840332,-79.345703,71.105957,-201.416016
965,-1.062988,0.767578,0.825195,-80.810547,58.837891,-202.941895
966,-1.043457,0.771973,0.805664,-79.833984,45.654297,-203.613281
967,-1.125000,0.833008,0.780273,-68.725586,18.188477,-207.031250
968,-1.141602,0.899902,0.722656,-69.213867,3.112793,-209.167480
969,-1.106934,0.933594,0.627441,-66.162109,-9.460449,-208.129883
970,-1.069824,0.924805,0.536621,-45.715332,-32.470703,-206.298828
971,-1.006348,0.901855,0.373047,-34.057617,-44.250488,-208.740234
972,-0.958008,0.926758,0.237793,-22.399902,-51.574707,-212.707520
973,-0.915039,0.978027,0.110352,-9.521484,-51.086426,-215.515137
974,-0.868652,1.176270,0.053711,12.084961,-30.700684,-209.350586
975,-0.854492,1.238770,0.095703,8.972168,-15.991211,-197.570801
976,-0.834473,1.256348,0.158691,-6.835938,1.586914,-182.861328
977,-0.726074,1.170410,0.259277,-79.345703,31.677246,-158.142090
978,-0.657715,1.130859,0.183594,-106.567383,44.372559,-148.132324
979,-0.609863,1.116699,0.128906,-111.755371,52.734375,-138.549805
980,-0.537598,1.214355,0.060059,-80.810547,54.565430,-109.619141
981,-0.503906,1.248047,0.046875,-54.809570,52.001953,-88.867188
982,-0.494141,1.240234,0.083496,-29.907227,47.424316,-65.612793
983,-0.564453,1.181641,0.068848,1.037598,39.978027,-28.991699
984,-0.646973,1.178711,0.066895,12.756348,41.259766,-13.000488
985,-0.740723,1.153809,0.106445,26.550293,41.503906,0.854492
986,-0.781250,1.160156,0.143066,64.147949,34.057617,24.536133
987,-0.770508,1.183105,0.187500,88.256836,29.968262,41.809082
988,-0.729004,1.176758,0.243652,111.877441,23.559570,63.964844
989,-0.703613,1.026855,0.396973,134.033203,20.629883,114.257812
990,-0.765137,0.905762,0.493164,125.061035,23.559570,135.986328
991,-0.833496,0.820801,0.558105,108.947754,27.770996,152.282715
992,-0.890625,0.736816,0.644531,91.918945,28.991699,165.405273
993,-1.017090,0.525391,0.700684,58.349609,16.601562,179.992676
994,-1.059570,0.427246,0.663086,49.011230,8.056641,177.551270
995,-1.077637,0.387695,0.635742,47.851562,-2.990723,171.325684
996,-1.077637,0.368652,0.591797,51.269531,-18.676758,164.733887
997,-0.991211,0.356445,0.465332,67.810059,-45.715332,152.282715
998,-0.937500,0.357910,0.412598,78.491211,-55.236816,150.512695
999,-0.906738,0.326660,0.378906,89.233398,-62.988281,150.695801
1000,-0.882812,0.279785,0.348633,99.182129,-70.983887,150.146484
1001,-0.834473,0.184570,0.249512,102.111816,-71.777344,140.136719
1002,-0.825195,0.132812,0.234863,99.548340,-65.185547,132.263184
1003,-0.826172,0.086914,0.224609,97.412109,-50.292969,109.802246
1004,-0.806152,0.125000,0.172852,105.163574,-43.029785,97.961426
1005,-0.804688,0.223633,0.200195,115.661621,-36.804199,90.393066
1006,-0.812012,0.326660,0.263184,124.694824,-33.264160,87.585449
1007,-0.832520,0.481934,0.365234,135.498047,-33.325195,92.590332
1008,-0.861328,0.516602,0.412598,139.770508,-32.287598,98.754883
1009,-0.980469,0.541992,0.524902,136.779785,-27.648926,107.910156
1010,-1.036133,0.577637,0.590820,128.540039,-26.306152,112.121582
1011,-1.099121,0.582520,0.664062,113.098145,-27.038574,119.506836
1012,-1.131348,0.567383,0.649902,92.224121,-30.395508,127.990723
1013,-1.120117,0.478027,0.479492,68.359375,-31.311035,146.728516
1014,-1.169434,0.395020,0.450195,64.697266,-27.832031,154.907227
1015,-1.238281,0.322266,0.456543,64.636230,-23.986816,158.447266
1016,-1.330078,0.171387,0.535156,62.011719,-19.287109,154.785156
1017,-1.351074,0.102051,0.549316,56.457520,-17.639160,148.986816
1018,-1.371094,0.028809,0.573730,48.583984,-13.916016,140.686035
1019,-1.415527,-0.019531,0.624512,17.272949,-3.662109,116.882324
1020,-1.422852,-0.029297,0.649414,1.831055,0.671387,104.492188
1021,-1.428711,-0.032715,0.658203,-10.864258,0.671387,90.881348
1022,-1.493164,0.030273,0.617188,-12.145996,-4.516602,56.884766
1023,-1.527344,0.110352,0.652344,-0.122070,-12.084961,38.879395
1024,-1.508789,0.192383,0.689453,8.850098,-23.925781,22.644043
1025,-1.437500,0.287598,0.627930,4.638672,-37.414551,0.427246
1026,-1.428223,0.324707,0.623535,-8.728027,-36.376953,-9.460449
1027,-1.404297,0.383789,0.620117,-28.930664,-33.508301,-16.540527
1028,-1.375488,0.397461,0.574707,-51.574707,-30.517578,-19.287109
1029,-1.278809,0.276855,0.382812,-80.749512,-24.353027,-25.329590
1030,-1.276367,0.214844,0.304688,-87.890625,-15.930176,-31.555176
1031,-1.304199,0.155762,0.223633,-91.735840,5.981445,-55.358887
1032,-1.308594,0.170898,0.217773,-89.538574,18.127441,-69.946289
1033,-1.376953,0.267090,0.325195,-83.679199,45.227051,-100.097656
1034,-1.409668,0.318848,0.437988,-80.322266,54.748535,-116.333008
1035,-1.427246,0.392090,0.581055,-76.782227,59.082031,-131.774902
1036,-1.414551,0.437500,0.698242,-76.721191,58.898926,-145.324707
1037,-1.378906,0.447754,0.787109,-81.054688,56.579590,-159.790039
1038,-1.242676,0.568848,0.936523,-89.782715,52.673340,-181.884766
1039,-1.211426,0.567383,0.984863,-88.378906,39.550781,-185.546875
1040,-1.166016,0.479492,1.000000,-53.161621,0.915527,-192.993164
1041,-1.185059,0.450684,1.014160,-30.578613,-22.216797,-200.561523
1042,-1.206543,0.486328,1.044922,-14.587402,-44.494629,-209.289551
1043,-1.305176,0.617188,1.156738,-19.592285,-77.636719,-220.581055
1044,-1.379395,0.672363,1.225098,-38.574219,-91.857910,-223.205566
1045,-1.416016,0.667969,1.213867,-66.040039,-105.712891,-226.257324
1046,-1.433105,0.632324,1.131348,-91.064453,-113.891602,-232.482910
1047,-1.478027,0.699707,1.063477,-99.182129,-135.009766,-251.159668
1048,-1.490234,0.775391,1.042969,-86.364746,-153.808594,-257.995605
1049,-1.541992,0.924316,1.005859,-55.297852,-191.345215,-262.145996
1050,-1.552246,1.005859,1.033203,-49.499512,-204.162598,-260.742188
1051,-1.524414,1.089355,1.009766,-50.537109,-216.125488,-253.540039
1052,-1.390625,1.136719,0.864258,-57.128906,-227.416992,-228.332520
1053,-1.310059,1.117188,0.810547,-65.307617,-227.539062,-215.942383
1054,-1.230957,1.074707,0.740723,-70.800781,-227.172852,-203.308105
1055,-1.079590,0.947754,0.674316,-80.017090,-220.764160,-185.302734
1056,-0.983398,0.924805,0.597656,-80.444336,-214.782715,-177.246094
1057,-0.862793,0.941406,0.572754,-75.866699,-207.275391,-165.161133
1058,-0.767090,0.971680,0.583008,-76.354980,-198.242188,-145.996094
1059,-0.697754,0.792480,0.555176,-95.397949,-185.180664,-100.769043
1060,-0.674805,0.619141,0.432617,-85.632324,-186.340332,-84.533691
1061,-0.609375,0.481934,0.303223,-62.438965,-186.645508,-73.364258
1062,-0.439941,0.356445,0.176758,-21.545410,-165.771484,-51.574707
1063,-0.392578,0.286621,0.212402,-25.634766,-142.395020,-40.039062
1064,-0.370117,0.178223,0.247070,-43.090820,-117.553711,-31.738281
1065,-0.331055,0.027832,0.248535,-63.232422,-71.655273,-27.465820
1066,-0.312500,-0.036621,0.312012,-57.312012,-55.908203,-25.939941
1067,-0.301270,-0.103027,0.370117,-39.062500,-48.950195,-22.827148
1068,-0.268066,-0.159668,0.385254,-11.901855,-47.790527,-18.798828
1069,-0.162109,-0.211426,0.439941,24.291992,-30.456543,-8.728027
1070,-0.142090,-0.222656,0.488281,20.080566,-10.009766,-3.051758
1071,-0.149902,-0.238770,0.559570,2.197266,14.648438,-0.854492
1072,-0.211426,-0.284180,0.738281,-33.386230,51.147461,-2.746582
1073,-0.236816,-0.306641,0.836426,-33.874512,50.048828,-4.028320
1074,-0.233398,-0.298340,0.893066,-21.789551,34.667969,-4.516602
1075,-0.222656,-0.261719,0.871582,-5.004883,13.366699,-2.441406
1076,-0.187988,-0.181152,0.781738,17.700195,-9.704590,13.427734
1077,-0.201172,-0.228027,0.805176,12.878418,-13.488770,21.972656
1078,-0.233398,-0.332520,0.832520,-1.220703,-18.005371,25.390625
1079,-0.226562,-0.543457,0.722656,-27.404785,-35.156250,15.441895
1080,-0.180664,-0.551758,0.583008,-28.747559,-42.663574,5.554199
1081,-0.116211,-0.501953,0.436523,-17.639160,-46.081543,-2.197266
1082,-0.062012,-0.434082,0.373047,-0.305176,-43.579102,-4.699707
1083,-0.084961,-0.429688,0.490723,20.385742,-39.550781,-4.089355
1084,-0.113770,-0.444336,0.561523,26.367188,-47.119141,-6.042480
1085,-0.104492,-0.452148,0.564941,36.560059,-60.058594,-7.263184
1086,-0.026367,-0.471680,0.481934,58.959961,-70.434570,-4.272461
1087,0.001465,-0.477051,0.476562,53.527832,-57.556152,-1.831055
1088,0.014160,-0.479980,0.503418,29.541016,-33.996582,-2.014160
1089,0.023926,-0.498047,0.570801,-5.493164,-7.141113,-3.601074
1090,-0.021484,-0.584961,0.687988,-43.273926,16.784668,-7.873535
1091,-0.042969,-0.625977,0.713867,-29.479980,7.507324,-10.437012
1092,-0.044434,-0.639160,0.719238,-4.516602,-7.629395,-14.587402
1093,0.014160,-0.575195,0.757324,36.193848,-32.653809,-19.470215
1094,0.043457,-0.544434,0.779297,41.992188,-36.560059,-18.615723
1095,0.068848,-0.537109,0.791016,40.832520,-35.583496,-16.174316
1096,0.094238,-0.524414,0.783691,29.479980,-22.094727,-11.901855
1097,0.091797,-0.508301,0.825195,21.911621,-10.070801,-9.704590
1098,0.087891,-0.493164,0.873535,17.639160,-0.793457,-5.493164
1099,0.067871,-0.504395,0.928711,17.333984,5.615234,-0.549316
1100,0.027832,-0.559570,1.090332,27.160645,2.563477,1.525879
1101,-0.012695,-0.541504,1.171875,38.269043,-9.033203,1.220703
1102,-0.028809,-0.495117,1.242676,48.706055,-24.719238,-0.549316
1103,0.071289,-0.391113,1.269531,58.715820,-56.579590,0.793457
1104,0.133789,-0.353516,1.227539,58.349609,-63.110352,7.080078
1105,0.170410,-0.333008,1.200195,35.339355,-50.903320,18.615723
1106,0.167969,-0.324707,1.194824,18.676758,-42.785645,23.315430
1107,0.153320,-0.307129,1.108887,3.295898,-29.663086,30.639648
1108,0.162598,-0.301758,1.080078,6.347656,-22.155762,33.752441
1109,0.170410,-0.303711,1.095215,11.657715,-11.718750,36.437988
1110,0.096680,-0.227051,1.222656,15.747070,5.432129,39.428711
1111,0.077148,-0.160156,1.293945,5.493164,12.329102,39.794922
1112,0.075195,-0.093750,1.331055,-12.756348,17.517090,42.785645
1113,0.064453,-0.070801,1.329102,-33.569336,20.629883,48.156738
1114,0.000000,-0.188477,1.268555,-57.128906,16.174316,52.734375
1115,-0.023926,-0.244629,1.223145,-50.903320,7.141113,50.964355
1116,-0.049316,-0.273438,1.174805,-35.217285,-7.507324,48.278809
1117,-0.057129,-0.267090,1.038574,-0.610352,-39.306641,40.527344
1118,-0.049316,-0.233887,0.969727,11.047363,-51.391602,38.574219
1119,-0.053711,-0.216309,0.838867,21.545410,-62.866211,39.001465
1120,-0.075195,-0.243652,0.797363,19.042969,-61.584473,39.855957
1121,-0.095703,-0.282715,0.773926,11.474609,-59.814453,37.658691
1122,-0.097656,-0.316895,0.716309,-10.070801,-54.992676,20.568848
1123,-0.055176,-0.333496,0.543457,-12.268066,-46.569824,12.512207
1124,0.000000,-0.304199,0.557129,-6.713867,-40.405273,4.821777
1125,0.013672,-0.255859,0.544434,8.605957,-36.499023,1.159668
1126,0.016113,-0.191406,0.600098,67.871094,-41.503906,0.793457
1127,0.007812,-0.172363,0.604004,100.158691,-48.889160,5.859375
1128,0.005859,-0.159668,0.598633,136.840820,-57.250977,15.441895
1129,0.038574,-0.244141,0.748047,202.209473,-64.453125,20.996094
1130,0.126465,-0.197266,0.979004,203.002930,-54.992676,13.000488
1131,0.178711,-0.101074,1.171387,161.376953,-25.085449,5.615234
1132,0.078125,-0.035645,1.363281,27.282715,43.518066,5.798340
1133,-0.047363,-0.178711,1.383789,-11.474609,42.785645,8.117676
1134,-0.124023,-0.179199,1.360352,-47.363281,21.301270,1.525879
1135,-0.083008,-0.239746,1.065430,-74.645996,-43.823242,3.601074
1136,-0.055176,-0.221680,0.860840,-77.514648,-57.434082,1.464844
1137,-0.063965,-0.146484,0.736328,-80.078125,-49.255371,-4.516602
1138,-0.041016,-0.184570,0.688965,-41.809082,-8.911133,-19.348145
1139,-0.002441,-0.342773,0.779785,-1.220703,-0.488281,-32.653809
1140,0.004395,-0.459961,0.837891,41.870117,-2.563477,-50.231934
1141,0.011230,-0.442871,0.858887,79.589844,-4.638672,-59.509277
1142,0.108887,-0.353027,1.121582,87.829590,10.131836,-44.677734
1143,0.145508,-0.307617,1.192871,46.936035,25.939941,-33.630371
1144,-0.008301,-0.249023,1.166504,-38.696289,64.392090,-27.954102
1145,-0.069824,-0.295410,1.123047,-65.185547,77.697754,-37.902832
1146,-0.087402,-0.325684,1.077637,-64.208984,88.562012,-54.870605
1147,-0.052246,-0.327148,1.171387,-43.334961,100.341797,-72.204590
1148,0.035645,0.019531,1.527832,2.502441,94.177246,-75.256348
1149,-0.038574,0.178223,1.608398,2.075195,78.063965,-60.363770
1150,-0.193359,0.308105,1.638184,-29.846191,13.244629,-28.198242
1151,-0.203613,0.255371,1.566406,-52.429199,-33.752441,-8.789062
1152,-0.225098,0.065430,1.390625,-77.148438,-78.002930,5.737305
1153,-0.081055,-0.386230,0.635254,-105.102539,-111.145020,-3.173828
1154,0.115234,-0.411133,0.297363,-89.538574,-62.316895,-17.822266
1155,0.229980,-0.307617,0.314941,-64.880371,1.892090,-23.437500
1156,0.147461,-0.186035,0.546387,-46.936035,39.978027,-18.920898
1157,-0.058105,-0.193848,0.975098,-21.118164,30.883789,-4.821777
1158,-0.076172,-0.266602,1.022461,-17.761230,2.319336,-5.615234
1159,-0.081543,-0.308594,0.931641,-20.141602,-22.705078,-10.925293
1160,-0.013184,-0.215332,0.611328,-10.864258,-36.621094,-9.704590
1161,0.022949,-0.300293,0.594238,1.464844,-48.034668,-11.596680
1162,0.049805,-0.356445,0.456055,4.211426,-51.025391,-16.357422
1163,0.120117,-0.395020,0.351074,7.995605,-31.677246,-21.606445
1164,0.095215,-0.458984,0.360352,33.813477,11.291504,-24.963379
1165,0.111328,-0.474121,0.452637,51.269531,27.343750,-25.817871
1166,0.118164,-0.478516,0.648438,67.077637,32.287598,-24.291992
1167,0.103516,-0.364746,1.029785,56.518555,10.009766,-36.071777
1168,0.129883,-0.215820,1.144043,14.221191,9.216309,-39.794922
1169,0.147949,-0.092773,1.193359,-37.780762,12.634277,-30.090332
1170,0.167480,-0.135254,0.982422,-79.956055,3.662109,11.840820
1171,0.201660,-0.272949,0.907715,-69.580078,-6.774902,30.578613
1172,0.201172,-0.420898,0.854004,-53.161621,-17.822266,39.001465
1173,0.166992,-0.500488,0.786133,-43.640137,-17.089844,37.536621
1174,0.134766,-0.537109,0.975586,-47.363281,7.446289,26.550293
1175,0.142090,-0.486328,1.030762,-64.636230,11.352539,25.085449
1176,0.075684,-0.502930,0.930176,-54.565430,8.972168,25.451660
1177,0.100586,-0.439453,1.022949,-13.854980,10.253906,29.724121
1178,0.091309,-0.411621,1.118164,6.774902,4.272461,30.639648
1179,0.082520,-0.382812,1.205566,23.925781,-7.080078,33.447266
1180,0.095703,-0.363770,1.247559,40.283203,-31.127930,44.006348
1181,0.078125,-0.424805,1.224121,40.344238,-34.362793,50.476074
1182,0.044922,-0.509766,1.191895,31.860352,-29.602051,50.292969
1183,0.110352,-0.530762,1.049805,7.995605,-9.155273,32.043457
1184,0.153809,-0.446777,1.004883,-1.342773,13.610840,24.475098
1185,0.168945,-0.366211,1.081543,-0.671387,34.851074,19.958496
1186,0.100098,-0.236328,1.350586,37.414551,33.447266,16.479492
1187,0.076172,-0.160645,1.422852,50.598145,21.118164,17.272949
1188,0.071289,-0.107910,1.466309,49.743652,10.681152,16.784668
1189,0.089355,0.057617,1.387695,7.141113,-4.821777,19.836426
1190,0.091797,0.061035,1.239258,-15.258789,-10.375977,26.794434
1191,0.080078,-0.015137,1.040527,-24.963379,-12.695312,32.592773
1192,0.051270,-0.257324,0.824707,11.535645,-7.324219,30.761719
1193,0.017578,-0.309570,0.868164,38.024902,-7.629395,23.376465
1194,0.000488,-0.275879,0.900391,53.283691,-7.934570,15.014648
1195,-0.008789,-0.084961,0.894531,53.100586,-0.915527,15.014648
1196,-0.016602,-0.108398,0.907227,47.546387,-2.075195,18.859863
1197,-0.036621,-0.127441,0.873535,37.475586,-6.408691,17.761230
1198,-0.036621,-0.138672,0.809570,9.765625,-11.047363,25.390625
1199,-0.048828,-0.192383,0.732910,-7.080078,-15.380859,26.916504
1200,-0.056641,-0.269043,0.606934,-20.629883,-18.005371,23.437500
1201,-0.034180,-0.293457,0.523926,-24.719238,-16.540527,17.700195
1202,-0.008301,-0.241699,0.488770,-15.319824,-16.296387,16.723633
1203,0.047852,-0.219727,0.428711,5.187988,-17.150879,21.972656
1204,0.062988,-0.234375,0.392578,10.498047,-7.141113,21.972656
1205,0.061035,-0.234863,0.380371,17.578125,6.958008,21.972656
1206,-0.003906,-0.277344,0.485352,35.827637,36.315918,22.277832
1207,-0.055664,-0.315430,0.609863,34.423828,46.936035,16.052246
1208,-0.195312,-0.240723,0.884277,19.592285,47.119141,7.568359
1209,-0.223145,-0.177734,1.045898,-54.748535,2.502441,-4.821777
1210,-0.060547,-0.191406,0.649902,-69.885254,8.728027,-1.220703
1211,-0.042480,-0.240723,0.566406,-70.800781,31.005859,2.258301
1212,-0.096191,-0.305176,0.561035,-59.020996,50.415039,0.732422
1213,-0.150391,-0.322754,0.629883,-42.236328,58.105469,-4.943848
1214,-0.223145,-0.299805,0.784180,-36.926270,66.955566,-31.250000
1215,-0.258789,-0.224121,0.896484,-53.283691,73.486328,-40.222168
1216,-0.354004,-0.187988,0.940430,-94.238281,96.374512,-44.006348
1217,-0.363770,-0.183594,0.921875,-102.783203,103.454590,-37.292480
1218,-0.324707,-0.178223,0.883789,-102.844238,105.957031,-26.062012
1219,-0.189453,-0.293457,0.808594,-88.623047,110.595703,8.483887
1220,-0.236328,-0.461426,0.827148,-65.185547,113.403320,17.272949
1221,-0.358887,-0.574707,0.854492,-30.334473,112.548828,10.192871
1222,-0.619141,-0.524414,0.925781,43.518066,101.562500,-20.324707
1223,-0.733398,-0.497070,0.914062,72.326660,88.378906,-32.043457
1224,-0.809082,-0.396484,0.911133,93.261719,74.523926,-42.358398
1225,-0.648926,-0.142090,0.950195,70.068359,88.012695,-61.157227
1226,-0.523926,-0.083496,1.015625,49.743652,111.206055,-56.213379
1227,-0.493164,-0.064453,1.141602,32.714844,133.422852,-47.363281
1228,-0.503906,-0.073730,1.254395,22.277832,140.136719,-41.748047
1229,-0.478516,-0.053711,1.260742,43.640137,120.849609,-27.404785
1230,-0.483887,0.006836,1.271973,49.316406,96.374512,-13.305664
1231,-0.470703,0.023438,1.149414,37.353516,54.931641,13.244629
1232,-0.504883,-0.115234,0.774902,26.428223,51.696777,19.226074
1233,-0.557617,-0.221680,0.608887,18.554688,59.509277,15.014648
1234,-0.591309,-0.272949,0.484375,27.221680,78.186035,2.319336
1235,-0.532227,-0.385742,0.701172,77.026367,108.886719,-26.611328
1236,-0.427246,-0.271973,0.881836,86.730957,109.252930,-32.226562
1237,-0.334473,-0.125488,1.007324,76.171875,101.135254,-23.254395
1238,-0.283203,-0.090332,0.930176,52.978516,88.928223,4.577637
1239,-0.294434,-0.110352,0.857422,41.381836,81.726074,9.399414
1240,-0.269531,-0.283691,0.709961,12.145996,72.448730,6.225586
1241,-0.289062,-0.418457,0.561523,4.272461,72.570801,-3.540039
1242,-0.715332,-0.829590,0.269531,31.005859,77.148438,-32.836914
1243,-0.577148,-0.652832,0.440430,85.510254,72.937012,-87.524414
1244,-0.334473,-0.018066,0.616211,146.057129,50.598145,-94.665527
1245,-0.331055,0.181641,0.831055,138.000488,53.405762,-78.735352
1246,-0.250488,0.292480,0.897949,113.098145,44.433594,-58.288574
1247,-0.144043,0.241699,0.755371,65.551758,43.518066,0.732422
1248,-0.176270,0.153809,0.718262,41.137695,54.687500,25.085449
1249,-0.218750,0.073730,0.684082,21.423340,69.213867,42.785645
1250,-0.281738,-0.002441,0.726074,7.141113,83.862305,55.969238
1251,-0.464844,-0.189941,0.873047,-15.014648,105.407715,75.683594
1252,-0.532227,-0.336914,0.944336,-32.897949,111.083984,79.101562
1253,-0.561523,-0.453613,0.908203,-46.813965,115.722656,78.552246
1254,-0.579102,-0.195801,1.098633,-56.884766,110.717773,81.909180
1255,-0.704102,-0.195312,0.970215,-36.865234,86.608887,105.834961
1256,-0.819336,-0.229980,1.072266,-29.113770,81.726074,115.051270
1257,-0.864746,-0.212891,1.101074,-37.170410,77.026367,118.530273
1258,-0.941406,-0.197754,1.058594,-42.785645,73.242188,122.741699
1259,-1.063965,-0.392578,0.987305,-19.348145,63.659668,127.197266
1260,-1.168457,-0.525879,1.025391,-1.281738,63.232422,117.492676
1261,-1.221191,-0.551270,1.148926,1.098633,65.551758,100.219727
1262,-1.234375,-0.486328,1.299805,-15.563965,60.363770,71.105957
1263,-1.217773,-0.450195,1.346191,-14.831543,47.241211,64.392090
1264,-1.188965,-0.398926,1.404297,-16.357422,30.395508,62.072754
1265,-1.132812,-0.350098,1.383301,-22.216797,11.352539,63.415527
1266,-1.029785,-0.307129,1.181641,-34.362793,-3.234863,67.993164
1267,-1.024414,-0.317383,1.143555,-47.363281,-4.333496,65.124512
1268,-1.025391,-0.316406,1.078613,-66.162109,-5.004883,58.532715
1269,-1.102539,-0.272949,0.902344,-95.886230,1.953125,39.794922
1270,-1.090820,-0.219727,0.819824,-95.092773,2.929688,32.653809
1271,-0.988281,-0.194336,0.721191,-84.045410,7.507324,26.000977
1272,-0.937012,-0.214844,0.714844,-84.350586,11.169434,23.071289
1273,-0.879395,-0.259766,0.703125,-88.317871,14.587402,18.920898
1274,-0.856445,-0.303223,0.686523,-91.857910,18.249512,12.268066
1275,-0.797852,-0.290527,0.639648,-100.219727,18.737793,-7.324219
1276,-0.779297,-0.234863,0.648438,-110.107422,23.498535,-17.272949
1277,-0.736328,-0.085449,0.619629,-138.122559,20.568848,-29.724121
1278,-0.704590,-0.015137,0.547363,-146.728516,16.662598,-31.250000
1279,-0.666504,0.019043,0.454102,-149.169922,13.977051,-30.761719
1280,-0.649902,0.029785,0.359375,-143.188477,14.099121,-30.700684
1281,-0.641113,0.001465,0.251953,-118.469238,19.653320,-43.090820
1282,-0.649902,0.095215,0.224609,-104.553223,29.052734,-42.053223
1283,-0.691406,0.128906,0.275391,-90.881348,32.531738,-38.940430
1284,-0.724609,0.271484,0.358887,-61.889648,30.151367,-38.085938
1285,-0.724121,0.401367,0.398438,-56.457520,25.573730,-33.447266
1286,-0.734375,0.500977,0.428223,-59.997559,19.042969,-20.996094
1287,-0.741211,0.506836,0.226562,-64.514160,4.211426,10.192871
1288,-0.772461,0.469238,0.093750,-61.157227,11.169434,18.859863
1289,-0.830566,0.458496,0.048340,-55.725098,26.123047,22.583008
1290,-0.909668,0.484375,0.074219,-47.485352,40.527344,24.841309
1291,-0.978027,0.549316,0.177246,-32.104492,57.922363,31.494141
1292,-0.997559,0.554199,0.213379,-21.301270,61.462402,40.649414
1293,-1.011719,0.513672,0.291016,-14.587402,60.302734,48.217773
1294,-1.006836,0.506348,0.375000,-16.906738,52.978516,56.945801
1295,-1.012207,0.550781,0.311523,-18.798828,53.466797,59.326172
1296,-1.025879,0.606445,0.312500,-2.380371,56.579590,65.063477
1297,-1.088867,0.583008,0.400879,21.850586,49.621582,68.969727
1298,-1.152832,0.631348,0.260742,45.349121,51.635742,54.992676
1299,-1.178223,0.706543,0.360352,60.913086,63.293457,56.152344
1300,-1.202637,0.753906,0.430176,86.853027,65.551758,60.607910
1301,-1.123047,0.818848,0.761230,119.628906,50.048828,86.669922
1302,-1.075195,0.752930,0.812988,100.036621,43.884277,107.849121
1303,-1.102051,0.448242,0.803223,53.527832,40.161133,133.483887
1304,-1.110352,0.339844,0.766113,42.785645,38.085938,135.314941
1305,-1.111328,0.224121,0.769531,41.503906,34.790039,137.329102
1306,-1.160645,0.111816,0.821289,42.968750,28.625488,133.728027
1307,-1.156738,0.035156,0.822266,52.001953,3.967285,114.929199
1308,-1.112305,0.045410,0.792969,63.171387,-8.789062,104.980469
1309,-1.057129,0.060547,0.766113,77.392578,-22.827148,96.984863
1310,-0.946289,0.082520,0.692383,107.116699,-51.025391,88.623047
1311,-0.880859,0.067383,0.622559,119.506836,-62.500000,86.730957
1312,-0.809082,0.040527,0.568359,129.394531,-70.983887,84.899902
1313,-0.690430,-0.052246,0.500977,117.919922,-76.660156,75.073242
1314,-0.627441,-0.081055,0.416016,108.032227,-75.500488,68.420410
1315,-0.577148,-0.110352,0.289062,106.994629,-71.228027,61.462402
1316,-0.556152,-0.114258,0.203125,118.286133,-62.805176,55.297852
1317,-0.585938,-0.030762,0.281250,134.826660,-53.222656,41.503906
1318,-0.586426,0.024414,0.267578,132.568359,-49.255371,35.644531
1319,-0.618652,0.104980,0.287109,131.408691,-42.053223,32.226562
1320,-0.732910,0.294434,0.457520,148.803711,-40.832520,44.677734
1321,-0.802246,0.339844,0.545410,159.118652,-51.696777,60.485840
1322,-0.847656,0.306152,0.542480,157.287598,-60.974121,74.768066
1323,-0.866211,0.181641,0.435059,127.258301,-60.852051,89.782715
1324,-0.889160,0.159668,0.401855,105.102539,-50.415039,92.651367
1325,-0.896484,0.187012,0.395996,81.359863,-37.780762,97.717285
1326,-0.996094,0.151855,0.394531,41.320801,-15.441895,118.408203
1327,-1.079590,0.150391,0.406738,22.949219,-3.112793,124.389648
1328,-1.144043,0.152344,0.431152,3.479004,6.103516,133.300781
1329,-1.252930,0.000488,0.405273,-21.118164,22.155762,144.714355
1330,-1.307129,-0.093262,0.466797,-24.963379,29.174805,142.395020
1331,-1.355469,-0.214355,0.528809,-30.517578,31.250000,134.582520
1332,-1.437988,-0.419922,0.625000,-47.180176,28.137207,100.524902
1333,-1.433105,-0.429688,0.670898,-52.246094,21.545410,50.048828
1334,-1.497070,-0.392090,0.709961,-54.504395,25.268555,22.338867
1335,-1.555176,-0.303711,0.786133,-57.556152,30.090332,-8.483887
1336,-1.542969,-0.021484,0.887695,-52.185059,28.198242,-48.400879
1337,-1.534180,0.076660,0.906738,-43.334961,23.254395,-58.105469
1338,-1.480469,0.163574,0.946777,-35.217285,15.869141,-63.110352
1339,-1.408691,0.216309,0.960449,-32.836914,5.615234,-63.659668
1340,-1.240234,0.208984,0.905273,-61.645508,-8.728027,-62.194824
1341,-1.200195,0.145996,0.796875,-83.129883,-10.925293,-63.842773
1342,-1.209473,0.076660,0.686035,-102.111816,-6.347656,-72.448730
1343,-1.246094,0.092773,0.592773,-133.544922,13.916016,-103.149414
1344,-1.266602,0.142578,0.573730,-144.775391,26.123047,-119.018555
1345,-1.267578,0.201660,0.569824,-151.733398,39.367676,-132.934570
1346,-1.261719,0.354492,0.649414,-144.958496,64.880371,-147.644043
1347,-1.209961,0.467773,0.713379,-124.877930,67.260742,-145.812988
1348,-1.142090,0.530762,0.815430,-100.036621,61.584473,-137.634277
1349,-0.992188,0.474121,0.939941,-86.547852,47.485352,-122.436523
1350,-0.936035,0.393066,0.958984,-93.566895,39.367676,-118.286133
1351,-0.889648,0.335938,0.955078,-108.154297,31.555176,-118.896484
1352,-0.848633,0.256836,0.788574,-131.958008,18.676758,-128.540039
1353,-0.832031,0.243652,0.691406,-130.798340,15.502930,-133.911133
1354,-0.827637,0.241699,0.630371,-126.159668,16.418457,-140.625000
1355,-0.874512,0.280273,0.572754,-106.262207,24.353027,-153.869629
1356,-0.926758,0.370605,0.645996,-93.750000,22.094727,-158.203125
1357,-0.919922,0.475098,0.685547,-88.317871,13.977051,-159.057617
1358,-0.832031,0.532715,0.658203,-80.200195,0.122070,-144.226074
1359,-0.804688,0.507812,0.641602,-83.374023,-2.380371,-140.197754
1360,-0.797363,0.503418,0.579102,-87.707520,1.098633,-138.305664
1361,-0.854492,0.595215,0.583984,-86.791992,10.803223,-135.437012
1362,-0.875977,0.689941,0.568359,-80.505371,11.718750,-128.356934
1363,-0.858887,0.775879,0.559082,-68.115234,9.643555,-117.309570
1364,-0.766602,0.824707,0.503906,-42.053223,-4.455566,-85.754395
1365,-0.725586,0.776367,0.438965,-38.879395,-4.089355,-73.242188
1366,-0.708496,0.746094,0.387207,-37.048340,0.793457,-65.917969
1367,-0.721191,0.862305,0.367676,-24.597168,6.408691,-56.945801
1368,-0.716309,0.916016,0.371094,-14.343262,4.028320,-47.729492
1369,-0.712402,0.949707,0.382812,-10.986328,2.014160,-36.499023
1370,-0.706543,0.949219,0.401855,-37.902832,4.150391,-9.155273
1371,-0.723633,0.960449,0.315918,-50.720215,3.967285,6.408691
1372,-0.757324,1.000488,0.170898,-47.607422,5.432129,25.329590
1373,-0.933105,0.962891,0.122070,-4.211426,20.019531,59.692383
1374,-1.055664,0.909668,0.199219,14.648438,25.268555,71.166992
1375,-1.132324,0.878418,0.259277,34.301758,30.517578,79.589844
1376,-1.155273,0.875977,0.356934,57.800293,34.057617,90.393066
1377,-1.148438,0.780273,0.566895,83.557129,32.531738,117.492676
1378,-1.134277,0.708984,0.644043,79.833984,32.653809,130.615234
1379,-1.143066,0.616211,0.697266,69.091797,32.104492,142.700195
1380,-1.119141,0.409180,0.735352,46.936035,28.442383,157.775879
1381,-1.107422,0.308105,0.732910,42.419434,24.902344,161.987305
1382,-1.117676,0.205566,0.750000,42.480469,19.287109,162.597656
1383,-1.142578,0.075195,0.746582,42.114258,2.258301,147.460938
1384,-1.117676,0.070801,0.702148,47.668457,-8.361816,137.573242
1385,-1.078613,0.088379,0.649414,56.640625,-21.118164,129.516602
1386,-1.031250,0.099121,0.573730,70.007324,-33.386230,124.206543
1387,-0.900879,0.120117,0.488770,87.707520,-49.377441,118.469238
1388,-0.845703,0.122559,0.467773,85.449219,-50.781250,119.506836
1389,-0.805176,0.020996,0.445801,54.687500,-50.598145,117.492676
1390,-0.774414,-0.053223,0.322266,32.653809,-47.973633,113.891602
1391,-0.771484,-0.104492,0.141602,26.855469,-39.367676,106.262207
1392,-0.799805,-0.065918,0.142090,78.125000,-33.874512,90.209961
1393,-0.783691,-0.057129,0.179199,102.661133,-34.423828,80.627441
1394,-0.755859,-0.027344,0.186035,112.304688,-33.020020,68.908691
1395,-0.738770,0.114258,0.210938,114.257812,-15.197754,55.358887
1396,-0.773438,0.213867,0.317383,114.440918,-7.507324,57.312012
1397,-0.822266,0.287109,0.417969,108.947754,-2.441406,64.208984
1398,-0.916504,0.346191,0.579102,79.406738,-2.807617,89.416504
1399,-0.952148,0.312500,0.562988,67.321777,-7.324219,103.698730
1400,-0.965820,0.271484,0.543945,59.814453,-10.192871,116.394043
1401,-1.051270,0.158691,0.560547,54.321289,-18.737793,136.108398
1402,-1.107422,0.098145,0.530273,52.917480,-23.620605,141.845703
1403,-1.187500,0.008301,0.504883,55.114746,-26.306152,144.042969
1404,-1.300781,-0.226562,0.470215,49.438477,-25.817871,134.582520
1405,-1.303223,-0.308594,0.437988,44.860840,-21.667480,123.840332
1406,-1.309082,-0.362305,0.448730,37.414551,-14.282227,110.961914
1407,-1.328125,-0.427246,0.541992,18.737793,-3.723145,83.557129
1408,-1.335938,-0.459473,0.595215,4.150391,1.342773,67.138672
1409,-1.323242,-0.467773,0.619629,-12.451172,5.065918,48.828125
1410,-1.334961,-0.341797,0.699219,-39.062500,16.967773,10.314941
1411,-1.337402,-0.236328,0.772461,-53.833008,21.179199,-5.493164
1412,-1.349121,-0.151855,0.812012,-63.049316,24.108887,-18.920898
1413,-1.350098,0.036133,0.961914,-61.706543,12.329102,-35.888672
1414,-1.329590,0.107422,1.005371,-64.270020,0.854492,-38.085938
1415,-1.292480,0.143555,0.966797,-75.195312,-9.277344,-39.123535
1416,-1.259277,0.116211,0.770020,-106.567383,-13.549805,-40.405273
1417,-1.216797,0.060547,0.641113,-115.966797,-14.587402,-42.175293
1418,-1.193848,-0.000977,0.496582,-119.628906,-10.070801,-47.241211
1419,-1.222656,-0.051270,0.359863,-118.896484,17.761230,-71.289062
1420,-1.251953,-0.021484,0.395996,-118.408203,33.935547,-86.669922
1421,-1.263184,0.027832,0.460938,-117.858887,48.767090,-101.684570
1422,-1.285645,0.182129,0.666504,-115.478516,71.655273,-125.427246
1423,-1.276855,0.285645,0.821289,-118.164062,77.514648,-133.605957
1424,-1.236816,0.373535,0.936035,-123.840332,78.552246,-135.742188
1425,-1.152832,0.390625,1.014648,-124.755859,68.908691,-129.028320
1426,-1.073242,0.363770,0.980957,-117.553711,62.561035,-124.572754
1427,-1.000977,0.381836,1.109375,-110.046387,50.903320,-115.478516
1428,-0.968750,0.323730,1.074707,-121.276855,40.405273,-111.877441
1429,-0.942871,0.267578,0.951660,-124.084473,31.799316,-111.694336
1430,-0.927734,0.228516,0.872070,-118.896484,26.306152,-114.929199
1431,-0.922852,0.218750,0.801758,-110.534668,17.578125,-124.389648
1432,-0.925293,0.225098,0.769043,-109.924316,15.258789,-130.187988
1433,-0.919922,0.241211,0.728027,-108.337402,14.099121,-134.887695
1434,-0.933105,0.348633,0.718750,-102.478027,13.427734,-142.150879
1435,-0.932129,0.419922,0.741699,-97.595215,12.573242,-140.991211
1436,-0.909180,0.483887,0.755371,-97.656250,10.375977,-137.878418
1437,-0.898438,0.543457,0.710449,-104.797363,11.474609,-126.403809
1438,-0.903320,0.539062,0.677734,-105.773926,14.465332,-120.544434
1439,-0.886719,0.535645,0.676758,-108.154297,16.418457,-116.516113
1440,-0.864746,0.554688,0.615723,-111.755371,20.019531,-114.013672
1441,-0.869141,0.606934,0.554199,-110.107422,32.409668,-112.609863
1442,-0.848633,0.679199,0.541992,-101.379395,36.315918,-110.351562
1443,-0.811523,0.854004,0.544922,-76.049805,35.400391,-94.726562
1444,-0.758789,0.947754,0.569336,-52.368164,27.832031,-78.247070
1445,-0.704590,0.960449,0.600586,-27.832031,11.474609,-58.288574
1446,-0.571289,0.889160,0.457031,10.375977,-16.235352,-27.832031
1447,-0.525391,0.854004,0.383301,20.324707,-23.437500,-17.456055
1448,-0.510254,0.841797,0.278320,26.611328,-25.085449,-9.643555
1449,-0.533203,0.834961,0.202637,33.691406,-20.751953,-3.417969
1450,-0.652832,0.878906,0.216309,46.325684,-8.300781,11.962891
1451,-0.699219,0.901367,0.204590,47.180176,-2.868652,23.742676
1452,-0.808594,0.870605,0.162598,41.076660,18.310547,47.546387
1453,-0.886719,0.877441,0.204102,39.611816,33.447266,60.485840
1454,-0.965332,0.893066,0.285645,40.222168,44.921875,75.744629
1455,-1.047363,0.846680,0.435547,47.485352,56.640625,110.168457
1456,-1.043457,0.775879,0.496582,50.720215,56.945801,126.647949
1457,-1.065430,0.702148,0.585449,44.921875,58.349609,142.150879
1458,-1.195801,0.513672,0.637207,8.850098,57.189941,165.344238
1459,-1.217773,0.427246,0.614746,1.525879,54.260254,171.203613
1460,-1.231445,0.339355,0.630859,6.835938,47.363281,175.720215
1461,-1.276367,0.143066,0.667480,29.907227,24.353027,172.485352
1462,-1.291504,0.088867,0.683594,44.372559,11.779785,164.489746
1463,-1.286133,0.070801,0.696777,64.392090,-2.441406,155.639648
1464,-1.216797,0.057617,0.707520,105.529785,-36.376953,139.160156
1465,-1.148438,0.069336,0.668457,118.591309,-51.452637,132.995605
1466,-0.997559,0.070312,0.530762,132.324219,-69.946289,127.197266
1467,-0.954102,0.042480,0.486816,132.202148,-71.044922,124.450684
1468,-0.911133,0.011230,0.463379,125.183105,-69.763184,120.788574
1469,-0.884766,-0.035645,0.432617,110.839844,-65.734863,115.722656
1470,-0.833008,-0.108398,0.299316,76.660156,-52.795410,99.426270
1471,-0.813965,-0.101074,0.207520,73.913574,-43.579102,89.782715
1472,-0.803711,-0.065918,0.173828,81.298828,-32.104492,79.895020
1473,-0.819336,0.112793,0.363770,95.764160,-14.404297,67.932129
1474,-0.830078,0.208008,0.451172,93.505859,-12.084961,69.030762
1475,-0.848633,0.260742,0.486328,91.308594,-11.718750,75.012207
1476,-0.892578,0.317871,0.573242,90.881348,-18.432617,94.116211
1477,-0.912109,0.288574,0.583496,84.106445,-21.667480,104.797363
1478,-0.931641,0.239746,0.560547,73.852539,-22.949219,114.318848
1479,-1.045898,0.132812,0.564941,52.856445,-18.493652,127.136230
1480,-1.078125,0.069824,0.569336,38.818359,-18.981934,130.554199
1481,-1.141602,-0.076660,0.518066,20.202637,-21.362305,128.906250
1482,-1.156738,-0.132812,0.505859,16.784668,-23.742676,122.009277
1483,-1.144531,-0.207031,0.488281,26.977539,-27.587891,101.440430
1484,-1.147461,-0.175293,0.573242,30.578613,-29.846191,90.087891
1485,-1.169434,-0.142578,0.616211,26.306152,-34.179688,80.810547
1486,-1.168457,-0.101074,0.524414,5.676270,-33.935547,66.345215
1487,-1.191895,-0.098145,0.517578,-9.582520,-26.733398,59.265137
1488,-1.210938,-0.095703,0.521973,-27.893066,-18.249512,51.879883
1489,-1.229004,-0.113770,0.500488,-43.151855,-10.437012,44.189453
1490,-1.305176,-0.126465,0.509277,-54.870605,8.422852,20.996094
1491,-1.333984,-0.079590,0.565918,-56.762695,14.587402,6.896973
1492,-1.339355,-0.014160,0.620117,-56.701660,15.197754,-5.798340
1493,-1.314453,0.122070,0.674316,-52.734375,6.652832,-19.042969
1494,-1.309570,0.167480,0.710938,-57.189941,2.319336,-20.874023
1495,-1.291016,0.200684,0.699707,-67.626953,-4.394531,-19.714355
1496,-1.201172,0.119141,0.495605,-90.698242,-10.559082,-12.390137
1497,-1.190430,0.021973,0.362793,-99.243164,-2.685547,-13.732910
1498,-1.223633,-0.093750,0.250977,-111.389160,30.761719,-36.193848
1499,-1.236328,-0.109863,0.256348,-113.281250,49.804688,-52.124023
1500,-1.280762,-0.097656,0.312500,-112.976074,69.885254,-69.702148
1501,-1.349609,-0.047852,0.422852,-115.539551,91.064453,-88.317871
1502,-1.449707,0.084961,0.699707,-120.849609,120.849609,-121.643066
1503,-1.417480,0.149902,0.801758,-109.436035,123.046875,-130.371094
1504,-1.366211,0.196289,0.907227,-92.041016,117.187500,-135.498047
1505,-1.168945,0.351074,1.032227,-96.008301,107.177734,-136.657715
1506,-1.069336,0.355469,1.055176,-128.845215,108.703613,-133.850098
1507,-1.002441,0.304688,0.961426,-186.828613,115.600586,-132.019043
1508,-1.038086,0.255859,0.935547,-191.528320,113.281250,-133.850098
1509,-1.098633,0.208008,0.911133,-176.818848,103.637695,-139.953613
1510,-1.138184,0.191406,0.894043,-149.841309,90.515137,-150.756836
1511,-1.091797,0.204590,0.829102,-80.566406,55.297852,-174.377441
1512,-1.058105,0.224609,0.789062,-50.537109,39.489746,-185.791016
1513,-1.030762,0.256836,0.754883,-25.512695,25.207520,-197.387695
1514,-0.940918,0.415039,0.631836,8.605957,1.159668,-214.599609
1515,-0.925293,0.583496,0.567871,8.056641,4.028320,-216.247559
1516,-0.943359,0.734863,0.677734,-10.498047,13.183594,-209.472656
1517,-0.854980,0.902344,0.659668,-64.941406,18.615723,-173.828125
1518,-0.831055,0.872559,0.633301,-75.317383,19.775391,-148.010254
1519,-0.814453,0.794922,0.610352,-80.200195,19.287109,-126.342773
1520,-0.774414,0.629883,0.484375,-87.158203,17.456055,-96.252441
1521,-0.775391,0.595703,0.368164,-82.275391,21.850586,-86.730957
1522,-0.813477,0.584473,0.296387,-71.838379,32.470703,-80.444336
1523,-0.819824,0.597168,0.315430,-59.997559,43.518066,-76.171875
1524,-0.809570,0.656738,0.424805,-45.288086,56.457520,-60.180664
1525,-0.769043,0.675293,0.489746,-47.302246,56.823730,-48.706055
1526,-0.740723,0.678711,0.532227,-56.152344,54.260254,-35.217285
1527,-0.720215,0.656738,0.555176,-85.327148,49.560547,-8.056641
1528,-0.744141,0.642578,0.512207,-86.303711,44.433594,5.920410
1529,-0.860840,0.666504,0.500488,-39.001465,24.169922,33.447266
1530,-0.912109,0.655762,0.528320,-6.286621,8.117676,42.724609
1531,-0.951660,0.633301,0.522461,20.812988,-6.408691,48.278809
1532,-0.969238,0.602051,0.515625,57.067871,-27.221680,53.894043
1533,-0.944824,0.631836,0.403320,75.683594,-32.043457,58.288574
1534,-0.940918,0.657227,0.417969,93.750000,-35.217285,65.917969
1535,-0.911133,0.674316,0.434082,107.910156,-38.940430,78.247070
1536,-0.909180,0.583008,0.504395,111.633301,-39.306641,109.069824
1537,-0.929688,0.504883,0.530762,102.844238,-37.475586,121.887207
1538,-0.980469,0.345703,0.559082,78.491211,-33.874512,140.502930
1539,-1.019043,0.275391,0.555664,65.551758,-33.691406,145.935059
1540,-1.058105,0.217285,0.523926,51.879883,-32.836914,146.728516
1541,-1.094727,0.208008,0.443848,32.653809,-29.663086,140.747070
1542,-1.095703,0.232422,0.415527,31.738281,-28.930664,139.831543
1543,-1.066895,0.240234,0.379883,35.644531,-30.212402,141.784668
1544,-0.993164,0.183105,0.375488,49.255371,-32.287598,146.911621
1545,-0.941895,0.136230,0.374023,49.682617,-32.958984,148.010254
1546,-0.898438,0.085938,0.376465,48.889160,-32.592773,147.155762
1547,-0.853516,0.040527,0.387207,46.142578,-32.531738,143.615723
1548,-0.782715,-0.020996,0.407715,34.973145,-31.311035,131.774902
1549,-0.784180,-0.037109,0.426758,26.977539,-31.921387,124.389648
1550,-0.800781,-0.025391,0.421875,20.141602,-34.790039,116.943359
1551,-0.886719,0.023438,0.379395,24.353027,-43.762207,103.332520
1552,-0.930664,0.062988,0.345703,33.081055,-48.767090,97.290039
1553,-0.988770,0.132812,0.275391,67.443848,-55.297852,91.735840
1554,-1.003906,0.150391,0.272461,87.036133,-56.091309,89.660645
1555,-1.005371,0.166992,0.304199,99.121094,-52.551270,87.646484
1556,-1.018066,0.209961,0.374023,102.539062,-47.790527,87.463379
1557,-1.063965,0.275879,0.508301,82.580566,-46.081543,99.670410
1558,-1.075684,0.274902,0.489258,70.861816,-49.804688,110.717773
1559,-1.082031,0.231445,0.444824,67.321777,-54.077148,121.887207
1560,-1.083496,0.083008,0.385742,64.697266,-56.823730,136.108398
1561,-1.116699,0.023438,0.367188,52.856445,-48.889160,136.047363
1562,-1.137695,-0.014160,0.344727,37.231445,-37.353516,132.995605
1563,-1.176270,-0.038086,0.373535,15.319824,-13.732910,125.854492
1564,-1.177734,-0.048828,0.428711,4.333496,-5.065918,122.497559
1565,-1.185547,-0.051270,0.467773,-7.812500,2.075195,120.361328
1566,-1.237793,-0.094238,0.515137,-21.301270,8.178711,117.248535
1567,-1.259277,-0.217773,0.481934,-56.335449,20.996094,97.778320
1568,-1.263184,-0.276855,0.463867,-66.772461,29.724121,80.505371
1569,-1.302246,-0.281250,0.544922,-70.007324,44.982910,38.940430
1570,-1.315918,-0.218750,0.593750,-65.185547,49.560547,17.395020
1571,-1.332031,-0.129883,0.652344,-59.997559,52.185059,-1.403809
1572,-1.333984,-0.051270,0.715820,-56.762695,51.025391,-16.662598
1573,-1.329590,0.086426,0.760742,-55.847168,48.645020,-36.193848
1574,-1.301270,0.159668,0.803711,-54.931641,42.297363,-39.855957
1575,-1.236328,0.211914,0.802246,-55.541992,31.860352,-38.452148
1576,-1.148926,0.209473,0.649902,-68.420410,15.991211,-33.264160
1577,-1.143066,0.163574,0.528809,-71.228027,17.700195,-34.667969
1578,-1.138672,0.110840,0.476074,-71.289062,25.817871,-41.992188
1579,-1.123535,0.096680,0.498535,-85.937500,53.161621,-67.260742
1580,-1.141602,0.135254,0.523926,-96.130371,69.458008,-80.261230
1581,-1.177734,0.166992,0.542969,-104.248047,85.998535,-92.285156
1582,-1.239258,0.208984,0.576172,-108.520508,103.454590,-103.942871
1583,-1.222656,0.333496,0.767090,-107.482910,120.666504,-117.126465
1584,-1.180664,0.333984,0.792969,-96.862793,117.858887,-117.309570
1585,-1.108887,0.329590,0.808105,-83.374023,113.586426,-118.408203
1586,-0.991699,0.379395,0.953613,-59.020996,100.891113,-114.624023
1587,-0.964355,0.342773,1.033203,-55.175781,85.632324,-112.304688
1588,-0.912109,0.300781,1.041504,-57.617188,69.274902,-112.426758
1589,-0.883301,0.236328,1.007812,-68.359375,41.198730,-119.812012
1590,-0.885742,0.236816,0.945801,-73.730469,27.709961,-125.976562
1591,-0.919434,0.248535,0.736328,-68.115234,11.474609,-139.648438
1592,-0.916992,0.286621,0.717773,-61.645508,6.286621,-146.301270
1593,-0.914551,0.310059,0.675293,-60.363770,1.281738,-150.573730
1594,-0.909180,0.345703,0.624023,-56.335449,-1.342773,-153.198242
1595,-0.937988,0.429199,0.521484,-43.151855,-4.089355,-155.395508
1596,-0.966797,0.508789,0.470703,-37.048340,0.976562,-154.663086
1597,-0.983887,0.608398,0.444824,-26.733398,4.089355,-148.986816
1598,-0.975586,0.653809,0.409668,-14.404297,4.760742,-139.465332
1599,-0.854492,0.596191,0.395508,0.610352,12.268066,-125.549316
1600,-0.804688,0.580566,0.431152,-7.507324,20.751953,-120.727539
1601,-0.777344,0.606934,0.500488,-37.719727,38.452148,-113.708496
1602,-0.766113,0.647461,0.538574,-55.114746,46.630859,-109.924316
1603,-0.749023,0.697754,0.585938,-75.073242,53.344727,-102.722168
1604,-0.753906,0.746582,0.626465,-104.614258,49.316406,-79.772949
1605,-0.719238,0.726562,0.562500,-108.154297,45.654297,-64.025879
1606,-0.690430,0.681152,0.471680,-99.548340,43.579102,-48.400879
1607,-0.703613,0.619629,0.438965,-70.495605,39.550781,-28.686523
1608,-0.718750,0.613770,0.424316,-58.166504,36.315918,-22.521973
1609,-0.750977,0.639648,0.427734,-45.166016,31.555176,-17.333984
1610,-0.835938,0.697266,0.420410,-24.658203,16.174316,-4.943848
1611,-0.882324,0.735352,0.385742,-18.432617,10.437012,2.014160
1612,-0.924805,0.774414,0.362305,-13.244629,5.981445,10.375977
1613,-0.938477,0.784180,0.293457,-2.929688,3.356934,33.691406
1614,-0.916016,0.775879,0.310547,2.502441,3.173828,52.001953
1615,-0.822266,0.620605,0.300781,6.713867,-4.699707,90.576172
1616,-0.821777,0.543945,0.280762,14.099121,-4.943848,106.628418
1617,-0.888184,0.489258,0.383301,16.723633,-5.920410,119.262695
1618,-0.938965,0.421875,0.436523,11.718750,-12.634277,129.699707
1619,-1.010254,0.191895,0.360352,10.864258,-26.489258,137.817383
1620,-1.057617,0.121582,0.334473,23.620605,-32.592773,133.972168
1621,-1.091797,0.107910,0.337891,37.475586,-39.184570,127.258301
1622,-1.121582,0.146973,0.317383,53.649902,-48.828125,116.394043
1623,-1.113770,0.176270,0.313477,57.128906,-50.476074,113.098145
1624,-1.041504,0.202637,0.288574,53.833008,-53.649902,116.149902
1625,-1.013184,0.166992,0.264648,49.316406,-52.978516,119.750977
1626,-0.965820,0.100098,0.229492,47.851562,-52.856445,122.131348
1627,-0.920898,0.032227,0.197754,50.537109,-51.147461,121.826172
1628,-0.831055,-0.047363,0.205566,52.673340,-43.518066,112.792969
1629,-0.822266,-0.069336,0.268066,47.241211,-37.170410,106.384277
1630,-0.865234,-0.069824,0.396973,32.043457,-35.766602,98.510742
1631,-0.951172,-0.045410,0.437500,-2.990723,-53.833008,82.031250
1632,-0.962402,0.029785,0.241211,3.417969,-66.589355,78.674316
1633,-0.940918,0.019531,-0.094238,91.247559,-62.316895,80.322266
1634,-0.958496,0.060059,0.081543,121.459961,-50.292969,81.176758
1635,-0.959473,0.102051,0.217285,115.295410,-39.306641,83.679199
1636,-0.967773,0.121094,0.269043,88.806152,-27.587891,88.928223
1637,-0.966309,0.069336,0.293945,27.465820,-8.056641,99.304199
1638,-1.002930,0.029297,0.268555,6.286621,-0.854492,104.248047
1639,-1.071777,-0.039551,0.263672,-17.211914,9.521484,108.276367
1640,-1.121094,-0.070801,0.278320,-23.498535,14.221191,108.276367
1641,-1.161133,-0.081543,0.277344,-27.221680,19.226074,107.055664
1642,-1.190918,-0.060059,0.257812,-27.160645,24.169922,106.018066
1643,-1.237305,-0.141602,0.246094,-6.958008,31.799316,104.797363
1644,-1.242676,-0.211914,0.318359,-3.601074,34.423828,96.313477
1645,-1.225098,-0.240723,0.382812,-12.756348,36.132812,83.923340
1646,-1.259277,-0.208496,0.402832,-31.494141,49.072266,49.621582
1647,-1.272461,-0.146973,0.489258,-31.616211,50.964355,33.203125
1648,-1.378418,-0.041504,0.579590,-23.437500,56.884766,1.892090
1649,-1.463867,-0.022949,0.781738,-25.634766,60.363770,-18.310547
1650,-1.480957,0.074707,0.875488,-28.381348,48.889160,-36.621094
1651,-1.485840,0.196777,0.822266,-15.319824,30.334473,-42.480469
1652,-1.507324,0.252930,0.748047,43.273926,3.295898,-39.001465
1653,-1.461914,0.223145,0.760742,59.875488,-0.366211,-37.536621
1654,-1.394531,0.216797,0.752441,64.941406,-3.417969,-45.349121
1655,-1.089844,0.115723,0.816406,38.696289,-17.700195,-33.996582
1656,-0.989258,0.046875,0.696777,23.132324,-22.277832,-34.912109
1657,-0.974609,-0.011719,0.639648,9.704590,-19.470215,-41.809082
1658,-0.979004,0.010254,0.612305,-5.493164,-11.657715,-54.504395
1659,-0.946777,0.143066,0.671387,-44.372559,2.929688,-75.805664
1660,-0.924316,0.190918,0.684570,-63.964844,9.033203,-84.289551
1661,-0.906250,0.257812,0.730469,-83.435059,16.113281,-90.881348
1662,-0.826172,0.428711,0.738281,-115.234375,28.442383,-90.454102
1663,-0.786621,0.484375,0.771484,-123.840332,33.325195,-82.824707
1664,-0.740723,0.496094,0.780762,-129.699707,31.799316,-73.364258
1665,-0.636230,0.399414,0.730957,-127.502441,33.142090,-52.368164
1666,-0.638184,0.305664,0.686523,-119.201660,35.766602,-45.410156
1667,-0.660645,0.244629,0.742188,-99.304199,32.470703,-40.039062
1668,-0.680176,0.151855,0.801270,-86.669922,21.423340,-40.710449
1669,-0.650879,0.061035,0.750488,-101.196289,6.835938,-58.837891
1670,-0.640137,0.084473,0.670410,-104.858398,3.417969,-70.068359
1671,-0.678711,0.191895,0.636230,-98.449707,1.464844,-87.097168
1672,-0.715820,0.252441,0.646484,-95.886230,0.244141,-92.773438
1673,-0.729980,0.331055,0.664062,-93.872070,-2.441406,-95.031738
1674,-0.746582,0.396973,0.678223,-93.688965,-7.507324,-92.529297
1675,-0.767090,0.453613,0.595703,-89.599609,-13.671875,-79.589844
1676,-0.788086,0.458008,0.582031,-87.219238,-11.718750,-73.364258
1677,-0.816895,0.479980,0.597656,-83.068848,-9.826660,-65.795898
1678,-0.865234,0.475586,0.581543,-87.707520,-18.859863,-47.668457
1679,-0.862305,0.451660,0.418945,-89.294434,-15.441895,-38.696289
1680,-0.916992,0.456055,0.320801,-83.618164,14.282227,-29.541016
1681,-0.916504,0.470215,0.367676,-83.740234,26.306152,-23.986816
1682,-0.911133,0.474609,0.415527,-90.332031,36.743164,-17.639160
1683,-0.888184,0.468750,0.447754,-100.524902,44.799805,-10.375977
1684,-0.870117,0.416504,0.471191,-115.539551,57.556152,1.220703
1685,-0.893555,0.405762,0.485352,-118.652344,58.715820,5.615234
1686,-0.949219,0.408203,0.487305,-117.309570,56.640625,7.690430
1687,-1.082520,0.464844,0.513672,-104.919434,46.508789,7.934570
1688,-1.131836,0.450195,0.467285,-90.637207,40.161133,7.629395
1689,-1.157227,0.524902,0.352051,-63.232422,36.193848,0.427246
1690,-1.067383,0.641113,0.422852,-9.399414,26.733398,13.549805
1691,-1.014160,0.635742,0.414551,8.178711,21.667480,21.911621
1692,-0.939941,0.631836,0.446289,21.911621,17.700195,30.151367
1693,-0.869141,0.619141,0.478027,28.869629,12.207031,42.419434
1694,-0.845703,0.467285,0.449219,21.789551,2.380371,71.533203
1695,-0.864258,0.373535,0.414551,7.324219,3.112793,78.125000
1696,-0.879395,0.294434,0.395508,-30.944824,7.324219,83.923340
1697,-0.895996,0.277344,0.361328,-41.259766,6.103516,88.256836
1698,-0.920898,0.246582,0.335938,-45.227051,6.103516,92.041016
1699,-0.949707,0.226074,0.330078,-47.302246,7.263184,94.116211
1700,-0.945312,0.180664,0.334473,-48.339844,2.258301,96.069336
1701,-0.927734,0.167969,0.320312,-47.058105,-0.610352,95.764160
1702,-0.903320,0.114258,0.266113,-35.339355,-8.789062,96.313477
1703,-0.868652,0.069336,0.229004,-28.320312,-12.207031,93.933105
1704,-0.822754,0.049316,0.193359,-24.719238,-12.207031,89.782715
1705,-0.750977,0.021484,0.184082,-26.916504,-8.728027,78.002930
1706,-0.712402,0.002930,0.151367,-27.099609,-7.690430,70.983887
1707,-0.686035,0.012207,0.125000,-17.883301,-6.530762,65.734863
1708,-0.655762,0.057617,0.230469,-1.525879,-8.117676,59.143066
1709,-0.653320,0.053223,0.254883,-4.150391,-10.925293,57.983398
1710,-0.663086,0.068848,0.216309,-5.920410,-12.939453,57.678223
1711,-0.726562,0.118652,0.183594,1.220703,-6.652832,57.983398
1712,-0.772461,0.159180,0.214355,6.896973,-2.380371,60.180664
1713,-0.801758,0.203125,0.254395,11.291504,-0.793457,64.575195
1714,-0.827637,0.250977,0.287598,17.456055,1.037598,81.909180
1715,-0.853516,0.217773,0.323730,11.230469,3.295898,91.186523
1716,-0.887695,0.171387,0.336426,-2.685547,6.347656,97.656250
1717,-0.909668,0.133789,0.347656,-19.409180,9.277344,101.867676
1718,-0.958496,0.085449,0.309082,-41.748047,15.197754,107.604980
1719,-1.005859,0.071289,0.322266,-46.386719,19.226074,108.764648
1720,-1.091797,0.042969,0.383301,-58.044434,24.963379,107.666016
1721,-1.130859,0.004883,0.402344,-64.270020,27.404785,105.102539
1722,-1.156250,-0.044922,0.406250,-68.542480,29.602051,100.952148
1723,-1.166992,-0.106445,0.453613,-75.622559,31.555176,88.012695
1724,-1.185059,-0.143066,0.469238,-81.604004,32.592773,79.162598
1725,-1.210449,-0.175293,0.483398,-87.158203,35.461426,67.871094
1726,-1.235352,-0.208496,0.560059,-76.782227,29.724121,43.151855
1727,-1.206055,-0.194336,0.553223,-61.401367,23.437500,29.602051
1728,-1.200684,-0.174316,0.595703,-44.982910,18.493652,14.648438
1729,-1.231445,-0.138184,0.658203,-37.658691,16.662598,-3.723145
1730,-1.300293,0.025391,0.842285,-49.621582,7.812500,-35.095215
1731,-1.331543,0.102539,0.845215,-58.837891,-2.197266,-45.166016
1732,-1.332031,0.177246,0.752930,-59.082031,-13.732910,-50.170898
1733,-1.294922,0.301758,0.655762,-44.860840,-35.156250,-52.185059
1734,-1.208984,0.328125,0.577637,-41.687012,-42.663574,-47.180176
1735,-1.108887,0.292969,0.477051,-39.733887,-45.288086,-40.954590
1736,-1.021973,0.168945,0.378418,-39.489746,-31.433105,-37.536621
1737,-1.022949,0.117676,0.396484,-46.447754,-20.385742,-42.785645
1738,-1.020996,0.104980,0.395508,-56.213379,-8.422852,-51.574707
1739,-1.010254,0.200195,0.464844,-76.843262,18.371582,-67.382812
1740,-0.995117,0.265137,0.509277,-85.205078,27.221680,-70.434570
1741,-0.957520,0.301270,0.528320,-90.576172,33.325195,-70.251465
1742,-0.886719,0.355469,0.646484,-96.435547,42.480469,-69.213867
1743,-0.806152,0.411621,0.638672,-102.478027,41.870117,-65.246582
1744,-0.742188,0.432129,0.631836,-103.515625,42.358398,-54.382324
1745,-0.729004,0.354980,0.668945,-109.313965,41.748047,-40.039062
1746,-0.763672,0.325195,0.716309,-116.699219,40.405273,-36.682129
1747,-0.766602,0.315918,0.730469,-125.000000,34.851074,-33.508301
1748,-0.763184,0.232910,0.601074,-113.464355,22.338867,-23.742676
1749,-0.747070,0.175781,0.568359,-101.501465,15.808105,-24.169922
1750,-0.726074,0.137695,0.530273,-93.322754,12.695312,-27.221680
1751,-0.712402,0.107910,0.492676,-87.707520,11.169434,-39.733887
1752,-0.733887,0.105469,0.438965,-82.580566,12.451172,-47.729492
1753,-0.807617,0.125000,0.471680,-74.340820,16.784668,-56.457520
1754,-0.803711,0.246582,0.510254,-73.242188,12.634277,-66.284180
1755,-0.812500,0.283691,0.454590,-68.481445,14.038086,-66.528320
1756,-0.810547,0.335938,0.454102,-61.096191,16.357422,-66.955566
1757,-0.831055,0.414062,0.453613,-50.354004,20.751953,-59.570312
1758,-0.874512,0.438965,0.449219,-49.804688,27.526855,-57.373047
1759,-0.902832,0.499512,0.494629,-61.828613,39.428711,-46.691895
1760,-0.916504,0.594238,0.569824,-70.129395,39.855957,-35.522461
1761,-0.901367,0.625488,0.604980,-71.166992,36.010742,-19.958496
1762,-0.876465,0.605957,0.596680,-68.542480,24.902344,-5.310059
1763,-0.829590,0.537598,0.458984,-52.856445,2.990723,10.559082
1764,-0.795410,0.513184,0.338379,-42.419434,-5.004883,11.474609
1765,-0.798340,0.511719,0.250000,-28.808594,-5.737305,11.047363
1766,-0.914062,0.587891,0.212891,-0.793457,2.258301,10.498047
1767,-0.997559,0.622559,0.268555,10.864258,7.263184,15.380859
1768,-1.152344,0.615234,0.365723,12.573242,20.507812,26.916504
1769,-1.136230,0.604492,0.392090,12.023926,25.695801,33.203125
1770,-1.084473,0.587402,0.400879,18.676758,29.663086,42.114258
1771,-1.039551,0.540527,0.467773,25.146484,31.433105,50.170898
1772,-0.927246,0.498047,0.595703,21.606445,26.855469,66.894531
1773,-0.887207,0.446289,0.619629,13.427734,20.446777,77.697754
1774,-0.906738,0.311035,0.592285,0.671387,10.803223,95.642090
1775,-0.938477,0.253418,0.612793,-6.103516,3.906250,100.097656
1776,-0.930176,0.213867,0.580078,-16.296387,-4.943848,103.454590
1777,-0.928223,0.175293,0.512695,-25.939941,-11.779785,105.895996
1778,-0.967285,0.099121,0.390625,-44.006348,-18.981934,102.905273
1779,-0.967773,0.096680,0.317383,-49.011230,-20.751953,98.937988
1780,-0.919922,0.095703,0.185547,-38.513184,-22.888184,93.261719
1781,-0.888184,0.081055,0.163086,-28.991699,-23.071289,90.637207
1782,-0.826172,0.000000,0.196289,-20.324707,-26.306152,83.190918
1783,-0.798340,-0.031250,0.163574,-23.376465,-28.991699,77.514648
1784,-0.766602,-0.050781,0.102051,-23.010254,-30.090332,70.007324
1785,-0.734863,-0.061523,0.057617,-17.639160,-29.296875,60.913086
1786,-0.682617,-0.038086,0.026367,8.728027,-25.390625,44.677734
1787,-0.665527,-0.010254,0.034180,21.057129,-22.949219,38.085938
1788,-0.664062,0.042480,0.082520,28.259277,-19.104004,34.057617
1789,-0.736328,0.113770,0.179688,26.123047,-16.845703,33.081055
1790,-0.783691,0.124512,0.189453,19.775391,-16.601562,33.996582
1791,-0.800293,0.148926,0.128906,17.150879,-15.502930,36.132812
1792,-0.804199,0.138672,0.126953,25.146484,-12.084961,38.269043
1793,-0.808594,0.121094,0.177246,34.667969,-9.643555,39.794922
1794,-0.823242,0.123535,0.244629,41.748047,-8.911133,41.198730
1795,-0.835449,0.154297,0.361816,42.175293,-10.070801,48.461914
1796,-0.842773,0.154297,0.405762,34.729004,-12.817383,53.527832
1797,-0.872070,0.157227,0.423340,20.629883,-13.916016,59.020996
1798,-0.960449,0.122070,0.378906,-6.530762,-16.601562,68.664551
1799,-1.004395,0.093750,0.329102,-12.878418,-13.916016,69.824219
1800,-1.053223,0.074707,0.316406,-13.793945,-10.131836,68.481445
1801,-1.092285,0.041016,0.365723,-10.192871,-3.967285,63.598633
1802,-1.129395,0.033203,0.399414,-10.070801,-1.525879,60.546875
1803,-1.170410,0.031738,0.424316,-9.948730,0.854492,57.067871
1804,-1.275391,0.012695,0.520996,-14.465332,6.347656,47.485352
1805,-1.377441,0.003418,0.554199,-22.033691,13.732910,38.635254
1806,-1.483887,0.074219,0.749023,-43.212891,25.329590,16.845703
1807,-1.512695,0.113770,0.808105,-50.781250,23.071289,11.047363
1808,-1.535156,0.133301,0.834961,-56.030273,17.822266,7.446289
1809,-1.528320,0.136230,0.839844,-60.363770,12.023926,5.065918
1810,-1.477051,0.110840,0.828613,-64.025879,4.089355,3.845215
1811,-1.261230,-0.048828,0.631836,-64.086914,-12.084961,-3.906250
1812,-1.181641,-0.122559,0.532227,-62.011719,-13.183594,-13.183594
1813,-1.169922,-0.168945,0.464355,-65.002441,-6.042480,-28.442383
1814,-1.198730,-0.082520,0.482422,-81.115723,17.761230,-67.260742
1815,-1.213379,0.032227,0.544434,-89.172363,27.038574,-82.336426
1816,-1.195801,0.216797,0.628418,-95.703125,33.447266,-98.632812
1817,-1.158203,0.287598,0.662598,-96.435547,36.010742,-99.975586
1818,-1.133301,0.317871,0.708496,-98.144531,37.353516,-99.365234
1819,-1.087891,0.322266,0.709473,-99.426270,34.729004,-99.487305
1820,-0.967285,0.333008,0.669434,-84.045410,34.240723,-92.590332
1821,-0.930664,0.280762,0.699219,-82.946777,31.860352,-91.003418
1822,-0.874023,0.211914,0.679688,-80.505371,26.306152,-93.872070
1823,-0.850586,0.207520,0.673828,-80.322266,23.620605,-97.534180
1824,-0.841309,0.206543,0.671875,-84.228516,21.911621,-101.989746
1825,-0.822754,0.207520,0.652344,-90.820312,20.568848,-107.177734
1826,-0.774902,0.266113,0.567871,-92.407227,16.540527,-114.746094
1827,-0.752930,0.308105,0.519531,-86.730957,12.817383,-115.661621
1828,-0.718750,0.336426,0.457520,-77.453613,9.277344,-114.929199
1829,-0.690918,0.381348,0.387207,-51.513672,2.502441,-107.971191
1830,-0.691406,0.391113,0.356934,-39.733887,-1.037598,-103.271484
1831,-0.687988,0.397949,0.312012,-28.625488,-2.441406,-98.266602
1832,-0.666992,0.398438,0.322754,-18.676758,2.563477,-91.003418
1833,-0.651367,0.405762,0.333496,-18.432617,5.615234,-87.036133
1834,-0.631836,0.398926,0.345703,-17.456055,8.117676,-82.702637
1835,-0.629395,0.398438,0.410156,-4.455566,7.141113,-75.683594
1836,-0.637695,0.422363,0.457520,6.591797,0.610352,-69.274902
1837,-0.650391,0.482910,0.455078,13.244629,-7.690430,-60.791016
1838,-0.645020,0.548828,0.440430,-15.502930,-5.676270,-32.104492
1839,-0.661133,0.539062,0.395996,-44.372559,2.014160,-17.456055
1840,-0.691895,0.512695,0.303711,-62.561035,12.390137,-3.967285
1841,-0.715820,0.475586,0.259277,-61.279297,21.118164,8.972168
1842,-0.797852,0.330566,0.359863,-29.785156,23.498535,27.221680
1843,-0.874023,0.265625,0.421387,-11.779785,13.610840,33.203125
1844,-0.929688,0.209473,0.419434,5.676270,-1.281738,37.597656
1845,-1.004395,0.095703,0.190430,30.761719,-15.747070,33.813477
1846,-1.017090,0.099121,0.121582,39.184570,-7.934570,24.902344
1847,-1.062988,0.242676,0.138672,51.269531,12.817383,12.756348
1848,-1.123535,0.319824,0.174805,58.532715,23.620605,10.864258
1849,-1.198242,0.396973,0.234375,69.458008,34.057617,10.559082
1850,-1.243164,0.536621,0.439453,93.444824,43.762207,17.150879
1851,-1.216797,0.561523,0.541992,101.745605,44.311523,28.198242
1852,-1.154297,0.539062,0.638672,101.501465,41.381836,41.198730
1853,-1.020020,0.442383,0.700195,80.993652,29.602051,72.631836
1854,-1.019043,0.338867,0.661621,67.199707,22.888184,86.730957
1855,-1.052246,0.176270,0.554688,49.072266,17.333984,97.900391
1856,-1.064453,0.129883,0.549805,40.222168,16.113281,98.388672
1857,-1.081543,0.087891,0.548340,31.799316,13.977051,97.839355
1858,-1.100586,0.053711,0.547852,23.864746,11.291504,95.458984
1859,-1.111816,0.034668,0.496582,12.329102,5.554199,87.402344
1860,-1.110352,0.042480,0.479492,11.779785,3.051758,82.824707
1861,-1.086426,0.048828,0.466309,19.409180,-4.821777,76.477051
1862,-1.055176,-0.001465,0.463867,25.512695,-9.765625,73.730469
1863,-0.997070,-0.044922,0.424805,29.052734,-13.244629,68.603516
1864,-0.932129,-0.071777,0.399414,30.578613,-14.343262,60.852051
1865,-0.797852,-0.098145,0.399414,26.672363,-14.587402,42.724609
1866,-0.769043,-0.079590,0.388672,18.615723,-15.014648,33.752441
1867,-0.771484,-0.035645,0.377930,12.817383,-15.747070,26.794434
1868,-0.758301,0.025879,0.325684,20.324707,-22.094727,22.216797
1869,-0.733398,0.019531,0.309082,29.479980,-26.611328,22.094727
1870,-0.709473,0.024902,0.296387,35.766602,-29.357910,21.911621
1871,-0.665527,0.040527,0.256348,31.738281,-32.226562,22.155762
1872,-0.653809,0.052734,0.218262,25.512695,-29.602051,22.827148
1873,-0.680176,0.077148,0.213379,18.188477,-24.475098,24.169922
1874,-0.748535,0.112305,0.200195,0.488281,-20.568848,30.273438
1875,-0.758789,0.088379,0.144531,-1.647949,-18.127441,33.325195
1876,-0.780273,0.057129,0.138672,1.708984,-14.831543,34.667969
1877,-0.768066,0.047363,0.198242,2.197266,-10.803223,33.325195
1878,-0.767090,0.041016,0.211426,5.737305,-10.253906,35.339355
1879,-0.772461,0.004883,0.279785,11.230469,-6.713867,37.719727
1880,-0.813965,-0.006348,0.313965,10.375977,-5.371094,37.536621
1881,-0.853516,0.006348,0.340820,7.141113,-3.723145,35.278320
1882,-0.882812,0.017090,0.369629,3.784180,-2.746582,33.447266
1883,-0.937988,0.037598,0.431152,1.220703,-4.089355,28.686523
1884,-0.942383,0.080566,0.479004,2.685547,-7.629395,27.282715
1885,-0.950195,0.110840,0.524414,1.586914,-10.192871,28.747559
1886,-0.971680,0.089844,0.504883,-8.605957,-17.761230,34.790039
1887,-1.000488,0.032227,0.469238,-12.207031,-18.432617,35.217285
1888,-1.014160,-0.005371,0.442871,-16.723633,-18.127441,31.494141
1889,-1.016113,-0.031250,0.419922,-25.390625,-16.906738,16.967773
1890,-1.012695,-0.023438,0.394531,-27.648926,-15.014648,8.056641
1891,-1.043945,0.006348,0.400391,-28.442383,-13.366699,-0.366211
1892,-1.106445,0.051758,0.406738,-27.648926,-10.681152,-9.216309
1893,-1.218750,0.184082,0.477539,-26.428223,0.427246,-25.817871
1894,-1.204590,0.257324,0.554199,-21.972656,0.976562,-27.648926
1895,-1.195312,0.316895,0.606934,-19.042969,-1.892090,-23.803711
1896,-1.234863,0.356445,0.693359,-26.733398,-3.906250,-10.681152
1897,-1.255371,0.352051,0.741211,-39.306641,-6.164551,-3.967285
1898,-1.248047,0.312988,0.739258,-53.405762,-10.498047,3.112793
1899,-1.138184,0.118164,0.584961,-72.143555,-17.395020,9.033203
1900,-1.058594,0.056641,0.499023,-75.195312,-16.418457,6.408691
1901,-0.931641,0.032227,0.340332,-84.716797,-6.591797,-0.915527
1902,-0.925781,0.028320,0.284668,-94.116211,7.324219,-6.225586
1903,-0.957520,0.034180,0.269531,-100.769043,24.291992,-13.366699
1904,-0.994629,0.055176,0.326660,-103.149414,38.330078,-21.911621
1905,-1.055664,0.137695,0.519531,-118.530273,54.016113,-38.085938
1906,-1.047363,0.178223,0.553223,-130.310059,54.321289,-47.607422
1907,-1.025391,0.249512,0.550781,-128.417969,52.551270,-50.598145
1908,-0.999023,0.278809,0.641602,-98.327637,38.452148,-50.354004
1909,-0.964355,0.279785,0.634277,-79.406738,29.052734,-49.438477
1910,-0.941406,0.273926,0.624023,-42.724609,15.441895,-49.438477
1911,-0.946289,0.256348,0.646484,-31.677246,10.314941,-49.743652
1912,-0.928223,0.234375,0.633301,-25.634766,4.943848,-49.377441
1913,-0.909180,0.184570,0.602051,-22.338867,1.220703,-50.354004
1914,-0.865234,0.100098,0.573730,-16.418457,-1.220703,-59.448242
1915,-0.851074,0.089844,0.588867,-16.174316,-3.479004,-66.467285
1916,-0.842773,0.080566,0.586914,-18.859863,-6.408691,-74.768066
1917,-0.895508,0.148438,0.549316,-17.761230,-12.145996,-91.064453
1918,-0.882324,0.232910,0.479492,-7.141113,-19.348145,-93.811035
1919,-0.861816,0.449219,0.333008,9.643555,-22.583008,-83.679199
1920,-0.838867,0.488770,0.309082,3.356934,-16.784668,-72.753906
1921,-0.814941,0.502930,0.285156,-14.587402,-5.859375,-62.316895
1922,-0.807617,0.505859,0.283203,-36.499023,10.070801,-51.635742
1923,-0.812988,0.436035,0.369141,-62.988281,33.691406,-32.226562
1924,-0.822754,0.386719,0.425293,-66.223145,39.062500,-24.963379
1925,-0.816895,0.332031,0.503418,-66.162109,36.743164,-16.418457
1926,-0.816895,0.314941,0.499023,-60.546875,31.799316,-13.610840
1927,-0.802734,0.320801,0.484863,-51.208496,25.878906,-11.291504
1928,-0.809570,0.337402,0.457520,-35.522461,14.648438,-4.821777
1929,-0.837402,0.324219,0.463867,-31.799316,11.169434,-1.586914
1930,-0.845215,0.312500,0.433594,-24.658203,5.187988,2.746582
1931,-0.858887,0.199219,0.414062,3.906250,-10.070801,11.169434
1932,-0.854492,0.120605,0.395020,19.897461,-17.944336,11.474609
1933,-0.809570,0.009766,0.337402,49.560547,-30.761719,3.479004
1934,-0.780273,-0.019531,0.313477,62.438965,-34.912109,-2.990723
1935,-0.738281,-0.010254,0.274902,73.669434,-38.330078,-9.033203
1936,-0.683594,0.077637,0.203613,82.275391,-38.696289,-9.887695
1937,-0.545898,0.179199,0.163086,63.354492,-20.019531,3.967285
1938,-0.521484,0.185059,0.161621,31.921387,-4.455566,10.864258
1939,-0.509766,0.172363,0.137695,-6.103516,13.977051,15.563965
1940,-0.516113,0.163086,0.118652,-38.330078,33.264160,19.958496
1941,-0.584473,0.104004,0.187012,-52.978516,58.288574,30.273438
1942,-0.614258,0.061523,0.279785,-44.677734,59.448242,33.325195
1943,-0.670410,0.045410,0.366211,-19.836426,36.804199,36.743164
1944,-0.698242,0.065430,0.307129,-1.525879,20.568848,38.513184
1945,-0.726562,0.078125,0.216797,21.179199,10.742188,41.992188
1946,-0.818359,0.032227,0.225586,53.894043,13.366699,45.166016
1947,-0.879883,0.021973,0.358887,51.574707,22.033691,46.936035
1948,-0.916504,-0.032715,0.506836,34.301758,22.888184,50.842285
1949,-0.925293,-0.166504,0.362793,-8.666992,16.296387,54.199219
1950,-0.923340,-0.186035,0.191406,-8.361816,18.005371,50.476074
1951,-0.962891,-0.206055,0.125000,7.873535,24.414062,44.189453
1952,-1.020996,-0.210449,0.155273,27.770996,31.005859,33.935547
1953,-1.111328,-0.108398,0.325684,57.800293,34.179688,14.343262
1954,-1.136719,-0.046387,0.423828,69.641113,30.578613,9.094238
1955,-1.131348,0.030273,0.507324,77.148438,21.972656,8.056641
1956,-1.139648,0.085938,0.478027,70.861816,2.075195,17.333984
1957,-1.145508,0.089355,0.370605,52.612305,3.723145,19.897461
1958,-1.129883,0.098633,0.266602,31.982422,15.563965,20.507812
1959,-1.258789,0.118652,0.349121,6.408691,48.278809,16.296387
1960,-1.332031,0.148438,0.438965,4.516602,59.448242,15.197754
1961,-1.363281,0.193359,0.544922,12.390137,62.866211,16.296387
1962,-1.364746,0.227539,0.653320,21.972656,60.729980,19.287109
1963,-1.282227,0.210449,0.858887,31.250000,40.222168,30.273438
1964,-1.217773,0.173828,0.866211,31.616211,22.644043,36.499023
1965,-1.003418,0.164062,0.809082,10.559082,-2.990723,52.795410
1966,-0.897949,0.147461,0.756836,-20.935059,-7.873535,64.025879
1967,-0.836914,0.063965,0.706543,-64.331055,-9.643555,72.692871
1968,-0.850586,0.019043,0.566406,-103.515625,-17.395020,77.453613
1969,-0.896973,-0.025391,0.113281,-124.267578,-41.564941,74.523926
1970,-0.884766,-0.062988,-0.147461,-95.092773,-49.560547,69.274902
1971,-0.852539,-0.129883,-0.310059,-48.767090,-50.476074,59.204102
1972,-0.775391,-0.209473,-0.283203,33.752441,-34.423828,30.212402
1973,-0.738281,-0.191406,-0.166992,53.466797,-23.803711,14.160156
1974,-0.709961,-0.119141,-0.036621,59.448242,-13.000488,0.915527
1975,-0.697754,0.037109,0.264160,51.208496,-5.737305,-8.239746
1976,-0.674316,0.058105,0.407227,40.161133,-10.864258,-6.408691
1977,-0.646973,0.041016,0.462891,26.245117,-23.681641,-2.197266
1978,-0.667969,-0.024414,0.285156,19.409180,-45.288086,3.234863
1979,-0.688965,-0.000488,0.234375,19.104004,-43.823242,6.225586
1980,-0.713379,0.077637,0.226562,11.779785,-38.269043,10.986328
1981,-0.739746,0.142578,0.186035,-27.465820,-26.550293,26.367188
1982,-0.755859,0.125488,0.168457,-44.677734,-20.690918,34.667969
1983,-0.766113,0.069336,0.162598,-54.992676,-19.714355,42.114258
1984,-0.789551,-0.019531,0.146973,-60.241699,-24.291992,46.997070
1985,-0.847656,-0.264160,-0.080566,-54.809570,-33.203125,37.048340
1986,-0.845215,-0.329590,-0.202637,-38.696289,-27.648926,20.141602
1987,-0.805176,-0.304199,-0.235840,-14.404297,-15.686035,1.037598
1988,-0.800293,-0.073730,0.059570,18.737793,6.042480,-25.207520
1989,-0.831055,0.062500,0.192871,22.521973,6.652832,-26.855469
1990,-0.916504,0.149414,0.268555,23.132324,5.310059,-22.583008
1991,-1.022949,0.196777,0.318359,22.888184,5.371094,-16.906738
1992,-1.198242,0.214844,0.425781,16.540527,7.080078,-9.338379
1993,-1.307617,0.210449,0.475098,0.366211,14.465332,-9.155273
1994,-1.396973,0.227051,0.530762,-13.916016,19.165039,-8.728027
1995,-1.601562,0.208008,0.523438,-17.578125,20.690918,-0.427246
1996,-1.646484,0.158203,0.559570,-15.625000,23.559570,2.685547
1997,-1.605469,0.092285,0.596680,-24.353027,28.259277,1.281738
1998,-1.525391,-0.024414,0.622070,-76.049805,53.771973,-12.390137
1999,-1.496582,-0.040527,0.626465,-102.783203,66.650391,-23.864746
2000,-1.484375,-0.028320,0.637695,-116.210938,74.890137,-35.339355
2001,-1.426270,0.055664,0.649902,-99.975586,70.556641,-55.969238
2002,-1.395020,0.117676,0.692383,-84.594727,64.392090,-65.002441
2003,-1.356934,0.158203,0.709473,-64.392090,51.269531,-69.580078
2004,-1.139648,0.161621,0.645020,-11.962891,11.230469,-66.040039
2005,-0.886230,0.008301,0.408691,30.700684,-18.005371,-69.824219
2006,-0.809082,-0.033691,0.343750,52.185059,-26.000977,-79.528809
2007,-0.758301,-0.019043,0.289551,68.420410,-31.738281,-92.529297
2008,-0.728027,0.089355,0.258789,74.645996,-31.738281,-106.384277
2009,-0.680176,0.350586,0.317871,57.434082,-25.512695,-113.098145
2010,-0.652344,0.464844,0.286133,53.405762,-27.770996,-105.957031
2011,-0.600098,0.611816,0.232910,55.969238,-28.381348,-89.904785
2012,-0.421387,0.787109,0.245605,41.015625,-26.306152,-28.320312
2013,-0.402344,0.724121,0.157227,19.958496,-22.766113,6.958008
2014,-0.484375,0.272949,-0.038574,-7.690430,-7.812500,44.982910
2015,-0.529785,0.079590,-0.081055,-5.615234,0.366211,42.724609
2016,-0.586914,-0.043457,-0.100098,7.690430,8.117676,31.921387
2017,-0.670898,-0.078613,-0.093750,29.235840,15.319824,16.784668
2018,-0.765137,0.071289,0.122070,70.434570,20.629883,-6.103516
2019,-0.780273,0.140137,0.189941,77.453613,19.165039,-10.314941
2020,-0.806641,0.168457,0.265625,76.232910,18.798828,-11.352539
2021,-0.753418,0.115723,0.279297,48.034668,15.319824,-12.390137
2022,-0.802734,0.144531,0.185059,32.104492,22.521973,-16.052246
2023,-0.878418,0.231445,0.159180,22.705078,34.606934,-22.460938
2024,-0.932129,0.415039,0.289551,25.756836,49.926758,-23.559570
2025,-0.896973,0.481445,0.376953,40.222168,46.508789,-15.563965
2026,-0.916992,0.523926,0.509766,50.720215,36.865234,-2.319336
2027,-1.220703,0.546875,0.645508,21.423340,17.028809,18.432617
2028,-1.375488,0.560547,0.575684,0.793457,11.047363,24.963379
2029,-1.424316,0.616699,0.454590,-3.051758,7.202148,34.912109
2030,-1.502930,0.600586,0.440430,17.272949,16.296387,58.349609
2031,-1.503906,0.541016,0.557129,20.812988,19.348145,68.359375
2032,-1.472168,0.467773,0.703125,17.639160,17.028809,78.125000
2033,-1.333008,0.232910,0.774414,14.648438,-12.268066,97.961426
2034,-1.271484,0.104980,0.720215,20.874023,-31.250000,102.172852
2035,-1.237305,0.000488,0.647949,25.268555,-48.095703,101.745605
2036,-1.216797,-0.066406,0.528809,25.024414,-62.316895,96.740723
2037,-1.128418,-0.093262,0.165039,24.658203,-70.800781,82.092285
2038,-1.078613,-0.087402,0.049805,27.832031,-67.077637,74.645996
2039,-0.937988,-0.120605,-0.122070,43.090820,-53.405762,60.119629
2040,-0.864746,-0.169434,-0.118652,54.443359,-44.616699,52.246094
2041,-0.812012,-0.223145,-0.088379,63.171387,-36.560059,42.907715
2042,-0.755371,-0.226074,-0.054199,65.734863,-26.184082,32.897949
2043,-0.656738,-0.069336,0.062988,45.043945,7.446289,23.010254
2044,-0.606445,0.052246,0.183105,15.686035,26.855469,24.536133
2045,-0.553711,0.180664,0.429688,-53.283691,46.081543,44.738770
2046,-0.580566,0.153809,0.493164,-76.904297,40.588379,56.274414
2047,-0.606445,0.090332,0.487793,-86.853027,27.404785,65.368652
2048,-0.627441,-0.013184,0.457031,-78.247070,7.690430,71.228027
2049,-0.564941,-0.253906,0.289551,-29.418945,-34.545898,71.228027
2050,-0.589355,-0.334473,0.262695,-10.620117,-45.288086,62.744141
2051,-0.646484,-0.385254,0.274414,-5.126953,-54.077148,49.316406
2052,-0.736816,-0.349121,0.105957,-13.305664,-65.795898,20.446777
2053,-0.767578,-0.223633,-0.021973,-12.573242,-61.645508,8.605957
2054,-0.767578,-0.102539,-0.091309,-1.708984,-55.236816,4.638672
2055,-0.715332,-0.034180,-0.002930,10.375977,-41.015625,10.070801
2056,-0.681641,-0.069336,0.069336,-5.493164,-34.729004,11.169434
2057,-0.677246,-0.111816,0.062988,-31.860352,-23.681641,8.117676
2058,-0.766602,-0.116699,0.054688,-57.983398,-4.760742,-0.061035
2059,-1.224609,0.123047,0.230469,-89.965820,48.767090,-29.541016
2060,-1.308105,0.328613,0.478516,-88.256836,56.274414,-30.944824
2061,-1.332520,0.378418,0.639648,-76.049805,39.733887,-18.188477
2062,-1.399414,0.260742,0.589844,-61.889648,20.568848,-6.774902
2063,-1.554199,0.076660,0.472168,-48.034668,22.827148,-22.583008
2064,-1.608887,0.091309,0.460449,-40.771484,34.667969,-36.560059
2065,-1.668945,0.111816,0.456055,-27.282715,47.119141,-50.598145
2066,-1.658203,0.283203,0.656250,-3.662109,70.434570,-73.974609
2067,-1.640137,0.363281,0.794434,-1.525879,71.472168,-75.988770
2068,-1.526367,0.359375,0.917969,5.676270,47.607422,-64.941406
2069,-1.479004,0.249512,0.883789,14.282227,30.944824,-62.316895
2070,-1.392090,0.187988,0.841797,25.695801,17.578125,-66.955566
2071,-1.228516,0.245117,0.816406,46.508789,-7.690430,-73.364258
2072,-1.138672,0.320801,0.775879,45.288086,-17.700195,-71.777344
2073,-1.025879,0.372559,0.732910,33.020020,-25.024414,-67.382812
2074,-0.902832,0.434570,0.621582,9.887695,-30.395508,-62.500000
2075,-0.718262,0.395508,0.349121,-48.950195,-19.775391,-45.532227
2076,-0.712891,0.312500,0.239746,-68.969727,-13.061523,-40.771484
2077,-0.732422,0.280273,0.163574,-76.965332,-10.070801,-38.757324
2078,-0.736816,0.241699,0.024414,-67.260742,-5.859375,-37.719727
2079,-0.714844,0.193359,-0.008301,-55.908203,-3.173828,-39.062500
2080,-0.648926,0.060547,-0.000977,-26.123047,2.502441,-47.424316
2081,-0.605957,0.044434,0.060059,-10.192871,2.990723,-54.260254
2082,-0.560547,0.095703,0.133789,-2.746582,1.220703,-60.058594
2083,-0.520996,0.185547,0.151855,-0.793457,-3.173828,-60.485840
2084,-0.529297,0.341797,-0.017090,10.009766,-6.591797,-44.067383
2085,-0.579590,0.372559,-0.019043,14.282227,2.807617,-33.264160
2086,-0.663086,0.334473,0.045410,4.882812,15.930176,-25.207520
2087,-0.791992,0.219727,0.129395,-17.700195,36.071777,-22.033691
2088,-0.791992,0.179688,0.143555,-14.770508,40.283203,-20.996094
2089,-0.797852,0.129395,0.169922,-7.019043,46.020508,-22.033691
2090,-0.801758,0.154785,0.279785,7.080078,50.598145,-28.869629
2091,-0.842285,0.208008,0.328613,9.521484,52.307129,-31.494141
2092,-0.912598,0.270508,0.372070,7.385254,55.725098,-33.081055
2093,-1.068359,0.482910,0.514160,19.104004,54.626465,-27.221680
2094,-1.079590,0.562988,0.609863,44.799805,40.832520,-13.671875
2095,-1.061523,0.521973,0.724121,67.687988,18.493652,2.624512
2096,-1.087891,0.395996,0.792480,68.908691,-4.821777,14.892578
2097,-1.115234,0.220703,0.620117,30.517578,-32.409668,21.728516
2098,-1.074707,0.169434,0.463379,22.033691,-37.109375,22.338867
2099,-1.046387,0.136719,0.336426,25.451660,-35.705566,21.911621
2100,-1.115234,0.212891,0.248047,46.813965,-28.747559,22.888184
2101,-1.141602,0.261230,0.154785,59.692383,-27.099609,27.160645
2102,-1.167480,0.256348,0.075195,72.998047,-18.737793,31.555176
2103,-1.168457,0.360840,0.204590,73.242188,8.056641,35.217285
2104,-1.156250,0.380859,0.248535,63.720703,22.338867,42.541504
2105,-1.080566,0.417969,0.393555,48.522949,35.827637,52.490234
2106,-1.021973,0.398438,0.560059,24.841309,40.344238,68.359375
2107,-0.960449,0.170410,0.710449,-37.475586,24.902344,96.069336
2108,-0.963867,0.012695,0.620605,-57.189941,7.507324,102.355957
2109,-0.972168,-0.125488,0.421875,-57.739258,-14.526367,102.783203
2110,-0.951172,-0.236328,0.141602,-43.884277,-29.357910,96.618652
2111,-0.915527,-0.395996,-0.164551,5.065918,-19.897461,60.913086
2112,-0.892090,-0.366211,-0.134766,26.245117,-6.591797,36.621094
2113,-0.870117,-0.265137,-0.035156,43.457031,4.760742,15.930176
2114,-0.776855,0.001465,0.184082,60.302734,5.737305,-2.319336
2115,-0.705566,0.092773,0.250488,60.791016,2.685547,-1.037598
2116,-0.634277,0.149902,0.327148,58.471680,-2.441406,5.004883
2117,-0.550293,0.084473,0.422852,57.678223,-24.047852,27.709961
2118,-0.573730,-0.015625,0.430176,57.556152,-34.790039,35.583496
2119,-0.607422,-0.084473,0.431152,55.358887,-43.701172,38.513184
2120,-0.650391,0.000977,0.371094,29.296875,-46.813965,47.058105
2121,-0.668945,0.056152,0.368164,-4.882812,-38.635254,54.565430
2122,-0.679688,0.085449,0.359863,-49.255371,-29.052734,60.729980
2123,-0.651855,-0.012695,0.232422,-94.787598,-22.094727,77.514648
2124,-0.697754,-0.164062,0.263184,-92.712402,-26.733398,80.810547
2125,-0.844727,-0.279785,0.234375,-88.317871,-38.452148,75.866699
2126,-1.162598,-0.282715,-0.020020,-56.213379,-45.471191,43.334961
2127,-1.187500,-0.156250,-0.134766,-23.742676,-40.161133,30.700684
2128,-1.232422,-0.065918,-0.112305,-1.037598,-23.071289,22.277832
2129,-1.451660,0.170898,0.191406,-31.982422,21.240234,11.352539
2130,-1.567383,0.244629,0.277344,-61.279297,36.132812,10.498047
2131,-1.666992,0.259766,0.275391,-77.758789,51.513672,10.925293
2132,-1.750977,0.166016,0.504883,-75.561523,88.500977,-2.929688
2133,-1.676758,0.100586,0.647461,-65.979004,96.557617,-12.512207
2134,-1.541992,0.018555,0.738281,-45.776367,98.266602,-21.484375
2135,-1.338867,-0.037109,0.946777,-3.295898,77.026367,-45.410156
2136,-1.250488,-0.049316,0.881836,12.451172,58.837891,-55.725098
2137,-1.170410,-0.002441,0.850586,11.657715,47.668457,-71.166992
2138,-1.090332,0.167969,0.810059,-3.356934,39.367676,-85.144043
2139,-1.041992,0.519043,0.713867,-25.024414,26.245117,-80.566406
2140,-0.941895,0.550293,0.721680,-45.776367,20.568848,-71.838379
2141,-0.850098,0.491699,0.683105,-65.368652,10.925293,-61.950684
2142,-0.731445,0.449219,0.371094,-37.109375,-28.991699,-49.316406
2143,-0.673340,0.495117,0.217773,3.540039,-47.668457,-38.208008
2144,-0.644043,0.495117,0.150391,30.395508,-60.546875,-27.648926
2145,-0.609863,0.550781,0.022949,28.930664,-58.776855,-18.310547
2146,-0.610840,0.596191,0.024414,-27.221680,-19.775391,9.948730
2147,-0.645508,0.517090,0.082031,-56.640625,-5.981445,25.695801
2148,-0.667480,0.374512,0.109863,-76.721191,-0.549316,36.499023
2149,-0.767578,0.089355,-0.011719,-82.885742,3.601074,34.851074
2150,-0.830078,0.022949,-0.121094,-70.312500,11.779785,21.118164
2151,-0.853027,0.031250,-0.190430,-52.978516,24.108887,5.310059
2152,-0.881348,0.106934,-0.218750,-30.395508,38.513184,-5.981445
2153,-0.941406,0.213867,0.025391,8.605957,64.025879,-19.226074
2154,-0.956055,0.240723,0.165039,13.732910,67.077637,-21.423340
2155,-0.990723,0.270996,0.270020,11.718750,66.833496,-23.498535
2156,-1.009277,0.301270,0.455566,24.658203,53.100586,-20.935059
2157,-0.991211,0.253418,0.544922,48.278809,34.484863,-18.493652
2158,-0.999023,0.127930,0.629883,108.764648,-20.996094,-19.958496
2159,-1.031250,0.159668,0.552246,127.197266,-48.400879,-23.803711
2160,-1.057129,0.271484,0.403809,130.432129,-61.279297,-22.399902
2161,-1.058594,0.391602,0.275391,111.083984,-53.588867,-19.592285
2162,-1.057617,0.512695,0.158691,30.517578,0.976562,-5.371094
2163,-1.107422,0.486328,0.116211,4.028320,32.775879,0.000000
2164,-1.175293,0.480957,0.328125,-8.422852,52.551270,5.859375
2165,-1.283203,0.408691,0.567871,-16.418457,54.443359,15.441895
2166,-1.269531,0.366211,0.622070,-6.591797,48.583984,19.775391
2167,-1.195801,0.336914,0.738770,7.324219,34.667969,25.024414
2168,-0.948242,0.250977,0.787109,22.583008,-16.418457,45.166016
2169,-0.867676,0.163574,0.687988,21.728516,-46.264648,55.114746
2170,-0.814453,0.062012,0.454590,21.057129,-73.669434,63.171387
2171,-0.787598,-0.058105,0.158203,26.000977,-90.454102,65.429688
2172,-0.750977,-0.192383,-0.217773,41.625977,-82.031250,46.936035
2173,-0.745605,-0.208496,-0.263184,51.208496,-65.795898,31.555176
2174,-0.710938,-0.167480,-0.211914,56.091309,-47.790527,16.723633
2175,-0.673340,-0.106934,-0.109375,57.922363,-33.996582,6.958008
2176,-0.584473,0.011719,0.047852,53.283691,-20.263672,-1.953125
2177,-0.585938,0.056152,0.145020,50.781250,-15.075684,-2.380371
2178,-0.594727,0.077637,0.268555,45.776367,-14.953613,-0.793457
2179,-0.590820,0.083008,0.346680,36.376953,-19.104004,2.441406
2180,-0.617676,0.092773,0.370605,9.582520,-23.010254,10.986328
2181,-0.623535,0.092773,0.380371,-8.911133,-22.888184,16.601562
2182,-0.648926,0.092773,0.379395,-34.606934,-19.836426,20.629883
2183,-0.765137,0.154785,0.331543,-82.580566,-11.840820,29.418945
2184,-0.812012,0.111816,0.294434,-88.623047,-15.625000,34.301758
2185,-0.873047,0.005371,0.298340,-85.876465,-25.024414,36.010742
2186,-0.916016,-0.079590,0.202148,-79.162598,-41.137695,33.630371
2187,-0.998047,-0.223145,-0.173340,-29.907227,-42.175293,7.263184
2188,-1.031738,-0.175293,-0.171387,9.521484,-27.526855,-12.695312
2189,-1.125488,0.125488,0.171387,49.743652,0.366211,-41.320801
2190,-1.191895,0.345703,0.354492,35.583496,14.770508,-45.043945
2191,-1.266602,0.563965,0.562988,2.746582,25.085449,-39.245605
2192,-1.321289,0.707031,0.670898,-35.217285,22.949219,-20.324707
2193,-1.419922,0.619141,0.432617,-70.678711,19.287109,15.808105
2194,-1.422852,0.468262,0.501953,-75.256348,22.338867,40.222168
2195,-1.454590,0.287109,0.466797,-71.716309,17.517090,48.034668
2196,-1.391113,-0.145508,0.397461,-48.828125,18.615723,33.386230
2197,-1.381836,-0.274902,0.416016,-32.226562,22.216797,9.460449
2198,-1.349609,-0.308594,0.444824,-10.925293,23.132324,-19.287109
2199,-1.219238,-0.052246,0.557129,34.667969,10.559082,-69.763184
2200,-1.139160,0.134766,0.598145,47.363281,0.244141,-81.237793
2201,-1.015137,0.298828,0.613281,42.175293,-4.028320,-87.402344
2202,-0.901367,0.496582,0.627930,22.888184,-4.638672,-85.083008
2203,-0.750000,0.710449,0.482910,-3.112793,-16.845703,-53.771973
2204,-0.685059,0.679688,0.429199,-2.197266,-16.601562,-29.907227
2205,-0.724609,0.566406,0.445801,1.098633,-16.540527,-8.178711
2206,-0.822266,0.368164,0.427246,-3.601074,-23.864746,12.573242
2207,-0.847656,0.262207,0.342285,-5.249023,-24.414062,16.296387
2208,-0.865723,0.160156,0.293457,-1.586914,-22.277832,16.113281
2209,-0.848633,0.107910,0.246582,6.469727,-21.850586,12.207031
2210,-0.742188,0.093750,0.162109,25.268555,-20.446777,4.882812
2211,-0.703613,0.125488,0.136230,29.968262,-18.310547,2.990723
2212,-0.673828,0.135742,0.160156,25.817871,-15.441895,2.258301
2213,-0.716309,0.125000,0.068848,2.502441,-4.577637,2.075195
2214,-0.751953,0.121582,0.021484,-3.295898,7.873535,2.075195
2215,-0.804199,0.115234,0.039062,-1.525879,21.179199,2.136230
2216,-0.852051,0.102539,0.101562,3.417969,29.296875,0.732422
2217,-0.863770,0.096191,0.208984,11.901855,33.264160,-4.394531
2218,-0.876465,0.093750,0.260254,8.850098,35.339355,-8.361816
2219,-0.926758,0.084473,0.301758,11.230469,35.705566,-12.023926
2220,-0.962402,0.081055,0.385742,25.573730,27.709961,-23.376465
2221,-0.924316,0.096680,0.377441,35.217285,22.399902,-28.503418
2222,-0.903320,0.098145,0.336426,49.621582,17.639160,-33.203125
2223,-0.972656,0.209473,0.339844,71.472168,9.460449,-42.480469
2224,-1.080566,0.256348,0.312500,75.500488,11.169434,-45.166016
2225,-1.156250,0.318848,0.283203,75.683594,15.686035,-49.133301
2226,-1.254883,0.529785,0.305664,70.678711,42.724609,-47.973633
2227,-1.281738,0.638184,0.477051,61.950684,55.053711,-39.001465
2228,-1.224121,0.708496,0.783203,31.494141,55.541992,-1.770020
2229,-1.146484,0.652832,0.915527,17.761230,41.992188,21.057129
2230,-1.068848,0.535645,1.000000,0.732422,19.897461,41.748047
2231,-1.002441,0.405762,0.964355,-18.005371,-8.911133,58.837891
2232,-0.920410,0.088379,0.537109,-31.433105,-58.959961,76.171875
2233,-0.887695,-0.009277,0.312988,-26.367188,-72.021484,73.669434
2234,-0.893066,-0.069824,0.025391,-20.874023,-66.711426,56.274414
2235,-0.898926,-0.065918,-0.076660,-15.258789,-59.509277,47.241211
2236,-0.886719,-0.065918,-0.153320,-4.333496,-51.147461,38.879395
2237,-0.818359,-0.082520,-0.173828,21.545410,-30.273438,21.301270
2238,-0.793945,-0.078613,-0.118164,36.132812,-18.493652,12.329102
2239,-0.774902,-0.043457,-0.004395,47.668457,-9.155273,2.807617
2240,-0.737793,0.077148,0.239258,58.166504,3.051758,-8.544922
2241,-0.728516,0.127930,0.353027,59.631348,5.554199,-8.972168
2242,-0.714355,0.150879,0.458984,58.776855,3.967285,-5.493164
2243,-0.708008,0.157227,0.545410,53.710938,-1.159668,0.183105
2244,-0.682129,0.168945,0.569824,26.550293,-27.343750,17.456055
2245,-0.662598,0.146484,0.448242,10.559082,-39.550781,27.893066
2246,-0.667969,0.111328,0.310547,-2.441406,-47.119141,37.780762
2247,-0.729004,0.051270,0.186523,-22.521973,-46.997070,51.452637
2248,-0.811035,0.000977,0.178711,-30.578613,-43.884277,54.748535
2249,-0.879395,-0.054688,0.205078,-42.053223,-41.809082,54.626465
2250,-0.933594,-0.113770,0.175293,-55.114746,-42.419434,51.513672
2251,-1.087402,-0.156738,-0.004883,-58.593750,-28.442383,32.714844
2252,-1.116699,-0.115234,0.046387,-46.569824,-19.348145,21.179199
2253,-1.102539,-0.089844,0.109375,-35.156250,-16.052246,12.390137
2254,-1.232422,-0.003418,0.165039,-30.639648,-2.868652,-1.892090
2255,-1.342285,0.051758,0.179199,-37.780762,6.164551,-6.286621
2256,-1.456055,0.076660,0.183594,-44.616699,16.479492,-9.399414
2257,-1.493164,-0.001465,0.175781,-28.503418,39.306641,-21.606445
2258,-1.463867,-0.067383,0.216797,-8.178711,54.138184,-33.813477
2259,-1.421387,-0.069824,0.340332,10.009766,69.885254,-48.706055
2260,-1.248535,0.077637,0.734375,26.855469,83.618164,-71.228027
2261,-1.185059,0.099609,0.860840,18.615723,77.941895,-78.857422
2262,-1.167480,0.156250,0.931641,5.493164,72.448730,-88.317871
2263,-1.134766,0.342773,1.095215,-18.981934,53.161621,-95.703125
2264,-1.106445,0.406250,1.095703,-23.681641,35.095215,-93.383789
2265,-1.061035,0.476074,1.046387,-24.658203,15.869141,-87.097168
2266,-0.961426,0.515137,0.906738,-20.812988,-22.094727,-62.500000
2267,-0.902344,0.531250,0.814941,-21.911621,-36.987305,-49.255371
2268,-0.849609,0.561523,0.668457,-23.620605,-50.048828,-34.851074
2269,-0.715820,0.553711,0.398438,-2.807617,-62.377930,13.793945
2270,-0.719727,0.455078,0.318848,-5.187988,-65.612793,33.935547
2271,-0.733398,0.292480,0.183594,-18.432617,-64.941406,48.278809
2272,-0.675293,0.025879,-0.138184,-55.053711,-37.780762,46.813965
2273,-0.638184,-0.017090,-0.184570,-67.443848,-20.507812,36.865234
2274,-0.647949,-0.020020,-0.199219,-74.768066,-4.760742,27.770996
2275,-0.711914,0.036621,-0.081055,-65.979004,13.977051,17.333984
2276,-0.705078,0.061523,-0.058105,-51.452637,11.291504,15.991211
2277,-0.689941,0.072266,-0.037598,-35.339355,8.056641,15.258789
2278,-0.720703,0.043945,-0.122559,0.305176,8.056641,12.939453
2279,-0.764648,0.034668,-0.096680,19.958496,13.000488,8.972168
2280,-0.796387,0.041504,-0.065430,33.874512,18.249512,4.211426
2281,-0.809082,0.060059,-0.011230,44.799805,30.029297,-4.333496
2282,-0.873047,0.087891,0.133301,46.264648,34.667969,-8.239746
2283,-0.919434,0.145020,0.274414,49.011230,35.644531,-9.094238
2284,-0.960938,0.192383,0.379883,54.016113,27.893066,-5.126953
2285,-1.083496,0.154785,0.432129,59.509277,6.713867,1.037598
2286,-1.171387,0.159180,0.284180,55.786133,5.249023,-1.525879
2287,-1.389648,0.214355,0.348145,56.640625,46.386719,-26.794434
2288,-1.336914,0.257324,0.515137,57.983398,50.048828,-30.822754
2289,-1.383789,0.205566,0.576172,57.678223,48.828125,-32.043457
2290,-1.442383,0.224609,0.649902,48.339844,47.790527,-38.085938
2291,-1.381836,0.284668,0.605469,40.161133,32.958984,-42.968750
2292,-1.340820,0.259277,0.566895,50.415039,28.930664,-42.419434
2293,-1.338867,0.242188,0.581055,57.617188,27.954102,-45.227051
2294,-1.375000,0.347168,0.667480,54.138184,29.235840,-50.842285
2295,-1.396973,0.429199,0.726074,44.555664,27.160645,-47.912598
2296,-1.369629,0.491211,0.750488,36.437988,21.423340,-38.085938
2297,-1.188477,0.460449,0.738281,21.545410,-2.319336,-8.117676
2298,-1.056641,0.399902,0.682129,8.422852,-14.770508,6.835938
2299,-0.953613,0.319824,0.592773,-2.197266,-27.709961,21.301270
2300,-0.759766,0.121582,0.384277,-11.108398,-61.523438,42.663574
2301,-0.687500,0.016113,0.212402,-15.136719,-70.129395,48.461914
2302,-0.671387,-0.087891,0.079102,-13.488770,-72.753906,48.522949
2303,-0.699219,-0.246094,-0.104492,-1.037598,-66.650391,32.897949
2304,-0.672363,-0.248535,-0.182129,6.713867,-59.875488,19.592285
2305,-0.652344,-0.204102,-0.229492,16.479492,-47.851562,6.530762
2306,-0.638672,-0.153809,-0.209473,30.395508,-34.851074,-4.455566
2307,-0.537109,0.017578,-0.070801,56.274414,-18.188477,-18.554688
2308,-0.533203,0.161133,0.136719,55.664062,-7.629395,-9.643555
2309,-0.540527,0.213867,0.212402,48.278809,-6.896973,0.976562
2310,-0.568848,0.260254,0.363281,20.019531,-9.277344,25.695801
2311,-0.575684,0.263672,0.392578,-8.544922,-12.084961,37.780762
2312,-0.639648,0.259766,0.311523,-31.677246,-16.296387,51.452637
2313,-0.761230,0.229004,0.236816,-51.940918,-10.498047,70.434570
2314,-1.004883,0.154785,0.227539,-51.635742,-9.033203,78.247070
2315,-1.059082,0.076172,0.223633,-41.748047,-14.404297,83.740234
2316,-1.107910,-0.133301,0.152832,-14.953613,-16.296387,76.354980
2317,-1.115723,-0.195312,0.203613,1.892090,-11.718750,63.842773
2318,-1.120605,-0.192871,0.295898,12.023926,-5.981445,48.767090
2319,-1.206543,-0.168945,0.395508,11.474609,1.831055,33.325195
2320,-1.592773,0.051758,0.679688,-21.057129,22.033691,3.234863
2321,-1.680176,0.149902,0.756836,-34.729004,15.136719,-4.028320
2322,-1.645020,0.182129,0.659180,-32.714844,3.417969,-3.723145
2323,-1.599609,0.217285,0.696777,-26.062012,5.187988,-3.356934
2324,-1.536133,0.248535,0.765137,-33.020020,0.671387,0.549316
2325,-1.376953,0.195312,0.746094,-33.569336,-12.817383,8.544922
2326,-1.031738,-0.072754,0.565430,-22.399902,-39.855957,14.648438
2327,-0.946777,-0.173340,0.453613,-18.737793,-43.518066,8.483887
2328,-0.953613,-0.218750,0.398926,-23.437500,-34.606934,-5.737305
2329,-1.068848,-0.085449,0.457520,-54.748535,-11.901855,-36.376953
2330,-1.082031,-0.017090,0.418457,-61.096191,-7.080078,-45.776367
2331,-1.057617,0.070801,0.396484,-61.401367,-0.427246,-52.124023
2332,-1.002441,0.231934,0.419434,-60.668945,14.953613,-52.490234
2333,-0.971191,0.266602,0.459473,-64.392090,22.277832,-48.889160
2334,-0.960938,0.243164,0.511719,-69.580078,27.404785,-45.532227
2335,-0.942871,0.220703,0.536621,-72.937012,29.052734,-43.518066
2336,-0.944336,0.142578,0.633301,-75.134277,29.418945,-37.902832
2337,-0.943848,0.100098,0.641113,-77.453613,23.437500,-39.184570
2338,-0.945312,0.057129,0.602539,-79.040527,19.531250,-42.846680
2339,-0.937012,-0.003418,0.633301,-80.322266,13.610840,-57.678223
2340,-0.924805,-0.005371,0.618164,-84.228516,8.850098,-66.711426
2341,-0.920898,0.016113,0.571777,-84.899902,4.455566,-75.073242
2342,-0.906738,0.080078,0.519531,-80.993652,0.122070,-82.275391
2343,-0.896973,0.172363,0.430664,-62.561035,3.723145,-90.576172
2344,-0.921875,0.204590,0.470703,-52.062988,3.845215,-93.505859
2345,-0.963379,0.251953,0.475586,-42.968750,-1.831055,-93.872070
2346,-0.954102,0.348633,0.291016,-17.639160,-18.371582,-87.951660
2347,-0.913574,0.343262,0.190430,-0.854492,-19.714355,-85.266113
2348,-0.874512,0.321777,0.160156,12.878418,-14.648438,-84.228516
2349,-0.802734,0.336426,0.244141,7.019043,5.065918,-85.388184
2350,-0.808594,0.378418,0.291992,-3.662109,15.075684,-83.129883
2351,-0.814941,0.422852,0.349609,-10.375977,20.874023,-76.904297
2352,-0.804688,0.443848,0.398438,-13.732910,22.705078,-68.359375
2353,-0.850098,0.429688,0.524902,-25.634766,20.324707,-49.743652
2354,-0.866699,0.397461,0.513672,-28.747559,14.038086,-39.001465
2355,-0.960938,0.315430,0.377441,-14.465332,7.751465,-24.841309
2356,-0.980469,0.339355,0.369141,3.173828,9.643555,-16.723633
2357,-0.974121,0.326660,0.392578,19.897461,5.615234,-6.408691
2358,-0.952148,0.275391,0.386230,29.724121,3.173828,2.014160
2359,-0.908203,0.169434,0.416504,28.015137,5.126953,10.131836
2360,-0.896973,0.134766,0.414062,21.545410,5.798340,11.169434
2361,-0.905762,0.103516,0.408691,15.258789,6.713867,10.681152
2362,-0.931641,0.094727,0.396973,9.948730,7.385254,9.887695
2363,-0.934082,0.180664,0.265137,12.451172,4.394531,14.465332
2364,-0.937988,0.226562,0.211914,18.859863,7.141113,19.531250
2365,-0.977051,0.267090,0.178711,28.869629,23.315430,31.188965
2366,-1.025879,0.255371,0.246094,37.170410,32.531738,36.315918
2367,-1.042480,0.230469,0.362793,43.884277,35.766602,40.893555
2368,-1.015625,0.195312,0.427246,49.560547,32.958984,46.447754
2369,-0.900879,0.044434,0.529785,50.109863,20.202637,54.138184
2370,-0.820312,-0.051758,0.525391,42.846680,9.338379,55.786133
2371,-0.749512,-0.162598,0.469727,37.231445,-1.953125,55.175781
2372,-0.714844,-0.328613,0.306152,38.513184,-5.859375,40.954590
2373,-0.777344,-0.335449,0.335449,41.870117,-1.647949,26.794434
2374,-0.864746,-0.195801,0.271484,54.138184,-9.094238,7.202148
2375,-0.869141,-0.140137,0.161133,70.007324,-9.582520,4.089355
2376,-0.879395,-0.088867,0.110840,87.585449,-2.502441,1.159668
2377,-0.910156,-0.006836,0.175781,95.886230,12.023926,-0.854492
2378,-0.962402,0.158203,0.447266,70.251465,34.240723,2.258301
2379,-0.965820,0.187012,0.527344,50.598145,36.743164,9.338379
2380,-0.998047,0.090332,0.592773,22.644043,36.987305,21.728516
2381,-1.006348,0.048828,0.613770,20.385742,32.287598,24.719238
2382,-0.920410,0.001465,0.625000,29.907227,11.962891,29.418945
2383,-0.867676,-0.014160,0.602539,35.949707,-0.061035,31.250000
2384,-0.828125,-0.001465,0.567871,41.931152,-10.986328,34.301758
2385,-0.792480,0.000000,0.480957,50.109863,-28.381348,43.151855
2386,-0.793457,-0.008789,0.464355,46.142578,-32.958984,46.691895
2387,-0.793945,-0.024414,0.449219,35.949707,-36.560059,49.682617
2388,-0.820801,-0.089355,0.368652,9.826660,-43.273926,54.016113
2389,-0.833008,-0.133301,0.276367,0.061035,-46.508789,54.199219
2390,-0.824219,-0.166016,0.154785,-5.004883,-45.898438,52.124023
2391,-0.806152,-0.196777,0.011230,3.662109,-32.592773,43.579102
2392,-0.789551,-0.193359,0.013184,8.789062,-21.728516,38.269043
2393,-0.781250,-0.176270,0.070801,11.352539,-12.512207,33.569336
2394,-0.784180,-0.122559,0.176270,5.554199,0.000000,28.320312
2395,-0.785645,-0.099609,0.211426,4.028320,2.136230,29.052734
2396,-0.773438,-0.089355,0.247559,0.854492,3.051758,29.479980
2397,-0.744141,-0.101074,0.284668,-16.784668,4.150391,32.165527
2398,-0.741699,-0.145508,0.278320,-22.827148,4.577637,31.921387
2399,-0.729004,-0.171387,0.283203,-25.512695,5.126953,30.090332
2400,-0.750000,-0.191895,0.301270,-24.108887,5.737305,22.766113
2401,-0.791016,-0.164551,0.353027,-20.202637,5.859375,18.005371
2402,-0.815430,-0.115234,0.422852,-17.272949,-0.061035,15.380859
2403,-0.815918,-0.077637,0.437500,-14.709473,-10.681152,16.174316
2404,-0.767090,-0.063477,0.325195,-9.582520,-32.043457,21.423340
2405,-0.733398,-0.076172,0.253418,-10.070801,-35.156250,22.888184
2406,-0.701660,-0.111328,0.208496,-12.390137,-30.761719,21.179199
2407,-0.705566,-0.114746,0.250000,-11.962891,-27.709961,17.700195
2408,-0.685547,-0.124023,0.321289,-9.216309,-29.357910,15.625000
2409,-0.669434,-0.151855,0.355469,-8.972168,-35.583496,13.488770
2410,-0.784668,-0.204590,0.184570,-6.347656,-31.860352,-3.234863
2411,-0.878418,-0.083008,0.199707,-1.586914,-18.371582,-17.272949
2412,-0.961426,0.071289,0.294922,1.464844,-6.774902,-24.658203
2413,-1.153320,0.310059,0.477539,-5.859375,9.765625,-23.803711
2414,-1.214355,0.410645,0.542480,-21.911621,17.700195,-17.028809
2415,-1.441406,0.349121,0.624023,-59.875488,36.926270,0.793457
2416,-1.546387,0.259277,0.663574,-71.777344,44.982910,2.441406
2417,-1.569336,0.191895,0.669434,-70.678711,51.574707,-0.183105
2418,-1.588379,0.116699,0.736328,-60.058594,57.128906,-6.896973
2419,-1.583984,0.090332,0.921875,-38.208008,55.175781,-27.893066
2420,-1.587402,0.133301,1.033203,-31.860352,46.447754,-37.963867
2421,-1.573730,0.213379,1.067383,-29.052734,30.822754,-42.480469
2422,-1.408203,0.303223,0.896973,-7.324219,-9.094238,-40.222168
2423,-1.261719,0.306641,0.805176,1.586914,-22.949219,-36.560059
2424,-1.125000,0.285156,0.723145,-1.892090,-29.968262,-33.020020
2425,-0.935059,0.222168,0.575684,-19.775391,-31.982422,-26.062012
2426,-0.864746,0.175293,0.509766,-20.263672,-33.508301,-24.536133
2427,-0.782227,0.152832,0.467773,-18.066406,-37.353516,-23.193359
2428,-0.657227,0.136230,0.315430,-10.375977,-43.518066,-19.775391
2429,-0.619629,0.149414,0.255859,-7.263184,-44.860840,-17.089844
2430,-0.588379,0.168457,0.171387,-5.859375,-44.311523,-13.305664
2431,-0.556152,0.208496,0.056641,-7.202148,-33.020020,-3.112793
2432,-0.569824,0.245117,0.004883,-13.610840,-24.108887,3.662109
2433,-0.594238,0.255859,-0.017578,-22.155762,-13.427734,12.084961
2434,-0.620117,0.208984,-0.021973,-29.479980,-4.394531,19.958496
2435,-0.606445,0.094727,-0.039062,-40.344238,16.784668,27.099609
2436,-0.615234,0.025391,0.013672,-37.780762,26.550293,30.456543
2437,-0.611328,-0.096680,0.129395,-25.939941,32.287598,28.747559
2438,-0.627441,-0.129395,0.185547,-19.958496,32.653809,23.925781
2439,-0.665039,-0.136719,0.203125,-12.573242,32.409668,16.906738
2440,-0.789062,-0.113281,0.254395,9.948730,37.536621,-1.342773
2441,-0.842773,-0.082520,0.325684,17.272949,39.855957,-11.718750
2442,-0.841797,-0.032715,0.349121,20.690918,37.719727,-18.188477
2443,-0.780273,-0.002441,0.312012,37.597656,30.883789,-24.414062
2444,-0.767578,-0.034180,0.345703,41.809082,28.137207,-28.076172
2445,-0.799805,-0.062012,0.343750,46.630859,24.597168,-34.790039
2446,-0.875488,-0.060059,0.354492,57.678223,22.155762,-43.823242
2447,-1.020996,0.102539,0.449219,83.984375,18.676758,-60.974121
2448,-1.070312,0.278320,0.550781,81.176758,17.700195,-56.701660
2449,-1.074707,0.361816,0.591797,46.386719,18.920898,-46.447754
2450,-1.051758,0.439941,0.392578,-52.429199,50.842285,-19.470215
2451,-1.135742,0.377930,0.438965,-77.087402,67.626953,-10.864258
2452,-1.206055,0.322754,0.522949,-77.209473,69.030762,-4.272461
2453,-1.245605,0.266113,0.576172,-24.902344,42.968750,4.394531
2454,-1.304688,0.194824,0.629883,9.643555,25.268555,5.310059
2455,-1.312012,0.195312,0.631348,39.062500,11.596680,5.249023
2456,-1.258789,0.210449,0.618652,58.227539,-0.488281,6.103516
2457,-1.195312,0.222656,0.604492,72.265625,-12.329102,15.441895
2458,-1.157715,0.213867,0.589844,67.382812,-16.601562,23.376465
2459,-1.086914,0.136230,0.533203,48.278809,-23.437500,41.015625
2460,-1.039062,0.062012,0.463379,41.015625,-26.855469,47.851562
2461,-0.963867,-0.070801,0.407715,30.761719,-33.691406,55.847168
2462,-0.943359,-0.135254,0.367188,24.536133,-37.414551,54.931641
2463,-0.918457,-0.171875,0.317871,17.700195,-40.771484,51.879883
2464,-0.892578,-0.186035,0.248047,10.009766,-40.039062,40.527344
2465,-0.836914,-0.175293,0.175781,11.413574,-38.452148,33.996582
2466,-0.793945,-0.146973,0.149902,15.258789,-36.865234,29.113770
2467,-0.691895,-0.168457,0.112305,21.301270,-32.165527,20.874023
2468,-0.617188,-0.171387,0.083496,17.517090,-15.136719,6.835938
2469,-0.601074,-0.132324,0.164551,15.686035,-8.178711,0.244141
2470,-0.598145,-0.076172,0.224609,9.582520,-7.324219,-2.075195
2471,-0.612793,-0.027344,0.197266,9.460449,-9.033203,-0.305176
2472,-0.599609,-0.018066,0.221680,13.488770,-12.084961,2.319336
2473,-0.589355,-0.024414,0.229980,14.892578,-15.258789,6.042480
2474,-0.578125,-0.035156,0.244141,15.319824,-18.249512,10.070801
2475,-0.595703,-0.075195,0.261719,6.713867,-22.583008,17.883301
2476,-0.639160,-0.082520,0.255859,-0.854492,-20.751953,18.005371
2477,-0.693848,-0.051758,0.288574,-8.239746,-16.540527,16.967773
2478,-0.798828,-0.054688,0.373047,-21.423340,-20.690918,21.057129
2479,-0.791504,-0.088867,0.365723,-32.226562,-26.000977,20.812988
2480,-0.773438,-0.135742,0.295898,-45.104980,-28.686523,20.812988
2481,-0.808594,-0.190430,0.163086,-49.804688,-25.634766,16.723633
2482,-1.021973,-0.079102,0.153320,-37.170410,3.540039,-4.638672
2483,-1.150391,0.068359,0.281738,-26.916504,18.066406,-13.244629
2484,-1.448730,0.353027,0.713867,-7.507324,26.428223,-14.465332
2485,-1.501465,0.454590,0.884766,1.586914,10.803223,-4.333496
2486,-1.505371,0.423828,0.911133,8.666992,-7.751465,8.789062
2487,-1.502441,0.358398,0.861328,7.568359,-17.944336,17.822266
2488,-1.347656,0.082031,0.750000,0.244141,-31.982422,23.925781
2489,-1.306641,-0.115723,0.652344,5.493164,-39.001465,14.953613
2490,-1.260254,-0.265137,0.533203,14.404297,-36.376953,-5.249023
2491,-1.302734,-0.230469,0.467773,52.673340,-12.756348,-52.673340
2492,-1.308105,-0.029297,0.585449,69.091797,-1.464844,-70.190430
2493,-1.250488,0.187988,0.690430,67.138672,7.141113,-76.049805
2494,-1.031250,0.515625,0.803711,22.766113,25.085449,-63.232422
2495,-0.928711,0.589355,0.891602,-7.751465,30.700684,-42.785645
2496,-0.879883,0.552734,0.945801,-37.719727,28.198242,-19.287109
2497,-0.828125,0.460449,0.914551,-61.950684,19.897461,2.380371
2498,-0.787109,0.151367,0.769043,-96.374512,0.854492,27.160645
2499,-0.784668,0.013672,0.618652,-105.163574,-10.192871,27.343750
2500,-0.720703,-0.111328,0.259277,-82.946777,-23.437500,12.084961
2501,-0.688965,-0.107910,0.180664,-61.035156,-24.597168,1.770020
2502,-0.664551,-0.084473,0.136719,-40.588379,-25.939941,-7.751465
2503,-0.577637,0.031738,0.063477,-12.451172,-25.817871,-18.615723
2504,-0.546387,0.082520,0.052734,-10.803223,-22.460938,-18.249512
2505,-0.527344,0.112305,0.030273,-15.686035,-16.113281,-15.747070
2506,-0.526367,0.134277,0.027344,-26.977539,-6.835938,-13.610840
2507,-0.597656,0.165527,0.028320,-49.072266,15.441895,-9.399414
2508,-0.681641,0.181152,0.067383,-51.757812,24.353027,-7.080078
2509,-0.734375,0.183105,0.080566,-49.621582,28.991699,-3.723145
2510,-0.769043,0.163086,0.054199,-39.489746,34.790039,-1.403809
2511,-0.798340,0.046875,0.199219,-5.920410,46.203613,-5.798340
2512,-0.806641,0.026367,0.301758,4.577637,45.715332,-13.122559
2513,-0.840820,0.055176,0.335938,12.451172,41.320801,-21.057129
2514,-0.994629,0.190918,0.354004,31.372070,20.996094,-29.174805
2515,-1.066895,0.243652,0.226074,32.653809,14.282227,-32.897949
2516,-1.048340,0.266113,0.254883,35.278320,39.794922,-39.489746
2517,-0.895508,0.308594,0.384766,42.297363,40.710449,-34.301758
2518,-0.811035,0.263184,0.495117,41.625977,36.254883,-22.583008
2519,-0.947754,0.146973,0.596191,23.315430,34.423828,-16.113281
2520,-1.103027,0.083496,0.626465,-5.065918,28.930664,-17.822266
2521,-1.130859,0.150391,0.265137,-0.122070,20.202637,-27.526855
2522,-1.083008,0.208984,0.194336,30.090332,21.911621,-28.015137
2523,-1.092285,0.298340,0.306641,62.316895,35.949707,-25.878906
2524,-1.173340,0.357422,0.441895,58.898926,46.691895,-22.521973
2525,-1.215820,0.399414,0.585449,54.321289,48.645020,-16.418457
2526,-1.208008,0.426758,0.803223,37.475586,38.513184,13.916016
2527,-1.186523,0.343262,0.864746,18.676758,22.888184,32.714844
2528,-1.137207,0.204102,0.777344,-1.831055,6.774902,49.011230
2529,-1.101562,0.055664,0.642578,-14.587402,-5.187988,59.448242
2530,-1.038086,-0.204102,0.424316,-7.629395,-24.841309,61.523438
2531,-0.997559,-0.284180,0.342285,7.751465,-28.930664,54.382324
2532,-0.972656,-0.336914,0.346191,24.658203,-29.479980,43.579102
2533,-0.930664,-0.336426,0.427734,39.855957,-33.325195,19.042969
2534,-0.908203,-0.312988,0.451172,43.579102,-38.269043,8.300781
2535,-0.880371,-0.261230,0.447266,44.494629,-45.288086,0.549316
2536,-0.744141,-0.152344,0.215820,41.320801,-55.847168,-4.455566
2537,-0.702637,-0.121094,0.154785,35.583496,-51.147461,-4.028320
2538,-0.655273,-0.098145,0.098145,28.686523,-43.334961,-2.929688
2539,-0.592285,-0.028809,0.186035,4.455566,-27.832031,2.868652
2540,-0.606445,-0.047363,0.208008,-11.718750,-23.132324,7.812500
2541,-0.634766,-0.118164,0.215332,-24.597168,-22.338867,10.925293
2542,-0.625000,-0.178223,0.166504,-33.996582,-24.169922,9.582520
2543,-0.599121,-0.219238,0.107422,-33.020020,-21.789551,1.770020
2544,-0.569336,-0.220703,0.135254,-23.193359,-22.583008,-1.525879
2545,-0.530273,-0.238281,0.166992,-11.657715,-24.475098,-4.516602
2546,-0.522461,-0.236816,0.230957,-2.990723,-24.169922,-8.361816
2547,-0.674316,-0.068848,0.388184,-11.108398,-33.813477,-10.864258
2548,-0.804199,0.003418,0.347168,-20.385742,-35.339355,-7.690430
2549,-0.852051,0.056641,0.310547,-26.916504,-36.254883,-2.136230
2550,-0.973145,0.064453,0.189453,-37.231445,-12.878418,8.483887
2551,-1.082520,0.077148,0.266113,-49.072266,11.596680,9.094238
2552,-1.197266,0.122559,0.386230,-64.147949,35.278320,8.056641
2553,-1.520508,0.239258,0.645508,-82.885742,70.922852,8.544922
2554,-1.648926,0.283203,0.847168,-82.031250,76.354980,12.817383
2555,-1.676270,0.266602,1.014160,-76.782227,65.551758,18.493652
2556,-1.476074,-0.023438,1.037598,-61.706543,24.719238,25.817871
2557,-1.414551,-0.228027,0.954102,-53.527832,9.216309,17.211914
2558,-1.386230,-0.354492,0.839355,-41.625977,-3.173828,0.000000
2559,-1.248535,-0.253418,0.582031,19.836426,-21.850586,-40.283203
2560,-1.144043,-0.143066,0.570312,47.851562,-26.245117,-55.358887
2561,-1.047852,-0.049805,0.532715,65.063477,-28.747559,-65.368652
2562,-0.922363,0.117188,0.564453,64.880371,-25.756836,-74.523926
2563,-0.874023,0.199219,0.559570,57.556152,-28.076172,-71.472168
2564,-0.820801,0.249512,0.527344,53.527832,-32.714844,-63.415527
2565,-0.743652,0.183594,0.458008,47.851562,-34.973145,-47.546387
2566,-0.706543,0.127441,0.459473,32.409668,-34.729004,-42.846680
2567,-0.716309,0.096680,0.361328,13.977051,-34.912109,-36.621094
2568,-0.734375,0.080566,0.078613,0.366211,-26.306152,-22.521973
2569,-0.733887,0.073242,-0.014160,-5.859375,-13.305664,-15.991211
2570,-0.756836,0.066895,-0.020508,-18.676758,5.371094,-11.596680
2571,-0.802734,0.078613,0.008301,-31.494141,21.850586,-7.019043
2572,-0.872070,0.033691,0.152344,-36.254883,35.217285,5.004883
2573,-0.867676,-0.059082,0.202637,-30.822754,33.935547,8.361816
2574,-0.892090,-0.151855,0.280273,-25.024414,29.541016,9.338379
2575,-0.966309,-0.197266,0.342285,-28.869629,23.437500,8.972168
2576,-1.125977,-0.391113,0.206543,-66.711426,19.653320,-1.037598
2577,-1.158203,-0.447754,-0.014648,-80.810547,32.348633,-16.052246
2578,-1.152832,-0.447754,-0.232422,-52.124023,80.200195,-61.889648
2579,-1.112305,-0.402344,-0.066406,-13.610840,102.722168,-88.806152
2580,-1.049316,-0.322754,0.187988,26.123047,109.985352,-111.999512
2581,-0.979004,-0.215820,0.402344,59.753418,103.515625,-128.662109
2582,-0.978516,0.190918,0.671875,93.139648,72.570801,-140.747070
2583,-0.962402,0.392578,0.703613,94.360352,56.091309,-135.559082
2584,-0.878906,0.580566,0.688477,90.759277,43.273926,-120.666504
2585,-0.827637,0.635254,0.707031,79.589844,36.743164,-97.595215
2586,-0.881836,0.497559,0.810059,40.527344,31.066895,-49.560547
2587,-0.899902,0.468262,0.801270,30.029297,22.094727,-24.841309
2588,-0.837402,0.314941,0.721680,40.100098,-7.324219,33.020020
2589,-0.810059,0.163574,0.729004,34.423828,-18.127441,55.664062
2590,-0.839355,0.018555,0.724609,18.554688,-26.550293,71.716309
2591,-0.987793,-0.291504,0.651367,-12.023926,-47.180176,82.336426
2592,-1.023926,-0.385742,0.511719,-18.676758,-59.326172,78.247070
2593,-1.060059,-0.446289,0.374512,-15.502930,-68.115234,69.580078
2594,-1.015625,-0.435059,0.131348,6.469727,-73.791504,47.729492
2595,-0.947754,-0.408203,0.060059,23.925781,-71.166992,38.391113
2596,-0.853516,-0.390625,0.017090,40.283203,-66.162109,30.090332
2597,-0.765625,-0.374512,0.003906,53.466797,-58.410645,22.766113
2598,-0.667969,-0.393555,0.139648,68.725586,-40.832520,7.873535
2599,-0.672363,-0.401855,0.258301,69.702148,-37.841797,1.953125
2600,-0.667969,-0.429688,0.322266,64.636230,-39.367676,-3.906250
2601,-0.604492,-0.366699,0.291992,49.011230,-39.062500,-14.343262
2602,-0.564453,-0.288086,0.278320,38.330078,-33.203125,-17.883301
2603,-0.517090,-0.188965,0.308594,29.602051,-28.747559,-17.089844
2604,-0.411621,-0.077148,0.417969,8.789062,-31.494141,-2.441406
2605,-0.421875,-0.068359,0.409180,-2.929688,-38.513184,8.605957
2606,-0.488770,-0.093262,0.341797,-11.596680,-44.067383,18.188477
2607,-0.571289,-0.133301,0.292969,-19.348145,-44.067383,23.315430
2608,-0.867676,-0.193848,0.359375,-39.733887,-31.188965,23.620605
2609,-0.956543,-0.221680,0.395508,-49.316406,-29.357910,21.545410
2610,-0.951660,-0.277832,0.266113,-44.616699,-26.489258,12.817383
2611,-1.028809,-0.233398,0.245117,-39.978027,-12.207031,2.624512
2612,-1.143555,-0.114746,0.316406,-37.719727,7.202148,-7.812500
2613,-1.442383,0.115234,0.526367,-25.146484,40.466309,-15.075684
2614,-1.583008,0.190430,0.694824,-15.319824,50.109863,-10.009766
2615,-1.678711,0.146973,0.841309,-4.455566,49.072266,-4.760742
2616,-1.669434,0.037598,0.902832,4.577637,42.907715,-1.037598
2617,-1.484863,-0.247559,0.826172,22.155762,36.071777,-6.103516
2618,-1.405273,-0.303711,0.851074,26.733398,39.245605,-17.028809
2619,-1.335449,-0.299805,0.884766,31.005859,38.452148,-27.587891
2620,-1.206543,-0.196289,0.927246,43.273926,18.371582,-39.245605
2621,-1.148438,-0.120117,0.875488,48.645020,3.112793,-40.222168
2622,-1.077637,-0.043945,0.803711,49.377441,-12.390137,-39.184570
2623,-0.953125,0.059570,0.563477,36.499023,-31.005859,-32.470703
2624,-0.907715,0.084473,0.451660,29.907227,-30.761719,-27.526855
2625,-0.875977,0.108398,0.382812,23.376465,-27.465820,-19.470215
2626,-0.691895,0.041504,0.238770,-8.056641,-16.967773,3.662109
2627,-0.585449,-0.023438,0.144043,-27.954102,-7.934570,14.160156
2628,-0.538574,-0.110352,0.062988,-43.762207,4.516602,20.874023
2629,-0.633789,-0.206055,0.045898,-59.631348,27.038574,20.080566
2630,-0.744629,-0.187500,0.068848,-51.635742,32.714844,18.066406
2631,-0.844727,-0.198730,0.101074,-33.264160,34.301758,16.235352
2632,-0.893555,-0.229980,0.161133,-13.305664,35.339355,12.329102
2633,-0.840332,-0.261230,0.285156,16.418457,31.677246,3.173828
2634,-0.783203,-0.247559,0.334961,21.179199,32.226562,-1.342773
2635,-0.791992,-0.434570,0.439453,15.014648,30.517578,-15.075684
2636,-0.752441,-0.522461,0.363281,8.239746,28.808594,-30.639648
2637,-0.761719,-0.537598,0.253418,9.765625,35.034180,-49.926758
2638,-0.842285,-0.442871,0.228027,39.672852,53.955078,-88.806152
2639,-0.955078,-0.104980,0.357422,62.194824,54.260254,-97.656250
2640,-0.943848,0.037598,0.422363,84.350586,52.856445,-99.853516
2641,-0.881836,0.155762,0.562012,100.097656,46.203613,-95.642090
2642,-0.792480,0.201660,0.684570,91.857910,25.634766,-75.195312
2643,-0.860352,0.155273,0.741699,69.213867,21.606445,-67.138672
2644,-1.008301,0.002930,0.632812,29.541016,9.155273,-58.593750
2645,-0.998047,-0.016113,0.472168,35.522461,7.507324,-57.434082
2646,-0.958984,0.048340,0.392090,51.696777,12.756348,-54.565430
2647,-0.974121,0.238281,0.528809,67.810059,28.381348,-37.292480
2648,-0.987793,0.326172,0.654297,63.964844,29.907227,-19.470215
2649,-0.997070,0.352539,0.764648,54.016113,25.268555,4.089355
2650,-1.064453,0.205566,0.894531,12.023926,-2.441406,56.091309
2651,-1.108887,0.036621,0.798828,-10.314941,-22.399902,78.674316
2652,-1.079590,-0.138184,0.662109,-31.311035,-38.940430,93.200684
2653,-1.031250,-0.284180,0.494629,-48.217773,-50.720215,101.318359
2654,-0.972656,-0.514648,0.174316,-59.387207,-58.532715,96.923828
2655,-0.943848,-0.581543,0.036621,-55.664062,-54.260254,85.693359
2656,-0.912109,-0.599609,-0.059082,-44.799805,-45.898438,69.396973
2657,-0.834961,-0.453613,-0.071289,4.211426,-27.221680,39.245605
2658,-0.770020,-0.347168,0.009277,31.616211,-23.010254,30.700684
2659,-0.686035,-0.254883,0.077637,50.292969,-20.019531,27.587891
2660,-0.571289,-0.136719,0.222168,58.959961,-11.657715,31.311035
2661,-0.566406,-0.104492,0.304688,55.236816,-8.789062,36.743164
2662,-0.608398,-0.166992,0.396973,44.311523,-7.446289,41.137695
2663,-0.612793,-0.295410,0.400391,-0.183105,-6.347656,36.071777
2664,-0.633789,-0.343262,0.393555,-18.493652,-1.831055,28.564453
2665,-0.620117,-0.329590,0.355957,-26.306152,-1.281738,21.545410
2666,-0.615234,-0.186523,0.358887,-15.930176,-7.141113,15.625000
2667,-0.595215,-0.141113,0.330078,-9.277344,-16.967773,22.277832
2668,-0.578125,-0.157715,0.282227,-6.042480,-24.353027,28.015137
2669,-0.575195,-0.189941,0.235840,-9.460449,-25.207520,30.639648
2670,-0.629883,-0.191406,0.212402,-28.137207,-16.113281,27.404785
2671,-0.684082,-0.157227,0.249023,-42.602539,-7.873535,23.803711
2672,-0.789062,-0.126465,0.305176,-59.692383,1.892090,21.301270
2673,-0.880371,-0.082520,0.364746,-72.265625,9.155273,20.324707
2674,-0.978027,-0.067383,0.448730,-60.852051,1.831055,27.954102
2675,-1.034180,-0.131348,0.433105,-39.672852,-7.751465,29.846191
2676,-1.137207,-0.177734,0.394531,-19.775391,-9.399414,24.291992
2677,-1.264160,-0.102539,0.437988,-5.615234,1.037598,14.709473
2678,-1.421875,0.053223,0.666992,5.310059,7.995605,7.812500
2679,-1.449219,0.102051,0.706055,6.469727,9.216309,8.117676
2680,-1.419434,0.136719,0.734863,5.493164,10.253906,9.399414
2681,-1.269043,0.074707,0.786133,-9.582520,10.620117,16.662598
2682,-1.231445,0.001953,0.748047,-19.226074,11.535645,15.136719
2683,-1.174316,-0.024414,0.687988,-22.644043,13.854980,0.366211
2684,-1.177734,0.076660,0.603027,-15.197754,16.723633,-7.141113
2685,-1.190430,0.213379,0.583008,-3.295898,22.705078,-10.742188
2686,-1.130859,0.430664,0.681152,20.690918,25.146484,1.281738
2687,-1.079590,0.469238,0.753418,24.291992,21.179199,14.465332
2688,-1.000977,0.476562,0.834473,17.272949,12.451172,30.151367
2689,-0.804688,0.402344,0.789551,-19.531250,-16.174316,64.880371
2690,-0.801758,0.297852,0.678711,-36.376953,-27.404785,80.383301
2691,-0.837891,0.157715,0.559570,-51.147461,-36.621094,89.355469
2692,-0.842773,-0.000488,0.208984,-68.054199,-37.170410,87.585449
2693,-0.835938,-0.010742,0.097656,-66.650391,-28.564453,82.580566
2694,-0.820801,-0.001953,0.024414,-59.265137,-20.019531,78.674316
2695,-0.730469,-0.029297,-0.026855,-31.677246,1.281738,72.387695
2696,-0.688965,-0.055664,0.041016,-25.512695,8.056641,69.396973
2697,-0.687012,-0.091797,0.067871,-27.038574,13.244629,64.331055
2698,-0.762207,-0.125488,0.041504,-34.240723,30.273438,47.912598
2699,-0.808105,-0.110352,0.066895,-36.926270,38.452148,40.405273
2700,-0.856445,-0.116699,0.091309,-39.672852,43.395996,34.423828
2701,-0.901367,-0.139648,0.081543,-40.466309,46.630859,27.465820
2702,-0.920410,-0.183594,-0.010254,-31.738281,50.781250,16.967773
2703,-0.843750,-0.234375,-0.036133,30.944824,71.960449,-13.305664
2704,-0.805664,-0.241211,0.132812,66.406250,76.721191,-27.954102
2705,-0.782715,-0.219238,0.459473,105.224609,62.866211,-51.086426
2706,-0.834473,-0.174316,0.504395,110.656738,53.588867,-60.424805
2707,-0.921875,-0.064941,0.524902,104.309082,50.537109,-68.603516
2708,-0.915527,0.055176,0.577637,89.843750,47.241211,-71.228027
2709,-0.895508,0.171875,0.461914,46.020508,38.574219,-59.631348
2710,-1.011719,0.213867,0.423340,30.883789,46.203613,-55.114746
2711,-1.087402,0.279297,0.458496,27.770996,50.109863,-51.391602
2712,-1.154785,0.349121,0.638672,49.072266,43.212891,-40.771484
2713,-1.178223,0.393555,0.753418,53.161621,32.287598,-33.935547
2714,-1.224121,0.479980,0.849121,39.428711,2.685547,-10.009766
2715,-1.235352,0.504395,0.831055,30.456543,-11.962891,6.042480
2716,-1.225098,0.508789,0.768555,16.296387,-25.634766,24.108887
2717,-1.175781,0.389160,0.596191,-41.198730,-33.752441,61.645508
2718,-1.206543,0.294922,0.535645,-85.998535,-35.400391,79.528809
2719,-1.239258,0.170410,0.381836,-127.685547,-37.353516,91.430664
2720,-1.245117,0.024414,0.220703,-152.893066,-36.315918,95.458984
2721,-1.203613,-0.319336,-0.016602,-137.451172,-42.419434,80.810547
2722,-1.168457,-0.485352,-0.164062,-98.327637,-44.555664,61.706543
2723,-1.130371,-0.544434,-0.253418,-46.142578,-43.823242,33.813477
2724,-1.088867,-0.508789,-0.255371,8.361816,-41.748047,3.295898
2725,-0.971191,-0.268555,-0.092773,88.134766,-36.865234,-42.541504
2726,-0.897461,-0.129395,0.018555,103.881836,-34.912109,-53.283691
2727,-0.819336,-0.007324,0.110840,105.468750,-33.691406,-55.053711
2728,-0.677734,0.120605,0.239746,86.486816,-35.339355,-41.076660
2729,-0.631348,0.139160,0.272461,73.852539,-37.963867,-30.395508
2730,-0.637695,0.125000,0.283203,60.363770,-39.978027,-19.897461
2731,-0.678223,0.001465,0.265625,28.686523,-40.161133,-7.263184
2732,-0.668945,-0.042480,0.214844,15.441895,-37.719727,-5.920410
2733,-0.663086,-0.070801,0.166016,8.361816,-31.616211,-7.324219
2734,-0.669922,-0.018555,0.201660,11.596680,-22.827148,-10.925293
2735,-0.667480,0.018555,0.244629,10.925293,-20.507812,-9.826660
2736,-0.666016,0.024414,0.288574,4.760742,-21.118164,-7.324219
2737,-0.712402,0.020508,0.251953,-15.380859,-22.583008,-5.126953
2738,-0.725586,0.020996,0.201172,-24.780273,-21.179199,-5.493164
2739,-0.762695,0.051758,0.147461,-29.541016,-15.075684,-6.958008
2740,-0.950684,0.157227,0.203613,-29.541016,0.549316,-7.995605
2741,-1.029785,0.232910,0.233887,-23.254395,3.723145,-5.187988
2742,-1.051758,0.262207,0.237793,-9.277344,3.051758,0.549316
2743,-1.111328,0.192871,0.263184,12.023926,13.732910,3.112793
2744,-1.146973,0.200195,0.331543,11.108398,26.184082,-1.953125
2745,-1.192383,0.228027,0.446289,9.033203,34.362793,-7.141113
2746,-1.246582,0.239746,0.589844,4.089355,37.597656,-9.948730
2747,-1.243164,0.215332,0.595703,5.859375,33.142090,-10.925293
2748,-1.236816,0.186523,0.567383,10.681152,30.822754,-13.671875
2749,-1.228516,0.172363,0.592773,18.981934,30.029297,-18.005371
2750,-1.212402,0.183105,0.659668,29.418945,25.573730,-22.644043
2751,-1.119629,0.228516,0.730957,56.701660,0.976562,-32.653809
2752,-1.024902,0.321289,0.691406,70.556641,-12.084961,-35.949707
2753,-0.849609,0.470703,0.598633,91.857910,-29.357910,-31.127930
2754,-0.780762,0.505859,0.579102,93.566895,-33.935547,-23.010254
2755,-0.729980,0.525879,0.537109,86.425781,-37.231445,-9.948730
2756,-0.692383,0.521973,0.474609,69.763184,-36.254883,6.042480
2757,-0.656738,0.430664,0.338867,26.489258,-23.437500,37.231445
2758,-0.696289,0.352051,0.296875,11.108398,-13.366699,49.072266
2759,-0.777832,0.279785,0.293457,7.263184,-4.150391,56.213379
2760,-0.970703,0.154297,0.423828,17.211914,4.577637,59.387207
2761,-1.014648,0.127441,0.488281,25.695801,-1.708984,58.837891
2762,-1.031738,0.111328,0.441406,37.048340,-9.399414,58.898926
2763,-0.925781,0.041992,0.497070,47.485352,-3.662109,56.823730
2764,-0.909668,0.007324,0.609863,28.625488,3.417969,54.138184
2765,-0.940918,0.020996,0.674316,0.061035,8.178711,50.109863
2766,-0.982910,-0.029297,0.532715,-32.836914,3.784180,42.785645
2767,-0.970215,-0.031250,0.384277,-26.672363,1.770020,34.545898
2768,-0.949219,-0.000488,0.239746,1.098633,0.488281,27.770996
2769,-0.887207,-0.046875,0.271973,74.035645,-1.647949,12.268066
2770,-0.913086,-0.041992,0.339355,93.017578,-3.845215,2.014160
2771,-1.037598,0.001465,0.356445,100.646973,-3.479004,-10.070801
2772,-1.308594,0.191406,0.379883,124.450684,10.498047,-36.132812
2773,-1.260254,0.284180,0.559082,145.263672,11.108398,-41.870117
2774,-1.184082,0.319824,0.673340,155.639648,3.906250,-41.015625
2775,-1.243652,0.443848,0.754395,142.150879,3.479004,-39.123535
2776,-1.269531,0.503418,0.833496,134.887695,-2.624512,-31.433105
2777,-1.271973,0.506348,0.848633,128.601074,-11.840820,-18.615723
2778,-1.335449,0.406250,0.983398,102.294922,-32.287598,10.986328
2779,-1.390137,0.360840,0.990234,74.584961,-48.706055,26.062012
2780,-1.443848,0.261230,0.879883,46.203613,-67.382812,38.879395
2781,-1.403809,0.024902,0.480957,3.479004,-96.130371,42.480469
2782,-1.307129,-0.076172,0.272461,-7.446289,-104.003906,34.301758
2783,-1.176758,-0.160645,0.058105,-10.314941,-107.666016,20.019531
2784,-1.034180,-0.207520,-0.169434,-2.624512,-105.346680,1.647949
2785,-0.805664,-0.119141,-0.455566,46.569824,-80.993652,-39.978027
2786,-0.699707,-0.044922,-0.433105,76.782227,-62.622070,-57.373047
2787,-0.612305,0.142090,-0.176758,104.370117,-32.775879,-80.688477
2788,-0.628418,0.244629,-0.038574,100.402832,-23.193359,-83.984375
2789,-0.664062,0.302246,0.066895,94.055176,-17.822266,-81.604004
2790,-0.671875,0.309082,0.184570,84.899902,-17.272949,-77.514648
2791,-0.604004,0.192871,0.175781,80.627441,-32.714844,-69.213867
2792,-0.585449,0.102539,0.126465,94.299316,-39.062500,-72.692871
2793,-0.559570,0.031250,0.069336,145.385742,-56.945801,-96.374512
2794,-0.563965,0.136230,0.043457,180.419922,-61.584473,-103.393555
2795,-0.599609,0.284668,0.128906,201.538086,-64.575195,-102.172852
2796,-0.660645,0.445312,0.224609,199.951172,-69.335938,-89.050293
2797,-0.705566,0.521973,0.264648,177.001953,-72.998047,-69.091797
2798,-0.746094,0.486328,0.127930,101.989746,-61.767578,-29.174805
2799,-0.785645,0.417969,0.080078,68.603516,-43.579102,-13.183594
2800,-0.818359,0.362305,0.114258,39.245605,-23.986816,-2.197266
2801,-0.999512,0.249023,0.304199,-1.647949,5.249023,11.840820
2802,-1.069824,0.163574,0.396973,-10.620117,7.446289,11.291504
2803,-1.124512,0.097168,0.444824,-7.385254,4.028320,6.652832
2804,-1.166992,0.042480,0.458008,7.507324,-3.723145,-3.295898
2805,-1.312500,0.142578,0.482910,54.321289,-14.282227,-30.090332
2806,-1.408691,0.244629,0.504883,72.692871,-16.296387,-39.550781
2807,-1.538086,0.363770,0.548340,82.397461,-10.253906,-44.372559
2808,-1.662598,0.383301,0.776855,72.875977,-8.300781,-39.184570
2809,-1.582031,0.284180,0.770996,65.490723,-15.869141,-37.658691
2810,-1.420410,0.165039,0.701660,61.706543,-22.583008,-41.381836
2811,-1.119629,0.003906,0.649414,62.377930,-37.658691,-61.523438
2812,-1.036133,-0.036133,0.600098,64.270020,-44.067383,-73.364258
2813,-1.023926,-0.017578,0.596191,61.462402,-47.485352,-88.989258
2814,-1.054688,0.086914,0.623047,51.574707,-50.903320,-103.881836
2815,-1.070801,0.411133,0.536621,29.174805,-75.073242,-112.731934
2816,-1.047852,0.540527,0.342285,22.949219,-84.167480,-104.858398
2817,-1.040527,0.594727,0.151367,22.399902,-83.801270,-94.909668
2818,-0.990234,0.501953,-0.037598,27.038574,-61.096191,-84.167480
2819,-0.954102,0.409668,-0.051758,31.066895,-43.151855,-86.608887
2820,-0.920898,0.332031,-0.045898,42.297363,-25.024414,-92.224121
2821,-0.888672,0.284668,0.033691,58.715820,-8.666992,-97.961426
2822,-0.916992,0.299316,0.302734,64.575195,15.808105,-108.459473
2823,-0.958984,0.337402,0.426758,61.828613,20.812988,-110.778809
2824,-0.966309,0.397949,0.533203,56.640625,18.981934,-109.252930
2825,-0.876953,0.481934,0.610840,31.982422,3.051758,-90.026855
2826,-0.828125,0.495117,0.570312,14.953613,-4.211426,-76.721191
2827,-0.782715,0.506836,0.505859,-2.929688,-9.460449,-62.072754
2828,-0.738281,0.475586,0.431152,-20.324707,-12.451172,-47.668457
2829,-0.722656,0.405273,0.357910,-35.522461,-13.122559,-35.888672
2830,-0.771973,0.208496,0.137695,-32.897949,-8.239746,-24.597168
2831,-0.818359,0.121094,0.140137,-12.268066,-6.408691,-25.756836
2832,-0.855469,0.036133,0.144531,9.704590,-8.850098,-31.066895
2833,-0.887695,-0.106934,0.062012,59.020996,-10.131836,-55.725098
2834,-0.912109,-0.111816,0.075195,87.280273,-6.774902,-72.998047
2835,-0.954102,0.041504,0.225586,128.540039,-3.784180,-104.125977
2836,-0.948242,0.133301,0.305664,138.488770,-6.774902,-113.098145
2837,-0.942871,0.224121,0.368652,143.859863,-13.854980,-115.905762
2838,-0.912109,0.281738,0.386230,144.592285,-23.254395,-112.976074
2839,-0.842285,0.251465,0.279297,139.099121,-34.484863,-104.248047
2840,-0.816406,0.212891,0.232422,137.451172,-33.264160,-102.600098
2841,-0.856445,0.116211,0.103516,160.827637,-24.108887,-104.248047
2842,-0.917969,0.087891,0.104980,189.941406,-15.197754,-108.642578
2843,-0.953613,0.166016,0.208496,211.791992,-6.103516,-110.900879
2844,-0.941406,0.260254,0.333496,207.397461,3.417969,-106.689453
2845,-0.954590,0.370117,0.416992,141.906738,31.677246,-86.853027
2846,-0.969727,0.391602,0.419434,106.384277,47.729492,-75.073242
2847,-1.003906,0.394043,0.455566,76.416016,64.270020,-63.293457
2848,-1.038574,0.377441,0.499512,56.213379,75.561523,-49.926758
2849,-1.229004,0.246582,0.553711,41.015625,86.730957,-26.977539
2850,-1.387207,0.156738,0.564453,45.410156,92.834473,-23.559570
2851,-1.531250,0.095215,0.618164,55.603027,95.397949,-26.794434
2852,-1.389160,0.010742,0.560547,114.135742,78.308105,-36.926270
2853,-1.286621,-0.036133,0.585938,148.864746,70.861816,-43.762207
2854,-1.209961,-0.040527,0.677246,165.039062,63.781738,-50.781250
2855,-1.148438,-0.094238,0.730957,146.240234,49.682617,-63.049316
2856,-1.099121,-0.088379,0.710449,127.258301,44.860840,-71.533203
2857,-1.062012,-0.065430,0.680176,111.206055,41.320801,-78.735352
2858,-1.054688,-0.017090,0.645020,100.891113,37.231445,-84.472656
2859,-1.057617,0.104004,0.564453,96.130371,32.836914,-87.768555
2860,-0.990234,0.323242,0.467285,98.999023,31.494141,-83.312988
2861,-0.904297,0.416504,0.469238,101.989746,28.869629,-74.340820
2862,-0.811523,0.435059,0.485840,106.262207,21.667480,-59.936523
2863,-0.680176,0.316895,0.463867,102.539062,1.647949,-28.930664
2864,-0.673340,0.215332,0.403809,96.374512,-9.216309,-15.502930
2865,-0.665039,0.080566,0.286621,94.482422,-17.517090,-7.324219
2866,-0.614258,-0.139648,0.151367,92.102051,-14.709473,-11.352539
2867,-0.571289,-0.222656,0.141602,90.759277,-11.962891,-19.104004
2868,-0.515625,-0.258301,0.119629,90.332031,-9.277344,-28.930664
2869,-0.452637,-0.244141,0.117188,91.857910,-5.004883,-38.085938
2870,-0.381348,-0.159180,0.218750,86.730957,-0.976562,-51.757812
2871,-0.362793,-0.093750,0.249512,82.946777,-4.943848,-52.246094
2872,-0.350098,-0.034180,0.249023,81.054688,-10.986328,-48.583984
2873,-0.330566,0.067871,0.199707,80.871582,-20.996094,-30.700684
2874,-0.357422,0.088379,0.190918,74.584961,-18.005371,-17.272949
2875,-0.413574,0.061035,0.230469,58.349609,-10.620117,-5.249023
2876,-0.508789,-0.009766,0.255859,16.113281,-0.427246,11.535645
2877,-0.567383,-0.008789,0.248047,2.990723,4.272461,18.920898
2878,-0.640625,-0.044434,0.261719,-1.586914,4.882812,25.512695
2879,-0.708496,-0.103027,0.256836,12.084961,-2.319336,30.395508
2880,-0.831543,-0.175781,0.235840,28.747559,-7.080078,29.418945
2881,-0.895508,-0.200195,0.250977,47.546387,-10.070801,27.709961
2882,-0.964844,-0.229492,0.298828,63.720703,-12.634277,24.780273
2883,-1.083984,-0.286621,0.408691,76.660156,-17.944336,16.662598
2884,-1.124512,-0.313477,0.429688,77.697754,-21.972656,11.047363
2885,-1.177246,-0.332031,0.436523,83.007812,-25.817871,3.906250
2886,-1.337891,-0.311035,0.530273,115.051270,-32.836914,-11.840820
2887,-1.431641,-0.275879,0.620117,137.756348,-39.733887,-17.150879
2888,-1.516113,-0.213379,0.798340,164.550781,-63.110352,-19.226074
2889,-1.504395,-0.235352,0.796387,155.517578,-71.533203,-19.226074
2890,-1.472656,-0.233398,0.742188,136.535645,-72.448730,-19.714355
2891,-1.445801,-0.198242,0.691406,114.196777,-65.673828,-18.249512
2892,-1.387207,-0.236328,0.753418,61.035156,-43.823242,-4.455566
2893,-1.365723,-0.341797,0.782715,27.526855,-35.827637,1.342773
2894,-1.352539,-0.450684,0.787109,-8.117676,-28.808594,0.915527
2895,-1.322266,-0.575195,0.719238,-62.866211,-16.418457,-19.653320
2896,-1.296387,-0.552734,0.699219,-69.335938,-13.244629,-35.400391
2897,-1.285156,-0.500977,0.710938,-63.598633,-12.878418,-51.086426
2898,-1.237305,-0.333008,0.763672,-35.217285,-21.240234,-75.927734
2899,-1.185547,-0.225098,0.797363,-25.573730,-25.207520,-82.092285
2900,-1.130371,-0.133789,0.827148,-24.963379,-27.099609,-83.618164
2901,-1.074707,-0.069824,0.854492,-40.649414,-26.550293,-79.284668
2902,-0.989258,-0.013184,0.904297,-49.926758,-26.977539,-75.134277
2903,-0.956543,-0.016113,0.960449,-60.180664,-29.541016,-71.228027
2904,-0.891113,-0.092285,1.012695,-76.660156,-44.982910,-66.162109
2905,-0.852051,-0.124512,1.005859,-82.214355,-54.321289,-66.528320
2906,-0.814941,-0.144043,0.968262,-84.655762,-61.645508,-68.542480
2907,-0.790039,-0.135742,0.949707,-85.632324,-74.890137,-78.186035
2908,-0.766602,-0.092285,0.971680,-87.402344,-82.946777,-82.641602
2909,-0.755371,-0.033691,0.985352,-83.862305,-96.008301,-82.763672
2910,-0.727539,0.075195,0.894531,-56.518555,-128.540039,-73.181152
2911,-0.690918,0.150391,0.856445,-42.602539,-139.160156,-61.096191
2912,-0.694824,0.167969,0.826660,-56.030273,-140.686035,-33.081055
2913,-0.698242,0.127930,0.812012,-80.078125,-134.948730,-22.888184
2914,-0.685547,0.079590,0.813965,-106.018066,-132.446289,-16.784668
2915,-0.665527,0.033203,0.751953,-126.831055,-133.972168,-13.427734
2916,-0.657715,-0.024902,0.625488,-125.488281,-139.221191,-12.634277
2917,-0.626465,-0.001465,0.577148,-106.628418,-140.014648,-10.864258
2918,-0.643066,0.005859,0.540527,-96.618652,-134.887695,-4.577637
2919,-0.737793,-0.083008,0.467285,-120.178223,-108.581543,-1.342773
2920,-0.681152,-0.068359,0.485840,-144.226074,-85.571289,-3.845215
2921,-0.617676,-0.008789,0.530273,-169.189453,-60.913086,-2.014160
2922,-0.651367,0.009277,0.527344,-187.927246,-37.109375,18.127441
2923,-0.694824,-0.062012,0.520508,-173.522949,-35.644531,26.123047
2924,-0.707520,-0.177246,0.525391,-154.296875,-40.710449,31.066895
2925,-0.681641,-0.397461,0.504883,-104.492188,-58.837891,21.179199
2926,-0.665527,-0.431641,0.467285,-78.125000,-65.185547,12.512207
2927,-0.646973,-0.439941,0.445801,-52.124023,-68.481445,4.455566
2928,-0.616211,-0.425293,0.417969,-3.784180,-74.645996,-10.803223
2929,-0.601562,-0.403320,0.415039,12.268066,-71.289062,-18.127441
2930,-0.605469,-0.379883,0.446777,17.517090,-60.302734,-21.728516
2931,-0.633789,-0.362793,0.598633,-11.962891,-30.883789,-16.235352
2932,-0.607422,-0.359375,0.592773,-40.710449,-16.723633,-10.253906
2933,-0.573730,-0.384277,0.517578,-62.377930,-1.525879,-2.868652
2934,-0.563477,-0.434082,0.472168,-71.472168,35.095215,6.835938
2935,-0.456055,-0.490234,0.631348,-74.768066,43.701172,10.253906
2936,-0.562988,-0.561523,0.705566,-73.242188,35.034180,23.437500
2937,-0.699219,-0.659180,0.699219,-70.861816,26.367188,14.343262
2938,-0.707031,-0.655762,0.678711,-58.349609,18.981934,-5.981445
2939,-0.564941,-0.522949,0.656738,-10.925293,0.915527,-36.621094
2940,-0.507324,-0.432129,0.674316,12.878418,-12.756348,-40.039062
2941,-0.397461,-0.243652,0.657715,35.888672,-41.931152,-25.695801
2942,-0.340332,-0.242188,0.591797,33.569336,-51.818848,-11.901855
2943,-0.298340,-0.232910,0.496094,22.766113,-53.894043,2.929688
2944,-0.277832,-0.234863,0.361816,8.483887,-46.081543,19.653320
2945,-0.331055,-0.236328,0.374512,-15.686035,-31.494141,45.837402
2946,-0.415039,-0.238770,0.358887,-24.047852,-33.752441,50.842285
2947,-0.446289,-0.291016,0.252441,-16.235352,-39.184570,45.166016
2948,-0.515137,-0.465332,0.416016,36.804199,-62.072754,18.737793
2949,-0.501465,-0.609375,0.461914,90.270996,-85.571289,18.249512
2950,-0.386719,-0.630371,0.372070,123.291016,-95.520020,18.737793
2951,-0.288574,-0.566406,0.418457,63.964844,-46.081543,16.662598
2952,-0.378418,-0.647461,0.354492,18.005371,-10.375977,6.896973
2953,-0.323730,-0.593750,0.365723,-17.639160,23.437500,-3.662109
2954,-0.149414,-0.391602,0.690430,-32.226562,32.714844,-14.770508
2955,-0.141113,-0.238770,0.781738,-34.484863,10.681152,-7.995605
2956,-0.238770,-0.237305,0.714355,-48.950195,2.258301,6.103516
2957,-0.200195,-0.321289,0.767578,-66.467285,4.821777,21.484375
2958,-0.441895,-0.687500,0.644043,-97.717285,-0.122070,43.029785
2959,-0.601562,-0.783203,0.562988,-93.078613,-2.563477,43.518066
2960,-0.645508,-0.835449,0.528809,-68.298340,-3.112793,34.057617
2961,-0.396973,-0.838379,0.794922,-20.751953,-4.211426,-3.784180
2962,-0.377441,-0.813477,0.778320,-20.507812,-10.192871,-15.258789
2963,-0.421875,-0.808105,0.664551,-21.423340,-9.582520,-20.080566
2964,-0.468750,-0.732422,0.558105,8.178711,-6.591797,-16.967773
2965,-0.496094,-0.767578,0.529297,27.587891,-9.826660,-9.277344
2966,-0.627930,-0.868164,0.572266,35.705566,-4.394531,-6.347656
2967,-0.721680,-0.866211,0.814941,8.422852,-2.746582,-22.155762
2968,-0.661133,-0.864746,0.884277,10.009766,-12.329102,-23.742676
2969,-0.601562,-0.817871,1.008301,15.991211,-31.494141,-23.681641
2970,-0.495117,-0.618652,1.219727,16.784668,-60.058594,-17.333984
2971,-0.597168,-0.964355,1.278320,-28.869629,-117.553711,-38.085938
2972,-0.420410,-0.914551,0.878906,-23.864746,-127.075195,-42.114258
2973,-0.458496,-0.857910,1.026367,-20.812988,-90.881348,-33.020020
2974,-0.424316,-0.755859,1.078613,-17.578125,-92.773438,-45.410156
2975,-0.263184,-0.585938,0.978516,-11.962891,-109.436035,-50.903320
2976,-0.050781,-0.463379,0.769043,1.098633,-114.685059,-31.433105
2977,-0.058105,-0.783691,0.896484,17.761230,-114.685059,13.183594
2978,-0.124023,-0.841309,0.767578,30.761719,-112.854004,8.544922
2979,-0.057129,-0.735352,0.737793,49.804688,-103.942871,5.310059
2980,-0.000977,-0.455078,0.998535,36.987305,-86.669922,51.757812
2981,-0.044922,-0.485840,0.836426,20.568848,-77.026367,74.218750
2982,-0.040039,-0.562500,0.667480,30.212402,-59.082031,86.181641
2983,-0.015137,-0.538574,0.647461,45.104980,-39.428711,89.416504
2984,-0.012207,-0.226074,0.740234,68.359375,-31.982422,97.351074
2985,-0.080078,-0.284668,0.751953,67.749023,-45.349121,105.224609
2986,-0.158691,-0.359863,0.610352,54.992676,-50.659180,103.515625
2987,-0.225098,-0.336426,0.428711,40.771484,-43.212891,88.806152
2988,-0.234375,-0.309570,0.455566,30.761719,-41.137695,82.580566
2989,-0.157715,-0.217285,0.536621,-49.499512,-52.368164,50.292969
2990,-0.060547,-0.272949,0.512207,-98.632812,-56.213379,43.945312
2991,-0.082520,-0.270508,0.630859,-152.587891,-61.035156,46.997070
2992,0.299316,0.083496,0.457031,-181.396484,-78.613281,77.026367
2993,-0.350586,-0.736816,0.372559,-135.498047,-115.051270,99.548340
2994,-0.409668,-0.794434,0.588379,-97.290039,-135.437012,56.030273
2995,-0.328125,-0.554199,0.722656,-70.373535,-166.870117,19.653320
2996,-0.090820,-0.520996,0.469727,-46.386719,-94.177246,-5.065918
2997,0.073242,-0.408203,0.516113,-40.649414,-59.448242,7.324219
2998,0.048340,-0.359863,0.640625,-55.541992,-34.118652,30.334473
2999,0.021973,-0.393066,0.654785,-104.125977,-10.131836,45.043945
3000,-0.209961,-0.500977,0.429688,-111.389160,-12.145996,9.216309
3001,-0.127441,-0.469727,0.382812,-101.318359,-15.136719,-13.427734
3002,-0.044434,-0.431641,0.521973,-93.994141,-27.954102,-18.127441
3003,0.043457,-0.505371,0.723145,-137.207031,-62.377930,-15.563965
3004,0.076172,-0.472168,0.668945,-181.396484,-68.664551,-4.028320
3005,0.068848,-0.633789,0.623535,-225.646973,-55.969238,0.183105
3006,0.240234,-0.570312,0.536133,-239.196777,-41.992188,9.643555
3007,0.113770,-1.058594,0.610840,-229.492188,-16.906738,-23.559570
3008,0.125000,-1.060547,0.678711,-218.200684,-25.085449,-62.866211
3009,0.211426,-0.959473,0.759766,-197.937012,-46.569824,-95.825195
3010,0.255371,-0.898438,0.865723,-177.001953,-78.125000,-118.774414
3011,0.332031,-0.771973,0.885742,-188.476562,-117.919922,-144.592285
3012,0.545898,-0.646973,0.773926,-215.454102,-114.196777,-134.033203
3013,0.626953,-0.775879,0.675293,-232.666016,-101.318359,-107.360840
3014,0.467773,-0.995605,0.464355,-241.943359,-65.002441,-92.407227
3015,0.399902,-1.024414,0.239746,-226.989746,-48.461914,-104.858398
3016,0.362305,-1.051270,0.083984,-192.321777,-38.330078,-128.051758
3017,0.520020,-1.236328,-0.035645,-134.765625,-8.178711,-174.743652
3018,0.717773,-1.306641,-0.038574,-119.262695,14.831543,-188.903809
3019,0.739746,-1.112305,0.166992,-92.834473,59.265137,-192.260742
3020,0.723633,-1.026855,0.158691,-84.289551,77.514648,-180.480957
3021,0.603027,-0.993164,0.187988,-68.420410,87.463379,-159.545898
3022,0.473633,-1.065918,0.224609,-60.119629,87.646484,-136.840820
3023,0.276855,-1.563477,0.165039,-42.419434,63.232422,-97.595215
3024,0.115234,-1.680176,0.109375,-15.930176,43.090820,-108.398438
3025,0.008789,-1.584473,-0.012207,17.517090,25.085449,-137.817383
3026,0.073242,-0.882324,-0.075195,93.933105,-27.709961,-164.672852
3027,0.322266,-0.736816,-0.253418,139.953613,-35.766602,-138.610840
3028,0.461426,-0.787109,-0.187500,171.813965,-23.803711,-114.990234
3029,0.574219,-0.749023,0.280762,115.905762,8.850098,-79.772949
3030,0.557129,-0.755371,0.443848,51.818848,11.230469,-53.771973
3031,0.533203,-0.902832,0.423828,-12.145996,10.253906,-38.269043
3032,0.572754,-0.976562,0.209961,-51.879883,11.291504,-35.583496
3033,0.540527,-1.056152,0.089844,-49.804688,18.798828,-47.363281
3034,0.398926,-1.177246,0.073242,-30.700684,19.104004,-60.607910
3035,0.411133,-1.136719,0.243652,-17.761230,7.995605,-72.265625
3036,0.513672,-1.060547,0.289062,-35.888672,-28.137207,-69.702148
3037,0.549316,-1.111816,0.042480,-39.306641,-36.254883,-56.640625
3038,0.585938,-1.160645,-0.052246,-25.390625,-40.466309,-45.227051
3039,0.608398,-1.183105,0.082031,-8.911133,-50.109863,-34.484863
3040,0.652832,-1.143555,0.254883,2.319336,-65.673828,-22.216797
3041,0.625977,-1.091797,0.517578,-9.582520,-83.068848,-2.319336
3042,0.584473,-1.124512,0.492188,-20.385742,-80.627441,0.793457
3043,0.593262,-1.142090,0.380371,-26.062012,-69.519043,-3.173828
3044,0.517090,-1.252930,0.086426,-14.404297,-30.517578,-32.714844
3045,0.435547,-1.124512,0.028809,-6.042480,-13.244629,-49.072266
3046,0.352539,-0.967773,-0.021484,-1.953125,-4.333496,-55.236816
3047,0.316406,-0.870117,-0.044922,0.061035,-2.685547,-51.147461
3048,0.485840,-0.689941,-0.202148,16.906738,-9.948730,-8.483887
3049,0.529297,-0.679688,-0.167969,20.568848,-7.080078,25.817871
3050,0.483398,-0.715332,-0.165039,13.183594,1.342773,51.330566
3051,0.505859,-0.752930,-0.202148,-1.342773,14.465332,73.669434
3052,0.601562,-0.692871,-0.149902,-5.554199,17.272949,81.848145
3053,0.663086,-0.658691,-0.122559,-9.338379,9.887695,92.285156
3054,0.615723,-0.905762,-0.088379,-16.723633,-13.854980,96.130371
3055,0.661133,-0.846191,-0.083984,-13.000488,-27.465820,80.017090
3056,0.672363,-0.716797,-0.054688,-5.554199,-37.536621,70.861816
3057,0.645508,-0.645508,-0.012207,0.488281,-46.997070,69.030762
3058,0.634277,-0.600098,-0.002441,1.403809,-54.870605,68.420410
3059,0.645020,-0.561035,-0.019043,0.366211,-50.720215,70.678711
3060,0.711426,-0.512207,-0.056641,5.676270,-43.518066,76.293945
3061,0.597168,-0.554688,0.026367,4.882812,-17.456055,78.796387
3062,0.573730,-0.515137,0.038086,-2.197266,-4.211426,71.655273
3063,0.543945,-0.483398,0.040039,-10.498047,7.385254,66.833496
3064,0.497559,-0.478027,0.014648,-13.305664,16.052246,65.856934
3065,0.404297,-0.535645,0.047852,6.042480,13.427734,64.453125
3066,0.396973,-0.575684,0.036133,15.747070,7.263184,57.739258
3067,0.430664,-0.467773,-0.015137,29.663086,8.178711,43.212891
3068,0.430664,-0.445312,-0.029297,32.592773,13.183594,39.123535
3069,0.430664,-0.448242,-0.019043,32.287598,17.822266,33.447266
3070,0.421875,-0.452148,-0.017578,28.686523,21.179199,26.184082
3071,0.411621,-0.428711,-0.013184,20.141602,24.230957,10.437012
3072,0.488281,-0.388672,-0.002441,21.179199,23.315430,8.605957
3073,0.449219,-0.403320,0.049805,19.165039,24.780273,10.681152
3074,0.368652,-0.403809,0.080078,3.601074,38.146973,-0.854492
3075,0.370605,-0.394531,0.113281,-7.629395,44.860840,-1.220703
3076,0.370605,-0.432617,0.058105,-19.836426,53.222656,-3.784180
3077,0.425781,-0.521973,-0.056641,-35.705566,83.190918,-11.291504
3078,0.453613,-0.533203,-0.076660,-39.611816,97.656250,-13.000488
3079,0.456055,-0.560059,-0.060059,-38.452148,105.529785,-15.380859
3080,0.436523,-0.572754,-0.029785,-33.203125,104.980469,-21.118164
3081,0.495117,-0.586426,0.015137,-10.986328,80.749512,-31.433105
3082,0.589844,-0.651855,0.039062,1.831055,59.204102,-33.630371
3083,0.877441,-0.795898,0.071289,31.616211,-6.286621,-49.865723
3084,1.194824,-0.641602,0.260254,38.757324,-50.109863,-54.565430
3085,1.278320,-0.699707,0.330078,38.391113,-92.590332,-53.283691
3086,1.266602,-0.991211,0.294434,37.963867,-144.714355,-88.500977
3087,1.287109,-1.042969,0.305176,35.888672,-153.381348,-114.685059
3088,1.295898,-1.057129,0.297363,25.634766,-149.475098,-136.718750
3089,1.296875,-1.098633,0.252441,3.479004,-129.150391,-153.625488
3090,1.177246,-1.111328,0.146484,-53.649902,-55.908203,-163.513184
3091,1.055176,-1.088379,0.110840,-73.486328,-16.662598,-157.531738
3092,0.953613,-1.053711,0.039062,-84.228516,36.682129,-137.878418
3093,0.950684,-1.234863,-0.075195,-61.157227,47.790527,-129.028320
3094,1.039062,-1.260254,-0.067383,-22.277832,54.809570,-126.525879
3095,0.696777,-1.332520,-0.005371,57.006836,45.471191,-127.990723
3096,0.572754,-1.172363,-0.054688,84.533691,37.231445,-131.530762
3097,0.495117,-0.974609,-0.049805,96.008301,33.447266,-125.488281
3098,0.380371,-0.833496,-0.086914,70.983887,41.442871,-102.111816
3099,0.360352,-0.835938,-0.115234,51.025391,50.537109,-94.909668
3100,0.370117,-0.903320,-0.121094,33.874512,57.373047,-90.148926
3101,0.402344,-0.900879,-0.092773,25.695801,58.105469,-90.087891
3102,0.514648,-0.809570,-0.108398,22.277832,47.302246,-78.308105
3103,0.487305,-0.785156,-0.147949,23.132324,43.945312,-67.321777
3104,0.386230,-0.686523,-0.095703,21.728516,39.978027,-54.748535
3105,0.335449,-0.416992,0.159180,-6.103516,9.033203,-19.836426
3106,0.414062,-0.461426,0.106934,-20.935059,-12.390137,2.929688
3107,0.536133,-0.623047,0.030273,-19.470215,-29.724121,26.489258
3108,0.772949,-0.828125,-0.015137,9.094238,-56.457520,44.738770
3109,0.891113,-0.829590,0.087402,20.263672,-74.768066,47.668457
3110,0.935547,-0.813965,0.147461,13.427734,-86.853027,44.677734
3111,0.926270,-0.791504,0.112305,-1.770020,-88.867188,35.095215
3112,0.912109,-0.755371,0.043457,-16.479492,-78.186035,23.681641
3113,0.940918,-0.673828,0.037109,-51.696777,-37.780762,25.390625
3114,0.945801,-0.702637,0.087402,-71.166992,-22.155762,37.414551
3115,0.968750,-0.765137,0.085449,-108.947754,1.342773,48.278809
3116,0.937988,-0.822754,0.123047,-112.365723,6.347656,49.194336
3117,0.947266,-0.791992,0.134766,-106.689453,6.408691,44.982910
3118,0.814941,-0.722168,0.055664,-79.345703,10.986328,39.794922
3119,0.759277,-0.680664,0.042969,-58.410645,10.681152,38.879395
3120,0.705566,-0.641602,0.061035,-36.621094,7.690430,41.137695
3121,0.687012,-0.588867,0.051270,9.460449,-2.380371,56.396484
3122,0.613770,-0.534180,-0.009277,31.250000,-5.187988,64.270020
3123,0.602051,-0.482422,-0.005371,51.391602,-8.117676,68.603516
3124,0.586914,-0.470215,0.009766,65.429688,-10.803223,71.350098
3125,0.587891,-0.475586,-0.008789,73.242188,-12.207031,68.969727
3126,0.558594,-0.410156,-0.029297,76.171875,-8.605957,59.326172
3127,0.504395,-0.363770,-0.026367,71.655273,-2.685547,53.344727
3128,0.461914,-0.219238,0.005371,59.936523,5.432129,46.325684
3129,0.418945,-0.236816,0.064453,50.476074,8.605957,45.715332
3130,0.398438,-0.248047,0.082031,35.400391,13.366699,40.649414
3131,0.407227,-0.240234,0.021973,9.948730,35.705566,32.470703
3132,0.435547,-0.224609,0.020020,-1.525879,50.048828,32.226562
3133,0.496094,-0.283203,0.025879,-17.456055,60.974121,34.362793
3134,0.557617,-0.398926,0.024414,-30.578613,66.955566,37.536621
3135,0.611816,-0.461914,0.018555,-40.100098,66.223145,41.381836
3136,0.765137,-0.608398,0.045410,-41.198730,38.879395,63.049316
3137,0.994141,-0.777832,0.109375,-30.273438,6.164551,68.115234
3138,1.340332,-1.028320,0.335449,3.906250,-79.772949,44.860840
3139,1.347168,-0.942871,0.514648,18.371582,-113.098145,18.920898
3140,1.333008,-0.867188,0.567383,21.850586,-136.108398,-4.882812
3141,1.304199,-0.867676,0.476562,5.859375,-129.089355,-40.893555
3142,1.183594,-0.890625,0.396484,-13.427734,-94.238281,-54.382324
3143,1.099609,-0.931641,0.243164,-25.451660,-44.433594,-65.795898
3144,1.115723,-0.973145,0.130859,-30.212402,9.582520,-69.519043
3145,1.042480,-1.014160,0.022461,-28.015137,91.186523,-46.813965
3146,0.952148,-1.008301,0.019531,-18.981934,108.947754,-33.813477
3147,0.874512,-0.966797,0.073730,-5.249023,106.140137,-24.597168
3148,0.765625,-0.863770,0.041992,23.132324,63.293457,-20.263672
3149,0.742676,-0.807129,-0.035645,29.846191,48.095703,-20.263672
3150,0.756348,-0.757812,-0.134277,23.132324,43.395996,-20.629883
3151,0.801758,-0.729004,-0.308594,-18.371582,60.180664,-18.798828
3152,0.788574,-0.814941,-0.368164,-45.349121,74.096680,-15.869141
3153,0.593262,-0.909180,-0.316895,-44.311523,82.641602,-32.409668
3154,0.363770,-0.749023,-0.079102,-3.479004,49.804688,-59.204102
3155,0.300781,-0.621582,0.016113,13.610840,25.573730,-59.509277
3156,0.272461,-0.551758,0.017578,23.315430,4.455566,-50.354004
3157,0.358398,-0.555664,-0.004395,39.306641,-27.526855,-19.714355
3158,0.404785,-0.542969,0.067383,42.419434,-50.720215,-4.028320
3159,0.437500,-0.520020,0.137695,38.879395,-76.660156,10.009766
3160,0.456055,-0.513672,0.161133,30.944824,-98.693848,20.446777
3161,0.545410,-0.474609,0.190918,10.437012,-124.023438,30.944824
3162,0.635742,-0.510254,0.155762,-5.981445,-124.328613,32.409668
3163,0.783691,-0.593750,0.063965,-25.756836,-113.037109,29.541016
3164,1.044922,-0.895508,-0.240234,-47.180176,-55.175781,7.568359
3165,1.104492,-1.034668,-0.400879,-39.062500,-24.353027,0.244141
3166,1.098145,-1.088379,-0.316895,-13.916016,-11.291504,-0.427246
3167,0.891113,-0.782715,0.353516,19.531250,-46.508789,-13.366699
3168,0.815430,-0.549805,0.567871,-1.098633,-78.125000,-16.540527
3169,0.843750,-0.487793,0.492188,-26.733398,-103.515625,-10.131836
3170,1.287598,-0.679199,0.164551,-66.894531,-96.069336,0.061035
3171,1.332031,-0.777344,-0.057129,-81.115723,-61.096191,6.896973
3172,1.206055,-0.840820,-0.250488,-86.486816,-7.629395,7.934570
3173,1.040039,-0.854004,-0.386719,-74.157715,53.955078,4.333496
3174,0.793945,-0.760254,-0.204102,-36.560059,138.122559,9.399414
3175,0.698242,-0.765625,-0.040527,-20.263672,138.427734,12.695312
3176,0.634277,-0.738281,0.070801,-5.615234,113.891602,10.437012
3177,0.494629,-0.619141,0.061035,38.696289,40.405273,-0.366211
3178,0.471680,-0.557617,0.037109,56.457520,15.625000,-6.225586
3179,0.529785,-0.491699,-0.083984,61.218262,8.605957,-8.972168
3180,0.552734,-0.509766,-0.128906,49.011230,18.920898,-8.544922
3181,0.551270,-0.551758,-0.150391,31.616211,32.653809,-10.925293
3182,0.504883,-0.544922,-0.134766,12.207031,47.119141,-16.357422
3183,0.405762,-0.470215,-0.063477,-12.573242,69.763184,-25.756836
3184,0.372070,-0.437012,-0.011230,-22.399902,76.843262,-26.245117
3185,0.311523,-0.370605,-0.003418,-30.517578,84.228516,-16.113281
3186,0.313477,-0.366699,-0.038574,-23.254395,89.477539,-6.713867
3187,0.302246,-0.357910,-0.047363,-6.103516,91.491699,2.136230
3188,0.281250,-0.308105,-0.005371,16.113281,87.036133,9.582520
3189,0.301758,-0.255859,0.040527,51.757812,58.898926,20.080566
3190,0.400879,-0.303711,0.022949,62.133789,40.588379,23.864746
3191,0.492188,-0.358398,0.002930,64.636230,23.376465,25.451660
3192,0.567383,-0.408691,-0.012207,61.157227,7.568359,23.864746
3193,0.756836,-0.544922,0.039551,31.433105,-20.812988,17.761230
3194,0.904785,-0.612793,0.102539,2.807617,-35.766602,18.432617
3195,1.190918,-0.811523,0.297852,-59.997559,-76.782227,29.907227
3196,1.325195,-0.966797,0.389160,-89.355469,-98.999023,29.907227
3197,1.444336,-1.078125,0.442871,-113.098145,-117.065430,23.559570
3198,1.555664,-1.184082,0.487305,-133.483887,-124.206543,14.465332
3199,1.545898,-1.269043,0.356445,-161.560059,-93.872070,-4.333496
3200,1.355469,-1.224121,0.200684,-158.813477,-51.696777,-13.427734
3201,0.988281,-0.937500,-0.003418,-114.135742,43.823242,-11.047363
3202,0.889648,-0.770020,-0.005859,-70.922852,74.401855,5.676270
3203,0.861328,-0.667969,0.044434,-20.812988,81.726074,27.465820
3204,0.964355,-0.748047,0.008301,61.462402,36.621094,45.410156
3205,1.003906,-0.783691,-0.098633,91.308594,13.244629,30.090332
3206,0.985352,-0.796387,-0.304199,112.243652,8.239746,5.615234
3207,0.918457,-0.754395,-0.483887,127.990723,15.502930,-19.348145
3208,0.766113,-0.617676,-0.289062,105.102539,41.625977,-35.461426
3209,0.691406,-0.700684,-0.265625,74.401855,40.527344,-43.090820
3210,0.659180,-0.712402,-0.316895,52.246094,36.865234,-52.001953
3211,0.578125,-0.741211,-0.156250,26.306152,19.714355,-63.171387
3212,0.550781,-0.700195,-0.101074,17.761230,7.263184,-65.917969
3213,0.479980,-0.647949,-0.024902,3.906250,-1.098633,-66.711426
3214,0.471680,-0.601074,0.018555,-3.906250,1.464844,-67.382812
3215,0.459961,-0.534180,0.067383,-14.038086,5.004883,-66.406250
3216,0.408203,-0.382812,0.101562,-33.142090,8.666992,-48.339844
3217,0.444824,-0.354004,0.099121,-37.902832,3.662109,-32.531738
3218,0.483398,-0.483887,0.101562,-36.560059,-19.836426,-4.577637
3219,0.483887,-0.539551,0.088379,-35.583496,-36.193848,1.403809
3220,0.529785,-0.618652,0.066406,-38.146973,-49.377441,2.685547
3221,0.650391,-0.660645,0.070312,-40.832520,-57.434082,2.258301
3222,0.842285,-0.757812,0.159180,-18.615723,-72.326660,14.343262
3223,0.943848,-0.872559,0.154297,0.671387,-79.528809,26.672363
3224,1.037598,-1.005371,0.128906,37.719727,-106.628418,37.658691
3225,1.051758,-1.000488,0.002441,43.884277,-105.895996,27.282715
3226,1.159668,-0.881836,-0.052246,36.804199,-94.421387,16.479492
3227,1.083496,-0.768066,-0.041992,15.502930,-52.062988,12.451172
3228,1.061523,-0.696289,0.093262,-4.333496,-34.545898,11.291504
3229,1.085938,-0.613770,0.126465,-23.437500,-26.245117,19.409180
3230,1.105469,-0.582031,0.158691,-34.973145,-23.376465,33.264160
3231,1.171875,-0.676270,0.058594,-39.611816,-19.165039,63.049316
3232,1.203613,-0.799316,-0.012207,-39.001465,-4.272461,62.011719
3233,1.162109,-0.673828,-0.146484,-17.700195,37.841797,25.390625
3234,1.040039,-0.574707,-0.142578,-1.831055,55.847168,4.211426
3235,0.897461,-0.511230,-0.107910,8.361816,67.626953,-12.451172
3236,0.783203,-0.462402,-0.116211,14.221191,78.002930,-22.094727
3237,0.684570,-0.413574,-0.106934,21.118164,86.486816,-27.465820
3238,0.573242,-0.349121,-0.074707,21.423340,97.412109,-26.794434
3239,0.543945,-0.333984,-0.085938,16.479492,100.891113,-22.277832
3240,0.505859,-0.347656,-0.128418,10.559082,106.933594,-16.113281
3241,0.448730,-0.349609,-0.094238,-0.366211,110.961914,-6.103516
3242,0.433594,-0.345703,-0.106934,-5.004883,106.933594,2.075195
3243,0.426758,-0.378906,-0.117188,-6.042480,98.083496,6.103516
3244,0.440918,-0.420898,-0.115234,-8.361816,86.120605,3.540039
3245,0.510254,-0.486816,-0.157715,-21.911621,63.964844,-11.291504
3246,0.527344,-0.514648,-0.174316,-32.104492,55.725098,-19.470215
3247,0.539062,-0.527832,-0.169922,-41.870117,46.569824,-25.390625
3248,0.547852,-0.561523,-0.104004,-56.274414,23.132324,-27.954102
3249,0.553223,-0.571289,-0.061035,-63.354492,11.535645,-27.832031
3250,0.555664,-0.558105,-0.052246,-64.392090,9.460449,-18.981934
3251,0.514648,-0.533203,-0.013184,-57.861328,17.883301,-9.643555
3252,0.487793,-0.517578,0.028320,-46.447754,27.770996,2.441406
3253,0.512695,-0.480957,0.170410,-10.437012,28.015137,35.034180
3254,0.529297,-0.486328,0.246582,8.911133,10.864258,51.879883
3255,0.527832,-0.480469,0.278809,29.541016,-13.793945,64.025879
3256,0.616699,-0.517090,0.282227,71.411133,-63.354492,69.396973
3257,0.739258,-0.522949,0.263184,91.796875,-84.289551,64.819336
3258,0.909180,-0.545410,0.266113,106.201172,-101.135254,59.936523
3259,1.079590,-0.622559,0.265625,109.375000,-114.868164,58.227539
3260,1.259766,-0.830078,0.244141,103.210449,-132.080078,46.142578
3261,1.287598,-0.883301,0.305664,91.308594,-134.704590,33.691406
3262,1.326660,-0.894531,0.390137,68.908691,-136.352539,21.606445
3263,1.361816,-0.942871,0.509766,-1.525879,-137.451172,1.708984
3264,1.329102,-0.956543,0.491211,-41.076660,-129.455566,-4.943848
3265,1.276367,-0.997070,0.416992,-77.392578,-109.680176,-11.779785
3266,1.177246,-1.100098,0.169922,-119.934082,-38.391113,-41.442871
3267,1.126465,-1.059570,0.043457,-118.225098,6.225586,-55.908203
3268,1.102051,-1.014648,-0.084473,-101.440430,52.978516,-63.842773
3269,1.022949,-0.977539,-0.123047,-78.063965,97.900391,-66.345215
3270,0.795410,-0.821777,-0.061523,-38.391113,160.339355,-60.546875
3271,0.722168,-0.729004,-0.074219,-22.521973,176.879883,-50.415039
3272,0.653809,-0.684082,-0.109863,4.821777,181.701660,-18.981934
3273,0.595215,-0.695312,-0.186523,18.005371,169.372559,-5.554199
3274,0.574219,-0.724121,-0.215332,32.958984,148.986816,0.549316
3275,0.566895,-0.733398,-0.234863,50.537109,124.084473,-0.366211
3276,0.533203,-0.693359,-0.232910,96.557617,75.256348,-28.808594
3277,0.509766,-0.571289,-0.166992,111.267090,54.687500,-48.828125
3278,0.493164,-0.447266,-0.090332,110.107422,36.071777,-59.204102
3279,0.423340,-0.300781,-0.025879,54.626465,8.728027,-46.813965
3280,0.401367,-0.284180,-0.013672,13.793945,0.244141,-34.179688
3281,0.417969,-0.327637,-0.018555,-23.864746,-9.399414,-19.775391
3282,0.468750,-0.432129,-0.003906,-50.476074,-21.850586,-8.239746
3283,0.494141,-0.565430,-0.004395,-71.716309,-45.471191,6.896973
3284,0.502930,-0.586426,0.020996,-70.373535,-53.161621,9.582520
3285,0.536621,-0.582520,0.067871,-66.528320,-59.631348,13.610840
3286,0.573730,-0.587402,0.113281,-60.241699,-66.894531,20.812988
3287,0.672852,-0.657227,0.154785,-40.649414,-83.435059,38.330078
3288,0.740723,-0.712891,0.142090,-27.282715,-91.430664,47.119141
3289,0.811523,-0.789062,0.101562,-11.352539,-96.435547,53.955078
3290,0.929688,-0.911133,0.015625,20.324707,-93.505859,53.710938
3291,1.010742,-0.925293,-0.006348,24.047852,-91.735840,50.476074
3292,1.035645,-1.044922,-0.179688,23.681641,-110.046387,57.983398
3293,0.751953,-1.025391,-0.286133,22.705078,-114.807129,51.879883
3294,0.692383,-0.887695,-0.189941,3.906250,-92.529297,43.884277
3295,0.775391,-0.737305,-0.162598,-13.549805,-65.673828,41.870117
3296,0.922363,-0.706055,-0.086426,-32.348633,-44.738770,50.659180
3297,0.979004,-0.692383,0.061523,-42.358398,-37.292480,73.120117
3298,0.959961,-0.727051,0.106445,-33.203125,-45.043945,77.941895
3299,0.967773,-0.754883,0.135742,-18.005371,-57.373047,75.927734
3300,1.015625,-0.734375,0.138672,-0.793457,-69.702148,71.533203
3301,1.026855,-0.706055,0.093262,15.808105,-73.547363,67.077637
3302,0.996582,-0.754883,-0.028809,48.583984,-45.715332,48.156738
3303,0.957520,-0.687012,-0.054199,63.598633,-20.141602,32.531738
3304,0.859863,-0.576660,-0.024414,72.814941,2.746582,20.507812
3305,0.686035,-0.443848,0.063477,63.110352,32.653809,4.333496
3306,0.639160,-0.428223,0.043457,50.781250,39.489746,-1.403809
3307,0.602539,-0.424316,0.007324,41.870117,44.128418,-5.859375
3308,0.527832,-0.423340,-0.040527,34.851074,51.086426,-10.559082
3309,0.518066,-0.439453,-0.055664,36.560059,50.476074,-10.803223
3310,0.522461,-0.461914,-0.072266,39.062500,45.837402,-12.817383
3311,0.497559,-0.485840,-0.082520,37.048340,30.029297,-21.545410
3312,0.468262,-0.456055,-0.120117,29.357910,24.475098,-22.705078
3313,0.455566,-0.421875,-0.125000,19.653320,20.202637,-20.690918
3314,0.473145,-0.451172,-0.062500,-13.000488,4.882812,-16.235352
3315,0.516113,-0.483398,-0.075195,-32.531738,-3.967285,-16.113281
3316,0.559082,-0.524414,-0.105469,-52.246094,-9.094238,-15.014648
3317,0.585449,-0.623047,-0.166992,-70.373535,-9.460449,-13.732910
3318,0.583984,-0.742676,-0.309570,-81.909180,-0.366211,-15.991211
3319,0.496582,-0.790039,-0.274902,-59.997559,32.653809,-35.400391
3320,0.511719,-0.726074,-0.095703,-49.316406,33.020020,-41.625977
3321,0.552246,-0.672852,0.034180,-45.959473,23.437500,-40.283203
3322,0.582031,-0.701660,-0.009766,-50.292969,17.456055,-34.851074
3323,0.549316,-0.880859,-0.380859,-41.137695,48.583984,-30.334473
3324,0.472656,-0.946289,-0.482422,-18.737793,73.547363,-34.606934
3325,0.345703,-1.027832,-0.547852,19.226074,90.148926,-39.367676
3326,0.339844,-1.076172,-0.517578,83.068848,79.528809,-41.809082
3327,0.625977,-0.960938,0.114746,153.869629,-15.319824,-19.531250
3328,0.746582,-1.007324,0.177246,142.333984,-72.814941,-7.385254
3329,0.910156,-1.033203,-0.138672,110.473633,-115.356445,-11.291504
3330,0.939941,-0.994629,-0.099121,95.275879,-103.637695,-14.709473
3331,0.947754,-0.940918,0.080078,67.504883,-89.050293,-18.310547
3332,0.958984,-0.891113,0.216309,26.611328,-77.758789,-19.409180
3333,1.020020,-0.876465,0.274902,-67.077637,-51.330566,-13.488770
3334,1.084961,-0.907715,0.181641,-106.872559,-29.663086,-3.662109
3335,1.116699,-0.993652,0.104004,-130.920410,-4.455566,10.803223
3336,1.142090,-1.080566,0.065918,-135.559082,26.977539,37.048340
3337,1.141113,-1.063477,0.149414,-126.770020,25.878906,46.875000
3338,1.141602,-1.070312,0.254883,-118.286133,12.268066,51.513672
3339,1.094727,-1.086426,0.252930,-99.243164,-23.376465,42.297363
3340,1.066406,-1.070312,0.204102,-84.960938,-30.944824,33.386230
3341,1.043457,-1.033203,0.181641,-71.960449,-31.250000,27.465820
3342,0.937988,-0.898438,0.104980,-50.781250,-13.793945,31.494141
3343,0.871582,-0.829590,0.042969,-37.353516,2.380371,43.334961
3344,0.792480,-0.769531,-0.020020,-20.324707,21.118164,57.128906
3345,0.655762,-0.669434,-0.061035,26.184082,50.292969,76.843262
3346,0.611328,-0.617188,-0.049805,53.039551,52.978516,80.688477
3347,0.582031,-0.575195,-0.048828,79.345703,49.438477,80.322266
3348,0.573730,-0.546875,-0.066406,101.257324,43.212891,76.293945
3349,0.573730,-0.476562,-0.141602,119.750977,37.109375,56.213379
3350,0.560059,-0.440918,-0.191895,112.060547,37.170410,40.527344
3351,0.590820,-0.414062,-0.260254,97.167969,36.743164,23.315430
3352,0.570312,-0.376953,-0.353516,62.866211,48.034668,3.112793
3353,0.485352,-0.389648,-0.235840,42.358398,58.715820,1.770020
3354,0.479492,-0.378418,-0.158691,16.662598,59.448242,8.239746
3355,0.514648,-0.390625,-0.143555,-11.169434,53.771973,16.296387
3356,0.551758,-0.518066,-0.180176,-49.194336,38.269043,20.629883
3357,0.613770,-0.506836,-0.126953,-54.748535,29.541016,14.282227
3358,0.666016,-0.501953,-0.050781,-57.495117,16.479492,8.117676
3359,0.729492,-0.564941,0.019531,-65.612793,-13.916016,-9.033203
3360,0.791504,-0.596680,-0.007812,-63.903809,-28.076172,-20.874023
3361,0.883301,-0.628418,-0.027344,-57.739258,-39.733887,-30.334473
3362,1.007812,-0.686523,-0.050781,-49.011230,-47.790527,-35.827637
3363,1.090332,-0.787109,-0.043945,-40.039062,-52.124023,-38.879395
3364,1.171875,-0.967285,-0.010254,-24.230957,-52.917480,-41.687012
3365,1.166504,-1.023926,0.016113,-11.840820,-57.434082,-47.119141
3366,1.172363,-1.145020,0.070801,28.320312,-82.458496,-75.744629
3367,1.171875,-1.144043,0.096680,48.767090,-96.130371,-95.642090
3368,1.034180,-1.042480,0.107910,69.458008,-102.905273,-131.591797
3369,0.951660,-1.002930,0.077637,65.124512,-91.430664,-142.150879
3370,0.926758,-0.976074,0.015625,51.025391,-71.289062,-142.517090
3371,0.853027,-0.951660,-0.187500,13.244629,-14.282227,-100.097656
3372,0.822266,-0.931641,-0.248047,-6.774902,17.639160,-66.833496
3373,0.788574,-0.868164,-0.235840,-24.414062,40.954590,-28.747559
3374,0.697754,-0.794922,-0.132324,-33.264160,34.790039,41.198730
3375,0.693848,-0.760742,-0.065430,-23.742676,8.666992,63.415527
3376,0.694824,-0.750488,-0.043945,-9.948730,-23.925781,76.416016
3377,0.684082,-0.721191,-0.074707,7.629395,-54.382324,79.528809
3378,0.631836,-0.622559,-0.129395,48.706055,-96.618652,64.208984
3379,0.590820,-0.552734,-0.103027,65.063477,-108.337402,50.781250
3380,0.585449,-0.444336,-0.074219,74.829102,-115.295410,39.916992
3381,0.563965,-0.339844,-0.036621,78.857422,-118.041992,35.827637
3382,0.500000,-0.315430,-0.028809,71.411133,-107.543945,33.813477
3383,0.489258,-0.342773,-0.047852,64.270020,-92.895508,30.822754
3384,0.481934,-0.357422,-0.086914,57.617188,-74.035645,27.832031
3385,0.474121,-0.373535,-0.081055,48.278809,-36.926270,22.460938
3386,0.460449,-0.397949,-0.062500,43.640137,-25.085449,19.409180
3387,0.451660,-0.437500,-0.053711,41.503906,-18.554688,13.732910
3388,0.459961,-0.449707,-0.040527,38.757324,-14.099121,-1.220703
3389,0.465332,-0.472656,-0.035156,34.484863,-14.465332,-8.361816
3390,0.483887,-0.489746,-0.037598,28.320312,-16.113281,-15.747070
3391,0.511719,-0.556152,-0.067383,13.061523,-13.305664,-22.460938
3392,0.507812,-0.595703,-0.093262,3.112793,-5.187988,-21.362305
3393,0.496582,-0.632812,-0.100586,-3.173828,5.615234,-15.808105
3394,0.463867,-0.739258,-0.040039,11.779785,9.643555,-3.051758
3395,0.470703,-0.750977,0.018066,31.921387,-3.967285,0.976562
3396,0.489258,-0.732422,0.059082,47.607422,-23.498535,3.356934
3397,0.596680,-0.684082,0.004883,36.254883,-33.996582,9.704590
3398,0.643555,-0.706543,-0.055664,21.362305,-19.104004,13.549805
3399,0.666992,-0.745605,-0.115234,10.925293,0.549316,14.221191
3400,0.675781,-0.803223,-0.158203,2.746582,39.489746,7.385254
3401,0.679688,-0.813965,-0.154785,0.488281,53.344727,2.563477
3402,0.680176,-0.828613,-0.137695,-1.281738,60.302734,-0.061035
3403,0.687988,-0.886230,-0.152832,-2.136230,63.232422,-4.699707
3404,0.708008,-0.941895,-0.206543,3.784180,64.758301,-13.244629
3405,0.747559,-0.911621,-0.179199,8.300781,61.584473,-11.962891
3406,0.815430,-0.892090,-0.139160,10.437012,53.283691,-6.042480
3407,0.930176,-0.946777,-0.039062,6.530762,28.503418,9.033203
3408,0.964844,-1.019531,-0.022949,7.324219,11.474609,14.709473
3409,1.016113,-1.029785,0.002441,9.948730,-6.530762,16.906738
3410,1.076172,-1.003906,-0.001953,13.610840,-20.141602,18.981934
3411,1.073242,-1.055176,-0.014648,21.545410,-23.193359,14.892578
3412,1.029297,-0.995117,0.030762,17.883301,-13.916016,3.356934
3413,0.955566,-0.862793,0.046387,4.272461,2.624512,-5.920410
3414,0.832520,-0.682129,0.132812,-29.418945,41.137695,-5.981445
3415,0.794922,-0.688965,0.135254,-44.067383,53.894043,1.647949
3416,0.770996,-0.676758,0.142578,-51.818848,60.180664,8.361816
3417,0.764160,-0.604980,0.177734,-63.171387,57.434082,27.282715
3418,0.767090,-0.621094,0.169434,-66.589355,52.551270,36.132812
3419,0.775879,-0.675293,0.121582,-62.500000,46.264648,39.794922
3420,0.773438,-0.725098,0.088867,-50.720215,40.222168,35.949707
3421,0.728516,-0.738770,0.128906,-15.869141,22.583008,14.038086
3422,0.696777,-0.705078,0.166016,-2.746582,10.437012,1.464844
3423,0.643555,-0.644531,0.212402,6.591797,-8.544922,-14.343262
3424,0.626465,-0.624512,0.211914,4.028320,-10.925293,-18.249512
3425,0.619141,-0.597168,0.208008,-1.586914,-9.887695,-18.737793
3426,0.615723,-0.557129,0.173340,-13.061523,-0.671387,-8.544922
3427,0.612793,-0.541992,0.171875,-16.540527,5.981445,0.427246
3428,0.591309,-0.527344,0.172363,-18.249512,12.634277,11.352539
3429,0.565918,-0.513184,0.180176,-18.066406,17.211914,22.033691
3430,0.554688,-0.502930,0.208496,-14.953613,15.197754,34.851074
3431,0.584473,-0.502930,0.197266,-12.084961,10.070801,36.193848
3432,0.629883,-0.496094,0.182617,-8.850098,4.272461,36.682129
3433,0.698730,-0.523438,0.140625,-4.211426,-2.380371,32.897949
3434,0.728027,-0.551758,0.121094,-3.417969,-2.380371,26.916504
3435,0.746582,-0.592773,0.104980,-2.441406,-0.793457,17.517090
3436,0.746094,-0.604980,0.090332,4.577637,6.958008,-12.390137
3437,0.734863,-0.561035,0.092773,12.512207,11.169434,-27.404785
3438,0.704590,-0.507812,0.104004,15.136719,14.526367,-38.757324
3439,0.589355,-0.384277,-0.009277,-10.131836,31.250000,-47.241211
3440,0.561035,-0.378418,-0.079590,-31.860352,52.246094,-46.691895
3441,0.580566,-0.437500,-0.140625,-48.034668,75.439453,-46.020508
3442,0.655273,-0.592285,-0.155273,-50.842285,96.923828,-48.706055
3443,0.611816,-0.678711,-0.104492,-40.283203,92.834473,-52.856445
3444,0.639648,-0.749023,-0.133789,-26.306152,79.284668,-57.922363
3445,0.667969,-0.836426,-0.179199,-10.192871,64.697266,-67.443848
3446,0.566406,-0.812988,-0.198730,12.390137,40.405273,-86.425781
3447,0.500000,-0.775879,-0.151367,16.052246,28.625488,-90.820312
3448,0.479980,-0.735352,-0.099121,11.474609,14.709473,-90.087891
3449,0.472168,-0.675781,-0.037598,-17.517090,-13.122559,-71.777344
3450,0.470703,-0.659180,-0.023926,-34.423828,-22.583008,-57.189941
3451,0.473145,-0.657715,-0.039551,-48.217773,-28.625488,-40.832520
3452,0.420898,-0.708496,-0.102051,-49.804688,-26.184082,-4.760742
3453,0.407227,-0.712891,-0.112793,-41.320801,-22.888184,14.526367
3454,0.435547,-0.681152,-0.107422,-30.578613,-26.245117,38.696289
3455,0.333984,-0.701172,-0.074219,-12.084961,-65.490723,89.172363
3456,0.409668,-0.756836,-0.036621,8.178711,-100.158691,99.609375
3457,0.579590,-0.812500,0.020020,30.578613,-139.099121,100.646973
3458,0.900879,-0.831055,0.026855,81.726074,-195.800781,95.642090
3459,0.932129,-0.875488,-0.020508,106.018066,-199.768066,81.359863
3460,0.949219,-0.906250,-0.106934,122.436523,-183.776855,60.302734
3461,0.978027,-0.918945,-0.049805,127.563477,-126.037598,18.798828
3462,0.941406,-0.840820,0.073242,116.394043,-108.642578,4.821777
3463,0.904297,-0.761230,0.205078,98.327637,-99.914551,-0.366211
3464,0.869141,-0.738770,0.324707,69.519043,-94.421387,0.244141
3465,0.934082,-0.795898,0.265137,13.427734,-78.247070,6.958008
3466,0.996582,-0.855469,0.147949,-8.544922,-56.152344,14.770508
3467,0.976074,-0.926270,-0.016113,-27.526855,-18.432617,21.179199
3468,0.770508,-0.783691,-0.242676,-42.724609,85.510254,24.414062
3469,0.644043,-0.690430,-0.204102,-45.776367,127.380371,25.878906
3470,0.549805,-0.620605,-0.137695,-46.386719,149.963379,25.939941
3471,0.458984,-0.589355,-0.077148,-39.794922,143.798828,20.446777
3472,0.429688,-0.602539,-0.104980,-27.648926,123.535156,11.657715
3473,0.398438,-0.644043,-0.137695,-7.629395,100.524902,-2.075195
3474,0.386230,-0.568359,-0.117676,37.048340,65.002441,-34.729004
3475,0.386719,-0.518066,-0.041504,44.006348,53.161621,-46.447754
3476,0.396484,-0.486328,0.016113,38.513184,41.809082,-52.429199
3477,0.395508,-0.451172,0.003418,2.441406,36.315918,-41.809082
3478,0.381836,-0.467773,0.002930,-16.174316,43.518066,-26.184082
3479,0.336426,-0.494629,0.022949,-30.395508,52.185059,-10.070801
3480,0.290039,-0.556152,0.088379,-36.560059,61.218262,8.117676
3481,0.356934,-0.592285,0.044434,-28.808594,62.438965,12.084961
3482,0.442871,-0.659180,-0.006348,-12.878418,63.110352,14.526367
3483,0.530273,-0.716797,-0.047363,5.065918,60.729980,11.840820
3484,0.607422,-0.746094,-0.082520,20.874023,57.250977,5.065918
3485,0.609863,-0.659668,-0.056152,42.114258,50.659180,-6.042480
3486,0.608887,-0.605469,0.001953,44.372559,43.395996,-2.441406
3487,0.852051,-0.673828,0.158203,30.700684,2.685547,22.766113
3488,1.055664,-0.823242,0.264160,20.385742,-35.095215,34.912109
3489,1.205078,-0.945312,0.372070,12.573242,-80.322266,38.208008
3490,1.338867,-1.058594,0.416992,8.544922,-122.802734,31.127930
3491,1.599121,-1.211426,0.319824,-4.882812,-160.278320,0.305176
3492,1.627441,-1.277344,0.233887,-19.348145,-145.568848,-17.944336
3493,1.359375,-1.204102,0.143555,-48.095703,-61.401367,-45.715332
3494,1.164062,-1.126465,0.156250,-55.297852,-7.324219,-48.217773
3495,1.017578,-1.059082,0.165039,-57.373047,42.358398,-42.602539
3496,0.932617,-1.002441,0.166992,-52.612305,78.979492,-30.456543
3497,0.823730,-0.949219,0.146484,-29.357910,103.149414,-3.479004
3498,0.793945,-0.882324,0.052734,-9.155273,100.402832,0.915527
3499,0.778809,-0.800293,-0.070801,12.268066,98.144531,0.122070
3500,0.750000,-0.713379,-0.208008,32.409668,100.830078,-5.676270
3501,0.645508,-0.553711,-0.225586,50.231934,102.111816,-26.611328
3502,0.579590,-0.509766,-0.234863,45.898438,95.764160,-37.597656
3503,0.529297,-0.473145,-0.244141,35.766602,85.205078,-45.288086
3504,0.496094,-0.418457,-0.269043,6.469727,57.373047,-46.203613
3505,0.511230,-0.449707,-0.281250,-14.343262,45.593262,-38.452148
3506,0.487305,-0.555664,-0.304688,-30.761719,35.766602,-33.813477
3507,0.406250,-0.673340,-0.271484,-29.846191,9.704590,-48.461914
3508,0.406250,-0.631836,-0.133301,-25.634766,-8.666992,-56.274414
3509,0.417480,-0.566406,-0.006348,-38.330078,-25.451660,-60.119629
3510,0.544434,-0.527344,0.025879,-93.688965,-43.762207,-54.870605
3511,0.587402,-0.583496,-0.007812,-121.704102,-41.625977,-47.241211
3512,0.584473,-0.641113,-0.054688,-146.179199,-32.836914,-34.667969
3513,0.562012,-0.676758,-0.199707,-147.277832,-2.624512,8.422852
3514,0.527344,-0.768066,-0.130371,-128.479004,9.460449,25.329590
3515,0.532227,-0.877441,0.009277,-104.309082,4.211426,28.259277
3516,0.642090,-0.859375,0.150879,-50.415039,-42.114258,21.789551
3517,0.645020,-0.845703,0.189453,-24.353027,-68.420410,18.127441
3518,0.694336,-0.800781,0.194336,-3.906250,-87.524414,14.038086
3519,0.786621,-0.760742,0.170898,9.826660,-96.069336,14.526367
3520,1.046387,-0.953125,0.009766,23.620605,-82.519531,12.634277
3521,1.088867,-0.956543,-0.094727,34.057617,-69.458008,4.760742
3522,1.019043,-0.898438,-0.122559,50.659180,-55.969238,-3.784180
3523,0.925293,-0.802734,0.021973,65.246582,-50.048828,-9.887695
3524,0.978027,-0.695312,0.266113,61.157227,-72.448730,5.187988
3525,1.026367,-0.710938,0.243164,45.898438,-82.763672,18.432617
3526,1.076172,-0.735352,0.155273,28.869629,-77.392578,28.320312
3527,1.132324,-0.697754,-0.062988,-1.647949,-27.099609,39.916992
3528,1.093750,-0.719238,-0.141113,-9.155273,1.342773,43.762207
3529,1.025391,-0.726562,-0.161621,-11.779785,20.874023,42.602539
3530,0.903809,-0.685059,-0.225098,-8.605957,30.700684,27.954102
3531,0.850098,-0.676270,-0.250000,-6.774902,28.808594,14.953613
3532,0.707031,-0.624023,-0.266113,-13.244629,28.137207,-10.681152
3533,0.635254,-0.551758,-0.284668,-24.169922,33.386230,-14.648438
3534,0.534180,-0.520020,-0.294922,-39.916992,42.846680,-9.887695
3535,0.428223,-0.500488,-0.327637,-58.593750,55.541992,-0.793457
3536,0.233887,-0.460938,-0.306641,-84.106445,81.237793,24.658203
3537,0.249023,-0.503418,-0.240723,-72.998047,73.547363,39.550781
3538,0.325195,-0.583008,-0.156250,-51.147461,52.001953,48.706055
3539,0.387207,-0.691406,-0.053223,3.540039,-9.094238,49.255371
3540,0.416016,-0.686523,-0.120117,26.611328,-32.348633,38.940430
3541,0.461914,-0.629395,-0.197266,44.799805,-42.480469,25.329590
3542,0.470215,-0.456543,-0.189453,54.870605,-32.653809,2.258301
3543,0.473633,-0.367188,-0.123535,36.010742,-20.202637,-5.126953
3544,0.505859,-0.324707,-0.086426,3.479004,-4.943848,-6.347656
3545,0.520508,-0.489258,-0.170898,-62.194824,40.649414,6.713867
3546,0.497559,-0.543457,-0.238281,-71.594238,65.917969,16.235352
3547,0.448730,-0.603516,-0.207520,-63.171387,83.801270,25.329590
3548,0.417969,-0.686523,-0.001953,-26.245117,74.096680,23.132324
3549,0.462891,-0.689941,0.072266,-7.263184,50.903320,17.089844
3550,0.554199,-0.680664,0.110352,10.253906,21.484375,14.709473
3551,0.646484,-0.729492,0.112305,21.179199,-5.981445,14.953613
3552,0.749512,-0.805176,-0.029297,24.108887,-32.958984,9.826660
3553,0.778809,-0.827637,-0.099609,31.005859,-31.982422,9.033203
3554,0.807129,-0.854980,-0.115723,40.649414,-23.986816,8.483887
3555,0.898926,-0.797852,0.019531,64.697266,-6.164551,13.000488
3556,0.893066,-0.765137,0.149414,75.439453,-6.530762,17.700195
3557,0.921875,-0.754395,0.230469,80.932617,-15.686035,21.850586
3558,1.106934,-0.905273,0.169434,73.425293,-44.189453,24.230957
3559,1.208496,-0.988281,0.108398,63.049316,-53.344727,20.568848
3560,1.250488,-1.050781,0.078125,51.452637,-56.945801,12.390137
3561,1.271484,-1.079590,0.080566,37.475586,-56.640625,2.136230
3562,1.222168,-1.088379,0.162109,5.859375,-51.269531,-17.089844
3563,1.138672,-1.055176,0.183105,-5.004883,-46.081543,-24.780273
3564,1.035645,-1.007812,0.172852,-9.399414,-34.423828,-28.747559
3565,0.756836,-0.855957,0.152832,-6.713867,9.155273,-22.766113
3566,0.663574,-0.781250,0.106934,-2.319336,32.897949,-15.380859
3567,0.620117,-0.766602,0.020996,4.272461,53.771973,-8.300781
3568,0.596191,-0.757812,-0.032715,14.404297,67.382812,-4.882812
3569,0.549316,-0.729980,-0.128906,30.395508,75.012207,-11.718750
3570,0.544434,-0.706055,-0.181641,34.423828,70.556641,-18.798828
3571,0.518555,-0.675293,-0.213867,37.719727,62.377930,-26.000977
3572,0.382324,-0.591309,-0.206543,33.203125,42.175293,-36.193848
3573,0.344238,-0.561035,-0.175781,23.010254,32.775879,-35.888672
3574,0.344238,-0.583008,-0.150879,8.422852,24.658203,-31.921387
3575,0.372070,-0.602051,-0.154785,-5.004883,18.737793,-26.489258
3576,0.443359,-0.710449,-0.096191,-20.690918,10.559082,-22.338867
3577,0.460938,-0.720215,-0.073730,-27.160645,7.934570,-24.414062
3578,0.460449,-0.717773,-0.060059,-32.104492,6.835938,-26.611328
3579,0.444336,-0.744141,-0.043457,-47.790527,8.117676,-27.587891
3580,0.460938,-0.735352,-0.026367,-57.006836,8.300781,-26.123047
3581,0.528320,-0.750977,-0.094727,-68.603516,9.399414,-1.892090
3582,0.550781,-0.807617,-0.178711,-65.856934,14.953613,11.779785
3583,0.530273,-0.846680,-0.199707,-54.565430,16.845703,20.141602
3584,0.479004,-0.835449,-0.128906,-41.503906,9.094238,22.705078
3585,0.443359,-0.714355,-0.067871,-21.606445,-31.311035,21.057129
3586,0.477051,-0.716309,-0.110352,-12.390137,-48.217773,23.193359
3587,0.525391,-0.761719,-0.128418,-1.647949,-60.668945,22.705078
3588,0.683105,-0.712402,-0.038086,21.484375,-86.669922,17.333984
3589,0.771484,-0.771973,0.034668,20.690918,-96.252441,18.615723
3590,0.847168,-0.805664,-0.000977,12.756348,-96.191406,18.615723
3591,0.927246,-0.891113,-0.059082,-17.456055,-57.800293,21.057129
3592,0.889160,-0.951172,-0.017578,-28.747559,-31.250000,16.662598
3593,0.834961,-0.965332,0.032715,-32.287598,-11.230469,7.507324
3594,0.755371,-0.912109,0.072266,-30.334473,3.662109,11.169434
3595,0.735840,-0.900391,0.018066,-29.174805,3.295898,24.169922
3596,0.770020,-0.930176,-0.009766,-7.812500,-18.676758,42.907715
3597,0.777832,-0.902344,-0.011230,10.009766,-37.658691,40.161133
3598,0.809570,-0.833008,-0.038086,24.414062,-55.114746,33.813477
3599,0.903809,-0.766113,-0.119141,24.719238,-60.729980,26.184082
3600,0.879395,-0.745117,-0.149414,20.751953,-46.020508,23.986816
3601,0.819336,-0.730957,-0.139160,19.897461,-27.404785,20.996094
3602,0.718750,-0.653320,-0.128418,12.512207,0.671387,16.845703
3603,0.669922,-0.619629,-0.121582,6.164551,9.216309,15.380859
3604,0.625488,-0.596191,-0.144531,0.244141,14.648438,11.840820
3605,0.591797,-0.602051,-0.195801,-3.906250,17.028809,-2.502441
3606,0.577637,-0.595215,-0.203613,-5.004883,16.296387,-10.803223
3607,0.574707,-0.590332,-0.210938,-7.568359,16.052246,-15.991211
3608,0.488281,-0.601562,-0.229980,-17.883301,25.451660,-20.690918
3609,0.440430,-0.574707,-0.211914,-22.521973,33.325195,-22.644043
3610,0.396973,-0.561035,-0.182617,-26.367188,39.367676,-21.301270
3611,0.358398,-0.605957,-0.151855,-26.489258,44.860840,-18.493652
3612,0.360352,-0.616211,-0.089355,-24.169922,37.475586,-17.211914
3613,0.357422,-0.619141,-0.055176,-22.338867,24.963379,-15.747070
3614,0.365234,-0.611816,-0.026367,-19.409180,12.634277,-14.160156
3615,0.413574,-0.651855,-0.050293,-13.549805,0.366211,-8.178711
3616,0.426270,-0.683594,-0.083008,-9.582520,4.577637,-7.751465
3617,0.417969,-0.676758,-0.083984,-6.286621,13.000488,-8.056641
3618,0.396484,-0.626465,-0.052734,-2.868652,19.531250,-6.164551
3619,0.444824,-0.609375,0.023438,0.732422,13.916016,5.065918
3620,0.528320,-0.694824,0.028320,2.990723,5.615234,12.023926
3621,0.718262,-0.876465,0.009766,3.601074,-9.948730,15.441895
3622,0.763184,-0.955078,0.001465,2.258301,-14.282227,12.268066
3623,0.776855,-0.957520,0.007324,2.502441,-13.305664,7.446289
3624,0.770020,-0.949707,0.038574,2.197266,-8.483887,6.042480
3625,0.821289,-0.901367,0.096191,0.915527,1.708984,5.737305
3626,0.889160,-0.922363,0.154297,0.122070,-1.159668,9.277344
3627,0.971191,-0.961426,0.196289,1.098633,-10.131836,11.169434
3628,1.092285,-1.068848,0.143555,12.084961,-19.897461,6.347656
3629,1.125977,-1.095215,0.106934,18.005371,-13.977051,0.061035
3630,1.075195,-1.081055,0.088867,17.395020,14.160156,-17.272949
3631,1.000977,-1.036621,0.067871,8.605957,31.066895,-24.353027
3632,0.903320,-0.986816,0.062988,-2.197266,47.790527,-28.198242
3633,0.736328,-0.910156,-0.012695,-23.254395,76.843262,-24.414062
3634,0.683594,-0.885742,-0.061523,-27.954102,89.843750,-16.906738
3635,0.641602,-0.848145,-0.098145,-27.221680,97.534180,-6.896973
3636,0.590332,-0.774414,-0.150879,-15.563965,93.505859,10.437012
3637,0.583496,-0.771484,-0.190918,-5.004883,84.411621,11.413574
3638,0.563477,-0.775879,-0.228027,8.056641,73.303223,6.225586
3639,0.500977,-0.703125,-0.233887,37.170410,47.851562,-14.892578
3640,0.480469,-0.636719,-0.192871,42.663574,32.775879,-24.291992
3641,0.481445,-0.606445,-0.168457,37.231445,17.944336,-28.686523
3642,0.525879,-0.633301,-0.163086,24.719238,5.615234,-29.907227
3643,0.599121,-0.702148,-0.140137,-1.892090,-0.244141,-32.775879
3644,0.614746,-0.750488,-0.127441,-14.343262,5.615234,-35.766602
3645,0.595215,-0.746582,-0.105957,-35.095215,30.700684,-41.076660
3646,0.478027,-0.637695,-0.104492,-46.752930,47.851562,-35.949707
3647,0.414551,-0.654297,-0.169922,-58.959961,64.147949,-27.282715
3648,0.351562,-0.665527,-0.238770,-64.208984,76.843262,-19.836426
3649,0.371094,-0.735840,-0.180176,-55.725098,56.518555,-6.774902
3650,0.427734,-0.764648,-0.120117,-46.264648,25.573730,-4.577637
3651,0.488281,-0.784180,-0.115234,-32.409668,-9.826660,-6.835938
3652,0.626465,-0.801758,-0.142090,-4.211426,-57.556152,-15.075684
3653,0.607910,-0.804688,-0.076660,5.249023,-65.673828,-21.484375
3654,0.572754,-0.764160,0.001465,8.728027,-66.772461,-28.015137
3655,0.498535,-0.597656,0.205078,-13.854980,-59.570312,-26.184082
3656,0.548340,-0.570312,0.242188,-33.630371,-50.781250,-11.718750
3657,0.595215,-0.602051,0.277832,-52.124023,-40.893555,5.126953
3658,0.703613,-0.663574,0.317871,-63.781738,-36.804199,21.728516
3659,0.825684,-0.781250,0.323730,-73.486328,-38.757324,30.517578
3660,0.933105,-0.833008,0.164062,-79.162598,-32.836914,24.169922
3661,0.972168,-0.828613,0.076172,-75.256348,-16.296387,22.277832
3662,0.979980,-0.853027,-0.002930,-46.203613,24.169922,31.250000
3663,0.968262,-0.932617,0.038574,-27.587891,35.644531,33.752441
3664,0.974609,-0.937500,0.048340,-5.249023,36.560059,31.799316
3665,0.915527,-0.841797,0.059570,29.296875,22.155762,31.921387
3666,0.873047,-0.784180,0.028320,41.015625,16.479492,35.217285
3667,0.850098,-0.714355,-0.045898,49.987793,16.662598,40.954590
3668,0.784180,-0.628906,-0.234375,61.889648,28.015137,49.499512
3669,0.709961,-0.660645,-0.312012,66.528320,31.127930,44.067383
3670,0.611328,-0.582031,-0.325195,75.561523,25.817871,15.563965
3671,0.569336,-0.534180,-0.233398,71.533203,17.150879,1.708984
3672,0.558594,-0.454590,-0.167969,52.978516,9.216309,-7.507324
3673,0.589355,-0.450684,-0.232422,-22.644043,24.597168,-15.502930
3674,0.611816,-0.499023,-0.277344,-63.598633,50.292969,-18.432617
3675,0.573242,-0.556152,-0.291504,-94.238281,80.871582,-19.042969
3676,0.446777,-0.663086,-0.248535,-115.844727,120.239258,-12.390137
3677,0.382812,-0.703125,-0.227051,-108.459473,122.863770,-7.263184
3678,0.325195,-0.720215,-0.191406,-93.872070,111.145020,-2.136230
3679,0.324219,-0.771973,-0.125000,-74.218750,86.547852,-1.098633
3680,0.388184,-0.763672,0.010742,-44.372559,17.272949,-6.774902
3681,0.407227,-0.765625,-0.028320,-32.958984,-3.662109,-9.460449
3682,0.432617,-0.739258,-0.029785,-22.705078,-9.277344,-12.878418
3683,0.451172,-0.643066,0.036133,-13.427734,6.469727,-6.896973
3684,0.508301,-0.631348,0.040039,-13.732910,20.996094,2.929688
3685,0.563477,-0.705078,0.043945,-10.925293,32.897949,13.793945
3686,0.547363,-0.764648,0.050781,0.976562,31.066895,23.620605
3687,0.521484,-0.747070,0.052246,12.207031,20.568848,26.000977
3688,0.555664,-0.734375,0.094727,20.568848,5.493164,28.686523
3689,0.628418,-0.756836,0.125488,25.146484,-14.465332,32.043457
3690,0.780273,-0.821777,0.137207,24.291992,-48.278809,33.752441
3691,0.852539,-0.843750,0.152344,21.423340,-58.654785,31.127930
3692,0.927734,-0.887695,0.191406,17.272949,-67.565918,27.709961
3693,1.037598,-1.008789,0.191406,6.530762,-72.509766,19.897461
3694,1.034668,-1.041504,0.206055,5.310059,-60.180664,13.916016
3695,1.005371,-1.015137,0.256348,2.624512,-40.283203,8.483887
3696,0.973633,-0.990234,0.285645,-0.305176,-17.639160,6.164551
3697,0.910156,-1.032227,0.185059,-0.976562,29.724121,1.220703
3698,0.825684,-1.033691,0.106934,6.042480,52.307129,-3.601074
3699,0.739746,-0.988770,0.036133,17.761230,69.458008,-8.666992
3700,0.629883,-0.879883,-0.068359,37.963867,78.186035,-15.441895
3701,0.604004,-0.833496,-0.107910,37.353516,73.059082,-16.357422
3702,0.595215,-0.815430,-0.136719,28.015137,64.697266,-16.540527
3703,0.558105,-0.772461,-0.175781,-2.014160,47.912598,-17.822266
3704,0.551270,-0.764160,-0.139160,-21.179199,40.039062,-19.165039
3705,0.548828,-0.753418,-0.125977,-37.597656,31.799316,-19.165039
3706,0.567871,-0.776855,-0.102051,-48.278809,24.108887,-18.432617
3707,0.574219,-0.836426,-0.059082,-48.706055,14.038086,-22.766113
3708,0.569824,-0.836426,-0.037598,-41.320801,13.122559,-25.878906
3709,0.542480,-0.810059,0.014160,-25.878906,14.038086,-34.606934
3710,0.529785,-0.783691,0.007812,-23.559570,17.211914,-39.916992
3711,0.528809,-0.766113,0.000000,-25.451660,22.766113,-44.494629
3712,0.490234,-0.761719,-0.132324,-37.902832,39.672852,-41.442871
3713,0.444824,-0.787109,-0.161621,-41.137695,51.757812,-38.146973
3714,0.424316,-0.804199,-0.154785,-46.386719,58.959961,-37.170410
3715,0.432129,-0.832520,-0.144043,-56.396484,50.292969,-38.024902
3716,0.437988,-0.829102,-0.181641,-55.114746,40.161133,-40.161133
3717,0.437988,-0.805176,-0.203125,-48.339844,31.982422,-39.428711
3718,0.422363,-0.743164,-0.141602,-41.687012,23.681641,-32.897949
3719,0.446289,-0.730469,-0.154297,-41.625977,20.141602,-25.878906
3720,0.548340,-0.746582,-0.159668,-42.541504,12.573242,-14.587402
3721,0.708984,-0.865234,-0.122070,-45.043945,-4.821777,-0.915527
3722,0.964355,-1.170410,0.110840,-52.978516,-76.049805,-6.530762
3723,1.069824,-1.192383,0.131348,-51.940918,-97.595215,-24.353027
3724,1.197754,-1.134766,0.139160,-49.987793,-93.383789,-37.475586
3725,1.267578,-1.152832,0.073242,-52.673340,-24.414062,-36.682129
3726,1.177734,-1.126465,0.103516,-47.973633,20.690918,-30.090332
3727,1.042969,-1.049316,0.188965,-42.419434,51.940918,-16.784668
3728,0.770020,-0.826172,0.201660,-20.751953,67.382812,18.859863
3729,0.708984,-0.735352,0.176758,-0.061035,54.870605,39.978027
3730,0.709473,-0.717285,0.178711,22.949219,32.348633,59.265137
3731,0.791992,-0.728027,0.097656,61.706543,-22.399902,76.721191
3732,0.817871,-0.673340,0.020996,78.674316,-41.198730,78.247070
3733,0.824219,-0.596191,-0.042480,96.801758,-49.682617,78.125000
3734,0.815918,-0.465820,-0.041016,111.206055,-54.199219,66.833496
3735,0.790039,-0.426758,-0.086426,102.722168,-50.781250,58.532715
3736,0.750488,-0.422363,-0.141602,83.984375,-41.625977,47.912598
3737,0.716797,-0.416992,-0.161133,55.175781,-29.846191,33.996582
3738,0.662598,-0.404297,-0.138672,-17.089844,-3.845215,6.896973
3739,0.642090,-0.445801,-0.111328,-54.199219,9.338379,-2.197266
3740,0.625488,-0.499023,-0.114746,-85.510254,22.338867,-10.009766
3741,0.630371,-0.551270,-0.114258,-105.773926,33.996582,-16.418457
3742,0.640137,-0.635254,-0.079102,-117.370605,46.081543,-23.376465
3743,0.629883,-0.663086,-0.082520,-113.952637,48.889160,-24.047852
3744,0.574707,-0.713379,-0.125977,-94.848633,54.199219,-23.498535
3745,0.550293,-0.705566,-0.160156,-79.467773,55.480957,-18.493652
3746,0.487305,-0.718750,-0.170898,-59.753418,57.006836,-11.169434
3747,0.451660,-0.744629,-0.057129,-12.878418,43.273926,-4.272461
3748,0.476074,-0.742188,-0.040527,8.972168,28.991699,-4.394531
3749,0.491211,-0.716309,-0.065430,29.113770,17.883301,-7.141113
3750,0.509766,-0.602539,-0.072754,55.297852,10.681152,-11.962891
3751,0.520020,-0.584961,-0.056641,56.396484,11.901855,-12.084961
3752,0.546387,-0.592773,-0.055664,48.278809,15.258789,-10.437012
3753,0.575684,-0.628906,-0.103027,34.606934,20.812988,-7.690430
3754,0.582520,-0.685059,-0.181641,9.399414,37.719727,-2.807617
3755,0.560547,-0.724609,-0.130371,0.183105,43.395996,-0.976562
3756,0.562988,-0.759766,-0.041016,-11.413574,41.809082,-1.037598
3757,0.621582,-0.870605,0.047363,-27.526855,23.437500,-10.498047
3758,0.683594,-0.871094,0.098633,-33.203125,15.441895,-16.174316
3759,0.813965,-0.889160,0.178711,-39.367676,8.117676,-15.136719
3760,0.978516,-0.976074,0.251953,-48.645020,-3.356934,-6.469727
3761,1.109375,-1.119629,0.291992,-57.556152,-23.620605,1.647949
3762,1.129395,-1.117676,0.310547,-56.884766,-24.963379,-0.366211
3763,1.095703,-1.042969,0.309570,-54.931641,-8.544922,-8.361816
3764,1.061035,-1.027344,0.235352,-54.199219,11.230469,-10.925293
3765,1.046875,-1.021973,0.126465,-53.649902,38.452148,-10.864258
3766,0.980957,-1.004395,0.050781,-49.194336,67.932129,-6.652832
3767,0.917969,-0.997070,0.060547,-43.762207,89.843750,-1.342773
3768,0.879883,-0.971680,0.108398,-46.997070,92.102051,13.671875
3769,0.851074,-0.966797,0.132812,-50.781250,75.134277,19.104004
3770,0.790527,-0.968750,0.150391,-51.391602,51.635742,19.287109
3771,0.674316,-0.860352,0.176758,-37.170410,17.761230,6.530762
3772,0.625000,-0.794922,0.169434,-31.433105,16.784668,1.342773
3773,0.553711,-0.691895,0.139160,-23.925781,25.451660,-0.366211
3774,0.484375,-0.587891,0.118164,-14.282227,41.564941,2.746582
3775,0.412109,-0.485352,0.083008,7.141113,74.768066,17.333984
3776,0.434082,-0.496094,0.073242,15.869141,81.176758,25.329590
3777,0.461426,-0.505371,0.048828,21.362305,79.589844,31.738281
3778,0.474609,-0.499512,0.021973,25.329590,73.059082,36.254883
3779,0.479980,-0.464844,-0.012207,25.695801,57.495117,38.452148
3780,0.488770,-0.427734,-0.017090,20.507812,49.011230,36.804199
3781,0.511230,-0.402832,-0.004883,12.451172,38.635254,34.851074
3782,0.550781,-0.408203,0.022461,1.647949,25.573730,33.142090
3783,0.666992,-0.503418,0.003418,-24.963379,2.014160,25.390625
3784,0.704102,-0.600098,-0.022949,-36.499023,-2.258301,16.052246
3785,0.726074,-0.681152,-0.061035,-47.058105,-0.610352,2.563477
3786,0.757812,-0.710449,-0.116699,-62.988281,20.568848,-25.939941
3787,0.767578,-0.691406,-0.072266,-67.993164,34.057617,-35.949707
3788,0.774414,-0.703125,-0.013672,-75.439453,41.503906,-41.687012
3789,0.835938,-0.774414,0.037109,-93.505859,36.315918,-44.372559
3790,0.865234,-0.827637,0.029785,-99.792480,28.015137,-43.151855
3791,0.884766,-0.854980,0.010254,-103.332520,21.179199,-40.771484
3792,0.894043,-0.868164,-0.002441,-102.966309,17.700195,-34.545898
3793,0.901367,-0.937012,0.004883,-88.073730,14.160156,-18.249512
3794,0.927734,-0.963379,0.013672,-73.669434,6.713867,-12.695312
3795,1.006348,-0.962891,0.041504,-36.254883,-21.423340,-3.906250
3796,1.056152,-0.963379,0.068359,-20.507812,-39.001465,-3.112793
3797,1.090820,-0.940918,0.052734,-6.408691,-54.748535,-5.920410
3798,1.107910,-0.922363,0.024902,4.089355,-63.110352,-11.413574
3799,1.101074,-0.916504,-0.035156,8.544922,-49.865723,-33.203125
3800,0.944824,-0.889160,-0.157227,5.981445,-28.747559,-47.790527
3801,0.828613,-0.840820,-0.187012,1.281738,-2.868652,-60.668945
3802,0.723145,-0.788574,-0.181641,-4.150391,21.911621,-67.138672
3803,0.576660,-0.730469,-0.089844,-22.094727,47.424316,-52.490234
3804,0.542969,-0.703125,-0.068359,-36.254883,41.992188,-34.545898
3805,0.550293,-0.698730,-0.013184,-57.434082,6.103516,6.896973
3806,0.604980,-0.703613,0.033203,-72.326660,-17.700195,26.733398
3807,0.646973,-0.761719,0.006836,-83.312988,-39.489746,44.921875
3808,0.692871,-0.803223,-0.047852,-84.228516,-55.908203,56.945801
3809,0.708496,-0.685547,-0.010742,-53.955078,-74.951172,77.148438
3810,0.721680,-0.609863,0.062988,-32.531738,-86.975098,84.655762
3811,0.754883,-0.518066,0.111816,-9.521484,-103.515625,90.332031
3812,0.715820,-0.446777,0.061523,32.470703,-129.150391,84.716797
3813,0.710938,-0.456543,-0.015625,49.255371,-128.479004,70.434570
3814,0.700195,-0.485840,-0.099121,66.467285,-116.516113,51.208496
3815,0.649414,-0.507812,-0.149414,96.252441,-71.960449,5.737305
3816,0.590820,-0.572754,-0.149414,96.069336,-48.950195,-13.671875
3817,0.591309,-0.506348,-0.137207,88.562012,-27.587891,-26.611328
3818,0.541016,-0.476074,-0.118164,57.739258,11.352539,-27.954102
3819,0.511230,-0.530762,-0.086426,31.188965,28.503418,-26.977539
3820,0.520508,-0.579590,-0.122070,-22.460938,59.204102,-21.728516
3821,0.520020,-0.747070,-0.110840,-27.770996,64.514160,-17.761230
3822,0.539551,-0.758789,-0.124512,-24.780273,62.255859,-11.047363
3823,0.511230,-0.816895,-0.030762,-26.855469,55.236816,-6.469727
3824,0.538574,-0.663574,-0.144043,-32.348633,39.916992,-4.150391
3825,0.661133,-0.548340,-0.136230,-39.916992,37.597656,3.784180
3826,0.668457,-0.667969,-0.141113,-57.983398,65.673828,20.935059
3827,0.650879,-0.769531,-0.150391,-48.767090,85.510254,29.968262
3828,0.576172,-0.884766,-0.085449,-27.221680,98.815918,32.470703
3829,0.518066,-0.915527,0.013672,-1.831055,97.473145,28.015137
3830,0.524902,-0.798828,0.096191,50.659180,62.133789,19.714355
3831,0.540527,-0.766602,0.105469,69.213867,36.743164,17.333984
3832,0.577637,-0.752930,0.060547,77.758789,14.404297,12.939453
3833,0.623047,-0.749023,-0.004883,79.406738,2.990723,6.652832
3834,0.700684,-0.772949,-0.064453,70.251465,5.493164,-10.559082
3835,0.732910,-0.743164,-0.088379,59.692383,11.413574,-18.615723
3836,0.780273,-0.687988,-0.113770,48.583984,15.930176,-21.057129
3837,0.848145,-0.748535,-0.020996,4.821777,20.568848,-17.517090
3838,0.912109,-0.774414,0.007812,-21.057129,19.226074,-14.038086
3839,1.014648,-0.811523,0.040039,-45.288086,18.676758,-4.882812
3840,1.109375,-0.999512,0.064453,-74.523926,26.428223,18.188477
3841,1.066895,-1.066406,0.052246,-74.096680,37.719727,19.653320
3842,1.029297,-1.086426,0.064453,-65.063477,53.405762,15.686035
3843,0.973145,-1.078613,0.082520,-39.855957,79.406738,9.094238
3844,0.914551,-1.037598,0.058105,-27.038574,84.838867,8.972168
3845,0.851562,-0.958984,0.062500,-11.169434,83.740234,12.634277
3846,0.795410,-0.849121,0.161133,17.517090,55.297852,26.184082
3847,0.797852,-0.826660,0.176758,28.625488,30.456543,31.860352
3848,0.804199,-0.812988,0.160156,38.452148,5.249023,34.301758
3849,0.821777,-0.792480,0.134277,46.142578,-15.136719,33.874512
3850,0.832520,-0.725098,0.071777,52.856445,-33.752441,28.686523
3851,0.814453,-0.696777,0.065918,53.039551,-32.470703,25.024414
3852,0.744141,-0.611816,0.102539,43.640137,-19.348145,15.686035
3853,0.700195,-0.567871,0.117188,36.376953,-10.986328,12.023926
3854,0.655762,-0.529297,0.126953,28.259277,-2.441406,9.155273
3855,0.599121,-0.464355,0.152832,13.244629,13.061523,10.620117
3856,0.578613,-0.439941,0.129883,5.981445,21.057129,13.977051
3857,0.562988,-0.430664,0.112793,-0.427246,31.738281,18.554688
3858,0.554199,-0.446289,0.100586,-3.967285,43.212891,22.338867
3859,0.540039,-0.500000,0.054688,0.000000,54.199219,23.376465
3860,0.503418,-0.509277,0.033691,6.225586,55.664062,18.493652
3861,0.462402,-0.508301,0.020996,13.549805,54.931641,10.009766
3862,0.433105,-0.510742,0.036621,21.667480,50.964355,-1.708984
3863,0.450684,-0.469727,0.090332,30.151367,34.240723,-24.353027
3864,0.479004,-0.461426,0.065430,28.320312,28.686523,-31.250000
3865,0.522461,-0.482910,0.018066,25.939941,26.672363,-35.339355
3866,0.560547,-0.603027,-0.006348,15.258789,28.625488,-43.395996
3867,0.562500,-0.602051,0.002441,6.347656,29.724121,-45.288086
3868,0.526855,-0.578125,0.008789,-4.516602,30.517578,-42.175293
3869,0.482910,-0.538574,0.030273,-16.174316,31.311035,-36.376953
3870,0.473145,-0.516602,0.073242,-28.503418,31.555176,-28.442383
3871,0.541504,-0.593262,0.130371,-57.006836,28.747559,-15.258789
3872,0.596680,-0.671387,0.077148,-64.331055,28.320312,-13.916016
3873,0.626465,-0.750977,0.004395,-63.232422,31.616211,-15.991211
3874,0.597168,-0.828613,-0.019043,-40.283203,39.367676,-29.724121
3875,0.562988,-0.812012,0.033203,-26.977539,37.414551,-36.682129
3876,0.521973,-0.775391,0.086914,-16.662598,30.029297,-41.931152
3877,0.542969,-0.774414,0.149902,-4.150391,4.272461,-49.438477
3878,0.600098,-0.809570,0.131348,-3.784180,-7.324219,-51.513672
3879,0.675781,-0.855469,0.093750,-6.347656,-13.366699,-53.222656
3880,0.835449,-0.946777,0.088867,-18.310547,-14.343262,-54.687500
3881,0.873047,-1.002930,0.084473,-24.475098,-10.925293,-56.945801
3882,0.869629,-1.046875,0.083008,-27.893066,-3.234863,-62.316895
3883,0.861328,-1.058105,0.179199,-38.146973,19.836426,-69.030762
3884,0.879883,-1.054199,0.198242,-50.415039,30.700684,-65.673828
3885,0.888184,-1.072754,0.173828,-61.889648,40.100098,-57.800293
3886,0.903809,-1.109863,0.133301,-67.749023,46.203613,-48.522949
3887,0.905762,-1.136230,0.114258,-55.847168,35.827637,-31.921387
3888,0.894043,-1.093750,0.123535,-40.222168,21.179199,-26.489258
3889,0.919434,-1.029785,0.135254,-22.644043,3.662109,-20.935059
3890,1.049805,-0.944824,0.087891,14.404297,-34.362793,-5.676270
3891,1.103027,-0.945801,0.135254,35.339355,-53.405762,-4.455566
3892,1.180176,-0.933594,0.187500,48.706055,-74.523926,-6.774902
3893,1.220215,-0.932617,0.212891,53.710938,-93.322754,-10.314941
3894,1.262207,-0.895996,0.121094,38.391113,-104.370117,-16.052246
3895,1.217773,-0.846680,0.065918,26.489258,-93.017578,-15.808105
3896,1.053223,-0.707031,0.048828,0.793457,-45.898438,-12.329102
3897,0.960938,-0.647949,0.026367,-6.713867,-17.456055,-10.131836
3898,0.853027,-0.505371,-0.045410,-1.708984,40.100098,-9.826660
3899,0.820312,-0.474609,-0.054688,2.624512,59.875488,-6.530762
3900,0.808105,-0.497559,-0.112793,3.784180,73.486328,-3.845215
3901,0.766113,-0.523926,-0.178223,2.929688,83.862305,-4.089355
3902,0.692383,-0.463867,-0.178223,-4.699707,85.754395,-13.000488
3903,0.645996,-0.433594,-0.148438,-13.793945,73.669434,-14.038086
3904,0.618164,-0.408691,-0.107422,-27.099609,56.396484,-11.901855
3905,0.610352,-0.380859,-0.075195,-57.617188,14.709473,3.173828
3906,0.635742,-0.401855,-0.077148,-66.345215,-5.798340,14.831543
3907,0.675781,-0.437988,-0.053711,-70.007324,-24.169922,25.573730
3908,0.755371,-0.546387,0.025879,-60.974121,-57.434082,36.743164
3909,0.784668,-0.565430,0.062988,-52.001953,-70.739746,35.461426
3910,0.806641,-0.535645,0.065918,-41.198730,-79.406738,33.752441
3911,0.777344,-0.460938,0.062500,-11.169434,-79.345703,34.362793
3912,0.743164,-0.403320,0.057129,5.920410,-72.753906,34.606934
3913,0.714355,-0.368164,0.051270,21.179199,-63.781738,35.156250
3914,0.687500,-0.411133,-0.011719,43.090820,-45.349121,27.832031
3915,0.654297,-0.406738,-0.022461,51.696777,-39.367676,20.751953
3916,0.616699,-0.398438,0.000977,57.556152,-37.658691,13.427734
3917,0.581055,-0.386230,0.023926,58.166504,-38.452148,6.347656
3918,0.498535,-0.335449,0.002441,48.706055,-35.461426,-3.417969
3919,0.480469,-0.322266,-0.025391,43.640137,-28.442383,-4.333496
3920,0.470215,-0.335938,-0.033203,36.682129,-18.981934,-4.577637
3921,0.474609,-0.379883,-0.082031,10.925293,3.967285,-2.563477
3922,0.437500,-0.411621,-0.115234,-0.366211,16.845703,1.708984
3923,0.390137,-0.479980,-0.099121,-10.864258,35.339355,10.192871
3924,0.381348,-0.521973,-0.059082,-4.638672,32.165527,11.413574
3925,0.379883,-0.541504,-0.024414,7.446289,19.897461,9.887695
3926,0.410645,-0.524902,0.032227,30.517578,-15.380859,6.591797
3927,0.456543,-0.507812,0.020020,32.836914,-27.648926,7.324219
3928,0.520996,-0.519531,-0.009766,28.686523,-31.555176,10.681152
3929,0.565430,-0.556152,-0.027832,21.484375,-29.418945,13.488770
3930,0.590820,-0.598145,-0.015137,10.986328,-19.775391,14.221191
3931,0.581543,-0.629395,0.012207,12.390137,-17.211914,13.671875
3932,0.625488,-0.663086,0.066895,26.672363,-21.789551,13.427734
3933,0.664551,-0.690430,0.056152,37.475586,-26.428223,14.038086
3934,0.689941,-0.715820,0.027832,49.438477,-29.052734,12.939453
3935,0.714844,-0.723145,-0.001953,61.218262,-28.320312,9.216309
3936,0.744141,-0.737793,-0.048828,74.279785,-16.418457,-2.075195
3937,0.740234,-0.735840,-0.063965,74.768066,-7.690430,-8.850098
3938,0.729492,-0.748047,-0.065918,72.937012,-0.671387,-14.404297
3939,0.758789,-0.818848,-0.074707,60.729980,9.826660,-21.423340
3940,0.805664,-0.880371,-0.076172,54.382324,12.268066,-24.963379
3941,0.842285,-0.921875,-0.067383,49.316406,12.145996,-27.099609
3942,0.881836,-0.963379,-0.041992,35.644531,7.446289,-21.362305
3943,0.927246,-0.989746,0.009766,29.174805,2.807617,-15.747070
3944,0.971680,-1.030762,0.070312,19.958496,-6.347656,-11.474609
3945,0.954590,-1.065430,0.052246,1.220703,-20.507812,-17.944336
3946,0.908691,-1.046387,0.053223,-7.385254,-16.235352,-27.465820
3947,0.878418,-1.023926,0.077148,-17.578125,-5.554199,-38.757324
3948,0.831543,-0.979980,0.038086,-45.166016,33.996582,-39.611816
3949,0.802246,-1.011230,-0.009766,-55.297852,59.753418,-27.465820
3950,0.753418,-1.032227,0.011230,-61.584473,79.162598,-12.268066
3951,0.681152,-1.032227,0.071289,-64.758301,85.510254,1.647949
3952,0.664062,-0.911621,0.169922,-63.415527,58.837891,27.221680
3953,0.635254,-0.937500,0.140625,-62.255859,39.916992,39.367676
3954,0.626953,-0.959473,0.117676,-52.246094,22.094727,45.166016
3955,0.670898,-0.882324,0.170898,-27.587891,-11.657715,54.931641
3956,0.670410,-0.856445,0.165527,-16.906738,-20.629883,57.983398
3957,0.679199,-0.828613,0.162109,-3.784180,-25.451660,58.898926
3958,0.638184,-0.727539,0.168457,19.775391,-26.184082,56.152344
3959,0.595703,-0.657715,0.158203,29.541016,-21.972656,54.382324
3960,0.572266,-0.594238,0.166016,37.353516,-17.089844,54.809570
3961,0.559082,-0.544434,0.170410,40.771484,-12.512207,56.701660
3962,0.549316,-0.482422,0.132324,36.926270,-3.540039,59.997559
3963,0.560547,-0.468262,0.099609,32.470703,1.770020,60.363770
3964,0.580566,-0.465820,0.056152,22.338867,12.756348,57.495117
3965,0.578125,-0.464844,0.041992,15.502930,18.249512,52.734375
3966,0.574707,-0.454102,0.032227,7.751465,23.132324,46.875000
3967,0.574219,-0.437500,0.017090,-12.695312,29.724121,39.245605
3968,0.601074,-0.462402,0.018066,-21.789551,31.372070,35.644531
3969,0.631836,-0.505371,0.037598,-28.625488,30.578613,30.639648
3970,0.645508,-0.585449,0.057617,-29.174805,17.395020,13.061523
3971,0.651367,-0.595215,0.059570,-25.024414,8.789062,3.173828
3972,0.678711,-0.609375,0.029785,-19.775391,1.892090,-4.333496
3973,0.759277,-0.635742,-0.016113,-7.507324,-5.859375,-12.939453
3974,0.791504,-0.654297,-0.004883,-2.746582,-10.375977,-17.456055
3975,0.815430,-0.672363,0.022949,-0.488281,-17.761230,-24.047852
3976,0.854980,-0.728516,0.032715,-3.295898,-35.339355,-43.579102
3977,0.879395,-0.754395,0.008789,-3.906250,-41.687012,-56.152344
3978,0.936035,-0.805664,-0.012207,-5.554199,-44.128418,-78.552246
3979,0.972656,-0.837402,-0.008789,-11.718750,-40.832520,-85.327148
3980,1.018555,-0.868652,-0.014648,-24.291992,-34.545898,-87.219238
3981,1.061523,-0.918457,-0.025879,-39.733887,-27.343750,-85.876465
3982,1.044922,-0.998047,0.052246,-58.166504,-21.362305,-84.106445
3983,1.040039,-1.027344,0.120605,-60.302734,-27.343750,-84.228516
3984,1.040039,-1.072754,0.162109,-60.729980,-38.269043,-85.998535
3985,1.041504,-1.107910,0.159180,-59.204102,-49.072266,-89.782715
3986,0.970703,-1.094238,0.046875,-58.959961,-38.208008,-99.182129
3987,0.893066,-1.045410,0.032715,-61.706543,-18.676758,-101.196289
3988,0.819336,-0.982422,0.051758,-68.725586,1.464844,-94.848633
3989,0.749023,-0.910156,0.049805,-78.247070,16.906738,-77.026367
3990,0.624023,-0.819336,0.008789,-87.524414,34.851074,-18.798828
3991,0.581055,-0.783203,0.004395,-79.833984,33.081055,13.854980
3992,0.562500,-0.761719,0.015137,-58.776855,21.789551,44.555664
3993,0.590332,-0.707031,0.056152,12.329102,-23.742676,87.463379
3994,0.623047,-0.676270,0.060547,55.725098,-52.062988,99.243164
3995,0.652344,-0.662598,0.053223,145.568848,-102.294922,93.017578
3996,0.678223,-0.524414,0.032715,180.969238,-117.919922,79.589844
3997,0.656250,-0.443359,0.031738,204.101562,-124.511719,62.255859
3998,0.625000,-0.366211,0.028320,211.303711,-123.291016,43.457031
3999,0.549316,-0.253418,-0.001465,179.992676,-98.022461,8.239746
4000,0.507812,-0.226074,-0.015137,148.681641,-75.561523,-5.615234
4001,0.478027,-0.199707,-0.036621,72.021484,-20.324707,-17.822266
4002,0.465820,-0.232910,-0.072754,31.860352,8.789062,-16.601562
4003,0.451660,-0.289551,-0.103027,-4.272461,36.437988,-14.465332
4004,0.435547,-0.413574,-0.051270,-56.030273,69.702148,-14.465332
4005,0.424316,-0.469727,-0.025391,-67.443848,69.824219,-14.953613
4006,0.412598,-0.523438,-0.003418,-69.702148,61.767578,-15.808105
4007,0.412109,-0.576172,0.008301,-65.612793,49.255371,-17.211914
4008,0.459961,-0.642090,0.004395,-47.485352,23.254395,-21.667480
4009,0.496582,-0.684082,0.005371,-33.996582,13.610840,-21.972656
4010,0.543945,-0.749023,0.009277,-3.723145,-5.065918,-20.324707
4011,0.576660,-0.750977,0.022949,11.474609,-11.718750,-16.479492
4012,0.612793,-0.747070,0.033203,25.024414,-15.747070,-9.826660
4013,0.657715,-0.738770,0.003906,45.654297,-13.244629,5.798340
4014,0.659180,-0.758301,-0.009766,55.358887,-6.530762,9.948730
4015,0.683594,-0.773438,-0.020508,62.194824,0.915527,10.620117
4016,0.715332,-0.764160,-0.037598,66.528320,6.774902,10.620117
4017,0.747070,-0.795898,-0.020996,69.946289,8.789062,13.671875
4018,0.755371,-0.825684,0.009766,61.279297,7.690430,15.563965
4019,0.763672,-0.858887,-0.009277,51.330566,6.164551,16.967773
4020,0.839355,-0.928223,-0.028320,42.724609,7.507324,15.014648
4021,0.919922,-0.932129,0.026367,39.123535,5.615234,14.831543
4022,0.988770,-0.946777,0.072754,31.372070,1.037598,15.563965
4023,1.058594,-0.944336,0.105469,5.371094,-0.976562,7.629395
4024,1.077637,-0.956543,0.059082,-9.216309,7.995605,0.854492
4025,1.054688,-0.960449,0.005859,-19.165039,24.475098,-8.483887
4026,0.931641,-0.957520,-0.013184,-41.992188,73.059082,-26.245117
4027,0.912598,-0.936523,0.011230,-55.908203,89.050293,-28.259277
4028,0.871582,-0.916016,0.086914,-71.594238,92.956543,-22.827148
4029,0.817871,-0.927246,0.093262,-111.572266,82.580566,-4.211426
4030,0.822754,-0.927246,0.075195,-125.793457,72.998047,6.652832
4031,0.794922,-0.928223,0.084961,-132.995605,59.020996,16.418457
4032,0.769043,-0.917480,0.179688,-129.699707,20.996094,26.977539
4033,0.757812,-0.893066,0.171875,-119.384766,2.990723,27.893066
4034,0.725586,-0.886230,0.152344,-103.332520,-7.507324,27.343750
4035,0.658691,-0.778320,0.195801,-66.040039,-10.620117,22.521973
4036,0.615234,-0.705566,0.205078,-47.363281,-6.652832,23.681641
4037,0.588867,-0.639160,0.201660,-29.541016,0.183105,28.625488
4038,0.570312,-0.596680,0.173340,1.098633,21.545410,45.532227
4039,0.556152,-0.575684,0.047852,12.756348,36.071777,51.940918
4040,0.570312,-0.554199,0.020996,22.155762,47.668457,55.175781
4041,0.555664,-0.512695,0.001465,32.836914,57.434082,58.837891
4042,0.545898,-0.488770,-0.008789,35.705566,56.823730,57.312012
4043,0.530273,-0.479492,-0.017578,38.818359,51.879883,54.931641
4044,0.482910,-0.447266,0.028809,39.123535,32.592773,42.785645
4045,0.500977,-0.416016,0.031250,33.996582,20.385742,37.231445
4046,0.514160,-0.418457,0.020996,25.268555,10.742188,32.775879
4047,0.621582,-0.422852,-0.009277,-6.652832,5.065918,28.625488
4048,0.661621,-0.473633,-0.070312,-23.193359,8.361816,30.212402
4049,0.678223,-0.538574,-0.114258,-36.315918,15.197754,28.808594
4050,0.722656,-0.635742,-0.096191,-47.851562,15.625000,18.981934
4051,0.750488,-0.655762,-0.040039,-41.870117,1.831055,11.108398
4052,0.764648,-0.666504,0.047363,-32.897949,-19.897461,1.098633
4053,0.793457,-0.662109,0.098145,-26.916504,-43.640137,-9.704590
4054,0.930176,-0.680176,0.030273,-24.353027,-72.998047,-22.888184
4055,0.984863,-0.745117,-0.039062,-25.024414,-71.960449,-28.930664
4056,1.033203,-0.789062,-0.080566,-23.742676,-62.377930,-36.682129
4057,1.072754,-0.891113,-0.094238,-17.578125,-34.057617,-50.231934
4058,1.104004,-0.918457,-0.035156,-10.131836,-28.259277,-56.701660
4059,1.113770,-0.925293,0.157715,3.540039,-52.368164,-67.077637
4060,1.110352,-0.919434,0.269043,2.258301,-73.364258,-72.814941
4061,1.108887,-0.927734,0.298340,-5.554199,-92.590332,-79.895020
4062,1.094238,-0.943359,0.230957,-18.188477,-97.534180,-88.134766
4063,1.034180,-0.944336,0.052246,-47.058105,-48.706055,-102.416992
4064,1.004395,-0.913574,0.037598,-62.744141,-12.878418,-95.336914
4065,0.895508,-0.896484,-0.008301,-73.913574,18.798828,-77.026367
4066,0.732910,-0.840820,0.005859,-69.458008,52.001953,-22.521973
4067,0.679688,-0.813477,0.056152,-52.917480,44.311523,7.507324
4068,0.657715,-0.791992,0.090820,-27.404785,22.583008,33.813477
4069,0.633789,-0.694336,0.070312,51.330566,-39.489746,66.955566
4070,0.632812,-0.615723,0.076660,93.872070,-68.359375,73.852539
4071,0.628906,-0.545898,0.052734,129.577637,-89.843750,74.890137
4072,0.630859,-0.481934,0.007812,157.043457,-100.463867,69.702148
4073,0.560059,-0.379883,-0.044922,180.969238,-96.374512,42.724609
4074,0.529785,-0.320801,-0.048340,175.415039,-85.876465,25.146484
4075,0.452148,-0.248535,-0.038574,133.361816,-57.373047,-8.544922
4076,0.424316,-0.231934,-0.033203,102.111816,-40.771484,-20.751953
4077,0.396484,-0.233887,-0.030762,66.467285,-23.986816,-28.137207
4078,0.388672,-0.283203,-0.099121,-1.647949,14.343262,-33.264160
4079,0.407227,-0.390625,-0.118164,-28.869629,35.705566,-35.339355
4080,0.427246,-0.461914,-0.111816,-44.250488,52.490234,-41.381836
4081,0.414062,-0.550293,-0.043945,-49.072266,58.044434,-52.551270
4082,0.412598,-0.569824,-0.014160,-44.372559,49.072266,-55.603027
4083,0.419922,-0.591309,0.029297,-39.306641,35.156250,-56.091309
4084,0.436035,-0.619629,0.049316,-37.353516,20.629883,-55.297852
4085,0.519043,-0.710938,-0.001465,-36.499023,4.943848,-46.691895
4086,0.550293,-0.759766,-0.065918,-32.897949,2.807617,-33.996582
4087,0.556152,-0.834961,-0.125488,-21.240234,3.417969,-19.165039
4088,0.570312,-0.923828,-0.098633,17.395020,4.028320,-6.286621
4089,0.592773,-0.903809,-0.046387,35.583496,0.000000,-4.821777
4090,0.614746,-0.871094,-0.025879,48.950195,-5.004883,-2.624512
4091,0.678711,-0.878418,-0.062012,62.072754,-9.277344,5.615234
4092,0.718262,-0.901367,-0.098633,63.293457,-8.422852,7.446289
4093,0.770020,-0.903320,-0.123047,61.645508,-6.408691,7.812500
4094,0.800293,-0.920898,-0.136719,56.091309,-2.624512,6.774902
4095,0.899414,-0.933105,-0.125977,30.456543,6.896973,0.793457
4096,0.997559,-0.937500,-0.096680,11.718750,7.507324,5.249023
4097,1.129883,-1.003906,0.024902,-33.325195,0.610352,22.949219
4098,1.148926,-1.049805,0.090332,-51.452637,-8.544922,25.512695
4099,1.150391,-1.091309,0.097656,-63.598633,-18.005371,23.315430
4100,1.057129,-1.120117,0.044434,-54.809570,-16.845703,5.554199
4101,0.998047,-1.058594,0.050781,-40.466309,-5.737305,-5.554199
4102,0.929688,-0.973633,0.041504,-25.146484,8.117676,-10.009766
4103,0.878906,-0.919922,0.054688,-11.108398,30.212402,1.342773
4104,0.825684,-0.802246,0.104980,-12.817383,33.752441,13.854980
4105,0.789551,-0.783203,0.125977,-15.197754,32.653809,25.756836
4106,0.779297,-0.760254,0.166504,-18.615723,25.146484,34.179688
4107,0.784668,-0.716797,0.242676,-26.123047,-2.197266,42.358398
4108,0.770508,-0.697266,0.228027,-28.503418,-10.009766,42.114258
4109,0.744629,-0.662109,0.229004,-29.724121,-10.681152,40.405273
4110,0.639648,-0.592285,0.219727,-29.052734,4.333496,31.982422
4111,0.604980,-0.554199,0.220703,-28.320312,17.211914,28.442383
4112,0.575684,-0.502441,0.215332,-26.916504,32.409668,28.320312
4113,0.512207,-0.440918,0.218262,-20.324707,61.523438,34.790039
4114,0.504395,-0.434570,0.210938,-15.319824,69.519043,40.466309
4115,0.480957,-0.440430,0.203125,-8.178711,73.181152,45.288086
4116,0.459473,-0.439941,0.175781,-1.464844,72.998047,49.499512
4117,0.421875,-0.436035,0.085938,17.761230,64.636230,54.138184
4118,0.430664,-0.438965,0.102051,28.015137,52.612305,50.537109
4119,0.470703,-0.428223,0.113770,35.888672,34.301758,43.884277
4120,0.560059,-0.458496,0.130371,38.757324,-8.911133,23.559570
4121,0.616699,-0.469727,0.086914,31.677246,-20.996094,12.207031
4122,0.715820,-0.545898,0.016113,11.535645,-17.700195,-6.103516
4123,0.739746,-0.577637,0.038086,-1.586914,-7.568359,-13.366699
4124,0.761230,-0.616211,0.118652,-34.667969,13.122559,-20.019531
4125,0.764160,-0.642090,0.156738,-46.508789,17.822266,-21.179199
4126,0.785156,-0.682617,0.175781,-54.565430,18.432617,-22.766113
4127,0.809570,-0.727051,0.166016,-58.654785,16.906738,-26.062012
4128,0.844727,-0.772461,0.079102,-52.062988,14.770508,-38.452148
4129,0.860352,-0.779785,0.056641,-47.973633,16.174316,-44.860840
4130,0.888184,-0.790039,0.036133,-46.020508,18.066406,-50.354004
4131,0.922852,-0.859863,-0.022461,-44.006348,19.653320,-59.936523
4132,0.940918,-0.911621,-0.062500,-38.146973,18.188477,-63.781738
4133,0.953613,-0.977051,-0.105957,-29.052734,17.028809,-67.382812
4134,0.963379,-1.002441,-0.137207,-18.432617,15.869141,-71.472168
4135,0.990723,-0.996094,-0.112793,-0.488281,5.981445,-72.570801
4136,0.987793,-1.000000,-0.053711,2.136230,-5.981445,-70.922852
4137,0.986816,-1.022949,-0.003906,0.732422,-22.094727,-71.472168
4138,0.984863,-1.035645,-0.027344,-14.831543,-36.987305,-75.744629
4139,0.950684,-1.016113,-0.025879,-26.916504,-30.090332,-75.744629
4140,0.885254,-0.984863,-0.036621,-39.978027,-15.808105,-72.509766
4141,0.804688,-0.952148,-0.042480,-49.865723,1.525879,-65.368652
4142,0.655273,-0.889648,-0.057129,-53.344727,26.123047,-35.949707
4143,0.603027,-0.851074,-0.034668,-48.217773,28.015137,-15.258789
4144,0.557129,-0.769043,0.044922,-31.188965,5.187988,29.907227
4145,0.578125,-0.726074,0.065430,-20.080566,-15.869141,49.926758
4146,0.626465,-0.709961,0.046875,-5.676270,-38.085938,68.115234
4147,0.680664,-0.707031,0.015625,11.047363,-58.227539,83.679199
4148,0.731934,-0.690430,0.002441,28.259277,-75.744629,96.130371
4149,0.773438,-0.684082,-0.048828,58.288574,-98.022461,105.163574
4150,0.755859,-0.666016,-0.063477,72.509766,-102.478027,97.656250
4151,0.729492,-0.641602,-0.041504,83.801270,-104.064941,84.289551
4152,0.684570,-0.468750,0.070312,92.956543,-101.196289,55.236816
4153,0.644531,-0.388184,0.100098,83.923340,-93.627930,45.349121
4154,0.592285,-0.342285,0.081543,69.213867,-79.711914,37.475586
4155,0.557617,-0.304688,0.015137,35.034180,-30.883789,26.794434
4156,0.543945,-0.314941,-0.010742,20.202637,-2.502441,25.817871
4157,0.505859,-0.332031,-0.006836,6.469727,22.399902,26.184082
4158,0.472168,-0.341309,0.000000,-15.991211,51.452637,26.184082
4159,0.439941,-0.405273,0.023438,-25.085449,54.626465,23.132324
4160,0.428711,-0.446289,0.041504,-31.311035,51.330566,15.808105
4161,0.458984,-0.506836,0.041504,-33.813477,32.653809,0.793457
4162,0.472656,-0.522461,0.017090,-32.714844,24.230957,-5.859375
4163,0.477051,-0.550293,-0.004395,-31.311035,20.935059,-11.047363
4164,0.532227,-0.624512,0.018555,-22.094727,20.629883,-16.418457
4165,0.555176,-0.650391,0.032715,-10.742188,18.249512,-15.014648
4166,0.562988,-0.662598,0.019043,2.502441,16.235352,-12.573242
4167,0.570801,-0.654297,-0.004883,16.052246,16.662598,-9.094238
4168,0.595703,-0.656738,-0.019043,40.039062,20.019531,-2.746582
4169,0.602051,-0.679688,-0.027832,45.898438,19.836426,-4.333496
4170,0.643555,-0.679688,-0.068359,47.851562,22.583008,-11.474609
4171,0.675781,-0.687500,-0.062988,41.931152,25.939941,-13.122559
4172,0.712891,-0.719727,-0.055664,31.555176,29.968262,-11.901855
4173,0.750000,-0.766602,-0.054688,20.202637,35.034180,-9.033203
4174,0.831543,-0.915527,-0.096191,5.249023,48.278809,-2.563477
4175,0.869141,-0.981934,-0.101074,2.868652,56.213379,-3.051758
4176,0.993164,-1.071289,-0.088379,0.854492,58.410645,-7.568359
4177,1.024902,-1.083496,-0.088867,-0.610352,53.283691,-10.803223
4178,1.033203,-1.098145,-0.056641,-1.037598,44.616699,-15.136719
4179,1.052246,-1.097656,-0.048340,-6.652832,29.785156,-25.085449
4180,0.992676,-1.083984,-0.065918,-15.014648,37.170410,-31.005859
4181,0.905273,-1.039551,-0.072754,-26.977539,53.710938,-36.071777
4182,0.809570,-1.005371,-0.062988,-39.123535,70.922852,-36.193848
4183,0.746094,-0.984375,-0.031738,-50.109863,81.481934,-30.334473
4184,0.645508,-0.977539,0.048828,-68.542480,71.777344,-9.094238
4185,0.615723,-0.916504,0.085449,-74.096680,56.091309,-0.061035
4186,0.611816,-0.886719,0.114746,-67.993164,14.404297,16.601562
4187,0.623535,-0.873535,0.178711,-62.316895,-7.873535,18.798828
4188,0.643066,-0.836914,0.232910,-57.983398,-29.846191,19.226074
4189,0.648926,-0.799805,0.238770,-54.016113,-46.936035,19.531250
4190,0.647949,-0.729980,0.189941,-41.992188,-52.246094,26.000977
4191,0.595215,-0.730469,0.188477,-34.912109,-40.161133,30.395508
4192,0.545898,-0.710449,0.199219,-28.198242,-23.437500,33.142090
4193,0.492676,-0.627441,0.235352,-11.840820,5.920410,41.687012
4194,0.465820,-0.603027,0.261719,-5.432129,11.840820,45.715332
4195,0.448730,-0.574219,0.256836,0.793457,11.291504,48.034668
4196,0.436035,-0.542480,0.230469,8.178711,6.958008,49.499512
4197,0.475586,-0.501465,0.170410,21.240234,-1.953125,51.452637
4198,0.516113,-0.509277,0.133301,24.719238,-3.601074,52.001953
4199,0.581055,-0.568359,0.080078,27.221680,-2.868652,45.654297
4200,0.596191,-0.565918,0.064453,26.000977,-2.990723,39.123535
4201,0.614258,-0.541504,0.068848,24.719238,-3.784180,31.311035
4202,0.608398,-0.525879,0.109863,13.610840,-6.530762,14.953613
4203,0.621582,-0.517090,0.120117,4.028320,-6.958008,7.446289
4204,0.653320,-0.523438,0.112793,-8.666992,-4.394531,1.342773
4205,0.688477,-0.546875,0.080078,-21.362305,2.014160,-4.333496
4206,0.738281,-0.669434,0.012207,-33.691406,20.324707,-17.150879
4207,0.756348,-0.717285,0.008789,-31.982422,26.123047,-26.855469
4208,0.768066,-0.745605,0.038574,-22.033691,19.897461,-41.870117
4209,0.763672,-0.743652,0.042480,-19.104004,11.291504,-45.227051
4210,0.762695,-0.747559,0.025391,-18.615723,3.417969,-46.386719
4211,0.774414,-0.761230,0.006348,-20.507812,-2.319336,-47.119141
4212,0.840820,-0.812012,-0.034668,-23.498535,-10.131836,-48.706055
4213,0.867676,-0.859375,-0.041016,-23.010254,-11.901855,-51.818848
4214,0.933105,-0.891602,-0.048340,-21.484375,-13.549805,-54.687500
4215,0.996582,-0.949219,-0.053223,-17.639160,-16.662598,-54.870605
4216,1.037109,-1.080078,-0.038574,4.638672,-26.367188,-56.030273
4217,1.045898,-1.099121,-0.012695,18.371582,-35.156250,-59.448242
4218,1.030762,-1.082520,0.008789,32.409668,-50.964355,-64.392090
4219,1.008301,-1.084473,0.013184,30.761719,-52.612305,-66.467285
4220,0.975098,-1.069824,0.015137,23.925781,-48.828125,-68.481445
4221,0.923340,-1.034180,-0.001465,13.854980,-38.940430,-69.213867
4222,0.785645,-0.911621,-0.045898,-9.460449,-2.990723,-59.692383
4223,0.716309,-0.869629,-0.091309,-19.897461,16.418457,-46.020508
4224,0.605469,-0.773438,-0.183105,-21.362305,39.978027,-7.324219
4225,0.565430,-0.719238,-0.136719,-9.094238,35.034180,13.244629
4226,0.542969,-0.675781,-0.099121,6.225586,17.639160,29.418945
4227,0.560059,-0.630859,-0.080078,24.169922,-7.324219,40.039062
4228,0.652832,-0.526367,-0.060059,62.744141,-65.979004,53.833008
4229,0.695801,-0.491699,-0.060547,80.871582,-90.942383,60.974121
4230,0.721680,-0.465820,-0.070312,98.205566,-109.619141,65.368652
4231,0.736816,-0.383789,-0.054199,132.385254,-130.371094,64.025879
4232,0.709473,-0.366211,0.024902,140.747070,-133.300781,57.617188
4233,0.670410,-0.298340,0.112305,135.681152,-138.000488,35.949707
4234,0.654297,-0.289551,0.101562,125.000000,-133.178711,23.803711
4235,0.643555,-0.288086,0.075195,108.276367,-121.032715,11.596680
4236,0.642090,-0.294922,0.043457,86.059570,-100.402832,0.854492
4237,0.613770,-0.333496,-0.029297,31.921387,-40.039062,-14.526367
4238,0.603516,-0.350586,-0.017578,6.835938,-10.314941,-19.714355
4239,0.577637,-0.435059,0.032227,-23.132324,23.315430,-22.155762
4240,0.553223,-0.501465,0.052246,-23.864746,24.963379,-24.658203
4241,0.544434,-0.554199,0.069336,-18.981934,20.263672,-28.747559
4242,0.548828,-0.633789,0.066406,-1.342773,5.187988,-36.254883
4243,0.552734,-0.649414,0.049805,5.432129,1.037598,-38.757324
4244,0.556152,-0.651367,0.028320,9.277344,0.244141,-37.292480
4245,0.572754,-0.648438,-0.050781,8.728027,9.216309,-27.465820
4246,0.579102,-0.672363,-0.066406,13.427734,14.892578,-23.925781
4247,0.574707,-0.700195,-0.034668,20.874023,16.967773,-23.925781
4248,0.620117,-0.716309,-0.053711,33.813477,12.695312,-24.719238
4249,0.629883,-0.751465,-0.097168,38.452148,12.939453,-25.817871
4250,0.636230,-0.778809,-0.125488,41.015625,15.319824,-28.198242
4251,0.639160,-0.797363,-0.142090,39.916992,19.042969,-29.541016
4252,0.637695,-0.847656,-0.161133,26.977539,23.498535,-21.545410
4253,0.627930,-0.889648,-0.180664,16.418457,24.536133,-13.427734
4254,0.630371,-0.888672,-0.170898,4.028320,27.160645,-4.455566
4255,0.696777,-0.911621,-0.065430,-21.850586,27.954102,16.113281
4256,0.738770,-0.984863,-0.063965,-25.878906,23.498535,23.925781
4257,0.776855,-1.047852,-0.070312,-16.662598,15.686035,26.428223
4258,0.813477,-1.070801,-0.042969,0.000000,4.943848,26.306152
4259,0.892090,-1.083984,0.025879,28.869629,-19.653320,24.291992
4260,0.913086,-1.078613,0.040039,37.780762,-29.785156,22.583008
4261,0.913086,-1.069336,0.018066,41.381836,-33.325195,18.432617
4262,0.842285,-0.974121,-0.037109,36.499023,-9.216309,8.544922
4263,0.791016,-0.935547,-0.033203,27.343750,12.207031,5.126953
4264,0.763672,-0.858887,0.018555,-1.281738,43.090820,13.488770
4265,0.735352,-0.861328,0.039062,-16.662598,49.194336,21.484375
4266,0.712891,-0.841309,0.069824,-31.860352,50.476074,28.869629
4267,0.712891,-0.811035,0.077637,-46.447754,46.569824,38.024902
4268,0.721680,-0.833496,0.073730,-60.363770,26.184082,56.884766
4269,0.756348,-0.827148,0.122070,-58.837891,7.507324,62.316895
4270,0.777832,-0.827148,0.189453,-54.748535,-15.075684,65.368652
4271,0.798340,-0.811035,0.236816,-39.367676,-57.250977,61.279297
4272,0.797363,-0.792969,0.208984,-27.404785,-67.504883,56.213379
4273,0.738770,-0.701172,0.196289,-4.882812,-61.889648,44.616699
4274,0.714844,-0.643555,0.199219,5.493164,-51.940918,41.625977
4275,0.706543,-0.583984,0.201660,14.831543,-39.001465,43.457031
4276,0.638184,-0.500000,0.160156,38.940430,-6.042480,53.894043
4277,0.605469,-0.448242,0.143555,53.466797,8.605957,57.373047
4278,0.603027,-0.431641,0.125977,67.687988,16.479492,56.701660
4279,0.668457,-0.479004,0.045898,95.153809,17.089844,38.635254
4280,0.655273,-0.497559,-0.007324,105.041504,10.681152,22.399902
4281,0.634277,-0.464844,-0.038086,109.497070,2.014160,4.394531
4282,0.601562,-0.402832,-0.041992,103.515625,-6.042480,-10.986328
4283,0.564453,-0.238281,-0.065918,53.222656,-7.995605,-28.564453
4284,0.583008,-0.215332,-0.064941,16.662598,-0.671387,-26.184082
4285,0.596191,-0.291016,-0.053223,-19.775391,9.277344,-20.874023
4286,0.623047,-0.437988,-0.005859,-44.738770,14.099121,-19.104004
4287,0.676758,-0.663574,0.005859,-50.476074,5.554199,-29.418945
4288,0.695312,-0.737793,0.023926,-35.644531,-4.089355,-38.146973
4289,0.738770,-0.779297,0.063477,-3.234863,-29.907227,-50.048828
4290,0.759277,-0.812988,0.084473,6.225586,-41.381836,-51.452637
4291,0.769531,-0.811523,0.061523,11.535645,-47.302246,-52.001953
4292,0.799805,-0.828613,0.059570,15.014648,-49.499512,-52.856445
4293,0.868652,-0.866211,0.050293,13.854980,-48.828125,-56.091309
4294,0.884766,-0.877441,0.045410,10.742188,-43.090820,-56.152344
4295,0.891602,-0.895020,0.023926,7.995605,-34.423828,-55.358887
4296,0.926758,-0.966797,0.007812,10.498047,-18.066406,-55.297852
4297,0.947754,-0.995605,0.037598,12.756348,-16.540527,-56.945801
4298,0.958984,-1.012695,0.071289,12.817383,-21.789551,-57.739258
4299,0.975586,-1.034668,0.079102,9.460449,-31.677246,-58.898926
4300,1.006348,-1.062988,0.059082,-4.516602,-46.386719,-63.110352
4301,1.015137,-1.063965,0.069824,-14.831543,-45.593262,-62.988281
4302,1.002930,-1.062988,0.084473,-27.770996,-39.489746,-60.913086
4303,0.896973,-1.052734,0.022461,-45.959473,-15.808105,-51.879883
4304,0.777344,-1.025391,0.002441,-42.175293,-1.159668,-46.325684
4305,0.658691,-0.980469,0.003418,-28.686523,8.239746,-39.245605
4306,0.542969,-0.797363,0.012207,11.718750,2.136230,-12.268066
4307,0.523438,-0.730957,0.028809,32.348633,-12.573242,8.239746
4308,0.519531,-0.687988,0.035645,50.781250,-30.883789,28.686523
4309,0.593262,-0.623047,0.003906,82.885742,-68.908691,62.377930
4310,0.648438,-0.604004,-0.040527,97.839355,-84.167480,75.195312
4311,0.688477,-0.577637,-0.067871,124.389648,-106.323242,87.707520
4312,0.715820,-0.484375,-0.009766,132.324219,-116.760254,86.364746
4313,0.712891,-0.435547,0.050781,132.873535,-126.953125,81.542969
4314,0.696777,-0.384766,0.082520,125.244141,-133.361816,73.730469
4315,0.660156,-0.325195,0.089844,91.857910,-121.337891,52.734375
4316,0.654785,-0.333496,0.058594,69.519043,-100.097656,39.855957
4317,0.640625,-0.356445,0.020020,44.860840,-69.458008,26.245117
4318,0.610352,-0.374512,0.018555,0.671387,1.892090,14.221191
4319,0.565918,-0.394043,0.033691,-19.409180,34.362793,20.080566
4320,0.512695,-0.437012,0.025879,-34.912109,62.500000,32.348633
4321,0.360840,-0.554688,-0.000977,-44.799805,102.172852,63.171387
4322,0.331543,-0.610352,0.030762,-33.203125,103.332520,70.678711
4323,0.350098,-0.656250,0.067383,-13.610840,87.463379,67.871094
4324,0.395020,-0.677734,0.039062,10.986328,57.739258,53.405762
4325,0.444824,-0.668457,-0.024414,52.429199,-7.568359,10.986328
4326,0.462891,-0.627930,-0.050293,58.105469,-31.005859,-7.019043
4327,0.475586,-0.622559,-0.064453,42.053223,-44.982910,-19.165039
4328,0.490234,-0.628906,-0.044434,31.250000,-41.015625,-13.732910
4329,0.507812,-0.668457,-0.022461,25.634766,-33.569336,-3.173828
4330,0.541016,-0.729004,0.010254,24.536133,-24.169922,6.042480
4331,0.594727,-0.864746,0.015137,34.240723,-6.713867,8.972168
4332,0.611328,-0.899414,0.008301,42.053223,0.549316,3.601074
4333,0.630859,-0.917969,0.008789,48.217773,5.065918,-2.197266
4334,0.656250,-0.915527,0.016113,52.185059,7.690430,-5.371094
4335,0.625488,-0.977051,0.039551,52.307129,10.986328,-4.882812
4336,0.659180,-0.977051,-0.004883,54.809570,9.582520,-3.356934
4337,0.764160,-1.041992,-0.038574,53.833008,18.920898,7.141113
4338,0.794434,-1.121582,-0.046387,47.424316,20.202637,10.864258
4339,0.849609,-1.176270,-0.068848,41.992188,17.028809,10.681152
4340,0.924805,-1.222656,-0.020996,44.006348,2.014160,4.638672
4341,0.921387,-1.231445,-0.017090,41.137695,-6.896973,-2.624512
4342,0.866211,-1.229980,-0.104004,36.621094,-8.178711,-11.779785
4343,0.675781,-1.049316,-0.064941,21.911621,11.535645,-26.855469
4344,0.625488,-0.964355,0.014648,2.807617,20.141602,-24.108887
4345,0.619141,-0.916992,0.080078,-19.531250,22.033691,-15.869141
4346,0.641602,-0.882812,0.146973,-42.114258,17.395020,-1.831055
4347,0.698730,-0.864746,0.134277,-83.129883,3.967285,31.127930
4348,0.723633,-0.907715,0.125977,-95.092773,3.662109,54.931641
4349,0.735840,-0.902344,0.184082,-89.111328,-4.272461,61.645508
4350,0.721680,-0.909668,0.236328,-76.782227,-18.859863,62.927246
4351,0.698730,-0.917480,0.305664,-39.611816,-55.664062,51.025391
4352,0.683105,-0.882324,0.274902,-17.211914,-68.969727,39.428711
4353,0.666992,-0.786133,0.265625,6.042480,-74.157715,29.663086
4354,0.603516,-0.632812,0.274414,34.240723,-66.040039,25.085449
4355,0.592773,-0.582520,0.252930,38.696289,-55.664062,28.198242
4356,0.583984,-0.534668,0.207031,39.978027,-42.053223,33.752441
4357,0.562012,-0.501953,0.176270,41.625977,-27.709961,40.405273
4358,0.507324,-0.460938,0.173340,47.485352,-9.826660,45.837402
4359,0.492676,-0.435547,0.177246,49.621582,-9.887695,44.738770
4360,0.481445,-0.408203,0.169434,49.621582,-13.488770,42.724609
4361,0.497070,-0.378906,0.131836,42.846680,-20.568848,37.353516
4362,0.519531,-0.387695,0.108398,36.010742,-22.094727,32.531738
4363,0.544922,-0.399902,0.086426,28.198242,-21.972656,26.184082
4364,0.601074,-0.436523,0.041504,11.474609,-15.686035,12.878418
4365,0.616211,-0.470215,0.042480,2.502441,-10.314941,5.676270
4366,0.631836,-0.494141,0.052734,-5.737305,-7.629395,-2.319336
4367,0.636230,-0.568359,0.128906,-13.977051,-19.165039,-18.432617
4368,0.675293,-0.629395,0.169434,-11.657715,-33.020020,-27.526855
4369,0.749023,-0.706543,0.186035,-4.760742,-50.720215,-36.865234
4370,0.828613,-0.778320,0.177246,5.187988,-66.772461,-44.982910
4371,0.879883,-0.828613,0.098633,16.113281,-75.744629,-52.429199
4372,0.900391,-0.842773,0.074219,17.456055,-68.908691,-53.833008
4373,0.918945,-0.882324,0.071777,17.883301,-61.523438,-54.870605
4374,0.895508,-0.922363,0.047363,22.888184,-51.391602,-64.575195
4375,0.891602,-0.914062,0.013184,27.893066,-48.706055,-69.458008
4376,0.909180,-0.930664,-0.017090,35.766602,-46.813965,-76.110840
4377,0.985840,-1.029297,-0.001465,35.034180,-51.696777,-81.176758
4378,1.011230,-1.065918,0.002441,30.822754,-59.692383,-87.829590
4379,1.018555,-1.092285,0.025391,22.583008,-68.420410,-94.787598
4380,0.950684,-1.107910,0.055176,-0.915527,-74.707031,-110.046387
4381,0.911133,-1.080566,0.123047,-11.657715,-71.228027,-115.417480
4382,0.856934,-1.058594,0.134766,-25.024414,-64.086914,-118.713379
4383,0.688477,-0.953125,0.088379,-50.231934,-25.207520,-117.370605
4384,0.630371,-0.896973,0.060059,-57.922363,-1.220703,-106.994629
4385,0.599609,-0.858887,0.076660,-62.011719,18.188477,-88.256836
4386,0.573730,-0.831055,0.104980,-63.598633,28.747559,-62.805176
4387,0.500977,-0.779297,0.070312,-50.170898,26.489258,-7.080078
4388,0.497559,-0.748535,0.056641,-30.761719,15.319824,20.690918
4389,0.523926,-0.741211,0.055664,-4.394531,-2.746582,42.907715
4390,0.580078,-0.669922,0.075684,56.762695,-52.734375,69.091797
4391,0.609375,-0.633301,0.085449,85.021973,-77.148438,73.852539
4392,0.628418,-0.595703,0.077637,108.947754,-96.374512,72.937012
4393,0.612793,-0.500000,0.047363,135.742188,-111.511230,57.312012
4394,0.594727,-0.438965,0.050781,137.023926,-107.604980,45.410156
4395,0.570801,-0.380859,0.061035,132.385254,-98.937988,34.118652
4396,0.544922,-0.351074,0.080078,122.192383,-87.280273,23.742676
4397,0.540527,-0.348633,0.040039,85.266113,-55.358887,4.333496
4398,0.558594,-0.372559,0.001953,62.561035,-34.606934,-4.089355
4399,0.532715,-0.484375,-0.047363,21.911621,7.263184,-19.470215
4400,0.511230,-0.553223,-0.041504,7.629395,21.240234,-27.709961
4401,0.525879,-0.558594,-0.042480,-3.417969,30.151367,-31.127930
4402,0.485840,-0.596680,-0.058594,-20.690918,38.696289,-28.015137
4403,0.481934,-0.615723,-0.045410,-26.062012,37.963867,-22.949219
4404,0.495605,-0.641113,-0.022461,-29.846191,32.897949,-15.930176
4405,0.510742,-0.671387,0.000488,-31.860352,24.291992,-8.789062
4406,0.516602,-0.722168,-0.043457,-24.963379,7.812500,0.976562
4407,0.522949,-0.710938,-0.063477,-15.808105,5.004883,4.089355
4408,0.563477,-0.745117,-0.036133,5.920410,0.366211,5.249023
4409,0.601074,-0.748047,-0.054199,20.080566,-0.793457,3.112793
4410,0.609375,-0.752441,-0.054688,32.958984,0.976562,-1.220703
4411,0.607910,-0.734863,-0.050293,41.442871,4.943848,-7.385254
4412,0.610840,-0.742188,-0.057617,45.898438,10.375977,-10.314941
4413,0.619629,-0.784180,-0.091797,41.564941,15.502930,-5.187988
4414,0.615723,-0.816406,-0.089844,25.817871,29.479980,10.925293
4415,0.652344,-0.826172,-0.044434,13.305664,33.996582,23.498535
4416,0.673340,-0.889160,-0.002441,1.220703,31.188965,33.386230
4417,0.710938,-0.961426,0.017578,-6.103516,21.667480,36.682129
4418,0.812012,-1.052246,0.036621,-8.117676,-2.807617,30.700684
4419,0.878418,-1.098145,0.053223,-6.896973,-11.962891,25.573730
4420,0.936523,-1.142090,0.089844,-6.286621,-18.798828,17.028809
4421,0.994629,-1.129395,0.101562,-5.554199,-22.216797,8.544922
4422,0.970703,-1.103027,0.097168,-10.070801,-2.990723,-5.432129
4423,0.904297,-1.057617,0.100586,-14.648438,17.639160,-13.610840
4424,0.778809,-0.957031,0.114746,-29.785156,64.758301,-19.897461
4425,0.776855,-0.886230,0.129395,-43.151855,83.068848,-12.634277
4426,0.770020,-0.842285,0.149414,-60.974121,94.360352,2.624512
4427,0.702148,-0.862793,0.123047,-78.186035,101.745605,20.263672
4428,0.625488,-0.897949,0.068848,-90.332031,96.313477,48.889160
4429,0.653320,-0.888672,0.153809,-85.327148,73.608398,58.593750
4430,0.685547,-0.879395,0.233887,-78.857422,40.100098,66.284180
4431,0.705078,-0.896973,0.282715,-59.143066,-28.015137,70.312500
4432,0.755859,-0.863770,0.258789,-46.142578,-51.452637,68.176270
4433,0.753906,-0.823730,0.225098,-33.508301,-62.072754,67.382812
4434,0.705078,-0.742188,0.187988,-14.221191,-51.147461,68.908691
4435,0.681152,-0.697754,0.165039,-2.807617,-37.475586,69.213867
4436,0.663086,-0.646484,0.150879,11.413574,-22.644043,70.373535
4437,0.620605,-0.577637,0.170898,31.616211,3.906250,72.753906
4438,0.606934,-0.550781,0.135254,37.536621,14.953613,71.044922
4439,0.600098,-0.524414,0.083496,44.128418,23.742676,66.589355
4440,0.569824,-0.476562,0.037598,59.143066,33.935547,53.894043
4441,0.559082,-0.457520,0.044434,61.462402,34.179688,46.386719
4442,0.550781,-0.434082,0.036133,58.532715,32.043457,40.039062
4443,0.572266,-0.433594,0.000000,41.198730,28.564453,29.785156
4444,0.573730,-0.447266,-0.017578,29.846191,27.954102,23.010254
4445,0.567383,-0.480957,-0.026367,17.028809,28.076172,15.075684
4446,0.526367,-0.517090,0.024414,-5.554199,24.353027,-1.892090
4447,0.514648,-0.533203,0.064453,-17.944336,18.005371,-7.263184
4448,0.526855,-0.557129,0.079590,-29.785156,9.826660,-9.826660
4449,0.622070,-0.619629,0.124512,-43.518066,-5.859375,-11.230469
4450,0.683594,-0.660645,0.145508,-49.926758,-12.390137,-12.756348
4451,0.739746,-0.699707,0.140625,-54.565430,-17.395020,-15.319824
4452,0.782715,-0.744629,0.116699,-56.213379,-19.226074,-19.226074
4453,0.837891,-0.860840,0.054688,-46.569824,-16.235352,-35.583496
4454,0.853027,-0.895508,0.042480,-36.254883,-14.221191,-47.485352
4455,0.869629,-0.897461,0.020996,-16.845703,-12.451172,-69.946289
4456,0.874023,-0.898438,-0.016113,-10.375977,-10.620117,-78.002930
4457,0.885254,-0.917969,-0.041504,-7.263184,-8.850098,-84.411621
4458,0.916016,-0.971680,-0.059082,-9.826660,-7.385254,-90.576172
4459,0.956055,-1.037598,-0.095215,-24.780273,-6.530762,-98.266602
4460,0.920410,-1.074707,-0.043945,-33.813477,-9.094238,-98.022461
4461,0.903320,-1.099121,0.006836,-42.053223,-18.920898,-96.435547
4462,0.833984,-1.103516,0.033691,-49.438477,-30.456543,-98.754883
4463,0.781738,-1.058105,0.042969,-51.330566,-26.977539,-98.510742
4464,0.749512,-1.000488,0.070312,-54.321289,-19.897461,-92.773438
4465,0.737793,-0.959473,0.079102,-57.800293,-12.268066,-80.871582
4466,0.711914,-0.919922,0.001465,-47.729492,4.577637,-48.889160
4467,0.675781,-0.871582,-0.011230,-34.118652,9.155273,-30.944824
4468,0.646484,-0.799316,0.008301,-16.662598,6.225586,-12.084961
4469,0.635254,-0.763672,0.059082,24.047852,-29.479980,21.667480
4470,0.663574,-0.732910,0.034180,48.889160,-55.725098,30.822754
4471,0.679688,-0.670410,0.028809,73.120117,-78.002930,36.437988
4472,0.670410,-0.544434,0.020020,108.093262,-106.689453,37.902832
4473,0.650879,-0.489258,0.009766,117.187500,-110.229492,33.813477
4474,0.630859,-0.432129,0.016602,119.750977,-107.604980,27.404785
4475,0.597656,-0.395508,0.036621,114.868164,-100.646973,19.470215
4476,0.539062,-0.346191,0.051758,86.730957,-78.796387,0.305176
4477,0.516602,-0.352539,0.036621,65.734863,-62.683105,-8.911133
4478,0.505859,-0.386719,0.001465,43.701172,-42.480469,-17.211914
4479,0.466797,-0.480469,-0.023438,8.361816,-2.380371,-26.794434
4480,0.430176,-0.507324,-0.000977,-3.540039,11.108398,-28.991699
4481,0.425781,-0.502930,0.022949,-13.183594,19.042969,-27.587891
4482,0.432617,-0.573242,0.060547,-27.221680,18.981934,-20.507812
4483,0.444824,-0.616211,0.058105,-31.494141,14.343262,-18.859863
4484,0.457031,-0.647461,0.041016,-32.348633,9.521484,-18.066406
4485,0.473145,-0.676758,0.029297,-31.250000,6.286621,-17.150879
4486,0.505371,-0.768555,0.000000,-21.728516,4.577637,-10.437012
4487,0.496094,-0.806641,-0.006836,-9.338379,5.310059,-5.371094
4488,0.524902,-0.811035,0.035645,17.578125,4.455566,3.906250
4489,0.547363,-0.798340,0.029297,29.785156,2.441406,4.577637
4490,0.560059,-0.765625,0.004395,40.954590,2.502441,4.089355
4491,0.563965,-0.741699,-0.013672,48.645020,4.943848,2.929688
4492,0.613770,-0.739258,-0.064941,48.889160,14.892578,1.159668
4493,0.628418,-0.755859,-0.088867,42.724609,22.094727,1.220703
4494,0.665039,-0.824707,-0.120605,25.878906,32.531738,8.605957
4495,0.687500,-0.869141,-0.158691,17.517090,34.790039,15.625000
4496,0.695801,-0.908203,-0.160645,11.047363,34.545898,21.972656
4497,0.700195,-0.949219,-0.128418,3.051758,30.334473,26.306152
4498,0.801758,-1.005371,-0.083496,-12.084961,9.582520,31.127930
4499,0.901367,-1.085449,-0.055664,-18.859863,-4.516602,31.982422
4500,1.037598,-1.100586,0.034668,-30.090332,-27.770996,27.954102
4501,1.051758,-1.062988,0.068848,-34.851074,-34.423828,25.939941
4502,1.034180,-1.032715,0.025879,-36.376953,-30.822754,24.414062
4503,0.881836,-0.946289,-0.054199,-26.367188,12.695312,14.160156
4504,0.794434,-0.877930,-0.054199,-18.554688,41.564941,10.253906
4505,0.756836,-0.822266,0.009277,-9.704590,61.706543,11.779785
4506,0.730469,-0.796875,0.109863,-5.981445,60.424805,17.639160
4507,0.734863,-0.768066,0.120605,-10.925293,50.537109,18.310547
4508,0.732422,-0.783691,0.063477,-16.479492,41.076660,19.409180
4509,0.736816,-0.782715,0.074707,-21.972656,31.250000,19.531250
4510,0.758789,-0.744141,0.163574,-37.414551,4.394531,23.620605
4511,0.760254,-0.747070,0.187988,-45.349121,-7.141113,26.489258
4512,0.744141,-0.756348,0.205566,-53.833008,-13.977051,27.221680
4513,0.715820,-0.743652,0.201660,-51.818848,-9.399414,26.672363
4514,0.675293,-0.732422,0.221191,-45.471191,-0.732422,25.512695
4515,0.614746,-0.700684,0.260742,-38.024902,8.483887,23.986816
4516,0.557617,-0.607910,0.256348,-16.540527,26.550293,27.221680
4517,0.545898,-0.600586,0.222656,-3.784180,34.240723,31.921387
4518,0.544434,-0.568359,0.132324,17.578125,41.625977,37.963867
4519,0.525879,-0.529785,0.097656,25.878906,41.564941,41.320801
4520,0.509766,-0.497559,0.067383,33.874512,39.428711,44.494629
4521,0.512207,-0.477051,0.052734,40.649414,34.729004,45.898438
4522,0.537598,-0.459961,0.019531,45.959473,20.263672,39.978027
4523,0.583008,-0.453125,-0.011230,44.372559,15.319824,35.339355
4524,0.611328,-0.474121,-0.033203,38.757324,12.817383,30.334473
4525,0.643555,-0.521484,-0.081543,16.601562,13.366699,13.610840
4526,0.650391,-0.526367,-0.081055,2.746582,13.427734,3.967285
4527,0.659668,-0.524414,-0.070312,-10.742188,10.925293,-4.699707
4528,0.689453,-0.536621,0.059570,-32.592773,-8.544922,-18.249512
4529,0.739258,-0.575684,0.070312,-43.273926,-19.836426,-23.193359
4530,0.779297,-0.630859,0.052734,-50.720215,-26.245117,-28.686523
4531,0.810547,-0.674316,0.041504,-56.213379,-27.404785,-36.560059
4532,0.853027,-0.736816,0.050781,-70.983887,-15.197754,-53.283691
4533,0.880859,-0.782715,0.022461,-77.941895,-4.638672,-59.448242
4534,0.928711,-0.887695,-0.044434,-73.730469,19.104004,-70.312500
4535,0.948242,-0.934570,-0.046387,-63.903809,27.343750,-75.927734
4536,0.980469,-0.978516,-0.062988,-51.757812,30.639648,-81.115723
4537,0.993652,-1.010742,-0.078613,-38.208008,28.808594,-87.463379
4538,0.986816,-1.032715,-0.048828,-15.686035,11.352539,-100.646973
4539,0.970215,-1.029785,-0.015625,-10.437012,-3.540039,-103.210449
4540,0.963379,-1.042480,0.003418,-10.131836,-18.493652,-105.590820
4541,0.943848,-1.096191,-0.002930,-21.118164,-32.287598,-112.182617
4542,0.918457,-1.082520,-0.007812,-30.090332,-29.052734,-116.760254
4543,0.876953,-1.029297,0.017090,-42.358398,-19.042969,-117.919922
4544,0.721680,-1.003906,-0.040039,-73.486328,15.686035,-100.219727
4545,0.640137,-1.003906,-0.126465,-79.345703,35.461426,-82.031250
4546,0.562012,-0.982910,-0.128906,-74.951172,48.461914,-57.739258
4547,0.530762,-0.914062,-0.014160,-60.852051,36.926270,2.685547
4548,0.549316,-0.902344,0.014648,-48.950195,16.235352,33.630371
4549,0.607422,-0.903320,-0.024414,-27.770996,-8.911133,61.035156
4550,0.689453,-0.875977,-0.072754,2.990723,-33.569336,84.899902
4551,0.729980,-0.838867,-0.070312,36.437988,-56.091309,103.942871
4552,0.777832,-0.703125,-0.072266,106.933594,-96.313477,118.713379
4553,0.785156,-0.620117,-0.074219,140.014648,-110.046387,115.661621
4554,0.777832,-0.536133,-0.056641,165.588379,-119.018555,106.445312
4555,0.750977,-0.438965,-0.050293,181.030273,-123.168945,92.956543
4556,0.653320,-0.285645,-0.025879,181.518555,-115.539551,61.889648
4557,0.612793,-0.240723,-0.017090,167.053223,-104.064941,45.471191
4558,0.554199,-0.220215,-0.033691,113.464355,-65.185547,12.390137
4559,0.550781,-0.246094,-0.065918,80.566406,-37.780762,-1.831055
4560,0.531250,-0.300293,-0.075684,46.142578,-7.568359,-13.488770
4561,0.511719,-0.329590,-0.015137,-16.113281,41.809082,-26.123047
4562,0.477051,-0.333496,0.004883,-44.738770,57.434082,-22.033691
4563,0.437012,-0.366211,-0.006348,-68.542480,68.908691,-14.770508
4564,0.418457,-0.415039,-0.030273,-84.289551,75.866699,-7.873535
4565,0.422852,-0.517090,0.013184,-88.012695,66.345215,-2.380371
4566,0.438965,-0.551270,0.046875,-81.848145,50.170898,-2.868652
4567,0.447754,-0.576660,0.057129,-74.462891,32.226562,-3.234863
4568,0.451172,-0.623535,0.039062,-53.222656,4.028320,-4.516602
4569,0.476562,-0.626465,0.051270,-39.672852,-5.920410,-6.042480
4570,0.506348,-0.616211,0.053711,-26.062012,-12.939453,-6.347656
4571,0.571777,-0.652344,0.032227,-3.112793,-12.817383,-7.385254
4572,0.608398,-0.687500,-0.008301,3.845215,-4.699707,-9.460449
4573,0.632324,-0.716309,-0.051758,7.873535,8.422852,-12.634277
4574,0.656738,-0.786133,-0.058105,9.399414,36.926270,-21.240234
4575,0.667969,-0.825684,-0.057617,8.361816,44.616699,-25.695801
4576,0.717773,-0.884277,-0.037598,-4.699707,53.405762,-30.029297
4577,0.741211,-0.925781,-0.041992,-14.892578,54.931641,-29.418945
4578,0.770996,-0.969238,-0.046387,-25.878906,55.969238,-26.794434
4579,0.937500,-1.054199,-0.072266,-38.330078,52.490234,-10.070801
4580,1.021973,-1.121094,-0.050781,-40.771484,49.316406,2.624512
4581,1.053711,-1.160156,-0.011719,-44.982910,47.546387,12.878418
4582,1.046387,-1.195801,0.010254,-40.161133,42.236328,19.042969
4583,0.998047,-1.225098,-0.053711,-24.169922,40.405273,15.197754
4584,0.923340,-1.167969,-0.090332,-5.493164,45.104980,6.103516
4585,0.829590,-1.029297,-0.066406,5.920410,56.335449,-3.112793
4586,0.747070,-0.833496,0.024414,-7.690430,74.035645,-2.746582
4587,0.763184,-0.790527,0.025391,-21.911621,75.561523,5.187988
4588,0.765137,-0.761230,0.026855,-35.583496,71.838379,15.991211
4589,0.799316,-0.810059,0.014648,-70.190430,61.889648,34.790039
4590,0.746582,-0.897461,-0.050781,-71.228027,57.128906,36.804199
4591,0.725098,-0.876465,0.161621,-51.391602,20.324707,30.578613
4592,0.705078,-0.836426,0.218262,-46.386719,-2.746582,26.611328
4593,0.687500,-0.808105,0.229492,-41.687012,-19.287109,22.338867
4594,0.664062,-0.760254,0.242676,-38.269043,-27.709961,18.249512
4595,0.633789,-0.704102,0.270020,-37.475586,-29.602051,16.906738
4596,0.541016,-0.625000,0.261719,-32.897949,-17.700195,20.507812
4597,0.530273,-0.581543,0.265625,-27.099609,-10.986328,25.329590
4598,0.530273,-0.531250,0.237305,-17.333984,-3.906250,40.039062
4599,0.544434,-0.505371,0.210449,-11.901855,0.122070,48.583984
4600,0.542969,-0.493164,0.188477,-4.699707,6.896973,57.556152
4601,0.547852,-0.475098,0.170898,6.469727,20.690918,64.208984
4602,0.575684,-0.476074,0.118164,11.718750,26.733398,64.086914
4603,0.610352,-0.508301,0.065430,16.479492,33.630371,61.401367
4604,0.657227,-0.567383,-0.013672,18.310547,47.058105,47.912598
4605,0.668945,-0.611328,-0.065918,14.160156,51.269531,37.719727
4606,0.676758,-0.618652,-0.095703,9.948730,53.588867,24.780273
4607,0.653320,-0.581055,0.014160,-0.488281,39.367676,1.770020
4608,0.633789,-0.555664,0.072266,-9.826660,22.094727,-7.263184
4609,0.638672,-0.546875,0.076660,-21.484375,3.967285,-13.488770
4610,0.723633,-0.604492,0.031250,-44.555664,-16.662598,-17.089844
4611,0.782227,-0.646973,0.021973,-54.077148,-18.249512,-17.395020
4612,0.818359,-0.678223,0.023926,-61.401367,-16.357422,-16.357422
4613,0.853027,-0.760742,0.016113,-60.424805,-8.361816,-18.127441
4614,0.865723,-0.792480,0.012207,-51.025391,-5.126953,-24.414062
4615,0.871094,-0.813477,0.011230,-38.757324,-3.662109,-32.653809
4616,0.920898,-0.820312,-0.005859,-21.240234,-4.577637,-44.982910
4617,0.957031,-0.861816,-0.032715,-16.662598,-7.263184,-47.851562
4618,1.001465,-0.892090,-0.045898,-12.329102,-13.061523,-50.109863
4619,1.050293,-0.937500,-0.041504,-6.347656,-27.465820,-59.997559
4620,1.078613,-0.966309,-0.034668,-7.507324,-32.165527,-68.115234
4621,1.072266,-1.040039,-0.056641,-17.822266,-30.334473,-84.838867
4622,1.033203,-1.074219,-0.075684,-23.132324,-22.216797,-94.177246
4623,0.964355,-1.067383,-0.083984,-29.479980,-8.544922,-102.966309
4624,0.875000,-1.018555,-0.073730,-37.292480,9.033203,-106.933594
4625,0.683105,-0.903320,-0.060059,-51.940918,39.672852,-87.341309
4626,0.619629,-0.840332,-0.072754,-53.833008,46.569824,-63.659668
4627,0.578613,-0.792480,-0.055664,-49.926758,46.386719,-34.179688
4628,0.543945,-0.742676,-0.013184,-22.827148,21.118164,22.338867
4629,0.570801,-0.720215,-0.005859,-1.403809,-2.197266,43.334961
4630,0.610352,-0.701660,-0.007324,23.071289,-28.930664,60.302734
4631,0.675293,-0.680176,0.005371,71.777344,-80.993652,77.636719
4632,0.698242,-0.644043,0.004883,92.285156,-101.318359,77.575684
4633,0.712891,-0.590332,-0.004395,110.168457,-115.112305,74.707031
4634,0.711914,-0.532715,0.001953,123.840332,-121.704102,69.641113
4635,0.653809,-0.454102,0.012207,133.361816,-116.760254,54.199219
4636,0.626953,-0.430664,0.000977,131.958008,-105.957031,42.663574
4637,0.598145,-0.381348,-0.002930,120.361328,-75.927734,19.104004
4638,0.523438,-0.331055,0.033203,106.689453,-58.959961,9.277344
4639,0.502930,-0.311035,0.072266,85.205078,-43.212891,2.929688
4640,0.489746,-0.307617,0.063965,58.898926,-28.442383,1.098633
4641,0.498535,-0.364746,-0.033691,6.042480,6.103516,6.896973
4642,0.493652,-0.451660,-0.098145,-12.634277,24.841309,9.216309
4643,0.482422,-0.530273,-0.125000,-18.920898,38.330078,5.310059
4644,0.470703,-0.559082,-0.067383,-16.906738,39.489746,-9.277344
4645,0.473633,-0.580078,-0.026367,-16.723633,31.616211,-17.333984
4646,0.492676,-0.613281,-0.027344,-18.737793,21.484375,-24.963379
4647,0.512207,-0.678711,-0.059082,-16.052246,7.934570,-31.433105
4648,0.530762,-0.716309,-0.049805,-12.023926,5.493164,-32.653809
4649,0.543945,-0.729980,-0.036621,-4.150391,6.774902,-33.630371
4650,0.526855,-0.706543,-0.049316,-0.976562,11.230469,-32.104492
4651,0.528320,-0.695801,-0.073242,1.464844,19.165039,-29.602051
4652,0.572266,-0.710449,-0.080566,3.540039,36.987305,-27.160645
4653,0.586426,-0.733887,-0.084473,3.845215,41.748047,-27.893066
4654,0.598633,-0.755859,-0.094238,4.028320,44.982910,-31.250000
4655,0.627930,-0.803223,-0.087402,4.760742,50.109863,-38.330078
4656,0.634766,-0.843750,-0.068848,3.723145,49.682617,-38.024902
4657,0.648926,-0.903809,-0.065918,2.136230,47.241211,-35.583496
4658,0.662598,-0.956055,-0.070312,-0.671387,45.227051,-32.958984
4659,0.650391,-1.006836,-0.070801,-2.075195,40.466309,-26.000977
4660,0.654785,-0.991699,-0.041992,-1.220703,35.095215,-20.751953
4661,0.693359,-0.994141,0.014160,-1.159668,25.634766,-12.878418
4662,0.818359,-1.052246,0.041992,-1.831055,4.455566,3.784180
4663,0.867676,-1.079102,0.039062,0.183105,-2.197266,8.911133
4664,0.974609,-1.096680,0.025879,1.953125,-1.037598,9.887695
4665,0.941406,-1.083984,-0.006348,-0.183105,10.009766,6.591797
4666,0.842285,-1.044922,-0.053223,-5.310059,30.517578,-0.305176
4667,0.757324,-0.951172,-0.057129,-13.488770,54.321289,-4.882812
4668,0.738281,-0.830566,0.098145,-40.649414,73.974609,11.657715
4669,0.710938,-0.811035,0.146973,-59.082031,68.420410,24.963379
4670,0.701660,-0.827637,0.182129,-76.965332,58.654785,35.705566
4671,0.812012,-0.871094,0.146484,-100.036621,36.865234,51.330566
4672,0.858398,-0.899414,0.126465,-104.919434,29.602051,57.800293
4673,0.893066,-0.929688,0.137695,-108.093262,23.803711,61.950684
4674,0.852539,-0.965820,0.190918,-100.585938,8.605957,60.241699
4675,0.800781,-0.961914,0.202148,-88.806152,-0.244141,57.250977
4676,0.691895,-0.868652,0.212891,-53.649902,-9.521484,55.603027
4677,0.642090,-0.808594,0.210449,-33.142090,-10.375977,59.936523
4678,0.591797,-0.761719,0.193848,-13.549805,-8.422852,66.345215
4679,0.601074,-0.699707,0.176270,3.662109,-4.821777,75.134277
4680,0.616211,-0.661133,0.076172,32.592773,6.835938,95.214844
4681,0.621094,-0.636719,0.037598,44.799805,13.793945,99.060059
4682,0.632324,-0.582031,0.009766,55.114746,18.920898,101.501465
4683,0.626465,-0.554199,-0.006836,61.767578,24.047852,103.942871
4684,0.607422,-0.519531,-0.062012,64.453125,32.409668,101.257324
4685,0.608887,-0.495605,-0.066406,63.415527,34.118652,96.740723
4686,0.590332,-0.444824,-0.025391,46.325684,29.357910,84.716797
4687,0.595703,-0.432617,-0.027344,33.691406,23.742676,77.331543
4688,0.590332,-0.448242,-0.020020,20.324707,17.517090,68.115234
4689,0.587402,-0.459473,-0.015625,7.812500,10.986328,56.640625
4690,0.605469,-0.454590,0.002930,-11.596680,-2.258301,36.376953
4691,0.619629,-0.479980,0.019043,-16.418457,-8.117676,28.503418
4692,0.696777,-0.520020,0.046387,-22.155762,-20.874023,13.916016
4693,0.726562,-0.548340,0.052734,-23.986816,-26.184082,6.530762
4694,0.763672,-0.582520,0.049805,-24.963379,-30.273438,-2.441406
4695,0.800781,-0.625977,0.045898,-24.169922,-32.714844,-13.610840
4696,0.839355,-0.725586,-0.010254,-16.540527,-32.897949,-42.785645
4697,0.843750,-0.725586,-0.057617,-9.948730,-28.930664,-57.373047
4698,0.855957,-0.724121,-0.063965,-4.211426,-23.559570,-69.885254
4699,0.877441,-0.788574,-0.065918,1.037598,-18.554688,-92.956543
4700,0.920898,-0.824707,-0.066895,0.915527,-21.362305,-104.431152
4701,0.956543,-0.859375,-0.067871,-0.061035,-27.221680,-114.990234
4702,1.026855,-0.954102,-0.077637,-10.803223,-39.123535,-133.850098
4703,1.058594,-1.016602,-0.070801,-18.432617,-43.579102,-139.709473
4704,1.062988,-1.056152,-0.080078,-28.991699,-45.532227,-142.883301
4705,0.974609,-1.147461,-0.021484,-35.217285,-52.368164,-146.179199
4706,0.990723,-1.189941,-0.083496,-32.470703,-53.222656,-147.338867
4707,0.941895,-1.160645,-0.069824,-28.503418,-45.043945,-148.559570
4708,0.766602,-1.042969,0.025391,-36.132812,-20.446777,-137.390137
4709,0.702148,-1.006836,0.018066,-42.724609,-7.507324,-126.525879
4710,0.640625,-0.975098,-0.001953,-44.982910,3.845215,-111.633301
4711,0.553223,-0.917969,0.031738,-42.663574,18.249512,-70.190430
4712,0.508301,-0.897461,0.009277,-35.400391,18.859863,-45.532227
4713,0.497070,-0.875977,-0.012207,-19.958496,14.343262,-20.019531
4714,0.523926,-0.846191,-0.017090,1.831055,2.441406,5.554199
4715,0.569824,-0.807129,-0.022949,53.405762,-34.057617,43.457031
4716,0.571289,-0.783203,0.000977,79.711914,-56.457520,51.696777
4717,0.572266,-0.743652,0.010742,105.346680,-79.284668,52.856445
4718,0.553711,-0.626953,0.013672,144.165039,-109.619141,42.968750
4719,0.541992,-0.550781,0.037109,153.198242,-115.112305,37.292480
4720,0.506348,-0.489746,0.036621,155.029297,-115.295410,32.470703
4721,0.475098,-0.412109,0.012207,145.507812,-97.595215,24.902344
4722,0.471191,-0.399902,-0.001953,136.840820,-83.496094,22.949219
4723,0.481934,-0.382324,-0.038574,113.098145,-52.734375,22.766113
4724,0.472656,-0.404785,-0.043945,97.961426,-37.170410,23.193359
4725,0.459473,-0.420898,-0.056152,80.749512,-22.460938,21.850586
4726,0.473145,-0.455566,-0.065430,47.363281,-3.234863,16.784668
4727,0.480469,-0.469238,-0.045898,33.447266,0.061035,12.634277
4728,0.487305,-0.490234,-0.019043,21.057129,-0.732422,7.568359
4729,0.502441,-0.544434,-0.026367,9.033203,-7.934570,-3.295898
4730,0.511719,-0.552246,-0.027344,9.399414,-9.155273,-8.117676
4731,0.535156,-0.555176,-0.028809,9.033203,-6.896973,-11.413574
4732,0.608887,-0.627441,-0.031738,7.202148,3.662109,-12.695312
4733,0.632812,-0.672852,-0.047363,8.666992,10.681152,-15.197754
4734,0.656250,-0.705078,-0.057129,11.718750,17.944336,-19.409180
4735,0.676758,-0.732422,-0.076660,23.620605,28.015137,-30.212402
4736,0.682617,-0.787598,-0.101562,30.517578,29.663086,-34.973145
4737,0.682617,-0.811035,-0.106934,33.264160,31.066895,-38.146973
4738,0.677734,-0.820312,-0.104004,32.775879,30.639648,-38.391113
4739,0.701172,-0.874023,-0.157227,21.606445,27.099609,-32.714844
4740,0.708496,-0.923340,-0.167969,13.671875,29.052734,-28.076172
4741,0.806641,-0.985840,-0.083984,-4.272461,30.090332,-16.479492
4742,0.875488,-1.048340,0.012207,-6.225586,18.981934,-8.544922
4743,0.933594,-1.134766,0.076172,-7.385254,1.525879,-5.065918
4744,0.994629,-1.199707,0.064453,-2.868652,-14.343262,-3.356934
4745,1.025391,-1.230469,0.022949,22.399902,-26.855469,-3.295898
4746,0.986816,-1.188965,0.024414,40.283203,-22.216797,-6.713867
4747,0.946289,-1.074707,0.104492,45.288086,-13.000488,-12.817383
4748,0.853516,-0.903320,0.136230,5.981445,18.493652,-12.634277
4749,0.848145,-0.869629,0.088379,-21.728516,39.001465,-8.972168
4750,0.832031,-0.843262,0.079590,-45.837402,55.480957,-0.793457
4751,0.812988,-0.726562,0.240723,-91.003418,63.842773,16.540527
4752,0.826172,-0.737305,0.195312,-115.478516,64.208984,27.954102
4753,0.784668,-0.826172,0.083496,-126.831055,66.162109,34.912109
4754,0.780273,-0.861816,0.121094,-117.736816,60.180664,36.132812
4755,0.766113,-0.782227,0.230957,-96.496582,32.104492,39.611816
4756,0.727051,-0.763672,0.203125,-83.618164,23.376465,40.527344
4757,0.668945,-0.696777,0.190918,-50.231934,17.578125,40.893555
4758,0.638672,-0.653809,0.191895,-34.606934,18.615723,42.053223
4759,0.583496,-0.611816,0.175781,-22.094727,22.399902,46.386719
4760,0.549316,-0.562988,0.159668,-13.061523,28.442383,53.222656
4761,0.565430,-0.522461,0.090332,-1.525879,36.010742,71.166992
4762,0.567871,-0.537109,0.041016,4.394531,37.658691,76.843262
4763,0.527832,-0.519531,0.009277,16.784668,37.841797,76.660156
4764,0.521973,-0.498535,0.020508,22.460938,32.348633,72.509766
4765,0.512695,-0.476562,0.038086,27.038574,22.216797,66.894531
4766,0.525391,-0.439941,0.069824,27.221680,-3.479004,53.100586
4767,0.550293,-0.434570,0.061523,22.155762,-13.671875,46.203613
4768,0.571777,-0.432617,0.036133,13.549805,-18.981934,39.855957
4769,0.596191,-0.432129,0.006348,2.990723,-18.798828,34.667969
4770,0.624023,-0.484375,0.002930,-16.906738,-12.390137,24.108887
4771,0.627930,-0.512207,0.026855,-22.766113,-12.268066,17.639160
4772,0.649414,-0.552246,0.061035,-24.230957,-16.113281,10.925293
4773,0.736328,-0.661621,0.087891,-13.854980,-38.513184,-3.295898
4774,0.774414,-0.707520,0.089355,-0.976562,-53.955078,-11.779785
4775,0.799316,-0.727539,0.119141,11.413574,-68.664551,-21.301270
4776,0.831543,-0.688965,0.116211,22.338867,-85.021973,-37.902832
4777,0.843262,-0.691895,0.089355,20.874023,-81.176758,-43.334961
4778,0.872070,-0.702148,0.047852,15.136719,-69.885254,-46.691895
4779,0.965332,-0.804688,-0.031738,-0.976562,-37.475586,-49.072266
4780,0.987305,-0.885254,-0.036133,-3.845215,-24.658203,-52.429199
4781,0.999023,-0.942871,-0.012695,-2.319336,-20.446777,-59.631348
4782,1.005859,-0.990234,0.078125,9.338379,-37.841797,-78.552246
4783,1.027832,-1.004883,0.140625,11.047363,-54.748535,-85.693359
4784,1.036621,-1.019043,0.147461,5.065918,-69.274902,-90.270996
4785,1.022949,-1.037109,0.088379,-6.225586,-72.082520,-92.590332
4786,0.925781,-1.015137,-0.027344,-32.531738,-38.208008,-87.402344
4787,0.846191,-0.993164,-0.010742,-47.302246,-9.582520,-78.430176
4788,0.731934,-0.948242,-0.018555,-75.134277,46.447754,-42.846680
4789,0.665039,-0.952148,-0.035156,-74.768066,64.392090,-18.615723
4790,0.606934,-0.938965,-0.028320,-62.255859,70.495605,5.493164
4791,0.579590,-0.895508,-0.024414,-40.527344,64.941406,29.174805
4792,0.630371,-0.794922,-0.089355,25.329590,29.785156,71.960449
4793,0.653809,-0.754883,-0.133301,58.044434,9.521484,83.251953
4794,0.669922,-0.704590,-0.177734,87.097168,-7.263184,85.571289
4795,0.642090,-0.554199,-0.189941,122.314453,-35.217285,65.673828
4796,0.626465,-0.507324,-0.212402,125.488281,-45.776367,52.062988
4797,0.612305,-0.530762,-0.316895,108.032227,-45.104980,35.888672
4798,0.653320,-0.493164,-0.341309,56.518555,-10.375977,2.807617
4799,0.588379,-0.334473,-0.115723,41.015625,-6.225586,4.333496
4800,0.460449,-0.226074,0.077148,26.855469,-19.287109,16.235352
4801,0.403320,-0.295898,-0.050781,5.371094,-49.926758,34.973145
4802,0.467773,-0.382812,-0.130371,8.422852,-52.001953,37.658691
4803,0.520996,-0.443359,-0.041016,25.390625,-52.917480,35.095215
4804,0.526367,-0.457031,0.012207,31.494141,-59.387207,30.639648
4805,0.534668,-0.484375,0.036133,39.001465,-66.772461,25.024414
4806,0.533691,-0.487305,0.040527,46.630859,-70.983887,17.883301
4807,0.559082,-0.530273,0.012695,43.273926,-61.828613,0.122070
4808,0.584961,-0.512207,-0.005859,29.357910,-49.194336,-7.995605
4809,0.596680,-0.473145,0.012207,15.014648,-34.423828,-10.498047
4810,0.617188,-0.460938,0.044434,-1.464844,-19.226074,-9.094238
4811,0.658203,-0.585938,0.073242,-20.263672,0.305176,-5.065918
4812,0.658203,-0.652832,0.055176,-17.089844,7.263184,-8.239746
4813,0.645508,-0.717773,0.041504,12.084961,14.404297,-18.981934
4814,0.659180,-0.718750,0.050293,28.686523,11.901855,-23.681641
4815,0.697266,-0.719238,0.054199,41.564941,6.347656,-26.489258
4816,0.759766,-0.772949,0.069336,43.701172,-9.033203,-27.587891
4817,0.768066,-0.809570,0.031738,35.339355,-12.878418,-28.381348
4818,0.768555,-0.847168,0.000977,26.916504,-11.657715,-31.433105
4819,0.803223,-0.869141,0.021973,26.489258,1.281738,-33.752441
4820,0.863770,-0.918457,0.071289,30.029297,0.976562,-29.968262
4821,0.910645,-0.971191,0.058105,33.264160,-2.807617,-28.869629
4822,0.930176,-0.994629,0.068359,45.043945,-12.329102,-33.386230
4823,0.890625,-0.950195,0.081055,44.860840,-11.413574,-39.428711
4824,0.821289,-0.893066,0.097656,38.085938,-3.234863,-48.339844
4825,0.766602,-0.867676,0.113281,22.766113,10.986328,-57.617188
4826,0.758789,-0.891602,0.051758,-16.662598,44.067383,-61.401367
4827,0.791504,-0.928711,0.037598,-34.423828,55.114746,-55.969238
4828,0.794922,-0.992188,0.049805,-68.359375,64.941406,-38.574219
4829,0.801270,-1.028809,0.081543,-84.655762,62.011719,-30.029297
4830,0.811523,-1.050293,0.098633,-97.351074,52.856445,-22.338867
4831,0.795898,-1.042480,0.209473,-108.093262,20.751953,-11.718750
4832,0.791504,-1.019043,0.243652,-108.886719,4.394531,-9.033203
4833,0.787598,-0.996582,0.222168,-106.811523,-5.126953,-3.906250
4834,0.687500,-0.932129,0.188965,-87.524414,10.131836,7.507324
4835,0.621582,-0.873535,0.192383,-75.683594,26.062012,14.221191
4836,0.587891,-0.821289,0.173828,-61.645508,43.579102,23.620605
4837,0.543457,-0.822754,0.078613,-29.357910,70.678711,46.020508
4838,0.495605,-0.786133,0.028320,-10.559082,74.951172,51.208496
4839,0.450195,-0.722168,-0.008789,9.094238,75.561523,55.053711
4840,0.478027,-0.633789,-0.040039,34.545898,67.077637,66.040039
4841,0.518555,-0.620605,-0.089355,39.550781,59.692383,72.753906
4842,0.523926,-0.647949,-0.130371,40.344238,52.978516,77.270508
4843,0.491699,-0.689453,-0.157227,25.024414,44.311523,67.565918
4844,0.481934,-0.622070,-0.128906,17.578125,38.085938,59.936523
4845,0.498047,-0.550293,-0.031250,8.911133,26.367188,57.373047
4846,0.533691,-0.528809,0.045410,-21.728516,-5.310059,59.020996
4847,0.567871,-0.527832,0.025391,-35.705566,-17.639160,60.485840
4848,0.603516,-0.553223,0.022461,-45.043945,-26.123047,63.476562
4849,0.636230,-0.594238,0.048340,-49.865723,-33.569336,64.880371
4850,0.786621,-0.669434,0.117188,-44.616699,-57.922363,66.040039
4851,0.869141,-0.719727,0.160645,-41.503906,-73.242188,67.321777
4852,1.003906,-0.820801,0.142090,-35.278320,-96.069336,62.072754
4853,1.034668,-0.844727,0.084961,-29.418945,-94.848633,53.161621
4854,1.082520,-0.852539,0.041504,-24.536133,-83.679199,42.358398
4855,1.132324,-0.859375,0.001953,-23.620605,-65.429688,32.165527
4856,1.160645,-0.876953,-0.033203,-24.780273,-43.762207,21.850586
4857,1.117676,-0.905762,-0.063477,-20.996094,-6.713867,2.746582
4858,1.079102,-0.898926,-0.021973,-13.671875,-0.671387,-2.990723
4859,1.049316,-0.887695,0.038086,5.554199,-16.723633,-5.859375
4860,1.029297,-0.897949,0.020996,18.127441,-31.616211,-7.629395
4861,1.032227,-0.880859,-0.005859,32.348633,-44.860840,-13.183594
4862,0.949219,-0.800781,-0.041504,56.823730,-54.321289,-31.250000
4863,0.891602,-0.738281,-0.023438,64.147949,-53.344727,-41.137695
4864,0.818359,-0.680176,0.012207,65.979004,-50.537109,-47.790527
4865,0.749023,-0.620117,0.040039,63.720703,-45.104980,-50.415039
4866,0.678223,-0.567871,0.060059,56.640625,-37.658691,-39.916992
4867,0.677246,-0.581055,0.055176,52.124023,-38.330078,-29.724121
4868,0.651855,-0.596191,0.049805,48.645020,-42.053223,-20.996094
4869,0.605469,-0.542480,0.046387,48.706055,-57.006836,-7.141113
4870,0.604980,-0.531738,0.047363,50.659180,-66.345215,1.770020
4871,0.614258,-0.538574,0.027344,53.283691,-75.683594,9.460449
4872,0.671387,-0.565918,-0.031250,60.058594,-91.064453,18.249512
4873,0.683594,-0.562012,-0.043457,61.218262,-96.984863,19.714355
4874,0.657227,-0.538086,-0.031738,61.767578,-101.684570,18.371582
4875,0.618652,-0.423340,0.034668,62.500000,-107.727051,12.268066
4876,0.633301,-0.391602,0.054688,59.936523,-108.215332,10.559082
4877,0.632812,-0.392090,0.032227,56.945801,-104.858398,7.873535
4878,0.616699,-0.409180,0.003906,56.579590,-95.275879,0.427246
4879,0.584473,-0.423828,-0.025391,63.476562,-64.331055,-27.709961
4880,0.568359,-0.427246,-0.010742,67.016602,-48.217773,-41.931152
4881,0.540039,-0.435547,-0.001953,66.528320,-35.888672,-52.795410
4882,0.470215,-0.444824,-0.015137,56.335449,-18.371582,-69.091797
4883,0.461426,-0.460938,0.011230,48.034668,-17.578125,-72.753906
4884,0.448730,-0.495605,0.033203,38.879395,-21.850586,-75.866699
4885,0.438477,-0.543945,0.044434,35.034180,-31.677246,-79.833984
4886,0.438965,-0.593750,0.064453,36.865234,-59.265137,-90.148926
4887,0.444824,-0.603516,0.095703,37.719727,-69.702148,-94.421387
4888,0.490234,-0.608398,0.128418,32.409668,-76.293945,-97.106934
4889,0.548828,-0.620117,0.127441,21.606445,-78.491211,-96.679688
4890,0.693848,-0.724609,0.107422,-8.422852,-68.115234,-88.317871
4891,0.747559,-0.802246,0.082520,-24.902344,-57.312012,-80.688477
4892,0.760742,-0.898926,0.012207,-32.531738,-42.053223,-72.204590
4893,0.683105,-1.083984,-0.052246,-27.954102,-2.746582,-67.871094
4894,0.651855,-1.122070,-0.057129,-20.202637,14.465332,-68.847656
4895,0.647949,-1.125488,-0.038574,-11.352539,27.038574,-68.054199
4896,0.642578,-1.121094,-0.013184,-3.967285,32.958984,-63.171387
4897,0.658203,-1.128906,0.017578,5.187988,28.625488,-47.485352
4898,0.704102,-1.139160,0.016113,9.216309,21.545410,-36.682129
4899,0.853027,-1.164551,-0.031738,10.009766,15.441895,-11.413574
4900,0.892578,-1.175293,-0.041992,10.253906,17.272949,0.061035
4901,0.894531,-1.163574,-0.030762,13.366699,20.202637,7.202148
4902,0.889648,-1.154297,-0.018066,19.165039,22.766113,10.070801
4903,0.855469,-1.097656,-0.021484,22.888184,28.930664,6.835938
4904,0.793457,-1.039062,-0.064453,20.141602,42.358398,3.662109
4905,0.759277,-0.994141,-0.087402,12.390137,59.753418,2.258301
4906,0.714844,-0.991211,-0.129395,-15.014648,86.425781,9.338379
4907,0.661133,-0.985352,-0.117188,-27.770996,89.355469,11.718750
4908,0.630371,-0.955078,-0.079590,-40.161133,83.374023,14.953613
4909,0.650391,-0.916992,0.014160,-70.434570,49.743652,31.921387
4910,0.651367,-0.903809,0.026855,-83.862305,27.832031,42.175293
4911,0.652344,-0.903320,0.053223,-91.064453,7.385254,50.476074
4912,0.667480,-0.879883,0.127930,-90.820312,-26.794434,59.448242
4913,0.663086,-0.842773,0.134277,-81.604004,-36.193848,63.354492
4914,0.656250,-0.802734,0.149902,-68.420410,-39.245605,67.138672
4915,0.602539,-0.718262,0.134277,-38.635254,-26.306152,72.326660
4916,0.603027,-0.680176,0.134277,-23.681641,-14.221191,76.110840
4917,0.619141,-0.670410,0.116211,-12.145996,-1.892090,80.566406
4918,0.609863,-0.619629,0.051758,7.019043,16.662598,88.256836
4919,0.599121,-0.584473,0.044922,16.296387,19.165039,92.041016
4920,0.605469,-0.552734,0.055176,24.291992,16.784668,96.740723
4921,0.611328,-0.529297,0.062500,31.311035,9.460449,101.806641
4922,0.644531,-0.503418,0.048828,43.395996,-13.061523,109.863281
4923,0.663086,-0.503906,0.044434,48.217773,-23.620605,110.107422
4924,0.682617,-0.495117,0.042969,50.292969,-31.799316,107.116699
4925,0.704590,-0.467773,0.032227,46.203613,-36.682129,95.825195
4926,0.725098,-0.470215,0.042480,39.367676,-33.569336,88.867188
4927,0.741211,-0.480957,0.049805,29.296875,-28.503418,81.970215
4928,0.792969,-0.527344,0.083008,8.239746,-19.104004,68.603516
4929,0.825195,-0.539551,0.084961,-0.122070,-17.883301,63.049316
4930,0.860840,-0.574219,0.073730,-10.803223,-18.493652,49.560547
4931,0.879883,-0.596680,0.061523,-14.465332,-17.944336,39.733887
4932,0.875000,-0.610352,0.039062,-16.723633,-15.991211,27.832031
4933,0.857422,-0.590332,0.003906,-19.104004,-10.986328,15.197754
4934,0.875977,-0.602051,-0.047852,-26.184082,7.080078,-9.338379
4935,0.883789,-0.659668,-0.076172,-26.367188,15.930176,-23.864746
4936,0.916992,-0.715820,-0.093750,-21.362305,19.775391,-40.283203
4937,0.964355,-0.779297,-0.096191,-14.038086,16.296387,-55.969238
4938,1.076660,-0.877930,-0.066406,-2.807617,-7.751465,-82.275391
4939,1.073242,-0.896484,-0.064453,0.488281,-24.475098,-94.726562
4940,1.003418,-0.877441,-0.011719,1.220703,-49.926758,-105.590820
4941,1.007812,-0.888672,0.041016,-8.056641,-56.091309,-104.064941
4942,1.000488,-0.936523,0.053711,-18.981934,-58.044434,-103.454590
4943,0.965820,-0.976562,0.031738,-26.794434,-53.710938,-106.872559
4944,0.888672,-0.996582,-0.019531,-31.250000,-23.803711,-112.670898
4945,0.854492,-0.988770,-0.034668,-34.057617,-4.821777,-108.581543
4946,0.750000,-0.947266,-0.017090,-36.499023,24.291992,-85.632324
4947,0.705078,-0.908691,-0.007812,-33.752441,30.212402,-68.298340
4948,0.676270,-0.875977,-0.030762,-27.832031,32.592773,-49.743652
4949,0.629883,-0.800293,-0.066406,-0.793457,24.841309,-13.061523
4950,0.607910,-0.762207,-0.071289,18.493652,13.000488,0.732422
4951,0.576660,-0.723633,-0.071777,40.283203,-3.051758,8.850098
4952,0.552734,-0.668945,-0.053223,78.857422,-38.330078,9.155273
4953,0.510742,-0.563965,-0.023926,92.590332,-53.833008,3.173828
4954,0.490723,-0.505859,-0.009277,101.135254,-65.612793,-4.028320
4955,0.451660,-0.416504,0.024414,97.717285,-73.547363,-19.226074
4956,0.442871,-0.397949,0.022461,85.937500,-67.687988,-25.024414
4957,0.425781,-0.404297,0.020508,71.472168,-56.945801,-30.029297
4958,0.411621,-0.401367,0.015137,57.250977,-44.006348,-32.592773
4959,0.400391,-0.449219,0.027832,31.982422,-20.446777,-34.790039
4960,0.413574,-0.491211,0.037598,22.094727,-13.671875,-37.414551
4961,0.430176,-0.566406,0.069336,10.009766,-11.657715,-45.898438
4962,0.442871,-0.586426,0.071289,4.028320,-13.488770,-50.048828
4963,0.457031,-0.609863,0.053711,-1.342773,-13.488770,-52.612305
4964,0.466797,-0.638672,0.047852,-5.432129,-12.084961,-54.443359
4965,0.518066,-0.666504,0.065918,-12.207031,-10.498047,-55.664062
4966,0.540039,-0.682129,0.068359,-15.747070,-10.314941,-54.260254
4967,0.550293,-0.700195,0.060059,-18.493652,-8.911133,-51.208496
4968,0.548340,-0.703125,0.033691,-18.737793,-4.394531,-47.180176
4969,0.560547,-0.710938,0.008789,-11.047363,12.878418,-33.203125
4970,0.581543,-0.741211,0.006348,-4.638672,22.155762,-24.230957
4971,0.598145,-0.790527,-0.004395,2.746582,29.907227,-16.723633
4972,0.645996,-0.834473,-0.078613,21.789551,38.208008,-8.483887
4973,0.660156,-0.846191,-0.084961,28.747559,39.916992,-4.699707
4974,0.663574,-0.870117,-0.081543,31.250000,38.696289,-1.831055
4975,0.689453,-0.883789,-0.088867,24.658203,30.761719,3.295898
4976,0.716797,-0.899902,-0.085449,18.737793,25.329590,5.187988
4977,0.759766,-0.907715,-0.063965,11.169434,19.042969,8.483887
4978,0.847656,-0.934570,-0.026367,1.220703,10.742188,15.563965
4979,1.038086,-1.081055,0.002930,-16.418457,-9.765625,32.409668
4980,1.102539,-1.122559,-0.009277,-21.362305,-13.977051,32.836914
4981,1.139648,-1.135742,-0.021973,-23.193359,-11.108398,30.151367
4982,1.117188,-1.063477,-0.014160,-21.911621,15.808105,20.935059
4983,1.024902,-1.003418,-0.025879,-21.606445,38.757324,13.916016
4984,0.939941,-0.905762,-0.029785,-23.925781,64.270020,10.009766
4985,0.868164,-0.804199,0.042969,-41.931152,90.270996,18.676758
4986,0.854980,-0.756348,0.109863,-58.715820,88.500977,26.977539
4987,0.833496,-0.807129,0.063965,-94.604492,74.157715,43.212891
4988,0.854492,-0.838379,0.078613,-103.027344,58.715820,47.607422
4989,0.859863,-0.828125,0.128418,-106.262207,39.123535,50.415039
4990,0.805664,-0.785156,0.207520,-106.994629,6.225586,55.908203
4991,0.760254,-0.750488,0.229492,-100.463867,-4.394531,56.213379
4992,0.707520,-0.696289,0.248535,-89.355469,-11.169434,58.044434
4993,0.573730,-0.631348,0.245117,-49.194336,-14.831543,65.490723
4994,0.542480,-0.601562,0.257324,-24.353027,-14.526367,67.810059
4995,0.544434,-0.570312,0.267578,-2.685547,-15.319824,70.922852
4996,0.583008,-0.542480,0.217285,21.545410,-15.258789,77.270508
4997,0.604980,-0.542969,0.154297,27.465820,-10.192871,78.918457
4998,0.618164,-0.542969,0.105957,32.104492,-2.319336,78.552246
4999,0.625000,-0.527832,0.082031,34.667969,6.164551,76.904297
5000,0.647949,-0.508301,0.024414,31.005859,22.460938,75.500488
5001,0.656738,-0.506836,0.002441,26.184082,29.663086,75.195312
5002,0.641113,-0.508789,0.016113,18.554688,35.583496,72.875977
5003,0.631348,-0.505859,0.056641,14.038086,32.409668,68.542480
5004,0.645508,-0.497070,0.079590,8.056641,25.512695,63.964844
5005,0.655762,-0.502441,0.073730,1.098633,18.066406,60.913086
5006,0.650879,-0.562988,0.009766,-11.413574,13.427734,58.654785
5007,0.645996,-0.611328,-0.008789,-15.014648,15.319824,56.518555
5008,0.631348,-0.663086,-0.004395,-14.099121,13.671875,52.368164
5009,0.647461,-0.697754,0.050781,-1.708984,-10.009766,39.611816
5010,0.666992,-0.698730,0.083496,4.394531,-29.113770,34.240723
5011,0.688965,-0.708008,0.075684,8.605957,-46.752930,27.465820
5012,0.748535,-0.770020,-0.016602,18.981934,-60.119629,5.798340
5013,0.804688,-0.798828,-0.039551,25.573730,-56.274414,-6.591797
5014,0.844238,-0.819336,-0.062012,32.287598,-48.950195,-18.554688
5015,0.880859,-0.833984,-0.062988,36.743164,-39.550781,-30.090332
5016,0.941406,-0.868164,-0.065430,30.029297,-24.597168,-46.264648
5017,0.928223,-0.873535,-0.069336,21.362305,-21.911621,-51.513672
5018,0.949707,-0.914062,-0.050781,-2.319336,-23.864746,-65.063477
5019,0.983887,-0.946289,-0.028809,-14.892578,-28.869629,-73.547363
5020,0.979004,-0.992188,-0.004395,-25.878906,-35.339355,-83.129883
5021,0.982422,-1.020508,-0.051758,-33.874512,-38.330078,-93.261719
5022,0.856445,-0.984375,-0.060547,-41.870117,-23.071289,-115.722656
5023,0.796387,-0.922852,-0.034668,-46.569824,-10.009766,-124.267578
5024,0.751953,-0.868164,0.028809,-52.978516,-0.976562,-126.708984
5025,0.749512,-0.836426,0.019531,-73.974609,16.540527,-116.699219
5026,0.717285,-0.796875,-0.006348,-84.777832,31.005859,-85.754395
5027,0.685547,-0.757812,-0.044922,-81.115723,34.545898,-59.326172
5028,0.657227,-0.736328,-0.068359,-68.176270,34.057617,-28.503418
5029,0.636719,-0.731934,-0.059570,-48.339844,27.893066,1.708984
5030,0.617188,-0.746094,-0.032715,-22.644043,14.038086,23.498535
5031,0.586426,-0.694336,0.011719,41.931152,-33.142090,38.330078
5032,0.570312,-0.635254,0.047363,75.927734,-59.143066,35.400391
5033,0.546875,-0.523926,0.085449,119.445801,-99.243164,17.456055
5034,0.542969,-0.463867,0.062500,127.014160,-105.285645,6.469727
5035,0.542969,-0.421875,0.034668,127.136230,-101.196289,-3.662109
5036,0.528809,-0.419922,0.013672,119.873047,-88.562012,-12.878418
5037,0.477539,-0.425293,-0.055664,95.886230,-49.438477,-29.846191
5038,0.461426,-0.419922,-0.046387,85.754395,-29.235840,-34.606934
5039,0.466797,-0.422363,-0.050781,76.477051,-14.221191,-37.658691
5040,0.451172,-0.450195,-0.002441,46.508789,7.568359,-42.297363
5041,0.463867,-0.473633,-0.001465,26.184082,13.366699,-44.372559
5042,0.483887,-0.501953,-0.022949,5.493164,17.883301,-44.860840
5043,0.498535,-0.615723,-0.055664,-26.794434,26.672363,-44.677734
5044,0.495117,-0.653809,-0.070801,-37.841797,31.860352,-45.593262
5045,0.488281,-0.680664,-0.061035,-44.311523,35.583496,-45.166016
5046,0.480957,-0.701172,-0.041992,-46.569824,37.048340,-41.687012
5047,0.439453,-0.733887,-0.032227,-38.757324,31.372070,-27.221680
5048,0.440430,-0.744629,-0.049316,-29.052734,26.733398,-19.409180
5049,0.470215,-0.759277,-0.031738,-16.601562,21.057129,-12.939453
5050,0.554688,-0.821289,-0.035645,9.094238,6.286621,-7.507324
5051,0.584473,-0.825684,-0.053711,21.240234,3.906250,-7.812500
5052,0.604004,-0.833008,-0.062012,29.418945,5.554199,-9.033203
5053,0.657715,-0.847168,-0.066406,35.888672,11.596680,-8.605957
5054,0.685059,-0.874512,-0.054688,34.484863,13.977051,-6.347656
5055,0.724609,-0.908203,-0.042480,30.517578,15.686035,-3.906250
5056,0.921875,-1.000000,-0.004395,12.634277,10.681152,10.070801
5057,1.038086,-1.081543,0.040039,-0.610352,0.610352,18.981934
5058,1.111816,-1.153320,0.077148,-13.610840,-11.474609,24.780273
5059,1.192383,-1.205078,0.096680,-36.743164,-27.770996,24.291992
5060,1.191895,-1.184082,0.066406,-44.067383,-24.902344,20.874023
5061,1.124512,-1.141113,0.042969,-45.654297,-12.512207,13.916016
5062,0.903320,-0.935547,0.061523,-43.395996,33.203125,-0.244141
5063,0.839355,-0.835938,0.061523,-44.128418,59.387207,0.122070
5064,0.849121,-0.727051,0.140625,-53.833008,82.275391,7.934570
5065,0.816895,-0.734863,0.139160,-98.266602,109.558105,36.010742
5066,0.769043,-0.802246,0.039551,-102.600098,112.487793,42.602539
5067,0.754883,-0.833496,0.082520,-94.482422,104.309082,44.494629
5068,0.776367,-0.781250,0.230469,-87.585449,60.485840,44.982910
5069,0.773926,-0.767578,0.192383,-87.219238,42.175293,42.175293
5070,0.767578,-0.744629,0.159668,-88.623047,34.729004,39.428711
5071,0.676758,-0.689453,0.148438,-92.285156,46.691895,39.184570
5072,0.631836,-0.645508,0.181152,-94.482422,56.396484,39.978027
5073,0.595703,-0.603516,0.199707,-97.045898,63.903809,44.189453
5074,0.557617,-0.578125,0.184570,-96.984863,68.542480,50.354004
5075,0.523438,-0.579590,0.118164,-82.702637,66.528320,68.969727
5076,0.504395,-0.588867,0.096191,-67.199707,58.837891,74.768066
5077,0.491211,-0.580078,0.090332,-46.875000,46.020508,76.904297
5078,0.473145,-0.529785,0.103027,-1.831055,11.413574,73.486328
5079,0.485840,-0.502930,0.121094,18.249512,-7.080078,69.335938
5080,0.542480,-0.476562,0.108398,42.175293,-33.874512,59.020996
5081,0.584961,-0.479004,0.087402,48.339844,-39.489746,53.710938
5082,0.627930,-0.504883,0.063477,51.574707,-40.527344,47.546387
5083,0.705078,-0.516113,0.023438,54.260254,-32.165527,29.541016
5084,0.719238,-0.507324,0.034180,50.354004,-24.963379,20.568848
5085,0.721191,-0.493164,0.047363,41.809082,-17.089844,12.573242
5086,0.739258,-0.477051,0.076172,16.418457,-3.723145,4.943848
5087,0.752441,-0.489746,0.087891,1.647949,0.366211,5.798340
5088,0.801758,-0.570801,0.117188,-21.179199,-1.953125,6.103516
5089,0.825684,-0.617188,0.116211,-28.503418,-6.958008,1.953125
5090,0.860840,-0.665039,0.086426,-32.409668,-10.986328,-5.432129
5091,0.904297,-0.713867,0.031738,-33.142090,-10.986328,-15.747070
5092,0.945312,-0.807617,-0.036621,-27.893066,-0.427246,-44.738770
5093,0.948242,-0.837402,-0.088379,-23.376465,7.995605,-62.316895
5094,0.964355,-0.831543,-0.092773,-15.563965,13.488770,-75.561523
5095,1.000488,-0.843262,-0.073242,-9.033203,12.512207,-82.580566
5096,1.020508,-0.919434,-0.084473,1.159668,-4.577637,-85.815430
5097,1.025391,-0.955078,-0.137695,5.615234,-14.892578,-87.158203
5098,1.030762,-1.016113,-0.169922,12.207031,-26.123047,-96.008301
5099,1.031738,-1.031250,-0.166504,11.657715,-28.320312,-101.745605
5100,0.984375,-1.023926,-0.126953,-1.037598,-28.259277,-113.708496
5101,0.916016,-1.021484,-0.099609,-10.864258,-23.864746,-119.140625
5102,0.844727,-0.980957,-0.078125,-20.263672,-15.563965,-122.924805
5103,0.703125,-0.895508,-0.083496,-39.855957,6.469727,-112.365723
5104,0.641602,-0.836914,-0.074707,-49.072266,16.357422,-95.031738
5105,0.590332,-0.784180,-0.061035,-55.969238,21.728516,-70.373535
5106,0.549316,-0.764648,-0.009766,-58.349609,21.057129,-42.114258
5107,0.544434,-0.756836,0.015137,-44.372559,0.610352,14.099121
5108,0.579590,-0.761719,0.020508,-26.428223,-16.174316,39.672852
5109,0.619141,-0.766602,0.018555,-2.868652,-36.254883,61.157227
5110,0.678223,-0.740723,0.021973,60.607910,-85.998535,87.463379
5111,0.699707,-0.714844,0.029297,94.543457,-111.450195,89.904785
5112,0.708984,-0.606445,-0.013672,146.545410,-141.418457,74.584961
5113,0.707520,-0.528809,-0.021484,160.827637,-142.944336,60.485840
5114,0.681641,-0.458008,-0.007812,164.794922,-137.878418,44.677734
5115,0.638672,-0.402344,-0.000488,158.996582,-127.319336,27.038574
5116,0.583984,-0.287109,-0.014648,124.633789,-91.613770,-4.821777
5117,0.562988,-0.254883,-0.013672,102.416992,-70.129395,-15.930176
5118,0.562012,-0.249023,-0.014160,77.331543,-48.156738,-23.620605
5119,0.562988,-0.303223,-0.039062,20.812988,-5.004883,-32.836914
5120,0.546875,-0.330566,-0.068359,-5.371094,15.441895,-33.691406
5121,0.536133,-0.377930,-0.098145,-27.099609,33.752441,-33.203125
5122,0.503906,-0.462402,-0.054688,-58.349609,55.358887,-31.250000
5123,0.491699,-0.482910,-0.040039,-68.847656,56.457520,-29.663086
5124,0.492676,-0.509277,-0.034668,-74.645996,53.833008,-28.137207
5125,0.499512,-0.541504,-0.017090,-77.087402,49.621582,-27.465820
5126,0.521973,-0.605957,0.020508,-72.143555,39.916992,-26.245117
5127,0.530762,-0.645020,0.010742,-60.119629,35.522461,-25.146484
5128,0.534180,-0.697754,-0.009277,-14.648438,23.254395,-21.606445
5129,0.537109,-0.714844,-0.006348,12.268066,15.563965,-17.822266
5130,0.543945,-0.732422,-0.000488,36.926270,7.080078,-14.709473
5131,0.567383,-0.729004,-0.010742,56.579590,-1.098633,-12.145996
5132,0.639160,-0.755859,-0.062012,81.420898,-9.338379,-11.230469
5133,0.681152,-0.785156,-0.084473,86.059570,-8.544922,-13.671875
5134,0.739258,-0.794922,-0.089355,84.899902,-5.004883,-16.418457
5135,0.824219,-0.823730,-0.121582,59.692383,10.742188,-18.615723
5136,0.871094,-0.853027,-0.116211,40.161133,19.714355,-16.784668
5137,0.939453,-0.898438,-0.082520,17.333984,25.512695,-12.268066
5138,1.041992,-1.001953,-0.003906,-27.954102,25.817871,2.929688
5139,1.054199,-1.046387,0.033691,-43.762207,24.536133,8.666992
5140,1.080566,-1.080078,0.045410,-54.687500,23.254395,12.390137
5141,1.108398,-1.102539,0.061035,-59.631348,23.254395,14.953613
5142,1.060059,-1.112305,0.017578,-52.062988,35.705566,11.718750
5143,0.966309,-1.052246,-0.031250,-42.358398,52.673340,5.859375
5144,0.771484,-0.874023,-0.030762,-31.066895,92.651367,-2.563477
5145,0.738281,-0.777832,0.013672,-35.095215,101.257324,0.366211
5146,0.732422,-0.688965,0.062988,-49.621582,104.187012,10.742188
5147,0.691895,-0.686523,0.065918,-68.725586,103.454590,23.986816
5148,0.671387,-0.739258,-0.017090,-76.538086,87.646484,47.119141
5149,0.658203,-0.823242,-0.018555,-66.345215,68.969727,54.260254
5150,0.653320,-0.828125,0.017090,-53.894043,45.227051,55.541992
5151,0.698242,-0.806641,0.077637,-35.156250,-5.187988,52.307129
5152,0.708496,-0.801758,0.100098,-27.343750,-25.207520,48.583984
5153,0.710938,-0.795410,0.113281,-21.972656,-37.292480,43.395996
5154,0.710449,-0.764648,0.121582,-18.310547,-41.564941,38.574219
5155,0.671875,-0.656250,0.160156,-17.089844,-30.883789,38.452148
5156,0.635742,-0.613281,0.185547,-18.188477,-23.864746,42.785645
5157,0.617188,-0.571777,0.199219,-17.761230,-18.493652,48.217773
5158,0.606934,-0.516602,0.228027,-12.878418,-16.967773,60.913086
5159,0.619629,-0.498047,0.224121,-9.765625,-19.592285,65.612793
5160,0.638184,-0.480957,0.208008,-6.469727,-22.033691,69.091797
5161,0.677734,-0.459961,0.166016,-0.366211,-19.592285,70.800781
5162,0.704590,-0.460938,0.131836,2.014160,-14.221191,69.396973
5163,0.728516,-0.474609,0.098633,4.821777,-6.591797,65.856934
5164,0.748535,-0.484863,0.076660,6.286621,1.220703,59.936523
5165,0.761230,-0.491211,0.086426,5.310059,12.451172,44.494629
5166,0.760742,-0.496094,0.089355,1.892090,14.709473,37.048340
5167,0.737305,-0.503906,0.104980,-4.455566,14.770508,22.766113
5168,0.722656,-0.500977,0.118164,-8.605957,10.864258,16.784668
5169,0.712891,-0.509277,0.122559,-16.906738,-2.563477,6.591797
5170,0.738770,-0.528809,0.116699,-19.714355,-10.498047,1.464844
5171,0.770508,-0.557617,0.086426,-19.409180,-16.235352,-4.394531
5172,0.796387,-0.590820,0.049805,-15.686035,-18.554688,-12.695312
5173,0.828125,-0.677246,-0.002930,5.249023,-19.042969,-34.484863
5174,0.864258,-0.698730,-0.041504,18.554688,-18.981934,-46.569824
5175,0.875000,-0.714844,-0.062500,40.283203,-18.249512,-71.350098
5176,0.895996,-0.716309,-0.059082,44.067383,-18.615723,-82.458496
5177,0.985840,-0.760742,-0.057129,34.973145,-21.484375,-92.224121
5178,1.046387,-0.829590,-0.064453,25.634766,-23.742676,-91.186523
5179,1.078125,-0.914551,-0.078125,14.770508,-26.428223,-90.637207
5180,1.073730,-0.988770,-0.074219,2.990723,-30.395508,-92.224121
5181,1.074219,-1.024414,-0.092773,-17.456055,-36.376953,-99.609375
5182,1.052246,-1.025391,-0.013672,-27.099609,-37.780762,-101.440430
5183,1.036133,-1.051270,0.026367,-36.682129,-37.841797,-103.759766
5184,1.016602,-1.025391,0.013672,-45.043945,-32.348633,-106.079102
5185,0.875977,-0.958008,-0.027344,-47.180176,-5.187988,-97.717285
5186,0.775879,-0.904297,-0.028320,-44.555664,12.390137,-90.942383
5187,0.691895,-0.851074,-0.026367,-38.452148,25.695801,-80.139160
5188,0.592773,-0.765625,-0.032715,-15.808105,31.860352,-47.363281
5189,0.551270,-0.746582,-0.028809,-3.540039,25.329590,-29.174805
5190,0.527832,-0.733398,-0.049805,11.779785,14.099121,-12.878418
5191,0.587891,-0.680176,-0.071289,47.607422,-14.160156,19.165039
5192,0.633301,-0.678223,-0.083008,64.331055,-29.907227,34.973145
5193,0.657227,-0.685547,-0.086914,79.223633,-46.752930,46.386719
5194,0.669434,-0.678223,-0.082031,91.735840,-63.781738,52.429199
5195,0.682129,-0.604492,-0.033203,103.393555,-91.369629,53.222656
5196,0.670410,-0.563965,-0.007324,101.013184,-98.693848,50.537109
5197,0.657715,-0.517090,0.011719,93.811035,-100.402832,46.813965
5198,0.632812,-0.447754,0.048340,69.946289,-88.134766,39.001465
5199,0.607422,-0.416504,0.055664,56.335449,-76.721191,36.315918
5200,0.587402,-0.391602,0.025879,46.020508,-60.729980,34.240723
5201,0.596191,-0.423340,-0.048340,37.475586,-20.324707,27.343750
5202,0.587402,-0.441895,-0.043457,35.888672,-2.868652,19.348145
5203,0.574707,-0.440430,-0.022949,33.813477,8.422852,10.131836
5204,0.538086,-0.466309,-0.021973,25.634766,15.686035,-5.493164
5205,0.529785,-0.479492,-0.025391,18.554688,17.150879,-13.183594
5206,0.528320,-0.530273,-0.016602,2.136230,16.296387,-22.949219
5207,0.541016,-0.551758,-0.026855,-5.920410,16.052246,-24.291992
5208,0.558105,-0.574219,-0.047363,-10.681152,16.723633,-21.789551
5209,0.549316,-0.616211,-0.058105,-8.911133,13.000488,-11.535645
5210,0.536133,-0.618164,-0.041016,-1.403809,7.446289,-6.286621
5211,0.538086,-0.606934,-0.018555,6.652832,0.976562,-1.708984
5212,0.562988,-0.609863,-0.025879,20.751953,-6.408691,-1.037598
5213,0.577637,-0.615234,-0.021484,27.282715,-5.493164,-3.479004
5214,0.602051,-0.634766,-0.005371,31.982422,-3.967285,-7.080078
5215,0.645508,-0.676270,-0.083496,34.301758,9.948730,-15.014648
5216,0.651855,-0.706543,-0.109863,35.278320,22.277832,-18.554688
5217,0.671875,-0.739258,-0.082031,33.386230,32.165527,-22.155762
5218,0.706543,-0.802246,-0.077637,17.089844,40.466309,-25.939941
5219,0.724121,-0.833008,-0.069336,6.652832,42.053223,-27.648926
5220,0.753418,-0.868652,-0.035156,-4.577637,39.489746,-27.160645
5221,0.905762,-0.950684,0.071289,-27.648926,21.362305,-16.174316
5222,0.965820,-0.994141,0.119629,-38.696289,8.789062,-5.859375
5223,1.008301,-1.042969,0.123047,-46.325684,-0.305176,3.540039
5224,1.061035,-1.103027,0.062012,-42.358398,5.798340,17.333984
5225,1.060059,-1.141602,-0.019531,-28.747559,18.737793,18.432617
5226,0.994141,-1.104492,-0.011719,-10.925293,32.714844,14.404297
5227,0.889648,-1.016113,0.027832,6.042480,44.372559,9.094238
5228,0.808594,-0.914062,0.065430,14.648438,52.001953,5.615234
5229,0.746094,-0.786621,0.096191,5.920410,53.710938,13.793945
5230,0.741699,-0.716309,0.119629,-5.249023,49.621582,21.179199
5231,0.758301,-0.694824,0.056641,-38.146973,49.133301,40.283203
5232,0.786621,-0.722168,0.043945,-51.086426,48.278809,46.997070
5233,0.797363,-0.744629,0.058105,-60.119629,43.334961,51.330566
5234,0.798828,-0.747559,0.094727,-65.979004,34.057617,54.199219
5235,0.795410,-0.763672,0.168457,-66.467285,4.638672,53.405762
5236,0.776855,-0.747559,0.167969,-65.124512,-3.601074,51.086426
5237,0.760254,-0.724121,0.147949,-61.340332,-5.310059,49.865723
5238,0.707031,-0.673340,0.205078,-46.875000,-0.732422,51.025391
5239,0.676758,-0.640137,0.201660,-38.574219,0.915527,52.551270
5240,0.670410,-0.596680,0.201172,-28.625488,3.295898,55.541992
5241,0.676758,-0.557617,0.172363,-10.070801,7.629395,63.354492
5242,0.678223,-0.556641,0.131836,-0.793457,11.108398,64.697266
5243,0.679688,-0.553223,0.088867,8.728027,15.136719,63.110352
5244,0.661621,-0.510254,0.053223,25.512695,20.568848,55.603027
5245,0.650879,-0.493164,0.056152,30.395508,21.850586,50.964355
5246,0.655762,-0.479492,0.062500,31.860352,21.179199,46.386719
5247,0.661621,-0.471191,0.059082,25.390625,15.869141,40.771484
5248,0.665039,-0.473633,0.049805,17.517090,13.305664,38.940430
5249,0.675781,-0.478516,0.038086,8.728027,11.352539,35.888672
5250,0.682129,-0.495117,0.051270,-8.300781,5.493164,23.925781
5251,0.684082,-0.496582,0.078125,-15.319824,-0.854492,15.563965
5252,0.688477,-0.499512,0.087891,-20.324707,-9.582520,7.080078
5253,0.709473,-0.511230,0.109375,-23.620605,-24.536133,-8.300781
5254,0.739746,-0.522461,0.114746,-23.132324,-29.418945,-13.854980
5255,0.845703,-0.602051,0.089844,-14.831543,-29.113770,-28.320312
5256,0.867676,-0.636719,0.089355,-11.230469,-24.230957,-40.161133
5257,0.894531,-0.645020,0.064941,-8.056641,-17.639160,-54.199219
5258,0.916992,-0.657715,0.070801,-4.943848,-12.878418,-67.871094
5259,0.914551,-0.700195,0.058594,-4.577637,-7.934570,-90.942383
5260,0.886230,-0.708984,0.028320,-4.272461,-5.981445,-94.238281
5261,0.870117,-0.729980,-0.004883,-1.403809,-5.737305,-93.383789
5262,0.899414,-0.828125,-0.030273,7.934570,-16.540527,-89.660645
5263,0.919434,-0.857422,-0.034668,11.169434,-28.686523,-88.745117
5264,0.957031,-0.899414,-0.024414,13.305664,-43.212891,-88.745117
5265,1.060059,-1.003418,0.015625,5.371094,-69.824219,-92.346191
5266,1.094727,-1.045410,0.000977,-3.784180,-74.707031,-96.313477
5267,1.116699,-1.060547,0.000977,-14.648438,-70.983887,-98.693848
5268,1.094727,-1.085449,0.058105,-38.879395,-51.269531,-97.229004
5269,1.017578,-1.085938,0.037598,-51.208496,-36.254883,-91.552734
5270,0.774414,-0.995605,-0.059570,-64.331055,6.286621,-69.213867
5271,0.675781,-0.925781,-0.097656,-63.659668,29.724121,-50.964355
5272,0.594238,-0.854980,-0.103027,-56.640625,46.447754,-28.259277
5273,0.511719,-0.759766,-0.099609,-20.202637,42.480469,21.972656
5274,0.518066,-0.723633,-0.079590,6.103516,23.315430,44.799805
5275,0.545898,-0.682129,-0.058105,32.897949,-1.953125,64.331055
5276,0.576172,-0.650391,-0.059570,58.410645,-29.724121,79.956055
5277,0.672852,-0.605957,-0.049316,98.815918,-81.481934,95.825195
5278,0.711426,-0.590332,-0.035156,112.487793,-102.966309,96.374512
5279,0.726562,-0.561523,-0.017090,121.093750,-119.873047,92.285156
5280,0.731445,-0.477051,-0.002441,120.544434,-130.249023,75.805664
5281,0.725098,-0.427246,-0.000977,114.074707,-122.192383,67.016602
5282,0.708496,-0.392090,0.003906,105.285645,-106.750488,59.387207
5283,0.642090,-0.352051,-0.009766,93.078613,-64.636230,40.832520
5284,0.609863,-0.346191,0.022461,89.782715,-44.128418,29.174805
5285,0.600586,-0.335449,0.057129,84.594727,-29.052734,16.235352
5286,0.590332,-0.394531,-0.046875,57.495117,6.347656,-8.605957
5287,0.560059,-0.397461,-0.059570,40.222168,26.000977,-16.601562
5288,0.504395,-0.426270,-0.070801,20.874023,41.748047,-18.859863
5289,0.463379,-0.524414,-0.097656,-13.244629,57.495117,-17.150879
5290,0.456055,-0.576172,-0.095215,-24.108887,55.175781,-15.808105
5291,0.450195,-0.625488,-0.090820,-30.883789,47.668457,-16.174316
5292,0.476074,-0.702637,-0.090820,-29.602051,25.512695,-19.287109
5293,0.486328,-0.724609,-0.085449,-20.751953,13.854980,-20.446777
5294,0.504883,-0.721191,-0.026367,7.324219,-9.338379,-20.507812
5295,0.521973,-0.708984,-0.000488,25.817871,-21.240234,-18.615723
5296,0.532715,-0.701660,0.016113,40.832520,-28.991699,-16.723633
5297,0.532227,-0.707031,0.010254,51.513672,-29.968262,-17.333984
5298,0.537598,-0.666016,-0.012695,64.208984,-14.587402,-22.277832
5299,0.557129,-0.640137,0.020996,64.819336,-4.028320,-22.949219
5300,0.586914,-0.647461,0.042480,58.227539,4.455566,-23.010254
5301,0.615723,-0.683105,0.022461,46.752930,11.474609,-24.841309
5302,0.662109,-0.741211,-0.038086,19.042969,28.930664,-34.179688
5303,0.680176,-0.761719,-0.039062,1.953125,40.527344,-37.170410
5304,0.702637,-0.825684,0.000977,-31.127930,57.556152,-36.315918
5305,0.694824,-0.863281,0.019531,-45.104980,62.316895,-32.897949
5306,0.694336,-0.875000,0.030273,-53.527832,63.293457,-25.451660
5307,0.713867,-0.911621,0.060059,-55.419922,59.753418,-15.258789
5308,0.867188,-1.028320,0.120605,-46.752930,35.339355,8.361816
5309,0.953613,-1.096191,0.142578,-37.475586,17.272949,16.906738
5310,1.046387,-1.200195,0.084473,-16.784668,-10.681152,22.888184
5311,1.029297,-1.165039,0.017090,-6.652832,-10.009766,18.981934
5312,0.954590,-1.092285,-0.027344,2.136230,2.624512,12.817383
5313,0.773438,-0.903320,0.044434,11.840820,38.757324,0.183105
5314,0.775391,-0.821289,0.071289,6.225586,50.354004,8.178711
5315,0.795898,-0.781250,0.069336,-4.821777,58.044434,24.841309
5316,0.796875,-0.778320,0.016602,-18.005371,63.476562,44.006348
5317,0.778809,-0.823730,-0.059082,-31.127930,70.007324,64.208984
5318,0.778320,-0.817383,-0.020020,-32.958984,64.025879,68.542480
5319,0.788086,-0.778320,0.064941,-37.475586,29.052734,69.885254
5320,0.799805,-0.782227,0.089355,-39.184570,6.164551,68.359375
5321,0.794434,-0.789062,0.110352,-37.719727,-14.526367,64.758301
5322,0.781250,-0.773438,0.142090,-34.912109,-30.639648,60.058594
5323,0.777344,-0.726074,0.134277,-29.357910,-43.579102,56.030273
5324,0.755371,-0.701172,0.122559,-26.184082,-38.940430,57.128906
5325,0.738770,-0.674805,0.109863,-21.850586,-29.602051,60.913086
5326,0.666016,-0.642090,0.087891,-5.920410,-7.019043,69.580078
5327,0.650879,-0.609863,0.108887,5.493164,0.000000,73.181152
5328,0.640625,-0.557129,0.140625,22.583008,-3.112793,77.514648
5329,0.646973,-0.535645,0.112305,27.343750,-7.385254,77.148438
5330,0.658203,-0.510254,0.084961,29.968262,-8.850098,75.805664
5331,0.688477,-0.493164,0.057617,27.465820,-2.502441,68.542480
5332,0.703125,-0.504395,0.046875,23.620605,3.295898,61.889648
5333,0.706543,-0.516113,0.045410,18.676758,8.911133,52.612305
5334,0.676270,-0.531738,0.057129,12.512207,11.230469,29.357910
5335,0.651855,-0.518555,0.081543,11.352539,6.103516,18.066406
5336,0.630371,-0.511230,0.096191,10.803223,-1.892090,8.605957
5337,0.620117,-0.499023,0.103027,11.718750,-11.413574,0.732422
5338,0.629395,-0.475098,0.120605,12.878418,-28.625488,-9.094238
5339,0.659180,-0.482910,0.120605,11.047363,-34.606934,-11.474609
5340,0.698242,-0.515625,0.116211,8.789062,-39.184570,-13.244629
5341,0.768555,-0.603516,0.080078,11.291504,-45.959473,-24.108887
5342,0.801270,-0.629395,0.085938,16.052246,-48.828125,-33.325195
5343,0.848145,-0.671875,0.112793,22.521973,-55.175781,-53.283691
5344,0.872070,-0.695312,0.114258,24.780273,-57.861328,-62.683105
5345,0.898438,-0.718750,0.102051,25.878906,-58.776855,-71.899414
5346,0.919434,-0.736328,0.075195,25.268555,-55.969238,-80.383301
5347,0.996582,-0.789062,0.003418,13.305664,-39.062500,-87.280273
5348,0.998535,-0.833496,-0.020020,0.549316,-28.869629,-85.327148
5349,1.020020,-0.880859,-0.025879,-12.756348,-23.376465,-82.885742
5350,1.081055,-0.992676,0.009277,-31.066895,-26.123047,-84.350586
5351,1.111816,-1.038086,0.074219,-35.766602,-37.109375,-87.829590
5352,1.121094,-1.103027,0.103516,-36.315918,-49.438477,-93.200684
5353,1.121582,-1.153809,0.020508,-26.123047,-51.025391,-111.694336
5354,1.074219,-1.114746,0.004395,-18.859863,-34.301758,-119.079590
5355,0.988770,-1.069824,0.012695,-14.709473,-12.817383,-122.314453
5356,0.873535,-1.008789,0.018555,-11.535645,7.751465,-121.459961
5357,0.625977,-0.882324,-0.019043,-6.408691,34.179688,-103.637695
5358,0.527832,-0.809570,-0.056152,-2.258301,42.175293,-86.120605
5359,0.429688,-0.721191,-0.005371,18.066406,32.897949,-42.236328
5360,0.423828,-0.702637,0.019043,31.738281,14.038086,-20.812988
5361,0.433594,-0.676270,-0.008789,47.790527,-8.422852,-0.183105
5362,0.482422,-0.613281,-0.059570,82.641602,-52.734375,38.146973
5363,0.531738,-0.599121,-0.022949,99.792480,-78.125000,53.161621
5364,0.590820,-0.585449,0.015137,110.656738,-103.332520,62.622070
5365,0.664551,-0.542969,0.032715,119.628906,-136.108398,67.382812
5366,0.678223,-0.519531,0.055664,118.164062,-141.296387,63.415527
5367,0.679199,-0.497559,0.064941,112.915039,-139.343262,56.030273
5368,0.671875,-0.459961,0.063477,93.627930,-116.027832,36.315918
5369,0.634277,-0.451660,0.028809,83.190918,-95.458984,25.024414
5370,0.617676,-0.432617,0.010254,74.401855,-70.251465,14.038086
5371,0.603516,-0.427246,0.005371,66.528320,-44.738770,6.103516
5372,0.565918,-0.427734,-0.006836,48.522949,-7.873535,-3.051758
5373,0.558105,-0.452148,-0.012207,39.306641,2.014160,-6.591797
5374,0.561523,-0.481934,-0.010254,29.846191,7.812500,-11.474609
5375,0.555664,-0.553223,-0.003906,12.695312,10.742188,-23.315430
5376,0.564453,-0.565918,-0.008301,6.225586,9.277344,-27.526855
5377,0.578125,-0.578613,-0.008789,-0.122070,7.141113,-28.076172
5378,0.621582,-0.612793,-0.000977,-11.962891,3.723145,-19.958496
5379,0.634766,-0.640137,-0.000488,-13.732910,2.563477,-13.061523
5380,0.625977,-0.654785,0.007812,-12.390137,1.159668,-5.737305
5381,0.599609,-0.640137,0.003418,2.075195,-2.075195,5.615234
5382,0.594238,-0.640625,-0.005371,12.390137,-2.380371,6.286621
5383,0.582031,-0.648926,-0.024414,24.597168,-0.976562,2.807617
5384,0.577148,-0.649414,-0.044434,38.696289,0.915527,-4.211426
5385,0.582520,-0.638184,-0.020508,63.903809,0.488281,-18.920898
5386,0.591797,-0.652344,-0.045410,70.068359,-1.647949,-23.986816
5387,0.608398,-0.688477,-0.095703,71.716309,0.793457,-30.029297
5388,0.649902,-0.715820,-0.085449,59.997559,11.352539,-38.208008
5389,0.671875,-0.747559,-0.084961,44.860840,15.747070,-38.330078
5390,0.704590,-0.778320,-0.101562,28.686523,20.812988,-35.949707
5391,0.739746,-0.842285,-0.039551,-1.281738,27.404785,-27.526855
5392,0.772461,-0.881836,0.019531,-12.573242,23.193359,-20.568848
5393,0.807617,-0.924316,0.060059,-21.301270,13.732910,-12.268066
5394,0.931152,-1.013672,0.015625,-22.399902,-6.835938,9.521484
5395,0.970215,-1.062012,0.031738,-15.136719,-15.014648,18.249512
5396,0.999512,-1.106445,0.041992,-4.516602,-20.996094,21.545410
5397,0.983887,-1.058594,0.026855,19.836426,-18.432617,17.517090
5398,0.933594,-0.983398,0.023438,28.442383,-6.347656,15.625000
5399,0.896484,-0.851562,0.062012,26.428223,20.690918,27.221680
5400,0.883789,-0.811523,0.062012,20.385742,26.916504,39.794922
5401,0.874512,-0.774902,0.043945,13.610840,28.808594,52.795410
5402,0.918945,-0.804199,0.007324,-4.272461,25.390625,73.486328
5403,0.939941,-0.814941,0.019043,-10.131836,16.784668,79.956055
5404,0.952637,-0.800293,0.069336,-13.916016,0.671387,84.167480
5405,0.932129,-0.771484,0.174805,-18.676758,-39.794922,85.510254
5406,0.902344,-0.758789,0.179199,-19.409180,-52.917480,81.604004
5407,0.889160,-0.738281,0.161133,-16.784668,-58.776855,75.927734
5408,0.835449,-0.685547,0.129883,-7.934570,-43.701172,62.683105
5409,0.796387,-0.645508,0.114746,-3.906250,-25.207520,57.861328
5410,0.751953,-0.614746,0.089355,0.732422,-3.479004,55.053711
5411,0.653320,-0.539551,0.071289,15.136719,32.348633,57.067871
5412,0.602051,-0.495117,0.074707,23.315430,39.001465,58.227539
5413,0.566895,-0.460938,0.078125,31.494141,38.269043,58.654785
5414,0.581055,-0.457031,0.023438,45.532227,26.428223,55.725098
5415,0.590332,-0.471191,-0.014160,49.743652,21.057129,51.208496
5416,0.593262,-0.466309,-0.040527,51.269531,16.723633,44.616699
5417,0.584961,-0.439453,-0.028809,40.588379,7.385254,31.555176
5418,0.582520,-0.427734,0.005371,29.541016,0.000000,26.184082
5419,0.577148,-0.429199,0.035156,17.333984,-9.643555,21.972656
5420,0.592285,-0.458984,0.064453,-1.586914,-30.151367,16.357422
5421,0.615234,-0.474121,0.084961,-5.615234,-38.879395,14.099121
5422,0.647461,-0.482422,0.107910,-6.713867,-46.020508,11.657715
5423,0.719238,-0.487305,0.120605,-6.713867,-55.236816,7.934570
5424,0.772949,-0.498047,0.132324,-5.554199,-58.898926,6.591797
5425,0.819824,-0.523926,0.125977,-4.943848,-61.462402,3.417969
5426,0.893066,-0.601562,0.071289,2.075195,-60.424805,-14.221191
5427,0.919922,-0.646484,0.058105,8.117676,-57.128906,-29.052734
5428,0.952148,-0.678223,0.048340,13.122559,-52.856445,-46.020508
5429,0.993164,-0.729980,0.033691,13.854980,-41.442871,-75.561523
5430,0.982910,-0.744629,0.020508,11.230469,-35.034180,-84.899902
5431,0.955566,-0.749512,0.010254,8.850098,-29.418945,-87.890625
5432,0.977539,-0.843262,0.007812,6.958008,-30.456543,-85.510254
5433,1.003906,-0.903320,0.029297,6.591797,-39.733887,-82.885742
5434,1.037598,-0.965332,0.061523,7.324219,-55.480957,-82.824707
5435,1.062012,-1.004395,0.134277,8.972168,-76.171875,-84.472656
5436,1.156250,-1.071777,0.079102,6.774902,-102.416992,-95.153809
5437,1.173340,-1.069824,0.087891,2.441406,-98.876953,-102.172852
5438,1.102539,-1.055664,0.049805,-10.803223,-66.894531,-111.450195
5439,0.981934,-0.994141,-0.000488,-16.357422,-37.719727,-110.229492
5440,0.838867,-0.932129,-0.036133,-22.338867,-3.845215,-103.210449
5441,0.704102,-0.861328,-0.062500,-27.160645,27.648926,-88.867188
5442,0.528320,-0.761719,-0.022461,-20.202637,53.649902,-42.419434
5443,0.473145,-0.704590,0.009766,-6.530762,41.748047,-14.099121
5444,0.456543,-0.659180,0.040527,12.573242,16.540527,14.709473
5445,0.536133,-0.668457,0.049316,60.668945,-53.710938,60.546875
5446,0.587891,-0.654297,0.045410,85.693359,-88.317871,75.683594
5447,0.632324,-0.625488,0.038574,112.060547,-119.079590,86.425781
5448,0.668945,-0.596191,0.043457,137.207031,-144.531250,92.468262
5449,0.733398,-0.482422,0.061523,169.128418,-171.936035,92.041016
5450,0.731445,-0.430176,0.060059,171.264648,-170.349121,87.890625
5451,0.733887,-0.389160,0.064941,166.442871,-160.400391,80.627441
5452,0.676270,-0.337891,0.051758,143.615723,-122.070312,56.457520
5453,0.657227,-0.310059,0.064941,128.906250,-98.815918,40.344238
5454,0.644043,-0.301270,0.094238,110.351562,-76.782227,23.803711
5455,0.608398,-0.346680,0.034668,55.236816,-29.296875,-7.446289
5456,0.625488,-0.382324,-0.072754,28.869629,1.037598,-20.324707
5457,0.616211,-0.432129,-0.125977,8.422852,32.714844,-29.724121
5458,0.537109,-0.494141,-0.050293,-20.996094,65.856934,-40.039062
5459,0.525879,-0.531250,-0.045410,-33.020020,66.406250,-39.978027
5460,0.511230,-0.591797,-0.062500,-37.597656,60.852051,-37.475586
5461,0.481934,-0.674316,-0.049805,-18.676758,34.606934,-31.188965
5462,0.491699,-0.695801,-0.030762,-0.549316,15.380859,-26.916504
5463,0.513184,-0.700195,-0.012695,18.615723,-4.760742,-20.141602
5464,0.528809,-0.658691,-0.016602,53.405762,-38.208008,-3.417969
5465,0.557617,-0.620117,-0.034668,63.171387,-45.532227,4.211426
5466,0.585449,-0.619141,-0.057129,66.589355,-45.349121,7.812500
5467,0.639160,-0.661621,-0.081543,69.213867,-32.531738,0.854492
5468,0.648438,-0.682617,-0.076172,74.157715,-26.672363,-7.751465
5469,0.683594,-0.678223,-0.072266,79.650879,-13.793945,-26.733398
5470,0.690918,-0.698242,-0.084961,72.448730,-3.112793,-32.165527
5471,0.699707,-0.723633,-0.085449,61.157227,7.690430,-35.400391
5472,0.709473,-0.735352,-0.073242,47.058105,15.502930,-35.644531
5473,0.688477,-0.750000,-0.061035,15.319824,21.545410,-29.174805
5474,0.689941,-0.791016,-0.022461,-0.427246,19.836426,-23.620605
5475,0.708984,-0.841309,0.004395,-12.878418,14.770508,-19.042969
5476,0.790527,-0.907227,0.041992,-27.770996,-0.305176,-8.728027
5477,0.837402,-0.959473,0.042969,-28.991699,-6.225586,-4.882812
5478,0.939941,-1.059570,0.046387,-17.150879,-14.648438,-3.601074
5479,0.978027,-1.091797,0.029785,-8.911133,-14.953613,-6.347656
5480,0.985840,-1.111816,-0.003418,-1.342773,-8.666992,-11.108398
5481,0.933105,-1.125977,-0.042969,5.310059,4.089355,-17.700195
5482,0.809570,-1.024902,-0.042969,6.164551,36.193848,-26.123047
5483,0.769043,-0.935547,0.011230,-4.272461,45.227051,-19.104004
5484,0.725586,-0.851562,0.056152,-22.155762,49.072266,-5.187988
5485,0.669922,-0.812988,0.022461,-71.838379,51.513672,33.203125
5486,0.694336,-0.839844,-0.031738,-87.402344,52.307129,49.438477
5487,0.730957,-0.879395,0.000488,-96.740723,47.912598,62.805176
5488,0.784668,-0.899414,0.061523,-100.341797,33.691406,74.523926
5489,0.852051,-1.014648,0.145996,-89.111328,-10.742188,87.951660
5490,0.851562,-1.036133,0.176758,-71.899414,-33.874512,87.280273
5491,0.817871,-1.022461,0.194824,-49.072266,-53.283691,83.129883
5492,0.784668,-0.873535,0.208496,-5.310059,-68.542480,82.641602
5493,0.750977,-0.806152,0.208008,12.145996,-64.392090,88.012695
5494,0.709961,-0.700684,0.161621,37.597656,-45.471191,102.172852
5495,0.717773,-0.667969,0.122070,47.485352,-33.813477,108.947754
5496,0.713867,-0.647461,0.096191,56.213379,-24.108887,113.281250
5497,0.706055,-0.622559,0.070312,64.147949,-18.127441,114.013672
5498,0.697754,-0.559082,0.032227,77.514648,-15.563965,109.008789
5499,0.690430,-0.531738,0.015137,79.406738,-16.113281,104.675293
5500,0.687500,-0.509277,-0.004883,77.758789,-15.930176,99.182129
5501,0.690430,-0.485352,-0.031250,63.659668,-12.207031,86.730957
5502,0.684082,-0.462402,-0.030273,51.635742,-9.216309,79.223633
5503,0.672852,-0.441406,-0.013672,36.926270,-6.347656,70.983887
5504,0.627930,-0.439453,0.004395,8.300781,-3.967285,54.626465
5505,0.598633,-0.440430,0.032715,-0.183105,-7.263184,46.081543
5506,0.576172,-0.437012,0.047852,-4.943848,-13.549805,36.926270
5507,0.588867,-0.429688,0.069824,-6.713867,-21.118164,29.602051
5508,0.676758,-0.437500,0.100586,-10.986328,-34.362793,20.812988
5509,0.728027,-0.474121,0.093262,-15.258789,-37.597656,16.662598
5510,0.780273,-0.544434,0.034668,-22.399902,-31.372070,-0.854492
5511,0.781250,-0.576660,0.000000,-21.667480,-25.329590,-13.000488
5512,0.783691,-0.611328,-0.016602,-17.211914,-21.972656,-26.000977
5513,0.812500,-0.651855,-0.031738,-9.460449,-22.277832,-39.794922
5514,0.821289,-0.728027,-0.027344,14.831543,-30.700684,-74.218750
5515,0.832031,-0.724609,-0.017090,26.123047,-37.719727,-91.186523
5516,0.895020,-0.758301,-0.005859,33.813477,-53.161621,-114.074707
5517,0.945801,-0.791992,-0.013672,29.052734,-60.058594,-120.544434
5518,1.025391,-0.856934,0.005859,21.423340,-68.359375,-125.427246
5519,1.110352,-1.007812,0.091309,-1.403809,-93.200684,-131.408691
5520,1.137207,-1.070801,0.054199,-13.610840,-102.111816,-133.544922
5521,1.145020,-1.088379,0.026855,-21.789551,-98.754883,-136.291504
5522,1.137207,-1.087891,0.068848,-27.648926,-86.059570,-137.329102
5523,1.033203,-1.032227,0.146484,-45.654297,-39.733887,-128.723145
5524,0.919922,-1.006348,0.133301,-53.894043,-8.117676,-121.093750
5525,0.724121,-0.959961,0.040039,-52.856445,55.114746,-98.510742
5526,0.671387,-0.943359,0.014160,-40.832520,73.913574,-80.322266
5527,0.597656,-0.919922,0.027832,-22.094727,76.721191,-59.570312
5528,0.520508,-0.883789,0.045898,2.563477,62.805176,-40.161133
5529,0.502930,-0.776367,0.056152,64.086914,-0.671387,-3.051758
5530,0.542480,-0.750488,0.029297,92.163086,-39.184570,15.014648
5531,0.572754,-0.732422,0.016113,115.112305,-74.401855,28.991699
5532,0.624512,-0.678711,0.010254,150.573730,-128.540039,41.442871
5533,0.635742,-0.640625,0.022461,164.123535,-145.690918,41.076660
5534,0.657715,-0.590332,0.025391,181.396484,-156.738281,31.188965
5535,0.661621,-0.529297,0.021484,185.729980,-150.573730,22.583008
5536,0.656738,-0.454102,-0.014160,184.509277,-136.535645,15.502930
5537,0.615723,-0.421387,0.006836,176.452637,-115.234375,8.239746
5538,0.575684,-0.377930,0.059570,139.038086,-70.129395,-5.126953
5539,0.568359,-0.379883,0.051758,114.685059,-48.461914,-7.446289
5540,0.548828,-0.477539,-0.036621,77.758789,-5.065918,-5.981445
5541,0.515137,-0.505859,-0.031738,62.072754,12.329102,-4.638672
5542,0.482910,-0.514160,-0.035156,47.851562,23.010254,-2.014160
5543,0.462402,-0.536621,-0.030762,36.804199,26.306152,1.159668
5544,0.453613,-0.597168,0.010254,27.893066,8.850098,3.662109
5545,0.479980,-0.615234,0.030762,27.587891,-8.605957,2.746582
5546,0.517090,-0.623535,0.039551,28.076172,-25.817871,2.014160
5547,0.548340,-0.646484,0.007324,29.968262,-37.475586,1.831055
5548,0.605957,-0.688477,-0.032715,34.729004,-39.245605,-0.488281
5549,0.618164,-0.615234,-0.061523,39.428711,-23.437500,-4.028320
5550,0.611328,-0.600586,-0.038086,34.851074,-13.854980,-2.136230
5551,0.619629,-0.660156,-0.041016,21.606445,-0.915527,-6.652832
5552,0.603027,-0.685547,-0.032227,20.141602,1.159668,-12.145996
5553,0.593750,-0.746582,-0.030273,22.399902,-2.685547,-17.761230
5554,0.641602,-0.770508,-0.057129,26.672363,-7.019043,-23.742676
5555,0.700684,-0.779785,-0.025391,19.287109,-1.708984,-21.850586
5556,0.754883,-0.810547,0.013672,10.742188,2.746582,-18.310547
5557,0.948730,-0.952637,0.107422,-6.225586,-0.976562,-2.441406
5558,1.032715,-1.032227,0.121094,-15.563965,-10.437012,5.493164
5559,1.083984,-1.088379,0.115234,-22.583008,-17.822266,9.399414
5560,1.137695,-1.112305,0.118652,-26.672363,-21.240234,10.620117
5561,1.111328,-1.116699,0.184570,-28.259277,-23.559570,5.981445
5562,1.035156,-1.058594,0.169434,-22.338867,-24.353027,-2.380371
5563,0.942383,-0.970215,0.177246,-14.892578,-19.836426,-10.742188
5564,0.721680,-0.729980,0.173828,-10.925293,10.131836,-18.676758
5565,0.676758,-0.660645,0.132812,-12.451172,31.860352,-15.747070
5566,0.710449,-0.581543,0.122070,-17.761230,53.222656,-3.601074
5567,0.731445,-0.542480,0.162109,-39.001465,79.101562,35.278320
5568,0.718750,-0.601562,0.134277,-47.851562,85.571289,45.349121
5569,0.713867,-0.666504,0.070801,-45.715332,85.876465,46.997070
5570,0.733887,-0.696777,0.099121,-24.108887,54.077148,38.635254
5571,0.781738,-0.704102,0.208984,-19.042969,28.320312,32.531738
5572,0.806152,-0.715820,0.191406,-19.104004,7.019043,25.817871
5573,0.801270,-0.712891,0.167969,-22.277832,-5.249023,18.493652
5574,0.756348,-0.640625,0.242188,-33.996582,-12.756348,13.244629
5575,0.745605,-0.625000,0.267090,-42.663574,-12.756348,15.136719
5576,0.733398,-0.618652,0.258301,-48.645020,-9.155273,19.714355
5577,0.686523,-0.597656,0.265137,-52.795410,9.704590,32.470703
5578,0.664551,-0.589355,0.265625,-51.208496,19.165039,41.442871
5579,0.654785,-0.586426,0.270020,-44.982910,25.817871,49.316406
5580,0.659180,-0.598145,0.241699,-21.850586,24.902344,54.992676
5581,0.661621,-0.590820,0.221680,-7.995605,18.859863,52.307129
5582,0.672363,-0.571777,0.197266,4.516602,12.084961,47.058105
5583,0.690430,-0.564453,0.174805,14.648438,6.225586,40.466309
5584,0.726562,-0.562500,0.118652,18.432617,3.906250,24.475098
5585,0.739258,-0.563965,0.084473,15.136719,7.629395,17.089844
5586,0.742676,-0.570312,0.044922,9.094238,13.305664,10.375977
5587,0.729004,-0.564941,0.025879,1.403809,20.141602,4.943848
5588,0.688965,-0.536621,0.083984,-15.869141,25.817871,0.122070
5589,0.668457,-0.539062,0.110840,-22.155762,21.789551,0.976562
5590,0.656250,-0.563477,0.109863,-25.939941,7.812500,1.342773
5591,0.681641,-0.580566,0.089844,-24.108887,0.305176,-0.061035
5592,0.711914,-0.599121,0.065430,-20.629883,-5.920410,-2.502441
5593,0.783203,-0.644043,0.023438,-18.005371,-13.000488,-8.850098
5594,0.806641,-0.658691,0.008301,-18.981934,-15.930176,-13.183594
5595,0.817383,-0.684570,-0.001465,-20.385742,-18.737793,-18.127441
5596,0.848633,-0.728027,0.025391,-24.902344,-27.648926,-31.494141
5597,0.867676,-0.756348,0.031250,-28.625488,-33.996582,-36.987305
5598,0.901367,-0.786621,0.037598,-32.592773,-38.696289,-41.625977
5599,0.958496,-0.829590,0.063477,-41.381836,-43.945312,-45.715332
5600,0.969727,-0.857910,0.080566,-46.081543,-46.081543,-45.471191
5601,0.975098,-0.880371,0.080566,-50.170898,-46.447754,-46.081543
5602,0.992676,-0.920410,0.089844,-54.931641,-41.137695,-47.668457
5603,0.984863,-0.930664,0.103516,-55.541992,-37.353516,-48.339844
5604,0.961426,-0.930664,0.116211,-51.757812,-27.648926,-50.048828
5605,0.939453,-0.916016,0.104980,-47.058105,-21.301270,-49.621582
5606,0.920410,-0.902832,0.081055,-41.076660,-13.732910,-46.875000
5607,0.894043,-0.906250,0.035645,-34.057617,-4.882812,-40.710449
5608,0.831055,-0.901367,-0.024414,-24.536133,5.493164,-35.034180
5609,0.671875,-0.809082,-0.066406,3.417969,16.906738,-26.611328
5610,0.592285,-0.745605,-0.058105,18.432617,14.099121,-22.155762
5611,0.523926,-0.689941,-0.044922,31.738281,6.774902,-17.944336
5612,0.474609,-0.598633,-0.037109,47.668457,-15.197754,-6.652832
5613,0.486816,-0.568359,-0.031738,48.156738,-27.648926,2.014160
5614,0.516602,-0.534668,-0.029297,44.372559,-38.879395,13.244629
5615,0.583984,-0.527344,-0.048340,34.667969,-50.781250,35.766602
5616,0.645996,-0.537598,-0.029297,32.531738,-55.175781,43.090820
5617,0.700195,-0.534668,0.002930,29.724121,-59.570312,48.767090
5618,0.742676,-0.534180,0.016602,26.306152,-62.805176,53.222656
5619,0.796875,-0.556152,0.029785,20.080566,-59.387207,53.527832
5620,0.811035,-0.550781,0.030762,17.883301,-52.612305,49.133301
5621,0.820801,-0.539062,0.010254,16.296387,-41.137695,43.884277
5622,0.780762,-0.492676,-0.090332,22.949219,-4.150391,35.339355
5623,0.753906,-0.467773,-0.100098,29.113770,12.695312,32.653809
5624,0.695801,-0.433105,-0.085449,36.682129,26.184082,25.634766
5625,0.670898,-0.436523,-0.080566,37.170410,23.620605,20.324707
5626,0.655762,-0.455078,-0.089355,36.682129,17.517090,12.634277
5627,0.640625,-0.480957,-0.093262,29.174805,3.295898,-5.310059
5628,0.639648,-0.498047,-0.109863,20.996094,-0.244141,-12.451172
5629,0.644531,-0.509766,-0.123535,11.352539,-0.122070,-17.028809
5630,0.650391,-0.516602,-0.124023,1.342773,3.417969,-18.432617
5631,0.659180,-0.564941,-0.106445,-15.625000,13.000488,-16.113281
5632,0.662598,-0.590332,-0.092773,-18.432617,15.869141,-15.625000
5633,0.642090,-0.606445,-0.045410,-16.418457,14.404297,-15.930176
5634,0.646973,-0.610840,-0.069336,-12.268066,13.305664,-16.540527
5635,0.631348,-0.612305,-0.069824,-3.479004,16.845703,-21.423340
5636,0.625488,-0.610840,-0.083008,-0.549316,20.568848,-25.268555
5637,0.587402,-0.604980,-0.106934,2.136230,30.517578,-33.081055
5638,0.560547,-0.589355,-0.114746,2.502441,36.437988,-36.071777
5639,0.552734,-0.581543,-0.099121,2.014160,41.320801,-37.780762
5640,0.583984,-0.649902,-0.099121,-0.976562,43.518066,-40.588379
5641,0.595703,-0.661621,-0.102539,-1.708984,43.457031,-44.128418
5642,0.615723,-0.666992,-0.087402,-5.187988,43.457031,-46.508789
5643,0.656250,-0.745117,-0.085938,-15.808105,41.442871,-47.851562
5644,0.679199,-0.759277,-0.062988,-18.554688,38.757324,-46.752930
5645,0.701172,-0.768066,-0.024414,-21.911621,34.118652,-42.602539
5646,0.722168,-0.805664,0.009766,-28.381348,22.338867,-26.245117
5647,0.748535,-0.833984,0.033203,-28.442383,15.991211,-16.906738
5648,0.790527,-0.872070,0.055176,-26.306152,8.483887,-8.056641
5649,0.870117,-0.907227,0.083984,-15.075684,-6.103516,5.371094
5650,0.907227,-0.917969,0.106934,-8.666992,-11.535645,10.864258
5651,0.939453,-0.932617,0.117676,-3.479004,-15.197754,14.221191
5652,0.886719,-0.862305,0.092285,9.155273,-6.774902,11.230469
5653,0.814941,-0.778809,0.088379,15.686035,7.873535,7.202148
5654,0.741211,-0.672852,0.086914,20.324707,26.000977,5.065918
5655,0.735352,-0.560547,0.105469,19.897461,52.856445,17.150879
5656,0.772949,-0.588379,0.098633,13.183594,53.955078,29.235840
5657,0.790039,-0.622070,0.044434,8.178711,50.415039,37.048340
5658,0.806641,-0.639648,0.017090,1.831055,41.687012,41.381836
5659,0.878418,-0.704590,0.040039,-4.089355,31.982422,39.855957
5660,0.910156,-0.731934,0.090332,-11.230469,17.395020,35.644531
5661,0.967285,-0.761719,0.182617,-27.893066,-21.118164,27.526855
5662,0.970215,-0.765137,0.226074,-35.400391,-36.804199,24.414062
5663,0.978516,-0.751465,0.246582,-42.968750,-47.790527,24.353027
5664,0.969238,-0.733887,0.233398,-51.269531,-50.292969,31.860352
5665,0.935547,-0.703613,0.201660,-50.048828,-41.503906,39.306641
5666,0.887207,-0.676270,0.179688,-44.799805,-28.503418,48.034668
5667,0.774414,-0.570312,0.157227,-22.888184,-2.624512,63.171387
5668,0.722168,-0.519043,0.141113,-7.202148,7.019043,67.382812
5669,0.688477,-0.496582,0.117676,9.277344,13.732910,69.091797
5670,0.667969,-0.499512,0.071289,22.949219,18.859863,66.772461
5671,0.659668,-0.494141,-0.042969,41.931152,26.428223,50.903320
5672,0.643066,-0.477539,-0.065430,46.691895,28.869629,40.710449
5673,0.618652,-0.460449,-0.063477,46.752930,29.235840,30.395508
5674,0.599121,-0.438477,-0.062500,41.442871,27.770996,20.385742
5675,0.566895,-0.387207,-0.065918,23.986816,19.042969,6.774902
5676,0.558594,-0.376465,-0.056641,14.343262,12.268066,3.662109
5677,0.602051,-0.425781,-0.024414,-6.469727,-7.324219,1.586914
5678,0.630371,-0.476562,-0.016602,-15.136719,-17.700195,-2.197266
5679,0.657715,-0.512695,-0.004883,-23.254395,-25.695801,-8.239746
5680,0.676758,-0.537109,-0.002441,-38.391113,-29.113770,-19.836426
5681,0.693848,-0.588867,0.017090,-45.166016,-26.123047,-24.353027
5682,0.671387,-0.597656,0.015625,-48.889160,-20.446777,-27.954102
5683,0.583008,-0.586426,0.023926,-48.461914,-3.417969,-33.813477
5684,0.532715,-0.581543,0.024902,-43.945312,3.234863,-34.912109
5685,0.477539,-0.593262,0.023926,-34.301758,5.310059,-35.827637
5686,0.467285,-0.591797,0.076660,-6.774902,-12.451172,-36.743164
5687,0.507812,-0.602051,0.105469,3.845215,-31.677246,-33.935547
5688,0.591797,-0.640625,0.115723,8.728027,-52.307129,-30.822754
5689,0.691406,-0.701172,0.079102,6.591797,-67.810059,-28.869629
5690,0.776855,-0.797852,-0.065918,-5.615234,-62.988281,-35.827637
5691,0.760254,-0.792969,-0.137207,-13.488770,-43.701172,-43.823242
5692,0.641602,-0.721191,-0.198730,-30.639648,12.573242,-47.607422
5693,0.602539,-0.695312,-0.133301,-36.560059,29.174805,-38.085938
5694,0.587891,-0.691895,-0.071289,-40.527344,27.832031,-23.559570
5695,0.598145,-0.737305,-0.016602,-39.550781,10.803223,-10.498047
5696,0.645508,-0.817871,0.004883,-19.042969,-38.208008,-7.446289
5697,0.688965,-0.810059,-0.001953,-5.737305,-55.603027,-8.544922
5698,0.732422,-0.829102,-0.013672,6.774902,-64.270020,-8.605957
5699,0.810547,-0.819336,0.000000,20.690918,-56.762695,-3.784180
5700,0.787109,-0.845703,-0.011719,27.526855,-44.067383,1.342773
5701,0.776855,-0.768555,-0.004395,40.832520,-20.385742,22.644043
5702,0.787598,-0.755859,0.023438,47.729492,-16.357422,36.193848
5703,0.853027,-0.763672,0.080566,52.551270,-21.057129,48.278809
5704,0.912598,-0.841797,0.026367,60.424805,-31.250000,54.748535
5705,1.057617,-0.952637,0.051758,74.584961,-49.804688,45.959473
5706,1.131348,-0.958496,-0.116211,70.007324,-55.114746,32.714844
5707,1.211914,-0.877441,-0.366211,53.710938,-29.418945,19.531250
5708,1.050293,-0.722168,-0.009277,-18.005371,36.621094,9.887695
5709,0.953125,-0.749512,-0.038574,-43.457031,38.757324,5.493164
5710,0.906250,-0.756836,-0.165527,-43.823242,38.757324,-0.122070
5711,0.740234,-0.690430,-0.235352,-15.258789,44.982910,-15.197754
5712,0.675781,-0.616211,-0.214844,-2.319336,45.837402,-24.902344
5713,0.593262,-0.555176,-0.189941,6.896973,44.128418,-33.569336
5714,0.513184,-0.528809,-0.181152,11.901855,41.320801,-42.480469
5715,0.410645,-0.411133,-0.174805,15.930176,33.691406,-47.851562
5716,0.379883,-0.415039,-0.182129,10.742188,30.273438,-45.410156
5717,0.388672,-0.454102,-0.037109,-0.610352,22.521973,-50.720215
5718,0.398438,-0.459961,0.037109,-10.131836,15.991211,-56.335449
5719,0.432617,-0.462402,0.053223,-20.751953,13.244629,-60.974121
5720,0.466309,-0.469727,0.050293,-34.790039,18.493652,-60.791016
5721,0.524902,-0.535156,-0.098633,-69.946289,58.471680,-46.264648
5722,0.499512,-0.602539,-0.164062,-85.083008,89.660645,-39.062500
5723,0.343750,-0.626953,-0.176270,-88.623047,128.723145,-27.954102
5724,0.295410,-0.641602,-0.125000,-79.650879,127.014160,-21.362305
5725,0.290527,-0.635254,-0.027832,-69.335938,110.656738,-15.563965
5726,0.316895,-0.633301,0.056641,-58.532715,82.580566,-8.911133
5727,0.476074,-0.644043,0.048340,-44.372559,24.780273,6.652832
5728,0.565918,-0.690918,-0.006348,-40.283203,10.925293,14.892578
5729,0.604980,-0.741211,-0.087891,-33.874512,8.117676,21.972656
5730,0.624023,-0.646973,-0.145020,-11.474609,26.306152,35.461426
5731,0.619629,-0.614746,-0.081055,-2.441406,32.043457,46.142578
5732,0.665527,-0.623047,-0.010742,22.949219,10.864258,64.697266
5733,0.696289,-0.650879,-0.028320,46.020508,-9.521484,67.871094
5734,0.749512,-0.633301,0.028809,70.007324,-33.752441,66.223145
5735,0.808105,-0.595703,0.061523,83.068848,-59.387207,61.096191
5736,1.035156,-0.437012,0.044922,43.090820,-86.914062,45.349121
5737,1.187988,-0.428711,0.010742,-7.751465,-79.895020,38.635254
5738,1.414062,-0.698730,0.031738,-114.685059,-44.494629,19.042969
5739,1.445312,-0.923828,0.112793,-152.954102,-28.076172,10.192871
5740,1.526367,-1.010742,0.039062,-170.471191,-12.878418,7.385254
5741,1.501465,-1.124512,-0.015137,-170.349121,11.901855,11.535645
5742,1.317871,-1.245605,0.020020,-124.145508,66.406250,6.896973
5743,1.200684,-1.179688,0.101562,-87.829590,81.237793,0.976562
5744,1.073730,-1.036621,0.146484,-48.278809,84.167480,-3.662109
5745,0.946289,-0.884766,0.142578,-13.610840,79.223633,-5.371094
5746,0.764648,-0.640625,0.003906,42.175293,62.988281,-6.774902
5747,0.698242,-0.576660,-0.052734,68.664551,53.161621,-9.338379
5748,0.649902,-0.534668,-0.084961,87.341309,42.724609,-15.197754
5749,0.560059,-0.509277,-0.180176,108.825684,13.061523,-30.944824
5750,0.517578,-0.543457,-0.190918,116.210938,-9.033203,-42.968750
5751,0.502930,-0.529297,-0.175293,117.126465,-33.264160,-56.335449
5752,0.500000,-0.475586,-0.112305,95.092773,-52.307129,-67.565918
5753,0.576660,-0.434570,-0.137207,-13.000488,-44.982910,-71.044922
5754,0.625488,-0.496582,-0.180664,-74.584961,-18.859863,-67.810059
5755,0.655762,-0.647461,-0.176758,-151.062012,43.273926,-50.659180
5756,0.617188,-0.751953,-0.111328,-165.222168,63.049316,-41.992188
5757,0.569336,-0.802246,-0.050293,-163.879395,69.580078,-33.813477
5758,0.442871,-0.844727,-0.008789,-126.586914,58.532715,-11.413574
5759,0.407715,-0.859863,0.003906,-91.491699,45.166016,-2.319336
5760,0.439941,-0.855957,0.033691,-50.231934,24.780273,4.943848
5761,0.525879,-0.836426,0.041504,-8.972168,-0.854492,13.977051
5762,0.668945,-0.856445,-0.066406,52.429199,-46.508789,35.522461
5763,0.691406,-0.868164,-0.216309,71.472168,-61.645508,39.794922
5764,0.689941,-0.784668,-0.204590,101.562500,-72.814941,35.522461
5765,0.742188,-0.704102,-0.064453,102.233887,-81.726074,37.109375
5766,0.796387,-0.656738,0.008301,94.787598,-92.102051,43.701172
5767,0.838867,-0.644531,0.034668,87.829590,-102.539062,53.771973
5768,0.920898,-0.706055,-0.062988,87.890625,-117.431641,75.866699
5769,0.988281,-0.718750,-0.014648,90.332031,-118.469238,80.444336
5770,1.057129,-0.725586,0.003418,89.843750,-122.802734,83.068848
5771,1.136719,-0.750488,-0.225098,76.171875,-110.656738,79.345703
5772,1.135254,-0.761719,-0.194824,70.190430,-80.749512,68.420410
5773,1.123047,-0.691406,-0.065918,46.875000,-52.246094,53.527832
5774,1.015625,-0.639648,-0.118164,-14.770508,4.394531,22.705078
5775,0.973633,-0.640625,-0.156250,-36.987305,34.667969,8.972168
5776,0.849121,-0.666992,-0.064941,-59.265137,67.871094,-15.563965
5777,0.817871,-0.661133,-0.048828,-61.340332,69.519043,-20.202637
5778,0.751465,-0.660156,-0.077148,-57.617188,67.199707,-20.446777
5779,0.613770,-0.630859,-0.073730,-33.264160,60.729980,-19.714355
5780,0.555176,-0.596191,-0.032715,-22.644043,56.030273,-20.385742
5781,0.508301,-0.539551,-0.015625,-12.145996,50.048828,-20.935059
5782,0.457031,-0.458008,0.000977,9.216309,32.043457,-17.333984
5783,0.461914,-0.443848,0.019531,19.470215,18.859863,-14.892578
5784,0.491211,-0.440430,0.036621,27.099609,3.967285,-12.451172
5785,0.506836,-0.489258,-0.004395,40.893555,-15.625000,-14.709473
5786,0.527832,-0.497070,-0.029297,46.508789,-18.371582,-20.507812
5787,0.542480,-0.497070,-0.065430,47.851562,-9.460449,-34.362793
5788,0.538574,-0.480469,-0.105957,39.062500,2.990723,-41.076660
5789,0.536133,-0.488281,-0.111328,26.611328,17.517090,-44.616699
5790,0.538574,-0.496582,-0.125488,11.718750,30.761719,-46.691895
5791,0.532227,-0.536621,-0.117188,-18.188477,54.626465,-44.982910
5792,0.533203,-0.571777,-0.118164,-29.418945,62.927246,-42.602539
5793,0.545410,-0.611328,-0.162109,-36.926270,72.021484,-38.452148
5794,0.529785,-0.684082,-0.221191,-32.226562,89.904785,-27.221680
5795,0.483398,-0.683594,-0.222168,-20.874023,97.351074,-23.010254
5796,0.422852,-0.652832,-0.208008,-5.310059,99.853516,-18.920898
5797,0.364746,-0.569824,-0.084961,28.564453,74.645996,-10.681152
5798,0.350586,-0.538086,0.007812,37.231445,41.870117,-3.662109
5799,0.407227,-0.549805,0.108887,40.100098,-4.028320,7.080078
5800,0.839844,-0.813965,0.296387,26.245117,-109.375000,21.850586
5801,1.025391,-0.940918,0.367676,15.747070,-158.874512,25.512695
5802,1.139160,-1.072266,0.343262,9.277344,-195.678711,24.291992
5803,1.328613,-1.119629,0.229492,12.817383,-194.030762,12.939453
5804,1.323730,-1.045410,0.300293,10.009766,-168.212891,17.150879
5805,1.229980,-0.947266,0.407227,4.455566,-141.479492,28.503418
5806,1.203125,-0.761230,0.384766,2.624512,-92.834473,55.908203
5807,1.234375,-0.787109,0.326660,12.207031,-62.133789,66.833496
5808,1.214355,-0.826172,0.226562,24.719238,-24.963379,68.420410
5809,1.098633,-0.778809,-0.110352,54.016113,65.551758,46.936035
5810,1.025391,-0.734375,-0.270996,57.189941,114.501953,30.151367
5811,0.906738,-0.695312,-0.389160,49.987793,156.799316,9.643555
5812,0.779297,-0.622559,-0.385742,34.240723,185.241699,-13.793945
5813,0.607422,-0.529785,-0.317383,-5.249023,171.875000,-47.058105
5814,0.508789,-0.568359,-0.361816,-19.592285,141.601562,-57.312012
5815,0.482422,-0.649902,-0.334473,-31.250000,106.811523,-64.453125
5816,0.593750,-0.699219,-0.170410,-39.367676,42.663574,-69.213867
5817,0.632812,-0.726074,-0.108887,-46.813965,20.019531,-66.162109
5818,0.621094,-0.743164,-0.066406,-54.748535,7.141113,-62.500000
5819,0.560547,-0.698730,0.020508,-63.537598,2.197266,-52.551270
5820,0.547852,-0.657715,0.062012,-62.622070,2.746582,-44.616699
5821,0.605469,-0.622070,0.094727,-61.706543,2.807617,-32.531738
5822,0.750977,-0.732910,0.118164,-62.683105,-7.324219,-2.319336
5823,0.769043,-0.813965,0.119629,-60.791016,-18.493652,7.507324
5824,0.786621,-0.854004,0.099121,-53.527832,-31.433105,18.798828
5825,0.854004,-0.900879,-0.123047,-25.756836,-47.729492,53.039551
5826,0.891113,-1.043945,-0.517090,12.573242,-27.587891,67.810059
5827,1.143066,-0.740234,0.146484,44.555664,5.432129,88.256836
5828,1.087891,-0.612305,0.143066,21.240234,-3.112793,101.928711
5829,1.041992,-0.543457,0.003418,-12.695312,-10.498047,102.966309
5830,1.015625,-0.495117,-0.010742,-40.832520,-19.104004,94.604492
5831,0.966309,-0.500488,0.000488,-57.312012,-30.090332,81.115723
5832,0.922363,-0.533203,0.073242,-59.143066,-53.161621,43.701172
5833,0.914551,-0.557617,0.091797,-51.940918,-66.894531,28.930664
5834,0.917480,-0.598633,0.050781,-39.672852,-77.270508,13.793945
5835,0.926758,-0.637207,-0.034180,-17.578125,-75.439453,-12.084961
5836,0.895996,-0.625488,-0.084473,-9.521484,-61.462402,-22.094727
5837,0.845703,-0.608398,-0.067871,-4.089355,-41.992188,-29.357910
5838,0.640625,-0.541504,-0.013184,4.333496,-8.789062,-42.297363
5839,0.558105,-0.485840,0.051270,7.324219,1.525879,-47.485352
5840,0.527344,-0.430176,0.087891,6.469727,9.033203,-48.828125
5841,0.525391,-0.414551,0.112305,-2.929688,18.066406,-42.297363
5842,0.530273,-0.450195,0.074219,-9.826660,22.216797,-37.536621
5843,0.510742,-0.502930,0.020020,-14.709473,28.015137,-35.644531
5844,0.458008,-0.557617,-0.095215,-2.807617,45.288086,-41.442871
5845,0.396973,-0.544434,-0.110352,12.573242,52.856445,-48.156738
5846,0.333496,-0.500000,-0.126465,33.386230,53.955078,-53.955078
5847,0.277832,-0.428223,-0.020996,69.213867,28.259277,-52.917480
5848,0.327637,-0.414551,-0.014648,76.354980,8.850098,-45.349121
5849,0.534668,-0.512207,-0.125488,75.012207,-14.282227,-28.137207
5850,0.622070,-0.591309,-0.143555,68.664551,-15.563965,-25.207520
5851,0.684082,-0.657715,-0.167969,55.419922,-9.643555,-27.465820
5852,0.689941,-0.765137,-0.227539,17.517090,25.573730,-41.748047
5853,0.696289,-0.788086,-0.232910,-0.244141,45.349121,-45.166016
5854,0.703125,-0.784668,-0.242188,-13.610840,64.453125,-42.663574
5855,0.612305,-0.727539,-0.153320,-33.447266,96.740723,-23.986816
5856,0.610840,-0.688965,-0.133301,-41.992188,103.942871,-6.286621
5857,0.599121,-0.670410,-0.109863,-40.466309,102.233887,14.465332
5858,0.613281,-0.750000,0.034668,-14.587402,56.274414,41.015625
5859,0.716309,-0.772461,0.094238,2.929688,15.808105,47.119141
5860,0.831055,-0.808105,0.160645,20.385742,-29.846191,52.978516
5861,1.068848,-0.916016,0.264160,39.489746,-119.934082,56.945801
5862,1.130859,-0.955566,0.275879,43.090820,-155.639648,54.809570
5863,1.170898,-0.973633,0.243652,46.203613,-179.138184,49.743652
5864,1.264648,-0.905762,0.168457,50.476074,-180.480957,46.813965
5865,1.271973,-0.862793,0.237305,44.128418,-161.926270,51.574707
5866,1.298340,-0.792480,0.299316,26.000977,-133.544922,61.706543
5867,1.295410,-0.835449,0.114746,-8.605957,-50.659180,77.697754
5868,1.263184,-0.869141,-0.030762,-9.704590,0.793457,68.786621
5869,1.195312,-0.826660,-0.125488,-4.516602,53.344727,49.438477
5870,0.973145,-0.587402,-0.226562,1.403809,139.038086,1.892090
5871,0.830078,-0.532715,-0.291016,1.892090,171.264648,-21.423340
5872,0.683594,-0.516602,-0.324707,2.380371,193.908691,-44.616699
5873,0.506836,-0.471680,-0.218262,-3.112793,192.504883,-76.049805
5874,0.409180,-0.435547,-0.158203,-6.103516,162.414551,-79.833984
5875,0.342773,-0.406250,-0.137695,-5.004883,115.661621,-73.242188
5876,0.312012,-0.439453,-0.111328,-0.915527,62.255859,-63.842773
5877,0.408203,-0.592285,-0.003418,-11.596680,-42.114258,-44.799805
5878,0.484863,-0.656738,-0.059082,-19.592285,-78.430176,-38.452148
5879,0.607910,-0.713867,-0.075684,-26.123047,-101.806641,-30.456543
5880,0.614258,-0.733398,-0.032227,-28.442383,-97.290039,-25.817871
5881,0.611816,-0.719727,0.003418,-30.090332,-85.815430,-20.935059
5882,0.650879,-0.650879,0.110352,-28.259277,-53.955078,6.164551
5883,0.657227,-0.654297,0.147949,-26.611328,-38.757324,28.015137
5884,0.646973,-0.690918,0.141602,-24.108887,-23.803711,48.217773
5885,0.655762,-0.756348,0.099121,-16.174316,-10.131836,62.561035
5886,0.756836,-0.912109,0.100098,9.826660,-3.845215,71.533203
5887,0.829590,-0.956055,0.063965,22.888184,-11.413574,70.678711
5888,0.857422,-1.002441,0.055176,31.005859,-20.507812,67.382812
5889,0.918945,-0.921875,0.035156,25.573730,-31.616211,71.105957
5890,0.907227,-0.855957,-0.002441,19.897461,-29.052734,84.960938
5891,0.905762,-0.815430,0.009766,17.150879,-22.766113,98.999023
5892,0.903809,-0.748535,0.101074,18.066406,-21.789551,108.825684
5893,0.910156,-0.719238,0.101074,22.888184,-44.921875,102.294922
5894,0.931641,-0.663086,-0.014160,29.846191,-48.889160,86.975098
5895,0.924316,-0.608398,-0.064453,37.414551,-42.785645,66.467285
5896,0.833984,-0.516602,-0.083008,40.100098,-14.587402,20.446777
5897,0.775879,-0.497070,-0.084473,35.400391,1.281738,-0.244141
5898,0.709961,-0.541504,-0.112793,21.301270,29.052734,-22.644043
5899,0.670410,-0.602539,-0.098145,18.920898,34.790039,-27.404785
5900,0.631836,-0.656738,-0.083496,18.554688,34.057617,-28.198242
5901,0.583984,-0.691895,-0.082520,18.676758,28.625488,-25.756836
5902,0.491699,-0.791504,-0.116699,21.484375,15.930176,-19.409180
5903,0.485840,-0.811523,-0.121582,25.268555,12.939453,-19.226074
5904,0.486328,-0.794434,-0.102051,31.005859,10.009766,-18.432617
5905,0.494629,-0.698730,-0.060547,41.320801,2.136230,-10.681152
5906,0.491211,-0.672363,-0.048828,41.625977,-1.220703,-2.624512
5907,0.485352,-0.654297,-0.051758,39.123535,-2.624512,3.540039
5908,0.501953,-0.631348,-0.051758,34.484863,-2.380371,7.812500
5909,0.512695,-0.640625,-0.081543,24.597168,2.441406,8.605957
5910,0.502441,-0.646484,-0.108398,24.597168,5.920410,1.586914
5911,0.479980,-0.657715,-0.143066,24.841309,11.230469,-7.385254
5912,0.466309,-0.635742,-0.145020,31.738281,13.000488,-11.718750
5913,0.491699,-0.645020,-0.120117,36.315918,5.554199,-9.460449
5914,0.519043,-0.663574,-0.097656,36.682129,-4.333496,-5.554199
5915,0.588867,-0.729004,-0.094238,31.311035,-22.644043,-0.366211
5916,0.596680,-0.766602,-0.060059,32.592773,-28.991699,-1.831055
5917,0.635254,-0.807129,-0.105957,35.034180,-32.592773,-4.760742
5918,0.686523,-0.835449,-0.054199,34.362793,-20.324707,-20.141602
5919,0.724609,-0.838867,0.005371,27.282715,-13.854980,-22.338867
5920,0.785156,-0.855957,0.070312,16.235352,-12.207031,-18.798828
5921,0.882812,-0.980957,0.090820,-0.976562,-17.395020,2.685547
5922,0.895508,-1.061035,0.082031,0.976562,-16.296387,8.850098
5923,0.911133,-1.070312,0.080566,10.070801,-12.390137,10.314941
5924,0.892578,-1.082520,0.148438,33.447266,-4.272461,8.972168
5925,0.870117,-1.047363,0.201172,38.513184,-4.272461,5.737305
5926,0.851074,-0.984863,0.227539,37.292480,-6.286621,6.103516
5927,0.839844,-0.942871,0.229492,30.578613,-7.507324,11.413574
5928,0.850098,-0.907227,0.228027,16.784668,-13.305664,27.282715
5929,0.876953,-0.897461,0.263184,14.038086,-23.193359,35.461426
5930,0.916992,-0.905273,0.320312,12.756348,-39.123535,42.785645
5931,0.968262,-0.928223,0.335449,15.441895,-76.538086,50.415039
5932,0.981934,-0.916504,0.309570,21.484375,-89.477539,48.706055
5933,0.996094,-0.877930,0.280273,32.348633,-95.336914,44.006348
5934,0.983398,-0.825195,0.286133,54.260254,-88.012695,28.869629
5935,0.963867,-0.789551,0.232910,61.096191,-73.974609,19.042969
5936,0.850586,-0.735840,0.077148,74.707031,-26.672363,-3.295898
5937,0.777344,-0.691406,0.064453,78.979492,-6.286621,-11.901855
5938,0.695801,-0.646484,0.076172,79.528809,4.211426,-18.005371
5939,0.625977,-0.617676,0.096680,77.331543,4.821777,-23.864746
5940,0.520020,-0.600586,0.096191,65.673828,-10.498047,-34.851074
5941,0.491699,-0.593262,0.095215,55.786133,-18.981934,-39.306641
5942,0.476562,-0.567383,0.089844,43.090820,-25.146484,-40.588379
5943,0.478027,-0.548340,0.102539,27.526855,-28.198242,-36.865234
5944,0.476562,-0.571777,0.117188,2.380371,-25.390625,-24.047852
5945,0.489746,-0.602539,0.138184,-6.652832,-22.155762,-22.216797
5946,0.534668,-0.623535,0.162598,-17.517090,-18.127441,-26.489258
5947,0.553223,-0.644043,0.154297,-21.301270,-14.892578,-29.357910
5948,0.586914,-0.684082,0.132324,-24.597168,-9.948730,-32.287598
5949,0.653809,-0.761230,0.060547,-28.869629,-0.183105,-32.897949
5950,0.694824,-0.782715,0.048828,-28.198242,0.976562,-31.005859
5951,0.742676,-0.810059,0.038574,-25.573730,-3.051758,-27.526855
5952,0.781250,-0.903809,-0.011719,-15.380859,-16.235352,-18.554688
5953,0.807129,-0.919434,-0.063477,-6.652832,-22.583008,-18.005371
5954,0.805176,-0.914062,-0.045898,6.225586,-30.700684,-16.357422
5955,0.786621,-0.901367,-0.007324,20.019531,-42.175293,-14.953613
5956,0.899414,-0.924316,0.032227,35.034180,-69.580078,-8.422852
5957,0.978027,-0.972656,0.050781,38.024902,-85.815430,-5.371094
5958,1.029297,-1.009766,0.094727,37.414551,-103.454590,-4.028320
5959,1.081543,-1.065430,0.183594,32.104492,-130.981445,-7.629395
5960,1.145508,-1.061523,0.225586,29.907227,-139.709473,-7.995605
5961,1.178223,-1.064941,0.233887,29.663086,-143.005371,-4.882812
5962,1.071777,-0.963379,0.163574,37.414551,-114.013672,-0.793457
5963,0.947754,-0.851074,0.122070,41.137695,-82.458496,0.244141
5964,0.822266,-0.732910,0.067871,44.677734,-47.363281,2.319336
5965,0.682129,-0.567383,0.033691,54.748535,2.197266,20.996094
5966,0.663086,-0.521973,0.025879,59.020996,7.141113,36.193848
5967,0.650879,-0.514160,-0.012695,65.917969,-0.061035,49.743652
5968,0.666992,-0.537598,-0.049805,84.045410,-36.621094,61.523438
5969,0.693848,-0.545898,-0.065918,89.111328,-60.546875,61.584473
5970,0.708008,-0.576172,-0.100098,88.684082,-82.763672,58.044434
5971,0.703613,-0.504395,-0.108887,82.885742,-118.225098,49.072266
5972,0.693848,-0.469238,-0.047852,74.829102,-131.958008,49.987793
5973,0.708008,-0.468262,-0.006836,60.668945,-142.639160,51.635742
5974,0.729004,-0.474609,-0.029785,45.837402,-148.376465,53.649902
5975,0.768066,-0.523438,-0.101562,27.282715,-130.554199,54.687500
5976,0.759766,-0.557129,-0.104980,25.512695,-110.961914,47.607422
5977,0.737305,-0.543457,-0.103516,25.756836,-89.111328,35.644531
5978,0.657227,-0.476562,-0.051758,32.165527,-51.574707,13.549805
5979,0.624023,-0.470703,-0.003906,34.851074,-43.151855,5.187988
5980,0.598633,-0.489746,0.020996,36.376953,-43.334961,-2.441406
5981,0.565918,-0.518555,0.007324,32.653809,-50.109863,-16.540527
5982,0.558105,-0.524902,-0.007812,27.526855,-49.194336,-20.263672
5983,0.555176,-0.532227,-0.002930,22.033691,-46.813965,-20.629883
5984,0.553711,-0.535156,0.005859,12.023926,-41.259766,-12.878418
5985,0.587891,-0.578125,-0.012207,9.887695,-37.536621,-6.713867
5986,0.581543,-0.627441,0.000000,10.681152,-34.667969,-5.126953
5987,0.577637,-0.648926,0.003418,13.183594,-33.508301,-6.958008
5988,0.554688,-0.652344,0.003906,19.165039,-33.325195,-9.460449
5989,0.513184,-0.625000,0.055664,33.020020,-34.118652,-16.357422
5990,0.498047,-0.623535,0.060059,38.208008,-34.606934,-18.676758
5991,0.525879,-0.600098,-0.031250,51.513672,-25.512695,-24.841309
5992,0.522461,-0.610840,-0.041992,56.701660,-16.662598,-27.526855
5993,0.516602,-0.622070,-0.046387,58.837891,-8.544922,-31.005859
5994,0.527832,-0.618164,-0.070801,57.739258,-2.624512,-34.545898
5995,0.532715,-0.654785,-0.137695,46.875000,7.080078,-36.010742
5996,0.540039,-0.679688,-0.160156,39.001465,11.047363,-36.437988
5997,0.526367,-0.689453,-0.116211,32.775879,9.643555,-34.973145
5998,0.549805,-0.738281,-0.141113,23.376465,5.676270,-31.982422
5999,0.569336,-0.831055,-0.156738,18.798828,1.708984,-27.526855
6000,0.564453,-0.822266,-0.084473,22.460938,1.342773,-25.390625
6001,0.596680,-0.838379,-0.017090,25.573730,-3.051758,-21.789551
6002,0.684082,-0.936523,0.017090,34.057617,-19.531250,-8.850098
6003,0.742188,-0.985840,0.045898,44.738770,-28.686523,-6.469727
6004,0.821289,-1.004395,0.063965,55.969238,-37.414551,-6.164551
6005,0.943848,-1.041016,0.155273,66.406250,-51.147461,-6.469727
6006,0.975098,-1.054688,0.146973,61.462402,-51.025391,-10.070801
6007,0.978027,-1.060059,0.086426,53.161621,-41.870117,-14.282227
6008,0.836914,-0.979004,0.003418,31.799316,0.000000,-20.874023
6009,0.744141,-0.885742,0.019043,18.981934,21.545410,-17.089844
6010,0.661621,-0.811523,0.048828,4.516602,35.461426,-6.958008
6011,0.592773,-0.739258,0.045898,-12.451172,37.231445,16.540527
6012,0.594238,-0.736328,0.062988,-11.779785,27.954102,29.541016
6013,0.645508,-0.755371,0.107422,-7.324219,10.681152,39.855957
6014,0.801270,-0.822754,0.180176,5.493164,-40.588379,48.767090
6015,0.866211,-0.866699,0.178223,14.282227,-64.208984,46.691895
6016,0.914062,-0.875000,0.183105,30.273438,-87.158203,34.606934
6017,0.995605,-0.864746,0.173828,32.775879,-81.970215,30.578613
6018,1.003906,-0.843750,0.149902,35.095215,-64.697266,29.418945
6019,0.952148,-0.816895,0.137207,35.217285,-36.315918,29.724121
6020,0.759766,-0.696289,0.155273,27.465820,29.785156,31.677246
6021,0.699219,-0.625488,0.160645,21.850586,51.635742,33.325195
6022,0.649414,-0.572754,0.145020,20.874023,60.485840,34.851074
6023,0.559082,-0.537109,0.114746,29.907227,48.339844,28.564453
6024,0.548340,-0.523926,0.083984,36.499023,32.836914,20.629883
6025,0.542969,-0.510254,0.045898,42.297363,15.258789,11.352539
6026,0.552734,-0.480469,0.011230,44.189453,-16.296387,-5.493164
6027,0.570312,-0.488281,0.009277,37.780762,-28.076172,-11.230469
6028,0.585449,-0.504395,0.009766,27.404785,-35.339355,-14.648438
6029,0.594727,-0.543457,0.010742,15.258789,-38.024902,-16.418457
6030,0.634766,-0.609375,0.043457,-3.906250,-35.095215,-20.690918
6031,0.652344,-0.646973,0.064453,-9.643555,-33.874512,-22.521973
6032,0.716309,-0.712402,0.093750,-15.808105,-37.597656,-26.550293
6033,0.747559,-0.761719,0.074707,-18.737793,-40.954590,-28.869629
6034,0.767090,-0.811035,0.048340,-20.324707,-44.616699,-33.203125
6035,0.789551,-0.846191,0.046875,-22.338867,-47.912598,-38.574219
6036,0.810059,-0.908691,0.099121,-27.282715,-55.053711,-39.245605
6037,0.806641,-0.957031,0.148438,-27.648926,-57.556152,-34.851074
6038,0.817871,-1.001953,0.196289,-27.038574,-58.959961,-29.968262
6039,0.828125,-0.991699,0.230957,-19.409180,-54.443359,-14.526367
6040,0.830566,-0.990723,0.187012,-11.779785,-46.997070,-4.333496
6041,0.823242,-0.988281,0.117676,2.624512,-36.682129,4.394531
6042,0.761230,-0.917480,0.024414,44.067383,-22.521973,10.925293
6043,0.724121,-0.857422,-0.006836,61.035156,-22.521973,7.507324
6044,0.693359,-0.773926,-0.034180,73.486328,-25.024414,3.479004
6045,0.666016,-0.705078,-0.055176,81.176758,-29.479980,0.427246
6046,0.635742,-0.573730,-0.104492,80.810547,-41.748047,-2.197266
6047,0.604980,-0.532715,-0.110840,75.256348,-45.349121,-0.244141
6048,0.546875,-0.472168,-0.100586,62.072754,-52.551270,4.211426
6049,0.542480,-0.468750,-0.095215,55.541992,-55.969238,6.713867
6050,0.528809,-0.468262,-0.058594,47.790527,-57.861328,6.225586
6051,0.518066,-0.427246,0.013184,38.757324,-60.791016,6.469727
6052,0.527344,-0.435059,0.095703,12.023926,-68.542480,8.239746
6053,0.555176,-0.458984,0.080566,-1.647949,-68.054199,7.019043
6054,0.595215,-0.479980,0.063477,-14.221191,-61.889648,5.676270
6055,0.664551,-0.588379,0.025879,-30.151367,-39.733887,1.708984
6056,0.682129,-0.645020,0.005859,-33.386230,-31.372070,-2.624512
6057,0.708008,-0.659668,-0.005859,-31.616211,-28.015137,-7.324219
6058,0.712891,-0.654785,-0.026367,-26.123047,-27.832031,-6.408691
6059,0.728516,-0.670898,-0.085938,-20.019531,-27.282715,-0.915527
6060,0.721680,-0.720215,-0.070801,-6.835938,-26.550293,3.662109
6061,0.736328,-0.727051,-0.050781,5.798340,-28.015137,6.469727
6062,0.713867,-0.785645,-0.123535,43.151855,-24.291992,9.338379
6063,0.677734,-0.778320,-0.172363,64.514160,-19.958496,5.126953
6064,0.615723,-0.621094,-0.255859,94.665527,-6.164551,-6.713867
6065,0.563965,-0.539551,-0.219727,93.872070,2.197266,-12.390137
6066,0.520020,-0.483398,-0.177734,80.810547,5.676270,-17.456055
6067,0.494141,-0.469727,-0.168945,64.025879,4.089355,-22.216797
6068,0.463379,-0.480469,-0.152832,30.395508,-2.319336,-29.479980
6069,0.451660,-0.500488,-0.146973,12.817383,-3.356934,-32.653809
6070,0.458008,-0.506836,-0.125977,-3.112793,-2.136230,-33.935547
6071,0.424316,-0.563477,-0.109863,-27.282715,11.108398,-30.212402
6072,0.410156,-0.571777,-0.115234,-33.874512,22.094727,-28.564453
6073,0.386719,-0.565430,-0.103027,-36.926270,33.874512,-25.329590
6074,0.364258,-0.569336,-0.089844,-37.292480,42.663574,-21.606445
6075,0.361816,-0.606934,-0.028320,-23.498535,38.513184,-12.512207
6076,0.366699,-0.639160,0.016602,-14.343262,25.878906,-10.192871
6077,0.458984,-0.669922,0.047363,-2.075195,-4.516602,-6.103516
6078,0.500488,-0.705566,0.005859,-1.220703,-9.582520,-3.845215
6079,0.560059,-0.754883,-0.086914,-2.746582,8.850098,-3.356934
6080,0.549805,-0.735352,-0.090820,-3.906250,27.038574,-0.915527
6081,0.531250,-0.709473,-0.063965,-4.760742,42.602539,5.004883
6082,0.537109,-0.685547,0.002441,-6.042480,49.560547,14.526367
6083,0.591797,-0.687988,0.059570,-6.347656,45.837402,25.634766
6084,0.770020,-0.830078,0.098145,-0.793457,19.653320,39.184570
6085,0.891113,-0.901367,0.093262,0.366211,8.911133,38.269043
6086,0.990234,-0.987305,0.068848,-2.136230,2.563477,34.179688
6087,1.046387,-1.085449,-0.010254,-11.596680,8.178711,21.179199
6088,1.020020,-1.045410,-0.015137,-17.150879,16.174316,20.996094
6089,0.988770,-0.956055,0.017578,-22.277832,22.277832,29.052734
6090,0.918457,-0.889648,0.151367,-26.733398,14.282227,53.283691
6091,0.955078,-0.880859,0.186523,-18.981934,-1.647949,62.072754
6092,1.000000,-0.883301,0.232910,-7.934570,-21.728516,67.199707
6093,1.043945,-0.905273,0.255371,13.366699,-53.833008,61.279297
6094,1.088379,-0.923340,0.205566,21.606445,-56.152344,50.720215
6095,1.088867,-0.898438,0.176758,26.184082,-48.522949,38.513184
6096,1.061035,-0.854980,0.165527,24.597168,-32.958984,26.733398
6097,0.959473,-0.756836,0.152832,8.422852,8.972168,11.352539
6098,0.896484,-0.723633,0.132812,-3.295898,29.968262,7.751465
6099,0.828613,-0.692871,0.090332,-13.916016,49.255371,4.882812
6100,0.762207,-0.670410,0.045898,-20.629883,65.429688,1.464844
6101,0.654297,-0.674316,0.009766,-20.812988,82.153320,-10.009766
6102,0.617188,-0.675293,0.004395,-15.808105,80.627441,-18.432617
6103,0.582031,-0.667969,-0.001465,-9.277344,74.218750,-27.221680
6104,0.573730,-0.647461,-0.044434,1.464844,56.335449,-36.193848
6105,0.578613,-0.666992,-0.051270,0.122070,47.912598,-35.156250
6106,0.570312,-0.676270,-0.054199,-4.333496,39.245605,-32.226562
6107,0.506836,-0.687500,-0.048340,-10.253906,22.033691,-27.282715
6108,0.468262,-0.666016,-0.027344,-12.451172,12.512207,-26.367188
6109,0.422852,-0.644531,0.005859,-15.258789,3.601074,-26.367188
6110,0.399414,-0.625488,0.033203,-19.470215,-2.563477,-26.245117
6111,0.422852,-0.612793,0.036621,-27.099609,-0.549316,-10.314941
6112,0.420410,-0.640625,0.045410,-25.878906,2.136230,2.014160
6113,0.498535,-0.691406,0.084961,-15.991211,-7.263184,22.766113
6114,0.537109,-0.747070,0.083008,-7.751465,-18.920898,24.230957
6115,0.577637,-0.787109,0.037109,0.854492,-29.602051,17.883301
6116,0.594727,-0.776367,-0.028320,8.789062,-34.301758,-7.080078
6117,0.591309,-0.734375,-0.062012,1.953125,-28.808594,-18.249512
6118,0.558105,-0.706055,-0.093750,-9.826660,-18.432617,-23.315430
6119,0.549316,-0.676758,-0.068359,-33.203125,-1.220703,-13.549805
6120,0.562012,-0.694336,-0.016113,-38.940430,-3.479004,0.488281
6121,0.582031,-0.745117,0.048828,-37.841797,-15.441895,11.657715
6122,0.708496,-0.841797,0.161133,-24.047852,-52.795410,15.686035
6123,0.772461,-0.863770,0.152344,-15.930176,-67.749023,14.526367
6124,0.821289,-0.875488,0.109375,-7.629395,-73.852539,15.075684
6125,0.836426,-0.859863,0.077637,-1.831055,-69.763184,16.967773
6126,0.880859,-0.809082,0.110840,0.793457,-51.208496,22.094727
6127,0.898926,-0.810059,0.142090,0.061035,-49.438477,24.291992
6128,0.932617,-0.817871,0.127441,7.446289,-57.189941,23.071289
6129,0.954590,-0.801758,0.129395,15.258789,-56.701660,24.414062
6130,0.950684,-0.808594,0.100586,22.888184,-51.574707,28.503418
6131,0.951172,-0.808105,0.046875,31.799316,-43.701172,32.226562
6132,0.957031,-0.797852,-0.005371,50.903320,-29.724121,31.005859
6133,0.970703,-0.778320,-0.027832,57.678223,-28.198242,23.132324
6134,0.964844,-0.774902,-0.041016,62.988281,-29.418945,11.779785
6135,0.956055,-0.747070,-0.081055,49.621582,-26.916504,-13.305664
6136,0.911621,-0.786133,-0.201172,33.569336,-14.282227,-22.705078
6137,0.787109,-0.800781,-0.181641,5.126953,10.131836,-28.320312
6138,0.712402,-0.787598,-0.187988,-5.859375,13.977051,-23.986816
6139,0.638672,-0.780762,-0.192871,-9.399414,13.488770,-19.042969
6140,0.577637,-0.724121,-0.191406,0.732422,6.896973,-12.695312
6141,0.549805,-0.705078,-0.174316,7.507324,3.967285,-15.258789
6142,0.536621,-0.662598,-0.165527,14.282227,2.319336,-19.836426
6143,0.474609,-0.573730,-0.109863,19.775391,6.164551,-30.883789
6144,0.429688,-0.554199,-0.077148,17.822266,9.338379,-36.132812
6145,0.390625,-0.532715,-0.063477,16.296387,12.817383,-42.358398
6146,0.334961,-0.503418,-0.020508,12.207031,16.479492,-51.391602
6147,0.312988,-0.488770,-0.000488,7.446289,17.272949,-53.344727
6148,0.312500,-0.458984,0.020996,-9.948730,17.456055,-45.532227
6149,0.300781,-0.487305,0.024902,-16.052246,17.700195,-36.743164
6150,0.300293,-0.541992,0.028320,-19.165039,17.944336,-28.808594
6151,0.361816,-0.598633,0.020996,-16.235352,16.723633,-15.014648
6152,0.398438,-0.624023,0.053223,-15.319824,14.587402,-8.666992
6153,0.487305,-0.716797,0.092285,-21.545410,8.422852,-2.990723
6154,0.515625,-0.755859,0.056152,-23.376465,11.230469,-5.676270
6155,0.530762,-0.779297,0.016113,-22.338867,20.019531,-8.972168
6156,0.504883,-0.791504,-0.014648,-9.704590,39.916992,-10.437012
6157,0.512695,-0.771484,0.027344,-0.488281,41.076660,-6.958008
6158,0.549316,-0.751465,0.087891,6.591797,32.531738,2.563477
6159,0.703613,-0.857910,0.095703,16.113281,4.272461,21.789551
6160,0.800293,-0.917969,0.075684,18.676758,-4.577637,24.230957
6161,0.875488,-0.959473,0.072266,16.723633,-6.896973,23.864746
6162,0.917480,-1.010742,0.050293,10.375977,-3.662109,22.094727
6163,0.929688,-1.000488,-0.002930,-4.882812,17.089844,22.521973
6164,0.924316,-0.960449,0.028320,-9.155273,24.658203,30.029297
6165,0.931641,-0.926270,0.096680,-11.047363,23.071289,41.381836
6166,0.994141,-0.936523,0.131348,-5.371094,-4.638672,60.974121
6167,1.041504,-0.967773,0.111328,2.624512,-21.728516,63.537598
6168,1.081543,-1.008789,0.091309,11.840820,-35.217285,60.180664
6169,1.109863,-1.036133,0.087402,25.634766,-45.532227,39.978027
6170,1.069336,-0.987793,0.070801,27.282715,-41.442871,27.648926
6171,1.015625,-0.931641,0.075195,23.193359,-31.982422,17.211914
6172,0.943359,-0.863281,0.086426,15.014648,-18.859863,10.681152
6173,0.783691,-0.727051,0.114746,2.319336,8.239746,11.596680
6174,0.716309,-0.665039,0.127441,0.549316,17.395020,16.174316
6175,0.643555,-0.622559,0.131836,4.150391,20.996094,20.324707
6176,0.541992,-0.542480,0.095215,16.845703,19.836426,19.897461
6177,0.506836,-0.511230,0.056641,24.108887,18.554688,16.540527
6178,0.505859,-0.475586,0.014160,31.494141,17.761230,13.916016
6179,0.491211,-0.451660,-0.040039,46.081543,13.427734,11.535645
6180,0.496094,-0.431641,-0.037109,50.720215,6.103516,8.850098
6181,0.516113,-0.421387,-0.016602,50.903320,-6.408691,6.652832
6182,0.551758,-0.435547,0.009277,46.569824,-23.254395,3.417969
6183,0.608398,-0.470703,-0.016113,26.794434,-49.621582,-11.291504
6184,0.616699,-0.510742,-0.040527,14.587402,-48.889160,-20.874023
6185,0.626953,-0.536133,-0.030273,3.479004,-41.015625,-30.883789
6186,0.616211,-0.540039,0.051758,-18.310547,-19.104004,-41.748047
6187,0.614258,-0.533691,0.095703,-28.625488,-12.329102,-42.175293
6188,0.612305,-0.555664,0.125977,-38.330078,-11.108398,-39.978027
6189,0.651855,-0.662109,0.127441,-40.954590,-20.263672,-38.208008
6190,0.678223,-0.702637,0.122559,-35.522461,-26.733398,-42.114258
6191,0.734863,-0.744629,0.094727,-24.291992,-34.423828,-50.231934
6192,0.770020,-0.765137,0.073730,-23.132324,-35.278320,-50.964355
6193,0.787598,-0.778809,0.036621,-26.367188,-34.545898,-48.034668
6194,0.812500,-0.806641,0.000977,-29.296875,-33.203125,-42.968750
6195,0.850586,-0.850098,0.051758,-26.062012,-39.489746,-37.414551
6196,0.862793,-0.867188,0.087402,-20.690918,-48.400879,-35.705566
6197,0.865234,-0.920410,0.094727,-13.488770,-55.480957,-33.630371
6198,0.889648,-0.956055,-0.001465,17.761230,-60.180664,-33.691406
6199,0.881348,-0.925781,0.019043,38.330078,-56.945801,-27.709961
6200,0.804688,-0.855957,-0.003906,67.199707,-54.565430,-4.821777
6201,0.769043,-0.810059,0.000000,74.523926,-56.518555,4.455566
6202,0.788574,-0.796387,0.018066,75.866699,-60.119629,8.605957
6203,0.841797,-0.790527,0.002930,72.631836,-61.523438,8.422852
6204,0.861816,-0.805176,0.003906,53.710938,-52.612305,-6.896973
6205,0.876953,-0.794922,0.020020,38.635254,-44.616699,-18.066406
6206,0.879883,-0.794922,0.028809,19.348145,-31.860352,-26.550293
6207,0.830078,-0.808105,-0.031250,-18.432617,4.211426,-34.362793
6208,0.765625,-0.791016,-0.039551,-31.250000,23.681641,-32.287598
6209,0.706543,-0.774414,-0.041016,-38.818359,38.696289,-28.381348
6210,0.623047,-0.768555,-0.062988,-31.555176,48.034668,-23.193359
6211,0.584961,-0.748047,-0.049805,-24.353027,45.654297,-23.437500
6212,0.554688,-0.721680,-0.063965,-18.432617,41.992188,-23.620605
6213,0.475098,-0.649902,-0.133301,-9.826660,41.259766,-19.287109
6214,0.427734,-0.628418,-0.173828,-3.662109,44.433594,-15.563965
6215,0.385254,-0.584473,-0.185547,5.004883,47.302246,-11.535645
6216,0.327148,-0.462891,-0.098633,24.047852,39.123535,-1.647949
6217,0.313477,-0.443848,-0.064453,30.822754,26.611328,3.662109
6218,0.306641,-0.448242,-0.050781,35.217285,11.779785,6.225586
6219,0.347656,-0.479492,-0.063477,29.113770,-8.728027,2.807617
6220,0.380859,-0.499023,-0.059570,18.066406,-10.803223,-2.441406
6221,0.409180,-0.524902,-0.055664,2.807617,-7.934570,-7.812500
6222,0.441895,-0.581543,-0.012695,-36.010742,8.361816,-15.136719
6223,0.442871,-0.611816,0.012695,-54.565430,18.005371,-15.625000
6224,0.436523,-0.637695,0.010254,-66.894531,27.404785,-11.108398
6225,0.411133,-0.694336,-0.018066,-63.659668,43.640137,7.934570
6226,0.476562,-0.724609,0.020996,-51.269531,42.968750,20.568848
6227,0.676270,-0.856445,0.134277,-19.714355,13.610840,44.128418
6228,0.768555,-0.934082,0.163574,-5.554199,-7.202148,46.691895
6229,0.830078,-0.946289,0.141602,7.568359,-22.155762,43.640137
6230,0.876953,-0.898438,0.128418,25.146484,-21.057129,39.794922
6231,0.933594,-0.879883,0.148438,23.437500,-13.183594,43.884277
6232,0.990234,-0.878906,0.152344,18.127441,-7.385254,52.917480
6233,1.056152,-0.895508,0.185547,16.418457,-9.216309,79.528809
6234,1.117188,-0.939453,0.214355,19.348145,-19.836426,90.576172
6235,1.168945,-1.000000,0.208496,26.794434,-35.156250,94.787598
6236,1.274902,-1.024414,0.237305,45.471191,-66.040039,83.679199
6237,1.304199,-1.011719,0.248047,50.354004,-76.599121,73.181152
6238,1.286133,-0.956543,0.198730,45.593262,-70.678711,45.837402
6239,1.253906,-0.914062,0.154785,37.902832,-50.781250,31.005859
6240,1.197266,-0.845215,0.104492,26.489258,-19.592285,16.967773
6241,1.142578,-0.771973,0.043945,13.916016,19.592285,7.690430
6242,0.962402,-0.675781,-0.035645,-10.620117,93.322754,-1.586914
6243,0.864746,-0.629883,-0.074707,-20.751953,118.652344,-3.662109
6244,0.753418,-0.603027,-0.107422,-26.733398,136.230469,-6.958008
6245,0.662109,-0.572266,-0.117188,-27.282715,140.625000,-18.310547
6246,0.470703,-0.537109,-0.094727,-23.620605,128.540039,-25.329590
6247,0.398926,-0.495605,-0.090332,-17.333984,109.924316,-30.883789
6248,0.335449,-0.383789,-0.053711,1.525879,54.870605,-28.259277
6249,0.333984,-0.336914,-0.010254,10.742188,21.423340,-22.094727
6250,0.360840,-0.301758,0.016602,15.869141,-12.084961,-14.892578
6251,0.452637,-0.312012,0.057129,18.066406,-61.462402,-4.760742
6252,0.486816,-0.362793,0.046387,16.357422,-73.181152,-2.929688
6253,0.513672,-0.413574,0.007324,15.197754,-74.401855,-5.310059
6254,0.552246,-0.460938,0.039062,17.395020,-60.424805,-16.784668
6255,0.556152,-0.455078,0.063965,18.859863,-51.147461,-23.925781
6256,0.559082,-0.435059,0.083008,20.935059,-43.151855,-30.212402
6257,0.598145,-0.482910,0.167480,17.333984,-38.574219,-37.292480
6258,0.640625,-0.548340,0.166504,7.324219,-42.236328,-40.954590
6259,0.698242,-0.618652,0.115234,-6.713867,-42.419434,-45.227051
6260,0.720703,-0.674316,0.045410,-22.644043,-34.118652,-49.011230
6261,0.698730,-0.826660,-0.075195,-46.813965,4.516602,-52.368164
6262,0.735840,-0.856934,-0.054688,-51.025391,23.315430,-50.354004
6263,0.760742,-0.909180,0.061523,-48.583984,24.353027,-46.569824
6264,0.814453,-0.980469,0.187500,-33.752441,-3.234863,-27.404785
6265,0.887207,-1.118652,0.138184,-18.676758,-29.968262,-21.667480
6266,0.999023,-1.228516,-0.008301,2.258301,-50.109863,-16.296387
6267,1.052734,-1.370117,-0.105957,38.818359,-60.241699,-14.465332
6268,1.078613,-1.341797,0.003906,72.204590,-70.617676,-14.282227
6269,0.957520,-1.052246,-0.085938,84.411621,-71.594238,6.225586
6270,0.907715,-0.899414,-0.097168,79.711914,-56.579590,21.362305
6271,0.843750,-0.657227,-0.023438,68.542480,-35.705566,54.504395
6272,0.834473,-0.580078,-0.017578,62.927246,-30.639648,64.819336
6273,0.843262,-0.573242,-0.010254,56.579590,-28.381348,68.054199
6274,0.843750,-0.604492,0.021973,50.476074,-30.273438,60.791016
6275,0.860840,-0.593750,0.044434,40.405273,-44.982910,26.062012
6276,0.875000,-0.603027,0.094727,27.954102,-50.354004,5.004883
6277,0.888672,-0.625977,0.144043,6.591797,-51.757812,-15.686035
6278,0.936523,-0.659668,0.142090,-45.227051,-34.423828,-46.264648
6279,0.917969,-0.722656,0.115234,-67.687988,-15.014648,-50.781250
6280,0.882324,-0.749512,0.088379,-83.862305,8.544922,-52.612305
6281,0.813477,-0.753418,0.083496,-92.895508,33.020020,-50.598145
6282,0.627930,-0.729980,0.055176,-89.904785,76.416016,-40.283203
6283,0.541504,-0.708496,0.016113,-74.340820,89.477539,-34.240723
6284,0.462891,-0.683594,-0.019043,-48.950195,93.627930,-28.137207
6285,0.402344,-0.547852,-0.018066,1.708984,74.035645,-13.488770
6286,0.377930,-0.523926,-0.050781,15.808105,61.035156,-8.178711
6287,0.359375,-0.468262,-0.125977,32.165527,48.400879,-14.892578
6288,0.333984,-0.427246,-0.124512,36.132812,43.823242,-18.127441
6289,0.301270,-0.415039,-0.112305,36.804199,38.452148,-23.010254
6290,0.281250,-0.389160,-0.082520,32.714844,31.921387,-29.846191
6291,0.309570,-0.373047,-0.020508,10.803223,19.775391,-39.550781
6292,0.344727,-0.412598,-0.003906,-4.150391,17.578125,-39.733887
6293,0.417480,-0.478027,0.043945,-23.071289,17.089844,-37.658691
6294,0.546387,-0.649902,0.080078,-63.476562,15.808105,-30.822754
6295,0.543457,-0.724609,0.055176,-79.772949,19.836426,-30.151367
6296,0.522461,-0.756836,0.036133,-90.026855,29.174805,-30.273438
6297,0.474121,-0.769531,0.104492,-94.543457,53.894043,-22.216797
6298,0.476562,-0.769043,0.130371,-86.791992,60.791016,-12.695312
6299,0.508301,-0.760742,0.139160,-69.213867,62.622070,3.234863
6300,0.709961,-0.893066,0.207520,-16.906738,36.499023,35.339355
6301,0.833008,-0.982422,0.190918,3.845215,15.441895,42.358398
6302,0.927246,-1.036133,0.087891,31.005859,-0.854492,33.508301
6303,0.938477,-0.986328,0.081055,32.958984,5.249023,28.869629
6304,0.925781,-0.923828,0.098145,24.719238,15.625000,31.066895
6305,0.986328,-0.808105,0.208984,-6.835938,23.742676,58.715820
6306,1.039062,-0.827637,0.223633,-18.188477,16.845703,77.209473
6307,1.109863,-0.881836,0.240723,-20.812988,3.417969,90.881348
6308,1.197266,-0.936035,0.245605,-16.174316,-14.526367,98.632812
6309,1.325195,-0.997070,0.244141,4.089355,-48.400879,96.496582
6310,1.324219,-1.009277,0.249512,13.122559,-58.532715,87.463379
6311,1.285156,-0.992188,0.226562,17.883301,-60.424805,73.486328
6312,1.152832,-0.836914,0.162598,17.639160,-31.555176,44.555664
6313,1.074219,-0.731445,0.157227,14.892578,-8.483887,39.611816
6314,0.975586,-0.634277,0.120605,14.160156,14.282227,42.419434
6315,0.893066,-0.552246,0.057129,17.578125,36.254883,49.133301
6316,0.749512,-0.490234,-0.007324,37.475586,58.532715,56.701660
6317,0.683594,-0.456055,-0.004883,49.560547,54.443359,51.818848
6318,0.626465,-0.424316,0.000488,60.485840,42.602539,41.015625
6319,0.568359,-0.390625,0.009277,70.800781,7.263184,6.958008
6320,0.576172,-0.372070,0.004883,66.345215,-9.033203,-10.192871
6321,0.608398,-0.352539,-0.001465,54.016113,-19.836426,-22.155762
6322,0.661133,-0.409180,-0.066406,8.605957,-20.874023,-31.188965
6323,0.648438,-0.442871,-0.124023,-15.808105,-9.704590,-33.996582
6324,0.604492,-0.453613,-0.127930,-38.513184,5.859375,-36.682129
6325,0.541504,-0.435059,-0.089844,-58.471680,20.812988,-39.245605
6326,0.485840,-0.454102,0.027832,-89.477539,31.738281,-41.687012
6327,0.502441,-0.486816,0.064453,-97.290039,27.832031,-41.931152
6328,0.583008,-0.604492,0.119141,-98.754883,4.821777,-41.870117
6329,0.629883,-0.669922,0.117676,-93.139648,-9.216309,-42.907715
6330,0.659668,-0.727051,0.073242,-84.045410,-19.470215,-44.677734
6331,0.643066,-0.757324,0.015625,-70.251465,-22.338867,-46.508789
6332,0.527344,-0.745605,-0.032715,-31.188965,-16.418457,-47.668457
6333,0.620605,-0.728516,0.025879,-12.451172,-22.705078,-42.419434
6334,0.709473,-0.707031,0.148926,-3.723145,-37.475586,-34.179688
6335,0.875000,-0.733398,0.169434,-3.967285,-82.214355,-17.822266
6336,1.000000,-0.750000,0.099121,0.000000,-90.576172,-10.498047
6337,1.125977,-0.795410,0.011230,5.004883,-84.594727,-3.601074
6338,1.205078,-0.892578,-0.067383,15.136719,-67.749023,2.319336
6339,1.079102,-0.955566,-0.065430,61.279297,-38.146973,-6.958008
6340,0.989746,-0.875488,-0.035645,86.059570,-35.827637,-14.953613
6341,0.862305,-0.721191,0.116211,103.210449,-51.391602,-21.179199
6342,0.855469,-0.688965,0.121582,91.125488,-62.316895,-19.958496
6343,0.889160,-0.665527,0.077148,70.434570,-66.406250,-14.526367
6344,0.921387,-0.691406,0.028809,45.288086,-61.828613,-7.690430
6345,0.938965,-0.748535,-0.063477,1.159668,-39.672852,-0.549316
6346,0.918945,-0.763672,-0.083984,-12.756348,-26.000977,-1.281738
6347,0.883789,-0.767090,-0.063965,-21.057129,-14.892578,-5.004883
6348,0.792969,-0.758789,0.020020,-22.277832,-6.835938,-15.686035
6349,0.748535,-0.739258,0.055664,-17.395020,-8.544922,-21.728516
6350,0.711914,-0.707520,0.053223,-11.169434,-9.094238,-26.428223
6351,0.624023,-0.636230,0.048828,6.347656,-2.807617,-31.250000
6352,0.587402,-0.618652,0.042480,12.573242,3.234863,-33.142090
6353,0.565430,-0.611816,-0.001465,17.517090,10.498047,-35.522461
6354,0.544922,-0.617676,-0.036133,21.057129,19.226074,-38.757324
6355,0.476562,-0.628418,-0.046875,19.348145,35.827637,-46.997070
6356,0.437500,-0.601074,-0.041016,13.610840,40.954590,-47.790527
6357,0.350586,-0.552734,-0.048340,-7.385254,48.583984,-40.344238
6358,0.312988,-0.534668,-0.043457,-16.357422,51.452637,-34.667969
6359,0.283203,-0.518066,-0.028320,-20.996094,52.368164,-28.503418
6360,0.264648,-0.522461,-0.015137,-20.751953,50.354004,-21.606445
6361,0.312012,-0.556641,0.009277,-10.314941,36.804199,-12.084961
6362,0.367188,-0.583984,0.029297,-8.056641,26.184082,-9.033203
6363,0.415039,-0.615234,0.024902,-10.192871,17.211914,-7.019043
6364,0.489258,-0.690430,0.012207,-19.653320,13.427734,-7.202148
6365,0.488281,-0.711914,0.022461,-26.367188,18.981934,-9.216309
6366,0.486328,-0.724609,0.034180,-31.738281,27.099609,-9.826660
6367,0.537598,-0.757812,0.033691,-31.860352,42.114258,0.732422
6368,0.570312,-0.794434,0.027344,-26.062012,50.354004,10.620117
6369,0.614258,-0.821777,0.042969,-19.653320,56.213379,21.545410
6370,0.708008,-0.869141,0.046387,-9.094238,51.391602,41.015625
6371,0.744629,-0.880371,0.063965,-6.103516,40.832520,47.119141
6372,0.754883,-0.877930,0.089844,-5.249023,29.296875,50.903320
6373,0.773438,-0.823242,0.115723,-2.624512,10.803223,59.020996
6374,0.814453,-0.797852,0.147949,-0.915527,4.760742,66.162109
6375,1.016113,-0.822266,0.256836,4.882812,-19.165039,85.144043
6376,1.121582,-0.885254,0.325684,9.277344,-38.513184,91.308594
6377,1.228027,-0.944824,0.373047,13.427734,-58.654785,92.102051
6378,1.398438,-1.032227,0.288574,22.521973,-80.749512,80.932617
6379,1.441895,-1.051270,0.279297,24.902344,-79.101562,72.814941
6380,1.445312,-1.053223,0.277344,23.010254,-71.228027,62.500000
6381,1.331055,-0.952148,0.250000,13.916016,-39.062500,44.250488
6382,1.214355,-0.858398,0.193848,8.483887,-12.512207,40.588379
6383,1.069336,-0.753906,0.136230,4.333496,19.592285,40.588379
6384,0.799805,-0.557617,0.014160,9.582520,82.214355,40.832520
6385,0.728027,-0.479492,-0.040039,20.080566,104.125977,38.208008
6386,0.683105,-0.451172,-0.070801,31.372070,116.882324,33.081055
6387,0.635742,-0.459473,-0.067383,49.560547,109.313965,11.657715
6388,0.613281,-0.468262,-0.078613,53.405762,92.407227,-5.004883
6389,0.603516,-0.450195,-0.100098,53.100586,72.387695,-23.620605
6390,0.573730,-0.438965,-0.115234,34.301758,31.372070,-55.786133
6391,0.533203,-0.438965,-0.139648,14.221191,17.028809,-67.443848
6392,0.518555,-0.415527,-0.149902,-10.742188,8.850098,-72.448730
6393,0.519531,-0.407715,-0.117676,-40.710449,5.676270,-68.603516
6394,0.547852,-0.488770,-0.039551,-100.524902,5.432129,-50.292969
6395,0.578125,-0.564941,0.005859,-120.300293,3.417969,-43.945312
6396,0.603027,-0.642090,0.043945,-129.821777,-1.708984,-42.297363
6397,0.627930,-0.732422,0.114258,-119.140625,-18.554688,-47.485352
6398,0.612793,-0.767578,0.120605,-104.125977,-25.939941,-50.476074
6399,0.598633,-0.784180,0.101074,-82.458496,-30.822754,-53.588867
6400,0.580566,-0.748535,0.082520,-37.658691,-32.104492,-54.565430
6401,0.563965,-0.698730,0.083496,-20.263672,-33.081055,-48.828125
6402,0.537109,-0.656250,0.079102,-5.493164,-33.386230,-38.513184
6403,0.571777,-0.656250,0.040527,24.047852,-36.376953,-11.474609
6404,0.606445,-0.687012,0.025879,38.940430,-44.311523,-4.028320
6405,0.673340,-0.737305,0.032227,66.772461,-62.988281,-11.413574
6406,0.727051,-0.738281,0.091309,76.171875,-72.387695,-16.113281
6407,0.778320,-0.772461,0.105469,72.631836,-76.110840,-19.897461
6408,0.820312,-0.809082,0.062988,57.861328,-71.472168,-21.057129
6409,0.797852,-0.891113,-0.081543,25.207520,-35.156250,-15.075684
6410,0.714355,-0.854492,-0.141602,13.732910,-12.512207,-6.103516
6411,0.608887,-0.808594,-0.155273,10.803223,6.347656,4.760742
6412,0.525879,-0.682129,-0.075195,13.793945,10.314941,29.785156
6413,0.534180,-0.665039,-0.056152,21.728516,-5.798340,40.161133
6414,0.577148,-0.653320,-0.000488,30.273438,-28.503418,46.875000
6415,0.719727,-0.710449,0.080566,36.804199,-80.078125,46.752930
6416,0.789062,-0.737793,0.067383,35.034180,-95.397949,40.161133
6417,0.833984,-0.739746,0.030273,31.066895,-98.876953,33.020020
6418,0.833008,-0.743652,-0.006348,25.878906,-88.378906,27.282715
6419,0.717773,-0.686035,-0.038086,22.216797,-37.841797,15.930176
6420,0.664551,-0.642578,-0.033691,21.972656,-8.728027,13.244629
6421,0.622559,-0.618164,-0.026855,21.240234,17.761230,12.084961
6422,0.558105,-0.605469,-0.073242,27.648926,49.560547,6.164551
6423,0.503418,-0.614746,-0.127441,40.039062,56.396484,-1.037598
6424,0.465820,-0.604980,-0.137695,54.809570,58.044434,-10.986328
6425,0.442383,-0.574219,-0.140137,65.795898,55.114746,-19.287109
6426,0.375977,-0.545898,-0.121582,71.838379,34.057617,-29.968262
6427,0.377441,-0.542480,-0.124023,66.650391,21.972656,-34.423828
6428,0.395996,-0.556641,-0.108887,56.823730,11.596680,-38.269043
6429,0.419922,-0.616211,-0.125977,29.113770,3.051758,-41.809082
6430,0.418945,-0.653809,-0.116699,18.249512,5.554199,-40.771484
6431,0.509277,-0.726074,-0.037598,-8.300781,12.329102,-30.456543
6432,0.596191,-0.800293,0.026367,-23.437500,11.840820,-22.216797
6433,0.736328,-0.916992,0.108887,-39.489746,1.647949,-13.000488
6434,0.885254,-1.075195,0.166016,-52.490234,-17.272949,-5.981445
6435,1.086914,-1.231934,0.182617,-54.138184,-49.865723,-9.155273
6436,1.242676,-1.246094,0.170898,-46.936035,-53.588867,-8.056641
6437,1.392090,-1.296387,0.163086,-39.550781,-46.630859,1.525879
6438,1.477051,-1.351074,0.179199,-23.803711,-18.310547,24.108887
6439,1.436035,-1.305176,0.178223,-12.390137,-3.601074,31.616211
6440,1.375977,-1.241211,0.180664,-1.464844,10.192871,36.437988
6441,1.302246,-1.184570,0.175293,5.981445,20.385742,38.696289
6442,1.153809,-1.043457,0.212891,12.207031,22.949219,36.254883
6443,1.106445,-0.989746,0.254883,7.263184,15.869141,36.987305
6444,1.068848,-0.949219,0.268555,-1.403809,6.835938,39.611816
6445,0.992676,-0.887695,0.198730,-13.610840,-3.173828,52.795410
6446,0.909180,-0.842285,0.165527,-11.413574,-3.112793,58.654785
6447,0.822266,-0.771973,0.170410,-2.441406,-4.882812,63.232422
6448,0.668945,-0.606934,0.172363,27.160645,-14.343262,69.030762
6449,0.613281,-0.534668,0.129883,42.480469,-14.892578,69.763184
6450,0.568359,-0.480957,0.063965,56.945801,-9.643555,67.932129
6451,0.528809,-0.398438,-0.061523,81.420898,13.854980,56.640625
6452,0.515137,-0.389160,-0.073730,86.242676,27.282715,49.377441
6453,0.495117,-0.383301,-0.107910,77.148438,45.959473,34.057617
6454,0.476562,-0.378418,-0.105957,68.298340,47.119141,26.000977
6455,0.456543,-0.375000,-0.085938,58.349609,41.442871,18.493652
6456,0.450684,-0.364258,-0.033203,31.860352,12.634277,6.469727
6457,0.482422,-0.371094,-0.003906,14.892578,-6.652832,3.479004
6458,0.542969,-0.393555,0.020996,-4.699707,-25.817871,1.403809
6459,0.663086,-0.521484,0.042969,-40.100098,-55.603027,-4.821777
6460,0.724121,-0.578125,0.056152,-54.565430,-61.645508,-11.474609
6461,0.881348,-0.698242,0.098633,-74.829102,-63.720703,-22.399902
6462,0.944336,-0.789551,0.126465,-82.031250,-61.340332,-29.418945
6463,0.988281,-0.843262,0.136230,-85.632324,-56.823730,-37.963867
6464,1.034668,-0.867188,0.115234,-85.327148,-48.339844,-46.569824
6465,1.061523,-0.955078,0.064941,-74.279785,-22.521973,-61.096191
6466,1.069336,-0.973633,0.032715,-64.697266,-11.657715,-68.603516
6467,1.100586,-0.987305,0.017578,-53.100586,-6.958008,-72.753906
6468,1.164062,-1.003906,0.047363,-26.550293,-22.277832,-70.312500
6469,1.125488,-1.022949,0.084473,-11.230469,-39.855957,-70.068359
6470,1.140137,-1.048340,0.100098,5.187988,-60.485840,-73.120117
6471,1.155762,-1.079590,0.098145,30.944824,-88.867188,-86.486816
6472,1.110840,-1.044434,0.068848,34.851074,-86.853027,-93.811035
6473,1.012207,-0.968750,0.032227,35.095215,-70.617676,-97.839355
6474,0.911133,-0.872559,0.008789,24.169922,-15.625000,-82.092285
6475,0.793945,-0.706055,0.002441,15.502930,10.314941,-58.898926
6476,0.744141,-0.652832,-0.022949,10.070801,29.663086,-28.747559
6477,0.680176,-0.604004,-0.011719,28.259277,33.447266,34.545898
6478,0.689453,-0.611328,-0.028809,51.879883,17.517090,57.128906
6479,0.685059,-0.616211,-0.080078,81.604004,-1.159668,70.312500
6480,0.610840,-0.525391,-0.077148,146.179199,-42.480469,70.983887
6481,0.571289,-0.477051,-0.065430,170.104980,-65.185547,63.537598
6482,0.523438,-0.426270,-0.047852,183.349609,-86.181641,52.429199
6483,0.490234,-0.339844,-0.047363,184.326172,-101.684570,42.114258
6484,0.406738,-0.215332,-0.007812,163.146973,-116.088867,29.785156
6485,0.403320,-0.178711,0.036621,141.662598,-117.736816,25.695801
6486,0.415039,-0.180664,0.064941,90.942383,-109.558105,18.920898
6487,0.424316,-0.226562,0.050781,67.321777,-98.205566,13.488770
6488,0.447754,-0.284180,0.019531,46.936035,-80.871582,4.882812
6489,0.458496,-0.375977,0.018066,18.493652,-39.978027,-15.502930
6490,0.447754,-0.390625,0.045898,7.446289,-23.803711,-23.742676
6491,0.433105,-0.413574,0.075684,-3.845215,-12.023926,-29.296875
6492,0.466797,-0.507324,0.114258,-22.094727,-4.028320,-35.766602
6493,0.476074,-0.553223,0.107422,-26.550293,-4.577637,-39.367676
6494,0.481934,-0.592773,0.104004,-27.465820,-5.737305,-43.457031
6495,0.524902,-0.660156,0.077637,-19.104004,-5.187988,-49.804688
6496,0.551270,-0.681152,0.073242,-12.329102,-1.464844,-51.635742
6497,0.585938,-0.704590,0.046875,-5.004883,3.845215,-49.682617
6498,0.617188,-0.753906,0.034668,1.342773,11.413574,-46.020508
6499,0.677246,-0.848633,-0.036621,12.268066,29.907227,-39.062500
6500,0.665039,-0.887695,-0.081055,19.714355,38.879395,-37.536621
6501,0.659668,-0.942383,-0.103516,35.400391,43.457031,-37.658691
6502,0.697266,-0.948730,-0.111328,39.489746,39.794922,-36.315918
6503,0.716797,-0.967773,-0.076660,39.489746,34.790039,-32.897949
6504,0.817383,-1.029785,0.016113,26.672363,17.211914,-23.254395
6505,0.950195,-1.083008,0.035156,18.188477,2.441406,-15.380859
6506,1.068359,-1.153809,0.049805,9.094238,-10.375977,-5.249023
6507,1.163086,-1.232910,0.033691,-10.253906,-13.427734,8.911133
6508,1.176270,-1.249023,0.014160,-14.587402,-4.638672,12.451172
6509,1.072754,-1.186035,0.036133,-18.310547,28.198242,9.155273
6510,0.951172,-1.083496,0.033203,-24.353027,47.912598,6.958008
6511,0.865234,-0.964844,0.050293,-33.386230,64.636230,10.375977
6512,0.803711,-0.800293,0.157227,-70.800781,77.636719,32.592773
6513,0.773926,-0.817383,0.145508,-89.233398,75.805664,45.593262
6514,0.770020,-0.844727,0.145020,-98.022461,67.810059,54.077148
6515,0.872070,-0.842285,0.208496,-108.703613,41.198730,71.166992
6516,0.899902,-0.875488,0.190430,-110.656738,26.306152,79.528809
6517,0.886230,-0.916016,0.166016,-104.858398,14.038086,84.777832
6518,0.842285,-0.946289,0.162109,-90.209961,3.540039,85.693359
6519,0.747559,-0.873047,0.227539,-45.471191,-16.723633,81.787109
6520,0.699707,-0.783203,0.267090,-24.475098,-25.146484,85.144043
6521,0.634277,-0.709961,0.278809,-5.981445,-30.944824,91.247559
6522,0.569336,-0.561035,0.263184,26.000977,-31.372070,107.788086
6523,0.556152,-0.504883,0.232422,40.222168,-26.611328,116.699219
6524,0.573242,-0.480469,0.124512,67.749023,-11.047363,124.755859
6525,0.591797,-0.450195,0.082031,78.369141,-2.868652,121.948242
6526,0.604980,-0.378906,0.070312,85.083008,12.817383,110.961914
6527,0.606445,-0.347656,0.064941,78.002930,18.737793,103.149414
6528,0.613281,-0.322266,0.062012,64.758301,24.353027,94.238281
6529,0.630859,-0.327637,0.053223,26.428223,33.630371,73.547363
6530,0.638672,-0.370117,0.030273,7.019043,37.414551,61.828613
6531,0.635254,-0.411621,0.000977,-10.925293,40.771484,49.255371
6532,0.628418,-0.462891,0.013184,-42.358398,37.658691,23.620605
6533,0.624512,-0.458496,0.078125,-54.931641,29.357910,12.756348
6534,0.652344,-0.468750,0.150879,-66.772461,15.625000,5.004883
6535,0.740723,-0.538574,0.174805,-81.909180,-13.671875,-6.896973
6536,0.802734,-0.601074,0.176758,-84.045410,-24.536133,-14.160156
6537,0.864258,-0.663086,0.172852,-86.059570,-30.761719,-23.376465
6538,0.910156,-0.713867,0.145996,-82.580566,-25.024414,-48.156738
6539,0.929688,-0.776855,0.030762,-70.922852,-13.427734,-63.598633
6540,0.920410,-0.764648,0.021973,-54.687500,-0.488281,-78.002930
6541,0.967285,-0.774414,0.041992,-24.719238,14.648438,-96.740723
6542,1.004395,-0.823242,0.009277,-12.512207,14.526367,-102.355957
6543,1.039062,-0.877930,-0.004395,-0.854492,9.826660,-109.985352
6544,1.095703,-0.981934,0.023438,12.390137,-11.474609,-132.873535
6545,1.125977,-1.019043,0.040527,7.995605,-22.216797,-145.568848
6546,1.038574,-1.061035,0.121582,-2.136230,-29.724121,-156.677246
6547,1.017090,-1.126465,0.020996,-15.197754,-34.301758,-164.855957
6548,0.868164,-1.109863,-0.106934,-38.024902,1.525879,-178.039551
6549,0.839355,-1.033691,-0.068848,-54.138184,24.597168,-168.823242
6550,0.808105,-0.957031,0.015625,-76.171875,41.809082,-145.446777
6551,0.690430,-0.965332,-0.003906,-116.027832,52.001953,-85.571289
6552,0.678223,-0.955078,-0.055664,-111.450195,50.048828,-54.260254
6553,0.669434,-0.944336,-0.037598,-92.590332,41.748047,-22.949219
6554,0.664551,-0.852051,0.042969,-27.587891,-2.380371,34.667969
6555,0.636719,-0.811035,0.083008,13.122559,-32.043457,56.213379
6556,0.592285,-0.708496,0.103516,94.360352,-87.524414,70.068359
6557,0.571777,-0.633789,0.082520,131.896973,-105.163574,67.565918
6558,0.553223,-0.541504,0.072754,162.597656,-113.647461,61.523438
6559,0.527832,-0.456055,0.082031,183.288574,-114.135742,53.283691
6560,0.461914,-0.350586,0.090820,188.903809,-97.595215,30.029297
6561,0.441895,-0.313477,0.078613,177.307129,-82.397461,16.723633
6562,0.414062,-0.317871,0.067383,159.423828,-64.514160,4.028320
6563,0.423340,-0.345215,-0.011719,114.562988,-23.010254,-17.578125
6564,0.413574,-0.376465,-0.016113,85.937500,-0.366211,-24.475098
6565,0.392578,-0.405273,-0.038086,54.626465,20.751953,-28.625488
6566,0.373535,-0.431641,-0.026367,-0.244141,48.767090,-28.198242
6567,0.370605,-0.466797,0.024414,-23.803711,50.598145,-26.428223
6568,0.375000,-0.508789,0.039551,-43.640137,45.593262,-26.550293
6569,0.421387,-0.599121,0.039551,-67.810059,31.188965,-30.456543
6570,0.480957,-0.637207,0.043457,-73.608398,26.184082,-31.799316
6571,0.530273,-0.678223,0.048340,-76.416016,23.132324,-31.860352
6572,0.606445,-0.721191,0.035645,-69.946289,26.672363,-25.756836
6573,0.633301,-0.754883,0.047852,-60.913086,30.212402,-20.080566
6574,0.638184,-0.783203,0.119141,-53.344727,32.165527,-15.808105
6575,0.633789,-0.864746,0.123535,-45.654297,29.663086,-12.634277
6576,0.681152,-0.898438,-0.003418,-12.451172,33.081055,-13.061523
6577,0.724121,-0.873535,0.008789,4.394531,39.062500,-9.155273
6578,0.751465,-0.878418,0.056641,14.648438,40.893555,-2.807617
6579,0.803711,-0.884277,0.042480,19.226074,33.447266,8.239746
6580,0.824707,-0.881836,0.024414,20.141602,30.090332,15.319824
6581,0.853516,-0.906738,0.096191,15.258789,19.836426,25.024414
6582,0.932617,-0.936523,0.136719,12.023926,9.887695,28.259277
6583,1.038574,-0.965332,0.162109,8.056641,-0.366211,32.287598
6584,1.102539,-1.046387,0.191895,2.624512,-8.911133,32.714844
6585,1.207031,-1.046387,0.161133,-7.507324,-10.192871,24.353027
6586,1.154785,-1.057129,0.070312,-14.587402,8.728027,12.512207
6587,0.994141,-0.975098,0.008301,-32.592773,69.824219,-15.625000
6588,0.926270,-0.877930,0.130859,-45.593262,86.486816,-16.845703
6589,0.854980,-0.822266,0.254883,-65.002441,86.975098,-10.742188
6590,0.805664,-0.761719,0.296387,-89.843750,81.542969,-1.525879
6591,0.806641,-0.750977,0.240234,-135.437012,74.523926,26.428223
6592,0.829102,-0.792480,0.241699,-144.531250,70.556641,37.963867
6593,0.844238,-0.812012,0.289551,-145.812988,59.692383,44.311523
6594,0.825684,-0.797363,0.340332,-142.883301,43.029785,46.264648
6595,0.755859,-0.733398,0.358398,-131.408691,13.244629,43.884277
6596,0.713379,-0.695801,0.342773,-123.168945,5.737305,41.564941
6597,0.618652,-0.594238,0.307129,-98.754883,13.549805,51.818848
6598,0.552734,-0.558105,0.315918,-81.176758,25.207520,63.232422
6599,0.511230,-0.522461,0.309082,-60.424805,37.048340,75.683594
6600,0.523926,-0.497559,0.253906,-11.352539,52.124023,95.642090
6601,0.547852,-0.487793,0.194336,12.390137,53.833008,99.487305
6602,0.544434,-0.467285,0.144531,35.095215,54.565430,99.426270
6603,0.547363,-0.415039,0.095215,67.932129,49.865723,89.660645
6604,0.549316,-0.408203,0.076172,77.392578,44.128418,81.481934
6605,0.582520,-0.403809,0.034180,82.519531,28.930664,59.020996
6606,0.611328,-0.408203,0.039551,77.392578,20.080566,46.325684
6607,0.641602,-0.409180,0.056152,64.331055,11.779785,34.545898
6608,0.653320,-0.410156,0.049316,45.593262,5.065918,22.827148
6609,0.666016,-0.397949,0.049805,0.793457,0.915527,1.953125
6610,0.660156,-0.419434,0.074219,-20.080566,1.708984,-4.699707
6611,0.698242,-0.459961,0.150391,-55.847168,-3.662109,-10.192871
6612,0.743164,-0.511230,0.165039,-66.711426,-10.864258,-10.986328
6613,0.795410,-0.571289,0.162109,-71.838379,-19.653320,-12.695312
6614,0.859375,-0.629395,0.144043,-71.594238,-27.526855,-16.601562
6615,0.968262,-0.743164,0.105469,-59.204102,-34.301758,-33.325195
6616,1.015625,-0.803711,0.094727,-49.804688,-33.264160,-48.095703
6617,1.051758,-0.838867,0.064941,-38.330078,-29.418945,-66.528320
6618,1.080566,-0.845215,0.041992,-25.878906,-22.827148,-85.083008
6619,1.154785,-0.901855,-0.051758,-10.681152,-2.685547,-108.764648
6620,1.173340,-0.938965,-0.082520,-8.666992,9.582520,-115.478516
6621,1.168945,-1.038574,-0.101074,-7.385254,24.475098,-126.831055
6622,1.078125,-1.064453,-0.010742,-2.075195,16.357422,-128.723145
6623,1.062012,-1.104980,-0.063477,1.770020,6.652832,-130.920410
6624,1.021484,-1.125000,-0.084473,6.652832,0.671387,-135.131836
6625,0.888672,-1.016602,-0.033691,-1.098633,4.882812,-142.700195
6626,0.786621,-0.954102,0.034180,-15.625000,10.131836,-139.526367
6627,0.726074,-0.909668,0.053711,-34.851074,14.343262,-131.958008
6628,0.660156,-0.864746,0.062500,-66.772461,22.338867,-98.754883
6629,0.615723,-0.854004,0.077148,-80.078125,25.146484,-75.805664
6630,0.571289,-0.836426,0.060059,-86.791992,26.306152,-48.767090
6631,0.552246,-0.796875,0.048828,-70.739746,15.441895,11.169434
6632,0.590332,-0.784668,0.062012,-52.917480,0.671387,42.175293
6633,0.612305,-0.787109,0.056641,-29.541016,-19.653320,68.969727
6634,0.622070,-0.723633,0.064941,34.118652,-69.274902,100.280762
6635,0.631836,-0.675293,0.086426,69.335938,-95.581055,105.468750
6636,0.628906,-0.617188,0.124512,99.853516,-119.689941,106.140137
6637,0.633789,-0.481934,0.098145,145.507812,-146.850586,97.229004
6638,0.612305,-0.436523,0.062500,162.475586,-145.751953,88.562012
6639,0.591797,-0.395996,0.043457,173.889160,-135.864258,75.317383
6640,0.561035,-0.323242,0.032715,170.104980,-91.247559,42.053223
6641,0.537109,-0.295410,0.037109,155.639648,-68.603516,25.512695
6642,0.520020,-0.284180,0.020508,135.803223,-46.020508,11.413574
6643,0.467773,-0.351074,0.004883,85.144043,0.061035,-10.192871
6644,0.492188,-0.351074,-0.053223,60.485840,20.751953,-15.991211
6645,0.484863,-0.368164,-0.061523,36.865234,40.710449,-17.150879
6646,0.451660,-0.415039,-0.037598,12.878418,54.443359,-18.554688
6647,0.455566,-0.459473,0.027832,-31.799316,54.382324,-21.057129
6648,0.459961,-0.507812,0.028809,-47.058105,45.654297,-22.583008
6649,0.470215,-0.542480,0.037598,-57.800293,35.034180,-25.756836
6650,0.492188,-0.553223,0.026367,-63.354492,25.939941,-27.954102
6651,0.550293,-0.606445,0.030762,-63.781738,16.479492,-29.174805
6652,0.599609,-0.641602,0.040039,-60.729980,14.404297,-28.625488
6653,0.648926,-0.790527,0.007812,-39.855957,11.352539,-26.489258
6654,0.649414,-0.808105,-0.020508,-18.127441,14.465332,-27.099609
6655,0.681152,-0.783691,-0.010742,2.197266,21.728516,-26.306152
6656,0.703125,-0.773926,0.033203,15.380859,30.639648,-22.521973
6657,0.755371,-0.837402,0.105469,29.052734,27.282715,-18.676758
6658,0.805664,-0.866211,0.071777,31.616211,22.827148,-18.798828
6659,0.847168,-0.896484,0.048828,30.822754,20.141602,-19.348145
6660,0.990234,-0.990234,0.075195,14.038086,15.625000,-16.174316
6661,1.069824,-1.048340,0.096191,2.258301,11.352539,-12.817383
6662,1.139160,-1.127441,0.101074,-8.911133,8.666992,-10.559082
6663,1.197266,-1.217285,0.039062,-18.493652,20.874023,-19.592285
6664,1.159180,-1.168457,0.033691,-17.211914,37.902832,-27.282715
6665,1.054688,-1.105469,0.058105,-18.493652,57.434082,-33.752441
6666,0.942383,-1.032715,0.063477,-24.841309,75.561523,-39.245605
6667,0.824219,-0.905273,0.129883,-52.429199,90.759277,-30.883789
6668,0.791504,-0.847656,0.146973,-68.725586,86.669922,-18.798828
6669,0.758301,-0.741211,0.194824,-106.811523,71.716309,10.925293
6670,0.784668,-0.751953,0.171875,-123.229980,63.293457,25.268555
6671,0.818848,-0.778809,0.201660,-132.141113,50.842285,36.437988
6672,0.845703,-0.806152,0.195801,-132.019043,34.179688,46.142578
6673,0.779785,-0.854004,0.169434,-99.365234,3.540039,56.030273
6674,0.748535,-0.825195,0.210449,-74.340820,-13.183594,55.541992
6675,0.653320,-0.688965,0.268066,-31.921387,-39.672852,56.335449
6676,0.609375,-0.631836,0.243164,-14.526367,-45.349121,59.387207
6677,0.588379,-0.581055,0.218750,1.342773,-44.677734,63.537598
6678,0.590820,-0.499512,0.167969,25.390625,-27.954102,76.721191
6679,0.592285,-0.481445,0.130371,32.531738,-14.099121,82.580566
6680,0.592285,-0.462402,0.085938,38.574219,0.976562,86.914062
6681,0.561035,-0.415039,0.056641,47.424316,26.062012,89.599609
6682,0.550781,-0.394043,0.060059,47.180176,33.996582,87.829590
6683,0.582031,-0.350098,0.048340,36.437988,38.269043,79.833984
6684,0.591797,-0.358398,0.025879,27.465820,37.414551,75.195312
6685,0.589355,-0.372070,0.013184,15.625000,37.963867,67.871094
6686,0.585938,-0.385254,0.003906,2.380371,39.245605,58.227539
6687,0.601562,-0.407227,0.035645,-22.155762,35.278320,37.475586
6688,0.620117,-0.437012,0.056641,-33.081055,27.404785,27.343750
6689,0.651367,-0.458496,0.077637,-41.992188,15.869141,18.249512
6690,0.689941,-0.481445,0.099609,-53.771973,-14.892578,4.943848
6691,0.779297,-0.556641,0.149902,-56.152344,-31.433105,-0.122070
6692,0.814453,-0.589844,0.168457,-56.457520,-46.264648,-5.981445
6693,0.901855,-0.630859,0.158691,-52.185059,-67.504883,-17.150879
6694,0.937988,-0.687012,0.158203,-49.072266,-70.922852,-24.902344
6695,0.984375,-0.748047,0.125488,-41.625977,-71.105957,-37.231445
6696,1.106445,-0.804688,0.099121,-12.390137,-67.626953,-64.331055
6697,1.155273,-0.836426,0.103027,2.502441,-65.307617,-74.829102
6698,1.181152,-0.879395,0.121582,15.136719,-64.208984,-86.853027
6699,1.257812,-0.953125,0.123535,29.968262,-65.124512,-118.896484
6700,1.290039,-1.013672,0.116699,27.038574,-60.729980,-134.521484
6701,1.304199,-1.068848,0.065918,17.211914,-50.964355,-148.254395
6702,1.137207,-1.116699,-0.055664,-19.226074,-5.432129,-151.733398
6703,0.985840,-1.145996,-0.139648,-41.809082,27.770996,-146.301270
6704,0.836914,-1.114258,-0.230469,-59.448242,63.049316,-134.155273
6705,0.604492,-0.980957,-0.191895,-69.274902,102.294922,-80.261230
6706,0.504883,-0.920898,-0.140137,-60.668945,95.703125,-47.363281
6707,0.451660,-0.838379,-0.058105,-41.748047,72.937012,-14.404297
6708,0.543945,-0.701660,0.045410,20.446777,-4.882812,45.837402
6709,0.607422,-0.685547,0.047852,54.992676,-45.654297,67.443848
6710,0.635742,-0.687988,0.015137,87.585449,-79.589844,77.697754
6711,0.656250,-0.652832,-0.031738,117.614746,-101.989746,78.002930
6712,0.630859,-0.513672,-0.009277,165.832520,-121.948242,63.964844
6713,0.581055,-0.441406,0.012695,177.551270,-123.962402,54.382324
6714,0.498535,-0.341309,0.050293,173.828125,-114.379883,30.700684
6715,0.471191,-0.314941,0.053711,158.691406,-102.478027,17.700195
6716,0.462891,-0.302734,0.038086,136.657715,-85.754395,6.347656
6717,0.451172,-0.306641,0.018066,108.947754,-64.025879,-2.502441
6718,0.434082,-0.315430,-0.047852,50.354004,-13.183594,-10.314941
6719,0.433105,-0.344727,-0.054199,25.817871,8.850098,-11.535645
6720,0.431641,-0.381348,-0.018066,5.615234,23.986816,-12.634277
6721,0.458496,-0.464844,0.037598,-25.329590,28.747559,-18.981934
6722,0.472656,-0.505859,0.046387,-34.545898,23.803711,-22.155762
6723,0.493164,-0.551758,0.047363,-41.015625,18.310547,-25.817871
6724,0.552246,-0.612305,0.038086,-48.156738,14.953613,-31.738281
6725,0.566406,-0.642090,0.048828,-50.903320,15.930176,-33.081055
6726,0.581055,-0.677734,0.053223,-50.659180,17.333984,-33.508301
6727,0.601074,-0.706055,0.036621,-45.104980,18.981934,-31.311035
6728,0.624023,-0.707031,0.003906,-22.521973,24.108887,-16.967773
6729,0.636719,-0.746094,0.003906,-12.329102,26.916504,-10.253906
6730,0.649902,-0.849609,-0.020508,16.845703,25.085449,-11.535645
6731,0.692871,-0.806641,-0.053223,37.902832,25.268555,-14.770508
6732,0.674805,-0.808105,-0.042969,53.161621,26.489258,-17.700195
6733,0.697266,-0.802734,-0.023926,58.349609,29.418945,-20.446777
6734,0.748047,-0.866211,0.015625,53.833008,28.076172,-17.333984
6735,0.803223,-0.864258,-0.022461,45.227051,26.245117,-8.422852
6736,0.836426,-0.873535,-0.026855,32.226562,28.381348,8.850098
6737,0.877930,-0.996582,-0.024414,-10.253906,37.780762,43.334961
6738,0.988770,-1.073730,0.017578,-33.813477,37.780762,52.856445
6739,1.092773,-1.158203,0.024902,-47.607422,33.630371,56.213379
6740,1.082520,-1.237305,0.067871,-51.940918,19.104004,28.503418
6741,1.035156,-1.163086,0.014160,-51.452637,28.015137,6.164551
6742,0.941406,-1.069336,0.026855,-57.800293,48.522949,-11.230469
6743,0.794922,-0.950195,0.023438,-88.745117,97.290039,-24.658203
6744,0.796387,-0.879395,0.061523,-108.154297,112.854004,-18.066406
6745,0.758301,-0.817383,0.088867,-130.737305,120.483398,-6.103516
6746,0.682617,-0.888672,0.079102,-162.902832,121.093750,14.404297
6747,0.706543,-0.933105,0.070312,-156.921387,105.712891,20.385742
6748,0.715332,-0.949219,0.104492,-143.066406,81.481934,25.756836
6749,0.722168,-0.918945,0.259766,-111.877441,16.235352,32.653809
6750,0.701660,-0.905762,0.248535,-93.994141,-13.427734,35.156250
6751,0.645020,-0.813477,0.220215,-55.358887,-46.325684,41.931152
6752,0.608887,-0.752441,0.243164,-38.635254,-52.490234,50.415039
6753,0.591309,-0.641113,0.257812,-8.789062,-55.725098,74.768066
6754,0.594238,-0.596191,0.243652,6.530762,-54.931641,87.829590
6755,0.605469,-0.564941,0.229004,21.057129,-51.147461,99.731445
6756,0.616699,-0.539062,0.200195,33.874512,-44.433594,108.520508
6757,0.638672,-0.481934,0.138184,58.959961,-27.343750,112.976074
6758,0.638672,-0.451660,0.127930,70.373535,-20.324707,109.313965
6759,0.640625,-0.421875,0.120605,79.162598,-15.258789,103.210449
6760,0.647949,-0.407715,0.120605,84.228516,-11.718750,95.336914
6761,0.658691,-0.376953,0.089355,76.049805,-4.882812,79.528809
6762,0.668945,-0.368164,0.068848,64.331055,1.159668,72.204590
6763,0.666504,-0.414062,0.058105,36.010742,10.925293,53.100586
6764,0.660645,-0.428711,0.072266,21.789551,10.498047,40.954590
6765,0.652344,-0.441895,0.059570,11.413574,6.225586,29.113770
6766,0.658203,-0.454590,0.068359,5.187988,-1.403809,18.371582
6767,0.727539,-0.485840,0.114258,-9.887695,-22.644043,1.953125
6768,0.769531,-0.517090,0.112793,-20.385742,-30.334473,-4.638672
6769,0.820801,-0.567871,0.094727,-30.151367,-33.508301,-11.657715
6770,0.897949,-0.668457,0.021973,-35.888672,-29.785156,-33.386230
6771,0.905762,-0.691895,-0.000488,-29.846191,-24.230957,-47.668457
6772,0.914551,-0.699707,-0.012207,-21.789551,-17.272949,-60.913086
6773,0.906738,-0.711914,-0.034180,-15.380859,-9.460449,-69.519043
6774,0.900391,-0.764648,-0.070801,-13.366699,5.310059,-76.477051
6775,0.960938,-0.841309,-0.078613,-15.014648,6.164551,-83.129883
6776,1.031250,-0.929199,-0.056152,-13.610840,-3.906250,-95.031738
6777,1.117188,-1.102051,-0.002930,-5.187988,-50.354004,-130.432129
6778,1.066895,-1.155273,0.062988,3.112793,-79.772949,-148.132324
6779,1.065430,-1.235352,-0.041504,9.216309,-100.646973,-162.841797
6780,1.023926,-1.256836,-0.041504,13.610840,-106.567383,-176.940918
6781,0.939941,-1.156250,-0.053223,-4.577637,-77.514648,-176.940918
6782,0.847656,-1.103027,-0.011230,-25.512695,-46.813965,-162.780762
6783,0.795410,-1.051758,0.021484,-54.016113,-15.808105,-140.441895
6784,0.703613,-0.961914,0.003906,-101.196289,33.447266,-72.631836
6785,0.639160,-0.947266,-0.032227,-105.224609,48.034668,-36.193848
6786,0.615723,-0.915039,-0.021484,-94.848633,52.185059,-3.112793
6787,0.629395,-0.867676,0.014160,-40.466309,28.442383,49.926758
6788,0.631348,-0.825684,0.012207,-2.868652,7.324219,66.284180
6789,0.619141,-0.770020,0.020996,39.733887,-16.784668,74.890137
6790,0.542480,-0.633789,0.055176,127.746582,-69.274902,71.960449
6791,0.516113,-0.552734,0.056152,163.024902,-89.843750,63.354492
6792,0.490234,-0.469727,0.047852,187.927246,-103.820801,53.466797
6793,0.441406,-0.333008,0.037109,202.148438,-107.727051,32.653809
6794,0.412598,-0.294922,0.052734,191.833496,-101.135254,21.850586
6795,0.401855,-0.261719,0.048828,172.241211,-90.026855,12.145996
6796,0.391602,-0.287109,0.025391,118.591309,-55.236816,-4.089355
6797,0.400391,-0.314941,-0.009277,90.270996,-36.499023,-11.779785
6798,0.412109,-0.335449,-0.052246,63.781738,-15.747070,-16.052246
6799,0.395996,-0.355957,-0.041504,39.123535,3.417969,-17.456055
6800,0.397949,-0.398438,0.031738,-6.469727,23.132324,-16.418457
6801,0.412598,-0.443848,0.045898,-25.390625,24.169922,-16.235352
6802,0.429688,-0.492188,0.046875,-39.672852,21.850586,-17.700195
6803,0.492188,-0.562012,0.075684,-55.786133,13.732910,-22.338867
6804,0.534180,-0.615723,0.077148,-60.119629,9.399414,-23.010254
6805,0.570801,-0.651855,0.067871,-62.500000,7.324219,-23.010254
6806,0.604004,-0.729492,0.025391,-51.757812,10.803223,-21.972656
6807,0.619141,-0.770020,0.018555,-37.963867,13.793945,-23.010254
6808,0.639160,-0.801758,0.018066,-22.338867,17.578125,-24.475098
6809,0.642090,-0.809570,-0.005859,10.559082,28.442383,-26.977539
6810,0.641113,-0.815430,-0.012207,23.803711,34.912109,-25.756836
6811,0.670410,-0.827148,-0.017578,32.165527,39.184570,-22.644043
6812,0.747070,-0.868164,-0.056641,37.109375,40.100098,-8.850098
6813,0.775879,-0.917969,-0.064453,35.766602,40.405273,-1.159668
6814,0.830566,-0.978027,-0.052246,34.240723,37.170410,3.845215
6815,1.114258,-1.120117,0.035156,24.780273,12.756348,10.131836
6816,1.194336,-1.162109,0.062500,13.916016,-1.159668,8.300781
6817,1.230469,-1.208984,0.042480,0.549316,-4.699707,2.502441
6818,1.204590,-1.228516,-0.076660,-22.583008,26.489258,-12.695312
6819,1.061523,-1.151367,-0.063965,-29.479980,52.490234,-16.540527
6820,0.929199,-1.068359,-0.013184,-36.621094,73.974609,-15.991211
6821,0.773438,-0.917480,0.108398,-57.617188,88.439941,4.211426
6822,0.724121,-0.859863,0.159180,-67.138672,80.017090,20.019531
6823,0.715820,-0.807129,0.200195,-77.270508,66.955566,37.231445
6824,0.760254,-0.860840,0.125977,-83.068848,40.100098,65.429688
6825,0.825684,-0.864258,0.174316,-63.415527,6.042480,74.157715
6826,0.806152,-0.847168,0.207520,-50.659180,-12.145996,73.059082
6827,0.789551,-0.812500,0.225098,-38.269043,-26.489258,70.617676
6828,0.723633,-0.711426,0.236328,-15.563965,-36.804199,71.105957
6829,0.686035,-0.657715,0.229980,-4.821777,-31.311035,74.035645
6830,0.649414,-0.608398,0.237793,6.225586,-21.789551,78.613281
6831,0.624023,-0.560547,0.263184,14.953613,-11.169434,84.472656
6832,0.604980,-0.497070,0.243164,27.465820,5.798340,95.397949
6833,0.605957,-0.475586,0.190918,33.935547,12.023926,97.839355
6834,0.578613,-0.427734,0.094727,49.072266,25.817871,96.313477
6835,0.575195,-0.396973,0.090332,53.466797,31.494141,90.393066
6836,0.564941,-0.361328,0.083984,54.382324,34.606934,82.275391
6837,0.566406,-0.340332,0.080078,51.391602,35.705566,72.875977
6838,0.596680,-0.347656,0.076660,37.841797,30.944824,51.879883
6839,0.603027,-0.366699,0.083008,28.076172,25.512695,38.818359
6840,0.603516,-0.393066,0.072754,17.639160,18.981934,25.085449
6841,0.616699,-0.419434,0.072266,4.272461,1.098633,1.525879
6842,0.625488,-0.422363,0.101562,-1.586914,-10.314941,-6.042480
6843,0.664551,-0.438477,0.119141,-9.399414,-21.362305,-10.131836
6844,0.785645,-0.524902,0.106934,-24.780273,-36.499023,-14.221191
6845,0.838379,-0.570312,0.118652,-30.944824,-40.710449,-18.188477
6846,0.886230,-0.601562,0.134766,-37.292480,-43.518066,-24.353027
6847,0.951172,-0.675781,0.124512,-47.363281,-39.245605,-41.320801
6848,0.954102,-0.727051,0.098145,-46.264648,-33.874512,-54.077148
6849,0.980469,-0.754883,0.084961,-39.001465,-28.930664,-68.237305
6850,1.075195,-0.831543,0.039062,-21.240234,-18.676758,-91.247559
6851,1.131836,-0.887207,-0.004395,-18.798828,-12.207031,-96.191406
6852,1.195312,-0.929688,-0.039551,-20.812988,-7.324219,-98.510742
6853,1.240723,-1.010742,-0.041016,-25.329590,-6.103516,-100.646973
6854,1.242188,-1.132324,-0.048340,-41.198730,-11.779785,-119.750977
6855,1.236816,-1.176758,-0.096680,-49.865723,-8.972168,-133.422852
6856,1.058105,-1.167480,-0.049805,-69.335938,1.892090,-153.503418
6857,0.933594,-1.140625,-0.043457,-75.683594,16.235352,-155.212402
6858,0.870605,-1.076660,-0.083496,-80.993652,37.536621,-152.465820
6859,0.804688,-1.025391,-0.032227,-83.862305,57.006836,-140.686035
6860,0.621582,-0.961914,0.010254,-84.716797,60.241699,-92.407227
6861,0.537109,-0.922363,-0.045410,-74.523926,53.039551,-58.776855
6862,0.479980,-0.887207,-0.049805,-55.908203,41.931152,-25.817871
6863,0.508301,-0.776855,0.048828,-6.774902,-1.892090,35.034180
6864,0.553223,-0.715820,0.064941,13.977051,-30.883789,61.523438
6865,0.578613,-0.667969,0.041992,30.456543,-54.931641,83.312988
6866,0.593262,-0.592773,0.029297,60.241699,-82.275391,102.844238
6867,0.572266,-0.567871,0.066895,76.599121,-93.627930,102.478027
6868,0.541992,-0.456055,0.099121,112.487793,-112.792969,83.618164
6869,0.515625,-0.380371,0.143066,122.131348,-116.821289,71.777344
6870,0.482910,-0.329102,0.155273,123.107910,-114.746094,59.204102
6871,0.467773,-0.303711,0.114746,118.469238,-105.407715,45.410156
6872,0.473145,-0.327148,0.051270,102.722168,-65.673828,17.333984
6873,0.460449,-0.329590,0.068848,91.003418,-41.870117,3.417969
6874,0.455078,-0.352051,0.055664,56.518555,1.403809,-14.892578
6875,0.467773,-0.375488,0.053223,37.841797,18.981934,-19.226074
6876,0.500488,-0.413086,0.031738,20.202637,33.203125,-19.897461
6877,0.501465,-0.475098,0.007812,4.272461,45.776367,-16.601562
6878,0.468262,-0.590820,-0.037109,-15.258789,60.546875,-7.324219
6879,0.463379,-0.621094,-0.015625,-18.920898,58.227539,-5.187988
6880,0.450195,-0.666016,0.068359,-19.592285,31.250000,-6.958008
6881,0.468262,-0.665527,0.085938,-15.808105,11.718750,-9.399414
6882,0.497559,-0.669434,0.078613,-8.972168,-6.225586,-10.986328
6883,0.584473,-0.708008,0.068848,4.699707,-22.949219,-15.014648
6884,0.642090,-0.709961,0.053223,9.643555,-22.949219,-16.235352
6885,0.673828,-0.715820,0.025391,13.977051,-16.540527,-15.502930
6886,0.668457,-0.728027,-0.001953,17.761230,-5.493164,-13.671875
6887,0.677734,-0.779297,-0.041992,28.137207,22.705078,-13.366699
6888,0.687988,-0.812012,-0.032227,33.447266,30.029297,-15.014648
6889,0.698242,-0.842285,-0.004395,36.254883,31.921387,-18.005371
6890,0.778320,-0.878418,-0.009277,33.264160,26.550293,-25.390625
6891,0.814453,-0.913574,-0.029297,27.526855,24.536133,-27.709961
6892,0.861328,-0.964355,-0.015625,19.958496,21.423340,-29.296875
6893,0.998047,-1.050781,0.078613,-2.563477,9.033203,-24.291992
6894,1.054688,-1.096680,0.095215,-15.075684,5.249023,-20.568848
6895,1.076172,-1.155762,0.091797,-26.306152,6.652832,-20.751953
6896,1.053223,-1.139160,0.095215,-38.330078,26.062012,-29.663086
6897,0.955078,-1.069824,0.088867,-43.334961,43.273926,-34.301758
6898,0.849121,-0.985352,0.062012,-50.720215,66.467285,-36.621094
6899,0.732422,-0.877441,0.127930,-75.683594,100.036621,-19.104004
6900,0.700195,-0.815918,0.167480,-92.773438,103.271484,1.037598
6901,0.728516,-0.786621,0.144043,-132.141113,98.937988,45.288086
6902,0.742676,-0.880371,0.049805,-136.352539,96.801758,61.584473
6903,0.750977,-0.919434,0.045898,-126.525879,89.721680,68.908691
6904,0.749023,-0.927734,0.227539,-90.576172,48.706055,71.655273
6905,0.732422,-0.881348,0.301270,-71.044922,16.052246,70.312500
6906,0.713379,-0.827637,0.311035,-28.564453,-38.940430,73.120117
6907,0.662598,-0.764648,0.292969,-10.192871,-53.527832,75.561523
6908,0.640625,-0.734863,0.272949,8.300781,-58.715820,77.575684
6909,0.623535,-0.693359,0.264160,28.686523,-56.762695,78.796387
6910,0.595215,-0.544922,0.277344,62.561035,-40.832520,83.374023
6911,0.594727,-0.483398,0.266113,71.411133,-29.113770,87.219238
6912,0.614746,-0.467285,0.221191,76.782227,-16.906738,89.538574
6913,0.634766,-0.451660,0.127930,84.045410,3.234863,81.970215
6914,0.638672,-0.420410,0.108887,84.350586,10.742188,75.073242
6915,0.641602,-0.400879,0.102539,67.565918,18.493652,60.302734
6916,0.639160,-0.359375,0.077148,50.231934,20.751953,53.344727
6917,0.637695,-0.354980,0.057617,30.456543,23.193359,45.715332
6918,0.636230,-0.374512,0.054688,9.521484,25.085449,37.170410
6919,0.609375,-0.448730,0.067871,-22.277832,19.165039,13.061523
6920,0.606934,-0.461426,0.095703,-31.738281,9.338379,1.464844
6921,0.609863,-0.471680,0.126953,-36.315918,-4.516602,-6.042480
6922,0.666504,-0.528809,0.165527,-34.179688,-34.240723,-11.657715
6923,0.722656,-0.570312,0.172363,-29.907227,-47.363281,-14.099121
6924,0.776367,-0.612793,0.167969,-24.291992,-58.044434,-18.005371
6925,0.831543,-0.660156,0.176758,-18.005371,-64.941406,-24.230957
6926,0.902832,-0.712891,0.141602,-4.821777,-64.514160,-45.043945
6927,0.937988,-0.730957,0.124023,0.854492,-59.936523,-54.992676
6928,0.953125,-0.734863,0.109375,2.990723,-43.762207,-69.519043
6929,1.016113,-0.775879,0.062012,1.342773,-33.142090,-75.500488
6930,1.051270,-0.828613,0.045898,-1.342773,-24.108887,-82.092285
6931,1.093262,-0.880371,0.067383,-5.493164,-20.202637,-90.515137
6932,1.137207,-0.977539,0.049805,-6.713867,-28.442383,-111.938477
6933,1.138672,-1.054688,0.057617,-4.699707,-33.874512,-125.000000
6934,1.141113,-1.087891,0.072754,-5.187988,-38.146973,-139.282227
6935,1.116699,-1.054688,0.095215,-10.253906,-37.231445,-149.963379
6936,0.979980,-1.039551,0.077637,-34.301758,-28.564453,-157.653809
6937,0.905273,-0.988281,0.037109,-51.879883,-4.211426,-153.442383
6938,0.746582,-0.953613,0.041016,-98.022461,49.011230,-125.915527
6939,0.689453,-0.921387,0.013184,-114.990234,63.903809,-102.050781
6940,0.613770,-0.905762,-0.031738,-119.995117,71.044922,-73.181152
6941,0.521973,-0.882324,0.002930,-95.336914,57.678223,-13.977051
6942,0.553223,-0.840820,0.021484,-70.129395,36.743164,17.150879
6943,0.594238,-0.808105,0.013672,-41.809082,11.718750,49.438477
6944,0.614258,-0.777344,0.003906,23.437500,-37.170410,95.581055
6945,0.614746,-0.743164,0.020020,58.959961,-60.424805,104.858398
6946,0.614258,-0.683105,0.027344,94.787598,-82.214355,106.445312
6947,0.617676,-0.627441,0.034668,127.807617,-100.158691,101.806641
6948,0.576172,-0.502930,0.052734,164.733887,-117.431641,80.017090
6949,0.558594,-0.470703,0.003906,169.189453,-112.182617,66.101074
6950,0.532715,-0.457520,-0.038086,167.541504,-99.182129,50.537109
6951,0.459961,-0.390137,-0.061035,145.629883,-63.598633,24.414062
6952,0.424316,-0.370605,-0.051758,127.197266,-46.508789,17.089844
6953,0.407715,-0.354004,-0.035645,105.651855,-32.104492,11.718750
6954,0.406250,-0.322754,-0.006836,80.749512,-19.958496,10.620117
6955,0.425781,-0.348145,0.035156,26.000977,-4.211426,16.235352
6956,0.436035,-0.396484,0.048828,2.014160,0.671387,18.554688
6957,0.460938,-0.443848,0.060547,-18.127441,4.882812,17.578125
6958,0.536621,-0.532715,0.051270,-44.128418,15.014648,12.207031
6959,0.542480,-0.579590,0.055176,-49.133301,20.385742,6.469727
6960,0.553223,-0.591797,0.085449,-46.203613,24.780273,-4.699707
6961,0.542969,-0.586914,0.103027,-43.212891,23.986816,-7.934570
6962,0.539551,-0.583496,0.110840,-38.635254,21.850586,-10.375977
6963,0.552246,-0.593750,0.107910,-30.334473,17.944336,-12.023926
6964,0.569336,-0.672363,0.121094,-7.324219,9.826660,-14.831543
6965,0.591797,-0.702637,0.118652,7.202148,8.361816,-17.761230
6966,0.614746,-0.712402,0.106445,22.644043,10.131836,-18.554688
6967,0.682617,-0.802246,0.067383,45.959473,21.606445,-14.465332
6968,0.730957,-0.837402,0.044922,51.269531,26.062012,-14.038086
6969,0.750000,-0.885742,0.015137,58.593750,27.770996,-12.573242
6970,0.810059,-1.013184,0.064941,84.106445,11.779785,-14.404297
6971,0.882324,-1.053711,0.085449,96.679688,-7.202148,-17.028809
6972,0.976074,-1.071777,0.092285,103.393555,-28.015137,-18.981934
6973,1.069336,-1.091797,0.051270,101.684570,-41.564941,-20.935059
6974,1.201172,-1.087891,0.150879,77.575684,-39.062500,-30.090332
6975,1.198242,-1.056641,0.146973,13.305664,-4.699707,-48.828125
6976,1.085449,-0.992188,0.103516,-21.423340,31.433105,-55.175781
6977,0.948730,-0.916992,0.137695,-52.612305,71.777344,-56.213379
6978,0.796387,-0.846191,0.161133,-108.703613,128.234863,-25.512695
6979,0.701172,-0.795410,0.175293,-131.103516,143.005371,-0.427246
6980,0.669434,-0.751953,0.200195,-147.155762,143.432617,22.827148
6981,0.676270,-0.835938,0.246582,-141.235352,95.642090,55.297852
6982,0.684570,-0.919434,0.208496,-115.661621,55.541992,59.631348
6983,0.712891,-0.925781,0.260742,-82.885742,11.230469,57.678223
6984,0.744629,-0.806152,0.305664,-33.508301,-58.166504,55.297852
6985,0.727051,-0.748535,0.279297,-20.141602,-74.768066,55.480957
6986,0.707520,-0.684570,0.273438,-11.596680,-79.589844,57.067871
6987,0.643555,-0.574707,0.254883,-3.906250,-65.734863,60.058594
6988,0.635254,-0.526855,0.239746,-4.455566,-50.903320,63.537598
6989,0.625488,-0.499512,0.205078,-4.089355,-33.081055,67.077637
6990,0.618164,-0.482910,0.168457,-0.610352,-14.160156,68.847656
6991,0.607910,-0.446777,0.142578,12.634277,17.700195,63.415527
6992,0.596191,-0.420898,0.130859,16.784668,28.259277,57.250977
6993,0.574219,-0.419434,0.077148,23.010254,43.945312,41.137695
6994,0.565430,-0.420898,0.077148,21.850586,49.072266,30.700684
6995,0.570801,-0.416504,0.075684,17.028809,51.330566,19.958496
6996,0.575684,-0.406250,0.083496,8.605957,51.879883,9.765625
6997,0.611328,-0.427246,0.076660,-17.211914,49.438477,-1.220703
6998,0.603027,-0.447754,0.071289,-29.785156,45.715332,-2.014160
6999,0.601074,-0.472656,0.076172,-40.771484,39.916992,-1.831055
7000,0.630859,-0.515137,0.123535,-57.434082,17.150879,-2.197266
7001,0.672363,-0.526855,0.148438,-63.171387,-0.244141,-1.831055
7002,0.722656,-0.560059,0.168945,-67.504883,-18.249512,-1.220703
7003,0.777344,-0.604004,0.173828,-71.166992,-33.996582,-2.258301
7004,0.903320,-0.662598,0.151855,-70.373535,-56.762695,-9.033203
7005,0.955078,-0.728516,0.155273,-64.941406,-63.354492,-15.380859
7006,0.996582,-0.794922,0.149902,-58.349609,-66.223145,-26.306152
7007,0.993164,-0.804199,0.097168,-27.893066,-61.279297,-54.931641
7008,1.008789,-0.774414,0.095703,-8.422852,-54.260254,-65.185547
7009,1.041016,-0.786133,0.098145,6.958008,-46.813965,-69.824219
7010,1.089355,-0.824707,0.084473,15.319824,-39.672852,-71.716309
7011,1.175293,-0.922363,0.046875,24.108887,-34.912109,-81.665039
7012,1.227539,-1.000977,0.086426,23.254395,-40.161133,-90.026855
7013,1.254395,-1.085938,0.083496,16.113281,-47.180176,-102.539062
7014,1.220215,-1.159180,0.060547,5.859375,-48.461914,-118.530273
7015,1.072754,-1.170898,-0.036621,-12.878418,-31.005859,-147.338867
7016,0.976074,-1.098145,-0.035645,-26.916504,-0.183105,-154.479980
7017,0.788574,-0.940918,-0.009766,-69.885254,62.194824,-136.169434
7018,0.700684,-0.893555,-0.055176,-83.190918,82.946777,-108.825684
7019,0.597656,-0.863281,-0.077637,-84.655762,94.055176,-74.645996
7020,0.496094,-0.808594,-0.080078,-74.645996,94.299316,-37.414551
7021,0.441895,-0.751953,-0.051758,-53.161621,81.970215,0.976562
7022,0.474609,-0.664062,0.002441,9.277344,25.024414,69.763184
7023,0.495605,-0.640137,0.027832,45.776367,-12.390137,94.238281
7024,0.539062,-0.567871,0.035156,121.887207,-85.937500,118.347168
7025,0.558594,-0.544434,0.045410,156.311035,-114.746094,119.018555
7026,0.563477,-0.494141,0.062500,183.105469,-135.986328,113.342285
7027,0.572266,-0.410645,0.088867,198.364258,-147.460938,96.130371
7028,0.549805,-0.315430,0.036133,188.171387,-132.507324,85.449219
7029,0.538574,-0.313477,0.055664,172.241211,-114.013672,70.983887
7030,0.523438,-0.313477,0.054688,123.657227,-70.190430,40.466309
7031,0.519043,-0.320312,0.048828,94.604492,-44.799805,28.503418
7032,0.499023,-0.321289,0.040527,65.307617,-19.531250,23.010254
7033,0.474609,-0.341797,0.030273,38.757324,4.150391,22.583008
7034,0.418457,-0.472168,0.036133,0.427246,35.583496,23.498535
7035,0.454590,-0.472168,0.034668,-10.131836,42.053223,23.132324
7036,0.461914,-0.520996,0.050293,-15.197754,41.076660,23.254395
7037,0.506348,-0.620117,0.066406,-15.930176,22.888184,8.544922
7038,0.525879,-0.630859,0.089355,-13.793945,11.291504,-0.732422
7039,0.553711,-0.632812,0.096191,-12.573242,1.708984,-8.605957
7040,0.601074,-0.678711,0.067383,-8.178711,0.488281,-16.418457
7041,0.601074,-0.699707,0.059082,-2.197266,8.422852,-17.517090
7042,0.585938,-0.711914,0.057617,6.652832,19.104004,-18.188477
7043,0.572266,-0.703613,0.059570,27.587891,35.766602,-17.822266
7044,0.549316,-0.715332,0.057617,35.644531,38.208008,-17.333984
7045,0.545410,-0.730957,0.037109,42.663574,36.987305,-18.066406
7046,0.540039,-0.780273,0.080566,51.818848,21.972656,-20.263672
7047,0.623535,-0.840332,0.013672,50.109863,13.916016,-21.789551
7048,0.671387,-0.888672,0.024414,34.179688,7.995605,-30.639648
7049,0.708984,-0.936523,0.050293,22.277832,6.591797,-36.254883
7050,0.754395,-0.938477,0.090332,9.948730,5.737305,-38.024902
7051,0.908691,-1.054199,0.193359,-18.310547,-6.347656,-39.428711
7052,0.992676,-1.075684,0.182617,-30.395508,-13.854980,-39.916992
7053,1.048340,-1.204590,0.156738,-47.363281,-5.615234,-44.311523
7054,1.074219,-1.224121,0.131836,-49.743652,7.995605,-48.339844
7055,0.997559,-1.216309,0.075684,-46.691895,28.198242,-49.438477
7056,0.854004,-1.140625,0.103027,-36.315918,72.937012,-42.358398
7057,0.815430,-1.040039,0.171387,-40.588379,81.359863,-26.489258
7058,0.774414,-0.971191,0.190430,-49.011230,82.092285,-7.263184
7059,0.754883,-0.887695,0.254395,-76.782227,81.909180,27.709961
7060,0.746094,-0.915039,0.247070,-85.510254,78.125000,39.550781
7061,0.789062,-0.925781,0.284668,-86.303711,64.636230,47.790527
7062,0.807617,-0.892090,0.364258,-77.392578,19.958496,60.424805
7063,0.791016,-0.870605,0.360840,-67.749023,-0.732422,65.612793
7064,0.724121,-0.801270,0.358398,-44.799805,-22.888184,73.974609
7065,0.683594,-0.748047,0.347656,-30.944824,-26.855469,78.796387
7066,0.638184,-0.686523,0.346191,-15.869141,-27.099609,85.266113
7067,0.606934,-0.568359,0.287109,15.930176,-19.897461,99.121094
7068,0.617676,-0.551270,0.237793,28.747559,-11.840820,105.163574
7069,0.633301,-0.544434,0.173340,38.635254,-1.708984,108.032227
7070,0.624512,-0.449219,0.078613,51.269531,16.540527,106.506348
7071,0.615234,-0.413086,0.061523,52.490234,24.353027,103.454590
7072,0.606934,-0.385254,0.063965,46.386719,30.395508,95.336914
7073,0.616699,-0.324707,0.034180,18.859863,36.621094,67.626953
7074,0.604004,-0.327148,0.030762,1.342773,38.085938,52.551270
7075,0.590332,-0.331543,0.044434,-16.540527,38.269043,37.353516
7076,0.600586,-0.331055,0.069824,-33.203125,35.583496,24.291992
7077,0.617188,-0.385742,0.085449,-57.739258,21.850586,7.324219
7078,0.638672,-0.408203,0.103516,-68.786621,15.014648,3.601074
7079,0.700195,-0.476562,0.117188,-87.890625,3.540039,9.216309
7080,0.765625,-0.556152,0.110352,-89.416504,-3.540039,13.488770
7081,0.821777,-0.632812,0.115234,-81.298828,-12.573242,11.901855
7082,0.874512,-0.687012,0.150391,-67.626953,-23.315430,3.479004
7083,0.992188,-0.756836,0.183105,-38.757324,-46.875000,-24.719238
7084,1.035645,-0.788086,0.158691,-24.963379,-56.213379,-41.381836
7085,1.045898,-0.784180,0.119141,-12.207031,-59.753418,-57.373047
7086,1.006836,-0.727539,0.001465,2.319336,-44.128418,-78.979492
7087,1.016602,-0.730469,-0.029297,7.080078,-30.700684,-83.618164
7088,1.027832,-0.748535,-0.002441,9.460449,-21.911621,-87.829590
7089,1.062012,-0.849609,0.046875,12.329102,-28.137207,-102.050781
7090,1.122559,-0.933594,0.054688,18.127441,-41.625977,-117.553711
7091,1.186035,-1.025391,0.037598,22.644043,-53.405762,-137.207031
7092,1.204590,-1.125000,-0.026855,23.437500,-55.175781,-161.987305
7093,1.157715,-1.163086,-0.091309,20.629883,-46.142578,-186.706543
7094,0.896484,-1.080566,0.060059,-8.850098,0.244141,-207.275391
7095,0.807129,-1.048340,0.032227,-38.269043,14.709473,-201.721191
7096,0.682129,-0.962891,-0.004883,-94.299316,60.058594,-155.578613
7097,0.603027,-0.983398,0.018066,-112.792969,72.448730,-125.305176
7098,0.521484,-0.993164,0.030762,-116.088867,71.289062,-92.224121
7099,0.461426,-0.946777,0.011230,-103.332520,58.044434,-56.579590
7100,0.465820,-0.875488,-0.005859,-39.978027,6.896973,22.216797
7101,0.497070,-0.865234,0.029785,1.159668,-28.869629,54.565430
7102,0.552246,-0.774414,0.084473,76.354980,-104.187012,91.735840
7103,0.565918,-0.718262,0.093750,108.825684,-134.460449,99.304199
7104,0.572266,-0.666992,0.103027,135.864258,-157.470703,101.196289
7105,0.583984,-0.572754,0.089844,168.212891,-174.377441,91.369629
7106,0.575684,-0.511230,0.077148,175.170898,-168.334961,80.810547
7107,0.574219,-0.451172,0.086426,174.865723,-154.357910,68.664551
7108,0.579102,-0.396484,0.034180,166.442871,-133.300781,56.335449
7109,0.537109,-0.362793,0.109375,132.995605,-79.956055,29.418945
7110,0.514648,-0.354980,0.114746,108.215332,-55.603027,17.456055
7111,0.491699,-0.357910,0.021484,55.908203,-1.525879,2.624512
7112,0.473145,-0.367188,0.027344,32.470703,21.789551,0.732422
7113,0.468262,-0.381348,0.018555,9.948730,40.222168,2.075195
7114,0.461914,-0.466797,0.034668,-21.362305,55.114746,1.159668
7115,0.473145,-0.490234,0.052734,-28.137207,51.086426,-2.624512
7116,0.486328,-0.518066,0.078613,-32.165527,41.381836,-6.774902
7117,0.506348,-0.552734,0.069824,-35.400391,31.127930,-10.620117
7118,0.531738,-0.622559,0.004395,-27.770996,19.714355,-15.136719
7119,0.528320,-0.638672,-0.004883,-16.235352,15.808105,-13.488770
7120,0.531738,-0.631836,0.007812,10.498047,6.652832,-8.666992
7121,0.557129,-0.628418,0.041504,23.254395,1.831055,-5.859375
7122,0.586426,-0.633789,0.048340,35.217285,-3.784180,-5.432129
7123,0.595215,-0.682129,0.045898,44.189453,-6.958008,-8.483887
7124,0.678223,-0.705078,0.000000,49.255371,-2.136230,-22.338867
7125,0.710449,-0.758301,-0.024414,45.898438,8.056641,-30.212402
7126,0.763672,-0.814941,0.021973,27.160645,27.526855,-44.494629
7127,0.793457,-0.834473,0.027832,11.779785,35.949707,-45.898438
7128,0.806641,-0.876465,0.041504,-6.347656,44.067383,-42.907715
7129,0.855957,-0.969727,0.064453,-36.560059,53.039551,-31.677246
7130,0.904297,-1.024414,0.089355,-46.325684,51.025391,-25.146484
7131,0.970703,-1.071777,0.114746,-50.048828,45.410156,-20.874023
7132,1.058594,-1.164551,0.108398,-45.776367,41.259766,-25.512695
7133,1.106934,-1.160645,0.139648,-41.870117,42.724609,-30.212402
7134,1.093750,-1.139160,0.093262,-40.649414,49.377441,-34.484863
7135,0.865234,-1.057129,-0.068848,-39.611816,96.191406,-40.039062
7136,0.764160,-0.989746,-0.025879,-42.297363,116.210938,-34.057617
7137,0.707520,-0.932129,0.051758,-49.560547,121.704102,-18.676758
7138,0.617676,-0.831543,0.154785,-72.082520,93.505859,21.911621
7139,0.641602,-0.778320,0.152832,-88.195801,71.777344,36.560059
7140,0.664551,-0.835449,0.102051,-95.214844,52.001953,48.706055
7141,0.710938,-0.881836,0.108398,-95.703125,30.822754,52.429199
7142,0.784180,-0.874023,0.253906,-85.998535,-18.798828,54.748535
7143,0.798340,-0.840820,0.289062,-84.289551,-40.954590,56.640625
7144,0.770020,-0.806641,0.293457,-74.401855,-53.710938,66.162109
7145,0.747559,-0.782227,0.316895,-66.040039,-46.997070,72.509766
7146,0.696289,-0.748535,0.330566,-51.147461,-37.902832,80.871582
7147,0.656738,-0.708984,0.353027,-31.555176,-26.550293,88.989258
7148,0.645508,-0.621094,0.349609,11.840820,-8.361816,105.163574
7149,0.652344,-0.601074,0.309570,33.508301,-2.319336,108.825684
7150,0.665039,-0.531738,0.183105,65.551758,9.460449,102.172852
7151,0.665527,-0.498535,0.151855,75.988770,16.052246,95.520020
7152,0.665039,-0.476074,0.143555,78.002930,21.789551,86.914062
7153,0.666992,-0.445312,0.125000,71.960449,26.306152,78.002930
7154,0.669922,-0.386230,0.092773,41.503906,36.071777,64.086914
7155,0.668457,-0.386719,0.062012,20.568848,42.724609,57.617188
7156,0.674805,-0.402832,0.046875,-1.831055,49.926758,50.842285
7157,0.626465,-0.456055,0.033691,-34.545898,57.128906,34.057617
7158,0.612305,-0.465820,0.066895,-40.710449,49.987793,25.817871
7159,0.608398,-0.472656,0.094238,-38.757324,34.790039,19.042969
7160,0.661133,-0.472168,0.166504,-27.160645,-8.056641,10.681152
7161,0.701660,-0.481445,0.158691,-25.085449,-26.489258,9.033203
7162,0.753418,-0.509277,0.135742,-23.376465,-38.085938,6.408691
7163,0.799805,-0.533691,0.108887,-22.033691,-43.945312,2.258301
7164,0.872559,-0.627441,0.092285,-15.197754,-45.410156,-14.587402
7165,0.915039,-0.709961,0.068848,-7.568359,-43.884277,-31.127930
7166,0.974121,-0.734863,0.027832,18.188477,-34.301758,-73.181152
7167,0.983398,-0.732422,0.022461,27.343750,-25.695801,-91.186523
7168,1.009277,-0.759277,0.002441,30.517578,-18.981934,-102.783203
7169,1.036133,-0.825195,0.011230,13.916016,-9.460449,-105.773926
7170,1.057617,-0.866211,0.051758,-0.976562,-14.038086,-103.698730
7171,1.073242,-0.949219,0.112793,-16.052246,-25.939941,-103.149414
7172,1.104492,-1.042480,0.145020,-32.043457,-41.564941,-108.459473
7173,1.104004,-1.160156,0.111816,-56.030273,-59.509277,-129.577637
7174,1.077148,-1.169922,0.076172,-64.941406,-49.926758,-140.930176
7175,0.985840,-1.177734,0.079102,-73.608398,-30.944824,-148.498535
7176,0.802734,-1.074219,0.034180,-81.237793,3.723145,-139.465332
7177,0.722168,-1.030273,0.055664,-85.876465,24.230957,-118.591309
7178,0.653809,-0.997559,0.035156,-88.195801,37.597656,-91.369629
7179,0.542969,-0.923828,0.028320,-67.382812,35.522461,-28.259277
7180,0.554199,-0.880859,0.003418,-45.349121,23.681641,2.563477
7181,0.629395,-0.786133,-0.000977,10.437012,-10.864258,57.067871
7182,0.640625,-0.748535,-0.007812,39.489746,-28.320312,76.354980
7183,0.606934,-0.626465,-0.022461,102.844238,-59.997559,93.444824
7184,0.569336,-0.583496,0.019043,134.704590,-75.439453,90.209961
7185,0.530762,-0.521484,0.066406,155.883789,-88.867188,80.322266
7186,0.491211,-0.382812,0.065918,170.166016,-103.454590,52.124023
7187,0.470215,-0.352051,0.047363,165.222168,-101.074219,36.987305
7188,0.458496,-0.322754,0.041016,152.343750,-92.834473,22.399902
7189,0.450195,-0.294922,0.034180,104.736328,-61.523438,0.549316
7190,0.448242,-0.295410,0.036621,74.890137,-42.297363,-6.713867
7191,0.464355,-0.312500,0.030762,43.212891,-23.254395,-9.033203
7192,0.463379,-0.355469,0.004395,13.916016,-4.577637,-8.728027
7193,0.459961,-0.418945,0.023438,-32.043457,24.291992,-6.042480
7194,0.460938,-0.469238,0.062500,-47.973633,29.724121,-5.249023
7195,0.474609,-0.504395,0.088867,-59.082031,30.090332,-6.103516
7196,0.492188,-0.543945,0.088867,-64.086914,27.038574,-7.202148
7197,0.521484,-0.609375,0.083496,-57.861328,16.967773,-8.850098
7198,0.545898,-0.638184,0.083984,-48.828125,11.230469,-9.155273
7199,0.599121,-0.672852,0.043945,-22.216797,4.516602,-8.972168
7200,0.587891,-0.692383,0.035645,-3.234863,3.173828,-8.666992
7201,0.606445,-0.668457,-0.013184,39.123535,2.258301,-8.605957
7202,0.582031,-0.710449,0.039551,59.448242,2.075195,-8.911133
7203,0.604980,-0.719238,0.064941,73.059082,0.000000,-13.122559
7204,0.674805,-0.739258,0.031738,76.782227,2.929688,-18.005371
7205,0.709473,-0.767578,-0.003906,72.570801,8.605957,-20.446777
7206,0.769043,-0.872559,-0.035156,55.480957,24.353027,-27.038574
7207,0.823242,-0.884277,-0.028320,42.846680,31.188965,-30.517578
7208,0.860840,-0.885742,0.000977,25.390625,36.682129,-30.029297
7209,0.879395,-0.958008,0.020996,3.906250,38.818359,-28.808594
7210,1.017090,-1.026855,-0.031250,-21.301270,35.095215,-27.160645
7211,1.045410,-1.130371,0.024902,-22.399902,36.193848,-25.634766
7212,1.110352,-1.169922,0.170898,-19.592285,28.869629,-26.306152
7213,1.122070,-1.230469,0.097168,-13.061523,11.108398,-35.217285
7214,1.045898,-1.155273,0.056641,-11.962891,20.019531,-43.579102
7215,0.923828,-1.056152,0.050781,-17.211914,40.649414,-48.767090
7216,0.738770,-0.864746,0.147461,-44.555664,73.974609,-38.818359
7217,0.718750,-0.742188,0.183105,-63.720703,79.101562,-24.169922
7218,0.708496,-0.644531,0.251953,-92.346191,81.237793,-3.295898
7219,0.689453,-0.675781,0.237305,-120.422363,82.458496,17.822266
7220,0.721680,-0.831055,0.107910,-135.314941,71.350098,45.410156
7221,0.722168,-0.871582,0.170410,-122.192383,53.405762,53.710938
7222,0.735352,-0.900391,0.232422,-103.088379,28.015137,58.593750
7223,0.708008,-0.848633,0.293945,-46.691895,-29.724121,53.466797
7224,0.685059,-0.779297,0.301758,-18.981934,-49.560547,52.429199
7225,0.670410,-0.709961,0.324219,4.516602,-60.302734,54.077148
7226,0.639648,-0.648438,0.346191,21.545410,-64.270020,59.020996
7227,0.619629,-0.523926,0.291992,43.395996,-50.781250,71.960449
7228,0.621094,-0.489746,0.268066,52.429199,-37.170410,79.467773
7229,0.628906,-0.478027,0.191406,57.800293,-3.723145,83.312988
7230,0.630371,-0.445801,0.141602,57.128906,11.291504,80.139160
7231,0.614746,-0.420898,0.119629,54.809570,23.681641,75.866699
7232,0.604004,-0.405273,0.115234,39.367676,37.719727,63.659668
7233,0.590820,-0.389160,0.103027,27.709961,39.367676,56.640625
7234,0.594727,-0.381348,0.105957,13.305664,38.757324,50.231934
7235,0.637207,-0.395508,0.115234,-17.944336,33.508301,40.771484
7236,0.647949,-0.441406,0.115723,-31.066895,29.052734,36.437988
7237,0.664062,-0.484375,0.115723,-39.916992,22.888184,30.578613
7238,0.696289,-0.530273,0.140137,-44.799805,2.258301,17.700195
7239,0.729980,-0.565430,0.152832,-44.677734,-9.094238,11.169434
7240,0.768066,-0.584473,0.161621,-42.419434,-18.920898,3.845215
7241,0.830078,-0.583008,0.199707,-38.879395,-31.738281,-8.544922
7242,0.865234,-0.593750,0.207520,-39.367676,-34.729004,-13.366699
7243,0.904297,-0.626465,0.199219,-38.879395,-34.484863,-18.188477
7244,0.928223,-0.680664,0.168945,-34.851074,-31.433105,-25.390625
7245,0.986328,-0.739258,0.100098,-15.075684,-23.498535,-45.288086
7246,0.981445,-0.752930,0.071289,-4.394531,-17.028809,-56.518555
7247,1.009766,-0.771484,-0.002930,8.422852,0.366211,-78.247070
7248,1.057617,-0.785156,-0.018555,12.451172,4.089355,-85.571289
7249,1.066406,-0.843262,0.030273,12.207031,0.427246,-90.637207
7250,1.075195,-0.888184,0.042969,6.591797,-10.864258,-98.937988
7251,1.134766,-0.981934,0.024902,-8.850098,-31.738281,-116.516113
7252,1.153809,-1.027832,0.053223,-20.935059,-36.682129,-127.563477
7253,1.059082,-1.069824,0.033691,-50.048828,-35.339355,-148.803711
7254,0.973633,-1.049805,-0.016602,-65.429688,-13.671875,-151.733398
7255,0.871094,-1.020508,-0.010742,-79.833984,13.610840,-145.629883
7256,0.755859,-0.985352,0.029297,-94.787598,37.048340,-130.493164
7257,0.580566,-0.910645,0.065918,-109.191895,57.434082,-72.387695
7258,0.529297,-0.887695,0.075684,-103.454590,54.748535,-39.001465
7259,0.526855,-0.858887,0.083496,-87.524414,42.541504,-5.249023
7260,0.600098,-0.806152,0.060547,-27.465820,-2.624512,56.579590
7261,0.624512,-0.797852,0.060547,9.826660,-29.113770,78.918457
7262,0.635742,-0.765137,0.083496,47.363281,-56.579590,92.041016
7263,0.648438,-0.640137,0.081055,118.225098,-104.370117,98.205566
7264,0.636719,-0.567871,0.082520,147.460938,-118.957520,94.299316
7265,0.619141,-0.498535,0.090820,170.349121,-127.258301,87.707520
7266,0.594238,-0.451172,0.075684,182.495117,-127.014160,77.758789
7267,0.562988,-0.376465,0.059082,175.537109,-101.928711,50.476074
7268,0.539062,-0.348633,0.040039,159.240723,-81.909180,36.437988
7269,0.501465,-0.325684,-0.007812,109.985352,-30.822754,12.207031
7270,0.489746,-0.318848,0.006348,79.406738,-5.432129,5.126953
7271,0.476074,-0.330078,0.002441,46.264648,16.479492,3.540039
7272,0.452148,-0.392090,-0.020996,-9.826660,48.400879,6.530762
7273,0.448242,-0.433594,0.000977,-30.883789,54.870605,7.019043
7274,0.445801,-0.525391,0.033203,-55.908203,46.508789,2.319336
7275,0.470703,-0.554199,0.028320,-58.471680,36.437988,-1.342773
7276,0.530762,-0.605957,0.026367,-52.124023,18.249512,-6.042480
7277,0.559570,-0.616699,0.028809,-48.095703,12.817383,-7.141113
7278,0.571289,-0.633789,0.027344,-42.175293,8.300781,-7.812500
7279,0.571289,-0.650879,0.033691,-33.142090,4.394531,-9.277344
7280,0.579590,-0.635254,0.023438,-3.601074,1.892090,-9.338379
7281,0.571289,-0.651367,0.069336,12.695312,2.502441,-8.361816
7282,0.577148,-0.663574,0.111328,26.245117,2.014160,-8.361816
7283,0.632324,-0.693848,0.062500,48.400879,2.380371,-11.718750
7284,0.657227,-0.728027,0.042969,53.955078,7.812500,-14.221191
7285,0.740723,-0.780273,0.060059,46.264648,14.648438,-17.028809
7286,0.744629,-0.871094,0.039551,37.414551,17.089844,-16.113281
7287,0.800293,-0.917969,0.014160,29.968262,19.714355,-16.906738
7288,0.860840,-0.929199,0.068848,20.812988,19.714355,-13.122559
7289,0.930664,-1.045410,0.139648,0.122070,6.652832,-2.441406
7290,0.979980,-1.085938,0.175781,-5.676270,-3.540039,-1.281738
7291,1.026855,-1.117188,0.208496,-10.803223,-10.925293,-3.906250
7292,1.091797,-1.089355,0.302246,-13.488770,-18.371582,-6.469727
7293,1.057617,-1.091797,0.181641,-14.709473,-12.268066,-14.648438
7294,0.978027,-1.029297,0.163574,-17.639160,13.488770,-21.362305
7295,0.816406,-0.921387,0.117676,-31.066895,82.153320,-24.475098
7296,0.800293,-0.853516,0.136230,-40.344238,105.468750,-16.723633
7297,0.759766,-0.774414,0.213379,-53.405762,115.173340,-3.845215
7298,0.711426,-0.730469,0.215820,-70.678711,114.562988,9.704590
7299,0.682129,-0.793457,0.105469,-91.857910,103.271484,26.733398
7300,0.688477,-0.822754,0.099609,-84.472656,87.829590,29.235840
7301,0.720215,-0.792480,0.268555,-67.565918,31.188965,33.325195
7302,0.731934,-0.782227,0.272949,-60.363770,4.089355,37.597656
7303,0.718750,-0.790039,0.239746,-50.537109,-12.756348,41.259766
7304,0.695801,-0.717773,0.312988,-23.071289,-31.250000,48.400879
7305,0.673340,-0.665527,0.329590,-10.742188,-31.555176,55.114746
7306,0.647949,-0.625488,0.317871,1.525879,-25.512695,61.462402
7307,0.630371,-0.577637,0.296875,15.319824,-16.052246,66.406250
7308,0.643066,-0.539062,0.253906,39.855957,3.540039,69.152832
7309,0.640137,-0.517090,0.195312,48.706055,11.291504,64.880371
7310,0.618164,-0.452148,0.117188,60.974121,25.451660,49.255371
7311,0.606445,-0.423828,0.121582,58.898926,28.686523,39.733887
7312,0.596191,-0.391113,0.124023,50.048828,29.357910,30.029297
7313,0.590332,-0.378418,0.114746,35.095215,29.113770,21.240234
7314,0.610352,-0.391113,0.061523,-5.920410,36.071777,3.967285
7315,0.627930,-0.415039,0.038086,-27.893066,42.968750,-0.854492
7316,0.635742,-0.447754,0.052246,-45.715332,48.339844,-3.784180
7317,0.633301,-0.485352,0.130371,-71.655273,42.358398,-7.019043
7318,0.627930,-0.508789,0.140137,-76.721191,32.104492,-7.690430
7319,0.639648,-0.544922,0.166016,-75.988770,19.226074,-8.972168
7320,0.753906,-0.589355,0.215332,-65.063477,-11.169434,-11.108398
7321,0.839355,-0.629395,0.195312,-57.250977,-22.949219,-11.840820
7322,0.903320,-0.680664,0.175781,-47.790527,-30.212402,-14.770508
7323,0.926758,-0.722168,0.177734,-42.175293,-32.226562,-20.751953
7324,0.897949,-0.742676,0.110840,-25.756836,-23.254395,-36.743164
7325,0.872070,-0.742676,0.114746,-10.803223,-17.883301,-45.898438
7326,0.898438,-0.733887,0.117676,16.601562,-16.235352,-60.791016
7327,0.961426,-0.770508,0.121582,21.362305,-21.789551,-65.612793
7328,1.038086,-0.840332,0.105469,20.080566,-31.188965,-71.655273
7329,1.092773,-0.900879,0.102539,3.906250,-50.537109,-90.026855
7330,1.121094,-0.988281,0.111816,-12.023926,-56.457520,-100.769043
7331,1.131836,-1.016113,0.130371,-33.203125,-57.556152,-109.069824
7332,1.057129,-1.128418,0.175293,-67.077637,-48.706055,-121.398926
7333,1.032227,-1.095703,0.116211,-78.552246,-27.282715,-126.281738
7334,0.939453,-1.047852,0.124023,-90.576172,6.042480,-124.389648
7335,0.854980,-1.010742,0.139648,-102.050781,34.912109,-113.098145
7336,0.765137,-0.958008,0.088379,-105.285645,60.913086,-64.086914
7337,0.685059,-0.931152,0.058594,-93.811035,57.800293,-33.813477
7338,0.649414,-0.879883,0.019531,-72.204590,47.485352,-2.624512
7339,0.642578,-0.761230,0.045898,-6.774902,3.234863,61.218262
7340,0.658203,-0.694336,0.062012,26.733398,-27.832031,85.815430
7341,0.683105,-0.615723,0.059570,56.945801,-56.640625,104.431152
7342,0.701172,-0.491211,0.031738,104.675293,-94.238281,115.661621
7343,0.685059,-0.420410,0.000977,122.253418,-101.562500,107.482910
7344,0.657227,-0.353516,-0.005859,134.216309,-102.050781,92.102051
7345,0.648926,-0.282715,0.027344,136.413574,-97.290039,72.692871
7346,0.565430,-0.208496,0.077148,111.511230,-80.383301,34.118652
7347,0.531250,-0.207031,0.062988,87.097168,-65.856934,17.272949
7348,0.516113,-0.266113,0.025391,34.240723,-23.559570,-8.789062
7349,0.505371,-0.308594,0.009766,8.544922,0.000000,-16.113281
7350,0.493164,-0.360840,-0.007812,-15.319824,23.437500,-20.507812
7351,0.488770,-0.415039,-0.010742,-44.555664,58.837891,-19.653320
7352,0.467285,-0.496582,0.024414,-47.607422,65.917969,-16.479492
7353,0.455078,-0.545410,0.058594,-45.532227,64.636230,-13.916016
7354,0.468262,-0.598633,0.071777,-40.710449,56.823730,-12.451172
7355,0.494141,-0.672363,0.026855,-18.188477,33.447266,-10.192871
7356,0.483398,-0.664062,0.005371,-2.258301,23.254395,-8.789062
7357,0.516602,-0.628418,0.050293,22.521973,4.577637,-2.014160
7358,0.505859,-0.627930,0.079590,30.578613,-5.432129,2.319336
7359,0.502930,-0.639648,0.047363,38.940430,-14.160156,2.685547
7360,0.543457,-0.608887,0.025391,56.945801,-18.615723,2.624512
7361,0.549316,-0.622559,0.060547,60.546875,-20.629883,1.464844
7362,0.572754,-0.645996,0.041992,59.509277,-21.667480,-1.831055
7363,0.594238,-0.684570,-0.006836,57.189941,-18.798828,-7.568359
7364,0.697266,-0.702637,-0.019043,43.518066,-2.502441,-22.033691
7365,0.741699,-0.718750,0.009277,27.648926,7.080078,-24.475098
7366,0.784668,-0.748047,0.041504,7.751465,17.150879,-24.719238
7367,0.827637,-0.838379,0.078613,-26.977539,35.522461,-21.057129
7368,0.831055,-0.882324,0.097168,-34.912109,41.625977,-19.958496
7369,0.837402,-0.903320,0.135254,-37.658691,44.616699,-18.859863
7370,0.931152,-0.967773,0.199219,-36.254883,38.818359,-12.207031
7371,1.008789,-1.038086,0.202637,-33.020020,31.250000,-7.812500
7372,1.069824,-1.097656,0.170410,-25.512695,25.085449,-6.591797
7373,1.091797,-1.136719,0.122559,-14.282227,24.719238,-9.887695
7374,0.994629,-1.099609,0.002930,7.263184,45.959473,-25.695801
7375,0.887695,-1.049805,-0.015625,9.643555,62.683105,-34.667969
7376,0.826172,-0.967773,0.038574,5.126953,71.899414,-36.926270
7377,0.731934,-0.833008,0.127441,-25.512695,62.072754,-16.601562
7378,0.694824,-0.768555,0.116699,-46.325684,55.847168,-0.976562
7379,0.693848,-0.763184,0.086914,-65.856934,51.208496,13.183594
7380,0.742676,-0.805176,0.166504,-90.148926,37.719727,35.583496
7381,0.775391,-0.821289,0.233398,-97.473145,20.996094,42.785645
7382,0.791992,-0.841309,0.277832,-100.830078,1.159668,46.997070
7383,0.816406,-0.824707,0.278320,-90.332031,-28.259277,51.696777
7384,0.785645,-0.817383,0.292969,-78.979492,-32.958984,56.030273
7385,0.755859,-0.784180,0.319336,-65.856934,-33.508301,61.401367
7386,0.733887,-0.743164,0.334473,-51.635742,-31.616211,68.359375
7387,0.668945,-0.687988,0.264648,-15.808105,-18.981934,83.129883
7388,0.653320,-0.663574,0.226074,5.187988,-8.300781,85.693359
7389,0.640625,-0.562988,0.159668,43.701172,10.192871,81.909180
7390,0.626953,-0.519531,0.134277,57.006836,15.136719,78.613281
7391,0.620117,-0.500977,0.113281,64.392090,18.554688,73.669434
7392,0.615234,-0.493164,0.089844,65.368652,21.057129,67.199707
7393,0.621094,-0.415039,0.039551,52.734375,27.587891,55.175781
7394,0.613770,-0.392090,0.043945,38.574219,31.677246,52.001953
7395,0.605469,-0.383789,0.066406,19.897461,34.912109,48.767090
7396,0.619141,-0.407715,0.069824,-16.601562,33.081055,43.884277
7397,0.616699,-0.426270,0.082031,-26.855469,25.268555,41.320801
7398,0.614746,-0.434082,0.096680,-32.348633,14.282227,37.414551
7399,0.679199,-0.443848,0.132812,-36.071777,-12.268066,29.785156
7400,0.730957,-0.465820,0.126465,-33.813477,-25.024414,26.611328
7401,0.780762,-0.517578,0.123535,-29.724121,-35.522461,22.033691
7402,0.873047,-0.609863,0.095703,-19.775391,-47.607422,3.967285
7403,0.905273,-0.632324,0.055176,-13.671875,-45.654297,-9.033203
7404,0.898926,-0.648438,0.020508,-7.263184,-39.184570,-23.315430
7405,0.917480,-0.699219,0.041016,12.268066,-31.555176,-53.710938
7406,0.973145,-0.739746,0.054688,22.949219,-37.414551,-67.871094
7407,1.060547,-0.795898,0.056152,29.479980,-46.936035,-80.017090
7408,1.134277,-0.882324,0.060547,27.526855,-67.260742,-100.769043
7409,1.159668,-0.921387,0.072266,19.775391,-72.021484,-112.976074
7410,1.187988,-0.983887,0.079590,9.155273,-72.631836,-125.488281
7411,1.226562,-1.062012,0.073242,-17.944336,-54.443359,-153.808594
7412,1.173340,-1.074707,0.106934,-33.752441,-34.118652,-166.015625
7413,1.109375,-1.060547,0.096680,-47.912598,-18.554688,-171.691895
7414,0.861816,-0.968750,0.060059,-80.017090,42.541504,-162.963867
7415,0.787598,-0.884766,0.059570,-90.942383,65.063477,-143.676758
7416,0.715820,-0.841309,0.035156,-96.618652,78.918457,-114.685059
7417,0.560547,-0.830078,0.059082,-81.115723,74.645996,-52.917480
7418,0.546875,-0.816895,0.053711,-57.678223,54.748535,-25.024414
7419,0.552246,-0.798828,0.025391,-24.597168,28.991699,1.159668
7420,0.564941,-0.751465,0.003418,51.696777,-28.198242,41.931152
7421,0.568359,-0.709961,0.039062,89.721680,-59.020996,55.053711
7422,0.565918,-0.652344,0.072266,120.727539,-88.439941,62.622070
7423,0.589844,-0.525391,0.065430,161.132812,-124.755859,66.467285
7424,0.572754,-0.446289,0.066406,172.241211,-127.319336,57.312012
7425,0.568848,-0.402832,0.062988,164.672852,-117.004395,48.400879
7426,0.563477,-0.386719,0.047852,150.390625,-100.708008,37.719727
7427,0.562012,-0.374512,-0.001465,107.055664,-53.771973,14.099121
7428,0.556152,-0.382324,-0.017578,80.688477,-26.184082,4.150391
7429,0.535156,-0.393555,-0.011230,54.321289,-0.915527,-2.563477
7430,0.484863,-0.433594,-0.005371,6.103516,33.935547,-5.920410
7431,0.473633,-0.473633,0.006348,-13.793945,42.297363,-5.493164
7432,0.460449,-0.496582,0.013184,-28.076172,45.043945,-4.882812
7433,0.461426,-0.517578,0.031738,-35.705566,41.687012,-4.211426
7434,0.506836,-0.566406,0.069824,-38.269043,21.057129,-2.685547
7435,0.545898,-0.600586,0.048828,-36.193848,10.864258,-1.464844
7436,0.583496,-0.626953,-0.013184,-23.681641,4.638672,-0.732422
7437,0.575684,-0.624023,-0.004395,-14.831543,5.371094,0.793457
7438,0.576172,-0.630371,0.008789,-4.089355,3.784180,2.136230
7439,0.584473,-0.636719,0.027832,8.605957,0.732422,2.014160
7440,0.612305,-0.627441,0.050781,30.456543,-1.464844,2.014160
7441,0.626465,-0.654785,0.052246,39.123535,-1.831055,0.915527
7442,0.654297,-0.688477,0.017578,46.936035,-0.671387,-3.417969
7443,0.679688,-0.708984,-0.001465,52.734375,9.094238,-11.596680
7444,0.688965,-0.735840,0.020508,48.278809,11.596680,-13.610840
7445,0.756348,-0.761230,0.008301,39.245605,14.587402,-12.634277
7446,0.819824,-0.853516,0.019043,11.779785,21.484375,-8.422852
7447,0.823242,-0.894043,0.019531,0.732422,23.376465,-5.126953
7448,0.831055,-0.935547,0.036621,-4.516602,21.789551,-1.586914
7449,0.865234,-0.979980,0.061523,-0.366211,7.690430,2.441406
7450,0.969238,-1.022949,0.183105,4.211426,-3.784180,2.807617
7451,1.041504,-1.012207,0.233398,6.835938,-16.052246,3.051758
7452,1.097656,-1.021973,0.233887,7.385254,-23.559570,2.685547
7453,1.075684,-1.057129,0.096191,8.178711,-4.821777,-10.559082
7454,0.984375,-1.031250,0.055176,9.765625,20.935059,-22.766113
7455,0.889648,-0.948242,0.078613,7.568359,48.034668,-31.127930
7456,0.778320,-0.776855,0.191406,-26.367188,81.909180,-19.897461
7457,0.728516,-0.737305,0.176270,-52.978516,88.989258,-4.760742
7458,0.683594,-0.739258,0.169434,-76.354980,91.308594,10.498047
7459,0.694336,-0.773438,0.187988,-102.294922,73.730469,33.630371
7460,0.734863,-0.788574,0.245117,-107.116699,53.894043,43.701172
7461,0.758301,-0.803223,0.271484,-105.163574,29.113770,51.513672
7462,0.769043,-0.840820,0.329590,-88.745117,-16.296387,57.678223
7463,0.771973,-0.819824,0.339355,-74.584961,-31.982422,59.814453
7464,0.751465,-0.803711,0.343262,-57.739258,-39.978027,63.842773
7465,0.682129,-0.692871,0.337891,-15.258789,-35.034180,77.758789
7466,0.647949,-0.651367,0.360840,7.202148,-27.832031,86.669922
7467,0.629883,-0.608887,0.344238,27.099609,-19.531250,93.322754
7468,0.647949,-0.555176,0.251465,62.194824,-2.014160,100.036621
7469,0.643066,-0.525391,0.209473,75.317383,6.347656,97.717285
7470,0.639648,-0.485352,0.178223,84.045410,13.671875,93.322754
7471,0.653320,-0.415527,0.123535,82.885742,25.512695,81.115723
7472,0.658203,-0.400391,0.084961,72.204590,32.409668,72.387695
7473,0.665527,-0.385254,0.053711,56.274414,40.588379,62.011719
7474,0.669434,-0.422363,0.029297,13.183594,52.978516,39.733887
7475,0.658691,-0.420410,0.025391,-9.033203,54.504395,29.785156
7476,0.637207,-0.436035,0.046875,-27.770996,50.964355,21.667480
7477,0.626953,-0.456055,0.116211,-53.466797,26.916504,7.873535
7478,0.632812,-0.462891,0.133789,-62.805176,12.329102,2.807617
7479,0.656738,-0.476074,0.137695,-70.312500,1.647949,-1.220703
7480,0.737793,-0.552734,0.139648,-74.584961,-10.253906,-7.080078
7481,0.779785,-0.604004,0.144043,-67.932129,-15.441895,-11.535645
7482,0.812988,-0.655273,0.141113,-55.725098,-20.019531,-18.493652
7483,0.881836,-0.729004,0.080566,-17.272949,-27.587891,-43.457031
7484,0.893555,-0.724609,0.074707,2.014160,-29.113770,-58.593750
7485,0.894531,-0.716309,0.079590,12.634277,-28.381348,-71.472168
7486,0.931641,-0.735352,0.009277,16.296387,-23.437500,-88.562012
7487,0.967285,-0.762207,0.011719,10.681152,-22.216797,-92.590332
7488,1.024902,-0.822266,0.059082,-2.136230,-26.062012,-94.543457
7489,1.104492,-0.972656,0.104004,-29.724121,-47.668457,-103.515625
7490,1.140625,-1.035645,0.122070,-40.832520,-58.044434,-111.267090
7491,1.179688,-1.091797,0.141602,-51.086426,-64.025879,-118.591309
7492,1.165039,-1.140625,0.147949,-67.016602,-53.771973,-129.638672
7493,0.992188,-1.207031,0.220703,-70.068359,-36.437988,-129.943848
7494,0.939941,-1.116699,0.122559,-70.007324,-16.845703,-127.075195
7495,0.729492,-0.972656,0.101074,-72.937012,42.968750,-100.585938
7496,0.666992,-0.930664,0.086914,-74.218750,62.866211,-77.270508
7497,0.610352,-0.898438,0.075684,-68.603516,68.969727,-49.743652
7498,0.511719,-0.859863,0.079102,-36.193848,47.302246,1.220703
7499,0.534668,-0.819336,0.083008,-11.230469,23.498535,24.047852
7500,0.609375,-0.744141,0.052734,40.832520,-29.663086,62.194824
7501,0.616699,-0.711914,0.034668,66.406250,-51.818848,73.120117
7502,0.622070,-0.676270,0.031250,91.613770,-70.861816,76.599121
7503,0.607910,-0.575684,0.037598,132.324219,-95.336914,66.467285
7504,0.581543,-0.506836,0.044922,143.737793,-100.830078,57.617188
7505,0.561035,-0.427734,0.042480,147.277832,-100.036621,48.095703
7506,0.545898,-0.372559,0.043945,143.615723,-93.566895,39.978027
7507,0.488770,-0.325684,0.053223,112.243652,-66.711426,25.756836
7508,0.472656,-0.329102,0.007812,88.684082,-46.203613,18.066406
7509,0.470215,-0.330566,0.013672,41.809082,-3.906250,11.474609
7510,0.469727,-0.349609,0.019531,20.568848,9.826660,12.084961
7511,0.474121,-0.381836,0.019043,3.540039,18.432617,12.817383
7512,0.488281,-0.420898,0.017090,-12.207031,24.536133,12.512207
7513,0.524902,-0.504883,-0.034180,-31.799316,32.714844,7.385254
7514,0.541992,-0.537598,-0.030273,-34.362793,32.531738,4.333496
7515,0.556641,-0.566895,-0.011719,-33.874512,28.381348,1.220703
7516,0.566895,-0.596680,0.066406,-29.418945,12.023926,-1.831055
7517,0.580566,-0.611328,0.075195,-25.146484,5.493164,-1.098633
7518,0.596191,-0.631348,0.064941,-16.601562,1.708984,-0.610352
7519,0.630859,-0.641113,0.066895,9.094238,5.126953,-2.441406
7520,0.624512,-0.645020,0.099609,19.592285,7.385254,-3.967285
7521,0.616699,-0.640137,0.088867,27.893066,9.033203,-5.371094
7522,0.611328,-0.630371,0.045410,36.865234,10.437012,-6.591797
7523,0.594238,-0.662109,0.049316,49.865723,11.596680,-12.634277
7524,0.634766,-0.672363,0.011230,48.767090,13.610840,-14.831543
7525,0.656738,-0.710449,0.019531,38.024902,20.935059,-17.211914
7526,0.755859,-0.804688,0.037598,29.418945,23.864746,-16.296387
7527,0.777832,-0.897949,0.057617,22.827148,24.475098,-16.113281
7528,0.842285,-0.928711,0.031250,19.348145,24.475098,-16.784668
7529,0.886719,-0.969238,0.125488,10.070801,26.733398,-15.808105
7530,0.941406,-0.982422,0.166992,2.807617,22.644043,-14.343262
7531,0.987305,-1.033691,0.176758,-3.295898,19.042969,-12.756348
7532,1.134277,-1.109863,0.301270,-17.272949,7.812500,-13.000488
7533,1.137207,-1.179688,0.180664,-22.644043,8.789062,-16.967773
7534,1.073730,-1.148438,0.075195,-24.414062,26.611328,-24.108887
7535,0.791992,-1.005371,0.109863,-26.062012,75.988770,-31.677246
7536,0.732422,-0.895996,0.183105,-30.395508,83.068848,-23.376465
7537,0.671875,-0.800293,0.267578,-42.297363,78.918457,-9.338379
7538,0.617676,-0.761230,0.265625,-71.899414,55.725098,21.789551
7539,0.646484,-0.810547,0.219727,-73.669434,39.062500,31.677246
7540,0.685547,-0.827637,0.220215,-67.138672,20.568848,38.269043
7541,0.752441,-0.784668,0.312988,-60.485840,-16.113281,47.058105
7542,0.769531,-0.750488,0.287109,-57.983398,-29.541016,49.072266
7543,0.773438,-0.740234,0.267578,-53.344727,-32.470703,51.330566
7544,0.763672,-0.717773,0.301758,-50.598145,-27.648926,53.649902
7545,0.686523,-0.682129,0.305176,-39.550781,-7.080078,63.537598
7546,0.659668,-0.640137,0.299805,-25.817871,5.798340,67.199707
7547,0.612305,-0.590332,0.273438,7.324219,26.672363,71.960449
7548,0.617188,-0.559082,0.224609,21.484375,32.226562,72.631836
7549,0.601074,-0.538086,0.160156,33.264160,36.682129,71.716309
7550,0.582520,-0.486816,0.101074,47.241211,41.320801,59.753418
7551,0.578613,-0.456543,0.092285,46.325684,39.123535,50.231934
7552,0.575684,-0.426270,0.086426,38.696289,35.156250,40.222168
7553,0.575195,-0.402344,0.078125,24.841309,31.372070,30.822754
7554,0.604980,-0.399902,0.061523,-14.282227,24.108887,19.042969
7555,0.612793,-0.431152,0.064453,-33.142090,20.568848,15.625000
7556,0.627930,-0.457031,0.093262,-49.255371,16.784668,13.183594
7557,0.657227,-0.499512,0.120117,-66.040039,7.202148,12.390137
7558,0.668945,-0.538086,0.153809,-66.894531,2.136230,12.451172
7559,0.697754,-0.558594,0.170410,-64.270020,-3.662109,11.657715
7560,0.726562,-0.590332,0.187988,-57.312012,-10.925293,10.253906
7561,0.804688,-0.642578,0.207520,-37.292480,-31.005859,0.732422
7562,0.854004,-0.666504,0.195312,-26.916504,-41.076660,-6.835938
7563,0.889648,-0.710938,0.165039,-16.845703,-48.156738,-17.150879
7564,0.928711,-0.760254,0.109375,8.605957,-52.185059,-47.973633
7565,0.929199,-0.744629,0.111328,17.578125,-50.964355,-62.194824
7566,0.964355,-0.725586,0.043457,21.606445,-40.893555,-79.284668
7567,0.977051,-0.747070,0.012207,17.150879,-32.653809,-80.932617
7568,1.011230,-0.815918,0.033203,8.361816,-28.137207,-80.688477
7569,1.050781,-0.877441,0.007812,-0.427246,-29.052734,-82.519531
7570,1.122559,-0.993164,0.060547,-14.221191,-43.762207,-93.627930
7571,1.128906,-1.060059,0.097168,-21.850586,-54.321289,-102.966309
7572,1.105957,-1.117676,0.133301,-27.954102,-68.054199,-111.938477
7573,1.057129,-1.115723,0.030273,-46.081543,-51.574707,-132.751465
7574,0.943848,-1.080566,0.065918,-58.715820,-25.451660,-135.620117
7575,0.772949,-0.964844,0.099609,-89.782715,25.024414,-115.722656
7576,0.695801,-0.916992,0.048828,-99.548340,44.311523,-90.148926
7577,0.611328,-0.895508,0.003906,-101.196289,58.959961,-58.532715
7578,0.489746,-0.823730,0.021484,-73.120117,58.593750,8.972168
7579,0.483887,-0.796387,0.050293,-49.682617,39.184570,39.916992
7580,0.514648,-0.772949,0.070312,-21.057129,10.253906,66.040039
7581,0.562500,-0.738770,0.089355,11.901855,-24.230957,88.012695
7582,0.579590,-0.711426,0.050781,86.242676,-84.594727,116.394043
7583,0.586426,-0.680664,0.021484,124.328613,-102.111816,118.286133
7584,0.590332,-0.625977,0.033203,156.921387,-112.792969,112.976074
7585,0.567871,-0.461426,0.073242,189.147949,-120.239258,90.820312
7586,0.547852,-0.405273,0.056641,188.598633,-115.722656,76.904297
7587,0.537598,-0.329102,0.034668,158.874512,-86.975098,46.020508
7588,0.524902,-0.296875,0.063965,132.263184,-70.251465,32.592773
7589,0.520508,-0.292969,0.037598,99.914551,-49.743652,21.606445
7590,0.536133,-0.296387,-0.001953,33.447266,2.624512,8.911133
7591,0.518555,-0.396484,-0.036133,3.784180,28.869629,4.089355
7592,0.524414,-0.411133,-0.024414,-20.690918,49.133301,2.014160
7593,0.504395,-0.446777,0.003418,-39.978027,60.668945,2.197266
7594,0.488770,-0.530273,0.036133,-61.584473,59.753418,-3.417969
7595,0.511230,-0.553711,0.050293,-63.232422,51.635742,-7.995605
7596,0.537598,-0.573242,0.062012,-60.974121,41.931152,-11.108398
7597,0.569336,-0.644531,0.053711,-44.616699,26.123047,-10.620117
7598,0.581543,-0.672852,0.053223,-28.015137,18.493652,-9.399414
7599,0.565918,-0.685059,0.054199,-6.835938,9.582520,-9.094238
7600,0.542969,-0.618652,0.054199,34.667969,-2.685547,-10.986328
7601,0.532227,-0.598633,0.057617,50.842285,-4.760742,-11.718750
7602,0.536621,-0.596680,0.054199,64.147949,-5.859375,-14.526367
7603,0.566895,-0.597656,0.041992,80.566406,-9.643555,-21.850586
7604,0.604492,-0.627441,0.000488,84.411621,-9.948730,-25.451660
7605,0.648438,-0.668945,0.008789,84.167480,-8.850098,-29.602051
7606,0.761719,-0.756836,0.010742,66.589355,-5.004883,-35.400391
7607,0.813477,-0.813965,-0.001465,50.781250,0.976562,-38.208008
7608,0.853027,-0.875977,-0.001465,33.813477,9.704590,-41.564941
7609,0.875977,-0.902344,0.026855,20.935059,16.967773,-44.555664
7610,0.975586,-0.979004,0.215332,-4.455566,13.427734,-43.579102
7611,1.045410,-1.003906,0.242188,-17.456055,5.310059,-41.748047
7612,1.091797,-1.047363,0.241211,-34.606934,1.708984,-41.076660
7613,1.170898,-1.145508,0.246582,-36.621094,6.591797,-44.921875
7614,1.107422,-1.161133,0.179688,-35.095215,14.770508,-52.246094
7615,0.969238,-1.105957,0.075684,-30.761719,33.508301,-62.683105
7616,0.755859,-0.901855,0.179199,-28.869629,73.364258,-65.795898
7617,0.717285,-0.841797,0.227051,-39.123535,77.697754,-51.208496
7618,0.680664,-0.792969,0.203125,-54.199219,76.110840,-30.151367
7619,0.652832,-0.777832,0.083496,-81.115723,77.697754,13.427734
7620,0.679199,-0.801270,0.107910,-84.167480,71.533203,27.099609
7621,0.713867,-0.851562,0.074707,-81.298828,58.654785,38.574219
7622,0.705566,-0.956543,0.065430,-43.762207,13.854980,44.494629
7623,0.712402,-0.905762,0.128906,-15.747070,-17.456055,44.372559
7624,0.665527,-0.862305,0.199219,8.361816,-44.311523,45.532227
7625,0.657227,-0.786133,0.242676,22.949219,-60.974121,49.072266
7626,0.641113,-0.677246,0.249512,33.874512,-65.368652,63.781738
7627,0.626465,-0.631348,0.262207,36.254883,-57.006836,71.228027
7628,0.628418,-0.543945,0.262207,35.461426,-33.264160,84.411621
7629,0.640625,-0.529297,0.247070,32.348633,-20.690918,87.829590
7630,0.656738,-0.525391,0.218750,28.747559,-9.277344,87.097168
7631,0.687988,-0.508301,0.146484,19.531250,11.352539,76.904297
7632,0.688965,-0.500977,0.125977,13.000488,20.812988,68.786621
7633,0.687012,-0.493652,0.125977,4.638672,27.221680,60.302734
7634,0.682617,-0.484375,0.140137,-18.798828,27.709961,45.776367
7635,0.700684,-0.480469,0.173340,-32.897949,23.315430,41.564941
7636,0.693359,-0.496094,0.169434,-44.189453,17.883301,37.902832
7637,0.689941,-0.503418,0.210938,-56.823730,6.103516,32.714844
7638,0.688477,-0.520996,0.216309,-56.945801,-1.342773,31.372070
7639,0.704590,-0.529785,0.222168,-52.246094,-9.094238,29.418945
7640,0.769531,-0.545898,0.213867,-38.635254,-22.583008,24.719238
7641,0.795410,-0.555664,0.198242,-32.165527,-27.221680,19.531250
7642,0.821777,-0.568359,0.173828,-25.695801,-30.212402,11.901855
7643,0.832031,-0.590332,0.143555,-15.808105,-31.860352,-9.338379
7644,0.839355,-0.600586,0.136719,-12.817383,-30.761719,-20.996094
7645,0.857910,-0.634766,0.125000,-9.216309,-29.846191,-33.386230
7646,0.913574,-0.691895,0.074707,-0.854492,-26.367188,-58.288574
7647,0.940430,-0.711426,0.041992,-1.831055,-22.583008,-66.406250
7648,0.985840,-0.738770,0.021484,-5.493164,-19.348145,-71.228027
7649,1.018066,-0.831543,0.048340,-18.554688,-23.010254,-81.054688
7650,1.043457,-0.868652,0.080078,-24.047852,-31.677246,-90.148926
7651,1.104980,-0.975098,0.149414,-39.489746,-47.729492,-108.276367
7652,1.125488,-1.007324,0.144043,-53.222656,-47.851562,-116.394043
7653,1.107910,-1.012695,0.100586,-69.885254,-38.269043,-121.459961
7654,0.915039,-1.049805,0.083496,-92.895508,7.690430,-116.088867
7655,0.865234,-1.011230,-0.007812,-93.566895,33.508301,-105.407715
7656,0.764160,-0.989746,-0.028320,-86.120605,57.495117,-89.233398
7657,0.703613,-0.937500,-0.038086,-73.059082,73.730469,-67.199707
7658,0.570312,-0.817383,-0.039062,-33.386230,71.655273,-11.108398
7659,0.551758,-0.768066,-0.031250,-5.371094,54.809570,14.648438
7660,0.569824,-0.721680,-0.009766,24.597168,30.212402,37.902832
7661,0.616211,-0.666504,0.000000,82.763672,-29.724121,70.495605
7662,0.634766,-0.631836,-0.014648,107.849121,-57.495117,78.125000
7663,0.652344,-0.592285,-0.018066,127.746582,-78.613281,80.505371
7664,0.658203,-0.535645,-0.041016,145.568848,-99.304199,70.251465
7665,0.647461,-0.497070,-0.056152,144.653320,-97.167969,59.387207
7666,0.624023,-0.459473,-0.043945,122.253418,-76.354980,33.020020
7667,0.536133,-0.403320,-0.012207,103.393555,-62.255859,18.920898
7668,0.503418,-0.383301,-0.004395,82.031250,-47.485352,6.835938
7669,0.474121,-0.367676,0.011719,59.814453,-33.142090,-2.441406
7670,0.449219,-0.362305,0.023926,14.587402,-7.263184,-9.338379
7671,0.456543,-0.380371,0.005371,-7.202148,6.103516,-9.216309
7672,0.467773,-0.425781,-0.007812,-25.878906,19.287109,-7.751465
7673,0.471191,-0.500977,-0.014648,-47.180176,34.790039,-6.225586
7674,0.473633,-0.527832,0.000977,-51.330566,35.461426,-6.652832
7675,0.478027,-0.565430,0.017090,-52.185059,31.982422,-7.385254
7676,0.491699,-0.616211,0.062500,-38.879395,15.991211,-10.314941
7677,0.503906,-0.639648,0.090820,-29.113770,5.371094,-12.023926
7678,0.514648,-0.648926,0.104004,-20.507812,-3.662109,-13.671875
7679,0.533691,-0.647461,0.093750,-12.878418,-8.972168,-13.671875
7680,0.538574,-0.657227,0.030273,1.953125,-3.784180,-9.338379
7681,0.531250,-0.662109,0.027344,10.925293,2.807617,-8.239746
7682,0.520020,-0.654297,0.067383,30.151367,7.934570,-7.324219
7683,0.515137,-0.665039,0.065430,38.208008,6.958008,-8.544922
7684,0.526855,-0.687988,0.052246,44.433594,6.164551,-11.474609
7685,0.619141,-0.764648,0.061035,42.175293,7.385254,-17.944336
7686,0.687500,-0.808594,0.066406,29.174805,10.742188,-18.127441
7687,0.732422,-0.868164,0.062500,10.375977,17.028809,-14.404297
7688,0.752441,-0.947266,0.034180,-8.544922,25.695801,-9.338379
7689,0.819824,-1.012207,0.040039,-36.315918,45.898438,7.507324
7690,0.843750,-1.069336,0.084473,-42.724609,48.950195,15.563965
7691,0.954590,-1.137695,0.204590,-40.405273,30.273438,23.742676
7692,1.011719,-1.160156,0.219727,-33.874512,17.578125,23.803711
7693,1.070312,-1.206055,0.175781,-23.559570,9.277344,20.324707
7694,1.103027,-1.237305,0.127441,-10.681152,9.216309,12.512207
7695,0.934570,-1.132324,0.050781,5.737305,41.198730,-8.728027
7696,0.817383,-1.018555,0.055176,6.347656,65.612793,-15.258789
7697,0.757812,-0.925781,0.108887,-0.244141,82.763672,-11.169434
7698,0.669434,-0.796875,0.170898,-32.043457,88.073730,20.141602
7699,0.634766,-0.796875,0.146973,-45.471191,82.336426,37.048340
7700,0.645508,-0.807617,0.119141,-52.185059,72.204590,49.682617
7701,0.763184,-0.828613,0.183105,-57.678223,35.949707,63.903809
7702,0.811035,-0.848145,0.203613,-58.349609,15.441895,67.016602
7703,0.836914,-0.858887,0.218262,-56.213379,-1.403809,66.833496
7704,0.823730,-0.828125,0.254395,-44.555664,-18.005371,63.598633
7705,0.800293,-0.783691,0.273926,-36.132812,-18.127441,63.354492
7706,0.782715,-0.731934,0.307617,-27.465820,-13.732910,65.185547
7707,0.670898,-0.604492,0.345215,-8.972168,-1.037598,70.922852
7708,0.644531,-0.522949,0.354004,2.441406,6.469727,75.256348
7709,0.626465,-0.469238,0.346680,13.305664,14.221191,79.895020
7710,0.613770,-0.441406,0.302246,29.663086,34.240723,78.491211
7711,0.621582,-0.433105,0.173340,32.653809,45.898438,73.547363
7712,0.612793,-0.437500,0.087402,34.057617,58.776855,69.213867
7713,0.581055,-0.441895,0.028809,32.897949,71.655273,62.561035
7714,0.527832,-0.435059,0.020996,18.676758,85.327148,42.114258
7715,0.517090,-0.403809,0.043945,7.385254,81.054688,30.456543
7716,0.505859,-0.381348,0.053223,-3.723145,70.068359,20.202637
7717,0.524902,-0.426270,0.056641,-25.878906,42.236328,0.366211
7718,0.570801,-0.445312,0.056641,-37.231445,29.174805,-6.530762
7719,0.598633,-0.475586,0.040527,-48.461914,19.226074,-10.864258
7720,0.637695,-0.508789,0.039551,-57.800293,11.718750,-14.587402
7721,0.727539,-0.600586,0.073730,-69.335938,-2.990723,-19.348145
7722,0.772949,-0.650391,0.088379,-69.763184,-11.169434,-24.414062
7723,0.871582,-0.714844,0.107910,-57.739258,-22.399902,-40.954590
7724,0.891113,-0.752441,0.091797,-45.898438,-25.207520,-52.185059
7725,0.902344,-0.768066,0.076660,-29.785156,-27.099609,-63.842773
7726,0.927734,-0.768555,0.040527,-3.356934,-28.991699,-78.308105
7727,0.946289,-0.774902,-0.003906,3.601074,-28.137207,-82.092285
7728,0.970215,-0.790527,-0.031250,9.277344,-28.015137,-84.960938
7729,1.012695,-0.849609,0.015137,12.207031,-41.748047,-91.247559
7730,1.051758,-0.889160,0.048828,13.793945,-58.349609,-98.876953
7731,1.107422,-0.945801,0.094727,12.390137,-77.026367,-107.727051
7732,1.236816,-1.107910,0.122070,-1.586914,-99.792480,-132.385254
7733,1.286133,-1.148926,0.094727,-12.145996,-93.566895,-147.033691
7734,1.261719,-1.123047,0.078613,-28.076172,-71.166992,-157.287598
7735,1.017090,-1.068848,0.050781,-63.171387,-3.051758,-156.982422
7736,0.812988,-1.008301,0.083008,-79.833984,34.606934,-145.446777
7737,0.718262,-0.916504,0.102051,-96.130371,62.866211,-123.535156
7738,0.532715,-0.845703,0.091797,-104.553223,77.941895,-63.476562
7739,0.478027,-0.816406,0.115234,-89.782715,64.270020,-34.057617
7740,0.483398,-0.783691,0.122070,-61.340332,35.827637,-3.723145
7741,0.532715,-0.768066,0.102539,13.610840,-32.165527,48.522949
7742,0.553711,-0.762695,0.091797,54.199219,-65.124512,63.659668
7743,0.580078,-0.715820,0.094727,96.557617,-95.764160,71.777344
7744,0.580078,-0.668945,0.096680,136.474609,-122.253418,74.890137
7745,0.585449,-0.542480,0.117676,188.415527,-148.437500,68.420410
7746,0.564941,-0.476562,0.095215,197.387695,-148.193359,61.889648
7747,0.555664,-0.415039,0.080566,196.044922,-137.268066,54.016113
7748,0.541016,-0.358887,0.066406,166.076660,-96.069336,36.560059
7749,0.544922,-0.358398,0.032715,141.845703,-67.443848,27.832031
7750,0.533691,-0.375977,0.018555,116.821289,-38.452148,20.080566
7751,0.499512,-0.401855,-0.027832,69.152832,15.380859,9.033203
7752,0.483887,-0.411133,0.000977,46.813965,35.827637,5.554199
7753,0.470215,-0.435547,0.027832,24.353027,48.522949,3.601074
7754,0.483887,-0.493164,-0.006836,-10.009766,57.922363,-0.854492
7755,0.498535,-0.533203,-0.027344,-20.507812,58.654785,-3.356934
7756,0.503906,-0.576660,-0.045410,-26.062012,55.847168,-6.164551
7757,0.507324,-0.624023,-0.038574,-28.015137,39.672852,-10.131836
7758,0.503418,-0.640625,-0.013672,-23.986816,27.099609,-10.437012
7759,0.518066,-0.624512,0.028809,-20.507812,13.671875,-9.582520
7760,0.520996,-0.615234,0.039062,-19.531250,-7.019043,-6.469727
7761,0.534668,-0.624512,0.000977,-16.357422,-9.460449,-8.056641
7762,0.574219,-0.640137,0.006348,-2.441406,-1.037598,-9.338379
7763,0.577637,-0.686523,0.017578,8.178711,3.845215,-9.155273
7764,0.598145,-0.708008,0.012207,18.981934,10.498047,-10.681152
7765,0.613281,-0.732422,0.030762,27.770996,16.479492,-12.573242
7766,0.677246,-0.801758,0.041016,30.822754,21.972656,-17.883301
7767,0.684082,-0.844238,0.043945,27.709961,22.583008,-21.972656
7768,0.718262,-0.858887,0.027832,23.315430,22.644043,-25.207520
7769,0.781250,-0.895020,0.083496,3.417969,28.808594,-21.118164
7770,0.812012,-0.939453,0.115723,-8.117676,31.127930,-16.052246
7771,0.915527,-1.030762,0.161621,-18.493652,26.123047,-2.868652
7772,0.949219,-1.062012,0.185547,-17.395020,19.409180,2.746582
7773,0.974609,-1.075195,0.207520,-10.803223,11.352539,4.760742
7774,1.021484,-1.085449,0.237793,-3.234863,4.089355,3.540039
7775,1.033691,-1.089844,0.155273,0.732422,10.131836,-7.080078
7776,1.010254,-1.073730,0.073242,-2.990723,30.700684,-16.174316
7777,0.974609,-1.032715,0.062988,-12.023926,52.062988,-20.568848
7778,0.855957,-0.872070,0.208984,-46.081543,71.228027,-7.385254
7779,0.802246,-0.836914,0.220215,-71.350098,70.251465,5.432129
7780,0.762695,-0.816895,0.178223,-92.224121,69.274902,19.958496
7781,0.778809,-0.818359,0.244629,-115.966797,54.016113,48.217773
7782,0.799805,-0.831055,0.296387,-120.788574,37.292480,59.082031
7783,0.805664,-0.830566,0.315430,-117.858887,16.235352,65.979004
7784,0.807617,-0.814453,0.323242,-108.947754,-3.234863,70.373535
7785,0.797363,-0.758789,0.317871,-87.463379,-26.733398,77.636719
7786,0.780273,-0.726562,0.291016,-75.561523,-29.968262,81.542969
7787,0.754883,-0.673828,0.213867,-47.668457,-15.258789,89.721680
7788,0.734375,-0.639648,0.170898,-34.057617,1.708984,94.116211
7789,0.703613,-0.603516,0.143555,-19.409180,20.385742,97.717285
7790,0.685547,-0.562988,0.129883,-5.004883,35.949707,99.365234
7791,0.635254,-0.491699,0.093750,21.545410,52.612305,98.815918
7792,0.623535,-0.464844,0.068359,31.250000,57.556152,94.116211
7793,0.607910,-0.452148,0.038574,39.367676,60.485840,86.975098
7794,0.579590,-0.413086,0.040039,50.170898,57.128906,64.331055
7795,0.575684,-0.402344,0.053223,50.231934,49.560547,52.490234
7796,0.587891,-0.404785,0.067871,37.292480,25.329590,30.517578
7797,0.593750,-0.407227,0.068848,26.489258,11.474609,21.667480
7798,0.580566,-0.395020,0.082520,4.272461,-13.427734,10.009766
7799,0.582520,-0.382812,0.114258,-7.202148,-23.620605,7.019043
7800,0.599609,-0.391113,0.155273,-18.920898,-31.799316,6.530762
7801,0.701172,-0.454102,0.189453,-36.499023,-42.053223,10.131836
7802,0.762695,-0.511230,0.185059,-39.306641,-43.640137,12.268066
7803,0.879395,-0.637695,0.167969,-32.653809,-41.198730,0.488281
7804,0.902832,-0.680176,0.148438,-22.277832,-38.391113,-15.136719
7805,0.918945,-0.708984,0.122559,-7.263184,-35.888672,-34.423828
7806,0.931641,-0.726562,0.097168,23.193359,-29.479980,-75.683594
7807,0.959961,-0.750977,0.025879,33.691406,-23.742676,-95.397949
7808,0.969727,-0.752930,-0.025879,39.123535,-15.808105,-113.952637
7809,0.986328,-0.778320,0.002441,36.254883,-5.920410,-128.967285
7810,1.058105,-0.845703,0.011719,11.169434,0.244141,-147.521973
7811,1.052246,-0.895508,0.015137,-4.211426,-3.967285,-149.353027
7812,1.063477,-0.949707,0.025391,-19.104004,-11.718750,-149.475098
7813,1.119141,-1.087891,0.008301,-48.400879,-27.526855,-152.404785
7814,0.987305,-1.162109,0.108398,-59.326172,-27.648926,-154.846191
7815,0.979980,-1.151855,0.016602,-66.833496,-29.235840,-155.395508
7816,0.832031,-1.078125,0.037598,-74.035645,-4.943848,-146.057129
7817,0.765137,-1.043457,0.085938,-84.411621,8.300781,-131.591797
7818,0.702637,-1.007324,0.089844,-94.909668,16.296387,-110.900879
7819,0.579102,-0.959473,0.098633,-87.585449,14.648438,-59.814453
7820,0.580078,-0.912598,0.089844,-67.810059,2.624512,-30.944824
7821,0.619141,-0.857910,0.059082,-41.687012,-11.901855,0.671387
7822,0.670410,-0.806641,0.064453,10.131836,-42.175293,56.091309
7823,0.683105,-0.770020,0.099121,37.292480,-59.692383,75.134277
7824,0.679199,-0.731445,0.098633,65.917969,-78.002930,86.853027
7825,0.662598,-0.626953,0.095215,119.140625,-103.820801,90.698242
7826,0.644531,-0.576660,0.085938,138.488770,-108.337402,84.411621
7827,0.636230,-0.513184,0.071777,149.536133,-106.445312,72.509766
7828,0.603027,-0.391602,0.006348,146.789551,-85.449219,37.048340
7829,0.574219,-0.341309,-0.022461,133.728027,-67.199707,17.578125
7830,0.539062,-0.291504,-0.018555,113.708496,-46.508789,0.366211
7831,0.482910,-0.270020,0.002930,66.284180,-13.610840,-18.127441
7832,0.451660,-0.299316,-0.003418,40.039062,-0.976562,-19.165039
7833,0.441895,-0.330078,-0.032227,14.892578,10.437012,-17.150879
7834,0.456055,-0.390625,-0.038574,-25.451660,30.517578,-8.789062
7835,0.467285,-0.427246,0.003906,-40.100098,32.165527,-4.333496
7836,0.482910,-0.479980,0.030762,-49.804688,26.672363,-1.953125
7837,0.545410,-0.535645,0.029297,-57.312012,12.084961,2.197266
7838,0.564453,-0.601562,0.033203,-51.269531,8.850098,6.164551
7839,0.585938,-0.662109,0.049316,-38.757324,6.286621,7.690430
7840,0.606934,-0.690430,0.079102,-22.338867,2.685547,7.812500
7841,0.598633,-0.694336,0.080566,13.366699,-2.197266,4.882812
7842,0.596680,-0.667969,0.077637,32.104492,-0.976562,2.563477
7843,0.592773,-0.646484,0.102539,45.959473,0.366211,1.647949
7844,0.591309,-0.670898,0.018555,65.246582,4.577637,3.662109
7845,0.600098,-0.712891,-0.010742,74.584961,8.117676,3.173828
7846,0.626465,-0.741699,-0.028809,80.200195,10.803223,1.647949
7847,0.724121,-0.786621,-0.018066,73.974609,13.793945,0.549316
7848,0.776367,-0.847168,-0.011230,61.462402,13.793945,-0.122070
7849,0.812012,-0.890137,-0.020996,46.813965,13.671875,-3.784180
7850,0.851562,-0.931152,-0.021973,14.587402,17.211914,-9.704590
7851,0.924316,-0.988770,0.045898,-0.732422,17.883301,-8.850098
7852,0.984375,-1.020508,0.116699,-15.686035,15.319824,-5.065918
7853,1.032227,-1.054199,0.151367,-29.907227,11.108398,0.915527
7854,1.121582,-1.167480,0.124512,-52.307129,13.977051,5.187988
7855,1.116699,-1.183594,0.093750,-56.030273,24.169922,3.234863
7856,1.031738,-1.176758,0.044434,-52.856445,42.480469,-1.464844
7857,0.816895,-1.040039,0.034180,-38.330078,82.458496,-5.615234
7858,0.747070,-0.960449,0.104980,-36.315918,89.721680,1.525879
7859,0.646484,-0.823730,0.178223,-43.273926,74.768066,27.770996
7860,0.636230,-0.788574,0.178711,-45.104980,59.509277,42.175293
7861,0.662109,-0.789551,0.178711,-43.884277,41.503906,53.955078
7862,0.705566,-0.795898,0.174805,-42.114258,24.475098,61.645508
7863,0.770020,-0.784668,0.194824,-34.851074,-3.417969,68.603516
7864,0.774414,-0.773438,0.227539,-31.066895,-13.793945,69.091797
7865,0.767578,-0.752441,0.247559,-26.977539,-21.850586,67.993164
7866,0.729004,-0.671875,0.270508,-18.127441,-23.498535,67.260742
7867,0.705566,-0.620117,0.292969,-14.221191,-19.042969,69.396973
7868,0.653320,-0.553711,0.283691,-4.638672,-2.502441,74.401855
7869,0.644531,-0.519531,0.268555,2.319336,7.507324,75.134277
7870,0.628906,-0.496582,0.247070,9.582520,17.395020,73.486328
7871,0.624023,-0.455078,0.185547,15.258789,37.170410,63.720703
7872,0.622559,-0.444336,0.145020,13.916016,47.424316,57.128906
7873,0.587402,-0.438965,0.097656,4.577637,61.950684,41.564941
7874,0.569824,-0.430176,0.085449,-3.417969,64.575195,34.973145
7875,0.566895,-0.458984,0.099121,-21.179199,57.495117,24.841309
7876,0.569824,-0.478027,0.094727,-25.024414,46.264648,20.996094
7877,0.568848,-0.502930,0.107910,-25.207520,32.165527,17.211914
7878,0.577148,-0.515137,0.116211,-25.024414,18.249512,13.671875
7879,0.610352,-0.520996,0.114746,-23.559570,-3.051758,9.033203
7880,0.632812,-0.530762,0.135742,-23.071289,-10.925293,7.995605
7881,0.674805,-0.542480,0.157715,-22.338867,-19.104004,7.202148
7882,0.783691,-0.586426,0.152832,-18.005371,-35.095215,6.774902
7883,0.853516,-0.624023,0.140625,-12.145996,-39.794922,3.417969
7884,0.914551,-0.659668,0.113281,-4.272461,-41.931152,-4.089355
7885,0.951660,-0.688477,0.079102,6.103516,-41.748047,-16.357422
7886,0.952148,-0.716797,0.045898,26.062012,-36.621094,-49.133301
7887,0.937012,-0.698242,0.009277,30.883789,-33.020020,-64.575195
7888,0.926270,-0.699219,-0.035645,32.714844,-27.343750,-77.819824
7889,0.956543,-0.743164,-0.066406,17.883301,-14.038086,-92.895508
7890,1.023926,-0.802734,-0.061523,8.178711,-13.488770,-96.435547
7891,1.083984,-0.913574,-0.026367,-3.295898,-21.118164,-100.402832
7892,1.169922,-1.057129,0.036133,-26.062012,-51.452637,-118.347168
7893,1.177734,-1.110352,0.048828,-35.705566,-63.781738,-129.516602
7894,1.154785,-1.116211,0.073242,-44.433594,-66.406250,-141.723633
7895,1.038574,-1.055176,0.094238,-64.880371,-49.011230,-153.808594
7896,0.917969,-1.070312,0.139160,-75.317383,-23.376465,-148.437500
7897,0.882324,-1.010254,0.118652,-90.148926,9.155273,-129.699707
7898,0.667480,-0.977051,0.010254,-106.872559,69.396973,-67.993164
7899,0.566895,-0.942871,-0.005859,-98.266602,84.411621,-34.973145
7900,0.513672,-0.895508,0.033203,-74.890137,78.979492,-2.746582
7901,0.536133,-0.801270,0.122559,-5.126953,14.221191,54.687500
7902,0.553223,-0.774902,0.125000,33.996582,-30.395508,73.913574
7903,0.569336,-0.741699,0.107910,74.279785,-72.570801,84.838867
7904,0.583008,-0.712402,0.083496,114.013672,-106.262207,86.914062
7905,0.586426,-0.575684,0.076660,175.109863,-142.578125,74.951172
7906,0.577637,-0.492188,0.061523,189.270020,-145.263672,64.331055
7907,0.559570,-0.419434,0.048828,190.734863,-136.535645,53.527832
7908,0.508301,-0.343750,0.057617,160.705566,-97.717285,30.639648
7909,0.486816,-0.323730,0.044434,134.338379,-71.960449,20.202637
7910,0.481934,-0.325195,0.017578,105.163574,-44.067383,11.535645
7911,0.452148,-0.376953,0.020020,50.720215,4.394531,0.244141
7912,0.442871,-0.407227,0.019043,26.855469,21.606445,-3.051758
7913,0.439941,-0.434082,0.046387,5.676270,31.250000,-5.371094
7914,0.454590,-0.494629,0.030762,-28.625488,35.888672,-7.385254
7915,0.475586,-0.537109,0.023926,-39.001465,34.606934,-8.728027
7916,0.500977,-0.568848,0.038574,-46.630859,30.761719,-9.643555
7917,0.520020,-0.603516,0.048340,-52.673340,25.207520,-9.704590
7918,0.560547,-0.664062,0.028320,-54.382324,14.160156,-8.483887
7919,0.562988,-0.685547,0.030273,-46.264648,8.422852,-7.019043
7920,0.541016,-0.694336,0.053223,-32.836914,1.831055,-6.652832
7921,0.548340,-0.660645,0.082520,-0.732422,-8.728027,-7.202148
7922,0.579590,-0.645020,0.059082,15.747070,-8.911133,-5.676270
7923,0.595703,-0.687012,0.078613,42.175293,-5.493164,-4.699707
7924,0.612305,-0.700684,0.041992,52.673340,-2.075195,-7.324219
7925,0.665039,-0.703613,-0.004883,59.875488,4.394531,-10.742188
7926,0.692871,-0.722168,-0.017578,56.335449,20.690918,-16.418457
7927,0.730957,-0.789062,-0.002930,48.645020,26.977539,-17.822266
7928,0.737793,-0.879883,0.020020,40.039062,31.616211,-19.775391
7929,0.816406,-0.883301,0.028809,29.479980,35.766602,-21.301270
7930,0.867188,-0.935059,0.101562,4.333496,32.470703,-14.221191
7931,0.938477,-0.967285,0.126953,-5.981445,25.817871,-11.047363
7932,1.080078,-1.059082,0.178711,-22.766113,17.517090,-4.455566
7933,1.163574,-1.078125,0.235352,-29.968262,13.122559,-2.197266
7934,1.158691,-1.183594,0.109863,-31.738281,11.840820,-4.577637
7935,1.028320,-1.047363,0.095215,-24.536133,32.409668,-22.399902
7936,0.902344,-0.945312,0.109375,-31.494141,50.231934,-25.390625
7937,0.801270,-0.891113,0.109863,-39.489746,65.063477,-23.742676
7938,0.733887,-0.727539,0.210449,-60.363770,74.890137,-3.906250
7939,0.725586,-0.682129,0.228027,-78.125000,72.692871,12.023926
7940,0.729004,-0.745117,0.148438,-94.421387,72.265625,26.794434
7941,0.731445,-0.851074,0.029297,-81.359863,64.636230,41.015625
7942,0.747070,-0.815430,0.113770,-68.908691,48.400879,45.471191
7943,0.751465,-0.810547,0.169922,-58.349609,23.742676,48.645020
7944,0.735840,-0.800293,0.187988,-34.240723,-20.141602,48.767090
7945,0.716309,-0.785156,0.207031,-20.996094,-34.118652,47.546387
7946,0.695801,-0.735840,0.226562,-9.216309,-42.785645,46.813965
7947,0.661133,-0.611816,0.251953,6.958008,-42.663574,53.222656
7948,0.637695,-0.569336,0.270020,10.742188,-36.254883,58.959961
7949,0.602539,-0.488281,0.237793,16.235352,-17.822266,66.467285
7950,0.605957,-0.465820,0.222656,20.202637,-8.728027,68.298340
7951,0.611816,-0.457031,0.208008,22.460938,-1.281738,67.260742
7952,0.614258,-0.435547,0.178223,23.559570,4.455566,63.720703
7953,0.615234,-0.408691,0.143555,20.996094,13.793945,52.429199
7954,0.625000,-0.406250,0.125000,15.747070,17.150879,45.227051
7955,0.634766,-0.413574,0.119141,-1.159668,19.653320,29.479980
7956,0.650391,-0.416504,0.133789,-12.329102,17.517090,23.620605
7957,0.657227,-0.443848,0.148926,-22.338867,12.939453,19.958496
7958,0.652832,-0.477051,0.168945,-28.869629,5.920410,16.662598
7959,0.658203,-0.486328,0.197754,-33.081055,-13.366699,11.779785
7960,0.681152,-0.502441,0.231934,-33.264160,-21.423340,9.582520
7961,0.705566,-0.516113,0.230469,-30.273438,-27.038574,6.591797
7962,0.791992,-0.548340,0.231934,-20.812988,-35.217285,-2.685547
7963,0.849609,-0.583984,0.207520,-16.601562,-37.536621,-8.911133
7964,0.884277,-0.630371,0.170898,-12.634277,-36.804199,-17.761230
7965,0.902344,-0.672363,0.132812,-7.080078,-34.118652,-29.724121
7966,0.900391,-0.691406,0.066895,5.920410,-25.329590,-55.541992
7967,0.904297,-0.699219,0.051758,9.521484,-19.531250,-67.749023
7968,0.906250,-0.698242,0.032227,9.765625,-13.549805,-79.101562
7969,0.916992,-0.703613,-0.000977,3.234863,-3.967285,-92.163086
7970,1.036133,-0.819336,0.022461,-4.150391,-7.934570,-96.130371
7971,1.104492,-0.899902,0.031250,-12.207031,-17.822266,-98.693848
7972,1.182129,-1.051270,0.029297,-32.897949,-38.146973,-110.595703
7973,1.169434,-1.115234,0.059082,-44.189453,-42.358398,-118.652344
7974,1.160645,-1.159668,0.069336,-50.170898,-49.255371,-126.159668
7975,1.028809,-1.132324,0.040527,-61.767578,-23.803711,-140.747070
7976,0.932617,-1.080078,0.053223,-70.495605,0.305176,-140.747070
7977,0.842285,-1.019531,0.048828,-80.505371,27.648926,-133.483887
7978,0.690430,-0.944336,-0.025391,-86.853027,70.861816,-88.256836
7979,0.594238,-0.914062,-0.077148,-76.354980,79.040527,-54.931641
7980,0.528320,-0.855957,-0.091797,-55.114746,77.697754,-20.141602
7981,0.501953,-0.818359,-0.062988,-27.893066,65.246582,14.282227
7982,0.509277,-0.742676,-0.009277,31.677246,11.291504,71.105957
7983,0.524902,-0.701660,0.008789,63.781738,-23.193359,90.576172
7984,0.543945,-0.660156,0.022461,95.825195,-58.288574,103.210449
7985,0.590332,-0.576660,0.028320,150.146484,-111.694336,107.360840
7986,0.610840,-0.522461,0.036621,167.297363,-126.220703,102.844238
7987,0.605957,-0.470215,0.036133,173.278809,-131.164551,95.764160
7988,0.575195,-0.378906,0.025879,152.221680,-112.243652,73.730469
7989,0.566895,-0.362305,0.017090,131.103516,-91.979980,61.096191
7990,0.549805,-0.369141,0.005859,106.384277,-67.932129,48.278809
7991,0.541504,-0.387207,-0.034668,80.200195,-40.344238,34.790039
7992,0.514648,-0.390137,0.050293,28.869629,1.098633,15.502930
7993,0.503418,-0.391602,0.032715,4.821777,13.244629,11.657715
7994,0.489258,-0.457031,0.000488,-33.264160,34.790039,9.521484
7995,0.489258,-0.494141,0.017090,-41.870117,39.916992,8.300781
7996,0.510254,-0.513184,0.045410,-43.762207,37.536621,6.896973
7997,0.554199,-0.574219,0.053711,-38.635254,21.423340,5.371094
7998,0.581543,-0.608398,0.044434,-34.484863,14.282227,3.723145
7999,0.593750,-0.639160,0.027832,-24.658203,7.507324,1.464844
8000,0.587402,-0.627930,0.069336,2.075195,-3.601074,-5.615234
8001,0.569336,-0.603027,0.083984,13.610840,-9.094238,-7.934570
8002,0.554688,-0.584473,0.068359,22.949219,-10.559082,-8.544922
8003,0.538086,-0.588867,0.038574,30.456543,-7.568359,-7.629395
8004,0.548340,-0.621582,-0.007324,46.142578,5.737305,-10.620117
8005,0.557129,-0.647461,-0.002441,51.330566,11.840820,-15.686035
8006,0.577148,-0.663086,-0.014160,54.321289,15.747070,-22.338867
8007,0.615723,-0.723633,0.022461,47.973633,17.639160,-31.860352
8008,0.668457,-0.770508,0.008301,33.874512,19.531250,-33.935547
8009,0.726074,-0.850586,0.023926,-9.460449,27.038574,-32.104492
8010,0.738281,-0.891602,0.039551,-32.531738,33.447266,-26.611328
8011,0.795898,-0.946289,0.080566,-53.649902,38.818359,-18.493652
8012,0.925781,-1.107422,0.150391,-77.453613,32.653809,-1.708984
8013,0.975586,-1.171875,0.175293,-73.120117,24.291992,-1.403809
8014,1.033203,-1.198242,0.187012,-62.133789,16.296387,-4.760742
8015,1.078613,-1.217773,0.188477,-49.377441,11.718750,-8.972168
8016,1.022949,-1.166504,0.105469,-23.803711,26.428223,-19.104004
8017,0.942383,-1.103027,0.066895,-18.676758,47.363281,-23.681641
8018,0.831543,-0.937988,0.159668,-24.780273,74.218750,-12.207031
8019,0.782227,-0.890625,0.210938,-35.095215,72.631836,3.417969
8020,0.754883,-0.853027,0.196777,-45.776367,67.382812,21.179199
8021,0.748535,-0.836914,0.178711,-53.771973,61.340332,39.611816
8022,0.813477,-0.850586,0.222168,-53.588867,36.560059,67.260742
8023,0.840332,-0.849121,0.243164,-48.522949,18.066406,74.157715
8024,0.836426,-0.815918,0.266113,-28.503418,-15.319824,74.584961
8025,0.811035,-0.773926,0.267090,-17.272949,-24.536133,71.716309
8026,0.779297,-0.729980,0.270508,-8.117676,-27.343750,69.335938
8027,0.754395,-0.666016,0.260254,-2.136230,-23.132324,68.298340
8028,0.684082,-0.555176,0.180664,8.728027,3.662109,72.631836
8029,0.658203,-0.513184,0.150391,11.352539,23.071289,74.218750
8030,0.644043,-0.464355,0.135742,11.413574,40.344238,74.401855
8031,0.590820,-0.406738,0.076172,9.277344,63.171387,72.143555
8032,0.576660,-0.398438,0.067383,9.460449,68.054199,67.199707
8033,0.566406,-0.392090,0.061523,10.009766,67.321777,59.936523
8034,0.529785,-0.382812,0.045898,9.521484,54.809570,42.297363
8035,0.532227,-0.389160,0.046387,7.690430,45.104980,32.958984
8036,0.547363,-0.412598,0.044922,2.868652,35.156250,23.620605
8037,0.562500,-0.449219,0.037598,-4.394531,26.306152,14.099121
8038,0.588379,-0.482422,0.022461,-23.193359,13.000488,-2.075195
8039,0.585938,-0.500000,0.030273,-32.775879,7.080078,-5.859375
8040,0.586426,-0.517578,0.054688,-39.489746,-1.037598,-7.873535
8041,0.634766,-0.556641,0.136230,-44.677734,-25.573730,-8.422852
8042,0.676270,-0.578125,0.149414,-42.236328,-38.879395,-7.324219
8043,0.776855,-0.646973,0.174316,-32.043457,-57.189941,-10.253906
8044,0.831055,-0.678711,0.152344,-26.062012,-60.913086,-15.380859
8045,0.866699,-0.718262,0.119629,-18.798828,-60.058594,-24.291992
8046,0.898438,-0.744141,0.104004,-10.498047,-56.274414,-36.132812
8047,0.923828,-0.759766,0.090332,-3.234863,-51.452637,-48.339844
8048,0.905762,-0.775879,0.018066,6.408691,-35.461426,-70.190430
8049,0.916992,-0.773926,-0.007812,9.216309,-24.841309,-78.918457
8050,0.993164,-0.825684,0.020996,5.554199,-23.498535,-90.332031
8051,1.034668,-0.878418,0.044922,3.234863,-34.118652,-94.970703
8052,1.058594,-0.947266,0.063965,-1.159668,-48.400879,-102.905273
8053,1.160156,-1.045410,0.111328,-18.920898,-71.166992,-120.117188
8054,1.182617,-1.088379,0.127441,-34.606934,-72.692871,-125.427246
8055,1.139160,-1.106445,0.106445,-52.368164,-64.147949,-127.319336
8056,1.007812,-1.146973,0.123535,-71.289062,-21.179199,-118.164062
8057,0.830078,-1.104004,0.082031,-75.744629,9.094238,-107.055664
8058,0.781250,-1.034668,0.076660,-76.782227,37.170410,-88.012695
8059,0.636230,-0.976562,0.030273,-64.636230,67.932129,-33.142090
8060,0.565918,-0.920898,0.023926,-47.729492,66.772461,-6.347656
8061,0.543457,-0.841797,0.014648,-25.024414,54.687500,18.859863
8062,0.556641,-0.787109,0.030762,-0.122070,34.851074,42.602539
8063,0.591797,-0.727051,0.056152,50.537109,-21.606445,77.087402
8064,0.593750,-0.687988,0.023926,78.491211,-48.645020,86.181641
8065,0.585938,-0.584961,0.024902,131.347656,-84.716797,86.975098
8066,0.587402,-0.522949,0.063965,149.475098,-94.604492,82.580566
8067,0.564453,-0.463379,0.075195,158.996582,-100.036621,76.232910
8068,0.533203,-0.411133,0.062012,161.621094,-99.365234,67.993164
8069,0.503418,-0.341309,0.025879,144.592285,-80.749512,49.743652
8070,0.503418,-0.322754,0.027344,128.540039,-63.903809,38.391113
8071,0.494141,-0.326172,0.036621,109.130859,-48.034668,27.343750
8072,0.487793,-0.336914,0.013184,84.411621,-30.090332,16.479492
8073,0.490723,-0.365723,-0.013184,30.944824,8.422852,-2.258301
8074,0.486816,-0.403809,0.011230,6.164551,23.132324,-7.812500
8075,0.492676,-0.489746,0.032715,-27.709961,37.048340,-14.953613
8076,0.496094,-0.554199,0.034668,-37.658691,38.818359,-16.845703
8077,0.508301,-0.600586,0.027344,-42.785645,38.024902,-18.432617
8078,0.521484,-0.629883,0.033691,-43.090820,34.362793,-18.493652
8079,0.537109,-0.663574,0.054199,-35.339355,20.507812,-14.709473
8080,0.548828,-0.667969,0.054688,-27.832031,11.840820,-11.596680
8081,0.559082,-0.673828,0.050781,-17.211914,3.479004,-9.033203
8082,0.562500,-0.683594,-0.003906,8.178711,-4.882812,-10.925293
8083,0.562012,-0.667480,0.008301,17.944336,-3.234863,-14.221191
8084,0.553223,-0.660645,0.017090,23.803711,-1.220703,-16.540527
8085,0.529297,-0.674805,0.030762,27.099609,3.723145,-18.554688
8086,0.543945,-0.712402,-0.002441,27.587891,8.239746,-17.761230
8087,0.564453,-0.749023,0.004883,28.564453,13.549805,-17.944336
8088,0.657715,-0.809570,0.043945,23.010254,17.517090,-17.456055
8089,0.705078,-0.845703,0.049316,16.418457,17.700195,-16.540527
8090,0.727539,-0.891113,0.026367,9.765625,17.944336,-16.174316
8091,0.746582,-0.929688,0.041504,3.845215,20.080566,-18.188477
8092,0.798340,-0.938477,0.125977,1.403809,14.526367,-16.357422
8093,0.916504,-0.966309,0.193848,-3.234863,3.723145,-11.047363
8094,1.084961,-1.051270,0.232910,-14.892578,-12.023926,-3.784180
8095,1.143066,-1.085449,0.245605,-19.409180,-9.643555,-3.234863
8096,1.168457,-1.127930,0.228516,-23.132324,0.183105,-6.408691
8097,1.039062,-1.126953,0.087402,-26.062012,49.804688,-23.742676
8098,0.939453,-1.054199,0.093750,-31.066895,80.688477,-28.747559
8099,0.792480,-0.883301,0.250488,-57.739258,101.562500,-8.117676
8100,0.721680,-0.830566,0.249023,-73.425293,96.069336,10.498047
8101,0.680176,-0.824707,0.221191,-81.726074,84.045410,27.648926
8102,0.765137,-0.815918,0.246094,-79.223633,42.297363,54.016113
8103,0.800293,-0.827637,0.270020,-73.730469,16.784668,62.316895
8104,0.810059,-0.828613,0.260254,-64.331055,-6.408691,65.185547
8105,0.767090,-0.761230,0.215820,-33.813477,-33.935547,60.119629
8106,0.736816,-0.688965,0.223145,-17.883301,-38.696289,54.260254
8107,0.708008,-0.602051,0.231445,-4.028320,-40.466309,51.269531
8108,0.655273,-0.476562,0.187012,19.897461,-28.503418,58.532715
8109,0.652832,-0.434082,0.168945,30.761719,-14.892578,66.406250
8110,0.647461,-0.423340,0.140625,40.161133,1.953125,73.181152
8111,0.651367,-0.418457,0.107910,51.330566,31.372070,72.692871
8112,0.669922,-0.391602,0.061035,51.208496,40.283203,66.467285
8113,0.678223,-0.399414,0.041504,47.912598,44.555664,57.189941
8114,0.688965,-0.441895,0.022949,25.390625,43.273926,33.081055
8115,0.687500,-0.456543,0.017578,8.483887,40.161133,18.554688
8116,0.680176,-0.462402,0.033691,-9.521484,35.705566,4.821777
8117,0.659668,-0.460938,0.091309,-47.973633,21.789551,-13.366699
8118,0.666016,-0.468750,0.098633,-64.636230,14.099121,-17.089844
8119,0.671875,-0.492676,0.097656,-76.904297,9.033203,-17.333984
8120,0.677734,-0.532227,0.097656,-83.740234,6.591797,-15.258789
8121,0.654297,-0.593750,0.132812,-76.232910,5.249023,-12.023926
8122,0.663574,-0.613770,0.155762,-64.392090,2.502441,-11.901855
8123,0.704590,-0.649902,0.139160,-31.127930,-11.291504,-18.310547
8124,0.734375,-0.668945,0.131836,-13.488770,-19.958496,-25.207520
8125,0.767090,-0.674805,0.114258,0.366211,-27.282715,-34.057617
8126,0.833496,-0.689941,0.053711,14.343262,-33.081055,-51.635742
8127,0.855957,-0.722656,0.039062,15.075684,-32.775879,-59.020996
8128,0.873047,-0.739258,-0.000977,12.878418,-30.578613,-66.467285
8129,0.932617,-0.778809,0.028320,6.469727,-25.878906,-75.378418
8130,0.998535,-0.816895,0.063965,-0.061035,-30.517578,-76.660156
8131,1.042480,-0.864746,0.092285,-7.202148,-39.184570,-78.369141
8132,1.074707,-0.913086,0.114746,-18.737793,-58.654785,-88.378906
8133,1.132812,-1.013672,0.176270,-23.010254,-70.861816,-92.041016
8134,1.161133,-1.083984,0.140625,-28.930664,-74.096680,-99.853516
8135,1.169922,-1.107910,0.104004,-33.874512,-66.894531,-107.971191
8136,1.031250,-1.039551,0.072754,-51.086426,-19.042969,-113.342285
8137,0.912598,-0.994629,0.055176,-59.387207,8.300781,-109.436035
8138,0.813965,-0.948730,0.031250,-64.514160,33.142090,-98.022461
8139,0.650391,-0.878906,-0.051270,-55.175781,65.429688,-54.565430
8140,0.576172,-0.835938,-0.053223,-39.611816,66.528320,-27.465820
8141,0.527832,-0.782715,-0.033203,-17.517090,54.626465,1.403809
8142,0.541992,-0.711914,-0.012207,39.978027,4.516602,56.030273
8143,0.574707,-0.669434,0.011230,72.753906,-24.169922,79.040527
8144,0.611816,-0.633789,0.039062,103.149414,-53.894043,97.106934
8145,0.664551,-0.602539,0.045410,154.357910,-107.971191,110.290527
8146,0.683594,-0.567383,0.021973,173.461914,-124.084473,104.064941
8147,0.696777,-0.499512,0.034668,185.180664,-131.469727,92.590332
8148,0.665039,-0.387695,0.034668,176.452637,-123.413086,63.537598
8149,0.657715,-0.351562,-0.028809,158.081055,-105.285645,46.386719
8150,0.633789,-0.336914,0.021973,133.178711,-80.749512,28.808594
8151,0.583496,-0.333496,0.021484,67.993164,-34.118652,-1.159668
8152,0.570312,-0.367676,-0.020020,36.376953,-8.178711,-11.535645
8153,0.548828,-0.395508,-0.009277,8.911133,15.136719,-18.005371
8154,0.536621,-0.428711,0.001953,-35.949707,43.273926,-18.493652
8155,0.525391,-0.485352,-0.017090,-50.598145,52.856445,-16.052246
8156,0.514648,-0.531738,-0.002930,-58.776855,56.884766,-14.038086
8157,0.508301,-0.596680,-0.007812,-59.387207,48.400879,-8.544922
8158,0.519531,-0.632324,-0.039551,-53.222656,41.015625,-4.943848
8159,0.531250,-0.655762,-0.061523,-42.114258,32.226562,-1.525879
8160,0.556641,-0.653320,-0.000488,-11.047363,6.591797,3.967285
8161,0.571777,-0.634766,0.045898,2.380371,-8.422852,5.493164
8162,0.583984,-0.641602,0.053223,14.038086,-22.399902,4.760742
8163,0.594727,-0.664551,0.033203,39.428711,-30.090332,-5.493164
8164,0.585449,-0.656738,0.045898,51.086426,-26.733398,-11.779785
8165,0.567871,-0.645020,0.064941,61.157227,-21.606445,-16.235352
8166,0.574219,-0.641113,0.057129,67.504883,-15.747070,-17.517090
8167,0.617188,-0.696777,0.020508,62.438965,0.488281,-18.371582
8168,0.637207,-0.706543,0.018555,51.818848,8.300781,-19.104004
8169,0.681641,-0.750000,0.003906,19.104004,21.972656,-14.770508
8170,0.681641,-0.800293,0.000977,3.234863,26.123047,-12.695312
8171,0.679199,-0.819824,0.006348,-9.399414,27.954102,-11.840820
8172,0.680664,-0.837891,0.082520,-20.812988,25.085449,-4.089355
8173,0.707031,-0.858887,0.138184,-21.301270,17.395020,1.342773
8174,0.775879,-0.892578,0.167969,-18.920898,6.530762,6.042480
8175,0.954590,-0.984375,0.208984,-15.441895,-14.038086,11.901855
8176,1.043457,-1.058105,0.207031,-14.099121,-19.653320,9.887695
8177,1.085938,-1.151855,0.104004,-5.249023,-8.483887,-11.596680
8178,1.050293,-1.120117,0.036621,-2.929688,16.052246,-24.475098
8179,0.995605,-1.065918,0.026367,-8.605957,48.339844,-32.165527
8180,0.930664,-1.005371,0.100586,-20.568848,73.608398,-31.494141
8181,0.798340,-0.867676,0.164062,-54.565430,89.355469,-4.760742
8182,0.738770,-0.841309,0.137695,-69.519043,90.332031,12.207031
8183,0.724121,-0.822266,0.119141,-77.026367,85.632324,29.418945
8184,0.763184,-0.826660,0.202148,-75.622559,47.485352,58.288574
8185,0.790527,-0.834473,0.228027,-68.298340,19.836426,66.284180
8186,0.804688,-0.828125,0.237305,-39.855957,-27.832031,69.396973
8187,0.791016,-0.787598,0.224121,-22.094727,-40.710449,66.528320
8188,0.768066,-0.731445,0.229004,-4.577637,-45.654297,63.476562
8189,0.747070,-0.668945,0.228516,8.911133,-42.663574,61.218262
8190,0.687988,-0.554688,0.173828,23.132324,-17.517090,61.767578
8191,0.667969,-0.520508,0.143066,25.817871,2.563477,62.072754
8192,0.655273,-0.442383,0.108887,21.118164,35.888672,63.171387
8193,0.636230,-0.412109,0.104004,15.502930,46.020508,63.537598
8194,0.610352,-0.413086,0.077637,8.178711,52.795410,62.622070
8195,0.583984,-0.421875,0.060059,-0.549316,54.992676,51.452637
8196,0.579590,-0.425781,0.060547,-4.089355,49.499512,43.090820
8197,0.575195,-0.438965,0.058594,-7.141113,40.893555,33.752441
8198,0.584961,-0.451172,0.069336,-9.948730,29.968262,24.353027
8199,0.592773,-0.469238,0.100586,-17.089844,5.187988,9.948730
8200,0.608398,-0.469238,0.102051,-20.385742,-5.920410,6.896973
8201,0.626465,-0.481934,0.105957,-21.972656,-15.075684,6.835938
8202,0.674316,-0.506348,0.141113,-21.789551,-29.052734,9.460449
8203,0.721191,-0.529297,0.157227,-20.141602,-35.705566,10.681152
8204,0.774902,-0.569336,0.164062,-17.517090,-42.297363,9.216309
8205,0.876465,-0.624023,0.130371,-8.056641,-48.767090,-3.967285
8206,0.905273,-0.661621,0.100586,-2.563477,-46.508789,-14.343262
8207,0.917480,-0.700195,0.062988,4.150391,-41.992188,-27.160645
8208,0.907715,-0.712402,0.017578,19.836426,-31.799316,-51.391602
8209,0.896973,-0.717285,-0.001465,24.169922,-28.381348,-62.011719
8210,0.908203,-0.721680,-0.029785,26.550293,-27.221680,-70.739746
8211,0.980957,-0.781250,0.008301,20.996094,-37.719727,-79.772949
8212,1.033691,-0.833984,0.020996,14.038086,-50.354004,-85.144043
8213,1.080078,-0.911621,0.026367,6.774902,-64.270020,-91.918945
8214,1.143555,-0.979492,0.021484,0.305176,-76.049805,-101.013184
8215,1.192871,-1.061523,0.092285,-18.737793,-83.862305,-121.765137
8216,1.145020,-1.072266,0.162109,-29.846191,-87.036133,-131.164551
8217,1.030273,-1.084961,0.067871,-64.697266,-41.809082,-138.244629
8218,0.932129,-1.020020,0.046387,-79.406738,-8.850098,-132.446289
8219,0.837402,-0.967285,0.021484,-88.623047,24.475098,-117.187500
8220,0.722656,-0.948730,-0.019531,-90.454102,52.185059,-95.397949
8221,0.507812,-0.879883,-0.023438,-67.138672,76.354980,-38.146973
8222,0.450684,-0.823242,0.037598,-43.762207,64.147949,-7.568359
8223,0.443359,-0.772949,0.077148,-15.075684,36.804199,22.827148
8224,0.497559,-0.730957,0.052246,52.490234,-33.813477,69.030762
8225,0.534180,-0.702637,0.062500,85.388184,-67.443848,82.153320
8226,0.569336,-0.667969,0.064941,115.234375,-97.839355,89.782715
8227,0.622070,-0.591309,0.036621,160.156250,-133.483887,88.989258
8228,0.646973,-0.530273,0.035645,170.471191,-137.695312,82.702637
8229,0.642090,-0.473145,0.035156,171.081543,-134.399414,74.462891
8230,0.614746,-0.385742,0.055664,146.057129,-107.666016,52.246094
8231,0.598145,-0.374512,0.049805,125.244141,-87.646484,40.893555
8232,0.583008,-0.358398,0.044922,78.186035,-43.945312,19.714355
8233,0.584473,-0.363281,0.030762,52.001953,-20.629883,13.488770
8234,0.572754,-0.389648,0.012207,26.245117,2.380371,9.582520
8235,0.559570,-0.445801,0.003906,-13.122559,39.672852,8.544922
8236,0.555664,-0.496582,0.005859,-25.268555,50.292969,8.789062
8237,0.554199,-0.551758,-0.000488,-31.982422,54.809570,7.568359
8238,0.547363,-0.611328,-0.006836,-32.043457,52.612305,4.455566
8239,0.532715,-0.656738,-0.002930,-12.145996,30.090332,-1.647949
8240,0.530273,-0.650879,0.020020,0.488281,13.977051,-1.403809
8241,0.523926,-0.645996,0.027832,22.277832,-15.441895,1.831055
8242,0.567383,-0.583008,-0.021484,28.991699,-21.301270,4.699707
8243,0.577148,-0.595703,-0.003906,32.958984,-19.775391,6.286621
8244,0.589355,-0.625977,-0.004883,36.621094,-17.089844,4.150391
8245,0.599609,-0.693848,-0.028320,47.363281,-10.559082,-8.178711
8246,0.584961,-0.695801,-0.045410,51.330566,-3.356934,-13.732910
8247,0.564453,-0.731934,-0.067871,55.236816,8.483887,-18.493652
8248,0.583496,-0.748047,-0.054688,52.368164,12.939453,-19.775391
8249,0.674316,-0.789551,-0.012695,28.320312,16.967773,-13.793945
8250,0.720703,-0.840820,-0.019531,12.817383,17.822266,-9.460449
8251,0.768066,-0.882324,-0.028320,-0.915527,18.554688,-5.310059
8252,0.736328,-0.941895,-0.011230,-12.573242,22.399902,-2.929688
8253,0.704102,-0.937500,0.030273,-5.920410,22.155762,-3.234863
8254,0.711426,-0.924316,0.117676,4.821777,16.540527,-2.563477
8255,0.753906,-0.924805,0.191406,13.122559,5.554199,0.366211
8256,0.880371,-0.947266,0.213867,26.916504,-18.676758,9.643555
8257,0.942383,-0.971191,0.208008,31.799316,-24.291992,11.962891
8258,0.972168,-1.008301,0.143066,33.569336,-13.000488,0.488281
8259,0.953125,-0.976562,0.097656,28.625488,6.835938,-10.314941
8260,0.924316,-0.938477,0.090332,17.028809,30.700684,-17.578125
8261,0.873047,-0.884277,0.121582,-0.732422,51.574707,-18.493652
8262,0.755371,-0.807129,0.152344,-38.757324,70.556641,0.610352
8263,0.708496,-0.777832,0.134277,-53.527832,75.195312,13.244629
8264,0.687012,-0.756348,0.134277,-64.086914,75.988770,27.709961
8265,0.723145,-0.774414,0.207520,-67.077637,49.072266,52.856445
8266,0.751953,-0.791016,0.249512,-62.438965,24.169922,60.241699
8267,0.783691,-0.807617,0.267578,-52.978516,-3.601074,62.744141
8268,0.797363,-0.812012,0.262207,-38.757324,-27.954102,62.316895
8269,0.796875,-0.740723,0.234375,-5.371094,-52.917480,56.213379
8270,0.780273,-0.693848,0.225098,7.263184,-52.429199,54.504395
8271,0.765625,-0.651367,0.202148,15.686035,-43.823242,53.100586
8272,0.732910,-0.556152,0.130859,23.315430,-10.192871,49.804688
8273,0.704102,-0.520996,0.095215,22.766113,10.009766,47.668457
8274,0.663574,-0.464844,0.047852,18.737793,42.602539,42.358398
8275,0.631348,-0.468750,0.018066,16.784668,52.368164,39.916992
8276,0.608398,-0.468750,0.021973,14.770508,56.091309,35.827637
8277,0.594727,-0.458496,0.031250,11.413574,53.405762,31.188965
8278,0.574219,-0.471191,0.036621,2.380371,36.437988,19.531250
8279,0.585938,-0.487793,0.050293,-3.234863,25.085449,11.352539
8280,0.601074,-0.495117,0.058594,-8.483887,13.183594,4.455566
8281,0.607422,-0.509766,0.074219,-14.160156,-6.591797,-3.845215
8282,0.618652,-0.521973,0.097656,-14.526367,-14.770508,-5.676270
8283,0.623047,-0.527344,0.125000,-12.268066,-23.254395,-6.774902
8284,0.653809,-0.552734,0.141113,0.427246,-38.940430,-9.460449
8285,0.690430,-0.557617,0.146973,9.643555,-44.860840,-11.474609
8286,0.736816,-0.571289,0.144043,16.784668,-49.072266,-14.038086
8287,0.833496,-0.658203,0.075684,29.174805,-52.368164,-25.451660
8288,0.870605,-0.698242,0.056152,37.414551,-53.100586,-36.926270
8289,0.904785,-0.716309,0.050293,44.128418,-54.077148,-49.804688
8290,0.937012,-0.734863,0.009277,43.518066,-52.246094,-68.298340
8291,0.924805,-0.764160,-0.008301,38.513184,-48.522949,-72.082520
8292,0.917969,-0.786621,-0.011719,31.555176,-44.616699,-74.707031
8293,1.005371,-0.868652,0.003906,12.512207,-44.067383,-77.819824
8294,1.066895,-0.946289,0.015625,1.220703,-49.194336,-79.833984
8295,1.072754,-1.019043,0.114258,-5.798340,-63.903809,-82.397461
8296,1.179688,-1.168457,0.099609,-15.502930,-93.750000,-98.693848
8297,1.201660,-1.165039,0.157715,-25.268555,-98.876953,-107.910156
8298,1.102051,-1.087891,0.191406,-52.490234,-80.078125,-111.145020
8299,1.007324,-1.064453,0.159180,-64.453125,-51.086426,-102.722168
8300,0.907715,-1.009766,0.118652,-72.326660,-14.526367,-86.914062
8301,0.800781,-0.972168,0.073730,-74.951172,21.118164,-62.316895
8302,0.620605,-0.909668,0.026855,-60.058594,60.913086,-1.037598
8303,0.550781,-0.861816,0.037109,-41.503906,55.480957,29.113770
8304,0.524414,-0.794434,0.078613,15.258789,-2.441406,78.918457
8305,0.546875,-0.764160,0.104492,49.743652,-47.241211,97.045898
8306,0.575195,-0.727051,0.102539,85.693359,-93.750000,110.595703
8307,0.599609,-0.687012,0.081543,121.093750,-134.216309,118.591309
8308,0.648438,-0.554199,0.091309,180.541992,-183.959961,119.262695
8309,0.661621,-0.464355,0.120605,199.829102,-195.251465,117.004395
8310,0.659180,-0.408691,0.035645,206.420898,-190.368652,111.267090
8311,0.634277,-0.286621,0.125000,198.303223,-162.841797,92.346191
8312,0.608398,-0.261230,0.089844,179.931641,-141.845703,80.017090
8313,0.576172,-0.279785,-0.003418,122.802734,-76.049805,46.569824
8314,0.548828,-0.287598,-0.048340,94.055176,-38.269043,29.541016
8315,0.530273,-0.288574,-0.035156,65.368652,-4.638672,15.563965
8316,0.509277,-0.310059,-0.022949,37.597656,20.629883,5.432129
8317,0.464844,-0.384277,0.000000,-9.704590,46.386719,-10.375977
8318,0.457031,-0.414551,0.012207,-25.939941,47.424316,-14.770508
8319,0.454590,-0.460449,0.025391,-37.353516,42.175293,-17.089844
8320,0.462891,-0.557129,0.038574,-46.691895,19.104004,-17.578125
8321,0.517578,-0.618164,0.000000,-37.719727,-4.455566,-14.770508
8322,0.535645,-0.662598,-0.012207,-28.076172,-13.183594,-11.535645
8323,0.545898,-0.697266,-0.023926,-12.939453,-19.897461,-9.399414
8324,0.550293,-0.706543,0.020020,31.677246,-29.724121,-11.047363
8325,0.566895,-0.702148,0.040527,54.931641,-31.982422,-12.573242
8326,0.578125,-0.683594,0.021484,73.486328,-30.212402,-14.221191
8327,0.596191,-0.685547,0.021973,95.336914,-20.751953,-17.944336
8328,0.629395,-0.710449,0.000977,98.876953,-20.690918,-20.812988
8329,0.657227,-0.743652,-0.031738,98.632812,-21.118164,-24.353027
8330,0.675293,-0.764648,-0.048340,93.200684,-19.592285,-27.832031
8331,0.705566,-0.794922,-0.041992,67.443848,-10.314941,-32.592773
8332,0.734863,-0.805664,-0.011230,52.612305,-9.277344,-30.517578
8333,0.784668,-0.865723,0.031250,39.367676,-12.023926,-26.123047
8334,0.982910,-1.011230,0.140625,20.507812,-27.282715,-21.545410
8335,1.056641,-1.081055,0.183105,16.540527,-37.841797,-22.521973
8336,1.116699,-1.143555,0.166504,14.892578,-44.067383,-31.555176
8337,1.063965,-1.157227,0.148926,15.136719,-35.766602,-40.710449
8338,1.006836,-1.086426,0.131348,13.488770,-18.676758,-49.194336
8339,0.922852,-0.991699,0.187988,7.202148,1.831055,-50.292969
8340,0.796387,-0.914062,0.133301,-22.644043,43.579102,-38.391113
8341,0.775879,-0.886230,0.111816,-35.095215,61.462402,-21.911621
8342,0.722656,-0.859863,0.122070,-43.884277,71.777344,-1.831055
8343,0.679199,-0.836914,0.098633,-51.269531,71.105957,27.404785
8344,0.696289,-0.843262,0.097168,-46.997070,59.143066,38.696289
8345,0.732422,-0.858398,0.152832,-28.259277,13.549805,50.598145
8346,0.748535,-0.841797,0.190430,-15.319824,-16.113281,51.391602
8347,0.755371,-0.821777,0.200684,-3.112793,-41.625977,51.330566
8348,0.760742,-0.792969,0.191406,8.728027,-58.715820,50.720215
8349,0.748535,-0.707031,0.199707,27.770996,-67.626953,49.743652
8350,0.724121,-0.658203,0.189453,34.973145,-61.096191,50.476074
8351,0.663086,-0.575195,0.148438,46.142578,-34.973145,49.743652
8352,0.631348,-0.535156,0.119141,49.987793,-19.653320,49.133301
8353,0.609863,-0.493652,0.103516,49.621582,-5.432129,48.645020
8354,0.583984,-0.440430,0.063965,41.259766,12.634277,47.729492
8355,0.580566,-0.437500,0.045410,35.156250,18.127441,46.081543
8356,0.579590,-0.436035,0.026367,28.076172,21.423340,42.480469
8357,0.580078,-0.428223,0.023926,20.507812,22.277832,37.414551
8358,0.590820,-0.434570,0.033691,2.624512,15.930176,28.137207
8359,0.585449,-0.460938,0.047852,-3.601074,9.521484,23.498535
8360,0.580078,-0.483398,0.067871,-7.934570,1.525879,17.639160
8361,0.600586,-0.500000,0.099121,-14.221191,-14.221191,5.615234
8362,0.622559,-0.516602,0.105957,-15.930176,-20.324707,0.976562
8363,0.649414,-0.535156,0.110840,-17.089844,-25.024414,-2.929688
8364,0.722656,-0.591309,0.110352,-16.601562,-32.287598,-9.338379
8365,0.784180,-0.636719,0.106445,-16.357422,-36.987305,-12.695312
8366,0.842285,-0.684082,0.100586,-15.258789,-43.518066,-17.028809
8367,0.938965,-0.785645,0.076172,-9.521484,-57.006836,-31.738281
8368,0.957520,-0.835449,0.062012,-4.211426,-61.279297,-41.931152
8369,0.950684,-0.841797,0.047363,2.929688,-61.584473,-53.466797
8370,0.921875,-0.805664,0.058105,17.211914,-52.368164,-69.396973
8371,0.911621,-0.787598,0.048828,20.324707,-45.043945,-70.678711
8372,0.871582,-0.796875,0.056641,21.606445,-41.564941,-68.664551
8373,0.926270,-0.852539,-0.014648,19.714355,-37.353516,-60.607910
8374,0.984863,-0.926270,0.004395,17.639160,-46.691895,-57.495117
8375,1.038574,-0.983887,0.072266,15.136719,-65.368652,-59.326172
8376,1.090820,-1.087402,0.138184,3.845215,-109.985352,-77.941895
8377,1.089844,-1.082520,0.153320,-6.103516,-116.333008,-90.454102
8378,1.082031,-1.057129,0.170898,-22.155762,-108.520508,-99.792480
8379,0.937988,-0.997559,0.126953,-66.406250,-48.522949,-100.708008
8380,0.848633,-0.926270,0.077637,-88.134766,-4.455566,-88.134766
8381,0.770508,-0.890625,-0.022949,-104.370117,40.893555,-61.218262
8382,0.664551,-0.871094,-0.110352,-108.215332,78.491211,-26.306152
8383,0.481445,-0.775391,-0.055664,-67.626953,90.454102,48.828125
8384,0.472168,-0.747070,0.025879,-30.212402,58.715820,79.101562
8385,0.536133,-0.658203,0.114258,68.603516,-45.532227,119.995117
8386,0.572754,-0.643555,0.111816,120.788574,-101.989746,129.699707
8387,0.612793,-0.625977,0.052246,169.128418,-147.216797,129.089355
8388,0.675781,-0.500977,0.000000,242.492676,-189.819336,105.957031
8389,0.684570,-0.401367,0.042480,255.676270,-193.359375,91.979980
8390,0.666504,-0.337402,0.051758,247.070312,-181.213379,77.880859
8391,0.636230,-0.240234,0.075195,193.054199,-142.089844,52.734375
8392,0.632324,-0.240723,0.018555,155.639648,-109.802246,41.259766
8393,0.622070,-0.277344,-0.041504,115.600586,-68.603516,29.846191
8394,0.583496,-0.329102,-0.054688,50.537109,11.718750,8.911133
8395,0.549805,-0.341797,-0.032715,21.606445,38.146973,1.464844
8396,0.476562,-0.403809,-0.001953,-20.263672,59.570312,-11.352539
8397,0.454102,-0.441406,0.014160,-31.982422,56.518555,-18.066406
8398,0.431152,-0.495605,0.037109,-36.804199,46.691895,-24.719238
8399,0.493164,-0.553223,0.021484,-33.325195,15.380859,-34.423828
8400,0.520508,-0.601562,0.028320,-30.334473,4.699707,-34.973145
8401,0.541504,-0.646484,0.043945,-29.052734,-2.014160,-34.790039
8402,0.568848,-0.681152,0.053711,-16.662598,-10.559082,-28.808594
8403,0.561035,-0.725586,0.015625,-2.929688,-11.230469,-24.780273
8404,0.531738,-0.722656,-0.005859,14.892578,-7.873535,-21.850586
8405,0.533203,-0.701660,0.025879,31.738281,-2.807617,-20.812988
8406,0.553223,-0.701172,0.034180,51.330566,2.319336,-17.761230
8407,0.571289,-0.732910,-0.001465,57.189941,2.624512,-19.470215
8408,0.647949,-0.769043,-0.076172,59.143066,4.577637,-22.338867
8409,0.665039,-0.792480,-0.076660,55.053711,7.873535,-22.949219
8410,0.683105,-0.825195,-0.060059,47.729492,10.864258,-23.681641
8411,0.675293,-0.838379,0.013184,35.644531,10.803223,-25.146484
8412,0.706543,-0.851562,0.073242,30.273438,6.408691,-25.451660
8413,0.795410,-0.862793,0.105469,25.817871,-0.610352,-22.094727
8414,0.977051,-1.002441,0.193359,16.052246,-18.432617,-13.244629
8415,1.062988,-1.038574,0.209473,12.268066,-26.184082,-12.878418
8416,1.121094,-1.096191,0.210449,6.530762,-29.296875,-16.418457
8417,1.113281,-1.145508,0.146973,-5.615234,-13.977051,-34.179688
8418,1.034180,-1.090332,0.136230,-11.413574,6.408691,-44.982910
8419,0.933594,-1.029297,0.137207,-21.972656,30.883789,-51.635742
8420,0.831055,-0.864746,0.182129,-56.274414,66.833496,-43.762207
8421,0.778320,-0.835938,0.176758,-76.171875,75.744629,-26.000977
8422,0.705566,-0.813477,0.120605,-100.463867,82.641602,15.136719
8423,0.719238,-0.826660,0.148438,-100.952148,74.462891,33.569336
8424,0.752441,-0.838379,0.184570,-95.336914,55.908203,48.278809
8425,0.786133,-0.846191,0.208496,-84.289551,31.005859,58.166504
8426,0.807129,-0.852051,0.223145,-49.438477,-19.226074,63.720703
8427,0.805176,-0.807129,0.224609,-28.564453,-36.254883,61.767578
8428,0.790527,-0.748535,0.233887,-8.728027,-45.471191,59.814453
8429,0.730469,-0.611816,0.229004,18.615723,-39.672852,59.143066
8430,0.698242,-0.552734,0.196777,29.235840,-28.564453,59.692383
8431,0.621582,-0.479492,0.106445,45.043945,4.760742,56.640625
8432,0.615723,-0.445312,0.073730,45.837402,22.155762,52.795410
8433,0.599609,-0.415039,0.028809,42.846680,37.658691,50.109863
8434,0.568848,-0.403809,-0.005371,38.085938,50.964355,46.936035
8435,0.522461,-0.416504,0.010254,17.272949,61.218262,36.560059
8436,0.508301,-0.423828,0.015625,3.662109,57.739258,31.311035
8437,0.505859,-0.455566,0.026367,-9.399414,48.645020,25.329590
8438,0.508301,-0.501953,0.073242,-29.541016,14.709473,14.282227
8439,0.512695,-0.500977,0.083984,-37.902832,-4.455566,12.145996
8440,0.574707,-0.551270,0.078613,-51.330566,-28.747559,15.014648
8441,0.604492,-0.571777,0.098145,-54.443359,-36.804199,16.296387
8442,0.646484,-0.586426,0.127930,-55.236816,-44.677734,18.005371
8443,0.750000,-0.660645,0.157227,-49.682617,-58.288574,19.653320
8444,0.823730,-0.703613,0.154297,-44.250488,-61.950684,17.272949
8445,0.885742,-0.737305,0.138184,-37.353516,-62.194824,12.817383
8446,0.917480,-0.782227,0.084473,-21.118164,-50.354004,-4.028320
8447,0.899902,-0.798828,0.059082,-10.864258,-41.137695,-16.296387
8448,0.883789,-0.802246,0.046387,0.854492,-33.691406,-28.259277
8449,0.867676,-0.785156,0.037598,15.502930,-26.977539,-42.724609
8450,0.893066,-0.795898,-0.036133,17.578125,-23.376465,-45.776367
8451,0.924805,-0.817871,-0.083496,18.249512,-18.432617,-47.119141
8452,0.973145,-0.924316,-0.061035,13.061523,-20.629883,-50.659180
8453,0.972656,-0.956543,-0.022949,10.375977,-32.470703,-56.457520
8454,0.985352,-0.965332,0.045410,6.652832,-54.870605,-60.852051
8455,1.030762,-1.034668,0.112793,-15.563965,-88.989258,-74.157715
8456,1.032715,-1.044922,0.109375,-33.203125,-91.369629,-81.298828
8457,1.016113,-1.020508,0.079590,-52.490234,-79.467773,-85.815430
8458,0.948242,-0.987305,0.041016,-71.166992,-52.001953,-86.303711
8459,0.844238,-0.927734,0.001953,-109.069824,19.653320,-65.795898
8460,0.780762,-0.897461,-0.054688,-119.262695,49.682617,-38.940430
8461,0.693359,-0.867676,-0.121582,-116.455078,71.105957,-5.493164
8462,0.591309,-0.822266,-0.100098,-70.922852,70.129395,55.541992
8463,0.585449,-0.789551,-0.055664,-33.386230,43.823242,78.613281
8464,0.595703,-0.745605,-0.028809,12.084961,6.958008,95.336914
8465,0.592773,-0.648926,0.041992,110.473633,-79.406738,107.360840
8466,0.601074,-0.591309,0.032715,151.733398,-115.783691,101.440430
8467,0.607910,-0.532227,0.007812,182.250977,-139.587402,91.003418
8468,0.622070,-0.454590,0.001953,199.035645,-150.268555,77.941895
8469,0.592773,-0.354004,-0.001465,186.279297,-137.084961,51.208496
8470,0.576660,-0.329102,-0.004395,164.916992,-117.187500,37.414551
8471,0.533203,-0.285156,0.009277,108.886719,-65.979004,12.207031
8472,0.519531,-0.289551,0.000977,75.866699,-36.865234,4.150391
8473,0.518555,-0.310059,-0.020996,40.527344,-6.774902,-1.647949
8474,0.509766,-0.402832,-0.046387,-20.080566,38.940430,-7.385254
8475,0.465820,-0.456543,-0.050293,-40.161133,52.368164,-10.437012
8476,0.434570,-0.482910,-0.026367,-51.574707,57.006836,-13.977051
8477,0.413086,-0.540039,0.024414,-59.692383,42.541504,-17.456055
8478,0.421387,-0.575684,0.014160,-55.541992,31.188965,-17.578125
8479,0.437012,-0.609863,0.001465,-47.424316,20.812988,-17.272949
8480,0.462891,-0.634277,-0.017090,-28.015137,9.216309,-16.418457
8481,0.461426,-0.650391,-0.028809,-17.272949,8.422852,-14.465332
8482,0.448242,-0.672363,-0.047852,-4.882812,9.216309,-12.512207
8483,0.449219,-0.691406,-0.057129,10.803223,10.253906,-11.352539
8484,0.467285,-0.720703,-0.055176,43.640137,4.272461,-12.084961
8485,0.478027,-0.716309,-0.071289,54.138184,-0.427246,-13.671875
8486,0.494629,-0.720215,-0.088867,59.936523,-3.479004,-14.709473
8487,0.549316,-0.742676,-0.108887,59.326172,-6.164551,-16.113281
8488,0.587891,-0.785156,-0.091797,51.391602,-7.263184,-15.075684
8489,0.625000,-0.820801,-0.107422,39.306641,-7.080078,-14.770508
8490,0.639160,-0.833496,-0.121582,29.113770,-4.699707,-14.404297
8491,0.625488,-0.845215,-0.059082,11.901855,0.427246,-11.413574
8492,0.628418,-0.841797,-0.011230,8.483887,0.366211,-9.033203
8493,0.636230,-0.840332,0.041992,12.512207,-2.929688,-6.958008
8494,0.670410,-0.856445,0.084473,18.249512,-6.652832,-8.911133
8495,0.764648,-0.866699,0.136230,22.888184,-13.977051,-11.291504
8496,0.935547,-0.939453,0.145020,22.155762,-27.160645,-16.845703
8497,0.986328,-1.000977,0.128418,19.348145,-25.817871,-24.475098
8498,1.034668,-1.054688,0.120605,13.854980,-17.578125,-35.644531
8499,1.124023,-1.072754,0.061523,1.464844,-0.305176,-44.006348
8500,1.137695,-1.142578,-0.034668,-42.480469,54.260254,-52.246094
8501,1.053223,-1.126465,-0.001953,-69.091797,79.650879,-52.917480
8502,0.891602,-0.990723,0.129395,-117.126465,100.097656,-34.362793
8503,0.858887,-0.969238,0.155273,-137.695312,95.458984,-15.502930
8504,0.841309,-0.950195,0.179199,-152.587891,85.754395,4.272461
8505,0.823242,-0.939453,0.198730,-158.752441,72.570801,22.888184
8506,0.806152,-0.964844,0.233887,-136.657715,38.818359,46.813965
8507,0.802734,-0.939453,0.251465,-113.525391,20.080566,51.513672
8508,0.797852,-0.888672,0.231934,-87.280273,5.615234,54.138184
8509,0.744141,-0.781250,0.166992,-32.043457,-0.610352,57.250977
8510,0.708008,-0.701172,0.148926,-9.033203,5.371094,58.837891
8511,0.668945,-0.641602,0.111328,11.596680,14.526367,61.584473
8512,0.640625,-0.588867,0.067383,29.724121,25.512695,63.781738
8513,0.600098,-0.500000,-0.029297,58.959961,45.043945,66.345215
8514,0.573730,-0.462402,-0.063477,67.260742,53.833008,65.917969
8515,0.546387,-0.436523,-0.097656,70.617676,59.509277,64.331055
8516,0.521484,-0.426270,-0.119629,70.434570,60.852051,60.180664
8517,0.476074,-0.414551,-0.083496,60.546875,46.020508,44.067383
8518,0.456543,-0.410156,-0.056641,50.842285,30.334473,34.851074
8519,0.452148,-0.426758,-0.019531,25.634766,-9.094238,19.531250
8520,0.484375,-0.436035,-0.022949,11.108398,-24.780273,13.671875
8521,0.501953,-0.433594,0.011230,-20.812988,-41.931152,13.122559
8522,0.557129,-0.484863,0.079102,-34.484863,-48.400879,14.038086
8523,0.594727,-0.513672,0.093262,-44.494629,-53.283691,15.197754
8524,0.645020,-0.553711,0.103516,-50.170898,-56.213379,16.174316
8525,0.785156,-0.649902,0.094727,-48.950195,-57.067871,14.465332
8526,0.851562,-0.710938,0.080078,-42.663574,-55.358887,10.375977
8527,0.920410,-0.777344,0.029785,-18.127441,-45.349121,-10.314941
8528,0.927734,-0.778809,0.024414,-5.065918,-37.963867,-23.315430
8529,0.920898,-0.773926,0.005371,5.310059,-31.677246,-34.484863
8530,0.920410,-0.801758,-0.040527,17.700195,-22.521973,-51.269531
8531,0.941895,-0.831055,-0.084473,20.812988,-20.874023,-56.457520
8532,0.978027,-0.877930,-0.129395,22.460938,-20.996094,-59.326172
8533,1.068359,-0.993652,-0.124023,19.775391,-32.653809,-64.697266
8534,1.091797,-1.070801,-0.081543,12.145996,-47.424316,-68.786621
8535,1.123047,-1.122070,-0.057129,5.737305,-66.589355,-76.171875
8536,1.130371,-1.146484,-0.034668,-6.286621,-87.219238,-91.918945
8537,1.085449,-1.112793,-0.030762,-15.625000,-82.275391,-95.581055
8538,1.006836,-1.054688,-0.027832,-26.977539,-64.636230,-94.909668
8539,0.807617,-0.955078,-0.104004,-52.734375,-7.690430,-76.965332
8540,0.742676,-0.923828,-0.162109,-61.889648,22.094727,-59.387207
8541,0.670898,-0.885254,-0.185547,-67.504883,45.837402,-35.888672
8542,0.543457,-0.792480,-0.131348,-61.950684,53.588867,13.244629
8543,0.529297,-0.774414,-0.073242,-49.194336,34.606934,32.775879
8544,0.553711,-0.752930,-0.007324,-31.005859,3.906250,47.607422
8545,0.593750,-0.729980,0.022949,19.775391,-66.650391,62.805176
8546,0.614746,-0.684082,0.053711,48.583984,-96.618652,63.232422
8547,0.622070,-0.631836,0.094727,74.707031,-121.093750,61.706543
8548,0.622559,-0.532715,0.148926,111.022949,-146.850586,52.307129
8549,0.606445,-0.465332,0.152832,119.140625,-146.606445,46.325684
8550,0.588867,-0.420898,0.145996,118.835449,-136.047363,41.503906
8551,0.544922,-0.395508,0.104004,101.989746,-93.322754,29.846191
8552,0.523926,-0.396973,0.078125,93.200684,-67.687988,23.620605
8553,0.501953,-0.406250,0.059570,84.838867,-43.090820,17.333984
8554,0.465332,-0.387695,0.039062,68.969727,-10.925293,9.643555
8555,0.457031,-0.382324,0.025391,59.570312,-2.685547,7.934570
8556,0.457031,-0.390137,0.007812,50.048828,2.014160,6.713867
8557,0.482422,-0.446777,-0.017090,32.409668,3.479004,2.258301
8558,0.500488,-0.493164,-0.036621,24.475098,3.234863,-2.624512
8559,0.520020,-0.544922,-0.054688,17.150879,3.051758,-8.728027
8560,0.534668,-0.602539,-0.109375,7.385254,5.371094,-19.348145
8561,0.534180,-0.603027,-0.083984,7.202148,8.850098,-21.911621
8562,0.536133,-0.613281,-0.057129,5.981445,11.291504,-21.362305
8563,0.552246,-0.649414,-0.077637,9.033203,13.977051,-15.563965
8564,0.539062,-0.680664,-0.106445,18.676758,15.869141,-13.549805
8565,0.532715,-0.685547,-0.138184,43.823242,18.371582,-15.258789
8566,0.541016,-0.681641,-0.167969,54.138184,18.737793,-15.563965
8567,0.538574,-0.702637,-0.187012,61.828613,18.798828,-16.357422
8568,0.570801,-0.753418,-0.213867,76.538086,12.023926,-23.071289
8569,0.597656,-0.782227,-0.184570,80.078125,6.164551,-27.465820
8570,0.626465,-0.788574,-0.159180,80.261230,-0.183105,-31.555176
8571,0.688965,-0.801758,-0.078613,65.124512,-10.070801,-33.020020
8572,0.727539,-0.812012,-0.072266,51.757812,-10.314941,-31.127930
8573,0.754883,-0.825195,-0.055176,38.208008,-8.483887,-27.221680
8574,0.864746,-0.928711,0.019531,20.202637,-12.634277,-18.615723
8575,0.919922,-0.964355,0.054199,15.014648,-19.348145,-15.258789
8576,0.968750,-1.000977,0.063477,11.108398,-26.306152,-14.282227
8577,1.086426,-1.092285,0.063965,10.498047,-31.433105,-19.714355
8578,1.128906,-1.111816,0.072266,11.535645,-28.625488,-25.695801
8579,1.120605,-1.101562,0.079590,10.070801,-22.155762,-32.409668
8580,0.885742,-1.005859,0.042480,-4.272461,8.239746,-50.231934
8581,0.785645,-0.915527,0.088867,-14.892578,25.634766,-53.771973
8582,0.717285,-0.847168,0.145020,-28.381348,36.926270,-48.583984
8583,0.634277,-0.737305,0.155762,-61.279297,47.973633,-17.456055
8584,0.619629,-0.755859,0.129883,-77.087402,53.100586,0.671387
8585,0.632324,-0.794922,0.080078,-83.923340,55.419922,14.709473
8586,0.661133,-0.817871,0.108887,-83.618164,51.086426,24.230957
8587,0.723145,-0.820312,0.184082,-75.317383,20.568848,32.043457
8588,0.755371,-0.829102,0.199707,-69.396973,2.441406,32.531738
8589,0.770996,-0.840820,0.217773,-62.255859,-13.183594,31.555176
8590,0.740723,-0.812988,0.237793,-48.645020,-30.395508,28.198242
8591,0.710938,-0.767090,0.233398,-43.701172,-30.883789,30.944824
8592,0.687500,-0.742188,0.227539,-38.208008,-26.428223,36.499023
8593,0.647461,-0.671387,0.218262,-21.911621,-11.413574,50.415039
8594,0.631348,-0.655762,0.204590,-10.803223,-5.004883,57.739258
8595,0.630859,-0.647949,0.166992,2.197266,-0.183105,62.133789
8596,0.643555,-0.596191,0.099609,29.052734,4.516602,62.500000
8597,0.638672,-0.567383,0.074219,39.184570,5.004883,60.241699
8598,0.631836,-0.550293,0.061523,45.288086,5.554199,55.969238
8599,0.626465,-0.522949,0.041504,45.532227,2.014160,45.043945
8600,0.624512,-0.509766,0.032227,40.710449,-1.953125,40.283203
8601,0.633789,-0.509277,0.042969,32.836914,-6.530762,35.766602
8602,0.685547,-0.522461,0.060547,10.375977,-15.991211,28.686523
8603,0.707031,-0.534668,0.061523,-1.281738,-17.578125,27.221680
8604,0.727539,-0.556641,0.064941,-10.681152,-15.808105,26.794434
8605,0.727539,-0.601074,0.076660,-18.066406,-9.521484,22.705078
8606,0.713379,-0.615723,0.084961,-14.404297,-7.507324,17.639160
8607,0.709961,-0.621094,0.100098,-10.009766,-8.178711,11.230469
8608,0.704102,-0.617676,0.099609,-7.141113,-10.070801,4.211426
8609,0.692871,-0.595215,0.059570,-7.629395,-10.620117,-7.141113
8610,0.706055,-0.610352,0.045898,-9.399414,-9.704590,-11.413574
8611,0.712891,-0.639648,0.030762,-11.535645,-9.948730,-16.723633
8612,0.734375,-0.693359,-0.014648,-12.329102,-12.084961,-29.113770
8613,0.750000,-0.728516,-0.024414,-10.925293,-13.427734,-34.606934
8614,0.771973,-0.765137,-0.020508,-9.704590,-16.052246,-39.550781
8615,0.778320,-0.812500,-0.029297,-8.178711,-23.925781,-47.912598
8616,0.784180,-0.826172,-0.046387,-7.385254,-26.489258,-50.292969
8617,0.809082,-0.844727,-0.049805,-6.042480,-29.602051,-51.452637
8618,0.868652,-0.905273,-0.042480,-4.821777,-39.855957,-49.804688
8619,0.911621,-0.947754,-0.020508,-4.943848,-48.217773,-49.316406
8620,0.997559,-1.012695,0.049316,-4.821777,-68.420410,-51.574707
8621,1.015625,-1.043457,0.074707,-5.493164,-76.354980,-54.565430
8622,1.025879,-1.041016,0.064453,-7.568359,-77.148438,-62.927246
8623,1.016602,-1.027832,0.031738,-9.765625,-66.223145,-64.697266
8624,0.984375,-0.993652,-0.020996,-12.268066,-46.508789,-62.866211
8625,0.911133,-0.953125,-0.062012,-15.258789,-20.080566,-56.640625
8626,0.679199,-0.875977,-0.135742,-17.700195,32.409668,-36.132812
8627,0.568848,-0.806152,-0.155273,-14.892578,48.156738,-22.766113
8628,0.474121,-0.687988,-0.092773,-2.319336,45.593262,13.732910
8629,0.466797,-0.677734,-0.041504,4.699707,26.672363,32.836914
8630,0.463867,-0.673340,-0.020508,15.686035,-1.098633,47.851562
8631,0.480957,-0.662598,-0.021484,32.470703,-32.104492,57.250977
8632,0.571289,-0.631836,-0.007812,67.382812,-83.984375,65.429688
8633,0.628906,-0.605957,0.004883,81.542969,-100.036621,65.185547
8634,0.673340,-0.577148,0.020020,91.308594,-108.886719,62.377930
8635,0.715820,-0.545410,0.020996,96.862793,-104.431152,48.522949
8636,0.722168,-0.501953,0.028320,92.102051,-92.224121,39.001465
8637,0.705566,-0.475098,0.000488,82.885742,-73.364258,29.541016
8638,0.666992,-0.443848,-0.054199,52.978516,-19.775391,14.160156
8639,0.638672,-0.437500,-0.048828,37.658691,5.065918,8.361816
8640,0.629395,-0.431152,-0.049805,22.155762,23.193359,4.577637
8641,0.618652,-0.447754,-0.056641,7.812500,36.437988,1.831055
8642,0.601074,-0.515625,-0.075684,-12.512207,51.452637,-6.408691
8643,0.586914,-0.536133,-0.082031,-17.028809,53.222656,-10.559082
8644,0.569824,-0.576660,-0.090332,-19.897461,48.583984,-14.282227
8645,0.572266,-0.594238,-0.089844,-19.897461,43.579102,-14.099121
8646,0.584961,-0.615723,-0.078613,-20.629883,37.231445,-12.451172
8647,0.610840,-0.652832,-0.068848,-17.700195,23.559570,-5.432129
8648,0.614746,-0.682129,-0.052246,-12.756348,17.089844,-2.319336
8649,0.623535,-0.705566,-0.046387,-4.760742,10.864258,-1.831055
8650,0.630859,-0.708008,-0.041016,5.981445,5.676270,-3.540039
8651,0.623047,-0.673340,-0.028809,22.766113,2.441406,-7.995605
8652,0.618652,-0.661621,-0.036133,26.306152,5.615234,-10.009766
8653,0.608398,-0.663086,-0.051758,26.916504,17.272949,-12.939453
8654,0.600098,-0.666016,-0.057129,25.512695,23.193359,-14.282227
8655,0.592773,-0.668457,-0.060059,23.742676,27.587891,-15.686035
8656,0.580078,-0.681152,-0.053711,17.517090,30.151367,-19.897461
8657,0.572266,-0.681152,-0.054688,13.122559,30.395508,-23.132324
8658,0.570312,-0.681641,-0.044922,7.507324,30.639648,-25.451660
8659,0.576172,-0.682617,-0.034668,-0.183105,31.494141,-26.000977
8660,0.572266,-0.700684,-0.029785,-13.061523,36.132812,-22.766113
8661,0.564941,-0.719727,-0.005371,-16.967773,38.208008,-19.531250
8662,0.556641,-0.736816,0.017090,-18.188477,38.696289,-16.235352
8663,0.558594,-0.753418,0.046387,-11.169434,33.630371,-9.948730
8664,0.564453,-0.768555,0.065430,-4.394531,28.930664,-7.324219
8665,0.583984,-0.768555,0.089355,3.051758,22.644043,-4.577637
8666,0.638184,-0.774902,0.150391,17.333984,5.371094,0.305176
8667,0.687988,-0.784180,0.179199,22.888184,-3.479004,0.244141
8668,0.797363,-0.797852,0.207520,30.822754,-15.014648,-3.967285
8669,0.870117,-0.790527,0.243652,31.860352,-15.930176,-5.371094
8670,0.928223,-0.803223,0.268555,29.052734,-14.648438,-5.371094
8671,1.008301,-0.842773,0.257324,15.625000,0.610352,-4.760742
8672,0.992188,-0.844727,0.237305,7.202148,16.052246,-6.652832
8673,0.962402,-0.812500,0.220703,0.427246,34.790039,-8.666992
8674,0.921387,-0.772949,0.228027,-5.737305,52.429199,-8.850098
8675,0.860840,-0.721191,0.216309,-16.967773,73.486328,-4.638672
8676,0.854004,-0.710938,0.193359,-19.836426,77.148438,-0.976562
8677,0.892578,-0.737793,0.151855,-25.207520,71.716309,4.943848
8678,0.916504,-0.741211,0.127441,-27.709961,64.025879,6.591797
8679,0.914551,-0.759277,0.120117,-28.869629,54.199219,7.019043
8680,0.910156,-0.764648,0.135254,-30.273438,42.968750,6.225586
8681,0.897461,-0.724121,0.158203,-29.663086,22.949219,7.446289
8682,0.888672,-0.699219,0.166016,-28.259277,18.005371,9.338379
8683,0.890625,-0.667969,0.166504,-26.733398,16.479492,11.108398
8684,0.877441,-0.646973,0.136719,-25.146484,22.705078,13.244629
8685,0.854004,-0.645020,0.116699,-24.719238,29.296875,10.803223
8686,0.789062,-0.613770,0.096680,-29.724121,41.381836,6.347656
8687,0.754883,-0.611328,0.090820,-33.691406,44.311523,5.371094
8688,0.727539,-0.608887,0.091309,-37.658691,44.128418,5.310059
8689,0.686035,-0.604492,0.085449,-43.579102,36.010742,8.117676
8690,0.668457,-0.602539,0.088867,-44.250488,28.442383,10.681152
8691,0.662598,-0.601562,0.106445,-43.334961,19.165039,14.160156
8692,0.681641,-0.615234,0.128418,-36.376953,-1.708984,21.423340
8693,0.690918,-0.613281,0.146973,-30.822754,-10.314941,24.414062
8694,0.706543,-0.615234,0.163574,-16.540527,-26.977539,27.709961
8695,0.737793,-0.639160,0.203613,-6.896973,-35.888672,26.794434
8696,0.762695,-0.639648,0.211426,2.563477,-44.189453,24.169922
8697,0.789551,-0.641113,0.213379,9.704590,-50.048828,20.935059
8698,0.817871,-0.640625,0.215332,11.474609,-50.781250,12.634277
8699,0.825684,-0.633789,0.220215,7.446289,-47.241211,9.216309
8700,0.824707,-0.625000,0.250488,-6.713867,-38.879395,4.577637
8701,0.827148,-0.629395,0.256348,-13.916016,-34.973145,4.028320
8702,0.827148,-0.633789,0.261719,-19.409180,-31.188965,4.577637
8703,0.814941,-0.640137,0.262207,-22.094727,-27.587891,5.249023
8704,0.791992,-0.645996,0.257324,-17.944336,-21.911621,5.310059
8705,0.786621,-0.641113,0.256836,-10.620117,-20.507812,3.295898
8706,0.774902,-0.632324,0.250000,-1.892090,-20.019531,-0.183105
8707,0.759766,-0.617188,0.232422,7.263184,-20.019531,-4.028320
8708,0.736328,-0.588379,0.187988,25.268555,-21.667480,-12.207031
8709,0.725098,-0.578125,0.184082,31.616211,-24.414062,-16.357422
8710,0.725098,-0.569336,0.168457,33.874512,-31.127930,-23.620605
8711,0.727051,-0.567871,0.159180,32.470703,-33.996582,-26.428223
8712,0.730957,-0.570312,0.161621,30.090332,-36.621094,-28.869629
8713,0.735840,-0.578125,0.169434,26.550293,-38.574219,-30.517578
8714,0.732422,-0.604980,0.175293,21.789551,-38.696289,-34.057617
8715,0.739258,-0.606934,0.182129,20.019531,-36.254883,-36.682129
8716,0.748535,-0.606445,0.177246,12.451172,-27.770996,-37.231445
8717,0.765137,-0.648438,0.130859,9.277344,-22.827148,-37.963867
8718,0.773438,-0.671875,0.109863,7.568359,-19.287109,-39.367676
8719,0.773438,-0.691406,0.092773,7.385254,-17.578125,-41.809082
8720,0.782715,-0.739258,0.059082,13.305664,-17.883301,-49.865723
8721,0.789062,-0.755371,0.043945,19.653320,-19.042969,-54.870605
8722,0.785645,-0.762695,0.034180,25.390625,-20.385742,-59.509277
8723,0.773926,-0.761230,0.002441,29.052734,-18.554688,-64.208984
8724,0.763184,-0.754395,-0.023438,26.550293,-14.526367,-64.453125
8725,0.745117,-0.748535,-0.047363,23.132324,-9.582520,-63.049316
8726,0.708984,-0.748535,-0.085449,10.864258,-1.281738,-55.603027
8727,0.698730,-0.736816,-0.116211,5.554199,0.793457,-49.926758
8728,0.696289,-0.751953,-0.104980,1.525879,0.061035,-44.250488
8729,0.668457,-0.750488,-0.084473,-2.075195,-12.512207,-37.536621
8730,0.663086,-0.738770,-0.084961,-0.915527,-18.615723,-35.217285
8731,0.663574,-0.728027,-0.090820,0.793457,-21.240234,-31.982422
8732,0.671875,-0.724609,-0.070312,3.906250,-18.615723,-25.451660
8733,0.687988,-0.725098,-0.056152,3.906250,-17.456055,-22.216797
8734,0.703613,-0.729492,-0.059570,4.638672,-17.578125,-17.944336
8735,0.711914,-0.742188,-0.077148,9.887695,-18.798828,-10.192871
8736,0.725586,-0.741699,-0.065918,13.061523,-20.141602,-7.019043
8737,0.740723,-0.759766,-0.055664,14.709473,-22.521973,-4.760742
8738,0.752441,-0.766113,-0.069336,16.296387,-24.353027,-3.967285
8739,0.742676,-0.750000,-0.076660,20.874023,-23.925781,-3.112793
8740,0.734863,-0.734863,-0.069824,22.338867,-22.460938,-2.075195
8741,0.727539,-0.717773,-0.068359,24.047852,-20.996094,-0.244141
8742,0.706543,-0.688965,-0.087891,29.907227,-18.249512,2.380371
8743,0.691406,-0.666992,-0.089355,32.592773,-16.601562,2.807617
8744,0.668457,-0.640625,-0.083008,32.897949,-15.808105,2.868652
8745,0.646484,-0.605469,-0.123535,27.893066,-14.404297,-2.441406
8746,0.628418,-0.589844,-0.133789,24.108887,-11.474609,-4.943848
8747,0.602539,-0.589355,-0.125977,19.042969,-8.544922,-7.812500
8748,0.586426,-0.596191,-0.105469,10.986328,-8.483887,-11.535645
8749,0.586914,-0.607422,-0.104492,8.239746,-9.033203,-11.474609
8750,0.593262,-0.642090,-0.099121,7.019043,-8.728027,-9.521484
8751,0.602051,-0.650879,-0.073242,7.385254,-9.399414,-9.704590
8752,0.609375,-0.657227,-0.062988,7.690430,-10.070801,-9.948730
8753,0.609863,-0.670410,-0.063965,9.582520,-9.704590,-9.826660
8754,0.601562,-0.683105,-0.044434,17.517090,-6.774902,-8.605957
8755,0.596680,-0.694336,-0.022461,21.911621,-6.713867,-6.958008
8756,0.578125,-0.691406,-0.022949,30.761719,-8.972168,-2.441406
8757,0.567871,-0.683105,-0.028320,34.484863,-9.338379,0.366211
8758,0.555176,-0.675781,-0.022461,37.536621,-9.033203,3.173828
8759,0.562988,-0.673340,-0.006836,39.306641,-9.460449,5.981445
8760,0.663086,-0.718750,0.025879,40.283203,-16.601562,11.230469
8761,0.716797,-0.748047,0.041992,40.222168,-22.094727,12.390137
8762,0.765625,-0.771484,0.066895,39.306641,-27.526855,11.840820
8763,0.888184,-0.804688,0.113281,27.648926,-32.043457,10.437012
8764,0.967285,-0.847656,0.115723,16.601562,-29.968262,10.498047
8765,1.031738,-0.897461,0.104980,4.516602,-24.353027,8.789062
8766,1.046387,-0.963379,0.083984,-15.380859,-0.915527,0.610352
8767,0.982422,-0.935059,0.101562,-24.169922,15.258789,-2.502441
8768,0.894043,-0.881836,0.110352,-38.085938,47.424316,2.502441
8769,0.707520,-0.758789,0.123047,-41.442871,60.974121,12.573242
8770,0.635742,-0.716309,0.111816,-41.503906,71.960449,24.658203
8771,0.604004,-0.675293,0.095215,-37.841797,79.284668,37.414551
8772,0.660645,-0.657715,0.088867,-21.911621,71.899414,59.204102
8773,0.691406,-0.670898,0.059570,-11.840820,60.607910,64.453125
8774,0.715332,-0.671875,0.025879,-0.488281,48.522949,65.002441
8775,0.780273,-0.651367,0.011719,19.042969,22.888184,58.044434
8776,0.812988,-0.641113,0.045410,21.423340,9.277344,54.382324
8777,0.842773,-0.633789,0.079590,17.822266,-3.723145,52.246094
8778,0.869629,-0.644043,0.110840,11.352539,-15.930176,50.781250
8779,0.909180,-0.665039,0.188965,-2.014160,-34.301758,50.109863
8780,0.921387,-0.671875,0.212402,-7.690430,-39.611816,50.231934
8781,0.933594,-0.671387,0.219727,-12.023926,-38.635254,51.696777
8782,0.926758,-0.670898,0.239258,-11.596680,-32.287598,51.635742
8783,0.916016,-0.653320,0.239258,-10.314941,-23.437500,50.781250
8784,0.902344,-0.630859,0.226074,-8.056641,-12.573242,49.072266
8785,0.872070,-0.611816,0.172363,-1.647949,12.084961,41.015625
8786,0.840332,-0.588867,0.132812,2.075195,24.536133,35.156250
8787,0.804199,-0.561035,0.092773,4.760742,35.278320,29.418945
8788,0.744629,-0.548340,0.035645,10.681152,47.607422,18.371582
8789,0.732910,-0.542969,0.034180,11.230469,47.302246,12.817383
8790,0.719727,-0.540527,0.019043,9.643555,43.212891,8.117676
8791,0.690918,-0.560547,-0.023438,6.835938,31.677246,-1.342773
8792,0.680664,-0.566895,-0.032715,5.371094,26.367188,-5.065918
8793,0.665527,-0.570312,-0.036133,3.356934,20.812988,-7.507324
8794,0.655762,-0.571777,-0.031250,1.159668,14.343262,-8.911133
8795,0.663574,-0.602051,-0.008301,-2.075195,-2.746582,-11.901855
8796,0.659668,-0.597168,-0.002930,-0.366211,-12.695312,-15.319824
8797,0.656250,-0.589844,0.009277,2.929688,-22.338867,-18.920898
8798,0.690430,-0.585938,0.043945,3.845215,-37.963867,-24.353027
8799,0.720215,-0.605469,0.038086,1.892090,-42.419434,-26.306152
8800,0.754883,-0.643066,0.033691,-0.244141,-44.494629,-29.235840
8801,0.807617,-0.695312,0.050781,-6.652832,-46.142578,-38.269043
8802,0.819824,-0.721191,0.061523,-10.437012,-46.447754,-42.724609
8803,0.823730,-0.742676,0.064941,-13.488770,-46.752930,-46.325684
8804,0.826172,-0.791016,0.062012,-16.906738,-47.546387,-46.875000
8805,0.839844,-0.818848,0.079102,-16.113281,-49.865723,-45.715332
8806,0.858887,-0.847656,0.111816,-14.526367,-55.969238,-44.433594
8807,0.879395,-0.870117,0.142090,-12.512207,-65.307617,-43.823242
8808,0.908203,-0.901855,0.165527,-7.568359,-84.777832,-44.677734
8809,0.939941,-0.925293,0.166992,-6.103516,-90.148926,-46.264648
8810,0.965332,-0.928711,0.173340,-7.629395,-90.637207,-48.095703
8811,0.971191,-0.912109,0.189941,-17.028809,-78.979492,-49.804688
8812,0.982910,-0.911621,0.181641,-22.827148,-67.016602,-46.752930
8813,0.977051,-0.921875,0.148926,-25.390625,-50.109863,-39.978027
8814,0.902344,-0.905762,0.063965,-15.258789,-9.826660,-16.540527
8815,0.839355,-0.885254,0.007324,-3.540039,7.446289,-4.577637
8816,0.773438,-0.828125,-0.046875,12.512207,19.470215,6.469727
8817,0.715332,-0.747070,-0.077637,33.935547,23.010254,17.150879
8818,0.615234,-0.604980,-0.047852,76.293945,3.479004,35.766602
8819,0.605469,-0.557129,-0.050293,93.383789,-15.380859,41.625977
8820,0.666504,-0.502441,-0.102539,112.487793,-50.598145,45.532227
8821,0.697754,-0.474121,-0.135742,113.708496,-59.814453,45.593262
8822,0.711426,-0.446777,-0.156738,110.046387,-63.537598,44.799805
8823,0.728027,-0.414551,-0.171875,100.769043,-62.622070,43.090820
8824,0.759277,-0.350586,-0.193848,66.040039,-44.067383,40.527344
8825,0.772461,-0.339844,-0.164551,44.555664,-33.386230,40.405273
8826,0.788086,-0.363770,-0.134766,22.460938,-25.146484,38.574219
8827,0.805664,-0.395996,-0.132324,3.234863,-18.310547,35.095215
8828,0.796387,-0.455566,-0.136719,-12.817383,-6.835938,24.658203
8829,0.779785,-0.452148,-0.114746,-14.831543,-2.929688,18.859863
8830,0.738281,-0.445801,-0.114258,-7.568359,-1.708984,9.399414
8831,0.717773,-0.450195,-0.118652,1.586914,-4.150391,4.455566
8832,0.709961,-0.458008,-0.109375,12.145996,-8.911133,-0.854492
8833,0.699219,-0.468750,-0.102051,21.972656,-15.136719,-5.493164
8834,0.692383,-0.487793,-0.101074,35.766602,-27.954102,-9.582520
8835,0.691406,-0.494141,-0.103027,39.123535,-33.447266,-10.009766
8836,0.689941,-0.526855,-0.096680,43.273926,-36.926270,-12.878418
8837,0.687988,-0.542480,-0.092773,44.372559,-34.912109,-15.625000
8838,0.681641,-0.552246,-0.093262,45.837402,-31.433105,-18.920898
8839,0.673828,-0.558594,-0.104980,46.997070,-26.245117,-22.216797
8840,0.650879,-0.557129,-0.106445,46.508789,-14.099121,-27.099609
8841,0.629395,-0.551270,-0.110840,42.480469,-7.873535,-29.907227
8842,0.604980,-0.549316,-0.128906,37.048340,-1.464844,-32.470703
8843,0.558594,-0.543945,-0.143555,25.268555,10.192871,-38.085938
8844,0.538574,-0.549316,-0.132812,19.836426,13.610840,-39.367676
8845,0.531250,-0.564453,-0.101074,13.122559,13.732910,-40.039062
8846,0.537109,-0.580078,-0.075684,12.084961,10.559082,-40.466309
8847,0.550781,-0.607422,-0.072266,12.084961,7.873535,-41.687012
8848,0.588379,-0.663574,-0.085938,13.854980,11.352539,-45.776367
8849,0.618652,-0.679199,-0.072266,12.695312,16.357422,-45.776367
8850,0.661133,-0.710938,-0.053223,9.338379,20.629883,-43.029785
8851,0.702148,-0.770996,-0.057617,1.586914,27.160645,-34.790039
8852,0.715820,-0.792969,-0.057129,-1.831055,29.602051,-29.357910
8853,0.751465,-0.832031,-0.036133,-4.455566,30.029297,-24.047852
8854,0.809082,-0.873047,0.003906,-6.347656,26.489258,-19.348145
8855,0.939941,-0.961914,0.025879,-7.446289,14.221191,-12.145996
8856,0.995117,-1.000488,0.032227,-7.385254,11.047363,-9.704590
8857,1.052246,-1.020508,0.059570,-8.300781,9.155273,-6.530762
8858,1.047852,-1.018555,0.047852,-13.427734,16.540527,2.441406
8859,0.985352,-0.984863,0.035156,-13.916016,26.672363,8.361816
8860,0.838379,-0.811035,0.058594,-8.544922,47.668457,26.062012
8861,0.764160,-0.721680,0.077637,-4.760742,52.978516,38.146973
8862,0.702637,-0.668457,0.011719,5.371094,53.405762,49.255371
8863,0.671875,-0.593750,0.024902,17.944336,51.269531,55.969238
8864,0.703613,-0.457520,0.067871,39.123535,36.254883,65.063477
8865,0.724121,-0.468750,0.100586,42.968750,25.756836,64.453125
8866,0.743652,-0.508301,0.023926,48.461914,14.953613,57.922363
8867,0.795898,-0.518555,0.098633,58.532715,-2.868652,40.771484
8868,0.842773,-0.511230,0.131836,49.865723,-11.596680,33.752441
8869,0.901855,-0.546875,0.129883,31.311035,-14.160156,29.479980
8870,1.000488,-0.619629,0.135254,-17.761230,-6.835938,25.329590
8871,1.010742,-0.647461,0.150391,-40.466309,1.525879,25.207520
8872,1.006836,-0.661621,0.175781,-58.410645,9.399414,25.878906
8873,0.965332,-0.665527,0.216309,-79.284668,20.996094,30.639648
8874,0.941406,-0.651367,0.233398,-81.542969,24.780273,33.325195
8875,0.878418,-0.627930,0.243164,-69.335938,25.146484,38.818359
8876,0.858398,-0.619629,0.230469,-56.701660,23.193359,40.466309
8877,0.836914,-0.603516,0.204590,-39.611816,21.911621,41.320801
8878,0.770508,-0.544922,0.204102,-5.065918,21.545410,40.527344
8879,0.743652,-0.515137,0.187012,9.521484,19.775391,38.635254
8880,0.723145,-0.499512,0.161621,22.949219,16.967773,35.034180
8881,0.704102,-0.490723,0.140625,33.874512,13.610840,30.395508
8882,0.665039,-0.463379,0.129395,46.936035,4.638672,20.812988
8883,0.653320,-0.457520,0.123535,48.767090,-0.549316,16.601562
8884,0.660156,-0.479004,0.122559,45.471191,-11.413574,7.690430
8885,0.673340,-0.491699,0.120117,41.320801,-15.502930,2.990723
8886,0.700195,-0.509277,0.131348,34.790039,-18.249512,-0.915527
8887,0.725586,-0.538086,0.140137,27.099609,-20.141602,-3.479004
8888,0.742676,-0.573730,0.154785,19.958496,-21.667480,-6.103516
8889,0.773438,-0.631836,0.190430,6.774902,-25.451660,-12.939453
8890,0.784180,-0.654785,0.206055,0.976562,-26.428223,-15.930176
8891,0.791992,-0.677246,0.213379,-4.333496,-25.573730,-18.310547
8892,0.813477,-0.711426,0.220703,-8.728027,-21.179199,-20.324707
8893,0.809570,-0.732910,0.222656,-7.080078,-17.761230,-20.202637
8894,0.796875,-0.744629,0.218750,-2.319336,-14.648438,-19.653320
8895,0.767578,-0.763184,0.220703,16.601562,-11.901855,-18.859863
8896,0.746094,-0.775391,0.208496,29.479980,-12.817383,-19.226074
8897,0.721191,-0.771973,0.189941,43.151855,-15.258789,-20.629883
8898,0.681641,-0.743164,0.163574,67.504883,-24.841309,-23.498535
8899,0.664062,-0.721191,0.154297,73.791504,-29.296875,-24.108887
8900,0.661133,-0.704590,0.146484,75.622559,-32.348633,-24.291992
8901,0.665527,-0.698730,0.132812,69.580078,-34.973145,-25.634766
8902,0.674316,-0.696777,0.109375,62.927246,-34.057617,-27.954102
8903,0.682617,-0.695801,0.111328,54.016113,-32.165527,-30.456543
8904,0.687988,-0.700195,0.107910,43.395996,-29.357910,-32.470703
8905,0.689941,-0.729004,0.105469,21.728516,-20.935059,-35.949707
8906,0.690430,-0.736328,0.107910,12.084961,-17.639160,-37.475586
8907,0.691895,-0.752930,0.142090,-5.920410,-16.784668,-38.269043
8908,0.701660,-0.771484,0.165039,-15.136719,-20.080566,-38.208008
8909,0.713867,-0.790527,0.175293,-24.108887,-23.803711,-37.841797
8910,0.743164,-0.847656,0.179688,-35.888672,-26.306152,-37.475586
8911,0.757324,-0.854980,0.208496,-37.780762,-28.442383,-38.085938
8912,0.762695,-0.852539,0.245117,-38.146973,-32.287598,-39.245605
8913,0.834473,-0.845703,0.316895,-41.931152,-44.738770,-43.273926
8914,0.900391,-0.843262,0.308594,-49.682617,-48.461914,-41.259766
8915,0.912598,-0.955566,0.111328,-50.170898,-26.733398,-31.677246
8916,0.896973,-0.983887,0.083008,-40.222168,-11.352539,-27.648926
8917,0.873535,-0.980469,0.075195,-29.113770,0.793457,-22.766113
8918,0.859375,-0.956055,0.062988,-19.836426,8.850098,-15.808105
8919,0.812500,-0.927734,0.004395,3.967285,10.314941,2.746582
8920,0.816406,-0.893555,0.000000,15.869141,5.981445,11.169434
8921,0.829102,-0.860352,-0.016113,25.573730,-1.525879,20.446777
8922,0.830566,-0.798828,-0.099609,39.367676,-12.268066,39.184570
8923,0.794922,-0.752930,-0.122070,42.053223,-14.953613,46.447754
8924,0.753906,-0.691406,-0.115723,43.395996,-18.249512,52.246094
8925,0.693359,-0.576172,-0.048828,38.757324,-34.851074,61.889648
8926,0.685059,-0.522461,-0.016113,33.508301,-47.302246,66.955566
8927,0.698730,-0.502930,-0.005371,26.489258,-59.082031,72.387695
8928,0.769043,-0.504883,0.006348,8.544922,-71.228027,81.665039
8929,0.813477,-0.514160,0.002930,-1.770020,-70.983887,85.998535
8930,0.840332,-0.522949,-0.013672,-13.000488,-65.734863,89.233398
8931,0.874023,-0.521973,-0.038086,-36.743164,-43.212891,93.261719
8932,0.866211,-0.509766,-0.024414,-46.569824,-32.653809,94.543457
8933,0.859375,-0.492676,-0.009766,-57.128906,-21.179199,94.238281
8934,0.853516,-0.474121,-0.017578,-54.626465,-19.958496,93.750000
8935,0.835449,-0.483398,-0.016602,-44.372559,-21.423340,92.407227
8936,0.819824,-0.496094,-0.004883,-27.038574,-26.977539,86.975098
8937,0.807129,-0.479004,0.011230,15.319824,-48.645020,64.392090
8938,0.790527,-0.464355,0.013184,36.315918,-60.668945,49.682617
8939,0.767090,-0.401855,0.002930,64.392090,-77.209473,22.644043
8940,0.758789,-0.381836,0.002930,71.044922,-80.017090,14.099121
8941,0.746582,-0.362305,0.008789,73.303223,-79.711914,7.141113
8942,0.747559,-0.336914,0.008301,67.016602,-71.899414,0.000000
8943,0.733398,-0.354980,0.000000,60.607910,-64.025879,-2.319336
8944,0.722168,-0.379395,-0.015625,55.786133,-55.175781,-5.859375
8945,0.711914,-0.414062,-0.016602,54.260254,-48.095703,-9.765625
8946,0.699219,-0.441406,-0.015625,55.358887,-45.227051,-13.916016
8947,0.677246,-0.487305,-0.028809,60.607910,-46.386719,-21.484375
8948,0.678711,-0.508301,-0.037109,63.537598,-48.583984,-26.000977
8949,0.682129,-0.506348,-0.030762,70.373535,-54.992676,-37.414551
8950,0.649902,-0.486816,0.042480,73.303223,-66.101074,-40.588379
8951,0.683105,-0.549316,-0.024414,72.021484,-68.908691,-43.029785
8952,0.677246,-0.593750,-0.025879,77.087402,-67.871094,-50.109863
8953,0.716797,-0.612305,0.025879,90.698242,-67.626953,-62.561035
8954,0.716797,-0.629395,0.007812,95.581055,-65.002441,-67.016602
8955,0.706055,-0.640625,-0.008789,99.365234,-50.781250,-75.927734
8956,0.660645,-0.604004,-0.018066,98.937988,-43.884277,-79.223633
8957,0.650391,-0.588867,0.002930,95.336914,-38.085938,-80.993652
8958,0.643066,-0.601562,0.016602,89.294434,-34.423828,-81.420898
8959,0.645996,-0.628906,0.004395,82.458496,-32.348633,-82.214355
8960,0.672363,-0.687500,-0.008789,75.683594,-32.226562,-85.449219
8961,0.687988,-0.721680,0.003418,71.044922,-33.691406,-88.867188
8962,0.719727,-0.760742,0.025391,58.044434,-33.447266,-93.017578
8963,0.728027,-0.780762,0.042480,50.598145,-32.958984,-91.735840
8964,0.734863,-0.807129,0.048828,42.785645,-30.944824,-89.416504
8965,0.738281,-0.840820,0.076172,26.000977,-20.385742,-80.444336
8966,0.726562,-0.879883,0.077148,19.714355,-16.418457,-76.049805
8967,0.726562,-0.897949,0.088867,17.333984,-14.587402,-70.556641
8968,0.716797,-0.923340,0.106934,19.470215,-15.502930,-64.086914
8969,0.722168,-0.937012,0.127930,28.686523,-19.592285,-49.865723
8970,0.756836,-0.952637,0.155762,35.827637,-20.751953,-40.893555
8971,0.770996,-0.973633,0.178711,41.687012,-21.850586,-32.470703
8972,0.812012,-1.020020,0.153809,49.804688,-21.057129,-22.399902
8973,0.862305,-1.032715,0.147949,50.170898,-16.296387,-18.432617
8974,0.909668,-1.048340,0.170410,46.081543,-11.169434,-14.099121
8975,0.921875,-1.075684,0.134766,26.611328,2.868652,-6.896973
8976,0.888184,-1.060059,0.098633,16.601562,15.991211,-3.845215
8977,0.826172,-1.005371,0.090820,5.798340,32.897949,-0.061035
8978,0.650879,-0.868164,0.072754,-22.644043,65.795898,17.761230
8979,0.602051,-0.819336,0.020020,-33.325195,78.735352,30.090332
8980,0.583984,-0.785156,-0.019043,-40.466309,87.768555,44.982910
8981,0.586426,-0.763184,-0.020996,-45.654297,81.848145,76.049805
8982,0.598145,-0.761230,-0.006348,-43.334961,66.406250,88.623047
8983,0.615723,-0.765625,0.012695,-38.513184,45.227051,97.961426
8984,0.652832,-0.777344,0.026855,-32.409668,21.484375,104.003906
8985,0.781738,-0.819824,0.075195,-16.845703,-24.902344,110.412598
8986,0.857910,-0.823242,0.124512,-13.061523,-45.043945,113.464355
8987,0.986816,-0.889648,0.187988,-18.432617,-73.120117,118.225098
8988,1.026855,-0.908691,0.187500,-21.911621,-78.430176,119.812012
8989,1.033203,-0.914551,0.194336,-23.010254,-77.331543,121.948242
8990,1.011719,-0.863281,0.248535,-19.409180,-68.176270,127.624512
8991,0.992676,-0.809082,0.257324,-17.089844,-61.706543,133.483887
8992,0.969727,-0.766113,0.259277,-12.695312,-53.283691,141.784668
8993,0.952148,-0.723145,0.259277,-4.333496,-43.334961,151.062012
8994,0.917480,-0.655273,0.237793,15.075684,-17.822266,162.231445
8995,0.896973,-0.633301,0.216797,20.141602,-2.624512,161.254883
8996,0.823242,-0.595703,0.101562,53.588867,19.409180,141.601562
8997,0.797363,-0.531738,0.117676,69.396973,21.484375,128.173828
8998,0.762207,-0.483887,0.101074,78.369141,21.362305,114.379883
8999,0.709961,-0.428711,0.038086,80.627441,20.690918,85.205078
9000,0.687988,-0.403320,0.025391,75.988770,19.775391,70.800781
9001,0.658203,-0.388672,0.027344,67.138672,17.333984,57.434082
9002,0.622559,-0.364258,0.026367,42.846680,5.554199,37.658691
9003,0.616699,-0.366699,0.037109,28.442383,-2.319336,31.005859
9004,0.621582,-0.377441,0.044434,12.634277,-9.765625,25.085449
9005,0.618652,-0.419922,0.020996,-11.047363,-16.601562,10.009766
9006,0.616699,-0.430664,0.024414,-15.502930,-16.113281,0.244141
9007,0.604980,-0.447266,0.037109,-16.296387,-14.831543,-10.253906
9008,0.593750,-0.473633,0.034180,-12.512207,-14.038086,-21.667480
9009,0.587891,-0.520020,0.023438,8.728027,-20.568848,-43.945312
9010,0.598633,-0.543457,0.034180,18.981934,-29.724121,-53.222656
9011,0.683105,-0.614258,0.027344,23.742676,-50.659180,-72.814941
9012,0.720215,-0.655273,0.019531,18.432617,-56.701660,-83.251953
9013,0.764648,-0.693848,0.022949,8.911133,-58.776855,-93.322754
9014,0.810547,-0.734375,0.028320,-15.014648,-54.138184,-109.741211
9015,0.846191,-0.816895,0.048340,-26.916504,-47.851562,-118.896484
9016,0.840820,-0.818848,0.063477,-38.024902,-39.978027,-126.342773
9017,0.858398,-0.833008,0.059570,-45.227051,-32.653809,-130.798340
9018,0.839355,-0.909180,0.156738,-44.799805,-29.174805,-131.774902
9019,0.877930,-0.974609,0.072754,-37.902832,-31.860352,-131.225586
9020,0.891113,-1.024414,0.149414,6.896973,-64.208984,-128.906250
9021,0.938477,-1.020996,0.150879,27.038574,-85.937500,-127.319336
9022,0.966309,-1.024414,0.149414,42.358398,-104.736328,-127.502441
9023,1.013672,-1.009766,0.149902,49.194336,-116.821289,-127.868652
9024,1.073242,-0.974609,0.160645,36.376953,-117.736816,-127.319336
9025,1.072266,-0.988770,0.150879,21.118164,-106.567383,-125.183105
9026,1.047852,-1.008301,0.134277,6.469727,-90.270996,-121.398926
9027,0.939453,-1.006836,0.095215,-12.878418,-50.659180,-110.290527
9028,0.855469,-0.973633,0.078613,-18.432617,-29.357910,-101.684570
9029,0.757324,-0.934570,0.078613,-22.521973,-10.681152,-90.454102
9030,0.589355,-0.874023,0.029785,-23.193359,11.413574,-61.706543
9031,0.541504,-0.827148,-0.008301,-14.404297,14.465332,-43.579102
9032,0.508789,-0.783203,-0.010742,0.610352,10.009766,-22.583008
9033,0.474121,-0.720703,0.056152,47.119141,-29.052734,16.601562
9034,0.506348,-0.686523,0.081543,71.777344,-59.509277,31.860352
9035,0.558594,-0.655762,0.063477,92.346191,-87.036133,44.738770
9036,0.655762,-0.598145,0.019043,122.375488,-115.722656,61.462402
9037,0.695801,-0.567871,0.029297,130.676270,-120.361328,64.208984
9038,0.724121,-0.526855,0.035645,133.117676,-119.812012,63.476562
9039,0.728516,-0.465332,0.010742,121.704102,-100.341797,53.344727
9040,0.716309,-0.460449,0.002441,112.670898,-85.327148,44.860840
9041,0.709961,-0.436035,-0.002441,103.149414,-68.359375,35.583496
9042,0.665527,-0.413086,0.025391,82.946777,-37.841797,21.118164
9043,0.649414,-0.416016,0.027832,70.434570,-25.512695,14.526367
9044,0.640625,-0.432617,0.000000,56.762695,-14.221191,9.155273
9045,0.634766,-0.456543,-0.040039,32.348633,8.483887,1.647949
9046,0.622559,-0.499023,-0.050781,20.812988,16.662598,-0.671387
9047,0.616211,-0.515137,-0.061035,10.192871,21.911621,-1.098633
9048,0.612793,-0.544434,-0.061523,2.014160,24.047852,-0.732422
9049,0.618164,-0.572266,-0.065430,-5.004883,20.446777,0.366211
9050,0.631836,-0.585938,-0.052734,-4.211426,15.319824,0.976562
9051,0.669434,-0.597656,-0.052734,1.220703,3.540039,3.723145
9052,0.689453,-0.606934,-0.061035,5.676270,0.000000,5.249023
9053,0.709473,-0.617188,-0.067871,11.291504,-1.281738,6.896973
9054,0.725586,-0.633789,-0.088867,25.512695,1.525879,8.178711
9055,0.721680,-0.642090,-0.100586,32.775879,4.028320,5.371094
9056,0.707520,-0.629395,-0.111328,38.452148,6.896973,0.915527
9057,0.652832,-0.589844,-0.132324,40.771484,14.892578,-7.141113
9058,0.630371,-0.584961,-0.141113,38.208008,19.042969,-9.460449
9059,0.616211,-0.585938,-0.151367,34.545898,22.155762,-10.925293
9060,0.596191,-0.602539,-0.168945,27.587891,25.756836,-12.451172
9061,0.595215,-0.611328,-0.160156,24.414062,24.353027,-12.512207
9062,0.589844,-0.628906,-0.145508,22.155762,20.202637,-12.634277
9063,0.589844,-0.643555,-0.118652,19.958496,13.916016,-12.939453
9064,0.637207,-0.676758,-0.091309,14.526367,1.647949,-13.122559
9065,0.666992,-0.694336,-0.069824,11.413574,-1.281738,-11.840820
9066,0.722168,-0.742188,0.003418,5.615234,-4.882812,-6.469727
9067,0.747070,-0.783203,0.024414,4.272461,-7.507324,-3.967285
9068,0.748535,-0.805176,0.024414,6.958008,-9.338379,-3.051758
9069,0.728516,-0.805176,0.055176,21.484375,-7.934570,-4.333496
9070,0.746094,-0.791504,0.089355,27.954102,-7.385254,-4.821777
9071,0.786133,-0.788574,0.127441,31.555176,-9.948730,-2.990723
9072,0.821777,-0.797363,0.143555,31.555176,-13.916016,0.000000
9073,0.946289,-0.881836,0.150391,28.686523,-18.798828,3.356934
9074,1.027344,-0.945312,0.160645,25.146484,-20.629883,1.647949
9075,1.104980,-0.983398,0.142578,9.216309,-4.699707,-12.512207
9076,1.056641,-1.011719,0.038574,-5.432129,20.629883,-24.902344
9077,0.949707,-0.976074,0.011230,-22.277832,53.405762,-35.705566
9078,0.838379,-0.922363,0.019043,-39.428711,84.533691,-39.428711
9079,0.704590,-0.862793,0.078125,-79.895020,118.652344,-17.456055
9080,0.632812,-0.857422,0.058105,-102.050781,121.582031,3.540039
9081,0.580566,-0.856934,0.054688,-116.638184,116.699219,26.184082
9082,0.579102,-0.875977,0.085938,-122.985840,101.501465,46.813965
9083,0.685547,-0.932129,0.146484,-116.577148,46.020508,75.134277
9084,0.752441,-0.970215,0.151367,-106.140137,18.432617,84.350586
9085,0.820801,-1.000977,0.155273,-92.956543,-4.333496,90.026855
9086,0.868164,-1.018555,0.187500,-76.965332,-22.583008,92.346191
9087,0.863281,-0.979004,0.231445,-42.236328,-39.672852,91.003418
9088,0.833496,-0.917480,0.260254,-25.024414,-39.428711,91.979980
9089,0.774414,-0.798340,0.305664,3.601074,-31.433105,103.759766
9090,0.754395,-0.752441,0.292969,15.808105,-25.085449,111.450195
9091,0.745605,-0.723633,0.257812,27.770996,-16.906738,117.431641
9092,0.753418,-0.708008,0.227051,37.963867,-7.385254,119.323730
9093,0.756348,-0.608887,0.206055,45.227051,10.070801,114.746094
9094,0.747070,-0.562500,0.191895,39.123535,19.775391,111.938477
9095,0.724121,-0.561035,0.137695,31.372070,29.968262,106.079102
9096,0.690430,-0.528320,0.122070,16.662598,42.785645,87.402344
9097,0.660645,-0.507324,0.117676,7.690430,43.579102,78.247070
9098,0.644531,-0.482422,0.115234,-2.319336,41.320801,71.777344
9099,0.616699,-0.465332,0.095215,-24.291992,34.301758,66.589355
9100,0.604004,-0.479004,0.091797,-28.869629,29.174805,65.551758
9101,0.602051,-0.493164,0.104492,-27.954102,21.362305,62.927246
9102,0.604492,-0.493164,0.114746,-23.376465,10.864258,58.166504
9103,0.604492,-0.488770,0.113281,-7.446289,-7.080078,44.128418
9104,0.604004,-0.478027,0.115723,0.793457,-12.023926,33.935547
9105,0.650879,-0.464844,0.095703,11.840820,-13.427734,11.657715
9106,0.690918,-0.475586,0.065918,12.512207,-10.070801,-0.610352
9107,0.730469,-0.494629,0.031738,11.352539,-4.943848,-12.817383
9108,0.757812,-0.519531,0.033691,-2.563477,-0.732422,-34.973145
9109,0.780273,-0.583496,0.010254,-11.901855,-1.159668,-45.898438
9110,0.799805,-0.637695,-0.005371,-18.920898,-2.929688,-57.739258
9111,0.820312,-0.674316,-0.010254,-22.277832,-6.103516,-70.495605
9112,0.829590,-0.708008,-0.024902,-23.742676,-10.437012,-93.261719
9113,0.835938,-0.729004,-0.031250,-23.742676,-9.094238,-101.379395
9114,0.851562,-0.747070,-0.033203,-23.376465,-7.385254,-107.788086
9115,0.889160,-0.787109,-0.039551,-21.850586,-9.277344,-113.769531
9116,0.899414,-0.810547,-0.029297,-21.179199,-14.770508,-113.464355
9117,0.907715,-0.837891,0.014160,-18.798828,-28.320312,-111.877441
9118,0.954590,-0.903320,0.023438,-15.075684,-42.602539,-112.670898
9119,1.003906,-0.987305,0.099121,-0.854492,-71.838379,-119.873047
9120,1.039551,-1.021973,0.060059,8.239746,-81.237793,-123.596191
9121,1.044434,-1.030273,0.048340,16.784668,-80.200195,-127.929688
9122,1.002441,-0.998047,0.085449,18.493652,-62.316895,-131.225586
9123,0.958984,-0.978027,0.061035,6.530762,-46.325684,-129.699707
9124,0.895020,-0.967773,0.003418,-8.483887,-24.597168,-126.159668
9125,0.713379,-0.920898,0.000000,-36.010742,17.639160,-115.417480
9126,0.626953,-0.885254,0.044922,-48.156738,26.794434,-105.529785
9127,0.557617,-0.860352,0.064941,-57.983398,26.672363,-92.407227
9128,0.525879,-0.851562,0.053223,-62.316895,19.897461,-76.843262
9129,0.525879,-0.840332,0.062988,-52.795410,-5.554199,-41.687012
9130,0.536133,-0.830566,0.077148,-42.541504,-19.714355,-20.263672
9131,0.581543,-0.829590,0.077148,-3.540039,-51.513672,13.000488
9132,0.597656,-0.804688,0.113770,19.287109,-66.406250,27.893066
9133,0.620117,-0.778809,0.144043,36.254883,-79.650879,38.024902
9134,0.643555,-0.739746,0.129883,48.889160,-87.951660,44.677734
9135,0.651855,-0.678711,0.075195,68.969727,-80.749512,48.095703
9136,0.643555,-0.636230,0.060547,74.340820,-68.298340,46.447754
9137,0.619141,-0.603516,0.049316,74.707031,-53.466797,43.518066
9138,0.580078,-0.547852,0.005371,64.941406,-22.521973,36.071777
9139,0.564941,-0.539551,0.002441,56.640625,-9.338379,32.958984
9140,0.557129,-0.540039,0.006348,45.471191,0.915527,29.479980
9141,0.556152,-0.568848,-0.017578,23.925781,13.488770,22.521973
9142,0.564453,-0.573730,-0.019531,14.953613,17.028809,18.493652
9143,0.572754,-0.569336,-0.020996,5.981445,19.897461,16.357422
9144,0.571289,-0.578125,-0.024414,-2.868652,22.338867,16.113281
9145,0.597656,-0.608887,0.003906,-26.794434,22.338867,22.338867
9146,0.609375,-0.625488,0.013184,-30.334473,20.141602,26.306152
9147,0.634277,-0.645020,0.026367,-30.700684,17.333984,28.625488
9148,0.662109,-0.685059,0.020996,-20.690918,14.404297,28.137207
9149,0.667969,-0.701172,0.007324,-12.023926,15.869141,25.024414
9150,0.666992,-0.707520,-0.005859,-2.014160,18.798828,20.935059
9151,0.658203,-0.688477,-0.016602,6.042480,23.376465,16.967773
9152,0.641602,-0.664062,-0.012695,8.850098,34.301758,12.695312
9153,0.610352,-0.626465,-0.018066,5.004883,38.696289,12.329102
9154,0.598633,-0.620605,-0.025391,0.305176,41.931152,12.268066
9155,0.614258,-0.622559,-0.054688,-11.718750,49.621582,12.329102
9156,0.613281,-0.641113,-0.067383,-17.272949,55.419922,12.390137
9157,0.629883,-0.666016,-0.057129,-27.465820,62.316895,9.948730
9158,0.635742,-0.689941,-0.058594,-31.860352,62.072754,7.568359
9159,0.640137,-0.712891,-0.038574,-36.132812,60.241699,4.516602
9160,0.658203,-0.741699,-0.016113,-42.053223,54.077148,0.976562
9161,0.676270,-0.756836,-0.002441,-44.311523,51.940918,2.014160
9162,0.700684,-0.773438,0.014160,-46.508789,50.598145,3.967285
9163,0.730469,-0.800293,0.026855,-45.288086,49.133301,9.460449
9164,0.728516,-0.805664,0.036133,-41.259766,49.377441,12.329102
9165,0.713867,-0.803711,0.048340,-34.240723,49.133301,15.380859
9166,0.681641,-0.802246,0.060059,-23.864746,47.668457,17.700195
9167,0.673828,-0.781250,0.114746,2.746582,38.208008,18.493652
9168,0.711426,-0.770020,0.142090,12.817383,29.846191,19.104004
9169,0.755371,-0.773438,0.142090,19.653320,22.033691,19.653320
9170,0.868652,-0.818359,0.143066,25.268555,15.625000,15.197754
9171,0.947754,-0.828125,0.162598,21.972656,14.831543,10.986328
9172,1.028320,-0.841309,0.168945,12.634277,16.479492,6.835938
9173,1.070801,-0.864258,0.135254,-2.990723,24.169922,1.586914
9174,0.965820,-0.847168,0.045410,-37.902832,64.392090,-16.662598
9175,0.836426,-0.770996,0.071289,-52.673340,88.562012,-22.644043
9176,0.736328,-0.700195,0.131836,-66.772461,106.872559,-22.094727
9177,0.642578,-0.635742,0.175293,-93.566895,118.286133,-6.774902
9178,0.623047,-0.635742,0.168457,-98.510742,114.318848,4.211426
9179,0.622559,-0.660645,0.186035,-98.876953,105.590820,12.390137
9180,0.683594,-0.695312,0.195312,-87.585449,76.416016,17.517090
9181,0.716797,-0.709473,0.201660,-77.880859,59.265137,16.845703
9182,0.763672,-0.715332,0.224609,-68.603516,41.992188,15.625000
9183,0.811035,-0.728027,0.248047,-62.316895,26.062012,15.747070
9184,0.823242,-0.739258,0.288574,-54.565430,4.455566,17.211914
9185,0.812500,-0.727539,0.316406,-51.391602,-0.732422,17.028809
9186,0.786133,-0.671387,0.366211,-47.119141,-1.464844,20.507812
9187,0.767578,-0.639648,0.373047,-44.250488,3.051758,24.780273
9188,0.742188,-0.597168,0.367676,-38.513184,9.155273,30.151367
9189,0.731934,-0.587891,0.359375,-28.625488,15.747070,35.705566
9190,0.742188,-0.572266,0.300293,-7.385254,28.381348,36.437988
9191,0.751465,-0.562012,0.239746,4.516602,35.644531,32.165527
9192,0.750977,-0.556641,0.190430,15.930176,43.029785,24.108887
9193,0.741211,-0.541992,0.125488,32.165527,51.696777,0.061035
9194,0.721680,-0.548340,0.100098,34.973145,52.978516,-14.648438
9195,0.704590,-0.549316,0.078125,35.156250,52.917480,-28.076172
9196,0.644043,-0.544434,0.064941,27.465820,46.508789,-42.480469
9197,0.622070,-0.545410,0.071289,20.874023,40.039062,-44.738770
9198,0.623047,-0.548340,0.080078,11.352539,32.409668,-45.898438
9199,0.650391,-0.592773,0.051270,-11.169434,22.521973,-47.912598
9200,0.666992,-0.625000,0.059570,-20.935059,19.592285,-52.612305
9201,0.691406,-0.654785,0.055664,-35.888672,18.249512,-63.171387
9202,0.699707,-0.682617,0.056641,-42.053223,21.911621,-67.932129
9203,0.750977,-0.740723,0.072754,-54.016113,30.639648,-76.965332
9204,0.739746,-0.767578,0.123047,-59.204102,31.738281,-80.200195
9205,0.785645,-0.817383,0.081543,-65.185547,29.541016,-81.604004
9206,0.800781,-0.846680,0.057617,-77.453613,32.714844,-87.280273
9207,0.820801,-0.913086,0.023926,-84.777832,35.827637,-87.951660
9208,0.809570,-0.913574,-0.009277,-91.613770,39.123535,-85.693359
9209,0.793945,-0.910645,0.011719,-104.370117,42.114258,-70.007324
9210,0.792969,-0.931641,0.044922,-106.750488,33.935547,-57.434082
9211,0.798828,-0.957520,0.073242,-102.844238,17.883301,-43.334961
9212,0.846680,-0.998535,0.129395,-75.500488,-23.681641,-21.606445
9213,0.858887,-1.005371,0.139648,-57.006836,-41.992188,-17.517090
9214,0.889648,-0.993652,0.152832,-38.085938,-55.725098,-16.967773
9215,0.907227,-0.966309,0.170898,-21.362305,-63.964844,-18.005371
9216,0.900879,-0.921875,0.155273,-4.455566,-57.983398,-21.728516
9217,0.904785,-0.899414,0.130859,-3.356934,-45.043945,-22.399902
9218,0.900391,-0.885254,0.104980,-6.408691,-28.198242,-20.141602
9219,0.812012,-0.858887,0.028320,-21.423340,7.751465,-12.634277
9220,0.737793,-0.809082,0.005859,-28.320312,22.399902,-6.469727
9221,0.649902,-0.739746,-0.003906,-32.043457,31.250000,2.563477
9222,0.491699,-0.601074,0.061035,-30.761719,26.306152,27.587891
9223,0.463867,-0.550293,0.103027,-25.939941,10.864258,41.442871
9224,0.478516,-0.512207,0.148438,-18.676758,-11.108398,55.358887
9225,0.593750,-0.503906,0.184570,-3.723145,-55.480957,79.711914
9226,0.674316,-0.514648,0.170898,2.136230,-68.847656,88.439941
9227,0.758301,-0.546875,0.125000,5.798340,-73.852539,93.322754
9228,0.873535,-0.561523,0.101074,6.225586,-61.218262,89.538574
9229,0.887207,-0.541504,0.104492,2.868652,-49.743652,84.777832
9230,0.884277,-0.531738,0.107910,-1.892090,-36.376953,78.918457
9231,0.862793,-0.518066,0.122559,-5.737305,-22.460938,71.472168
9232,0.817871,-0.484375,0.123535,-7.995605,2.502441,55.175781
9233,0.789062,-0.485840,0.123047,-9.338379,15.991211,45.837402
9234,0.770508,-0.492676,0.083496,-10.986328,30.212402,37.475586
9235,0.711426,-0.485840,0.048340,-10.253906,51.269531,26.062012
9236,0.695312,-0.473145,0.043945,-12.817383,57.556152,23.193359
9237,0.681152,-0.471191,0.049316,-18.127441,61.279297,21.606445
9238,0.669434,-0.490723,0.029785,-27.038574,61.035156,17.700195
9239,0.670410,-0.499023,0.028320,-29.663086,58.410645,15.258789
9240,0.673828,-0.508301,0.026855,-32.165527,55.480957,12.512207
9241,0.668945,-0.536621,0.018066,-35.400391,52.124023,7.934570
9242,0.665039,-0.557129,0.021484,-32.531738,51.147461,5.981445
9243,0.665039,-0.571777,0.029297,-27.343750,49.804688,3.723145
9244,0.667969,-0.594238,0.015137,-13.977051,49.743652,-2.624512
9245,0.663086,-0.587402,0.000488,-9.399414,51.879883,-7.202148
9246,0.654297,-0.582031,-0.007812,-6.103516,54.870605,-12.207031
9247,0.647461,-0.579102,-0.016602,-4.943848,57.617188,-17.272949
9248,0.627930,-0.586914,-0.058105,-8.544922,64.941406,-27.526855
9249,0.608887,-0.590820,-0.062988,-13.122559,69.763184,-32.470703
9250,0.562988,-0.598145,-0.057617,-26.428223,76.049805,-36.743164
9251,0.553223,-0.604980,-0.049316,-31.555176,75.683594,-35.827637
9252,0.564941,-0.646484,-0.035645,-34.729004,71.716309,-33.874512
9253,0.588379,-0.676758,-0.022949,-35.949707,65.185547,-32.043457
9254,0.639160,-0.729492,-0.006836,-35.461426,52.795410,-31.188965
9255,0.674316,-0.748047,0.000000,-36.804199,50.415039,-31.250000
9256,0.715820,-0.779297,0.035645,-43.151855,52.734375,-29.907227
9257,0.727539,-0.787109,0.052734,-48.339844,55.175781,-28.442383
9258,0.736328,-0.793457,0.069336,-52.917480,57.678223,-26.245117
9259,0.744141,-0.800293,0.085449,-56.274414,59.570312,-23.193359
9260,0.757324,-0.823730,0.092285,-56.518555,62.377930,-14.953613
9261,0.750488,-0.825684,0.100098,-52.185059,63.232422,-11.474609
9262,0.744629,-0.825684,0.110840,-45.532227,63.354492,-8.300781
9263,0.747559,-0.819336,0.118652,-37.658691,62.622070,-5.615234
9264,0.778320,-0.815430,0.141602,-19.470215,56.640625,-2.380371
9265,0.802734,-0.820801,0.141113,-11.779785,52.368164,-1.647949
9266,0.838867,-0.824219,0.101562,-1.403809,49.926758,-4.455566
9267,0.841797,-0.806641,0.105469,-0.854492,53.405762,-6.469727
9268,0.838379,-0.796387,0.108398,-4.516602,58.776855,-9.033203
9269,0.746094,-0.736816,0.097168,-22.216797,72.509766,-15.686035
9270,0.688965,-0.682617,0.104004,-35.156250,80.688477,-17.456055
9271,0.635742,-0.631348,0.119141,-50.109863,87.463379,-15.258789
9272,0.612793,-0.616211,0.150391,-79.284668,92.224121,-4.394531
9273,0.628906,-0.629883,0.190430,-88.867188,85.449219,3.234863
9274,0.655762,-0.675781,0.229492,-92.834473,70.007324,9.338379
9275,0.725586,-0.743652,0.292969,-83.312988,28.930664,12.145996
9276,0.762695,-0.772461,0.331055,-75.988770,10.314941,11.901855
9277,0.805664,-0.790527,0.351074,-69.824219,-5.310059,11.047363
9278,0.862305,-0.805176,0.418457,-59.875488,-26.245117,11.779785
9279,0.871582,-0.802246,0.461426,-57.617188,-31.982422,12.329102
9280,0.877930,-0.732910,0.490234,-57.250977,-32.714844,18.188477
9281,0.873047,-0.727539,0.476074,-57.373047,-25.268555,23.803711
9282,0.859375,-0.714844,0.440918,-55.297852,-12.207031,28.930664
9283,0.843262,-0.689941,0.404297,-48.522949,3.906250,32.531738
9284,0.822754,-0.674805,0.400391,-41.259766,20.751953,34.729004
9285,0.787109,-0.624512,0.349609,-29.785156,49.987793,32.165527
9286,0.773926,-0.605957,0.306152,-23.925781,61.645508,29.113770
9287,0.759277,-0.589355,0.270508,-18.432617,70.922852,25.268555
9288,0.746582,-0.574707,0.223145,-9.704590,84.289551,18.493652
9289,0.736328,-0.578613,0.200684,-6.469727,88.439941,14.831543
9290,0.693359,-0.562988,0.156738,-2.380371,91.796875,6.469727
9291,0.669434,-0.541016,0.146973,-2.014160,90.026855,2.746582
9292,0.648926,-0.520020,0.143555,-3.051758,84.655762,-0.061035
9293,0.634277,-0.516602,0.145020,-4.028320,74.401855,-1.831055
9294,0.625000,-0.517578,0.162598,-6.958008,43.823242,-6.103516
9295,0.672363,-0.554199,0.170898,-10.620117,10.131836,-14.465332
9296,0.708984,-0.578613,0.163086,-11.657715,-2.624512,-20.324707
9297,0.751953,-0.602051,0.169922,-14.770508,-9.521484,-26.611328
9298,0.826172,-0.643555,0.169434,-29.602051,-8.117676,-37.841797
9299,0.855469,-0.660645,0.156738,-38.879395,-1.220703,-42.907715
9300,0.874023,-0.681152,0.137207,-47.729492,9.521484,-47.363281
9301,0.874023,-0.718262,0.116699,-60.363770,35.949707,-55.969238
9302,0.864746,-0.729004,0.119141,-63.659668,46.752930,-58.898926
9303,0.842285,-0.730957,0.127930,-66.955566,53.649902,-60.241699
9304,0.811035,-0.749512,0.064453,-68.908691,59.692383,-60.363770
9305,0.793457,-0.746582,0.037598,-67.260742,61.401367,-60.424805
9306,0.774414,-0.758789,0.024414,-63.903809,61.767578,-59.326172
9307,0.757812,-0.776855,0.014160,-61.523438,59.387207,-58.166504
9308,0.697266,-0.741211,0.001953,-50.476074,45.837402,-53.955078
9309,0.680176,-0.741699,0.027344,-44.067383,32.470703,-51.086426
9310,0.687988,-0.746582,0.051758,-37.536621,13.916016,-47.973633
9311,0.744629,-0.779785,0.068848,-20.935059,-27.954102,-43.762207
9312,0.778809,-0.795410,0.075195,-12.634277,-44.860840,-43.762207
9313,0.832031,-0.819824,0.104004,-4.150391,-60.485840,-47.668457
9314,0.870605,-0.841309,0.116699,-3.662109,-60.974121,-50.109863
9315,0.901855,-0.869141,0.126953,-5.493164,-56.457520,-51.574707
9316,0.894531,-0.879395,0.115723,-8.361816,-47.180176,-53.039551
9317,0.865723,-0.872559,0.117188,-10.742188,-35.217285,-54.077148
9318,0.801270,-0.842285,0.149902,-19.165039,-15.441895,-50.048828
9319,0.770996,-0.824219,0.145508,-24.475098,-8.972168,-43.762207
9320,0.751953,-0.814453,0.132324,-29.296875,-4.150391,-34.484863
9321,0.755371,-0.835449,0.138184,-36.560059,-2.563477,-11.169434
9322,0.755371,-0.850098,0.118164,-37.048340,-4.333496,0.793457
9323,0.746094,-0.853516,0.087891,-33.020020,-6.347656,12.023926
9324,0.725586,-0.836426,0.072266,-25.329590,-9.399414,23.559570
9325,0.684570,-0.769531,0.081543,-4.150391,-21.362305,47.241211
9326,0.673828,-0.720215,0.091797,7.934570,-30.944824,59.509277
9327,0.671387,-0.672363,0.097168,19.470215,-40.954590,72.204590
9328,0.698242,-0.629395,0.100586,30.151367,-50.354004,84.960938
9329,0.796387,-0.551270,0.046387,56.823730,-64.147949,113.281250
9330,0.854492,-0.529297,0.019043,75.073242,-68.542480,123.718262
9331,0.908203,-0.493652,0.012207,93.627930,-74.218750,129.394531
9332,0.955566,-0.468750,0.000977,108.459473,-79.772949,129.089355
9333,1.037598,-0.396973,-0.057129,123.229980,-79.650879,112.976074
9334,1.050293,-0.382324,-0.055176,119.567871,-71.777344,96.069336
9335,1.038086,-0.359375,-0.106445,102.539062,-57.250977,75.256348
9336,0.975098,-0.275879,-0.111328,51.574707,-19.775391,37.841797
9337,0.936523,-0.231934,-0.092773,17.944336,-2.746582,27.954102
9338,0.885254,-0.207520,-0.131348,-13.305664,14.526367,23.559570
9339,0.795410,-0.268555,-0.219238,-41.259766,42.846680,16.662598
9340,0.764160,-0.310059,-0.194336,-37.353516,43.579102,8.544922
9341,0.732910,-0.341309,-0.142578,-26.794434,33.203125,-0.793457
9342,0.712891,-0.344727,-0.101074,-14.526367,15.808105,-9.948730
9343,0.699707,-0.399414,-0.096680,7.385254,-20.324707,-22.583008
9344,0.689941,-0.440918,-0.087402,15.686035,-32.897949,-27.709961
9345,0.705078,-0.466797,-0.072754,23.376465,-43.823242,-31.005859
9346,0.712402,-0.479004,-0.047852,21.850586,-44.006348,-32.653809
9347,0.723633,-0.481445,-0.040527,19.714355,-41.992188,-33.081055
9348,0.715820,-0.498535,-0.001465,14.465332,-33.569336,-34.545898
9349,0.718750,-0.512207,0.018555,12.084961,-28.076172,-35.888672
9350,0.725586,-0.520508,0.043945,10.620117,-23.742676,-36.987305
9351,0.720215,-0.552246,0.056641,10.437012,-15.869141,-40.954590
9352,0.700195,-0.574707,0.063965,12.695312,-11.901855,-45.043945
9353,0.682617,-0.579590,0.081055,15.075684,-7.873535,-50.231934
9354,0.656250,-0.577148,0.094238,18.859863,-0.366211,-59.326172
9355,0.650391,-0.575684,0.076660,18.920898,3.906250,-62.072754
9356,0.636719,-0.586426,0.043945,18.127441,9.033203,-62.561035
9357,0.621094,-0.628906,0.018555,20.019531,20.019531,-62.561035
9358,0.628418,-0.656738,0.031738,24.780273,21.118164,-62.500000
9359,0.671875,-0.712402,0.041992,41.564941,14.953613,-65.429688
9360,0.700684,-0.752441,0.043457,49.743652,13.793945,-68.298340
9361,0.734863,-0.764648,0.040527,55.236816,15.441895,-71.472168
9362,0.731445,-0.801270,0.021973,59.692383,19.226074,-73.974609
9363,0.715820,-0.821289,0.019043,63.232422,22.521973,-75.500488
9364,0.667969,-0.812988,0.030762,59.082031,25.146484,-66.162109
9365,0.658203,-0.809570,0.041016,53.344727,24.353027,-56.030273
9366,0.651855,-0.815918,0.054688,46.508789,21.240234,-44.555664
9367,0.662109,-0.867676,0.052246,43.518066,11.352539,-25.329590
9368,0.704590,-0.870605,0.073242,44.860840,5.920410,-17.333984
9369,0.761719,-0.899414,0.073730,46.203613,1.770020,-9.338379
9370,0.822266,-0.950684,0.091797,47.973633,-0.793457,-1.647949
9371,0.874023,-0.972168,0.097656,48.522949,-3.845215,-0.549316
9372,0.978516,-1.034668,0.079102,42.724609,-3.906250,3.540039
9373,1.004883,-1.053711,0.072754,34.912109,-0.061035,4.760742
9374,1.001953,-1.062988,0.050781,24.475098,7.690430,4.699707
9375,0.935547,-1.043945,0.030273,13.610840,19.775391,4.211426
9376,0.747559,-0.885742,0.001465,-8.300781,50.415039,10.009766
9377,0.686035,-0.791016,0.015137,-23.437500,64.819336,22.094727
9378,0.655273,-0.751465,0.034180,-41.198730,72.509766,38.452148
9379,0.676270,-0.693359,0.030273,-69.458008,66.406250,72.631836
9380,0.682617,-0.726562,0.021973,-74.829102,54.016113,85.388184
9381,0.697266,-0.740234,-0.005859,-67.016602,34.912109,93.750000
9382,0.750000,-0.765137,0.072266,-52.001953,6.408691,97.961426
9383,0.874023,-0.776367,0.132812,-35.827637,-52.246094,101.928711
9384,0.926758,-0.806641,0.149414,-30.944824,-73.059082,104.248047
9385,1.010254,-0.797852,0.197754,-24.353027,-96.618652,113.891602
9386,1.023926,-0.797363,0.201660,-23.803711,-95.031738,119.445801
9387,1.027344,-0.787109,0.210449,-22.094727,-87.829590,124.328613
9388,0.996582,-0.744141,0.245117,-11.718750,-69.213867,131.896973
9389,0.971191,-0.718750,0.250000,-4.882812,-59.387207,133.361816
9390,0.954590,-0.686035,0.240234,1.647949,-48.889160,132.873535
9391,0.951172,-0.651855,0.219727,7.019043,-37.597656,131.164551
9392,0.934570,-0.618652,0.181152,16.723633,-12.756348,120.483398
9393,0.875977,-0.539551,0.159180,15.686035,-0.305176,112.060547
9394,0.835938,-0.515137,0.111816,17.700195,9.948730,101.989746
9395,0.810059,-0.486816,0.109863,20.263672,16.784668,90.881348
9396,0.754883,-0.434570,0.097168,23.498535,20.507812,69.396973
9397,0.725586,-0.410156,0.087891,22.399902,19.287109,60.546875
9398,0.702148,-0.390625,0.078613,20.202637,16.418457,53.710938
9399,0.684570,-0.376953,0.076660,17.517090,11.474609,48.339844
9400,0.658691,-0.368652,0.086426,14.038086,-4.760742,38.452148
9401,0.654297,-0.362793,0.095703,13.244629,-15.197754,33.020020
9402,0.662598,-0.355957,0.092773,14.831543,-35.217285,21.789551
9403,0.664062,-0.375488,0.092285,18.127441,-41.931152,14.892578
9404,0.671875,-0.384766,0.087891,23.498535,-46.386719,6.896973
9405,0.681152,-0.409668,0.085449,29.968262,-49.011230,-2.929688
9406,0.697754,-0.437012,0.078125,36.437988,-50.903320,-15.014648
9407,0.733398,-0.488281,0.071289,47.241211,-57.495117,-40.649414
9408,0.765137,-0.513672,0.079102,50.537109,-64.147949,-53.161621
9409,0.864258,-0.596680,0.077148,51.147461,-78.735352,-77.758789
9410,0.913574,-0.637695,0.079590,48.339844,-82.519531,-90.393066
9411,0.955078,-0.680664,0.089355,41.992188,-83.679199,-102.111816
9412,0.987305,-0.751953,0.067871,26.916504,-77.514648,-120.422363
9413,0.952148,-0.750000,0.087402,19.958496,-70.251465,-127.075195
9414,0.932617,-0.744629,0.119629,9.704590,-62.500000,-129.760742
9415,0.939453,-0.763184,0.152344,-1.770020,-56.823730,-129.577637
9416,0.979004,-0.861816,0.104004,-18.310547,-44.921875,-123.657227
9417,0.960449,-0.933594,0.129395,-12.634277,-47.424316,-122.192383
9418,1.010254,-0.989746,0.081055,-4.394531,-51.086426,-123.046875
9419,1.028320,-1.004395,0.186523,12.390137,-68.054199,-125.488281
9420,1.013184,-1.036621,0.235840,15.869141,-84.167480,-127.136230
9421,1.003906,-1.034668,0.242676,17.028809,-98.754883,-131.469727
9422,0.999512,-1.016113,0.153320,11.535645,-97.351074,-136.840820
9423,0.998047,-1.023438,0.164551,3.784180,-85.205078,-135.803223
9424,0.975586,-1.019043,0.134766,-2.624512,-70.495605,-130.432129
9425,0.848633,-1.000000,0.038086,-3.295898,-30.212402,-109.985352
9426,0.765625,-0.970215,0.015137,0.915527,-10.070801,-96.069336
9427,0.681152,-0.931641,0.003418,7.446289,4.882812,-79.833984
9428,0.524414,-0.844727,-0.008301,24.414062,14.770508,-42.053223
9429,0.471680,-0.792480,-0.018066,35.217285,10.681152,-22.033691
9430,0.447266,-0.737793,-0.016113,47.180176,1.647949,-1.037598
9431,0.460938,-0.617676,-0.023438,70.434570,-26.062012,42.724609
9432,0.489258,-0.584473,-0.022949,82.519531,-42.846680,63.110352
9433,0.530273,-0.570312,-0.027832,93.200684,-59.265137,78.491211
9434,0.573242,-0.545898,-0.043945,103.332520,-73.791504,88.195801
9435,0.662109,-0.512207,-0.016602,114.257812,-97.167969,94.116211
9436,0.713379,-0.489746,-0.016113,112.121582,-104.797363,92.834473
9437,0.752930,-0.463867,-0.047363,106.567383,-107.604980,91.796875
9438,0.770996,-0.478516,-0.070801,97.412109,-104.431152,89.782715
9439,0.823242,-0.476074,-0.089355,77.697754,-84.777832,79.650879
9440,0.843750,-0.479492,-0.083496,68.603516,-72.509766,71.289062
9441,0.847168,-0.519531,-0.081055,51.330566,-45.837402,49.621582
9442,0.860840,-0.545898,-0.086426,45.837402,-32.226562,35.705566
9443,0.865234,-0.548340,-0.102539,42.480469,-17.700195,22.460938
9444,0.859375,-0.508301,-0.137207,34.240723,0.793457,13.366699
9445,0.793457,-0.483398,-0.167969,12.939453,40.771484,9.460449
9446,0.753418,-0.472656,-0.139648,-0.488281,51.757812,14.038086
9447,0.713867,-0.469238,-0.157715,-10.925293,55.175781,20.568848
9448,0.655273,-0.473145,-0.173340,-15.502930,45.593262,32.592773
9449,0.642090,-0.478516,-0.176758,-11.718750,34.118652,34.606934
9450,0.635254,-0.477539,-0.179199,-4.455566,19.714355,33.874512
9451,0.638184,-0.469727,-0.166992,15.869141,-11.840820,26.184082
9452,0.648438,-0.466309,-0.164062,28.015137,-25.390625,20.202637
9453,0.657227,-0.461426,-0.157227,38.635254,-34.667969,13.671875
9454,0.660156,-0.455078,-0.161133,45.837402,-38.208008,7.629395
9455,0.643066,-0.458496,-0.139160,52.062988,-33.874512,-2.563477
9456,0.632812,-0.464844,-0.127441,50.415039,-29.174805,-6.164551
9457,0.616699,-0.494629,-0.115723,47.241211,-20.202637,-10.314941
9458,0.621094,-0.520020,-0.099609,46.630859,-18.615723,-11.596680
9459,0.633789,-0.545898,-0.081543,46.569824,-20.080566,-12.023926
9460,0.643555,-0.574707,-0.074219,47.363281,-23.803711,-11.596680
9461,0.651367,-0.595215,-0.084961,49.621582,-27.465820,-11.352539
9462,0.661621,-0.636230,-0.093262,57.250977,-29.418945,-11.474609
9463,0.666992,-0.652344,-0.088867,62.744141,-30.029297,-12.145996
9464,0.676270,-0.672852,-0.072754,70.800781,-31.188965,-13.610840
9465,0.679199,-0.678223,-0.062988,73.730469,-31.250000,-14.770508
9466,0.673828,-0.667480,-0.040527,75.256348,-31.433105,-15.930176
9467,0.672852,-0.660156,-0.020508,75.378418,-32.104492,-16.113281
9468,0.676758,-0.677734,0.004395,73.791504,-35.156250,-15.563965
9469,0.687988,-0.694336,0.020508,73.425293,-37.170410,-15.930176
9470,0.753906,-0.746582,0.064941,73.364258,-44.311523,-17.883301
9471,0.790039,-0.761719,0.098633,72.448730,-49.194336,-18.859863
9472,0.825195,-0.794434,0.113281,70.678711,-53.405762,-20.080566
9473,0.866211,-0.844727,0.092773,69.885254,-54.260254,-24.169922
9474,0.955566,-0.908203,0.117676,64.514160,-43.884277,-34.484863
9475,1.016113,-0.918945,0.097168,56.823730,-33.691406,-38.940430
9476,1.030762,-0.936035,0.100098,44.311523,-17.822266,-41.687012
9477,0.996582,-0.941895,0.093262,24.597168,2.746582,-44.433594
9478,0.851074,-0.920898,0.055176,-13.122559,44.799805,-45.532227
9479,0.794922,-0.905762,0.022949,-22.644043,63.171387,-43.518066
9480,0.737305,-0.893555,0.020996,-29.418945,77.453613,-39.550781
9481,0.695312,-0.836914,0.035156,-48.034668,83.557129,-17.211914
9482,0.685547,-0.829102,0.020996,-58.166504,78.857422,-2.746582
9483,0.700684,-0.832031,-0.009766,-65.795898,72.509766,12.512207
9484,0.739258,-0.861816,-0.014648,-70.190430,63.781738,27.709961
9485,0.834473,-0.927734,0.010254,-69.030762,30.639648,53.100586
9486,0.866699,-0.950195,0.002441,-61.218262,9.094238,64.392090
9487,0.905762,-0.966797,0.054199,-31.372070,-33.630371,81.787109
9488,0.896973,-0.943848,0.109863,-16.540527,-53.955078,88.989258
9489,0.898926,-0.897949,0.143555,-1.953125,-72.509766,96.557617
9490,0.904297,-0.856934,0.168945,12.817383,-87.646484,105.651855
9491,0.926270,-0.785645,0.197754,40.527344,-102.539062,123.291016
9492,0.931641,-0.741211,0.200195,54.382324,-102.050781,130.676270
9493,0.925781,-0.701660,0.206543,67.626953,-97.717285,135.742188
9494,0.914062,-0.597168,0.187500,87.646484,-79.223633,137.023926
9495,0.898438,-0.557617,0.161621,93.078613,-65.673828,133.300781
9496,0.880859,-0.506836,0.140137,93.261719,-49.499512,127.075195
9497,0.825684,-0.416992,0.111328,80.444336,-15.075684,110.900879
9498,0.807129,-0.387695,0.121582,67.504883,-0.122070,100.708008
9499,0.775391,-0.399414,0.073242,54.687500,11.840820,90.087891
9500,0.720215,-0.405273,0.053711,42.358398,20.874023,63.415527
9501,0.696289,-0.390137,0.067871,38.452148,16.479492,50.659180
9502,0.672363,-0.361816,0.082031,28.320312,-3.356934,30.212402
9503,0.668457,-0.364258,0.075195,23.559570,-14.770508,22.277832
9504,0.663086,-0.373047,0.075684,19.714355,-26.245117,15.136719
9505,0.668945,-0.375000,0.092773,17.028809,-38.024902,7.873535
9506,0.699707,-0.384277,0.114746,13.244629,-60.607910,-4.943848
9507,0.708984,-0.408691,0.117676,12.268066,-67.810059,-12.451172
9508,0.725586,-0.424316,0.117188,13.122559,-72.387695,-21.362305
9509,0.763184,-0.465820,0.119629,18.615723,-75.378418,-42.663574
9510,0.780762,-0.479980,0.125488,21.667480,-74.951172,-54.626465
9511,0.821289,-0.529785,0.137695,25.207520,-74.584961,-77.819824
9512,0.851074,-0.560059,0.143066,25.329590,-75.378418,-89.355469
9513,0.883301,-0.593262,0.144043,23.742676,-76.599121,-100.341797
9514,0.949219,-0.671875,0.141113,13.610840,-76.049805,-120.422363
9515,0.984375,-0.714844,0.126953,6.469727,-72.753906,-128.662109
9516,1.001465,-0.766113,0.111328,-1.220703,-67.993164,-135.559082
9517,0.968262,-0.804688,0.108398,-8.850098,-62.194824,-140.930176
9518,0.983398,-0.873535,0.106934,-20.385742,-58.288574,-139.587402
9519,0.983887,-0.902832,0.117188,-23.010254,-58.959961,-137.756348
9520,0.965820,-0.943848,0.210449,-23.864746,-68.847656,-137.268066
9521,0.979004,-0.977051,0.228027,-21.240234,-77.514648,-138.610840
9522,0.989258,-1.012207,0.219238,-16.723633,-83.984375,-140.563965
9523,1.012695,-0.998047,0.158691,-8.056641,-84.411621,-139.831543
9524,0.969727,-0.999512,0.159180,5.004883,-67.077637,-132.019043
9525,0.950684,-0.967773,0.128906,10.437012,-54.077148,-125.122070
9526,0.896973,-0.947754,0.102539,15.075684,-38.024902,-114.501953
9527,0.808594,-0.906738,0.093750,22.094727,-9.765625,-90.759277
9528,0.779785,-0.892090,0.077637,25.512695,-1.037598,-74.584961
9529,0.748047,-0.891113,0.048340,29.724121,4.394531,-58.410645
9530,0.699707,-0.878906,-0.018066,47.241211,3.295898,-30.883789
9531,0.676758,-0.870605,-0.026367,60.302734,-4.699707,-19.836426
9532,0.651367,-0.836426,-0.018066,72.753906,-15.991211,-11.169434
9533,0.634766,-0.739746,-0.011230,88.745117,-41.503906,4.455566
9534,0.644531,-0.702148,-0.016113,91.186523,-51.452637,11.291504
9535,0.676270,-0.665527,-0.052246,90.759277,-56.823730,16.357422
9536,0.732422,-0.625000,-0.136719,93.566895,-48.522949,25.512695
9537,0.770996,-0.521973,-0.317383,102.783203,-40.466309,28.686523
9538,0.755371,-0.439453,-0.361816,116.516113,-34.729004,37.231445
9539,0.734863,-0.375488,-0.381348,126.281738,-30.761719,51.513672
9540,0.781738,-0.207031,-0.332520,144.409180,-39.245605,76.171875
9541,0.838379,-0.215820,-0.269531,140.075684,-53.039551,77.392578
9542,0.865234,-0.237305,-0.224609,125.915527,-71.228027,69.213867
9543,0.895996,-0.287109,-0.223145,80.139160,-96.191406,56.457520
9544,0.926270,-0.358398,-0.206055,51.208496,-94.299316,55.786133
9545,0.941895,-0.435547,-0.187988,20.690918,-86.364746,55.236816
9546,0.942383,-0.536133,-0.112793,-33.325195,-60.180664,49.255371
9547,0.923340,-0.535156,-0.081543,-51.879883,-46.142578,48.522949
9548,0.889160,-0.533691,-0.101562,-58.898926,-31.677246,51.086426
9549,0.823242,-0.519043,-0.027832,-40.283203,-17.211914,56.335449
9550,0.805664,-0.471191,0.007812,-19.714355,-21.728516,59.143066
9551,0.790039,-0.429199,0.012207,6.530762,-31.494141,61.706543
9552,0.792480,-0.406738,0.011230,35.705566,-44.738770,60.424805
9553,0.814453,-0.396973,-0.017090,63.537598,-58.776855,53.222656
9554,0.829102,-0.382812,-0.082031,103.454590,-74.096680,20.446777
9555,0.833496,-0.358398,-0.123535,109.924316,-72.204590,-1.464844
9556,0.828125,-0.341309,-0.111816,105.102539,-64.331055,-22.521973
9557,0.810547,-0.335938,-0.116211,71.655273,-38.024902,-53.588867
9558,0.799316,-0.344238,-0.118652,54.870605,-23.254395,-63.232422
9559,0.791504,-0.369629,-0.093262,37.475586,-9.887695,-69.824219
9560,0.752441,-0.408203,-0.078125,2.685547,12.634277,-72.509766
9561,0.759766,-0.436523,-0.125000,-9.887695,20.690918,-67.199707
9562,0.750000,-0.479004,-0.168945,-15.808105,28.503418,-60.546875
9563,0.735840,-0.545410,-0.185547,-16.601562,34.423828,-54.626465
9564,0.693359,-0.632324,-0.193848,-7.446289,35.400391,-48.889160
9565,0.666016,-0.646484,-0.197266,-1.342773,30.944824,-45.898438
9566,0.634277,-0.700195,-0.220703,25.878906,15.014648,-42.724609
9567,0.626465,-0.710449,-0.187012,44.738770,3.112793,-44.128418
9568,0.649414,-0.733398,-0.143555,60.058594,-9.948730,-46.997070
9569,0.669922,-0.796875,-0.193848,74.035645,-27.465820,-49.621582
9570,0.634277,-0.866211,-0.214355,75.744629,-31.005859,-45.471191
9571,0.576172,-0.898926,-0.214844,66.772461,-31.066895,-33.752441
9572,0.503906,-0.901367,-0.238281,44.860840,-25.817871,-13.061523
9573,0.434082,-1.140625,-0.302246,1.770020,-2.746582,30.883789
9574,0.464844,-1.419922,-0.270996,0.061035,3.417969,44.006348
9575,0.427734,-1.679199,-0.254395,22.216797,2.319336,48.645020
9576,0.373047,-1.740234,-0.141602,116.516113,-9.887695,62.500000
9577,0.377441,-1.599609,0.001465,155.151367,-20.751953,87.707520
9578,0.389648,-1.514648,0.120117,181.884766,-34.362793,159.240723
9579,0.327148,-1.717773,0.208984,184.204102,-28.137207,178.710938
9580,0.361816,-1.803223,0.175781,196.716309,-10.864258,180.297852
9581,0.457520,-1.780273,0.045898,235.168457,17.333984,170.166016
9582,0.937500,-1.317871,0.382324,334.045410,96.252441,149.719238
9583,1.257812,-0.985840,0.628418,361.755371,117.065430,170.104980
9584,1.291016,-0.926270,0.885742,379.394531,121.948242,198.974609
9585,0.948242,-0.988770,1.025391,353.393555,133.178711,187.255859
9586,0.797852,-1.026855,1.109863,329.528809,173.034668,148.925781
9587,0.818359,-0.992188,1.001465,300.048828,218.322754,104.064941
9588,1.006836,-0.854492,0.814453,288.940430,247.070312,71.655273
9589,1.186523,-0.599609,0.849609,261.169434,272.644043,75.073242
9590,1.162109,-0.542480,0.637207,242.004395,277.221680,80.993652
9591,1.192383,-0.374023,0.679688,225.097656,268.676758,87.829590
9592,1.137207,-0.344238,0.630371,203.247070,253.845215,91.186523
9593,0.905273,-0.394043,0.644043,167.541504,233.398438,66.223145
9594,0.832520,-0.328125,0.703613,151.306152,231.140137,47.546387
9595,0.895508,-0.218262,0.720215,135.742188,222.595215,38.879395
9596,0.822754,-0.286621,0.727539,135.131836,185.729980,24.475098
9597,0.604492,-0.365234,0.688477,146.362305,164.978027,-6.286621
9598,0.347656,-0.538086,0.622559,157.958984,141.296387,-45.898438
9599,0.380859,-0.286133,0.653809,139.099121,87.463379,-128.295898
9600,0.411133,-0.221680,0.578613,95.520020,84.350586,-154.541016
9601,0.421875,-0.201660,0.628418,48.706055,89.965820,-169.982910
9602,0.595215,0.010742,0.645020,8.666992,113.525391,-156.005859
9603,0.616699,-0.002930,0.671875,19.775391,131.530762,-104.675293
9604,0.080566,-0.412109,0.614258,54.565430,149.353027,-71.044922
9605,-0.020020,-0.389160,0.568359,68.420410,153.808594,-88.745117
9606,-0.041016,-0.414551,0.608398,64.208984,156.921387,-102.783203
9607,-0.120605,-0.416504,0.537598,55.847168,154.846191,-116.821289
9608,-0.206055,-0.134277,0.591309,92.102051,104.064941,-90.820312
9609,-0.273438,-0.080078,0.753906,100.708008,56.152344,-67.993164
9610,-0.360840,-0.038086,0.851562,84.106445,7.202148,-46.875000
9611,-0.320801,0.054688,0.956055,10.986328,-54.809570,0.854492
9612,-0.130371,-0.000977,0.912598,-21.362305,-50.415039,24.414062
9613,-0.069336,-0.163574,0.768066,-21.850586,-31.372070,24.169922
9614,0.051758,-0.060059,0.707031,34.606934,8.117676,-10.803223
9615,-0.008301,-0.013184,0.793457,48.950195,26.550293,-22.338867
9616,0.016602,0.008301,0.833496,44.067383,36.132812,-34.912109
9617,-0.141113,-0.254883,0.750977,49.926758,52.856445,-39.184570
9618,-0.226562,0.016113,1.171875,33.081055,20.874023,-56.518555
9619,-0.288574,-0.097168,1.063477,16.052246,-3.051758,-27.404785
9620,-0.306152,-0.239258,0.886719,-15.502930,8.361816,-25.024414
9621,-0.242676,-0.241211,0.858887,-18.371582,24.353027,-27.954102
9622,-0.234863,-0.250000,0.849609,-5.126953,36.560059,-30.151367
9623,-0.262695,-0.217773,0.935059,21.118164,32.714844,-33.386230
9624,-0.318359,-0.124512,0.863281,59.204102,-37.414551,-20.385742
9625,-0.281738,-0.124023,0.823242,45.593262,-40.588379,-14.465332
9626,-0.259277,-0.131836,0.840820,27.648926,-30.578613,-8.178711
9627,-0.272461,-0.187500,0.881348,7.385254,-15.747070,-0.244141
9628,-0.263672,-0.196289,0.887207,17.822266,-18.737793,0.549316
9629,-0.258789,-0.136230,0.888672,36.132812,-25.024414,1.220703
9630,-0.286621,0.023926,1.000000,15.930176,-26.977539,8.850098
9631,-0.253418,-0.062500,0.929688,-10.681152,-20.874023,8.117676
9632,-0.220215,-0.171387,0.941895,-23.803711,-16.418457,1.770020
9633,-0.196289,-0.245117,0.998047,-29.785156,-19.165039,-6.591797
9634,-0.175781,-0.254395,1.134277,-26.489258,-37.048340,-8.178711
9635,-0.220703,-0.264648,1.164062,-23.010254,-45.410156,-10.131836
9636,-0.230957,-0.222168,1.182129,-6.958008,-57.189941,-15.258789
9637,-0.246094,-0.206055,1.154297,-2.502441,-59.204102,-15.319824
9638,-0.217285,-0.139648,1.102051,-8.728027,-56.640625,-17.578125
9639,-0.207031,-0.129883,1.001465,-29.724121,-44.189453,-16.418457
9640,-0.200684,-0.152832,0.959473,-31.005859,-36.743164,-17.395020
9641,-0.181641,-0.136719,0.980957,-24.902344,-35.095215,-15.441895
9642,-0.183594,-0.119141,1.018066,-14.709473,-37.109375,-9.094238
9643,-0.132812,-0.089844,1.060059,-2.746582,-37.658691,-0.061035
9644,-0.114746,-0.081543,1.096680,0.061035,-34.973145,4.638672
9645,-0.067871,-0.104004,1.063965,10.314941,-31.738281,11.901855
9646,-0.045898,-0.074219,1.075684,11.230469,-30.151367,8.728027
9647,-0.001465,-0.067871,1.061523,7.202148,-29.418945,4.333496
9648,0.041992,-0.124512,1.020508,-3.051758,-28.930664,-4.028320
9649,0.068359,-0.104980,0.991699,-10.742188,-29.235840,-7.385254
9650,0.122070,-0.081055,0.933105,-17.822266,-26.428223,-6.835938
9651,0.134766,-0.048828,0.931152,-28.320312,-19.226074,-3.540039
9652,0.159668,-0.045410,0.951172,-26.611328,-20.080566,-1.281738
9653,0.181641,-0.053223,0.953125,-18.615723,-25.756836,2.014160
9654,0.197754,-0.067871,0.946289,-8.361816,-31.433105,5.432129
9655,0.204102,-0.051270,0.915039,1.892090,-35.827637,11.901855
9656,0.221191,-0.054199,0.875488,0.488281,-32.836914,13.916016
9657,0.234863,-0.065430,0.837402,-2.441406,-27.343750,14.465332
9658,0.216309,-0.111816,0.834473,-4.394531,-23.010254,13.854980
9659,0.141113,-0.163086,0.916992,-2.319336,-24.414062,11.291504
9660,0.133789,-0.181152,0.950684,-1.281738,-30.517578,10.253906
9661,0.164062,-0.228516,0.927246,2.746582,-41.748047,6.225586
9662,0.178711,-0.223145,0.933105,3.967285,-43.762207,3.479004
9663,0.192383,-0.187012,0.911133,3.234863,-45.288086,0.793457
9664,0.221680,-0.153809,0.886719,0.976562,-39.794922,-1.708984
9665,0.201172,-0.123047,0.867188,-3.234863,-23.132324,-2.319336
9666,0.178223,-0.138184,0.902344,-1.953125,-15.747070,-1.159668
9667,0.175781,-0.133301,0.912109,2.319336,-13.122559,-0.183105
9668,0.171387,-0.131836,0.951172,15.075684,-9.155273,2.319336
9669,0.156250,-0.133789,0.959961,19.409180,-9.887695,1.647949
9670,0.152832,-0.130371,0.968262,21.728516,-10.681152,1.586914
9671,0.142578,-0.124512,0.992188,19.714355,-11.291504,-0.366211
9672,0.162109,-0.111328,0.983398,14.709473,-10.131836,-2.075195
9673,0.165527,-0.125977,0.990234,8.544922,-5.859375,-3.234863
9674,0.182129,-0.130859,0.995605,7.629395,-2.685547,-4.089355
9675,0.177246,-0.139648,1.016602,7.202148,0.244141,-8.605957
9676,0.181152,-0.137695,1.033203,6.164551,-0.427246,-8.850098
9677,0.170898,-0.158203,1.020996,6.835938,-0.854492,-8.789062
9678,0.180664,-0.175293,1.009766,8.666992,-0.854492,-8.850098
9679,0.163574,-0.186035,1.018555,9.826660,-0.122070,-9.582520
9680,0.157715,-0.144531,1.013184,5.065918,-1.281738,-12.329102
9681,0.178711,-0.127441,0.996094,-4.272461,0.244141,-13.305664
9682,0.180664,-0.140137,0.948242,-20.263672,7.324219,-14.282227
9683,0.193359,-0.139160,0.945312,-21.972656,11.779785,-13.244629
9684,0.208984,-0.115723,1.002441,-15.136719,14.709473,-7.995605
9685,0.201172,-0.106934,1.008789,-8.728027,13.183594,-6.103516
9686,0.209473,-0.076660,1.004883,-7.507324,12.207031,-8.056641
9687,0.250488,-0.082520,0.971191,-9.704590,13.671875,-8.239746
9688,0.236328,-0.129883,0.974609,-6.408691,14.099121,-9.521484
9689,0.200195,-0.152344,0.969238,-1.770020,14.709473,-11.718750
9690,0.158691,-0.122070,1.020996,-0.244141,14.221191,-14.648438
9691,0.173340,-0.108887,1.025391,-3.356934,13.305664,-17.089844
9692,0.150879,-0.162109,1.015137,-3.601074,11.901855,-18.188477
9693,0.143555,-0.169922,1.008789,-2.380371,12.878418,-18.859863
9694,0.141113,-0.162109,0.997559,0.976562,22.094727,-20.263672
9695,0.132812,-0.153320,1.003906,1.586914,27.038574,-20.690918
9696,0.107422,-0.145996,0.997070,3.112793,30.029297,-20.446777
9697,0.088379,-0.144043,0.978516,5.371094,31.433105,-20.141602
9698,0.087891,-0.139648,0.893066,9.582520,25.817871,-15.869141
9699,0.072266,-0.125977,0.975098,2.868652,28.198242,-15.441895
