order,ax,ay,az,gx,gy,gz
0,0.019043,-0.814453,0.544922,7.507324,3.356934,0.183105
1,0.016113,-0.814453,0.555176,9.216309,4.638672,0.549316
2,0.009277,-0.806152,0.579590,11.047363,7.446289,1.098633
3,0.009277,-0.806641,0.589844,9.643555,7.873535,1.464844
4,0.009277,-0.812012,0.606445,8.422852,7.324219,1.708984
5,-0.002441,-0.816406,0.622559,8.300781,4.150391,2.075195
6,0.004883,-0.812500,0.610840,9.460449,2.868652,2.136230
7,0.007324,-0.805176,0.615723,10.437012,2.746582,2.502441
8,0.010742,-0.803223,0.619141,9.643555,2.563477,2.502441
9,0.011230,-0.804688,0.617676,6.042480,2.258301,2.258301
10,0.009277,-0.808594,0.622070,3.906250,1.708984,1.708984
11,0.004883,-0.810059,0.613770,3.356934,0.671387,1.220703
12,0.009277,-0.797363,0.603516,2.197266,0.732422,0.732422
13,0.002441,-0.807129,0.597168,5.249023,1.281738,1.037598
14,0.004883,-0.797852,0.596191,7.934570,1.892090,1.464844
15,0.009766,-0.805176,0.604004,9.521484,3.234863,1.831055
16,0.007812,-0.785156,0.629395,13.305664,5.676270,2.014160
17,0.007812,-0.794922,0.635254,11.779785,6.347656,1.586914
18,-0.001953,-0.810059,0.605957,15.197754,6.958008,1.953125
19,0.004395,-0.815918,0.579590,20.324707,7.995605,2.014160
20,-0.034180,-0.803711,0.616699,24.963379,8.483887,3.723145
21,0.051758,-0.772461,0.548340,28.930664,12.756348,3.540039
22,-0.028809,-0.766602,0.582520,29.235840,29.113770,6.164551
23,-0.057617,-0.770996,0.594238,33.874512,31.311035,8.850098
24,-0.033203,-0.775879,0.634277,44.494629,32.287598,10.681152
25,-0.061035,-0.783203,0.624512,56.762695,34.057617,10.803223
26,-0.090332,-0.788574,0.610840,78.552246,64.636230,7.812500
27,-0.087891,-0.792480,0.655273,86.608887,73.913574,4.089355
28,-0.085938,-0.754395,0.609863,109.497070,67.504883,2.563477
29,0.062012,-0.448242,0.606934,193.786621,32.531738,20.202637
30,-0.074707,-0.743652,-0.056152,347.839355,26.367188,33.020020
31,-0.055664,-0.548340,0.170410,484.863281,24.230957,29.785156
32,-0.040039,-0.392090,0.414551,583.374023,52.551270,9.765625
33,-0.142090,-0.165039,1.233398,592.102051,94.360352,-4.577637
34,-0.092285,-0.259766,1.496582,203.125000,144.104004,-62.377930
35,-0.024414,0.009766,1.128906,133.911133,151.000977,-44.982910
36,-0.163086,-0.238281,1.160156,114.440918,141.479492,-17.395020
37,-0.125000,-0.167480,1.270996,27.832031,79.162598,-25.695801
38,-0.156738,-0.050781,1.370605,-19.165039,52.612305,-5.615234
39,-0.331543,-0.359863,1.313477,-33.691406,18.005371,0.122070
40,-0.250488,-0.415039,1.235840,-5.615234,-27.221680,-8.300781
41,-0.052246,-0.357910,1.194824,123.596191,-171.508789,-21.179199
42,-0.030762,-0.451660,0.777344,138.366699,-203.491211,-36.376953
43,-0.185059,-0.309082,0.375488,108.581543,-141.418457,-54.077148
44,-0.020020,0.307129,0.899414,-44.555664,56.396484,-34.973145
45,0.129883,0.123535,0.956543,-128.479004,107.055664,27.038574
46,0.008301,-0.184082,0.865234,-183.410645,149.902344,64.331055
47,-0.221191,-0.403320,1.081543,-148.071289,91.979980,72.082520
48,-0.299805,-0.385254,1.166016,-97.717285,32.104492,51.208496
49,-0.272949,-0.257324,1.009277,-75.439453,-5.676270,35.339355
50,-0.192383,-0.245117,0.805664,-94.299316,29.724121,41.381836
51,-0.228027,-0.348145,0.846191,-97.351074,50.292969,46.630859
52,-0.288086,-0.430664,0.846680,-83.801270,53.710938,43.945312
53,-0.376953,-0.366211,0.782227,-39.611816,28.320312,20.019531
54,-0.384277,-0.353516,0.790039,-15.808105,13.122559,9.948730
55,-0.368652,-0.335938,0.834473,-3.234863,-1.098633,1.647949
56,-0.396973,-0.278809,0.761230,44.006348,-18.005371,-10.070801
57,-0.389160,-0.270020,0.778809,97.900391,-35.583496,-13.916016
58,-0.170898,-0.181641,0.845215,158.447266,-64.575195,-11.230469
59,-0.079102,-0.096680,0.917969,255.859375,-133.544922,25.512695
60,-0.138672,-0.214355,0.897461,290.588379,-147.338867,24.658203
61,-0.299316,-0.340820,1.106934,297.546387,-149.719238,2.990723
62,-0.345215,-0.345215,1.101074,209.716797,-133.850098,-88.684082
63,-0.196777,-0.158203,0.827148,164.978027,-89.538574,-116.271973
64,-0.105469,-0.040527,0.756836,131.713867,-31.372070,-120.727539
65,-0.078125,-0.047363,0.913574,100.158691,15.930176,-114.013672
66,-0.127930,-0.123047,1.041504,42.297363,59.265137,-87.158203
67,-0.161621,0.032227,0.876465,43.029785,66.650391,-63.842773
68,-0.171875,0.076660,1.005859,44.067383,61.462402,-45.593262
69,-0.252441,0.000000,1.063965,29.357910,35.888672,-29.235840
70,-0.270020,-0.029785,1.032715,14.587402,5.065918,-15.014648
71,-0.106934,0.021973,1.061035,-10.864258,-42.419434,14.709473
72,-0.069824,0.025391,1.035645,-17.578125,-52.062988,28.259277
73,-0.092285,0.008301,1.031250,-21.972656,-53.588867,35.766602
74,-0.094727,-0.020020,0.940918,-45.288086,-43.151855,34.790039
75,-0.059082,-0.057129,0.937012,-48.889160,-37.170410,32.409668
76,-0.017090,-0.094727,0.943848,-45.593262,-36.132812,30.334473
77,-0.036621,-0.087891,0.946289,-21.850586,-49.621582,19.104004
78,-0.047852,-0.068359,0.935547,-8.422852,-60.119629,16.357422
79,-0.043945,-0.055176,0.960449,-1.831055,-67.810059,13.122559
80,-0.065430,-0.037109,0.885742,15.808105,-73.852539,0.061035
81,-0.078613,-0.006836,0.981934,26.550293,-74.157715,-10.131836
82,-0.063965,0.010742,1.045898,20.935059,-73.974609,-21.057129
83,-0.026367,-0.026855,0.953613,10.986328,-61.523438,-30.578613
84,-0.096191,-0.115234,0.972656,1.159668,-42.785645,-36.743164
85,-0.014648,-0.095703,0.859375,-14.465332,-10.803223,-48.583984
86,-0.168457,-0.183594,1.014160,-20.019531,12.268066,-56.762695
87,0.092773,0.077148,1.164062,-10.986328,24.230957,-52.246094
88,0.020020,0.094238,1.232422,-22.216797,14.648438,-49.255371
89,-0.086914,-0.007812,1.044922,-31.372070,15.502930,-57.800293
90,-0.112305,-0.049316,0.891602,-16.479492,23.315430,-76.782227
91,-0.022461,-0.055176,0.920410,49.621582,14.282227,-102.539062
92,-0.012695,-0.113770,0.996094,65.246582,0.427246,-111.633301
93,0.054688,0.054688,1.005371,60.119629,-17.150879,-117.370605
94,0.122070,0.068848,0.999512,65.429688,-19.653320,-108.703613
95,0.134766,0.046387,1.176270,64.392090,-17.517090,-91.247559
96,0.100586,0.019043,1.228516,34.545898,-7.812500,-73.547363
97,0.101562,0.140625,0.941895,2.990723,18.798828,-50.048828
98,0.073730,0.175781,0.937500,7.934570,21.423340,-42.175293
99,0.034668,0.138672,0.957520,16.296387,20.263672,-38.879395
100,0.030273,0.055176,1.084961,22.644043,17.456055,-40.832520
101,-0.038086,-0.083496,1.070801,18.676758,6.164551,-62.683105
102,0.009277,-0.089355,0.976074,27.893066,-2.441406,-77.575684
103,0.055664,-0.067871,0.890625,42.724609,-9.521484,-89.782715
104,0.095215,0.012207,0.944336,41.442871,-23.132324,-121.398926
105,0.117676,0.055664,0.969238,20.507812,-34.423828,-142.822266
106,0.098145,0.075684,0.974121,-1.525879,-48.522949,-164.733887
107,0.022949,0.112305,1.024902,-20.080566,-77.270508,-185.485840
108,0.048828,0.136719,1.019531,-6.896973,-86.914062,-173.217773
109,0.131348,0.141602,0.979980,7.507324,-89.904785,-146.057129
110,0.199219,0.146973,0.895996,12.023926,-72.387695,-108.825684
111,0.061523,0.045898,0.657227,0.549316,25.634766,-41.259766
112,-0.295410,-0.106934,0.871094,11.108398,63.354492,-50.109863
113,-0.133301,-0.046387,0.891602,39.062500,65.917969,-69.091797
114,-0.079590,-0.004395,1.155273,49.072266,43.212891,-81.665039
115,-0.006348,0.260254,1.154785,64.331055,-31.066895,-82.641602
116,-0.036133,0.270508,1.162109,53.955078,-54.382324,-75.134277
117,-0.034668,0.257812,1.166016,34.179688,-64.697266,-75.805664
118,0.003906,0.245605,1.170898,5.432129,-65.979004,-81.359863
119,0.120117,0.265137,1.001465,-17.089844,-58.166504,-82.397461
120,0.217285,0.404785,1.033691,-15.380859,-63.903809,-59.692383
121,0.273438,0.485352,0.980469,-0.854492,-72.998047,-13.000488
122,0.055176,0.312012,0.798340,45.410156,-62.927246,82.397461
123,-0.142090,0.055176,0.796875,47.729492,-42.724609,84.533691
124,-0.243652,-0.174805,0.918945,37.963867,-20.446777,50.476074
125,-0.144043,-0.164062,1.062012,25.024414,-7.141113,2.502441
126,0.222168,0.241699,1.020020,14.343262,-0.305176,-20.996094
127,0.223633,0.246582,0.966797,25.024414,-1.708984,-4.028320
128,0.145508,0.189453,0.974121,38.330078,-10.253906,3.723145
129,0.108398,0.186035,1.004883,43.395996,-20.751953,2.929688
130,0.187988,0.234375,1.021484,46.020508,-31.860352,4.333496
131,0.189941,0.236328,0.987793,44.799805,-31.555176,10.253906
132,0.113281,0.176270,0.980957,37.597656,-27.282715,11.596680
133,0.168945,0.197266,0.840332,55.725098,-23.681641,-16.784668
134,0.273438,0.305176,0.891113,60.913086,-23.559570,-11.230469
135,0.208984,0.231934,0.821777,62.500000,-14.160156,-5.493164
136,0.077637,0.105469,0.799805,69.763184,-0.976562,-14.587402
137,-0.130859,0.311523,0.771484,78.002930,23.315430,-71.472168
138,0.042480,0.273926,0.765625,138.854980,-1.647949,-76.171875
139,0.160645,0.360840,1.259766,201.049805,-121.215820,-32.043457
140,0.260254,0.374023,0.961426,231.750488,-169.738770,2.990723
141,0.324219,0.537598,0.825195,290.649414,-213.378906,43.701172
142,0.183105,0.476074,1.105957,427.001953,-338.806152,123.718262
143,0.178223,0.732910,1.523926,389.099121,-394.836426,124.572754
144,0.753418,1.113770,-0.134277,127.868652,-202.209473,64.147949
145,0.467285,0.640625,-0.102539,58.044434,-27.770996,25.878906
146,0.354004,0.309570,0.583496,24.841309,67.810059,-16.235352
147,0.447754,0.539062,0.782227,12.329102,72.204590,-51.574707
148,0.376953,0.573730,0.970703,-4.882812,68.969727,-72.082520
149,0.238770,0.624512,1.011230,20.629883,21.118164,-93.566895
150,0.280273,0.659668,1.025391,36.010742,-17.822266,-94.360352
151,0.396484,0.768066,0.876953,56.518555,-59.814453,-85.083008
152,0.335449,0.876953,0.384766,105.163574,-91.674805,-39.001465
153,0.432617,1.044434,0.270996,117.919922,-71.777344,-8.483887
154,0.483887,0.902344,0.300781,121.643066,-35.400391,15.136719
155,0.346191,0.760742,0.430176,133.850098,18.432617,19.287109
156,0.372559,0.820801,0.626953,145.568848,16.296387,11.352539
157,0.399902,0.872070,0.519531,175.781250,-3.356934,4.516602
158,0.396973,0.844727,0.526367,172.973633,-10.864258,-4.394531
159,0.437500,0.865234,0.173828,159.301758,15.136719,-7.812500
160,0.444824,0.889160,0.349609,116.394043,51.513672,-17.944336
161,0.447754,0.893066,0.332031,99.853516,59.997559,-11.779785
162,0.337402,0.789551,0.382324,95.153809,65.002441,-7.446289
163,0.203125,0.740723,0.443848,94.238281,63.476562,-10.986328
164,0.183105,0.929199,0.594727,75.073242,33.264160,-4.943848
165,0.221191,0.972656,0.549805,63.110352,15.563965,2.258301
166,0.200684,0.802246,0.462891,48.461914,-13.854980,-36.499023
167,0.441895,1.009277,0.280273,43.579102,-14.282227,-57.617188
168,0.442383,1.033691,0.229980,32.653809,-3.356934,-62.622070
169,0.382812,1.089355,0.159668,46.081543,12.023926,-66.589355
170,0.254883,1.070312,0.213867,109.802246,12.878418,-65.612793
171,0.158203,0.996094,0.206055,154.846191,2.685547,-67.382812
172,0.166992,0.962891,0.231445,185.974121,-7.995605,-65.551758
173,0.198242,0.909668,0.348145,216.064453,-52.429199,-36.315918
174,0.244141,1.004395,0.298340,207.763672,-63.049316,-17.822266
175,0.262207,1.034668,0.052246,190.551758,-58.288574,-11.352539
176,0.367676,1.129883,-0.340332,182.250977,9.521484,-3.295898
177,0.328125,1.152344,-0.288574,195.129395,33.447266,3.479004
178,0.285156,1.008789,-0.218262,208.374023,44.189453,1.525879
179,0.223145,0.844238,-0.320312,213.745117,49.377441,-14.770508
180,0.219727,0.898926,-0.305664,179.016113,72.998047,-47.607422
181,0.235840,0.943359,-0.195312,107.177734,86.181641,-55.908203
182,0.189941,0.949707,-0.334473,58.288574,86.669922,-56.823730
183,0.107422,0.823730,-0.630859,79.589844,109.985352,-53.222656
184,0.134277,0.845703,-0.638672,89.355469,142.517090,-53.588867
185,0.140137,0.790527,-0.558594,85.510254,184.326172,-58.227539
186,0.106934,0.710449,-0.415527,86.853027,214.538574,-72.326660
187,0.135742,0.809570,-0.106934,96.740723,212.341309,-119.689941
188,0.194336,0.959961,-0.141113,100.402832,187.683105,-134.948730
189,0.202637,1.087402,-0.142090,92.102051,165.893555,-131.896973
190,0.101074,1.066406,-0.091797,23.132324,140.014648,-108.154297
191,0.104492,1.001465,-0.110840,2.197266,120.178223,-100.463867
192,0.165039,0.938965,0.066895,-7.690430,90.393066,-91.857910
193,0.149902,1.090820,0.173340,-21.179199,56.762695,-82.580566
194,0.076660,1.094238,-0.294434,-16.662598,42.907715,-48.767090
195,0.000977,0.998535,-0.362305,12.939453,71.777344,-41.992188
196,0.007324,1.014160,-0.364746,53.771973,100.158691,-36.682129
197,0.035156,0.993652,-0.313477,131.225586,128.356934,-7.690430
198,0.011230,0.854004,-0.383789,190.917969,116.577148,-10.375977
199,0.184570,0.924805,-0.456543,311.767578,103.454590,-31.738281
200,0.149414,0.939941,-0.438477,279.663086,111.755371,-29.907227
201,0.100586,1.078613,-0.156250,211.486816,106.750488,-25.085449
202,0.120117,0.728516,-0.274414,79.101562,102.111816,-24.475098
203,0.120117,0.525391,-0.532227,30.639648,93.505859,-59.814453
204,0.179199,0.710449,-0.508789,44.921875,78.186035,-79.895020
205,0.205566,0.860840,-0.489258,42.968750,77.575684,-80.078125
206,0.000977,0.715332,-0.468750,54.382324,78.002930,-99.670410
207,0.012207,0.692383,-0.454102,71.166992,71.411133,-124.877930
208,0.045898,0.712891,-0.386719,85.144043,62.500000,-141.357422
209,0.144531,1.115234,-0.628906,155.273438,54.077148,-128.479004
210,0.138184,1.287598,-0.600586,190.307617,60.241699,-94.421387
211,0.050293,1.228027,-0.698730,215.454102,69.580078,-56.457520
212,-0.104004,1.164551,-0.565918,204.223633,72.875977,-34.118652
213,-0.008301,0.663086,-0.667969,146.423340,79.223633,-24.169922
214,-0.048828,0.620117,-0.533203,146.484375,82.031250,-18.981934
215,-0.015137,0.613770,-0.571289,125.122070,68.969727,-22.216797
216,0.054688,0.618164,-0.628906,104.919434,50.781250,-15.869141
217,0.065918,0.634277,-0.807129,111.328125,28.930664,0.732422
218,0.119629,0.660156,-0.803711,131.286621,23.132324,12.268066
219,0.053223,0.545410,-0.774902,150.085449,15.563965,24.902344
220,-0.007324,0.521973,-0.780762,148.742676,8.056641,23.864746
221,-0.025879,0.491211,-0.898438,150.817871,6.652832,21.301270
222,-0.054199,0.490723,-0.878418,161.254883,4.333496,16.784668
223,-0.041016,0.470703,-0.805176,145.996094,3.723145,0.061035
224,0.028320,0.441406,-0.951660,118.347168,5.798340,-9.765625
225,0.044922,0.365723,-1.066895,103.393555,10.803223,-9.277344
226,-0.002441,0.270508,-1.123535,93.322754,15.686035,-10.192871
227,0.034180,0.200195,-1.016113,31.982422,36.193848,-17.150879
228,0.055176,0.253418,-0.979492,6.958008,42.602539,-11.779785
229,0.070312,0.274414,-0.913574,-12.817383,42.297363,-5.737305
230,0.154297,0.370117,-0.937988,-2.746582,31.005859,4.394531
231,0.214844,0.399902,-0.856934,3.051758,25.085449,10.192871
232,0.273438,0.379883,-0.916016,-0.061035,-6.103516,21.240234
233,0.183105,0.348633,-0.883301,-19.714355,-17.272949,27.709961
234,0.107422,0.345703,-1.079590,-32.165527,-15.075684,25.085449
235,0.036621,0.394531,-1.141602,-27.770996,5.432129,19.897461
236,-0.075684,0.429199,-1.137207,28.381348,65.002441,-3.723145
237,0.022461,0.356445,-0.895996,48.095703,98.937988,-28.259277
238,0.224609,0.391113,-0.998047,60.119629,126.525879,-34.973145
239,0.386230,0.396973,-0.829590,99.853516,102.905273,-25.390625
240,0.392578,0.307129,-0.725098,89.660645,64.270020,-15.014648
241,0.373047,0.227539,-0.672363,57.067871,24.597168,-5.493164
242,0.335938,0.175293,-0.726074,23.315430,-9.826660,0.793457
243,0.275879,0.189941,-0.945312,-13.610840,-62.805176,13.061523
244,0.216797,0.238281,-1.078613,-14.953613,-75.073242,20.202637
245,0.170898,0.317383,-1.082031,-7.080078,-75.744629,23.803711
246,0.075684,0.241699,-0.838379,33.813477,-81.481934,32.531738
247,0.000488,0.095215,-0.719238,80.078125,-97.656250,26.184082
248,0.006836,0.083008,-0.707031,130.187988,-108.459473,19.226074
249,0.071777,0.269531,-0.730469,196.960449,-84.533691,10.009766
250,0.114746,0.366211,-0.713867,204.650879,-60.729980,10.864258
251,0.159668,0.389160,-0.816895,197.998047,-37.475586,14.953613
252,0.169922,0.315430,-1.027344,192.993164,-9.704590,19.042969
253,0.088379,0.065430,-0.945801,176.818848,26.306152,-4.638672
254,0.052246,-0.000977,-0.984375,171.630859,23.193359,-24.291992
255,0.097656,0.063477,-0.992188,177.795410,19.348145,-32.775879
256,0.146973,0.146973,-1.199707,179.687500,50.292969,10.192871
257,0.098633,0.063965,-1.197266,178.344727,79.650879,35.278320
258,0.024414,-0.046875,-1.074707,174.072266,102.600098,44.006348
259,-0.025391,-0.146484,-0.779785,165.832520,101.196289,33.935547
260,0.007812,-0.238770,-0.678223,146.545410,75.012207,15.563965
261,0.089355,-0.222656,-0.770996,130.676270,34.912109,3.479004
262,0.062500,-0.297363,-0.927246,120.056152,31.250000,4.882812
263,0.046387,-0.365723,-1.017578,120.178223,36.865234,-1.464844
264,0.294434,-0.271484,-0.968750,131.225586,53.771973,-14.953613
265,0.411133,-0.220215,-0.698242,142.089844,50.781250,-4.699707
266,0.241211,-0.229004,-0.580078,162.658691,11.535645,1.953125
267,0.334961,-0.097168,-0.315430,175.720215,-38.940430,-0.488281
268,0.245605,-0.493652,-1.718262,90.332031,-23.864746,77.148438
269,0.043457,-0.573730,-1.754883,62.927246,39.062500,52.978516
270,-0.023438,-0.568848,-0.986816,98.754883,109.619141,-5.615234
271,0.018066,-0.578613,-0.896484,131.408691,122.009277,-28.564453
272,0.125977,-0.463867,-0.878906,161.987305,134.155273,-53.710938
273,0.238770,-0.448730,-0.721680,171.325684,127.441406,-62.744141
274,0.448242,-0.634766,-0.316895,100.952148,54.687500,-35.888672
275,0.448730,-0.593750,-0.550293,64.819336,17.028809,-22.644043
276,0.440918,-0.558594,-0.724609,43.273926,1.831055,-10.803223
277,0.345215,-0.609375,-0.765625,30.090332,11.047363,11.169434
278,0.349121,-0.666992,-0.780762,35.644531,14.770508,11.962891
279,0.372559,-0.706055,-0.750977,48.095703,11.047363,11.047363
280,0.313477,-0.732910,-0.788086,130.859375,-12.878418,0.793457
281,0.260254,-0.678711,-0.780762,165.405273,-13.916016,-6.164551
282,0.188965,-0.704590,-0.761230,182.373047,-0.305176,-22.399902
283,0.234375,-0.688477,-0.594727,177.734375,20.996094,-58.471680
284,0.288574,-0.604492,-0.624512,187.133789,23.986816,-56.640625
285,0.364746,-0.483887,-0.585938,198.608398,27.770996,-42.175293
286,0.431152,-0.608398,-0.408691,176.574707,33.813477,-26.184082
287,0.535645,-0.857422,-0.300781,114.624023,27.160645,-33.996582
288,0.571777,-0.974121,-0.304199,59.753418,14.892578,-30.883789
289,0.255859,-0.718262,-0.316895,31.677246,-47.302246,-31.555176
290,0.333496,-0.728516,-0.387695,36.193848,-69.152832,-23.132324
291,0.355957,-0.844727,-0.521484,42.785645,-72.937012,-6.652832
292,0.345215,-1.002441,-0.774902,88.500977,-75.683594,-5.187988
293,0.475586,-0.590332,-0.352539,161.926270,-98.388672,5.310059
294,0.524902,-0.535156,-0.312500,153.808594,-96.313477,21.606445
295,0.441406,-0.904785,-0.484863,59.082031,-54.443359,15.197754
296,0.400879,-0.978027,-0.666992,46.020508,-19.470215,1.953125
297,0.327637,-0.846191,-0.613770,39.489746,15.625000,-4.760742
298,0.256348,-0.867188,-0.619141,38.879395,42.236328,-12.634277
299,0.300781,-0.845215,-0.385254,39.794922,53.344727,-33.447266
300,0.401855,-0.798828,-0.338867,33.752441,48.950195,-36.254883
301,0.467285,-0.882324,-0.429688,73.486328,33.752441,-19.592285
302,0.635742,-0.596191,-0.043945,76.782227,11.535645,6.286621
303,0.605469,-0.585938,-0.020508,42.419434,-11.657715,31.494141
304,0.498047,-0.759277,-0.237793,18.798828,-23.010254,41.503906
305,0.418457,-0.859375,-0.414062,20.019531,-21.484375,34.423828
306,0.226562,-0.935547,-0.338379,54.809570,-43.701172,10.559082
307,0.218262,-0.994141,-0.435547,71.105957,-61.706543,-2.929688
308,0.324707,-0.977539,-0.597168,133.117676,-56.091309,-16.113281
309,0.386719,-0.823242,-0.466797,156.860352,-46.142578,-9.399414
310,0.442383,-0.784668,-0.293945,152.893066,-18.371582,10.986328
311,0.360352,-0.895508,-0.315918,138.366699,-3.295898,13.549805
312,0.258301,-0.994141,-0.370605,137.451172,8.056641,12.207031
313,0.155273,-1.089355,-0.446777,149.658203,14.587402,6.469727
314,0.047363,-1.024414,-0.368652,230.346680,-0.610352,-33.630371
315,0.136719,-0.973145,-0.366211,263.732910,-12.023926,-60.119629
316,0.323730,-0.831055,-0.293945,297.607422,-15.747070,-71.228027
317,0.653809,-0.523438,0.169922,319.274902,-11.779785,-44.006348
318,0.690430,-0.451172,0.598145,270.385742,-3.051758,-15.075684
319,0.604980,-0.518066,0.627441,202.148438,1.770020,11.901855
320,0.478027,-0.640137,0.455078,143.615723,19.653320,26.855469
321,0.302734,-0.841309,0.518555,66.406250,46.081543,28.686523
322,0.211426,-0.877441,0.619141,28.320312,39.611816,22.888184
323,0.153809,-0.935059,0.539551,-2.990723,25.878906,11.474609
324,0.164062,-0.947754,0.361328,-14.709473,18.981934,-13.000488
325,0.389648,-0.852051,0.247070,-9.460449,27.404785,-11.840820
326,0.516602,-0.793457,0.297363,-11.962891,42.907715,-0.488281
327,0.486816,-0.828125,0.392090,-24.841309,54.565430,27.038574
328,0.414062,-0.905762,0.366211,-19.592285,48.522949,32.104492
329,0.369629,-0.946777,0.338379,-10.986328,43.579102,31.372070
330,0.278809,-0.957520,0.437988,-5.798340,40.161133,28.320312
331,0.239746,-0.935547,0.443848,-13.977051,31.982422,22.155762
332,0.296875,-0.897461,0.349609,-13.854980,22.949219,16.052246
333,0.366699,-0.883301,0.326660,4.577637,12.756348,16.418457
334,0.349121,-0.894043,0.310059,8.239746,12.084961,18.066406
335,0.332031,-0.951660,0.313965,9.887695,16.723633,16.601562
336,0.345215,-0.947754,0.355469,8.911133,20.996094,13.366699
337,0.315918,-0.911133,0.335938,-7.507324,24.597168,14.221191
338,0.300781,-0.899414,0.264648,-9.155273,25.817871,13.244629
339,0.295410,-0.884277,0.226074,-3.662109,28.198242,12.084961
340,0.251953,-0.910156,0.190918,7.324219,30.273438,8.850098
341,0.268066,-0.943359,0.155762,42.968750,48.461914,2.685547
342,0.320312,-0.935547,0.298340,42.724609,61.645508,2.075195
343,0.389160,-0.832520,0.379883,4.394531,80.566406,4.882812
344,0.374512,-0.833008,0.385254,-14.099121,86.608887,7.080078
345,0.323730,-0.848145,0.386230,-25.085449,81.909180,7.751465
346,0.291016,-0.856934,0.341797,-30.090332,69.030762,6.774902
347,0.264160,-0.915527,0.178223,-5.004883,35.949707,3.356934
348,0.252930,-0.956055,0.163086,21.545410,22.827148,3.784180
349,0.231934,-0.932129,0.225586,47.302246,12.084961,5.065918
350,0.211914,-0.856445,0.397949,70.617676,-15.258789,0.976562
351,0.243164,-0.822266,0.419922,72.570801,-26.672363,0.427246
352,0.248047,-0.851074,0.461426,69.702148,-31.494141,4.943848
353,0.150391,-1.025391,0.416504,70.312500,-36.621094,0.427246
354,0.138184,-0.986328,0.419434,80.200195,-36.193848,-10.070801
355,0.153320,-0.952637,0.480469,81.970215,-31.372070,-16.357422
356,0.258301,-0.831055,0.627930,31.860352,-16.174316,-14.587402
357,0.272949,-0.771484,0.527344,0.305176,-15.319824,-10.620117
358,0.263672,-0.772949,0.382812,-11.108398,-18.066406,-9.887695
359,0.280273,-0.767090,0.246582,-7.080078,-19.958496,-10.498047
360,0.276855,-0.847656,0.127930,24.597168,3.051758,-2.136230
361,0.248047,-0.900391,0.186523,39.489746,23.803711,-0.427246
362,0.254883,-0.876953,0.245605,42.114258,49.194336,-2.258301
363,0.301270,-0.758789,0.351562,26.550293,115.783691,3.479004
364,0.291504,-0.809082,0.469238,22.583008,144.592285,14.587402
365,0.237305,-0.864746,0.611816,17.639160,166.564941,27.160645
366,0.024902,-0.940430,0.950195,-3.295898,163.879395,37.963867
367,-0.063965,-0.955566,1.066406,-17.089844,131.347656,32.409668
368,-0.118164,-0.975098,1.093262,-31.494141,86.669922,21.301270
369,-0.114258,-0.988770,1.023926,-43.151855,40.527344,5.676270
370,0.039062,-0.916992,0.793945,-55.419922,-25.146484,-18.188477
371,0.159668,-0.862793,0.720703,-61.340332,-36.987305,-16.479492
372,0.241211,-0.833496,0.656250,-72.448730,-32.714844,-11.047363
373,0.262207,-0.798340,0.598145,-90.332031,-17.944336,-8.483887
374,0.216309,-0.926270,0.433105,-109.619141,15.747070,-12.451172
375,0.128418,-0.923340,0.386719,-103.637695,14.953613,-20.141602
376,0.178711,-0.904785,0.166992,-71.716309,-7.446289,-32.836914
377,0.235840,-0.853027,0.106934,-45.471191,-14.892578,-32.043457
378,0.282227,-0.792969,0.146973,-18.981934,-21.484375,-28.259277
379,0.333496,-0.742676,0.213867,-1.525879,-26.428223,-20.874023
380,0.386230,-0.766602,0.248535,8.911133,-16.967773,0.854492
381,0.352051,-0.808105,0.255371,11.596680,-6.408691,9.460449
382,0.262207,-0.926758,0.348145,22.827148,14.526367,13.854980
383,0.207520,-1.012695,0.435059,20.568848,19.104004,10.192871
384,0.152832,-1.034668,0.479492,15.136719,15.625000,1.953125
385,0.131836,-1.017090,0.505859,10.986328,3.845215,-8.239746
386,0.186523,-0.968262,0.445801,5.981445,-22.155762,-22.277832
387,0.218262,-0.921875,0.384277,2.441406,-30.273438,-26.550293
388,0.252441,-0.843750,0.336426,0.488281,-35.400391,-26.367188
389,0.282715,-0.790527,0.305176,4.577637,-39.672852,-21.667480
390,0.330566,-0.818359,0.240723,21.301270,-38.574219,-4.455566
391,0.321289,-0.822754,0.237793,33.142090,-29.785156,2.624512
392,0.220215,-0.874512,0.354980,41.259766,-8.911133,12.756348
393,0.156250,-0.909180,0.420898,30.517578,1.525879,13.061523
394,0.117676,-0.922363,0.476074,14.465332,6.225586,8.056641
395,0.071289,-0.968262,0.463379,-3.173828,-10.437012,-4.760742
396,0.083984,-0.990234,0.405273,2.319336,-27.526855,-12.023926
397,0.130859,-0.978516,0.317383,13.183594,-36.315918,-15.136719
398,0.184082,-0.941895,0.303711,23.864746,-34.729004,-15.197754
399,0.282715,-0.811523,0.413574,21.057129,-22.827148,-9.643555
400,0.270020,-0.804199,0.463867,9.704590,-23.864746,-4.577637
401,0.204590,-0.852051,0.404297,-3.845215,-38.269043,-3.234863
402,0.156250,-0.882812,0.351074,-5.371094,-47.729492,-8.361816
403,0.099121,-0.937988,0.245605,-1.159668,-59.265137,-17.822266
404,0.163086,-0.920898,0.105957,39.184570,-79.895020,-39.611816
405,0.192871,-0.875977,0.180176,60.974121,-93.872070,-45.227051
406,0.224121,-0.842285,0.231934,73.486328,-111.450195,-50.415039
407,0.437500,-0.768066,-0.055664,78.674316,-104.858398,-46.325684
408,0.536621,-0.757812,-0.172363,88.806152,-57.434082,-29.541016
409,0.521973,-0.718750,-0.038086,94.787598,-1.708984,-14.343262
410,0.381348,-0.725586,0.243652,86.730957,84.716797,2.502441
411,0.330078,-0.827637,0.354980,77.758789,119.873047,8.728027
412,0.243652,-0.873535,0.493652,63.049316,146.301270,7.873535
413,0.144043,-0.751465,0.749023,35.827637,144.165039,-4.272461
414,0.168457,-0.758789,0.785156,27.465820,128.356934,-7.629395
415,0.198242,-0.770020,0.781738,22.827148,113.586426,-9.704590
416,0.219238,-0.776855,0.859863,22.094727,83.618164,-8.789062
417,0.205078,-0.774902,0.895508,22.827148,62.011719,-10.314941
418,0.219238,-0.787598,0.867676,24.658203,40.588379,-12.390137
419,0.297363,-0.790527,0.801270,34.851074,19.958496,-11.413574
420,0.304688,-0.806152,0.803223,35.095215,15.014648,-6.164551
421,0.304199,-1.086914,0.445312,49.621582,12.084961,-6.042480
422,0.297852,-0.903809,0.354492,106.689453,13.916016,-6.591797
423,0.223633,-0.793457,0.316895,227.783203,10.070801,-4.150391
424,0.221680,-0.728027,0.447754,276.062012,17.639160,-11.047363
425,0.263184,-0.588867,0.820312,282.470703,18.798828,-8.728027
426,0.195312,-0.525391,1.121582,276.428223,-3.662109,-6.042480
427,0.073730,-0.356445,1.119141,185.363770,-1.403809,-41.870117
428,0.078613,-0.242676,1.004883,132.019043,13.488770,-50.109863
429,0.124512,-0.314941,1.037109,90.026855,33.569336,-54.382324
430,0.204102,-0.396484,1.125000,15.441895,44.372559,-70.068359
431,0.227051,-0.385254,1.093262,-7.263184,33.142090,-74.401855
432,0.300781,-0.352051,1.062012,-15.380859,20.812988,-71.350098
433,0.433594,-0.311523,0.981934,-39.733887,17.639160,-44.067383
434,0.437012,-0.362793,0.925293,-53.833008,22.338867,-26.123047
435,0.383789,-0.466309,0.835938,-51.147461,23.193359,-19.775391
436,0.273438,-0.460938,0.814941,-26.428223,21.911621,-22.216797
437,0.247559,-0.389160,0.901367,-24.414062,19.348145,-18.127441
438,0.247070,-0.425293,0.971191,-32.226562,13.122559,-14.770508
439,0.313477,-0.487305,0.864746,-52.490234,11.657715,-19.470215
440,0.344238,-0.567383,0.716797,-51.391602,24.414062,-23.559570
441,0.368164,-0.527832,0.691406,-11.108398,53.955078,-23.864746
442,0.354004,-0.526855,0.768555,-3.234863,61.950684,-18.188477
443,0.300781,-0.539062,0.789062,5.737305,60.119629,-12.634277
444,0.226562,-0.538086,0.723145,49.011230,40.466309,-3.540039
445,0.182617,-0.549316,0.725098,75.988770,34.484863,-2.014160
446,0.160645,-0.557617,0.835938,102.600098,28.076172,-3.479004
447,0.164062,-0.465820,0.932129,118.652344,21.301270,-4.455566
448,0.180176,-0.412109,0.921875,111.816406,20.751953,-4.760742
449,0.210938,-0.358887,0.869141,99.426270,24.230957,-4.333496
450,0.289551,-0.325195,0.812500,79.467773,47.119141,2.929688
451,0.252441,-0.367676,0.808594,82.641602,65.002441,4.516602
452,0.133789,-0.463379,0.901367,98.022461,81.359863,-3.601074
453,0.009766,-0.478516,1.089844,104.858398,91.796875,-20.629883
454,-0.085449,-0.378906,1.329102,91.369629,83.740234,-36.865234
455,-0.091797,-0.143066,1.532715,15.930176,2.136230,-49.133301
456,0.023926,-0.071777,1.392090,-31.188965,-31.250000,-39.123535
457,0.191406,-0.249512,0.894043,-59.814453,-15.991211,-34.179688
458,0.310547,-0.211426,0.913086,-60.852051,7.934570,-38.208008
459,0.394043,-0.473145,0.661133,-28.259277,-13.732910,-2.502441
460,0.327637,-0.397461,0.435547,67.260742,-44.494629,14.343262
461,0.282227,-0.216309,0.571289,143.981934,-47.912598,24.169922
462,0.184082,-0.194824,1.210449,103.637695,-14.038086,31.494141
463,0.136719,-0.243652,1.170898,57.495117,-12.817383,21.118164
464,0.166504,-0.278809,0.957031,35.217285,-14.221191,7.934570
465,0.198242,-0.233398,0.822754,27.160645,-11.840820,5.859375
466,0.204590,-0.264648,0.807129,20.080566,-8.056641,9.216309
467,0.204102,-0.251953,0.872070,23.803711,-7.873535,13.854980
468,0.219727,-0.301270,0.935547,40.710449,-15.808105,19.165039
469,0.244141,-0.256836,1.052246,75.622559,-34.973145,27.038574
470,0.318359,0.059082,1.283691,95.397949,-80.383301,44.433594
471,0.249512,0.106934,1.301758,37.414551,-88.745117,53.527832
472,0.226562,-0.132324,0.996094,-33.386230,-78.369141,53.466797
473,0.234863,-0.436523,0.480957,-38.146973,-44.006348,49.377441
474,0.080078,-0.426270,0.487305,58.227539,29.113770,12.756348
475,0.068848,-0.369141,0.830566,65.856934,45.104980,-11.413574
476,0.124023,-0.232910,1.134277,36.743164,44.799805,-24.475098
477,0.203125,-0.127441,1.160645,4.272461,32.714844,-15.502930
478,0.138184,-0.067871,1.246582,-17.395020,-12.268066,28.686523
479,0.056641,-0.092285,1.196777,-32.531738,-38.391113,33.508301
480,0.052246,-0.208984,1.032227,-34.851074,-46.569824,24.719238
481,0.180664,-0.235840,0.771484,10.253906,-28.564453,0.976562
482,0.266602,-0.147949,0.689941,25.695801,-17.211914,-3.723145
483,0.340332,-0.062988,0.661621,42.602539,-2.319336,3.723145
484,0.282227,0.012695,0.828613,57.861328,27.160645,35.766602
485,0.189453,0.003906,0.859375,78.674316,37.902832,48.034668
486,0.118164,-0.047363,0.995605,86.242676,44.494629,54.870605
487,0.041016,-0.197266,1.211914,66.406250,43.518066,52.246094
488,0.084473,-0.262207,1.028809,-2.502441,43.518066,25.329590
489,0.125488,-0.219727,0.864258,-13.732910,57.495117,10.253906
490,0.166504,-0.156738,0.742188,6.835938,101.928711,-14.282227
491,0.224609,-0.076660,0.649902,28.991699,124.023438,-15.075684
492,0.309570,-0.163574,0.797852,60.668945,142.517090,-2.746582
493,0.222656,-0.172852,1.087891,76.293945,144.592285,13.488770
494,-0.021973,-0.083496,1.291504,57.495117,70.678711,1.525879
495,-0.032715,0.010254,1.248047,58.837891,21.179199,-2.441406
496,-0.041992,0.052734,1.183594,70.190430,-11.596680,5.310059
497,0.094727,0.211914,0.972168,65.979004,-20.751953,41.381836
498,0.194824,0.311523,0.878418,59.753418,-2.746582,78.063965
499,0.263672,0.426758,0.734863,76.599121,10.192871,120.178223
500,0.142090,0.288574,0.671387,113.464355,17.639160,153.747559
501,-0.014648,-0.139648,0.893555,133.239746,26.428223,153.015137
502,-0.067383,-0.279297,0.918945,91.918945,21.545410,123.291016
503,-0.086426,-0.141113,1.317871,148.132324,-11.718750,64.147949
504,-0.194336,0.008789,1.993652,120.422363,-36.315918,47.668457
505,-0.117188,0.067383,1.750488,45.471191,-73.730469,32.958984
506,0.062012,0.099121,1.005859,-3.173828,-65.246582,23.437500
507,0.118164,0.128418,0.785645,2.502441,-49.621582,23.193359
508,0.146484,0.142090,0.641113,33.996582,-29.968262,33.081055
509,0.036621,0.112305,0.669922,93.872070,2.441406,46.386719
510,-0.001953,0.093262,0.636719,124.511719,12.207031,40.039062
511,-0.021973,0.078613,0.691406,154.724121,16.540527,26.062012
512,0.128418,0.224609,1.013184,161.071777,12.817383,0.793457
513,0.159180,0.282715,1.227539,132.629395,13.488770,-5.737305
514,0.100098,0.322266,1.486328,89.477539,8.972168,-15.991211
515,0.079102,0.267578,1.303711,53.405762,-2.868652,-29.052734
516,0.072754,0.298828,0.811523,52.062988,-5.981445,-44.677734
517,0.052246,0.347168,0.778320,79.345703,-9.521484,-40.161133
518,0.059570,0.342773,0.850098,109.130859,-24.291992,-32.897949
519,0.250977,0.578613,1.038574,165.283203,-81.481934,3.662109
520,0.353516,0.580566,0.951660,198.608398,-121.704102,37.780762
521,0.350586,0.515625,0.911133,239.257812,-158.569336,73.486328
522,0.108887,0.417969,0.919434,256.835938,-181.457520,102.539062
523,0.114258,0.382812,0.830078,234.375000,-163.085938,88.073730
524,0.135254,0.268555,0.771484,224.914551,-141.174316,69.580078
525,0.230469,0.599609,0.600586,153.076172,-49.255371,15.808105
526,0.374023,0.750000,0.164551,60.791016,76.171875,-24.902344
527,0.348145,0.734863,0.406250,43.884277,138.305664,-52.734375
528,0.335449,0.795898,0.960938,47.424316,107.727051,-37.597656
529,0.136230,0.683594,1.078125,40.588379,60.791016,-30.090332
530,-0.003418,0.598145,0.942871,29.235840,30.578613,-35.400391
531,0.106934,0.738770,0.835449,31.494141,1.953125,-39.855957
532,0.129883,0.779297,0.809570,36.315918,-2.807617,-28.930664
533,0.144043,0.795410,0.684082,49.499512,-1.220703,-15.808105
534,0.187012,0.996582,0.515137,84.716797,23.071289,13.244629
535,0.166992,0.918457,0.651367,101.501465,24.108887,31.616211
536,0.210449,0.745605,0.766602,100.463867,11.352539,41.870117
537,0.164551,0.722168,0.584961,115.173340,-16.601562,43.945312
538,0.183594,0.743652,0.584473,132.751465,-24.902344,39.855957
539,0.244141,0.911133,0.530273,188.781738,-33.203125,47.119141
540,0.269531,0.924316,0.356445,237.731934,-25.085449,52.307129
541,0.300781,0.880371,0.355957,296.081543,-8.972168,57.128906
542,0.234863,0.897461,0.819336,226.013184,8.483887,67.138672
543,0.219727,0.699707,0.534668,129.699707,6.835938,55.908203
544,0.166016,0.691406,0.015625,89.782715,34.606934,36.071777
545,0.302246,0.841309,0.249023,59.936523,79.956055,-10.681152
546,0.201172,0.867188,0.369629,45.532227,79.833984,-30.456543
547,0.237305,0.913086,0.424805,38.513184,62.805176,-39.367676
548,0.252930,0.919922,0.463867,30.334473,43.029785,-38.696289
549,0.271973,0.949219,0.385254,37.109375,21.179199,-31.066895
550,0.266602,0.998535,0.263184,62.072754,-9.704590,-8.972168
551,0.238770,0.913574,-0.032715,111.145020,-14.282227,7.995605
552,0.314941,1.030762,0.277832,184.814453,-16.418457,42.480469
553,0.210938,1.083496,0.243164,234.375000,-24.719238,102.905273
554,0.180664,1.022949,0.153809,203.186035,-4.394531,104.919434
555,0.259277,0.837891,-0.004395,123.779297,62.194824,39.001465
556,0.293945,0.805664,0.051270,105.346680,79.956055,11.352539
557,0.321777,0.868652,0.249023,96.557617,73.242188,-5.859375
558,0.365723,0.996094,0.245117,95.581055,51.330566,-13.916016
559,0.315430,0.919434,0.127930,102.478027,1.098633,-24.719238
560,0.266602,0.937012,-0.154297,123.413086,-1.159668,-35.766602
561,0.185059,0.799316,-0.324219,157.226562,23.803711,-51.818848
562,0.251953,0.945801,-0.068848,160.888672,66.101074,-52.307129
563,0.217285,0.853516,-0.112793,147.216797,77.209473,-40.588379
564,0.267578,0.916504,-0.111816,167.663574,82.336426,-43.823242
565,0.328125,0.967285,0.049805,179.809570,54.870605,-51.391602
566,0.366699,0.972656,0.163086,170.166016,10.864258,-56.884766
567,0.361816,0.970215,0.181641,147.338867,-43.640137,-59.143066
568,0.259766,0.979980,0.023926,100.585938,-148.864746,-51.269531
569,0.187012,0.884766,-0.261719,106.079102,-177.490234,-41.625977
570,0.052734,0.774902,-0.461914,128.845215,-178.527832,-40.527344
571,-0.024902,0.652344,-0.733887,200.195312,-118.896484,-56.152344
572,-0.012207,0.639160,-0.708984,232.238770,-77.148438,-64.697266
573,0.032227,0.699219,-0.650879,254.699707,-43.212891,-66.162109
574,0.019531,0.755371,-0.626953,256.164551,-17.333984,-65.124512
575,0.103516,1.124023,-0.605957,175.903320,7.385254,-65.002441
576,0.208008,1.221680,-0.667480,118.652344,15.136719,-51.818848
577,0.225098,1.154785,-0.567383,93.933105,12.512207,-29.785156
578,0.094238,0.782227,-0.557617,83.618164,-14.404297,-1.342773
579,0.059570,0.666992,-0.529785,96.557617,-31.066895,-5.126953
580,0.038574,0.671875,-0.651367,106.201172,-37.536621,-8.789062
581,0.004395,0.700195,-0.794434,114.074707,-28.564453,-13.244629
582,-0.055176,0.793945,-0.873535,115.600586,16.723633,3.051758
583,-0.094238,0.717773,-0.777832,109.924316,34.301758,15.380859
584,-0.083008,0.709961,-0.687500,103.515625,39.428711,19.531250
585,0.057129,0.699219,-0.644531,98.571777,26.428223,11.962891
586,0.100098,0.726562,-0.703125,103.210449,15.747070,19.836426
587,0.077148,0.658203,-0.666016,109.680176,3.479004,26.428223
588,0.111328,0.580078,-0.641602,101.135254,-27.893066,30.883789
589,0.074219,0.489258,-0.882812,105.163574,-36.254883,28.015137
590,0.071777,0.517090,-0.936035,135.070801,-41.748047,27.221680
591,-0.016602,0.451660,-0.972656,116.943359,-21.667480,17.700195
592,0.016602,0.442383,-0.890137,84.960938,-9.155273,9.704590
593,0.079102,0.445801,-0.844238,57.739258,-2.441406,7.263184
594,0.085449,0.428223,-0.856934,47.424316,-23.986816,17.639160
595,0.027832,0.448242,-1.034180,72.753906,-42.907715,15.808105
596,-0.022461,0.459473,-1.029297,105.041504,-60.546875,12.573242
597,-0.040527,0.390137,-1.107422,89.660645,-70.678711,0.793457
598,-0.023926,0.327148,-1.041016,51.574707,-45.227051,-0.610352
599,-0.007324,0.360352,-1.016602,11.413574,-10.559082,2.075195
600,0.023438,0.437500,-0.945801,-28.259277,42.358398,5.004883
601,0.097168,0.468750,-0.896484,-7.507324,41.442871,3.967285
602,0.133301,0.501465,-0.821289,23.559570,23.498535,6.530762
603,0.114746,0.426758,-0.816406,84.350586,-26.184082,5.065918
604,0.117188,0.391113,-0.957520,115.356445,-35.888672,0.793457
605,0.141113,0.365234,-1.041504,148.132324,-34.118652,-0.976562
606,0.069336,0.270996,-0.713867,96.130371,-19.287109,18.798828
607,-0.022949,0.260254,-0.775879,34.301758,-20.141602,25.695801
608,0.019531,0.387695,-0.972168,7.751465,-32.104492,37.170410
609,0.052734,0.360840,-0.867188,28.747559,-59.997559,79.467773
610,-0.042969,0.097656,-0.937500,80.078125,-75.317383,83.312988
611,-0.047363,0.022949,-0.978027,103.698730,-72.387695,63.842773
612,0.008301,0.046875,-1.037109,124.877930,-70.312500,32.653809
613,0.058594,0.063477,-0.988281,148.254395,-69.702148,4.516602
614,0.018555,-0.112305,-0.754883,158.813477,-68.603516,-30.395508
615,-0.106934,-0.202637,-0.830566,148.803711,-65.490723,-48.583984
616,-0.136719,0.057129,-0.990234,143.432617,-65.002441,-66.284180
617,-0.168945,0.195312,-1.302246,127.197266,-35.156250,-49.743652
618,-0.109863,0.013672,-1.235352,121.032715,8.972168,-48.034668
619,-0.080566,0.052246,-1.138672,128.540039,30.456543,-24.475098
620,-0.063965,0.070801,-0.870117,140.319824,26.977539,21.057129
621,-0.037109,0.011230,-0.866699,145.568848,14.770508,39.062500
622,-0.017090,-0.088379,-0.831055,163.391113,4.211426,38.330078
623,0.021484,-0.168457,-0.831055,172.302246,-8.728027,22.766113
624,0.131348,-0.030273,-0.871582,187.011719,-28.076172,-15.991211
625,0.120605,0.062500,-0.954102,197.753906,-35.583496,-24.291992
626,0.015137,0.123535,-1.327637,196.655273,-15.991211,-21.850586
627,-0.150879,-0.131348,-1.315918,197.814941,24.169922,-29.418945
628,-0.125488,-0.279297,-1.008301,200.439453,56.884766,-83.251953
629,-0.036133,-0.160156,-1.091309,208.190918,62.255859,-91.735840
630,0.044922,-0.010254,-1.081543,221.435547,75.683594,-86.425781
631,0.089355,0.050781,-1.145508,239.135742,96.313477,-64.392090
632,-0.066895,-0.340332,-1.125000,246.154785,112.365723,47.546387
633,-0.296875,-0.747559,-0.982910,251.770020,149.047852,45.654297
634,0.046387,-0.684570,-0.777832,204.284668,154.968262,9.216309
635,0.019531,-0.719238,-0.647461,172.058105,139.892578,-6.774902
636,-0.071777,-0.829102,-0.511230,144.470215,106.079102,-32.958984
637,-0.102539,-0.828125,-0.544434,119.201660,70.983887,-57.800293
638,0.088867,-0.688477,-0.541504,77.758789,23.925781,-61.645508
639,0.111816,-0.773438,-0.638184,81.542969,10.864258,-45.227051
640,0.095703,-0.826172,-0.575684,110.046387,-5.065918,-32.287598
641,0.144043,-0.593262,-0.507812,165.954590,-32.592773,-15.930176
642,0.193359,-0.513184,-0.531250,187.500000,-35.461426,-5.065918
643,0.244629,-0.424316,-0.495117,208.190918,-37.414551,7.324219
644,0.047363,-1.108398,-0.913086,183.898926,-3.051758,7.324219
645,0.028320,-1.584961,-1.142578,152.526855,54.199219,-38.146973
646,0.150879,-1.037109,-0.622070,120.727539,89.233398,-71.350098
647,0.259277,-0.727051,-0.123047,87.707520,44.433594,-55.175781
648,0.326172,-0.710449,-0.207520,66.894531,18.188477,-30.395508
649,0.357910,-0.852539,-0.229980,41.137695,0.244141,-9.094238
650,0.285645,-0.875000,-0.389160,24.169922,-20.629883,12.084961
651,0.156738,-1.031738,-0.673340,33.996582,-10.192871,10.620117
652,0.111816,-1.338379,-0.802246,111.755371,-13.183594,5.310059
653,0.061035,-1.141602,-0.507812,216.003418,-47.302246,-3.906250
654,0.092773,-0.719727,0.217285,299.377441,-102.294922,-14.099121
655,0.308105,-0.276855,0.112305,231.079102,-120.666504,-9.521484
656,0.288574,-0.616699,0.192871,188.781738,-129.821777,0.610352
657,0.317871,-0.970215,-0.291992,179.260254,-139.648438,10.009766
658,0.223145,-1.020020,-0.187500,167.358398,-128.234863,10.925293
659,0.240723,-1.178711,-0.187988,61.157227,-45.715332,8.972168
660,0.336426,-1.045898,-0.250000,18.493652,-0.122070,13.488770
661,0.344727,-0.939453,-0.279785,2.014160,40.283203,27.893066
662,0.277344,-0.911133,-0.351074,9.399414,66.772461,41.564941
663,-0.049805,-1.117188,-0.126465,49.987793,77.453613,32.958984
664,-0.203613,-1.328125,0.168945,62.866211,44.433594,2.441406
665,-0.130371,-1.278809,0.021484,76.416016,-3.417969,-28.015137
666,0.093750,-1.003906,0.100098,79.833984,-54.260254,-30.212402
667,0.192383,-0.963867,-0.059570,75.805664,-57.983398,-30.090332
668,0.323730,-0.844727,-0.048828,80.261230,-53.833008,-19.775391
669,0.346191,-0.899902,-0.036133,82.519531,-48.767090,-5.065918
670,0.291992,-0.877441,0.030762,91.979980,-50.476074,30.700684
671,0.205078,-0.920410,0.059570,93.688965,-58.410645,39.733887
672,0.130859,-0.966797,-0.028320,98.510742,-57.922363,37.536621
673,0.070801,-1.052246,-0.087402,107.482910,-18.920898,14.831543
674,0.109863,-1.046875,0.024414,101.501465,3.601074,2.563477
675,0.167969,-0.960449,0.093750,92.590332,16.540527,-2.136230
676,0.205078,-0.911133,0.171875,78.369141,28.381348,9.399414
677,0.192871,-0.904297,0.172363,73.364258,32.836914,15.258789
678,0.181152,-0.939453,0.113281,68.237305,37.963867,18.310547
679,0.195801,-0.947754,0.113770,69.091797,42.114258,20.751953
680,0.183105,-0.922852,0.223633,87.829590,37.475586,34.423828
681,0.166992,-0.903320,0.306641,96.801758,19.042969,40.344238
682,0.136230,-0.873535,0.307129,107.727051,-1.342773,44.677734
683,0.095703,-0.928711,0.288086,132.141113,-23.620605,37.231445
684,0.096191,-0.933105,0.350098,135.437012,-22.705078,31.982422
685,0.085449,-0.936035,0.448730,129.943848,-22.644043,29.602051
686,0.017090,-0.955566,0.533691,91.857910,-26.489258,29.602051
687,-0.028320,-1.001953,0.495605,77.148438,-32.287598,25.024414
688,-0.002441,-0.969727,0.418457,71.350098,-27.832031,20.751953
689,0.035645,-0.842285,0.468750,53.100586,-4.882812,12.023926
690,0.042480,-0.809082,0.538574,39.672852,-1.953125,11.230469
691,0.069824,-0.831543,0.508789,22.583008,0.122070,8.972168
692,0.102539,-0.843262,0.544434,15.319824,7.263184,10.498047
693,0.110352,-0.825195,0.571777,5.981445,11.901855,13.732910
694,0.071777,-0.887695,0.614746,-14.648438,15.869141,25.573730
695,0.020020,-0.896484,0.582520,-28.198242,14.221191,23.681641
696,-0.015137,-0.925293,0.534180,-36.621094,6.774902,18.493652
697,-0.012695,-0.935059,0.498535,-35.278320,-5.249023,13.061523
698,0.033203,-0.943848,0.428223,-22.338867,-30.456543,4.638672
699,0.045898,-0.932617,0.405273,-17.089844,-37.353516,3.173828
700,0.047363,-0.937012,0.329590,-10.131836,-38.391113,2.563477
701,0.066406,-0.963379,0.237305,11.230469,-7.690430,1.647949
702,0.079590,-0.920898,0.392090,13.916016,2.868652,1.831055
703,0.066406,-0.918945,0.450195,14.953613,3.173828,2.319336
704,0.039062,-0.917969,0.465820,16.906738,-0.610352,2.319336
705,-0.004395,-0.930176,0.439941,17.517090,-0.488281,-1.464844
706,-0.004883,-0.919922,0.473633,16.357422,2.685547,-5.065918
707,0.077148,-0.875488,0.477539,10.131836,-0.732422,-9.521484
708,0.125977,-0.850098,0.438477,8.728027,2.441406,-5.615234
709,0.100586,-0.869629,0.413086,11.291504,6.286621,0.366211
710,0.051270,-0.882324,0.412598,16.784668,8.300781,3.112793
711,-0.027344,-0.928223,0.456543,24.780273,1.892090,-4.821777
712,-0.029297,-0.925293,0.476562,23.620605,-3.417969,-12.207031
713,-0.006836,-0.918945,0.466797,20.996094,-7.568359,-18.066406
714,0.031250,-0.897461,0.439941,19.287109,-7.263184,-21.362305
715,0.082031,-0.880859,0.418945,16.357422,7.812500,-21.118164
716,0.117188,-0.854492,0.455566,14.099121,13.366699,-18.066406
717,0.134277,-0.810059,0.560059,6.652832,5.554199,-8.056641
718,0.130371,-0.802734,0.534668,3.295898,-7.812500,-2.868652
719,0.121094,-0.824707,0.485840,5.737305,-19.775391,-0.488281
720,0.115723,-0.852051,0.433594,9.521484,-25.756836,0.793457
721,0.067383,-0.909180,0.395020,17.944336,-22.094727,2.258301
722,0.061035,-0.911621,0.426270,22.583008,-13.366699,-0.122070
723,0.074219,-0.889648,0.477539,20.446777,-2.929688,-2.075195
724,0.084473,-0.871582,0.525879,2.624512,15.991211,-3.173828
725,0.070801,-0.879395,0.524414,-5.798340,21.301270,-4.089355
726,0.062988,-0.876465,0.527832,-10.681152,21.667480,-5.615234
727,0.058105,-0.866699,0.533691,-13.305664,15.930176,-6.225586
728,0.055176,-0.884277,0.493164,-5.798340,-10.070801,-9.338379
729,0.077148,-0.886719,0.432129,5.126953,-17.333984,-9.338379
730,0.123047,-0.885254,0.404297,16.784668,-14.648438,-7.568359
731,0.164062,-0.845703,0.475586,23.315430,4.028320,2.319336
732,0.122070,-0.850098,0.524414,22.827148,10.375977,5.187988
733,0.083984,-0.864258,0.541504,18.371582,16.174316,6.286621
734,0.038086,-0.876953,0.571777,3.417969,24.597168,0.122070
735,0.026855,-0.865723,0.612793,-4.882812,18.005371,-2.868652
736,0.017090,-0.863281,0.616699,-9.155273,0.854492,-5.249023
737,0.021484,-0.880371,0.569336,-7.873535,-17.761230,-7.446289
738,0.079102,-0.893066,0.429688,2.868652,-27.465820,-11.474609
739,0.120117,-0.871094,0.425781,8.361816,-18.310547,-10.253906
740,0.205078,-0.867676,0.447266,11.596680,15.380859,0.610352
741,0.185059,-0.881836,0.409180,15.747070,32.714844,5.065918
742,0.138184,-0.859375,0.426758,25.817871,43.640137,8.117676
743,0.081543,-0.853516,0.475098,36.315918,44.067383,9.338379
744,0.026367,-0.837402,0.557617,45.410156,17.272949,7.080078
745,0.019531,-0.834473,0.504883,56.091309,-3.356934,5.310059
746,0.049805,-0.866699,0.459473,74.279785,-17.395020,2.319336
747,0.135254,-0.869141,0.399902,110.351562,-21.972656,1.525879
748,0.146973,-0.850098,0.387695,134.277344,-17.578125,4.699707
749,0.122559,-0.810547,0.402344,186.340332,-5.432129,8.972168
750,0.102539,-0.778809,0.460449,210.388184,-1.647949,8.483887
751,0.057129,-0.760254,0.740234,227.233887,-5.371094,5.615234
752,0.029297,-0.610840,1.078613,208.740234,-25.512695,1.892090
753,-0.017578,-0.455566,1.071289,107.055664,-25.024414,0.061035
754,-0.006348,-0.485840,1.017090,48.522949,-23.559570,-5.615234
755,0.054688,-0.524414,0.966309,8.178711,-14.648438,-12.329102
756,0.153809,-0.598633,0.779785,-37.170410,17.028809,-10.253906
757,0.138672,-0.649414,0.756836,-42.114258,34.851074,-9.460449
758,0.106934,-0.660156,0.763184,-42.785645,47.424316,-9.216309
759,0.055664,-0.658203,0.796875,-36.743164,45.288086,-7.385254
760,0.047363,-0.671387,0.810547,-26.489258,30.212402,-5.187988
761,0.031250,-0.657715,0.849121,-14.282227,8.544922,-2.502441
762,0.024902,-0.663574,0.862793,-6.164551,-14.526367,0.427246
763,0.054688,-0.687988,0.824707,0.915527,-38.085938,1.281738
764,0.065430,-0.679688,0.815918,-2.563477,-38.330078,-0.061035
765,0.080566,-0.673340,0.759277,-16.357422,-27.526855,-4.516602
766,0.107910,-0.692383,0.693848,-20.629883,-19.592285,-7.141113
767,0.141602,-0.701172,0.653809,-16.357422,-11.840820,-8.422852
768,0.158691,-0.691406,0.650879,-6.958008,-6.652832,-6.286621
769,0.133301,-0.701660,0.687988,6.530762,-2.746582,2.136230
770,0.117188,-0.729004,0.689453,11.779785,-0.854492,0.610352
771,0.097656,-0.695312,0.715332,13.732910,0.732422,-2.319336
772,0.112793,-0.650391,0.732910,6.164551,-7.324219,-3.295898
773,0.136719,-0.654297,0.689453,6.103516,-10.375977,-2.624512
774,0.150879,-0.670410,0.660645,9.582520,-8.605957,-0.793457
775,0.114746,-0.685547,0.722656,11.474609,1.831055,-1.159668
776,0.093750,-0.663086,0.769043,6.835938,3.845215,-2.197266
777,0.089355,-0.648438,0.770508,-0.366211,2.929688,-2.990723
778,0.086914,-0.664551,0.745605,-5.004883,1.037598,-3.845215
779,0.125488,-0.680176,0.680664,3.295898,-3.356934,-1.464844
780,0.144531,-0.689453,0.645508,13.183594,-2.380371,0.854492
781,0.145996,-0.697266,0.635254,25.756836,0.915527,2.807617
782,0.110840,-0.668945,0.726562,43.457031,3.601074,5.981445
783,0.089355,-0.664551,0.783203,47.241211,-0.732422,5.371094
784,0.048828,-0.616211,0.856445,45.349121,-7.019043,5.493164
785,0.032227,-0.642090,0.927734,26.123047,-21.667480,0.915527
786,0.049316,-0.636719,0.855469,15.319824,-21.972656,-2.624512
787,0.078125,-0.644531,0.799805,11.108398,-17.028809,-5.310059
788,0.107910,-0.645020,0.767578,9.643555,-8.972168,-6.591797
789,0.133789,-0.605469,0.757324,11.962891,5.371094,-7.385254
790,0.143555,-0.589355,0.763184,16.967773,8.666992,-4.638672
791,0.126465,-0.752441,0.630859,34.729004,14.282227,-8.544922
792,0.094727,-0.631836,0.701172,70.312500,8.544922,-4.089355
793,0.058105,-0.601074,0.831055,84.594727,-5.981445,1.525879
794,0.037109,-0.595703,0.901367,84.838867,-21.545410,0.488281
795,0.067871,-0.596680,0.896973,78.063965,-31.311035,-6.286621
796,0.081543,-0.563965,0.983398,64.147949,-30.517578,-11.779785
797,0.146484,-0.471191,0.875000,22.460938,-12.573242,-21.057129
798,0.195312,-0.466797,0.820312,8.483887,2.441406,-21.850586
799,0.243652,-0.446289,0.792969,-2.380371,20.080566,-20.935059
800,0.221191,-0.478027,0.790039,-24.414062,57.495117,-15.563965
801,0.172852,-0.480957,0.858887,-28.686523,60.974121,-12.878418
802,0.104492,-0.491699,0.988770,-25.756836,49.438477,-5.981445
803,0.035156,-0.589355,0.946777,-23.376465,6.103516,-4.882812
804,0.059082,-0.626953,0.827148,-17.272949,-12.939453,-3.295898
805,0.132812,-0.769043,0.536621,53.161621,-30.578613,1.220703
806,0.121582,-0.698242,0.650879,110.778809,-36.499023,4.699707
807,0.058105,-0.596191,0.961914,143.737793,-43.029785,3.173828
808,0.062012,-0.327148,1.103027,129.638672,-45.288086,-2.136230
809,0.061035,-0.369629,1.091309,97.167969,-32.592773,-5.981445
810,0.068848,-0.412598,0.976074,69.335938,-15.930176,-13.366699
811,0.106445,-0.435547,0.879395,54.992676,1.892090,-20.446777
812,0.158203,-0.458008,0.735840,68.420410,52.490234,-35.339355
813,0.155273,-0.455566,0.798828,79.284668,71.716309,-41.442871
814,0.121582,-0.364746,0.991211,85.754395,72.204590,-46.630859
815,0.171875,-0.261719,1.045410,62.683105,46.997070,-46.386719
816,0.157227,-0.280273,1.005859,53.833008,38.757324,-41.015625
817,0.134277,-0.279785,1.030762,44.921875,27.038574,-35.827637
818,0.141602,-0.266113,1.099609,18.005371,-22.033691,-17.517090
819,0.140625,-0.307617,0.983887,2.075195,-42.907715,-13.244629
820,0.222656,-0.277832,0.833496,-14.404297,-45.837402,-12.268066
821,0.289062,-0.289551,0.726562,-19.775391,-35.095215,-6.530762
822,0.380371,-0.408203,0.729492,15.625000,-3.295898,3.112793
823,0.311523,-0.435059,0.891602,28.503418,4.333496,3.967285
824,0.225586,-0.384277,0.942383,25.268555,6.774902,-2.563477
825,0.148926,-0.258789,0.979980,13.488770,9.643555,2.380371
826,0.168457,-0.203125,1.074219,-1.281738,12.451172,11.108398
827,0.205078,-0.158691,1.114258,-21.179199,11.413574,27.404785
828,0.249512,-0.099609,1.154785,-30.700684,3.601074,51.574707
829,0.195801,-0.108887,1.146484,-11.962891,-44.982910,104.187012
830,0.010254,-0.416016,1.005371,2.319336,-68.603516,105.224609
831,-0.039062,-0.581055,0.748047,14.404297,-68.847656,40.405273
832,0.111816,-0.382324,0.679199,14.648438,-53.710938,23.010254
833,0.205566,-0.258301,0.694824,15.075684,-32.958984,26.916504
834,0.189453,-0.333496,0.928223,4.272461,-15.258789,37.841797
835,0.139648,-0.354980,0.989258,5.554199,-23.254395,36.743164
836,0.042480,-0.343750,1.069336,1.586914,-37.597656,30.578613
837,0.055176,-0.269531,1.102051,-4.882812,-57.006836,27.282715
838,0.274902,-0.394531,1.008789,8.911133,-48.400879,32.653809
839,0.304688,-0.349121,0.877441,11.352539,-51.696777,28.686523
840,0.310547,-0.330566,0.859863,15.380859,-49.499512,29.479980
841,0.243164,-0.328125,0.908203,16.418457,-31.921387,33.203125
842,0.249023,-0.288086,1.048828,19.409180,-36.132812,33.630371
843,0.296875,-0.191895,0.955078,27.954102,-42.541504,34.362793
844,0.498535,0.044434,0.926270,36.193848,-36.071777,61.279297
845,0.302734,-0.216797,0.971191,17.456055,-42.907715,107.543945
846,0.164062,-0.364258,0.930176,25.207520,-50.170898,106.933594
847,-0.004395,-0.502441,0.904297,30.761719,-50.720215,75.500488
848,-0.023438,-0.511719,0.852539,21.423340,-39.855957,50.415039
849,-0.006348,-0.531250,0.805176,12.023926,-22.033691,22.277832
850,0.138672,-0.461426,0.855957,3.051758,16.784668,-18.798828
851,0.189941,-0.408203,0.918945,-2.929688,25.939941,-27.343750
852,0.219238,-0.360840,0.950195,-4.150391,22.155762,-28.503418
853,0.221680,-0.327148,0.932617,0.488281,12.023926,-25.512695
854,0.217285,-0.291016,0.938965,5.615234,-7.751465,-15.258789
855,0.196289,-0.308594,0.923340,6.530762,-16.479492,-12.878418
856,0.194336,-0.305176,0.947754,6.286621,-26.000977,-21.362305
857,0.219727,-0.275391,1.025391,-32.958984,-11.474609,-30.639648
858,0.235840,-0.340820,0.790527,-3.295898,1.708984,-30.639648
859,0.272949,-0.287109,0.916016,15.502930,1.708984,-29.113770
860,0.312988,-0.226562,0.985352,13.061523,-20.263672,-12.390137
861,0.260254,-0.198730,1.000488,11.413574,-41.687012,-6.713867
862,0.154785,-0.256348,1.012207,24.780273,-86.791992,-20.507812
863,0.158691,-0.287598,1.002930,32.897949,-101.928711,-35.461426
864,0.201660,-0.314941,0.935059,32.653809,-108.520508,-49.194336
865,0.342285,-0.326660,0.970703,66.101074,-151.611328,-66.162109
866,0.350098,-0.336914,0.976074,81.115723,-185.363770,-73.852539
867,0.377441,-0.270508,1.006836,79.956055,-222.900391,-85.144043
868,0.498535,-0.240234,1.003418,41.381836,-239.501953,-94.909668
869,0.621094,-0.138184,0.655762,59.875488,-197.021484,-99.670410
870,0.630859,-0.008301,0.799316,101.196289,-206.481934,-80.444336
871,0.590332,-0.104980,0.972656,84.960938,-209.106445,-53.222656
872,0.708984,-0.171387,0.719727,-75.195312,-131.042480,-40.283203
873,0.726562,-0.119141,0.341309,-68.054199,-79.345703,-41.687012
874,0.709473,-0.131836,0.546387,-53.039551,-0.793457,-48.034668
875,0.720215,-0.198242,0.664062,-65.429688,14.709473,-60.241699
876,0.716797,-0.208984,0.721680,-71.350098,6.896973,-70.129395
877,0.676270,-0.184570,0.750000,-83.374023,-29.296875,-79.895020
878,0.663574,-0.167480,0.771484,-98.754883,-48.034668,-86.303711
879,0.666504,-0.157227,0.722168,-122.802734,-64.636230,-98.632812
880,0.762695,-0.067383,0.604980,-136.291504,-81.115723,-114.440918
881,0.799805,-0.049805,0.586914,-128.173828,-79.467773,-106.079102
882,0.859375,-0.061523,0.591309,-107.666016,-73.730469,-86.547852
883,0.885742,-0.060547,0.592773,-77.209473,-68.420410,-56.762695
884,0.750488,-0.207031,0.518555,-26.184082,-51.391602,-18.249512
885,0.779785,-0.222656,0.599121,-18.798828,-34.729004,-13.061523
886,0.783691,-0.164551,0.761230,-33.447266,-29.541016,-10.986328
887,0.675293,-0.078613,0.883789,-100.708008,-48.889160,-7.202148
888,0.635254,-0.154785,0.716797,-125.427246,-48.156738,-12.634277
889,0.632812,-0.263672,0.511719,-125.427246,-34.790039,-23.742676
890,0.619141,-0.374023,0.204590,-65.795898,9.399414,-48.950195
891,0.611816,-0.352051,0.199219,-24.719238,41.931152,-62.316895
892,0.664062,-0.291016,0.221680,7.324219,62.072754,-70.068359
893,0.780762,-0.155762,0.356445,25.451660,72.448730,-72.021484
894,0.798340,-0.172363,0.502930,41.687012,99.975586,-80.932617
895,1.069336,-0.037598,0.793945,26.489258,107.360840,-68.359375
896,1.016113,-0.132324,0.891602,13.854980,103.149414,-48.156738
897,0.708496,-0.219238,0.800781,19.104004,41.015625,-30.395508
898,0.645996,-0.133301,0.636719,33.813477,21.057129,-28.503418
899,0.609863,-0.101562,0.637207,43.029785,22.583008,-29.968262
900,0.646973,-0.063477,0.672852,39.001465,38.818359,-34.240723
901,0.764648,0.075684,0.791016,33.386230,54.260254,-17.944336
902,0.772949,0.062988,0.889648,24.719238,45.593262,-6.774902
903,0.757324,0.044434,0.862305,15.319824,30.151367,5.432129
904,0.726562,-0.056152,0.660156,40.405273,16.540527,14.404297
905,0.666992,-0.070312,0.669434,43.518066,22.277832,17.272949
906,0.649902,-0.089844,0.665039,36.437988,29.174805,11.230469
907,0.722168,-0.055664,0.656250,29.846191,36.865234,2.990723
908,0.708496,-0.106445,0.809570,12.756348,43.212891,-14.526367
909,0.691406,-0.089844,0.823730,-1.098633,37.048340,-27.587891
910,0.707031,0.015625,0.650879,-1.403809,36.499023,-33.447266
911,0.719727,0.019531,0.659668,9.887695,38.818359,-27.404785
912,0.705566,0.004395,0.711914,30.334473,39.123535,-19.409180
913,0.677734,-0.004883,0.782227,35.705566,39.672852,-17.456055
914,0.639648,-0.001953,0.861328,35.522461,38.452148,-17.761230
915,0.624023,0.092285,0.912598,27.282715,23.620605,-16.418457
916,0.622559,0.093262,0.812500,17.822266,19.104004,-11.962891
917,0.629395,0.073242,0.750488,10.986328,19.836426,-7.629395
918,0.625000,0.031250,0.729980,4.699707,23.864746,-5.310059
919,0.620605,-0.148926,0.764648,13.427734,35.827637,-13.305664
920,0.630371,-0.237793,0.824707,31.066895,36.071777,-26.062012
921,0.661133,0.061523,0.930664,96.740723,17.883301,-51.696777
922,0.638672,0.153809,0.986328,123.229980,2.319336,-48.461914
923,0.607422,0.234863,0.916992,137.756348,-10.253906,-41.687012
924,0.600586,0.313477,0.841797,154.846191,-13.793945,-31.982422
925,0.581543,0.420410,0.803711,172.912598,-11.840820,-1.525879
926,0.567383,0.448730,0.731445,177.551270,-9.338379,22.888184
927,0.534180,0.469727,0.680664,183.532715,-0.610352,52.673340
928,0.582520,0.400391,0.654297,191.589355,34.790039,99.731445
929,0.583008,0.392090,0.754395,208.984375,43.884277,114.624023
930,0.531250,0.425781,0.857910,227.783203,42.114258,122.741699
931,0.476562,0.465332,0.679199,242.004395,32.531738,126.831055
932,0.455566,0.442383,0.539062,306.945801,40.893555,125.793457
933,0.512695,0.318848,0.537598,326.416016,25.146484,104.919434
934,0.634766,0.235840,0.628418,313.964844,13.610840,74.157715
935,0.666992,0.005371,0.447266,208.129883,43.334961,3.662109
936,0.617676,0.050781,0.411133,178.466797,79.406738,-27.648926
937,0.591309,0.416504,1.380371,111.267090,106.689453,-43.334961
938,0.523438,0.753906,1.068848,10.009766,89.050293,-46.875000
939,0.677734,0.553223,0.788574,60.729980,38.452148,-32.470703
940,0.650391,0.404785,0.672363,62.255859,18.981934,-26.306152
941,0.575684,0.355957,0.654785,56.274414,9.338379,-30.029297
942,0.558105,0.531250,0.527344,54.809570,-2.624512,-44.677734
943,0.586426,0.552734,0.558105,66.040039,-8.361816,-41.931152
944,0.551758,0.556641,0.662598,71.838379,-25.390625,-37.841797
945,0.600586,0.640625,0.610352,77.819824,-61.401367,-23.925781
946,0.570312,0.646973,0.550781,81.604004,-69.824219,-18.737793
947,0.552246,0.639160,0.534180,87.524414,-68.786621,-13.061523
948,0.571289,0.664062,0.490234,94.482422,-57.556152,-9.460449
949,0.520020,0.588867,0.415039,82.580566,-27.587891,-16.418457
950,0.486328,0.536621,0.332031,84.350586,-11.474609,-21.728516
951,0.496094,0.449219,0.273926,100.524902,2.075195,-25.329590
952,0.430664,0.878906,0.350586,96.252441,30.151367,-48.889160
953,0.655273,0.837402,0.400391,31.250000,67.199707,-76.477051
954,0.725098,0.796387,0.375977,25.451660,86.914062,-78.186035
955,0.479980,0.905273,0.519531,10.375977,84.045410,-62.133789
956,0.426758,0.944336,0.569336,17.700195,69.152832,-54.626465
957,0.398438,0.972656,0.617188,31.921387,45.654297,-46.081543
958,0.412598,0.931641,0.691406,42.602539,23.742676,-34.545898
959,0.493652,0.925293,0.719238,31.494141,0.610352,-4.760742
960,0.502441,0.947754,0.521484,33.264160,-10.681152,15.625000
961,0.467773,0.860352,0.232422,95.153809,-10.437012,42.602539
962,0.472168,0.868652,0.351074,120.971680,1.342773,49.316406
963,0.430664,0.784180,0.252930,135.681152,14.953613,52.856445
964,0.388672,0.698730,0.231934,143.493652,30.517578,50.109863
965,0.358398,0.636230,0.211914,149.780273,63.598633,28.015137
966,0.390137,0.668945,0.182617,153.808594,74.096680,13.793945
967,0.437988,0.695312,0.114258,172.363281,81.481934,0.427246
968,0.470703,0.694824,0.253906,215.637207,93.017578,-1.159668
969,0.451660,0.661133,0.312500,231.384277,95.336914,-1.831055
970,0.466797,0.668457,0.286621,245.605469,97.045898,-0.366211
971,0.523438,1.236328,0.662598,192.260742,97.045898,9.887695
972,0.662109,1.686523,0.386230,120.422363,90.332031,17.272949
973,0.511719,1.134766,0.344238,87.890625,84.167480,33.813477
974,0.421875,0.847168,0.273926,66.162109,47.241211,16.784668
975,0.450195,0.784668,0.318848,54.138184,30.029297,9.216309
976,0.522949,0.839355,0.185547,75.866699,7.141113,3.845215
977,0.502441,0.902832,0.199707,73.791504,9.094238,1.159668
978,0.491699,0.854980,0.124512,73.791504,10.192871,-0.976562
979,0.465820,0.816895,-0.027344,83.068848,17.578125,-3.356934
980,0.459961,0.828125,-0.018555,97.656250,29.418945,-3.234863
981,0.469727,0.876953,-0.027344,107.849121,46.691895,11.474609
982,0.453613,0.875977,0.032715,107.177734,53.771973,14.953613
983,0.481934,0.902344,0.041016,107.910156,48.583984,16.723633
984,0.495605,0.863281,0.208984,116.760254,-3.173828,23.132324
985,0.465332,0.874512,0.162109,114.257812,-36.010742,31.799316
986,0.422363,0.815430,0.042969,93.322754,-80.383301,37.109375
987,0.448242,0.819824,-0.147461,87.036133,-85.327148,38.879395
988,0.417969,0.832520,-0.221680,83.862305,-72.143555,38.574219
989,0.446289,0.914062,-0.221191,68.725586,-55.053711,36.071777
990,0.522949,0.830566,-0.303711,37.597656,-15.747070,26.794434
991,0.551758,0.810547,-0.270020,26.000977,2.807617,15.014648
992,0.563477,0.742188,-0.223633,12.207031,13.916016,-2.502441
993,0.633789,0.731445,-0.159668,4.516602,21.423340,-34.912109
994,0.576172,0.736328,-0.124512,5.676270,18.188477,-40.466309
995,0.500977,0.825684,-0.122070,21.301270,15.258789,-38.635254
996,0.390625,0.712402,-0.196777,48.889160,10.070801,-28.930664
997,0.388184,0.847168,-0.223145,83.129883,11.413574,-20.019531
998,0.378906,0.997559,-0.115723,84.106445,21.911621,-17.578125
999,0.578613,1.144043,-0.173828,6.225586,20.080566,-7.934570
1000,0.460938,0.863281,-0.185059,-10.437012,7.934570,4.028320
1001,0.456055,0.827637,-0.229980,-22.705078,5.371094,1.464844
1002,0.473633,0.865234,-0.117188,-25.085449,-3.662109,-3.112793
1003,0.451660,0.832520,-0.149414,-18.737793,-11.352539,-7.995605
1004,0.449707,0.881348,-0.169922,-16.784668,-13.671875,-12.695312
1005,0.450684,0.908691,-0.153809,-18.554688,-12.878418,-13.610840
1006,0.470703,0.943359,-0.379883,-9.765625,8.972168,-2.990723
1007,0.434082,0.894531,-0.407227,18.920898,39.855957,-1.831055
1008,0.322266,0.711914,-0.380371,46.630859,62.805176,-7.629395
1009,0.411621,0.879395,-0.093750,87.829590,57.617188,-25.695801
1010,0.452148,0.916992,-0.009277,87.829590,36.132812,-16.723633
1011,0.578613,0.944824,-0.052246,78.063965,9.643555,7.446289
1012,0.461914,0.779785,-0.106934,42.968750,4.394531,23.376465
1013,0.529297,0.959473,-0.361816,3.417969,23.925781,-4.760742
1014,0.440430,0.974121,-0.343262,2.197266,31.494141,-5.676270
1015,0.392090,1.024414,-0.254883,-23.315430,34.484863,2.319336
1016,0.405273,0.845215,-0.278320,-47.851562,34.240723,24.414062
1017,0.505371,0.785156,-0.268555,-45.654297,45.471191,19.470215
1018,0.540039,0.793945,-0.173828,-31.127930,56.152344,5.554199
1019,0.539551,0.800781,-0.004883,4.821777,32.958984,-13.000488
1020,0.553223,0.954590,-0.027832,26.062012,23.803711,-11.230469
1021,0.473145,0.915527,0.062012,50.720215,7.385254,-6.652832
1022,0.459473,0.932129,-0.046875,72.814941,-10.498047,-3.295898
1023,0.420410,0.777832,-0.105469,81.726074,-18.249512,15.380859
1024,0.458984,0.754883,-0.113281,49.987793,-13.427734,18.493652
1025,0.492188,0.786621,-0.211914,15.380859,10.070801,20.812988
1026,0.540527,0.669434,-0.219238,59.082031,22.094727,20.019531
1027,0.646484,0.698242,-0.197266,54.077148,26.733398,1.403809
1028,0.644043,0.892090,-0.213867,45.898438,14.465332,-12.390137
1029,0.531738,0.810547,-0.057617,37.048340,-22.949219,-30.944824
1030,0.478516,0.868652,-0.075195,16.418457,-37.353516,-23.620605
1031,0.414062,0.819336,-0.278320,5.371094,-41.931152,-16.845703
1032,0.417480,0.862793,-0.338867,0.610352,-29.113770,-13.000488
1033,0.306641,0.664062,-0.376953,10.559082,-2.258301,-17.761230
1034,0.503418,0.946289,-0.325195,25.939941,6.469727,-18.920898
1035,0.498535,0.907227,-0.304199,36.865234,17.517090,-14.709473
1036,0.535156,1.046875,-0.314453,54.992676,14.160156,-23.803711
1037,0.546387,1.026855,-0.267578,73.669434,9.521484,-17.944336
1038,0.485840,0.914062,-0.297852,91.186523,9.338379,-9.094238
1039,0.487305,0.828125,-0.248047,129.882812,8.422852,-2.258301
1040,0.384766,0.631348,-0.241211,148.498535,3.356934,-3.173828
1041,0.417480,0.645996,-0.205566,168.273926,-7.446289,-11.291504
1042,0.426270,0.650391,-0.425781,203.979492,-35.644531,-32.104492
1043,0.444824,0.666016,-0.493652,209.228516,-27.954102,-43.029785
1044,0.473145,0.708008,-0.525879,200.988770,-15.625000,-49.926758
1045,0.542969,0.958984,-0.576660,113.342285,0.366211,-31.494141
1046,0.458496,0.819336,-0.552734,82.702637,12.817383,-5.859375
1047,0.338867,0.719238,-0.507324,62.011719,18.554688,-1.770020
1048,0.335449,0.525879,-0.470215,49.560547,-0.244141,-8.728027
1049,0.421875,0.584961,-0.472656,71.472168,-25.329590,-20.263672
1050,0.439453,0.599609,-0.512695,106.262207,-54.199219,-30.273438
1051,0.473145,0.746094,-0.850098,175.231934,-64.392090,-37.353516
1052,0.408691,0.793457,-0.808594,185.852051,-47.546387,-28.930664
1053,0.390137,0.869629,-0.756836,154.846191,-24.902344,-17.883301
1054,0.261230,0.566406,-0.740723,98.815918,5.249023,-1.953125
1055,0.346191,0.624023,-0.649902,84.594727,1.892090,7.324219
1056,0.391113,0.644043,-0.656738,84.167480,-13.305664,19.226074
1057,0.346680,0.544922,-0.749512,105.346680,-33.569336,23.742676
1058,0.420898,0.540527,-0.722656,156.372070,-79.833984,48.278809
1059,0.387695,0.482910,-0.810059,146.972656,-73.974609,64.819336
1060,0.286621,0.354980,-0.863281,121.643066,-57.861328,67.565918
1061,0.247559,0.304688,-0.964355,68.359375,-10.620117,41.198730
1062,0.288086,0.321289,-0.888672,43.762207,3.173828,14.526367
1063,0.359863,0.415527,-0.976074,33.874512,10.375977,-1.342773
1064,0.347656,0.396484,-0.871094,39.855957,23.864746,-10.559082
1065,0.354004,0.382812,-0.821777,29.602051,29.479980,-12.939453
1066,0.401855,0.425293,-0.678223,8.789062,21.972656,-5.981445
1067,0.421387,0.456055,-0.649902,1.586914,6.225586,0.122070
1068,0.412598,0.465332,-0.746582,8.239746,-10.314941,4.821777
1069,0.356445,0.414551,-0.846191,42.480469,-23.803711,4.211426
1070,0.341797,0.396973,-0.983887,87.402344,-19.226074,-11.840820
1071,0.342773,0.367188,-0.862793,59.692383,5.004883,-13.549805
1072,0.339844,0.324707,-0.935059,33.691406,21.179199,-9.521484
1073,0.439453,0.368164,-0.792969,-6.896973,25.268555,5.432129
1074,0.443359,0.392090,-0.687988,-18.371582,14.221191,14.831543
1075,0.440918,0.388672,-0.679199,-18.127441,-8.850098,20.324707
1076,0.456543,0.420410,-0.828613,-5.065918,-48.400879,27.099609
1077,0.390625,0.370117,-0.887207,-0.061035,-41.015625,29.174805
1078,0.335938,0.333496,-0.906250,-5.859375,-22.399902,20.996094
1079,0.323730,0.344727,-0.947266,-13.000488,-0.427246,9.826660
1080,0.339844,0.332031,-0.890625,-10.803223,30.029297,-7.751465
1081,0.371094,0.331055,-0.875000,-10.437012,35.583496,-11.840820
1082,0.447266,0.375977,-0.693359,-1.953125,16.906738,-13.549805
1083,0.397949,0.338379,-0.650391,-13.122559,-0.488281,-13.671875
1084,0.434082,0.420410,-0.736816,-17.761230,-15.258789,-15.319824
1085,0.414551,0.441895,-0.888184,-15.441895,-16.113281,-12.512207
1086,0.343262,0.338867,-0.858398,-15.441895,0.366211,-18.310547
1087,0.335449,0.400879,-0.876465,-17.456055,8.361816,-22.033691
1088,0.313965,0.405762,-0.873047,-10.253906,14.526367,-23.254395
1089,0.366699,0.500977,-0.833984,4.516602,11.108398,-22.399902
1090,0.366211,0.654785,-0.923828,9.948730,9.643555,-10.925293
1091,0.345215,0.489746,-0.927246,11.535645,11.718750,11.596680
1092,0.330078,0.489258,-0.755859,10.742188,14.038086,20.629883
1093,0.329590,0.505371,-0.670410,2.075195,-0.732422,29.174805
1094,0.385254,0.569336,-0.745605,9.216309,-20.141602,42.175293
1095,0.417480,0.334473,-0.755859,19.165039,-34.667969,61.401367
1096,0.274414,0.025879,-0.811035,15.502930,-32.958984,50.659180
1097,0.247070,0.090820,-0.802734,3.845215,-30.761719,24.719238
1098,0.421875,0.324707,-1.088867,-48.706055,5.249023,-2.319336
1099,0.409668,0.406738,-0.994141,-30.273438,20.568848,-1.159668
1100,0.445312,0.450195,-0.724609,-21.911621,12.023926,-5.737305
1101,0.449219,0.383789,-0.834473,19.165039,-22.338867,2.868652
1102,0.458984,0.447266,-0.897949,56.030273,-30.761719,10.742188
1103,0.331543,0.307129,-0.902832,83.068848,-30.334473,10.192871
1104,0.270996,0.292480,-1.021973,38.146973,3.234863,-19.836426
1105,0.277344,0.308105,-1.065918,8.483887,32.897949,-18.310547
1106,0.304688,0.357422,-1.033691,-0.793457,52.429199,-6.713867
1107,0.348145,0.392090,-0.804199,-0.549316,62.805176,24.475098
1108,0.354980,0.415527,-0.783691,5.004883,51.635742,34.729004
1109,0.318359,0.325684,-0.863281,19.470215,36.926270,32.470703
1110,0.279785,0.224609,-0.999512,63.293457,20.812988,-4.272461
1111,0.284180,0.128906,-0.972656,80.627441,20.874023,-22.521973
1112,0.303711,0.067871,-0.939941,107.177734,15.197754,-42.846680
1113,0.339355,0.048828,-0.859375,135.437012,3.295898,-59.692383
1114,0.511719,0.192383,-0.739258,168.212891,-35.400391,-87.890625
1115,0.620605,0.308105,-0.649902,167.175293,-56.640625,-83.557129
1116,0.562988,0.290527,-0.588379,116.577148,-92.224121,-54.992676
1117,0.476074,0.216797,-0.713867,85.083008,-98.022461,-41.381836
1118,0.330078,0.079590,-0.887695,67.016602,-96.923828,-36.010742
1119,0.189453,-0.010254,-0.979492,63.415527,-94.604492,-42.297363
1120,0.098145,0.019531,-1.052246,68.725586,-76.721191,-64.941406
1121,0.144043,0.053711,-0.919434,78.613281,-73.730469,-76.049805
1122,0.258789,0.169434,-0.915039,109.741211,-79.284668,-73.852539
1123,0.428711,0.300293,-1.119629,115.844727,-69.458008,-53.100586
1124,0.416504,0.148926,-1.179688,126.037598,-53.039551,-26.977539
1125,0.372070,0.025391,-1.123047,137.023926,-34.118652,-3.479004
1126,0.271973,-0.052246,-0.918457,140.991211,-10.986328,29.724121
1127,0.239746,-0.025879,-0.810547,142.578125,-19.226074,37.109375
1128,0.227539,0.039062,-0.806641,150.878906,-38.452148,44.738770
1129,0.160156,0.038574,-0.726562,180.236816,-88.439941,59.509277
1130,0.126465,0.001953,-0.747070,187.683105,-114.746094,62.500000
1131,0.127930,-0.038574,-0.995117,162.475586,-118.041992,59.692383
1132,0.143555,-0.158203,-1.193848,109.558105,-89.843750,48.461914
1133,0.152344,-0.183594,-1.188477,23.925781,-25.878906,26.611328
1134,0.101562,-0.188965,-1.051758,-1.953125,-12.084961,31.677246
1135,0.082031,-0.214355,-0.940918,-11.962891,-12.512207,41.076660
1136,0.058105,-0.357422,-0.987793,-16.052246,-14.648438,56.945801
1137,0.055176,-0.280762,-0.860840,-5.981445,-2.319336,54.138184
1138,0.014648,-0.298340,-0.819336,2.319336,-10.131836,38.452148
1139,-0.048828,-0.356445,-0.838379,1.037598,-26.000977,6.530762
1140,-0.056641,-0.319824,-0.961426,-2.197266,-39.794922,-29.785156
1141,-0.057617,-0.183594,-1.144531,-13.793945,-28.625488,-70.678711
1142,-0.037109,-0.183594,-1.081055,-16.845703,-8.666992,-72.326660
1143,-0.004395,-0.208496,-0.982422,-15.502930,1.892090,-70.556641
1144,0.170410,-0.146484,-0.932617,-4.150391,11.413574,-49.011230
1145,0.175781,-0.162598,-0.961914,5.371094,15.563965,-33.447266
1146,0.074707,-0.105957,-0.886230,30.700684,-6.958008,-25.451660
1147,0.088867,-0.054199,-0.924316,36.499023,-27.404785,-15.930176
1148,0.047852,-0.107910,-1.014160,55.053711,-39.978027,-0.244141
1149,0.038574,-0.094727,-0.975586,79.528809,-47.607422,17.089844
1150,0.004883,-0.149414,-0.901367,97.778320,-70.922852,43.395996
1151,-0.009766,-0.233887,-0.921387,95.031738,-78.979492,45.654297
1152,0.010254,-0.290527,-1.081055,80.444336,-75.073242,44.433594
1153,-0.043945,-0.361328,-1.131348,54.199219,-27.160645,42.114258
1154,-0.062500,-0.353027,-1.049805,52.429199,-8.117676,40.710449
1155,-0.076660,-0.339355,-0.955566,52.551270,2.380371,39.123535
1156,-0.105469,-0.344238,-0.893066,49.804688,9.460449,35.095215
1157,-0.130371,-0.488281,-0.826172,44.311523,11.474609,4.577637
1158,-0.078613,-0.448730,-0.802246,43.334961,1.647949,-14.892578
1159,-0.051270,-0.400879,-0.834961,40.954590,-6.286621,-27.282715
1160,-0.050293,-0.300781,-0.897949,35.583496,-16.601562,-34.729004
1161,-0.056152,-0.307129,-0.983398,28.564453,-21.301270,-34.118652
1162,-0.067383,-0.326172,-1.021973,24.475098,-19.531250,-32.897949
1163,-0.078613,-0.354980,-1.002441,35.888672,-16.723633,-45.227051
1164,-0.053223,-0.384766,-0.993164,45.898438,-15.502930,-46.508789
1165,-0.000977,-0.441895,-0.983398,60.668945,-13.000488,-37.170410
1166,0.023438,-0.495117,-0.989258,80.139160,-14.282227,-25.817871
1167,0.067383,-0.457031,-1.036621,145.019531,-23.681641,-4.760742
1168,0.079590,-0.478027,-1.002930,198.486328,-38.879395,10.070801
1169,0.188965,-0.281250,-0.877441,272.521973,-68.237305,34.729004
1170,0.133789,-0.060059,-0.997559,347.900391,-91.979980,110.961914
1171,-0.172363,-0.718262,-1.176758,248.474121,-15.380859,108.581543
1172,-0.251465,-0.842285,-0.872070,101.379395,72.082520,56.823730
1173,-0.294922,-0.859863,-0.786621,169.128418,21.545410,48.278809
1174,-0.264648,-0.820312,-0.556152,208.312988,-27.160645,38.757324
1175,-0.220703,-0.786621,-0.435547,200.561523,-56.518555,33.813477
1176,-0.228516,-0.836914,-0.326660,147.705078,-80.261230,18.066406
1177,-0.242188,-0.812988,-0.273438,120.727539,-83.129883,-1.403809
1178,-0.243652,-0.802734,-0.232910,56.396484,-75.988770,-26.000977
1179,-0.279785,-0.851074,-0.368164,43.518066,-75.439453,-39.489746
1180,-0.278320,-0.891113,-0.362793,33.813477,-79.284668,-52.185059
1181,-0.246094,-0.853027,-0.413086,22.827148,-82.946777,-62.500000
1182,-0.177734,-0.772949,-0.541504,5.981445,-69.030762,-66.772461
1183,-0.111328,-0.778809,-0.623535,2.929688,-49.316406,-60.363770
1184,-0.003906,-0.838379,-0.563477,31.616211,-14.343262,-38.208008
1185,0.026855,-0.820312,-0.580566,43.884277,-5.187988,-21.301270
1186,0.027832,-0.816406,-0.572266,54.016113,3.845215,-2.136230
1187,0.004395,-0.826172,-0.600586,64.392090,16.418457,15.808105
1188,-0.098633,-0.823730,-0.397949,71.105957,43.823242,36.376953
1189,-0.156250,-0.880371,-0.331055,70.190430,44.860840,34.790039
1190,-0.184082,-0.861816,-0.302734,59.997559,42.175293,29.968262
1191,-0.203613,-0.909180,-0.287598,46.997070,36.315918,21.911621
1192,-0.203613,-0.971680,-0.383789,45.837402,17.028809,-2.441406
1193,-0.139160,-0.838867,-0.440918,59.997559,7.080078,-9.643555
1194,-0.158203,-0.800781,-0.426270,72.509766,-5.432129,-7.263184
1195,-0.210938,-0.900879,-0.291016,69.824219,-52.551270,-7.080078
1196,-0.176270,-0.917480,-0.428711,81.970215,-68.359375,-7.873535
1197,-0.172363,-0.912109,-0.486816,100.097656,-64.941406,-6.225586
1198,-0.110840,-0.920898,-0.424316,88.439941,-13.488770,-6.408691
1199,-0.102539,-0.913574,-0.380859,75.378418,12.207031,-5.798340
1200,-0.094238,-0.900391,-0.343750,73.303223,26.794434,-0.976562
1201,-0.134766,-0.959961,-0.294922,89.111328,34.484863,4.760742
1202,-0.158203,-0.949707,-0.291992,97.900391,38.513184,2.624512
1203,-0.165527,-0.907227,-0.238281,86.914062,49.072266,1.770020
1204,-0.205078,-0.977051,0.041504,22.033691,41.748047,6.103516
1205,-0.214355,-0.961426,-0.018555,7.995605,17.944336,9.643555
1206,-0.240234,-1.058105,-0.066406,7.690430,-2.807617,8.728027
1207,-0.223145,-1.033203,-0.125977,10.070801,-12.878418,-12.207031
1208,-0.197266,-1.039062,-0.172852,8.483887,-8.178711,-19.775391
1209,-0.178711,-1.015625,-0.201660,9.643555,-0.305176,-25.512695
1210,-0.158691,-0.986328,-0.213867,13.427734,5.981445,-27.770996
1211,-0.123047,-0.954590,-0.226074,21.057129,10.742188,-27.343750
1212,-0.118652,-0.972656,-0.244141,26.489258,11.047363,-29.418945
1213,-0.102539,-0.933594,-0.250977,44.006348,14.404297,-37.231445
1214,-0.075195,-0.897461,-0.214355,47.485352,13.183594,-29.907227
1215,-0.093262,-0.961426,-0.169922,41.992188,7.568359,-15.502930
1216,-0.132324,-1.002441,-0.170410,39.550781,4.760742,-15.869141
1217,-0.152832,-1.000977,-0.191406,44.799805,0.427246,-21.972656
1218,-0.101074,-0.961426,-0.078125,37.780762,-9.033203,-36.193848
1219,-0.025879,-0.913574,-0.120117,26.672363,-11.169434,-35.278320
1220,0.038574,-0.895996,-0.153809,20.996094,-10.620117,-24.780273
1221,0.061035,-0.923828,-0.171387,19.897461,-8.728027,-11.413574
1222,0.007324,-0.952148,-0.130859,9.643555,-1.953125,6.835938
1223,-0.038086,-0.934082,-0.077637,1.953125,-4.333496,11.657715
1224,-0.086426,-0.944336,-0.120117,4.943848,-11.535645,13.244629
1225,-0.145996,-1.001465,-0.152344,6.042480,-13.488770,-2.075195
1226,-0.122559,-1.001465,-0.168457,10.437012,-12.084961,-11.352539
1227,-0.084473,-1.064941,-0.292969,24.841309,-1.098633,-25.634766
1228,-0.079590,-1.092773,-0.327148,44.128418,28.442383,-49.621582
1229,-0.018555,-1.001953,-0.235352,82.031250,89.416504,-105.712891
1230,0.028320,-0.911621,-0.129883,88.989258,98.571777,-119.079590
1231,0.099121,-0.835449,0.052246,67.565918,85.388184,-91.369629
1232,0.107422,-0.889160,0.105957,48.645020,83.801270,-63.293457
1233,0.088379,-0.947266,0.112793,31.311035,88.684082,-40.344238
1234,0.040527,-1.011719,0.111816,17.639160,92.651367,-28.991699
1235,-0.048340,-1.143066,0.089355,31.066895,74.035645,-39.916992
1236,-0.065918,-1.116699,0.121582,37.536621,59.020996,-52.368164
1237,-0.043457,-1.066895,0.138184,29.785156,43.701172,-63.598633
1238,0.021484,-1.003418,0.078613,20.812988,27.954102,-67.932129
1239,0.119629,-0.952148,0.002441,11.108398,10.742188,-62.622070
1240,0.209473,-0.901367,0.036621,16.235352,4.394531,-42.053223
1241,0.124512,-1.020996,0.195801,27.465820,-29.602051,-1.342773
1242,0.095703,-1.062500,0.215820,20.874023,-44.128418,1.464844
1243,0.087891,-1.039062,0.224609,4.272461,-46.325684,-2.746582
1244,0.076660,-1.011230,0.198242,-21.606445,-45.471191,-17.456055
1245,0.068848,-1.062012,0.059570,-23.986816,-46.691895,-23.986816
1246,-0.025879,-1.139160,0.010254,-12.817383,-54.504395,-35.217285
1247,0.032227,-1.089844,0.091309,7.629395,-83.740234,-67.626953
1248,0.101562,-1.052246,0.014648,4.333496,-80.261230,-82.763672
1249,0.164551,-0.968750,-0.125000,7.812500,-58.105469,-93.933105
1250,0.376953,-0.832031,-0.102051,16.540527,-6.103516,-87.768555
1251,0.567383,-0.785645,-0.004395,11.718750,17.883301,-59.448242
1252,0.608398,-0.783203,0.089844,-1.892090,36.682129,-14.526367
1253,0.444824,-0.871582,0.058594,-11.169434,45.043945,22.583008
1254,0.118164,-1.069824,0.043457,-9.704590,46.508789,33.508301
1255,0.108887,-1.081543,0.047852,-7.324219,39.184570,22.949219
1256,0.169922,-1.036133,0.070312,-2.624512,28.198242,15.808105
1257,0.239258,-0.905273,0.017090,7.995605,16.113281,25.451660
1258,0.230469,-0.917969,0.018066,10.437012,20.080566,31.311035
1259,0.237793,-0.932617,0.052246,12.573242,25.756836,33.386230
1260,0.184082,-0.958984,0.107422,14.892578,25.878906,32.348633
1261,0.166504,-1.082031,-0.105957,19.470215,21.118164,21.118164
1262,0.240723,-1.058594,-0.218750,47.973633,28.564453,18.859863
1263,0.209961,-1.032227,-0.103516,104.858398,24.414062,31.311035
1264,0.171875,-1.056641,-0.088867,136.779785,17.395020,30.395508
1265,0.137695,-1.037598,-0.040527,168.273926,12.329102,23.559570
1266,0.113770,-1.018555,0.048828,186.401367,10.559082,12.390137
1267,0.083008,-0.985840,0.162598,190.979004,12.390137,-2.868652
1268,0.048828,-0.917969,0.416992,159.667969,16.418457,-31.799316
1269,0.118164,-0.896973,0.524414,131.713867,18.127441,-42.724609
1270,0.281250,-0.808594,0.521973,97.473145,22.338867,-42.907715
1271,0.323730,-0.792969,0.610352,43.701172,34.790039,-15.197754
1272,0.254395,-0.808105,0.687012,16.174316,27.038574,-2.075195
1273,0.201172,-0.848633,0.700195,-15.319824,13.916016,3.784180
1274,0.100586,-0.972168,0.592773,-58.349609,-23.376465,1.098633
1275,0.064453,-1.007812,0.514160,-69.458008,-43.518066,-8.850098
1276,0.084961,-1.007812,0.408691,-76.049805,-60.485840,-19.470215
1277,0.104980,-0.997070,0.320801,-74.157715,-72.509766,-26.733398
1278,0.127441,-1.019043,0.231934,-56.152344,-78.979492,-34.545898
1279,0.176270,-1.004395,0.232422,-47.302246,-76.721191,-39.916992
1280,0.443848,-0.862793,0.065430,-38.146973,-45.410156,-36.621094
1281,0.455566,-0.894531,0.015625,-20.385742,-24.475098,-22.888184
1282,0.408691,-0.893555,0.003906,-5.065918,-2.563477,-9.765625
1283,0.184570,-0.961426,0.202148,6.347656,18.920898,-7.019043
1284,0.123047,-0.979004,0.269531,-1.831055,17.517090,-19.348145
1285,0.094238,-0.987305,0.271484,-13.977051,13.671875,-34.729004
1286,0.083984,-0.999023,0.218262,-23.681641,14.404297,-50.292969
1287,0.126465,-1.008301,0.056152,-32.409668,42.358398,-75.927734
1288,0.191406,-0.978027,0.012695,-25.756836,54.504395,-83.435059
1289,0.245117,-0.942871,0.020508,15.625000,49.438477,-89.050293
1290,0.272949,-0.912598,0.143066,43.457031,31.738281,-93.872070
1291,0.320801,-0.804688,0.221191,62.683105,10.437012,-97.717285
1292,0.392090,-0.717773,0.315430,63.842773,-7.629395,-96.923828
1293,0.528809,-0.688477,0.435547,33.813477,-32.043457,-81.176758
1294,0.549805,-0.772949,0.386230,20.507812,-39.306641,-72.875977
1295,0.462891,-0.979980,0.159668,27.526855,-24.230957,-79.162598
1296,0.437988,-1.012207,0.122070,40.771484,-6.958008,-90.942383
1297,0.447754,-0.950195,0.179688,48.461914,12.756348,-100.646973
1298,0.501953,-0.885254,0.254395,45.959473,29.663086,-104.187012
1299,0.584961,-0.836426,0.311035,50.598145,24.291992,-96.618652
1300,0.596680,-0.905273,0.305176,52.368164,10.681152,-87.707520
1301,0.547363,-0.852539,0.434082,45.532227,-6.042480,-77.514648
1302,0.398926,-0.739746,0.596191,-6.591797,-35.522461,-75.439453
1303,0.405273,-0.707031,0.600586,-31.127930,-51.513672,-81.970215
1304,0.484375,-0.813965,0.514648,-45.410156,-63.964844,-91.613770
1305,0.607910,-0.985352,0.460449,-58.593750,-74.096680,-125.488281
1306,0.596680,-0.948242,0.484863,-73.364258,-81.726074,-145.385742
1307,0.565918,-0.878906,0.455566,-89.965820,-91.247559,-165.832520
1308,0.531250,-0.764648,0.285156,-117.858887,-105.407715,-205.688477
1309,0.516113,-0.681152,0.222168,-127.502441,-108.642578,-222.351074
1310,0.531250,-0.605957,0.138184,-132.507324,-108.886719,-234.497070
1311,0.607910,-0.475098,0.005371,-118.774414,-101.257324,-243.164062
1312,0.681641,-0.428711,-0.020020,-106.201172,-96.069336,-241.577148
1313,0.752441,-0.369629,-0.052246,-91.857910,-91.674805,-237.548828
1314,0.796875,-0.307617,-0.079590,-75.561523,-89.843750,-232.543945
1315,0.854004,-0.207520,-0.140137,-40.954590,-89.111328,-219.299316
1316,0.877930,-0.181641,-0.192871,-24.291992,-85.998535,-209.777832
1317,0.908691,-0.161133,-0.212891,-5.859375,-78.491211,-198.486328
1318,1.000488,-0.135742,-0.208984,24.658203,-34.179688,-176.696777
1319,1.053711,-0.154785,-0.145508,28.198242,-9.094238,-167.541504
1320,1.055176,-0.126465,-0.079102,17.395020,12.207031,-159.301758
1321,1.011719,-0.021973,-0.026367,-33.081055,44.799805,-148.132324
1322,0.981445,0.004395,-0.027344,-57.617188,54.138184,-145.874023
1323,0.981934,-0.013184,-0.039062,-72.570801,56.091309,-144.653320
1324,0.938965,-0.008789,-0.071289,-77.636719,38.757324,-140.014648
1325,0.928223,-0.015625,-0.102539,-72.265625,25.817871,-136.108398
1326,0.932617,-0.016602,-0.197754,-57.006836,11.291504,-126.159668
1327,0.950195,-0.004883,-0.213379,-47.729492,7.873535,-121.215820
1328,0.934570,0.021484,-0.226562,-32.348633,5.493164,-119.201660
1329,0.899902,0.116211,-0.150391,9.277344,7.263184,-126.525879
1330,0.908203,0.098145,-0.119629,39.062500,10.864258,-132.446289
1331,0.924316,0.214844,-0.150879,63.476562,16.357422,-134.582520
1332,0.929199,0.273438,-0.111816,63.354492,22.888184,-127.563477
1333,1.004395,0.359375,0.048828,43.457031,18.005371,-119.201660
1334,1.004395,0.381348,0.076172,14.404297,11.047363,-109.375000
1335,0.935059,0.416504,0.126953,-34.179688,-0.732422,-99.304199
1336,0.910645,0.456543,0.145020,-42.907715,-6.408691,-100.463867
1337,0.939941,0.497559,0.170410,-45.837402,-13.732910,-101.074219
1338,0.966309,0.529785,0.187988,-54.138184,-18.920898,-98.510742
1339,1.053711,0.473633,0.020020,-91.247559,-11.230469,-77.758789
1340,1.065430,0.453125,-0.051270,-101.684570,1.281738,-61.340332
1341,0.998047,0.418457,-0.108398,-99.914551,13.122559,-41.748047
1342,0.926270,0.429688,-0.098145,-74.951172,24.902344,-13.427734
1343,0.912109,0.449707,-0.098145,-58.776855,24.780273,-6.408691
1344,0.902832,0.456543,-0.104004,-41.198730,21.667480,-2.990723
1345,0.895996,0.459473,-0.105957,-21.606445,19.165039,0.061035
1346,0.957520,0.429199,-0.080078,22.155762,17.456055,8.972168
1347,0.958496,0.428711,-0.044434,41.564941,16.967773,14.892578
1348,0.962891,0.457520,0.002441,55.541992,18.249512,20.629883
1349,0.922363,0.480469,0.065430,48.767090,25.756836,31.433105
1350,0.900879,0.432129,0.061523,40.527344,29.113770,36.987305
1351,0.928711,0.331055,0.045410,33.386230,38.208008,38.024902
1352,0.942871,0.213379,0.126953,11.901855,63.659668,21.118164
1353,0.944336,0.197266,0.188477,-5.249023,64.880371,9.521484
1354,0.902344,0.154297,0.201172,-22.460938,60.241699,-3.051758
1355,0.967773,0.380371,0.840332,-181.030273,98.876953,-40.954590
1356,0.593750,0.110352,0.205566,-268.188477,108.032227,-54.687500
1357,0.909180,0.383301,0.284180,-232.849121,94.848633,-85.083008
1358,1.060059,0.569824,0.409668,-186.035156,56.091309,-64.880371
1359,1.066406,0.550781,0.217773,-131.042480,13.977051,-35.156250
1360,1.074707,0.567383,0.185059,-80.261230,-7.629395,-14.099121
1361,0.917480,0.500488,0.162109,-60.424805,-0.427246,12.695312
1362,0.834961,0.469727,0.155762,-62.194824,7.690430,16.052246
1363,0.862793,0.457031,0.131348,-40.161133,16.540527,26.855469
1364,0.848633,0.389160,0.129883,-10.192871,17.822266,33.691406
1365,0.838867,0.264160,0.302734,30.456543,18.737793,12.756348
1366,0.871094,0.310059,0.352539,29.846191,16.235352,9.033203
1367,0.894531,0.283691,0.353516,27.038574,14.770508,5.554199
1368,0.950684,0.333008,0.385742,30.517578,8.972168,2.807617
1369,0.905273,0.273438,0.373047,25.390625,1.525879,4.333496
1370,0.872070,0.243652,0.284668,21.789551,1.892090,-3.295898
1371,0.917969,0.299316,0.276855,23.437500,5.981445,-8.728027
1372,0.966797,0.508789,0.305176,1.403809,22.583008,4.211426
1373,0.926758,0.516602,0.340332,-4.699707,29.174805,20.263672
1374,0.885254,0.229980,0.500000,-0.061035,27.221680,42.785645
1375,0.765137,0.071777,0.639160,23.681641,-3.051758,29.541016
1376,0.690430,0.011230,0.583984,36.376953,-36.621094,9.399414
1377,0.696777,-0.008301,0.465332,39.062500,-52.124023,-9.460449
1378,0.772949,0.135742,0.309570,43.273926,-66.833496,-46.936035
1379,0.804199,0.210938,0.214355,47.485352,-68.725586,-58.654785
1380,0.841309,0.276367,0.155273,51.635742,-62.988281,-68.115234
1381,0.897949,0.338867,0.073242,57.312012,-53.771973,-74.157715
1382,0.979004,0.471191,0.000000,56.213379,-22.277832,-78.674316
1383,1.139648,0.609375,0.088379,48.156738,-2.380371,-71.472168
1384,0.972656,0.527832,0.145508,25.329590,29.479980,-48.522949
1385,0.804688,0.310059,0.203125,23.010254,45.715332,-71.289062
1386,0.727539,0.212891,0.227051,22.155762,68.420410,-112.731934
1387,0.685059,0.237793,0.211426,14.709473,130.065918,-204.589844
1388,0.738770,0.482422,0.421387,1.342773,146.850586,-231.384277
1389,0.659180,0.500488,0.279297,2.197266,144.592285,-238.220215
1390,0.675781,0.685059,0.196777,107.543945,79.956055,-226.806641
1391,0.692383,0.800293,0.214844,192.687988,16.113281,-203.552246
1392,0.640625,0.887207,0.272461,241.760254,-36.804199,-184.020996
1393,0.615234,0.937988,0.420898,248.596191,-76.538086,-174.133301
1394,0.485352,0.907715,0.671875,134.338379,-140.808105,-173.339844
1395,0.401855,0.866211,0.585449,66.467285,-170.043945,-179.077148
1396,0.307617,0.852051,0.468262,17.150879,-198.913574,-186.096191
1397,0.236328,0.870117,0.335449,-14.831543,-223.937988,-192.687988
1398,0.211914,0.883301,0.009277,-33.020020,-236.511230,-203.369141
1399,0.225098,0.896484,-0.110840,-34.667969,-218.017578,-207.824707
1400,0.287109,0.938477,-0.191895,-41.259766,-181.030273,-209.960938
1401,0.404297,1.031250,-0.288086,-91.003418,-49.987793,-194.458008
1402,0.328613,0.991211,-0.376953,-100.219727,14.709473,-187.500000
1403,0.257324,0.964355,-0.415039,-79.956055,61.767578,-189.025879
1404,0.168945,0.965332,-0.334961,-44.616699,90.576172,-191.406250
1405,0.084961,1.050293,-0.096680,19.714355,113.586426,-182.983398
1406,0.125488,1.088379,0.016602,39.611816,111.694336,-169.250488
1407,0.222168,1.164551,0.144043,55.786133,91.735840,-121.337891
1408,0.241211,1.187012,0.192871,48.889160,81.665039,-90.332031
1409,0.235352,1.177246,0.222656,34.545898,70.068359,-57.800293
1410,0.223633,1.187988,0.226074,3.967285,35.522461,1.098633
1411,0.026367,1.126465,0.237793,-11.230469,10.803223,15.380859
1412,-0.008301,1.072266,0.232422,-26.916504,-14.099121,21.179199
1413,0.064941,0.962891,0.080566,-44.921875,-36.621094,28.991699
1414,0.093750,0.931641,0.016113,-40.771484,-28.503418,26.123047
1415,0.108887,0.891602,-0.007324,-30.761719,-17.272949,19.226074
1416,0.122070,0.874512,-0.004395,-17.395020,-5.554199,8.544922
1417,0.106934,0.994141,0.082520,2.990723,5.432129,-8.300781
1418,0.107910,1.037598,0.084961,3.723145,4.516602,-7.934570
1419,0.061035,1.023926,0.049316,2.868652,8.850098,-5.187988
1420,0.020508,1.022949,0.172363,-2.685547,20.080566,5.737305
1421,0.036621,1.030762,0.231445,-14.160156,17.578125,13.732910
1422,0.062012,1.089844,0.231934,-22.888184,11.779785,21.789551
1423,0.116699,1.131836,0.121582,-2.197266,-6.469727,37.231445
1424,0.123535,1.062012,0.024902,15.380859,-5.981445,37.963867
1425,0.088867,0.956055,0.008301,24.291992,12.512207,29.846191
1426,0.076172,0.885742,0.045410,16.052246,42.541504,17.578125
1427,0.032715,0.899902,0.127441,-38.269043,82.397461,5.798340
1428,0.025391,0.923340,0.103516,-70.800781,88.928223,6.835938
1429,0.063965,0.933105,0.098633,-90.393066,88.378906,9.155273
1430,0.176758,1.048340,0.474609,-33.813477,49.316406,1.220703
1431,0.112305,1.054688,0.225098,17.150879,27.954102,-15.686035
1432,0.166504,1.154785,0.198730,71.716309,-1.098633,-30.517578
1433,0.255371,1.186523,0.310547,69.213867,-30.090332,-34.057617
1434,0.161133,0.997559,0.208496,60.791016,-37.902832,-37.170410
1435,0.064453,0.827637,0.043457,77.209473,-46.020508,-51.757812
1436,-0.053711,0.654785,-0.069336,109.191895,-50.170898,-78.613281
1437,-0.193359,0.538086,-0.110840,180.603027,-68.664551,-148.864746
1438,-0.237305,0.734863,-0.083496,148.681641,-86.181641,-215.637207
1439,-0.308105,0.763672,-0.033691,101.623535,-87.341309,-241.821289
1440,-0.373047,0.801758,0.002930,54.565430,-83.435059,-263.183594
1441,-0.496582,0.890137,0.025391,-24.597168,-62.377930,-292.480469
1442,-0.520020,0.944824,-0.036133,-48.400879,-43.762207,-301.391602
1443,-0.526367,0.984375,-0.074219,-58.471680,-20.935059,-306.335449
1444,-0.535156,0.987793,-0.077637,-59.387207,1.220703,-306.823730
1445,-0.559570,0.954590,-0.078613,-45.959473,25.695801,-295.227051
1446,-0.585938,0.928711,-0.082520,-34.179688,24.597168,-285.278320
1447,-0.639160,0.886230,-0.055664,-23.437500,15.380859,-275.817871
1448,-0.707520,0.862305,-0.033691,-12.573242,-0.671387,-268.310547
1449,-0.793457,0.750977,-0.075684,17.211914,-38.635254,-259.094238
1450,-0.816895,0.721191,-0.063965,30.883789,-53.100586,-255.432129
1451,-0.824219,0.690918,-0.034180,39.733887,-63.476562,-250.732422
1452,-0.825684,0.626953,-0.033691,43.334961,-69.763184,-238.769531
1453,-0.835938,0.600098,-0.026367,37.902832,-64.453125,-231.872559
1454,-0.870605,0.575195,0.010254,14.404297,-47.790527,-215.759277
1455,-0.951172,0.530273,0.039551,2.624512,-40.954590,-206.848145
1456,-0.936523,0.493652,0.015625,-4.882812,-35.705566,-196.289062
1457,-0.922852,0.468262,-0.030762,-4.455566,-31.494141,-184.509277
1458,-0.900391,0.486328,-0.087891,16.662598,-24.353027,-158.081055
1459,-0.860352,0.560547,-0.031250,25.695801,-21.789551,-137.512207
1460,-0.831543,0.622070,0.060059,27.832031,-20.812988,-107.238770
1461,-0.837402,0.656738,0.061035,20.324707,-18.615723,-22.705078
1462,-0.927246,0.559082,-0.035645,24.475098,-16.479492,21.728516
1463,-1.137695,0.415039,0.045898,30.517578,-17.517090,67.810059
1464,-1.019043,0.369629,0.116211,10.620117,-9.155273,65.795898
1465,-0.903809,0.315430,0.107910,-5.737305,-10.314941,68.237305
1466,-0.903320,0.229980,-0.049805,-3.784180,-6.713867,64.941406
1467,-0.846191,0.193359,0.057617,15.258789,0.183105,43.884277
1468,-0.878906,0.184570,0.136719,19.226074,-1.831055,30.944824
1469,-0.966309,0.314453,0.086426,6.652832,-19.409180,11.108398
1470,-0.945312,0.376953,-0.008789,-2.502441,-20.874023,12.390137
1471,-0.871094,0.451660,-0.029785,-12.145996,-14.038086,24.230957
1472,-0.866211,0.492676,-0.043457,-26.000977,-3.051758,44.189453
1473,-0.847656,0.457031,0.013672,-45.532227,6.591797,78.735352
1474,-0.857910,0.373047,0.061035,-51.513672,4.089355,84.411621
1475,-0.863770,0.324219,0.128906,-56.518555,-3.234863,80.322266
1476,-0.883789,0.343262,0.216309,-63.903809,-32.653809,59.875488
1477,-0.945312,0.355957,0.184570,-59.143066,-49.499512,47.180176
1478,-0.925781,0.462891,0.168945,-46.508789,-68.847656,41.381836
1479,-0.911621,0.598633,0.309570,8.422852,-133.605957,61.218262
1480,-0.919434,0.421387,0.094727,47.241211,-150.268555,63.903809
1481,-0.908691,0.481445,0.219238,60.729980,-148.132324,52.612305
1482,-0.827637,0.551758,0.163574,62.805176,-114.562988,41.870117
1483,-0.854004,0.466309,0.251465,71.044922,-101.623535,30.639648
1484,-0.817871,0.449219,0.232422,98.449707,-95.031738,13.366699
1485,-0.724609,0.525391,0.178711,137.084961,-54.992676,-20.446777
1486,-0.739746,0.614258,0.111816,112.548828,-26.611328,-30.822754
1487,-0.813477,0.603027,0.174316,71.777344,-4.760742,-38.574219
1488,-0.863281,0.606445,0.218750,-20.019531,6.835938,-42.053223
1489,-0.824707,0.645020,0.203125,-53.588867,12.939453,-30.944824
1490,-0.818359,0.645996,0.143066,-80.993652,29.113770,-18.188477
1491,-0.835938,0.624023,0.130859,-106.994629,53.710938,-11.596680
1492,-0.878418,0.528320,0.219727,-129.394531,81.848145,-18.920898
1493,-0.903320,0.419922,0.284180,-122.131348,75.988770,-31.982422
1494,-0.879395,0.411621,0.297852,-85.510254,43.212891,-55.053711
1495,-0.889648,0.466309,0.282715,-62.438965,24.597168,-51.757812
1496,-1.025879,0.473145,0.244141,-36.193848,0.549316,-38.757324
1497,-0.923340,0.537598,0.223145,-9.643555,-19.042969,-15.869141
1498,-0.858887,0.448242,0.268066,8.178711,-52.917480,27.648926
1499,-0.826172,0.439453,0.208008,5.249023,-60.607910,41.015625
1500,-0.856934,0.377441,0.235840,-35.583496,-50.964355,39.428711
1501,-0.769531,0.309082,0.156738,-50.842285,-28.259277,22.033691
1502,-0.727539,0.324219,0.231445,-51.147461,-3.662109,3.845215
1503,-0.771973,0.256348,0.200195,-36.132812,20.019531,-19.226074
1504,-0.827148,0.465820,0.242188,9.582520,41.015625,-53.161621
1505,-0.883789,0.482422,0.289062,13.183594,40.954590,-53.771973
1506,-0.920898,0.456543,0.266113,3.967285,38.940430,-52.307129
1507,-0.917480,0.361328,0.227051,-10.620117,45.715332,-52.490234
1508,-0.881348,0.377930,0.245117,-15.625000,52.001953,-52.795410
1509,-0.863281,0.405273,0.265625,-31.433105,59.143066,-51.086426
1510,-0.925781,0.438477,0.206055,-46.508789,68.603516,-55.786133
1511,-0.967773,0.441406,0.167969,-61.096191,81.359863,-65.063477
1512,-1.055664,0.346680,0.172363,-73.608398,95.092773,-80.139160
1513,-1.487793,0.025391,0.395508,-102.416992,105.957031,-170.410156
1514,-1.489746,0.055176,0.470215,-108.947754,93.811035,-221.862793
1515,-1.624512,-0.246582,0.740723,-145.812988,40.283203,-336.425781
1516,-1.481445,-0.151855,0.570801,-187.683105,14.099121,-412.048340
1517,-1.290527,-0.113770,0.324219,-211.486816,4.821777,-476.257324
1518,-1.122559,0.005859,-0.121094,-205.810547,34.667969,-582.641602
1519,-1.119629,-0.015137,-0.217285,-174.743652,60.363770,-612.609863
1520,-1.176758,-0.083496,-0.257812,-133.422852,80.261230,-630.249023
1521,-1.242188,-0.184570,-0.243652,-90.576172,95.153809,-637.939453
1522,-1.059570,-0.461914,-0.092773,-7.202148,99.182129,-631.835938
1523,-0.914062,-0.594727,0.041992,22.155762,85.998535,-626.220703
1524,-0.663086,-0.621582,0.166992,81.115723,23.864746,-606.567383
1525,-0.558105,-0.617188,0.147461,105.773926,-13.061523,-590.148926
1526,-0.447754,-0.638672,0.145508,117.431641,-45.227051,-566.589355
1527,-0.344238,-0.650391,0.182129,115.661621,-71.350098,-533.203125
1528,-0.164551,-0.578125,0.192383,66.162109,-95.825195,-446.838379
1529,-0.062012,-0.539062,0.152832,32.714844,-92.285156,-391.479492
1530,0.075684,-0.538086,0.052734,-2.563477,-76.171875,-328.125000
1531,0.358398,-0.620117,-0.048828,-49.316406,-18.859863,-194.763184
1532,0.467285,-0.673828,-0.089355,-58.776855,15.502930,-134.460449
1533,0.525391,-0.724609,-0.147949,-55.297852,50.781250,-82.824707
1534,0.501953,-0.758789,-0.151367,-14.587402,123.596191,-4.577637
1535,0.438965,-0.791016,-0.072754,-2.746582,153.991699,24.658203
1536,0.365234,-0.817871,-0.004395,-0.366211,177.978516,47.729492
1537,0.136719,-0.959473,0.229980,-14.770508,198.608398,68.969727
1538,0.120117,-0.962402,0.189941,-23.864746,190.246582,64.208984
1539,0.041992,-1.066895,0.303711,-40.039062,153.564453,43.640137
1540,0.020996,-1.079590,0.314453,-54.077148,129.028320,25.756836
1541,0.051270,-1.090332,0.246094,-59.509277,104.980469,6.713867
1542,0.084961,-1.100586,0.188477,-17.883301,57.556152,-36.499023
1543,0.173828,-1.155273,0.083984,8.605957,42.663574,-58.898926
1544,0.223633,-1.032227,0.075195,20.507812,34.912109,-79.467773
1545,0.215820,-0.953125,0.106934,26.367188,22.399902,-99.914551
1546,0.165527,-0.953613,0.225098,21.301270,5.126953,-121.154785
1547,0.117188,-0.946777,0.233398,-9.643555,-31.127930,-156.494141
1548,0.174805,-0.914551,0.156738,-9.399414,-41.076660,-162.414551
1549,0.316406,-0.848145,0.190918,6.042480,-49.255371,-155.517578
1550,0.386719,-0.811035,0.209473,1.098633,-50.231934,-148.132324
1551,0.428711,-0.793457,0.195312,-7.507324,-49.499512,-139.465332
1552,0.440430,-0.791992,0.170410,-9.704590,-51.757812,-130.737305
1553,0.403320,-0.885254,0.132324,-9.887695,-57.006836,-135.070801
1554,0.321289,-0.995117,0.070801,-6.958008,-57.312012,-149.169922
1555,0.304688,-0.946289,0.068848,3.662109,-58.044434,-163.574219
1556,0.518555,-0.724609,0.048828,-13.122559,-47.424316,-175.231934
1557,0.839355,-0.593750,-0.168457,-29.846191,7.263184,-126.525879
1558,0.883301,-0.571289,-0.090332,-28.076172,48.645020,-51.330566
1559,0.857910,-0.802246,-0.040039,-0.061035,53.466797,47.790527
1560,0.672852,-0.876465,-0.005371,2.929688,42.724609,59.631348
1561,0.559570,-0.985840,-0.103516,18.615723,44.982910,53.588867
1562,0.387207,-0.947266,0.138672,53.222656,52.917480,25.695801
1563,0.378418,-0.895508,0.201660,47.912598,49.377441,13.000488
1564,0.382812,-0.870117,0.203613,42.663574,41.809082,1.464844
1565,0.485352,-0.790527,0.227539,39.306641,20.751953,-11.962891
1566,0.559082,-0.754883,0.181641,42.724609,9.887695,-11.535645
1567,0.603027,-0.718750,0.096191,57.006836,3.173828,-7.995605
1568,0.653809,-0.702637,0.030762,76.660156,2.380371,-1.892090
1569,0.594238,-0.705566,0.092773,97.351074,22.460938,16.906738
1570,0.572266,-0.712402,0.187500,102.600098,19.653320,21.179199
1571,0.542969,-0.809570,0.365234,98.449707,11.596680,28.747559
1572,0.476074,-1.022461,0.493652,51.269531,-21.545410,4.455566
1573,0.442871,-0.923828,0.453125,28.991699,-27.587891,-17.639160
1574,0.447266,-0.801270,0.452148,6.347656,-31.372070,-31.738281
1575,0.507812,-0.757324,0.280273,-26.184082,-37.414551,-38.818359
1576,0.524902,-0.788574,0.195801,-31.494141,-33.691406,-41.748047
1577,0.520020,-0.750488,0.216797,-36.560059,-24.841309,-46.936035
1578,0.469727,-0.713867,0.343750,-46.569824,-21.423340,-58.105469
1579,0.459473,-0.779297,0.326660,-50.109863,-23.010254,-69.458008
1580,0.463379,-0.905273,0.249512,-54.626465,-16.845703,-87.524414
1581,0.563477,-0.918945,0.184082,-63.598633,14.709473,-118.408203
1582,0.666504,-0.902344,0.156250,-50.781250,19.042969,-123.535156
1583,0.822266,-0.823730,0.087402,-28.442383,16.174316,-119.567871
1584,1.032227,-0.539062,0.006836,23.315430,18.981934,-79.162598
1585,0.953613,-0.513184,0.043457,44.189453,18.432617,-52.246094
1586,0.826172,-0.616699,0.039551,60.485840,20.812988,-34.851074
1587,0.520508,-0.901367,0.285645,70.922852,43.457031,-73.181152
1588,0.462402,-0.926758,0.349609,37.780762,57.800293,-114.074707
1589,0.420410,-0.889160,0.404785,5.004883,64.147949,-158.691406
1590,0.537109,-0.707031,0.566406,-43.579102,31.555176,-233.764648
1591,0.636230,-0.631348,0.545410,-46.203613,-5.249023,-260.437012
1592,0.706055,-0.562500,0.443359,-28.137207,-46.813965,-279.357910
1593,0.740234,-0.381836,0.274414,37.780762,-121.154785,-300.842285
1594,0.750000,-0.282715,0.194336,59.448242,-141.418457,-301.940918
1595,0.895020,-0.090332,-0.041504,66.711426,-153.625488,-276.977539
1596,0.960938,-0.024902,-0.127441,49.682617,-138.244629,-253.540039
1597,1.054688,0.063965,-0.098633,16.723633,-109.191895,-226.318359
1598,1.157715,0.172852,0.018555,-31.555176,-70.129395,-191.162109
1599,1.200684,0.294922,0.110840,-133.422852,17.517090,-101.867676
1600,1.163574,0.298340,0.169922,-170.104980,51.025391,-54.382324
1601,1.082031,0.235840,0.169434,-199.157715,75.378418,-14.038086
1602,0.984863,-0.133301,-0.078125,-191.467285,90.393066,23.437500
1603,0.917480,-0.314941,-0.124023,-137.207031,77.209473,19.897461
1604,0.833496,-0.398438,-0.057129,-69.152832,49.072266,6.286621
1605,0.844238,-0.326172,0.022949,55.297852,-20.690918,-25.878906
1606,0.903320,-0.263672,0.027832,95.642090,-36.926270,-32.592773
1607,0.947266,-0.250000,0.050293,126.403809,-40.527344,-34.729004
1608,0.997070,0.042969,0.142578,128.601074,-37.780762,-37.963867
1609,1.064453,0.113770,0.109375,107.971191,-31.005859,-33.813477
1610,1.088867,0.145020,0.112305,84.655762,-20.385742,-24.291992
1611,1.024414,0.080078,0.225098,47.302246,-7.690430,-3.601074
1612,0.996582,0.029785,0.285645,29.296875,-8.178711,1.647949
1613,0.986816,-0.019531,0.280273,4.577637,-8.483887,4.333496
1614,0.978516,-0.089844,0.215332,-22.277832,-4.943848,5.065918
1615,0.944824,-0.158203,-0.019531,-26.794434,6.408691,-4.821777
1616,0.955078,-0.098145,-0.060059,1.831055,6.103516,-11.352539
1617,1.006348,-0.047363,-0.052246,34.729004,1.770020,-13.366699
1618,1.030762,0.028320,0.029785,78.063965,-10.681152,-7.263184
1619,1.040039,0.064941,0.072266,82.702637,-9.216309,2.624512
1620,1.018066,0.062500,0.134766,67.443848,2.807617,26.184082
1621,1.013184,0.037109,0.137695,53.649902,11.230469,34.729004
1622,0.950684,-0.023438,0.109375,-0.915527,61.706543,32.714844
1623,0.940918,-0.034668,0.259766,-58.227539,95.153809,26.367188
1624,1.006836,0.006348,0.413574,-106.323242,98.022461,-0.244141
1625,1.081055,0.011230,0.535156,-114.135742,72.570801,2.380371
1626,1.063477,-0.034180,0.454590,-117.675781,39.550781,13.610840
1627,0.937012,-0.130371,0.187500,-73.791504,-3.601074,11.230469
1628,0.932129,-0.115234,0.115234,-52.612305,-9.277344,8.361816
1629,0.931641,-0.116211,0.053711,-34.179688,-11.230469,6.347656
1630,0.900879,-0.148438,0.007812,-14.648438,-10.375977,-1.403809
1631,0.999512,-0.080078,0.028809,19.409180,-2.380371,-6.469727
1632,1.025391,-0.091797,0.074707,30.517578,4.150391,-1.953125
1633,1.020996,-0.115723,0.166992,36.865234,7.263184,-1.220703
1634,0.957520,-0.102051,0.412109,20.812988,0.122070,-8.544922
1635,0.975586,-0.118164,0.471191,2.197266,-11.657715,-10.131836
1636,0.994141,-0.177246,0.503906,-20.019531,-28.442383,-12.512207
1637,0.892578,-0.228027,0.023926,-60.852051,-21.545410,-32.897949
1638,0.779297,-0.263672,-0.141602,-66.467285,5.554199,-45.776367
1639,0.740234,-0.353516,-0.179199,-47.546387,33.081055,-64.208984
1640,0.805664,-0.299316,-0.085449,-14.282227,46.203613,-89.111328
1641,1.087402,0.098145,0.266113,39.489746,37.353516,-93.627930
1642,1.138184,0.202148,0.424316,38.269043,25.695801,-70.007324
1643,1.085938,0.246094,0.479004,23.864746,11.230469,-48.278809
1644,1.081055,0.224121,0.416992,-8.972168,-0.915527,-9.033203
1645,1.028809,0.160156,0.365723,-22.827148,-6.103516,5.798340
1646,1.000977,0.092773,0.217773,-24.353027,-12.817383,13.061523
1647,0.972656,0.007324,0.074707,5.737305,-14.343262,19.592285
1648,0.958984,-0.021484,0.108887,23.803711,-12.695312,19.042969
1649,0.949219,-0.072266,0.134277,44.067383,-13.305664,15.197754
1650,0.938965,-0.153809,0.152832,68.115234,-19.531250,0.976562
1651,0.935547,-0.124023,0.133301,76.904297,-18.005371,-13.244629
1652,0.961914,-0.034668,0.173828,81.726074,-14.953613,-28.991699
1653,0.998047,0.082031,0.216309,67.687988,-3.417969,-42.175293
1654,1.092285,0.215332,0.245117,50.231934,2.807617,-33.325195
1655,1.112305,0.217773,0.224609,33.874512,6.591797,-17.333984
1656,1.062988,0.063965,0.127441,26.367188,7.385254,-8.300781
1657,0.973633,-0.108887,0.005371,56.701660,37.048340,-40.771484
1658,0.894531,-0.144531,0.063477,60.424805,51.147461,-57.067871
1659,0.767090,-0.051758,0.237793,66.040039,76.660156,-105.163574
1660,0.798828,0.057617,0.382324,58.959961,59.326172,-123.657227
1661,0.860352,0.126465,0.428711,56.457520,25.817871,-136.413574
1662,0.791992,0.109375,0.472168,70.800781,-57.373047,-161.865234
1663,0.760254,0.134766,0.508301,75.256348,-110.046387,-172.180176
1664,0.747070,0.161621,0.479492,72.814941,-164.611816,-178.894043
1665,0.731445,0.206543,0.390137,62.316895,-211.791992,-183.959961
1666,0.748047,0.495117,0.266602,-8.483887,-246.154785,-191.772461
1667,0.798828,0.632324,0.261230,-73.669434,-226.196289,-190.917969
1668,0.870117,0.659668,-0.108887,-140.014648,-169.067383,-188.720703
1669,0.909668,0.598145,-0.355957,-125.427246,-128.540039,-188.049316
1670,0.958496,0.563965,-0.482910,-90.270996,-80.444336,-182.800293
1671,0.970703,0.546387,-0.504395,-49.255371,-30.334473,-172.912598
1672,0.898926,0.576172,-0.312500,15.319824,45.654297,-151.489258
1673,0.839844,0.623047,-0.182129,34.790039,66.589355,-140.930176
1674,0.716797,0.734863,-0.062500,64.819336,84.167480,-118.286133
1675,0.691406,0.770020,-0.017090,78.613281,83.190918,-108.093262
1676,0.684082,0.791992,0.020996,86.914062,76.721191,-99.060059
1677,0.687500,0.792480,0.054199,87.951660,66.284180,-91.430664
1678,0.757324,0.782227,0.131836,73.120117,33.203125,-79.833984
1679,0.786133,0.777832,0.157715,59.936523,13.244629,-74.768066
1680,0.783203,0.789062,0.153809,46.203613,-5.615234,-68.969727
1681,0.759277,0.814941,0.110840,30.822754,-19.592285,-61.218262
1682,0.665527,0.850098,0.039551,-1.159668,-30.334473,-40.710449
1683,0.629395,0.846680,0.029297,-12.451172,-31.494141,-30.212402
1684,0.612305,0.834473,0.020020,-20.874023,-32.653809,-21.545410
1685,0.615234,0.752930,-0.016113,-36.560059,-30.090332,-19.104004
1686,0.651855,0.697754,-0.025391,-41.625977,-29.235840,-23.559570
1687,0.665527,0.671387,-0.060059,-49.316406,-26.245117,-29.235840
1688,0.618164,0.675781,-0.073242,-69.885254,-15.380859,-37.597656
1689,0.583008,0.708008,-0.078613,-71.228027,-13.488770,-39.550781
1690,0.551270,0.732422,-0.095703,-63.476562,-13.061523,-41.137695
1691,0.558105,0.759277,-0.082520,-28.259277,-15.991211,-48.278809
1692,0.612793,0.765625,-0.109863,-5.615234,-15.991211,-54.443359
1693,0.643555,0.771484,-0.131348,13.427734,-9.887695,-60.363770
1694,0.635254,0.789551,-0.111816,24.963379,16.540527,-65.490723
1695,0.597656,0.795898,-0.043457,25.878906,27.038574,-65.124512
1696,0.568848,0.836914,0.013184,29.541016,30.334473,-63.476562
1697,0.549316,0.887207,0.037598,31.433105,29.846191,-60.607910
1698,0.517578,0.907715,0.028320,21.240234,25.695801,-54.016113
1699,0.507324,0.880859,0.024414,15.502930,21.972656,-50.903320
1700,0.502930,0.852051,0.016602,11.596680,17.395020,-48.461914
1701,0.504883,0.836426,0.020020,9.033203,11.840820,-46.752930
1702,0.527832,0.854980,0.015137,10.742188,-1.159668,-45.410156
1703,0.535156,0.904297,0.019043,11.657715,-3.662109,-44.433594
1704,0.524414,0.940430,0.032227,10.986328,-5.126953,-43.029785
1705,0.475586,0.939453,0.041504,3.234863,-6.652832,-38.940430
1706,0.455078,0.926270,0.044434,-4.272461,-7.263184,-36.254883
1707,0.442871,0.908691,0.041016,-13.427734,-8.972168,-33.447266
1708,0.462891,0.880859,-0.041504,-27.954102,-12.329102,-29.235840
1709,0.459473,0.869141,-0.073730,-27.893066,-11.413574,-28.076172
1710,0.444824,0.870605,-0.089355,-20.324707,-10.437012,-26.977539
1711,0.418945,0.898926,-0.116211,0.122070,-4.211426,-23.498535
1712,0.411621,0.897461,-0.125488,8.056641,1.464844,-21.606445
1713,0.407715,0.895996,-0.133301,14.709473,7.873535,-20.263672
1714,0.410156,0.895508,-0.100586,20.935059,22.644043,-19.042969
1715,0.409668,0.905273,-0.042969,24.902344,26.367188,-18.920898
1716,0.415039,0.915527,-0.000488,27.404785,27.343750,-18.737793
1717,0.406250,0.934082,0.045898,17.944336,23.132324,-17.761230
1718,0.408691,0.931641,0.015137,8.911133,19.836426,-17.456055
1719,0.393555,0.918945,-0.009766,3.295898,16.845703,-17.028809
1720,0.383301,0.915527,-0.030762,2.624512,13.732910,-16.052246
1721,0.384277,0.920410,-0.051270,10.009766,9.399414,-12.939453
1722,0.402832,0.918945,-0.037598,14.709473,8.850098,-12.268066
1723,0.417969,0.908691,0.019043,15.747070,7.202148,-13.427734
1724,0.414551,0.896484,0.034668,11.840820,3.601074,-14.709473
1725,0.400879,0.895996,0.038086,6.347656,-1.342773,-15.808105
1726,0.357910,0.918457,-0.003906,-10.803223,-8.972168,-14.831543
1727,0.355469,0.929688,-0.032227,-17.028809,-10.009766,-13.549805
1728,0.362793,0.943848,-0.064941,-19.470215,-9.155273,-12.634277
1729,0.382324,0.949219,-0.056641,-5.737305,-5.920410,-12.329102
1730,0.392090,0.944336,-0.041016,0.061035,-3.051758,-12.023926
1731,0.388184,0.924316,-0.023438,2.197266,0.305176,-11.230469
1732,0.379395,0.956055,0.011719,-1.037598,2.746582,-8.178711
1733,0.367188,0.976562,0.025391,-6.652832,0.671387,-5.249023
1734,0.366211,0.982422,0.027832,-10.864258,-3.662109,-1.831055
1735,0.368652,0.975586,0.032227,-15.014648,-8.361816,1.220703
1736,0.363281,0.968262,0.053711,-18.493652,-19.531250,6.408691
1737,0.363281,0.973145,0.073242,-21.301270,-26.550293,9.887695
1738,0.355957,0.937988,0.049316,-37.963867,-41.625977,17.333984
1739,0.358887,0.915527,0.031738,-41.503906,-44.799805,17.150879
1740,0.342773,0.914551,-0.016113,-48.400879,-48.095703,14.160156
1741,0.333496,0.926758,-0.066895,-58.288574,-45.349121,13.549805
1742,0.351562,0.900391,-0.141602,-65.673828,-37.658691,13.366699
1743,0.379395,0.834473,-0.242188,-58.654785,-3.662109,14.038086
1744,0.381836,0.818848,-0.253418,-53.527832,23.437500,12.756348
1745,0.432129,0.881348,-0.108398,-50.903320,49.682617,10.925293
1746,0.394043,0.886230,0.021973,-50.292969,58.105469,16.662598
1747,0.396973,0.916992,0.138672,-51.147461,51.940918,12.023926
1748,0.362305,0.891602,0.149902,-56.579590,39.611816,5.554199
1749,0.385254,0.927734,0.183105,-59.692383,27.648926,-1.892090
1750,0.393555,0.978516,0.200684,-60.302734,4.272461,5.737305
1751,0.377930,0.972168,0.167969,-56.152344,-3.356934,14.038086
1752,0.375000,0.948730,0.143066,-49.682617,-6.713867,20.263672
1753,0.356445,0.899414,0.135254,-44.616699,-8.789062,24.719238
1754,0.468750,0.908203,0.161621,-36.621094,-5.065918,21.850586
1755,0.425781,0.844727,0.166504,-25.390625,-9.887695,21.484375
1756,0.386230,0.800781,0.185547,-20.935059,-12.939453,15.380859
1757,0.413574,0.864258,0.202637,-16.296387,-13.000488,4.089355
1758,0.437988,0.907715,0.220215,-15.380859,-15.258789,3.967285
1759,0.450684,0.933105,0.226074,-18.249512,-18.127441,5.493164
1760,0.451172,0.937988,0.203125,-22.033691,-22.094727,11.962891
1761,0.435059,0.920898,0.203125,-22.521973,-22.949219,15.075684
1762,0.421387,0.861328,0.169434,-23.742676,-21.423340,16.601562
1763,0.431152,0.842773,0.138672,-20.629883,-16.418457,15.197754
1764,0.445312,0.842285,0.138672,-16.723633,-8.361816,13.549805
1765,0.441895,0.855469,0.175293,-14.587402,-2.075195,11.657715
1766,0.455566,0.913574,0.283691,-10.314941,-4.150391,10.681152
1767,0.458496,0.914551,0.305176,-10.559082,-10.437012,12.329102
1768,0.454590,0.896973,0.302246,-11.047363,-17.700195,14.648438
1769,0.457031,0.862793,0.279785,-10.620117,-22.277832,15.747070
1770,0.479004,0.809570,0.232422,-3.845215,-26.855469,10.742188
1771,0.453125,0.797852,0.183594,-3.601074,-27.648926,4.333496
1772,0.461914,0.791504,0.151855,-4.150391,-26.123047,-4.028320
1773,0.452637,0.785645,0.188965,-1.464844,-18.920898,-21.179199
1774,0.448730,0.795410,0.231445,-0.488281,-14.770508,-28.320312
1775,0.464355,0.826660,0.241211,-2.319336,-13.000488,-35.766602
1776,0.494141,0.874512,0.207520,-3.479004,-10.742188,-36.376953
1777,0.511230,0.915527,0.199707,2.014160,-8.361816,-33.081055
1778,0.501465,0.909180,0.219238,12.695312,-11.657715,-31.311035
1779,0.380859,0.744141,0.240723,2.807617,-28.076172,-40.832520
1780,0.361328,0.741699,0.183594,-11.718750,-30.334473,-53.161621
1781,0.403809,0.822266,0.107422,-21.911621,-26.916504,-59.936523
1782,0.433594,0.889160,-0.003418,-23.498535,-15.075684,-57.189941
1783,0.432129,0.970703,0.009766,-1.831055,23.071289,-43.701172
1784,0.413086,0.983887,0.127930,7.324219,33.081055,-39.855957
1785,0.378418,0.975098,0.236816,9.460449,32.104492,-38.635254
1786,0.345215,0.972656,0.278320,-3.479004,20.935059,-36.865234
1787,0.326172,0.983398,0.187988,-8.056641,18.920898,-33.996582
1788,0.321777,0.985840,0.129883,-4.211426,22.460938,-25.939941
1789,0.301758,0.958984,0.136719,6.958008,26.916504,-16.174316
1790,0.273438,0.892090,0.259277,13.122559,18.310547,-6.591797
1791,0.292480,0.898926,0.221680,2.136230,11.779785,-7.690430
1792,0.318359,0.910156,0.165039,-4.333496,9.704590,-9.887695
1793,0.288086,0.869141,0.181641,0.183105,11.535645,-14.038086
1794,0.275879,0.875000,0.209473,6.225586,11.108398,-16.418457
1795,0.277832,1.052734,0.228516,13.183594,8.789062,-12.512207
1796,0.268555,1.112793,0.203613,17.211914,7.446289,-0.915527
1797,0.284180,1.106445,0.193359,20.507812,6.469727,13.610840
1798,0.292969,1.020996,0.172363,24.353027,7.568359,24.719238
1799,0.291504,0.916016,0.173828,31.494141,9.216309,27.770996
1800,0.288086,0.768555,0.187988,42.297363,8.239746,10.681152
1801,0.312988,0.784180,0.140137,44.921875,11.169434,-5.981445
1802,0.358887,0.842285,0.098145,47.180176,17.822266,-18.981934
1803,0.359375,0.936523,0.091309,39.672852,34.423828,-36.743164
1804,0.313965,0.936523,0.095215,31.372070,41.198730,-44.311523
1805,0.285156,0.921387,0.085449,26.245117,46.997070,-52.124023
1806,0.030273,0.671875,0.082520,22.827148,63.598633,-120.666504
1807,0.093262,0.703125,0.080566,25.939941,68.115234,-161.376953
1808,0.136230,0.790039,0.036133,29.296875,71.716309,-191.467285
1809,0.232422,1.067383,0.015137,56.579590,65.490723,-204.162598
1810,0.219727,1.125000,0.056152,78.308105,52.856445,-191.162109
1811,0.171387,1.139160,0.116699,95.092773,34.912109,-174.316406
1812,-0.013672,1.047852,0.196777,104.919434,-7.568359,-144.226074
1813,-0.095703,0.984375,0.217285,99.853516,-26.123047,-134.765625
1814,-0.156738,0.958984,0.247070,76.477051,-56.213379,-124.816895
1815,-0.149414,0.983887,0.240234,52.490234,-67.993164,-123.535156
1816,-0.145996,0.991699,0.196777,23.132324,-76.232910,-125.549316
1817,-0.165527,1.004883,0.049805,-22.399902,-80.139160,-134.277344
1818,-0.212891,1.036133,0.012207,-33.325195,-77.575684,-136.474609
1819,-0.290039,1.031738,-0.001953,-35.461426,-73.486328,-136.840820
1820,-0.348145,1.030762,0.002441,-27.038574,-68.542480,-135.498047
1821,-0.337891,1.084473,0.020996,0.915527,-52.124023,-129.638672
1822,-0.304199,1.060547,0.053711,7.202148,-42.724609,-127.014160
1823,-0.287598,1.014648,0.086426,5.981445,-34.729004,-125.427246
1824,-0.289062,0.970215,0.118652,1.831055,-29.846191,-124.084473
1825,-0.351562,0.924805,0.120605,-8.361816,-31.555176,-121.520996
1826,-0.399414,0.901855,0.049316,-15.197754,-35.461426,-124.023438
1827,-0.477539,0.798828,-0.119141,-28.747559,-26.550293,-141.845703
1828,-0.481934,0.768555,-0.182617,-28.625488,-9.887695,-151.550293
1829,-0.487793,0.793945,-0.196777,-18.676758,13.122559,-157.287598
1830,-0.577637,0.826660,-0.109375,1.464844,58.105469,-153.625488
1831,-0.618652,0.812012,-0.064453,-0.549316,78.002930,-153.503418
1832,-0.622070,0.815918,-0.016113,-1.037598,88.806152,-151.489258
1833,-0.612793,0.826660,0.033203,-2.746582,91.979980,-148.681641
1834,-0.587891,0.893066,0.114258,-8.605957,85.754395,-141.967773
1835,-0.615234,0.957031,0.203613,-31.677246,44.555664,-112.243652
1836,-0.645020,0.897949,0.144531,-35.644531,18.066406,-91.552734
1837,-0.694336,0.776855,0.012207,-3.540039,-23.620605,-58.593750
1838,-0.699707,0.754883,-0.027832,16.967773,-37.414551,-48.767090
1839,-0.701172,0.725586,-0.045410,36.376953,-45.654297,-44.189453
1840,-0.670410,0.699219,0.001465,62.011719,-53.222656,-44.799805
1841,-0.672852,0.689453,0.022461,67.260742,-55.297852,-47.363281
1842,-0.691895,0.689941,0.041992,66.955566,-57.922363,-50.415039
1843,-0.826172,0.639160,0.060547,53.222656,-69.763184,-55.175781
1844,-0.852051,0.590332,0.062012,40.771484,-76.721191,-56.457520
1845,-0.820312,0.536621,0.041016,29.663086,-80.688477,-57.006836
1846,-0.708008,0.568359,-0.016602,16.052246,-76.965332,-53.649902
1847,-0.718750,0.633301,-0.046875,12.084961,-61.462402,-57.312012
1848,-0.717285,0.724609,-0.009277,5.187988,-40.893555,-61.401367
1849,-0.713379,0.787598,0.036621,-7.324219,-26.428223,-53.222656
1850,-0.585938,0.871582,0.052734,-31.494141,-11.596680,-7.324219
1851,-0.618652,0.891113,0.021484,-33.020020,-10.559082,26.916504
1852,-0.727539,0.759277,0.073242,-37.353516,-14.221191,52.124023
1853,-0.854980,0.611816,0.221191,-53.771973,-37.902832,57.006836
1854,-0.814941,0.610352,0.185547,-46.264648,-53.588867,54.504395
1855,-0.730957,0.633301,0.177734,-27.343750,-64.575195,57.189941
1856,-0.678223,0.645996,0.225586,-5.432129,-74.279785,64.880371
1857,-0.691895,0.635254,0.189941,30.700684,-88.500977,75.805664
1858,-0.714844,0.674805,0.179688,32.348633,-86.669922,72.204590
1859,-0.727539,0.710938,0.183594,18.432617,-83.679199,64.575195
1860,-0.746582,0.717285,0.049805,-17.944336,-62.805176,43.884277
1861,-0.688965,0.744629,0.072266,-28.320312,-43.701172,34.484863
1862,-0.651855,0.750977,0.116699,-31.372070,-26.306152,27.709961
1863,-0.635742,0.768066,0.172852,-13.000488,-9.094238,17.333984
1864,-0.635254,0.746094,0.225098,-8.972168,-6.469727,12.756348
1865,-0.605957,0.739746,0.274414,-7.019043,-7.690430,9.704590
1866,-0.628418,0.684082,0.242676,-5.371094,-18.127441,-1.647949
1867,-0.616211,0.759277,0.212402,-8.056641,-16.174316,-7.202148
1868,-0.602539,0.855957,0.195801,-14.160156,-10.437012,-7.507324
1869,-0.653320,0.810547,0.198242,-38.452148,7.934570,-12.512207
1870,-0.839844,0.740723,0.340820,-41.015625,0.976562,-18.615723
1871,-0.636719,0.857910,0.227539,-38.208008,-18.432617,-12.451172
1872,-0.602051,0.852539,0.323730,-43.823242,-32.104492,4.699707
1873,-0.591797,0.683105,0.293945,-60.729980,-41.687012,16.418457
1874,-0.600098,0.658203,0.280273,-49.987793,-44.799805,18.371582
1875,-0.595215,0.603516,0.267578,-15.380859,-39.794922,14.709473
1876,-0.551758,0.616699,0.261230,-2.868652,-31.250000,10.314941
1877,-0.540527,0.632324,0.272949,-0.671387,-17.028809,5.554199
1878,-0.581055,0.676270,0.280273,1.464844,-4.333496,0.366211
1879,-0.645020,0.696777,0.289551,10.742188,10.070801,-15.563965
1880,-0.650391,0.733398,0.306641,0.244141,17.089844,-21.911621
1881,-0.663574,0.741211,0.376953,-14.648438,19.287109,-22.644043
1882,-0.643066,0.673828,0.348633,-32.592773,10.742188,-20.629883
1883,-0.632324,0.715820,0.315918,-24.169922,8.117676,-16.784668
1884,-0.634277,0.734863,0.388672,-15.991211,9.033203,-6.530762
1885,-0.625488,0.706055,0.444336,-25.390625,6.347656,-10.009766
1886,-0.652832,0.666504,0.455078,-28.747559,1.037598,-19.775391
1887,-0.688477,0.666504,0.548340,-38.452148,-7.507324,-35.949707
1888,-0.746582,0.663574,0.533691,-61.340332,-18.371582,-54.382324
1889,-0.836426,0.663574,0.284180,-81.909180,-22.521973,-89.904785
1890,-0.846680,0.554688,0.203125,-62.988281,19.104004,-133.422852
1891,-0.876953,0.538574,0.243652,-48.095703,48.278809,-159.057617
1892,-0.916992,0.494141,0.289551,-31.311035,72.937012,-183.898926
1893,-0.982910,0.454102,0.312500,9.399414,98.083496,-231.811523
1894,-1.035156,0.414062,0.252930,29.907227,110.595703,-255.676270
1895,-1.070801,0.346191,0.228516,40.710449,126.770020,-280.822754
1896,-1.089355,0.229492,0.320801,29.357910,139.770508,-327.819824
1897,-1.084961,0.199707,0.405273,7.324219,131.408691,-348.144531
1898,-1.089844,0.149902,0.490723,-19.531250,112.792969,-366.699219
1899,-1.095703,0.094238,0.553711,-83.618164,54.382324,-413.696289
1900,-1.092773,0.123535,0.495117,-107.849121,28.015137,-432.006836
1901,-1.089844,0.105957,0.416016,-128.112793,9.033203,-442.871094
1902,-1.094238,0.036133,0.311523,-141.357422,-2.014160,-447.326660
1903,-1.094238,-0.091309,0.069336,-138.000488,-2.380371,-436.706543
1904,-1.042969,-0.127441,-0.048828,-117.614746,3.662109,-418.029785
1905,-0.820312,-0.216309,-0.168945,-93.994141,42.358398,-370.483398
1906,-0.746582,-0.270020,-0.094727,-91.125488,63.232422,-348.876953
1907,-0.694336,-0.316406,-0.002930,-86.059570,76.110840,-329.223633
1908,-0.671875,-0.388672,0.058594,-76.477051,80.505371,-312.866211
1909,-0.690918,-0.652832,0.046875,-42.846680,70.678711,-296.203613
1910,-0.706543,-0.796387,-0.009277,-16.723633,60.302734,-296.875000
1911,-0.726562,-0.926270,-0.035645,13.488770,47.180176,-302.917480
1912,-0.738281,-0.996094,-0.007324,46.813965,31.799316,-311.889648
1913,-0.725098,-0.910645,0.155273,92.468262,-4.028320,-325.317383
1914,-0.650391,-0.828613,0.167969,97.351074,-18.859863,-326.782227
1915,-0.459473,-0.750000,0.110840,90.942383,-36.682129,-317.687988
1916,-0.339844,-0.765625,0.121582,81.298828,-39.428711,-311.462402
1917,-0.230469,-0.800293,0.175293,65.124512,-40.344238,-304.260254
1918,-0.078125,-0.851562,0.271484,17.333984,-40.283203,-283.508301
1919,-0.026855,-0.834473,0.248047,-13.305664,-37.231445,-270.141602
1920,0.024902,-0.819336,0.204590,-44.738770,-28.991699,-253.662109
1921,0.118652,-0.941895,0.073730,-78.369141,-1.403809,-217.590332
1922,0.165527,-1.017090,0.095703,-75.561523,14.892578,-201.416016
1923,0.226562,-0.989746,0.100098,-60.852051,27.893066,-184.631348
1924,0.293457,-0.906250,0.055664,-32.775879,37.292480,-162.963867
1925,0.383301,-0.799805,-0.006348,35.827637,55.603027,-102.844238
1926,0.388672,-0.788574,0.017090,50.903320,70.617676,-70.983887
1927,0.355957,-0.810059,0.045898,52.551270,87.890625,-42.541504
1928,0.262207,-0.861816,0.092773,38.024902,123.046875,-3.479004
1929,0.250488,-0.883789,0.102539,33.264160,136.230469,6.835938
1930,0.242188,-0.906738,0.147461,36.865234,145.324707,11.962891
1931,0.212402,-0.958496,0.344238,30.151367,136.596680,7.629395
1932,0.184570,-0.989258,0.403320,18.615723,117.431641,-0.915527
1933,0.138672,-1.019531,0.431152,6.896973,91.430664,-15.075684
1934,0.114746,-1.014160,0.376465,-32.958984,32.226562,-47.058105
1935,0.124512,-0.986328,0.314941,-44.555664,3.967285,-59.936523
1936,0.183105,-0.942383,0.209961,-42.663574,-19.836426,-68.237305
1937,0.247070,-0.962402,0.105469,-17.578125,-45.349121,-75.500488
1938,0.227539,-1.004883,0.112305,-7.873535,-54.504395,-80.444336
1939,0.213379,-1.009766,0.161621,-1.342773,-65.185547,-85.632324
1940,0.254883,-0.964844,0.152832,-3.479004,-80.261230,-90.270996
1941,0.312988,-0.950684,0.069824,-1.770020,-77.148438,-90.393066
1942,0.368652,-0.906738,0.020996,1.831055,-65.246582,-88.928223
1943,0.406738,-0.854492,0.038086,5.981445,-48.950195,-85.937500
1944,0.478027,-0.794922,0.068848,8.850098,-5.798340,-72.937012
1945,0.488770,-0.788086,0.103027,2.624512,17.089844,-66.833496
1946,0.496582,-0.811523,0.096191,-9.277344,40.161133,-63.659668
1947,0.413574,-0.934082,0.084473,-20.385742,81.115723,-68.115234
1948,0.386230,-0.940430,0.122070,-15.625000,89.416504,-74.035645
1949,0.369629,-0.931641,0.168457,-4.150391,86.364746,-80.810547
1950,0.348633,-0.955078,0.337402,11.047363,50.109863,-98.449707
1951,0.361816,-0.942871,0.388184,7.324219,24.047852,-107.910156
1952,0.408691,-0.897949,0.349121,1.831055,0.244141,-114.501953
1953,0.491699,-0.830566,0.264648,5.249023,-25.634766,-114.685059
1954,0.598145,-0.782715,0.187988,12.145996,-30.090332,-111.328125
1955,0.616211,-0.768555,0.206543,15.075684,-30.944824,-107.116699
1956,0.625488,-0.752930,0.215332,12.634277,-29.602051,-102.233887
1957,0.649902,-0.715332,0.160645,3.601074,-19.165039,-87.524414
1958,0.675293,-0.693359,0.145020,-1.403809,-5.371094,-75.927734
1959,0.695312,-0.675293,0.141113,-9.582520,11.108398,-62.194824
1960,0.728027,-0.639648,0.174805,-25.573730,35.278320,-34.179688
1961,0.718750,-0.641602,0.229980,-31.677246,36.193848,-22.521973
1962,0.684570,-0.683105,0.276855,-38.085938,28.686523,-15.747070
1963,0.644043,-0.713867,0.261719,-43.823242,16.845703,-13.549805
1964,0.645508,-0.773438,0.179688,-39.367676,-5.004883,-16.784668
1965,0.654297,-0.776367,0.078125,-25.878906,-8.178711,-20.812988
1966,0.672363,-0.780762,0.016113,-11.718750,-4.699707,-25.756836
1967,0.683594,-0.722656,0.101562,-11.962891,16.235352,-34.484863
1968,0.682617,-0.670898,0.131836,-18.676758,24.291992,-35.461426
1969,0.683105,-0.638184,0.128418,-22.827148,32.287598,-32.592773
1970,0.707031,-0.660645,0.138184,-28.076172,41.076660,-26.672363
1971,0.729980,-0.645020,0.117188,-24.719238,37.841797,-26.123047
1972,0.735352,-0.616211,0.076172,-14.404297,28.442383,-26.245117
1973,0.739258,-0.544434,0.023438,6.530762,1.831055,-28.625488
1974,0.783203,-0.485840,-0.009766,16.113281,-1.098633,-15.441895
1975,0.822754,-0.486328,-0.011230,32.653809,8.300781,14.160156
1976,0.813965,-0.525879,0.058594,44.677734,33.752441,51.879883
1977,0.665527,-0.717773,0.243652,32.775879,61.462402,80.993652
1978,0.708984,-0.729492,0.168457,23.010254,69.213867,77.697754
1979,0.759277,-0.677246,0.135254,20.507812,85.021973,81.420898
1980,0.663574,-0.642090,0.245117,7.995605,113.891602,105.590820
1981,0.562500,-0.695801,0.279297,2.380371,115.661621,111.450195
1982,0.479492,-0.782227,0.287598,3.906250,108.459473,106.872559
1983,0.416504,-0.800781,0.320312,35.278320,73.120117,88.928223
1984,0.420898,-0.762695,0.356445,50.231934,52.734375,85.327148
1985,0.459961,-0.758789,0.448242,57.189941,37.963867,86.791992
1986,0.421387,-0.751953,0.567871,30.212402,15.869141,88.378906
1987,0.431641,-0.842285,0.514648,14.465332,14.526367,85.510254
1988,0.437988,-0.889648,0.512695,-2.380371,22.949219,81.604004
1989,0.466309,-0.906250,0.476562,-24.291992,31.066895,77.026367
1990,0.431152,-0.898438,0.368652,-47.363281,46.936035,79.895020
1991,0.366211,-0.864258,0.320801,-44.372559,51.025391,81.970215
1992,0.311035,-0.870605,0.396973,-35.217285,48.828125,80.749512
1993,0.235352,-0.882812,0.472168,-27.709961,18.981934,72.692871
1994,0.232422,-0.937500,0.436523,-26.184082,-0.183105,69.580078
1995,0.250977,-0.991699,0.365234,-24.597168,-9.399414,65.979004
1996,0.297852,-1.058105,0.223145,-16.784668,-4.943848,47.302246
1997,0.333496,-1.015137,0.194336,-14.770508,8.605957,42.541504
1998,0.290039,-1.010742,0.184570,-2.868652,18.066406,40.954590
1999,0.230469,-1.020508,0.204102,21.118164,19.226074,39.123535
2000,0.149902,-1.028809,0.259277,66.955566,13.061523,21.850586
2001,0.134277,-1.012207,0.327148,83.129883,8.850098,10.375977
2002,0.136230,-0.969238,0.400879,86.303711,5.615234,-0.427246
2003,0.235840,-0.849121,0.449707,84.289551,8.056641,-11.230469
2004,0.257324,-0.832031,0.529297,76.049805,6.164551,-10.864258
2005,0.258789,-0.872559,0.557129,58.166504,2.990723,-10.498047
2006,0.227051,-0.913086,0.539551,39.245605,5.920410,-12.756348
2007,0.277344,-0.832031,0.468750,17.028809,38.879395,-26.000977
2008,0.330078,-0.730469,0.585938,-15.747070,59.936523,-27.526855
2009,0.293457,-0.818848,0.521973,-60.974121,55.664062,-21.606445
2010,0.249023,-1.006348,0.200195,1.647949,10.559082,-14.465332
2011,0.247070,-1.006836,0.274414,42.053223,3.417969,-18.798828
2012,0.234863,-0.975586,0.435547,57.189941,-0.427246,-25.024414
2013,0.245605,-0.930664,0.465820,54.504395,-9.399414,-34.729004
2014,0.280762,-0.873047,0.470703,52.978516,-12.084961,-35.156250
2015,0.322754,-0.843750,0.466309,52.246094,-15.258789,-33.203125
2016,0.375000,-0.808594,0.415039,55.908203,-16.662598,-30.883789
2017,0.382812,-0.778320,0.457031,72.998047,-20.141602,-24.780273
2018,0.318848,-0.804199,0.583008,74.157715,-25.573730,-23.681641
2019,0.236328,-0.872070,0.686035,63.171387,-33.508301,-30.761719
2020,0.208008,-0.855469,0.707031,24.169922,-51.330566,-66.772461
2021,0.279297,-0.834961,0.652344,6.774902,-53.833008,-87.219238
2022,0.352051,-0.788086,0.570312,-7.934570,-49.255371,-99.304199
2023,0.434082,-0.793945,0.519531,-12.756348,-45.166016,-103.454590
2024,0.469238,-0.864258,0.546875,-8.178711,-66.345215,-113.281250
2025,0.468750,-0.814453,0.547852,-9.887695,-84.777832,-116.455078
2026,0.475586,-0.763184,0.513672,-17.272949,-99.243164,-109.130859
2027,0.498047,-0.701660,0.400391,-25.817871,-116.577148,-100.463867
2028,0.462891,-0.698730,0.419922,-31.311035,-115.112305,-104.614258
2029,0.439453,-0.681641,0.464844,-44.067383,-108.764648,-114.746094
2030,0.522461,-0.583984,0.497070,-86.486816,-91.308594,-142.150879
2031,0.601074,-0.531738,0.449219,-110.046387,-81.359863,-146.545410
2032,0.648926,-0.502930,0.398438,-127.624512,-73.547363,-143.005371
2033,0.702637,-0.491699,0.319336,-132.629395,-70.495605,-135.253906
2034,0.799805,-0.538574,0.008301,-77.941895,-67.077637,-107.727051
2035,0.784180,-0.568848,-0.071289,-19.775391,-63.049316,-92.102051
2036,0.752441,-0.586426,-0.025879,37.414551,-55.480957,-78.674316
2037,0.708008,-0.602539,0.112793,76.232910,-49.926758,-71.594238
2038,0.791504,-0.535645,0.389648,77.453613,-45.959473,-72.692871
2039,0.853027,-0.535645,0.475098,49.865723,-42.175293,-75.683594
2040,0.878906,-0.573730,0.459473,19.165039,-39.916992,-80.017090
2041,0.806152,-0.660645,0.342773,-6.103516,-51.940918,-98.937988
2042,0.720703,-0.645508,0.333496,-2.868652,-65.307617,-113.159180
2043,0.681152,-0.582031,0.326660,8.422852,-83.496094,-135.803223
2044,0.683105,-0.477539,0.203613,18.493652,-86.730957,-149.108887
2045,0.820801,-0.362793,0.094238,28.625488,-81.726074,-159.973145
2046,0.980469,-0.236328,0.017090,28.930664,-65.063477,-161.682129
2047,0.793945,-0.339844,-0.092285,-12.390137,11.108398,-153.930664
2048,0.870117,-0.364746,-0.037598,-48.095703,63.049316,-167.602539
2049,0.964844,-0.360840,0.040039,-71.533203,96.008301,-174.194336
2050,0.860352,-0.325195,0.246094,-64.880371,102.355957,-179.992676
2051,0.811523,-0.244141,0.291016,-44.982910,83.801270,-181.335449
2052,0.798828,-0.149902,0.327148,-20.568848,58.288574,-181.091309
2053,0.823242,-0.082520,0.373535,0.305176,28.747559,-180.480957
2054,1.007324,-0.055176,0.437988,18.188477,-37.597656,-173.583984
2055,0.972656,-0.064453,0.399414,28.930664,-71.655273,-168.457031
2056,0.910645,-0.059082,0.317871,43.151855,-96.191406,-162.963867
2057,0.856934,-0.029297,0.098633,65.979004,-100.830078,-158.813477
2058,0.866699,0.008301,0.036133,70.068359,-85.327148,-162.597656
2059,0.900879,0.078613,0.013184,65.673828,-64.331055,-169.067383
2060,0.912598,0.152832,0.029785,52.856445,-41.748047,-176.574707
2061,0.894043,0.257324,0.038574,16.601562,-1.342773,-192.260742
2062,0.889648,0.263184,0.005371,8.300781,16.235352,-197.387695
2063,0.894531,0.265625,0.007812,13.549805,30.334473,-198.242188
2064,0.917480,0.346680,0.122070,49.865723,37.353516,-191.589355
2065,0.921387,0.399902,0.188965,69.458008,26.672363,-186.157227
2066,0.909180,0.444336,0.241699,82.397461,9.948730,-181.518555
2067,0.870117,0.530273,0.295410,64.514160,-24.169922,-170.043945
2068,0.820801,0.577148,0.235840,41.503906,-35.705566,-163.208008
2069,0.766602,0.627930,0.187988,17.761230,-43.579102,-157.653809
2070,0.704590,0.658691,0.142578,-1.892090,-49.621582,-154.663086
2071,0.725098,0.700195,0.245117,-38.024902,-60.424805,-150.085449
2072,0.762207,0.696777,0.184570,-54.382324,-64.819336,-144.348145
2073,0.792480,0.680664,0.086914,-62.194824,-65.734863,-136.779785
2074,0.843262,0.640137,-0.067383,-52.673340,-53.955078,-115.112305
2075,0.846191,0.646973,-0.139160,-30.822754,-41.381836,-102.783203
2076,0.854004,0.698242,-0.154297,-4.577637,-24.841309,-90.759277
2077,0.830566,0.796875,-0.065918,30.212402,9.948730,-73.120117
2078,0.797363,0.792480,-0.006836,39.916992,23.254395,-67.932129
2079,0.761230,0.766602,0.051758,45.593262,31.433105,-63.842773
2080,0.720215,0.732422,0.156738,36.499023,37.841797,-57.739258
2081,0.716309,0.730469,0.167480,23.315430,37.841797,-55.541992
2082,0.684570,0.718262,0.185059,10.253906,35.217285,-53.710938
2083,0.609863,0.685059,0.177734,7.751465,10.009766,-51.025391
2084,0.605957,0.708496,0.179199,14.953613,-9.521484,-50.109863
2085,0.610840,0.729492,0.159180,19.592285,-28.259277,-50.109863
2086,0.631836,0.740234,0.104492,22.155762,-41.381836,-51.208496
2087,0.614746,0.778809,0.066895,16.113281,-45.166016,-59.020996
2088,0.581543,0.778809,0.060547,5.615234,-37.353516,-65.734863
2089,0.546875,0.779785,0.055664,-7.324219,-25.939941,-72.937012
2090,0.512695,0.794434,0.046875,-31.799316,-4.577637,-85.510254
2091,0.509766,0.800781,0.025879,-37.780762,0.061035,-90.270996
2092,0.524414,0.804688,-0.015625,-37.109375,1.831055,-93.933105
2093,0.516113,0.813477,-0.017090,-28.686523,8.789062,-99.121094
2094,0.493652,0.825684,0.006836,-25.878906,15.380859,-100.891113
2095,0.437988,0.895020,0.079590,-28.991699,29.968262,-102.966309
2096,0.406250,0.912598,0.104980,-31.982422,33.569336,-103.942871
2097,0.393066,0.915527,0.101562,-31.982422,33.691406,-104.248047
2098,0.390625,0.918457,0.096680,-28.015137,33.752441,-103.454590
2099,0.414551,0.929199,0.080566,-10.314941,31.005859,-97.351074
2100,0.420898,0.954102,0.050781,17.456055,21.789551,-90.332031
2101,0.418945,0.952637,0.078125,37.353516,13.122559,-82.336426
2102,0.429199,0.961914,0.093262,45.471191,7.324219,-73.791504
2103,0.467285,0.986328,0.177734,26.367188,10.192871,-57.922363
2104,0.450195,1.009766,0.183105,6.896973,16.845703,-50.354004
2105,0.366211,1.016113,0.138672,-9.460449,17.883301,-36.743164
2106,0.340332,0.997070,0.144043,-5.187988,13.488770,-30.761719
2107,0.316895,0.972656,0.168945,-1.525879,7.812500,-24.658203
2108,0.313477,0.919434,0.130859,-7.690430,2.441406,-16.052246
2109,0.329102,0.906250,0.072266,-10.437012,8.728027,-17.578125
2110,0.351562,0.910645,-0.059570,-4.211426,16.113281,-21.423340
2111,0.312988,0.858887,-0.044922,39.733887,24.658203,-26.672363
2112,0.287109,0.882812,0.019531,43.823242,31.921387,-30.883789
2113,0.237305,0.937500,0.062012,35.888672,40.466309,-36.621094
2114,0.151855,0.967773,0.045410,27.832031,56.274414,-48.339844
2115,0.153320,0.959473,0.047363,33.447266,60.485840,-50.903320
2116,0.164551,0.944336,0.054688,38.146973,65.063477,-52.246094
2117,0.133789,0.944824,0.107910,16.540527,84.045410,-60.485840
2118,0.157715,0.973145,0.182617,-2.502441,83.496094,-67.321777
2119,0.111328,0.946289,0.205566,-17.395020,51.513672,-79.833984
2120,0.086426,0.967773,0.191406,-9.277344,27.404785,-83.618164
2121,0.067383,0.997559,0.160156,7.873535,2.563477,-87.158203
2122,0.043945,0.989258,0.103027,41.137695,-31.311035,-101.135254
2123,0.005371,0.940430,0.087402,47.790527,-38.574219,-108.886719
2124,-0.013184,0.917969,0.078125,48.950195,-41.320801,-116.088867
2125,-0.011719,0.963867,0.101074,37.170410,-41.748047,-123.718262
2126,0.023926,0.997559,0.101562,22.460938,-39.978027,-122.497559
2127,0.124512,1.130859,0.022949,-18.981934,-16.479492,-103.698730
2128,0.091309,1.154297,-0.041016,-36.315918,4.150391,-86.303711
2129,0.029297,1.121094,-0.113281,-35.888672,23.437500,-69.946289
2130,-0.041992,1.076172,-0.119141,0.183105,55.053711,-51.025391
2131,-0.052246,1.055664,-0.062988,15.747070,66.955566,-42.053223
2132,-0.044434,1.045410,0.004883,22.949219,75.073242,-32.958984
2133,-0.032227,1.043457,0.079102,20.019531,75.378418,-21.606445
2134,-0.080078,1.034668,0.121094,-7.507324,58.898926,4.760742
2135,-0.105469,1.000488,0.139160,-20.263672,44.494629,16.235352
2136,-0.115723,0.961426,0.171875,-24.047852,25.878906,22.033691
2137,-0.122070,0.930664,0.292969,-28.686523,-16.662598,8.728027
2138,-0.152832,0.920410,0.397461,-46.203613,-41.809082,-6.713867
2139,-0.165039,0.953125,0.431152,-67.016602,-72.143555,-19.409180
2140,-0.167969,1.077637,0.356445,-94.116211,-130.493164,-22.460938
2141,-0.140625,1.131348,0.235840,-94.909668,-146.362305,-15.930176
2142,-0.107422,1.153809,0.108398,-83.984375,-151.367188,-7.629395
2143,-0.048340,1.061035,-0.032715,-43.945312,-132.751465,9.033203
2144,-0.011719,1.006836,-0.070312,-26.123047,-112.487793,15.991211
2145,0.017578,0.946777,-0.106445,-10.437012,-87.158203,19.836426
2146,0.009277,0.908691,-0.127930,3.234863,-57.189941,16.845703
2147,-0.048828,0.913086,-0.105469,37.048340,-1.892090,-2.319336
2148,-0.076172,0.938965,-0.079102,51.879883,23.254395,-8.117676
2149,-0.100586,0.956543,0.172363,61.462402,41.687012,-10.498047
2150,-0.070312,0.976562,0.136230,59.143066,17.578125,-8.300781
2151,-0.056152,0.916504,0.125488,39.184570,26.916504,-17.211914
2152,-0.040039,0.919922,0.120117,31.433105,30.273438,-25.939941
2153,-0.121094,0.976074,0.166504,43.212891,22.888184,-41.503906
2154,-0.181152,0.987305,0.297852,35.156250,9.460449,-47.668457
2155,-0.214844,0.960938,0.348633,16.784668,-7.751465,-53.161621
2156,-0.236328,0.928223,0.330566,-2.136230,-24.536133,-59.387207
2157,-0.268555,0.909180,0.168945,-20.690918,-47.790527,-76.965332
2158,-0.270020,0.894043,0.063965,-19.897461,-51.208496,-87.646484
2159,-0.253906,0.872559,-0.013184,-11.169434,-49.804688,-97.106934
2160,-0.238770,0.916992,-0.027344,13.916016,-44.128418,-108.154297
2161,-0.231934,0.945312,-0.010254,25.451660,-40.527344,-109.680176
2162,-0.233398,0.968750,0.008301,32.226562,-35.949707,-109.252930
2163,-0.250488,0.983887,0.020020,34.667969,-30.883789,-107.604980
2164,-0.324707,0.960938,0.067383,30.029297,-20.141602,-102.783203
2165,-0.366211,0.958008,0.104980,20.446777,-14.587402,-100.524902
2166,-0.406250,0.967773,0.149902,7.324219,-10.620117,-98.022461
2167,-0.407227,0.948242,0.150391,-14.343262,-5.859375,-95.764160
2168,-0.382812,0.941895,0.114746,-15.625000,-4.577637,-96.496582
2169,-0.362793,0.942871,0.078613,-12.695312,-3.540039,-97.229004
2170,-0.359375,0.955078,0.026855,-3.784180,-2.319336,-93.505859
2171,-0.383789,0.946777,0.025391,1.525879,-2.136230,-88.195801
2172,-0.415527,0.916504,0.042969,7.751465,-2.868652,-81.115723
2173,-0.447266,0.901367,0.079590,13.610840,-4.943848,-72.875977
2174,-0.472656,0.917969,0.117676,18.676758,-14.038086,-53.222656
2175,-0.479492,0.906250,0.134766,24.291992,-22.644043,-41.259766
2176,-0.477539,0.862305,0.232910,44.982910,-56.701660,-16.174316
2177,-0.478516,0.795410,0.291992,53.283691,-68.542480,-15.869141
2178,-0.496582,0.773438,0.343262,51.025391,-86.853027,-17.333984
2179,-0.542969,0.755371,0.272461,42.602539,-103.332520,-21.484375
2180,-0.619141,0.791016,0.072266,33.264160,-115.722656,-41.320801
2181,-0.637207,0.822754,-0.036133,21.789551,-106.811523,-52.062988
2182,-0.641602,0.810547,-0.178711,-10.681152,-51.574707,-79.223633
2183,-0.648438,0.797852,-0.151855,-23.803711,-14.587402,-95.520020
2184,-0.617188,0.779785,-0.090820,-34.729004,16.479492,-108.398438
2185,-0.578125,0.762695,-0.003906,-36.743164,50.354004,-120.117188
2186,-0.591797,0.776367,0.041992,-30.212402,55.297852,-119.506836
2187,-0.617676,0.781738,0.077637,-22.216797,54.321289,-114.685059
2188,-0.640137,0.780762,0.096191,-11.352539,49.072266,-106.384277
2189,-0.656250,0.765625,0.095703,11.596680,31.188965,-80.688477
2190,-0.649414,0.761719,0.086426,16.784668,25.207520,-67.016602
2191,-0.640137,0.840332,0.191406,-7.446289,28.808594,-45.166016
2192,-0.637695,0.880371,0.191895,-36.071777,29.113770,-31.188965
2193,-0.657715,0.833984,0.105957,-54.077148,28.503418,-20.385742
2194,-0.680664,0.639648,0.028320,-49.987793,24.230957,-15.625000
2195,-0.627930,0.686523,0.073242,-49.255371,18.249512,-16.540527
2196,-0.579102,0.800781,0.153809,-52.673340,10.192871,-5.981445
2197,-0.593750,0.862305,0.190918,-61.035156,3.417969,14.648438
2198,-0.730469,0.732910,0.096680,-60.913086,-4.882812,49.743652
2199,-0.758789,0.686523,0.099121,-51.513672,-7.080078,50.903320
2200,-0.704590,0.743652,0.130371,-47.424316,-11.230469,38.146973
2201,-0.682129,0.703613,0.120605,-54.748535,-10.864258,29.907227
2202,-0.665039,0.708496,0.151855,-68.969727,-8.789062,21.057129
2203,-0.645996,0.748535,0.177246,-81.359863,-8.422852,17.700195
2204,-0.652344,0.748047,0.258301,-75.683594,-19.409180,24.291992
2205,-0.657227,0.745117,0.303223,-57.067871,-31.311035,28.930664
2206,-0.679199,0.725098,0.361328,-23.376465,-65.307617,36.010742
2207,-0.679688,0.734375,0.333496,-15.014648,-82.885742,37.292480
2208,-0.653320,0.727539,0.272949,-8.972168,-92.956543,36.682129
2209,-0.625488,0.719727,0.232910,-8.544922,-90.576172,31.799316
2210,-0.583984,0.712891,0.231445,-19.531250,-60.913086,14.526367
2211,-0.585938,0.710449,0.266602,-24.841309,-44.677734,5.310059
2212,-0.584961,0.718262,0.308105,-26.489258,-32.287598,-2.441406
2213,-0.598145,0.728027,0.357910,-13.488770,-20.935059,-13.610840
2214,-0.588867,0.734863,0.350098,0.122070,-17.333984,-17.822266
2215,-0.567871,0.754883,0.328125,9.338379,-8.483887,-21.301270
2216,-0.571289,0.791504,0.340332,23.132324,11.108398,-21.240234
2217,-0.578125,0.773438,0.352051,30.151367,13.122559,-20.874023
2218,-0.615723,0.750977,0.382812,30.944824,6.530762,-20.019531
2219,-0.666016,0.672363,0.310547,15.014648,-15.686035,-27.526855
2220,-0.704590,0.669434,0.292480,2.197266,-20.446777,-31.311035
2221,-0.618652,0.797852,0.228516,-6.958008,-30.639648,-20.812988
2222,-0.643066,0.744141,0.257324,-55.725098,-11.230469,1.525879
2223,-0.669434,0.751953,0.252930,-60.119629,0.122070,1.220703
2224,-0.689941,0.778320,0.299805,-55.908203,2.258301,3.967285
2225,-0.677734,0.680176,0.345215,-38.085938,-17.028809,16.296387
2226,-0.642578,0.623535,0.342773,-27.893066,-28.076172,20.080566
2227,-0.601074,0.599121,0.325195,-18.310547,-35.705566,19.042969
2228,-0.544922,0.550781,0.224609,-3.784180,-23.132324,2.136230
2229,-0.545410,0.575195,0.285156,-2.136230,-5.554199,-11.779785
2230,-0.578613,0.640137,0.330566,0.183105,18.371582,-20.568848
2231,-0.645020,0.733398,0.368164,5.004883,22.644043,-13.977051
2232,-0.652832,0.754395,0.379395,7.385254,21.545410,-7.324219
2233,-0.648926,0.756348,0.363281,9.399414,17.883301,-3.417969
2234,-0.619141,0.751953,0.339355,0.366211,15.258789,-7.934570
2235,-0.646973,0.741699,0.369141,-8.972168,16.662598,-11.108398
2236,-0.639160,0.703125,0.393555,-12.207031,14.831543,-12.695312
2237,-0.623047,0.676270,0.395996,-4.150391,8.972168,-10.375977
2238,-0.655762,0.772461,0.335938,10.742188,-1.770020,-5.798340
2239,-0.658691,0.757812,0.294434,10.559082,4.150391,-12.329102
2240,-0.680664,0.716797,0.388184,-4.943848,19.470215,-39.489746
2241,-0.775391,0.671875,0.494629,-15.747070,19.958496,-50.292969
2242,-0.975098,0.524902,0.363281,-28.015137,20.446777,-72.448730
2243,-0.982910,0.552734,0.318359,-18.676758,31.188965,-105.834961
2244,-0.870117,0.569824,0.354004,0.305176,51.147461,-171.325684
2245,-0.836914,0.541504,0.296387,6.591797,63.171387,-198.852539
2246,-0.847168,0.491211,0.240234,17.150879,79.101562,-222.717285
2247,-0.896973,0.443359,0.213867,45.654297,105.529785,-255.737305
2248,-0.908691,0.420898,0.268555,58.837891,106.567383,-262.756348
2249,-0.918945,0.397461,0.383301,56.823730,97.839355,-266.357422
2250,-0.922852,0.372559,0.504395,40.771484,77.941895,-266.723633
2251,-0.968262,0.282715,0.496582,-13.916016,27.893066,-265.563965
2252,-1.000000,0.216309,0.419922,-40.161133,9.765625,-267.944336
2253,-1.019531,0.166016,0.334473,-56.762695,-2.990723,-270.751953
2254,-1.078613,-0.005859,0.113281,-59.570312,-10.009766,-287.658691
2255,-1.090820,0.119141,0.024902,-54.016113,1.831055,-296.813965
2256,-1.072266,0.186523,-0.023926,-45.898438,15.258789,-294.067383
2257,-1.021484,0.191406,-0.030762,-40.710449,30.517578,-283.447266
2258,-0.893555,0.109863,0.067383,-32.409668,48.706055,-248.596191
2259,-0.867676,0.040039,0.113281,-26.000977,47.424316,-228.332520
2260,-0.855957,-0.050293,0.119629,-17.089844,41.931152,-209.472656
2261,-0.900879,-0.249512,0.123047,-0.366211,33.691406,-185.302734
2262,-0.931641,-0.348633,0.132324,8.361816,28.625488,-180.664062
2263,-0.955078,-0.407227,0.202637,15.747070,17.333984,-183.471680
2264,-0.964355,-0.416504,0.208984,14.526367,13.061523,-188.293457
2265,-0.963867,-0.417480,0.168945,14.221191,11.108398,-193.298340
2266,-0.950195,-0.414551,0.120605,17.761230,11.413574,-196.716309
2267,-0.909668,-0.432129,0.123047,29.174805,15.319824,-199.340820
2268,-0.890137,-0.497070,0.153320,32.958984,17.761230,-199.707031
2269,-0.865723,-0.519043,0.210938,25.390625,16.174316,-199.768066
2270,-0.850586,-0.523438,0.278809,9.765625,11.291504,-199.340820
2271,-0.888672,-0.526855,0.377441,-33.264160,-14.343262,-198.791504
2272,-0.881348,-0.573730,0.383789,-53.833008,-35.827637,-202.087402
2273,-0.861328,-0.684082,0.312500,-67.565918,-59.143066,-209.960938
2274,-0.800781,-0.861816,0.187500,-68.176270,-95.581055,-235.412598
2275,-0.734863,-0.899414,0.145996,-58.227539,-103.210449,-248.596191
2276,-0.643555,-0.909180,0.112793,-46.875000,-103.637695,-261.352539
2277,-0.440918,-0.851074,-0.004395,-31.372070,-78.857422,-280.822754
2278,-0.338379,-0.768066,-0.071289,-30.212402,-52.307129,-285.095215
2279,-0.254883,-0.687988,-0.116211,-38.146973,-14.587402,-283.752441
2280,-0.244141,-0.778320,-0.137695,-66.772461,82.946777,-268.737793
2281,-0.270020,-0.886719,-0.138184,-69.580078,126.403809,-261.779785
2282,-0.267090,-0.967773,-0.123047,-61.096191,159.179688,-257.568359
2283,-0.222168,-1.023926,-0.097656,-42.724609,178.527832,-255.065918
2284,-0.085449,-0.961914,0.039062,4.760742,174.377441,-249.328613
2285,-0.030273,-0.904297,0.140625,20.080566,155.090332,-243.225098
2286,0.002441,-0.873535,0.234375,26.184082,126.708984,-234.375000
2287,0.032715,-0.881348,0.302246,26.672363,91.552734,-223.571777
2288,0.088379,-0.936035,0.293945,28.137207,13.183594,-199.096680
2289,0.118164,-0.944824,0.279297,27.404785,-25.451660,-186.767578
2290,0.164551,-0.915039,0.250977,23.071289,-60.729980,-174.072266
2291,0.229980,-0.837891,0.229980,13.977051,-90.087891,-158.508301
2292,0.324707,-0.789062,0.171875,-7.568359,-126.525879,-121.154785
2293,0.355957,-0.826172,0.116211,-8.605957,-132.995605,-101.684570
2294,0.390137,-0.943848,-0.087402,24.230957,-119.445801,-68.542480
2295,0.374512,-1.020020,-0.091309,43.457031,-101.379395,-58.288574
2296,0.384766,-1.018555,-0.064453,56.396484,-78.491211,-50.781250
2297,0.406738,-0.981445,-0.023438,61.401367,-55.725098,-44.921875
2298,0.438477,-0.854980,0.077148,53.527832,-20.385742,-37.292480
2299,0.450684,-0.807617,0.122070,41.137695,-8.056641,-34.973145
2300,0.413086,-0.858887,0.123535,-10.681152,18.066406,-37.719727
2301,0.380371,-0.924805,0.098145,-41.015625,32.714844,-44.616699
2302,0.354980,-0.946289,0.083496,-63.232422,44.616699,-52.673340
2303,0.324219,-0.989258,0.046875,-64.392090,50.964355,-68.603516
2304,0.356445,-0.987793,0.048340,-43.701172,45.959473,-76.232910
2305,0.411621,-0.960938,0.063477,-17.639160,37.231445,-82.763672
2306,0.461914,-0.923828,0.083008,5.615234,27.160645,-88.073730
2307,0.488281,-0.888184,0.130859,23.620605,9.826660,-97.045898
2308,0.472656,-0.880859,0.118652,19.897461,5.065918,-101.745605
2309,0.447754,-0.852051,0.076660,5.554199,2.258301,-112.243652
2310,0.468262,-0.822754,0.078125,0.122070,1.403809,-116.699219
2311,0.492676,-0.804688,0.087402,-4.943848,-0.488281,-120.544434
2312,0.523438,-0.791504,0.110352,-10.009766,-3.784180,-124.328613
2313,0.577148,-0.793945,0.115723,-15.991211,-15.808105,-131.225586
2314,0.623535,-0.783203,0.040527,-11.169434,-20.690918,-134.094238
2315,0.671387,-0.747559,0.008301,-1.770020,-22.766113,-135.559082
2316,0.673828,-0.699219,0.038574,3.906250,-23.132324,-134.704590
2317,0.667969,-0.682129,0.044922,2.746582,-23.132324,-133.361816
2318,0.682617,-0.668457,0.042480,2.197266,-22.766113,-131.103516
2319,0.745117,-0.615234,0.059082,11.291504,-21.423340,-124.389648
2320,0.788086,-0.596191,0.102051,15.747070,-22.094727,-120.300293
2321,0.827637,-0.569824,0.107910,16.784668,-22.277832,-115.783691
2322,0.853516,-0.530762,0.097168,6.713867,-15.686035,-105.468750
2323,0.847656,-0.532227,0.087891,-2.746582,-9.582520,-100.463867
2324,0.846191,-0.530273,0.061035,-11.352539,-2.380371,-95.764160
2325,0.843750,-0.527344,0.021484,-15.197754,10.681152,-85.754395
2326,0.847168,-0.505859,0.034180,-9.094238,13.000488,-80.566406
2327,0.870605,-0.481934,0.085449,-2.746582,11.108398,-74.523926
2328,0.897461,-0.463867,0.108398,1.281738,6.042480,-67.687988
2329,0.926758,-0.441406,0.129395,-0.305176,-5.310059,-53.955078
2330,0.927734,-0.434570,0.118164,-5.615234,-9.582520,-47.607422
2331,0.932129,-0.420410,0.091797,-10.559082,-12.207031,-41.320801
2332,0.926758,-0.411621,0.029297,-13.183594,-11.169434,-28.747559
2333,0.925293,-0.417480,0.006836,-11.230469,-8.239746,-23.620605
2334,0.918457,-0.426270,-0.005371,-8.300781,-4.211426,-19.226074
2335,0.887207,-0.437500,-0.011230,0.000000,5.310059,-13.427734
2336,0.889160,-0.429688,0.000977,2.746582,9.155273,-11.535645
2337,0.894531,-0.403809,0.025879,3.051758,11.718750,-9.521484
2338,0.910156,-0.378418,0.040527,0.183105,12.207031,-6.591797
2339,0.951660,-0.385742,0.048828,-12.268066,8.605957,-0.549316
2340,0.978027,-0.376953,0.053223,-19.104004,7.385254,2.319336
2341,0.925293,-0.510254,-0.011230,-14.587402,1.953125,1.281738
2342,0.911133,-0.588867,-0.114258,-8.239746,5.859375,-5.126953
2343,0.888184,-0.651367,-0.077637,5.432129,5.310059,-16.479492
2344,0.851074,-0.421387,0.059082,51.391602,-30.029297,-34.240723
2345,0.885254,-0.298340,0.073730,78.369141,-52.001953,-32.470703
2346,0.952637,-0.248535,0.048828,97.290039,-63.110352,-26.184082
2347,0.984375,-0.211426,0.042969,71.044922,-37.109375,-14.282227
2348,1.039551,-0.155762,0.106934,37.109375,-17.272949,-2.807617
2349,1.063965,-0.117676,0.077637,5.981445,3.173828,18.188477
2350,1.030762,-0.226562,-0.016602,-55.908203,62.194824,67.626953
2351,0.943359,-0.296875,0.043457,-80.078125,81.848145,81.298828
2352,0.858887,-0.423828,0.066406,-87.463379,89.294434,87.219238
2353,0.783203,-0.543457,0.062988,-60.180664,82.458496,71.960449
2354,0.762207,-0.658203,0.020996,-36.010742,70.007324,55.297852
2355,0.807617,-0.612793,-0.037598,-18.554688,63.964844,40.466309
2356,0.825684,-0.458008,-0.048828,9.948730,64.697266,33.020020
2357,0.825684,-0.419434,-0.033691,26.855469,71.716309,40.710449
2358,0.823242,-0.375488,-0.001465,34.667969,84.594727,51.574707
2359,0.842285,-0.362305,0.012207,31.433105,105.041504,65.368652
2360,0.841309,-0.381836,0.102539,22.155762,125.000000,77.148438
2361,0.802734,-0.399414,0.220703,0.061035,138.610840,98.876953
2362,0.815918,-0.440918,0.311035,-6.286621,136.718750,113.159180
2363,0.729980,-0.586426,0.384277,-31.738281,111.755371,140.136719
2364,0.638672,-0.698242,0.299316,-31.555176,100.219727,140.319824
2365,0.627930,-0.786133,0.164551,-3.234863,98.876953,122.802734
2366,0.579102,-0.833496,0.244629,14.465332,103.698730,112.060547
2367,0.506348,-0.903320,0.360840,21.362305,96.252441,96.557617
2368,0.444336,-1.006348,0.422852,23.315430,81.176758,75.378418
2369,0.367188,-1.081543,0.490723,32.836914,53.039551,18.737793
2370,0.410156,-0.998047,0.468750,37.841797,39.367676,-8.605957
2371,0.591309,-0.747559,0.396484,62.500000,13.000488,-32.104492
2372,0.814453,-0.667969,0.268066,71.044922,13.610840,-26.245117
2373,0.730957,-0.644531,0.304199,74.645996,21.362305,-18.066406
2374,0.707520,-0.602539,0.328613,80.139160,23.559570,-9.216309
2375,0.642090,-0.560059,0.337402,112.060547,17.395020,8.850098
2376,0.554688,-0.594238,0.378418,124.267578,24.658203,13.061523
2377,0.506836,-0.680176,0.616699,124.023438,26.916504,9.399414
2378,0.505371,-0.687012,0.854492,122.619629,8.544922,1.037598
2379,0.554199,-0.627930,1.014648,58.471680,-46.630859,-13.061523
2380,0.522949,-0.626953,0.814941,25.207520,-70.434570,-18.249512
2381,0.546387,-0.619141,0.521484,-11.962891,-66.528320,-25.939941
2382,0.554688,-0.638672,0.628906,-4.150391,-69.458008,-30.700684
2383,0.588379,-0.607910,0.666992,5.676270,-82.031250,-30.883789
2384,0.587402,-0.526855,0.587891,-22.521973,-80.871582,-37.902832
2385,0.621094,-0.609375,0.465332,-49.255371,-64.819336,-44.860840
2386,0.659668,-0.672852,0.367676,-61.523438,-52.124023,-52.856445
2387,0.702148,-0.662109,0.241699,-58.227539,-22.766113,-57.861328
2388,0.692871,-0.614746,0.315430,-50.354004,-11.535645,-60.729980
2389,0.695312,-0.541016,0.418945,-44.555664,-4.394531,-59.753418
2390,0.717285,-0.514160,0.571289,-48.339844,-14.587402,-64.086914
2391,0.803223,-0.512207,0.464844,-51.208496,-27.160645,-62.561035
2392,0.945801,-0.608398,0.135742,-52.001953,-30.700684,-55.725098
2393,0.952637,-0.728027,-0.093750,-13.671875,-25.878906,-45.532227
2394,0.645996,-0.622559,0.363770,72.265625,-18.005371,-43.273926
2395,0.608398,-0.529785,0.584473,55.419922,-22.338867,-49.255371
2396,0.650879,-0.422363,0.626465,-10.986328,-33.630371,-58.898926
2397,0.714844,-0.356445,0.637207,-43.457031,-45.593262,-69.946289
2398,0.689941,-0.289551,0.626953,-71.594238,-65.856934,-83.557129
2399,0.726562,-0.309570,0.517578,-91.857910,-82.519531,-92.468262
2400,0.739746,-0.458008,0.233887,-90.209961,-82.580566,-99.548340
2401,0.774902,-0.600586,0.137695,-52.917480,-52.551270,-127.624512
2402,0.829590,-0.526367,0.204102,-42.053223,-49.804688,-144.287109
2403,0.889648,-0.427246,0.210938,-40.710449,-53.771973,-157.714844
2404,0.993652,-0.218262,0.243652,-45.227051,-58.532715,-151.855469
2405,0.992676,-0.197754,0.238281,-44.189453,-59.143066,-138.732910
2406,0.967773,-0.234375,0.201660,-36.071777,-61.523438,-126.464844
2407,0.930176,-0.292480,0.149414,-22.277832,-65.185547,-118.652344
2408,0.854004,-0.386719,0.106934,-7.751465,-60.729980,-128.845215
2409,0.898926,-0.356445,0.125000,-17.272949,-51.879883,-138.732910
2410,0.940918,-0.328613,0.087891,-33.447266,-40.649414,-146.728516
2411,0.994141,-0.270508,0.143555,-59.509277,-23.681641,-171.997070
2412,0.977051,-0.212891,0.104004,-59.509277,-22.094727,-189.636230
2413,0.936523,-0.141113,0.037109,-44.799805,-26.550293,-206.054688
2414,0.845215,0.003906,0.009766,-1.098633,-26.428223,-241.516113
2415,0.773438,0.041992,-0.070801,12.817383,-12.145996,-250.366211
2416,0.753906,0.086914,-0.143555,30.944824,9.948730,-255.004883
2417,0.801270,0.221191,-0.010742,70.312500,39.306641,-252.380371
2418,0.813965,0.391113,0.115723,107.788086,17.822266,-245.788574
2419,0.836426,0.476074,0.223633,123.901367,-8.056641,-242.004395
2420,0.839844,0.537109,0.272949,135.131836,-38.146973,-238.464355
2421,0.822266,0.555176,0.225098,128.479004,-85.937500,-236.267090
2422,0.795898,0.543945,0.140137,107.604980,-96.374512,-238.647461
2423,0.787109,0.531738,0.053223,76.965332,-95.642090,-242.248535
2424,0.782715,0.529785,-0.021973,39.794922,-86.242676,-244.995117
2425,0.742188,0.591797,-0.064941,-30.456543,-53.955078,-245.849609
2426,0.695312,0.630859,-0.082031,-55.358887,-36.132812,-244.506836
2427,0.644043,0.666504,-0.104004,-67.932129,-19.226074,-243.041992
2428,0.578613,0.714844,-0.177246,-54.504395,13.244629,-245.300293
2429,0.549316,0.741211,-0.164551,-33.508301,28.076172,-248.901367
2430,0.536133,0.798828,-0.084961,-13.488770,40.466309,-251.220703
2431,0.516113,0.855469,-0.020996,2.075195,50.109863,-250.305176
2432,0.514160,0.986816,0.113281,21.057129,56.762695,-242.004395
2433,0.549316,1.041504,0.193359,18.493652,50.476074,-232.238770
2434,0.506836,1.053711,0.160645,13.366699,21.423340,-203.979492
2435,0.447754,1.055664,0.143555,11.901855,4.272461,-187.133789
2436,0.380859,1.059082,0.121582,9.521484,-11.108398,-169.799805
2437,0.247070,1.069336,0.036133,3.784180,-31.250000,-138.061523
2438,0.197754,1.068848,0.035156,2.807617,-37.353516,-124.938965
2439,0.196289,1.067383,0.033203,4.089355,-41.931152,-113.281250
2440,0.225098,1.072754,0.026367,6.225586,-43.823242,-102.111816
2441,0.309570,1.074219,0.010742,1.037598,-36.499023,-77.636719
2442,0.288574,1.067871,-0.003418,-2.075195,-14.892578,-65.612793
2443,0.222168,1.097656,-0.017090,-6.652832,-4.943848,-49.621582
2444,0.146973,1.067871,-0.063965,0.488281,0.305176,-22.460938
2445,0.120117,1.058594,-0.081055,11.169434,1.159668,-14.587402
2446,0.091797,1.042480,-0.099121,21.362305,5.920410,-10.803223
2447,0.017578,0.991211,-0.089844,31.677246,24.719238,-11.535645
2448,0.055176,1.010742,-0.030273,30.761719,30.029297,-13.244629
2449,0.063477,0.973145,-0.094727,30.761719,30.395508,-16.296387
2450,0.291016,0.953125,-0.187500,54.626465,45.654297,-31.311035
2451,0.305664,0.959961,-0.208496,76.843262,69.824219,-42.846680
2452,0.236328,0.975586,-0.186523,92.224121,98.632812,-54.687500
2453,0.045410,0.944824,-0.046875,80.261230,146.179199,-76.232910
2454,-0.020020,0.887207,0.020508,59.265137,156.921387,-85.937500
2455,-0.062500,0.817383,0.051758,34.667969,160.522461,-96.801758
2456,-0.149902,0.699707,0.035645,-12.451172,158.813477,-128.662109
2457,-0.195312,0.671387,0.008789,-24.719238,151.245117,-150.024414
2458,-0.325684,0.834961,0.076660,-13.183594,107.788086,-200.134277
2459,-0.303223,1.054688,0.134277,2.258301,67.932129,-220.275879
2460,-0.291504,1.164551,0.187500,25.085449,13.549805,-228.149414
2461,-0.329590,1.076660,0.119629,43.151855,-39.978027,-230.651855
2462,-0.356445,0.894531,-0.118652,39.184570,-89.050293,-235.351562
2463,-0.353516,0.890625,-0.200684,22.460938,-80.139160,-241.455078
2464,-0.369141,0.887695,-0.244141,-1.403809,-56.884766,-246.704102
2465,-0.380371,0.913086,-0.208984,-26.123047,-24.841309,-249.450684
2466,-0.454102,0.979004,-0.144043,-62.316895,32.104492,-249.145508
2467,-0.494629,0.990234,-0.133789,-68.542480,48.889160,-245.849609
2468,-0.514160,0.991211,-0.141113,-66.467285,56.579590,-238.647461
2469,-0.510254,0.996582,-0.202148,-48.400879,63.964844,-212.829590
2470,-0.512207,1.012207,-0.221680,-32.104492,70.678711,-195.007324
2471,-0.503906,1.054688,-0.146973,-13.793945,74.768066,-171.569824
2472,-0.416016,1.295898,0.333496,-17.517090,41.259766,-86.425781
2473,-0.503418,1.195801,0.354004,-40.710449,-1.159668,-26.489258
2474,-0.643555,0.956055,0.112793,-41.992188,-40.161133,16.235352
2475,-0.766113,0.645020,-0.066895,7.507324,-75.866699,34.362793
2476,-0.725098,0.634277,0.026855,20.324707,-81.665039,25.695801
2477,-0.660156,0.674316,0.090820,19.531250,-86.242676,16.784668
2478,-0.628906,0.699707,0.045410,13.671875,-88.806152,8.666992
2479,-0.630859,0.718750,-0.041504,18.127441,-82.763672,-7.873535
2480,-0.639648,0.791016,0.069824,19.226074,-83.251953,-10.742188
2481,-0.691406,0.818848,-0.011719,33.386230,-106.018066,12.695312
2482,-0.717285,0.735840,-0.011230,32.104492,-108.886719,17.211914
2483,-0.705566,0.702148,0.030762,27.343750,-109.130859,17.517090
2484,-0.681641,0.714355,0.107422,20.996094,-109.497070,20.263672
2485,-0.663574,0.763672,0.187012,11.108398,-127.380371,31.799316
2486,-0.712891,0.836426,0.256348,9.399414,-146.911621,34.851074
2487,-0.718262,0.845703,0.342773,-4.760742,-172.241211,32.043457
2488,-0.685059,0.843262,0.270508,-29.663086,-194.580078,27.526855
2489,-0.629395,0.717285,0.065918,-54.748535,-202.331543,29.235840
2490,-0.609375,0.654297,0.077637,-60.302734,-191.040039,29.602051
2491,-0.595215,0.631836,0.121582,-72.509766,-175.109863,26.367188
2492,-0.630371,0.661621,0.111328,-95.581055,-140.930176,7.934570
2493,-0.554688,0.832031,-0.100098,-69.335938,-82.275391,-10.070801
2494,-0.479980,0.936523,-0.099609,-40.527344,-36.804199,-2.075195
2495,-0.471680,0.972168,0.041992,-17.517090,2.807617,13.916016
2496,-0.522949,0.840332,0.195801,-33.569336,43.212891,20.996094
2497,-0.544434,0.693848,0.371582,-45.593262,46.142578,13.183594
2498,-0.530762,0.617188,0.430664,-67.321777,41.625977,2.685547
2499,-0.537109,0.607422,0.485840,-92.102051,34.423828,-10.437012
2500,-0.561523,0.836914,0.663574,-114.379883,-13.366699,-20.812988
2501,-0.606445,0.826660,0.570801,-95.153809,-43.457031,-14.038086
2502,-0.602051,0.814453,0.528809,-77.880859,-64.697266,-10.498047
2503,-0.537109,0.840820,0.439453,-81.359863,-86.547852,-6.896973
2504,-0.518555,0.840332,0.431152,-80.566406,-87.402344,-0.915527
2505,-0.504395,0.779297,0.455566,-64.758301,-82.641602,6.347656
2506,-0.491699,0.611328,0.562988,-38.696289,-79.040527,6.042480
2507,-0.490723,0.612305,0.586914,-45.898438,-84.472656,3.295898
2508,-0.522461,0.661133,0.614746,-66.223145,-91.918945,-3.540039
2509,-0.491699,0.780762,0.517578,-96.252441,-97.167969,-9.033203
2510,-0.471191,0.753418,0.526855,-95.825195,-91.247559,-4.150391
2511,-0.473145,0.675293,0.517578,-89.721680,-81.420898,1.770020
2512,-0.480469,0.595215,0.546875,-83.984375,-70.312500,2.502441
2513,-0.472656,0.662109,0.725098,-77.575684,-68.664551,1.220703
2514,-0.442871,0.748535,0.803711,-85.449219,-75.561523,7.324219
2515,-0.487305,0.651855,0.754395,-98.449707,-88.500977,25.817871
2516,-0.483398,0.523926,0.648438,-96.252441,-83.801270,24.841309
2517,-0.381348,0.456543,0.622070,-85.449219,-71.655273,19.714355
2518,-0.283691,0.415527,0.605469,-54.382324,-41.625977,11.352539
2519,-0.321289,0.422852,0.830078,-45.104980,-36.315918,2.380371
2520,-0.360352,0.583008,0.953125,-44.494629,-47.058105,-1.770020
2521,-0.466309,0.670898,1.122559,-77.880859,-95.275879,15.869141
2522,-0.476562,0.535645,0.872070,-88.928223,-96.435547,8.422852
2523,-0.270996,0.478516,0.741211,-92.468262,-72.631836,3.356934
2524,-0.143555,0.349609,0.568848,-69.091797,5.554199,11.474609
2525,-0.182617,0.366699,0.624023,-52.795410,35.766602,16.357422
2526,-0.280762,0.344238,0.742188,-36.376953,47.363281,22.644043
2527,-0.293945,0.477539,1.043945,-44.860840,20.874023,27.954102
2528,-0.348145,0.560059,1.016113,-74.707031,8.117676,35.827637
2529,-0.349609,0.576172,0.914551,-98.571777,11.718750,38.513184
2530,-0.313477,0.462891,0.871094,-97.961426,17.761230,39.184570
2531,-0.274902,0.251953,0.837891,-61.584473,13.854980,37.963867
2532,-0.300781,0.207520,0.770020,-25.695801,12.390137,31.982422
2533,-0.264648,0.266113,0.767578,8.361816,17.700195,22.216797
2534,-0.273438,0.472168,0.836426,12.939453,37.963867,20.446777
2535,-0.288574,0.488770,0.815918,-5.371094,44.921875,20.202637
2536,-0.315430,0.466797,0.854492,-26.733398,44.250488,21.301270
2537,-0.375488,0.410645,0.925781,-56.274414,19.287109,21.667480
2538,-0.360352,0.309082,0.853027,-40.161133,10.803223,17.089844
2539,-0.330566,0.244141,0.844238,-6.042480,9.582520,7.995605
2540,-0.344238,0.538086,0.877930,32.592773,4.516602,-14.831543
2541,-0.301270,0.563965,1.000000,7.629395,-2.014160,-21.728516
2542,-0.333008,0.343750,0.629883,-4.455566,-3.112793,-17.456055
2543,-0.559082,0.457031,1.043457,-30.517578,1.281738,-35.400391
2544,-0.221680,0.243652,0.614258,-39.672852,14.709473,2.258301
2545,-0.477539,0.175781,0.833496,-18.310547,28.320312,18.981934
2546,-0.445801,0.309082,1.042969,36.743164,28.381348,17.639160
2547,-0.438477,0.316406,1.074219,60.974121,10.864258,16.540527
2548,-0.375000,0.458008,1.053711,64.453125,-2.563477,12.145996
2549,-0.285156,0.565430,1.049316,34.606934,-6.286621,8.666992
2550,-0.189941,0.613770,0.786133,-81.848145,21.057129,11.901855
2551,-0.256348,0.483887,0.652832,-122.497559,45.837402,19.287109
2552,-0.384766,0.252930,0.475586,-121.032715,71.105957,22.094727
2553,-0.504395,0.033691,0.836426,-24.658203,83.801270,9.033203
2554,-0.482422,0.136230,1.168457,-0.366211,59.875488,-3.417969
2555,-0.458496,0.265137,1.362793,-4.211426,26.062012,-13.305664
2556,-0.348633,0.356934,1.014648,-18.737793,-22.338867,-12.451172
2557,-0.328613,0.377441,0.852539,-18.371582,-24.658203,-9.399414
2558,-0.184570,0.496582,0.911621,-34.729004,-23.193359,5.737305
2559,-0.125488,0.578125,0.829590,-86.364746,-21.484375,51.391602
2560,-0.145020,0.491211,0.810547,-105.102539,-15.136719,77.819824
2561,-0.345215,0.312988,0.818848,-110.717773,-11.596680,96.496582
2562,-0.803223,0.059082,0.846191,-93.933105,-33.325195,67.993164
2563,-0.823730,0.014160,0.782227,-59.570312,-50.598145,33.142090
2564,-0.694336,0.042969,0.831543,-26.245117,-65.429688,1.525879
2565,-0.464355,0.127441,0.951660,-12.695312,-74.829102,-14.831543
2566,-0.146484,0.312988,1.015137,-50.048828,-93.383789,2.014160
2567,-0.098633,0.361816,0.903320,-84.960938,-103.820801,26.367188
2568,-0.142578,0.404297,0.638672,-133.300781,-120.056152,80.261230
2569,-0.421875,0.481445,1.018066,-157.348633,-142.517090,125.244141
2570,-0.563965,0.168457,0.879395,-150.207520,-146.911621,113.586426
2571,-0.462402,-0.014160,0.856934,-103.759766,-99.548340,65.307617
2572,-0.282227,-0.155762,0.827637,-68.359375,-46.691895,29.174805
2573,-0.045410,-0.158691,1.038574,-46.752930,-6.835938,-5.004883
2574,-0.059082,-0.164551,1.093262,-54.992676,-21.545410,-11.535645
2575,-0.113770,-0.174316,1.055176,-63.903809,-40.222168,-27.587891
2576,-0.125977,0.046387,1.046875,-67.626953,-57.739258,-70.861816
2577,-0.055664,0.235352,1.027344,-66.589355,-63.293457,-74.523926
2578,-0.002441,0.293457,0.974609,-61.828613,-60.058594,-62.255859
2579,-0.024414,0.171387,0.837891,-66.406250,-29.663086,-26.184082
2580,-0.025391,0.056152,0.719238,-64.758301,-1.708984,-21.423340
2581,0.019531,0.010742,0.747070,-59.692383,31.372070,-21.423340
2582,0.020508,-0.024414,0.824219,-55.541992,56.884766,-18.859863
2583,-0.121094,-0.096191,0.990234,-48.400879,76.782227,-27.954102
2584,-0.200684,-0.107910,1.027832,-53.710938,71.594238,-35.217285
2585,-0.260742,-0.139160,0.953125,-66.345215,67.993164,-40.405273
2586,-0.183105,-0.015625,0.871582,-92.590332,80.810547,-29.846191
2587,-0.147461,0.020996,0.930176,-99.609375,84.960938,-12.512207
2588,-0.122559,0.043945,1.027344,-102.722168,83.740234,5.310059
2589,-0.125000,0.022461,1.211914,-93.322754,65.307617,18.981934
2590,-0.187012,-0.082520,1.292969,-75.805664,31.860352,22.399902
2591,-0.276855,-0.162109,1.152344,-47.119141,-37.109375,12.817383
2592,-0.327637,-0.247559,1.039551,-33.569336,-51.452637,9.399414
2593,-0.249023,-0.337891,0.916016,-7.995605,-49.072266,-5.859375
2594,-0.191406,-0.316406,0.936523,2.136230,-44.128418,-11.413574
2595,-0.131348,-0.244629,0.968750,7.995605,-40.344238,-13.000488
2596,-0.093262,-0.222656,0.984375,9.094238,-38.330078,-11.657715
2597,-0.090332,-0.214844,0.950684,-1.708984,-33.386230,-6.164551
2598,-0.085938,-0.161621,0.958496,-8.666992,-31.921387,-2.563477
2599,-0.099121,-0.145996,0.959473,-15.930176,-29.541016,2.807617
2600,-0.090332,-0.139648,0.958984,-20.446777,-28.381348,12.939453
2601,-0.045898,-0.177734,0.943848,-20.446777,-26.062012,18.066406
2602,-0.038574,-0.338867,0.988770,-37.231445,-25.085449,18.371582
2603,-0.058594,-0.432617,1.119141,-63.415527,-26.611328,6.103516
2604,-0.111816,-0.372070,1.186035,-99.731445,-33.447266,-7.995605
2605,-0.175293,-0.295898,1.076660,-133.911133,-47.241211,-16.967773
2606,-0.175293,-0.316406,0.951660,-148.620605,-63.354492,-21.484375
2607,-0.123047,-0.354004,0.740723,-138.610840,-44.250488,-19.226074
2608,-0.061523,-0.355469,0.596680,-115.173340,-2.990723,-18.066406
2609,0.023926,-0.310547,0.813965,-76.904297,77.758789,-4.333496
2610,0.026855,-0.365723,1.000000,-75.378418,83.618164,2.990723
2611,-0.012695,-0.377930,1.025391,-87.768555,81.359863,8.605957
2612,-0.125000,-0.384277,1.084961,-128.356934,77.270508,11.474609
2613,-0.131836,-0.352539,1.037598,-124.816895,67.260742,17.333984
2614,-0.178711,-0.335938,0.945801,-90.820312,43.029785,29.724121
2615,-0.236816,-0.363281,0.869629,2.807617,-21.484375,45.898438
2616,-0.187012,-0.416504,1.035156,7.507324,-34.851074,46.630859
2617,-0.172363,-0.439453,0.904297,-2.136230,-37.170410,47.485352
2618,-0.187988,-0.434082,0.874023,-6.958008,-32.714844,45.776367
2619,-0.144531,-0.492188,1.164551,-34.362793,-32.775879,32.104492
2620,-0.187988,-0.624512,1.362793,-82.092285,-41.137695,26.062012
2621,-0.238281,-0.622559,0.997070,-114.318848,-45.288086,15.563965
2622,-0.325195,-0.578613,0.622559,-107.727051,-36.193848,-9.033203
2623,-0.332520,-0.601562,0.581543,-90.393066,-36.315918,-26.489258
2624,-0.334961,-0.609375,0.454102,-57.250977,-38.513184,-48.645020
2625,-0.075684,-0.556152,0.866699,-12.145996,-24.291992,-65.917969
2626,-0.078613,-0.507324,0.784668,-14.038086,-18.249512,-62.438965
2627,-0.057129,-0.446777,0.879883,-12.695312,-15.502930,-59.997559
2628,-0.028320,-0.446777,0.878418,-15.319824,-23.315430,-45.898438
2629,-0.008789,-0.541504,0.796875,-16.845703,-28.320312,-33.813477
2630,0.012207,-0.617676,0.792969,-18.432617,-26.367188,-20.385742
2631,0.052246,-0.844238,1.163086,-124.084473,-27.099609,3.051758
2632,-0.025391,-0.776855,0.686035,-141.235352,-37.048340,5.126953
2633,-0.067871,-0.660156,0.248535,-118.103027,-23.986816,-7.080078
2634,-0.025391,-0.596680,0.133789,-58.044434,-7.507324,-13.305664
2635,0.131348,-0.585449,0.903809,27.587891,19.653320,-5.371094
2636,0.060547,-0.570312,0.791504,18.188477,20.019531,4.333496
2637,-0.018555,-0.595703,0.876465,15.991211,11.840820,10.009766
2638,-0.048340,-0.622070,0.842285,14.953613,-2.563477,18.432617
2639,-0.056641,-0.665039,0.813477,14.709473,-10.803223,19.897461
2640,-0.073242,-0.767578,0.658203,9.948730,-8.178711,9.460449
2641,-0.033203,-0.763184,0.665527,9.643555,3.356934,-0.732422
2642,-0.005371,-0.726074,0.706055,7.690430,15.014648,-8.728027
2643,0.138672,-0.679688,1.430664,-123.474121,29.418945,0.305176
2644,0.037598,-0.577637,1.046875,-174.499512,17.761230,13.427734
2645,-0.139648,-0.442383,0.388672,-123.718262,-11.230469,23.376465
2646,-0.115723,-0.477539,0.341797,-62.500000,-22.033691,33.386230
2647,-0.029785,-0.679688,0.680176,-2.929688,-13.671875,38.818359
2648,-0.048340,-0.704590,0.736816,-8.361816,-10.925293,36.743164
2649,-0.041016,-0.715332,0.724121,-8.056641,-12.084961,34.484863
2650,-0.027832,-0.746094,0.660645,-7.751465,-9.704590,32.836914
2651,-0.094727,-0.830566,0.562988,6.774902,4.272461,23.803711
2652,-0.141113,-0.848145,0.680664,7.507324,9.399414,17.517090
2653,-0.164551,-0.851074,0.882324,-5.187988,2.624512,11.962891
2654,-0.127930,-0.817871,0.915527,-31.616211,-4.455566,11.535645
2655,-0.033691,-0.747070,0.709473,-75.622559,-7.324219,20.263672
2656,-0.016602,-0.752441,0.660645,-89.294434,-0.732422,24.719238
2657,-0.074219,-0.791016,0.676758,-106.811523,2.868652,23.620605
2658,-0.091797,-0.792480,0.602051,-109.863281,4.882812,20.263672
2659,-0.131836,-0.791016,0.531250,-107.116699,6.164551,15.258789
2660,-0.147949,-0.781250,0.451660,-70.922852,5.004883,12.084961
2661,-0.150391,-0.796387,0.468262,-50.781250,1.037598,11.596680
2662,-0.130371,-0.798340,0.492676,-35.217285,-4.333496,11.291504
2663,-0.078613,-0.805176,0.518555,-12.145996,-9.826660,15.380859
2664,-0.056152,-0.809082,0.521973,-6.225586,-8.178711,20.141602
2665,-0.033691,-0.784668,0.552246,-3.051758,-5.798340,27.038574
2666,-0.130371,-0.820312,0.633789,-6.958008,-10.559082,42.053223
2667,-0.205566,-0.875977,0.621582,-13.610840,-17.700195,40.832520
2668,-0.212891,-0.905762,0.534668,-18.859863,-17.822266,33.813477
2669,-0.201660,-0.939453,0.443848,-26.611328,2.990723,11.474609
2670,-0.179199,-0.926270,0.437012,-28.259277,18.188477,-0.488281
2671,-0.152832,-0.807617,0.577637,-24.414062,32.653809,-14.526367
2672,-0.145020,-0.749512,0.666992,-27.099609,27.404785,-11.840820
2673,-0.129395,-0.745605,0.703613,-33.142090,16.723633,-5.004883
2674,-0.100098,-0.753418,0.687012,-41.931152,6.408691,3.356934
2675,-0.133301,-0.860840,0.610352,-63.049316,-6.713867,21.667480
2676,-0.181152,-0.954102,0.552246,-78.186035,-6.408691,21.911621
2677,-0.191406,-1.001953,0.483398,-95.153809,-3.112793,11.352539
2678,-0.172363,-0.893555,0.413574,-101.928711,5.004883,-2.868652
2679,-0.160156,-0.855957,0.393555,-94.543457,2.441406,-3.662109
2680,-0.150879,-0.822266,0.348145,-80.810547,-1.586914,-1.342773
2681,-0.129395,-0.808594,0.386719,-44.982910,-10.009766,7.385254
2682,-0.120605,-0.812500,0.440430,-35.278320,-17.883301,12.145996
2683,-0.113770,-0.826172,0.456543,-31.127930,-26.733398,17.089844
2684,-0.100586,-0.846191,0.452637,-28.442383,-34.790039,23.193359
2685,-0.159180,-0.933105,0.343262,-27.648926,-41.931152,32.592773
2686,-0.201172,-0.995117,0.254883,-28.076172,-34.423828,31.738281
2687,-0.249023,-1.020996,0.228027,-29.479980,-21.667480,24.475098
2688,-0.252441,-0.991211,0.218750,-22.949219,-3.723145,2.136230
2689,-0.212891,-0.933105,0.260742,-10.559082,-0.122070,-5.004883
2690,-0.166504,-0.878906,0.356934,-2.075195,-0.122070,-5.432129
2691,-0.147461,-0.871094,0.434570,-4.211426,-9.216309,0.671387
2692,-0.164062,-0.900391,0.416992,-7.385254,-13.732910,2.929688
2693,-0.208008,-0.951172,0.378906,-10.742188,-16.052246,2.075195
2694,-0.166504,-0.940918,0.318359,-11.047363,-11.657715,-4.333496
2695,-0.157227,-0.925293,0.276855,-12.084961,-3.845215,-3.417969
2696,-0.166992,-0.943359,0.271973,-10.070801,3.356934,-0.427246
2697,-0.189941,-0.973633,0.311035,-11.047363,13.000488,-5.065918
2698,-0.175293,-0.947266,0.334473,-10.925293,11.779785,-7.629395
2699,-0.142578,-0.917969,0.354004,-9.521484,7.690430,-7.873535
2700,-0.112793,-0.904785,0.363281,-15.808105,-1.220703,-1.464844
2701,-0.132812,-0.921875,0.359863,-20.568848,-4.150391,2.685547
2702,-0.216797,-0.986328,0.368164,-38.269043,-8.789062,3.723145
2703,-0.255371,-1.007324,0.336426,-49.255371,-10.620117,-1.708984
2704,-0.280273,-1.021484,0.296387,-59.753418,-10.131836,-12.268066
2705,-0.270996,-1.010254,0.250488,-67.443848,-6.835938,-24.047852
2706,-0.197754,-0.968262,0.235840,-69.946289,2.563477,-37.353516
2707,-0.148926,-0.943359,0.238281,-67.504883,5.798340,-41.442871
2708,-0.099121,-0.910156,0.264648,-63.903809,7.019043,-40.283203
2709,-0.073242,-0.884766,0.298340,-58.898926,2.136230,-25.390625
2710,-0.085449,-0.900391,0.292480,-54.748535,-1.220703,-17.822266
2711,-0.108887,-0.920410,0.283203,-52.673340,-4.760742,-13.244629
2712,-0.145996,-0.960938,0.260254,-53.283691,-15.014648,-10.864258
2713,-0.142578,-0.971680,0.200684,-53.161621,-18.249512,-11.108398
2714,-0.129883,-0.981445,0.104980,-48.339844,-18.615723,-11.901855
2715,-0.093750,-0.959961,0.034180,-32.714844,-5.126953,-13.061523
2716,-0.085449,-0.954102,0.040039,-28.076172,6.469727,-12.878418
2717,-0.075195,-0.947754,0.053711,-26.977539,20.507812,-13.061523
2718,-0.098633,-0.933594,0.130859,-24.841309,51.025391,-16.357422
2719,-0.189453,-0.962891,0.240234,-32.104492,59.692383,-27.709961
2720,-0.234375,-1.017090,0.208984,-38.757324,50.354004,-39.978027
2721,-0.239746,-1.081055,0.140137,-41.259766,40.588379,-51.635742
2722,-0.161621,-1.149902,0.084961,-38.391113,35.827637,-75.744629
2723,-0.119141,-1.097168,0.112305,-37.536621,37.353516,-85.205078
2724,-0.108398,-1.009277,0.181152,-40.405273,38.513184,-92.895508
2725,-0.039551,-0.982422,0.341797,-69.824219,24.169922,-108.764648
2726,0.022949,-1.020508,0.352051,-74.096680,13.183594,-110.107422
2727,0.067383,-0.984863,0.271973,-63.354492,-2.380371,-104.858398
2728,0.183594,-0.900391,0.107910,-34.484863,-41.625977,-92.346191
2729,0.202637,-0.860840,0.113770,-37.170410,-51.940918,-83.129883
2730,0.194824,-0.864258,0.101562,-48.034668,-56.152344,-73.913574
2731,0.204102,-0.891113,0.055176,-58.593750,-59.326172,-66.223145
2732,0.197754,-0.948242,-0.106445,-61.157227,-63.415527,-45.288086
2733,0.178711,-0.943359,-0.153320,-59.387207,-60.363770,-35.156250
2734,0.185547,-0.975586,-0.203613,-60.791016,-38.757324,-27.404785
2735,0.210938,-0.976074,-0.210938,-56.091309,-26.794434,-24.230957
2736,0.226562,-0.956543,-0.211914,-46.264648,-18.737793,-19.165039
2737,0.233887,-0.943848,-0.211426,-33.630371,-12.878418,-13.183594
2738,0.275879,-0.924805,-0.163086,-11.230469,-6.652832,4.089355
2739,0.273926,-0.907715,-0.115234,-9.887695,-8.483887,14.587402
2740,0.261230,-0.887207,-0.018066,-22.827148,-12.878418,25.756836
2741,0.204590,-0.866211,-0.045898,-79.284668,-24.780273,52.429199
2742,0.166016,-0.878906,-0.151855,-96.923828,-21.057129,63.659668
2743,0.115234,-0.933594,-0.204102,-102.661133,-20.385742,71.899414
2744,-0.007812,-1.084473,-0.270020,-62.316895,-42.419434,64.514160
2745,-0.019043,-1.088379,-0.294922,-23.742676,-58.654785,53.039551
2746,-0.002441,-1.141602,-0.284668,8.911133,-59.997559,39.733887
2747,-0.028809,-1.137207,-0.171875,-12.512207,-22.827148,5.859375
2748,-0.055664,-1.111816,-0.222656,-24.963379,-7.202148,-6.774902
2749,-0.029297,-1.000000,-0.229980,9.338379,-11.047363,-24.291992
2750,0.040039,-0.946777,-0.234375,25.512695,-18.920898,-26.794434
2751,0.104492,-0.915527,-0.221191,33.264160,-19.226074,-22.033691
2752,0.137695,-0.925781,-0.194336,29.846191,-7.751465,-8.972168
2753,0.143066,-0.955566,-0.191895,28.564453,-0.549316,-4.760742
2754,0.132324,-0.971191,-0.163086,23.986816,6.347656,-0.671387
2755,0.118164,-0.986816,-0.146484,15.258789,11.108398,2.685547
2756,0.117188,-0.979004,-0.182129,2.319336,15.258789,4.211426
2757,0.107422,-0.957031,-0.180176,1.159668,16.418457,4.089355
2758,0.051270,-0.962402,-0.089355,-1.708984,10.498047,4.089355
2759,0.044922,-0.976074,-0.075195,-1.342773,1.708984,2.807617
2760,0.054688,-0.978516,-0.084961,-1.281738,-5.920410,0.488281
2761,0.076172,-0.971680,-0.119629,-2.319336,-8.361816,-1.037598
2762,0.120605,-0.978027,-0.174805,-6.713867,-5.554199,-0.671387
2763,0.150391,-0.952637,-0.215820,-5.798340,-0.305176,0.366211
2764,0.181641,-0.920898,-0.231445,-3.479004,7.629395,4.577637
2765,0.100586,-1.015137,-0.122070,-4.882812,23.864746,12.268066
2766,0.056641,-1.036133,-0.119629,-9.887695,23.437500,9.399414
2767,0.059082,-0.972656,-0.179199,-2.868652,18.310547,3.479004
2768,0.051270,-0.960449,-0.189453,1.953125,17.089844,3.234863
2769,0.056152,-0.975098,-0.166016,6.347656,16.174316,3.723145
2770,0.073730,-0.980957,-0.114258,6.958008,14.648438,5.981445
2771,0.076660,-0.972168,-0.116211,7.690430,9.033203,8.422852
2772,0.079102,-0.956543,-0.109375,5.981445,7.324219,8.117676
2773,0.084473,-0.986816,-0.160156,3.479004,6.408691,11.352539
2774,0.063965,-1.019043,-0.131836,0.793457,10.925293,11.901855
2775,0.022949,-1.034180,-0.070312,-7.446289,12.023926,9.887695
2776,-0.017090,-1.049805,-0.098145,-14.038086,8.666992,3.417969
2777,-0.000488,-0.988281,-0.197266,-3.295898,-2.380371,-12.634277
2778,0.043945,-0.949707,-0.199707,1.708984,-5.371094,-13.061523
2779,0.088867,-0.954590,-0.224121,0.366211,-5.371094,-10.253906
2780,0.122070,-0.958984,-0.238281,-4.028320,8.605957,-1.525879
2781,0.088867,-0.961914,-0.207031,-7.141113,15.258789,2.441406
2782,0.057617,-0.950195,-0.201660,-8.300781,19.287109,5.371094
2783,0.071289,-0.967285,-0.196777,-4.821777,20.690918,10.070801
2784,0.075195,-0.962402,-0.166016,-4.577637,22.644043,11.413574
2785,0.068848,-0.957520,-0.178223,-6.896973,22.583008,11.474609
2786,0.041992,-0.979004,-0.185547,5.920410,26.489258,11.230469
2787,0.044434,-1.019043,-0.058594,10.192871,30.639648,11.230469
2788,0.060547,-1.042969,0.055664,8.422852,23.132324,9.765625
2789,0.081055,-0.965820,0.060547,6.164551,-13.122559,0.671387
2790,0.039551,-0.937012,0.061035,3.601074,-28.259277,0.854492
2791,-0.013672,-1.014648,-0.022461,5.554199,-42.480469,-1.464844
2792,-0.099121,-1.077637,-0.195312,19.836426,-50.781250,-14.038086
2793,-0.066895,-1.021484,-0.255371,13.183594,-37.353516,-20.080566
2794,-0.073730,-0.994141,-0.277832,8.361816,-19.104004,-26.367188
2795,-0.044922,-0.998047,-0.265137,4.272461,-1.098633,-34.973145
2796,-0.005371,-1.017090,-0.205078,1.403809,15.136719,-41.259766
2797,0.062988,-0.962402,0.038086,-7.385254,15.380859,-43.579102
2798,0.113770,-0.961426,0.060059,-28.381348,7.080078,-44.494629
2799,0.167480,-1.018555,-0.244141,-59.204102,9.155273,-57.495117
2800,0.151367,-0.954102,-0.346680,-54.687500,23.437500,-60.729980
2801,0.156250,-0.923340,-0.378418,-49.255371,42.480469,-58.410645
2802,0.174316,-0.937012,-0.361816,-42.785645,57.617188,-54.504395
2803,0.246094,-0.961914,-0.223633,-33.508301,70.739746,-50.598145
2804,0.290527,-0.909668,-0.122559,-33.020020,67.016602,-45.959473
2805,0.329590,-0.838379,-0.012695,-37.475586,35.400391,-23.925781
2806,0.319336,-0.830078,-0.042480,-44.677734,16.296387,-8.666992
2807,0.290527,-0.877441,-0.093262,-47.668457,0.305176,2.563477
2808,0.238281,-0.928711,-0.162598,-46.875000,-15.136719,5.371094
2809,0.178711,-0.969727,-0.336426,-31.433105,-33.691406,-2.624512
2810,0.196777,-0.960938,-0.352051,-18.432617,-38.085938,-3.723145
2811,0.232422,-0.948242,-0.356934,-9.704590,-40.466309,-2.685547
2812,0.251953,-0.936523,-0.364258,-5.126953,-38.818359,0.305176
2813,0.255859,-0.817383,-0.265137,-12.145996,-21.911621,7.934570
2814,0.235840,-0.781738,-0.218750,-23.193359,-16.479492,18.188477
2815,0.163574,-0.939941,-0.274414,-49.682617,-5.371094,33.386230
2816,0.144531,-1.026367,-0.325195,-56.152344,0.061035,29.479980
2817,0.170410,-1.028809,-0.372070,-53.894043,3.967285,21.667480
2818,0.202637,-0.979492,-0.398926,-44.494629,7.080078,17.272949
2819,0.212402,-0.894043,-0.333008,-30.822754,15.625000,19.226074
2820,0.170898,-0.941895,-0.306641,-33.813477,20.080566,20.324707
2821,0.094238,-1.043945,-0.208008,-43.518066,10.925293,13.366699
2822,0.121094,-1.002441,-0.226074,-39.367676,-4.333496,4.760742
2823,0.182617,-0.925781,-0.246094,-29.846191,-19.897461,-0.366211
2824,0.272949,-0.836914,-0.380371,-12.084961,-41.015625,6.958008
2825,0.248047,-0.866699,-0.436523,-2.075195,-41.748047,14.770508
2826,0.187500,-0.924316,-0.439453,-0.244141,-33.874512,18.188477
2827,0.158691,-0.932129,-0.440918,-4.821777,-23.254395,17.761230
2828,0.145020,-0.937988,-0.464355,-14.221191,6.591797,13.305664
2829,0.135742,-0.929199,-0.434082,-16.784668,19.897461,11.657715
2830,0.134277,-0.842285,-0.310059,-31.066895,33.447266,14.404297
2831,0.170898,-0.805664,-0.283691,-41.625977,33.996582,15.502930
2832,0.205566,-0.782715,-0.276367,-53.405762,33.264160,20.751953
2833,0.187012,-0.814453,-0.319824,-65.307617,33.447266,27.282715
2834,0.057617,-0.937012,-0.439453,-77.209473,40.588379,31.250000
2835,0.024414,-0.959473,-0.444336,-74.096680,40.771484,28.015137
2836,0.055176,-0.976074,-0.475586,-55.847168,33.752441,16.540527
2837,0.112305,-0.943359,-0.458984,-47.607422,29.541016,12.756348
2838,0.143555,-0.909180,-0.434082,-38.085938,24.658203,12.268066
2839,0.154297,-0.847656,-0.367188,-25.207520,9.399414,13.122559
2840,0.120117,-0.862793,-0.371582,-25.573730,-3.234863,15.441895
2841,0.057617,-0.896973,-0.421875,-25.085449,-15.991211,13.122559
2842,0.011230,-0.937500,-0.511719,-23.071289,-26.855469,5.798340
2843,0.034668,-0.941895,-0.639648,-17.822266,-27.404785,-9.216309
2844,0.066406,-0.896484,-0.678223,-11.718750,-23.437500,-11.535645
2845,0.170410,-0.806641,-0.547852,4.516602,-16.052246,-1.220703
2846,0.172852,-0.814453,-0.471191,6.652832,-18.310547,5.310059
2847,0.157715,-0.819824,-0.441406,4.577637,-20.812988,11.474609
2848,0.140137,-0.840820,-0.456543,-0.976562,-20.690918,15.991211
2849,0.121582,-0.876953,-0.532715,-13.732910,-5.249023,15.930176
2850,0.130859,-0.871094,-0.509277,-19.409180,4.211426,16.906738
2851,0.128418,-0.850586,-0.475586,-23.010254,7.934570,19.470215
2852,0.074219,-0.833984,-0.480957,-19.653320,3.540039,20.812988
2853,0.039062,-0.826172,-0.468262,-17.456055,2.746582,18.798828
2854,0.053223,-0.803223,-0.457520,-18.249512,2.014160,17.333984
2855,0.074219,-0.799316,-0.407715,-23.681641,-8.361816,19.958496
2856,0.077637,-0.836426,-0.454102,-25.695801,-15.319824,23.742676
2857,0.047852,-0.851074,-0.495117,-27.343750,-18.188477,23.986816
2858,0.055176,-0.868164,-0.609863,-27.099609,-12.023926,20.568848
2859,0.062988,-0.853516,-0.607422,-26.123047,-0.610352,20.874023
2860,0.047363,-0.875000,-0.604492,-30.395508,10.620117,19.836426
2861,0.049805,-0.860840,-0.595215,-38.269043,21.240234,16.052246
2862,0.076660,-0.708008,-0.437012,-49.133301,20.812988,19.592285
2863,0.104004,-0.644531,-0.412598,-58.776855,9.887695,30.029297
2864,0.097168,-0.711426,-0.485352,-73.730469,4.028320,43.090820
2865,0.070801,-0.752930,-0.561035,-92.773438,13.671875,50.781250
2866,0.029297,-0.802734,-0.542969,-172.607422,36.987305,61.889648
2867,0.015625,-0.766602,-0.538574,-218.811035,50.292969,59.143066
2868,-0.067383,-0.855957,-0.906250,-203.125000,31.982422,56.091309
2869,-0.102051,-0.891602,-0.847656,-134.277344,9.094238,40.710449
2870,0.019043,-0.805664,-0.897461,-78.308105,8.544922,-0.305176
2871,0.025879,-0.730469,-0.922363,-81.420898,25.207520,-11.108398
2872,0.018066,-0.654785,-0.880371,-74.645996,30.639648,-7.263184
2873,0.022949,-0.615723,-0.753418,-87.524414,22.460938,1.586914
2874,0.049316,-0.572754,-0.756836,-80.261230,10.498047,4.028320
2875,0.062012,-0.532227,-0.747559,-83.007812,-1.098633,4.699707
2876,0.020020,-0.603027,-0.811035,-75.744629,-29.052734,-4.943848
2877,0.061035,-0.537109,-0.828125,-76.416016,-40.405273,-5.004883
2878,0.038086,-0.607422,-0.958496,-66.833496,-48.645020,-4.211426
2879,0.061035,-0.395996,-1.056152,-21.606445,-61.950684,4.028320
2880,0.086426,-0.380859,-1.173340,3.906250,-54.260254,10.681152
2881,0.054199,-0.437500,-1.165039,18.920898,-28.320312,12.878418
2882,0.021973,-0.472656,-1.042480,17.639160,3.173828,10.375977
2883,0.065918,-0.509766,-0.872070,7.873535,28.869629,20.874023
2884,0.058594,-0.516113,-0.768066,10.437012,19.592285,31.066895
2885,0.025391,-0.544922,-0.751953,10.009766,8.178711,33.813477
2886,-0.018555,-0.531250,-0.690430,19.775391,-16.357422,24.902344
2887,-0.013672,-0.535156,-0.729492,27.038574,-34.606934,21.545410
2888,-0.022949,-0.533691,-0.780762,39.123535,-48.400879,21.789551
2889,-0.065430,-0.516602,-0.801758,53.283691,-55.114746,28.076172
2890,-0.095215,-0.519043,-0.715332,51.330566,-37.048340,46.752930
2891,-0.146973,-0.573242,-0.609375,19.592285,-16.906738,57.006836
2892,-0.266602,-0.810059,-0.780273,-50.720215,12.817383,30.456543
2893,-0.238281,-0.770508,-0.829590,-60.974121,24.169922,-1.708984
2894,-0.143555,-0.610352,-0.768066,-70.312500,26.733398,-14.953613
2895,-0.035156,-0.555176,-0.691895,-82.519531,17.272949,-6.958008
2896,-0.010254,-0.474121,-0.781250,-81.726074,-27.404785,13.000488
2897,-0.026367,-0.457031,-0.852051,-61.462402,-47.607422,17.822266
2898,-0.061523,-0.461914,-0.956055,-37.109375,-52.734375,13.549805
2899,-0.068848,-0.406250,-1.063965,-3.784180,-24.291992,9.033203
2900,-0.095215,-0.440430,-1.027832,-1.403809,0.244141,18.127441
2901,-0.150391,-0.518066,-0.837891,-9.704590,24.963379,25.207520
2902,-0.126953,-0.515625,-0.734863,-15.258789,21.118164,23.681641
2903,-0.145508,-0.517090,-0.724121,-24.536133,10.192871,19.653320
2904,-0.178223,-0.503906,-0.757812,-29.296875,-0.915527,14.221191
2905,-0.222656,-0.482422,-0.900879,-24.963379,-13.244629,6.958008
2906,-0.212402,-0.489746,-0.933594,-16.723633,-10.742188,3.845215
2907,-0.152344,-0.476562,-0.949219,-15.258789,-5.981445,1.586914
2908,-0.092285,-0.464844,-0.899902,-24.536133,8.117676,9.948730
2909,-0.163574,-0.483398,-0.946289,-32.714844,13.305664,6.347656
2910,-0.178711,-0.445312,-0.981445,-26.733398,15.686035,-2.197266
2911,-0.135254,-0.395020,-0.862793,-10.437012,8.300781,-0.427246
2912,-0.128906,-0.449219,-0.861816,-12.207031,2.380371,2.441406
2913,-0.115723,-0.477051,-0.875977,-15.869141,-1.647949,-1.831055
2914,-0.073242,-0.447266,-0.883789,-18.493652,-4.882812,-7.141113
2915,-0.011230,-0.360840,-0.910645,-6.164551,-9.277344,-1.159668
2916,-0.034668,-0.386230,-0.902344,1.220703,-12.268066,1.708984
2917,-0.068359,-0.437988,-0.867188,-3.906250,-15.991211,5.432129
2918,-0.174805,-0.473633,-0.826172,-23.254395,-27.526855,-3.662109
2919,-0.208496,-0.439453,-0.831543,-26.489258,-35.339355,-11.718750
2920,-0.226562,-0.410156,-0.860840,-24.475098,-39.611816,-15.258789
2921,-0.218750,-0.396484,-0.903809,-21.118164,-35.400391,-15.075684
2922,-0.162109,-0.405273,-1.001465,-7.812500,-11.108398,-14.892578
2923,-0.101074,-0.385254,-1.006836,-5.676270,1.220703,-11.230469
2924,-0.060059,-0.353027,-0.963867,-6.958008,20.996094,-1.403809
2925,-0.110840,-0.379395,-0.956543,-13.916016,33.081055,6.408691
2926,-0.166504,-0.407715,-0.946777,-20.446777,48.767090,12.023926
2927,-0.189941,-0.419434,-0.906738,-28.076172,63.110352,14.770508
2928,-0.159180,-0.415039,-0.925293,-28.076172,81.481934,7.263184
2929,-0.128418,-0.397461,-0.907715,-23.254395,86.547852,3.723145
2930,-0.126953,-0.449219,-0.767578,-21.728516,74.462891,-1.403809
2931,-0.092285,-0.526367,-0.713867,-24.658203,56.152344,-15.380859
2932,-0.044922,-0.547363,-0.663574,-28.259277,30.517578,-32.409668
2933,-0.021484,-0.515137,-0.644531,-31.677246,1.525879,-48.156738
2934,-0.056641,-0.377441,-0.786621,-39.733887,-46.325684,-61.157227
2935,-0.064453,-0.341797,-0.870117,-34.301758,-60.974121,-54.138184
2936,-0.142578,-0.345703,-0.874023,-27.832031,-70.190430,-50.109863
2937,-0.080566,-0.356445,-1.068848,-56.213379,-49.560547,-74.523926
2938,-0.023438,-0.201172,-1.064453,-53.894043,-33.630371,-76.293945
2939,-0.014648,-0.177246,-1.104980,-49.499512,-20.874023,-68.420410
2940,0.045898,-0.176270,-1.066406,-28.015137,7.812500,-40.039062
2941,0.055664,-0.240723,-1.017090,-26.733398,20.263672,-27.160645
2942,0.034180,-0.311035,-0.952148,-33.081055,26.672363,-23.315430
2943,-0.023926,-0.329102,-0.909180,-49.865723,25.512695,-31.127930
2944,-0.073730,-0.299805,-0.964355,-48.889160,23.254395,-33.874512
2945,-0.120605,-0.250488,-0.968262,-43.823242,22.033691,-36.376953
2946,-0.055176,-0.198242,-1.012695,-33.752441,17.272949,-37.597656
2947,0.028809,-0.176270,-0.999023,-22.705078,14.160156,-35.827637
2948,0.101074,-0.172363,-0.969238,-13.916016,9.887695,-30.395508
2949,0.149414,-0.164551,-0.977539,2.197266,2.563477,-10.375977
2950,0.138672,-0.179688,-0.968750,13.732910,3.173828,5.126953
2951,0.095215,-0.207520,-0.941406,20.080566,3.967285,22.521973
2952,0.056641,-0.243652,-0.963867,23.132324,7.507324,34.301758
2953,0.007324,-0.334473,-0.890625,17.272949,7.080078,34.667969
2954,-0.034180,-0.369141,-0.889648,10.375977,8.239746,26.062012
2955,-0.084961,-0.373535,-0.862793,3.356934,5.554199,10.131836
2956,0.058105,-0.209961,-1.005859,-5.859375,-12.084961,-16.723633
2957,0.164062,-0.059082,-1.104492,-1.403809,-13.000488,-14.709473
2958,0.178711,-0.041016,-1.138184,-7.385254,1.159668,-2.746582
2959,0.086426,-0.149902,-1.119141,-32.592773,48.522949,8.178711
2960,-0.098145,-0.349609,-0.912598,-48.461914,61.279297,2.868652
2961,-0.148438,-0.393066,-0.890137,-58.105469,65.429688,-9.460449
2962,-0.065918,-0.325684,-0.885254,-57.128906,53.527832,-31.433105
2963,-0.022949,-0.253906,-0.843750,-47.607422,35.278320,-37.902832
2964,0.057617,-0.125488,-0.799316,-40.527344,14.038086,-39.489746
2965,0.130371,0.016602,-0.694824,-46.752930,-9.887695,-33.203125
2966,0.187500,-0.044922,-1.058594,-56.518555,-38.269043,-3.051758
2967,0.119141,-0.081055,-1.128418,-53.405762,-23.864746,9.887695
2968,-0.021484,-0.126465,-1.007324,-57.617188,-16.540527,12.573242
2969,-0.061523,-0.129883,-1.000000,-76.843262,-25.268555,-16.784668
2970,-0.015137,-0.151855,-1.070801,-78.125000,-17.089844,-23.620605
2971,0.012695,-0.145996,-1.112793,-67.199707,15.930176,-20.202637
2972,0.071289,-0.097656,-1.096680,-67.443848,34.057617,-17.456055
2973,0.096191,-0.048828,-1.092285,-69.274902,52.246094,-13.793945
2974,0.113281,-0.004395,-1.069336,-70.617676,67.565918,-6.225586
2975,0.117188,0.000488,-0.874512,-80.017090,75.988770,12.512207
2976,0.117188,-0.016602,-0.740234,-91.552734,63.415527,19.897461
2977,0.103027,-0.017578,-0.679688,-98.999023,42.236328,26.184082
2978,0.035645,-0.001953,-0.802734,-98.510742,-7.690430,35.766602
2979,0.015137,-0.015625,-0.942383,-91.369629,-26.611328,34.729004
2980,0.034668,-0.027832,-1.072754,-77.758789,-36.010742,27.160645
2981,0.162109,0.043945,-1.114258,-57.922363,-23.498535,6.408691
2982,0.192871,0.103027,-1.022461,-61.279297,-9.338379,2.624512
2983,0.193359,0.153320,-0.994141,-80.810547,4.028320,4.516602
2984,0.139160,0.120117,-0.972168,-85.998535,14.892578,9.765625
2985,0.058594,0.060059,-0.705078,-149.414062,29.113770,6.652832
2986,0.022461,0.061035,-0.633301,-183.166504,36.437988,6.164551
2987,-0.054199,-0.118652,-0.647949,-267.578125,30.822754,-16.967773
2988,-0.062500,-0.215820,-0.578125,-289.916992,20.751953,-42.175293
2989,0.049316,0.243164,-1.381836,-202.392578,8.789062,-105.834961
2990,0.321289,0.705078,-1.555176,-146.545410,11.901855,-101.867676
2991,0.473633,0.923828,-1.426270,-79.101562,22.155762,-59.631348
2992,0.306152,0.821777,-1.051758,-50.537109,30.456543,-19.226074
2993,0.100586,0.543945,-0.588379,-67.749023,31.372070,6.774902
2994,0.129883,0.583984,-0.496582,-85.144043,19.531250,13.366699
2995,0.133301,0.626465,-0.488281,-96.618652,2.258301,17.700195
2996,0.201172,0.636230,-0.566406,-103.271484,-50.964355,30.273438
2997,0.201660,0.709473,-0.723633,-87.585449,-84.899902,52.185059
2998,0.144531,0.680664,-0.905762,-69.519043,-104.675293,65.002441
2999,0.009766,0.579590,-1.141113,-59.020996,-76.904297,52.856445
3000,0.030762,0.468750,-1.242676,-36.987305,-48.767090,27.587891
3001,0.221191,0.635254,-1.025879,-12.451172,2.502441,18.615723
3002,0.176270,0.605469,-0.838379,-7.324219,10.498047,21.972656
3003,0.166016,0.670898,-0.643555,-11.718750,5.615234,29.296875
3004,0.130859,0.683105,-0.731934,-9.948730,-3.601074,35.888672
3005,0.038086,0.534668,-0.896484,5.981445,-3.112793,27.893066
3006,0.023438,0.515137,-0.929688,7.629395,11.962891,19.348145
3007,0.036133,0.571777,-0.895996,8.422852,26.550293,11.474609
3008,0.092773,0.468262,-0.701660,8.728027,32.226562,17.517090
3009,0.154785,0.530273,-0.619629,-10.009766,22.827148,20.263672
3010,0.106934,0.510254,-0.721680,-16.235352,9.948730,16.540527
3011,0.149414,0.498047,-0.794922,-24.536133,1.831055,-16.357422
3012,0.150391,0.617188,-0.707520,-42.053223,6.225586,-21.606445
3013,0.096191,0.692871,-0.726074,-57.861328,12.023926,-22.766113
3014,0.105469,0.692871,-0.769043,-66.406250,17.211914,-26.855469
3015,0.189941,0.740234,-0.751953,-60.241699,14.221191,-13.977051
3016,0.230469,0.740234,-0.759766,-63.049316,6.042480,-6.835938
3017,0.217285,0.745605,-0.772949,-67.626953,-8.666992,12.329102
3018,0.176758,0.701172,-0.764648,-75.378418,-8.728027,18.188477
3019,0.149902,0.691406,-0.773926,-89.843750,-0.732422,18.188477
3020,0.159180,0.763672,-0.791992,-106.567383,33.325195,12.207031
3021,0.219238,0.812500,-0.722656,-119.445801,50.964355,7.385254
3022,0.244629,0.834473,-0.657715,-132.690430,58.776855,10.070801
3023,0.204590,0.753418,-0.662109,-137.756348,57.189941,20.935059
3024,0.065918,0.631348,-0.655273,-130.249023,57.739258,11.901855
3025,0.161621,0.742188,-0.659668,-87.341309,56.030273,11.230469
3026,0.141602,0.720215,-0.562988,-69.335938,57.739258,25.756836
3027,0.160645,0.776367,-0.440918,-79.956055,60.119629,34.118652
3028,0.248047,0.862305,-0.487305,-89.904785,58.288574,52.673340
3029,0.233398,0.864258,-0.518066,-90.332031,46.386719,82.031250
3030,0.245605,0.829102,-0.518066,-98.022461,45.776367,84.411621
3031,0.233887,0.816895,-0.535645,-110.168457,48.461914,83.801270
3032,0.209473,0.890625,-0.534668,-122.985840,57.922363,83.312988
3033,0.223145,0.869141,-0.490234,-127.075195,62.927246,83.435059
3034,0.336426,0.851074,-0.386719,-151.916504,77.270508,97.412109
3035,0.380859,0.875488,-0.366211,-169.189453,86.730957,115.783691
3036,0.414062,0.966797,-0.340332,-178.527832,92.773438,141.540527
3037,0.358887,0.973633,-0.284180,-178.039551,90.026855,167.419434
3038,0.301270,0.732422,-0.103027,-143.981934,38.635254,155.700684
3039,0.313477,0.655273,-0.044922,-125.488281,-1.403809,138.122559
3040,0.395508,0.649902,-0.098633,-130.310059,-29.479980,118.041992
3041,0.639648,0.716797,-0.368164,-151.916504,-23.193359,87.768555
3042,0.668945,0.748047,-0.348633,-142.578125,-7.934570,67.687988
3043,0.715332,0.777344,-0.242188,-134.765625,1.708984,54.870605
3044,0.720703,0.698242,-0.208496,-124.206543,17.333984,50.537109
3045,0.644531,0.600098,-0.190918,-117.736816,29.907227,45.471191
3046,0.650391,0.615723,-0.233887,-113.647461,55.847168,35.766602
3047,0.666992,0.637207,-0.233398,-66.711426,114.929199,12.756348
3048,0.583008,0.607910,0.034668,-29.785156,115.966797,2.746582
3049,0.603516,0.660156,0.133789,11.352539,100.646973,-9.887695
3050,0.638184,0.729492,0.131348,8.789062,95.214844,-18.066406
3051,0.685547,0.788574,0.135254,0.244141,93.017578,-20.935059
3052,0.731934,0.833496,0.107910,-9.277344,92.529297,-22.399902
3053,0.706055,0.873535,0.097656,-25.390625,95.336914,-16.540527
3054,0.653809,0.833008,0.122070,-40.710449,102.172852,-12.756348
3055,0.620605,0.813965,0.154297,-57.006836,109.924316,-10.742188
3056,0.589844,0.807617,0.188965,-69.213867,113.769531,-8.483887
3057,0.538086,0.768555,0.230957,-82.275391,116.394043,-3.723145
3058,0.520508,0.767578,0.287598,-90.087891,116.088867,-1.586914
3059,0.490234,0.820801,0.441406,-118.103027,106.079102,3.723145
3060,0.500488,0.896484,0.571289,-144.287109,94.238281,9.338379
3061,0.520508,0.897461,0.710449,-177.307129,74.951172,14.160156
3062,0.496582,0.823242,0.669922,-209.716797,57.373047,16.479492
3063,0.470703,0.575195,0.312012,-207.092285,50.720215,9.216309
3064,0.518555,0.557129,0.239258,-172.424316,56.518555,5.615234
3065,0.539551,0.588379,0.455566,-101.806641,67.626953,7.995605
3066,0.521973,0.593262,0.547363,-82.092285,67.871094,9.582520
3067,0.497559,0.575195,0.632324,-64.575195,59.631348,12.390137
3068,0.459473,0.522461,0.704590,-45.288086,42.785645,12.512207
3069,0.444824,0.592773,0.755859,-28.869629,6.713867,2.868652
3070,0.504395,0.663574,0.701660,-40.466309,2.563477,0.732422
3071,0.525391,0.669434,0.596680,-56.518555,11.413574,-0.305176
3072,0.577148,0.672363,0.542969,-69.213867,28.259277,-0.793457
3073,0.609375,0.606934,0.554199,-59.509277,64.453125,-3.173828
3074,0.584961,0.609863,0.671387,-51.574707,76.354980,-1.892090
3075,0.507324,0.534180,0.817871,-36.376953,76.110840,-5.432129
3076,0.469727,0.489746,0.813477,-30.944824,63.903809,-5.676270
3077,0.428223,0.449219,0.791992,-30.700684,50.903320,-7.812500
3078,0.377930,0.424316,0.717773,-28.991699,36.865234,-24.597168
3079,0.371582,0.437012,0.672852,-23.254395,35.644531,-35.522461
3080,0.395996,0.484863,0.667480,-10.498047,34.179688,-43.640137
3081,0.431152,0.540039,0.692871,7.507324,29.357910,-41.442871
3082,0.412598,0.521484,0.728516,10.681152,26.672363,-42.480469
3083,0.412109,0.557129,0.741699,10.803223,23.559570,-45.104980
3084,0.412598,0.713379,0.771973,-10.925293,26.977539,-39.001465
3085,0.315918,0.690918,0.888184,-43.640137,30.578613,-37.109375
3086,0.288086,0.610352,0.870605,-93.994141,15.197754,-40.588379
3087,0.341797,0.608398,0.785156,-88.989258,3.906250,-33.325195
3088,0.383789,0.625000,0.752441,-67.016602,-4.516602,-22.644043
3089,0.359375,0.569824,0.754395,-12.817383,-13.061523,-3.784180
3090,0.356934,0.551758,0.778809,4.638672,-14.526367,0.488281
3091,0.361816,0.577637,0.935547,4.882812,-17.333984,2.258301
3092,0.314941,0.541504,0.969238,-21.545410,-21.911621,0.061035
3093,0.250488,0.489746,0.901855,-106.567383,-12.390137,-23.010254
3094,0.207520,0.452637,0.875488,-156.616211,1.098633,-41.870117
3095,0.202637,0.431641,0.885254,-208.251953,16.357422,-62.011719
3096,0.224121,0.261230,0.701660,-250.427246,34.912109,-90.454102
3097,0.305664,0.229004,0.624512,-207.458496,34.545898,-104.492188
3098,0.430664,0.299316,0.592773,-149.963379,36.865234,-102.966309
3099,0.441895,0.368164,0.641602,-58.349609,70.861816,-75.683594
3100,0.364258,0.402832,0.796387,-42.175293,94.909668,-63.537598
3101,0.275879,0.388184,0.977539,-33.874512,103.271484,-54.748535
3102,0.125000,0.324219,1.218750,-35.522461,62.316895,-48.034668
3103,0.093750,0.308105,1.184570,-44.738770,32.470703,-49.804688
3104,0.099121,0.282715,1.087402,-53.283691,8.117676,-53.222656
3105,0.195312,0.329590,0.954590,-57.617188,-16.906738,-52.734375
3106,0.250977,0.359863,0.893555,-64.880371,-17.822266,-46.386719
3107,0.292969,0.386230,0.834473,-67.443848,-13.610840,-38.269043
3108,0.237305,0.343750,0.818848,-62.622070,-1.892090,-29.785156
3109,0.195312,0.321777,0.828613,-61.157227,4.211426,-32.775879
3110,0.164551,0.298828,0.837402,-62.500000,11.108398,-38.513184
3111,0.130371,0.271973,0.864746,-67.687988,17.578125,-45.471191
3112,0.073242,0.201172,0.896973,-93.322754,26.489258,-61.645508
3113,0.074219,0.161133,0.892578,-108.032227,30.761719,-70.861816
3114,0.129883,0.159668,1.079102,-115.051270,26.000977,-80.993652
3115,0.189453,0.318359,1.199219,-104.431152,12.756348,-76.538086
3116,0.167969,0.270020,1.015625,-115.234375,5.126953,-62.927246
3117,0.145508,0.229980,1.019531,-88.806152,-9.033203,-51.330566
3118,0.104492,0.141113,1.083984,-55.908203,-24.047852,-39.489746
3119,0.100586,0.081543,1.040527,-51.269531,-25.329590,-38.696289
3120,0.106934,0.029297,0.963867,-51.452637,-23.010254,-40.588379
3121,0.152832,0.002441,0.967285,-57.739258,-10.681152,-48.034668
3122,0.146973,0.004395,0.921875,-62.500000,-1.098633,-51.574707
3123,0.142578,0.031738,0.876465,-69.213867,11.962891,-52.062988
3124,0.154785,0.088379,0.908203,-77.148438,37.109375,-42.907715
3125,0.156738,0.090820,0.950684,-78.857422,44.128418,-35.156250
3126,0.145996,0.073730,1.032227,-78.125000,45.410156,-27.648926
3127,0.113281,-0.008789,1.029297,-78.002930,33.508301,-21.179199
3128,0.099609,-0.038574,0.986816,-82.763672,30.517578,-22.827148
3129,0.047852,-0.082520,0.953613,-99.487305,34.057617,-31.433105
3130,0.018555,-0.071777,0.977539,-108.398438,35.217285,-35.644531
3131,-0.016602,-0.034668,0.989746,-109.863281,34.179688,-37.658691
3132,-0.034668,0.065430,1.014160,-101.257324,33.691406,-30.761719
3133,-0.034668,-0.092285,1.151367,-75.378418,11.901855,-23.376465
3134,0.009277,-0.152832,1.065430,-60.302734,-1.464844,-30.578613
3135,0.070312,-0.138672,1.130859,-46.508789,-10.253906,-39.001465
3136,0.115723,-0.117676,1.186523,-33.569336,-21.484375,-39.428711
3137,0.170410,-0.214355,0.944336,-18.493652,-29.296875,-33.996582
3138,0.139648,-0.289551,0.878906,-21.423340,-18.310547,-38.940430
3139,0.120605,-0.299805,0.832520,-28.442383,-2.563477,-48.645020
3140,0.102539,-0.263184,0.850586,-36.560059,14.465332,-59.020996
3141,0.097656,-0.137695,0.924805,-50.781250,35.827637,-69.458008
3142,0.097168,-0.090332,0.968262,-55.603027,39.855957,-65.856934
3143,0.147949,-0.036133,1.040039,-52.185059,35.949707,-55.236816
3144,0.159668,-0.141113,0.958496,-49.316406,30.761719,-26.855469
3145,0.113770,-0.198242,0.928711,-48.767090,34.667969,-17.578125
3146,0.083496,-0.216797,0.906738,-53.710938,49.377441,-5.554199
3147,0.004395,-0.251953,1.044922,-73.730469,38.696289,-1.892090
3148,-0.026855,-0.261230,1.277832,-99.243164,-1.342773,1.831055
3149,0.003906,-0.308105,1.190918,-119.262695,-66.040039,3.479004
3150,0.072754,-0.388672,0.744629,-71.594238,-48.767090,6.652832
3151,0.062500,-0.340820,0.684082,-31.372070,7.812500,1.464844
3152,0.116211,-0.347168,0.869629,-5.920410,46.386719,-5.310059
3153,0.119141,-0.307129,1.023926,-10.559082,44.921875,-4.333496
3154,0.046875,-0.325195,0.998535,-7.019043,32.775879,4.333496
3155,-0.019531,-0.364258,0.973633,-3.295898,29.357910,9.704590
3156,-0.041992,-0.443359,0.887695,-1.647949,32.531738,6.591797
3157,-0.031250,-0.424316,0.878906,-3.723145,35.705566,2.685547
3158,-0.015625,-0.395020,0.907227,-12.329102,38.818359,-0.244141
3159,-0.004883,-0.333496,0.901855,-25.268555,40.832520,-1.281738
3160,0.032227,-0.232910,0.984375,-40.710449,36.499023,9.765625
3161,0.015625,-0.242676,0.992676,-40.588379,34.912109,20.019531
3162,0.009766,-0.260742,0.987305,-30.212402,26.977539,34.851074
3163,-0.037598,-0.298828,1.059082,-28.686523,13.488770,44.250488
3164,-0.086914,-0.333984,0.998047,-28.991699,1.708984,45.898438
3165,-0.202637,-0.526367,0.930176,-22.155762,-10.437012,28.381348
3166,-0.221191,-0.691406,0.899902,-17.944336,-13.977051,4.211426
3167,-0.090820,-0.540527,0.688477,-18.432617,7.568359,-49.194336
3168,-0.022949,-0.400879,0.750488,-23.315430,32.409668,-58.471680
3169,0.025391,-0.384766,0.711914,-34.790039,54.138184,-58.959961
3170,0.178223,-0.219238,0.675293,-61.096191,108.886719,-40.039062
3171,0.255371,-0.044922,0.742188,-84.350586,136.047363,-14.465332
3172,0.242188,0.060059,0.653809,-120.422363,169.555664,23.742676
3173,0.117188,0.063477,0.614746,-165.588379,209.106445,66.040039
3174,-0.035156,-0.021484,0.498047,-222.961426,248.718262,105.834961
3175,-0.372070,-0.264648,0.471680,-312.927246,312.561035,179.626465
3176,-0.414062,-0.316895,0.579102,-358.642578,321.105957,214.477539
3177,-0.549316,-1.164551,1.010254,-295.837402,276.855469,254.699707
3178,-1.264648,-2.027344,2.389648,-146.179199,103.454590,178.649902
3179,-1.478027,-1.685547,1.889648,-124.206543,-79.528809,65.002441
3180,-1.165527,-1.079590,0.835938,-134.033203,-167.419434,-23.315430
3181,-0.525879,-0.820312,-0.059082,-87.280273,-71.472168,-53.344727
3182,-0.404785,-0.834473,0.106445,-113.037109,12.023926,-61.340332
3183,-0.372070,-0.771484,0.307129,-127.990723,56.884766,-70.922852
3184,-0.388184,-0.614258,0.418945,-105.163574,54.138184,-65.551758
3185,-0.394531,-0.582031,0.369629,-76.416016,33.935547,-49.255371
3186,-0.342773,-0.504395,0.337891,-43.395996,16.845703,-24.414062
3187,-0.443848,-0.699219,0.672363,-38.879395,-0.793457,20.446777
3188,-0.475586,-0.767578,0.589844,-48.034668,-12.634277,28.930664
3189,-0.560059,-0.913086,0.440918,-44.311523,-19.104004,26.428223
3190,-0.598145,-0.883301,0.710449,-44.372559,-23.925781,17.639160
3191,-0.548340,-0.839844,0.591309,-124.084473,-27.282715,6.896973
3192,-0.489258,-0.843262,0.497070,-134.033203,-32.775879,-0.732422
3193,-0.512695,-0.812012,0.394043,-144.897461,-39.672852,-15.380859
3194,-0.488770,-0.833496,0.321289,-128.173828,-26.123047,-27.954102
3195,-0.413086,-0.812988,0.242676,-130.859375,-14.404297,-30.151367
3196,-0.348145,-0.770508,0.153809,-126.892090,0.610352,-31.005859
3197,-0.308594,-0.732910,0.333496,-109.985352,4.821777,-7.812500
3198,-0.372559,-0.762207,0.324219,-98.022461,-10.742188,5.310059
3199,-0.500977,-0.940430,0.202148,-76.049805,-35.888672,8.056641
3200,-0.498535,-0.969727,0.128906,-75.256348,-31.921387,0.732422
3201,-0.464844,-0.981445,0.088379,-78.979492,-18.066406,-5.981445
3202,-0.419434,-0.965332,0.058594,-83.312988,-0.976562,-9.521484
3203,-0.363770,-0.885254,0.065918,-82.580566,24.902344,-10.559082
3204,-0.397461,-0.893066,0.138184,-79.528809,26.367188,-12.329102
3205,-0.403320,-0.821289,0.232422,-82.275391,21.545410,-13.305664
3206,-0.347656,-0.744629,0.430664,-103.088379,-22.949219,3.173828
3207,-0.330078,-0.774414,0.309082,-119.934082,-45.654297,16.418457
3208,-0.329590,-0.802734,0.203125,-138.366699,-55.114746,27.770996
3209,-0.457520,-0.970703,-0.052246,-152.465820,-54.077148,35.400391
3210,-0.533691,-1.018066,-0.145020,-144.470215,-44.921875,20.751953
3211,-0.571777,-0.986816,-0.197266,-126.831055,-33.935547,1.525879
3212,-0.581055,-0.930664,-0.234863,-110.778809,-19.897461,-15.441895
3213,-0.568848,-0.877441,-0.218262,-98.266602,13.061523,-42.053223
3214,-0.493164,-0.839844,-0.141113,-85.937500,18.554688,-46.691895
3215,-0.423828,-0.818359,-0.115234,-70.068359,16.784668,-44.006348
3216,-0.341309,-0.860352,-0.127930,-46.508789,12.756348,-29.724121
3217,-0.348145,-0.883301,-0.111328,-37.963867,12.573242,-22.399902
3218,-0.360352,-0.929688,-0.125488,-33.752441,13.977051,-17.272949
3219,-0.377441,-0.952148,-0.178223,-38.452148,28.991699,-15.441895
3220,-0.391113,-0.952148,-0.182129,-42.419434,37.780762,-18.249512
3221,-0.383789,-0.931152,-0.149902,-45.104980,40.344238,-20.690918
3222,-0.331543,-0.869141,-0.091309,-49.316406,20.629883,-16.174316
3223,-0.312500,-0.906250,-0.150391,-46.569824,7.812500,-12.878418
3224,-0.333008,-0.956055,-0.252930,-39.062500,2.380371,-8.178711
3225,-0.330078,-0.987793,-0.397461,-14.404297,24.536133,-3.662109
3226,-0.312012,-0.934570,-0.372559,0.793457,42.907715,-5.432129
3227,-0.285156,-0.876465,-0.330078,11.962891,58.166504,-3.906250
3228,-0.276367,-0.873047,-0.277344,18.310547,68.786621,-1.037598
3229,-0.315430,-0.887207,-0.128906,9.826660,65.551758,-0.732422
3230,-0.344727,-0.918457,0.079590,-28.442383,52.001953,-5.249023
3231,-0.337891,-0.868652,0.130859,-163.879395,6.103516,-25.512695
3232,-0.301758,-0.758789,-0.020508,-201.660156,-21.789551,-9.887695
3233,-0.303711,-0.666992,-0.176758,-215.759277,-40.527344,14.404297
3234,-0.318359,-0.660645,-0.335449,-193.603516,-36.437988,33.935547
3235,-0.358887,-0.678711,-0.445801,-183.654785,-22.583008,36.376953
3236,-0.354980,-0.646973,-0.423828,-186.157227,-8.605957,41.198730
3237,-0.403809,-0.682617,-0.465820,-205.322266,11.962891,54.565430
3238,-0.453613,-0.801758,-0.641113,-203.918457,26.977539,50.109863
3239,-0.516602,-0.954102,-0.929688,-170.471191,42.602539,38.391113
3240,-0.551270,-1.002930,-1.137207,-7.507324,81.176758,2.441406
3241,-0.468262,-0.848633,-0.878906,44.738770,104.736328,-11.169434
3242,-0.311035,-0.636719,-0.441895,59.143066,129.272461,-10.498047
3243,-0.272461,-0.596191,-0.318848,42.846680,126.953125,-1.403809
3244,-0.267578,-0.614746,-0.270508,19.958496,115.661621,8.666992
3245,-0.370605,-0.813965,-0.329590,-28.259277,77.453613,11.657715
3246,-0.435547,-0.948730,-0.443848,-45.715332,62.866211,-4.394531
3247,-0.371582,-0.888672,-0.568848,-57.189941,32.653809,-30.151367
3248,-0.283203,-0.799316,-0.649414,-50.781250,18.188477,-25.634766
3249,-0.196777,-0.758789,-0.678711,-43.273926,13.916016,-15.075684
3250,-0.230469,-0.772949,-0.541992,-52.490234,10.620117,-9.399414
3251,-0.249512,-0.745117,-0.458008,-67.138672,1.220703,-12.207031
3252,-0.241699,-0.709961,-0.441895,-87.829590,-10.009766,-14.221191
3253,-0.185547,-0.669922,-0.520508,-135.375977,-25.085449,-12.084961
3254,-0.187988,-0.673828,-0.625488,-149.902344,-28.930664,-10.681152
3255,-0.203125,-0.631348,-0.700684,-153.564453,-31.738281,-8.728027
3256,-0.322754,-0.616699,-0.993652,-128.723145,-31.616211,-0.366211
3257,-0.338867,-0.551270,-0.956055,-105.712891,-25.878906,0.610352
3258,-0.329102,-0.532715,-0.850098,-84.899902,-21.606445,-1.953125
3259,-0.312988,-0.533691,-0.790527,-66.467285,-22.705078,-6.347656
3260,-0.308594,-0.525391,-0.722656,-55.969238,-26.245117,-11.413574
3261,-0.288574,-0.497070,-0.742676,-67.565918,-31.127930,-11.169434
3262,-0.312988,-0.532715,-0.852539,-73.547363,-25.085449,-7.873535
3263,-0.341797,-0.518555,-1.060547,-52.185059,-5.065918,-4.028320
3264,-0.312012,-0.455078,-1.033691,-32.470703,6.652832,-1.037598
3265,-0.299805,-0.434082,-0.907227,-20.446777,15.625000,1.953125
3266,-0.325684,-0.471680,-0.770508,-12.817383,16.479492,1.831055
3267,-0.347168,-0.537109,-0.674805,-13.732910,-7.202148,-6.347656
3268,-0.334961,-0.559570,-0.705566,-16.235352,-17.639160,-11.840820
3269,-0.308105,-0.534668,-0.872559,-39.184570,-12.451172,-20.141602
3270,-0.300781,-0.486816,-1.009766,-38.269043,-5.187988,-19.226074
3271,-0.265137,-0.410645,-1.086914,-21.972656,4.272461,-15.197754
3272,-0.245605,-0.375977,-1.049316,-4.333496,17.272949,-10.253906
3273,-0.239258,-0.434570,-0.978516,46.386719,35.461426,0.488281
3274,-0.190918,-0.560547,-0.827148,76.293945,38.024902,1.586914
3275,-0.225586,-0.597656,-0.693359,51.635742,43.640137,11.352539
3276,-0.294922,-0.622070,-0.750977,-23.742676,54.443359,6.347656
3277,-0.300293,-0.610352,-0.726074,-47.729492,53.710938,7.385254
3278,-0.333984,-0.562988,-0.622559,-105.102539,21.606445,-7.385254
3279,-0.349121,-0.475586,-0.716797,-113.342285,2.014160,-26.794434
3280,-0.329102,-0.391113,-0.740234,-96.679688,-18.005371,-38.757324
3281,-0.319336,-0.350586,-0.758789,-67.138672,-41.259766,-41.931152
3282,-0.211426,-0.373047,-0.976074,-18.188477,-68.786621,-39.062500
3283,-0.166504,-0.389160,-1.085449,-11.169434,-57.434082,-29.113770
3284,-0.232422,-0.442871,-1.100098,-51.086426,-0.549316,-13.061523
3285,-0.233887,-0.393066,-1.036621,-58.837891,22.583008,-15.258789
3286,-0.196289,-0.341309,-0.921875,-50.598145,28.869629,-14.831543
3287,-0.187500,-0.354980,-0.867676,-39.978027,26.367188,-8.178711
3288,-0.351562,-0.430664,-0.838379,-43.579102,10.559082,0.610352
3289,-0.392578,-0.411621,-0.920410,-46.020508,3.173828,-14.282227
3290,-0.349121,-0.357910,-0.859375,-44.128418,4.089355,-30.334473
3291,-0.243164,-0.420898,-0.692871,-54.626465,-1.281738,-46.875000
3292,-0.169434,-0.462402,-0.684570,-58.898926,-9.765625,-51.696777
3293,-0.113770,-0.468750,-0.746582,-56.640625,-24.719238,-54.016113
3294,-0.133789,-0.310547,-0.873535,-8.666992,-50.720215,-40.466309
3295,-0.212891,-0.324707,-0.998535,6.652832,-52.001953,-27.038574
3296,-0.224609,-0.281250,-1.099121,19.653320,-34.301758,-16.296387
3297,-0.263672,-0.321289,-0.885742,23.437500,9.216309,8.056641
3298,-0.271973,-0.442871,-0.746582,10.498047,8.911133,12.329102
3299,-0.095703,-0.468262,-0.753418,8.911133,-20.874023,6.652832
3300,-0.002441,-0.349609,-0.818359,15.991211,-38.635254,9.948730
3301,0.027832,-0.223145,-0.974609,23.498535,-49.316406,19.409180
3302,-0.017090,-0.150879,-1.049805,30.639648,-47.668457,34.118652
3303,-0.290039,-0.287598,-0.921875,4.272461,-14.099121,63.964844
3304,-0.435059,-0.438477,-0.819824,-12.573242,6.835938,52.429199
3305,-0.552246,-0.531738,-0.688477,-35.095215,20.446777,14.465332
3306,-0.558105,-0.554199,-0.741211,-95.031738,23.620605,-58.166504
3307,-0.426270,-0.364258,-0.780273,-109.375000,20.935059,-69.519043
3308,-0.287598,-0.184082,-0.786621,-120.483398,19.348145,-59.204102
3309,-0.171875,-0.144043,-0.927734,-117.187500,18.493652,-21.118164
3310,-0.185547,-0.217773,-1.022949,-101.135254,24.902344,-13.427734
3311,-0.191406,-0.241699,-1.047363,-88.806152,34.423828,-12.207031
3312,-0.248535,-0.268066,-0.898926,-91.674805,44.799805,-27.526855
3313,-0.250000,-0.275879,-0.856934,-101.440430,42.968750,-39.184570
3314,-0.217285,-0.242676,-0.812012,-108.520508,36.254883,-46.508789
3315,-0.186523,-0.105469,-0.666992,-130.554199,20.385742,-39.916992
3316,-0.260254,-0.141113,-0.930176,-125.976562,-28.259277,-8.789062
3317,-0.281738,-0.163086,-1.002930,-98.937988,-49.804688,-1.770020
3318,-0.237793,-0.019531,-0.908203,-81.665039,-65.612793,-7.263184
3319,-0.166504,0.073730,-0.874023,-104.187012,-58.410645,-8.239746
3320,-0.115723,0.104980,-0.857910,-129.638672,-44.555664,-4.028320
3321,-0.140625,0.016602,-0.851562,-174.682617,-31.127930,14.465332
3322,-0.224609,-0.006836,-0.894043,-166.992188,-33.508301,23.498535
3323,-0.302734,-0.007324,-0.723145,-175.109863,-43.518066,27.954102
3324,-0.292969,0.185547,-0.863281,-189.147949,-58.593750,30.090332
3325,-0.251465,0.318359,-0.831543,-236.206055,-62.561035,51.330566
3326,-0.234863,0.306152,-1.387695,-236.022949,-41.015625,64.758301
3327,-0.289062,0.037598,-1.504883,-212.585449,-7.202148,72.570801
3328,-0.374023,0.168457,-1.530762,-109.802246,85.815430,53.466797
3329,-0.322266,0.294922,-1.212402,-102.233887,133.666992,51.940918
3330,-0.284668,0.349609,-1.035645,-114.074707,179.199219,57.922363
3331,-0.285645,0.455566,-0.807617,-70.922852,199.218750,61.340332
3332,-0.258301,0.312500,-0.774902,-83.801270,173.583984,58.044434
3333,-0.233398,0.130859,-0.773438,-44.982910,115.417480,49.560547
3334,-0.029297,0.497070,-0.897949,-14.709473,16.601562,18.859863
3335,0.030762,0.344727,-0.887207,-15.075684,-1.770020,11.352539
3336,-0.007324,0.348633,-0.870605,-15.380859,-12.634277,12.695312
3337,-0.220215,0.250488,-0.880371,-30.883789,-5.249023,-2.136230
3338,-0.216797,0.402344,-1.080566,-23.803711,12.023926,-15.441895
3339,-0.184082,0.466309,-0.934082,-23.498535,25.817871,-24.902344
3340,-0.078613,0.466797,-0.832031,-30.700684,25.939941,-26.550293
3341,-0.035645,0.464844,-0.829590,-30.517578,21.728516,-22.338867
3342,-0.014160,0.492188,-0.821289,-28.869629,15.197754,-16.113281
3343,-0.106445,0.524414,-0.784668,-27.832031,-7.385254,-2.319336
3344,-0.129883,0.537109,-0.812988,-27.099609,-16.296387,6.103516
3345,-0.158203,0.494141,-0.871094,-26.977539,-16.967773,15.380859
3346,-0.167480,0.364258,-1.037109,-23.315430,10.925293,19.592285
3347,-0.104980,0.352051,-0.987305,-22.521973,31.066895,11.047363
3348,-0.031250,0.415039,-0.862305,-25.695801,38.757324,7.446289
3349,0.044434,0.492676,-0.753418,-22.949219,13.000488,-10.864258
3350,0.079590,0.573730,-0.749512,-16.784668,-10.070801,-9.033203
3351,0.050293,0.625000,-0.796875,-7.019043,-26.916504,-2.746582
3352,-0.061523,0.647461,-0.926270,13.366699,-29.052734,15.869141
3353,-0.085938,0.601074,-0.957520,24.047852,-15.014648,24.230957
3354,-0.069824,0.549805,-0.891602,27.587891,-1.037598,29.785156
3355,-0.024902,0.332031,-0.850098,2.746582,-0.366211,17.639160
3356,0.026855,0.342285,-0.896973,-5.676270,-9.582520,-1.037598
3357,0.068359,0.372070,-0.940430,-10.925293,-14.038086,-17.089844
3358,0.088867,0.407715,-0.903320,-15.625000,-16.113281,-28.808594
3359,-0.105957,0.581543,-0.775391,-33.081055,-31.127930,-38.146973
3360,-0.187012,0.631836,-0.847168,-46.813965,-27.221680,-39.794922
3361,-0.165527,0.614258,-0.861816,-60.058594,-6.774902,-36.315918
3362,-0.110840,0.556152,-0.798340,-60.546875,-0.061035,-31.127930
3363,-0.108887,0.490723,-0.855957,-56.945801,0.000000,-26.062012
3364,-0.123535,0.459961,-0.967285,-35.034180,7.019043,-29.663086
3365,-0.085449,0.523926,-0.889648,-33.630371,9.643555,-29.235840
3366,-0.060059,0.565430,-0.824219,-36.437988,6.347656,-23.742676
3367,-0.110352,0.547363,-0.762695,-39.184570,-1.892090,-17.639160
3368,-0.162598,0.553223,-0.821777,-41.076660,-3.173828,-16.906738
3369,-0.271484,0.551270,-0.876953,-41.076660,14.770508,-24.719238
3370,-0.217773,0.594238,-0.883789,-44.128418,32.653809,-29.663086
3371,-0.082031,0.685547,-0.758789,-63.842773,62.011719,-20.324707
3372,-0.020508,0.683594,-0.767090,-88.623047,75.561523,-10.803223
3373,0.009766,0.659668,-0.801758,-110.046387,90.820312,-0.366211
3374,-0.014160,0.474609,-0.683105,-158.569336,124.938965,18.798828
3375,0.044922,0.526855,-0.823242,-192.565918,146.728516,30.883789
3376,-0.031738,0.676270,-0.922852,-185.302734,160.095215,39.733887
3377,-0.200684,0.608887,-0.732422,-96.618652,138.916016,8.361816
3378,-0.095703,0.686523,-0.566895,-66.467285,108.337402,-8.850098
3379,0.032227,0.832031,-0.435547,-56.518555,71.777344,-12.145996
3380,0.099121,0.852051,-0.462402,-61.157227,-1.953125,10.375977
3381,0.087402,0.848633,-0.531250,-69.335938,-21.484375,26.306152
3382,0.088867,0.965820,-0.629395,-76.477051,-25.939941,42.053223
3383,-0.002441,0.846191,-0.503906,-89.111328,-18.066406,57.556152
3384,0.047363,0.846680,-0.575684,-103.454590,-6.408691,61.462402
3385,0.075684,0.796387,-0.488770,-122.131348,13.122559,58.959961
3386,0.097168,0.763672,-0.496094,-116.760254,9.155273,57.312012
3387,0.053711,0.660156,-0.500488,-96.984863,-1.281738,50.964355
3388,0.044434,0.665527,-0.492188,-83.129883,-6.286621,36.499023
3389,0.131348,0.763184,-0.450684,-79.833984,-7.446289,10.314941
3390,0.167969,0.835938,-0.459473,-79.895020,-8.728027,8.056641
3391,0.181641,0.902832,-0.427734,-79.284668,-12.390137,10.925293
3392,0.152832,0.930664,-0.403809,-70.678711,-26.611328,17.028809
3393,0.120117,0.847656,-0.252930,-72.204590,-39.611816,-2.380371
3394,0.138672,0.876953,-0.237305,-85.266113,-46.508789,-6.896973
3395,0.117188,0.871094,-0.203125,-104.492188,-57.189941,-4.150391
3396,-0.006348,0.657227,-0.095703,-133.483887,-73.547363,-13.366699
3397,-0.017578,0.430176,-0.084473,-222.839355,-116.333008,-95.886230
3398,0.005859,0.421387,-0.347656,-276.062012,-123.107910,-144.104004
3399,0.024414,0.433594,-0.684082,-313.964844,-94.482422,-205.322266
3400,0.011719,1.073242,-0.531738,-240.966797,-22.277832,-277.404785
3401,0.169434,1.696289,-0.197266,-177.612305,-13.366699,-245.483398
3402,-0.090820,1.681152,-0.193848,-133.911133,-14.648438,-180.480957
3403,-0.271484,1.445312,-0.104492,-58.166504,1.220703,-67.932129
3404,-0.300293,1.288574,0.073730,-30.273438,6.408691,-18.310547
3405,-0.328125,1.210449,0.278809,-19.958496,-4.821777,20.507812
3406,-0.319336,1.210938,0.372070,-24.841309,-32.714844,52.185059
3407,-0.256348,1.086914,0.051758,-36.315918,-86.425781,96.740723
3408,-0.217773,0.956055,-0.046387,-39.672852,-93.078613,98.022461
3409,-0.143555,0.839844,-0.181641,-51.147461,-82.458496,81.115723
3410,-0.090332,0.668457,-0.484375,-39.550781,12.939453,33.325195
3411,-0.137695,0.721191,-0.274902,-24.536133,52.124023,1.464844
3412,-0.154297,0.759766,0.011719,-37.719727,77.331543,-23.010254
3413,-0.176270,1.187500,0.147949,-95.581055,81.542969,-51.452637
3414,-0.195312,1.315918,0.143555,-111.511230,71.899414,-34.912109
3415,-0.205566,1.297852,0.134277,-121.704102,66.467285,-8.850098
3416,-0.177734,1.183594,0.274414,-127.197266,56.091309,23.254395
3417,-0.240723,0.896973,0.302734,-121.948242,15.563965,47.241211
3418,-0.167480,0.895020,0.339844,-106.018066,-11.413574,43.762207
3419,-0.090820,0.890137,0.334473,-93.261719,-36.437988,44.189453
3420,-0.069824,0.882324,0.193848,-82.763672,-57.617188,41.076660
3421,-0.054688,0.936035,0.150879,-86.181641,-51.635742,39.733887
3422,-0.044434,1.018066,0.159668,-98.266602,-38.146973,39.611816
3423,-0.059570,1.110352,0.225586,-114.196777,-24.291992,41.992188
3424,-0.070801,1.029297,0.309570,-137.329102,-11.596680,46.020508
3425,-0.037598,0.907227,0.303223,-143.066406,-5.920410,44.433594
3426,-0.006348,0.796387,0.350586,-147.521973,2.136230,38.574219
3427,0.035156,0.842773,0.466797,-160.461426,5.737305,27.221680
3428,0.000488,0.941895,0.507324,-160.400391,1.037598,30.029297
3429,-0.026367,0.970215,0.518555,-147.216797,-7.690430,38.085938
3430,-0.065918,0.784180,0.539551,-118.957520,-25.817871,40.100098
3431,0.002441,0.800781,0.506836,-115.173340,-25.756836,26.000977
3432,0.081543,0.827148,0.479980,-119.201660,2.380371,12.634277
3433,0.084961,0.747070,0.558105,-117.980957,14.282227,5.004883
3434,0.053711,0.727539,0.657715,-113.647461,16.113281,-2.502441
3435,0.035156,0.792969,0.751465,-111.755371,5.615234,-2.990723
3436,0.022461,0.905762,0.889648,-129.882812,-23.315430,9.155273
3437,0.041016,0.857422,0.901855,-156.433105,-28.747559,11.047363
3438,0.052246,0.763672,0.799316,-178.527832,-27.160645,9.460449
3439,0.058594,0.587402,0.737305,-187.377930,-18.920898,2.868652
3440,0.062988,0.540527,0.634766,-148.803711,-13.671875,-5.432129
3441,0.037598,0.542969,0.708496,-112.060547,-21.545410,-7.995605
3442,0.031250,0.583984,0.933105,-67.382812,-38.024902,-15.625000
3443,0.104004,0.615234,0.983398,-68.176270,-36.926270,-20.996094
3444,0.135254,0.604980,0.889648,-73.913574,-27.160645,-25.268555
3445,0.246582,0.644531,0.446777,-44.738770,-8.117676,-21.301270
3446,-0.015625,0.494141,0.657715,-8.972168,50.659180,-12.573242
3447,-0.075195,0.591797,0.842773,-26.123047,61.828613,-16.296387
3448,-0.090820,0.628906,1.068359,-62.866211,49.255371,-6.164551
3449,-0.058105,0.619629,1.063965,-73.608398,34.545898,-5.981445
3450,-0.042480,0.559570,1.028809,-80.078125,20.263672,-7.934570
3451,-0.037109,0.495605,0.911133,-77.758789,-9.460449,-18.859863
3452,-0.060547,0.518555,0.873047,-80.200195,-19.165039,-15.869141
3453,-0.134766,0.500488,0.878418,-80.871582,-27.160645,-13.000488
3454,-0.153320,0.496582,0.951172,-76.171875,-39.428711,-13.793945
3455,-0.019531,0.448730,0.950195,-68.237305,-64.880371,-13.427734
3456,0.066895,0.411133,0.862793,-54.626465,-69.030762,-10.131836
3457,0.127441,0.395996,0.770996,-36.376953,-63.110352,-6.958008
3458,0.163574,0.325684,0.743652,6.042480,-28.991699,-20.507812
3459,0.198730,0.359375,0.796387,16.479492,-4.455566,-22.766113
3460,0.143066,0.435547,0.872559,19.409180,24.353027,-16.052246
3461,-0.089355,0.503418,0.806641,1.892090,71.105957,6.713867
3462,-0.147949,0.506836,0.738281,-0.427246,81.420898,16.967773
3463,-0.117188,0.570312,0.708496,-4.760742,85.876465,30.273438
3464,-0.025879,0.686523,0.728516,-10.131836,90.332031,76.904297
3465,-0.040527,0.593750,0.784668,-10.559082,92.407227,95.275879
3466,-0.038574,0.477539,0.878418,-14.282227,92.712402,102.600098
3467,-0.089844,0.303711,1.049805,-34.912109,80.322266,85.998535
3468,-0.122559,0.257324,1.061035,-44.677734,65.246582,66.589355
3469,-0.132812,0.244629,1.038574,-48.217773,46.203613,46.569824
3470,-0.107910,0.349121,1.044434,-76.049805,6.591797,23.010254
3471,-0.076660,0.366211,0.934570,-94.726562,-9.338379,21.728516
3472,0.027344,0.382324,0.804199,-104.614258,-24.291992,32.165527
3473,0.034180,0.362793,0.776855,-97.106934,-22.155762,38.146973
3474,0.064941,0.378418,0.856445,-80.566406,-15.075684,42.663574
3475,0.052246,0.295410,0.854004,-62.866211,-6.042480,46.081543
3476,0.026367,0.197754,1.055664,-55.725098,59.326172,19.836426
3477,-0.039551,0.047363,1.108398,-95.458984,71.044922,16.967773
3478,-0.098633,-0.101562,1.111328,-151.184082,73.364258,2.258301
3479,-0.142578,-0.130859,0.984375,-202.941895,77.819824,-33.752441
3480,-0.160645,0.001953,0.873047,-202.514648,97.961426,-129.699707
3481,-0.172852,0.129395,0.894043,-194.946289,108.276367,-165.710449
3482,-0.197754,0.187012,0.838867,-188.842773,111.572266,-178.588867
3483,-0.220215,0.407715,0.870117,-174.316406,114.990234,-141.052246
3484,-0.201172,0.535156,0.831055,-158.813477,122.131348,-100.463867
3485,-0.185547,0.535156,0.845215,-128.417969,137.878418,-52.001953
3486,-0.194336,0.347168,1.015625,-62.255859,167.663574,39.489746
3487,-0.350098,0.115723,1.136230,-33.935547,158.264160,65.002441
3488,-0.509766,-0.036133,1.301758,-9.887695,123.535156,63.964844
3489,-0.577148,-0.208984,1.201660,-26.916504,14.892578,38.208008
3490,-0.554688,-0.212891,1.062988,-32.531738,-37.170410,33.142090
3491,-0.552246,-0.232910,0.954102,-29.235840,-65.246582,27.404785
3492,-0.561035,-0.233398,0.983887,-18.920898,-80.322266,16.662598
3493,-0.343262,-0.124023,1.109863,-7.690430,-121.154785,8.361816
3494,-0.281738,-0.075195,1.006836,-19.042969,-140.625000,14.892578
3495,-0.217773,0.000488,0.868164,-55.358887,-154.663086,29.968262
3496,-0.179688,0.013672,0.856934,-71.533203,-139.892578,39.672852
3497,-0.190430,-0.005859,0.804199,-88.012695,-116.333008,47.668457
3498,-0.128906,0.050293,0.687500,-122.253418,-48.278809,60.180664
3499,-0.105957,-0.017090,0.625488,-137.023926,-5.859375,73.974609
3500,-0.103027,-0.195801,0.770020,-138.854980,30.029297,81.604004
3501,-0.154785,-0.354004,0.829102,-141.357422,60.180664,76.293945
3502,-0.380859,-0.598145,1.180664,-103.088379,97.045898,13.977051
3503,-0.413086,-0.398926,1.183105,-88.073730,96.801758,-7.263184
3504,-0.369141,-0.282715,1.054199,-84.594727,81.420898,-15.380859
3505,-0.266113,-0.291504,1.090820,-57.312012,38.940430,-16.174316
3506,-0.247559,-0.290527,1.014160,-49.926758,19.958496,-16.174316
3507,-0.244629,-0.314453,0.895996,-39.184570,9.704590,-18.371582
3508,-0.278809,-0.362305,0.862793,-35.095215,-1.586914,-32.348633
3509,-0.333008,-0.352539,0.914062,-41.442871,-8.544922,-34.179688
3510,-0.367676,-0.362305,0.939453,-49.255371,-40.954590,-32.409668
3511,-0.373047,-0.447754,0.992676,-40.039062,-60.485840,-37.658691
3512,-0.309570,-0.453125,1.014648,-28.259277,-76.293945,-45.043945
3513,-0.217773,-0.417480,0.952148,-17.883301,-87.585449,-51.208496
3514,-0.081055,-0.327637,0.945312,-15.625000,-95.703125,-61.035156
3515,-0.048828,-0.301270,0.903320,-22.644043,-95.703125,-61.828613
3516,-0.029297,-0.279297,0.788086,-33.020020,-62.377930,-52.124023
3517,-0.027832,-0.237793,0.708008,-35.888672,-23.376465,-35.095215
3518,-0.041016,-0.220215,0.753418,-43.212891,17.028809,-11.657715
3519,0.018066,-0.337891,0.904297,-78.979492,49.255371,25.756836
3520,-0.020996,-0.365723,0.948730,-87.524414,46.630859,43.579102
3521,-0.076660,-0.510742,1.163574,-98.449707,30.395508,56.213379
3522,-0.178711,-0.613770,1.116211,-109.130859,5.432129,54.809570
3523,-0.238770,-0.630371,0.918457,-116.333008,-37.414551,27.893066
3524,-0.207031,-0.578125,0.844238,-120.422363,-47.851562,15.014648
3525,-0.172363,-0.488770,0.810059,-135.742188,-51.147461,8.422852
3526,-0.085449,-0.415527,0.641602,-165.283203,-19.409180,14.526367
3527,-0.053223,-0.492188,0.423828,-152.648926,19.897461,23.925781
3528,-0.052246,-0.515137,0.385742,-110.290527,69.335938,37.414551
3529,-0.141602,-0.572754,0.903809,-76.354980,102.050781,58.959961
3530,-0.173828,-0.647461,0.974609,-85.083008,88.623047,66.162109
3531,-0.200195,-0.702148,0.929199,-108.154297,77.148438,70.861816
3532,-0.249023,-0.734375,0.850098,-121.093750,69.335938,69.641113
3533,-0.340820,-0.696289,0.757324,-104.248047,35.888672,56.274414
3534,-0.376465,-0.718262,0.666992,-75.866699,14.770508,47.729492
3535,-0.367188,-0.789062,0.641602,-10.925293,-16.357422,25.268555
3536,-0.392578,-0.865723,0.619141,-3.845215,-21.240234,10.681152
3537,-0.372559,-0.844727,0.526855,3.356934,-15.075684,-6.835938
3538,-0.338867,-0.758301,0.568848,9.704590,-6.469727,-18.066406
3539,-0.309570,-0.679688,0.697266,3.967285,-0.915527,-21.972656
3540,-0.270020,-0.616699,0.831543,0.183105,-8.300781,-18.493652
3541,-0.200195,-0.573730,0.843750,-2.441406,-25.268555,-7.568359
3542,-0.190430,-0.680176,0.666504,-6.042480,-42.480469,6.225586
3543,-0.145996,-0.804199,0.873047,-33.569336,-30.029297,6.408691
3544,-0.156738,-0.865723,0.973633,-98.388672,-19.470215,9.521484
3545,-0.151855,-0.750977,0.730957,-133.728027,-6.896973,6.530762
3546,-0.165527,-0.610840,0.591797,-147.155762,7.202148,16.479492
3547,-0.242188,-0.715820,0.524902,-151.184082,26.611328,33.935547
3548,-0.285156,-0.700684,0.491211,-163.024902,30.639648,33.020020
3549,-0.290039,-0.585938,0.355469,-155.639648,16.723633,38.024902
3550,-0.317383,-0.626465,0.210938,-100.341797,1.159668,39.184570
3551,-0.303223,-0.853027,0.646484,-60.974121,-12.268066,41.503906
3552,-0.375488,-0.992188,0.563477,-60.607910,-18.249512,36.376953
3553,-0.434570,-1.079590,0.300293,-14.221191,-18.737793,-6.713867
3554,-0.449707,-1.051270,0.245117,4.577637,-6.286621,-29.418945
3555,-0.454102,-1.002930,0.258301,16.967773,12.329102,-49.560547
3556,-0.356934,-0.826172,0.577148,19.714355,33.081055,-73.242188
3557,-0.283691,-0.733398,0.666992,11.779785,16.784668,-66.467285
3558,-0.230469,-0.683105,0.683594,4.394531,-4.821777,-53.161621
3559,-0.132812,-0.669922,0.666992,-6.225586,-51.818848,-15.625000
3560,-0.112305,-0.689941,0.528809,-9.155273,-61.645508,3.784180
3561,-0.133301,-0.763672,0.391113,-12.634277,-55.236816,18.859863
3562,-0.222168,-0.875000,0.253418,-6.408691,-7.568359,33.264160
3563,-0.292480,-0.961426,0.366699,-2.136230,10.498047,29.357910
3564,-0.387207,-1.041016,0.359375,2.136230,22.399902,14.465332
3565,-0.506348,-1.032715,0.366699,-14.770508,35.095215,-33.813477
3566,-0.375488,-0.876465,0.184570,0.488281,38.391113,-52.917480
3567,-0.285156,-0.862793,0.347168,11.779785,46.875000,-58.715820
3568,-0.208984,-0.812988,0.414551,1.281738,58.227539,-57.128906
3569,-0.143555,-0.766113,0.516113,-10.925293,70.495605,-35.461426
3570,-0.143555,-0.776367,0.558105,-14.526367,70.983887,-22.949219
3571,-0.150391,-0.802734,0.591797,-15.441895,67.993164,-12.573242
3572,-0.231934,-0.806641,0.619141,-17.028809,43.334961,-0.122070
3573,-0.343262,-0.830566,0.690430,-16.967773,7.873535,6.835938
3574,-0.379883,-0.899902,0.608398,-15.869141,-30.334473,4.943848
3575,-0.260254,-0.869141,0.295898,-18.615723,-45.593262,-8.422852
3576,-0.199707,-0.854004,0.246094,-15.380859,-28.198242,-6.774902
3577,-0.170410,-0.886230,0.283691,-11.901855,-8.972168,-4.882812
3578,-0.155273,-0.857422,0.342285,-10.864258,22.766113,-2.746582
3579,-0.169434,-0.849121,0.329590,-12.756348,35.705566,0.793457
3580,-0.232910,-0.812500,0.356445,-15.441895,48.828125,2.929688
3581,-0.305176,-0.782715,0.467773,-39.611816,63.049316,4.333496
3582,-0.284180,-0.789551,0.485840,-55.541992,65.002441,4.638672
3583,-0.217773,-0.739746,0.613281,-86.303711,41.687012,20.202637
3584,-0.218750,-0.807129,0.524902,-93.383789,20.996094,31.311035
3585,-0.186523,-0.877930,0.430176,-90.087891,5.187988,38.696289
3586,-0.271484,-1.006836,0.388184,-79.589844,-1.831055,39.550781
3587,-0.306152,-1.004883,0.407227,-58.532715,-4.699707,28.564453
3588,-0.250977,-0.934082,0.414551,-38.574219,-12.695312,29.479980
3589,-0.445312,-1.012695,0.402832,-18.920898,-23.620605,8.056641
3590,-0.465820,-1.012695,0.427734,-15.563965,-38.208008,-8.117676
3591,-0.399902,-1.023926,0.354980,-15.625000,-57.861328,-23.925781
3592,-0.339844,-0.940918,0.248535,-14.221191,-65.734863,-34.240723
3593,-0.120117,-0.845215,0.201172,-31.372070,-54.016113,-17.272949
3594,-0.145508,-0.858887,0.136719,-44.250488,-31.250000,-3.234863
3595,-0.235840,-0.860352,0.163086,-49.316406,-10.070801,5.493164
3596,-0.370605,-0.956055,0.330566,-54.626465,-0.366211,-1.342773
3597,-0.384766,-1.062988,0.411133,-58.837891,-6.164551,-11.840820
3598,-0.370117,-1.127930,0.481445,-93.750000,-20.996094,-29.541016
3599,-0.229980,-1.000488,0.571289,-133.544922,-27.404785,-27.893066
3600,-0.191406,-0.821777,0.343750,-170.959473,-29.541016,-17.944336
3601,-0.183594,-0.744141,0.193359,-189.147949,-29.357910,-5.004883
3602,-0.337402,-0.862305,-0.026855,-212.097168,-28.076172,-5.859375
3603,-0.337402,-0.895508,-0.227539,-188.110352,-21.545410,-17.944336
3604,-0.301270,-0.941895,-0.343262,-142.395020,-10.314941,-24.780273
3605,-0.247559,-0.896484,-0.315918,-96.435547,4.821777,-22.399902
3606,-0.265137,-1.063965,-0.135254,-44.067383,26.794434,-27.099609
3607,-0.279785,-1.054199,-0.100586,-39.855957,32.470703,-37.658691
3608,-0.251953,-1.048828,-0.064941,-42.724609,38.330078,-48.156738
3609,-0.177734,-0.971191,-0.027344,-52.062988,33.203125,-43.151855
3610,-0.053223,-0.897461,-0.122559,-48.889160,32.226562,-28.808594
3611,-0.092773,-0.892090,-0.118652,-40.405273,27.893066,-12.023926
3612,-0.219727,-0.933594,-0.031738,-18.737793,-0.122070,-1.525879
3613,-0.252441,-0.990234,-0.062500,-9.216309,-16.357422,-5.004883
3614,-0.225586,-0.991211,-0.076172,-1.953125,-24.841309,-9.582520
3615,-0.154297,-0.960449,-0.074707,-2.807617,-25.329590,-10.437012
3616,-0.035645,-0.969727,-0.163086,-11.352539,-12.390137,2.563477
3617,-0.033203,-0.985352,-0.207031,-16.967773,1.403809,9.582520
3618,-0.152832,-0.982422,-0.190430,-6.408691,21.118164,21.667480
3619,-0.193359,-0.940918,0.014648,-5.493164,20.507812,22.766113
3620,-0.272461,-0.852051,0.205566,-61.584473,-10.742188,20.019531
3621,-0.248535,-0.822754,0.231934,-95.825195,-25.268555,17.333984
3622,-0.245605,-0.801758,0.215820,-134.521484,-37.719727,15.747070
3623,-0.295410,-1.014648,-0.208984,-202.758789,-49.865723,1.953125
3624,-0.340332,-1.143555,-0.541016,-195.556641,-41.503906,-17.517090
3625,-0.317383,-1.143555,-0.938965,-133.666992,-33.325195,-26.550293
3626,-0.231934,-1.027832,-1.034180,-30.761719,-9.338379,-19.836426
3627,-0.154785,-0.878418,-0.416992,43.701172,38.635254,-2.807617
3628,-0.123047,-0.859375,-0.220215,35.217285,46.691895,9.521484
3629,-0.156738,-0.873047,0.025879,12.023926,33.874512,34.362793
3630,-0.224609,-0.965332,0.033691,-2.990723,19.836426,33.813477
3631,-0.298340,-1.080078,-0.056641,-15.258789,10.192871,20.324707
3632,-0.328613,-1.127930,-0.200195,-19.531250,10.986328,-1.525879
3633,-0.292480,-0.943848,-0.215820,-17.395020,18.737793,-33.142090
3634,-0.215332,-0.900391,-0.218750,-21.118164,10.803223,-32.775879
3635,-0.147461,-0.920898,-0.312500,-17.272949,3.601074,-23.559570
3636,-0.164551,-0.901855,-0.238770,5.371094,7.141113,-6.652832
3637,-0.218262,-0.891113,-0.075684,4.211426,0.915527,-3.845215
3638,-0.271484,-0.903809,0.092285,-14.953613,-14.099121,-5.615234
3639,-0.296875,-0.995117,-0.152832,-75.073242,-44.921875,-23.742676
3640,-0.312988,-1.036133,-0.459961,-72.814941,-41.503906,-35.400391
3641,-0.297363,-0.968750,-0.602539,-51.086426,-27.832031,-45.104980
3642,-0.244141,-0.908203,-0.546875,-27.587891,-13.427734,-44.555664
3643,-0.151367,-0.887695,-0.350098,11.108398,-3.601074,-32.897949
3644,-0.119141,-0.910156,-0.181152,12.451172,-17.517090,-26.123047
3645,-0.092285,-0.922852,-0.153809,8.972168,-34.423828,-19.714355
3646,-0.114258,-0.968750,-0.226562,-1.708984,-57.922363,-12.878418
3647,-0.119141,-0.961426,-0.325684,-0.732422,-61.462402,-12.451172
3648,-0.155273,-1.003418,-0.457031,2.319336,-54.687500,-16.967773
3649,-0.163086,-0.927734,-0.437988,14.099121,-27.709961,-33.508301
3650,-0.130371,-0.877930,-0.398438,16.296387,-17.211914,-29.968262
3651,-0.107422,-0.905273,-0.361816,17.456055,-7.751465,-23.437500
3652,-0.034668,-0.948242,-0.204590,22.033691,3.356934,-11.474609
3653,-0.009277,-0.924805,-0.157715,13.732910,9.216309,-3.479004
3654,-0.022461,-0.918945,-0.144531,1.953125,15.136719,2.258301
3655,-0.073242,-0.951172,-0.077637,-13.000488,14.343262,3.906250
3656,-0.180176,-0.960449,-0.137207,-38.757324,-27.832031,-0.122070
3657,-0.182617,-0.954590,-0.057129,-44.677734,-41.809082,-0.854492
3658,-0.177734,-0.889160,-0.157227,-89.294434,-54.626465,-5.432129
3659,-0.169434,-0.835449,-0.307129,-99.243164,-46.630859,-8.422852
3660,-0.154297,-0.835938,-0.388184,-96.740723,-34.790039,-9.521484
3661,-0.102539,-0.827637,-0.377441,-88.073730,-27.038574,-6.164551
3662,-0.037598,-0.888672,-0.314941,-83.190918,-25.573730,12.634277
3663,-0.160156,-0.939941,-0.382324,-82.336426,-30.273438,15.014648
3664,-0.341309,-0.989746,-0.613770,-70.068359,-31.494141,0.488281
3665,-0.414551,-0.985840,-0.752930,-32.714844,9.399414,-37.170410
3666,-0.298828,-0.899414,-0.656250,-13.671875,29.418945,-46.203613
3667,-0.145020,-0.835938,-0.547852,4.943848,36.071777,-42.907715
3668,0.034668,-0.839844,-0.309082,24.536133,18.798828,-15.869141
3669,0.040039,-0.876465,-0.280273,24.291992,3.051758,-2.136230
3670,0.017578,-0.915527,-0.309570,19.836426,-6.164551,8.300781
3671,-0.034668,-0.925293,-0.331055,11.901855,-6.896973,13.916016
3672,-0.141602,-0.934082,-0.284180,-23.254395,-15.686035,12.207031
3673,-0.145996,-0.933105,-0.430664,-28.564453,-16.723633,8.361816
3674,-0.165039,-0.907715,-0.469238,-26.123047,-12.451172,4.394531
3675,-0.132324,-0.937988,-0.297363,-45.227051,-4.455566,1.403809
3676,-0.089844,-0.897949,-0.347168,-57.250977,-9.033203,-0.305176
3677,-0.032715,-0.849121,-0.458984,-57.434082,-11.840820,1.037598
3678,-0.025391,-0.826172,-0.516113,-49.621582,-12.634277,6.591797
3679,-0.088867,-0.829590,-0.510742,-24.353027,-10.620117,23.132324
3680,-0.144531,-0.870117,-0.489258,-22.216797,0.366211,25.695801
3681,-0.201660,-0.922363,-0.465820,-30.822754,14.099121,22.766113
3682,-0.235352,-0.911133,-0.419922,-68.786621,31.799316,4.882812
3683,-0.216797,-0.854492,-0.275879,-87.219238,26.550293,2.014160
3684,-0.177246,-0.832031,-0.332031,-102.050781,2.624512,-1.403809
3685,-0.134766,-0.790527,-0.507324,-80.078125,-28.442383,0.854492
3686,-0.107910,-0.743164,-0.565918,-59.875488,-37.231445,6.225586
3687,-0.076172,-0.737305,-0.591797,-40.283203,-38.024902,15.869141
3688,-0.085449,-0.798828,-0.632812,-27.038574,-33.752441,24.902344
3689,-0.268555,-0.900391,-0.662598,-38.818359,0.793457,16.479492
3690,-0.296875,-0.834473,-0.601074,-51.513672,20.507812,10.681152
3691,-0.281250,-0.806152,-0.562012,-67.687988,38.269043,6.591797
3692,-0.205078,-0.773438,-0.450684,-107.849121,65.307617,-2.990723
3693,-0.159180,-0.727539,-0.395020,-135.131836,66.894531,-2.136230
3694,-0.082031,-0.729004,-0.458008,-185.852051,50.781250,9.460449
3695,-0.044922,-0.823730,-0.906250,-176.879883,43.090820,12.512207
3696,-0.027832,-0.629883,-0.866699,-97.412109,13.488770,14.587402
3697,-0.009766,-0.545410,-0.886230,-101.928711,7.812500,15.869141
3698,-0.076172,-0.573242,-0.981445,-36.743164,-9.155273,22.094727
3699,-0.096191,-0.571289,-1.041992,-9.826660,-11.840820,22.949219
3700,-0.102051,-0.563477,-1.071289,20.935059,-9.033203,23.620605
3701,-0.095215,-0.559082,-1.014160,46.020508,-2.868652,25.451660
3702,-0.214844,-0.629883,-0.804688,51.635742,26.672363,24.169922
3703,-0.282715,-0.682129,-0.749023,54.565430,43.762207,14.404297
3704,-0.249512,-0.581055,-0.534668,58.471680,49.377441,9.643555
3705,-0.250977,-0.855957,-0.614746,21.423340,40.954590,3.051758
3706,-0.160645,-0.780273,-0.647949,4.638672,35.461426,-2.746582
3707,-0.089844,-0.703613,-0.675781,-1.770020,29.479980,2.136230
3708,-0.027832,-0.647461,-0.668945,3.845215,18.798828,13.916016
3709,-0.044434,-0.640625,-0.638184,5.920410,9.887695,21.301270
3710,-0.074219,-0.656738,-0.608887,7.141113,1.342773,26.184082
3711,-0.102539,-0.700684,-0.640625,5.310059,-2.807617,26.977539
3712,-0.188477,-0.756348,-0.687500,-15.441895,8.605957,30.639648
3713,-0.244141,-0.776855,-0.573242,-43.029785,16.235352,28.381348
3714,-0.234375,-0.760742,-0.616211,-147.033691,4.211426,14.465332
3715,-0.178711,-0.642578,-0.714355,-118.713379,-9.216309,-0.549316
3716,-0.067871,-0.450195,-0.865234,-72.753906,-20.751953,2.197266
3717,-0.063477,-0.435547,-0.922363,-44.860840,-15.808105,13.671875
3718,-0.221680,-0.550781,-0.877930,-2.746582,1.220703,16.784668
3719,-0.273438,-0.610352,-0.802246,0.427246,10.498047,13.488770
3720,-0.279297,-0.666504,-0.785156,-3.173828,17.944336,8.483887
3721,-0.150391,-0.659180,-0.806152,-21.057129,20.263672,1.037598
3722,-0.077637,-0.613770,-0.839355,-18.493652,10.070801,2.014160
3723,-0.024414,-0.564941,-0.874512,-7.202148,-3.784180,6.225586
3724,-0.094238,-0.552734,-0.782715,14.465332,-15.869141,18.371582
3725,-0.165527,-0.597168,-0.741699,12.695312,-15.625000,21.118164
3726,-0.178223,-0.902344,-0.563965,5.432129,-15.991211,15.625000
3727,-0.200195,-0.661621,-0.497559,-27.770996,-14.648438,10.070801
3728,-0.283203,-0.672363,-0.732422,-119.628906,-8.666992,10.986328
3729,-0.060059,-0.492188,-0.807617,-49.743652,-40.893555,1.281738
3730,-0.013672,-0.508789,-0.767090,-40.039062,-53.894043,6.225586
3731,-0.089844,-0.442871,-0.732422,-38.513184,-65.979004,17.456055
3732,-0.192383,-0.449219,-0.770508,-50.354004,-65.795898,26.977539
3733,-0.294434,-0.503418,-1.037598,-47.302246,-35.278320,26.672363
3734,-0.291504,-0.502441,-1.062988,-34.362793,-11.962891,24.475098
3735,-0.277344,-0.527344,-0.960449,-22.888184,5.432129,24.169922
3736,-0.269531,-0.577148,-0.652832,-23.620605,-0.244141,18.432617
3737,-0.257324,-0.560547,-0.567871,-44.921875,-19.592285,13.122559
3738,-0.266602,-0.500000,-0.681641,-67.443848,-42.114258,10.681152
3739,-0.398438,-0.459961,-1.003906,-65.002441,-53.039551,-6.469727
3740,-0.459473,-0.505859,-1.037598,-37.292480,-47.546387,-26.611328
3741,-0.420898,-0.390625,-1.009766,-8.789062,-41.870117,-44.555664
3742,-0.373047,-0.374023,-1.016602,41.320801,-30.334473,-52.856445
3743,-0.225586,-0.428711,-0.711426,44.494629,-29.052734,-44.677734
3744,-0.223633,-0.494629,-0.685547,22.155762,-30.151367,-30.578613
3745,-0.260254,-0.506348,-0.685547,-29.907227,-29.174805,-20.446777
3746,-0.279297,-0.472168,-0.751465,-42.602539,-30.334473,-20.141602
3747,-0.340820,-0.482910,-0.841309,-44.982910,-29.724121,-18.920898
3748,-0.396484,-0.389648,-0.977051,-35.461426,-31.433105,-21.545410
3749,-0.335938,-0.360352,-1.074707,-11.291504,-31.250000,-17.150879
3750,-0.260742,-0.379395,-1.093262,7.446289,-18.920898,-14.160156
3751,-0.207031,-0.403809,-0.952637,4.211426,29.235840,-2.929688
3752,-0.237305,-0.429688,-0.864258,-8.605957,52.795410,7.019043
3753,-0.260742,-0.461426,-0.781738,-20.141602,66.589355,13.732910
3754,-0.284668,-0.442871,-0.747070,-33.264160,72.570801,16.906738
3755,-0.310059,-0.419434,-0.773926,-38.574219,73.608398,14.099121
3756,-0.319336,-0.341797,-0.860840,-39.245605,76.416016,11.657715
3757,-0.290039,-0.284180,-0.930176,-31.799316,81.848145,8.544922
3758,-0.173828,-0.205078,-0.945312,-20.507812,84.960938,8.117676
3759,0.024414,-0.023926,-0.841309,-45.227051,83.068848,56.274414
3760,-0.150879,-0.246582,-0.841309,-72.387695,87.158203,68.359375
3761,-0.514648,-0.779785,-0.874512,-123.168945,78.430176,20.507812
3762,-0.497070,-0.854980,-0.904297,-141.662598,65.795898,-25.146484
3763,-0.367676,-0.602539,-0.547363,-168.579102,45.166016,-60.363770
3764,-0.268555,-0.518066,-0.668457,-152.404785,11.474609,-81.115723
3765,-0.004395,-0.289062,-0.998047,-46.936035,-38.757324,-83.374023
3766,0.060547,-0.181641,-0.936035,-39.794922,-41.076660,-61.218262
3767,0.065430,-0.118164,-0.910645,-50.292969,-36.193848,-30.090332
3768,-0.015137,-0.166504,-0.913574,-55.236816,-21.240234,26.855469
3769,-0.062988,-0.162598,-0.893555,-57.800293,-15.014648,47.180176
3770,-0.127930,-0.061523,-1.033691,-51.391602,11.718750,77.270508
3771,-0.156250,-0.025391,-0.859863,-63.720703,24.597168,87.707520
3772,-0.188477,-0.077637,-0.812988,-85.449219,30.578613,91.247559
3773,-0.253906,-0.276855,-0.963379,-113.098145,36.010742,78.613281
3774,-0.311523,-0.407715,-1.139160,-94.787598,34.179688,59.692383
3775,-0.286133,-0.412109,-1.230957,-63.415527,34.057617,31.066895
3776,-0.043457,-0.100586,-1.043945,-35.949707,48.095703,-8.178711
3777,0.065430,0.050781,-0.973145,-30.639648,50.415039,-2.075195
3778,0.045898,0.086914,-0.875977,-5.249023,31.738281,21.667480
3779,-0.175781,-0.187500,-0.714844,-11.047363,-23.132324,50.781250
3780,-0.246094,-0.347656,-0.712402,-24.536133,-48.522949,42.175293
3781,-0.296387,-0.445312,-0.722656,-49.133301,-66.284180,19.531250
3782,-0.308594,-0.434082,-0.756836,-66.589355,-82.336426,-9.094238
3783,-0.342285,-0.253418,-0.742188,-118.286133,-106.750488,-67.932129
3784,-0.124023,0.109375,-1.653809,-91.735840,-96.984863,-75.500488
3785,-0.072754,0.174805,-1.802734,-0.793457,51.330566,-49.865723
3786,-0.073730,0.330566,-1.111816,7.751465,108.825684,-29.235840
3787,-0.129883,0.267090,-0.891602,-10.498047,123.535156,0.976562
3788,-0.141113,0.116211,-0.921387,-18.737793,120.971680,29.785156
3789,-0.104004,-0.058105,-0.918457,-12.390137,102.844238,52.734375
3790,-0.093750,-0.109863,-0.944336,-21.606445,98.022461,46.752930
3791,-0.011719,-0.066406,-0.938965,-54.443359,103.820801,31.188965
3792,0.073242,0.089844,-1.022461,-65.979004,111.572266,35.949707
3793,0.101562,0.344238,-1.148926,-44.006348,114.501953,51.513672
3794,0.050293,0.260742,-0.755371,-35.400391,97.961426,60.424805
3795,0.012207,0.043457,-1.017578,-43.518066,51.879883,69.702148
3796,-0.064453,-0.080078,-0.858398,-27.282715,15.808105,58.837891
3797,-0.122070,-0.193359,-0.922852,-39.367676,-6.469727,35.339355
3798,-0.082520,-0.216309,-0.880859,-74.462891,-8.666992,-25.085449
3799,-0.031250,-0.113770,-0.947754,-94.909668,-12.573242,-54.931641
3800,0.037109,0.108887,-0.993164,-107.666016,-14.648438,-70.434570
3801,0.077148,0.318359,-0.897461,-118.164062,-17.700195,-67.077637
3802,0.110840,0.378418,-0.792480,-110.229492,-44.372559,-26.245117
3803,0.100586,0.352051,-0.798828,-92.895508,-69.824219,-6.652832
3804,0.059570,0.337402,-0.886719,-76.110840,-93.994141,7.019043
3805,-0.128906,0.111328,-0.954590,-66.040039,-89.294434,15.808105
3806,-0.181641,0.119629,-1.071777,-64.697266,-77.026367,9.460449
3807,-0.193359,0.177734,-1.062500,-61.157227,-60.913086,-3.601074
3808,-0.108887,0.247559,-0.832031,-79.284668,-56.457520,-14.953613
3809,-0.086914,0.202148,-0.846680,-84.838867,-67.565918,-16.479492
3810,-0.019531,0.384766,-0.964355,-82.458496,-79.528809,-17.578125
3811,0.006348,0.527832,-1.258301,-62.744141,-76.293945,-7.324219
3812,-0.057617,0.461426,-1.088867,-6.835938,-31.494141,22.033691
3813,-0.177734,0.379395,-0.904785,-0.610352,-18.920898,22.033691
3814,-0.166992,0.315430,-0.914551,6.591797,-15.136719,7.751465
3815,-0.139648,0.313477,-0.977539,12.512207,-8.178711,4.699707
3816,-0.159668,0.260742,-1.070312,17.578125,1.098633,-1.892090
3817,-0.131348,0.298340,-1.040527,19.226074,7.202148,-12.084961
3818,-0.054688,0.379395,-0.913086,7.629395,2.258301,-9.399414
3819,-0.119141,0.370117,-0.800293,-7.934570,-3.173828,-6.530762
3820,-0.158691,0.369141,-0.771484,-33.020020,-12.878418,-8.361816
3821,-0.177734,0.339844,-0.832520,-46.081543,-22.094727,-12.268066
3822,-0.146973,0.379395,-0.904785,-67.077637,-18.737793,-23.254395
3823,-0.145996,0.337402,-0.794922,-73.974609,-16.235352,-24.841309
3824,-0.175293,0.316406,-1.009277,-83.984375,-9.460449,-23.742676
3825,-0.193359,0.306152,-1.001953,-69.946289,-3.234863,-23.559570
3826,-0.176270,0.331543,-1.015625,-57.434082,-2.258301,-23.986816
3827,-0.222656,0.428223,-0.893555,-37.048340,-6.958008,-27.526855
3828,-0.241699,0.503418,-0.903809,-39.550781,-1.647949,-29.968262
3829,-0.207031,0.585449,-0.913574,-32.287598,7.263184,-24.719238
3830,-0.179688,0.577148,-0.766602,-26.062012,10.620117,-1.464844
3831,-0.164062,0.557617,-0.874023,-30.883789,12.695312,10.437012
3832,-0.205078,0.457520,-0.810059,-30.822754,11.291504,17.272949
3833,-0.219727,0.362793,-0.725586,-46.508789,8.178711,12.878418
3834,-0.179199,0.321289,-1.057129,-60.363770,13.366699,-1.037598
3835,-0.177734,0.304199,-1.058105,-54.809570,26.672363,-11.474609
3836,-0.186035,0.345215,-0.961914,-53.405762,38.757324,-24.108887
3837,-0.099121,0.522461,-0.933594,-77.575684,57.861328,-26.245117
3838,-0.165527,0.412598,-0.706055,-77.514648,56.152344,-15.869141
3839,-0.115234,0.494629,-0.849121,-82.153320,58.654785,-11.535645
3840,-0.145020,0.527832,-0.698242,-132.812500,80.932617,-0.122070
3841,-0.130859,0.536133,-0.653320,-174.255371,93.200684,-0.183105
3842,-0.127930,0.704590,-0.736816,-192.871094,87.280273,-12.817383
3843,-0.124512,0.609375,-0.642578,-122.558594,20.019531,-28.503418
3844,-0.128906,0.459473,-0.470215,-139.526367,-7.446289,-39.306641
3845,-0.186523,0.316406,-0.378906,-200.683594,-51.513672,-67.016602
3846,-0.258789,0.243164,-0.230469,-238.525391,-76.293945,-87.585449
3847,-0.317383,0.361328,-0.251953,-279.113770,-108.581543,-118.164062
3848,-0.414551,0.683594,-0.180664,-352.294922,-179.809570,-158.996582
3849,-0.530762,0.687012,-0.365234,-373.962402,-205.078125,-173.950195
3850,-0.456543,0.968750,-0.952148,-344.848633,-195.251465,-197.753906
3851,0.012695,2.030273,-1.386719,-152.160645,-79.162598,-105.407715
3852,-0.271484,1.460449,-0.811523,-70.922852,-0.305176,-13.427734
3853,-0.505859,0.943359,-0.124023,-59.265137,33.081055,28.442383
3854,-0.552246,0.976074,0.029785,-46.569824,-0.366211,45.593262
3855,-0.461914,1.027832,-0.119141,-27.832031,-15.502930,61.706543
3856,-0.408203,0.987793,-0.218750,-8.605957,-18.127441,80.383301
3857,-0.400391,0.913086,-0.260254,5.676270,-17.272949,89.904785
3858,-0.358398,0.856934,-0.297852,8.850098,-15.563965,88.745117
3859,-0.220703,0.753906,-0.281738,-10.864258,4.577637,57.495117
3860,-0.267578,0.854980,-0.338867,-30.029297,15.502930,44.006348
3861,-0.282715,0.904785,-0.249512,-38.757324,16.784668,3.906250
3862,-0.194336,1.028320,-0.294434,-37.170410,29.846191,-1.770020
3863,-0.247559,1.085938,-0.374023,-37.902832,56.091309,5.798340
3864,-0.276367,1.023926,-0.289062,-33.569336,86.364746,8.422852
3865,-0.108398,0.954102,-0.049805,-41.870117,85.510254,12.329102
3866,-0.134277,1.122559,-0.185059,-56.579590,85.388184,31.738281
3867,-0.191895,1.168945,-0.215820,-74.157715,81.970215,44.433594
3868,-0.143555,1.094727,-0.365723,-96.679688,100.524902,59.448242
3869,-0.187500,0.879395,-0.319824,-107.666016,123.168945,54.809570
3870,-0.237793,0.709473,-0.201172,-116.760254,143.188477,35.156250
3871,-0.249023,0.793457,-0.065918,-114.501953,140.136719,0.244141
3872,-0.276855,0.809082,-0.043945,-99.609375,125.122070,-15.930176
3873,-0.283691,0.837891,-0.015625,-78.735352,105.285645,-34.118652
3874,-0.192871,1.043457,0.054199,-53.955078,66.406250,-36.254883
3875,-0.216797,1.034180,0.111816,-48.095703,50.842285,-21.240234
3876,-0.241699,0.997070,0.207031,-40.161133,20.446777,-6.042480
3877,-0.178711,0.967285,0.229980,0.854492,-84.411621,13.977051
3878,-0.224121,1.093750,0.009766,13.488770,-123.107910,42.541504
3879,-0.289551,1.016602,-0.110352,23.132324,-137.817383,56.823730
3880,-0.185547,1.008301,-0.252930,15.930176,-122.375488,62.438965
3881,-0.175781,0.909668,-0.380371,-35.949707,-23.803711,66.528320
3882,-0.236328,0.921875,-0.270508,-56.640625,9.887695,54.687500
3883,-0.232910,0.996582,-0.142090,-74.951172,23.498535,43.029785
3884,-0.170898,0.918945,-0.172852,-109.497070,38.879395,25.085449
3885,-0.157715,0.881836,-0.203613,-112.182617,55.786133,15.869141
3886,-0.156738,0.911621,-0.145020,-102.355957,70.068359,9.704590
3887,-0.093750,0.970215,0.050293,-97.351074,99.060059,10.559082
3888,-0.081543,0.986328,0.144531,-108.764648,107.299805,22.399902
3889,-0.079590,0.996582,0.157715,-118.469238,103.637695,37.658691
3890,-0.104980,0.951660,0.164062,-119.873047,86.608887,54.382324
3891,-0.119141,0.932129,0.169922,-119.445801,72.509766,58.471680
3892,-0.119141,0.945312,0.141113,-114.746094,56.152344,61.279297
3893,-0.147461,1.000000,0.181641,-108.093262,28.991699,74.645996
3894,-0.154785,0.998047,0.235840,-113.159180,21.118164,78.857422
3895,-0.129883,1.013672,0.281250,-122.802734,12.573242,82.824707
3896,-0.031250,1.007324,0.281738,-146.728516,0.122070,95.520020
3897,0.010254,1.000000,0.322266,-168.762207,-1.953125,103.942871
3898,0.039062,0.965332,0.270508,-199.645996,3.540039,111.755371
3899,0.088379,0.938477,0.325195,-274.047852,47.912598,109.680176
3900,0.177734,0.989258,0.440430,-312.255859,57.006836,112.976074
3901,0.180176,0.865723,0.468262,-322.875977,66.711426,114.196777
3902,0.148926,0.684570,0.674316,-282.714844,54.199219,104.919434
3903,0.072266,0.511719,0.702637,-236.450195,36.865234,82.702637
3904,0.042969,0.447266,0.768066,-178.222656,14.831543,53.405762
3905,0.062012,0.506836,0.790527,-132.812500,-7.995605,26.062012
3906,0.199707,0.699707,0.875488,-95.520020,-18.920898,-32.470703
3907,0.277832,0.766602,0.867188,-119.628906,-11.596680,-38.269043
3908,0.245605,0.690918,0.768066,-146.423340,1.403809,-36.560059
3909,0.225586,0.616211,0.674805,-149.841309,44.433594,-36.193848
3910,0.253906,0.547363,0.479980,-121.215820,72.265625,-23.864746
3911,0.213867,0.511230,0.546387,-81.115723,103.027344,-12.207031
3912,0.111328,0.458496,0.692871,-53.283691,124.511719,-4.760742
3913,-0.095215,0.393066,1.050781,-20.507812,115.173340,-13.977051
3914,-0.078613,0.486328,1.264160,-19.775391,92.712402,-23.132324
3915,0.012207,0.611328,1.404297,-52.124023,19.836426,-25.939941
3916,-0.011719,0.579102,1.224121,-76.965332,-11.413574,-26.672363
3917,-0.006836,0.519043,0.964844,-94.909668,-23.925781,-28.015137
3918,-0.060059,0.349609,0.788086,-105.651855,-21.850586,-35.461426
3919,-0.063965,0.341309,0.774414,-89.843750,-14.526367,-54.199219
3920,-0.102539,0.392090,0.917969,-70.678711,-22.338867,-58.532715
3921,-0.125488,0.422363,0.971191,-48.339844,-36.010742,-60.607910
3922,0.049805,0.638184,0.778320,-6.774902,-41.625977,-48.767090
3923,0.057617,0.726074,0.915527,-14.282227,-28.747559,-34.362793
3924,-0.125977,0.594727,1.203125,-120.361328,-39.123535,6.713867
3925,-0.356934,0.278320,1.021973,-124.389648,-42.907715,-4.699707
3926,-0.273438,0.324219,1.061035,-108.825684,-49.865723,-24.902344
3927,-0.170898,0.374023,1.069336,-108.459473,-56.884766,-33.935547
3928,0.048828,0.478516,0.666504,-101.074219,-49.011230,-31.250000
3929,0.126465,0.406738,0.512207,-103.515625,-19.592285,-18.005371
3930,0.127441,0.327148,0.521973,-97.351074,16.906738,-8.789062
3931,0.037109,0.239746,0.832031,-94.421387,67.199707,8.544922
3932,0.010254,0.301270,1.037109,-99.060059,75.256348,20.507812
3933,-0.123047,0.174316,1.082520,-92.346191,65.551758,32.470703
3934,-0.244141,0.020996,1.207520,-114.135742,47.912598,9.582520
3935,-0.195312,0.021973,1.178223,-135.314941,39.001465,-6.347656
3936,-0.121582,0.031250,1.090820,-152.343750,33.874512,-18.188477
3937,0.007812,0.080078,0.764648,-178.710938,53.039551,-31.738281
3938,0.035156,0.080078,0.659180,-189.880371,80.810547,-35.034180
3939,0.028809,0.122070,0.654785,-192.260742,105.529785,-36.743164
3940,-0.183594,0.049316,0.982422,-175.598145,96.130371,-48.217773
3941,-0.278809,-0.046875,1.036133,-168.579102,77.392578,-62.988281
3942,-0.329590,-0.143066,1.008301,-161.010742,64.453125,-78.674316
3943,-0.329102,-0.175293,0.962891,-154.052734,57.983398,-92.041016
3944,-0.292480,-0.187500,0.933105,-152.954102,58.227539,-101.501465
3945,-0.134277,-0.074219,0.853027,-166.870117,78.002930,-96.069336
3946,-0.092285,-0.000488,0.895508,-176.391602,85.021973,-79.589844
3947,-0.081543,-0.000977,0.889648,-190.795898,89.721680,-64.208984
3948,-0.135254,0.095703,1.244629,-189.025879,13.122559,-44.799805
3949,-0.240234,-0.484863,1.294434,-150.024414,-42.907715,-48.828125
3950,-0.139648,-0.205078,1.088867,-143.066406,-72.326660,-42.663574
3951,-0.230469,-0.347656,0.872070,-71.594238,-45.104980,-4.882812
3952,-0.216797,-0.511230,0.827637,-33.752441,-26.428223,-8.422852
3953,-0.139648,-0.514648,0.857422,-17.944336,-9.155273,-14.343262
3954,-0.129883,-0.559570,0.790039,-17.333984,10.925293,-28.076172
3955,-0.132324,-0.532227,0.790527,-12.084961,17.517090,-38.696289
3956,-0.130371,-0.484863,0.810547,-10.375977,24.780273,-40.100098
3957,-0.187988,-0.482422,0.860840,-9.155273,29.174805,-34.301758
3958,-0.276367,-0.543457,0.952148,-11.413574,11.291504,-34.790039
3959,-0.237793,-0.510254,0.938477,-6.958008,-4.333496,-37.353516
3960,-0.180176,-0.460938,0.923828,-0.427246,-14.160156,-34.729004
3961,-0.120117,-0.462402,0.871094,8.483887,-15.563965,-31.188965
3962,-0.029297,-0.385742,0.836914,20.202637,4.394531,-18.859863
3963,-0.038086,-0.345703,0.881836,20.629883,9.094238,-2.685547
3964,-0.095703,-0.367676,0.911133,14.282227,1.037598,23.315430
3965,-0.248047,-0.511230,0.887207,12.023926,-0.915527,23.315430
3966,-0.300293,-0.572266,0.910156,11.169434,-1.831055,12.512207
3967,-0.279297,-0.528809,0.902832,5.920410,-2.807617,-3.845215
3968,-0.195312,-0.434082,0.873535,-0.610352,0.488281,-15.502930
3969,-0.060547,-0.307129,0.927734,-10.314941,7.873535,-11.108398
3970,-0.030273,-0.329102,0.962891,-14.526367,3.356934,0.854492
3971,-0.061523,-0.437988,0.888184,-16.113281,-5.920410,21.240234
3972,-0.125000,-0.484375,0.878418,-11.535645,-1.281738,23.986816
3973,-0.175293,-0.557129,1.042480,-22.521973,5.004883,20.202637
3974,-0.237305,-0.585449,0.946777,-82.153320,11.657715,8.422852
3975,-0.246582,-0.581543,0.900391,-115.722656,6.835938,2.380371
3976,-0.238281,-0.560059,0.930176,-158.447266,-0.732422,-3.662109
3977,-0.223145,-0.439453,1.058105,-213.928223,-11.535645,-10.253906
3978,-0.214844,-0.284668,0.396973,-141.418457,-19.653320,-31.738281
3979,-0.022461,-0.334473,0.872559,-36.926270,-13.854980,-17.211914
3980,-0.001953,-0.412598,1.198242,-27.465820,-14.709473,11.901855
3981,-0.025879,-0.480469,0.782715,-8.605957,-19.775391,43.151855
3982,-0.124512,-0.614258,0.713867,-8.239746,-16.357422,43.823242
3983,-0.236816,-0.722656,0.829102,-9.338379,-18.676758,36.804199
3984,-0.328613,-0.853516,0.824219,-18.127441,-32.226562,19.226074
3985,-0.370605,-0.882812,0.750977,-31.433105,-26.672363,0.671387
3986,-0.337891,-0.809570,0.655273,-33.447266,-18.310547,-20.996094
3987,-0.267578,-0.635254,0.570312,-2.868652,-8.239746,-44.616699
3988,-0.093262,-0.427246,0.933594,-6.835938,-6.103516,-37.414551
3989,-0.101562,-0.464844,0.908691,-33.325195,-7.080078,-28.625488
3990,-0.138672,-0.476074,0.905762,-43.823242,-6.958008,-25.207520
3991,-0.164062,-0.520996,0.878906,-49.255371,-0.732422,-22.766113
3992,-0.127441,-0.481934,0.888672,-56.640625,2.136230,-19.714355
3993,-0.052246,-0.588379,0.936035,-87.890625,7.324219,6.530762
3994,0.004395,-0.811523,0.847168,-140.136719,23.010254,14.709473
3995,0.044922,-0.671875,0.726074,-138.732910,22.766113,24.169922
3996,-0.000488,-0.772461,0.400391,-55.847168,7.751465,38.513184
3997,-0.021973,-0.692871,0.347168,-17.517090,17.150879,38.940430
3998,-0.097168,-0.688965,0.625000,1.770020,21.728516,41.564941
3999,-0.223633,-0.736328,0.780762,-8.239746,11.657715,43.395996
4000,-0.298340,-0.815918,0.739258,-7.995605,-22.521973,31.860352
4001,-0.269043,-0.833984,0.679688,-2.929688,-31.250000,19.042969
4002,-0.228027,-0.859863,0.616211,0.183105,-27.648926,5.920410
4003,-0.114746,-0.801270,0.598633,-8.789062,-10.375977,-3.845215
4004,-0.073242,-0.821289,0.667480,-16.967773,0.000000,-2.319336
4005,-0.053223,-0.958008,1.203125,-77.819824,9.582520,-1.098633
4006,-0.080078,-0.894043,0.914551,-130.737305,10.437012,-4.760742
4007,-0.077637,-0.576660,0.543457,-141.479492,8.056641,10.803223
4008,-0.184570,-0.600098,0.496094,-117.004395,-2.075195,28.503418
4009,-0.255371,-0.690430,0.329590,-64.575195,-18.005371,33.935547
4010,-0.268066,-0.786621,0.561035,14.526367,-23.010254,26.184082
4011,-0.281738,-0.873047,0.546875,4.638672,-16.418457,18.493652
4012,-0.253418,-0.851074,0.487305,4.699707,-8.728027,8.117676
4013,-0.248047,-0.845703,0.553223,7.751465,0.122070,-1.159668
4014,-0.243164,-0.881348,0.575684,28.320312,-10.070801,-14.099121
4015,-0.180176,-0.856445,0.631348,32.775879,-16.967773,-16.967773
4016,-0.119141,-0.832520,0.508301,29.479980,-22.033691,-12.451172
4017,-0.043945,-0.773438,0.577148,27.893066,-4.516602,-8.239746
4018,-0.068848,-0.692383,0.636230,30.456543,-5.615234,2.258301
4019,-0.132812,-0.685059,0.740234,31.555176,-10.253906,14.892578
4020,-0.150391,-0.704590,0.696289,23.437500,-26.306152,29.785156
4021,-0.151367,-0.729492,0.649902,16.296387,-24.780273,30.639648
4022,-0.149414,-0.747070,0.596191,8.911133,-19.226074,28.503418
4023,-0.201172,-0.779297,0.598145,1.525879,-2.563477,19.348145
4024,-0.215820,-0.841309,0.600098,4.211426,4.821777,10.009766
4025,-0.222168,-0.806152,0.678223,6.530762,8.361816,-1.464844
4026,-0.115723,-0.649414,0.722168,4.516602,-10.803223,3.601074
4027,-0.144043,-0.675293,0.717773,0.732422,-14.770508,8.239746
4028,-0.162598,-0.726562,0.815430,-11.840820,-17.456055,8.789062
4029,-0.189941,-0.829102,1.060547,-51.879883,-12.390137,7.995605
4030,-0.236328,-0.785645,0.528809,-128.173828,4.455566,-9.338379
4031,-0.196289,-0.733887,0.334961,-104.370117,9.094238,-15.991211
4032,-0.165039,-0.726562,0.289062,-66.467285,14.343262,-17.333984
4033,-0.120117,-0.763672,0.464844,-3.479004,12.756348,-16.357422
4034,-0.127930,-0.754395,0.621582,4.272461,9.521484,-13.000488
4035,-0.140137,-0.716797,0.705078,3.234863,-0.610352,-8.605957
4036,-0.115723,-0.735352,0.661621,8.361816,-26.245117,6.591797
4037,-0.122070,-0.785156,0.605469,10.253906,-34.240723,14.099121
4038,-0.152832,-0.807129,0.609863,10.803223,-39.672852,20.141602
4039,-0.178711,-0.866699,0.559082,6.652832,-42.785645,20.874023
4040,-0.171387,-0.902832,0.386230,-2.441406,-13.244629,10.559082
4041,-0.166016,-0.919434,0.454102,-3.173828,1.647949,3.112793
4042,-0.187988,-0.906738,0.509277,-3.295898,14.648438,-9.277344
4043,-0.216309,-0.850586,0.576172,0.305176,14.953613,-15.502930
4044,-0.217285,-0.831543,0.603027,1.586914,14.404297,-18.371582
4045,-0.203613,-0.791992,0.643066,-3.356934,12.268066,-19.897461
4046,-0.102051,-0.810547,0.876953,-29.907227,-5.432129,-4.638672
4047,-0.062012,-0.863281,1.008789,-81.298828,-6.347656,8.605957
4048,-0.100098,-0.878906,0.828125,-134.460449,-1.586914,18.737793
4049,-0.187012,-0.929199,0.614258,-200.683594,18.493652,11.779785
4050,-0.233398,-0.916992,0.511230,-224.609375,25.512695,-0.732422
4051,-0.258789,-0.801758,0.197266,-213.562012,31.372070,-16.235352
4052,-0.273438,-0.609375,0.104004,-92.895508,27.770996,-20.507812
4053,-0.270020,-0.716797,0.299805,-44.433594,18.737793,-15.319824
4054,-0.273926,-0.879395,0.433105,-28.686523,6.896973,-21.728516
4055,-0.089355,-0.868164,0.413086,-20.446777,-3.967285,-31.433105
4056,-0.035156,-0.894043,0.391113,-17.944336,-17.700195,-14.038086
4057,-0.011719,-0.979004,0.311523,-5.920410,-23.803711,-2.929688
4058,-0.013184,-0.991211,0.225586,-9.948730,-1.403809,2.075195
4059,-0.088379,-0.986328,0.292969,-10.986328,8.117676,3.295898
4060,-0.150879,-0.937988,0.416504,-12.390137,2.685547,5.249023
4061,-0.183105,-0.951660,0.379883,-10.925293,-7.202148,10.192871
4062,-0.166992,-0.942871,0.406250,-20.935059,-6.774902,5.981445
4063,-0.135254,-0.957031,0.379883,-29.846191,-7.019043,4.028320
4064,-0.109863,-0.949219,0.365234,-38.757324,-2.868652,0.732422
4065,-0.070801,-0.915039,0.460449,-56.701660,-4.150391,3.723145
4066,-0.094238,-0.931641,0.421875,-75.805664,-4.577637,6.652832
4067,-0.117188,-0.945801,0.361816,-91.308594,-3.051758,9.033203
4068,-0.143555,-0.970703,0.278320,-101.440430,1.159668,11.169434
4069,-0.220215,-0.992188,0.175293,-106.201172,13.549805,5.676270
4070,-0.227539,-0.989258,0.125488,-93.627930,15.014648,-1.403809
4071,-0.195801,-0.956543,0.114746,-77.331543,15.686035,-7.934570
4072,-0.098633,-0.872559,0.214844,-46.447754,0.000000,-4.699707
4073,-0.066895,-0.859863,0.214844,-36.865234,-9.826660,5.310059
4074,-0.124512,-0.921387,0.240234,-32.836914,-25.573730,24.780273
4075,-0.161621,-0.979980,0.181152,-37.658691,-28.991699,25.268555
4076,-0.178711,-1.024414,0.075684,-39.184570,-25.024414,20.446777
4077,-0.219238,-1.041504,-0.029785,-34.973145,6.530762,5.737305
4078,-0.285645,-1.077148,-0.040527,-30.395508,21.545410,-5.859375
4079,-0.325195,-1.097168,-0.056152,-22.766113,34.667969,-19.287109
4080,-0.295410,-1.049316,0.032227,-16.906738,44.677734,-29.357910
4081,-0.112793,-0.914062,0.237305,-2.441406,21.850586,-23.803711
4082,-0.051758,-0.887207,0.312012,0.976562,0.183105,-13.793945
4083,0.001465,-0.869141,0.324219,-2.014160,-22.827148,1.159668
4084,-0.020508,-0.896484,0.185059,-15.441895,-47.058105,33.081055
4085,-0.073730,-0.928711,0.082520,-17.150879,-48.217773,42.175293
4086,-0.169922,-0.992188,-0.016602,-14.892578,-39.184570,44.494629
4087,-0.274902,-1.035156,-0.031250,-7.629395,-24.108887,38.696289
4088,-0.344238,-1.091797,0.026855,-4.577637,4.089355,9.704590
4089,-0.338867,-1.116699,0.011230,-10.742188,20.324707,-8.300781
4090,-0.248535,-1.046387,-0.036621,-11.901855,54.016113,-38.024902
4091,-0.171387,-0.962891,0.041504,-5.615234,63.720703,-43.212891
4092,-0.095703,-0.888184,0.184082,-0.183105,56.823730,-36.987305
4093,-0.042480,-0.860352,0.230957,1.647949,38.940430,-24.780273
4094,-0.078613,-0.845215,0.233887,8.483887,5.432129,2.319336
4095,-0.155762,-0.903809,0.235352,9.582520,-9.948730,11.108398
4096,-0.195312,-0.927246,0.244141,6.347656,-21.606445,13.549805
4097,-0.187988,-0.953613,0.247559,-9.643555,-37.780762,12.512207
4098,-0.163086,-1.002441,0.164062,-16.662598,-38.696289,14.770508
4099,-0.166504,-1.051270,0.070312,-25.329590,-29.968262,16.540527
4100,-0.162598,-1.105957,-0.053711,-40.832520,2.197266,4.028320
4101,-0.177246,-1.094238,-0.089355,-44.921875,21.240234,-4.699707
4102,-0.217285,-1.051270,-0.024902,-44.799805,34.301758,-12.573242
4103,-0.257812,-1.053711,0.083008,-54.077148,41.503906,-20.202637
4104,-0.258301,-0.952148,0.209961,-95.214844,39.184570,-34.973145
4105,-0.215820,-0.920410,0.202637,-108.154297,27.038574,-37.170410
4106,-0.185059,-0.919922,0.186035,-119.262695,11.413574,-36.682129
4107,-0.163086,-0.971191,0.117676,-152.404785,-14.282227,-38.452148
4108,-0.138672,-0.983887,0.032715,-173.339844,-17.883301,-42.541504
4109,-0.059570,-0.959961,-0.154785,-185.485840,-17.150879,-41.015625
4110,-0.021973,-0.905273,-0.305176,-147.216797,8.300781,-23.559570
4111,-0.051758,-0.921875,-0.434570,-115.783691,19.958496,-16.174316
4112,-0.067383,-0.924316,-0.409180,-85.876465,30.212402,-8.728027
4113,-0.059570,-0.957520,-0.352051,-44.433594,50.109863,1.403809
4114,-0.080078,-0.998535,-0.356445,-27.526855,60.241699,1.159668
4115,-0.116211,-1.025879,-0.347168,-12.939453,72.143555,-5.798340
4116,-0.138184,-0.951172,-0.194336,-6.713867,81.970215,-15.380859
4117,-0.106934,-0.907227,-0.191895,-7.751465,76.416016,-15.319824
4118,-0.071289,-0.875488,-0.222168,-1.281738,67.810059,-13.854980
4119,-0.046875,-0.874023,-0.230469,10.131836,59.082031,-10.803223
4120,0.013184,-0.879883,-0.226074,20.751953,38.452148,4.943848
4121,0.006348,-0.861328,-0.244141,24.230957,31.799316,13.000488
4122,0.012207,-0.804688,-0.247070,29.846191,22.644043,33.508301
4123,0.013184,-0.825195,-0.244629,35.583496,17.639160,46.264648
4124,-0.002930,-0.856934,-0.222656,44.128418,10.253906,56.640625
4125,-0.029297,-0.983887,-0.170898,58.349609,1.342773,62.927246
4126,-0.194824,-1.363281,-0.102539,72.265625,-4.577637,36.376953
4127,-0.223633,-1.351074,-0.053223,54.321289,2.990723,9.338379
4128,-0.170410,-1.169434,-0.029785,20.446777,18.554688,-10.803223
4129,-0.022461,-0.899414,0.102539,-39.794922,26.794434,-9.338379
4130,-0.020996,-0.901855,0.183105,-54.199219,-14.831543,6.408691
4131,-0.028320,-0.913086,0.038086,-53.833008,-59.997559,15.502930
4132,-0.027832,-0.875488,-0.126465,-41.137695,-87.219238,20.324707
4133,-0.105469,-0.914551,-0.199707,-19.104004,-98.266602,25.329590
4134,-0.149902,-0.953613,-0.188477,-18.310547,-94.116211,22.033691
4135,-0.175293,-0.975586,-0.188965,-26.123047,-85.571289,14.099121
4136,-0.245605,-1.023926,-0.322754,-45.410156,-57.373047,-7.568359
4137,-0.299316,-1.046875,-0.405273,-49.926758,-31.616211,-24.353027
4138,-0.323242,-1.059082,-0.446777,-56.884766,1.586914,-45.471191
4139,-0.285156,-1.030762,-0.451660,-65.917969,35.156250,-60.852051
4140,-0.101562,-0.934570,-0.396484,-73.913574,80.749512,-50.292969
4141,-0.041016,-0.913574,-0.368652,-64.941406,85.998535,-33.874512
4142,-0.023438,-0.899902,-0.314941,-50.476074,81.970215,-20.812988
4143,-0.053711,-0.907227,-0.227051,-23.620605,51.269531,-9.948730
4144,-0.053223,-0.932129,-0.218750,-13.305664,31.494141,-6.286621
4145,-0.050781,-0.950195,-0.232910,-3.051758,13.427734,-1.098633
4146,-0.049805,-0.954590,-0.270020,5.249023,-12.390137,4.333496
4147,-0.041016,-0.942871,-0.302734,5.554199,-19.226074,5.249023
4148,-0.044922,-0.939941,-0.323730,7.263184,-22.216797,5.615234
4149,-0.090820,-0.966309,-0.352539,5.615234,-21.728516,5.126953
4150,-0.167969,-0.993652,-0.382812,-3.112793,-6.347656,-3.479004
4151,-0.145508,-0.980469,-0.427246,-3.479004,1.281738,-7.324219
4152,-0.035156,-0.952148,-0.408203,11.596680,11.108398,-9.948730
4153,0.015137,-0.909180,-0.357910,19.653320,8.728027,-6.042480
4154,0.056152,-0.874512,-0.321777,28.930664,1.281738,1.464844
4155,0.088867,-0.844238,-0.302734,39.489746,-8.239746,12.573242
4156,0.105469,-0.786621,-0.278809,56.335449,-25.512695,41.259766
4157,0.085938,-0.745605,-0.272949,61.462402,-31.616211,57.495117
4158,0.039062,-0.750977,-0.293457,64.758301,-33.325195,73.242188
4159,-0.097656,-0.789062,-0.329590,66.589355,-18.188477,91.613770
4160,-0.138672,-0.797852,-0.311523,64.208984,-5.493164,97.290039
4161,-0.192871,-0.902832,-0.217773,41.870117,24.902344,107.788086
4162,-0.206055,-0.897949,-0.177734,19.348145,43.701172,111.877441
4163,-0.193848,-0.815918,-0.151855,-8.239746,62.255859,118.347168
4164,-0.159180,-0.670898,-0.146484,-35.583496,77.636719,130.187988
4165,-0.178223,-0.645508,-0.336426,-41.931152,86.486816,158.630371
4166,-0.200195,-0.649902,-0.333008,-24.963379,81.848145,175.659180
4167,-0.356445,-0.939941,-0.296387,2.746582,67.443848,187.805176
4168,-0.881836,-1.819824,-0.080078,111.999512,7.629395,106.506348
4169,-0.854980,-1.529297,0.009766,132.446289,-18.249512,42.480469
4170,-0.768066,-1.263184,0.010742,101.989746,-19.836426,-5.249023
4171,-0.529785,-0.920410,-0.127930,51.208496,-1.525879,-56.030273
4172,-0.416504,-0.824707,-0.202637,39.733887,13.183594,-59.753418
4173,-0.346191,-0.784668,-0.260742,35.461426,29.602051,-53.588867
4174,-0.308105,-0.839355,-0.195312,48.583984,48.217773,-33.996582
4175,-0.291016,-0.876465,-0.112793,55.114746,44.494629,-28.259277
4176,-0.274414,-0.907715,-0.059570,56.823730,35.705566,-22.521973
4177,-0.368164,-0.955566,-0.199707,62.744141,25.085449,-15.930176
4178,-0.422363,-0.944336,-0.257812,80.932617,23.437500,-20.202637
4179,-0.433594,-0.931152,-0.269531,106.384277,19.348145,-27.770996
4180,-0.411621,-0.923340,-0.264160,130.981445,15.197754,-35.766602
4181,-0.265625,-0.851562,-0.202148,177.062988,6.164551,-36.193848
4182,-0.176270,-0.839844,-0.164551,197.937012,0.122070,-25.695801
4183,-0.110840,-0.853027,-0.089844,215.942383,-4.272461,-10.498047
4184,-0.213379,-0.976562,0.244141,194.458008,4.394531,12.329102
4185,-0.232422,-0.969238,0.199219,183.593750,10.620117,14.587402
4186,-0.254395,-0.947754,0.266113,172.790527,14.770508,18.005371
4187,-0.246582,-0.871582,0.358887,144.470215,12.451172,27.770996
4188,-0.206055,-0.838379,0.387207,131.469727,7.202148,36.071777
4189,-0.173828,-0.834961,0.412598,118.103027,2.197266,47.180176
4190,-0.299805,-1.009277,0.286621,101.928711,5.798340,56.152344
4191,-0.439453,-1.105469,0.189941,111.511230,13.977051,42.236328
4192,-0.549805,-1.116699,0.089844,135.375977,20.324707,18.859863
4193,-0.498535,-0.752441,0.291504,186.340332,15.991211,-17.639160
4194,-0.388672,-0.633301,0.509766,170.227051,13.793945,-24.108887
4195,-0.267578,-0.591309,0.639648,138.916016,13.000488,-19.775391
4196,-0.251953,-0.703125,0.624512,91.918945,19.409180,15.075684
4197,-0.298340,-0.734863,0.598633,81.542969,17.578125,23.315430
4198,-0.327637,-0.751953,0.555176,77.026367,12.573242,27.954102
4199,-0.435059,-0.812500,0.608398,65.185547,6.286621,28.869629
4200,-0.492676,-0.826660,0.677246,44.738770,7.629395,19.531250
4201,-0.510742,-0.816895,0.682129,19.653320,11.535645,5.493164
4202,-0.467773,-0.773438,0.593750,5.493164,14.343262,-8.178711
4203,-0.391113,-0.768066,0.565918,6.652832,11.474609,-20.507812
4204,-0.370117,-0.774414,0.563965,1.892090,10.009766,-23.132324
4205,-0.346191,-0.776367,0.554688,-4.211426,9.948730,-23.925781
4206,-0.359375,-0.793945,0.547363,-8.605957,11.840820,-24.047852
4207,-0.357422,-0.737305,0.594727,-15.014648,9.277344,-22.277832
4208,-0.342285,-0.671387,0.627441,-26.611328,1.831055,-16.601562
4209,-0.312500,-0.729980,0.587891,-51.940918,-10.620117,1.770020
4210,-0.318848,-0.800781,0.535156,-58.593750,-5.920410,3.234863
4211,-0.301758,-0.877441,0.641113,-69.213867,5.310059,3.234863
4212,-0.379883,-0.926758,0.663574,-131.591797,24.047852,-7.385254
4213,-0.422852,-0.957031,0.654785,-157.592773,27.709961,-18.127441
4214,-0.440430,-0.902832,0.588379,-187.438965,22.033691,-30.883789
4215,-0.327637,-0.760254,0.330078,-208.251953,3.784180,-32.348633
4216,-0.312012,-0.755859,0.244629,-195.068359,-3.601074,-23.193359
4217,-0.307129,-0.816406,0.227051,-179.748535,-4.699707,-14.953613
4218,-0.295410,-0.893066,0.158203,-151.245117,0.366211,-8.544922
4219,-0.317871,-0.925293,0.144043,-133.300781,0.732422,-7.812500
4220,-0.405762,-0.988281,0.188965,-118.225098,2.502441,-12.512207
4221,-0.402344,-0.935059,0.360840,-125.549316,-13.793945,-29.174805
4222,-0.290527,-0.878906,0.312500,-171.630859,-33.142090,-31.738281
4223,-0.251465,-0.801758,0.236328,-197.387695,-36.132812,-25.024414
4224,-0.234375,-0.766113,0.081055,-210.754395,-37.048340,-15.563965
4225,-0.289551,-0.845703,-0.077637,-211.181641,-31.921387,-6.774902
4226,-0.455078,-0.930664,-0.143066,-187.072754,-12.878418,-13.427734
4227,-0.476562,-0.970215,-0.129395,-175.170898,-7.324219,-31.921387
4228,-0.425293,-0.912109,-0.110352,-168.518066,-8.239746,-47.851562
4229,-0.246094,-0.848145,-0.158691,-163.696289,-9.155273,-53.405762
4230,-0.166016,-0.835938,-0.146484,-163.208008,-8.544922,-44.250488
4231,-0.134277,-0.833984,-0.148438,-168.029785,-11.230469,-30.334473
4232,-0.194336,-0.863281,-0.264648,-178.588867,-13.916016,-7.385254
4233,-0.246582,-0.866699,-0.353027,-178.222656,-10.986328,-5.310059
4234,-0.284668,-0.861816,-0.434082,-170.043945,-5.859375,-8.239746
4235,-0.282227,-0.827637,-0.503906,-147.521973,6.103516,-21.545410
4236,-0.257812,-0.819824,-0.583008,-134.887695,13.977051,-25.817871
4237,-0.222168,-0.817383,-0.658691,-114.929199,20.996094,-25.939941
4238,-0.192383,-0.849121,-0.664062,-67.443848,24.841309,-23.864746
4239,-0.170898,-0.843750,-0.672363,-47.363281,24.230957,-22.277832
4240,-0.151855,-0.825684,-0.654785,-31.188965,24.353027,-17.639160
4241,-0.145508,-0.803711,-0.594238,-21.240234,25.024414,-11.657715
4242,-0.173340,-0.796875,-0.456055,-30.151367,20.507812,-0.366211
4243,-0.192871,-0.831055,-0.411621,-35.461426,10.070801,3.784180
4244,-0.170410,-0.814453,-0.416504,-51.391602,-14.160156,6.225586
4245,-0.162598,-0.818848,-0.482422,-60.180664,-19.897461,9.643555
4246,-0.185547,-0.878418,-0.563477,-65.795898,-19.592285,11.169434
4247,-0.205078,-0.920410,-0.641602,-69.519043,-15.258789,9.948730
4248,-0.163086,-0.829590,-0.854980,-46.630859,-6.042480,13.916016
4249,-0.152344,-0.738770,-0.817383,-24.353027,-1.342773,15.075684
4250,-0.145996,-0.699219,-0.802734,0.122070,0.732422,18.859863
4251,-0.170898,-0.705078,-0.812012,32.348633,2.197266,22.460938
4252,-0.240234,-0.744629,-0.631348,77.087402,7.446289,22.399902
4253,-0.266113,-0.781250,-0.574219,82.031250,11.108398,17.822266
4254,-0.292969,-0.817383,-0.540527,83.679199,16.601562,4.760742
4255,-0.275391,-0.791992,-0.493652,83.740234,16.723633,1.098633
4256,-0.255371,-0.773438,-0.476074,84.350586,14.404297,1.525879
4257,-0.260742,-0.775391,-0.474609,86.059570,12.817383,3.295898
4258,-0.265625,-0.768066,-0.424805,104.248047,5.920410,14.648438
4259,-0.337402,-0.861816,-0.389648,115.173340,-0.366211,13.549805
4260,-0.335449,-0.901367,-0.422852,121.520996,-3.417969,5.310059
4261,-0.420410,-1.028809,-0.474609,113.159180,24.230957,-23.559570
4262,-0.395508,-0.964844,-0.402832,107.482910,33.813477,-32.836914
4263,-0.329102,-0.899902,-0.341797,105.102539,36.254883,-34.667969
4264,-0.176758,-0.862305,-0.293945,108.825684,26.611328,-31.127930
4265,-0.112793,-0.823730,-0.291504,118.591309,19.104004,-24.658203
4266,-0.073242,-0.826172,-0.294434,131.835938,12.207031,-14.282227
4267,-0.072266,-0.859375,-0.302734,146.484375,6.286621,-3.967285
4268,-0.135742,-0.897461,-0.307129,175.842285,3.601074,6.530762
4269,-0.177734,-0.941406,-0.307617,190.246582,5.615234,8.911133
4270,-0.195801,-0.944336,-0.263184,205.383301,7.324219,9.277344
4271,-0.143555,-0.897949,-0.168457,238.525391,0.610352,10.131836
4272,-0.108887,-0.894531,-0.155762,252.380371,0.549316,13.427734
4273,-0.092773,-0.872070,-0.112793,264.648438,4.760742,20.751953
4274,-0.126953,-0.905273,-0.011230,286.193848,11.962891,34.545898
4275,-0.146973,-0.873535,0.016602,300.292969,13.977051,40.283203
4276,-0.151367,-0.808594,0.048828,319.702148,15.258789,49.682617
4277,-0.084961,-0.659180,0.146973,365.051270,10.681152,78.857422
4278,-0.049805,-0.570801,0.158203,389.526367,8.789062,98.144531
4279,-0.078613,-0.530273,0.220703,416.076660,11.718750,119.018555
4280,-0.369141,-0.684570,1.023926,132.324219,193.298340,85.021973
4281,-0.498535,-0.787109,1.150391,-9.582520,248.901367,55.725098
4282,-0.505859,-0.754883,1.047852,-43.029785,234.741211,36.132812
4283,-0.588379,-0.793457,0.861816,13.671875,107.910156,17.395020
4284,-0.592773,-0.750488,0.717285,60.546875,34.790039,15.502930
4285,-0.738770,-0.812988,0.873535,13.122559,21.484375,10.803223
4286,-0.573242,-0.757812,0.741211,-99.243164,9.887695,-11.047363
4287,-0.542480,-0.796387,0.536621,-99.487305,-15.747070,-24.291992
4288,-0.545898,-0.833496,0.310547,-83.068848,-28.503418,-34.912109
4289,-0.483887,-0.717285,0.206055,-50.598145,-10.131836,-45.104980
4290,-0.413574,-0.672363,0.352051,-46.630859,3.295898,-41.931152
4291,-0.410645,-0.698242,0.517578,-52.673340,10.314941,-36.437988
4292,-0.438965,-0.751465,0.700195,-103.271484,5.004883,-31.066895
4293,-0.479492,-0.789551,0.611816,-124.389648,-12.573242,-28.320312
4294,-0.503906,-0.840820,0.447754,-134.582520,-23.986816,-33.081055
4295,-0.475098,-0.853027,0.370117,-144.836426,-8.911133,-42.968750
4296,-0.405273,-0.847656,0.520508,-169.128418,15.441895,-51.757812
4297,-0.348145,-0.829102,0.609863,-206.298828,21.911621,-51.574707
4298,-0.348633,-0.853027,0.309082,-262.145996,6.225586,-56.152344
4299,-0.310547,-0.841309,0.181641,-274.658203,6.286621,-54.687500
4300,-0.280273,-0.799805,-0.055664,-268.127441,13.000488,-47.424316
4301,-0.288086,-0.864746,-0.133301,-242.614746,13.183594,-43.945312
4302,-0.280273,-0.919434,-0.190430,-216.430664,14.709473,-45.349121
4303,-0.262207,-0.942383,-0.233398,-194.641113,17.578125,-49.499512
4304,-0.277344,-0.996582,-0.308594,-169.982910,33.264160,-58.410645
4305,-0.258789,-0.969727,-0.278809,-159.423828,39.672852,-57.067871
4306,-0.220215,-0.919922,-0.211914,-153.198242,37.414551,-52.246094
4307,-0.147461,-0.856934,-0.254395,-138.305664,20.385742,-40.100098
4308,-0.142090,-0.844727,-0.316895,-129.821777,10.498047,-32.958984
4309,-0.147949,-0.831543,-0.354004,-110.473633,0.488281,-21.179199
4310,-0.177734,-0.888672,-0.484863,-97.167969,3.173828,-19.775391
4311,-0.216309,-0.946289,-0.539551,-87.402344,11.840820,-22.155762
4312,-0.203125,-0.935059,-0.494141,-64.147949,30.639648,-23.986816
4313,-0.132812,-0.887695,-0.428711,-54.199219,29.357910,-19.592285
4314,-0.075195,-0.835449,-0.395996,-50.659180,23.132324,-11.535645
4315,-0.144531,-0.808594,-0.403320,-54.382324,14.892578,5.615234
4316,-0.197266,-0.828125,-0.393555,-61.706543,13.732910,8.850098
4317,-0.218750,-0.859375,-0.405273,-65.795898,8.666992,9.155273
4318,-0.228516,-0.899902,-0.443848,-63.903809,1.586914,6.408691
4319,-0.191895,-0.887207,-0.539551,-46.142578,-10.437012,-0.854492
4320,-0.163574,-0.867188,-0.585449,-32.714844,-12.634277,-0.671387
4321,-0.137695,-0.854004,-0.656250,-17.395020,-11.291504,2.685547
4322,-0.167969,-0.838379,-0.630859,15.747070,4.394531,11.413574
4323,-0.205566,-0.840332,-0.566406,22.155762,14.831543,12.390137
4324,-0.241211,-0.851074,-0.491211,24.169922,20.935059,11.474609
4325,-0.234863,-0.875000,-0.395020,22.766113,15.014648,5.920410
4326,-0.208984,-0.874512,-0.376953,20.874023,6.835938,4.028320
4327,-0.184082,-0.868652,-0.384277,18.920898,-1.342773,4.516602
4328,-0.219238,-0.872070,-0.395996,11.535645,-10.253906,6.835938
4329,-0.235352,-0.882812,-0.415039,11.047363,-14.160156,5.859375
4330,-0.249512,-0.883789,-0.403320,10.131836,-14.831543,3.723145
4331,-0.260742,-0.873047,-0.334961,-0.366211,-18.676758,-1.831055
4332,-0.237793,-0.869629,-0.321289,-3.479004,-24.291992,-2.014160
4333,-0.211426,-0.893555,-0.344727,-7.141113,-28.747559,-2.197266
4334,-0.203125,-0.923828,-0.386230,-15.869141,-27.893066,-3.112793
4335,-0.201172,-0.906250,-0.433105,-44.494629,-13.366699,-3.479004
4336,-0.199219,-0.878906,-0.447266,-55.725098,-6.652832,-0.427246
4337,-0.214355,-0.843262,-0.429199,-62.377930,-1.159668,1.647949
4338,-0.243652,-0.844727,-0.384766,-68.298340,-6.774902,0.305176
4339,-0.236328,-0.869141,-0.429199,-70.556641,-11.901855,-3.112793
4340,-0.223633,-0.861816,-0.468262,-69.763184,-15.319824,-6.286621
4341,-0.187012,-0.861816,-0.552246,-59.326172,-16.906738,-6.835938
4342,-0.188477,-0.866699,-0.579590,-55.480957,-14.465332,-5.981445
4343,-0.197266,-0.838867,-0.576660,-53.527832,-9.887695,-6.530762
4344,-0.205078,-0.795410,-0.566406,-56.457520,-4.638672,-8.483887
4345,-0.224121,-0.774414,-0.671875,-45.349121,4.760742,-7.324219
4346,-0.228027,-0.752441,-0.651367,-37.597656,11.474609,-8.117676
4347,-0.208008,-0.734863,-0.648438,-27.465820,15.686035,-8.483887
4348,-0.193848,-0.754395,-0.655273,-4.455566,24.658203,-7.324219
4349,-0.177734,-0.786621,-0.626465,7.507324,24.108887,-3.906250
4350,-0.158691,-0.815430,-0.597168,15.930176,18.127441,-0.305176
4351,-0.144043,-0.818359,-0.586914,18.249512,9.887695,2.990723
4352,-0.155762,-0.835938,-0.635254,16.296387,1.892090,6.896973
4353,-0.164062,-0.753418,-0.713379,31.982422,2.197266,14.526367
4354,-0.172363,-0.763184,-0.633301,46.020508,10.498047,14.282227
4355,-0.257812,-0.770508,-0.389648,35.949707,20.019531,11.474609
4356,-0.287598,-0.812500,-0.337402,19.897461,7.141113,10.620117
4357,-0.268555,-0.890137,-0.342285,13.305664,-13.488770,5.310059
4358,-0.242188,-0.981445,-0.263184,14.221191,-42.114258,-2.868652
4359,-0.250000,-1.071777,-0.235840,-6.408691,-105.590820,-24.047852
4360,-0.278320,-0.935547,-0.285156,-32.653809,-129.516602,-29.541016
4361,-0.347168,-0.708496,-0.457031,-49.682617,-175.537109,-21.057129
4362,-0.361816,-0.744141,-0.473633,-44.006348,-186.584473,-17.333984
4363,-0.354980,-0.763672,-0.433594,-43.273926,-188.049316,-17.272949
4364,-0.318848,-0.700684,-0.439453,-63.903809,-183.288574,-11.352539
4365,-0.300293,-0.660156,-0.735840,-75.195312,-169.067383,-2.807617
4366,-0.405273,-0.749512,-0.906250,-76.904297,-142.456055,2.868652
4367,-0.512207,-0.875977,-0.910645,-58.837891,-117.492676,-4.394531
4368,-0.558594,-0.924316,-0.653320,-16.906738,-80.139160,-40.161133
4369,-0.516113,-0.913574,-0.485352,6.164551,-74.340820,-60.485840
4370,-0.413574,-0.826172,-0.171875,48.095703,-119.689941,-94.116211
4371,-0.341309,-0.760254,0.002441,54.016113,-166.503906,-101.074219
4372,-0.248047,-0.635742,0.119629,45.471191,-219.970703,-93.811035
4373,-0.206055,-0.521484,-0.238770,-1.892090,-296.020508,-39.367676
4374,-0.316895,-0.685059,-0.908691,-73.425293,-241.027832,-9.643555
4375,-0.428711,-0.712402,-1.153320,-90.759277,-148.010254,17.639160
4376,-0.626953,-0.953125,-1.160156,-16.296387,22.521973,3.051758
4377,-0.550781,-0.958984,-0.939941,28.503418,76.293945,-19.714355
4378,-0.330566,-0.832031,-0.663086,66.467285,129.699707,-30.273438
4379,-0.291016,-0.813965,-0.635742,81.848145,138.793945,-29.052734
4380,-0.302246,-0.825684,-0.569336,102.050781,139.709473,-28.442383
4381,-0.360352,-0.852539,-0.434082,119.018555,134.521484,-31.127930
4382,-0.562500,-1.028809,-0.226074,113.342285,68.420410,-61.035156
4383,-0.534668,-0.994141,-0.245117,123.046875,49.987793,-90.026855
4384,-0.458008,-0.929199,-0.222168,123.657227,28.015137,-110.595703
4385,-0.257324,-0.868164,-0.105469,104.919434,-5.187988,-106.140137
4386,-0.140137,-0.813965,-0.053711,51.086426,-1.037598,-92.041016
4387,-0.091309,-0.810547,-0.120117,-11.230469,14.038086,-72.204590
4388,-0.084473,-0.804199,-0.257324,-51.208496,32.531738,-52.062988
4389,-0.097656,-0.813477,-0.345703,-60.668945,57.617188,-27.038574
4390,-0.108887,-0.838379,-0.255371,-46.508789,54.870605,-20.385742
4391,-0.076660,-0.822754,-0.008789,-41.198730,18.432617,-10.681152
4392,-0.093750,-0.809082,0.064941,-58.105469,-10.437012,-3.479004
4393,-0.144043,-0.759766,0.009277,-80.078125,-36.865234,5.432129
4394,-0.160645,-0.710449,-0.157227,-91.308594,-53.527832,14.892578
4395,-0.159180,-0.789062,-0.612793,-47.485352,-62.255859,24.108887
4396,-0.133301,-0.781250,-0.605957,4.516602,-63.659668,22.094727
4397,-0.100098,-0.787598,-0.530273,29.785156,-50.842285,20.507812
4398,-0.089844,-0.796875,-0.451172,56.884766,-38.696289,28.076172
4399,-0.183594,-0.847168,-0.385254,60.607910,-26.611328,47.119141
4400,-0.317871,-0.956543,-0.555176,50.842285,-10.070801,44.494629
4401,-0.444824,-1.131836,-0.599609,24.719238,60.180664,23.681641
4402,-0.533691,-1.275391,-0.187500,60.058594,61.157227,4.577637
4403,-0.479004,-1.210449,0.276367,57.373047,32.775879,-27.648926
4404,-0.343262,-1.032227,0.634277,3.295898,-18.554688,-50.720215
4405,-0.102051,-0.450684,0.200195,-61.828613,-162.658691,-3.784180
4406,-0.024902,-0.958008,-1.045898,-123.535156,-126.342773,5.249023
4407,-0.362793,-0.918457,-0.983398,-29.235840,-27.893066,13.854980
4408,-0.396973,-0.948242,-0.665527,7.812500,-5.065918,5.737305
4409,-0.351562,-1.028320,-0.477539,0.244141,17.211914,-0.427246
4410,-0.298340,-1.025879,-0.428223,-19.897461,35.034180,-6.225586
4411,-0.257812,-0.841797,-0.355957,-16.845703,41.748047,-12.573242
4412,-0.250977,-0.845215,-0.314941,-23.132324,39.916992,-13.244629
4413,-0.259277,-0.900879,-0.354980,-36.499023,42.602539,-16.235352
4414,-0.253418,-0.922363,-0.453125,-41.381836,42.480469,-21.301270
4415,-0.154785,-0.895020,-0.698730,-24.963379,56.640625,-23.010254
4416,-0.120117,-0.884766,-0.701172,-5.371094,68.115234,-17.272949
4417,-0.082520,-0.890137,-0.284180,2.990723,56.762695,-0.122070
4418,-0.090820,-0.880371,-0.232910,-13.061523,38.330078,10.437012
4419,-0.102051,-0.827148,-0.248535,-32.104492,19.836426,18.737793
4420,-0.114746,-0.793945,-0.350586,-41.625977,2.929688,26.428223
4421,-0.170410,-0.824707,-0.521973,-30.761719,-13.610840,39.489746
4422,-0.195801,-0.873047,-0.538086,-17.456055,-18.432617,40.039062
4423,-0.253418,-0.874512,-0.594727,4.760742,-22.399902,31.127930
4424,-0.302734,-0.947266,-0.664062,21.057129,-17.395020,21.240234
4425,-0.309082,-0.980957,-0.705078,43.884277,-7.934570,11.291504
4426,-0.206543,-0.924316,-0.604492,75.683594,18.432617,1.098633
4427,-0.186523,-0.885742,-0.472656,79.528809,30.761719,2.990723
4428,-0.176270,-0.851562,-0.373047,75.744629,35.339355,5.004883
4429,-0.199219,-0.836914,-0.277832,68.237305,34.545898,7.873535
4430,-0.263184,-0.852539,-0.207031,47.363281,23.803711,9.216309
4431,-0.125000,-0.671387,-0.114746,38.696289,16.296387,12.268066
4432,-0.192871,-0.758301,-0.156250,34.790039,2.746582,29.296875
4433,-0.261230,-0.989258,-0.264648,22.644043,-58.776855,51.940918
4434,-0.267090,-1.101074,-0.480469,36.621094,-83.068848,49.011230
4435,-0.254883,-1.066895,-0.544434,57.983398,-92.102051,41.198730
4436,-0.245605,-0.943848,-0.392578,75.073242,-71.289062,24.353027
4437,-0.259766,-0.908691,-0.224609,71.044922,-64.208984,13.061523
4438,-0.449219,-0.964355,-0.029297,41.259766,-63.903809,-15.014648
4439,-0.471191,-0.921875,-0.109375,18.188477,-61.706543,-26.977539
4440,-0.471191,-0.953613,-0.247070,-12.084961,-48.645020,-24.536133
4441,-0.398926,-1.037598,-0.397949,-34.851074,-24.475098,-13.916016
4442,-0.283203,-1.048340,-0.456055,-36.315918,20.385742,0.976562
4443,-0.179199,-0.824707,-0.340332,-22.949219,23.437500,6.225586
4444,-0.208984,-0.812500,-0.380371,-0.610352,20.202637,11.352539
4445,-0.280762,-0.848145,-0.394043,27.465820,18.920898,12.878418
4446,-0.460938,-0.979004,0.065430,62.316895,-6.896973,2.685547
4447,-0.322266,-0.867188,0.167969,-6.652832,-50.598145,-0.793457
4448,-0.260742,-0.839844,-0.056152,-41.931152,-65.673828,9.887695
4449,-0.247070,-0.882324,-0.301270,-50.170898,-71.166992,18.493652
4450,-0.308594,-0.907715,-0.519043,-1.708984,-60.974121,19.348145
4451,-0.364746,-0.890137,-0.585938,33.081055,-50.842285,15.136719
4452,-0.396484,-0.917480,-0.432617,71.899414,-44.982910,8.300781
4453,-0.392090,-0.941895,-0.222656,87.890625,-42.358398,-0.793457
4454,-0.312988,-0.928711,-0.129395,74.829102,-35.522461,2.441406
4455,-0.290039,-0.898438,-0.157227,64.025879,-26.977539,9.887695
4456,-0.247559,-0.858887,-0.227539,81.726074,-19.775391,27.770996
4457,-0.258789,-0.880371,-0.227539,105.834961,-22.216797,37.841797
4458,-0.282715,-0.856445,-0.166992,132.873535,-23.925781,46.142578
4459,-0.344238,-0.837891,0.003906,161.682129,-30.761719,57.128906
4460,-0.412109,-0.820801,0.197754,175.964355,-35.583496,67.626953
4461,-0.438965,-0.794434,0.273926,150.756836,-29.296875,72.021484
4462,-0.463379,-0.821289,0.003418,87.097168,-22.033691,70.190430
4463,-0.469238,-0.978516,-0.057617,90.637207,-29.479980,63.781738
4464,-0.481445,-1.090332,0.049316,100.646973,-43.457031,50.964355
4465,-0.521484,-1.099121,0.116211,100.708008,-54.382324,36.071777
4466,-0.606934,-1.042969,0.212402,83.618164,-59.997559,7.690430
4467,-0.601074,-0.982422,0.241211,86.303711,-65.185547,-5.371094
4468,-0.554199,-0.920410,0.267090,98.449707,-76.049805,-14.587402
4469,-0.421875,-0.840332,0.314453,87.219238,-83.496094,-23.681641
4470,-0.398438,-0.833008,0.312500,58.105469,-72.753906,-25.390625
4471,-0.382812,-0.820312,0.302734,32.470703,-58.532715,-25.085449
4472,-0.353027,-0.786621,0.289551,24.353027,-38.696289,-18.188477
4473,-0.353516,-0.771973,0.271484,41.687012,-38.024902,-11.169434
4474,-0.382812,-0.783691,0.285156,61.340332,-41.198730,-3.845215
4475,-0.440430,-0.841309,0.402344,73.425293,-51.513672,3.479004
4476,-0.435059,-0.837402,0.420898,71.044922,-61.828613,3.967285
4477,-0.411133,-0.826172,0.377441,72.753906,-73.852539,4.943848
4478,-0.379883,-0.864258,0.433105,84.106445,-102.600098,10.375977
4479,-0.399414,-0.870605,0.494629,84.960938,-119.018555,13.793945
4480,-0.438477,-0.860352,0.544922,78.186035,-133.728027,16.357422
4481,-0.470215,-0.823242,0.557617,60.241699,-141.418457,16.906738
4482,-0.405273,-0.742188,0.412598,17.578125,-129.333496,20.141602
4483,-0.330566,-0.817871,0.186523,-8.911133,-93.994141,17.822266
4484,-0.280273,-0.924316,0.155762,-31.311035,-42.480469,8.728027
4485,-0.242676,-0.891113,0.211914,-8.911133,41.503906,-13.366699
4486,-0.263184,-0.817871,0.306641,20.080566,67.260742,-18.798828
4487,-0.296875,-0.757812,0.466309,36.865234,79.162598,-19.958496
4488,-0.321777,-0.722656,0.609863,33.203125,75.683594,-16.906738
4489,-0.326172,-0.701172,0.691406,-10.070801,46.447754,-8.483887
4490,-0.324707,-0.734375,0.597656,-22.094727,27.343750,-3.662109
4491,-0.332031,-0.779785,0.525391,-21.118164,10.437012,1.281738
4492,-0.362305,-0.802246,0.458496,-14.831543,-7.507324,9.765625
4493,-0.370117,-0.817383,0.438965,-14.831543,-9.277344,13.305664
4494,-0.375977,-0.840332,0.419434,-13.122559,-7.995605,15.869141
4495,-0.415527,-0.916992,0.359863,2.868652,0.488281,8.972168
4496,-0.423828,-0.931641,0.321777,16.235352,9.033203,-0.915527
4497,-0.406250,-0.909668,0.311035,21.057129,23.315430,-11.047363
4498,-0.383789,-0.885254,0.327637,14.038086,42.114258,-19.836426
4499,-0.370117,-0.853516,0.352051,-1.525879,75.805664,-30.029297
4500,-0.376465,-0.832031,0.366699,-1.098633,86.608887,-31.616211
4501,-0.380859,-0.805664,0.388184,-0.366211,93.566895,-30.883789
4502,-0.370605,-0.793945,0.455566,-8.117676,96.557617,-24.719238
4503,-0.355469,-0.792480,0.459473,-10.498047,91.125488,-20.446777
4504,-0.344238,-0.791016,0.465332,-9.704590,82.885742,-15.747070
4505,-0.353027,-0.815430,0.511719,-2.685547,54.992676,-7.141113
4506,-0.359375,-0.808594,0.500000,2.502441,38.269043,-4.882812
4507,-0.352051,-0.800781,0.495605,3.967285,23.437500,-2.746582
4508,-0.353027,-0.790527,0.488770,-4.760742,2.502441,2.624512
4509,-0.399902,-0.798340,0.481934,-4.577637,-8.056641,6.347656
4510,-0.402344,-0.782715,0.457031,-3.112793,-16.296387,9.765625
4511,-0.394043,-0.777832,0.443848,-6.042480,-21.179199,12.939453
4512,-0.390137,-0.793457,0.386719,-19.836426,-19.531250,15.747070
4513,-0.392578,-0.816406,0.390137,-23.376465,-15.197754,15.197754
4514,-0.394043,-0.846191,0.389648,-22.338867,-12.268066,13.366699
4515,-0.376953,-0.824707,0.374023,-11.596680,-9.338379,9.582520
4516,-0.359375,-0.804199,0.385742,-11.779785,-7.568359,9.155273
4517,-0.353027,-0.772949,0.377441,-22.216797,-4.089355,11.352539
4518,-0.384766,-0.805664,0.425293,-29.113770,-3.784180,12.695312
4519,-0.426270,-0.875000,0.502441,-39.306641,-6.408691,12.756348
4520,-0.466797,-0.909180,0.414062,-38.879395,-12.084961,11.657715
4521,-0.473145,-0.873047,0.318359,-22.460938,-18.432617,10.437012
4522,-0.443359,-0.831055,0.311035,0.732422,-20.507812,11.169434
4523,-0.438477,-0.854004,0.331055,-3.845215,-16.174316,9.826660
4524,-0.444336,-0.915039,0.304199,-13.244629,-7.934570,3.417969
4525,-0.446289,-0.887695,0.267090,-5.859375,-4.333496,-0.549316
4526,-0.435547,-0.876465,0.260254,2.563477,6.408691,-5.798340
4527,-0.432617,-0.871094,0.271973,0.427246,12.451172,-6.652832
4528,-0.438965,-0.885742,0.290527,-3.601074,18.188477,-7.202148
4529,-0.434570,-0.903320,0.326172,-3.784180,20.507812,-8.483887
4530,-0.418945,-0.864746,0.327637,6.347656,17.028809,-9.582520
4531,-0.407227,-0.850586,0.345215,6.591797,15.258789,-8.483887
4532,-0.404785,-0.835449,0.343262,2.868652,14.160156,-6.591797
4533,-0.412598,-0.832031,0.368164,-7.324219,11.413574,-3.112793
4534,-0.414551,-0.845703,0.379883,-11.657715,8.728027,-2.502441
4535,-0.409668,-0.849121,0.387207,-12.634277,4.943848,-2.258301
4536,-0.399902,-0.834961,0.361328,-9.399414,1.037598,-1.342773
4537,-0.379883,-0.814453,0.347656,-5.126953,-0.122070,2.014160
4538,-0.378418,-0.811035,0.345703,-8.117676,2.746582,3.540039
4539,-0.380859,-0.806641,0.344238,-13.122559,6.469727,4.882812
4540,-0.383789,-0.795410,0.338867,-19.042969,10.253906,5.981445
4541,-0.388672,-0.777344,0.349121,-34.484863,18.188477,9.521484
4542,-0.377930,-0.820312,0.449707,-48.889160,19.470215,11.901855
4543,-0.384277,-0.848145,0.417969,-59.936523,15.930176,14.282227
4544,-0.463867,-0.891602,0.311523,-45.104980,7.873535,13.793945
4545,-0.477539,-0.918457,0.292969,-30.639648,3.173828,8.789062
4546,-0.479004,-0.931641,0.266113,-14.282227,-1.831055,4.821777
4547,-0.446289,-0.884766,0.193359,16.784668,-5.126953,4.455566
4548,-0.438477,-0.886719,0.205566,28.320312,-3.723145,8.728027
4549,-0.440918,-0.856445,0.206055,31.005859,6.530762,10.559082
4550,-0.444824,-0.869141,0.230469,23.132324,15.502930,7.751465
4551,-0.459961,-0.902344,0.273438,13.610840,22.277832,2.746582
4552,-0.481445,-0.910645,0.299316,7.263184,24.841309,-4.333496
4553,-0.492676,-0.903809,0.341309,2.807617,23.620605,-11.657715
4554,-0.458008,-0.853027,0.343750,-10.559082,14.648438,-20.568848
4555,-0.434570,-0.829590,0.290527,-12.268066,11.169434,-20.568848
4556,-0.422363,-0.841797,0.262695,-8.361816,9.582520,-18.554688
4557,-0.458008,-0.890137,0.233398,10.192871,7.324219,-18.737793
4558,-0.444336,-0.864258,0.237305,16.723633,7.202148,-19.775391
4559,-0.426270,-0.848633,0.260742,15.258789,8.728027,-18.615723
4560,-0.397949,-0.854004,0.315430,2.746582,11.230469,-12.268066
4561,-0.382324,-0.821289,0.307617,3.723145,7.812500,-7.507324
4562,-0.370605,-0.803711,0.327148,5.798340,2.807617,-1.403809
4563,-0.381836,-0.806152,0.341309,-0.854492,-7.629395,11.230469
4564,-0.395020,-0.808594,0.321777,-5.126953,-11.169434,15.319824
4565,-0.413086,-0.821289,0.329102,-14.953613,-15.075684,19.714355
4566,-0.415039,-0.814453,0.315430,-20.080566,-15.930176,20.507812
4567,-0.414062,-0.809570,0.309082,-24.902344,-16.296387,20.507812
4568,-0.418457,-0.814453,0.308105,-30.456543,-15.869141,19.958496
4569,-0.434570,-0.889648,0.348633,-45.288086,-12.817383,20.202637
4570,-0.472656,-0.968262,0.296875,-40.100098,-14.099121,17.456055
4571,-0.499023,-0.972656,0.213379,-19.470215,-15.930176,11.108398
4572,-0.621094,-1.097656,0.197754,23.559570,-7.873535,-4.821777
4573,-0.602539,-1.020508,0.114258,40.954590,2.624512,-13.916016
4574,-0.510742,-0.864258,0.021973,51.269531,21.728516,-17.211914
4575,-0.394043,-0.839355,0.131836,40.161133,66.284180,-19.104004
4576,-0.394043,-0.870117,0.240723,29.907227,77.209473,-23.620605
4577,-0.398926,-0.839844,0.303223,22.399902,77.148438,-27.099609
4578,-0.401367,-0.798828,0.337402,17.639160,69.274902,-26.977539
4579,-0.388672,-0.797852,0.439941,5.920410,39.550781,-18.554688
4580,-0.355957,-0.785156,0.459473,-2.929688,21.118164,-10.925293
4581,-0.332520,-0.775391,0.453613,-10.192871,1.464844,-0.671387
4582,-0.398926,-0.836426,0.344727,-4.760742,-33.996582,20.629883
4583,-0.459473,-0.849121,0.310059,7.446289,-45.654297,29.785156
4584,-0.511230,-0.869141,0.272461,13.183594,-50.048828,31.982422
4585,-0.514648,-0.895996,0.223633,7.324219,-38.208008,20.324707
4586,-0.499023,-0.896973,0.203125,1.647949,-24.902344,10.131836
4587,-0.481445,-0.889160,0.203125,-0.610352,-9.887695,0.183105
4588,-0.462891,-0.868652,0.218262,0.000000,4.699707,-7.690430
4589,-0.441406,-0.827637,0.293457,1.953125,24.475098,-13.427734
4590,-0.434082,-0.815430,0.328125,0.366211,27.770996,-12.634277
4591,-0.427246,-0.815430,0.348633,-2.807617,26.611328,-11.413574
4592,-0.408203,-0.803223,0.344727,-11.169434,16.540527,-8.544922
4593,-0.402344,-0.805664,0.347168,-15.563965,11.840820,-5.981445
4594,-0.395996,-0.812988,0.363281,-20.690918,6.591797,-2.685547
4595,-0.391113,-0.811035,0.345703,-23.620605,0.976562,1.953125
4596,-0.433105,-0.883301,0.301758,-8.239746,-14.404297,8.361816
4597,-0.457031,-0.881836,0.305664,-1.403809,-20.446777,8.117676
4598,-0.479004,-0.876465,0.292969,-1.892090,-21.850586,7.202148
4599,-0.460938,-0.872070,0.224609,-8.911133,-10.803223,4.455566
4600,-0.440430,-0.903809,0.231934,-7.812500,-4.516602,2.136230
4601,-0.440430,-0.927246,0.207031,0.000000,-1.037598,-1.464844
4602,-0.419922,-0.870117,0.215332,18.188477,2.319336,-5.310059
4603,-0.415527,-0.851562,0.236328,15.258789,5.676270,-3.356934
4604,-0.427246,-0.841797,0.235840,8.117676,9.643555,-0.915527
4605,-0.461914,-0.875977,0.291504,0.793457,12.451172,-1.708984
4606,-0.456055,-0.872070,0.299805,0.671387,9.216309,-3.234863
4607,-0.428223,-0.843262,0.299805,2.380371,0.671387,-2.014160
4608,-0.415527,-0.838379,0.311523,0.244141,-2.319336,0.671387
4609,-0.407715,-0.828125,0.300293,-2.807617,-3.967285,3.723145
4610,-0.414062,-0.826660,0.295898,-4.699707,-4.638672,6.774902
4611,-0.453613,-0.857422,0.308594,-4.089355,-7.141113,10.314941
4612,-0.473145,-0.875488,0.301758,-2.075195,-9.582520,9.033203
4613,-0.467773,-0.859863,0.269531,0.000000,-10.070801,1.525879
4614,-0.450195,-0.854980,0.259277,-2.014160,-6.469727,-1.403809
4615,-0.435547,-0.845215,0.247559,-4.150391,-0.671387,-3.295898
4616,-0.426270,-0.843262,0.250000,-4.455566,5.798340,-4.089355
4617,-0.424316,-0.827148,0.278809,2.685547,11.108398,0.366211
4618,-0.431152,-0.821289,0.304688,5.004883,8.911133,3.967285
4619,-0.441895,-0.836426,0.331543,3.295898,3.906250,6.103516
4620,-0.468750,-0.877930,0.350098,-0.488281,-2.014160,6.408691
4621,-0.506836,-0.888184,0.224121,-1.342773,-5.371094,1.892090
4622,-0.503418,-0.893066,0.170410,6.469727,1.037598,0.000000
4623,-0.487305,-0.908691,0.140137,25.146484,23.742676,-5.798340
4624,-0.467285,-0.873047,0.177734,28.503418,36.071777,-9.094238
4625,-0.448730,-0.860352,0.208984,26.306152,46.691895,-11.779785
4626,-0.443848,-0.861816,0.243652,22.888184,54.199219,-14.892578
4627,-0.463867,-0.840820,0.311035,12.268066,54.992676,-18.920898
4628,-0.483398,-0.843262,0.339355,4.333496,51.391602,-19.409180
4629,-0.470703,-0.819336,0.333496,-5.737305,47.729492,-17.578125
4630,-0.413086,-0.774902,0.274414,-6.164551,37.170410,-6.835938
4631,-0.402344,-0.813477,0.331055,-1.770020,30.151367,-0.732422
4632,-0.402832,-0.830566,0.370605,-3.234863,21.972656,4.333496
4633,-0.402832,-0.808105,0.351562,-6.591797,14.282227,10.681152
4634,-0.446777,-0.824707,0.224609,0.366211,5.920410,26.550293
4635,-0.468262,-0.880371,0.279785,7.385254,3.234863,30.212402
4636,-0.484863,-0.916992,0.296387,8.361816,-0.671387,28.137207
4637,-0.490234,-0.871094,0.303223,7.629395,-10.070801,13.000488
4638,-0.498047,-0.843262,0.296875,6.713867,-13.916016,6.469727
4639,-0.505371,-0.832520,0.289062,2.990723,-14.648438,2.624512
4640,-0.472168,-0.827637,0.203613,-7.080078,-5.615234,1.098633
4641,-0.462891,-0.854004,0.183594,-5.554199,2.624512,0.183105
4642,-0.457031,-0.872070,0.191895,-1.586914,10.131836,-2.136230
4643,-0.441895,-0.862793,0.238281,5.615234,18.737793,-6.103516
4644,-0.437988,-0.843750,0.253906,5.249023,20.385742,-5.126953
4645,-0.436035,-0.839355,0.256348,3.967285,20.996094,-3.479004
4646,-0.441895,-0.833008,0.268555,2.807617,19.531250,-0.427246
4647,-0.464844,-0.847656,0.320801,0.305176,15.991211,0.976562
4648,-0.471680,-0.854980,0.327148,-3.051758,8.239746,2.929688
4649,-0.468262,-0.842285,0.287598,-2.685547,-1.098633,5.187988
4650,-0.458984,-0.846680,0.246094,-0.427246,-12.756348,8.972168
4651,-0.462891,-0.847656,0.222656,-2.258301,-11.962891,9.582520
4652,-0.480957,-0.855469,0.219727,-3.479004,-8.117676,9.338379
4653,-0.498535,-0.855469,0.220215,0.610352,-1.892090,9.155273
4654,-0.497559,-0.850586,0.229980,3.051758,-0.305176,8.300781
4655,-0.491699,-0.842285,0.235840,3.601074,0.976562,6.958008
4656,-0.484863,-0.832031,0.231445,3.356934,2.929688,5.554199
4657,-0.505859,-0.840332,0.322266,-2.929688,5.920410,4.760742
4658,-0.508789,-0.839844,0.317383,-7.751465,3.356934,6.042480
4659,-0.513672,-0.830566,0.283203,-4.394531,-2.624512,7.019043
4660,-0.515625,-0.831543,0.260742,0.915527,-8.361816,6.591797
4661,-0.499023,-0.826172,0.249512,0.732422,-10.681152,3.723145
4662,-0.494141,-0.820312,0.235352,-2.075195,-7.202148,3.112793
4663,-0.499023,-0.831055,0.273926,-4.089355,-2.624512,3.540039
4664,-0.505859,-0.847168,0.264160,-2.746582,-3.112793,2.502441
4665,-0.510254,-0.847168,0.256348,-0.305176,-3.662109,-0.122070
4666,-0.506348,-0.835938,0.240234,0.915527,-3.173828,-2.807617
4667,-0.507812,-0.844727,0.239746,-1.525879,2.075195,-5.126953
4668,-0.516113,-0.868652,0.258301,-4.943848,4.943848,-6.530762
4669,-0.508789,-0.865723,0.229492,-3.662109,6.103516,-8.056641
4670,-0.486328,-0.834961,0.226562,4.882812,7.751465,-8.666992
4671,-0.479004,-0.836914,0.246582,3.601074,8.666992,-7.873535
4672,-0.472656,-0.828125,0.250977,1.281738,8.789062,-6.591797
4673,-0.487305,-0.837402,0.253906,2.746582,6.408691,-2.014160
4674,-0.501465,-0.858887,0.255859,4.333496,4.821777,-1.037598
4675,-0.510742,-0.859375,0.240234,2.990723,5.920410,-3.662109
4676,-0.522461,-0.874023,0.208984,1.098633,10.375977,-7.019043
4677,-0.520508,-0.882324,0.201660,2.441406,15.441895,-10.986328
4678,-0.505859,-0.881348,0.234375,8.850098,20.690918,-19.470215
4679,-0.475586,-0.846191,0.231934,9.948730,22.399902,-20.996094
4680,-0.451660,-0.819824,0.250000,8.605957,23.437500,-19.775391
4681,-0.439453,-0.796387,0.289551,2.197266,19.714355,-12.695312
4682,-0.439941,-0.801270,0.293945,-1.098633,14.648438,-9.094238
4683,-0.445312,-0.809570,0.287109,-2.807617,9.155273,-4.760742
4684,-0.460938,-0.818359,0.278809,-4.333496,5.432129,-0.610352
4685,-0.472656,-0.831055,0.264160,-5.126953,3.967285,2.136230
4686,-0.483887,-0.836426,0.296387,-5.798340,1.892090,4.699707
4687,-0.477539,-0.841797,0.319336,-8.605957,-2.197266,4.577637
4688,-0.463379,-0.833496,0.296387,-9.460449,-7.263184,3.601074
4689,-0.448730,-0.821777,0.273926,-7.995605,-14.648438,2.685547
4690,-0.452637,-0.821289,0.256836,-8.850098,-15.869141,4.272461
4691,-0.462891,-0.833984,0.228027,-9.155273,-14.892578,6.286621
4692,-0.479004,-0.862793,0.191406,-5.920410,-7.873535,6.103516
4693,-0.479004,-0.869141,0.183594,-3.906250,-2.868652,3.845215
4694,-0.487793,-0.901367,0.229004,-1.342773,6.835938,-0.915527
4695,-0.488770,-0.884766,0.231934,-2.868652,9.277344,-3.723145
4696,-0.477051,-0.859863,0.215332,-1.342773,9.033203,-4.943848
4697,-0.463379,-0.850586,0.219238,1.281738,7.446289,-5.126953
4698,-0.452148,-0.836426,0.225098,0.244141,5.554199,-2.502441
4699,-0.461914,-0.839355,0.243164,-2.014160,5.126953,-0.244141
4700,-0.478027,-0.860352,0.248047,-3.417969,2.746582,2.014160
4701,-0.484863,-0.857910,0.228027,-1.892090,-0.854492,2.929688
4702,-0.482422,-0.852539,0.213867,1.159668,-4.516602,3.601074
4703,-0.481934,-0.849121,0.207031,0.671387,-3.295898,3.601074
4704,-0.478027,-0.843262,0.207031,0.915527,-1.525879,3.723145
4705,-0.494141,-0.873047,0.244141,1.037598,-0.122070,3.540039
4706,-0.492676,-0.853516,0.228027,-0.061035,-0.671387,0.610352
4707,-0.478516,-0.832031,0.217285,2.319336,-1.281738,0.732422
4708,-0.469727,-0.833496,0.227539,2.136230,0.671387,1.953125
4709,-0.466309,-0.825684,0.226562,0.915527,2.075195,3.112793
4710,-0.462402,-0.820312,0.237305,0.732422,1.892090,4.577637
4711,-0.460938,-0.837402,0.266113,-0.915527,-3.112793,6.835938
4712,-0.450684,-0.826660,0.247559,0.427246,-5.920410,8.483887
4713,-0.443359,-0.815918,0.235352,2.746582,-7.324219,10.742188
4714,-0.440430,-0.810547,0.238770,3.845215,-8.239746,13.183594
4715,-0.482910,-0.831055,0.308594,-2.807617,-8.178711,18.615723
4716,-0.524414,-0.884277,0.415039,-19.042969,-8.789062,20.385742
4717,-0.563965,-0.893066,0.315430,-31.982422,-13.061523,18.432617
4718,-0.520996,-0.785645,0.184082,-27.832031,-16.479492,16.174316
4719,-0.540527,-0.902344,0.124023,-3.234863,-10.498047,9.094238
4720,-0.533691,-0.900879,0.155273,4.577637,-4.943848,0.915527
4721,-0.523926,-0.871582,0.166504,5.126953,0.976562,-5.554199
4722,-0.504395,-0.825684,0.185059,5.981445,10.986328,-8.728027
4723,-0.507812,-0.828125,0.208984,6.896973,14.282227,-7.568359
4724,-0.525879,-0.852051,0.269531,5.798340,14.953613,-7.324219
4725,-0.524414,-0.862305,0.323242,0.305176,11.108398,-8.605957
4726,-0.487305,-0.822266,0.258301,-4.089355,-0.854492,-8.911133
4727,-0.483398,-0.835938,0.245117,-4.028320,-3.723145,-6.774902
4728,-0.471191,-0.813965,0.208008,-4.455566,-4.211426,0.427246
4729,-0.476562,-0.818848,0.201660,-3.356934,-3.662109,4.150391
4730,-0.498047,-0.848633,0.204590,-1.464844,-3.417969,5.554199
4731,-0.526367,-0.872559,0.204590,0.061035,-2.746582,3.356934
4732,-0.522461,-0.852051,0.175293,3.173828,2.380371,-3.417969
4733,-0.508789,-0.842773,0.172363,5.249023,7.202148,-5.432129
4734,-0.498535,-0.836426,0.188965,6.530762,12.023926,-6.591797
4735,-0.481934,-0.821289,0.221680,7.385254,14.892578,-5.493164
4736,-0.489746,-0.857910,0.295898,6.408691,13.305664,-4.699707
4737,-0.472168,-0.853516,0.342285,0.305176,7.446289,-3.540039
4738,-0.434082,-0.791992,0.272461,-3.112793,-7.568359,5.249023
4739,-0.443848,-0.807129,0.270508,-3.723145,-12.451172,10.131836
4740,-0.457031,-0.812012,0.258789,-6.286621,-15.319824,13.732910
4741,-0.463867,-0.810547,0.239746,-8.544922,-16.723633,16.601562
4742,-0.462891,-0.801758,0.230469,-8.544922,-17.822266,19.042969
4743,-0.490723,-0.870605,0.315430,-13.366699,-18.798828,23.193359
4744,-0.531738,-0.902344,0.291992,-19.104004,-20.446777,20.690918
4745,-0.547363,-0.862305,0.189453,-16.357422,-20.690918,16.601562
4746,-0.609863,-0.883789,0.144531,-8.605957,-7.629395,6.896973
4747,-0.625000,-0.915039,0.145996,-8.789062,5.371094,-1.525879
4748,-0.602539,-0.901367,0.120605,-5.371094,17.395020,-9.948730
4749,-0.504883,-0.822266,0.144043,8.300781,30.395508,-16.113281
4750,-0.478516,-0.811523,0.190918,9.460449,30.822754,-16.113281
4751,-0.475098,-0.812500,0.264648,7.873535,20.019531,-10.925293
4752,-0.482422,-0.804199,0.262695,5.554199,13.549805,-5.493164
4753,-0.474121,-0.783203,0.096680,19.104004,15.380859,9.521484
4754,-0.485352,-0.834961,0.106934,34.179688,23.193359,13.122559
4755,-0.520996,-0.885254,0.155273,41.137695,33.264160,11.108398
4756,-0.561035,-0.921387,0.196289,36.376953,43.701172,4.028320
4757,-0.570312,-0.890625,0.210938,21.850586,54.138184,-16.113281
4758,-0.548828,-0.871094,0.269043,16.845703,52.368164,-21.057129
4759,-0.467285,-0.787109,0.368652,4.516602,32.287598,-17.150879
4760,-0.443359,-0.771484,0.418945,-1.647949,13.183594,-8.483887
4761,-0.451660,-0.761230,0.403809,-7.324219,-7.873535,1.281738
4762,-0.477539,-0.773926,0.334961,-9.765625,-25.085449,9.582520
4763,-0.496094,-0.783203,0.263672,-5.432129,-34.667969,15.014648
4764,-0.540039,-0.840820,0.206055,14.831543,-35.339355,16.723633
4765,-0.554199,-0.842773,0.198730,21.118164,-28.015137,10.314941
4766,-0.567383,-0.836426,0.139160,22.460938,-16.113281,1.342773
4767,-0.606934,-0.839844,0.096680,19.226074,19.897461,-20.263672
4768,-0.613770,-0.852539,0.101562,23.681641,34.912109,-31.188965
4769,-0.623047,-0.868164,0.137207,24.536133,51.513672,-43.579102
4770,-0.588867,-0.851562,0.277832,23.559570,66.162109,-67.199707
4771,-0.542480,-0.799805,0.329590,21.667480,61.828613,-70.495605
4772,-0.490234,-0.755371,0.357422,23.315430,52.978516,-66.772461
4773,-0.397461,-0.713867,0.388184,23.742676,28.869629,-43.212891
4774,-0.354980,-0.747559,0.360840,20.324707,15.197754,-28.076172
4775,-0.340332,-0.748535,0.313477,21.057129,0.915527,-12.634277
4776,-0.386230,-0.772949,0.232910,-0.610352,-32.836914,3.906250
4777,-0.281738,-0.517578,0.337891,2.319336,-38.940430,23.437500
4778,-0.354004,-0.558105,0.405762,-24.963379,-35.522461,41.870117
4779,-0.398438,-1.036621,0.016113,29.785156,7.873535,48.950195
4780,-0.387207,-0.895508,0.308105,18.432617,23.803711,43.457031
4781,-0.443848,-0.974609,0.281738,0.305176,32.531738,33.020020
4782,-0.525391,-0.999512,0.195312,2.014160,36.010742,16.052246
4783,-0.531738,-0.875488,0.191406,7.385254,34.240723,-8.300781
4784,-0.540039,-0.898438,0.158691,11.047363,34.545898,-18.676758
4785,-0.532715,-0.908203,0.196777,22.766113,32.592773,-30.334473
4786,-0.528320,-0.921387,0.207031,25.268555,32.653809,-33.447266
4787,-0.532227,-0.924316,0.259277,20.141602,30.517578,-39.428711
4788,-0.500000,-0.866211,0.367676,7.568359,26.794434,-39.855957
4789,-0.464844,-0.823242,0.303223,-1.281738,20.263672,-37.109375
4790,-0.464355,-0.834473,0.186523,0.366211,12.573242,-35.644531
4791,-0.384766,-0.972168,-0.010742,46.264648,-15.136719,-42.602539
4792,-0.369141,-1.009277,-0.031738,85.693359,-34.851074,-45.410156
4793,-0.401367,-0.982910,-0.022461,125.671387,-49.072266,-44.921875
4794,-0.442871,-0.904297,0.217285,153.747559,-57.983398,-20.629883
4795,-0.460449,-1.022461,0.261230,164.489746,-59.448242,-17.883301
4796,-0.362793,-0.940430,0.420898,180.175781,-53.710938,-15.869141
4797,-0.266602,-0.701172,0.935547,36.499023,-1.525879,10.009766
4798,-0.280273,-0.683105,0.711426,-10.986328,-1.464844,19.775391
4799,-0.388672,-0.761230,0.266602,-9.948730,-7.507324,15.625000
4800,-0.484863,-0.814453,0.105469,51.025391,-7.568359,-15.563965
4801,-0.464844,-0.814453,0.139648,84.716797,1.403809,-12.817383
4802,-0.443848,-0.839355,0.215332,111.267090,9.094238,-10.986328
4803,-0.424316,-0.741699,0.380371,155.822754,4.455566,-18.737793
4804,-0.473145,-0.805664,0.408691,176.696777,-6.164551,-19.042969
4805,-0.432129,-0.731445,0.312988,201.660156,-11.291504,-22.521973
4806,-0.424316,-0.694824,0.319336,257.324219,-15.869141,-18.188477
4807,-0.406250,-0.670410,0.324219,287.109375,-19.775391,-20.935059
4808,-0.391602,-0.574707,2.377441,207.336426,-15.136719,-17.761230
4809,-0.206055,-0.313477,0.974121,7.446289,-45.776367,17.822266
4810,-0.298828,-0.556152,0.705566,-0.915527,-53.588867,26.367188
4811,-0.347656,-0.653320,0.483887,-10.253906,-34.118652,21.728516
4812,-0.349609,-0.641602,0.519531,-10.925293,-6.225586,21.118164
4813,-0.399414,-0.699219,0.512207,27.160645,6.713867,17.517090
4814,-0.460449,-0.778320,0.666504,39.245605,-0.183105,2.990723
4815,-0.547363,-0.725586,0.744629,21.545410,-0.427246,-27.709961
4816,-0.475586,-0.675781,0.682617,21.179199,2.441406,-43.395996
4817,-0.381348,-0.633301,0.709473,22.338867,2.624512,-53.649902
4818,-0.300293,-0.571289,0.744629,15.869141,3.234863,-53.161621
4819,-0.185059,-0.472656,0.764648,9.155273,0.732422,-20.812988
4820,-0.204590,-0.484863,0.755371,5.187988,-1.525879,-1.953125
4821,-0.248535,-0.525879,0.735352,-1.342773,-1.708984,11.474609
4822,-0.304688,-0.607422,0.705078,-6.408691,-0.061035,24.658203
4823,-0.332031,-0.649414,0.681641,-7.446289,1.586914,26.123047
4824,-0.390625,-0.714844,0.634766,-3.173828,4.089355,21.423340
4825,-0.451660,-0.750000,0.587402,14.465332,10.009766,-1.525879
4826,-0.314453,-0.521484,0.281738,44.189453,7.385254,-9.155273
4827,-0.348633,-0.681152,0.312500,107.055664,-0.488281,-8.544922
4828,-0.346680,-0.521484,1.500488,48.461914,-2.014160,2.502441
4829,-0.292480,-0.339355,1.055664,-14.160156,-4.821777,23.132324
4830,-0.263672,-0.556152,0.499512,6.774902,-4.272461,31.494141
4831,-0.358887,-0.652832,0.219238,62.194824,2.075195,24.536133
4832,-0.387695,-0.811523,0.401855,109.985352,7.263184,16.052246
4833,-0.423828,-0.850586,0.539551,138.916016,7.202148,11.962891
4834,-0.453125,-0.637207,0.420898,211.303711,3.601074,-1.892090
4835,-0.432129,-0.503906,1.208984,209.350586,4.882812,-9.094238
4836,-0.417480,-0.215332,2.138672,27.526855,-2.929688,-10.437012
4837,-0.246094,-0.031738,0.810059,26.184082,-12.695312,13.854980
4838,-0.297363,-0.294922,0.270508,63.293457,8.361816,41.625977
4839,-0.260742,-0.502441,0.722168,100.158691,17.578125,41.992188
4840,-0.208984,-0.298340,1.069824,54.748535,45.654297,59.692383
4841,-0.347656,-0.461426,0.711914,47.485352,72.448730,64.147949
4842,-0.481445,-0.663574,0.502441,77.941895,93.811035,39.672852
4843,-0.577637,-0.605957,0.713867,95.397949,99.548340,4.638672
4844,-0.694336,-0.248047,1.220215,63.049316,52.978516,-26.367188
4845,-0.611328,-0.125977,1.094727,31.494141,23.315430,-25.085449
4846,-0.429199,-0.182617,0.900391,2.624512,-18.249512,-5.371094
4847,-0.416016,-0.185547,0.811523,-4.882812,-24.108887,8.056641
4848,-0.429199,-0.243652,0.803711,-9.033203,-19.470215,19.592285
4849,-0.453613,-0.306641,0.781738,-5.187988,-13.488770,25.939941
4850,-0.581543,-0.393066,0.801270,14.770508,-12.329102,18.859863
4851,-0.617676,-0.361816,0.842285,21.850586,-18.859863,5.920410
4852,-0.637695,-0.362793,0.861816,22.827148,-26.855469,-10.925293
4853,-0.655273,-0.285156,0.831543,28.808594,-33.569336,-57.922363
4854,-0.707520,-0.517090,0.727051,38.940430,-32.775879,-91.186523
4855,-0.591797,-0.424805,0.583984,62.866211,-27.160645,-132.446289
4856,-0.350098,-0.164062,0.743652,110.351562,5.615234,-135.131836
4857,-0.382324,-0.211914,0.877441,105.895996,11.535645,-122.741699
4858,-0.377930,-0.165527,0.912598,103.637695,12.817383,-112.731934
4859,-0.385742,-0.076660,0.943848,90.576172,21.972656,-89.721680
4860,-0.419434,-0.142090,0.959961,72.692871,27.404785,-85.510254
4861,-0.395020,-0.131836,0.956055,58.532715,30.822754,-82.885742
4862,-0.265625,-0.257812,1.096680,14.709473,54.321289,-32.531738
4863,-0.330078,-0.328613,1.030273,2.258301,49.926758,-18.615723
4864,-0.348145,-0.287109,0.923828,5.920410,39.245605,-11.718750
4865,-0.372559,-0.224121,0.919434,14.160156,35.644531,-8.789062
4866,-0.357422,-0.091309,0.873047,27.587891,53.466797,-2.136230
4867,-0.319336,-0.048828,0.841797,40.588379,58.837891,12.512207
4868,-0.341797,-0.125488,0.874512,50.109863,51.879883,26.123047
4869,-0.456055,-0.375977,0.864746,25.390625,28.320312,24.963379
4870,-0.509277,-0.413086,0.791016,25.024414,29.602051,8.361816
4871,-0.551758,-0.262207,0.913574,36.926270,42.602539,-29.663086
4872,-0.549805,-0.264648,0.930664,55.175781,36.499023,-39.916992
4873,-0.529785,-0.209961,0.910645,74.462891,18.676758,-44.616699
4874,-0.429199,-0.075684,0.845703,106.384277,-3.601074,-37.231445
4875,-0.558105,-0.125000,0.729492,162.902832,-13.671875,-43.090820
4876,-0.538086,-0.009766,0.713379,185.180664,2.807617,-55.725098
4877,-0.471191,0.098145,0.643066,200.073242,24.475098,-59.753418
4878,-0.603516,-0.168945,0.654785,198.608398,67.687988,-56.030273
4879,-0.387695,-0.222656,0.800293,174.255371,73.669434,-66.833496
4880,-0.349609,-0.259277,0.900879,121.520996,70.556641,-72.082520
4881,-0.413086,-0.128418,1.101562,75.012207,66.833496,-83.007812
4882,-0.407227,0.406738,1.241211,9.826660,-0.854492,-46.081543
4883,-0.365234,0.173340,0.879883,7.446289,-6.652832,-0.793457
4884,-0.443848,-0.091309,0.794434,17.822266,1.892090,16.906738
4885,-0.585449,-0.198730,0.817871,45.410156,13.244629,1.403809
4886,-0.600098,-0.147949,0.893555,59.631348,8.300781,-13.305664
4887,-0.546875,-0.061035,0.926270,68.481445,-0.854492,-23.498535
4888,-0.504883,-0.020996,0.865723,74.523926,-10.437012,-31.311035
4889,-0.534668,-0.034180,0.874023,84.533691,-14.282227,-38.391113
4890,-0.554688,-0.018555,0.908691,91.796875,-19.714355,-47.241211
4891,-0.539551,0.077148,0.865723,96.069336,-21.789551,-49.255371
4892,-0.526855,0.099609,0.841309,98.754883,-19.104004,-40.039062
4893,-0.579102,-0.002441,0.718262,111.267090,-18.127441,-43.884277
4894,-0.634277,0.003906,0.781250,154.724121,-22.155762,-71.044922
4895,-0.583496,0.123047,0.846191,159.606934,-24.902344,-79.101562
4896,-0.536133,0.197754,0.875000,153.991699,-26.611328,-82.824707
4897,-0.476562,0.280762,0.880859,121.826172,-23.864746,-79.040527
4898,-0.423340,0.348633,0.864746,100.585938,-19.897461,-68.359375
4899,-0.453613,0.335938,0.857422,74.645996,-15.075684,-56.091309
4900,-0.461914,0.340820,0.834473,45.593262,-8.361816,-42.419434
4901,-0.509766,0.333496,0.796875,0.915527,16.723633,-22.949219
4902,-0.573730,0.103027,0.825195,2.014160,25.390625,-18.371582
4903,-0.584473,0.081543,0.856445,15.075684,16.662598,-24.536133
4904,-0.494141,0.172852,0.795898,33.813477,5.065918,-26.672363
4905,-0.559570,0.090820,0.828613,96.252441,-15.258789,-28.503418
4906,-0.585449,0.085938,0.754883,126.525879,-22.277832,-42.663574
4907,-0.591309,0.115723,0.642578,160.888672,-23.498535,-55.175781
4908,-0.596191,0.196777,0.653320,189.941406,-19.226074,-66.345215
4909,-0.494141,0.408203,0.841797,198.120117,-8.544922,-63.781738
4910,-0.504883,0.416504,0.878906,190.429688,-12.145996,-55.847168
4911,-0.540527,0.444824,0.916992,143.798828,-29.907227,-44.799805
4912,-0.518555,0.493652,0.860840,119.140625,-31.982422,-33.813477
4913,-0.544922,0.446289,0.858398,92.102051,-34.362793,-22.583008
4914,-0.530762,0.424316,0.795410,66.101074,-35.156250,-14.160156
4915,-0.530273,0.411133,0.749023,22.827148,-28.381348,-5.737305
4916,-0.525391,0.409180,0.703613,5.920410,-21.667480,-7.324219
4917,-0.508301,0.404297,0.687988,-4.150391,-3.662109,-5.676270
4918,-0.566406,0.389648,0.754883,0.854492,-5.432129,-3.051758
4919,-0.547852,0.406738,0.729980,9.094238,-7.995605,-7.019043
4920,-0.500977,0.435547,0.767090,16.479492,-8.178711,-3.417969
4921,-0.480469,0.411621,0.810059,16.479492,-11.474609,7.446289
4922,-0.494629,0.384277,0.768066,17.639160,-11.047363,4.821777
4923,-0.487305,0.404785,0.744629,26.000977,-6.347656,-7.629395
4924,-0.491211,0.443359,0.771484,34.057617,-8.300781,-11.901855
4925,-0.499512,0.458496,0.819336,39.428711,-15.563965,-12.390137
4926,-0.521484,0.428711,0.696777,51.452637,-19.470215,-18.310547
4927,-0.470215,0.454590,0.754883,53.894043,-15.441895,-15.991211
4928,-0.476074,0.466797,0.775391,51.635742,-15.014648,-10.559082
4929,-0.493652,0.492676,0.756348,42.907715,-13.793945,0.061035
4930,-0.485352,0.508789,0.722656,36.376953,-7.873535,-0.244141
4931,-0.487305,0.513184,0.711914,27.160645,0.244141,-0.549316
4932,-0.487793,0.503906,0.711914,17.700195,7.507324,-3.051758
4933,-0.477051,0.491699,0.704590,10.803223,11.596680,-18.493652
4934,-0.474609,0.496094,0.739746,18.981934,8.422852,-14.953613
4935,-0.521973,0.488281,0.786133,30.761719,-3.051758,-13.305664
4936,-0.537598,0.484375,0.687012,61.401367,-18.249512,-8.117676
4937,-0.539551,0.456055,0.685547,72.021484,-18.493652,-6.347656
4938,-0.498535,0.484375,0.669434,76.782227,-14.831543,-10.253906
4939,-0.471680,0.500488,0.676758,73.120117,-8.239746,-5.859375
4940,-0.513672,0.517578,0.690918,53.588867,-1.708984,-6.591797
4941,-0.515137,0.546875,0.676270,44.860840,1.220703,-10.925293
4942,-0.519531,0.572754,0.663574,26.000977,-0.122070,-7.385254
4943,-0.509766,0.548828,0.645020,15.686035,-2.014160,-5.126953
4944,-0.516113,0.485352,0.616211,3.662109,-0.549316,-3.356934
4945,-0.475098,0.516113,0.634277,-6.347656,5.615234,-5.981445
4946,-0.516602,0.544922,0.733887,-27.770996,2.563477,11.779785
4947,-0.534180,0.538574,0.675781,-30.578613,-3.662109,16.174316
4948,-0.515137,0.530273,0.666016,-30.212402,-4.638672,16.174316
4949,-0.530273,0.539062,0.692871,-20.263672,-0.915527,9.216309
4950,-0.519043,0.541016,0.750000,-14.709473,-2.502441,6.286621
4951,-0.499512,0.448730,0.689453,3.479004,-4.821777,0.854492
4952,-0.455078,0.506348,0.743652,15.075684,-9.338379,-2.014160
4953,-0.490723,0.526367,0.748535,25.756836,-20.324707,0.976562
4954,-0.498535,0.537109,0.705078,29.907227,-27.648926,1.403809
4955,-0.477051,0.542969,0.610352,20.996094,-14.648438,-0.366211
4956,-0.453125,0.572266,0.638672,9.155273,-4.516602,-4.516602
4957,-0.490234,0.590820,0.689453,-14.038086,9.887695,-1.159668
4958,-0.495117,0.582031,0.738770,-21.179199,11.352539,3.112793
4959,-0.489258,0.538574,0.763184,-21.179199,8.911133,7.385254
4960,-0.442871,0.494629,0.711914,-3.173828,3.845215,18.310547
4961,-0.451660,0.508789,0.675293,5.187988,7.446289,19.470215
4962,-0.459473,0.523926,0.682129,7.873535,14.892578,17.700195
4963,-0.463867,0.553223,0.683594,1.708984,23.864746,12.878418
4964,-0.428711,0.534180,0.676270,0.610352,39.245605,15.625000
4965,-0.421875,0.470703,0.572754,20.874023,36.376953,25.573730
4966,-0.359863,0.480957,0.733887,61.279297,21.667480,43.701172
4967,-0.700195,0.575195,0.724121,46.997070,-20.751953,74.218750
4968,-0.614746,0.534180,0.428711,29.113770,10.498047,49.560547
4969,-0.492676,0.581055,0.350586,15.808105,62.133789,33.996582
4970,-0.403320,0.638184,0.449219,4.638672,109.985352,27.893066
4971,-0.488770,0.554199,0.652344,-26.000977,165.649414,28.808594
4972,-0.580566,0.615723,0.636230,-24.230957,170.349121,30.944824
4973,-0.643066,0.626465,0.779785,-10.986328,153.259277,32.653809
4974,-0.543457,0.642090,0.537109,-25.329590,94.665527,21.789551
4975,-0.486816,0.615723,0.471680,-20.080566,96.740723,18.432617
4976,-0.730957,0.526855,0.754883,30.212402,44.494629,-11.291504
4977,-0.580566,0.574707,0.622070,72.570801,12.023926,-30.334473
4978,-0.502930,0.603516,0.547363,101.745605,-1.586914,-32.531738
4979,-0.494629,0.640137,0.529785,122.131348,-0.244141,-23.803711
4980,-0.594238,0.787598,0.468262,113.708496,16.235352,-24.780273
4981,-0.601074,0.780762,0.438965,92.834473,26.245117,-25.878906
4982,-0.575684,0.809570,0.367188,73.730469,39.978027,-23.559570
4983,-0.643066,0.790039,0.342773,65.673828,66.955566,-3.051758
4984,-0.686035,0.717285,0.313477,72.265625,73.120117,2.990723
4985,-0.764648,0.634766,0.310547,82.275391,77.819824,-5.798340
4986,-0.621582,0.689453,0.359863,110.473633,87.524414,1.342773
4987,-0.402832,0.535156,-0.776367,202.819824,147.705078,16.784668
4988,-0.568359,0.589844,-0.583984,291.381836,234.313965,28.259277
4989,-1.139160,0.700684,1.098145,266.357422,276.855469,7.019043
4990,-0.863281,0.791504,0.253418,98.510742,94.299316,-58.471680
4991,-0.519043,0.862305,-0.047852,100.280762,91.552734,-39.978027
4992,-0.724609,0.742676,0.121582,81.542969,112.243652,2.380371
4993,-0.716309,0.651367,0.071289,63.842773,106.811523,5.432129
4994,-0.680664,0.589355,0.069336,49.377441,100.524902,4.821777
4995,-0.681152,0.567871,0.078125,40.771484,83.129883,-0.061035
4996,-0.681641,0.608398,0.345215,37.414551,5.126953,-12.695312
4997,-0.721191,0.626465,0.524902,33.142090,-53.955078,-13.977051
4998,-0.695312,0.684082,0.216797,43.762207,-110.656738,-9.399414
4999,-0.669434,0.870117,-0.009766,100.585938,-169.189453,9.582520
5000,-0.667969,0.865723,-0.057129,110.107422,-175.231934,24.169922
5001,-0.663574,0.831543,-0.110352,97.839355,-162.353516,36.437988
5002,-0.667969,0.785156,-0.235840,49.499512,-99.548340,46.691895
5003,-0.640137,0.784668,-0.251953,31.616211,-60.852051,47.302246
5004,-0.660156,0.767578,-0.256348,25.085449,-22.521973,46.508789
5005,-0.683594,0.699707,-0.233398,22.338867,16.967773,40.527344
5006,-0.692383,0.659668,-0.058594,22.277832,77.758789,20.324707
5007,-0.700684,0.687012,0.066406,24.230957,81.054688,12.023926
5008,-0.676270,0.746582,0.170898,26.977539,65.246582,7.141113
5009,-0.643555,0.786133,0.178711,28.198242,37.231445,7.141113
5010,-0.629395,0.739746,0.125488,35.278320,-17.822266,11.840820
5011,-0.672363,0.668945,0.085938,35.278320,-33.874512,10.864258
5012,-0.711914,0.630371,0.050781,32.409668,-42.480469,5.187988
5013,-0.688965,0.604980,-0.032715,23.498535,-50.170898,-8.056641
5014,-0.684082,0.624023,-0.083984,29.907227,-49.865723,-9.826660
5015,-0.673340,0.822266,0.001465,27.526855,-50.537109,-2.075195
5016,-0.665527,0.848633,-0.015625,17.089844,-51.940918,5.737305
5017,-0.660645,0.813965,-0.047363,12.329102,-51.635742,14.953613
5018,-0.671387,0.714844,0.031738,23.376465,-57.434082,31.066895
5019,-0.646484,0.728516,0.083984,22.094727,-66.833496,38.452148
5020,-0.648926,0.758301,0.022461,11.169434,-70.373535,44.921875
5021,-0.646973,0.803223,-0.081543,4.028320,-64.453125,43.701172
5022,-0.603027,0.805664,-0.030273,-4.699707,-34.667969,35.034180
5023,-0.598145,0.823242,0.062988,-2.746582,-27.770996,30.761719
5024,-0.622070,0.846191,0.160156,-5.065918,-28.381348,28.015137
5025,-0.582031,0.863281,0.145996,7.141113,-47.668457,29.968262
5026,-0.545410,0.856445,0.146484,24.841309,-63.598633,35.339355
5027,-0.542480,0.830078,0.102539,39.855957,-76.965332,41.259766
5028,-0.562988,0.814941,0.037598,51.696777,-84.533691,45.837402
5029,-0.599609,0.842285,-0.024902,67.993164,-79.956055,45.410156
5030,-0.604004,0.835449,-0.009766,74.279785,-75.500488,46.386719
5031,-0.578613,0.779297,-0.033203,81.909180,-60.729980,42.602539
5032,-0.560059,0.742676,-0.028809,81.665039,-51.757812,38.269043
5033,-0.577637,0.727539,-0.037598,75.317383,-41.076660,30.944824
5034,-0.563965,0.770996,-0.066406,47.058105,-18.310547,15.747070
5035,-0.554199,0.791016,-0.082031,28.198242,-3.784180,10.498047
5036,-0.552246,0.790039,-0.094727,13.000488,13.427734,3.356934
5037,-0.559570,0.808105,-0.012207,6.469727,29.968262,-13.122559
5038,-0.542480,0.832031,0.018555,10.864258,24.291992,-16.540527
5039,-0.537109,0.840332,0.011230,18.676758,16.662598,-16.479492
5040,-0.562988,0.840332,0.013184,49.255371,-5.859375,-21.850586
5041,-0.537598,0.831055,-0.043457,62.683105,-11.169434,-22.705078
5042,-0.521484,0.810059,-0.067871,77.514648,-11.291504,-21.301270
5043,-0.508789,0.790039,-0.100098,93.322754,-7.751465,-19.287109
5044,-0.556641,0.857422,-0.109375,109.497070,1.037598,-17.089844
5045,-0.588379,0.901855,0.000000,73.608398,-26.977539,-24.475098
5046,-0.569336,0.881348,-0.057617,45.654297,-46.447754,-24.230957
5047,-0.548828,0.809570,-0.102539,22.827148,-59.265137,-24.169922
5048,-0.490234,0.789551,0.001465,-24.963379,-52.062988,-31.738281
5049,-0.473145,0.812988,-0.191895,-51.147461,-27.587891,-31.860352
5050,-0.535156,0.690918,-0.380859,-29.724121,10.803223,-30.517578
5051,-0.635742,0.848633,-0.218750,55.725098,80.932617,-35.522461
5052,-0.749023,1.014160,-0.023926,49.499512,87.951660,-28.625488
5053,-0.630859,0.835938,-0.089844,-13.183594,37.963867,-2.624512
5054,-0.566895,0.751465,-0.083008,-12.145996,15.686035,12.939453
5055,-0.609863,0.737305,-0.046875,-1.770020,-3.662109,24.475098
5056,-0.666504,0.722656,-0.078613,13.183594,-18.737793,29.174805
5057,-0.634766,0.769531,-0.183594,28.808594,-24.169922,25.939941
5058,-0.608887,0.763184,-0.225098,20.019531,-14.343262,25.085449
5059,-0.622070,0.742188,-0.232422,11.413574,0.427246,20.935059
5060,-0.602051,0.769043,-0.178711,4.821777,22.094727,8.056641
5061,-0.588867,0.780762,-0.158691,5.493164,22.338867,4.943848
5062,-0.591797,0.779297,-0.149902,9.277344,14.892578,9.521484
5063,-0.618652,0.852051,-0.259766,17.150879,12.817383,14.038086
5064,-0.591309,0.797363,-0.228516,32.836914,13.183594,13.305664
5065,-0.554199,0.767578,-0.190918,43.945312,13.427734,11.657715
5066,-0.506348,0.796875,-0.150879,47.607422,3.234863,21.057129
5067,-0.515137,0.803711,-0.157227,41.381836,-5.432129,28.442383
5068,-0.536133,0.789551,-0.192383,33.142090,-11.962891,33.447266
5069,-0.548340,0.802734,-0.231445,9.643555,-15.502930,31.005859
5070,-0.519043,0.787598,-0.279297,-7.873535,-12.939453,25.573730
5071,-0.509277,0.771973,-0.275879,-20.935059,-8.300781,18.005371
5072,-0.549805,0.762695,-0.238281,-29.418945,-9.399414,3.173828
5073,-0.549805,0.782715,-0.231445,-22.338867,-12.084961,-0.671387
5074,-0.526367,0.835938,-0.208496,-10.070801,-13.366699,0.366211
5075,-0.514160,0.861816,-0.191406,2.441406,-13.732910,6.408691
5076,-0.547852,0.845703,-0.158203,30.395508,-20.568848,31.188965
5077,-0.571777,0.825195,-0.169922,40.283203,-23.132324,37.414551
5078,-0.534668,0.811523,-0.184082,54.138184,-18.127441,51.269531
5079,-0.535645,0.808105,-0.187012,52.185059,-9.582520,54.504395
5080,-0.531738,0.831055,-0.220215,43.395996,-0.854492,54.626465
5081,-0.528809,0.838867,-0.239746,31.005859,5.676270,53.100586
5082,-0.524902,0.790527,-0.236328,1.770020,12.939453,41.564941
5083,-0.520996,0.813477,-0.226074,-12.084961,13.488770,34.057617
5084,-0.507324,0.816406,-0.219238,-20.812988,12.145996,28.076172
5085,-0.493652,0.820801,-0.192871,-17.578125,9.033203,22.338867
5086,-0.490234,0.838867,-0.185059,-6.713867,8.422852,23.986816
5087,-0.488770,0.842285,-0.185059,5.798340,8.972168,26.672363
5088,-0.472656,0.836914,-0.199219,15.075684,11.047363,28.503418
5089,-0.445312,0.860840,-0.227539,15.686035,15.869141,28.930664
5090,-0.443848,0.869629,-0.251953,7.141113,16.662598,26.367188
5091,-0.428711,0.891113,-0.269043,-2.319336,17.639160,23.559570
5092,-0.394531,0.902832,-0.296387,-13.244629,23.742676,17.517090
5093,-0.384277,0.899902,-0.252441,-13.122559,24.475098,12.756348
5094,-0.381348,0.892090,-0.190918,-11.901855,15.014648,5.004883
5095,-0.390137,0.898438,-0.187012,-13.366699,7.812500,1.831055
5096,-0.397949,0.887207,-0.221191,-15.014648,3.173828,-1.708984
5097,-0.396973,0.873047,-0.250977,-16.296387,4.760742,-5.859375
5098,-0.406738,0.879883,-0.254395,-18.310547,16.296387,-12.939453
5099,-0.408691,0.914062,-0.245605,-16.296387,21.118164,-13.244629
5100,-0.417969,0.925293,-0.247559,-10.986328,25.024414,-10.986328
5101,-0.440430,0.885742,-0.222168,1.892090,26.733398,-7.751465
5102,-0.428711,0.889648,-0.224609,3.967285,23.010254,-6.652832
5103,-0.416992,0.847656,-0.208008,5.676270,7.385254,-1.647949
5104,-0.448730,0.863281,-0.168945,3.845215,-5.187988,2.624512
5105,-0.462891,0.870605,-0.164062,0.366211,-15.502930,7.934570
5106,-0.455078,0.858887,-0.211914,-1.281738,-18.920898,13.183594
5107,-0.425293,0.854980,-0.309570,-1.831055,-2.014160,20.812988
5108,-0.416504,0.878418,-0.314941,-1.892090,9.826660,21.057129
5109,-0.414062,0.895020,-0.278809,-1.525879,15.197754,19.470215
5110,-0.378906,0.911621,-0.231934,7.141113,10.803223,15.747070
5111,-0.369141,0.896484,-0.208496,14.099121,4.516602,16.296387
5112,-0.355957,0.902344,-0.227539,20.935059,-0.244141,16.906738
5113,-0.359863,0.915039,-0.224121,27.832031,-4.089355,21.423340
5114,-0.399902,0.887695,-0.239746,29.296875,-9.765625,28.381348
5115,-0.398926,0.904785,-0.301270,23.193359,-7.629395,32.592773
5116,-0.397949,0.918945,-0.347656,14.282227,0.366211,35.217285
5117,-0.383301,0.999512,-0.298340,-16.540527,25.146484,29.052734
5118,-0.333984,0.879395,-0.336914,-31.005859,28.686523,20.996094
5119,-0.338379,0.878418,-0.283691,-39.550781,29.418945,11.535645
5120,-0.313965,0.904297,-0.220703,-45.288086,23.132324,3.601074
5121,-0.361816,0.913086,-0.184082,-61.279297,1.403809,1.159668
5122,-0.340332,0.884277,-0.203125,-67.077637,-7.019043,6.225586
5123,-0.328613,0.864746,-0.201660,-66.955566,-11.352539,13.610840
5124,-0.335938,0.888184,-0.213867,-62.744141,-11.352539,19.714355
5125,-0.354492,0.913086,-0.185059,-39.245605,-7.141113,21.728516
5126,-0.395996,0.949219,-0.111816,-23.681641,-11.413574,17.578125
5127,-0.390625,0.957031,-0.119141,-14.221191,-13.427734,23.803711
5128,-0.379883,0.939941,-0.163086,-6.042480,-8.361816,31.738281
5129,-0.338867,0.885254,-0.222168,4.028320,16.479492,35.034180
5130,-0.323242,0.875488,-0.198242,2.502441,24.536133,27.282715
5131,-0.313965,0.858887,-0.163574,-6.774902,25.268555,13.977051
5132,-0.313477,0.866211,-0.139648,-21.911621,20.019531,-1.525879
5133,-0.313477,0.955566,-0.132812,-61.523438,4.943848,-21.545410
5134,-0.330078,0.982422,-0.161621,-74.157715,-0.976562,-23.254395
5135,-0.333984,1.021973,-0.153320,-84.045410,-6.652832,-21.728516
5136,-0.340332,1.101562,-0.142090,-118.164062,-14.465332,-21.423340
5137,-0.311035,1.039062,-0.109375,-151.245117,-14.160156,-27.038574
5138,-0.276367,0.960938,-0.024902,-177.429199,-12.573242,-32.348633
5139,-0.228027,0.917480,0.036621,-187.438965,-13.916016,-31.677246
5140,-0.041016,1.152344,0.434570,-193.542480,-43.457031,17.333984
5141,-0.323730,1.121094,0.154785,-187.316895,-69.335938,40.466309
5142,-0.452148,1.083496,-0.164551,-142.211914,-71.228027,38.269043
5143,-0.260254,0.894043,-0.533203,-13.183594,11.840820,31.250000
5144,-0.204102,0.851074,-0.491211,58.898926,70.617676,35.827637
5145,-0.211914,0.840332,-0.482910,126.831055,125.183105,39.428711
5146,-0.385742,0.901367,-0.722168,264.648438,237.365723,39.550781
5147,-0.448730,0.932617,-0.750977,349.365234,286.437988,39.916992
5148,-0.438965,1.067871,-0.649414,426.269531,333.068848,42.907715
5149,-0.742676,1.133789,0.838379,468.444824,425.903320,28.015137
5150,-0.767090,0.716309,0.883789,124.511719,390.197754,-4.089355
5151,-0.420898,0.962402,0.439941,-83.923340,305.847168,-32.348633
5152,-0.285645,0.901855,-0.044434,-236.328125,114.685059,-20.263672
5153,-0.316406,0.909180,-0.209473,-207.336426,43.518066,-11.901855
5154,-0.420898,0.802734,-0.174805,-131.042480,-15.197754,-9.948730
5155,-0.302734,0.928223,-0.078125,-57.861328,-64.025879,-6.286621
5156,-0.082031,0.997070,-0.222168,-1.159668,-98.693848,43.334961
5157,-0.087402,1.025391,-0.303711,20.935059,-94.665527,77.514648
5158,-0.203125,0.916016,-0.304688,42.297363,-72.326660,112.365723
5159,-0.190918,0.885254,-0.314941,42.541504,-60.485840,108.398438
5160,-0.128418,0.838379,-0.265625,45.654297,-55.480957,104.553223
5161,-0.078613,0.743652,-0.326172,49.865723,-48.278809,73.974609
5162,-0.083984,0.734863,-0.301758,54.931641,-46.203613,56.762695
5163,-0.095703,0.773438,-0.286621,59.509277,-46.264648,39.916992
5164,-0.108398,0.888672,-0.285645,55.175781,-50.170898,7.690430
5165,-0.097656,1.000000,-0.347168,53.710938,-55.541992,-2.990723
5166,-0.071777,1.067871,-0.406738,40.710449,-50.476074,-7.873535
5167,-0.014648,1.083984,-0.410156,15.563965,-40.588379,-9.094238
5168,0.068359,0.969727,-0.494629,35.827637,3.906250,-10.559082
5169,0.101562,0.836914,-0.171875,61.401367,10.681152,-10.314941
5170,0.000977,0.777832,-0.156250,93.933105,-2.868652,-14.404297
5171,-0.038574,0.893066,-0.238770,159.240723,-33.935547,-36.804199
5172,-0.036621,1.002441,-0.379395,185.729980,-36.621094,-44.067383
5173,-0.048828,1.062012,-0.446777,220.703125,-34.362793,-46.936035
5174,-0.091309,1.054199,-0.468750,303.405762,-34.118652,-35.339355
5175,-0.486328,1.466309,0.565430,240.661621,-113.769531,-20.874023
5176,-0.333496,0.995605,-1.068848,203.063965,-158.142090,2.685547
5177,-0.417969,0.755859,-1.321289,197.570801,-153.137207,-7.995605
5178,-0.367188,0.779297,-0.697266,119.079590,-125.122070,-59.997559
5179,-0.274902,0.743164,-0.850586,34.912109,-108.154297,-80.444336
5180,0.180176,0.034668,-0.896973,91.552734,12.878418,-69.641113
5181,0.103027,0.394531,-0.141113,114.379883,31.616211,-39.855957
5182,-0.027344,0.554199,-0.345703,110.717773,47.119141,-14.099121
5183,-0.231934,0.807129,-0.669434,160.095215,68.298340,10.192871
5184,-0.514648,0.982422,-0.429199,329.467773,41.320801,0.183105
5185,-0.370117,0.860352,-0.634766,412.292480,1.220703,2.075195
5186,-0.297852,0.647461,-0.775391,520.935059,-20.874023,9.582520
5187,-0.275391,0.382812,-0.711426,623.168945,-34.606934,6.652832
5188,-0.517090,-0.276367,-1.293945,590.698242,-32.531738,18.737793
5189,-0.638184,-0.221680,-0.982422,498.107910,-42.541504,-20.751953
5190,-0.328613,-0.568359,-1.361328,-99.487305,19.104004,-44.555664
5191,-0.093750,-0.182617,-0.893066,-125.793457,25.512695,-64.758301
5192,-0.035156,0.265137,-0.694336,-74.645996,-28.137207,-49.987793
5193,-0.116699,0.267578,-0.991211,-7.080078,-66.223145,-24.291992
5194,-0.235840,0.140137,-1.089355,60.974121,-49.316406,12.390137
5195,-0.262695,0.084961,-1.000488,62.438965,-32.348633,27.221680
5196,-0.249023,0.006348,-0.942383,77.819824,-28.259277,47.485352
5197,-0.330566,-0.027832,-0.832031,84.106445,-34.790039,41.320801
5198,-0.372559,-0.056152,-0.769531,78.552246,-53.344727,31.311035
5199,-0.150879,-0.098633,-0.925293,95.153809,-122.436523,43.945312
5200,-0.162598,-0.062500,-0.857910,102.539062,-142.944336,55.541992
5201,-0.261230,-0.121582,-0.938965,92.956543,-146.606445,61.279297
5202,-0.410156,-0.061035,-1.079102,88.928223,-97.106934,68.969727
5203,-0.648926,0.069336,-0.980469,109.069824,-11.474609,113.159180
5204,-0.992676,-0.229004,-0.740723,91.674805,22.277832,84.289551
5205,-1.039062,-0.263672,-0.672363,75.683594,26.306152,13.427734
5206,-0.557617,0.007812,-0.880859,82.641602,24.047852,-10.681152
5207,-0.364258,-0.169922,-1.041992,103.088379,27.160645,-0.366211
5208,-0.472168,-0.214844,-0.947266,125.122070,27.221680,-0.244141
5209,-0.557129,-0.127930,-0.830566,147.949219,11.352539,6.408691
5210,-0.534180,-0.373535,-1.166992,185.607910,7.568359,17.089844
5211,-0.635254,-0.561035,-1.325195,222.106934,26.611328,9.338379
5212,-0.701660,-0.683105,-1.321289,272.644043,50.720215,-11.047363
5213,-0.722656,-0.608398,-0.837402,408.325195,71.472168,-71.044922
5214,-0.637207,-0.412109,-0.540039,478.027344,48.706055,-95.825195
5215,-0.542480,-0.249512,-0.287109,534.790039,9.643555,-120.788574
5216,-0.357422,-0.059570,0.091797,566.894531,-129.089355,-167.541504
5217,-0.186523,0.103516,0.636719,459.899902,-203.125000,-137.573242
5218,-0.102051,-0.124512,0.472168,18.310547,-197.265625,31.066895
5219,-0.324707,-1.234375,-0.913086,-74.279785,-129.516602,43.823242
5220,-0.410645,-1.171387,-1.113281,-44.860840,-74.462891,7.263184
5221,-0.393555,-0.827148,-0.827637,-21.545410,-26.672363,-8.911133
5222,-0.320312,-0.584961,-0.685547,17.944336,27.099609,2.197266
5223,-0.362305,-0.672852,-0.828125,29.052734,53.466797,7.629395
5224,-0.425293,-0.819336,-1.024902,67.687988,85.388184,3.417969
5225,-0.430664,-0.822266,-1.035645,192.626953,152.709961,-12.573242
5226,-0.371582,-0.895996,-0.977051,235.900879,183.288574,-9.704590
5227,-0.343750,-0.931152,-0.640625,255.493164,212.036133,-9.460449
5228,-0.304199,-0.746094,0.052246,221.679688,192.932129,-19.287109
5229,-0.322266,-0.723633,0.163086,207.336426,153.442383,-10.375977
5230,-0.285156,-0.656250,0.208008,199.951172,101.562500,1.953125
5231,-0.270020,-0.627930,0.147949,170.166016,65.429688,20.141602
5232,-0.395996,-0.978516,-0.068848,89.599609,49.011230,38.208008
5233,-0.431641,-1.074219,-0.079102,63.049316,58.349609,28.930664
5234,-0.442871,-1.034668,-0.130371,54.321289,63.537598,15.563965
5235,-0.282227,-0.877930,-0.267090,73.547363,66.772461,12.145996
5236,-0.252930,-0.862305,-0.144531,66.589355,65.185547,22.399902
5237,-0.250977,-0.878418,-0.067871,61.706543,54.626465,32.287598
5238,-0.392090,-1.256348,-0.203613,104.370117,42.663574,43.395996
5239,-0.397949,-1.068848,-0.003906,130.798340,36.987305,38.452148
5240,-0.372070,-0.976074,0.023926,124.084473,32.287598,27.526855
5241,-0.359863,-0.899902,-0.014160,117.797852,28.381348,13.183594
5242,-0.243164,-0.595215,-0.047852,119.079590,10.925293,12.756348
5243,-0.186035,-0.478027,0.000488,127.685547,-14.038086,33.203125
5244,-0.189941,-0.405762,0.018066,135.437012,-43.823242,65.307617
5245,-0.469727,-0.450195,-0.054199,115.478516,-19.714355,137.512207
5246,-0.633789,-0.534180,0.216309,66.894531,31.860352,167.724609
5247,-0.697266,-0.734375,0.531250,0.610352,41.320801,184.204102
5248,-0.722168,-1.024414,0.570801,-36.376953,22.155762,178.649902
5249,-0.768066,-1.464844,0.461426,-50.598145,-35.217285,74.462891
5250,-0.754883,-1.409180,0.178223,-86.425781,-45.104980,3.234863
5251,-0.687012,-0.836914,-0.375488,-42.480469,-55.358887,-79.345703
5252,-0.500977,-0.703613,-0.406738,-13.366699,-42.358398,-80.810547
5253,-0.382324,-0.752441,-0.489746,-16.906738,-6.591797,-67.077637
5254,-0.431152,-0.904785,-0.495605,-12.023926,34.362793,-59.020996
5255,-0.572266,-1.101562,-0.166016,53.955078,66.101074,-75.256348
5256,-0.500977,-0.993652,-0.002930,70.007324,66.650391,-81.420898
5257,-0.266113,-0.771973,0.171387,79.406738,50.659180,-55.908203
5258,-0.246094,-0.791992,0.266113,82.153320,34.118652,-35.034180
5259,-0.231934,-0.827148,0.336914,66.040039,15.380859,-17.211914
5260,-0.410645,-1.039062,0.145508,19.836426,-2.929688,-2.563477
5261,-0.499512,-1.046387,0.042969,8.361816,-2.258301,-13.977051
5262,-0.476562,-0.974121,-0.140625,9.094238,3.356934,-22.460938
5263,-0.355469,-0.995117,-0.318848,36.376953,16.845703,-19.104004
5264,-0.227051,-0.817383,-0.094238,114.013672,40.039062,-1.403809
5265,-0.302734,-0.828125,0.157227,127.746582,44.860840,24.841309
5266,-0.375488,-0.878906,0.219238,120.849609,46.020508,32.165527
5267,-0.447754,-0.883789,0.229004,110.107422,45.898438,29.174805
5268,-0.468750,-0.860840,0.266113,98.632812,41.931152,24.597168
5269,-0.495605,-0.946777,0.326172,81.909180,26.123047,22.399902
5270,-0.500488,-0.889160,0.305176,70.251465,19.470215,16.784668
5271,-0.457520,-0.804199,0.317383,44.067383,27.038574,15.869141
5272,-0.588867,-0.956543,0.291016,29.846191,23.681641,14.892578
5273,-0.635254,-0.910645,0.223145,40.527344,5.920410,-2.685547
5274,-0.608398,-0.785645,0.225586,42.053223,-7.385254,-12.878418
5275,-0.458008,-0.840820,0.303711,26.794434,-24.414062,-10.131836
5276,-0.352051,-0.785156,0.256348,21.728516,-23.559570,-1.708984
5277,-0.285156,-0.707031,0.306641,6.835938,-8.117676,34.606934
5278,-0.416016,-0.850586,0.379883,-3.479004,-8.422852,44.372559
5279,-0.608887,-1.023926,0.391602,-12.023926,-15.258789,37.536621
5280,-0.611328,-0.876953,0.302246,-17.333984,-20.385742,7.385254
5281,-0.546875,-0.819824,0.347168,-26.062012,-19.470215,-4.638672
5282,-0.500488,-0.809570,0.381836,-44.128418,-18.676758,-15.197754
5283,-0.390137,-0.826660,0.391602,-74.523926,-17.028809,-12.268066
5284,-0.375488,-0.841309,0.333496,-86.975098,-17.822266,-4.455566
5285,-0.367188,-0.810547,0.282715,-95.764160,-18.798828,3.234863
5286,-0.379395,-0.894043,0.083008,-92.590332,-6.774902,9.460449
5287,-0.407227,-0.879883,0.057129,-80.749512,3.112793,8.911133
5288,-0.428711,-0.882324,0.076172,-68.420410,9.399414,7.873535
5289,-0.456055,-0.939453,0.076172,-49.987793,17.883301,-2.380371
5290,-0.467285,-0.971680,0.060547,-42.602539,23.498535,-9.826660
5291,-0.478516,-1.000488,0.020020,-28.320312,24.597168,-17.395020
5292,-0.442383,-0.941895,-0.036133,16.418457,20.263672,-26.306152
5293,-0.429688,-0.899902,-0.011719,33.996582,21.301270,-27.221680
5294,-0.437988,-0.884277,0.048828,43.457031,24.169922,-27.099609
5295,-0.435547,-0.874023,0.125977,43.334961,22.827148,-25.024414
5296,-0.429688,-0.845215,0.231934,36.376953,17.639160,-21.850586
5297,-0.424805,-0.824219,0.250977,25.512695,11.718750,-17.517090
5298,-0.414062,-0.825195,0.268555,12.268066,5.676270,-11.840820
5299,-0.406250,-0.855957,0.235840,-17.150879,-4.394531,0.488281
5300,-0.399902,-0.861328,0.190430,-24.475098,-7.141113,6.164551
5301,-0.386719,-0.870117,0.145508,-27.465820,-7.507324,11.779785
5302,-0.443848,-0.945312,0.068359,-25.634766,-1.403809,18.676758
5303,-0.466797,-0.949707,0.041016,-19.592285,2.380371,15.502930
5304,-0.450195,-0.932129,0.043945,-10.925293,5.004883,12.268066
5305,-0.386230,-0.902344,0.078613,0.305176,10.681152,10.925293
5306,-0.381836,-0.887207,0.100098,2.197266,12.573242,13.427734
5307,-0.452637,-0.889648,0.147461,3.173828,13.854980,16.479492
5308,-0.564453,-0.930176,0.190918,0.122070,12.390137,10.437012
5309,-0.486328,-0.881836,0.188965,-12.939453,-4.943848,-8.605957
5310,-0.407715,-0.855469,0.120117,-15.625000,-10.375977,-7.446289
5311,-0.365234,-0.843750,0.068848,-14.648438,-8.666992,-1.892090
5312,-0.416016,-0.893066,0.079590,-5.859375,-0.366211,11.657715
5313,-0.452148,-0.909668,0.103516,-3.601074,2.624512,12.329102
5314,-0.449707,-0.883789,0.121094,-0.915527,3.295898,10.742188
5315,-0.435059,-0.869629,0.119629,-0.183105,3.723145,12.023926
5316,-0.433105,-0.868652,0.118652,-0.305176,5.554199,13.244629
5317,-0.474121,-0.874023,0.137695,-6.652832,4.882812,7.812500
5318,-0.528809,-0.883789,0.135742,-9.582520,-0.366211,2.136230
5319,-0.488281,-0.886719,0.093750,-7.934570,-4.272461,-1.831055
5320,-0.449707,-0.886230,0.056641,-3.173828,-2.990723,-3.356934
5321,-0.470215,-0.908203,0.082031,3.784180,4.211426,-2.075195
5322,-0.485840,-0.913086,0.088379,6.835938,4.821777,-3.906250
5323,-0.464844,-0.884277,0.095215,10.498047,4.882812,-4.089355
5324,-0.443848,-0.859375,0.141602,9.033203,8.544922,-1.403809
5325,-0.468750,-0.867676,0.173828,2.075195,8.728027,-1.464844
5326,-0.466797,-0.862793,0.179199,-5.065918,4.516602,-1.098633
5327,-0.447266,-0.862793,0.144531,-8.178711,-0.732422,1.464844
5328,-0.439453,-0.876465,0.086426,-9.216309,-0.244141,5.493164
5329,-0.469238,-0.895996,0.098633,-9.643555,0.732422,5.371094
5330,-0.483398,-0.916992,0.097656,-8.178711,-1.342773,3.173828
5331,-0.437012,-0.888184,0.060059,-0.305176,-2.319336,2.563477
5332,-0.420410,-0.873535,0.067871,3.234863,0.732422,4.760742
5333,-0.420898,-0.865723,0.093262,4.760742,4.028320,7.385254
5334,-0.459473,-0.878906,0.131836,3.601074,5.859375,8.789062
5335,-0.493164,-0.889648,0.148926,-2.807617,2.136230,2.319336
5336,-0.458496,-0.864746,0.120117,-3.479004,-0.061035,1.892090
5337,-0.433105,-0.862793,0.091797,-2.929688,0.854492,3.417969
5338,-0.443848,-0.877930,0.102051,-2.685547,7.202148,6.591797
5339,-0.478027,-0.889648,0.128418,-3.845215,7.629395,6.347656
5340,-0.484863,-0.889160,0.137695,-6.225586,5.737305,4.760742
5341,-0.442871,-0.857422,0.107910,-10.559082,1.953125,6.408691
5342,-0.429199,-0.847168,0.094238,-11.291504,2.258301,10.192871
5343,-0.425781,-0.842773,0.096191,-11.657715,3.417969,14.892578
5344,-0.428223,-0.842773,0.105957,-12.756348,4.333496,19.531250
5345,-0.476562,-0.871094,0.121094,-19.409180,4.272461,24.963379
5346,-0.556152,-0.909180,0.117676,-23.498535,3.845215,21.606445
5347,-0.641113,-1.019043,0.005371,-19.104004,-5.249023,-5.371094
5348,-0.592773,-0.979004,-0.081055,-5.126953,-6.958008,-17.333984
5349,-0.507324,-0.907715,-0.134277,12.878418,-2.380371,-22.766113
5350,-0.412109,-0.812988,-0.018066,37.414551,13.916016,-16.662598
5351,-0.426758,-0.818848,0.084961,38.269043,18.188477,-10.742188
5352,-0.478027,-0.843750,0.220215,22.338867,12.084961,-1.647949
5353,-0.483398,-0.833008,0.225098,9.826660,4.333496,2.197266
5354,-0.488281,-0.815430,0.208496,-1.770020,-4.516602,6.103516
5355,-0.521973,-0.838379,0.165527,-21.728516,-19.958496,9.338379
5356,-0.578125,-0.919922,0.104004,-26.489258,-26.977539,4.821777
5357,-0.591797,-0.967773,-0.001953,-22.521973,-29.785156,-5.065918
5358,-0.462402,-0.905762,-0.107422,4.699707,-17.883301,-16.113281
5359,-0.416504,-0.883301,-0.068848,19.348145,-6.896973,-14.587402
5360,-0.400391,-0.875000,0.014160,28.991699,3.540039,-10.803223
5361,-0.404785,-0.859375,0.184082,29.541016,14.160156,-0.793457
5362,-0.411133,-0.853516,0.231934,21.240234,13.427734,3.967285
5363,-0.414062,-0.842285,0.236816,9.643555,10.498047,8.666992
5364,-0.468750,-0.861328,0.217773,-9.765625,0.549316,14.648438
5365,-0.500977,-0.888672,0.171875,-17.028809,-6.225586,12.390137
5366,-0.499023,-0.893555,0.120605,-19.104004,-10.498047,9.094238
5367,-0.438477,-0.868652,0.066406,-12.817383,-10.437012,9.094238
5368,-0.428711,-0.862305,0.062012,-8.605957,-6.286621,10.742188
5369,-0.436523,-0.865234,0.071777,-4.943848,-1.342773,12.512207
5370,-0.468262,-0.867676,0.107910,-0.427246,6.835938,14.831543
5371,-0.466797,-0.861816,0.118164,-0.366211,9.887695,15.502930
5372,-0.479004,-0.854980,0.130371,-2.014160,12.084961,16.113281
5373,-0.514648,-0.854004,0.145508,-5.737305,11.657715,14.343262
5374,-0.542480,-0.850098,0.120117,-10.681152,2.075195,7.019043
5375,-0.526855,-0.852539,0.101562,-10.925293,-1.708984,5.310059
5376,-0.539062,-0.887207,0.089844,-11.169434,-3.112793,3.051758
5377,-0.549805,-0.896484,0.012207,-7.324219,-1.953125,-6.225586
5378,-0.513184,-0.865234,-0.008301,0.427246,-0.427246,-6.835938
5379,-0.480957,-0.846680,0.052734,10.314941,5.981445,-3.051758
5380,-0.495605,-0.857422,0.105469,8.605957,6.774902,-1.586914
5381,-0.513672,-0.868164,0.134766,4.333496,4.821777,-1.403809
5382,-0.518555,-0.874512,0.131836,0.366211,0.854492,-2.075195
5383,-0.484375,-0.855469,0.086426,-3.356934,-4.089355,-0.976562
5384,-0.472168,-0.853516,0.073242,-4.272461,-4.272461,0.732422
5385,-0.470703,-0.859375,0.068848,-4.577637,-3.417969,2.563477
5386,-0.483398,-0.876465,0.082031,-2.929688,-1.403809,6.103516
5387,-0.493652,-0.877930,0.090332,-2.685547,-0.854492,6.713867
5388,-0.500488,-0.877441,0.094727,-3.234863,-0.610352,6.286621
5389,-0.484863,-0.863770,0.086914,-3.356934,-1.464844,5.187988
5390,-0.476074,-0.857422,0.087402,-3.112793,-1.403809,6.164551
5391,-0.484375,-0.859863,0.090820,-3.112793,-1.464844,7.446289
5392,-0.556641,-0.918945,0.087891,-3.540039,-1.831055,1.831055
5393,-0.557617,-0.930176,0.043945,-1.281738,-1.281738,-5.554199
5394,-0.513672,-0.886230,0.014648,5.798340,0.488281,-9.277344
5395,-0.464355,-0.828613,0.072754,14.404297,7.385254,-6.286621
5396,-0.473633,-0.833496,0.126465,11.657715,8.605957,-3.784180
5397,-0.486328,-0.836426,0.165039,7.202148,6.591797,-1.037598
5398,-0.494629,-0.835938,0.151855,-4.882812,-1.586914,2.258301
5399,-0.491699,-0.835938,0.119141,-8.666992,-4.333496,4.089355
5400,-0.488770,-0.846191,0.096191,-9.887695,-5.004883,5.676270
5401,-0.490723,-0.855957,0.084473,-10.192871,-4.638672,6.530762
5402,-0.514160,-0.882324,0.062988,-8.422852,-2.136230,5.859375
5403,-0.524414,-0.896484,0.046387,-5.310059,-0.244141,3.234863
5404,-0.513184,-0.885742,0.043945,-0.610352,1.708984,1.159668
5405,-0.489746,-0.858887,0.061035,5.432129,5.920410,-1.525879
5406,-0.483887,-0.853027,0.082031,5.920410,7.263184,-0.549316
5407,-0.483398,-0.848145,0.105469,5.432129,7.141113,1.342773
5408,-0.478516,-0.839355,0.120605,3.479004,6.347656,3.845215
5409,-0.481934,-0.849121,0.117188,-3.723145,6.042480,9.033203
5410,-0.509766,-0.865723,0.120117,-7.751465,5.371094,9.155273
5411,-0.529785,-0.868652,0.106934,-11.291504,2.380371,6.835938
5412,-0.512695,-0.857910,0.062012,-10.559082,-3.112793,5.310059
5413,-0.496582,-0.849609,0.058105,-9.704590,-4.150391,6.530762
5414,-0.489258,-0.840820,0.053223,-9.338379,-3.906250,9.033203
5415,-0.515625,-0.858398,0.074219,-9.460449,-1.953125,14.282227
5416,-0.557129,-0.892578,0.080566,-10.681152,-1.586914,11.779785
5417,-0.579590,-0.900879,0.060059,-11.718750,-1.525879,6.042480
5418,-0.532227,-0.861328,-0.000488,-2.563477,-0.915527,-0.915527
5419,-0.507812,-0.842773,0.007812,3.173828,1.525879,-0.793457
5420,-0.504883,-0.844238,0.039062,5.187988,3.906250,-0.061035
5421,-0.513184,-0.846680,0.073242,4.516602,4.272461,0.976562
5422,-0.566895,-0.902344,0.093750,1.708984,0.549316,-0.305176
5423,-0.581055,-0.901367,0.068848,0.366211,-0.915527,-6.286621
5424,-0.542969,-0.867676,0.041504,1.708984,-2.258301,-10.375977
5425,-0.470703,-0.828125,0.034180,8.666992,0.061035,-8.056641
5426,-0.467773,-0.830566,0.064941,8.361816,2.685547,-4.333496
5427,-0.492188,-0.836914,0.115234,3.906250,1.586914,2.807617
5428,-0.496582,-0.837402,0.120605,1.037598,-0.244141,5.554199
5429,-0.495605,-0.841309,0.115234,-2.685547,-1.159668,7.385254
5430,-0.535156,-0.876465,0.088867,-8.605957,-2.685547,6.896973
5431,-0.567871,-0.884277,0.069336,-9.460449,-3.356934,2.868652
5432,-0.573730,-0.895508,0.043945,-7.080078,-3.479004,-3.051758
5433,-0.497070,-0.838379,0.018066,3.356934,-2.014160,-8.056641
5434,-0.470703,-0.826172,0.030762,5.798340,1.708984,-5.798340
5435,-0.473633,-0.830078,0.064453,6.103516,4.699707,-2.197266
5436,-0.516113,-0.857910,0.116699,3.356934,3.967285,2.929688
5437,-0.523926,-0.864746,0.108887,0.244141,2.258301,2.685547
5438,-0.515137,-0.855469,0.093262,-2.563477,1.159668,1.831055
5439,-0.500000,-0.842285,0.076660,-3.540039,0.793457,2.319336
5440,-0.499023,-0.846191,0.074219,-4.394531,0.427246,5.615234
5441,-0.506836,-0.853027,0.070801,-5.004883,-0.061035,6.530762
5442,-0.515137,-0.867188,0.069336,-5.065918,-0.366211,6.713867
5443,-0.508789,-0.855957,0.062012,-4.455566,0.488281,6.835938
5444,-0.501465,-0.855469,0.059570,-3.967285,1.770020,7.446289
5445,-0.504883,-0.852051,0.067383,-4.089355,2.502441,8.239746
5446,-0.531250,-0.842773,0.077148,-6.591797,0.671387,9.155273
5447,-0.549805,-0.855469,0.083496,-8.056641,-1.220703,8.850098
5448,-0.570801,-0.878418,0.071289,-9.094238,-3.173828,5.859375
5449,-0.568359,-0.880371,0.031738,-3.356934,-2.807617,0.183105
5450,-0.520508,-0.835449,-0.002441,2.258301,0.122070,0.061035
5451,-0.524414,-0.838867,0.022461,5.249023,3.173828,0.122070
5452,-0.557617,-0.860840,0.072754,6.225586,4.333496,-3.234863
5453,-0.540039,-0.844238,0.074707,5.859375,2.990723,-4.455566
5454,-0.519531,-0.830566,0.063477,4.943848,2.136230,-4.089355
5455,-0.507324,-0.826172,0.063965,3.479004,2.197266,-2.319336
5456,-0.523926,-0.843262,0.090820,-0.366211,-0.122070,1.708984
5457,-0.530273,-0.849121,0.093262,-3.173828,-1.708984,1.892090
5458,-0.522949,-0.846680,0.081055,-5.493164,-2.990723,1.953125
5459,-0.504883,-0.836914,0.055664,-6.042480,-2.807617,4.943848
5460,-0.505859,-0.839844,0.055664,-6.042480,-1.892090,6.713867
5461,-0.523438,-0.852539,0.060547,-5.859375,-1.220703,7.812500
5462,-0.554199,-0.881836,0.057129,-5.126953,-0.915527,6.103516
5463,-0.560059,-0.890625,0.032227,-3.723145,-0.183105,2.319336
5464,-0.513672,-0.840820,0.020020,4.272461,2.929688,0.366211
5465,-0.517090,-0.844238,0.048340,5.371094,4.211426,0.854492
5466,-0.529785,-0.846191,0.076172,4.394531,3.662109,1.159668
5467,-0.535645,-0.839844,0.093262,0.854492,0.122070,2.380371
5468,-0.531738,-0.837402,0.085938,-1.586914,-0.915527,2.563477
5469,-0.542969,-0.840332,0.063965,-5.249023,-1.708984,2.075195
5470,-0.550781,-0.852539,0.046387,-5.004883,-1.403809,0.732422
5471,-0.541504,-0.846680,0.034180,-3.662109,-0.671387,-0.244141
5472,-0.544922,-0.846680,0.030762,-2.014160,0.305176,-0.854492
5473,-0.543457,-0.838379,0.049805,0.183105,0.366211,-2.624512
5474,-0.532715,-0.833008,0.057129,0.549316,-0.122070,-1.647949
5475,-0.520996,-0.833496,0.062012,0.122070,-0.427246,-0.183105
5476,-0.519531,-0.837402,0.058594,-1.892090,0.061035,3.112793
5477,-0.522949,-0.841309,0.059082,-2.319336,0.549316,4.394531
5478,-0.527344,-0.847168,0.060059,-2.563477,0.549316,5.187988
5479,-0.529785,-0.854004,0.057129,-2.868652,0.427246,5.065918
5480,-0.562500,-0.890137,0.029785,-1.403809,-0.488281,0.549316
5481,-0.547852,-0.874023,0.017578,2.014160,-0.671387,-1.831055
5482,-0.526855,-0.852051,0.020020,5.737305,0.061035,-2.258301
5483,-0.513672,-0.844238,0.039551,7.141113,1.770020,-1.770020
5484,-0.537109,-0.844238,0.092773,2.563477,1.708984,-1.037598
5485,-0.539551,-0.839844,0.089355,-0.061035,-0.183105,-0.915527
5486,-0.529785,-0.832031,0.070801,-1.159668,-1.586914,0.183105
5487,-0.525879,-0.835449,0.048828,-2.380371,-0.976562,2.807617
5488,-0.540039,-0.843750,0.042969,-2.136230,-0.549316,3.112793
5489,-0.547852,-0.846191,0.043945,-0.549316,-0.427246,2.807617
5490,-0.543457,-0.839355,0.048340,1.098633,-0.244141,2.563477
5491,-0.553223,-0.836914,0.077148,-0.183105,0.488281,0.427246
5492,-0.562500,-0.832520,0.088379,-2.441406,-0.122070,-1.647949
5493,-0.562988,-0.842773,0.062012,-5.798340,-3.845215,-6.652832
5494,-0.563965,-0.857422,0.038086,-4.699707,-4.333496,-9.094238
5495,-0.576172,-0.866211,0.032715,-2.624512,-3.479004,-12.084961
5496,-0.570801,-0.856445,0.041992,-1.586914,-2.685547,-15.930176
5497,-0.492676,-0.819336,0.043457,-1.342773,-0.244141,-16.113281
5498,-0.468750,-0.817383,0.051270,-0.671387,0.366211,-11.413574
5499,-0.462402,-0.828613,0.055664,-1.159668,1.159668,-5.676270
5500,-0.471191,-0.869141,0.062988,-2.685547,2.075195,4.821777
5501,-0.493164,-0.895996,0.051270,-2.136230,2.258301,7.141113
5502,-0.559082,-0.923340,0.029785,3.784180,3.784180,3.295898
5503,-0.583496,-0.930176,0.024414,7.934570,4.394531,-4.638672
5504,-0.606445,-0.913574,0.040039,11.718750,4.028320,-14.404297
5505,-0.529785,-0.818848,0.085449,9.765625,0.366211,-26.428223
5506,-0.477051,-0.778320,0.101562,2.136230,-0.183105,-23.132324
5507,-0.455078,-0.784180,0.104492,-4.882812,-0.610352,-16.479492
5508,-0.452637,-0.839355,0.072266,-8.056641,-4.760742,2.685547
5509,-0.530273,-0.895020,0.062012,-2.685547,-9.033203,10.803223
5510,-0.637207,-0.959473,0.068848,-0.305176,-14.282227,8.850098
5511,-0.667969,-0.968750,0.056641,0.061035,-21.179199,-1.586914
5512,-0.554688,-0.893555,0.086914,-14.953613,-32.104492,-22.888184
5513,-0.582520,-0.836426,0.222656,-44.250488,-17.272949,-34.362793
5514,-0.565430,-0.930664,0.441895,-162.536621,27.099609,-45.227051
5515,-0.593750,-0.967773,0.391113,-199.096680,0.732422,-44.494629
5516,-0.663574,-0.981934,0.140137,-186.889648,-71.655273,-57.067871
5517,-0.481934,-0.913574,-0.441406,-149.536133,-83.007812,-66.101074
5518,-0.399414,-0.855957,-0.556152,-98.022461,-81.787109,-76.049805
5519,-0.288574,-0.693848,-0.576172,-40.466309,-73.852539,-76.660156
5520,-0.233887,-0.708008,-0.391602,33.996582,-28.503418,-32.287598
5521,-0.306641,-0.763672,-0.123047,23.254395,2.380371,-16.113281
5522,-0.332520,-0.856445,0.145996,-17.822266,28.503418,-11.657715
5523,-0.516113,-0.995117,0.256836,-88.378906,2.685547,-6.347656
5524,-0.514648,-1.035156,0.097656,-87.219238,-32.165527,-10.986328
5525,-0.477539,-1.014648,-0.007324,-85.876465,-49.865723,-20.324707
5526,-0.432617,-0.925781,0.175781,-148.071289,-44.250488,-26.245117
5527,-0.416504,-0.851074,0.239258,-197.143555,-58.532715,-20.568848
5528,-0.433594,-0.794434,0.167969,-231.872559,-89.721680,-15.563965
5529,-0.497559,-0.765625,0.040527,-245.178223,-128.173828,-16.418457
5530,-0.607422,-0.781250,-0.232910,-244.018555,-176.208496,-42.053223
5531,-0.674316,-0.786133,-0.271973,-241.882324,-177.795410,-68.359375
5532,-0.567383,-0.796387,-0.520020,-192.810059,-189.331055,-111.389160
5533,-0.486816,-0.825684,-0.670898,-141.662598,-191.101074,-114.624023
5534,-0.381348,-0.830078,-0.792969,-80.993652,-184.082031,-103.149414
5535,-0.318359,-0.768066,-0.844727,-21.789551,-164.855957,-77.758789
5536,-0.294922,-0.812500,-0.821289,113.830566,-114.990234,1.098633
5537,-0.267578,-0.809082,-0.708496,205.749512,-103.820801,41.809082
5538,-0.355957,-0.799316,-0.320801,348.266602,-98.205566,112.060547
5539,-0.363770,-0.715332,-0.151367,402.587891,-106.567383,141.052246
5540,-0.355957,-0.601074,-0.005371,456.054688,-125.183105,169.311523
5541,-0.375977,-0.566895,0.059570,470.886230,-129.699707,185.607910
5542,-0.472656,-0.645020,0.006348,208.496094,6.896973,136.718750
5543,-0.623535,-0.708984,0.302246,6.042480,69.274902,89.782715
5544,-0.750977,-0.818848,0.408203,-102.966309,79.895020,45.349121
5545,-0.804688,-0.805176,0.175293,-48.156738,28.259277,2.502441
5546,-0.736816,-0.792480,-0.010254,20.751953,15.869141,-11.108398
5547,-0.578125,-0.778320,-0.141113,54.870605,61.340332,-53.283691
5548,-0.523438,-0.814941,-0.188965,69.946289,83.679199,-62.377930
5549,-0.498535,-0.834961,-0.155762,99.365234,99.304199,-59.936523
5550,-0.591797,-1.021484,-0.075195,143.371582,116.760254,-88.134766
5551,-0.680176,-0.985352,0.113281,149.230957,121.276855,-114.929199
5552,-0.660645,-0.856934,0.149414,148.498535,121.765137,-135.803223
5553,-0.588867,-0.745117,0.156250,142.822266,118.103027,-145.812988
5554,-0.478027,-0.748535,0.274902,137.268066,101.074219,-145.019531
5555,-0.442871,-0.736328,0.373535,125.000000,87.768555,-141.906738
5556,-0.329102,-0.729004,0.408691,83.190918,64.514160,-119.018555
5557,-0.264648,-0.716309,0.392090,59.387207,60.363770,-95.581055
5558,-0.240723,-0.757812,0.386719,40.222168,59.020996,-69.641113
5559,-0.262207,-0.823242,0.385742,11.657715,49.499512,-28.198242
5560,-0.300293,-0.850098,0.351562,0.488281,41.442871,-16.479492
5561,-0.337891,-0.866699,0.296387,-5.493164,33.874512,-11.779785
5562,-0.375000,-0.900391,0.270508,-7.019043,26.550293,-13.000488
5563,-0.437012,-0.962891,0.242188,-10.131836,16.479492,-25.695801
5564,-0.493164,-1.012695,0.194336,-1.892090,6.591797,-36.743164
5565,-0.509277,-1.008789,0.165039,9.460449,2.746582,-45.959473
5566,-0.392578,-0.940918,0.049805,25.451660,20.690918,-47.058105
5567,-0.319824,-0.923828,0.043457,26.123047,35.766602,-44.128418
5568,-0.282715,-0.921387,0.058105,28.076172,45.410156,-41.931152
5569,-0.300293,-0.858398,0.181641,52.612305,40.222168,-33.081055
5570,-0.315918,-0.865723,0.267578,64.575195,27.832031,-25.085449
5571,-0.361816,-0.930664,0.334473,68.176270,11.718750,-21.118164
5572,-0.392578,-0.998047,0.308594,53.955078,-9.216309,-22.338867
5573,-0.371582,-1.005371,0.277344,45.349121,-10.498047,-21.850586
5574,-0.354004,-0.991211,0.242188,38.330078,-9.399414,-21.057129
5575,-0.334961,-0.980957,0.205078,36.743164,-6.896973,-19.592285
5576,-0.243652,-0.893066,0.210449,51.513672,-12.756348,-2.136230
5577,-0.151367,-0.783203,0.066895,74.707031,-9.155273,30.456543
5578,-0.192871,-0.809570,0.089355,98.449707,-5.737305,44.372559
5579,-0.187500,-0.758301,0.121094,137.329102,-8.300781,58.471680
5580,-0.367188,-0.972168,0.303711,186.218262,-5.798340,54.931641
5581,-0.460938,-1.002930,0.348145,195.678711,1.953125,37.780762
5582,-0.513672,-0.989746,0.390137,195.495605,12.451172,17.272949
5583,-0.452637,-0.879883,0.331543,186.462402,36.193848,-20.996094
5584,-0.356445,-0.759766,0.308105,194.091797,50.415039,-32.043457
5585,-0.282715,-0.558105,0.490234,230.651855,57.434082,-24.475098
5586,-0.349609,-0.535645,0.531738,256.164551,44.494629,-10.009766
5587,-0.340820,-0.378418,0.662598,282.836914,22.399902,6.042480
5588,-0.524902,-0.424805,1.647949,15.747070,-56.701660,24.597168
5589,-0.505371,-0.471680,0.780762,-34.790039,-77.575684,28.442383
5590,-0.508301,-0.636230,0.294922,-3.845215,-62.927246,31.066895
5591,-0.528320,-0.756836,0.337891,20.507812,-29.724121,20.263672
5592,-0.367188,-0.573730,0.673828,20.080566,3.112793,-2.441406
5593,-0.348633,-0.577148,0.673828,26.367188,-2.929688,-3.540039
5594,-0.300781,-0.594238,0.660156,47.119141,4.272461,3.417969
5595,-0.261230,-0.621094,0.697266,52.856445,14.221191,12.268066
5596,-0.289062,-0.619141,0.782227,52.795410,16.845703,20.080566
5597,-0.309570,-0.604004,0.840820,49.072266,9.704590,23.742676
5598,-0.340820,-0.580078,0.797363,37.536621,-0.610352,32.104492
5599,-0.351074,-0.606445,0.724121,34.729004,6.347656,35.339355
5600,-0.391113,-0.781738,0.552734,49.072266,11.840820,28.930664
5601,-0.398438,-0.632324,0.833008,77.087402,11.840820,26.611328
5602,-0.469238,-0.615723,0.754395,67.932129,11.718750,15.563965
5603,-0.482910,-0.579590,0.718262,65.368652,16.540527,2.868652
5604,-0.402344,-0.494629,0.722168,65.673828,28.625488,-16.235352
5605,-0.431152,-0.506836,0.841797,55.541992,30.395508,-21.240234
5606,-0.425781,-0.534180,0.875977,38.818359,27.465820,-28.320312
5607,-0.350098,-0.531250,0.718750,37.048340,28.747559,-30.517578
5608,-0.429688,-0.493164,0.701172,57.556152,40.893555,-30.090332
5609,-0.481934,-0.489746,0.706055,73.852539,40.344238,-38.391113
5610,-0.544922,-0.455078,0.683105,87.585449,39.611816,-47.790527
5611,-0.451172,-0.269043,0.814941,110.046387,42.175293,-54.504395
5612,-0.387695,-0.185547,0.894043,103.393555,39.550781,-38.085938
5613,-0.378418,-0.131348,0.875488,99.487305,35.034180,-16.296387
5614,-0.503418,-0.141602,0.690918,131.896973,38.024902,32.836914
5615,-0.545410,-0.172363,0.695801,149.230957,50.781250,50.292969
5616,-0.476074,-0.332031,0.867188,129.455566,65.429688,64.819336
5617,-0.506836,-0.423340,0.857422,13.549805,97.412109,42.480469
5618,-0.444336,-0.357422,0.927734,-14.648438,102.539062,26.916504
5619,-0.482910,-0.467773,1.249023,-24.475098,68.603516,14.831543
5620,-0.533691,-0.448730,1.153809,-30.334473,10.192871,3.784180
5621,-0.582520,-0.344727,0.556641,4.577637,-25.024414,21.667480
5622,-0.599609,-0.369141,0.555176,40.771484,-13.977051,17.333984
5623,-0.558594,-0.309570,0.654297,68.847656,-0.061035,12.451172
5624,-0.447754,-0.240234,0.921387,72.326660,0.244141,13.000488
5625,-0.450195,-0.274414,0.917480,58.959961,-8.178711,17.028809
5626,-0.465332,-0.332520,0.875488,48.034668,-15.808105,18.188477
5627,-0.510254,-0.365234,0.864746,35.705566,-23.498535,3.051758
5628,-0.478027,-0.292480,0.842773,32.409668,-23.010254,-0.671387
5629,-0.410645,-0.216309,0.824219,28.076172,-22.094727,3.845215
5630,-0.447266,-0.211426,0.809570,29.418945,-21.301270,11.718750
5631,-0.518066,-0.357422,0.889160,66.162109,-36.193848,13.000488
5632,-0.451172,-0.344727,0.880859,83.129883,-48.828125,14.099121
5633,-0.471680,-0.362793,0.844727,102.600098,-50.354004,3.112793
5634,-0.551758,-0.343750,0.885742,97.656250,-40.832520,-15.808105
5635,-0.551758,-0.228027,0.875000,82.397461,-30.517578,-36.315918
5636,-0.400879,-0.023926,0.859863,69.702148,-13.183594,-30.029297
5637,-0.489258,-0.183594,0.914062,69.030762,-10.314941,-23.620605
5638,-0.528809,-0.267578,0.906738,77.575684,-14.404297,-28.503418
5639,-0.519043,-0.259766,0.875977,96.008301,-21.850586,-35.583496
5640,-0.410156,-0.060059,0.837402,130.798340,-27.465820,-38.146973
5641,-0.367188,-0.026855,0.904785,141.174316,-23.803711,-29.785156
5642,-0.425781,0.003906,0.982910,124.877930,-16.845703,-31.005859
5643,-0.439453,0.042480,0.951660,111.572266,-15.930176,-35.461426
5644,-0.406250,0.055176,0.928223,97.595215,-15.563965,-35.034180
5645,-0.391602,0.011719,0.908691,83.312988,-15.808105,-31.921387
5646,-0.454102,-0.045898,0.829590,67.932129,-15.563965,-33.630371
5647,-0.480469,-0.042480,0.787109,76.293945,-15.258789,-36.865234
5648,-0.456543,-0.024902,0.829590,110.290527,-16.845703,-49.011230
5649,-0.393555,0.070801,0.905273,117.614746,-15.991211,-53.222656
5650,-0.341309,0.185547,1.001953,112.548828,-14.099121,-48.583984
5651,-0.400879,0.160156,1.025879,83.923340,-19.042969,-28.320312
5652,-0.458496,0.069336,0.892090,84.289551,-22.155762,-26.306152
5653,-0.427734,0.067383,0.827148,98.876953,-24.658203,-28.381348
5654,-0.365723,0.182129,0.861328,110.595703,-20.080566,-28.442383
5655,-0.355469,0.246582,0.910156,101.318359,-16.113281,-23.620605
5656,-0.340820,0.287598,0.916504,67.260742,-12.512207,-9.338379
5657,-0.369629,0.276855,0.918945,52.429199,-10.681152,-2.563477
5658,-0.393066,0.251465,0.951660,35.644531,-8.239746,-2.807617
5659,-0.366211,0.246582,0.899414,19.531250,-2.929688,-4.211426
5660,-0.297852,0.278809,0.827148,17.028809,9.887695,6.408691
5661,-0.280273,0.303223,0.852539,30.151367,11.962891,28.259277
5662,-0.437012,0.232910,1.016602,33.630371,6.591797,37.292480
5663,-0.483398,0.247070,0.998535,26.611328,-16.113281,28.320312
5664,-0.411621,0.274902,0.947754,29.541016,-23.559570,24.169922
5665,-0.335938,0.314453,0.883789,22.460938,-16.906738,19.592285
5666,-0.312012,0.326172,0.831055,12.084961,-3.967285,17.517090
5667,-0.306152,0.302734,0.776855,9.765625,10.437012,16.662598
5668,-0.335938,0.276367,0.850586,16.967773,16.967773,16.540527
5669,-0.405762,0.345703,1.024902,23.925781,-2.197266,20.629883
5670,-0.382812,0.339355,0.964355,19.165039,-12.939453,25.390625
5671,-0.346191,0.317871,0.868652,17.578125,-16.235352,29.968262
5672,-0.321289,0.305664,0.851562,11.047363,-13.732910,32.470703
5673,-0.327148,0.335449,0.836426,13.366699,-10.009766,34.301758
5674,-0.326660,0.353516,0.803223,14.465332,3.051758,36.926270
5675,-0.302734,0.331055,0.845215,2.380371,39.306641,31.494141
5676,-0.271973,0.424316,0.903320,-10.314941,47.546387,26.794434
5677,-0.290527,0.449219,0.889160,-19.226074,50.048828,28.625488
5678,-0.376465,0.304688,0.852539,-10.620117,50.292969,28.564453
5679,-0.395996,0.375488,0.885742,23.864746,44.982910,21.728516
5680,-0.375488,0.350098,0.774902,32.775879,54.748535,23.132324
5681,-0.353027,0.388672,0.888672,44.921875,63.659668,13.854980
5682,-0.395996,0.389648,0.864746,38.269043,60.852051,8.239746
5683,-0.405273,0.433105,0.797852,32.653809,61.523438,3.601074
5684,-0.397461,0.470215,0.752441,27.587891,70.922852,5.065918
5685,-0.501465,0.331055,0.897949,17.211914,75.744629,3.967285
5686,-0.520996,0.357910,0.889648,18.676758,57.922363,-1.342773
5687,-0.521973,0.380371,0.855957,26.611328,35.583496,-1.586914
5688,-0.476562,0.360840,0.782227,47.302246,5.249023,-4.028320
5689,-0.456543,0.373535,0.740723,60.668945,5.065918,-10.192871
5690,-0.425781,0.446777,0.729004,73.059082,12.084961,-17.272949
5691,-0.450195,0.445801,0.819336,74.707031,15.502930,-22.949219
5692,-0.475098,0.431152,0.823730,73.913574,10.803223,-24.108887
5693,-0.539062,0.456055,0.803223,69.213867,3.601074,-22.583008
5694,-0.611816,0.452148,0.772949,57.556152,-3.906250,-21.057129
5695,-0.445801,0.519531,0.725098,25.268555,-16.174316,-5.187988
5696,-0.462891,0.490234,0.696777,26.062012,-14.770508,2.441406
5697,-0.497070,0.480469,0.700195,44.677734,-10.559082,-1.464844
5698,-0.562500,0.547852,0.736328,115.783691,-0.854492,-23.010254
5699,-0.560059,0.578125,0.741211,147.521973,-5.004883,-36.437988
5700,-0.505859,0.637695,0.751953,161.132812,-12.756348,-38.452148
5701,-0.471191,0.628418,0.734863,158.081055,-21.179199,-27.282715
5702,-0.497559,0.457031,0.695801,131.042480,-41.870117,1.098633
5703,-0.473633,0.449219,0.611816,129.455566,-44.982910,12.695312
5704,-0.470215,0.556641,0.586426,126.647949,-30.700684,29.174805
5705,-0.503906,0.679688,0.501465,146.301270,4.882812,53.955078
5706,-0.503418,0.681641,0.276367,179.138184,23.376465,54.687500
5707,-0.475586,0.705566,0.021484,236.511230,50.842285,52.246094
5708,-0.538574,0.893555,0.052246,327.026367,148.437500,45.166016
5709,-0.594238,0.974609,0.197266,295.776367,192.199707,37.780762
5710,-0.589844,0.969727,0.133301,249.084473,221.191406,30.273438
5711,-0.560059,0.931152,0.064941,214.294434,238.769531,22.033691
5712,-0.438965,0.811523,0.475586,157.165527,252.929688,7.751465
5713,-0.339355,0.982422,1.321777,69.152832,186.645508,8.850098
5714,-0.367188,0.798340,0.823242,-116.943359,29.968262,10.498047
5715,-0.507812,0.745117,0.523438,-126.586914,-18.737793,7.629395
5716,-0.671387,0.728516,0.332031,-101.196289,-50.170898,3.051758
5717,-0.739746,0.771973,0.151855,-61.889648,-68.969727,-0.366211
5718,-0.686035,0.830566,0.083008,-20.751953,-73.730469,1.220703
5719,-0.492676,0.839355,0.104980,33.752441,-65.490723,23.986816
5720,-0.444824,0.884277,0.076172,52.307129,-58.166504,35.766602
5721,-0.428711,0.871094,-0.009766,93.139648,-27.526855,57.067871
5722,-0.446777,0.869629,0.080078,81.176758,-1.892090,58.959961
5723,-0.428223,0.846191,0.148438,35.888672,33.630371,49.621582
5724,-0.421387,0.798828,0.129395,-16.357422,68.542480,33.813477
5725,-0.430176,0.783203,0.053223,-62.561035,119.812012,2.563477
5726,-0.465820,0.788574,0.152832,-60.974121,129.333496,-7.995605
5727,-0.491211,0.816895,0.283691,-60.241699,121.337891,-16.357422
5728,-0.517090,0.753906,0.363281,-53.955078,68.542480,-27.282715
5729,-0.502930,0.726074,0.520996,-70.251465,-6.408691,-33.569336
5730,-0.548828,0.725098,0.563477,-82.214355,-47.424316,-31.433105
5731,-0.602539,0.750488,0.508301,-86.059570,-82.275391,-27.343750
5732,-0.528809,0.920898,0.232910,-47.302246,-101.440430,-13.977051
5733,-0.472168,1.000977,0.191406,-21.423340,-88.256836,1.098633
5734,-0.467285,0.989746,0.182617,-1.647949,-70.129395,19.653320
5735,-0.492188,0.923828,0.288574,6.225586,-56.823730,34.118652
5736,-0.514160,0.771973,0.378906,0.549316,-55.114746,35.034180
5737,-0.500488,0.783203,0.391113,-1.403809,-59.204102,27.221680
5738,-0.521973,0.781738,0.357422,0.122070,-57.373047,20.385742
5739,-0.531250,0.850098,0.358887,31.738281,-45.227051,16.662598
5740,-0.531738,0.919434,0.391602,56.091309,-44.860840,26.184082
5741,-0.492188,0.956543,0.447266,74.523926,-46.752930,36.193848
5742,-0.482422,0.838867,0.396484,83.007812,-54.931641,45.227051
5743,-0.465820,0.786621,0.333008,74.218750,-52.490234,40.649414
5744,-0.400391,0.710938,0.349609,53.405762,-37.109375,23.193359
5745,-0.434082,0.448242,0.065430,76.477051,-30.883789,9.948730
5746,-0.400879,0.997070,0.207520,100.585938,-24.902344,2.319336
5747,-0.394531,1.235352,0.256348,98.022461,-16.479492,6.591797
5748,-0.394043,0.929688,0.263184,69.763184,-21.301270,11.901855
5749,-0.349121,0.914551,0.236816,71.228027,-31.982422,15.258789
5750,-0.333984,0.940918,0.243164,69.152832,-41.625977,22.033691
5751,-0.350098,0.939453,0.225586,62.683105,-48.156738,28.808594
5752,-0.325195,0.859375,0.085449,45.471191,-39.184570,36.743164
5753,-0.308105,0.823242,0.049316,40.466309,-25.390625,34.484863
5754,-0.292969,0.823730,0.019531,29.602051,-4.821777,26.550293
5755,-0.293457,0.889648,0.094238,1.098633,35.766602,-2.136230
5756,-0.282227,0.982910,0.206055,2.624512,33.569336,-14.038086
5757,-0.264648,1.012207,0.261719,10.253906,20.568848,-18.127441
5758,-0.245605,0.863770,0.270996,49.072266,-19.287109,-17.517090
5759,-0.221191,0.746094,0.332520,72.265625,-42.602539,-19.165039
5760,-0.228516,0.694824,0.363770,96.374512,-68.664551,-25.695801
5761,-0.309082,0.678223,-0.108887,173.645020,-92.590332,-62.683105
5762,-0.405273,0.854980,-0.204102,197.692871,-71.228027,-89.599609
5763,-0.475586,0.953613,-0.147949,208.984375,-43.151855,-103.393555
5764,-0.355469,1.069824,-0.028320,192.993164,-19.104004,-95.886230
5765,-0.547852,0.979980,-0.124023,182.189941,42.907715,-90.148926
5766,-0.450684,1.090332,-0.026367,164.550781,67.321777,-78.796387
5767,-0.428223,1.020020,-0.050293,158.569336,78.308105,-59.020996
5768,-0.442871,0.925781,-0.051758,204.711914,55.908203,-38.269043
5769,-0.507812,1.109375,-0.231445,188.781738,49.377441,-37.536621
5770,-0.674805,0.973633,-0.641113,86.303711,68.725586,-34.423828
5771,-0.442871,0.775879,0.020020,9.765625,34.729004,-38.024902
5772,-0.466309,0.861328,0.027344,9.277344,4.089355,-36.254883
5773,-0.536133,0.863770,-0.092285,21.850586,-17.272949,-40.039062
5774,-0.554688,0.779297,-0.346191,35.583496,-18.066406,-45.959473
5775,-0.575195,0.776855,-0.374512,29.235840,-4.577637,-44.189453
5776,-0.532715,0.803711,-0.331543,23.376465,18.554688,-17.822266
5777,-0.527344,0.776855,-0.368164,21.728516,29.724121,-3.479004
5778,-0.523926,0.745117,-0.403320,15.625000,39.733887,4.516602
5779,-0.481445,0.770508,-0.222656,-7.568359,30.456543,3.601074
5780,-0.459961,0.827148,-0.286133,8.911133,6.896973,5.920410
5781,-0.487793,0.854004,-0.248535,32.836914,-14.099121,13.488770
5782,-0.494629,0.827148,-0.371582,44.799805,-14.831543,18.737793
5783,-0.428223,0.662598,-0.437500,46.813965,45.959473,16.357422
5784,-0.413086,0.757812,-0.405273,32.287598,65.795898,6.103516
5785,-0.457031,0.962891,-0.280273,33.508301,51.086426,10.253906
5786,-0.461426,0.958008,-0.278320,45.043945,28.137207,26.123047
5787,-0.384766,0.895508,-0.301270,63.903809,7.324219,38.818359
5788,-0.376465,0.858398,-0.294434,80.932617,-11.535645,52.917480
5789,-0.370605,0.767090,-0.514648,126.220703,-33.569336,68.176270
5790,-0.392090,0.806641,-0.578613,138.793945,-24.536133,72.082520
5791,-0.416504,0.741211,-0.664062,156.616211,-7.751465,71.594238
5792,-0.391602,0.661621,-0.699219,226.440430,49.926758,72.387695
5793,-0.413574,0.734863,-0.648438,245.971680,76.843262,75.073242
5794,-0.489258,0.320312,-0.480469,283.996582,92.285156,70.617676
5795,-0.444336,0.655762,-0.138184,250.671387,56.945801,21.240234
5796,-0.350586,0.883301,-0.095703,175.231934,-1.770020,5.676270
5797,-0.286621,1.012207,-0.359375,101.684570,-65.795898,23.071289
5798,-0.490723,0.541016,-0.968262,78.430176,-116.394043,53.344727
5799,-0.421875,0.523926,-0.990723,90.576172,-107.360840,40.893555
5800,-0.338867,0.721680,-0.857910,84.594727,-68.969727,28.381348
5801,-0.360840,0.720215,-0.705566,96.557617,-62.744141,32.714844
5802,-0.406738,0.697754,-0.675293,107.727051,-60.607910,38.696289
5803,-0.380371,0.661133,-0.812500,105.407715,-44.738770,58.837891
5804,-0.390625,0.542480,-0.865723,87.585449,-25.695801,61.035156
5805,-0.411133,0.442383,-0.715332,65.124512,-15.136719,54.443359
5806,-0.409668,0.445801,-0.647461,41.259766,-17.456055,45.593262
5807,-0.414551,0.417969,-0.642578,42.785645,-32.043457,37.292480
5808,-0.391113,0.425293,-0.683594,55.969238,-43.762207,35.766602
5809,-0.321289,0.653809,-0.597168,82.397461,-71.899414,54.016113
5810,-0.354980,0.675293,-0.619629,102.294922,-102.111816,83.618164
5811,-0.440430,0.505859,-0.627441,147.521973,-132.446289,115.783691
5812,-0.470703,0.371094,-1.059082,197.692871,-108.825684,121.154785
5813,-0.407227,0.229492,-1.337891,155.151367,-7.202148,82.824707
5814,-0.484863,0.222656,-0.946777,99.121094,65.612793,40.771484
5815,-0.473633,0.283691,-0.527832,66.589355,-25.756836,37.536621
5816,-0.434570,0.268066,-0.862793,68.847656,-56.274414,25.939941
5817,-0.451172,0.302246,-1.018066,54.809570,-38.269043,9.094238
5818,-0.556152,0.239258,-0.801758,77.941895,-27.893066,-7.629395
5819,-0.475586,0.395508,-0.809082,98.754883,-32.775879,-15.197754
5820,-0.403320,0.462402,-0.875977,98.571777,-16.906738,-15.319824
5821,-0.423340,0.425293,-0.901855,95.886230,8.483887,-14.038086
5822,-0.459961,0.368652,-0.869141,93.444824,39.001465,-9.826660
5823,-0.453125,0.359375,-0.851562,83.007812,38.574219,-7.324219
5824,-0.486816,0.167969,-0.859863,82.458496,9.460449,5.004883
5825,-0.484863,0.124023,-0.853516,88.562012,-7.995605,3.601074
5826,-0.418945,0.170898,-0.836914,83.312988,-17.089844,0.671387
5827,-0.333496,0.230469,-0.795898,68.420410,-18.493652,2.014160
5828,-0.309570,0.190430,-0.755859,60.546875,-16.479492,4.882812
5829,-0.354004,0.278320,-0.826172,68.481445,-14.343262,3.662109
5830,-0.382812,0.334473,-0.947266,75.988770,-5.187988,7.568359
5831,-0.487305,0.125977,-1.165039,77.514648,38.024902,20.874023
5832,-0.519531,0.012207,-1.034668,93.078613,45.959473,17.639160
5833,-0.438965,0.017578,-0.793945,105.041504,31.799316,12.512207
5834,-0.359375,0.094727,-0.663086,99.792480,-11.535645,3.417969
5835,-0.332031,0.174805,-0.666016,71.899414,-25.207520,-1.953125
5836,-0.322266,0.233398,-0.750977,46.020508,-32.409668,-0.915527
5837,-0.456055,0.175293,-1.057129,29.174805,-20.568848,10.070801
5838,-0.516113,0.071289,-1.208984,41.809082,0.061035,7.873535
5839,-0.511230,0.005859,-1.271484,70.617676,22.277832,3.784180
5840,-0.513672,-0.031738,-0.998535,126.098633,41.198730,3.967285
5841,-0.442383,-0.029297,-0.868652,138.244629,34.484863,3.295898
5842,-0.352539,-0.067383,-0.815918,148.620605,24.658203,2.502441
5843,-0.307617,0.020020,-0.830078,178.222656,6.896973,3.906250
5844,-0.273438,0.128906,-0.795898,161.926270,9.704590,5.493164
5845,-0.267578,0.164062,-0.779785,122.558594,17.639160,13.854980
5846,-0.361816,-0.074219,-0.852051,56.701660,21.362305,32.531738
5847,-0.390137,-0.158691,-0.916992,47.973633,22.888184,29.174805
5848,-0.439941,-0.178711,-0.987793,51.818848,28.930664,22.644043
5849,-0.479492,-0.178711,-1.012695,60.729980,40.954590,12.634277
5850,-0.354980,-0.122070,-0.920898,60.180664,54.870605,2.746582
5851,-0.327637,-0.158691,-0.913574,64.758301,49.804688,4.760742
5852,-0.316895,-0.161133,-0.880859,63.781738,43.945312,8.117676
5853,-0.328125,-0.266113,-0.832520,46.447754,27.893066,5.371094
5854,-0.304688,-0.258301,-0.813477,39.672852,13.183594,0.488281
5855,-0.284180,-0.224121,-0.822754,39.367676,-3.540039,-2.502441
5856,-0.289062,-0.249023,-0.921387,49.438477,-24.536133,-4.455566
5857,-0.325684,-0.297363,-0.901367,49.926758,-25.207520,-5.676270
5858,-0.369629,-0.362793,-0.898438,43.212891,-22.827148,-8.361816
5859,-0.350586,-0.319824,-0.821289,16.906738,-18.066406,-12.207031
5860,-0.314453,-0.255371,-0.803711,2.441406,-21.789551,-11.840820
5861,-0.319824,-0.266602,-0.853027,-7.446289,-28.930664,-13.000488
5862,-0.305664,-0.245605,-0.903809,-5.981445,-37.414551,-12.084961
5863,-0.313477,-0.275879,-0.912598,-1.525879,-50.720215,4.821777
5864,-0.328125,-0.320801,-0.918945,-5.554199,-48.645020,9.460449
5865,-0.315430,-0.316895,-0.880371,-6.042480,-45.227051,12.573242
5866,-0.391113,-0.279785,-0.891602,-6.713867,-44.677734,19.287109
5867,-0.439453,-0.277832,-0.973633,-0.671387,-35.644531,17.028809
5868,-0.456543,-0.291016,-0.958008,5.859375,-19.897461,15.686035
5869,-0.423828,-0.271484,-0.829102,5.493164,-1.159668,9.521484
5870,-0.411133,-0.259277,-0.807617,1.770020,-1.159668,7.080078
5871,-0.417969,-0.265137,-0.809570,-0.549316,-3.173828,4.943848
5872,-0.410645,-0.257324,-0.854004,-3.295898,-7.568359,2.990723
5873,-0.411133,-0.248535,-0.883301,-1.403809,-9.338379,3.967285
5874,-0.412598,-0.239258,-0.889648,3.784180,-11.169434,6.347656
5875,-0.410645,-0.242676,-0.887207,9.216309,-13.549805,8.666992
5876,-0.426758,-0.263184,-0.905273,19.775391,-9.155273,9.094238
5877,-0.436523,-0.254395,-0.875488,23.864746,-3.540039,7.812500
5878,-0.447266,-0.284180,-0.861816,27.038574,3.051758,7.141113
5879,-0.439941,-0.292969,-0.853516,27.038574,7.324219,6.591797
5880,-0.405273,-0.264648,-0.836914,21.301270,10.009766,9.582520
5881,-0.405762,-0.274902,-0.840820,19.592285,8.789062,13.244629
5882,-0.451660,-0.317871,-0.854004,18.432617,9.887695,12.573242
5883,-0.435547,-0.288574,-0.833008,17.395020,9.643555,11.718750
5884,-0.396484,-0.277832,-0.822266,12.756348,4.394531,12.939453
5885,-0.386230,-0.271484,-0.843262,11.169434,2.075195,14.892578
5886,-0.401367,-0.279297,-0.910156,13.854980,2.746582,16.845703
5887,-0.487793,-0.356445,-0.938965,39.489746,37.719727,15.136719
5888,-0.448242,-0.313965,-0.787598,30.334473,43.273926,9.643555
5889,-0.416992,-0.324219,-0.710449,17.639160,33.569336,7.385254
5890,-0.393555,-0.358887,-0.764648,-2.319336,9.338379,3.051758
5891,-0.438477,-0.369141,-0.776367,-15.441895,2.929688,-2.441406
5892,-0.448242,-0.342285,-0.799316,-22.399902,-2.990723,-9.277344
5893,-0.408691,-0.302246,-0.825195,-23.559570,-8.850098,-13.305664
5894,-0.367188,-0.271484,-0.834961,-25.085449,-18.371582,-13.061523
5895,-0.347168,-0.239746,-0.871094,-22.094727,-23.925781,-8.728027
5896,-0.381348,-0.253906,-0.936523,-14.587402,-25.817871,-3.906250
5897,-0.396973,-0.263184,-0.976562,12.512207,-7.934570,2.319336
5898,-0.396973,-0.282227,-0.906738,21.423340,-1.647949,4.577637
5899,-0.390137,-0.322266,-0.847656,28.503418,1.647949,8.300781
5900,-0.400879,-0.337891,-0.823730,23.193359,5.187988,9.277344
5901,-0.409668,-0.336426,-0.799805,17.028809,6.958008,9.216309
5902,-0.456055,-0.387695,-0.870117,14.343262,12.390137,-2.014160
5903,-0.436035,-0.367676,-0.922852,18.737793,12.390137,-4.638672
5904,-0.425781,-0.346191,-1.055176,53.100586,8.422852,-4.821777
5905,-0.408691,-0.271973,-1.126465,104.003906,46.386719,-1.892090
5906,-0.464355,-0.375977,-0.997070,125.366211,59.692383,-2.563477
5907,-0.463379,-0.437500,-0.879395,141.967773,58.288574,-2.929688
5908,-0.393066,-0.430664,-0.770996,151.794434,46.875000,-0.793457
5909,-0.261230,-0.349121,-0.621582,123.107910,31.005859,9.643555
5910,-0.274902,-0.387207,-0.573242,93.261719,24.108887,15.869141
5911,-0.329102,-0.432129,-0.542480,60.546875,15.319824,17.089844
5912,-0.395020,-0.494141,-0.652832,-0.122070,-2.929688,5.676270
5913,-0.389160,-0.507812,-0.757812,-7.202148,-11.962891,1.220703
5914,-0.401855,-0.563965,-0.811035,-8.178711,-11.474609,-4.028320
5915,-0.369629,-0.525391,-0.712402,-14.770508,-2.624512,-13.488770
5916,-0.330566,-0.468262,-0.661621,-22.399902,-3.784180,-11.047363
5917,-0.323730,-0.442871,-0.687500,-28.869629,-8.911133,-5.676270
5918,-0.366699,-0.437500,-0.867676,-29.235840,-14.831543,1.708984
5919,-0.368652,-0.456543,-0.920410,-19.531250,-11.047363,2.624512
5920,-0.376465,-0.499512,-0.914062,-6.652832,-4.211426,1.159668
5921,-0.370117,-0.479492,-0.841797,10.131836,9.765625,-4.333496
5922,-0.359863,-0.466797,-0.885254,13.000488,12.268066,-6.225586
5923,-0.375000,-0.497559,-0.749023,12.145996,12.207031,-7.812500
5924,-0.358887,-0.502930,-0.682617,5.004883,4.943848,-7.690430
5925,-0.337402,-0.600098,-0.808105,25.085449,-19.409180,7.141113
5926,-0.325195,-0.542969,-0.910645,45.532227,-19.531250,10.803223
5927,-0.354492,-0.514160,-0.925781,61.096191,-7.446289,10.803223
5928,-0.417480,-0.531738,-0.691895,86.181641,-5.615234,6.103516
5929,-0.400391,-0.533691,-0.596680,85.815430,-24.963379,7.690430
5930,-0.384277,-0.553711,-0.646484,72.570801,-44.677734,10.742188
5931,-0.384277,-0.584473,-0.815430,64.025879,-56.884766,10.925293
5932,-0.378906,-0.562500,-0.874023,74.462891,-49.316406,7.629395
5933,-0.381836,-0.528320,-0.912109,86.730957,-34.484863,2.746582
5934,-0.413574,-0.502930,-0.834473,108.398438,10.375977,-10.620117
5935,-0.427734,-0.518066,-0.701660,105.468750,29.663086,-19.653320
5936,-0.426758,-0.564453,-0.600098,53.283691,37.597656,-31.066895
5937,-0.412109,-0.630859,-0.520508,32.348633,29.296875,-33.264160
5938,-0.414551,-0.660156,-0.550781,25.939941,16.967773,-35.888672
5939,-0.422852,-0.679199,-0.560059,28.686523,4.089355,-40.039062
5940,-0.433105,-0.718750,-0.539551,31.250000,-19.226074,-50.048828
5941,-0.415039,-0.736816,-0.521973,25.390625,-29.602051,-56.701660
5942,-0.378418,-0.768555,-0.684082,13.671875,-33.386230,-67.749023
5943,-0.385742,-0.820312,-0.730957,16.601562,-29.418945,-75.256348
5944,-0.401367,-0.824707,-0.702637,27.587891,-30.700684,-86.120605
5945,-0.380371,-0.790039,-0.681152,35.766602,-36.926270,-94.787598
5946,-0.347656,-0.758789,-0.657227,43.579102,-43.457031,-97.717285
5947,-0.197754,-0.600586,-0.323730,51.574707,-58.776855,-98.327637
5948,-0.147949,-0.492676,-0.122559,41.442871,-83.679199,-85.693359
5949,-0.246094,-0.620605,-0.258789,27.648926,-159.240723,-48.339844
5950,-0.227051,-0.590332,-0.395508,23.132324,-184.265137,-37.048340
5951,-0.103027,-0.347656,-0.822754,-48.522949,-143.493652,-13.366699
5952,-0.459473,-0.927734,-1.006348,-128.662109,-23.742676,6.591797
5953,-0.488281,-0.954102,-1.030762,-69.458008,-8.300781,-18.493652
5954,-0.351562,-0.689941,-1.011719,-15.380859,5.310059,-28.808594
5955,-0.268066,-0.618164,-1.019531,38.757324,55.236816,4.089355
5956,-0.290527,-0.662598,-0.924805,67.443848,78.125000,11.352539
5957,-0.333496,-0.615723,-0.558594,97.595215,100.952148,11.474609
5958,-0.333496,-0.595703,-0.386230,89.965820,95.764160,13.122559
5959,-0.325195,-0.608887,-0.287109,75.195312,78.857422,15.686035
5960,-0.279785,-0.561035,-0.261719,55.786133,56.579590,22.705078
5961,-0.338867,-0.655762,-0.451172,33.447266,27.770996,42.480469
5962,-0.422363,-0.777344,-0.479980,33.691406,21.240234,49.011230
5963,-0.461426,-0.895996,-0.477051,25.634766,17.517090,46.508789
5964,-0.481934,-0.953613,-0.481445,17.639160,12.573242,30.822754
5965,-0.403320,-0.819824,-0.579102,17.456055,5.065918,-2.624512
5966,-0.315918,-0.744629,-0.579590,23.010254,3.356934,-5.310059
5967,-0.188965,-0.755371,-0.593750,30.639648,-6.469727,11.779785
5968,-0.209961,-0.804199,-0.621582,35.888672,-8.178711,19.653320
5969,-0.257812,-0.853027,-0.650879,39.916992,-2.136230,21.179199
5970,-0.277344,-0.868164,-0.679199,44.433594,8.361816,18.310547
5971,-0.299805,-0.809570,-0.688477,67.687988,33.264160,12.695312
5972,-0.338379,-0.794922,-0.579102,77.270508,40.710449,10.559082
5973,-0.388184,-0.856445,-0.434082,88.684082,21.118164,-6.774902
5974,-0.385742,-0.875488,-0.398438,91.552734,5.554199,-17.761230
5975,-0.375977,-0.899414,-0.391113,90.759277,-8.850098,-27.648926
5976,-0.340820,-0.852539,-0.365723,103.698730,-40.222168,-37.414551
5977,-0.366211,-1.006348,-0.529785,111.267090,-44.921875,-39.001465
5978,-0.321777,-0.859375,-0.443848,125.610352,-42.053223,-36.865234
5979,-0.307129,-0.822754,-0.392090,128.173828,-38.269043,-30.273438
5980,-0.269043,-0.830078,-0.330078,114.562988,-28.625488,-19.775391
5981,-0.259277,-0.845703,-0.326660,111.450195,-26.672363,-16.601562
5982,-0.250000,-0.874512,-0.319336,122.497559,-23.742676,-12.634277
5983,-0.255371,-0.915039,-0.318359,134.582520,-22.094727,-11.901855
5984,-0.263184,-0.949707,-0.313965,146.789551,-18.005371,-13.732910
5985,-0.262695,-0.957520,-0.287598,167.663574,-6.225586,-18.310547
5986,-0.224121,-0.916016,-0.141602,172.973633,-2.746582,-18.493652
5987,-0.187500,-0.892090,-0.049316,174.743652,-3.906250,-12.390137
5988,-0.166504,-0.912598,0.120117,156.921387,-10.009766,6.286621
5989,-0.202148,-0.943848,0.176270,134.460449,-10.803223,13.916016
5990,-0.232422,-0.960938,0.252930,100.402832,-5.737305,20.568848
5991,-0.310059,-0.966797,0.391113,-1.281738,10.192871,20.446777
5992,-0.330078,-0.972656,0.338379,-37.841797,-1.525879,15.686035
5993,-0.333008,-0.980957,0.246582,-60.974121,-11.352539,12.390137
5994,-0.304688,-0.960938,0.140137,-73.181152,-19.287109,9.582520
5995,-0.258301,-0.921387,-0.062500,-72.753906,-22.338867,10.009766
5996,-0.274414,-0.926270,-0.108398,-64.758301,-18.432617,9.948730
5997,-0.305176,-0.955078,-0.116699,-57.250977,-13.793945,8.789062
5998,-0.372559,-1.013672,-0.172852,-42.419434,-10.314941,-1.953125
5999,-0.377930,-1.031738,-0.225098,-26.916504,-12.573242,-10.620117
6000,-0.335938,-0.982422,-0.265137,-4.150391,-14.648438,-17.272949
6001,-0.281738,-0.916992,-0.275391,19.287109,-14.282227,-15.747070
6002,-0.247559,-0.909668,-0.115723,46.264648,-5.737305,0.366211
6003,-0.257324,-0.917480,-0.007812,43.457031,-4.089355,5.432129
6004,-0.297363,-0.924805,0.115723,21.606445,-9.277344,11.047363
6005,-0.294922,-0.927246,0.115723,8.483887,-14.282227,13.549805
6006,-0.286133,-0.924805,0.080078,-3.845215,-18.615723,16.906738
6007,-0.299805,-0.960938,-0.045898,-17.944336,-18.859863,20.507812
6008,-0.335938,-1.009766,-0.082031,-17.456055,-14.587402,18.249512
6009,-0.356445,-1.034180,-0.068848,-17.333984,-8.117676,12.023926
6010,-0.323730,-0.998047,-0.069336,-13.000488,-3.601074,-1.403809
6011,-0.291992,-0.948730,-0.047363,-7.568359,-3.173828,-3.662109
6012,-0.284180,-0.909180,0.028809,-14.465332,-7.934570,-0.793457
6013,-0.275879,-0.890625,0.063477,-24.963379,-13.000488,2.502441
6014,-0.277832,-0.913574,0.007812,-32.104492,-17.822266,5.920410
6015,-0.273926,-0.939941,-0.059082,-31.616211,-20.507812,9.643555
6016,-0.300781,-1.001465,-0.167480,-17.272949,-17.700195,12.390137
6017,-0.336914,-1.038574,-0.216797,-4.089355,-11.535645,7.446289
6018,-0.361328,-1.031250,-0.210449,10.620117,-2.624512,-0.915527
6019,-0.323242,-0.953125,-0.076172,26.916504,9.155273,-10.437012
6020,-0.305176,-0.911133,0.015625,25.451660,8.178711,-10.437012
6021,-0.292969,-0.883301,0.063965,18.371582,3.723145,-7.202148
6022,-0.295898,-0.900879,0.061035,-2.136230,-6.164551,3.784180
6023,-0.314453,-0.927734,0.028809,-11.596680,-8.666992,7.385254
6024,-0.331055,-0.952148,-0.016113,-17.517090,-9.216309,8.666992
6025,-0.338867,-0.969727,-0.073242,-19.592285,-8.178711,8.239746
6026,-0.345215,-0.998535,-0.145996,-7.873535,-5.676270,1.953125
6027,-0.332031,-0.994629,-0.169434,3.234863,-4.882812,-1.403809
6028,-0.266113,-0.949219,-0.145996,25.451660,-2.197266,-0.061035
6029,-0.251953,-0.919922,-0.110840,32.531738,-1.464844,5.065918
6030,-0.255859,-0.918945,-0.077637,36.437988,-2.624512,11.901855
6031,-0.255371,-0.926270,-0.060059,39.916992,-5.187988,19.531250
6032,-0.257812,-1.016113,-0.095703,56.152344,-12.573242,33.569336
6033,-0.269531,-0.942871,-0.006836,67.504883,-9.399414,33.264160
6034,-0.321777,-0.909180,0.077148,64.147949,-9.765625,36.376953
6035,-0.449707,-1.002930,0.108887,49.316406,-20.812988,26.245117
6036,-0.489258,-1.018555,0.061523,33.996582,-18.615723,13.305664
6037,-0.502930,-1.031738,-0.018066,20.263672,-7.873535,-1.525879
6038,-0.379883,-0.919434,0.035156,15.686035,12.390137,-18.066406
6039,-0.312500,-0.885742,0.091309,20.080566,9.338379,-15.808105
6040,-0.284668,-0.859863,0.128906,21.606445,2.502441,-8.422852
6041,-0.321289,-0.895020,0.089844,22.705078,-9.216309,9.155273
6042,-0.389160,-0.900879,0.056641,18.981934,-10.559082,12.084961
6043,-0.477539,-0.939941,0.015625,13.183594,-4.394531,0.122070
6044,-0.442383,-0.937988,0.025391,12.451172,-4.455566,-7.019043
6045,-0.372559,-0.944824,0.009277,16.723633,-6.042480,-12.878418
6046,-0.291992,-0.918945,0.002441,26.916504,-5.310059,-13.977051
6047,-0.244141,-0.880859,0.057617,38.146973,-1.831055,-7.934570
6048,-0.238281,-0.880859,0.178223,38.085938,-10.070801,20.751953
6049,-0.301758,-0.931152,0.182129,32.775879,-11.962891,28.198242
6050,-0.389160,-1.017090,0.145508,25.878906,-10.986328,26.428223
6051,-0.434570,-1.020508,0.089355,22.521973,-0.305176,2.502441
6052,-0.392090,-0.948242,0.080078,24.841309,6.652832,-7.995605
6053,-0.346680,-0.896484,0.083496,25.756836,13.488770,-14.282227
6054,-0.324707,-0.881836,0.139648,28.015137,22.460938,-15.014648
6055,-0.331543,-0.872070,0.180664,29.418945,21.057129,-11.291504
6056,-0.336426,-0.877441,0.222168,29.663086,15.014648,-6.958008
6057,-0.325684,-0.915527,0.220703,24.719238,-0.793457,0.610352
6058,-0.319336,-0.925293,0.190430,23.986816,-3.295898,4.028320
6059,-0.357910,-0.978027,0.128906,22.399902,-0.122070,3.845215
6060,-0.358398,-0.884766,0.080078,33.874512,16.723633,-7.446289
6061,-0.321289,-0.831055,0.131348,39.550781,20.446777,-8.239746
6062,-0.302246,-0.826172,0.181152,41.137695,20.935059,-5.065918
6063,-0.316406,-0.882324,0.263672,33.081055,14.892578,8.422852
6064,-0.337891,-0.921387,0.264160,26.306152,10.009766,12.756348
6065,-0.365234,-0.948730,0.241211,21.057129,5.981445,14.221191
6066,-0.395020,-0.953613,0.214355,19.104004,4.394531,13.061523
6067,-0.411621,-0.942383,0.246582,16.723633,-1.708984,6.347656
6068,-0.398438,-0.937988,0.247070,13.122559,-6.896973,2.014160
6069,-0.388184,-0.947266,0.228027,9.582520,-9.643555,-2.075195
6070,-0.392578,-0.979980,0.172363,6.225586,-2.868652,-12.023926
6071,-0.390137,-0.975098,0.132812,6.469727,4.638672,-18.615723
6072,-0.353516,-0.928223,0.095215,8.361816,14.831543,-24.047852
6073,-0.277832,-0.876465,0.205078,18.859863,28.991699,-21.728516
6074,-0.269531,-0.858398,0.297363,16.723633,24.414062,-11.657715
6075,-0.310547,-0.878906,0.322266,3.417969,0.732422,12.451172
6076,-0.338867,-0.902832,0.280273,-2.868652,-10.131836,19.348145
6077,-0.366699,-0.941895,0.216309,-5.249023,-16.052246,20.446777
6078,-0.391602,-0.966797,0.143066,-1.770020,-15.380859,16.174316
6079,-0.379883,-0.942383,0.107422,14.770508,0.549316,3.784180
6080,-0.370117,-0.943848,0.144043,22.949219,8.666992,-0.549316
6081,-0.374023,-0.952148,0.200684,28.808594,12.023926,-4.089355
6082,-0.359375,-0.932617,0.244629,31.799316,3.845215,-6.164551
6083,-0.338867,-0.918945,0.182129,32.836914,1.953125,-5.432129
6084,-0.321777,-0.911133,0.119629,34.851074,7.202148,-4.211426
6085,-0.295898,-0.920898,0.100586,43.334961,14.648438,-2.563477
6086,-0.271973,-0.870605,0.177734,75.500488,24.780273,5.432129
6087,-0.286621,-0.829590,0.257812,84.228516,22.216797,14.221191
6088,-0.338379,-0.834473,0.321289,94.055176,4.272461,31.738281
6089,-0.357422,-0.840820,0.311035,99.426270,-3.906250,36.254883
6090,-0.368164,-0.847656,0.289551,105.468750,-7.507324,38.574219
6091,-0.397949,-0.871094,0.250977,127.319336,-2.746582,35.583496
6092,-0.413574,-0.870605,0.283691,140.808105,-1.403809,34.484863
6093,-0.413574,-0.835449,0.286621,150.756836,-0.366211,34.179688
6094,-0.379883,-0.750000,0.242188,178.833008,2.441406,34.729004
6095,-0.368164,-0.725098,0.238770,201.599121,6.652832,36.743164
6096,-0.369141,-0.705566,0.249512,225.158691,12.084961,40.649414
6097,-0.361816,-0.634766,0.261719,280.151367,20.690918,52.307129
6098,-0.505859,-0.629883,0.829102,293.945312,25.817871,56.030273
6099,-0.409180,-0.141602,0.875000,-46.020508,78.002930,-23.681641
6100,-0.406738,-0.306152,0.625488,-13.793945,74.768066,-9.277344
6101,-0.601074,-0.799805,0.770020,4.516602,53.955078,-6.591797
6102,-0.501465,-0.673340,0.546387,4.516602,-4.882812,-29.235840
6103,-0.449219,-0.603027,0.508789,18.981934,-20.935059,-18.554688
6104,-0.439453,-0.652832,0.603027,26.184082,-25.207520,-11.047363
6105,-0.422363,-0.576172,0.595703,12.512207,-4.028320,-14.770508
6106,-0.417969,-0.563965,0.594238,5.981445,9.338379,-12.390137
6107,-0.434570,-0.597168,0.709473,-10.925293,9.948730,-5.981445
6108,-0.450684,-0.603516,0.715820,-18.615723,0.793457,-3.051758
6109,-0.467773,-0.619629,0.693359,-24.475098,-7.690430,-2.075195
6110,-0.468750,-0.635742,0.639160,-28.259277,-11.718750,-3.295898
6111,-0.447754,-0.688477,0.519531,-20.202637,-6.530762,-8.178711
6112,-0.447754,-0.713867,0.506348,-13.305664,-0.244141,-11.596680
6113,-0.453125,-0.725098,0.519531,-7.629395,6.347656,-15.563965
6114,-0.462891,-0.725098,0.527344,-1.220703,11.169434,-19.470215
6115,-0.479004,-0.683105,0.583008,9.826660,8.300781,-22.216797
6116,-0.472656,-0.646973,0.625000,6.530762,1.831055,-20.996094
6117,-0.437500,-0.625488,0.717773,-13.671875,-13.183594,-15.014648
6118,-0.433105,-0.632812,0.721680,-31.188965,-17.395020,-10.742188
6119,-0.425293,-0.645996,0.697266,-47.119141,-19.042969,-6.347656
6120,-0.443359,-0.739746,0.683594,-74.035645,-15.991211,-2.563477
6121,-0.510254,-0.818359,0.763672,-98.999023,-8.605957,-9.582520
6122,-0.488770,-0.777344,0.642090,-117.370605,-6.225586,-17.517090
6123,-0.449707,-0.745117,0.430664,-105.957031,-22.460938,-27.404785
6124,-0.421387,-0.740234,0.361328,-87.402344,-31.005859,-28.198242
6125,-0.402344,-0.780273,0.318848,-66.467285,-33.935547,-28.259277
6126,-0.389160,-0.782227,0.501953,-45.043945,-23.132324,-28.747559
6127,-0.367188,-0.777832,0.663086,-54.870605,-18.615723,-26.184082
6128,-0.361816,-0.791992,0.747070,-80.993652,-17.578125,-24.291992
6129,-0.343750,-0.783691,0.697266,-110.473633,-18.371582,-22.155762
6130,-0.305176,-0.793457,0.403809,-132.080078,-19.775391,-14.343262
6131,-0.312500,-0.830566,0.296875,-122.314453,-19.348145,-11.962891
6132,-0.367188,-0.881348,0.278809,-82.763672,-13.122559,-16.601562
6133,-0.353516,-0.879395,0.407227,-72.570801,-9.948730,-21.423340
6134,-0.309082,-0.870605,0.483398,-79.406738,-10.681152,-22.216797
6135,-0.288574,-0.839844,0.439941,-95.764160,-11.840820,-19.348145
6136,-0.276367,-0.833008,0.255371,-103.637695,-12.878418,-11.047363
6137,-0.279785,-0.830566,0.205566,-90.576172,-14.526367,-6.774902
6138,-0.326172,-0.914551,0.317383,-67.993164,-16.601562,-5.737305
6139,-0.308105,-0.918457,0.354980,-74.584961,-16.052246,-4.394531
6140,-0.325684,-0.968750,0.287109,-83.801270,-15.502930,-2.624512
6141,-0.345703,-0.969238,0.136719,-71.166992,-11.047363,-8.544922
6142,-0.337402,-0.969238,0.152344,-59.326172,-6.286621,-12.878418
6143,-0.295410,-0.937988,0.168457,-53.833008,-2.136230,-14.038086
6144,-0.261719,-0.882812,0.174805,-53.405762,1.098633,-10.925293
6145,-0.255371,-0.850098,0.216797,-54.077148,2.136230,-6.042480
6146,-0.295898,-0.824219,0.253418,-61.645508,-7.629395,6.774902
6147,-0.347168,-0.883789,0.268066,-70.312500,-14.404297,10.986328
6148,-0.401367,-0.972168,0.239258,-80.322266,-20.385742,9.216309
6149,-0.365234,-0.934082,0.164062,-91.735840,-25.512695,2.807617
6150,-0.333008,-0.914551,0.105469,-95.092773,-24.719238,2.441406
6151,-0.316895,-0.910156,0.048828,-93.505859,-22.705078,3.845215
6152,-0.359375,-0.916016,-0.022949,-78.308105,-17.944336,2.685547
6153,-0.376953,-0.902344,-0.012207,-65.246582,-17.822266,-0.732422
6154,-0.368652,-0.909180,0.001465,-52.490234,-19.348145,-4.943848
6155,-0.309570,-0.969727,0.028809,-39.794922,-22.705078,-7.934570
6156,-0.293457,-0.989258,0.011230,-41.015625,-22.583008,-8.239746
6157,-0.284180,-0.975098,-0.013672,-42.297363,-18.859863,-8.361816
6158,-0.272949,-0.957520,-0.033203,-39.611816,-13.916016,-5.615234
6159,-0.276367,-0.958984,-0.033691,-33.935547,-14.526367,-4.455566
6160,-0.300293,-0.969727,-0.037109,-23.864746,-14.160156,-5.249023
6161,-0.301270,-0.947754,-0.026367,-3.051758,-7.629395,-6.835938
6162,-0.304688,-0.966797,0.014648,-5.310059,-2.014160,-5.981445
6163,-0.313477,-0.992676,0.018066,-12.451172,2.075195,-6.958008
6164,-0.297852,-0.992676,0.007812,-15.441895,3.479004,-8.300781
6165,-0.264648,-0.965332,-0.001465,-15.136719,3.295898,-6.042480
6166,-0.226562,-0.950684,-0.034180,-11.535645,0.427246,7.385254
6167,-0.238770,-0.947754,-0.064941,-8.972168,1.586914,13.000488
6168,-0.268555,-0.956543,-0.082031,-4.394531,4.516602,16.296387
6169,-0.344727,-0.944824,0.015625,6.103516,8.483887,14.282227
6170,-0.369141,-0.945801,0.049805,7.385254,6.713867,9.826660
6171,-0.354980,-0.939453,0.023438,-0.549316,0.793457,0.915527
6172,-0.334473,-0.953125,-0.027832,-0.366211,-0.549316,-0.610352
6173,-0.309082,-0.956543,-0.073730,4.089355,-0.366211,-0.488281
6174,-0.291992,-0.971680,-0.105957,12.451172,0.732422,1.892090
6175,-0.302734,-0.962402,-0.116211,32.348633,9.887695,4.333496
6176,-0.322266,-0.946777,-0.081543,39.611816,15.808105,2.990723
6177,-0.375977,-0.933594,0.000488,48.889160,21.728516,-3.234863
6178,-0.373047,-0.926758,0.066406,49.743652,20.629883,-5.798340
6179,-0.345703,-0.920410,0.140137,44.799805,17.456055,-6.713867
6180,-0.276855,-0.921387,0.156250,28.259277,6.591797,-0.305176
6181,-0.246582,-0.926270,0.111328,23.681641,2.136230,6.408691
6182,-0.240234,-0.927246,0.046387,24.169922,0.244141,14.526367
6183,-0.272461,-0.938477,0.005859,28.015137,2.136230,19.775391
6184,-0.356445,-0.960449,-0.051270,44.982910,4.394531,17.272949
6185,-0.393555,-0.971191,-0.118164,70.373535,2.136230,6.774902
6186,-0.379395,-0.966797,-0.056641,113.586426,6.835938,-8.544922
6187,-0.349609,-0.953613,0.004883,128.906250,6.958008,-9.094238
6188,-0.319824,-0.944824,0.055176,141.357422,5.371094,-9.216309
6189,-0.293945,-0.938965,0.112305,150.634766,2.807617,-8.728027
6190,-0.265137,-0.895508,0.178711,153.991699,1.708984,-0.915527
6191,-0.262207,-0.875977,0.211914,154.052734,4.943848,7.690430
6192,-0.266113,-0.855957,0.245117,154.357910,7.934570,16.540527
6193,-0.278320,-0.791992,0.287109,161.254883,7.812500,37.231445
6194,-0.285645,-0.821289,0.305176,169.982910,4.943848,47.546387
6195,-0.316406,-0.871094,0.288574,179.992676,4.272461,51.513672
6196,-0.339844,-0.879395,0.263184,191.406250,7.751465,50.598145
6197,-0.340332,-0.815430,0.206543,228.027344,25.817871,43.701172
6198,-0.624512,-0.827637,1.548340,174.987793,46.325684,32.165527
6199,-0.564453,-0.800781,1.024414,24.475098,69.519043,-5.004883
6200,-0.451172,-0.675781,0.608398,8.422852,60.058594,-29.418945
6201,-0.462891,-0.774414,0.611328,15.930176,45.532227,-30.700684
6202,-0.422852,-0.781250,0.619629,12.268066,28.503418,-29.235840
6203,-0.303223,-0.670898,0.625977,-7.080078,-2.807617,-14.526367
6204,-0.316406,-0.678711,0.551270,-10.864258,-4.821777,-6.347656
6205,-0.345215,-0.717773,0.482422,-12.573242,1.220703,-1.770020
6206,-0.385254,-0.755859,0.455078,-14.648438,9.826660,-0.366211
6207,-0.396973,-0.759277,0.465820,-9.216309,5.676270,0.183105
6208,-0.394043,-0.766602,0.477051,-2.563477,-0.305176,0.000000
6209,-0.413574,-0.789062,0.469727,5.981445,-1.586914,-2.136230
6210,-0.390137,-0.734375,0.546875,0.427246,3.601074,-3.173828
6211,-0.518555,-0.766113,0.839355,-37.231445,13.366699,-11.657715
6212,-0.431641,-0.710449,0.769531,-85.876465,0.366211,-17.028809
6213,-0.363770,-0.774902,0.589355,-96.801758,-15.686035,-7.995605
6214,-0.393066,-0.813477,0.541016,-119.812012,-23.193359,-0.671387
6215,-0.427246,-0.830078,0.490234,-130.310059,-25.512695,1.098633
6216,-0.413574,-0.877441,0.435059,-141.174316,-27.587891,-5.310059
6217,-0.365723,-0.845215,0.314453,-142.456055,-27.648926,-5.981445
6218,-0.349121,-0.838867,0.194824,-119.262695,-20.812988,-4.272461
6219,-0.374023,-0.900391,0.238770,-104.919434,-17.333984,-6.958008
6220,-0.416992,-0.961426,0.311035,-100.341797,-15.808105,-12.268066
6221,-0.380859,-0.940918,0.298340,-110.595703,-15.808105,-22.399902
6222,-0.321777,-0.902832,0.180664,-111.389160,-16.113281,-23.010254
6223,-0.269531,-0.862793,0.064453,-101.318359,-15.869141,-18.737793
6224,-0.271484,-0.880859,0.004395,-85.083008,-12.878418,-12.939453
6225,-0.370605,-0.954590,0.199707,-54.992676,-4.699707,-11.779785
6226,-0.381836,-0.992676,0.351562,-55.053711,-7.873535,-17.456055
6227,-0.339844,-0.905762,0.397949,-76.416016,-13.000488,-17.211914
6228,-0.249023,-0.845703,0.270996,-127.990723,-15.441895,-0.122070
6229,-0.278320,-0.907715,0.182617,-135.070801,-17.883301,3.051758
6230,-0.281250,-0.887695,0.070801,-132.751465,-20.629883,5.371094
6231,-0.299316,-0.914551,-0.114746,-106.750488,-16.967773,15.502930
6232,-0.325195,-0.959961,-0.110840,-89.843750,-9.887695,14.160156
6233,-0.374023,-0.960449,0.036133,-74.096680,4.333496,0.549316
6234,-0.366699,-0.937988,0.132324,-84.533691,5.859375,-3.540039
6235,-0.373535,-0.963379,0.213379,-105.651855,1.342773,-5.371094
6236,-0.328125,-0.899414,0.261230,-171.447754,-17.211914,1.770020
6237,-0.319336,-0.837891,0.187012,-205.810547,-29.174805,9.948730
6238,-0.325195,-0.809082,0.055176,-227.478027,-40.954590,16.418457
6239,-0.342773,-0.839355,-0.259766,-237.121582,-54.626465,19.958496
6240,-0.356445,-0.850098,-0.582520,-205.749512,-56.518555,16.479492
6241,-0.392090,-0.800293,-0.514648,-157.348633,-52.368164,10.070801
6242,-0.395020,-0.862793,-0.479492,-100.524902,-35.888672,-5.065918
6243,-0.385254,-0.901367,-0.473633,-88.500977,-22.033691,-7.934570
6244,-0.370117,-0.892090,-0.431641,-81.298828,-12.939453,-7.507324
6245,-0.345703,-0.886230,-0.449707,-63.598633,-1.098633,-6.652832
6246,-0.322266,-0.878418,-0.482910,-50.048828,7.995605,-7.507324
6247,-0.335449,-0.861816,-0.482910,-33.325195,14.099121,-5.187988
6248,-0.339355,-0.836426,-0.414062,-20.141602,20.690918,-1.525879
6249,-0.430176,-0.886719,-0.236328,-53.100586,42.480469,-5.126953
6250,-0.468750,-0.852051,-0.142090,-74.645996,38.635254,-6.103516
6251,-0.457031,-0.853027,-0.125977,-91.247559,20.568848,-8.605957
6252,-0.333984,-0.794922,-0.386719,-112.976074,-6.958008,-11.535645
6253,-0.301270,-0.770508,-0.513184,-105.285645,-10.803223,-6.225586
6254,-0.327148,-0.795410,-0.614746,-77.819824,-5.371094,1.037598
6255,-0.354004,-0.790527,-0.554688,-76.538086,8.850098,-4.211426
6256,-0.402344,-0.852539,-0.526367,-82.397461,21.057129,-14.526367
6257,-0.355957,-0.783691,-0.536621,-75.134277,17.150879,-15.625000
6258,-0.329102,-0.737793,-0.500488,-78.369141,16.662598,-11.962891
6259,-0.310059,-0.719727,-0.481934,-86.975098,18.127441,-10.131836
6260,-0.314941,-0.801758,-0.583984,-65.185547,10.620117,-12.023926
6261,-0.311523,-0.818848,-0.608887,-56.396484,6.408691,-13.183594
6262,-0.295410,-0.772461,-0.656250,-51.940918,8.728027,-13.061523
6263,-0.239746,-0.624512,-0.578613,-50.109863,20.080566,-5.554199
6264,-0.251953,-0.641113,-0.513672,-69.274902,24.414062,0.915527
6265,-0.286621,-0.791504,-0.698730,-64.331055,21.606445,1.464844
6266,-0.271973,-0.725098,-0.564941,-27.954102,-6.469727,4.516602
6267,-0.286133,-0.720215,-0.627930,-27.038574,-10.498047,5.493164
6268,-0.294922,-0.665039,-0.587402,-43.395996,-4.150391,4.211426
6269,-0.319336,-0.701660,-0.626953,-57.373047,2.685547,-2.197266
6270,-0.338867,-0.776367,-0.819824,-59.936523,14.099121,-11.352539
6271,-0.338379,-0.753906,-0.807617,-23.254395,10.925293,-11.047363
6272,-0.332031,-0.624512,-0.714355,-9.094238,13.183594,1.098633
6273,-0.329102,-0.669922,-0.704590,4.272461,10.375977,3.723145
6274,-0.285645,-0.631836,-0.583984,-2.319336,12.573242,2.075195
6275,-0.235352,-0.626953,-0.496094,-3.479004,1.647949,-0.671387
6276,-0.269043,-0.645996,-0.516602,-37.414551,4.577637,0.427246
6277,-0.365723,-0.826660,-0.734375,-45.593262,0.610352,1.098633
6278,-0.368652,-0.773926,-0.653320,-42.846680,-8.728027,0.732422
6279,-0.319824,-0.696289,-0.717285,-46.875000,-9.155273,-1.159668
6280,-0.292969,-0.650391,-0.731934,-37.902832,-4.882812,0.671387
6281,-0.269531,-0.621094,-0.608398,-37.231445,0.671387,6.835938
6282,-0.292969,-0.711914,-0.588867,-43.395996,1.464844,5.065918
6283,-0.331055,-0.817871,-0.450684,-55.053711,-3.540039,-2.319336
6284,-0.337891,-0.750000,-0.366699,-87.280273,-17.517090,-10.925293
6285,-0.274414,-0.553711,-0.686035,-128.540039,-53.405762,-19.958496
6286,-0.216797,-0.454590,-0.843750,-119.201660,-62.866211,-15.991211
6287,-0.251953,-0.484375,-1.016113,-53.771973,-56.640625,-7.568359
6288,-0.290527,-0.543945,-1.000000,-27.221680,-41.076660,-6.042480
6289,-0.324219,-0.544922,-0.972168,-13.061523,-23.132324,-5.432129
6290,-0.345215,-0.538086,-0.937988,-5.187988,-7.568359,-4.394531
6291,-0.389648,-0.645020,-0.790039,-1.708984,20.141602,-2.807617
6292,-0.373047,-0.618652,-0.717285,-17.150879,32.775879,-3.051758
6293,-0.325195,-0.555664,-0.699707,-37.048340,42.358398,-3.173828
6294,-0.287598,-0.500977,-0.673340,-42.480469,34.790039,-3.662109
6295,-0.249023,-0.453125,-0.708008,-39.978027,22.155762,0.000000
6296,-0.215820,-0.449219,-0.858398,-25.207520,-2.258301,18.005371
6297,-0.304199,-0.469727,-0.955078,-9.582520,-4.821777,21.118164
6298,-0.382812,-0.654297,-1.004395,6.530762,1.708984,19.226074
6299,-0.372070,-0.603027,-0.881348,0.183105,20.202637,15.258789
6300,-0.377930,-0.521973,-0.778809,-18.676758,38.146973,6.774902
6301,-0.363770,-0.569336,-0.664551,-7.568359,27.648926,-5.187988
6302,-0.306152,-0.504883,-0.611816,4.089355,4.882812,-15.808105
6303,-0.262207,-0.423828,-0.616699,4.699707,-19.775391,-17.944336
6304,-0.315918,-0.486328,-0.800293,-24.597168,-37.109375,-8.422852
6305,-0.473145,-0.602539,-0.860352,-34.423828,-26.245117,-21.972656
6306,-0.465332,-0.606445,-0.854004,-39.978027,-12.023926,-49.560547
6307,-0.371094,-0.572754,-0.702637,-77.575684,13.977051,-81.115723
6308,-0.355957,-0.606445,-0.677734,-94.604492,13.061523,-94.909668
6309,-0.269043,-0.487305,-0.582520,-101.074219,-1.464844,-98.327637
6310,-0.230957,-0.418945,-0.692871,-87.951660,-54.504395,-84.167480
6311,-0.239746,-0.420898,-0.849609,-73.913574,-69.152832,-78.002930
6312,-0.249023,-0.417480,-1.015137,-62.316895,-60.668945,-75.500488
6313,-0.237793,-0.423828,-1.127441,-51.940918,-32.775879,-74.035645
6314,-0.183594,-0.357910,-1.047363,-28.808594,33.569336,-52.856445
6315,-0.177246,-0.395996,-0.930664,-19.775391,53.894043,-35.888672
6316,-0.136719,-0.380371,-0.798340,-17.639160,56.335449,-15.625000
6317,-0.155273,-0.385254,-0.837891,-2.441406,23.803711,21.240234
6318,-0.211914,-0.442871,-0.894043,5.859375,14.282227,22.216797
6319,-0.270508,-0.420410,-0.930176,13.549805,14.831543,5.920410
6320,-0.276367,-0.449707,-0.880859,30.761719,13.916016,-1.770020
6321,-0.261719,-0.524414,-0.755371,39.855957,6.896973,-8.972168
6322,-0.226562,-0.518066,-0.657715,25.695801,-3.967285,-15.747070
6323,-0.179199,-0.400391,-0.875977,10.498047,-38.269043,-14.587402
6324,-0.156738,-0.384277,-0.975586,28.381348,-50.292969,-9.704590
6325,-0.136230,-0.381836,-0.989258,39.123535,-56.640625,-4.882812
6326,-0.265625,-0.491699,-0.810547,11.413574,-65.917969,-12.695312
6327,-0.262695,-0.497559,-0.848633,-15.441895,-60.546875,-18.493652
6328,-0.347656,-0.463867,-0.818848,-28.259277,-41.259766,-12.023926
6329,-0.395020,-0.506836,-0.786621,-22.399902,-34.912109,-10.559082
6330,-0.372070,-0.500000,-0.842285,-13.977051,-31.494141,-12.573242
6331,-0.211426,-0.362305,-0.972656,-0.915527,-23.010254,-17.211914
6332,-0.184570,-0.360352,-1.021973,-6.103516,-11.413574,-14.465332
6333,-0.207520,-0.437988,-1.059082,-16.418457,6.164551,-12.695312
6334,-0.208008,-0.466309,-1.183105,-21.789551,37.414551,-20.263672
6335,-0.222168,-0.423340,-1.067871,-10.192871,98.327637,-29.235840
6336,-0.237793,-0.396973,-1.000977,-9.826660,121.643066,-32.653809
6337,-0.242676,-0.376953,-0.937012,-13.793945,140.014648,-34.851074
6338,-0.258789,-0.434082,-0.807129,-22.705078,156.921387,-46.569824
6339,-0.260742,-0.483398,-0.779297,-27.282715,153.991699,-57.678223
6340,-0.261719,-0.545898,-0.752930,-27.465820,144.287109,-67.077637
6341,-0.286133,-0.640137,-0.713379,-9.155273,97.290039,-84.411621
6342,-0.241211,-0.597168,-0.615234,0.427246,59.509277,-95.642090
6343,-0.001465,-0.325684,-0.546387,-12.084961,-17.578125,-91.247559
6344,0.091309,-0.242188,-0.578125,-26.916504,-46.997070,-71.533203
6345,0.107910,-0.179199,-0.642578,-48.034668,-66.650391,-42.785645
6346,-0.089844,-0.223633,-0.780762,-95.947266,-83.435059,12.268066
6347,-0.174316,-0.264160,-0.813965,-120.361328,-86.853027,20.874023
6348,-0.199219,-0.317383,-0.886719,-135.620117,-87.036133,21.118164
6349,-0.169434,-0.523926,-1.095703,-113.525391,-81.298828,6.896973
6350,-0.174316,-0.575195,-1.022461,-83.679199,-73.486328,-1.281738
6351,-0.213379,-0.565918,-0.845703,-79.589844,-70.251465,-23.193359
6352,-0.020020,-0.410645,-0.977051,-46.142578,-60.729980,-40.405273
6353,-0.003906,-0.364258,-0.988281,-37.292480,-49.438477,-34.606934
6354,-0.047363,-0.367188,-0.981934,-35.339355,-37.231445,-31.127930
6355,-0.118164,-0.331055,-0.834961,-55.786133,-27.343750,-41.076660
6356,-0.100586,-0.188477,-0.687500,-74.645996,-31.921387,-39.855957
6357,-0.034180,-0.184570,-1.116699,-72.265625,-36.560059,-28.747559
6358,-0.098145,-0.160645,-1.193359,-17.456055,0.366211,-0.793457
6359,-0.155762,-0.077637,-1.093262,-14.648438,20.385742,10.925293
6360,-0.219727,-0.077148,-1.089355,-12.207031,38.513184,20.629883
6361,-0.304199,-0.101562,-0.919922,-26.550293,47.485352,25.390625
6362,-0.261719,-0.194336,-0.939941,-48.828125,42.907715,26.672363
6363,-0.212402,-0.196777,-0.927246,-52.001953,36.254883,23.376465
6364,-0.082520,-0.088379,-0.911133,-51.391602,27.282715,24.047852
6365,-0.007324,-0.024414,-0.799316,-80.993652,6.896973,46.936035
6366,-0.054688,-0.053711,-0.798828,-89.355469,-3.295898,57.678223
6367,-0.122070,-0.096680,-0.807129,-85.449219,-19.348145,65.185547
6368,-0.207520,-0.153320,-0.835938,-74.523926,-41.198730,64.147949
6369,-0.293945,-0.192871,-0.920410,-68.054199,-84.655762,39.001465
6370,-0.288086,-0.155273,-0.963867,-64.941406,-97.351074,23.559570
6371,-0.257812,-0.119141,-0.990234,-61.340332,-102.478027,11.474609
6372,-0.186035,-0.000488,-1.018066,-63.293457,-93.139648,3.784180
6373,-0.191406,0.037109,-1.171387,-62.622070,-75.988770,6.530762
6374,-0.218262,0.062988,-1.256348,-54.565430,-45.166016,11.718750
6375,-0.298340,0.046875,-1.350586,-38.269043,29.235840,25.756836
6376,-0.330078,-0.015625,-1.311523,-31.005859,77.880859,26.489258
6377,-0.328125,0.030273,-1.113281,-34.729004,119.873047,24.719238
6378,-0.281250,0.109863,-0.924316,-47.302246,145.202637,24.597168
6379,-0.189941,0.082520,-0.910156,-66.650391,155.700684,35.400391
6380,-0.184082,0.008301,-0.995117,-62.988281,152.160645,38.452148
6381,-0.232910,-0.109863,-0.956055,-56.213379,145.812988,36.987305
6382,-0.066406,0.039551,-0.964355,-52.734375,134.399414,18.798828
6383,0.033203,0.121582,-0.887695,-46.020508,119.873047,26.123047
6384,0.002441,0.114258,-0.793457,-41.503906,88.012695,37.170410
6385,-0.110352,0.040527,-0.994629,-6.530762,14.587402,37.963867
6386,-0.095215,0.014160,-0.913574,0.488281,-15.686035,25.451660
6387,-0.042969,0.034668,-0.854004,-18.310547,-28.442383,14.831543
6388,-0.060059,-0.079102,-0.758789,-72.509766,-55.603027,7.263184
6389,0.002441,0.049805,-0.883301,-88.989258,-63.537598,2.868652
6390,-0.015137,0.068848,-0.841797,-96.557617,-68.237305,0.549316
6391,-0.075195,-0.087402,-0.712891,-121.032715,-76.416016,-9.460449
6392,-0.041992,0.245605,-0.949707,-141.357422,-103.881836,-32.836914
6393,-0.068359,0.363281,-1.072754,-130.004883,-113.708496,-34.423828
6394,-0.101074,0.346191,-1.154297,-122.253418,-111.145020,-37.841797
6395,-0.110840,0.299316,-1.198242,-103.454590,-71.899414,-35.644531
6396,-0.126953,0.427734,-1.093750,-85.388184,-48.889160,-35.522461
6397,-0.119141,0.451660,-0.945312,-71.960449,-35.949707,-34.545898
6398,-0.147461,0.387207,-1.199219,-32.958984,-45.043945,-20.812988
6399,-0.141602,0.432617,-1.145508,-14.709473,-25.817871,-17.395020
6400,-0.173828,0.402344,-1.040527,-16.113281,-7.629395,-12.023926
6401,-0.246582,0.354492,-0.975098,-24.902344,5.065918,-12.451172
6402,-0.239746,0.383789,-0.949219,-28.503418,23.437500,-19.836426
6403,-0.192383,0.375488,-0.893066,-20.935059,28.381348,-21.362305
6404,-0.146484,0.458496,-0.791016,-21.545410,17.456055,-22.521973
6405,-0.102051,0.472168,-0.844238,-29.418945,9.765625,-18.981934
6406,-0.117188,0.454102,-0.874512,-33.081055,4.028320,-13.793945
6407,-0.156250,0.442871,-0.878906,-35.339355,0.854492,-9.704590
6408,-0.239746,0.381348,-0.973145,-43.884277,13.244629,-9.887695
6409,-0.256348,0.403809,-0.975098,-51.757812,23.010254,-13.366699
6410,-0.240234,0.409668,-0.929688,-60.729980,30.212402,-16.418457
6411,-0.225586,0.350098,-0.839355,-71.594238,35.949707,-26.428223
6412,-0.204102,0.354492,-0.842285,-69.946289,35.095215,-30.761719
6413,-0.182129,0.392090,-0.841797,-63.476562,33.813477,-34.240723
6414,-0.181152,0.445312,-0.903320,-43.151855,32.470703,-33.508301
6415,-0.145996,0.502441,-0.875000,-31.677246,31.250000,-27.404785
6416,-0.142578,0.515137,-0.822266,-27.893066,26.672363,-17.639160
6417,-0.140137,0.494629,-0.806641,-28.503418,20.324707,-10.253906
6418,-0.168945,0.449707,-0.856445,-46.691895,19.775391,-10.437012
6419,-0.179199,0.481445,-0.870117,-59.020996,27.526855,-19.042969
6420,-0.185547,0.523438,-0.812012,-89.050293,41.381836,-30.090332
6421,-0.125488,0.637695,-0.742676,-122.985840,53.466797,-24.414062
6422,-0.117676,0.635742,-0.546387,-164.916992,53.588867,-7.690430
6423,-0.082520,0.727539,-0.705566,-190.551758,37.109375,13.671875
6424,-0.136230,0.524414,-0.513184,-169.677734,-32.714844,52.062988
6425,-0.265137,0.486816,-0.644531,-139.648438,-74.707031,49.865723
6426,-0.222168,0.499023,-0.853516,-98.449707,-99.182129,-1.281738
6427,-0.151855,0.687012,-0.797363,-96.130371,-87.341309,-14.343262
6428,-0.182617,0.612305,-0.638184,-105.102539,-75.988770,-20.263672
6429,-0.195312,0.664551,-0.804688,-110.961914,-64.819336,-41.320801
6430,-0.164551,0.620605,-0.659180,-133.056641,-49.682617,-51.513672
6431,-0.214355,0.646973,-0.562012,-170.349121,-36.437988,-68.603516
6432,-0.236816,0.682129,-0.546387,-193.359375,-38.085938,-83.801270
6433,-0.233398,0.745605,-0.606445,-183.410645,-36.682129,-100.219727
6434,-0.233398,0.756836,-0.488281,-167.236328,-29.296875,-95.397949
6435,-0.257324,0.819336,-0.379883,-153.564453,-31.005859,-89.172363
6436,-0.338867,0.842285,-0.277832,-139.648438,-58.898926,-75.866699
6437,-0.418945,0.852051,-0.282227,-135.925293,-76.477051,-71.289062
6438,-0.437988,0.879883,-0.303223,-135.498047,-91.308594,-68.237305
6439,-0.416504,0.869141,-0.426270,-128.845215,-82.641602,-60.241699
6440,-0.372559,0.968750,-0.553711,-129.699707,-57.922363,-52.978516
6441,-0.365234,1.044434,-0.644531,-113.342285,-23.132324,-38.391113
6442,-0.389160,1.065918,-0.616211,-84.106445,11.230469,-24.230957
6443,-0.428711,0.930664,-0.154297,-37.475586,37.231445,-8.300781
6444,-0.430664,0.928223,-0.177246,-25.878906,29.846191,-3.356934
6445,-0.424805,0.939453,-0.152344,-17.089844,18.249512,4.638672
6446,-0.428711,0.924316,-0.186523,-15.380859,6.591797,11.230469
6447,-0.454590,0.878906,-0.285156,-27.648926,7.019043,18.066406
6448,-0.474609,0.842773,-0.258301,-36.132812,13.366699,15.319824
6449,-0.422363,0.852539,-0.232910,-45.959473,24.475098,5.493164
6450,-0.329102,0.887695,-0.251953,-55.603027,31.494141,7.202148
6451,-0.375977,0.883301,-0.242676,-67.993164,41.259766,14.526367
6452,-0.431641,0.887207,-0.191895,-62.377930,38.696289,1.770020
6453,-0.428223,0.914062,-0.159668,-54.016113,32.592773,-1.953125
6454,-0.442871,0.954102,-0.099609,-47.790527,19.775391,-2.014160
6455,-0.403809,0.981934,-0.075195,-50.659180,2.380371,3.967285
6456,-0.323242,0.970703,-0.037598,-59.082031,-32.836914,27.465820
6457,-0.414551,0.970703,-0.217773,-76.232910,-41.503906,45.532227
6458,-0.469238,0.852051,-0.254395,-81.176758,-40.832520,34.240723
6459,-0.292480,0.865234,-0.275391,-83.618164,-8.483887,18.066406
6460,-0.220215,0.884277,-0.161133,-102.722168,10.620117,23.254395
6461,-0.281250,0.993164,-0.078125,-116.394043,20.812988,20.751953
6462,-0.341309,0.928711,-0.112793,-122.863770,32.958984,23.498535
6463,-0.426270,0.857910,-0.030273,-105.529785,38.696289,11.596680
6464,-0.437012,0.870605,0.020508,-83.190918,29.785156,2.258301
6465,-0.348145,0.938965,0.103027,-63.049316,15.014648,-3.356934
6466,-0.319336,0.957031,0.218262,-58.837891,-21.179199,11.474609
6467,-0.269531,0.976074,0.186035,-60.180664,-44.921875,18.127441
6468,-0.281250,0.994141,0.087402,-70.190430,-56.823730,36.682129
6469,-0.375977,0.998535,0.078613,-73.425293,-63.110352,41.320801
6470,-0.382812,0.995117,0.088379,-73.791504,-68.481445,36.499023
6471,-0.281250,0.975586,0.146973,-81.420898,-78.369141,44.372559
6472,-0.262695,0.977051,0.152344,-91.308594,-79.589844,54.687500
6473,-0.286133,0.858398,0.081543,-106.323242,-72.265625,62.744141
6474,-0.296387,0.861816,0.086914,-103.210449,-56.762695,57.189941
6475,-0.309570,0.910645,0.119141,-103.210449,-39.550781,50.476074
6476,-0.302246,0.998535,0.183105,-102.294922,-4.272461,42.602539
6477,-0.278809,0.970215,0.204590,-94.848633,10.681152,41.503906
6478,-0.247070,0.883301,0.270996,-83.190918,21.423340,38.146973
6479,-0.172852,0.803711,0.326172,-52.978516,22.766113,26.184082
6480,-0.185547,0.849609,0.349121,-38.146973,14.709473,25.146484
6481,-0.176270,0.967285,0.496094,-55.480957,-6.713867,31.311035
6482,-0.135254,1.051758,0.440430,-71.960449,-15.930176,45.898438
6483,-0.148926,1.012695,0.363770,-77.148438,-19.409180,61.645508
6484,-0.148438,0.909668,0.329102,-74.218750,-13.000488,69.091797
6485,-0.098633,0.845215,0.302734,-54.687500,12.145996,64.636230
6486,-0.108887,0.887207,0.312012,-33.935547,25.451660,60.607910
6487,-0.141602,0.908203,0.390137,-11.901855,31.250000,57.434082
6488,-0.190430,0.913086,0.386719,17.578125,19.836426,52.185059
6489,-0.200195,0.971680,0.540527,11.657715,5.920410,45.288086
6490,-0.161621,1.009766,0.470703,-13.061523,-6.774902,34.301758
6491,-0.101074,0.873535,0.378906,-28.076172,-7.873535,4.455566
6492,-0.028320,0.827637,0.379395,-29.052734,-3.356934,-9.399414
6493,-0.023438,0.849609,0.366699,-24.780273,0.305176,-13.122559
6494,-0.065430,0.856934,0.356934,-16.052246,2.319336,-15.136719
6495,-0.104492,0.911133,0.374512,-6.774902,5.676270,-16.967773
6496,-0.108887,0.971191,0.405273,-12.451172,5.371094,-15.563965
6497,-0.117676,0.932617,0.346191,-33.752441,13.305664,-12.207031
6498,-0.126465,0.902344,0.370605,-38.574219,18.615723,-13.793945
6499,-0.118164,0.912109,0.394531,-48.095703,23.010254,-13.977051
6500,-0.128418,0.904297,0.370117,-56.457520,27.587891,-11.596680
6501,-0.146484,0.893066,0.395020,-62.377930,30.578613,-8.422852
6502,-0.177734,0.903809,0.424805,-79.223633,30.273438,-3.417969
6503,-0.158691,0.907715,0.484863,-84.045410,27.221680,-0.976562
6504,-0.150391,0.893555,0.550781,-89.904785,19.409180,1.892090
6505,-0.106934,0.897949,0.583496,-108.764648,-0.366211,13.610840
6506,-0.114258,0.871582,0.546387,-106.445312,-2.563477,24.353027
6507,-0.113770,0.806152,0.541016,-97.961426,-1.525879,33.142090
6508,-0.142578,0.707520,0.502441,-54.016113,8.789062,31.738281
6509,-0.164062,0.712402,0.531738,-26.550293,11.779785,24.108887
6510,-0.202637,0.733887,0.587891,-2.380371,8.361816,15.441895
6511,-0.212402,0.807129,0.700195,5.493164,-2.868652,6.286621
6512,-0.166992,0.916504,0.684082,-15.136719,-30.029297,7.446289
6513,-0.142578,0.879883,0.619629,-21.240234,-39.916992,14.160156
6514,-0.075195,0.770020,0.535156,-7.873535,-43.090820,18.981934
6515,-0.063477,0.763672,0.518066,-8.911133,-37.780762,13.854980
6516,-0.046387,0.782715,0.561523,-18.249512,-28.015137,8.911133
6517,-0.062500,0.828613,0.612793,-39.916992,-21.789551,4.333496
6518,-0.065430,0.854004,0.611328,-79.833984,-23.620605,1.281738
6519,-0.059570,0.818359,0.551758,-85.876465,-18.676758,1.953125
6520,-0.038574,0.741699,0.514160,-65.185547,1.525879,-2.136230
6521,-0.007324,0.752441,0.480469,-49.255371,11.901855,-0.915527
6522,0.009766,0.768555,0.500488,-38.757324,26.062012,1.831055
6523,0.014160,0.775879,0.628418,-66.589355,52.490234,2.319336
6524,-0.047363,0.728027,0.656738,-114.318848,79.528809,-2.563477
6525,-0.177734,0.582031,0.896973,-164.428711,91.796875,-26.000977
6526,-0.175293,0.654297,1.053711,-179.687500,71.655273,-35.400391
6527,-0.144531,0.723145,1.050781,-171.203613,37.780762,-29.541016
6528,-0.151855,0.578613,1.231934,-119.689941,-36.010742,-23.864746
6529,-0.196777,0.417969,1.183105,-113.769531,-69.763184,-40.283203
6530,-0.147461,0.359375,0.963867,-95.153809,-96.618652,-55.480957
6531,-0.086426,0.583984,0.583984,-21.911621,-100.708008,-44.372559
6532,-0.144043,0.638184,0.592773,-12.268066,-74.890137,-26.855469
6533,-0.165527,0.642578,0.570801,-18.554688,-41.870117,-17.761230
6534,-0.127930,0.612305,0.642578,-29.296875,17.028809,-2.868652
6535,-0.102051,0.551270,0.683105,-31.860352,38.818359,4.882812
6536,-0.081543,0.533691,0.745605,-22.705078,58.227539,9.033203
6537,-0.147461,0.502930,1.013672,-14.404297,49.133301,5.798340
6538,-0.201172,0.498535,1.025879,-18.798828,20.690918,0.183105
6539,-0.237305,0.487305,0.936035,-19.409180,-8.178711,-4.699707
6540,-0.248535,0.476562,0.835938,-10.070801,-26.733398,-9.460449
6541,-0.197754,0.508789,0.912598,-4.699707,-44.433594,-14.099121
6542,-0.146484,0.496582,0.967773,-10.986328,-52.856445,-13.610840
6543,-0.086914,0.503418,1.007812,-18.615723,-66.467285,-7.263184
6544,-0.066895,0.513184,0.965820,-27.160645,-94.238281,3.906250
6545,-0.069336,0.504395,0.886719,-28.808594,-102.783203,6.774902
6546,-0.139648,0.368652,0.797363,-34.606934,-79.101562,0.244141
6547,-0.158691,0.365234,0.842773,-45.959473,-56.823730,-8.605957
6548,-0.158691,0.418945,0.789551,-57.556152,-32.165527,-15.075684
6549,-0.132812,0.454590,0.708008,-58.837891,-7.690430,-17.700195
6550,0.009766,0.546387,0.702148,-49.316406,39.672852,-10.620117
6551,0.051758,0.530273,0.719727,-45.898438,62.255859,-1.831055
6552,0.048828,0.375000,0.842285,-52.612305,95.947266,8.972168
6553,0.000977,0.316406,0.884277,-65.551758,102.233887,6.469727
6554,-0.066406,0.291504,0.912598,-79.772949,100.646973,-0.793457
6555,-0.188477,0.322754,0.993652,-102.233887,73.852539,-20.507812
6556,-0.180176,0.467773,1.003906,-110.778809,53.833008,-21.545410
6557,-0.192383,0.511719,0.980469,-98.266602,31.494141,-13.061523
6558,-0.223633,0.467773,1.026855,-66.528320,-11.169434,2.197266
6559,-0.230469,0.404297,0.989258,-52.001953,-27.770996,2.258301
6560,-0.206543,0.376953,0.936035,-40.283203,-36.071777,-0.122070
6561,-0.175293,0.330078,0.865723,-32.226562,-26.489258,-6.286621
6562,-0.164551,0.332520,0.809082,-39.062500,-13.244629,-9.094238
6563,-0.159668,0.289551,0.718750,-50.903320,6.042480,-9.948730
6564,-0.106934,0.272949,0.720703,-87.341309,50.292969,-3.784180
6565,-0.083496,0.330078,0.812500,-92.834473,65.856934,1.464844
6566,-0.103027,0.358398,1.016113,-83.862305,64.819336,4.638672
6567,-0.189941,0.279297,1.030273,-57.128906,48.706055,-3.112793
6568,-0.208984,0.228516,1.018066,-46.203613,41.625977,-11.352539
6569,-0.232422,0.175781,1.006348,-41.259766,36.132812,-21.667480
6570,-0.283203,0.104004,0.770996,-64.025879,40.954590,-42.724609
6571,-0.278809,0.075195,0.687500,-77.941895,60.668945,-46.325684
6572,-0.310059,0.018066,0.712402,-92.224121,86.425781,-48.156738
6573,-0.295410,0.032227,0.844727,-120.849609,113.891602,-51.391602
6574,-0.197266,0.059570,0.578613,-194.396973,182.983398,-43.395996
6575,-0.260254,0.074219,0.598633,-206.298828,232.910156,-41.076660
6576,-0.406250,0.231934,0.723145,-247.497559,328.918457,-29.602051
6577,-0.430176,0.280762,0.566406,-277.465820,373.046875,-12.756348
6578,-0.889160,-0.515137,1.781738,-215.454102,346.679688,-4.516602
6579,-0.826660,-0.263672,1.818848,-156.066895,238.769531,-16.906738
6580,-0.713867,-0.163574,1.362305,-54.992676,13.732910,-9.155273
6581,-0.772461,-0.420898,0.925781,-19.287109,-59.448242,-6.347656
6582,-0.751465,-0.517578,0.654785,-2.380371,-74.890137,-20.568848
6583,-0.658691,-0.453125,0.624512,12.390137,-34.790039,-76.110840
6584,-0.580078,-0.323730,0.785645,17.395020,-25.817871,-92.224121
6585,-0.515625,-0.222168,0.880859,22.277832,-33.264160,-91.430664
6586,-0.507812,-0.182617,0.855957,9.887695,-56.213379,-76.232910
6587,-0.544922,-0.183594,0.823242,2.685547,-56.152344,-70.190430
6588,-0.530762,-0.132812,0.824707,-6.408691,-49.621582,-64.147949
6589,-0.458008,-0.051270,0.839844,-17.395020,-40.527344,-51.696777
6590,-0.437012,-0.059570,0.781738,-35.766602,-7.385254,-14.404297
6591,-0.477051,-0.101074,0.809570,-44.128418,12.939453,2.014160
6592,-0.545410,-0.285156,0.685547,-34.790039,38.696289,17.944336
6593,-0.603027,-0.437988,0.790039,-19.348145,42.480469,17.150879
6594,-0.594238,-0.521973,0.856934,-10.803223,39.062500,10.314941
6595,-0.500000,-0.403320,0.996094,-7.507324,-2.258301,1.831055
6596,-0.486816,-0.312012,1.107910,-19.042969,-46.325684,3.112793
6597,-0.489258,-0.239258,1.165527,-41.748047,-107.727051,7.324219
6598,-0.525879,-0.248535,1.164062,-66.772461,-177.001953,8.605957
6599,-0.624512,-0.224121,1.119141,-120.361328,-315.734863,-4.455566
6600,-0.424316,-0.280762,0.235840,-115.905762,-345.764160,-7.934570
6601,-0.442871,-0.406738,0.959961,-75.927734,-258.361816,-7.019043
6602,-0.214355,-0.319824,0.478516,-46.264648,-125.244141,9.643555
6603,-0.263672,-0.246582,0.588379,-39.855957,-44.616699,18.798828
6604,-0.252930,-0.261230,0.644043,-30.761719,9.826660,22.216797
6605,-0.275391,-0.408203,0.966797,-20.568848,37.109375,20.568848
6606,-0.261230,-0.325684,1.081055,-16.357422,15.930176,20.751953
6607,-0.198730,-0.387207,0.929688,-16.357422,-25.024414,31.311035
6608,-0.207520,-0.386230,0.853516,-21.301270,-29.296875,35.888672
6609,-0.234863,-0.377930,0.893555,-30.761719,-33.935547,42.358398
6610,-0.250977,-0.384766,0.943848,-44.433594,-61.645508,56.640625
6611,-0.313965,-0.484863,1.051758,-55.175781,-76.538086,56.091309
6612,-0.310547,-0.514648,1.023438,-68.908691,-88.256836,42.907715
6613,-0.281250,-0.504395,0.874512,-73.791504,-97.595215,23.315430
6614,-0.196289,-0.458008,0.561523,-34.667969,-82.702637,-14.404297
6615,-0.147461,-0.414062,0.565430,-6.530762,-48.706055,-18.310547
6616,-0.137695,-0.350586,0.696289,5.065918,-2.624512,-8.300781
6617,-0.145020,-0.303711,1.037598,1.708984,28.503418,15.441895
6618,-0.109863,-0.287598,1.014160,-3.356934,17.150879,29.846191
6619,-0.132812,-0.305664,0.969238,-11.352539,8.361816,43.579102
6620,-0.144043,-0.397949,1.122070,-31.005859,2.258301,56.457520
6621,-0.210938,-0.519531,0.979492,-87.158203,-13.916016,74.157715
6622,-0.268066,-0.577637,1.083496,-100.524902,-31.616211,76.904297
6623,-0.381348,-0.781250,1.222656,-169.128418,-96.618652,52.001953
6624,-0.462891,-0.682617,1.138672,-213.439941,-132.019043,26.611328
6625,-0.564453,-0.596191,0.665039,-200.744629,-159.301758,-9.765625
6626,-0.362793,-0.444824,0.125977,-30.822754,-132.019043,-82.458496
6627,-0.028809,-0.285645,0.642578,-9.887695,-77.148438,-70.861816
6628,0.132324,-0.252930,0.542480,-9.704590,-14.587402,-22.155762
6629,0.065430,-0.463379,0.930176,2.075195,13.000488,21.911621
6630,-0.103027,-0.572266,0.831543,-2.502441,-27.038574,45.898438
6631,-0.156250,-0.651855,0.728027,-4.699707,-30.883789,53.222656
6632,-0.188965,-0.741211,0.652832,-4.943848,-22.277832,52.062988
6633,-0.198242,-0.768066,0.676270,0.732422,-12.207031,42.236328
6634,-0.218262,-0.720703,0.796875,8.728027,-9.643555,17.150879
6635,-0.239258,-0.708984,0.813965,9.582520,-11.657715,3.356934
6636,-0.252441,-0.689941,0.812012,5.249023,-12.145996,-12.084961
6637,-0.181152,-0.581543,0.846191,-2.319336,-13.183594,-33.020020
6638,-0.105957,-0.517090,0.863770,-4.760742,-15.014648,-33.020020
6639,-0.036621,-0.463867,0.865723,-6.958008,-18.432617,-21.423340
6640,-0.076660,-0.578125,0.987793,-25.024414,-9.704590,-1.770020
6641,-0.064453,-0.727051,1.417969,-98.876953,-6.835938,-1.342773
6642,-0.118164,-0.662109,1.191406,-168.457031,-11.657715,-10.253906
6643,-0.089844,-0.434082,0.523926,-172.424316,-18.493652,-10.742188
6644,-0.067871,-0.464355,0.525391,-127.746582,-21.484375,7.080078
6645,-0.086914,-0.609375,0.589355,-86.914062,-25.573730,20.812988
6646,-0.131836,-0.782227,0.501953,-39.611816,-24.963379,5.493164
6647,-0.109375,-0.803223,0.491699,-7.751465,-22.094727,-6.469727
6648,-0.103027,-0.858398,0.541016,26.062012,-17.883301,-16.601562
6649,0.007812,-0.770508,0.634277,36.132812,-6.958008,-35.156250
6650,0.059570,-0.712402,0.634766,39.672852,-1.708984,-32.165527
6651,0.073730,-0.706543,0.645020,40.283203,4.638672,-26.000977
6652,0.022461,-0.668945,0.733887,27.465820,13.244629,-15.197754
6653,0.001465,-0.630859,0.795898,18.127441,11.047363,-7.446289
6654,0.050781,-0.518066,0.939941,-8.483887,-21.728516,26.977539
6655,0.115234,-0.747559,1.356445,-96.191406,-29.907227,42.358398
6656,0.046387,-0.732422,0.805664,-153.015137,-24.841309,44.555664
6657,-0.016602,-0.775879,0.463867,-153.198242,-10.925293,42.114258
6658,-0.192383,-0.933594,0.357910,-117.065430,14.099121,12.512207
6659,-0.180176,-0.914062,0.385254,-94.299316,27.648926,-9.399414
6660,-0.137207,-0.829102,0.524902,-83.190918,39.733887,-23.071289
6661,-0.076660,-0.693359,0.804199,-92.285156,27.893066,-19.042969
6662,-0.026367,-0.667480,0.781250,-95.275879,8.117676,-7.812500
6663,0.031738,-0.648926,0.683594,-91.979980,-7.751465,6.835938
6664,0.023926,-0.712402,0.531738,-69.030762,-23.254395,38.146973
6665,-0.027832,-0.824707,0.435059,-56.701660,-29.907227,43.457031
6666,-0.058105,-0.880371,0.357910,-41.503906,-28.198242,41.748047
6667,-0.063965,-0.899902,0.350098,-27.648926,-20.935059,38.696289
6668,-0.094238,-0.898926,0.424316,-4.394531,-5.798340,30.395508
6669,-0.104980,-0.841797,0.508301,-2.929688,1.770020,28.503418
6670,-0.165039,-0.843750,0.621094,-17.089844,-0.976562,22.521973
6671,-0.134277,-0.835938,0.610840,-24.108887,-4.760742,22.338867
6672,-0.104980,-0.855469,0.574707,-34.118652,-4.638672,21.911621
6673,-0.083008,-0.867676,0.578613,-41.625977,-2.563477,20.996094
6674,-0.098633,-0.902832,0.595703,-61.645508,-10.009766,22.399902
6675,-0.149414,-0.908203,0.579102,-69.702148,-18.432617,22.521973
6676,-0.176758,-0.911621,0.520996,-74.829102,-23.071289,22.949219
6677,-0.179688,-0.897461,0.410645,-84.655762,-16.845703,20.019531
6678,-0.160645,-0.871582,0.358887,-78.552246,-10.620117,16.174316
6679,-0.129883,-0.862305,0.317871,-71.411133,-1.403809,12.878418
6680,-0.093750,-0.832031,0.361816,-54.382324,22.460938,7.568359
6681,-0.104980,-0.804688,0.472168,-48.217773,17.822266,13.793945
6682,-0.133301,-0.835938,0.501953,-49.926758,4.882812,18.798828
6683,-0.131348,-0.846191,0.474121,-43.762207,-30.822754,29.663086
6684,-0.160156,-0.874023,0.376953,-43.579102,-38.269043,34.423828
6685,-0.177734,-0.939941,0.312988,-39.062500,-34.667969,35.705566
6686,-0.186523,-1.017578,0.236328,-37.719727,-12.145996,17.700195
6687,-0.138184,-0.994141,0.240723,-25.207520,-10.986328,13.732910
6688,-0.139160,-0.956543,0.248047,-22.094727,-6.164551,13.427734
6689,-0.185547,-0.912598,0.232422,-13.000488,-1.892090,17.333984
6690,-0.222656,-0.932617,0.249512,-11.779785,6.286621,15.930176
6691,-0.267578,-0.956543,0.256836,-10.925293,14.953613,8.911133
6692,-0.265137,-0.949707,0.272949,-8.544922,23.132324,-1.770020
6693,-0.216797,-0.940918,0.397461,-14.038086,34.545898,-17.822266
6694,-0.151367,-0.891602,0.435059,-16.174316,22.827148,-16.052246
6695,-0.149902,-0.895020,0.359375,-8.239746,-4.516602,0.732422
6696,-0.161621,-0.959961,0.315918,-8.850098,-15.441895,6.652832
6697,-0.155273,-0.958984,0.250488,-7.263184,-20.751953,9.826660
6698,-0.147461,-0.950195,0.244629,-5.676270,-20.812988,12.512207
6699,-0.190430,-0.970703,0.346191,-14.526367,-18.798828,12.878418
6700,-0.215820,-0.979004,0.418945,-31.250000,-18.554688,10.009766
6701,-0.284668,-1.016602,0.370605,-74.035645,-23.742676,-2.624512
6702,-0.284180,-1.015137,0.263672,-88.500977,-20.202637,-14.038086
6703,-0.244141,-0.983887,0.176270,-95.092773,-9.216309,-24.291992
6704,-0.148926,-0.924805,0.123047,-83.435059,9.704590,-26.977539
6705,-0.106934,-0.909180,0.125977,-73.242188,16.662598,-22.094727
6706,-0.100586,-0.907715,0.163086,-68.542480,23.071289,-15.991211
6707,-0.154297,-0.897949,0.244141,-85.510254,34.301758,-4.150391
6708,-0.179199,-0.896484,0.285156,-102.966309,34.973145,0.488281
6709,-0.184082,-0.900879,0.264160,-117.065430,30.090332,3.234863
6710,-0.182129,-0.930664,0.115723,-133.789062,24.536133,9.582520
6711,-0.210449,-1.023926,0.009277,-134.887695,34.667969,9.643555
6712,-0.216797,-1.025391,-0.095215,-128.967285,52.246094,6.835938
6713,-0.253418,-0.985840,-0.094238,-121.643066,77.514648,11.352539
6714,-0.246582,-1.015625,-0.118164,-108.642578,80.444336,5.126953
6715,-0.227051,-1.007812,-0.086426,-87.097168,78.552246,-3.479004
6716,-0.215332,-0.975098,0.100098,-54.870605,57.678223,-12.451172
6717,-0.220215,-0.991699,0.125000,-54.138184,41.931152,-14.892578
6718,-0.223633,-1.026855,0.098145,-57.434082,25.817871,-19.897461
6719,-0.133301,-0.996094,-0.068848,-51.391602,6.225586,-32.043457
6720,-0.073242,-0.938965,-0.117676,-39.672852,3.356934,-28.991699
6721,-0.028320,-0.907227,-0.146484,-26.794434,3.356934,-20.690918
6722,-0.010254,-0.904785,-0.194336,-16.296387,9.460449,-10.192871
6723,-0.038574,-0.909180,-0.182129,-14.038086,20.202637,-0.610352
6724,-0.125977,-0.940918,-0.109863,-31.433105,32.714844,8.789062
6725,-0.146484,-0.965332,-0.116699,-39.916992,32.897949,9.033203
6726,-0.175781,-1.012207,-0.172852,-41.748047,31.860352,0.244141
6727,-0.186523,-1.033691,-0.178711,-36.315918,31.433105,-7.629395
6728,-0.189941,-1.064453,-0.149414,-29.357910,28.991699,-17.395020
6729,-0.131836,-1.077148,-0.089355,-7.690430,8.483887,-38.940430
6730,-0.060547,-0.985840,-0.057617,5.432129,-9.277344,-40.161133
6731,-0.005859,-0.883789,-0.038574,7.690430,-29.846191,-30.761719
6732,0.013184,-0.861328,-0.097168,1.525879,-45.166016,-16.296387
6733,-0.036621,-0.916504,-0.220215,-11.962891,-39.489746,5.737305
6734,-0.088379,-0.955078,-0.232910,-17.395020,-26.184082,8.911133
6735,-0.122559,-0.979980,-0.234863,-22.033691,-12.756348,8.544922
6736,-0.187500,-0.982910,-0.240234,-23.376465,3.906250,1.953125
6737,-0.216797,-0.950684,-0.217285,-24.414062,3.356934,-3.845215
6738,-0.222168,-0.919434,-0.178223,-29.907227,-2.075195,-9.033203
6739,-0.150391,-0.922852,-0.399414,-12.756348,-11.718750,0.000000
6740,-0.134766,-0.963867,-0.507812,22.644043,-1.647949,7.812500
6741,-0.151367,-1.001953,-0.532227,63.293457,16.296387,10.498047
6742,-0.195312,-1.040039,-0.403320,99.609375,67.382812,-9.338379
6743,-0.195312,-1.072266,-0.166992,87.402344,90.270996,-22.277832
6744,-0.197266,-1.070312,-0.004395,53.405762,100.036621,-31.799316
6745,-0.208496,-1.097656,0.035645,16.479492,100.036621,-42.297363
6746,-0.135742,-1.062500,-0.086426,-15.625000,84.350586,-65.490723
6747,-0.067871,-0.994141,-0.158203,-15.502930,77.392578,-70.922852
6748,0.050293,-0.892090,-0.090332,-13.732910,61.523438,-58.166504
6749,0.092285,-0.884277,-0.056641,-11.047363,45.043945,-43.884277
6750,0.104980,-0.917480,-0.062500,-3.845215,29.663086,-32.470703
6751,0.053711,-0.993164,-0.062012,1.831055,13.122559,-27.160645
6752,0.033691,-0.994629,-0.061523,-12.329102,13.610840,-28.564453
6753,0.027832,-0.963867,-0.056641,-33.569336,9.277344,-25.390625
6754,0.032227,-0.947754,-0.146973,-48.461914,4.272461,-20.385742
6755,0.108398,-0.979492,-0.250000,-32.226562,1.647949,-13.244629
6756,0.172852,-0.998535,-0.250977,-12.817383,-2.136230,-6.469727
6757,0.214355,-0.978027,-0.232910,2.014160,-6.286621,2.258301
6758,0.224121,-0.940430,-0.202148,8.666992,-7.934570,11.474609
6759,0.145020,-0.936035,-0.058594,11.779785,-13.122559,28.015137
6760,0.077148,-0.944824,0.025391,9.521484,-28.259277,30.883789
6761,0.014160,-0.957031,0.027832,3.112793,-46.508789,30.944824
6762,-0.003906,-0.965820,-0.058105,-1.525879,-59.082031,29.785156
6763,0.027832,-0.949707,-0.246094,-5.859375,-52.917480,27.526855
6764,0.055664,-0.951660,-0.317871,-14.160156,-35.949707,29.663086
6765,0.034180,-0.928223,-0.297363,-44.616699,4.394531,52.917480
6766,0.038086,-0.796387,-0.333008,-50.964355,15.014648,89.721680
6767,-0.005371,-0.932617,-0.414551,-12.390137,25.817871,114.318848
6768,-0.062988,-0.903320,-0.278320,40.466309,23.132324,126.281738
6769,-0.154785,-0.894043,-0.046875,89.233398,-8.056641,122.253418
6770,-0.177734,-0.946289,0.037598,89.904785,-24.658203,115.844727
6771,-0.260742,-1.195801,0.044922,43.090820,-25.695801,80.932617
6772,-0.291504,-1.118164,0.137695,-3.906250,-16.601562,55.297852
6773,-0.316895,-1.025879,0.121582,-55.297852,-16.906738,39.550781
6774,-0.330566,-0.910156,-0.016602,-127.197266,-29.052734,26.184082
6775,-0.333984,-0.915527,-0.103027,-154.907227,-41.381836,24.902344
6776,-0.312988,-0.956543,-0.259277,-173.828125,-43.334961,18.615723
6777,-0.269531,-0.956055,-0.411621,-178.527832,-34.973145,10.620117
6778,-0.241211,-0.953613,-0.677246,-105.834961,-4.760742,-1.831055
6779,-0.252930,-0.935059,-0.604980,-47.058105,8.422852,-6.896973
6780,-0.321289,-0.941895,-0.438477,0.671387,26.184082,-12.329102
6781,-0.355469,-0.959473,-0.438477,1.220703,43.884277,-18.066406
6782,-0.293945,-0.933594,-0.401855,-3.295898,80.383301,-20.690918
6783,-0.238281,-0.916504,-0.365723,-1.159668,91.186523,-19.653320
6784,-0.169922,-0.904785,-0.250488,-1.281738,92.773438,-23.620605
6785,-0.281250,-0.958496,-0.065430,-30.883789,58.715820,-78.369141
6786,-0.285645,-0.945312,-0.070801,-51.574707,38.940430,-98.205566
6787,-0.291016,-0.934570,-0.141113,-69.580078,16.601562,-114.929199
6788,-0.208496,-0.907715,-0.346680,-58.410645,-43.518066,-139.770508
6789,-0.166504,-0.868164,-0.389648,-40.466309,-64.453125,-143.554688
6790,-0.108887,-0.859375,-0.426758,-22.460938,-82.153320,-141.784668
6791,-0.006348,-0.888184,-0.503418,-1.464844,-99.182129,-123.168945
6792,0.058105,-0.946289,-0.535645,-2.807617,-84.777832,-110.046387
6793,0.114746,-1.001465,-0.554688,-9.521484,-53.466797,-91.613770
6794,0.215332,-0.910645,-0.539062,-16.052246,2.075195,-45.837402
6795,0.202148,-0.852539,-0.521973,-6.225586,10.681152,-21.789551
6796,0.178711,-0.858398,-0.453613,7.446289,9.704590,-8.605957
6797,0.166992,-0.850098,-0.351562,3.051758,-9.704590,11.352539
6798,0.120605,-0.778320,-0.244629,-11.230469,-22.338867,27.343750
6799,0.113281,-0.781250,-0.259766,-34.301758,-28.930664,37.414551
6800,0.082520,-0.768066,-0.318359,-52.612305,-36.682129,51.086426
6801,-0.004883,-0.808105,-0.342285,-65.795898,-41.442871,60.119629
6802,-0.039551,-0.774902,-0.355957,-113.830566,-38.574219,56.518555
6803,-0.067871,-0.732910,-0.433105,-140.014648,-32.714844,53.161621
6804,-0.166016,-0.969727,-0.970215,-107.421875,-27.770996,57.189941
6805,-0.148926,-0.939941,-0.883301,-13.183594,-28.198242,51.147461
6806,-0.083496,-0.793457,-0.602539,44.982910,-40.344238,54.931641
6807,-0.010254,-0.740234,-0.437500,57.128906,-28.259277,60.424805
6808,-0.048828,-0.762207,-0.461914,39.184570,-14.343262,67.016602
6809,-0.135742,-0.809570,-0.519531,27.954102,1.403809,72.753906
6810,-0.258789,-0.867188,-0.565918,28.503418,28.015137,73.242188
6811,-0.270020,-0.907715,-0.539551,37.231445,38.574219,67.626953
6812,-0.270996,-0.981445,-0.462891,39.916992,44.555664,56.701660
6813,-0.216309,-1.095215,-0.298340,4.272461,29.418945,29.357910
6814,-0.235352,-1.121582,-0.316406,-16.296387,20.935059,19.897461
6815,-0.242188,-1.060059,-0.299316,-26.672363,13.061523,12.512207
6816,-0.234375,-0.993652,-0.248535,-35.461426,-0.061035,7.202148
6817,-0.205566,-0.971680,-0.359863,-48.095703,-28.320312,-9.216309
6818,-0.213867,-0.954102,-0.448730,-54.016113,-29.907227,-20.690918
6819,-0.183594,-0.834473,-0.525879,-62.683105,-17.272949,-32.226562
6820,-0.160156,-0.805176,-0.535645,-60.668945,-11.169434,-31.372070
6821,-0.146484,-0.797363,-0.526855,-55.297852,-7.202148,-29.052734
6822,-0.145020,-0.894531,-0.492676,-57.067871,-6.835938,-26.977539
6823,-0.161621,-0.985840,-0.548828,-66.223145,-5.004883,-31.311035
6824,-0.141602,-0.971680,-0.533203,-78.308105,0.427246,-37.109375
6825,-0.020508,-0.759277,-0.357910,-103.332520,-6.103516,-25.695801
6826,0.018066,-0.714844,-0.323730,-119.140625,-17.883301,-14.831543
6827,0.018066,-0.730957,-0.376953,-138.244629,-26.306152,-6.713867
6828,-0.039062,-0.756348,-0.450195,-161.560059,-25.634766,-2.624512
6829,-0.227051,-0.822266,-0.657715,-221.191406,-4.821777,-9.277344
6830,-0.220215,-0.769531,-1.019531,-199.401855,-2.563477,-15.808105
6831,-0.095215,-0.439941,-0.807617,-161.437988,-20.751953,-5.920410
6832,-0.087891,-0.458008,-1.038574,-121.459961,-16.357422,6.164551
6833,-0.122070,-0.462891,-0.990723,-73.913574,-17.395020,8.056641
6834,-0.136719,-0.560059,-0.972168,-16.601562,-26.245117,17.395020
6835,-0.142090,-0.616211,-1.029785,0.427246,-23.132324,19.592285
6836,-0.138672,-0.673340,-1.086914,18.554688,-2.014160,12.145996
6837,-0.180176,-0.488281,-0.941406,20.385742,18.432617,13.916016
6838,-0.236816,-0.534668,-0.719727,16.601562,34.912109,26.245117
6839,-0.252930,-0.591797,-0.572754,11.230469,32.470703,23.681641
6840,-0.221680,-0.595703,-0.431641,-7.568359,20.385742,18.371582
6841,-0.234375,-0.739258,-0.542969,-49.316406,-21.850586,5.737305
6842,-0.194824,-0.684082,-0.702148,-63.781738,-42.724609,-2.197266
6843,-0.109863,-0.551758,-0.888184,-61.462402,-53.039551,-4.577637
6844,-0.078125,-0.472168,-0.998535,-49.194336,-50.720215,0.793457
6845,-0.181152,-0.488281,-1.021484,-8.300781,-17.761230,10.620117
6846,-0.250488,-0.515625,-0.889160,1.770020,3.540039,9.765625
6847,-0.227539,-0.656250,-0.728516,7.629395,18.310547,5.859375
6848,-0.170410,-0.599609,-0.524902,-39.978027,24.169922,15.319824
6849,-0.175293,-0.598633,-0.659668,-67.260742,21.545410,12.451172
6850,-0.169922,-0.519043,-0.824707,-65.307617,18.920898,7.019043
6851,-0.078125,-0.559082,-1.034668,-22.521973,12.512207,9.582520
6852,-0.076172,-0.520996,-0.923828,-7.324219,3.967285,14.831543
6853,-0.088867,-0.508301,-0.768066,-10.681152,-1.464844,21.850586
6854,-0.195312,-0.616699,-0.502441,-51.879883,-5.187988,24.108887
6855,-0.228516,-0.487305,-0.571289,-83.374023,-10.253906,21.057129
6856,-0.221680,-0.391113,-1.199219,-101.623535,16.418457,19.897461
6857,-0.184570,-0.361816,-1.380859,-73.242188,39.916992,22.888184
6858,-0.033203,-0.319824,-1.153809,-2.258301,72.387695,40.344238
6859,0.023438,-0.444336,-0.815430,16.418457,61.462402,53.649902
6860,-0.014160,-0.562988,-0.514648,1.586914,36.865234,57.495117
6861,-0.134766,-0.508789,-0.520996,-25.451660,10.864258,49.499512
6862,-0.343750,-0.435059,-0.796387,-11.169434,-30.761719,22.399902
6863,-0.326660,-0.401367,-0.899414,3.295898,-36.376953,13.732910
6864,-0.290527,-0.428711,-0.935547,5.004883,-27.099609,10.620117
6865,-0.273438,-0.470703,-0.783691,-27.282715,-4.638672,14.831543
6866,-0.306152,-0.427734,-0.850586,-46.447754,3.356934,15.258789
6867,-0.308594,-0.390137,-0.929688,-36.987305,4.821777,10.192871
6868,-0.207520,-0.373047,-0.990234,13.061523,-4.638672,5.981445
6869,-0.158203,-0.397949,-0.991699,27.038574,-11.596680,11.169434
6870,-0.253906,-0.466797,-0.859863,27.038574,-19.409180,11.779785
6871,-0.339355,-0.532715,-0.686035,15.808105,-32.104492,2.868652
6872,-0.250000,-0.433105,-0.800781,3.173828,-56.213379,-13.671875
6873,-0.189941,-0.395996,-0.881348,7.995605,-61.401367,-10.742188
6874,-0.127930,-0.390137,-0.977051,8.544922,-57.922363,17.700195
6875,-0.173340,-0.437500,-0.994141,3.356934,-42.602539,24.291992
6876,-0.245605,-0.445312,-0.855469,1.953125,-27.526855,24.108887
6877,-0.312500,-0.458984,-0.758301,-6.774902,-21.789551,18.310547
6878,-0.341309,-0.515625,-0.702637,-30.090332,-33.691406,-2.380371
6879,-0.294434,-0.492188,-0.712891,-35.888672,-46.203613,-12.390137
6880,-0.270508,-0.448242,-0.779785,-28.686523,-85.510254,-25.512695
6881,-0.317871,-0.351074,-0.895020,-9.826660,-102.111816,-31.860352
6882,-0.373535,-0.297363,-1.004395,-4.821777,-106.262207,-32.836914
6883,-0.400391,-0.289062,-1.226074,-5.249023,-91.125488,-29.052734
6884,-0.406250,-0.390625,-1.299316,-2.136230,-10.498047,-30.883789
6885,-0.361328,-0.374023,-1.125488,-1.342773,24.597168,-34.973145
6886,-0.303711,-0.337891,-0.886230,-0.305176,44.250488,-34.423828
6887,-0.317871,-0.377441,-0.447754,-41.564941,47.851562,-25.024414
6888,-0.374512,-0.426270,-0.404785,-67.810059,33.813477,-28.869629
6889,-0.437988,-0.448242,-0.429688,-86.730957,13.366699,-49.926758
6890,-0.503906,-0.539062,-0.598145,-126.525879,-21.240234,-132.324219
6891,-0.506836,-0.563477,-0.747070,-148.925781,-25.390625,-176.452637
6892,-0.484863,-0.552246,-0.961426,-163.330078,-19.775391,-209.960938
6893,-0.420898,-0.389648,-1.093750,-166.442871,-6.958008,-219.360352
6894,-0.216309,-0.027832,-0.968750,-142.395020,16.235352,-156.066895
6895,-0.104492,0.084473,-0.877930,-129.577637,18.676758,-98.693848
6896,0.048340,-0.037598,-1.096680,-141.052246,26.916504,9.948730
6897,0.040039,-0.114746,-1.167480,-125.793457,44.677734,43.151855
6898,-0.023926,-0.183594,-1.101562,-95.947266,60.180664,62.194824
6899,-0.102539,-0.237305,-1.025879,-72.937012,68.969727,68.115234
6900,-0.145996,-0.156738,-0.893555,-50.598145,61.767578,61.523438
6901,-0.138672,-0.106445,-0.824707,-52.429199,50.781250,55.786133
6902,-0.178711,0.008301,-0.898926,-80.139160,24.841309,49.560547
6903,-0.201172,0.103027,-0.832031,-98.144531,13.488770,52.734375
6904,-0.207520,0.113770,-0.751953,-122.863770,1.220703,60.119629
6905,-0.187012,-0.050293,-0.899414,-152.160645,-12.451172,64.270020
6906,-0.153320,-0.134766,-1.068359,-136.108398,-11.352539,57.983398
6907,-0.169434,-0.104004,-0.942871,-92.956543,-29.602051,43.029785
6908,-0.203613,0.040527,-0.843262,-87.402344,-47.119141,31.250000
6909,-0.244141,0.070801,-1.071777,-49.133301,-85.693359,39.367676
6910,-0.261719,0.016113,-1.021973,-28.991699,-96.069336,41.503906
6911,-0.334961,0.000488,-0.938965,-41.259766,-106.079102,22.277832
6912,-0.354492,0.051270,-0.863281,-49.560547,-111.816406,8.422852
6913,-0.336914,0.062988,-0.781250,-65.368652,-120.056152,-4.333496
6914,-0.403809,-0.133789,-0.488281,-132.568359,-157.226562,-17.639160
6915,-0.367188,0.378418,-1.839355,-122.009277,-163.452148,-14.221191
6916,-0.458984,0.026855,-1.190430,-95.336914,-109.497070,-3.601074
6917,-0.308594,0.651367,-1.589355,-71.899414,-54.382324,3.845215
6918,-0.415527,0.048340,-1.025391,-58.959961,32.531738,13.000488
6919,-0.421875,0.075684,-0.935059,-77.514648,50.964355,10.498047
6920,-0.468750,-0.038574,-0.980957,-45.043945,65.368652,3.295898
6921,-0.416504,0.230957,-0.910156,-35.095215,58.593750,-3.112793
6922,-0.320312,0.310547,-0.890625,-25.512695,46.447754,-0.732422
6923,-0.328125,0.264648,-0.915039,-33.081055,37.414551,7.263184
6924,-0.371582,0.260254,-0.771973,-31.250000,28.015137,12.573242
6925,-0.355957,0.281738,-0.807129,-31.311035,21.423340,12.695312
6926,-0.326172,0.239746,-0.815918,-26.123047,14.953613,18.920898
6927,-0.268066,0.283203,-0.849121,-37.475586,21.484375,22.888184
6928,-0.259766,0.303711,-0.954102,-34.790039,31.677246,26.245117
6929,-0.278320,0.297363,-0.856445,-31.372070,42.297363,34.545898
6930,-0.302246,0.264648,-0.932129,-31.555176,45.104980,37.597656
6931,-0.319824,0.212402,-0.984863,-30.395508,50.659180,34.118652
6932,-0.218262,0.323730,-0.931152,-36.376953,62.438965,24.291992
6933,-0.207520,0.281250,-0.921387,-43.334961,65.368652,21.301270
6934,-0.200684,0.284668,-0.869629,-46.813965,53.588867,13.610840
6935,-0.183594,0.334961,-0.916504,-39.611816,41.076660,10.375977
6936,-0.188965,0.357422,-0.832031,-31.188965,22.583008,5.371094
6937,-0.218262,0.431152,-0.798828,-50.842285,-9.948730,-1.831055
6938,-0.227051,0.451172,-0.902344,-60.302734,-12.817383,-2.624512
6939,-0.236328,0.421387,-0.932617,-66.772461,-7.629395,-6.713867
6940,-0.214355,0.442871,-0.949707,-67.687988,0.793457,-8.850098
6941,-0.193359,0.424805,-0.928223,-60.180664,13.488770,-10.131836
6942,-0.179199,0.376465,-0.850586,-57.067871,13.671875,-17.272949
6943,-0.170410,0.353516,-0.798828,-59.631348,10.070801,-25.634766
6944,-0.144531,0.426758,-0.847656,-45.959473,-2.868652,-32.775879
6945,-0.205078,0.388184,-0.890625,-44.982910,-5.554199,-34.301758
6946,-0.238770,0.404785,-0.889648,-48.400879,-2.685547,-38.269043
6947,-0.247559,0.452148,-0.900879,-51.635742,6.164551,-45.043945
6948,-0.265625,0.493164,-0.850098,-59.082031,13.061523,-44.982910
6949,-0.210938,0.553223,-0.852539,-67.321777,21.728516,-45.471191
6950,-0.178223,0.591309,-0.808594,-79.101562,31.555176,-36.865234
6951,-0.181641,0.552734,-0.722168,-98.205566,32.226562,-34.729004
6952,-0.168457,0.611816,-0.729492,-125.915527,30.517578,-32.104492
6953,-0.203613,0.625977,-0.766113,-138.732910,40.588379,-29.846191
6954,-0.148926,0.525391,-0.443359,-193.786621,65.917969,-15.319824
6955,-0.081543,0.530762,-0.469238,-230.224609,67.199707,6.896973
6956,-0.045898,0.573730,-0.492676,-266.296387,64.941406,36.743164
6957,-0.231934,0.521973,-0.356934,-228.515625,8.422852,64.331055
6958,-0.342285,0.427246,-0.387695,-265.075684,-28.320312,29.907227
6959,-0.396973,0.579102,-0.427246,-275.207520,-66.406250,-12.145996
6960,-0.411133,0.591309,-0.452637,-244.628906,-106.506348,-51.086426
6961,-0.334961,0.842773,-0.678223,-168.029785,-162.658691,-116.394043
6962,-0.228027,0.989746,-0.729492,-135.620117,-150.268555,-127.258301
6963,-0.145020,1.109375,-0.767578,-121.765137,-120.910645,-116.088867
6964,-0.268066,1.257324,-0.809082,-78.002930,-57.861328,-48.217773
6965,-0.417480,1.025391,-0.670410,-37.841797,-21.545410,-24.475098
6966,-0.483398,0.947754,-0.323242,-22.460938,29.663086,0.305176
6967,-0.477539,0.977539,-0.306641,-18.249512,36.682129,15.747070
6968,-0.449219,0.927246,-0.299316,-7.934570,34.606934,27.282715
6969,-0.413574,0.847656,-0.324219,-11.840820,26.916504,33.020020
6970,-0.356445,0.824707,-0.461914,-18.371582,24.291992,32.409668
6971,-0.336914,0.792969,-0.497559,-24.902344,23.498535,27.893066
6972,-0.287598,0.845703,-0.403809,-51.635742,16.845703,18.127441
6973,-0.267578,0.950684,-0.341797,-64.270020,11.047363,16.296387
6974,-0.293457,1.045898,-0.520996,-109.680176,7.995605,15.258789
6975,-0.314453,0.860840,-0.448242,-134.094238,13.854980,16.662598
6976,-0.288086,0.766113,-0.326172,-136.047363,35.522461,11.535645
6977,-0.289551,0.764160,-0.281738,-124.938965,39.001465,7.751465
6978,-0.271484,0.846680,-0.275391,-116.943359,38.330078,2.868652
6979,-0.250977,0.924316,-0.240723,-112.609863,30.944824,0.061035
6980,-0.228027,0.921387,-0.215332,-123.718262,23.864746,1.953125
6981,-0.238770,0.920410,-0.177246,-132.629395,25.024414,5.859375
6982,-0.264648,1.009277,-0.099609,-138.732910,25.878906,21.728516
6983,-0.289062,1.004883,-0.073242,-125.610352,24.475098,32.714844
6984,-0.297852,0.956543,0.011230,-106.323242,19.775391,38.208008
6985,-0.270996,0.928223,0.103516,-88.134766,6.164551,42.602539
6986,-0.288574,0.925293,0.129883,-78.247070,-17.456055,46.813965
6987,-0.277832,1.064453,0.005859,-72.082520,-55.847168,66.467285
6988,-0.320312,1.035156,0.005859,-69.213867,-62.683105,77.941895
6989,-0.270508,0.997559,-0.079590,-73.120117,-54.809570,75.927734
6990,-0.165039,1.007324,-0.081543,-74.096680,-40.954590,77.758789
6991,-0.139648,0.978027,-0.041016,-79.162598,-27.282715,77.514648
6992,-0.087891,0.937012,-0.012695,-98.388672,-4.211426,56.396484
6993,-0.084961,0.860840,0.093262,-110.046387,5.676270,43.395996
6994,-0.070801,0.845703,0.072754,-125.793457,6.896973,27.282715
6995,-0.031738,0.922363,0.022949,-132.141113,8.117676,13.916016
6996,-0.010742,1.090820,0.189453,-153.930664,15.502930,13.366699
6997,0.003418,1.142578,0.171387,-173.339844,18.798828,34.606934
6998,-0.054199,1.087402,0.289551,-195.983887,23.254395,49.987793
6999,-0.050781,0.878906,0.270996,-215.576172,23.559570,49.804688
7000,-0.032227,0.795410,0.286621,-202.026367,26.550293,40.161133
7001,0.001953,0.741211,0.310547,-178.344727,31.433105,24.658203
7002,0.065430,0.756836,0.455078,-126.831055,45.898438,-6.774902
7003,0.086426,0.907715,0.608398,-113.830566,38.024902,-1.098633
7004,-0.028809,0.940430,0.628906,-117.797852,11.596680,18.066406
7005,-0.088867,0.869141,0.647461,-118.469238,-3.540039,20.324707
7006,-0.111816,0.735840,0.495605,-107.971191,-24.475098,-1.403809
7007,-0.022949,0.755371,0.532715,-91.308594,-21.728516,-17.578125
7008,0.007812,0.788086,0.612793,-82.519531,-18.310547,-22.705078
7009,-0.084473,0.829102,0.779297,-60.058594,-35.583496,-24.597168
7010,-0.095215,0.827637,0.833984,-49.194336,-54.809570,-24.414062
7011,-0.047363,0.858398,0.798340,-43.151855,-71.228027,-21.240234
7012,-0.049316,0.733887,0.660156,-69.885254,-65.673828,-8.544922
7013,-0.115723,0.614746,0.516113,-72.448730,-45.166016,-13.488770
7014,-0.100586,0.658203,0.420410,-48.706055,-23.681641,-24.658203
7015,-0.036133,0.836914,0.621094,0.366211,21.362305,-20.874023
7016,-0.083984,0.791504,0.774902,-1.281738,26.428223,-19.287109
7017,-0.081543,0.786621,0.773926,-4.211426,17.395020,-19.287109
7018,-0.084473,0.774902,0.794922,-5.859375,3.051758,-16.174316
7019,-0.093750,0.789062,0.651367,-26.184082,-15.319824,-10.559082
7020,-0.118652,0.769043,0.608398,-42.724609,-13.793945,-10.070801
7021,-0.055176,0.804199,0.519043,-60.791016,12.634277,-12.268066
7022,-0.044434,0.758301,0.593262,-59.692383,21.179199,-10.742188
7023,-0.073730,0.686035,0.796875,-65.124512,18.554688,-13.671875
7024,-0.033691,0.713379,0.904785,-80.749512,-18.798828,-26.855469
7025,-0.050293,0.718750,0.836426,-77.880859,-38.269043,-25.268555
7026,-0.091309,0.711426,0.737793,-73.364258,-50.415039,-21.606445
7027,-0.076172,0.739746,0.572266,-91.308594,-45.898438,-10.498047
7028,-0.038574,0.715332,0.588867,-93.261719,-32.043457,-1.220703
7029,-0.042480,0.554199,0.772461,-96.069336,-16.357422,2.807617
7030,0.025879,0.519531,0.862793,-55.114746,-1.586914,-5.554199
7031,0.058105,0.598145,0.839844,-15.686035,-4.455566,-11.413574
7032,0.021973,0.616211,0.844238,15.441895,-10.253906,-18.127441
7033,-0.046387,0.674805,0.855957,22.460938,-30.212402,-23.315430
7034,-0.078613,0.699707,0.852051,3.417969,-48.583984,-17.456055
7035,-0.145508,0.685547,0.854980,-28.747559,-66.467285,-13.549805
7036,-0.185059,0.730957,0.883789,-119.262695,-85.876465,-9.521484
7037,-0.113281,0.589355,0.811523,-146.850586,-76.904297,-5.615234
7038,-0.045898,0.400879,0.720215,-136.291504,-58.776855,-5.432129
7039,-0.010742,0.291504,0.663574,-84.228516,-37.902832,-14.709473
7040,-0.018066,0.506836,1.085449,9.521484,-23.559570,-36.132812
7041,-0.102539,0.574219,1.237793,10.070801,-45.104980,-38.330078
7042,-0.143555,0.599121,1.130859,-5.493164,-70.373535,-32.958984
7043,-0.045898,0.637695,0.709961,-24.719238,-71.472168,5.126953
7044,-0.062500,0.546387,0.769043,-64.941406,-17.089844,41.076660
7045,-0.059082,0.456543,0.708008,-91.674805,13.061523,41.931152
7046,0.003906,0.413574,0.619141,-105.285645,41.870117,37.841797
7047,0.065918,0.381348,0.747070,-89.233398,87.829590,31.555176
7048,0.015625,0.381836,0.872070,-74.462891,98.327637,25.756836
7049,-0.039551,0.374023,0.937012,-60.668945,104.064941,18.005371
7050,-0.084961,0.370605,0.942383,-54.626465,108.398438,9.582520
7051,-0.142578,0.415527,0.833496,-78.186035,128.051758,6.896973
7052,-0.131348,0.426270,0.805664,-105.041504,138.793945,13.244629
7053,-0.088867,0.407715,0.739746,-128.540039,146.972656,23.254395
7054,0.062500,0.445801,0.644043,-136.962891,173.828125,67.199707
7055,0.050293,0.388184,0.679199,-122.619629,188.476562,97.290039
7056,-0.069824,0.256836,0.683105,-134.704590,209.777832,118.896484
7057,-0.413574,-0.004883,0.757812,-186.279297,260.375977,107.238770
7058,-0.535645,-0.067871,0.841797,-218.750000,281.738281,74.584961
7059,-0.586914,-0.007324,1.208984,-204.345703,241.149902,5.859375
7060,-0.555176,0.033691,1.133789,-212.463379,218.139648,-24.841309
7061,-0.537109,0.075195,1.029785,-190.063477,181.884766,-47.546387
7062,-0.491211,0.200195,0.958008,-162.902832,153.381348,-60.668945
7063,-0.475098,0.385742,1.419922,-35.278320,4.760742,-34.912109
7064,-0.526367,0.231934,1.335938,15.991211,-79.406738,-18.249512
7065,-0.581543,0.038086,1.062500,27.587891,-127.075195,-15.014648
7066,-0.576172,-0.008301,0.811035,18.554688,-135.192871,-20.324707
7067,-0.517578,0.062500,0.753418,1.892090,-98.083496,-25.756836
7068,-0.492676,0.075195,0.823730,-4.760742,-76.538086,-28.564453
7069,-0.401367,-0.114746,1.021484,-30.944824,-60.485840,-40.710449
7070,-0.312988,-0.145020,1.001953,-54.077148,-67.138672,-47.790527
7071,-0.270508,-0.165039,0.930176,-78.369141,-77.026367,-58.837891
7072,-0.294434,-0.159180,0.838379,-106.933594,-80.444336,-78.186035
7073,-0.333496,-0.103027,0.802246,-134.826660,-78.735352,-103.149414
7074,-0.337402,-0.030762,0.772461,-162.292480,-60.180664,-146.118164
7075,-0.266602,0.080566,0.718262,-140.075684,-34.362793,-146.118164
7076,-0.186035,0.112793,0.663574,-80.444336,40.710449,-111.389160
7077,-0.396484,-0.224121,0.953125,2.014160,126.098633,-58.288574
7078,-0.312500,-0.297852,1.077148,19.287109,125.976562,-60.791016
7079,-0.392578,-0.208496,1.162598,45.410156,65.551758,-83.618164
7080,-0.408203,-0.096680,1.142090,41.442871,29.541016,-87.768555
7081,-0.366699,-0.064941,1.073730,28.076172,0.610352,-81.665039
7082,-0.306641,-0.059082,0.854004,-8.056641,-15.258789,-62.255859
7083,-0.274414,-0.052734,0.869141,-19.409180,-7.934570,-50.720215
7084,-0.226562,-0.042480,0.809082,-34.301758,0.305176,-36.254883
7085,-0.333984,-0.268555,0.770996,-51.025391,31.188965,-23.925781
7086,-0.437988,-0.398926,0.782715,-52.307129,49.743652,-36.437988
7087,-0.500488,-0.399902,0.801758,-55.114746,65.673828,-52.856445
7088,-0.491699,-0.311523,0.819824,-62.011719,78.002930,-58.044434
7089,-0.398438,-0.129395,0.799316,-87.768555,99.548340,-23.010254
7090,-0.373047,-0.124023,0.870117,-102.172852,109.069824,5.371094
7091,-0.387695,-0.155762,0.938477,-107.666016,110.839844,29.174805
7092,-0.405762,-0.223145,1.040039,-102.539062,99.243164,46.936035
7093,-0.494629,-0.393066,1.073242,-59.936523,36.682129,52.062988
7094,-0.516602,-0.394531,0.984863,-40.710449,0.488281,40.344238
7095,-0.536133,-0.397461,0.890625,-29.602051,-24.780273,21.545410
7096,-0.539551,-0.317871,0.826660,-25.268555,-37.902832,5.187988
7097,-0.487793,-0.279785,0.828125,-36.621094,-51.696777,-3.906250
7098,-0.465332,-0.352051,0.785645,-39.916992,-56.884766,-3.051758
7099,-0.498047,-0.396484,0.824707,-42.541504,-59.692383,-4.699707
7100,-0.537598,-0.476562,0.759277,-38.574219,-53.833008,-25.329590
7101,-0.470215,-0.566895,0.716309,-27.160645,-49.438477,-35.034180
7102,-0.454590,-0.507812,0.860352,-17.028809,-49.804688,-33.569336
7103,-0.407227,-0.304688,0.830566,-12.634277,-44.189453,-26.428223
7104,-0.352051,-0.369629,0.879883,-5.981445,-41.564941,-14.099121
7105,-0.368652,-0.310059,0.848145,-12.939453,-35.400391,-4.211426
7106,-0.326660,-0.289551,0.799316,-34.729004,-13.183594,14.831543
7107,-0.323730,-0.313477,0.776855,-45.532227,0.427246,24.780273
7108,-0.346680,-0.361328,0.846191,-57.800293,12.023926,30.395508
7109,-0.423828,-0.454102,0.959961,-68.176270,2.624512,33.386230
7110,-0.495117,-0.533691,0.952637,-63.598633,-21.789551,31.738281
7111,-0.505371,-0.534180,0.921387,-60.485840,-50.109863,27.038574
7112,-0.476074,-0.521484,0.910645,-61.218262,-76.049805,23.864746
7113,-0.402344,-0.469238,0.991699,-84.716797,-125.366211,22.460938
7114,-0.376465,-0.470703,0.980469,-108.337402,-151.916504,22.766113
7115,-0.362305,-0.481934,0.965820,-136.291504,-172.058105,17.639160
7116,-0.454590,-0.467285,0.671387,-171.569824,-190.490723,-8.972168
7117,-0.468262,-0.498535,0.324219,-156.311035,-176.818848,-33.142090
7118,-0.226074,-0.550781,0.279297,-121.215820,-120.117188,-36.865234
7119,-0.097656,-0.623047,0.145020,-92.407227,-12.268066,-3.417969
7120,-0.229004,-0.557129,0.760742,-86.364746,88.745117,23.010254
7121,-0.216309,-0.635254,0.791992,-95.886230,79.040527,20.446777
7122,-0.239258,-0.660156,0.757324,-100.158691,67.626953,18.371582
7123,-0.292480,-0.698730,0.652832,-93.505859,59.692383,26.733398
7124,-0.329590,-0.709961,0.643555,-89.111328,58.715820,31.188965
7125,-0.349121,-0.744629,0.634766,-83.251953,60.546875,30.517578
7126,-0.352051,-0.636719,0.679199,-86.059570,59.143066,30.883789
7127,-0.335449,-0.571777,0.679688,-97.290039,56.945801,38.269043
7128,-0.313477,-0.537109,0.667969,-109.252930,54.748535,51.147461
7129,-0.301270,-0.585938,0.765625,-139.343262,37.719727,93.750000
7130,-0.291504,-0.610840,0.739746,-163.818359,28.564453,109.069824
7131,-0.340332,-0.712402,0.597656,-182.800293,24.841309,114.135742
7132,-0.479492,-0.761719,0.489258,-186.340332,19.226074,93.505859
7133,-0.532715,-0.878906,0.340332,-171.020508,13.977051,78.430176
7134,-0.616211,-0.958984,0.329590,-138.916016,13.610840,57.800293
7135,-0.616211,-0.998047,0.335449,-111.694336,13.916016,37.414551
7136,-0.517578,-1.007812,0.487793,-78.491211,11.230469,-0.549316
7137,-0.462891,-0.939453,0.625000,-86.120605,1.525879,-10.375977
7138,-0.525879,-0.906738,0.571777,-104.003906,-11.230469,-14.648438
7139,-0.594727,-0.780762,0.210938,-95.336914,-35.766602,-24.414062
7140,-0.581055,-0.726074,0.018555,-59.814453,-35.888672,-36.621094
7141,-0.457031,-0.780273,0.149902,-28.381348,-24.169922,-41.870117
7142,-0.409668,-0.805664,0.277344,-29.968262,-9.826660,-36.560059
7143,-0.362793,-0.792480,0.214844,-12.145996,7.019043,-23.193359
7144,-0.335938,-0.797852,0.281250,-7.141113,14.526367,-16.723633
7145,-0.414062,-0.825684,0.262207,-5.065918,30.273438,-9.826660
7146,-0.472168,-0.849609,0.310059,-6.896973,34.179688,-11.535645
7147,-0.486328,-0.846191,0.422363,-17.028809,28.259277,-14.770508
7148,-0.495605,-0.875000,0.374512,-22.155762,15.258789,-17.333984
7149,-0.490234,-0.892578,0.229980,-31.555176,4.882812,-30.822754
7150,-0.451172,-0.867676,0.175293,-29.541016,7.995605,-36.865234
7151,-0.410156,-0.846191,0.183105,-25.207520,15.014648,-38.452148
7152,-0.321777,-0.846680,0.308105,-20.996094,18.493652,-30.151367
7153,-0.333984,-0.855469,0.284180,-29.357910,17.456055,-21.606445
7154,-0.425781,-0.890137,0.226562,-17.944336,16.784668,-17.944336
7155,-0.491211,-0.929688,0.266602,-17.150879,16.235352,-22.583008
7156,-0.479492,-0.929688,0.359375,-29.052734,9.033203,-25.878906
7157,-0.430664,-0.908691,0.175781,-48.278809,-5.737305,-29.968262
7158,-0.376953,-0.913574,0.095215,-47.424316,-3.540039,-31.433105
7159,-0.334473,-0.911133,0.059570,-40.466309,3.234863,-28.991699
7160,-0.315430,-0.920898,0.094727,-22.766113,16.235352,-20.568848
7161,-0.332031,-0.930664,0.185059,-15.808105,20.507812,-15.869141
7162,-0.366211,-0.957031,0.243164,-16.296387,21.484375,-13.854980
7163,-0.395508,-0.950195,0.344238,-24.902344,16.479492,-16.906738
7164,-0.377930,-0.955078,0.297363,-56.213379,-2.746582,-24.108887
7165,-0.348633,-0.927734,0.271484,-73.730469,-7.446289,-22.583008
7166,-0.308594,-0.917969,0.291504,-90.087891,-10.620117,-15.197754
7167,-0.296875,-0.923340,0.269531,-132.019043,-17.700195,-0.183105
7168,-0.332031,-0.928711,0.157715,-141.662598,-19.897461,1.708984
7169,-0.333496,-0.944824,0.016602,-140.258789,-22.216797,1.281738
7170,-0.340820,-0.915039,-0.164551,-120.361328,-11.779785,-6.225586
7171,-0.346191,-0.864258,-0.247070,-93.139648,-3.662109,-10.498047
7172,-0.366699,-0.907715,-0.183594,-63.049316,5.859375,-12.878418
7173,-0.400879,-1.013184,0.067871,-55.847168,17.700195,-28.259277
7174,-0.364258,-0.993164,0.105957,-70.922852,14.526367,-37.414551
7175,-0.261719,-0.882324,0.011719,-86.608887,-2.014160,-34.423828
7176,-0.270508,-0.872070,-0.074219,-87.036133,-5.065918,-26.184082
7177,-0.296875,-0.894043,-0.124512,-83.435059,-4.455566,-19.470215
7178,-0.339844,-0.989258,-0.186523,-79.406738,-2.441406,-17.822266
7179,-0.318848,-0.986328,-0.282227,-70.373535,11.535645,-27.099609
7180,-0.282715,-0.932617,-0.281738,-60.729980,19.714355,-28.320312
7181,-0.273438,-0.895020,-0.255859,-49.316406,25.146484,-25.390625
7182,-0.299805,-0.896484,-0.177734,-39.245605,27.099609,-24.169922
7183,-0.320801,-1.004883,-0.059570,-26.245117,15.258789,-33.508301
7184,-0.273438,-1.015625,-0.083008,-32.287598,8.117676,-38.269043
7185,-0.212402,-0.968262,-0.135742,-42.297363,5.249023,-37.658691
7186,-0.194336,-0.973145,-0.296387,-62.500000,14.160156,-24.658203
7187,-0.212891,-0.953613,-0.327637,-59.387207,18.005371,-19.042969
7188,-0.230469,-0.927246,-0.351562,-48.706055,22.033691,-17.028809
7189,-0.214355,-0.814941,-0.265137,-25.390625,23.254395,-15.014648
7190,-0.214844,-0.807617,-0.222656,-19.592285,19.165039,-12.634277
7191,-0.182617,-0.912109,-0.232910,-17.761230,6.835938,-3.417969
7192,-0.159180,-0.955566,-0.274902,-18.554688,6.042480,0.244141
7193,-0.149902,-0.950684,-0.292969,-19.775391,9.521484,3.234863
7194,-0.154785,-0.929688,-0.296875,-22.155762,15.563965,6.958008
7195,-0.188477,-0.966797,-0.315918,-22.033691,21.728516,11.169434
7196,-0.190430,-0.933594,-0.309082,-17.150879,23.864746,10.253906
7197,-0.203613,-0.920898,-0.313477,-14.709473,26.672363,10.131836
7198,-0.240723,-0.920898,-0.284668,-13.916016,30.761719,8.483887
7199,-0.266602,-0.914551,-0.224609,-16.235352,29.418945,6.347656
7200,-0.320312,-0.932617,-0.177734,-30.456543,9.399414,-1.037598
7201,-0.310547,-0.938965,-0.208984,-36.132812,-1.342773,-4.638672
7202,-0.277832,-0.918945,-0.257324,-37.231445,-10.070801,-5.004883
7203,-0.283691,-0.914062,-0.333008,-37.475586,-15.197754,-5.676270
7204,-0.297363,-0.916016,-0.353516,-37.719727,-14.282227,-10.192871
7205,-0.301270,-0.924316,-0.398926,-38.574219,-10.925293,-17.517090
7206,-0.276367,-0.924316,-0.424316,-31.250000,8.789062,-24.047852
7207,-0.240234,-0.907227,-0.397461,-25.390625,11.352539,-17.700195
7208,-0.199219,-0.900879,-0.380859,-17.883301,9.643555,-12.084961
7209,-0.172852,-0.881836,-0.343750,-10.437012,5.493164,-8.972168
7210,-0.175781,-0.854004,-0.264160,-0.610352,-9.155273,0.976562
7211,-0.217773,-0.878418,-0.252441,-1.342773,-17.883301,3.234863
7212,-0.269531,-0.951172,-0.337402,-3.173828,-25.756836,0.122070
7213,-0.289062,-0.995117,-0.481934,2.075195,-18.127441,-18.432617
7214,-0.255859,-0.960938,-0.462891,1.098633,-5.554199,-26.184082
7215,-0.191895,-0.934570,-0.424316,0.976562,2.990723,-25.939941
7216,-0.081055,-0.878906,-0.327148,1.037598,8.300781,-14.465332
7217,-0.064941,-0.856445,-0.290527,3.173828,4.577637,-5.859375
7218,-0.077637,-0.834961,-0.244141,6.530762,-1.953125,2.990723
7219,-0.132324,-0.838379,-0.210938,5.737305,-9.277344,9.155273
7220,-0.233887,-0.909180,-0.224609,-6.591797,-21.240234,8.544922
7221,-0.255859,-0.934570,-0.263184,-12.695312,-24.841309,3.479004
7222,-0.260742,-0.940918,-0.298828,-19.653320,-23.803711,-2.258301
7223,-0.203613,-0.922852,-0.372559,-31.982422,-11.230469,-10.681152
7224,-0.156250,-0.917969,-0.391113,-33.203125,-4.516602,-9.277344
7225,-0.110840,-0.908691,-0.395508,-33.081055,0.000000,-3.723145
7226,-0.115723,-0.866699,-0.406250,-22.094727,4.882812,9.399414
7227,-0.181152,-0.865234,-0.361816,-11.779785,3.112793,11.596680
7228,-0.245605,-0.873047,-0.307617,-7.263184,-2.258301,10.803223
7229,-0.322266,-0.942871,-0.300293,-23.620605,-6.896973,-1.708984
7230,-0.224121,-0.923340,-0.373047,-43.029785,-3.112793,-14.099121
7231,-0.180664,-0.924805,-0.405762,-49.133301,-1.586914,-12.878418
7232,-0.146484,-0.931641,-0.463867,-54.504395,0.732422,-9.521484
7233,-0.129395,-0.903320,-0.511719,-55.480957,5.920410,-4.089355
7234,-0.179688,-0.833496,-0.439453,-44.372559,13.488770,4.821777
7235,-0.204102,-0.828613,-0.375488,-35.827637,6.530762,5.737305
7236,-0.205078,-0.808105,-0.336426,-34.484863,-4.821777,5.187988
7237,-0.224609,-0.862793,-0.387695,-39.001465,-24.414062,5.615234
7238,-0.244141,-0.883789,-0.412598,-44.860840,-27.587891,4.272461
7239,-0.259277,-0.914062,-0.449707,-55.419922,-26.489258,2.380371
7240,-0.254395,-0.938477,-0.499023,-82.580566,-11.108398,-2.807617
7241,-0.168457,-0.861816,-0.620605,-85.449219,-3.540039,-2.563477
7242,-0.155762,-0.796875,-0.655273,-77.880859,3.601074,-0.366211
7243,-0.150879,-0.746094,-0.618652,-64.208984,9.033203,1.037598
7244,-0.143555,-0.728516,-0.554199,-27.648926,1.281738,10.986328
7245,-0.183105,-0.785645,-0.549316,-16.845703,-3.662109,13.793945
7246,-0.252930,-0.886230,-0.571289,-12.451172,-5.371094,11.108398
7247,-0.327148,-0.930176,-0.588867,-22.155762,0.488281,-9.826660
7248,-0.295410,-0.874512,-0.594238,-32.409668,5.004883,-17.578125
7249,-0.242676,-0.812500,-0.610840,-38.757324,6.652832,-18.493652
7250,-0.193848,-0.772461,-0.650391,-38.391113,5.737305,-14.099121
7251,-0.184570,-0.748535,-0.686035,-15.014648,8.789062,-5.615234
7252,-0.196777,-0.749512,-0.537109,3.967285,7.019043,-5.187988
7253,-0.160156,-0.710938,-0.432129,16.052246,-3.234863,-4.150391
7254,-0.153809,-0.785645,-0.419434,12.390137,-17.395020,-1.831055
7255,-0.227051,-0.897949,-0.618652,-21.850586,-18.859863,-1.342773
7256,-0.243652,-0.907227,-0.650879,-31.616211,-3.601074,-6.713867
7257,-0.204590,-0.851074,-0.564941,-34.423828,2.563477,-12.023926
7258,-0.072266,-0.693848,-0.499023,-36.804199,-25.939941,3.784180
7259,-0.085938,-0.708496,-0.583008,-38.024902,-36.315918,15.075684
7260,-0.143555,-0.738770,-0.607422,-43.151855,-34.118652,21.606445
7261,-0.278320,-0.819336,-0.583984,-65.002441,-17.639160,23.376465
7262,-0.322754,-0.851074,-0.614746,-89.538574,-4.943848,18.127441
7263,-0.288574,-0.835449,-0.703125,-110.656738,10.986328,8.850098
7264,-0.192871,-0.640625,-0.775391,-94.238281,40.710449,-1.281738
7265,-0.162109,-0.573242,-0.731445,-79.589844,47.058105,5.065918
7266,-0.178711,-0.610352,-0.720703,-66.711426,46.142578,13.183594
7267,-0.193359,-0.708008,-0.688965,-35.400391,34.423828,17.639160
7268,-0.183594,-0.709961,-0.689941,-23.376465,20.324707,16.235352
7269,-0.130859,-0.644531,-0.900391,-7.934570,7.690430,18.981934
7270,-0.215820,-1.359863,-0.463867,6.835938,10.559082,9.887695
7271,-0.182129,-1.006836,-0.332031,-33.508301,15.258789,-13.183594
7272,-0.154785,-0.764160,-0.354492,-105.773926,20.935059,-20.507812
7273,-0.148438,-0.205078,-0.730469,-212.890625,38.696289,33.813477
7274,-0.140137,-0.254883,-0.977051,-196.044922,36.193848,64.453125
7275,-0.122070,-0.331543,-1.207031,-127.441406,27.709961,76.354980
7276,-0.267090,-0.687988,-1.171875,27.404785,24.719238,37.658691
7277,-0.354980,-0.718750,-1.053711,49.133301,40.832520,12.634277
7278,-0.358398,-0.633789,-1.022461,38.146973,65.002441,6.286621
7279,-0.263184,-0.398438,-0.864746,13.061523,107.055664,32.836914
7280,-0.268555,-0.421387,-0.706055,-0.061035,119.873047,45.410156
7281,-0.312988,-0.582031,-0.572754,-17.578125,126.708984,44.372559
7282,-0.273926,-0.528320,-0.608398,-41.625977,111.022949,11.901855
7283,-0.237793,-0.428223,-0.803223,-31.860352,96.923828,9.521484
7284,-0.262207,-0.496582,-0.937500,-10.803223,87.768555,9.887695
7285,-0.267090,-0.690918,-0.874023,7.934570,65.734863,-9.399414
7286,-0.166016,-0.624023,-0.899414,13.549805,54.443359,-18.554688
7287,-0.115234,-0.594238,-0.845703,28.503418,41.992188,-27.648926
7288,0.084473,-0.510254,-0.764160,37.048340,23.864746,-37.658691
7289,0.162109,-0.383789,-0.787598,19.287109,29.052734,-29.663086
7290,0.144531,-0.289551,-0.812500,-8.300781,44.189453,-10.986328
7291,0.052734,-0.334961,-0.942383,-29.968262,67.138672,30.395508
7292,0.024414,-0.474609,-0.949707,-22.460938,72.204590,44.860840
7293,-0.001465,-0.594238,-0.864258,-13.488770,72.753906,46.875000
7294,-0.005859,-0.646973,-0.589355,-0.915527,39.367676,19.836426
7295,0.044434,-0.619141,-0.575684,-3.356934,12.207031,6.347656
7296,0.057617,-0.625977,-0.668457,-7.812500,-12.634277,-2.319336
7297,0.095703,-0.500977,-0.680664,-20.507812,-27.709961,-6.408691
7298,0.106934,-0.488281,-0.826660,-34.912109,-44.738770,9.704590
7299,0.129395,-0.397949,-0.887695,-34.484863,-37.170410,21.789551
7300,0.095703,-0.362793,-0.944336,-37.292480,-20.263672,39.306641
7301,-0.066406,-0.427734,-0.958496,-48.217773,27.282715,68.420410
7302,-0.103516,-0.466797,-0.911133,-51.513672,46.936035,75.378418
7303,-0.104492,-0.537109,-0.849121,-49.377441,56.640625,78.125000
7304,-0.098633,-0.622559,-0.729980,-41.442871,51.574707,76.049805
7305,-0.066406,-0.739746,-0.662109,-15.502930,5.065918,47.790527
7306,-0.045410,-0.698242,-0.726562,-11.718750,-8.972168,26.916504
7307,-0.088867,-0.679199,-0.902344,4.699707,13.244629,-8.605957
7308,-0.177734,-0.616699,-1.047363,17.211914,40.161133,-24.841309
7309,-0.133789,-0.498535,-1.049805,27.709961,69.274902,-32.775879
7310,-0.058105,-0.250488,-1.021973,30.273438,134.582520,-38.940430
7311,0.158691,-0.239746,-0.789062,62.500000,136.962891,-30.578613
7312,0.155762,-0.626465,-0.779297,48.461914,117.614746,-20.080566
7313,0.131836,-0.504883,-0.304688,-5.981445,24.780273,11.108398
7314,0.020508,-0.594238,-0.277832,-39.550781,-24.230957,11.779785
7315,-0.101074,-0.777344,-0.521973,-64.819336,-54.626465,-8.544922
7316,-0.334473,-0.836914,-0.695801,-64.392090,-85.266113,-95.886230
7317,-0.269531,-0.637695,-0.712402,-46.569824,-114.685059,-135.192871
7318,-0.122559,-0.394531,-0.678223,-25.756836,-145.141602,-154.357910
7319,0.121094,-0.177246,-0.949219,28.076172,-169.067383,-131.408691
7320,0.207031,-0.183105,-1.076660,78.125000,-157.165527,-101.928711
7321,0.209473,-0.344238,-1.188477,114.196777,-131.835938,-69.641113
7322,0.144531,-0.633301,-1.202148,93.872070,-90.515137,-48.278809
7323,0.095215,-0.693359,-1.042480,2.136230,-3.845215,-40.161133
7324,0.203613,-0.451660,-0.989258,-9.155273,15.502930,-37.170410
7325,0.194824,-0.301270,-0.869141,6.042480,15.502930,-23.742676
7326,0.096680,-0.267578,-0.927246,-10.070801,6.530762,11.413574
7327,0.090332,-0.281738,-1.041016,-3.601074,8.422852,32.775879
7328,0.074219,-0.354004,-1.039062,0.183105,17.822266,49.682617
7329,0.053223,-0.444336,-1.031738,0.061035,32.897949,54.870605
7330,0.037598,-0.500000,-0.832520,-7.934570,36.621094,47.241211
7331,-0.057617,-0.526367,-0.700684,-17.700195,33.630371,37.536621
7332,-0.095703,-0.495117,-0.550293,-51.757812,-7.324219,11.901855
7333,0.015625,-0.404297,-0.670898,-69.580078,-24.597168,8.850098
7334,0.059570,-0.363770,-0.803711,-87.402344,-27.282715,14.221191
7335,0.145996,-0.325684,-0.916504,-99.792480,-20.507812,23.071289
7336,0.167969,-0.286621,-0.988281,-102.478027,-12.084961,41.442871
7337,-0.042969,-0.382812,-1.065430,-84.594727,13.000488,59.143066
7338,-0.159180,-0.458496,-0.991211,-84.594727,20.996094,44.372559
7339,-0.170410,-0.603027,-0.827637,-101.318359,11.413574,-11.657715
7340,-0.141602,-0.635254,-0.817871,-99.487305,-2.319336,-38.696289
7341,-0.096680,-0.610352,-0.828125,-88.806152,-16.296387,-56.152344
7342,-0.036621,-0.534668,-0.831543,-77.819824,-28.015137,-63.354492
7343,0.094238,-0.313965,-1.241699,-20.202637,-44.128418,-47.058105
7344,0.099609,-0.110352,-1.242676,19.104004,-37.902832,-19.470215
7345,0.062012,-0.007324,-1.031250,21.728516,-26.306152,10.925293
7346,0.028809,-0.064941,-1.020508,16.662598,-2.685547,62.805176
7347,-0.028320,-0.189453,-0.979492,10.681152,11.718750,74.035645
7348,-0.090332,-0.374023,-0.926758,-7.873535,23.864746,65.185547
7349,-0.148438,-0.499023,-0.798828,-38.208008,26.550293,2.624512
7350,-0.130371,-0.463379,-0.729004,-52.917480,17.761230,-27.832031
7351,-0.094238,-0.412109,-0.692383,-71.044922,5.310059,-50.964355
7352,-0.062988,-0.376465,-0.716309,-87.646484,-8.605957,-66.284180
7353,-0.072266,-0.331543,-0.982910,-82.275391,-40.527344,-70.434570
7354,-0.020996,-0.213867,-1.011719,-65.795898,-56.884766,-55.053711
7355,0.060059,-0.036621,-0.941895,-51.635742,-75.866699,9.704590
7356,0.061523,-0.065918,-0.946777,-58.044434,-74.890137,38.879395
7357,0.020020,-0.136230,-0.991211,-63.171387,-68.359375,48.461914
7358,-0.064941,-0.187988,-0.985352,-56.274414,-63.415527,40.039062
7359,-0.164062,-0.345215,-1.072266,-32.531738,-59.753418,2.441406
7360,-0.161133,-0.336426,-1.081543,-17.822266,-58.166504,-13.977051
7361,-0.138672,-0.291504,-1.028809,-13.000488,-54.870605,-25.451660
7362,-0.144531,-0.251465,-1.004395,-19.409180,-47.546387,-40.649414
7363,-0.153809,-0.195312,-1.026855,-16.418457,-44.738770,-44.250488
7364,-0.137695,-0.103027,-1.007812,-14.709473,-41.625977,-39.184570
7365,-0.110840,-0.028809,-0.964844,-16.662598,-39.184570,-26.550293
7366,-0.123047,-0.050293,-0.984375,-24.719238,-30.090332,3.784180
7367,-0.182617,-0.185547,-1.077148,-25.939941,-19.287109,8.850098
7368,-0.228027,-0.251465,-1.091797,-20.568848,-4.333496,5.554199
7369,-0.201172,-0.201660,-0.941406,-13.610840,11.962891,-1.892090
7370,-0.209473,-0.149414,-0.888184,-2.319336,0.976562,-2.563477
7371,-0.239746,-0.082520,-0.785156,10.742188,-30.151367,-2.807617
7372,-0.243164,-0.077148,-0.935547,4.699707,-71.350098,-4.272461
7373,-0.258301,-0.103516,-0.909668,0.427246,-68.420410,-7.995605
7374,-0.282227,-0.131348,-0.976562,-7.446289,-62.561035,-12.207031
7375,-0.298828,-0.200684,-1.015137,-13.427734,-34.667969,-28.503418
7376,-0.305176,-0.211914,-0.951660,-18.920898,-21.972656,-37.109375
7377,-0.303223,-0.207520,-0.910645,-25.329590,-17.150879,-44.372559
7378,-0.283691,-0.190918,-0.936523,-22.583008,-30.761719,-45.776367
7379,-0.310547,-0.213379,-1.094238,-17.211914,-27.282715,-48.583984
7380,-0.300781,-0.162109,-1.057129,-13.183594,-12.695312,-51.940918
7381,-0.219727,0.010742,-0.931641,-10.009766,13.916016,-32.287598
7382,-0.207520,0.016113,-0.892578,-11.169434,13.793945,-11.840820
7383,-0.217773,-0.009766,-0.883301,-9.643555,8.300781,5.615234
7384,-0.220703,-0.050781,-0.887207,-8.666992,1.953125,15.319824
7385,-0.201660,-0.100586,-0.887207,-9.399414,-12.573242,22.277832
7386,-0.208496,-0.134277,-0.880371,-10.437012,-18.432617,19.714355
7387,-0.217285,-0.112305,-0.874023,-18.615723,-26.245117,13.610840
7388,-0.250000,-0.126465,-0.789062,-46.081543,-35.705566,2.563477
7389,-0.305664,-0.198730,-0.893555,-59.204102,-37.902832,-7.141113
7390,-0.356934,-0.257324,-1.078613,-60.241699,-29.357910,-20.935059
7391,-0.355957,-0.225586,-1.245117,-49.133301,19.348145,-48.583984
7392,-0.287109,-0.110840,-1.137207,-36.987305,44.494629,-51.757812
7393,-0.206055,0.019043,-0.955078,-35.827637,52.307129,-43.151855
7394,-0.169922,0.071289,-0.900879,-26.245117,31.250000,-8.422852
7395,-0.198242,0.000000,-1.042480,-7.385254,16.845703,7.263184
7396,-0.291992,-0.087402,-1.020020,14.038086,5.004883,12.695312
7397,-0.346680,-0.154297,-0.892090,5.371094,-10.681152,-6.835938
7398,-0.273926,-0.077148,-0.858398,-9.094238,-10.009766,-16.357422
7399,-0.217285,0.000000,-0.848145,-22.644043,-8.972168,-21.301270
7400,-0.208984,0.033203,-0.907227,-23.986816,-26.245117,-16.235352
7401,-0.205566,0.061035,-0.902832,-20.019531,-38.330078,-10.986328
7402,-0.205566,0.049805,-0.953125,-16.479492,-49.255371,-3.112793
7403,-0.253906,0.029785,-0.822754,-25.085449,-87.158203,14.892578
7404,-0.290527,-0.017578,-0.828125,-29.174805,-99.670410,19.958496
7405,-0.351074,-0.119629,-0.868164,-37.780762,-106.384277,17.150879
7406,-0.448730,-0.229492,-0.897949,-56.030273,-103.332520,-15.991211
7407,-0.434082,-0.115723,-1.071289,-57.739258,-91.064453,-31.066895
7408,-0.372559,-0.019043,-1.111816,-52.978516,-73.791504,-35.339355
7409,-0.341309,0.081543,-1.072754,-29.846191,-37.109375,-25.878906
7410,-0.354004,0.096680,-1.042480,-16.723633,-23.376465,-16.113281
7411,-0.364746,0.120117,-0.981445,-4.882812,-15.747070,-3.723145
7412,-0.473145,0.047852,-0.934082,14.160156,-15.930176,12.756348
7413,-0.458008,0.006348,-0.968262,15.991211,-8.178711,12.145996
7414,-0.457031,-0.062988,-0.984375,14.526367,8.300781,6.103516
7415,-0.473633,-0.088867,-0.912109,7.568359,22.216797,-2.624512
7416,-0.438477,-0.010742,-0.743652,-13.854980,11.474609,-17.272949
7417,-0.409180,0.015625,-0.774902,-17.333984,-3.173828,-19.653320
7418,-0.373047,0.123047,-0.614746,-42.175293,-57.983398,-4.150391
7419,-0.440430,0.068359,-0.670410,-43.090820,-88.317871,2.319336
7420,-0.464355,0.036621,-0.783203,-47.058105,-107.055664,5.432129
7421,-0.528320,0.041504,-0.955566,-45.715332,-108.093262,5.493164
7422,-0.557129,0.036621,-1.039062,-40.405273,-93.017578,3.662109
7423,-0.562012,0.052246,-1.063477,-37.292480,-69.702148,0.671387
7424,-0.547363,0.014160,-1.092285,-23.437500,-16.418457,-6.286621
7425,-0.510254,0.061523,-1.033691,-12.329102,4.577637,-7.446289
7426,-0.461426,0.093750,-0.837891,0.427246,12.451172,3.601074
7427,-0.473633,0.126953,-0.829102,5.798340,9.094238,8.300781
7428,-0.492188,0.139160,-0.871094,8.178711,8.728027,14.465332
7429,-0.510742,0.149902,-0.857422,12.023926,10.314941,20.080566
7430,-0.489258,0.092773,-0.853027,12.573242,13.732910,28.442383
7431,-0.512695,0.027832,-0.877930,12.756348,16.174316,25.146484
7432,-0.540039,-0.066895,-0.920898,10.375977,20.202637,12.023926
7433,-0.500977,0.078613,-0.880859,-3.173828,20.507812,-5.432129
7434,-0.498047,0.078125,-0.849609,-11.169434,20.629883,-2.563477
7435,-0.504883,0.080566,-0.895508,-15.075684,24.597168,4.211426
7436,-0.502441,0.098145,-0.852539,-12.207031,27.099609,13.000488
7437,-0.388184,0.125977,-0.957031,-44.616699,54.260254,31.921387
7438,-0.386719,0.090332,-0.997070,-67.687988,101.867676,37.353516
7439,-0.411133,0.116211,-1.009277,-94.970703,157.836914,40.039062
7440,-0.490723,0.135254,-1.236328,-104.370117,257.812500,38.574219
7441,-0.541504,0.224609,-1.069336,-53.955078,261.352539,30.639648
7442,-0.326172,0.239746,-0.665527,-39.855957,184.326172,30.761719
7443,-0.260254,0.164062,-0.708496,-25.939941,127.502441,35.278320
7444,-0.237793,0.100586,-0.827637,-14.831543,82.641602,29.846191
7445,-0.182617,0.111328,-0.837891,-9.521484,46.386719,20.568848
7446,-0.172363,0.099609,-0.894531,-7.141113,19.592285,11.291504
7447,-0.150879,0.220215,-0.867676,-14.709473,-11.108398,-8.728027
7448,-0.112305,0.303223,-0.832520,-23.620605,-21.362305,-10.925293
7449,-0.111816,0.331543,-0.843262,-43.701172,-40.344238,-6.591797
7450,-0.162598,0.233887,-0.852539,-58.959961,-48.767090,-6.286621
7451,-0.212402,0.158203,-0.940918,-60.180664,-52.612305,-9.948730
7452,-0.262207,0.132324,-1.001465,-59.814453,-46.081543,-16.235352
7453,-0.246582,0.238281,-0.953125,-77.087402,-14.038086,-27.282715
7454,-0.233887,0.252441,-0.974121,-83.312988,3.723145,-29.724121
7455,-0.188965,0.321777,-0.924316,-91.369629,45.227051,-35.400391
7456,-0.159668,0.342285,-0.938477,-97.656250,57.678223,-34.301758
7457,-0.164062,0.458008,-0.982422,-39.245605,32.592773,-25.817871
7458,-0.183105,0.551270,-0.834473,-20.019531,1.464844,-11.596680
7459,-0.227051,0.486816,-0.891113,-19.104004,-18.798828,-2.197266
7460,-0.223145,0.379395,-0.930664,-32.226562,-9.216309,2.258301
7461,-0.252930,0.279785,-0.970215,-37.170410,4.516602,-1.037598
7462,-0.248047,0.258301,-0.960449,-43.457031,17.395020,-9.155273
7463,-0.191895,0.346191,-0.860352,-54.382324,33.325195,-21.911621
7464,-0.178711,0.379883,-0.800293,-65.856934,33.630371,-19.775391
7465,-0.214355,0.359375,-0.913086,-61.340332,34.179688,-18.249512
7466,-0.198730,0.483887,-0.929688,-46.203613,32.287598,-14.038086
7467,-0.206055,0.482422,-0.818359,-25.573730,20.812988,6.103516
7468,-0.235352,0.390625,-0.875000,-22.155762,15.930176,10.498047
7469,-0.253418,0.324707,-0.922363,-15.075684,13.366699,5.187988
7470,-0.165039,0.442383,-0.874512,-13.305664,13.122559,-4.943848
7471,-0.110840,0.443848,-0.892090,-20.751953,17.272949,-5.065918
7472,-0.172363,0.422852,-0.863770,-27.465820,22.705078,-14.953613
7473,-0.156738,0.420410,-0.819824,-34.545898,21.301270,-17.761230
7474,-0.167480,0.325195,-0.797852,-45.532227,20.141602,-17.761230
7475,-0.214355,0.367188,-0.771484,-56.274414,15.808105,-16.845703
7476,-0.214355,0.573242,-0.847656,-54.443359,11.291504,-16.845703
7477,-0.180176,0.563965,-0.836914,-55.114746,12.329102,-11.169434
7478,-0.177246,0.519531,-0.816895,-53.466797,7.507324,-2.929688
7479,-0.206543,0.421875,-0.875000,-49.987793,-16.540527,5.798340
7480,-0.195312,0.451660,-0.966797,-51.452637,-19.958496,1.342773
7481,-0.194336,0.487793,-0.979980,-56.518555,-13.305664,-3.479004
7482,-0.166504,0.573730,-0.921875,-59.753418,8.483887,-10.986328
7483,-0.245605,0.519043,-0.799805,-69.824219,17.456055,-20.263672
7484,-0.245117,0.636719,-0.691406,-101.379395,27.893066,-32.714844
7485,-0.187012,0.456055,-0.643066,-130.615234,28.747559,-35.766602
7486,-0.214844,0.402344,-0.662598,-132.873535,17.517090,-37.353516
7487,-0.127441,0.439453,-0.606934,-151.733398,6.835938,-45.959473
7488,-0.047363,0.798340,-0.757812,-147.888184,-2.014160,-29.968262
7489,-0.111328,0.756348,-0.694336,-129.821777,-2.319336,-17.028809
7490,-0.219238,0.756836,-0.673828,-102.478027,-8.483887,-8.239746
7491,-0.275879,0.604980,-0.588379,-58.105469,-28.015137,-4.882812
7492,-0.237305,0.672363,-0.582520,-64.514160,-38.818359,-5.126953
7493,-0.200195,0.712891,-0.626465,-75.866699,-44.677734,-2.685547
7494,-0.267090,0.365723,-0.241211,-125.976562,-57.983398,-25.573730
7495,-0.261230,0.369629,-0.274902,-178.100586,-80.261230,-63.110352
7496,-0.219727,0.614258,-0.524902,-203.796387,-97.595215,-91.064453
7497,-0.261230,0.806641,-0.642090,-214.111328,-98.815918,-122.863770
7498,-0.279785,0.855957,-0.631348,-205.993652,-82.824707,-129.211426
7499,-0.282715,1.010742,-0.703125,-189.086914,-62.011719,-124.511719
7500,-0.365723,0.898438,-0.635742,-159.362793,-40.527344,-111.755371
7501,-0.395996,1.173340,-0.568359,-107.604980,-11.047363,-72.998047
7502,-0.437012,1.309082,-0.604980,-59.936523,6.225586,-29.663086
7503,-0.551270,1.187988,-0.399414,-42.602539,34.301758,38.879395
7504,-0.505371,0.947754,-0.385254,-68.603516,42.541504,47.851562
7505,-0.394043,0.748535,-0.294434,-85.693359,49.316406,45.593262
7506,-0.399902,0.645020,-0.224121,-93.872070,50.109863,37.109375
7507,-0.361328,0.745117,-0.142090,-94.787598,37.170410,21.240234
7508,-0.350586,0.819336,-0.382324,-74.035645,10.498047,2.929688
7509,-0.354004,0.859863,-0.349121,-64.636230,18.432617,-4.882812
7510,-0.362305,0.943848,-0.150391,-55.541992,9.216309,-3.601074
7511,-0.369141,0.967285,-0.099609,-44.067383,-8.056641,5.798340
7512,-0.359375,0.995117,-0.089355,-31.372070,-27.282715,20.568848
7513,-0.357422,0.970703,-0.262207,-19.958496,-33.752441,41.076660
7514,-0.334961,0.866211,-0.322266,-18.432617,-21.667480,39.306641
7515,-0.313965,0.884766,-0.312500,-21.911621,-9.094238,34.118652
7516,-0.330566,0.927246,-0.325684,-50.415039,11.108398,20.324707
7517,-0.295410,1.008301,-0.270508,-76.904297,15.625000,17.456055
7518,-0.328125,0.909180,-0.248047,-107.177734,17.456055,9.033203
7519,-0.254395,0.878906,-0.101562,-122.863770,12.512207,-5.249023
7520,-0.274414,0.856445,-0.024902,-113.891602,1.464844,-5.249023
7521,-0.292480,0.866699,0.021484,-99.121094,-14.587402,-4.882812
7522,-0.247070,0.988770,-0.077637,-85.205078,-35.766602,18.615723
7523,-0.373535,0.979004,-0.109375,-74.890137,-34.240723,26.184082
7524,-0.388184,0.921875,-0.100098,-53.527832,-36.071777,23.193359
7525,-0.334961,0.849609,-0.104004,-49.682617,-17.272949,27.893066
7526,-0.328613,0.925781,-0.049316,-56.640625,-8.972168,25.695801
7527,-0.337402,0.955078,-0.055664,-66.467285,-7.141113,23.620605
7528,-0.287109,0.967285,0.047852,-72.021484,-16.601562,24.719238
7529,-0.269531,0.940430,0.058105,-72.265625,-26.672363,24.047852
7530,-0.274414,0.935059,-0.015137,-72.937012,-27.465820,22.094727
7531,-0.278809,0.953613,0.043945,-70.495605,-8.117676,9.887695
7532,-0.263184,0.986328,0.112305,-70.068359,-4.760742,5.676270
7533,-0.258301,0.960938,0.159180,-75.622559,-7.934570,4.760742
7534,-0.231934,0.985352,0.065430,-101.257324,3.051758,19.226074
7535,-0.333984,0.913086,0.104980,-100.891113,7.690430,18.432617
7536,-0.175293,0.985840,0.354980,-74.951172,-22.155762,8.605957
7537,-0.225098,0.969727,0.347168,-61.828613,-44.189453,17.150879
7538,-0.242676,0.972656,0.336914,-48.217773,-64.208984,22.827148
7539,-0.227539,0.985352,0.273438,-39.367676,-77.819824,29.724121
7540,-0.223633,0.966797,0.153320,-46.997070,-74.645996,25.146484
7541,-0.206543,0.933594,0.160645,-54.565430,-57.678223,18.127441
7542,-0.073730,1.016602,0.138184,-81.542969,-19.775391,5.676270
7543,-0.085938,0.978516,0.194336,-93.811035,1.831055,25.024414
7544,-0.180176,0.890137,0.274414,-103.698730,14.831543,35.949707
7545,-0.285645,0.852051,0.291992,-107.055664,22.644043,36.010742
7546,-0.313965,0.816895,0.305176,-95.214844,27.832031,30.151367
7547,-0.260742,0.825684,0.329102,-36.926270,30.334473,15.380859
7548,-0.197754,0.879395,0.353516,-11.474609,36.071777,8.605957
7549,-0.190430,0.910156,0.394531,4.638672,59.020996,-1.586914
7550,-0.153809,0.974609,0.374512,3.295898,76.293945,5.187988
7551,-0.169434,0.929199,0.444824,4.455566,78.674316,15.686035
7552,-0.184082,0.910645,0.471191,5.554199,67.687988,23.498535
7553,-0.212402,0.926270,0.362793,0.549316,45.715332,16.784668
7554,-0.226562,0.924805,0.283691,11.352539,39.062500,9.582520
7555,-0.258789,0.870605,0.286133,21.606445,31.738281,-3.479004
7556,-0.252441,0.923340,0.287598,32.043457,9.216309,-40.344238
7557,-0.168457,0.889160,0.439941,24.475098,2.807617,-37.841797
7558,-0.269531,0.788086,0.426270,13.427734,-7.080078,-30.822754
7559,-0.280762,0.905273,0.243652,30.700684,-27.770996,-30.883789
7560,-0.280762,0.895996,0.226074,37.353516,-24.902344,-27.343750
7561,-0.287598,0.906738,0.167969,34.484863,-15.502930,-28.991699
7562,-0.267578,0.906738,0.180664,29.418945,-3.601074,-31.555176
7563,-0.345215,0.847168,0.233398,18.493652,10.681152,-36.804199
7564,-0.366211,0.909668,0.207031,26.245117,11.047363,-34.729004
7565,-0.386230,1.307129,-0.035645,46.508789,25.512695,6.286621
7566,-0.437988,1.145020,0.256836,30.029297,31.982422,33.935547
7567,-0.361816,1.060547,0.295410,-22.399902,31.860352,53.161621
7568,-0.350586,0.826172,0.180176,-60.424805,33.874512,78.857422
7569,-0.291504,0.808594,0.300293,-54.199219,29.907227,75.683594
7570,-0.209473,0.877441,0.358887,-43.457031,19.348145,71.960449
7571,-0.171387,0.898438,0.360352,-29.663086,4.638672,66.345215
7572,-0.138672,0.843750,0.339355,-5.004883,-27.160645,40.100098
7573,-0.102051,0.874512,0.330566,0.305176,-43.029785,26.977539
7574,-0.059570,1.003906,0.260254,2.746582,-62.011719,25.390625
7575,-0.099121,0.979492,0.194336,2.441406,-54.016113,28.930664
7576,-0.097656,0.944824,0.180664,-3.417969,-34.118652,28.320312
7577,-0.066895,0.953613,0.268066,-16.723633,-12.756348,30.273438
7578,-0.093750,0.996582,0.273438,-80.078125,34.667969,43.212891
7579,-0.145996,0.901855,0.233887,-105.773926,55.175781,35.400391
7580,-0.134766,0.941406,0.220703,-109.558105,65.307617,27.404785
7581,-0.095215,0.963867,0.366211,-102.966309,73.181152,28.808594
7582,-0.113770,0.910156,0.439941,-106.567383,67.138672,34.240723
7583,-0.115723,0.903320,0.488770,-111.877441,56.579590,39.550781
7584,-0.079102,0.999023,0.520996,-125.671387,25.451660,53.100586
7585,-0.108398,0.921387,0.601562,-136.962891,8.850098,50.476074
7586,-0.095703,0.854004,0.606445,-149.414062,-10.070801,41.870117
7587,-0.193359,0.711914,0.466309,-132.324219,-35.217285,20.141602
7588,-0.196777,0.695312,0.434570,-119.201660,-30.456543,-1.342773
7589,-0.168945,0.764648,0.496094,-112.060547,-25.939941,-18.005371
7590,-0.120605,0.930664,0.728027,-126.281738,-33.447266,-21.972656
7591,-0.128418,0.934082,0.785645,-147.949219,-46.569824,-14.221191
7592,-0.125488,0.896973,0.737305,-157.348633,-59.265137,-1.953125
7593,-0.114746,0.674805,0.543457,-108.215332,-47.607422,6.774902
7594,-0.043457,0.612305,0.651367,-78.430176,-35.400391,2.441406
7595,-0.021973,0.618164,0.682617,-55.541992,-29.052734,0.854492
7596,-0.066895,0.667480,0.718262,-43.579102,-22.888184,-0.488281
7597,-0.111816,0.693359,0.887207,-64.086914,-19.836426,-1.281738
7598,-0.088379,0.751465,0.846680,-77.331543,-26.733398,6.225586
7599,-0.018555,0.678711,0.718750,-53.100586,-24.047852,18.432617
7600,-0.009766,0.579590,0.824219,-39.245605,-16.052246,13.488770
7601,0.004883,0.535645,0.791992,-21.057129,-17.883301,4.821777
7602,-0.007812,0.543457,0.796875,-0.122070,-20.996094,-2.502441
7603,-0.059570,0.531738,0.776367,-4.150391,-22.033691,-25.146484
7604,-0.043945,0.629395,0.773926,-15.502930,-24.475098,-33.081055
7605,-0.022461,0.796387,0.740234,-26.672363,-30.151367,-24.658203
7606,0.022949,0.846191,0.673340,-32.409668,-27.648926,-13.244629
7607,0.016602,0.646973,0.581055,-30.456543,1.281738,-2.624512
7608,0.028320,0.624512,0.607910,-30.212402,17.028809,-3.906250
7609,0.020996,0.617676,0.639648,-32.104492,32.958984,-6.896973
7610,-0.037598,0.544922,0.874023,-24.230957,33.874512,-18.066406
7611,-0.065430,0.587402,0.885742,-11.657715,19.714355,-20.324707
7612,-0.075195,0.648926,0.842285,-0.732422,8.300781,-17.822266
7613,-0.064453,0.729492,0.667480,7.263184,3.906250,-4.638672
7614,-0.090820,0.665527,0.669434,5.004883,12.939453,1.037598
7615,-0.049316,0.692383,0.656738,-1.220703,22.827148,3.295898
7616,-0.030762,0.592773,0.876953,-21.972656,39.489746,0.549316
7617,-0.042480,0.568848,0.911621,-24.780273,36.743164,-6.774902
7618,-0.074219,0.550293,0.967773,-15.686035,27.038574,-15.258789
7619,-0.018555,0.665527,0.896484,-3.845215,13.305664,-16.662598
7620,-0.165039,0.683594,0.865234,-7.751465,5.493164,-6.225586
7621,-0.212402,0.639648,0.887695,-32.714844,7.568359,-7.629395
7622,-0.220703,0.566406,0.870117,-56.701660,5.432129,-13.732910
7623,-0.094727,0.642090,0.841309,-74.462891,-0.122070,-19.653320
7624,-0.103027,0.553223,0.806152,-80.932617,0.061035,-20.812988
7625,-0.080078,0.507324,0.765625,-83.801270,4.577637,-23.559570
7626,-0.104492,0.432617,0.925293,-43.945312,6.347656,-31.372070
7627,-0.119629,0.482910,1.045410,-15.686035,-14.953613,-26.550293
7628,-0.158203,0.485352,1.012695,-2.319336,-35.888672,-25.634766
7629,-0.117676,0.497070,0.784668,3.417969,-38.330078,-32.287598
7630,-0.058105,0.519531,0.739746,-0.732422,-22.766113,-34.179688
7631,-0.052734,0.549805,0.744629,-9.155273,-7.629395,-31.860352
7632,-0.189453,0.579590,0.758789,-34.179688,7.873535,-23.864746
7633,-0.205078,0.578125,0.814941,-41.931152,11.474609,-22.155762
7634,-0.183594,0.570312,0.856934,-49.804688,11.779785,-17.272949
7635,-0.173828,0.493164,0.830078,-52.368164,12.023926,-11.901855
7636,-0.176758,0.399414,0.854980,-36.621094,12.939453,-9.338379
7637,-0.157715,0.364258,0.909180,-28.808594,12.084961,-13.122559
7638,-0.132324,0.366699,1.004883,-37.231445,-12.329102,-15.197754
7639,-0.139160,0.307617,0.915527,-66.223145,-28.442383,-10.009766
7640,-0.104980,0.631348,0.829590,-78.430176,-38.513184,-2.014160
7641,-0.157227,0.715820,0.627441,-47.790527,-48.950195,17.089844
7642,-0.189453,0.621582,0.722168,-16.784668,-15.930176,17.639160
7643,-0.139648,0.587891,0.733398,-19.348145,9.643555,15.319824
7644,-0.096680,0.509277,0.792480,-23.681641,31.372070,17.944336
7645,-0.136230,0.359375,0.985840,-62.805176,45.166016,14.892578
7646,-0.141602,0.256836,0.918945,-85.937500,44.006348,4.699707
7647,-0.161133,0.102051,0.822754,-93.261719,40.832520,-10.742188
7648,-0.153809,0.175781,0.950684,-103.393555,45.593262,-46.020508
7649,-0.149902,0.323730,1.013184,-102.600098,47.302246,-48.278809
7650,-0.170410,0.375000,1.013184,-95.092773,47.180176,-42.663574
7651,-0.158691,0.386719,1.020020,-78.857422,44.372559,-28.259277
7652,-0.138184,0.376465,1.017578,-73.852539,39.062500,-18.554688
7653,-0.140625,0.351562,1.017090,-64.025879,25.085449,-8.361816
7654,-0.174805,0.300293,0.967773,-50.231934,-6.713867,2.197266
7655,-0.186035,0.251465,0.932617,-48.522949,-13.000488,1.159668
7656,-0.214844,0.211914,0.923828,-56.091309,-10.437012,-3.906250
7657,-0.270020,0.145996,0.862793,-69.763184,10.620117,-25.695801
7658,-0.296875,0.108887,0.902832,-71.533203,20.263672,-40.710449
7659,-0.288574,0.112305,0.984863,-72.082520,27.954102,-56.701660
7660,-0.268066,0.140137,1.016113,-68.786621,31.982422,-68.908691
7661,-0.264648,0.163574,1.016113,-53.100586,32.592773,-78.552246
7662,-0.261230,0.164551,0.974609,-48.645020,31.005859,-73.913574
7663,-0.259766,0.161621,0.944824,-47.180176,31.127930,-67.260742
7664,-0.263672,0.152832,0.889648,-53.894043,41.198730,-57.189941
7665,-0.280762,0.153809,0.897461,-61.035156,48.950195,-55.480957
7666,-0.293945,0.154297,0.933105,-65.368652,53.710938,-55.175781
7667,-0.301758,0.147949,0.945801,-64.331055,53.222656,-55.175781
7668,-0.268555,0.178223,0.954590,-41.748047,41.259766,-43.334961
7669,-0.280762,0.150879,0.996582,-29.113770,33.142090,-34.240723
7670,-0.289551,0.131348,1.023926,-17.517090,22.766113,-26.245117
7671,-0.300293,0.099609,0.969727,-4.211426,7.629395,-14.038086
7672,-0.313965,0.098145,0.961914,-5.126953,4.882812,-8.605957
7673,-0.326660,0.093750,0.956543,-5.798340,2.563477,-3.112793
7674,-0.331055,0.082031,0.943359,-6.347656,1.770020,2.075195
7675,-0.345703,0.040039,0.931152,-12.329102,4.028320,3.662109
7676,-0.353516,0.027832,0.931641,-16.845703,5.126953,-0.366211
7677,-0.346191,0.026367,0.925293,-25.207520,7.324219,-10.070801
7678,-0.335449,0.040527,0.931152,-29.357910,8.605957,-12.390137
7679,-0.333984,0.035156,0.920410,-30.578613,9.033203,-13.427734
7680,-0.334961,0.010742,0.894531,-26.550293,8.300781,-11.962891
7681,-0.344238,-0.056641,0.915039,-11.596680,7.263184,-2.258301
7682,-0.333496,-0.043457,0.991211,-9.704590,7.507324,3.479004
7683,-0.349609,-0.034668,1.022461,-8.666992,5.065918,9.338379
7684,-0.363770,-0.033691,0.975586,5.676270,-7.019043,16.662598
7685,-0.365723,-0.044922,0.956055,8.056641,-9.216309,18.066406
7686,-0.373047,-0.044434,0.945312,6.896973,-8.544922,18.249512
7687,-0.393555,-0.040527,0.940430,2.807617,-6.103516,16.174316
7688,-0.394043,-0.034180,0.956055,0.427246,-5.920410,14.099121
7689,-0.390625,-0.029785,0.964844,-1.098633,-7.263184,12.451172
7690,-0.383789,-0.048340,0.965332,-2.319336,-10.803223,8.300781
7691,-0.403809,-0.091797,0.975586,-4.089355,-12.268066,3.417969
7692,-0.439941,-0.148438,0.993164,-8.117676,-13.854980,-7.263184
7693,-0.422852,-0.142578,0.989746,-17.333984,-14.404297,-27.770996
7694,-0.302734,-0.047363,0.917969,-20.019531,-10.864258,-28.503418
7695,-0.283691,-0.031250,0.892578,-22.705078,-3.967285,-27.404785
7696,-0.271973,-0.024414,0.895020,-26.123047,4.699707,-25.817871
7697,-0.265625,-0.019531,0.890137,-30.273438,14.038086,-23.986816
7698,-0.268555,0.008789,0.829102,-35.156250,31.799316,-16.601562
7699,-0.302246,-0.036133,0.924316,-42.114258,44.738770,-11.718750
7700,-0.318359,-0.026855,0.970703,-41.931152,43.884277,-8.728027
7701,-0.377930,-0.098145,0.988281,-46.142578,38.696289,-9.277344
7702,-0.359375,-0.084961,0.921387,-49.926758,36.926270,-10.437012
7703,-0.353516,-0.075195,0.899902,-52.734375,38.574219,-10.192871
7704,-0.370117,-0.064941,0.868652,-62.927246,53.344727,-13.122559
7705,-0.381348,-0.073242,0.861328,-67.565918,63.354492,-18.310547
7706,-0.364746,-0.014648,0.861816,-62.438965,70.983887,-22.460938
7707,-0.325195,0.126465,0.950684,-46.752930,69.519043,-12.939453
7708,-0.359375,0.054688,1.173340,-2.380371,13.916016,31.616211
7709,-0.390625,-0.019531,1.118164,18.371582,-22.644043,47.790527
7710,-0.418457,-0.110840,0.898438,40.710449,-53.710938,60.302734
7711,-0.432129,-0.174316,0.844727,38.330078,-46.325684,58.166504
7712,-0.481934,-0.286133,0.833008,28.564453,-30.883789,47.973633
7713,-0.550781,-0.443848,0.869141,7.568359,-7.385254,0.366211
7714,-0.543945,-0.458008,0.877441,0.305176,-6.347656,-27.832031
7715,-0.510254,-0.413086,0.854980,-2.929688,-7.812500,-50.415039
7716,-0.467285,-0.306641,0.794922,-17.883301,9.948730,-80.871582
7717,-0.445312,-0.237793,0.804199,-27.038574,26.428223,-89.538574
7718,-0.428223,-0.178223,0.839844,-34.606934,42.785645,-91.979980
7719,-0.388672,-0.070801,0.904785,-41.625977,62.805176,-80.261230
7720,-0.370605,-0.016602,0.934570,-42.846680,66.345215,-66.772461
7721,-0.350586,0.045898,0.967773,-44.494629,67.260742,-47.912598
7722,-0.354492,0.058594,1.013184,-41.381836,64.514160,-24.902344
7723,-0.395996,-0.031250,1.050781,-19.836426,39.245605,15.380859
7724,-0.413086,-0.083008,1.031738,-11.108398,20.263672,30.456543
7725,-0.465332,-0.160156,0.899902,0.000000,-11.230469,47.058105
7726,-0.496094,-0.200195,0.849609,0.793457,-13.916016,49.072266
7727,-0.507324,-0.232422,0.813965,-1.220703,-9.399414,46.325684
7728,-0.501953,-0.250488,0.790039,-4.821777,-0.976562,39.672852
7729,-0.517578,-0.259766,0.833496,-8.666992,11.230469,20.751953
7730,-0.526855,-0.248535,0.855957,-4.394531,9.033203,10.620117
7731,-0.530273,-0.231934,0.859375,1.037598,4.577637,2.441406
7732,-0.530762,-0.207520,0.845215,7.873535,-2.502441,-9.094238
7733,-0.520508,-0.195312,0.834961,8.056641,-3.662109,-13.366699
7734,-0.449219,-0.094727,0.874512,1.342773,-3.295898,-10.498047
7735,-0.446289,-0.084473,0.873535,0.366211,-3.784180,-4.577637
7736,-0.456055,-0.094238,0.872559,-2.319336,-2.624512,-0.244141
7737,-0.461914,-0.132324,0.839355,-11.718750,4.821777,5.126953
7738,-0.473145,-0.155273,0.842285,-16.113281,8.972168,5.920410
7739,-0.485352,-0.173828,0.854492,-18.737793,10.925293,5.004883
7740,-0.504395,-0.204590,0.840820,-17.944336,8.300781,-0.122070
7741,-0.504883,-0.219238,0.841309,-15.258789,6.103516,-2.563477
7742,-0.500977,-0.230469,0.847656,-12.756348,4.699707,-4.272461
7743,-0.500000,-0.249512,0.845703,-10.742188,2.929688,-8.422852
7744,-0.490723,-0.225098,0.898926,-12.329102,1.770020,-10.070801
7745,-0.467773,-0.187500,0.902344,-13.427734,-2.563477,-8.422852
7746,-0.474121,-0.236816,0.870605,-8.361816,-12.512207,-3.784180
7747,-0.477539,-0.258301,0.850586,-8.300781,-10.986328,-6.225586
7748,-0.471680,-0.255859,0.852539,-6.713867,-7.263184,-9.216309
7749,-0.459473,-0.260742,0.874023,2.380371,-1.586914,-10.498047
7750,-0.460938,-0.274902,0.867676,4.821777,0.000000,-11.535645
7751,-0.462891,-0.288086,0.849609,5.920410,0.976562,-12.329102
7752,-0.463867,-0.268555,0.843750,7.751465,0.305176,-11.535645
7753,-0.493652,-0.233398,0.882812,11.535645,-9.582520,-11.779785
7754,-0.479980,-0.206543,0.892578,9.521484,-14.831543,-13.671875
7755,-0.447754,-0.168945,0.888184,6.835938,-17.578125,-13.732910
7756,-0.406738,-0.103027,0.905273,2.807617,-18.005371,-5.187988
7757,-0.415039,-0.101074,0.897949,1.037598,-15.747070,1.770020
7758,-0.458008,-0.199219,0.854492,-4.150391,-9.033203,5.249023
7759,-0.484863,-0.256836,0.828613,-7.995605,-2.624512,2.136230
7760,-0.506348,-0.298340,0.813477,-12.145996,2.075195,-3.540039
7761,-0.500000,-0.290039,0.816406,-14.465332,4.577637,-8.850098
7762,-0.478027,-0.228516,0.842773,-16.357422,5.798340,-11.657715
7763,-0.466797,-0.220703,0.852051,-14.343262,3.906250,-10.925293
7764,-0.431641,-0.204102,0.828125,-16.357422,7.019043,-5.493164
7765,-0.432617,-0.214844,0.830078,-18.798828,13.427734,-1.953125
7766,-0.429688,-0.243652,0.830566,-22.155762,23.010254,1.525879
7767,-0.428711,-0.237305,0.853027,-25.634766,29.846191,5.065918
7768,-0.424805,-0.216309,0.884766,-27.832031,35.888672,15.258789
7769,-0.433105,-0.225586,0.895996,-26.245117,35.766602,20.385742
7770,-0.451660,-0.247070,0.895508,-23.498535,33.996582,24.414062
7771,-0.521484,-0.305664,0.880371,-16.113281,23.742676,26.550293
7772,-0.534180,-0.312500,0.876953,-12.756348,13.732910,24.841309
7773,-0.549805,-0.315918,0.825195,-5.432129,0.549316,20.568848
7774,-0.546875,-0.320801,0.804688,-3.723145,1.525879,15.075684
7775,-0.527344,-0.307129,0.794922,-3.173828,5.065918,8.300781
7776,-0.543457,-0.270020,0.856445,1.281738,3.051758,-2.258301
7777,-0.546875,-0.261230,0.847168,8.544922,-2.868652,-6.347656
7778,-0.550781,-0.261230,0.824219,12.023926,-5.371094,-10.070801
7779,-0.545410,-0.260742,0.803711,11.718750,-4.333496,-13.000488
7780,-0.526855,-0.239746,0.812500,6.164551,-2.258301,-12.512207
7781,-0.530273,-0.218750,0.835449,1.770020,-4.943848,-8.789062
7782,-0.528320,-0.196777,0.844238,-1.098633,-10.864258,-4.882812
7783,-0.528809,-0.232422,0.825684,-2.136230,-20.629883,3.967285
7784,-0.524414,-0.296387,0.799316,-4.089355,-17.944336,4.028320
7785,-0.513672,-0.326172,0.778320,-8.789062,-10.803223,-0.244141
7786,-0.501953,-0.334473,0.800781,-10.803223,-4.577637,-7.019043
7787,-0.472656,-0.283203,0.845215,-7.690430,-2.746582,-14.953613
7788,-0.496094,-0.290527,0.842285,-2.990723,-3.112793,-15.441895
7789,-0.518066,-0.305664,0.853516,2.685547,-5.615234,-17.211914
7790,-0.472656,-0.249512,0.823730,0.244141,-7.263184,-14.770508
7791,-0.447754,-0.241211,0.883789,-4.821777,-7.934570,-9.460449
7792,-0.376465,-0.108887,0.961426,-11.352539,-15.075684,3.601074
7793,-0.376953,-0.181152,0.967773,-29.541016,-59.082031,32.836914
7794,-0.370605,-0.200684,1.049805,-28.564453,-98.754883,41.809082
7795,-0.418457,-0.290039,0.997070,-37.658691,-141.235352,45.532227
7796,-0.555664,-0.582031,0.908203,-29.663086,-219.116211,11.230469
7797,-0.500488,-0.579590,0.924805,-23.803711,-246.520996,-14.587402
7798,-0.437500,-0.479004,0.829102,-14.038086,-254.455566,-28.015137
7799,-0.399902,-0.342285,0.723633,-1.586914,-222.778320,-27.709961
7800,-0.271484,-0.144531,0.654785,-5.004883,-98.815918,-14.343262
7801,-0.183105,-0.126465,0.721680,-15.930176,-35.461426,-2.990723
7802,-0.116211,-0.102539,0.791992,-35.095215,16.052246,9.155273
7803,-0.099121,-0.157227,0.842773,-70.068359,83.007812,35.278320
7804,-0.193848,-0.286133,0.849609,-80.749512,103.698730,41.076660
7805,-0.126465,-0.403809,1.075684,-125.610352,119.934082,42.724609
7806,-0.116699,-0.369141,0.881348,-162.658691,113.647461,60.668945
7807,-0.256836,-0.367188,0.827148,-179.260254,97.412109,81.359863
7808,-0.353516,-0.333984,0.882812,-190.856934,67.626953,95.886230
7809,-0.533203,-0.387695,1.112305,-223.510742,-20.202637,91.674805
7810,-0.584961,-0.312012,1.188965,-248.291016,-74.951172,68.908691
7811,-0.414062,-0.517090,0.479004,-207.031250,-136.718750,28.991699
7812,-0.618652,-0.903320,0.676270,-125.915527,-112.548828,22.094727
7813,-0.567871,-0.895996,0.744141,-77.392578,-71.716309,19.836426
7814,-0.260254,-0.831543,1.134277,-81.604004,-18.737793,0.061035
7815,-0.255371,-0.716797,1.030273,-123.046875,-18.432617,-13.549805
7816,-0.270996,-0.500488,0.778809,-137.512207,-22.033691,-20.935059
7817,-0.259277,-0.430664,0.518066,-117.675781,-16.662598,-17.395020
7818,-0.225586,-0.511230,0.451660,-62.744141,-5.004883,5.126953
7819,-0.232910,-0.557129,0.543945,-31.311035,-13.488770,15.380859
7820,-0.256348,-0.621582,0.769043,-18.127441,-44.921875,30.944824
7821,-0.270996,-0.654297,0.621094,-17.150879,-44.982910,36.865234
7822,-0.317871,-0.781738,0.717285,-19.470215,-39.428711,35.461426
7823,-0.370605,-0.892578,0.919434,-64.758301,-34.729004,25.085449
7824,-0.390137,-0.815430,0.583008,-84.472656,-19.897461,14.892578
7825,-0.402344,-0.801270,0.314453,-40.161133,-1.220703,-10.253906
7826,-0.352539,-0.715820,0.226074,10.314941,-4.211426,-17.944336
7827,-0.273926,-0.737793,0.696289,38.024902,-14.343262,-29.113770
7828,-0.204102,-0.612793,0.662598,37.841797,-9.704590,-23.376465
7829,-0.186035,-0.593750,0.760742,32.409668,-7.324219,-13.488770
7830,-0.174316,-0.563477,0.789551,25.878906,-10.314941,-2.990723
7831,-0.224121,-0.569824,0.754883,4.577637,-17.028809,20.751953
7832,-0.441406,-0.794922,0.644043,-0.244141,-17.700195,21.057129
7833,-0.456055,-0.814453,0.637695,5.432129,-20.751953,9.399414
7834,-0.382812,-0.777344,0.632812,11.352539,-23.925781,-3.051758
7835,-0.249512,-0.675781,0.629395,15.747070,-19.470215,-14.343262
7836,-0.208984,-0.643066,0.643555,13.916016,-11.718750,-13.061523
7837,-0.179199,-0.619629,0.687012,9.460449,-3.723145,-8.117676
7838,-0.223633,-0.657715,0.710449,2.014160,1.159668,7.324219
7839,-0.323242,-0.708496,0.712402,-0.244141,-1.831055,8.728027
7840,-0.426758,-0.733887,0.723633,-0.366211,-9.338379,4.943848
7841,-0.456543,-0.741211,0.869141,-5.432129,-19.714355,-2.258301
7842,-0.221191,-0.548340,0.966309,-169.250488,-56.213379,4.638672
7843,-0.215332,-0.578613,0.578125,-193.298340,-64.941406,8.544922
7844,-0.208008,-0.544922,0.298340,-171.752930,-60.241699,8.605957
7845,-0.195312,-0.622559,0.131836,-45.104980,-29.418945,21.850586
7846,-0.196289,-0.786621,0.750977,-22.705078,-14.831543,25.573730
7847,-0.153809,-0.735352,0.659668,-25.878906,-11.718750,25.085449
7848,-0.147949,-0.755859,0.572754,-25.756836,-7.629395,29.724121
7849,-0.252930,-0.867676,0.450684,-18.371582,-3.601074,30.334473
7850,-0.362305,-1.030273,0.443359,9.155273,6.408691,0.488281
7851,-0.314453,-0.958008,0.492188,19.714355,11.169434,-17.761230
7852,-0.259766,-0.854980,0.527344,24.353027,13.854980,-27.709961
7853,-0.138672,-0.695801,0.666992,25.634766,9.521484,-18.737793
7854,-0.113281,-0.683594,0.677246,23.315430,5.615234,-5.676270
7855,-0.115723,-0.670410,0.668457,18.737793,3.967285,7.629395
7856,-0.164062,-0.697266,0.633301,12.451172,5.310059,19.042969
7857,-0.295410,-0.739746,0.691406,5.615234,9.216309,25.207520
7858,-0.325684,-0.711426,0.730469,2.258301,-2.136230,26.428223
7859,-0.260742,-0.727051,0.862305,-16.601562,-20.996094,35.278320
7860,-0.240723,-0.723633,0.824707,-46.813965,-26.306152,40.283203
7861,-0.241211,-0.712402,0.629883,-65.246582,-24.414062,46.447754
7862,-0.322754,-0.854980,0.519043,-61.035156,-4.089355,44.067383
7863,-0.343262,-0.860352,0.572266,-60.974121,1.403809,31.799316
7864,-0.331543,-0.841797,0.505371,-59.997559,4.394531,20.446777
7865,-0.355957,-0.838379,0.458984,-51.879883,7.385254,10.681152
7866,-0.376465,-0.797852,0.560547,-37.048340,7.202148,-3.906250
7867,-0.338379,-0.767578,0.650391,-36.437988,1.953125,-5.249023
7868,-0.310547,-0.729004,0.709473,-45.288086,-5.493164,-3.295898
7869,-0.249512,-0.743652,0.675293,-77.331543,-15.991211,5.798340
7870,-0.216797,-0.722168,0.635254,-88.500977,-18.005371,11.718750
7871,-0.223633,-0.732422,0.554199,-92.773438,-21.301270,19.348145
7872,-0.232910,-0.763672,0.429688,-89.660645,-21.728516,24.536133
7873,-0.298340,-0.860352,0.239258,-54.870605,-7.507324,22.888184
7874,-0.343262,-0.860352,0.275391,-35.644531,1.159668,18.371582
7875,-0.333008,-0.808105,0.518066,-11.657715,-4.333496,8.972168
7876,-0.304199,-0.788574,0.535156,-11.596680,-12.878418,7.873535
7877,-0.277832,-0.774414,0.506348,-12.207031,-17.028809,10.192871
7878,-0.264648,-0.771973,0.482910,-14.221191,-16.784668,13.671875
7879,-0.273926,-0.834473,0.402344,-18.676758,-7.446289,21.240234
7880,-0.318848,-0.895996,0.382812,-19.348145,0.610352,19.226074
7881,-0.394043,-0.958008,0.358887,-16.235352,4.272461,12.878418
7882,-0.390137,-0.985840,0.371582,-5.615234,18.920898,-10.070801
7883,-0.367676,-0.911621,0.437988,-5.798340,21.545410,-19.531250
7884,-0.340820,-0.822754,0.508789,-8.728027,17.822266,-20.751953
7885,-0.278809,-0.780762,0.592773,-28.198242,5.187988,-7.263184
7886,-0.264160,-0.781738,0.587891,-42.419434,-1.831055,1.464844
7887,-0.264648,-0.797852,0.552734,-57.434082,-6.164551,8.483887
7888,-0.298340,-0.830078,0.502441,-81.359863,-12.207031,17.150879
7889,-0.329590,-0.880371,0.447266,-86.486816,-16.052246,17.639160
7890,-0.365234,-0.975098,0.311035,-90.209961,-11.779785,5.554199
7891,-0.356445,-0.955078,0.253418,-87.158203,-7.019043,-2.807617
7892,-0.344727,-0.923828,0.213867,-78.002930,-1.708984,-9.582520
7893,-0.327148,-0.888672,0.216797,-63.232422,1.525879,-13.916016
7894,-0.347168,-0.861328,0.275879,-35.705566,1.220703,-17.883301
7895,-0.370117,-0.885742,0.280273,-29.357910,-0.061035,-22.644043
7896,-0.369629,-0.887695,0.288574,-25.390625,-0.061035,-28.564453
7897,-0.275391,-0.871094,0.323242,-27.343750,-6.286621,-30.639648
7898,-0.233887,-0.867188,0.321777,-28.320312,-11.352539,-25.939941
7899,-0.221191,-0.889648,0.289551,-23.681641,-27.709961,-8.178711
7900,-0.224121,-0.907715,0.247070,-20.507812,-31.738281,-0.915527
7901,-0.240234,-0.905273,0.215332,-20.080566,-32.043457,4.943848
7902,-0.291992,-0.922363,0.183105,-21.423340,-30.395508,9.094238
7903,-0.340332,-0.946777,0.168457,-15.502930,-26.245117,6.835938
7904,-0.373535,-0.945312,0.203125,-11.474609,-24.536133,2.807617
7905,-0.356445,-0.970215,0.226562,-11.962891,-21.179199,-1.647949
7906,-0.320312,-0.978027,0.203125,-24.414062,-2.258301,-15.563965
7907,-0.304688,-0.956055,0.205078,-29.846191,8.422852,-22.827148
7908,-0.289062,-0.945312,0.224609,-29.846191,15.991211,-27.709961
7909,-0.267578,-0.895020,0.250488,-27.893066,23.742676,-24.475098
7910,-0.266113,-0.909180,0.254395,-30.212402,25.878906,-20.690918
7911,-0.292969,-0.929199,0.270508,-36.682129,26.794434,-19.409180
7912,-0.347656,-0.936035,0.260254,-59.387207,29.235840,-24.047852
7913,-0.340820,-0.921387,0.231934,-73.303223,32.714844,-28.869629
7914,-0.287109,-0.911133,0.216797,-99.365234,43.762207,-38.879395
7915,-0.251953,-0.899902,0.224609,-110.351562,44.738770,-40.649414
7916,-0.219238,-0.901855,0.199707,-116.943359,40.771484,-39.428711
7917,-0.201172,-0.928711,0.139160,-108.764648,32.531738,-34.729004
7918,-0.204590,-0.918457,0.054688,-36.010742,9.704590,-16.967773
7919,-0.187988,-0.936035,0.138672,-3.723145,-4.638672,-9.155273
7920,-0.183594,-0.927734,0.250000,4.882812,-21.301270,-5.310059
7921,-0.168945,-0.937012,0.224609,-14.221191,-51.879883,0.610352
7922,-0.176270,-0.948242,0.135742,-23.071289,-59.936523,1.831055
7923,-0.192871,-0.982422,0.038574,-26.977539,-61.157227,-0.183105
7924,-0.195801,-1.065430,-0.083008,-31.982422,-36.682129,-13.671875
7925,-0.170898,-1.053223,-0.109375,-38.208008,-14.282227,-20.324707
7926,-0.148438,-1.027344,-0.134277,-38.818359,6.713867,-22.277832
7927,-0.133789,-1.009766,-0.137207,-26.977539,24.353027,-19.470215
7928,-0.102539,-0.986328,-0.014648,7.019043,41.015625,-9.094238
7929,-0.105957,-0.974609,0.070801,10.620117,39.611816,-6.408691
7930,-0.104980,-0.958008,0.116211,2.136230,25.878906,-0.427246
7931,-0.111328,-0.944336,0.101562,0.793457,17.272949,3.356934
7932,-0.141113,-0.954102,0.121094,0.183105,7.568359,8.117676
7933,-0.187988,-0.978516,0.153320,-4.272461,-3.601074,12.207031
7934,-0.218262,-0.995117,0.060547,-15.563965,-21.789551,12.207031
7935,-0.203613,-0.978027,0.000000,-14.770508,-22.888184,10.498047
7936,-0.191895,-0.963379,-0.033203,-10.498047,-19.958496,10.559082
7937,-0.204102,-0.992188,0.005859,-0.976562,-5.737305,10.681152
7938,-0.196289,-0.970703,0.043457,-1.464844,-0.671387,11.718750
7939,-0.185059,-0.962402,0.048828,-4.211426,2.685547,12.451172
7940,-0.179688,-0.948242,0.038574,-5.371094,7.141113,12.634277
7941,-0.190918,-0.938965,0.056152,-3.234863,6.408691,14.282227
7942,-0.199219,-0.931641,0.074707,-0.732422,2.380371,16.662598
7943,-0.215820,-0.931641,0.104004,3.662109,-9.277344,21.423340
7944,-0.242188,-0.936523,0.119141,4.028320,-14.404297,22.888184
7945,-0.281250,-0.933105,0.129883,-4.699707,-20.263672,24.841309
7946,-0.317383,-0.965820,0.109375,-13.244629,-17.822266,24.414062
7947,-0.327637,-0.948730,0.091309,-24.047852,-11.657715,21.301270
7948,-0.314941,-0.949707,0.025391,-34.790039,-3.356934,17.761230
7949,-0.297363,-0.972656,-0.109375,-47.302246,25.329590,11.108398
7950,-0.275879,-0.966797,-0.127930,-54.138184,43.151855,5.493164
7951,-0.270996,-0.928711,-0.105957,-55.847168,60.241699,2.685547
7952,-0.262695,-0.878906,-0.034668,-56.274414,71.472168,2.868652
7953,-0.291016,-0.768555,0.030273,-60.791016,73.181152,9.582520
7954,-0.338379,-0.763672,-0.012695,-67.993164,67.016602,6.591797
7955,-0.332031,-0.846191,-0.199219,-51.269531,40.161133,-17.150879
7956,-0.310547,-0.913086,-0.222656,-21.484375,21.728516,-31.433105
7957,-0.286621,-0.992188,-0.177246,9.643555,3.967285,-43.640137
7958,-0.277344,-1.063477,-0.013672,21.606445,-6.774902,-49.255371
7959,-0.265137,-1.169922,0.200195,-26.489258,-9.704590,-47.058105
7960,-0.231934,-1.130859,0.173828,-63.354492,-10.803223,-43.273926
7961,-0.210449,-1.104004,0.062988,-88.684082,-13.366699,-41.992188
7962,-0.134277,-1.072754,-0.276855,-94.299316,-12.817383,-45.349121
7963,-0.104492,-1.016602,-0.317871,-71.716309,-7.080078,-38.818359
7964,-0.106445,-0.969238,-0.279297,-51.025391,-1.342773,-26.672363
7965,-0.143066,-0.931641,-0.195312,-34.362793,2.319336,-1.037598
7966,-0.212891,-0.953125,-0.128418,-47.302246,-1.281738,-0.915527
7967,-0.207031,-0.964355,-0.136719,-66.711426,-9.521484,-14.648438
7968,-0.171875,-0.954102,-0.128906,-74.951172,-59.387207,-10.864258
7969,-0.158691,-0.912109,-0.176758,-74.340820,-74.645996,-7.507324
7970,-0.139160,-0.897461,-0.262207,-74.890137,-74.096680,-7.141113
7971,-0.155762,-0.917480,-0.453125,-62.866211,-35.034180,-15.808105
7972,-0.198730,-0.951172,-0.516602,-46.447754,-11.779785,-23.437500
7973,-0.206543,-0.955078,-0.522949,-25.268555,8.117676,-29.541016
7974,-0.149902,-0.963379,-0.434570,-6.225586,43.457031,-31.494141
7975,-0.105957,-0.987305,-0.370605,-9.948730,63.232422,-25.512695
7976,-0.070312,-0.986816,-0.212402,-26.550293,76.660156,-14.587402
7977,-0.076660,-0.919434,-0.038574,-72.875977,52.673340,11.779785
7978,-0.100098,-0.931641,-0.047852,-80.688477,31.066895,13.977051
7979,-0.136719,-1.024902,-0.140625,-85.754395,7.202148,7.446289
7980,-0.174805,-1.120117,-0.312012,-87.097168,-7.690430,-7.263184
7981,-0.166504,-1.022949,-0.519043,-69.946289,-11.718750,-27.221680
7982,-0.121582,-0.955566,-0.559082,-58.288574,-6.225586,-26.794434
7983,-0.076660,-0.884766,-0.499512,-39.916992,0.122070,-13.610840
7984,-0.085449,-0.897461,-0.461426,-28.503418,-3.967285,-8.605957
7985,-0.136230,-0.952148,-0.309570,-1.892090,-34.545898,-10.803223
7986,-0.166992,-0.943848,-0.279785,-6.958008,-58.654785,-18.066406
7987,-0.149902,-0.879883,-0.393066,-16.052246,-71.411133,-24.169922
7988,-0.057129,-0.861816,-0.389160,-43.884277,-48.767090,-32.470703
7989,-0.020020,-0.833496,-0.391602,-56.640625,-44.799805,-29.174805
7990,-0.011230,-0.818359,-0.414551,-64.636230,-42.358398,-20.751953
7991,-0.109863,-0.917969,-0.507324,-72.082520,-28.869629,-13.549805
7992,-0.168457,-0.942383,-0.533691,-78.491211,-17.883301,-18.920898
7993,-0.195312,-0.926758,-0.550781,-87.951660,-3.662109,-26.916504
7994,-0.190430,-0.888672,-0.585938,-96.252441,15.258789,-35.217285
7995,-0.060547,-0.730957,-0.446777,-109.924316,45.654297,-31.433105
7996,0.004883,-0.737305,-0.404785,-106.689453,39.428711,-13.793945
7997,0.043945,-0.769043,-0.402832,-102.172852,24.169922,4.882812
7998,0.002441,-0.823730,-0.485352,-133.483887,2.502441,20.812988
7999,-0.016602,-0.770996,-0.500488,-162.780762,0.244141,23.315430
8000,-0.034180,-0.650391,-0.547852,-217.468262,-1.281738,25.390625
8001,-0.027832,-0.676270,-0.887207,-226.745605,0.976562,24.475098
8002,-0.038086,-0.744141,-1.256348,-141.540527,11.718750,21.057129
8003,0.109375,-0.396973,-1.109863,-76.599121,-6.042480,32.165527
8004,-0.101562,-0.603027,-1.047363,10.742188,20.141602,40.405273
8005,-0.173828,-0.638184,-0.880859,31.738281,39.550781,35.766602
8006,-0.209473,-0.691895,-0.763184,26.123047,49.133301,33.020020
8007,-0.257812,-0.753418,-0.662598,5.676270,40.405273,22.216797
8008,-0.268555,-0.719238,-0.606934,3.112793,28.320312,7.629395
8009,-0.261230,-0.715820,-0.609375,2.258301,9.338379,-6.652832
8010,-0.174316,-0.674805,-0.666992,21.667480,-24.902344,-28.625488
8011,-0.118164,-0.672363,-0.638184,32.653809,-38.330078,-33.264160
8012,-0.033691,-0.695801,-0.550293,40.283203,-53.039551,-35.278320
8013,-0.019043,-0.695312,-0.552734,26.367188,-69.396973,-26.367188
8014,-0.068359,-0.682617,-0.792480,21.423340,-58.288574,-19.897461
8015,-0.103516,-0.704102,-0.847656,18.981934,-35.278320,-12.756348
8016,-0.094727,-0.704590,-0.773926,21.850586,10.681152,-0.793457
8017,-0.076172,-0.730957,-0.690430,24.658203,21.118164,4.028320
8018,-0.089355,-0.741211,-0.585938,22.766113,22.521973,6.408691
8019,-0.076172,-0.737793,-0.469238,13.244629,6.896973,7.751465
8020,-0.109375,-0.750000,-0.557617,2.624512,-3.295898,7.202148
8021,-0.164062,-0.764160,-0.698242,-1.770020,-5.676270,5.126953
8022,-0.169434,-0.728027,-0.747559,7.812500,2.319336,1.098633
8023,-0.153320,-0.721680,-0.717285,15.502930,3.234863,-1.220703
8024,-0.133301,-0.729980,-0.663086,22.033691,0.976562,-3.234863
8025,-0.099609,-0.765137,-0.547852,23.132324,-10.070801,-7.202148
8026,-0.064941,-0.759766,-0.532227,22.216797,-19.470215,-8.117676
8027,-0.041016,-0.742188,-0.521973,20.874023,-28.381348,-6.225586
8028,-0.097656,-0.740234,-0.593750,0.976562,-26.916504,-0.244141
8029,-0.144531,-0.754883,-0.705566,-7.812500,-16.723633,1.953125
8030,-0.164551,-0.752441,-0.750977,-8.911133,-4.760742,1.831055
8031,-0.145508,-0.715332,-0.696289,-0.549316,9.582520,0.000000
8032,-0.122070,-0.719727,-0.641113,4.150391,8.850098,-0.061035
8033,-0.102051,-0.730957,-0.577637,5.065918,4.455566,0.305176
8034,-0.113770,-0.753418,-0.466797,-6.286621,-12.634277,2.197266
8035,-0.143066,-0.753418,-0.506348,-20.507812,-19.226074,3.417969
8036,-0.152832,-0.746582,-0.588867,-31.982422,-21.850586,3.051758
8037,-0.143555,-0.738770,-0.680176,-38.391113,-22.216797,2.380371
8038,-0.079590,-0.707520,-0.821777,-22.583008,-21.179199,1.342773
8039,-0.051270,-0.691895,-0.766113,-8.911133,-22.338867,2.563477
8040,-0.032227,-0.723145,-0.704102,-6.591797,-24.963379,5.432129
8041,-0.078125,-0.687988,-0.649414,-16.174316,-17.944336,21.179199
8042,-0.112305,-0.729980,-0.610352,-27.099609,-6.591797,25.634766
8043,-0.148926,-0.759766,-0.606934,-49.255371,9.155273,29.235840
8044,-0.232422,-0.737793,-0.752930,-97.229004,22.460938,21.667480
8045,-0.165527,-0.633789,-0.839844,-95.153809,15.258789,16.784668
8046,-0.125488,-0.597168,-0.867188,-72.204590,6.835938,13.793945
8047,-0.101074,-0.618652,-0.724609,-32.836914,-10.925293,7.873535
8048,-0.092773,-0.612305,-0.691406,-27.954102,-22.338867,11.962891
8049,-0.084473,-0.627441,-0.698730,-28.869629,-28.930664,17.639160
8050,-0.197754,-0.611328,-0.824707,-57.495117,-13.488770,29.663086
8051,-0.260254,-0.655273,-0.855469,-63.293457,0.366211,28.564453
8052,-0.303223,-0.620605,-0.917969,-62.316895,12.939453,24.108887
8053,-0.316895,-0.593750,-0.904785,-52.612305,21.667480,19.897461
8054,-0.228516,-0.544922,-0.827148,-22.827148,25.939941,20.202637
8055,-0.201172,-0.638184,-0.751465,-20.874023,29.113770,20.080566
8056,-0.199219,-0.520020,-0.728027,-33.020020,43.640137,18.066406
8057,-0.240234,-0.460938,-0.847656,-16.723633,51.025391,18.493652
8058,-0.212891,-0.488281,-0.928711,-4.455566,47.607422,20.141602
8059,-0.165527,-0.520020,-0.932617,-0.915527,41.931152,19.287109
8060,-0.104004,-0.493652,-0.889160,3.234863,36.987305,17.517090
8061,-0.089355,-0.495117,-0.750977,1.708984,29.785156,17.150879
8062,-0.200195,-0.665527,-0.605469,-30.944824,7.385254,-14.709473
8063,-0.221191,-0.666992,-0.592285,-52.673340,-3.967285,-39.306641
8064,-0.221191,-0.648926,-0.562500,-68.054199,-15.441895,-60.546875
8065,-0.178223,-0.673828,-0.568359,-58.288574,-56.884766,-82.824707
8066,-0.112305,-0.579102,-0.571777,-36.743164,-94.177246,-79.895020
8067,-0.085938,-0.511230,-0.673828,-27.343750,-122.375488,-74.157715
8068,-0.085938,-0.462891,-0.796875,-55.297852,-124.023438,-58.532715
8069,-0.209961,-0.303711,-1.160156,-79.956055,-98.083496,-41.870117
8070,-0.231934,-0.231934,-1.293457,-93.383789,-57.189941,-23.315430
8071,-0.198730,-0.116211,-1.135742,-116.821289,26.855469,20.751953
8072,-0.211914,-0.128906,-0.971680,-123.718262,51.147461,41.931152
8073,-0.225586,-0.271484,-0.844727,-130.371094,60.668945,59.387207
8074,-0.236328,-0.475586,-0.846191,-127.441406,61.401367,65.856934
8075,-0.212402,-0.732422,-0.902344,-67.932129,48.461914,46.691895
8076,-0.124512,-0.710938,-0.920410,-21.911621,26.733398,28.747559
8077,-0.072754,-0.464355,-0.753418,0.732422,-34.790039,-11.169434
8078,-0.040527,-0.339844,-0.713379,-7.934570,-54.260254,-21.850586
8079,-0.089844,-0.306152,-0.720703,-22.521973,-69.641113,-26.428223
8080,-0.126953,-0.273926,-0.751953,-35.644531,-81.298828,-26.977539
8081,-0.183594,-0.280273,-0.810547,-50.659180,-96.679688,-11.230469
8082,-0.224121,-0.344238,-0.883789,-54.016113,-102.661133,-2.319336
8083,-0.256836,-0.423828,-1.143555,-40.161133,-102.783203,2.014160
8084,-0.234375,-0.340332,-1.058594,-8.239746,-57.067871,-1.525879
8085,-0.204102,-0.274902,-0.984863,-5.371094,-43.762207,5.249023
8086,-0.220703,-0.282227,-1.011230,-2.380371,-27.709961,14.770508
8087,-0.290039,-0.340820,-0.895020,0.976562,-1.831055,32.653809
8088,-0.336914,-0.402344,-0.961426,4.089355,5.126953,36.560059
8089,-0.337891,-0.383301,-0.948242,9.887695,14.892578,35.217285
8090,-0.314453,-0.347168,-0.880371,1.037598,25.939941,36.010742
8091,-0.329102,-0.421875,-0.829590,-2.136230,24.108887,31.127930
8092,-0.333984,-0.411621,-0.789551,-1.220703,19.042969,22.888184
8093,-0.349121,-0.382324,-0.720703,-4.821777,2.136230,6.286621
8094,-0.359375,-0.379395,-0.722168,-10.070801,-10.437012,-0.854492
8095,-0.376465,-0.369141,-0.755371,-13.793945,-22.705078,-7.812500
8096,-0.387207,-0.346191,-0.794434,-12.451172,-32.714844,-15.991211
8097,-0.348633,-0.256348,-0.885742,-9.582520,-44.372559,-28.259277
8098,-0.336426,-0.242676,-0.925293,-15.808105,-46.081543,-27.648926
8099,-0.333496,-0.249512,-0.961914,-26.550293,-46.264648,-24.597168
8100,-0.323730,-0.231934,-0.990234,-21.667480,-32.043457,-17.272949
8101,-0.302734,-0.208496,-0.945801,-17.944336,-22.827148,-9.765625
8102,-0.302734,-0.209961,-0.912109,-20.568848,-12.268066,10.009766
8103,-0.304688,-0.225098,-0.923828,-20.629883,-9.521484,18.676758
8104,-0.306152,-0.224121,-0.927246,-16.418457,-7.629395,28.381348
8105,-0.337402,-0.212402,-0.918457,-13.549805,-4.638672,34.118652
8106,-0.395996,-0.171387,-0.924316,-7.263184,-2.990723,27.343750
8107,-0.399902,-0.156250,-0.943359,-5.126953,-5.798340,26.733398
8108,-0.395020,-0.177734,-0.976074,-0.122070,-7.690430,29.296875
8109,-0.388672,-0.215332,-0.995117,6.774902,-5.432129,31.005859
8110,-0.388672,-0.244629,-0.895020,1.892090,-10.009766,34.545898
8111,-0.362793,-0.249512,-0.908203,0.976562,-10.375977,33.813477
8112,-0.333008,-0.257812,-0.896484,-1.647949,-7.751465,35.217285
8113,-0.375000,-0.321777,-0.858887,-9.643555,-2.319336,36.010742
8114,-0.416504,-0.349121,-0.824219,-12.695312,-2.197266,31.311035
8115,-0.440918,-0.371582,-0.822266,-15.563965,-4.882812,23.803711
8116,-0.476562,-0.394043,-0.832031,-16.235352,-11.474609,1.220703
8117,-0.467285,-0.334961,-0.828125,-19.897461,-13.000488,-13.183594
8118,-0.423828,-0.238281,-0.807129,-29.418945,-14.892578,-23.803711
8119,-0.355469,-0.104004,-0.780762,-46.630859,-25.329590,-25.268555
8120,-0.330078,-0.064453,-0.823242,-55.053711,-27.709961,-21.118164
8121,-0.325684,-0.047852,-0.882812,-60.058594,-25.878906,-13.244629
8122,-0.339844,-0.052246,-0.895996,-67.749023,-13.977051,8.972168
8123,-0.365723,-0.062012,-0.886230,-71.838379,-9.582520,19.775391
8124,-0.382324,-0.030762,-0.875488,-78.002930,-3.784180,28.991699
8125,-0.400879,0.050781,-0.802734,-110.595703,19.653320,49.865723
8126,-0.397461,0.039551,-0.786133,-126.525879,30.456543,63.171387
8127,-0.386719,-0.044922,-0.852051,-130.126953,38.330078,73.120117
8128,-0.273438,-0.148926,-0.991211,-107.727051,64.147949,74.462891
8129,-0.218262,-0.121582,-0.966797,-91.064453,63.171387,79.467773
8130,-0.229004,-0.105957,-0.864258,-103.088379,66.528320,84.045410
8131,-0.370605,-0.183594,-0.958496,-133.239746,93.017578,86.181641
8132,-0.456543,-0.210449,-1.135254,-144.409180,97.045898,58.410645
8133,-0.429199,-0.067383,-1.246094,-133.789062,104.492188,48.400879
8134,-0.320312,-0.114746,-1.430176,-114.013672,117.553711,54.931641
8135,-0.540527,0.376953,-0.817383,-53.405762,105.102539,13.854980
8136,-0.212891,0.331055,-0.856445,-67.565918,79.711914,-9.399414
8137,-0.173828,0.215332,-1.021484,-58.593750,62.805176,-2.624512
8138,-0.045898,0.412109,-0.949707,-63.232422,40.283203,35.522461
8139,-0.131348,0.398438,-1.059082,-80.383301,33.691406,60.729980
8140,-0.169922,0.348145,-1.018066,-89.904785,33.386230,74.768066
8141,-0.183105,0.313477,-0.916016,-93.688965,38.146973,78.613281
8142,-0.059082,0.214355,-0.849121,-57.373047,51.391602,62.622070
8143,-0.028320,0.176758,-0.804199,-37.597656,51.208496,48.034668
8144,-0.044434,0.166504,-0.785645,-29.113770,41.931152,30.578613
8145,-0.001953,0.264160,-0.856934,-20.141602,14.587402,3.540039
8146,-0.034668,0.361816,-0.941406,-16.662598,5.432129,1.892090
8147,-0.065918,0.400391,-0.986816,-14.831543,4.821777,-4.211426
8148,-0.064453,0.455078,-0.984375,-15.625000,6.530762,-6.347656
8149,-0.054688,0.519531,-1.036621,-30.334473,16.479492,-3.173828
8150,-0.040527,0.501465,-0.997559,-36.071777,21.911621,3.601074
8151,-0.021973,0.416504,-0.870605,-30.517578,19.470215,8.972168
8152,-0.030762,0.345703,-0.793945,-24.963379,-1.098633,8.178711
8153,-0.034180,0.317383,-0.843750,-29.968262,-10.437012,2.929688
8154,-0.050293,0.317383,-0.894531,-33.081055,-15.075684,-3.601074
8155,-0.098633,0.347656,-0.946777,-37.475586,-13.854980,-11.779785
8156,-0.107422,0.362793,-0.937988,-37.841797,-11.230469,-14.648438
8157,-0.108398,0.411133,-0.930664,-37.414551,-9.094238,-16.418457
8158,-0.105469,0.505859,-1.004395,-26.245117,4.760742,-14.831543
8159,-0.061035,0.511230,-0.966309,-24.353027,13.793945,-9.704590
8160,-0.035156,0.483398,-0.877930,-28.198242,19.165039,-2.685547
8161,0.012207,0.457031,-0.773926,-25.390625,8.117676,16.723633
8162,-0.008301,0.429688,-0.799805,-28.198242,-3.662109,23.925781
8163,-0.025879,0.432617,-0.831055,-30.578613,-10.742188,27.404785
8164,-0.125000,0.401855,-0.920898,-21.667480,-15.441895,22.705078
8165,-0.120117,0.375000,-0.966797,-15.625000,-9.277344,14.953613
8166,-0.104004,0.398926,-0.940918,-13.854980,-0.854492,6.652832
8167,-0.097656,0.394043,-0.900879,-23.498535,6.347656,-4.699707
8168,-0.075195,0.412598,-0.843262,-22.094727,4.272461,-10.131836
8169,-0.076172,0.422852,-0.825195,-20.507812,-1.403809,-9.582520
8170,-0.089355,0.478516,-0.912598,-14.160156,-2.502441,-5.920410
8171,-0.079590,0.478516,-0.886719,-13.977051,-1.892090,-2.380371
8172,-0.104004,0.487305,-0.924805,-17.578125,0.671387,1.098633
8173,-0.101562,0.482422,-0.856934,-17.456055,1.647949,3.723145
8174,-0.090820,0.430176,-0.828125,-23.132324,6.286621,2.136230
8175,-0.092285,0.414062,-0.801270,-27.160645,5.554199,-0.305176
8176,-0.100098,0.399902,-0.810059,-30.334473,4.089355,-4.028320
8177,-0.115234,0.407227,-0.796387,-34.423828,3.173828,-8.178711
8178,-0.166992,0.417969,-0.860352,-29.907227,3.173828,-20.446777
8179,-0.153809,0.453613,-0.888184,-29.907227,7.202148,-26.367188
8180,-0.166016,0.535156,-0.894043,-26.977539,21.972656,-31.860352
8181,-0.136230,0.514648,-0.901367,-27.038574,30.212402,-29.357910
8182,-0.105957,0.492188,-0.868164,-31.555176,38.330078,-26.428223
8183,-0.008301,0.553223,-0.775391,-48.278809,51.513672,-16.479492
8184,0.023438,0.586914,-0.763672,-57.189941,50.170898,-9.460449
8185,0.044922,0.641113,-0.759766,-66.955566,42.907715,-1.281738
8186,0.011719,0.680176,-0.763184,-74.279785,17.456055,16.601562
8187,0.000000,0.683594,-0.770020,-81.726074,7.080078,23.620605
8188,0.005371,0.708008,-0.794434,-89.294434,1.892090,28.991699
8189,0.034180,0.715820,-0.825195,-105.468750,6.530762,40.527344
8190,0.031738,0.702637,-0.863770,-108.276367,12.817383,45.959473
8191,0.041504,0.693359,-0.798340,-111.083984,17.456055,48.034668
8192,-0.016113,0.596191,-0.738770,-106.018066,15.747070,42.846680
8193,-0.038086,0.579590,-0.724609,-100.769043,11.718750,31.311035
8194,-0.022461,0.633301,-0.670898,-96.069336,9.094238,20.812988
8195,-0.009766,0.723145,-0.747070,-86.242676,22.216797,19.348145
8196,-0.017578,0.713867,-0.762695,-75.439453,34.301758,21.789551
8197,-0.020508,0.689453,-0.716309,-58.593750,42.907715,21.545410
8198,0.061523,0.711914,-0.560547,-40.588379,41.748047,19.775391
8199,0.080566,0.712402,-0.536133,-36.865234,35.034180,19.958496
8200,0.068848,0.702637,-0.541504,-30.517578,25.085449,15.625000
8201,0.041016,0.691406,-0.525391,-21.423340,11.840820,5.798340
8202,0.083984,0.752441,-0.623535,-14.526367,3.906250,-5.676270
8203,0.075195,0.759766,-0.631836,-12.573242,6.835938,-7.385254
8204,0.085449,0.752930,-0.606445,-9.948730,8.239746,-11.413574
8205,0.089355,0.762695,-0.633301,-7.934570,8.056641,-12.756348
8206,0.070312,0.772949,-0.695312,-2.807617,12.634277,-17.456055
8207,0.063477,0.794434,-0.680664,-1.708984,16.113281,-20.263672
8208,0.048828,0.813965,-0.644043,-1.037598,18.188477,-20.690918
8209,0.013184,0.855469,-0.601562,-1.647949,19.775391,-15.869141
8210,0.014648,0.869141,-0.603516,-1.647949,20.263672,-10.009766
8211,0.013184,0.855957,-0.605469,-1.037598,17.395020,-2.624512
8212,0.072266,0.801758,-0.613281,-1.464844,12.329102,7.080078
8213,0.090332,0.772949,-0.642090,-1.708984,14.343262,7.995605
8214,0.095215,0.740723,-0.640137,-1.403809,17.211914,5.249023
8215,0.101074,0.754883,-0.586426,-3.234863,19.287109,-6.469727
8216,0.099609,0.768555,-0.563965,-3.234863,17.578125,-12.084961
8217,0.098145,0.788086,-0.564941,-1.708984,15.686035,-16.235352
8218,0.083984,0.823730,-0.559570,1.831055,14.526367,-16.967773
8219,0.091797,0.851562,-0.542969,2.014160,11.962891,-13.427734
8220,0.097168,0.864746,-0.533203,1.159668,7.385254,-6.835938
8221,0.116699,0.785156,-0.583008,2.868652,-1.220703,5.126953
8222,0.126465,0.746094,-0.604980,5.126953,-2.258301,4.760742
8223,0.143066,0.735352,-0.617188,5.249023,-4.150391,2.075195
8224,0.134766,0.727051,-0.614258,3.967285,-6.042480,-0.976562
8225,0.108887,0.730957,-0.627930,2.685547,-9.033203,-7.324219
8226,0.090820,0.738281,-0.638184,2.136230,-7.385254,-10.375977
8227,0.064941,0.785156,-0.634766,0.854492,0.366211,-13.549805
8228,0.074707,0.814941,-0.588379,0.793457,2.807617,-11.352539
8229,0.070312,0.823730,-0.568359,0.427246,0.915527,-6.103516
8230,0.073242,0.819824,-0.581055,0.244141,-2.685547,-1.098633
8231,0.085449,0.750488,-0.618652,0.183105,-10.131836,6.591797
8232,0.098633,0.707031,-0.664062,2.197266,-11.901855,4.211426
8233,0.104492,0.696289,-0.659180,-0.061035,-10.559082,-0.183105
8234,0.086426,0.704102,-0.642090,-3.479004,-9.460449,-4.272461
8235,0.066406,0.753418,-0.622559,-8.178711,-10.314941,-13.000488
8236,0.057129,0.776367,-0.616699,-8.605957,-9.216309,-15.441895
8237,0.063477,0.801270,-0.618652,-7.629395,-7.629395,-15.869141
8238,0.087891,0.798828,-0.624512,-7.446289,7.141113,-6.164551
8239,0.046875,0.770996,-0.536621,-5.004883,-2.929688,-8.666992
8240,0.068359,0.805176,-0.566895,-8.056641,-12.878418,-9.338379
8241,0.039551,0.805176,-0.602051,-8.544922,-13.366699,-3.906250
8242,0.008789,0.780762,-0.608398,-6.164551,-11.291504,-5.493164
8243,0.010254,0.767578,-0.619629,-3.540039,-9.094238,-9.216309
8244,0.011719,0.773438,-0.643066,-1.770020,-3.662109,-14.953613
8245,0.017090,0.773926,-0.636230,-3.112793,-0.793457,-16.052246
8246,0.013184,0.779297,-0.617188,-4.577637,0.793457,-16.479492
8247,0.004883,0.798340,-0.604980,-5.432129,1.525879,-16.357422
8248,-0.010254,0.840820,-0.588379,-4.882812,1.037598,-13.244629
8249,-0.012207,0.851562,-0.609863,-2.441406,1.525879,-10.192871
8250,-0.007324,0.856445,-0.618652,-0.061035,3.356934,-6.103516
8251,0.039551,0.834961,-0.611328,2.624512,5.249023,4.882812
8252,0.062012,0.799316,-0.592285,2.258301,3.601074,9.765625
8253,0.077148,0.771484,-0.592773,1.586914,-0.610352,12.817383
8254,0.079102,0.743652,-0.595703,-0.793457,-9.643555,12.207031
8255,0.060547,0.736328,-0.612793,-2.685547,-12.329102,9.948730
8256,0.040039,0.744141,-0.631348,-3.784180,-12.084961,6.591797
8257,0.017090,0.783691,-0.616699,-4.882812,-3.967285,-0.183105
8258,0.019531,0.805664,-0.582520,-4.699707,-0.732422,-1.647949
8259,0.027832,0.832031,-0.561523,-2.990723,1.281738,1.098633
8260,0.034180,0.812500,-0.566406,-1.159668,0.488281,3.784180
8261,0.039551,0.781250,-0.572754,1.647949,-0.915527,3.967285
8262,0.041992,0.746582,-0.568359,2.929688,-4.882812,-0.183105
8263,0.035645,0.740234,-0.593262,1.708984,-7.263184,-2.319336
8264,0.031738,0.742676,-0.614746,-0.732422,-8.300781,-3.723145
8265,0.030273,0.754883,-0.625488,-3.601074,-8.056641,-3.906250
8266,0.009766,0.787109,-0.654297,-7.141113,-2.136230,-2.563477
8267,0.023926,0.791504,-0.630371,-7.812500,1.159668,-2.075195
8268,0.037109,0.784668,-0.613770,-8.483887,1.892090,-1.464844
8269,0.047852,0.777344,-0.607910,-9.155273,0.732422,-1.464844
8270,0.044434,0.755859,-0.606934,-8.789062,-3.112793,-3.723145
8271,0.038086,0.763184,-0.597656,-10.986328,-5.249023,-5.920410
8272,0.029785,0.781738,-0.598633,-13.549805,-6.530762,-7.324219
8273,0.009766,0.793457,-0.614746,-14.465332,-5.126953,-7.873535
8274,-0.004883,0.824707,-0.666504,-7.812500,8.239746,-12.268066
8275,0.003906,0.826660,-0.631348,-4.821777,15.808105,-13.427734
8276,0.049805,0.835449,-0.537598,-3.112793,13.305664,-13.000488
8277,0.057129,0.844727,-0.496582,-3.845215,5.798340,-9.948730
8278,0.038086,0.842773,-0.501465,-3.784180,-4.089355,-5.920410
8279,0.012695,0.835938,-0.538086,-3.295898,-11.901855,-3.234863
8280,-0.006836,0.832520,-0.585449,-2.685547,-14.038086,0.183105
8281,-0.014648,0.826660,-0.588379,-1.647949,-11.962891,2.319336
8282,0.002441,0.798828,-0.561035,-2.990723,-9.887695,4.394531
8283,0.007812,0.766602,-0.556641,-4.150391,-10.925293,4.699707
8284,0.014648,0.708496,-0.593750,-6.347656,-6.042480,-2.746582
8285,-0.016602,0.703613,-0.565430,-5.737305,-8.117676,-12.634277
8286,-0.010742,0.760254,-0.586914,-7.141113,-9.338379,-19.348145
8287,-0.016602,0.782227,-0.606934,-7.873535,-5.310059,-22.033691
8288,-0.036133,0.824219,-0.620605,-5.737305,5.920410,-25.085449
8289,-0.019043,0.853516,-0.600586,-4.211426,9.765625,-22.583008
8290,-0.009766,0.856934,-0.546387,-3.906250,9.582520,-17.150879
8291,-0.005859,0.854004,-0.515137,-3.173828,4.699707,-10.375977
8292,-0.021973,0.809570,-0.544922,-3.234863,-7.629395,-1.953125
8293,-0.036133,0.790039,-0.572754,-3.601074,-9.338379,-1.647949
8294,-0.062500,0.771973,-0.601562,-5.798340,-6.774902,-3.601074
8295,-0.082520,0.755859,-0.576660,-19.653320,8.972168,-14.099121
8296,-0.122559,0.754395,-0.657715,-20.507812,19.104004,-19.653320
8297,-0.110840,0.771973,-0.658203,-18.676758,29.968262,-26.184082
8298,-0.078125,0.787109,-0.639648,-14.648438,40.039062,-29.296875
8299,-0.041016,0.823242,-0.532715,-7.507324,42.541504,-30.822754
8300,-0.011230,0.846191,-0.527344,-6.530762,36.376953,-27.770996
8301,0.012695,0.856934,-0.540527,-6.896973,29.113770,-21.972656
8302,0.027832,0.863770,-0.549805,-8.117676,22.949219,-13.854980
8303,0.025879,0.866699,-0.533691,-12.268066,12.084961,4.577637
8304,0.024414,0.849121,-0.513184,-15.136719,6.408691,11.169434
8305,0.014160,0.832520,-0.508301,-17.272949,1.281738,14.526367
8306,-0.009766,0.832520,-0.527344,-17.150879,-0.427246,10.681152
8307,-0.022461,0.846680,-0.535156,-15.136719,2.075195,7.141113
8308,-0.036133,0.859863,-0.525879,-12.329102,5.920410,3.540039
8309,-0.023438,0.862305,-0.493652,-6.225586,10.009766,-4.577637
8310,-0.009277,0.854980,-0.487305,-2.929688,10.742188,-8.728027
8311,0.007812,0.855469,-0.478516,0.732422,10.009766,-12.084961
8312,0.021484,0.866699,-0.504883,4.882812,5.004883,-12.268066
8313,0.011719,0.852051,-0.536621,6.347656,2.746582,-11.108398
8314,0.007324,0.843262,-0.550293,7.202148,0.183105,-10.437012
8315,0.002930,0.846191,-0.571777,6.835938,-1.831055,-8.728027
8316,-0.018066,0.863770,-0.572266,3.723145,-5.004883,-0.732422
8317,-0.022949,0.867676,-0.569824,1.342773,-7.141113,4.821777
8318,-0.025391,0.864746,-0.566895,-1.586914,-7.812500,10.498047
8319,-0.002441,0.842773,-0.557129,-4.089355,-6.408691,18.432617
8320,0.010254,0.817871,-0.539062,-3.784180,-6.347656,17.822266
8321,0.014160,0.798828,-0.520020,-2.929688,-8.056641,14.343262
8322,-0.010742,0.785156,-0.537109,-0.427246,-11.230469,3.234863
8323,-0.026367,0.779297,-0.540527,0.061035,-9.948730,-3.479004
8324,-0.063477,0.816895,-0.553711,0.793457,-6.164551,-11.413574
8325,-0.076172,0.833496,-0.571289,0.671387,-2.380371,-12.390137
8326,-0.067383,0.841797,-0.576660,0.732422,2.197266,-11.840820
8327,-0.049316,0.853516,-0.560547,0.610352,6.103516,-9.216309
8328,-0.018555,0.865723,-0.511719,-0.305176,5.859375,-0.305176
8329,-0.004395,0.867188,-0.511719,0.000000,2.014160,4.638672
8330,0.007324,0.859375,-0.522949,0.122070,-2.258301,8.728027
8331,0.019043,0.846680,-0.533203,-0.244141,-6.042480,11.779785
8332,0.032715,0.811523,-0.567383,-1.708984,-10.986328,14.770508
8333,0.034668,0.787109,-0.573242,-2.807617,-11.413574,12.939453
8334,0.037109,0.773438,-0.568848,-3.784180,-11.169434,9.582520
8335,0.038086,0.782227,-0.556152,-5.981445,-9.338379,2.685547
8336,0.027832,0.780762,-0.550293,-7.080078,-8.056641,-0.976562
8337,0.016113,0.785645,-0.549316,-7.141113,-7.019043,-5.187988
8338,0.003906,0.798828,-0.555176,-6.652832,-5.676270,-8.911133
8339,-0.023926,0.811523,-0.547363,-6.103516,-4.028320,-14.099121
8340,-0.036621,0.834961,-0.554199,-5.981445,-2.685547,-14.526367
8341,-0.061035,0.877930,-0.529785,-5.676270,1.220703,-8.605957
8342,-0.054688,0.877930,-0.517578,-4.455566,0.793457,-5.187988
8343,-0.041016,0.883789,-0.522461,-2.868652,-0.427246,-1.037598
8344,-0.047363,0.848633,-0.519531,1.892090,-4.211426,4.516602
8345,-0.053223,0.819336,-0.525391,2.746582,-6.591797,3.601074
8346,-0.056641,0.795898,-0.533691,2.136230,-7.629395,2.197266
8347,-0.067871,0.795898,-0.541016,0.366211,-6.835938,1.220703
8348,-0.083008,0.824219,-0.610840,-3.234863,0.244141,0.122070
8349,-0.079590,0.844238,-0.584473,-5.065918,6.042480,0.427246
8350,-0.060059,0.858887,-0.541016,-6.347656,8.300781,1.647949
8351,-0.048340,0.859375,-0.484375,-8.117676,7.141113,7.385254
8352,-0.046387,0.852051,-0.475098,-7.995605,4.333496,7.995605
8353,-0.040527,0.849609,-0.478516,-6.774902,1.831055,7.629395
8354,-0.037109,0.857910,-0.482910,-5.249023,-0.427246,6.774902
8355,-0.023926,0.937988,-0.448242,-8.056641,-10.559082,10.620117
8356,-0.058594,0.913574,-0.508789,-7.690430,-19.348145,19.287109
8357,-0.039551,0.845703,-0.651855,-7.019043,-12.207031,30.151367
8358,-0.024902,0.728516,-0.644043,-12.084961,3.723145,31.005859
8359,0.003418,0.756836,-0.731445,-17.028809,22.827148,22.338867
8360,0.047363,0.751465,-0.463379,-23.010254,21.545410,18.127441
8361,0.117188,0.953125,-0.548828,-56.884766,15.686035,13.183594
8362,0.125488,0.943359,-0.491211,-87.829590,9.399414,12.756348
8363,0.091309,0.930664,-0.442871,-106.262207,0.061035,15.258789
8364,-0.005371,0.825684,-0.459961,-119.567871,-10.253906,12.084961
8365,0.040527,0.809082,-0.490723,-97.412109,-9.887695,7.324219
8366,0.059082,0.758301,-0.491699,-69.519043,-1.281738,6.286621
8367,0.057129,0.828613,-0.411621,-47.973633,7.934570,0.244141
8368,0.055176,0.949219,-0.437012,-38.696289,10.192871,-15.502930
8369,0.012695,0.906738,-0.396484,-31.860352,11.718750,-19.409180
8370,0.005371,0.878418,-0.421387,-31.372070,13.366699,-25.634766
8371,0.043457,1.020996,-0.251953,-56.091309,12.451172,-29.418945
8372,0.091797,1.040527,-0.232422,-85.998535,1.525879,-23.925781
8373,0.077637,0.988770,-0.275391,-107.543945,-11.291504,-17.761230
8374,0.020020,0.958008,-0.368164,-125.549316,-16.906738,-10.253906
8375,-0.025391,0.908691,-0.329590,-116.699219,-24.047852,-6.896973
8376,-0.025879,0.906738,-0.258789,-105.834961,-33.386230,-3.784180
8377,-0.025879,0.890137,-0.255859,-99.121094,-41.381836,0.427246
8378,-0.014160,0.865723,-0.297852,-88.989258,-40.649414,3.723145
8379,0.021484,0.867188,-0.267090,-93.750000,-35.034180,3.234863
8380,0.059570,0.891113,-0.246094,-100.219727,-30.273438,3.601074
8381,0.056641,0.925293,-0.158203,-105.651855,-27.709961,0.610352
8382,0.096191,1.021484,-0.134277,-110.046387,-27.221680,6.958008
8383,0.097656,1.068848,-0.101074,-107.788086,-33.020020,18.432617
8384,0.154785,1.058105,-0.042969,-111.022949,-63.049316,32.958984
8385,0.162598,1.005371,-0.055664,-116.638184,-72.387695,39.367676
8386,0.178711,0.949707,-0.036133,-129.577637,-76.110840,42.236328
8387,0.172363,0.917480,-0.024414,-143.737793,-73.791504,39.916992
8388,0.154297,1.107910,0.122070,-180.786133,-69.885254,35.400391
8389,0.117188,1.288086,0.256836,-207.702637,-77.636719,44.372559
8390,0.070312,1.304199,0.324219,-255.310059,-108.398438,82.275391
8391,0.056641,1.082520,0.352539,-250.610352,-128.540039,96.435547
8392,0.040527,0.858887,0.295410,-232.971191,-142.456055,97.717285
8393,0.093262,0.590820,0.146484,-173.583984,-141.967773,67.626953
8394,0.189453,0.644043,0.055664,-140.441895,-120.849609,46.813965
8395,0.235840,0.693848,0.032227,-111.450195,-88.500977,27.954102
8396,0.229980,0.914062,0.218262,-92.712402,-15.319824,27.404785
8397,0.225098,1.034180,0.412598,-108.398438,6.713867,45.471191
8398,0.162598,1.049316,0.479492,-139.099121,16.479492,64.025879
8399,0.181152,0.854492,0.478027,-188.659668,21.484375,81.970215
8400,0.210938,0.816895,0.453613,-199.340820,23.803711,91.979980
8401,0.156250,0.716797,0.422363,-200.988770,24.719238,103.698730
8402,0.100586,0.667480,0.416992,-156.738281,24.719238,83.374023
8403,0.145508,0.707520,0.445312,-127.441406,28.686523,56.884766
8404,0.197754,0.717285,0.498047,-96.557617,29.724121,29.724121
8405,0.271484,0.710449,0.678223,-54.931641,19.165039,-17.272949
8406,0.297852,0.749023,0.713379,-48.645020,15.319824,-28.991699
8407,0.288086,0.729004,0.658203,-51.513672,18.676758,-30.517578
8408,0.297852,0.637695,0.574707,-44.677734,38.146973,-32.409668
8409,0.289062,0.587891,0.561035,-21.667480,42.724609,-31.921387
8410,0.261719,0.562012,0.616699,-0.061035,40.222168,-34.667969
8411,0.255371,0.579102,0.682129,4.272461,37.231445,-41.809082
8412,0.217285,0.601562,0.719238,-35.583496,42.358398,-63.598633
8413,0.194336,0.651855,0.692383,-54.443359,52.429199,-76.721191
8414,0.156738,0.730469,0.671387,-68.908691,68.359375,-87.463379
8415,0.104492,0.697754,0.812988,-89.843750,93.566895,-108.337402
8416,0.138184,0.781250,0.773926,-90.270996,95.397949,-100.891113
8417,0.026855,0.692871,0.770996,-87.158203,96.069336,-89.050293
8418,-0.036133,0.638672,0.772461,-84.472656,94.726562,-82.641602
8419,-0.099609,0.569824,0.793457,-74.218750,86.425781,-77.758789
8420,-0.120117,0.518555,0.756836,-61.767578,84.106445,-77.453613
8421,-0.125977,0.466309,0.767090,-43.518066,82.397461,-78.369141
8422,-0.088379,1.099121,1.990723,-113.098145,-95.031738,-47.363281
8423,-0.118652,0.670410,0.851562,-98.510742,-161.621094,-25.024414
8424,0.018555,0.057617,-0.829590,12.145996,-97.106934,-29.724121
8425,-0.059082,-0.009277,-0.175781,104.858398,24.169922,-57.006836
8426,-0.057617,0.636719,0.895508,104.736328,109.924316,-117.553711
8427,-0.142578,0.776855,0.932129,71.044922,105.529785,-117.797852
8428,-0.267090,1.115723,0.811523,46.813965,103.027344,-99.853516
8429,-0.537598,0.433594,0.509766,53.955078,97.717285,-100.097656
8430,-0.060059,0.839355,0.784180,91.674805,140.136719,-115.783691
8431,-0.230469,0.787109,1.043945,49.316406,137.329102,-83.618164
8432,-0.390137,0.769043,1.085449,7.080078,108.764648,-70.617676
8433,-0.427246,0.510254,0.851562,-28.625488,24.291992,-78.918457
8434,-0.333496,0.476562,0.697754,-33.935547,-1.098633,-83.435059
8435,-0.300293,0.491699,0.560059,-63.781738,0.915527,-84.533691
8436,-0.361328,0.412109,0.733398,-89.965820,22.399902,-84.899902
8437,-0.453613,0.492188,0.500488,-89.233398,55.358887,-90.209961
8438,-0.579590,0.686035,0.642090,-38.452148,99.487305,-85.205078
8439,-0.621094,0.797852,0.787109,-3.906250,99.365234,-73.242188
8440,-0.608887,0.888184,0.959473,22.094727,75.866699,-60.607910
8441,-0.570801,0.619141,1.132812,-14.282227,-3.479004,-36.987305
8442,-0.555664,0.508789,0.983398,-40.466309,-40.588379,-34.362793
8443,-0.521973,0.689453,0.588867,-116.149902,-54.809570,-28.076172
8444,-0.553711,0.569824,0.642090,-140.686035,-52.307129,-12.451172
8445,-0.591309,0.310547,0.562988,-146.850586,-33.203125,-25.451660
8446,-0.465332,0.279297,0.497559,-132.629395,1.342773,-44.677734
8447,-0.314941,0.284668,0.400391,-106.506348,49.194336,-50.476074
8448,-0.263184,0.196777,0.420410,-82.580566,154.785156,-60.180664
8449,-0.439941,0.116699,0.430664,-87.585449,204.162598,-83.557129
8450,-0.491211,0.090332,0.527832,-76.477051,239.929199,-107.971191
8451,-0.752930,0.026855,0.746582,65.734863,233.398438,-123.413086
8452,-0.858887,0.008789,0.906250,102.233887,211.364746,-135.986328
8453,-1.039062,-0.060059,0.937500,121.704102,153.747559,-202.941895
8454,-1.178711,-0.118164,0.931641,115.417480,116.455078,-255.554199
8455,-1.261230,0.060547,0.958496,97.290039,74.096680,-315.063477
8456,-1.281738,0.151367,0.896484,-31.066895,27.709961,-421.447754
8457,-1.196777,0.089355,0.680664,-74.279785,37.048340,-446.655273
8458,-1.218262,0.024414,0.430176,-53.588867,54.626465,-453.186035
8459,-1.226562,-0.033691,0.381836,78.857422,52.551270,-460.327148
8460,-1.204590,-0.017578,0.416992,121.520996,34.790039,-465.148926
8461,-1.167480,0.041992,0.469238,143.066406,15.869141,-468.383789
8462,-0.915039,0.212402,0.752930,109.558105,-2.563477,-445.068359
8463,-0.379883,0.833496,1.507324,46.752930,-87.036133,-314.331055
8464,-0.862305,0.093262,0.517578,20.507812,-129.150391,-191.894531
8465,-0.781738,0.051758,0.466309,28.503418,-83.496094,-167.541504
8466,-0.512695,0.007812,0.546875,56.457520,-63.781738,-36.254883
8467,-0.594727,-0.262695,0.613281,71.350098,-53.100586,-1.708984
8468,-0.616211,-0.588867,0.762207,44.677734,-37.109375,-28.625488
8469,-0.461426,-0.517578,0.652832,25.573730,-28.625488,-55.358887
8470,-0.564941,-0.478027,0.456543,12.634277,-7.019043,-70.251465
8471,-0.716797,-0.468262,0.479980,14.709473,10.681152,-78.857422
8472,-0.885742,-0.249512,0.724609,-38.940430,19.775391,-74.035645
8473,-0.779785,-0.182129,0.600098,-77.453613,27.343750,-56.213379
8474,-0.666504,-0.288086,0.480957,-107.788086,55.725098,-40.771484
8475,-0.577637,-0.565918,0.445801,-95.336914,98.083496,-60.302734
8476,-0.575684,-0.569824,0.657715,-56.030273,91.918945,-79.833984
8477,-0.576660,-0.527344,0.882324,-27.465820,65.185547,-90.759277
8478,-0.673828,-0.685547,0.809570,12.145996,-11.352539,-88.745117
8479,-0.777344,-0.695801,0.729492,6.164551,-39.733887,-105.346680
8480,-0.761719,-0.680176,0.574219,-19.958496,-54.809570,-130.004883
8481,-0.535645,-0.656738,0.451172,-60.241699,-49.438477,-173.034668
8482,-0.463867,-0.593750,0.495117,-58.532715,-39.184570,-172.485352
8483,-0.481934,-0.478516,0.614258,-49.011230,-36.437988,-154.174805
8484,-0.436035,-0.365723,0.565430,-75.378418,-44.982910,-81.726074
8485,-0.524414,-0.526367,0.466309,-68.786621,-34.545898,-56.518555
8486,-0.512207,-0.657227,0.444824,-48.034668,-17.517090,-46.569824
8487,-0.484375,-0.876465,0.552246,4.394531,-16.052246,-37.536621
8488,-0.447754,-0.922852,0.580566,16.479492,-28.137207,-40.771484
8489,-0.412598,-0.873047,0.575195,5.187988,-40.771484,-51.757812
8490,-0.462402,-0.589355,0.584961,-87.646484,-20.507812,-98.693848
8491,-0.402832,-0.445801,0.319336,-125.732422,1.708984,-83.251953
8492,-0.346191,-0.417969,0.249512,-118.530273,23.986816,-41.198730
8493,-0.328125,-0.778320,0.536621,-29.846191,18.859863,12.451172
8494,-0.338379,-0.928223,0.612305,-3.234863,10.253906,15.075684
8495,-0.332031,-0.979980,0.588379,10.314941,5.798340,8.605957
8496,-0.434082,-1.024414,0.471680,46.691895,1.708984,-9.521484
8497,-0.353516,-0.898438,0.474121,72.998047,-1.831055,-17.333984
8498,-0.369629,-0.855469,0.464355,99.670410,-5.676270,-14.221191
