order,ax,ay,az,gx,gy,gz
0,0.106934,-1.016113,0.029297,26.306152,-5.798340,-18.432617
1,0.171387,-0.936523,0.025391,16.418457,-0.854492,-15.136719
2,0.184570,-0.906738,0.046387,5.859375,2.990723,-10.681152
3,0.193359,-0.911621,-0.005859,-18.981934,12.756348,-1.220703
4,0.180664,-0.937988,-0.004395,-21.423340,17.517090,1.770020
5,0.163086,-0.950684,0.011230,-20.874023,19.287109,2.502441
6,0.133789,-1.005859,0.049805,-1.892090,6.164551,3.540039
7,0.128906,-1.008301,0.003906,13.122559,-7.385254,3.173828
8,0.148438,-1.000977,-0.044922,34.729004,-17.272949,3.356934
9,0.199219,-0.984375,-0.026367,62.072754,-16.052246,2.990723
10,0.188477,-0.992676,0.015625,65.002441,-10.803223,3.540039
11,0.183105,-1.042480,0.033203,66.040039,-7.324219,3.723145
12,0.092285,-1.213867,-0.036133,73.791504,5.187988,0.976562
13,-0.320801,-1.152832,0.262695,77.270508,12.939453,-16.906738
14,-0.248047,-1.060547,0.427246,67.871094,6.408691,-47.058105
15,-0.111328,-0.941406,0.505859,-2.075195,-51.330566,-80.993652
16,-0.018066,-0.915527,0.431641,-41.992188,-80.383301,-92.712402
17,0.197754,-1.013184,0.358887,-99.365234,-86.547852,-95.825195
18,0.378906,-0.863770,-0.313965,-185.546875,4.943848,-78.186035
19,0.446777,-0.774902,-0.336914,-200.744629,59.326172,-84.655762
20,0.517578,-0.588379,-0.097656,-210.388184,97.717285,-71.289062
21,0.532227,-0.464355,0.223145,-229.919434,98.449707,-38.940430
22,0.588867,-0.492188,0.109375,-285.339355,42.602539,53.527832
23,0.538574,-0.513184,-0.260742,-297.180176,34.667969,98.632812
24,0.483398,-0.517090,-0.624023,-287.719727,44.494629,138.305664
25,0.327148,-0.463379,-0.633789,-207.702637,67.382812,193.420410
26,0.290039,-0.375000,-0.530273,-205.810547,80.017090,225.219727
27,0.196289,-0.372559,-0.584961,-264.099121,106.750488,267.944336
28,0.052734,-0.456055,-0.776367,-346.252441,145.507812,305.908203
29,-0.083496,-0.494629,-0.915527,-418.884277,188.415527,333.984375
30,-0.214355,-0.559082,-1.178711,-519.042969,254.028320,375.427246
31,-0.275391,-0.580078,-1.135254,-532.653809,285.888672,389.709473
32,-0.360352,-0.656250,-0.976562,-554.504395,304.138184,400.024414
33,-0.463379,-0.524902,-0.817871,-640.991211,279.663086,393.432617
34,-0.378418,-0.408203,-0.938965,-658.264160,246.032715,378.845215
35,-0.246094,-0.286133,-1.062988,-648.010254,200.378418,356.445312
36,-0.261719,-0.187012,-1.262207,-548.950195,93.688965,301.513672
37,-0.332031,-0.178711,-1.385742,-470.764160,50.109863,268.676758
38,-0.330566,-0.249512,-1.596680,-363.586426,29.296875,229.309082
39,-0.319824,-0.318848,-1.595215,-241.577148,31.677246,178.894043
40,-0.348633,-0.395508,-1.496094,-10.375977,20.935059,33.386230
41,-0.218750,-0.313477,-1.282715,64.208984,0.000000,-45.959473
42,-0.102051,-0.109375,-1.340332,139.953613,-28.869629,-100.036621
43,-0.108887,0.097656,-1.556641,410.095215,-116.577148,-159.423828
44,-0.122559,0.122070,-1.484863,548.217773,-171.447754,-176.086426
45,-0.122559,0.140625,-1.392090,651.000977,-219.665527,-184.814453
46,-0.145020,0.163574,-1.212402,704.650879,-255.249023,-182.800293
47,-0.291992,-0.005371,-1.107910,626.159668,-256.286621,-176.513672
48,-0.320312,-0.077148,-1.104004,583.435059,-254.150391,-160.766602
49,-0.314453,-0.215820,-1.097168,574.829102,-256.591797,-136.230469
50,-0.035156,-0.728516,-1.082031,615.783691,-267.700195,-100.097656
51,-0.032227,-0.695801,-0.638184,618.164062,-281.921387,-104.553223
52,-0.061523,-0.530273,-0.166504,601.623535,-320.739746,-117.492676
53,0.000000,-0.458008,0.213867,513.427734,-414.672852,-126.525879
54,0.049316,-0.502441,0.203125,459.777832,-433.105469,-118.041992
55,0.095703,-0.571777,0.083984,419.433594,-432.556152,-99.975586
56,0.319824,-0.662598,-0.190918,390.869141,-406.250000,-42.114258
57,0.393555,-0.575195,-0.239258,376.647949,-365.539551,-8.911133
58,0.357910,-0.473145,-0.063477,346.862793,-307.434082,20.690918
59,0.186035,-0.528320,0.249023,285.705566,-239.868164,46.142578
60,-0.201172,-0.962402,0.804199,79.895020,-78.918457,95.886230
61,-0.370605,-1.327148,1.026367,-39.123535,-9.826660,103.088379
62,-0.433105,-1.579102,1.201172,-135.620117,-1.098633,81.481934
63,-0.624512,-1.717773,1.128418,-198.425293,-41.564941,21.118164
64,-0.677246,-1.576172,0.476074,-232.482910,-116.699219,-154.052734
65,-0.474121,-1.452637,0.148438,-202.758789,-116.638184,-225.402832
66,-0.197266,-1.168457,-0.090820,-94.970703,-36.865234,-296.569824
67,-0.185059,-1.104492,-0.020020,-27.465820,-15.625000,-306.274414
68,-0.124512,-1.007812,0.063477,43.945312,-24.902344,-316.101074
69,-0.020508,-0.880371,0.128906,96.923828,-39.978027,-322.998047
70,0.111816,-0.757324,0.196777,117.492676,-44.311523,-325.561523
71,0.245605,-0.685059,0.541504,57.922363,-26.428223,-335.632324
72,0.292480,-0.661133,0.702637,7.446289,-25.939941,-344.909668
73,0.400391,-0.593750,0.673828,-29.724121,-39.306641,-346.374512
74,0.571289,-0.479980,0.485352,-38.940430,-64.758301,-329.162598
75,0.720215,-0.284180,0.164062,-22.216797,-94.970703,-247.924805
76,0.814941,-0.245117,0.233887,-31.188965,-83.251953,-202.331543
77,0.870117,-0.479492,0.694336,-133.544922,-65.246582,-128.112793
78,0.834961,-0.646973,0.583984,-171.875000,-74.462891,-94.909668
79,0.737793,-0.805664,0.151367,-159.484863,-84.411621,-67.871094
80,0.708984,-0.855469,-0.450195,34.301758,-78.979492,-67.443848
81,0.748535,-0.700195,-0.255371,138.488770,-77.148438,-84.350586
82,0.854004,-0.502930,0.134277,165.222168,-72.998047,-95.581055
83,0.875488,-0.373535,0.465820,-42.663574,-21.667480,-76.843262
84,0.824219,-0.221191,0.755371,-208.374023,13.061523,-56.823730
85,0.956055,-0.153320,0.527832,-354.736328,49.438477,-31.372070
86,1.016602,-0.278320,0.328613,-438.476562,69.519043,-7.446289
87,0.825195,-0.398926,-0.003906,-463.806152,55.175781,-0.915527
88,0.878418,-0.465820,-0.187500,-415.832520,36.743164,1.403809
89,0.806641,-0.600098,-0.320312,-338.684082,16.113281,10.070801
90,0.809082,-0.664551,-0.421387,-263.000488,2.197266,23.010254
91,0.717285,-0.637695,-0.227539,-185.729980,2.624512,39.978027
92,0.755859,-0.495117,-0.073730,-190.856934,7.995605,45.349121
93,0.749023,-0.393066,-0.019043,-211.059570,12.695312,58.898926
94,0.729980,-0.332031,-0.175781,-275.390625,44.433594,75.866699
95,0.763672,-0.386230,-0.292480,-316.406250,64.880371,80.810547
96,0.854492,-0.451660,-0.447754,-355.712891,83.007812,88.684082
97,0.779297,-0.443359,-0.350586,-385.070801,80.993652,106.018066
98,0.731445,-0.407715,-0.346191,-378.051758,62.622070,107.177734
99,0.724121,-0.365234,-0.291504,-374.511719,45.959473,107.360840
100,0.752441,-0.339355,-0.335938,-382.507324,33.569336,109.008789
101,0.716309,-0.430664,-0.471680,-402.526855,23.254395,111.999512
102,0.669922,-0.514648,-0.533203,-394.226074,16.296387,108.581543
103,0.687012,-0.642090,-0.697266,-372.680664,6.713867,101.806641
104,0.527832,-0.825684,-1.033203,-285.644531,-0.366211,66.955566
105,0.463867,-0.881348,-0.932129,-273.498535,38.085938,38.024902
106,0.514648,-0.768066,-0.560059,-331.787109,106.811523,4.028320
107,0.526855,-0.552734,-0.308105,-407.653809,133.666992,-23.254395
108,0.662598,-0.166504,-0.243652,-453.552246,106.689453,-49.865723
109,0.908203,0.167969,0.065430,-451.782227,84.777832,-45.410156
110,0.895020,0.207520,-0.063477,-427.001953,23.498535,-21.301270
111,0.907227,0.464844,-0.323730,-383.911133,-9.704590,-7.507324
112,0.885254,0.500488,-0.367676,-374.755859,-23.193359,9.277344
113,0.791016,0.435059,-0.443848,-358.825684,-37.658691,16.784668
114,0.717285,0.283691,-0.720215,-292.053223,-55.541992,9.826660
115,0.709473,0.218262,-0.839844,-250.244141,-46.691895,3.723145
116,0.698730,0.179688,-0.890137,-206.237793,-31.738281,-8.483887
117,0.786133,0.330566,-0.753906,-152.099609,1.098633,-36.682129
118,0.776367,0.435547,-0.680664,-132.446289,10.070801,-39.672852
119,0.748047,0.518555,-0.612305,-107.421875,10.681152,-40.954590
120,0.803711,0.691895,-0.541016,-52.307129,-2.624512,-25.573730
121,0.795410,0.696289,-0.555176,-26.977539,-4.943848,-9.033203
122,0.813965,0.689453,-0.567871,2.502441,-6.286621,6.225586
123,0.772461,0.664551,-0.234863,14.709473,-14.465332,31.433105
124,0.717773,0.590332,-0.203613,-14.831543,-29.602051,40.100098
125,0.654297,0.487793,-0.377441,-40.222168,-41.931152,44.555664
126,0.652832,0.335938,-0.685547,-29.479980,-36.132812,47.180176
127,0.663086,0.255859,-0.687988,-18.737793,-26.245117,44.738770
128,0.667480,0.200195,-0.629395,-9.704590,-17.089844,36.499023
129,0.572266,0.117676,-0.537598,32.287598,-29.785156,8.300781
130,0.640625,0.171387,-0.647949,54.077148,-43.090820,-7.263184
131,0.718262,0.249512,-0.784180,66.589355,-40.832520,-17.456055
132,0.711914,0.311035,-0.792480,70.617676,-28.198242,-21.179199
133,0.670410,0.386719,-0.680176,71.655273,-19.714355,-24.658203
134,0.683594,0.384766,-0.817383,86.853027,-23.620605,-24.475098
135,0.667969,0.361328,-1.019043,130.004883,-26.855469,-25.695801
136,0.605957,0.290527,-1.224609,196.411133,-26.184082,-32.287598
137,0.687988,0.252930,-1.591309,392.211914,-13.977051,-54.626465
138,0.715332,0.294434,-1.618164,481.872559,11.901855,-74.584961
139,0.672852,0.435547,-1.478516,562.133789,35.217285,-97.412109
140,0.564453,0.797852,-1.230957,710.693359,48.645020,-119.812012
141,0.527832,0.860352,-1.163086,769.287109,57.922363,-119.812012
142,0.493652,0.792480,-1.043945,822.326660,67.565918,-114.807129
143,0.400391,0.589844,-0.846680,856.323242,75.500488,-115.173340
144,0.370605,0.348145,-0.424805,832.153320,56.762695,-149.780273
145,0.469238,0.439941,-0.348145,794.067383,43.151855,-160.827637
146,0.604492,0.458496,-0.263672,721.435547,48.522949,-154.113770
147,0.738281,0.428711,-0.185059,531.921387,71.350098,-99.426270
148,0.819824,0.300781,-0.047363,437.194824,85.998535,-64.453125
149,0.846191,0.170410,0.107910,384.033203,83.801270,-34.057617
150,0.789062,0.095215,0.035645,346.679688,83.862305,-2.136230
151,0.825684,-0.123047,0.072266,338.378906,111.816406,52.246094
152,0.758301,-0.308105,0.205078,324.096680,119.201660,70.007324
153,0.769043,-0.580566,0.261230,311.340332,129.394531,78.491211
154,0.535645,-0.890625,0.627441,296.508789,121.093750,44.921875
155,0.541504,-0.849609,0.733887,293.273926,100.036621,7.141113
156,0.763672,-0.491699,0.742676,253.051758,62.622070,-39.062500
157,0.866699,-0.331055,0.710449,217.895508,62.133789,-32.287598
158,0.857422,-0.291016,0.625977,184.082031,69.274902,-15.686035
159,0.768066,-0.397949,0.679688,133.422852,76.660156,-2.441406
160,0.739258,-0.452637,0.711914,126.953125,67.749023,-5.920410
161,0.749512,-0.462891,0.714844,130.249023,57.983398,-12.207031
162,0.781738,-0.361816,0.715820,135.742188,53.466797,-15.319824
163,0.789062,-0.216309,0.896973,119.689941,52.062988,-3.479004
164,0.790527,-0.164551,0.956543,89.172363,50.231934,3.417969
165,0.808105,-0.163574,0.960449,52.429199,46.875000,13.793945
166,0.809082,-0.259277,0.929199,21.911621,42.602539,23.559570
167,0.677246,-0.481934,0.804688,-11.840820,29.235840,18.371582
168,0.648926,-0.541992,0.718750,-13.061523,23.376465,6.652832
169,0.655762,-0.545898,0.694824,-6.591797,21.362305,-5.310059
170,0.684570,-0.399902,0.763184,-7.568359,22.277832,-19.714355
171,0.703613,-0.297363,0.806641,-20.935059,21.789551,-17.700195
172,0.737305,-0.225098,0.783203,-37.658691,21.972656,-9.460449
173,0.767090,-0.236328,0.795410,-52.490234,17.822266,21.667480
174,0.749023,-0.327637,0.752441,-53.466797,14.099121,32.531738
175,0.710449,-0.438477,0.750977,-49.499512,9.460449,35.766602
176,0.678223,-0.526855,0.720703,-43.762207,1.464844,32.104492
177,0.646484,-0.517578,0.584961,-29.113770,-7.873535,17.028809
178,0.662598,-0.428223,0.557617,-28.747559,-5.493164,14.282227
179,0.690918,-0.379395,0.528809,-30.761719,-1.159668,18.371582
180,0.691895,-0.395020,0.613770,-37.231445,5.615234,30.944824
181,0.685547,-0.407227,0.631836,-47.729492,6.713867,35.339355
182,0.696777,-0.376465,0.689941,-66.406250,9.643555,38.085938
183,0.756836,-0.294434,0.707520,-138.916016,14.221191,55.358887
184,0.697266,-0.357910,0.642090,-173.583984,19.531250,65.734863
185,0.617676,-0.476074,0.596680,-195.678711,21.240234,72.998047
186,0.562500,-0.572754,0.519043,-220.703125,13.183594,70.007324
187,0.625977,-0.769531,0.229980,-215.454102,19.104004,62.744141
188,0.631836,-0.834473,0.228027,-189.758301,29.113770,51.818848
189,0.610840,-0.892090,0.305176,-156.616211,32.714844,39.489746
190,0.583008,-0.878906,0.371582,-112.426758,28.747559,29.174805
191,0.480469,-0.769531,0.625488,-35.644531,0.915527,24.658203
192,0.443848,-0.863281,0.743652,-31.250000,-15.502930,25.207520
193,0.557617,-0.957031,0.619141,-98.266602,-31.250000,12.695312
194,0.586914,-0.990723,0.563477,-158.691406,-10.375977,5.920410
195,0.569824,-0.968750,0.582031,-241.271973,21.484375,-3.601074
196,0.585449,-0.852051,0.572754,-323.059082,46.386719,-10.925293
197,0.616211,-0.615234,0.477051,-431.518555,68.237305,-0.244141
198,0.597168,-0.561035,0.446777,-458.557129,66.894531,12.329102
199,0.557617,-0.514160,0.419434,-473.876953,56.579590,23.864746
200,0.506348,-0.532227,0.247559,-490.051270,17.761230,44.677734
201,0.542480,-0.677246,-0.034180,-483.947754,2.746582,52.185059
202,0.686523,-0.671875,-0.431152,-447.265625,-0.122070,57.067871
203,0.345215,-1.222168,-0.346191,-322.814941,-1.220703,56.762695
204,0.379883,-1.106934,-0.519531,-299.682617,1.586914,37.048340
205,0.405762,-1.063965,-0.606445,-290.222168,29.235840,12.512207
206,0.396484,-1.018555,-0.524414,-292.846680,58.654785,-17.700195
207,0.452148,-0.765137,-0.389648,-303.100586,72.875977,-54.748535
208,0.470703,-0.720215,-0.442871,-306.823730,70.190430,-57.250977
209,0.482910,-0.684570,-0.488281,-323.181152,81.298828,-66.833496
210,0.564453,-0.472168,-0.340820,-371.276855,106.628418,-83.435059
211,0.598633,-0.331543,-0.305176,-377.685547,100.158691,-80.017090
212,0.619141,-0.216309,-0.353516,-363.342285,85.205078,-72.143555
213,0.669434,-0.126953,-0.435547,-334.228516,68.298340,-61.584473
214,0.722656,-0.017090,-0.539551,-280.883789,47.119141,-38.452148
215,0.721680,-0.011719,-0.547852,-263.732910,40.344238,-33.142090
216,0.670410,-0.058594,-0.588867,-216.735840,21.057129,-35.644531
217,0.679199,-0.055664,-0.603027,-183.410645,9.155273,-42.297363
218,0.673340,-0.050293,-0.634277,-143.554688,-3.173828,-47.241211
219,0.666992,-0.010742,-0.727539,-97.839355,-14.465332,-50.659180
220,0.706055,0.054688,-0.835449,-12.878418,-25.695801,-54.138184
221,0.765625,0.189941,-0.824707,14.648438,-25.146484,-55.236816
222,0.782715,0.282227,-0.795898,33.630371,-26.184082,-49.682617
223,0.750488,0.269043,-0.778809,59.692383,-21.484375,-15.869141
224,0.734863,0.210938,-0.706543,68.847656,-24.230957,-8.300781
225,0.726562,0.213379,-0.642578,70.312500,-28.198242,-3.662109
226,0.661621,0.168457,-0.586914,70.678711,-33.813477,3.112793
227,0.567871,-0.156738,-0.765625,57.434082,-40.466309,1.403809
228,0.566895,-0.198242,-0.856934,40.832520,-30.334473,-9.277344
229,0.594727,-0.143066,-0.855957,20.202637,-13.671875,-20.080566
230,0.665527,0.031738,-0.745605,-7.507324,8.056641,-24.047852
231,0.689453,0.078613,-0.689453,2.624512,0.122070,-12.329102
232,0.696777,0.078125,-0.659180,13.244629,-7.995605,-4.150391
233,0.696289,0.043945,-0.679688,16.784668,-14.892578,3.234863
234,0.665527,0.000000,-0.716309,10.437012,-15.930176,8.544922
235,0.622559,-0.082031,-0.761719,-13.610840,-9.582520,13.488770
236,0.623047,-0.124023,-0.793457,-20.507812,-6.347656,14.160156
237,0.619141,-0.153320,-0.770996,-28.930664,-1.220703,13.244629
238,0.632812,-0.208008,-0.776367,-40.161133,1.342773,6.591797
239,0.637207,-0.187500,-0.846680,-25.512695,-1.281738,2.624512
240,0.651367,-0.166504,-0.889648,1.342773,-3.601074,1.464844
241,0.680176,-0.039551,-1.006348,67.321777,-6.286621,0.000000
242,0.701660,0.028809,-1.140625,112.243652,-6.286621,6.164551
243,0.676270,-0.008789,-1.240723,166.870117,-5.249023,11.413574
244,0.634766,-0.109863,-1.228516,222.900391,-1.220703,11.840820
245,0.501953,-0.306641,-0.912598,292.175293,13.610840,-5.065918
246,0.513184,-0.368652,-0.752930,304.504395,14.099121,-15.502930
247,0.548828,-0.415039,-0.635742,308.837891,8.850098,-25.268555
248,0.610840,-0.430664,-0.654785,327.575684,-11.535645,-51.635742
249,0.632324,-0.320801,-0.664551,354.370117,-20.568848,-57.556152
250,0.655762,-0.249023,-0.618652,380.065918,-28.076172,-56.030273
251,0.658203,-0.353516,-0.469727,383.361816,-34.545898,-46.630859
252,0.632812,-0.442871,-0.502441,370.239258,-35.034180,-49.682617
253,0.618652,-0.520996,-0.504395,360.168457,-33.264160,-53.527832
254,0.608887,-0.555176,-0.458008,349.304199,-29.296875,-59.326172
255,0.692383,-0.463867,-0.335938,322.143555,-24.414062,-61.035156
256,0.711426,-0.414551,-0.298828,302.124023,-22.399902,-56.152344
257,0.717773,-0.388672,-0.278320,280.700684,-18.249512,-48.400879
258,0.710938,-0.472168,-0.158203,239.562988,-10.131836,-33.386230
259,0.703125,-0.552246,-0.100098,222.900391,-11.474609,-28.930664
260,0.706543,-0.661133,-0.065430,207.702637,-16.235352,-28.564453
261,0.714355,-0.723633,-0.099609,201.477051,-22.033691,-33.752441
262,0.712891,-0.689453,-0.093750,211.547852,-26.550293,-41.809082
263,0.704102,-0.644043,-0.040527,212.158203,-25.695801,-42.785645
264,0.717285,-0.609863,0.020508,201.477051,-24.719238,-40.405273
265,0.766113,-0.627441,0.040527,146.789551,-14.343262,-31.372070
266,0.792969,-0.620605,0.022461,112.854004,-2.746582,-26.916504
267,0.797363,-0.600098,0.031738,81.726074,10.009766,-21.789551
268,0.803711,-0.579102,0.061523,52.673340,21.240234,-15.686035
269,0.793457,-0.529297,0.155273,1.464844,35.766602,-1.464844
270,0.781250,-0.537109,0.182129,-20.568848,37.719727,6.958008
271,0.765137,-0.601562,0.158691,-36.499023,36.865234,12.634277
272,0.732910,-0.720215,0.111328,-31.799316,26.489258,8.789062
273,0.737793,-0.739746,0.045410,-5.249023,15.075684,2.807617
274,0.759766,-0.750488,-0.062988,35.888672,4.638672,-2.319336
275,0.736328,-0.710938,-0.073242,83.679199,-1.281738,-7.507324
276,0.773438,-0.576660,0.110352,132.629395,-15.075684,-9.643555
277,0.805664,-0.549316,0.105957,125.488281,-16.418457,-5.249023
278,0.800293,-0.540039,0.116699,108.276367,-10.925293,0.549316
279,0.773438,-0.551270,0.185059,65.063477,-0.976562,9.521484
280,0.759277,-0.551270,0.203125,47.973633,0.061035,14.465332
281,0.745117,-0.575684,0.195801,35.583496,-1.464844,19.470215
282,0.775391,-0.664551,0.067871,29.602051,-0.915527,25.634766
283,0.751465,-0.694336,0.019043,33.386230,6.530762,26.184082
284,0.719727,-0.725098,0.058594,35.400391,14.465332,24.597168
285,0.700195,-0.712891,0.160645,31.860352,19.348145,18.310547
286,0.704590,-0.672363,0.175293,30.456543,18.310547,17.333984
287,0.710938,-0.639160,0.212891,29.541016,17.272949,18.676758
288,0.724609,-0.670898,0.236328,27.282715,9.521484,23.803711
289,0.714355,-0.715820,0.219238,33.508301,6.591797,24.719238
290,0.685059,-0.750977,0.239746,46.203613,2.380371,23.559570
291,0.676758,-0.759766,0.282715,56.762695,-4.028320,18.371582
292,0.731445,-0.704102,0.269043,60.913086,-11.718750,15.747070
293,0.726074,-0.617676,0.187988,61.279297,-10.498047,21.667480
294,0.714355,-0.610352,0.178223,57.556152,-4.089355,29.296875
295,0.699219,-0.638672,0.214844,48.400879,3.234863,31.799316
296,0.674805,-0.744141,0.312012,23.681641,8.422852,31.188965
297,0.653320,-0.761230,0.327637,23.254395,3.845215,29.174805
298,0.635742,-0.738770,0.338867,28.137207,-3.845215,27.648926
299,0.631348,-0.697266,0.350586,32.043457,-16.967773,31.066895
300,0.726562,-0.646973,0.297363,30.883789,-18.310547,37.353516
301,0.736816,-0.632812,0.276367,28.930664,-15.869141,44.372559
302,0.728516,-0.613281,0.289551,22.766113,-11.840820,50.964355
303,0.696777,-0.577148,0.317383,12.573242,-7.812500,57.678223
304,0.628418,-0.592773,0.341309,-15.686035,-5.310059,73.547363
305,0.606934,-0.675293,0.321777,-31.372070,-4.272461,78.674316
306,0.598145,-0.589844,0.282715,-72.937012,2.014160,89.111328
307,0.625000,-0.482422,0.245117,-96.496582,9.704590,104.187012
308,0.716797,-0.310547,0.155273,-157.836914,35.278320,153.015137
309,0.617676,-0.319336,0.056641,-188.903809,50.048828,180.603027
310,0.590820,-0.313477,-0.043945,-222.167969,72.998047,203.857422
311,0.522461,-0.266113,-0.091309,-291.503906,124.694824,258.728027
312,0.241211,-0.400391,-0.130371,-332.397461,144.836426,287.109375
313,0.146484,-0.517090,-0.264648,-386.413574,162.170410,308.776855
314,0.071777,-0.630859,-0.450195,-438.293457,181.335449,325.256348
315,-0.104492,-0.668457,-0.681152,-521.850586,218.200684,353.759766
316,-0.166504,-0.703125,-0.694824,-547.302246,224.548340,367.431641
317,-0.271973,-0.814453,-0.654297,-561.340332,215.087891,370.361328
318,-0.337402,-1.076660,-0.787598,-571.044922,153.930664,327.758789
319,-0.421387,-1.281738,-1.005859,-552.429199,117.736816,293.090820
320,-0.384766,-1.599609,-1.464355,-506.042480,90.332031,163.879395
321,-0.304199,-1.524902,-1.847656,-432.373047,86.791992,90.759277
322,-0.314453,-1.382812,-1.951660,-282.653809,88.562012,38.635254
323,-0.338379,-1.304199,-1.788574,-126.281738,88.439941,-2.136230
324,-0.183594,-0.867188,-0.946777,11.108398,93.078613,-78.247070
325,-0.138184,-0.674316,-0.680664,-16.113281,93.688965,-102.172852
326,-0.056152,-0.594238,-0.520996,-77.575684,98.815918,-119.384766
327,0.029785,-0.286621,-0.518555,-196.533203,110.717773,-140.563965
328,0.073242,-0.129395,-0.474121,-216.979980,106.445312,-136.108398
329,0.098633,-0.026367,-0.448730,-216.491699,88.684082,-124.389648
330,0.170410,0.071289,-0.508789,-184.936523,42.053223,-95.153809
331,0.233887,0.113770,-0.554688,-173.034668,22.216797,-77.392578
332,0.250000,0.123047,-0.590332,-180.053711,10.192871,-59.753418
333,0.222168,0.091797,-0.642578,-215.576172,7.019043,-45.471191
334,0.216797,0.067383,-1.053711,-289.978027,9.887695,-49.072266
335,0.273926,0.187988,-1.100098,-292.724609,4.516602,-53.161621
336,0.239746,0.340332,-1.484863,-212.829590,14.770508,-37.658691
337,0.190918,0.360840,-1.165527,-149.536133,6.835938,-13.000488
338,0.052734,0.215820,-1.260254,-106.201172,-4.760742,-0.976562
339,0.115234,0.149902,-1.429199,-75.134277,14.160156,-4.516602
340,0.167480,0.103516,-0.993652,-59.020996,69.213867,-24.597168
341,0.167480,0.219727,-0.776855,-60.302734,61.645508,-34.179688
342,0.180176,0.342285,-0.777832,-65.979004,45.654297,-31.433105
343,0.206055,0.318848,-0.960938,-91.064453,41.809082,-12.207031
344,0.174805,0.228027,-0.974609,-103.332520,49.377441,-9.643555
345,0.199219,0.151855,-1.003906,-113.891602,55.419922,-13.366699
346,0.176270,0.142090,-0.903809,-143.493652,54.077148,-49.865723
347,0.199219,0.230957,-0.950195,-156.555176,53.039551,-70.739746
348,0.229004,0.342285,-0.974609,-151.550293,57.067871,-78.491211
349,0.281250,0.528809,-0.832031,-93.017578,58.105469,-61.889648
350,0.314453,0.601074,-0.713867,-67.382812,50.109863,-52.307129
351,0.367188,0.643066,-0.583984,-78.674316,25.939941,-31.738281
352,0.352539,0.600098,-0.601562,-92.895508,14.526367,-19.531250
353,0.297363,0.556152,-0.707520,-98.449707,5.249023,-14.282227
354,0.324219,0.565430,-0.774902,-96.008301,4.638672,-13.366699
355,0.317871,0.555664,-0.760254,-72.814941,6.774902,-6.164551
356,0.312500,0.511230,-0.736328,-63.598633,5.371094,-3.234863
357,0.276855,0.441406,-0.759766,-55.480957,5.920410,-3.479004
358,0.267090,0.411133,-0.756348,-49.865723,8.300781,-7.812500
359,0.264160,0.398438,-0.720215,-82.397461,10.253906,-27.893066
360,0.258301,0.437988,-0.768066,-101.745605,14.160156,-43.151855
361,0.292480,0.551758,-0.858887,-77.209473,27.587891,-61.767578
362,0.308594,0.612305,-0.783203,-38.391113,32.470703,-60.729980
363,0.326660,0.660645,-0.652832,-3.967285,29.968262,-54.077148
364,0.335938,0.709961,-0.458496,6.835938,6.286621,-36.621094
365,0.358887,0.711426,-0.487305,-10.986328,-3.601074,-29.724121
366,0.325195,0.671875,-0.518066,-22.705078,-11.779785,-25.695801
367,0.302734,0.607910,-0.756348,5.065918,-27.221680,-21.118164
368,0.273438,0.582031,-0.819336,21.118164,-24.353027,-21.423340
369,0.258301,0.574219,-0.770508,14.038086,-16.662598,-25.512695
370,0.223145,0.532715,-0.652344,-28.808594,-16.052246,-37.475586
371,0.179688,0.615723,-0.787598,-109.191895,-14.343262,-65.063477
372,0.190918,0.705566,-0.899414,-109.985352,-6.042480,-68.481445
373,0.222168,0.772949,-0.972656,-72.692871,6.347656,-65.185547
374,0.265625,0.852051,-0.789551,71.105957,6.042480,-44.555664
375,0.264160,0.831543,-0.739258,131.713867,-4.394531,-33.020020
376,0.211426,0.758301,-0.743652,178.649902,-14.282227,-25.085449
377,0.131836,0.554199,-0.827148,244.018555,-30.883789,-23.254395
378,0.126465,0.467285,-0.813965,257.995605,-31.372070,-28.747559
379,0.129883,0.394531,-0.801270,255.554199,-31.555176,-40.283203
380,0.143555,0.364258,-0.779297,245.483398,-34.606934,-56.396484
381,0.138672,0.337891,-0.797363,222.106934,-44.677734,-75.439453
382,0.075195,0.227051,-0.940430,250.671387,-53.283691,-70.007324
383,0.042480,0.132324,-1.024414,275.329590,-54.748535,-68.786621
384,0.043457,0.055176,-1.137207,294.494629,-52.185059,-74.584961
385,0.060059,0.018066,-1.252930,291.931152,-43.457031,-104.492188
386,0.018066,0.025879,-1.216797,279.541016,-47.668457,-112.365723
387,-0.096191,0.026855,-1.206055,305.786133,-65.856934,-115.234375
388,-0.085938,-0.054688,-1.408691,372.314453,-37.719727,-117.492676
389,0.025391,-0.070312,-1.336914,416.687012,-25.573730,-120.117188
390,0.046387,-0.076172,-1.135254,443.420410,-23.376465,-132.812500
391,-0.039062,-0.017090,-0.671875,459.838867,-91.064453,-149.536133
392,-0.045898,-0.002441,-0.552246,426.879883,-125.854492,-136.779785
393,0.030273,-0.208008,-0.716309,309.692383,-148.681641,-77.819824
394,0.029297,-0.372559,-0.927734,274.963379,-147.277832,-42.114258
395,0.007324,-0.520020,-1.133301,268.676758,-138.610840,-14.404297
396,-0.079102,-0.647949,-1.239258,289.855957,-120.971680,-0.122070
397,-0.177734,-0.813477,-1.017578,375.549316,-66.101074,-27.587891
398,-0.200195,-0.773438,-0.698730,391.052246,-49.377441,-52.856445
399,-0.225098,-0.855469,-0.235352,274.536133,-26.550293,-79.101562
400,-0.110840,-0.878906,-0.228027,171.569824,-23.498535,-85.937500
401,-0.123535,-0.818848,-0.458496,101.867676,-36.987305,-82.580566
402,-0.147461,-0.913086,-0.815430,89.965820,-41.748047,-82.397461
403,-0.140625,-0.685547,-0.587891,191.040039,-34.912109,-84.533691
404,0.064941,-0.769043,-0.496094,224.243164,-45.593262,-85.632324
405,0.007324,-0.691895,-0.392578,233.337402,-52.246094,-87.646484
406,0.042969,-0.752441,-0.090332,216.552734,-54.748535,-83.312988
407,0.253906,-0.779785,-0.284180,191.284180,-44.616699,-66.223145
408,0.151367,-1.025879,0.214355,103.393555,-20.324707,-46.447754
409,-0.033691,-0.986816,-0.687500,22.827148,6.042480,-60.058594
410,0.003906,-0.874023,-0.370117,-15.197754,37.353516,-50.720215
411,0.060547,-0.743164,-0.321289,13.122559,30.395508,-3.906250
412,0.101074,-0.937988,-0.008301,14.221191,19.104004,9.155273
413,0.051270,-1.028320,-0.002441,5.065918,13.488770,12.268066
414,0.036621,-1.257324,-0.169434,-14.099121,20.996094,-17.272949
415,-0.002441,-1.260254,-0.170410,-9.155273,32.043457,-41.381836
416,-0.025879,-1.243652,-0.050293,5.371094,22.338867,-68.847656
417,0.009766,-1.220215,0.013184,30.761719,-0.427246,-94.299316
418,0.106445,-1.304199,0.014160,65.551758,-43.762207,-141.174316
419,0.056641,-1.264648,0.076660,68.481445,-56.518555,-174.804688
420,0.017090,-1.200195,0.134277,47.485352,-68.420410,-207.153320
421,0.084961,-1.006348,0.117676,2.319336,-87.280273,-268.981934
422,0.131836,-0.966309,0.139160,-22.766113,-97.717285,-298.522949
423,0.089844,-0.932129,0.101562,-59.875488,-106.750488,-329.895020
424,0.065430,-0.797363,0.026855,-191.101074,-96.435547,-401.184082
425,0.112793,-0.692383,-0.121094,-255.859375,-69.519043,-430.114746
426,0.223145,-0.485352,-0.348633,-296.508789,-26.916504,-444.274902
427,0.402344,-0.270020,-0.517090,-297.302246,21.911621,-436.340332
428,0.705566,-0.100098,-0.555176,-179.504395,67.321777,-369.995117
429,0.806152,-0.191406,-0.525391,-103.698730,67.321777,-331.115723
430,0.937500,-0.304199,-0.549316,-24.963379,58.776855,-305.908203
431,0.972168,-0.527344,-0.447754,126.831055,30.944824,-300.170898
432,0.951660,-0.480957,-0.361328,189.147949,6.591797,-301.086426
433,0.955078,-0.319336,-0.249023,228.881836,-21.179199,-290.832520
434,0.947754,-0.217773,-0.164062,179.626465,-46.081543,-242.919922
435,1.068359,0.143066,-0.169922,69.702148,-20.874023,-205.078125
436,1.072266,0.205078,-0.192871,-51.330566,15.380859,-157.043457
437,0.892090,-0.124023,-0.417969,-146.484375,62.988281,-88.012695
438,0.828613,-0.141602,-0.392090,-128.417969,65.734863,-76.232910
439,0.773926,-0.152832,-0.339355,-101.562500,56.640625,-78.613281
440,0.845215,-0.063477,-0.274902,-51.513672,35.339355,-112.854004
441,0.955566,-0.023438,-0.250488,-35.827637,28.137207,-121.704102
442,1.037598,-0.040039,-0.332520,-24.291992,30.761719,-122.253418
443,1.067383,0.009766,-0.333496,-8.178711,39.794922,-115.600586
444,1.064453,0.076660,-0.273926,10.375977,44.067383,-101.440430
445,1.056641,0.163086,-0.204102,29.418945,28.442383,-58.898926
446,1.015625,0.161621,-0.213867,31.799316,17.272949,-39.367676
447,0.876953,0.156250,-0.206543,9.094238,5.004883,-13.854980
448,0.824219,0.101562,-0.182129,-16.113281,3.051758,-13.305664
449,0.819336,0.056641,-0.190430,-36.376953,3.234863,-20.385742
450,0.887695,0.034668,-0.217285,-44.189453,5.126953,-29.602051
451,0.958496,-0.046387,-0.316895,-34.057617,11.108398,-44.494629
452,0.928711,0.022461,-0.285156,-22.094727,11.535645,-46.997070
453,0.984375,0.163574,-0.118164,-5.859375,-13.732910,-15.869141
454,1.088379,0.191406,-0.127441,1.098633,-30.822754,13.549805
455,1.218750,0.266602,-0.190918,2.197266,-43.273926,51.574707
456,1.300293,0.318359,-0.290527,-17.700195,-53.771973,126.037598
457,1.200195,0.300781,-0.302734,-38.696289,-44.738770,152.770996
458,1.033691,0.229004,-0.312500,-60.729980,-28.625488,168.701172
459,0.837402,0.071289,-0.374512,-75.134277,0.000000,177.001953
460,0.854004,0.028320,-0.432617,-53.833008,7.934570,181.762695
461,0.852539,-0.030762,-0.407227,41.076660,-4.821777,215.698242
462,0.907227,-0.076660,-0.323242,78.979492,-14.892578,233.825684
463,0.991699,-0.147949,-0.327637,98.388672,-10.375977,248.291016
464,1.021973,-0.217773,-0.270996,103.210449,10.681152,255.187988
465,0.931641,-0.319336,-0.137207,61.950684,49.987793,253.906250
466,0.935547,-0.384766,-0.147949,30.090332,61.523438,246.643066
467,0.942871,-0.431152,-0.229492,-0.671387,72.753906,236.572266
468,0.803223,-0.424805,-0.291992,-13.671875,75.012207,219.360352
469,0.757324,-0.428223,-0.253418,21.362305,58.776855,225.769043
470,0.736816,-0.428223,-0.170898,66.162109,37.292480,243.408203
471,0.682617,-0.437500,-0.056641,104.187012,19.653320,289.306641
472,0.680664,-0.548340,-0.083008,102.661133,31.250000,304.870605
473,0.686035,-0.676758,-0.159668,102.233887,48.034668,307.678223
474,0.641602,-0.750000,-0.085938,90.332031,58.837891,291.198730
475,0.528320,-0.904297,0.245117,40.222168,42.541504,241.699219
476,0.461914,-0.932617,0.257324,5.249023,21.850586,227.722168
477,0.334961,-0.778809,0.177246,-58.959961,-11.901855,225.585938
478,0.308594,-0.709473,0.117188,-75.561523,-25.817871,231.750488
479,0.291016,-0.687988,0.013672,-76.049805,-35.949707,239.013672
480,0.207031,-0.748047,-0.178223,-34.362793,-33.447266,248.901367
481,0.160645,-0.791992,-0.211426,-1.831055,-25.390625,255.371094
482,0.157715,-0.815918,-0.236328,32.226562,-19.409180,266.479492
483,0.140137,-0.812012,-0.165039,64.941406,-18.066406,280.761719
484,0.078613,-0.884277,-0.069824,94.360352,-24.475098,306.640625
485,-0.010254,-0.995605,-0.052246,84.350586,-18.371582,309.265137
486,-0.267090,-1.177246,-0.026367,21.972656,23.132324,265.502930
487,-0.318359,-1.210449,-0.062988,-12.023926,47.607422,230.224609
488,-0.329102,-1.186523,-0.109375,-34.973145,68.176270,198.242188
489,-0.288086,-1.114258,-0.124512,-33.874512,82.763672,164.245605
490,-0.199707,-0.888184,-0.047363,-20.751953,77.392578,162.109375
491,-0.209473,-0.778320,-0.043457,-8.850098,68.237305,165.710449
492,-0.221680,-0.721191,-0.055664,2.746582,57.678223,173.461914
493,-0.292969,-0.738281,-0.083008,30.639648,27.954102,196.533203
494,-0.359863,-0.738281,-0.044434,42.968750,12.268066,214.416504
495,-0.441406,-0.740723,0.031738,42.480469,-0.671387,232.116699
496,-0.565918,-0.817871,0.060059,12.023926,-17.333984,248.657227
497,-0.596191,-0.844727,0.026367,-3.479004,-21.484375,244.873047
498,-0.594238,-0.821289,-0.025391,-12.390137,-24.230957,236.633301
499,-0.592285,-0.787109,-0.076660,-16.113281,-24.963379,228.332520
500,-0.629395,-0.740234,-0.178711,-0.793457,-13.427734,225.585938
501,-0.721680,-0.746094,-0.197754,11.413574,-0.366211,224.182129
502,-0.906738,-0.808105,-0.161133,28.930664,22.827148,200.561523
503,-0.960938,-0.810059,-0.104004,29.968262,25.878906,179.565430
504,-0.963379,-0.768066,-0.054199,26.550293,24.536133,157.958984
505,-0.849121,-0.638672,-0.058594,17.517090,18.493652,128.417969
506,-0.801758,-0.569824,-0.047852,16.418457,16.357422,124.389648
507,-0.795898,-0.552734,-0.019043,15.625000,13.671875,123.168945
508,-0.837891,-0.574219,0.015625,11.962891,10.437012,121.582031
509,-0.957520,-0.579102,0.025391,-6.896973,1.770020,119.323730
510,-0.985352,-0.543945,0.006348,-22.766113,2.014160,118.530273
511,-0.976562,-0.506348,-0.035645,-37.109375,4.943848,116.699219
512,-0.895996,-0.430664,-0.122070,-39.245605,12.451172,113.037109
513,-0.864746,-0.407715,-0.118652,-28.686523,12.939453,110.412598
514,-0.847656,-0.387207,-0.107910,-17.272949,10.620117,107.788086
515,-0.846680,-0.329590,-0.080566,-2.807617,4.699707,106.567383
516,-0.848145,-0.294434,-0.126465,2.441406,7.995605,109.191895
517,-0.969238,-0.257324,-0.188477,27.404785,16.967773,119.812012
518,-1.039062,-0.234863,-0.186523,40.405273,22.460938,125.244141
519,-1.082520,-0.226074,-0.131836,47.180176,28.625488,128.112793
520,-1.084473,-0.260742,-0.021484,44.982910,30.151367,126.831055
521,-1.065430,-0.280762,0.100586,6.042480,13.122559,112.670898
522,-1.108398,-0.266113,0.038086,-18.371582,0.366211,102.600098
523,-1.183594,-0.297363,-0.101074,-30.944824,-8.117676,91.064453
524,-1.233887,-0.450684,-0.331055,-1.525879,1.831055,50.170898
525,-1.181641,-0.444336,-0.206543,13.671875,11.291504,20.202637
526,-1.045898,-0.252930,0.095703,-24.841309,17.089844,-37.292480
527,-1.043945,-0.108887,0.141113,-54.443359,9.094238,-53.588867
528,-1.117676,0.080566,0.036621,-70.678711,-3.601074,-53.588867
529,-1.206055,0.112305,-0.154785,-63.171387,-10.314941,-38.146973
530,-1.210938,-0.301270,-0.336426,22.644043,-1.831055,-11.047363
531,-1.103516,-0.355469,-0.159668,71.289062,-2.197266,-9.948730
532,-1.017578,-0.277344,0.300781,85.510254,-62.988281,-13.366699
533,-0.993164,-0.272461,0.346680,65.612793,-106.811523,-12.573242
534,-1.002441,-0.281250,0.300293,36.071777,-181.213379,-8.300781
535,-1.038574,-0.344727,-0.173340,59.631348,-201.843262,-5.187988
536,-1.014160,-0.292969,-0.250977,111.389160,-215.698242,3.173828
537,-0.970703,-0.208984,-0.080566,164.672852,-229.858398,17.272949
538,-0.900879,-0.069824,0.070801,170.532227,-213.195801,39.306641
539,-0.918457,-0.238281,-0.010742,122.802734,-159.423828,33.447266
540,-0.935547,-0.305664,-0.042480,86.486816,-87.036133,16.418457
541,-0.801270,-0.059082,0.172363,49.560547,44.189453,21.484375
542,-0.735352,0.050293,0.102539,50.842285,106.323242,61.340332
543,-0.801758,0.089844,0.473633,63.659668,139.038086,104.064941
544,-1.266113,-0.252930,0.195312,84.838867,153.320312,155.029297
545,-1.444824,-0.305176,0.105469,93.627930,155.151367,157.409668
546,-1.397949,-0.070312,0.097656,115.417480,145.996094,169.433594
547,-1.150391,0.118164,0.118164,134.643555,132.934570,200.256348
548,-0.804199,0.116699,0.247070,163.452148,107.177734,267.395020
549,-0.929199,0.032227,0.145508,181.518555,101.440430,293.701172
550,-1.075195,0.078613,0.152832,208.740234,106.689453,311.096191
551,-1.131836,0.138184,0.265137,206.481934,106.933594,322.937012
552,-0.909180,0.189941,0.183105,129.760742,75.256348,327.148438
553,-0.785645,0.240723,-0.002441,95.336914,52.368164,317.016602
554,-0.696777,0.304688,-0.149902,64.453125,37.231445,300.354004
555,-0.685547,0.323242,-0.207520,32.897949,29.602051,272.949219
556,-0.791504,0.320801,-0.313477,-10.559082,25.390625,179.748535
557,-0.742676,0.397949,-0.335449,-12.207031,26.367188,129.577637
558,-0.579590,0.565918,-0.316895,-13.671875,31.066895,97.595215
559,-0.451660,0.724609,-0.302246,-14.587402,41.137695,82.397461
560,-0.492676,0.721680,-0.297363,-16.479492,42.480469,75.378418
561,-0.517090,0.732422,-0.306641,-22.399902,42.480469,60.058594
562,-0.471680,0.735840,-0.260742,-46.325684,43.151855,11.291504
563,-0.452637,0.709961,-0.261719,-61.279297,45.837402,-19.714355
564,-0.463867,0.663574,-0.278320,-87.402344,62.072754,-92.346191
565,-0.491211,0.662598,-0.290039,-95.642090,72.692871,-129.516602
566,-0.536621,0.715332,-0.316895,-101.928711,86.242676,-161.132812
567,-0.589844,0.728516,-0.241211,-106.750488,109.313965,-195.678711
568,-0.615234,0.729980,-0.201172,-97.473145,115.051270,-200.012207
569,-0.634277,0.714355,-0.161621,-83.190918,115.478516,-197.875977
570,-0.670898,0.648926,-0.129395,-71.289062,113.098145,-194.763184
571,-0.724609,0.562500,-0.106445,-64.147949,108.947754,-195.678711
572,-0.844727,0.496094,-0.133789,-59.997559,96.374512,-200.683594
573,-0.869141,0.546387,-0.182129,-59.020996,93.811035,-193.847656
574,-0.862305,0.512695,-0.133301,-59.143066,82.763672,-164.245605
575,-0.892578,0.389160,-0.127441,-68.969727,82.275391,-163.452148
576,-0.956543,0.321777,-0.110840,-83.923340,88.623047,-178.344727
577,-1.168945,0.139160,-0.283203,-114.379883,129.760742,-215.454102
578,-1.157715,0.138672,-0.345703,-110.351562,161.499023,-223.022461
579,-1.095215,0.202148,-0.371094,-92.285156,190.673828,-213.623047
580,-0.972656,0.162598,-0.344727,-29.663086,233.032227,-166.870117
581,-0.887695,0.208496,-0.310059,-13.244629,237.609863,-145.935059
582,-0.852051,0.207520,-0.339355,-9.948730,237.915039,-125.793457
583,-0.849609,-0.053223,-0.678711,-17.578125,260.620117,-111.328125
584,-0.826172,-0.127930,-0.757324,-18.432617,284.729004,-117.492676
585,-0.772949,-0.118164,-0.798340,-19.775391,308.837891,-127.197266
586,-0.687988,-0.068848,-0.837402,-26.062012,331.420898,-133.728027
587,-0.528809,-0.146973,-1.096680,-23.376465,375.488281,-149.719238
588,-0.575195,-0.223145,-1.104980,-11.352539,401.733398,-162.475586
589,-0.850586,-0.449219,-0.779785,34.912109,384.765625,-193.603516
590,-0.836426,-0.262207,-0.428711,41.992188,322.021484,-216.064453
591,-0.561035,-0.024902,-0.306641,12.512207,231.201172,-209.045410
592,-0.377930,0.249023,-0.561035,-39.428711,155.029297,-168.395996
593,-0.266602,-0.096680,-0.958008,-5.737305,42.968750,-109.863281
594,-0.208496,-0.078125,-1.017090,17.456055,23.132324,-86.181641
595,-0.202148,-0.172852,-1.020020,-13.854980,24.841309,-37.536621
596,-0.206055,-0.175781,-0.987305,-41.564941,40.222168,-14.953613
597,-0.235352,-0.308105,-1.001465,-62.927246,52.307129,-7.690430
598,-0.152832,-0.073242,-1.145020,-66.772461,70.068359,-3.906250
599,-0.067383,-0.064453,-0.961914,-59.570312,112.243652,11.108398
600,-0.096191,-0.109375,-0.878418,-63.598633,124.023438,3.845215
601,-0.138184,-0.192871,-0.825195,-64.270020,128.906250,-14.404297
602,-0.204590,-0.218750,-0.800781,-56.030273,114.929199,-73.669434
603,-0.303711,-0.163086,-0.871094,-44.372559,98.205566,-101.501465
604,-0.272949,-0.088379,-1.033203,-22.949219,81.848145,-121.887207
605,-0.220215,-0.042480,-1.132324,7.141113,70.434570,-132.202148
606,-0.105469,-0.070312,-1.106934,59.753418,44.616699,-133.544922
607,-0.095703,-0.108887,-1.123047,66.467285,32.287598,-131.713867
608,-0.036621,-0.183594,-1.076660,47.912598,26.184082,-137.329102
609,0.015137,-0.114746,-0.941895,33.020020,23.376465,-140.075684
610,0.051270,-0.086426,-0.937500,11.657715,19.165039,-138.305664
611,0.025879,-0.113281,-0.946777,8.911133,23.925781,-137.634277
612,-0.016602,-0.127441,-0.839844,3.051758,28.503418,-138.122559
613,-0.067871,-0.138184,-0.644531,-18.310547,23.071289,-142.883301
614,-0.061523,-0.127930,-0.691895,-57.312012,12.268066,-152.221680
615,0.051270,-0.156738,-1.296387,-115.600586,25.695801,-179.321289
616,0.172363,-0.104004,-1.538574,-93.688965,55.297852,-188.659668
617,0.202148,-0.057129,-1.449707,-50.964355,87.158203,-186.279297
618,0.055176,-0.017090,-1.033203,-28.686523,148.376465,-157.104492
619,0.027344,-0.020020,-0.880371,-36.071777,154.357910,-146.301270
620,0.019043,0.033691,-0.858887,-45.166016,144.775391,-132.080078
621,0.028320,0.097168,-0.846191,-53.405762,122.436523,-111.328125
622,0.083008,0.133301,-0.874023,-55.786133,66.284180,-62.683105
623,0.127441,0.156738,-0.911621,-57.312012,49.621582,-43.823242
624,0.124023,0.108398,-0.940430,-59.448242,44.738770,-33.081055
625,0.104004,0.083008,-0.948242,-52.185059,45.410156,-29.174805
626,0.129883,0.114746,-0.949707,-41.381836,48.645020,-27.099609
627,0.181152,0.107422,-0.904785,-34.973145,42.846680,-25.817871
628,0.223633,0.115723,-0.878418,-28.442383,31.860352,-26.916504
629,0.284180,0.172363,-0.895996,-10.375977,7.080078,-29.968262
630,0.313477,0.212891,-0.937500,0.000000,-0.305176,-27.648926
631,0.303223,0.178223,-0.964355,9.704590,-2.929688,-23.254395
632,0.275879,0.094727,-0.916504,32.287598,-9.582520,-6.958008
633,0.241699,0.076172,-0.857910,35.217285,-16.052246,2.441406
634,0.192383,0.066406,-0.837402,31.799316,-27.648926,7.019043
635,0.102539,-0.017578,-1.023438,59.875488,-73.120117,-0.793457
636,0.053223,-0.043945,-1.108398,110.839844,-98.876953,-8.422852
637,0.046387,-0.073242,-1.114746,173.217773,-121.582031,-13.427734
638,0.024902,-0.036133,-1.063477,270.141602,-161.560059,-8.361816
639,0.029297,-0.066895,-1.042480,306.396484,-185.974121,-4.333496
640,0.032227,-0.206055,-1.010742,344.238281,-213.378906,-2.990723
641,-0.016113,-0.401367,-0.973145,385.803223,-245.056152,-9.155273
642,-0.255371,-0.601562,-1.027832,471.862793,-294.433594,-44.006348
643,-0.352539,-0.626465,-1.068359,507.507324,-301.818848,-63.476562
644,-0.391113,-0.723145,-0.838379,499.084473,-303.649902,-112.182617
645,-0.272461,-0.719238,-0.775879,468.566895,-298.522949,-133.728027
646,-0.133301,-0.628906,-0.823242,444.091797,-287.353516,-145.629883
647,-0.038086,-0.537109,-0.897949,430.603027,-234.313965,-128.112793
648,-0.040527,-0.668457,-0.824219,422.302246,-196.044922,-111.816406
649,-0.088379,-0.809570,-0.645508,394.226074,-155.700684,-102.111816
650,-0.145020,-0.878418,-0.427246,299.133301,-78.491211,-103.210449
651,-0.164062,-0.840820,-0.390137,259.277344,-44.738770,-107.055664
652,-0.188477,-0.791016,-0.381836,227.600098,-16.479492,-109.375000
653,-0.188965,-0.775879,-0.336914,202.270508,6.652832,-109.313965
654,-0.174316,-0.781738,-0.042969,166.687012,28.137207,-101.135254
655,-0.127930,-0.803223,0.070801,153.991699,22.644043,-89.660645
656,0.047852,-0.789062,0.180176,142.272949,11.474609,-70.007324
657,0.036133,-0.895996,0.299805,81.604004,6.103516,-4.272461
658,-0.003418,-1.011230,0.248047,50.231934,3.112793,24.902344
659,-0.092285,-1.114746,0.145020,24.108887,8.728027,34.423828
660,-0.184082,-1.136719,0.148438,-2.685547,24.414062,16.174316
661,-0.168457,-1.098633,0.172852,-9.399414,25.573730,4.150391
662,-0.145508,-1.028809,0.166016,-17.944336,24.230957,-4.333496
663,-0.102051,-0.963379,0.162109,-30.883789,23.620605,-7.934570
664,-0.011719,-0.962402,0.275391,-86.914062,15.747070,-6.896973
665,-0.044922,-0.997070,0.304199,-130.615234,10.864258,-12.268066
666,-0.067383,-1.022949,0.334473,-184.631348,4.943848,-21.606445
667,-0.125977,-0.914062,0.150391,-293.823242,0.061035,-36.865234
668,-0.131348,-0.888672,0.009766,-322.021484,3.906250,-40.466309
669,-0.131836,-0.876953,-0.104004,-330.871582,8.422852,-44.555664
670,-0.142578,-0.904785,-0.228027,-319.946289,7.812500,-54.077148
671,-0.153809,-1.021973,-0.288574,-307.006836,3.784180,-64.880371
672,-0.103516,-1.094238,-0.312500,-296.447754,-2.685547,-82.397461
673,-0.048340,-0.926758,-0.522949,-308.166504,-3.845215,-121.398926
674,-0.002930,-0.813477,-0.637695,-295.043945,7.934570,-129.272461
675,0.066406,-0.696777,-0.708496,-269.531250,16.662598,-129.394531
676,0.200684,-0.512695,-0.679688,-223.083496,12.512207,-91.796875
677,0.235352,-0.472656,-0.635254,-214.294434,-0.732422,-59.265137
678,0.198730,-0.469238,-0.676758,-209.045410,-15.747070,-30.395508
679,0.134277,-0.493164,-0.767578,-199.951172,-26.672363,-10.192871
680,0.054199,-0.496582,-0.841309,-171.630859,-36.071777,2.136230
681,0.052246,-0.468750,-0.810059,-166.442871,-37.719727,3.601074
682,0.049316,-0.423828,-0.801758,-174.194336,-39.794922,10.131836
683,0.069824,-0.417969,-0.831055,-179.260254,-38.696289,18.798828
684,0.064941,-0.417969,-0.854980,-179.687500,-36.987305,28.076172
685,0.051270,-0.372559,-0.937500,-176.696777,-32.775879,38.696289
686,0.005859,-0.324219,-0.927734,-178.527832,-25.878906,40.222168
687,-0.016602,-0.316406,-0.907715,-185.546875,-17.700195,36.865234
688,0.003906,-0.328613,-0.968750,-208.374023,-0.854492,25.146484
689,0.005371,-0.294434,-1.043945,-213.745117,7.385254,21.118164
690,0.009766,-0.254883,-1.051758,-213.134766,15.197754,18.127441
691,0.007812,-0.209961,-1.041504,-210.754395,21.301270,15.686035
692,-0.005859,-0.124512,-1.010254,-192.138672,20.690918,3.295898
693,-0.002441,-0.091797,-1.022949,-170.471191,14.160156,-3.479004
694,0.011719,-0.063965,-1.044434,-143.554688,6.042480,-8.178711
695,0.066406,0.041016,-1.033691,-108.032227,-2.197266,-7.019043
696,0.073242,0.059570,-1.003418,-108.703613,-0.061035,-2.014160
697,0.056641,0.058105,-0.973633,-118.347168,3.662109,1.892090
698,0.010254,0.043457,-1.014648,-149.291992,10.986328,0.305176
699,0.010254,0.088379,-1.056641,-157.897949,16.967773,-1.281738
700,0.028320,0.132812,-1.061523,-156.860352,20.507812,-1.159668
701,0.061035,0.216309,-0.973633,-136.657715,13.732910,3.479004
702,0.075195,0.255859,-0.901367,-130.004883,5.187988,8.300781
703,0.062012,0.269531,-0.879395,-128.967285,-3.540039,14.587402
704,0.023926,0.259766,-0.907715,-154.113770,-10.925293,23.986816
705,0.038086,0.284668,-0.917480,-172.058105,-11.901855,27.221680
706,0.053711,0.319336,-0.942383,-182.678223,-14.709473,31.311035
707,0.032227,0.381348,-0.980957,-167.785645,-17.822266,33.020020
708,0.042969,0.472656,-1.023926,-143.798828,-17.578125,30.883789
709,0.066406,0.457520,-1.104004,-104.064941,-13.427734,27.709961
710,0.062500,0.432129,-1.094238,-63.598633,-4.699707,23.437500
711,0.059570,0.462402,-0.916016,-19.165039,5.065918,14.526367
712,0.046875,0.465820,-0.860840,-15.747070,5.615234,10.803223
713,0.046875,0.472656,-0.837891,-20.507812,6.225586,8.239746
714,0.047363,0.504883,-0.819824,-34.912109,5.920410,7.995605
715,0.056152,0.528809,-0.810547,-40.588379,3.295898,9.887695
716,0.054688,0.525391,-0.780762,-46.508789,-2.258301,12.268066
717,0.059082,0.532227,-0.786621,-52.917480,-7.812500,15.441895
718,0.059082,0.513184,-0.847656,-64.758301,-9.582520,18.493652
719,0.066895,0.508301,-0.872070,-67.871094,-5.310059,19.714355
720,0.073242,0.501465,-0.896973,-67.443848,-1.525879,20.507812
721,0.045410,0.507324,-0.910156,-46.569824,-0.061035,16.540527
722,0.045898,0.528809,-0.873535,-38.024902,0.244141,12.023926
723,0.052246,0.533691,-0.843262,-35.400391,1.647949,7.690430
724,0.073242,0.534668,-0.847656,-28.625488,4.028320,5.065918
725,0.067871,0.503418,-0.850586,-21.545410,5.676270,4.516602
726,0.042969,0.501465,-0.811035,-16.723633,7.446289,1.525879
727,0.034180,0.532227,-0.766602,-20.080566,7.873535,-2.868652
728,0.043945,0.573242,-0.756836,-36.254883,5.615234,-9.887695
729,0.063965,0.596680,-0.790527,-38.757324,2.441406,-9.582520
730,0.099609,0.613770,-0.848633,-32.653809,-0.671387,-2.136230
731,0.096680,0.623535,-0.852051,-28.076172,0.610352,2.075195
732,0.085449,0.609863,-0.827637,-21.850586,0.488281,6.225586
733,0.070801,0.585449,-0.803711,-15.563965,-1.281738,7.934570
734,0.060547,0.576660,-0.793457,-13.183594,-2.502441,7.385254
735,0.052246,0.584473,-0.740723,-27.099609,0.732422,3.662109
736,0.046387,0.587891,-0.739746,-37.963867,2.441406,1.281738
737,0.044922,0.602051,-0.762207,-36.987305,0.000000,-3.479004
738,0.067383,0.624512,-0.821777,-24.963379,-1.831055,-4.150391
739,0.077148,0.637207,-0.840332,-8.789062,-2.929688,-4.333496
740,0.083984,0.675293,-0.839355,6.286621,-3.051758,-3.417969
741,0.084961,0.621094,-0.865723,35.156250,-2.929688,3.540039
742,0.064941,0.580078,-0.894043,52.368164,-0.671387,2.075195
743,0.051758,0.561035,-0.905273,73.730469,1.586914,-0.549316
744,0.057617,0.525391,-0.927734,122.863770,1.586914,-4.089355
745,0.058594,0.509277,-0.929199,150.878906,0.671387,-7.202148
746,0.070801,0.504395,-0.960449,183.410645,-2.624512,-9.338379
747,0.053711,0.388184,-0.931152,261.047363,-17.211914,-8.178711
748,0.024902,0.286133,-0.974609,285.339355,-29.052734,-11.535645
749,-0.016113,0.202637,-1.035645,302.185059,-35.461426,-19.714355
750,-0.061523,0.229980,-1.114746,320.007324,-37.597656,-31.799316
751,-0.040039,0.293945,-1.282715,370.239258,-34.057617,-57.495117
752,0.010254,0.288086,-1.276367,390.625000,-28.747559,-67.016602
753,0.068359,0.276367,-1.138672,405.944824,-13.610840,-69.641113
754,0.091797,0.248047,-1.041992,398.437500,-4.394531,-60.546875
755,0.126465,0.204590,-0.932129,378.967285,3.601074,-46.325684
756,0.141113,0.051270,-0.717285,302.734375,9.094238,-11.047363
757,0.106934,-0.063965,-0.674316,264.221191,4.150391,2.319336
758,-0.010742,-0.245117,-0.770996,230.468750,-13.488770,11.230469
759,-0.045898,-0.343262,-0.899414,230.041504,-21.240234,10.986328
760,-0.077148,-0.415527,-0.997070,234.375000,-22.460938,7.751465
761,-0.025391,-0.504395,-0.846680,228.149414,-18.188477,-5.615234
762,-0.009277,-0.511230,-0.741211,201.049805,-20.568848,-11.352539
763,0.008789,-0.532227,-0.697754,167.968750,-19.287109,-11.840820
764,0.034668,-0.625977,-0.745117,126.586914,-1.464844,-7.934570
765,0.021484,-0.669434,-0.765137,126.831055,9.399414,-8.789062
766,-0.032715,-0.706055,-0.753906,140.014648,13.854980,-13.183594
767,-0.072266,-0.725098,-0.731934,160.766602,11.840820,-21.179199
768,-0.062988,-0.766113,-0.814941,218.017578,-0.061035,-40.527344
769,-0.034180,-0.798340,-0.852051,245.910645,1.586914,-47.851562
770,0.080078,-0.780273,-0.751465,276.062012,5.126953,-45.593262
771,0.129395,-0.725098,-0.671875,281.616211,8.728027,-37.414551
772,0.149414,-0.664062,-0.578125,285.339355,14.343262,-26.916504
773,0.042480,-0.713379,-0.485840,277.954102,32.531738,-9.521484
774,-0.009766,-0.746582,-0.402832,266.723633,42.968750,-6.530762
775,-0.031250,-0.770508,-0.304199,254.028320,49.621582,-7.263184
776,-0.020996,-0.819336,-0.203125,241.638184,54.016113,-9.216309
777,0.007812,-0.902832,-0.060059,215.209961,61.218262,-14.587402
778,0.036621,-0.937012,-0.036133,210.083008,61.218262,-14.587402
779,0.206055,-0.856934,0.113281,212.646484,53.955078,-2.380371
780,0.200684,-0.903320,0.149902,188.903809,54.565430,11.291504
781,0.113770,-0.990234,0.133789,155.761719,49.316406,19.714355
782,0.041992,-1.029785,0.100098,122.558594,39.550781,20.263672
783,-0.009277,-1.010742,0.052246,97.229004,14.160156,-3.784180
784,0.041016,-0.930664,0.030762,120.483398,2.014160,-9.155273
785,0.091797,-1.004395,0.007812,140.197754,10.375977,-12.207031
786,0.082031,-0.993164,0.014648,150.939941,15.258789,-17.028809
787,0.093262,-0.947754,0.090332,163.208008,13.122559,-21.057129
788,0.105469,-0.931152,0.121582,175.476074,8.605957,-24.230957
789,0.178711,-0.875000,0.450684,126.647949,29.052734,-16.967773
790,0.117188,-0.936523,0.533691,70.251465,39.184570,-11.779785
791,0.063965,-0.996094,0.433594,31.250000,39.978027,-13.427734
792,0.080078,-1.009277,0.322754,14.282227,39.062500,-14.648438
793,0.123047,-0.924316,0.326172,15.380859,41.503906,-3.417969
794,0.110352,-0.891113,0.329102,19.775391,46.691895,6.835938
795,0.091797,-0.897461,0.311523,24.169922,52.062988,17.517090
796,0.109863,-0.871094,0.271484,27.160645,58.166504,27.709961
797,0.055176,-0.819824,0.296875,41.564941,65.124512,43.701172
798,-0.013184,-0.932129,0.430664,43.395996,62.011719,38.208008
799,-0.005371,-0.956543,0.506348,48.461914,52.368164,30.883789
800,-0.003906,-0.953125,0.562988,51.208496,40.527344,25.451660
801,0.012695,-0.918457,0.443848,37.536621,27.526855,19.226074
802,0.016113,-0.905273,0.350098,38.085938,28.747559,20.690918
803,0.005371,-0.959473,0.302734,64.880371,34.057617,30.883789
804,-0.009277,-1.056641,0.383789,72.875977,35.949707,30.517578
805,-0.031738,-1.088379,0.482910,63.537598,36.682129,20.874023
806,-0.024414,-1.020508,0.513672,46.142578,35.644531,8.850098
807,0.009766,-0.866211,0.451172,26.794434,27.038574,4.821777
808,-0.003418,-0.831055,0.410156,22.644043,25.634766,7.690430
809,-0.034180,-0.825195,0.440918,20.324707,25.207520,10.192871
810,-0.054688,-0.883789,0.561523,10.986328,19.775391,11.901855
811,-0.061523,-0.915527,0.569824,4.882812,14.587402,11.413574
812,-0.019531,-0.892090,0.513184,-4.638672,8.666992,11.657715
813,-0.031250,-0.907715,0.470215,-9.948730,10.253906,12.329102
814,-0.015625,-0.918945,0.455566,-15.747070,11.230469,11.901855
815,-0.020508,-0.934570,0.392578,-17.639160,11.901855,9.582520
816,-0.037598,-0.925781,0.379395,-5.981445,10.192871,5.004883
817,-0.047363,-0.931641,0.375488,-0.671387,10.131836,3.540039
818,-0.049316,-0.897949,0.395996,5.249023,15.563965,2.319336
819,-0.069336,-0.893555,0.403320,6.164551,18.981934,4.699707
820,-0.090332,-0.941895,0.416504,6.164551,22.827148,4.821777
821,-0.033691,-0.919922,0.448242,-5.126953,30.395508,3.601074
822,-0.084961,-0.901367,0.446289,-8.850098,32.531738,3.417969
823,-0.114258,-0.902832,0.449219,-8.544922,30.700684,0.671387
824,-0.094727,-0.880371,0.486328,-5.432129,26.000977,-0.732422
825,-0.050293,-0.851562,0.495605,-2.746582,13.793945,5.310059
826,-0.061523,-0.830566,0.418945,2.624512,8.972168,8.422852
827,-0.054199,-0.796875,0.368652,40.222168,4.943848,23.437500
828,-0.035645,-0.824219,0.543945,46.447754,-1.098633,31.982422
829,-0.067383,-0.883789,0.577637,47.119141,-11.657715,36.682129
830,-0.074219,-0.913086,0.609375,48.217773,-23.071289,38.085938
831,-0.155762,-0.896484,0.573730,40.405273,-38.208008,32.714844
832,-0.001465,-0.897461,0.379883,36.254883,-30.090332,31.127930
833,-0.160645,-0.895996,0.415039,34.545898,-11.474609,7.751465
834,-0.140137,-0.813965,0.435059,42.785645,-10.070801,8.422852
835,-0.099609,-0.758789,0.483398,45.349121,-7.568359,15.563965
836,-0.115234,-0.766602,0.490723,44.738770,5.920410,30.090332
837,-0.129883,-0.791504,0.533203,44.372559,10.864258,33.996582
838,-0.143066,-0.793457,0.581055,40.954590,13.610840,36.865234
839,-0.169434,-0.841797,0.620117,29.846191,8.361816,42.236328
840,-0.156250,-0.868652,0.597656,23.010254,6.835938,39.855957
841,-0.143066,-0.904297,0.560059,13.671875,8.239746,33.508301
842,-0.116699,-0.880371,0.502441,3.601074,19.165039,19.714355
843,-0.103516,-0.867676,0.530762,0.000000,17.272949,15.197754
844,-0.122070,-0.861816,0.543945,-1.037598,15.014648,11.352539
845,-0.100586,-0.809082,0.457031,2.624512,20.690918,6.225586
846,-0.114258,-0.857910,0.452148,11.657715,23.986816,4.089355
847,-0.125000,-0.920410,0.483887,21.301270,23.925781,-2.807617
848,-0.118164,-1.045898,0.500000,0.427246,31.860352,-22.399902
849,-0.192871,-0.796875,0.562500,-19.897461,35.156250,-18.432617
850,-0.238770,-0.733887,0.701172,-5.310059,8.850098,-2.502441
851,-0.268555,-0.771973,0.597656,-4.394531,2.746582,2.868652
852,-0.260254,-0.815918,0.569336,-1.647949,6.469727,-0.244141
853,-0.253418,-0.807129,0.561523,-1.464844,11.474609,-3.845215
854,-0.219727,-0.825195,0.631836,-1.342773,7.263184,-0.427246
855,-0.200684,-0.812988,0.635254,1.342773,-1.586914,3.112793
856,-0.173828,-0.849609,0.565918,5.554199,-8.117676,3.234863
857,-0.130859,-0.811523,0.433594,14.953613,-2.075195,4.821777
858,-0.142090,-0.788086,0.419922,16.174316,6.042480,6.774902
859,-0.184570,-0.799316,0.501953,6.896973,17.761230,9.338379
860,-0.197754,-0.806641,0.503906,1.586914,22.949219,9.826660
861,-0.207031,-0.801758,0.500000,0.915527,29.785156,11.230469
862,-0.212891,-0.812500,0.512207,1.159668,36.560059,12.878418
863,-0.201172,-0.824707,0.510742,4.760742,44.250488,11.352539
864,-0.198242,-0.823242,0.537598,3.906250,44.128418,11.413574
865,-0.216797,-0.817871,0.578125,2.014160,42.785645,11.535645
866,-0.279785,-0.804688,0.620605,-2.807617,38.452148,8.178711
867,-0.300781,-0.812012,0.650879,1.159668,33.325195,5.920410
868,-0.292480,-0.838379,0.613770,5.187988,26.855469,3.173828
869,-0.226074,-0.850098,0.485352,15.258789,29.602051,-0.549316
870,-0.193359,-0.826172,0.488281,17.089844,33.813477,-0.793457
871,-0.214355,-0.797363,0.499512,17.272949,36.499023,-0.305176
872,-0.285156,-0.728027,0.491211,31.677246,48.583984,6.591797
873,-0.275391,-0.782715,0.468262,50.109863,53.466797,11.962891
874,-0.261230,-0.783203,0.436035,72.937012,60.241699,17.517090
875,-0.364258,-0.728027,0.516602,104.309082,81.359863,24.291992
876,-0.408691,-0.703125,0.534180,112.365723,91.674805,21.301270
877,-0.408203,-0.684082,0.570312,114.990234,101.074219,16.601562
878,-0.380371,-0.667480,0.641602,106.262207,105.834961,11.108398
879,-0.391602,-0.683594,0.645020,100.708008,102.233887,10.742188
880,-0.403809,-0.696777,0.654297,95.703125,95.031738,10.559082
881,-0.389648,-0.715332,0.671387,77.514648,79.162598,9.338379
882,-0.390137,-0.708008,0.660645,63.781738,75.073242,8.728027
883,-0.402344,-0.704590,0.653809,42.480469,69.824219,7.385254
884,-0.417969,-0.682617,0.641113,36.499023,64.880371,6.042480
885,-0.402832,-0.654785,0.617676,33.447266,58.837891,7.019043
886,-0.389648,-0.632812,0.594727,35.461426,54.504395,12.023926
887,-0.411133,-0.683594,0.719238,31.188965,41.015625,14.587402
888,-0.450684,-0.594238,0.696777,16.845703,25.390625,15.136719
889,-0.479980,-0.629883,0.662598,15.380859,16.113281,17.211914
890,-0.465332,-0.643555,0.632812,17.456055,13.977051,15.258789
891,-0.489746,-0.596680,0.639648,10.070801,23.437500,6.652832
892,-0.504883,-0.602051,0.603027,1.770020,29.296875,2.624512
893,-0.459961,-0.561523,0.560059,-4.272461,42.541504,-3.234863
894,-0.464844,-0.552734,0.531738,1.281738,45.959473,-1.525879
895,-0.479004,-0.562012,0.528809,6.835938,52.673340,1.220703
896,-0.481934,-0.568848,0.544434,9.033203,63.354492,4.150391
897,-0.538574,-0.628418,0.605469,-5.554199,80.566406,0.793457
898,-0.557129,-0.642578,0.608887,-13.488770,86.059570,-4.150391
899,-0.563477,-0.650391,0.628906,-20.812988,90.393066,-9.033203
900,-0.595215,-0.673340,0.650879,-29.113770,87.280273,-16.540527
901,-0.611328,-0.694336,0.630371,-26.245117,82.031250,-17.761230
902,-0.612793,-0.698242,0.609375,-19.042969,74.035645,-17.150879
903,-0.614258,-0.676270,0.595703,-9.338379,62.683105,-16.052246
904,-0.589844,-0.607422,0.583008,3.540039,38.513184,-9.948730
905,-0.590820,-0.588379,0.585449,6.652832,27.954102,-6.225586
906,-0.601562,-0.600098,0.600098,6.591797,18.554688,-3.051758
907,-0.595215,-0.682129,0.575684,1.281738,6.042480,-5.798340
908,-0.588379,-0.674805,0.522461,-9.582520,4.516602,-14.892578
909,-0.579590,-0.638184,0.514648,-10.437012,5.493164,-15.563965
910,-0.562500,-0.624512,0.518066,-10.192871,4.272461,-13.732910
911,-0.557617,-0.643555,0.494629,-9.277344,3.173828,-7.263184
912,-0.578613,-0.667480,0.503906,-9.155273,3.479004,-6.652832
913,-0.593750,-0.684570,0.513184,-8.850098,3.601074,-8.117676
914,-0.593262,-0.679199,0.520020,-7.751465,2.929688,-9.216309
915,-0.576172,-0.687500,0.520508,-7.629395,1.037598,-9.460449
916,-0.570312,-0.685547,0.513672,-8.850098,1.586914,-10.925293
917,-0.564941,-0.685059,0.494629,-11.596680,3.906250,-13.183594
918,-0.550781,-0.654785,0.458984,-14.526367,11.108398,-16.967773
919,-0.491211,-0.602051,0.375000,-10.314941,16.357422,-14.892578
920,-0.463867,-0.567871,0.363770,0.244141,26.489258,-3.479004
921,-0.479492,-0.582520,0.505859,-1.159668,31.005859,4.516602
922,-0.373047,-0.478516,0.489258,-9.033203,31.616211,23.193359
923,-0.395020,-0.470703,0.450195,-7.019043,29.968262,41.320801
924,-0.540039,-0.578613,0.403809,1.220703,29.418945,62.438965
925,-0.608887,-0.646484,0.436035,0.122070,33.630371,61.950684
926,-0.668945,-0.707031,0.452637,-4.516602,38.391113,54.321289
927,-0.778809,-0.752930,0.437988,-8.483887,42.602539,25.817871
928,-0.788574,-0.756348,0.406250,-5.187988,43.823242,11.169434
929,-0.753418,-0.726074,0.407715,-1.098633,45.898438,2.502441
930,-0.721680,-0.692871,0.473145,3.051758,44.006348,0.854492
931,-0.690430,-0.648438,0.540039,9.277344,21.789551,7.629395
932,-0.678223,-0.635742,0.499023,12.939453,9.643555,12.695312
933,-0.660156,-0.607910,0.451660,19.226074,-4.516602,23.254395
934,-0.666504,-0.610840,0.435059,20.019531,-5.859375,25.329590
935,-0.671875,-0.622559,0.412109,20.202637,-4.638672,24.291992
936,-0.668457,-0.624512,0.391113,20.080566,-0.549316,21.789551
937,-0.658203,-0.610352,0.394531,17.517090,10.375977,18.432617
938,-0.650391,-0.603516,0.401367,16.601562,14.892578,17.639160
939,-0.586426,-0.549316,0.402832,16.296387,18.859863,20.629883
940,-0.598145,-0.536133,0.363770,20.141602,29.357910,46.936035
941,-0.663574,-0.575195,0.382812,24.902344,31.188965,54.626465
942,-0.678223,-0.585938,0.404785,26.123047,32.592773,58.471680
943,-0.585449,-0.452148,0.437988,20.141602,41.015625,68.969727
944,-0.749023,-0.534180,0.467285,20.263672,36.560059,77.392578
945,-0.857910,-0.553711,0.496582,18.310547,29.418945,74.340820
946,-0.881836,-0.562012,0.493652,14.282227,23.681641,68.237305
947,-0.860840,-0.568848,0.503906,18.005371,11.962891,57.128906
948,-0.786133,-0.531250,0.525879,19.409180,2.441406,57.189941
949,-0.745605,-0.512695,0.530273,20.874023,-16.723633,63.598633
950,-0.784668,-0.531738,0.516113,19.104004,-23.864746,60.241699
951,-0.819336,-0.522949,0.521973,14.282227,-26.977539,50.415039
952,-0.801758,-0.492676,0.479980,8.483887,-28.686523,39.733887
953,-0.754883,-0.464844,0.442871,4.272461,-27.465820,34.790039
954,-0.708496,-0.447754,0.513184,2.380371,-31.433105,40.771484
955,-0.704102,-0.447266,0.507812,3.906250,-40.466309,48.522949
956,-0.641602,-0.405273,0.457520,10.498047,-51.025391,57.800293
957,-0.775391,-0.468262,0.573242,-2.685547,-57.006836,74.279785
958,-0.870605,-0.552246,0.593262,-17.272949,-61.584473,58.532715
959,-0.868164,-0.554688,0.605957,-61.584473,-70.190430,12.573242
960,-0.820312,-0.548828,0.653809,-93.261719,-70.068359,-4.272461
961,-0.805664,-0.596680,0.683105,-123.168945,-73.547363,-24.475098
962,-0.760742,-0.543457,0.676270,-159.484863,-85.693359,-60.119629
963,-0.747559,-0.475586,0.617188,-167.358398,-89.355469,-69.458008
964,-0.746582,-0.467773,0.614258,-174.621582,-95.764160,-72.265625
965,-0.716797,-0.511719,0.658203,-186.401367,-131.347656,-75.988770
966,-0.724121,-0.538086,0.640137,-193.664551,-152.099609,-81.848145
967,-0.734375,-0.527832,0.637207,-202.697754,-168.640137,-91.369629
968,-0.737305,-0.562988,0.625488,-212.524414,-179.809570,-102.783203
969,-0.675781,-0.537109,0.536621,-232.116699,-193.542480,-121.520996
970,-0.647949,-0.508301,0.436523,-229.858398,-189.697266,-123.840332
971,-0.588379,-0.502930,0.327637,-215.942383,-179.199219,-114.562988
972,-0.571289,-0.646973,0.321289,-165.893555,-148.437500,-81.420898
973,-0.553223,-0.681152,0.365234,-142.944336,-135.375977,-72.875977
974,-0.524902,-0.734863,0.359863,-123.352051,-121.887207,-66.650391
975,-0.507812,-0.785156,0.373047,-111.022949,-106.628418,-63.232422
976,-0.461914,-0.857910,0.380371,-99.609375,-71.411133,-62.805176
977,-0.451172,-0.855469,0.389160,-100.036621,-56.884766,-67.565918
978,-0.420410,-0.819336,0.416992,-101.745605,-47.302246,-69.702148
979,-0.347168,-0.814941,0.407227,-97.717285,-52.246094,-58.898926
980,-0.320312,-0.844238,0.323730,-92.590332,-59.753418,-53.588867
981,-0.297363,-0.852051,0.215332,-85.144043,-58.776855,-49.560547
982,-0.279297,-0.936523,0.084961,-67.871094,-25.146484,-46.020508
983,-0.260742,-0.969727,0.166992,-60.058594,-6.408691,-48.706055
984,-0.235352,-0.938477,0.331055,-73.791504,0.488281,-51.391602
985,-0.268555,-0.891113,0.339844,-83.007812,-0.732422,-55.236816
986,-0.290527,-0.885254,0.312500,-83.923340,-1.464844,-58.715820
987,-0.261230,-0.955078,0.224609,-76.721191,4.333496,-58.837891
988,-0.231445,-1.008301,0.201172,-72.326660,3.723145,-57.922363
989,-0.186523,-1.002441,0.220703,-64.575195,-8.789062,-54.382324
990,-0.093262,-0.945801,0.255859,-48.767090,-27.221680,-39.245605
991,-0.092773,-0.953125,0.223145,-54.199219,-27.282715,-30.090332
992,-0.164551,-1.002930,0.203125,-59.387207,-23.437500,-23.986816
993,-0.270508,-0.924316,0.140625,-65.429688,-26.733398,-27.526855
994,-0.241699,-0.772949,0.089844,-52.978516,-33.813477,-20.629883
995,-0.216797,-0.828613,0.086914,-37.475586,-37.963867,-15.136719
996,-0.111816,-1.000977,0.223633,-24.536133,-36.804199,-35.217285
997,-0.050293,-1.004883,0.227051,-34.790039,-35.095215,-37.658691
998,-0.125488,-1.138672,0.196289,-47.607422,-32.470703,-42.724609
999,-0.166992,-1.202148,0.119629,-52.368164,-32.836914,-53.405762
1000,-0.139160,-1.092773,0.167969,-70.068359,-36.682129,-67.871094
1001,-0.144043,-1.087402,0.198730,-90.881348,-41.748047,-67.504883
1002,-0.166016,-1.109863,0.176758,-112.548828,-47.729492,-70.190430
1003,-0.137695,-1.068359,0.037109,-144.470215,-54.199219,-89.111328
1004,-0.067871,-0.976562,-0.030273,-152.099609,-55.786133,-92.712402
1005,0.067383,-0.862793,-0.198730,-153.320312,-47.180176,-81.237793
1006,0.110840,-0.859863,-0.274902,-143.249512,-39.245605,-69.458008
1007,0.141113,-0.867676,-0.352539,-126.342773,-27.709961,-58.837891
1008,0.166992,-0.865234,-0.408203,-100.524902,-13.305664,-48.461914
1009,0.179688,-0.801270,-0.314453,-49.438477,12.756348,-23.071289
1010,0.143555,-0.741699,-0.172363,-43.395996,15.869141,-7.263184
1011,0.126465,-0.686523,-0.050781,-65.612793,5.859375,17.639160
1012,0.194824,-0.680176,-0.008301,-61.950684,-7.995605,30.883789
1013,0.240723,-0.780762,-0.004395,-73.486328,-18.066406,42.053223
1014,0.175293,-0.842773,-0.012695,-97.900391,-24.658203,41.442871
1015,0.007812,-0.980957,-0.187012,-116.699219,-42.236328,46.142578
1016,-0.062012,-1.070801,-0.218262,-112.548828,-49.377441,32.958984
1017,-0.083496,-1.137695,-0.254883,-110.656738,-53.833008,11.962891
1018,0.028809,-1.106445,-0.520508,-112.243652,-30.761719,-14.282227
1019,0.048340,-1.102539,-0.583008,-105.957031,-8.972168,-16.845703
1020,0.014160,-1.054199,-0.514648,-90.026855,5.920410,-18.493652
1021,-0.008301,-0.950195,-0.274902,-85.571289,12.695312,-18.981934
1022,0.036621,-0.903809,-0.149902,-107.360840,7.080078,-11.901855
1023,0.094727,-0.881836,-0.120117,-128.662109,-12.023926,3.662109
1024,0.005371,-0.843262,-0.306152,-129.089355,-88.745117,32.409668
1025,-0.076172,-0.858887,-0.511719,-116.943359,-101.928711,25.146484
1026,-0.138184,-0.825195,-0.649902,-116.149902,-85.083008,9.582520
1027,-0.119141,-0.797852,-0.698242,-128.051758,-27.099609,-24.047852
1028,-0.049805,-0.788086,-0.692383,-118.225098,-17.395020,-30.212402
1029,-0.007812,-0.770996,-0.666504,-105.407715,-18.432617,-29.174805
1030,-0.011230,-0.857422,-0.633789,-115.600586,-1.892090,-26.306152
1031,-0.032227,-0.861328,-0.594727,-131.774902,13.488770,-30.517578
1032,-0.036621,-0.822266,-0.570801,-148.315430,23.498535,-37.170410
1033,-0.021484,-0.765625,-0.601562,-170.593262,28.747559,-49.194336
1034,0.008301,-0.688477,-0.638184,-177.490234,29.296875,-52.001953
1035,0.044434,-0.588379,-0.674316,-181.884766,28.503418,-51.391602
1036,0.065430,-0.466309,-0.715820,-194.335938,22.521973,-43.395996
1037,0.070312,-0.463379,-0.736816,-205.078125,20.751953,-39.367676
1038,0.070312,-0.516113,-0.792969,-210.937500,21.484375,-38.818359
1039,0.090820,-0.521484,-0.930664,-197.998047,23.376465,-45.166016
1040,0.101562,-0.452148,-0.963379,-183.166504,21.911621,-48.278809
1041,0.118652,-0.402344,-0.909180,-160.766602,12.573242,-51.635742
1042,0.094727,-0.298340,-0.956055,-125.488281,-16.296387,-41.625977
1043,0.136230,-0.278320,-0.974609,-115.112305,-20.141602,-29.663086
1044,0.173828,-0.259766,-0.948730,-114.929199,-15.075684,-17.456055
1045,0.185059,-0.236816,-0.842773,-133.422852,-11.291504,5.187988
1046,0.138184,-0.218750,-0.845703,-140.441895,-19.165039,12.512207
1047,0.095215,-0.197266,-0.862793,-144.287109,-26.855469,18.920898
1048,0.067871,-0.171875,-0.902344,-159.423828,-33.630371,23.254395
1049,0.048828,-0.143066,-0.946289,-164.489746,-32.775879,20.446777
1050,0.036133,-0.101074,-0.979004,-163.574219,-30.090332,17.883301
1051,0.061035,0.009766,-0.976562,-148.559570,-26.428223,18.310547
1052,0.077148,0.053223,-0.921875,-138.610840,-31.188965,22.766113
1053,0.081543,0.063477,-0.893555,-130.615234,-40.405273,28.259277
1054,0.075195,0.086426,-0.909180,-128.662109,-47.790527,34.118652
1055,-0.032227,0.105957,-0.953125,-145.141602,-39.978027,42.419434
1056,-0.071289,0.105957,-0.973633,-154.724121,-29.113770,39.794922
1057,-0.045410,0.117188,-1.003418,-174.194336,-11.596680,28.747559
1058,-0.016113,0.122070,-1.063477,-187.255859,-7.507324,22.949219
1059,-0.021973,0.138672,-1.257324,-181.335449,1.220703,16.540527
1060,-0.028320,0.164551,-1.287598,-152.832031,4.089355,12.451172
1061,-0.033203,0.206543,-1.249023,-114.929199,5.004883,8.422852
1062,-0.001953,0.243652,-1.189453,-55.908203,5.432129,6.164551
1063,0.029785,0.281250,-0.967285,-45.654297,7.507324,7.019043
1064,0.029297,0.309570,-0.870605,-42.785645,6.164551,9.033203
1065,0.034180,0.322754,-0.825684,-45.532227,-14.221191,16.540527
1066,0.028809,0.302734,-0.852051,-51.208496,-18.859863,18.920898
1067,0.001953,0.299805,-0.837402,-62.438965,-21.240234,17.395020
1068,0.012695,0.342285,-0.922363,-86.669922,-22.338867,14.221191
1069,0.013184,0.359375,-0.989258,-86.486816,-19.897461,13.671875
1070,0.005859,0.384277,-1.053223,-70.312500,-15.991211,13.671875
1071,-0.003418,0.415039,-1.061035,-26.733398,-6.042480,14.831543
1072,0.002441,0.416992,-1.017090,-14.831543,-0.366211,16.113281
1073,-0.008789,0.369629,-0.919922,-15.380859,2.258301,17.639160
1074,-0.027832,0.375977,-0.760742,-34.423828,-3.234863,18.066406
1075,-0.024902,0.401367,-0.703613,-98.510742,-25.329590,19.042969
1076,-0.016113,0.418457,-0.820312,-116.760254,-29.785156,20.019531
1077,-0.023926,0.458496,-0.947754,-111.572266,-29.357910,20.385742
1078,-0.020020,0.502930,-1.022461,-58.227539,-22.888184,17.333984
1079,-0.017090,0.502930,-0.970703,-39.001465,-18.310547,14.404297
1080,-0.021973,0.497070,-0.883301,-32.165527,-6.164551,9.643555
1081,-0.028320,0.490723,-0.883789,-35.461426,-0.732422,7.080078
1082,-0.029297,0.489258,-0.886230,-32.592773,2.563477,3.967285
1083,-0.037598,0.517578,-0.866211,-24.291992,3.173828,1.647949
1084,-0.048340,0.541504,-0.769043,-17.150879,-4.333496,-3.723145
1085,-0.039062,0.534668,-0.774902,-21.789551,-6.652832,-4.394531
1086,-0.019043,0.528320,-0.793945,-30.700684,-5.920410,-3.601074
1087,-0.018555,0.520508,-0.856445,-45.532227,1.647949,-4.333496
1088,-0.027832,0.529297,-0.868164,-48.339844,5.065918,-5.859375
1089,-0.039551,0.516602,-0.870117,-32.165527,5.920410,-11.230469
1090,-0.037109,0.545898,-0.836914,-20.080566,3.723145,-13.427734
1091,-0.027832,0.579102,-0.779297,-18.493652,-0.976562,-14.770508
1092,0.001465,0.589355,-0.785156,-25.329590,-5.432129,-13.671875
1093,0.008789,0.601562,-0.842773,-24.597168,-4.455566,-3.234863
1094,0.001953,0.591309,-0.848633,-20.202637,-2.929688,0.793457
1095,-0.004395,0.611328,-0.807617,-19.592285,-0.793457,2.807617
1096,0.004395,0.598633,-0.821777,-25.390625,1.953125,8.483887
1097,-0.018066,0.589355,-0.820312,-21.545410,3.540039,9.277344
1098,-0.039062,0.579590,-0.770020,-17.883301,0.671387,7.690430
1099,-0.039062,0.555176,-0.785645,-15.747070,-4.455566,5.676270
1100,-0.030762,0.559570,-0.800781,-17.333984,-4.089355,2.685547
1101,-0.020508,0.583984,-0.789551,-21.789551,-4.211426,1.831055
1102,-0.010742,0.606934,-0.813965,-23.986816,-3.051758,2.563477
1103,-0.012207,0.616211,-0.816406,-20.568848,-0.793457,3.479004
1104,-0.024902,0.616699,-0.792969,-9.765625,5.432129,5.554199
1105,-0.018066,0.633789,-0.750977,-6.469727,5.859375,7.080078
1106,-0.026855,0.615234,-0.731445,-7.995605,0.488281,6.042480
1107,-0.064941,0.584473,-0.772949,-16.235352,-6.103516,-2.319336
1108,-0.048340,0.579590,-0.760742,-24.414062,-3.112793,-6.713867
1109,-0.028809,0.589844,-0.775391,-30.761719,-0.427246,-11.474609
1110,-0.006836,0.677246,-0.781738,-32.348633,1.464844,-11.474609
1111,0.005371,0.693359,-0.778809,-24.108887,1.464844,-6.164551
1112,0.005859,0.685059,-0.794922,-16.052246,3.540039,-2.136230
1113,-0.037109,0.657227,-0.751953,-2.990723,6.896973,-0.305176
1114,-0.041016,0.650879,-0.739746,1.708984,5.615234,-1.220703
1115,-0.041016,0.647949,-0.685547,-0.366211,2.624512,-1.159668
1116,-0.040039,0.624023,-0.721680,-29.174805,-3.845215,-1.708984
1117,-0.025879,0.632324,-0.788086,-35.095215,-4.028320,-3.540039
1118,-0.004395,0.642578,-0.802734,-29.418945,-4.211426,-4.943848
1119,-0.008789,0.673340,-0.811523,-17.395020,-3.295898,-4.821777
1120,0.003418,0.687012,-0.757812,-3.906250,5.981445,1.953125
1121,-0.002930,0.665039,-0.731445,-2.441406,8.605957,4.577637
1122,-0.048828,0.634766,-0.705078,4.821777,6.591797,2.929688
1123,-0.049316,0.632812,-0.706055,1.831055,3.112793,0.976562
1124,-0.031738,0.633789,-0.743164,-2.746582,0.183105,-0.122070
1125,-0.018555,0.642090,-0.798828,0.427246,-2.563477,0.305176
1126,-0.016113,0.657227,-0.819336,24.780273,-0.793457,1.403809
1127,-0.003418,0.659180,-0.804199,41.809082,1.464844,2.014160
1128,-0.033691,0.665527,-0.731934,59.997559,0.854492,-3.051758
1129,-0.034668,0.681641,-0.730957,61.218262,0.854492,-3.723145
1130,-0.020020,0.669434,-0.752441,63.110352,2.136230,-2.563477
1131,-0.009766,0.644531,-0.786621,66.406250,3.662109,1.342773
1132,-0.019043,0.564453,-0.842773,71.411133,6.469727,9.704590
1133,-0.025879,0.530762,-0.873047,72.814941,8.422852,10.131836
1134,-0.029297,0.540039,-0.893066,82.885742,13.305664,7.324219
1135,-0.020508,0.540527,-0.889160,95.214844,11.779785,7.446289
1136,-0.020508,0.536621,-0.887207,110.595703,7.995605,7.080078
1137,-0.007324,0.571777,-0.859375,124.328613,3.295898,6.591797
1138,0.015625,0.561035,-0.799805,115.539551,1.098633,3.479004
1139,0.008789,0.510254,-0.795410,98.571777,-0.305176,-2.197266
1140,-0.016113,0.416504,-0.889648,83.618164,2.807617,-4.821777
1141,-0.004395,0.367676,-0.919434,86.120605,6.408691,-4.150391
1142,0.003906,0.361816,-0.923340,97.473145,6.652832,-2.990723
1143,0.015625,0.355469,-0.952148,112.487793,3.601074,-0.915527
1144,-0.023438,0.344238,-0.986816,141.845703,-3.234863,0.488281
1145,-0.027832,0.359375,-1.027832,161.926270,-7.446289,-0.793457
1146,-0.007324,0.355469,-1.085449,183.959961,-10.192871,-2.441406
1147,0.020996,0.304199,-1.070312,199.157715,-0.061035,1.464844
1148,0.025391,0.244141,-0.971191,184.326172,5.371094,6.469727
1149,0.028320,0.200684,-0.887207,164.306641,6.347656,13.366699
1150,0.027344,0.130371,-0.847168,126.220703,-1.525879,28.503418
1151,0.020996,0.098633,-0.881348,115.051270,-6.530762,33.996582
1152,0.007812,0.073242,-0.912598,108.337402,-8.972168,36.560059
1153,-0.039062,0.005859,-0.989746,107.543945,-6.164551,29.785156
1154,-0.061523,-0.023926,-1.010254,113.525391,-5.249023,21.362305
1155,-0.064941,-0.035156,-1.050781,122.497559,-5.554199,12.023926
1156,-0.058105,-0.042480,-1.061035,130.493164,-4.943848,4.882812
1157,0.009277,-0.074219,-0.999023,126.586914,3.784180,1.831055
1158,0.046387,-0.076172,-0.891113,110.717773,5.615234,4.150391
1159,0.039551,-0.076660,-0.810059,84.716797,2.807617,8.178711
1160,0.000488,-0.146973,-0.861328,41.564941,-7.019043,15.563965
1161,-0.035156,-0.216797,-1.048340,37.414551,-6.042480,9.216309
1162,-0.052246,-0.229492,-1.071777,67.626953,-4.882812,-3.784180
1163,-0.034668,-0.225586,-1.054688,83.923340,-6.225586,-8.056641
1164,-0.014160,-0.212402,-1.039551,96.740723,-6.408691,-8.911133
1165,0.006836,-0.194336,-1.028809,106.262207,-4.516602,-6.530762
1166,0.023438,-0.191406,-1.018066,122.619629,-1.281738,3.234863
1167,0.012695,-0.219238,-0.993164,133.056641,-5.126953,7.202148
1168,-0.032227,-0.314453,-0.960938,145.812988,-19.042969,6.958008
1169,-0.046875,-0.427246,-0.944824,154.724121,-24.047852,-0.793457
1170,-0.085938,-0.431152,-0.999512,178.710938,-30.700684,-12.329102
1171,-0.082520,-0.473633,-1.018555,217.529297,-26.184082,-29.724121
1172,-0.065430,-0.465820,-1.041504,231.018066,-17.517090,-32.592773
1173,-0.040039,-0.458496,-1.066895,244.445801,-5.004883,-30.700684
1174,-0.031250,-0.462891,-1.004883,258.605957,4.516602,-25.939941
1175,0.049805,-0.432617,-0.922363,292.114258,-1.403809,-6.225586
1176,0.036621,-0.457031,-0.931152,314.941406,-7.507324,3.356934
1177,-0.061523,-0.505371,-0.814453,341.979980,2.502441,13.305664
1178,-0.090820,-0.541504,-0.719238,342.346191,16.662598,16.845703
1179,-0.084473,-0.615723,-0.629395,338.134766,32.531738,18.310547
1180,-0.041016,-0.794434,-0.408203,316.406250,51.147461,13.977051
1181,-0.037109,-0.875000,-0.277344,303.405762,46.264648,6.958008
1182,-0.030762,-0.953613,-0.130859,287.902832,31.311035,-3.479004
1183,-0.014648,-0.949219,-0.028809,267.456055,9.338379,-14.038086
1184,0.016602,-0.835449,0.009277,212.036133,-33.996582,-18.493652
1185,0.042969,-0.834961,-0.055176,184.509277,-47.363281,-13.488770
1186,0.048828,-0.910645,-0.191406,173.034668,-46.630859,2.624512
1187,0.031250,-0.981445,-0.191406,176.452637,-35.095215,11.657715
1188,0.017578,-1.016602,-0.152344,168.640137,-14.953613,18.188477
1189,-0.007324,-1.031250,-0.042480,149.658203,7.751465,18.859863
1190,-0.046875,-1.020020,0.157715,109.436035,20.568848,6.286621
1191,-0.039062,-0.897949,0.090332,100.524902,19.592285,5.310059
1192,-0.042480,-0.955566,0.160156,97.351074,10.131836,17.150879
1193,-0.041992,-0.998047,0.230957,94.299316,2.380371,18.371582
1194,-0.049316,-1.033203,0.235352,91.735840,-7.751465,16.662598
1195,-0.069336,-1.046875,0.126953,96.008301,-19.897461,9.765625
1196,-0.074707,-1.039062,0.104004,102.416992,-18.371582,5.065918
1197,-0.067871,-1.009766,0.117188,107.421875,-13.488770,-0.671387
1198,-0.050781,-0.941406,0.123535,124.633789,-6.896973,-7.568359
1199,-0.045898,-0.953613,0.161133,136.596680,-6.652832,-8.972168
1200,-0.024414,-0.962402,0.221680,141.113281,-3.173828,-11.657715
1201,0.066895,-0.861816,0.291504,128.967285,15.197754,-10.681152
1202,0.041016,-0.846680,0.360840,99.975586,27.282715,2.075195
1203,-0.027344,-0.870117,0.429199,61.157227,30.212402,15.136719
1204,-0.082031,-0.971191,0.292969,45.288086,15.625000,20.690918
1205,-0.104004,-1.009277,0.310547,62.438965,9.826660,11.474609
1206,-0.093750,-0.980469,0.357910,81.115723,1.464844,-4.760742
1207,-0.043945,-0.948730,0.340332,81.237793,3.845215,-6.835938
1208,-0.050781,-0.909180,0.368164,79.833984,20.874023,-6.225586
1209,-0.069824,-0.851562,0.385742,80.139160,26.245117,-5.126953
1210,-0.062988,-0.788086,0.439453,78.796387,26.428223,-0.122070
1211,-0.078125,-0.815918,0.458984,76.904297,20.690918,5.920410
1212,-0.058105,-0.945312,0.505371,68.786621,13.183594,6.286621
1213,-0.039062,-1.006836,0.501953,62.133789,12.329102,1.831055
1214,-0.035156,-1.010254,0.495117,59.020996,12.268066,-4.150391
1215,-0.044922,-0.883789,0.461914,67.077637,10.437012,-13.244629
1216,-0.033691,-0.805664,0.499512,70.068359,11.291504,-13.000488
1217,-0.059570,-0.782715,0.679688,29.541016,18.249512,-0.549316
1218,-0.056641,-0.846191,0.664551,5.981445,17.944336,2.807617
1219,-0.049805,-0.896973,0.592773,-7.568359,17.150879,2.502441
1220,-0.032227,-0.914551,0.564941,-13.244629,16.357422,0.244141
1221,-0.025879,-0.857422,0.532715,-24.658203,17.272949,1.098633
1222,-0.030762,-0.787598,0.491699,-39.550781,20.629883,10.375977
1223,-0.058594,-0.786621,0.401367,-49.255371,27.038574,23.620605
1224,-0.125000,-0.818848,0.381348,-68.359375,57.495117,29.968262
1225,-0.114746,-0.646484,0.173828,-65.551758,80.688477,36.376953
1226,-0.061035,-0.588867,0.078613,-42.968750,106.933594,49.499512
1227,0.062988,-0.503906,0.111328,22.949219,137.573242,116.760254
1228,-0.084961,-0.731445,0.400391,28.137207,141.540527,136.718750
1229,-0.232422,-0.887207,0.692871,2.075195,135.009766,140.625000
1230,-0.316406,-1.017578,0.886230,-50.292969,125.244141,132.385254
1231,-0.304688,-1.004395,0.692383,-143.432617,94.726562,104.919434
1232,-0.328613,-0.923340,0.488770,-155.273438,83.435059,101.989746
1233,-0.423828,-0.813477,0.270996,-162.719727,75.500488,104.919434
1234,-0.571777,-0.927734,0.063965,-148.132324,77.819824,98.449707
1235,-0.636230,-0.992188,0.040527,-118.347168,82.763672,80.383301
1236,-0.606445,-0.983887,0.190918,-88.256836,75.073242,67.199707
1237,-0.576660,-1.060059,0.173340,-37.109375,37.780762,52.185059
1238,-0.571289,-1.033203,0.263672,-11.779785,25.512695,34.729004
1239,-0.498535,-0.935547,0.401855,-4.821777,-2.441406,12.878418
1240,-0.500488,-0.938965,0.316895,-15.441895,-2.807617,6.225586
1241,-0.485840,-0.886230,0.246094,-32.226562,9.704590,2.441406
1242,-0.462402,-0.843262,0.215820,-51.269531,26.733398,4.150391
1243,-0.363281,-0.741211,0.286133,-85.876465,42.114258,21.606445
1244,-0.284668,-0.550293,0.466797,-121.337891,30.883789,51.391602
1245,-0.289062,-0.542480,0.380371,-159.240723,21.911621,83.312988
1246,-0.406250,-0.721680,0.245605,-204.162598,0.610352,121.704102
1247,-0.516113,-0.901367,0.222656,-194.519043,-22.766113,121.337891
1248,-0.681641,-1.000000,-0.056641,-162.536621,-65.734863,89.050293
1249,-0.750977,-0.960449,-0.284668,-149.169922,-61.645508,64.880371
1250,-0.802734,-0.933594,-0.476074,-127.075195,-38.574219,40.954590
1251,-0.813965,-0.951660,-0.583984,-88.989258,-9.948730,19.775391
1252,-0.644043,-0.943848,-0.142578,-5.676270,13.916016,-23.864746
1253,-0.574219,-0.902832,-0.013672,0.366211,-1.098633,-31.372070
1254,-0.565918,-0.887207,-0.022949,-2.319336,-9.460449,-35.095215
1255,-0.575195,-0.796875,-0.053711,-25.451660,6.103516,-39.062500
1256,-0.555176,-0.768066,-0.081543,-38.391113,16.235352,-34.484863
1257,-0.523438,-0.751953,-0.106445,-48.828125,27.465820,-30.517578
1258,-0.464355,-0.767578,-0.116699,-63.842773,43.273926,-15.747070
1259,-0.477539,-0.832031,-0.111328,-70.739746,49.926758,-12.207031
1260,-0.529297,-0.908203,-0.070312,-77.758789,53.649902,-15.563965
1261,-0.594238,-0.958008,-0.038086,-81.970215,50.354004,-25.024414
1262,-0.630371,-0.965332,-0.034180,-97.595215,30.578613,-49.438477
1263,-0.588379,-0.909180,-0.097168,-105.590820,17.211914,-58.288574
1264,-0.553711,-0.885254,-0.165527,-109.436035,8.483887,-65.490723
1265,-0.538086,-0.892578,-0.218750,-113.952637,4.638672,-75.622559
1266,-0.554199,-0.924316,-0.253906,-112.609863,3.601074,-82.275391
1267,-0.555176,-0.931641,-0.288574,-111.999512,5.798340,-91.369629
1268,-0.474609,-0.894531,-0.371094,-104.309082,9.887695,-107.666016
1269,-0.427246,-0.875000,-0.403320,-95.275879,11.840820,-113.525391
1270,-0.380859,-0.848633,-0.446289,-68.969727,23.132324,-121.643066
1271,-0.378906,-0.876953,-0.450195,-54.565430,31.921387,-125.793457
1272,-0.391602,-0.921875,-0.455078,-40.222168,41.809082,-131.042480
1273,-0.398438,-0.973633,-0.421875,-21.362305,48.522949,-137.695312
1274,-0.407227,-1.029297,-0.411133,20.935059,27.343750,-174.804688
1275,-0.419922,-1.015625,-0.447754,36.987305,16.784668,-197.082520
1276,-0.399414,-1.002441,-0.405762,56.457520,6.164551,-220.092773
1277,-0.350098,-0.954102,-0.346191,76.293945,-7.934570,-241.516113
1278,-0.252441,-0.927246,-0.285645,109.008789,-34.606934,-275.024414
1279,-0.198730,-0.953125,-0.284668,120.788574,-43.518066,-289.489746
1280,-0.155273,-0.980957,-0.258789,124.511719,-47.302246,-305.847168
1281,-0.077637,-0.949219,-0.193359,99.426270,-37.475586,-346.679688
1282,-0.036621,-0.894531,-0.154785,73.486328,-25.878906,-368.225098
1283,0.064941,-0.752930,-0.094727,10.986328,-3.051758,-403.198242
1284,0.128906,-0.682129,-0.090332,-19.775391,3.295898,-408.630371
1285,0.232422,-0.605957,-0.099609,-48.278809,3.784180,-402.038574
1286,0.458984,-0.469238,-0.156250,-90.820312,-11.657715,-356.811523
1287,0.521484,-0.432617,-0.232422,-103.698730,-21.789551,-325.744629
1288,0.579590,-0.405273,-0.310547,-105.712891,-32.348633,-291.748047
1289,0.641113,-0.402344,-0.384277,-92.712402,-42.053223,-258.544922
1290,0.690918,-0.420898,-0.461426,-67.321777,-48.522949,-230.285645
1291,0.755859,-0.459961,-0.539062,-3.417969,-48.706055,-188.537598
1292,0.809082,-0.453613,-0.530273,22.460938,-42.541504,-169.921875
1293,0.822266,-0.474121,-0.473145,36.499023,-37.231445,-153.320312
1294,0.866699,-0.459473,-0.364258,25.512695,-26.550293,-130.249023
1295,0.890137,-0.448242,-0.379395,11.291504,-19.409180,-121.032715
1296,0.885254,-0.427246,-0.414551,2.014160,-10.681152,-111.389160
1297,0.845215,-0.353027,-0.385254,2.136230,3.845215,-86.914062
1298,0.833008,-0.334473,-0.356934,3.784180,4.943848,-73.059082
1299,0.856445,-0.321777,-0.371094,6.896973,4.089355,-56.823730
1300,0.914551,-0.302734,-0.399902,12.878418,4.333496,-35.217285
1301,1.017090,-0.269531,-0.377441,14.892578,6.225586,25.146484
1302,1.010742,-0.296387,-0.371582,10.864258,3.967285,58.105469
1303,0.878906,-0.417969,-0.354004,-5.004883,5.676270,105.957031
1304,0.846680,-0.423340,-0.319824,-15.502930,5.920410,119.445801
1305,0.830566,-0.429688,-0.281250,-24.108887,-0.183105,130.249023
1306,0.836426,-0.449219,-0.278320,-27.465820,-12.451172,142.150879
1307,0.828613,-0.494629,-0.377441,-12.756348,-36.621094,169.616699
1308,0.796875,-0.495117,-0.416992,4.272461,-39.184570,182.922363
1309,0.743164,-0.499512,-0.417969,18.432617,-34.301758,197.631836
1310,0.631836,-0.536621,-0.439453,34.912109,-7.324219,227.111816
1311,0.606445,-0.579590,-0.414551,40.283203,7.141113,241.333008
1312,0.584961,-0.647949,-0.366211,44.860840,14.404297,253.479004
1313,0.532715,-0.714844,-0.352051,49.560547,15.502930,260.620117
1314,0.403320,-0.786133,-0.301758,55.053711,18.554688,259.765625
1315,0.335449,-0.787109,-0.276367,51.208496,22.460938,257.324219
1316,0.255371,-0.735840,-0.263184,39.978027,24.047852,258.300781
1317,0.259766,-0.673340,-0.310059,35.705566,24.230957,263.427734
1318,0.234375,-0.627441,-0.297363,30.578613,25.695801,273.193359
1319,0.108887,-0.632812,-0.124512,8.850098,14.953613,300.842285
1320,0.038086,-0.680176,-0.082031,-9.521484,0.488281,312.133789
1321,-0.036133,-0.740234,-0.120605,-24.108887,-13.000488,319.091797
1322,-0.089844,-0.785156,-0.187012,-30.334473,-22.155762,323.608398
1323,-0.131836,-0.790527,-0.244629,-29.846191,-25.390625,329.040527
1324,-0.213379,-0.763672,-0.333984,-8.422852,-19.775391,343.139648
1325,-0.285156,-0.777344,-0.317871,7.446289,-14.038086,346.984863
1326,-0.411621,-0.896484,-0.336426,36.621094,-3.967285,337.219238
1327,-0.476074,-0.936523,-0.304199,43.212891,1.037598,325.683594
1328,-0.558105,-0.977539,-0.288574,41.320801,9.033203,309.509277
1329,-0.632812,-0.981934,-0.235840,34.606934,21.362305,268.493652
1330,-0.622070,-0.918457,-0.182617,33.447266,17.028809,249.023438
1331,-0.609375,-0.835449,-0.136230,34.057617,4.455566,234.802246
1332,-0.603027,-0.779297,-0.166016,30.761719,-33.325195,219.238281
1333,-0.652832,-0.783691,-0.240234,28.625488,-39.672852,208.312988
1334,-0.710938,-0.781250,-0.290527,29.663086,-36.804199,195.495605
1335,-0.731445,-0.748535,-0.299805,33.813477,-28.381348,184.326172
1336,-0.727051,-0.622559,-0.252930,43.457031,-15.991211,173.889160
1337,-0.717285,-0.579590,-0.220703,48.828125,-17.822266,172.058105
1338,-0.756348,-0.589844,-0.217285,49.316406,-18.554688,169.433594
1339,-0.938477,-0.693848,-0.263672,34.667969,-0.366211,157.043457
1340,-1.012207,-0.718262,-0.276855,20.690918,13.671875,149.414062
1341,-1.034668,-0.685547,-0.250488,-7.812500,35.888672,124.328613
1342,-0.993652,-0.646973,-0.242676,-15.136719,39.916992,108.215332
1343,-0.937988,-0.622070,-0.218750,-14.831543,39.367676,91.430664
1344,-0.850586,-0.549316,-0.143066,-3.112793,23.559570,63.598633
1345,-0.831055,-0.492676,-0.121582,6.774902,12.451172,55.053711
1346,-0.803223,-0.443848,-0.101074,15.258789,-0.732422,52.307129
1347,-0.821289,-0.400879,-0.118164,20.080566,-21.423340,54.016113
1348,-0.839844,-0.399902,-0.151855,18.615723,-26.672363,55.969238
1349,-0.887695,-0.428223,-0.212402,14.831543,-22.949219,58.410645
1350,-0.921875,-0.447754,-0.219727,11.718750,-16.601562,56.762695
1351,-0.969727,-0.490234,-0.234375,7.202148,-8.911133,52.001953
1352,-1.024414,-0.554199,-0.276367,2.563477,0.732422,42.297363
1353,-1.127441,-0.605469,-0.309082,-8.300781,21.545410,7.995605
1354,-1.150879,-0.602051,-0.297363,-14.465332,29.541016,-13.427734
1355,-1.149414,-0.594238,-0.276367,-20.874023,35.461426,-34.362793
1356,-1.106934,-0.590332,-0.254395,-33.508301,44.372559,-72.570801
1357,-1.087891,-0.612305,-0.229980,-38.635254,48.461914,-92.163086
1358,-1.045898,-0.662598,-0.188965,-55.664062,49.499512,-135.864258
1359,-1.002441,-0.646973,-0.170410,-62.561035,45.715332,-157.531738
1360,-0.960449,-0.630371,-0.192383,-63.659668,37.353516,-176.391602
1361,-0.872070,-0.581543,-0.267578,-53.649902,16.967773,-205.688477
1362,-0.839355,-0.554199,-0.311035,-43.212891,12.512207,-218.017578
1363,-0.801270,-0.544922,-0.301758,-30.395508,12.145996,-228.454590
1364,-0.805664,-0.586426,-0.197266,-1.403809,-0.305176,-243.591309
1365,-0.818848,-0.672363,-0.136230,7.080078,-13.793945,-252.441406
1366,-0.817871,-0.782227,-0.137695,6.469727,-28.442383,-267.639160
1367,-0.785645,-0.914062,-0.234375,2.746582,-44.555664,-310.668945
1368,-0.715820,-0.886230,-0.191895,1.647949,-56.152344,-328.796387
1369,-0.658203,-0.826660,-0.170898,-1.953125,-76.782227,-339.111328
1370,-0.621094,-0.795410,-0.207520,-8.544922,-92.895508,-345.153809
1371,-0.456055,-0.721191,-0.348145,-31.250000,-75.744629,-348.510742
1372,-0.368164,-0.696289,-0.387695,-42.663574,-49.499512,-340.698242
1373,-0.283203,-0.697754,-0.375488,-54.565430,0.061035,-318.237305
1374,-0.249512,-0.716797,-0.365723,-54.016113,17.822266,-310.791016
1375,-0.203613,-0.745117,-0.342773,-49.987793,31.188965,-305.969238
1376,-0.168945,-0.812500,-0.332520,-43.212891,38.940430,-303.955078
1377,-0.115234,-0.967285,-0.303711,-18.859863,38.879395,-310.424805
1378,-0.073242,-0.957520,-0.273926,3.906250,27.465820,-315.307617
1379,0.065918,-0.770508,-0.177734,44.372559,-6.713867,-312.561035
1380,0.156250,-0.648438,-0.167969,52.856445,-24.047852,-302.307129
1381,0.228516,-0.585449,-0.195312,50.720215,-35.400391,-286.193848
1382,0.300781,-0.596191,-0.317383,37.414551,-34.790039,-254.333496
1383,0.352539,-0.626465,-0.338379,32.043457,-28.320312,-241.394043
1384,0.385742,-0.680664,-0.331543,25.085449,-22.216797,-229.736328
1385,0.395996,-0.725098,-0.329590,2.136230,-13.366699,-209.045410
1386,0.485352,-0.667480,-0.322266,-12.084961,-10.498047,-195.861816
1387,0.570801,-0.626465,-0.330078,-26.611328,-8.789062,-179.565430
1388,0.646484,-0.625000,-0.350098,-38.391113,-7.751465,-161.560059
1389,0.691895,-0.694824,-0.397461,-51.208496,-3.845215,-130.310059
1390,0.709961,-0.626465,-0.378418,-52.856445,-1.525879,-120.788574
1391,0.708496,-0.559082,-0.362793,-48.889160,-0.915527,-110.717773
1392,0.709473,-0.515625,-0.344727,-37.536621,-1.953125,-98.815918
1393,0.753906,-0.483398,-0.353516,-5.432129,-11.779785,-65.307617
1394,0.799805,-0.470703,-0.381348,10.437012,-16.052246,-43.151855
1395,0.864746,-0.457031,-0.373047,25.146484,-12.939453,12.451172
1396,0.864746,-0.489258,-0.383789,26.428223,-5.615234,42.419434
1397,0.809082,-0.581543,-0.400391,26.123047,6.164551,69.580078
1398,0.747070,-0.649902,-0.384766,20.324707,21.118164,91.125488
1399,0.696289,-0.653809,-0.278320,-10.070801,43.029785,124.206543
1400,0.728027,-0.577148,-0.187500,-29.357910,37.963867,145.812988
1401,0.682617,-0.555664,-0.116699,-58.959961,-19.592285,208.129883
1402,0.601074,-0.596191,-0.205078,-65.551758,-49.804688,234.436035
1403,0.526855,-0.647461,-0.336426,-67.626953,-64.392090,250.305176
1404,0.371094,-0.732910,-0.514160,-58.593750,-42.968750,256.652832
1405,0.333008,-0.746582,-0.496094,-53.833008,-18.371582,254.882812
1406,0.325684,-0.800781,-0.552734,-51.757812,10.070801,255.371094
1407,0.253906,-0.877930,-0.601562,-48.950195,44.677734,256.103516
1408,0.213867,-0.802734,-0.434570,-59.692383,100.524902,258.972168
1409,0.170410,-0.795898,-0.341309,-62.988281,105.834961,261.474609
1410,0.110840,-0.832520,-0.302734,-56.030273,94.787598,261.657715
1411,0.031738,-0.895508,-0.289551,-16.052246,41.992188,249.145508
1412,0.005859,-0.895020,-0.331055,3.967285,14.709473,239.562988
1413,-0.009766,-0.860352,-0.384766,17.883301,-3.234863,230.163574
1414,-0.028809,-0.783203,-0.399414,20.080566,-8.117676,217.346191
1415,-0.044434,-0.799805,-0.416504,16.357422,-4.760742,212.951660
1416,-0.076660,-0.838379,-0.444824,15.014648,0.671387,207.824707
1417,-0.165527,-0.872070,-0.479004,13.305664,19.470215,199.523926
1418,-0.187988,-0.855469,-0.466797,10.559082,30.029297,200.317383
1419,-0.187500,-0.819336,-0.425293,7.995605,37.292480,205.078125
1420,-0.237305,-0.716797,-0.325684,4.638672,33.630371,221.618652
1421,-0.267090,-0.699707,-0.322266,4.272461,22.583008,230.529785
1422,-0.289551,-0.707520,-0.363281,6.103516,9.155273,240.051270
1423,-0.330566,-0.720215,-0.409180,9.094238,-2.197266,249.145508
1424,-0.450195,-0.754395,-0.475586,10.009766,3.967285,251.037598
1425,-0.460938,-0.752441,-0.426758,13.732910,9.033203,245.483398
1426,-0.558105,-0.750000,-0.396484,23.864746,4.272461,225.646973
1427,-0.613281,-0.769531,-0.455078,35.949707,5.554199,210.693359
1428,-0.678223,-0.802246,-0.479492,52.429199,10.314941,194.580078
1429,-0.717773,-0.803711,-0.476562,68.115234,16.540527,179.199219
1430,-0.674316,-0.651367,-0.382812,80.017090,24.230957,165.039062
1431,-0.683105,-0.584473,-0.307129,64.086914,18.188477,172.424316
1432,-0.681641,-0.572754,-0.231934,-8.178711,14.709473,188.354492
1433,-0.709961,-0.604980,-0.362305,-31.860352,25.878906,182.983398
1434,-0.722656,-0.580566,-0.417969,15.991211,30.761719,153.991699
1435,-0.802734,-0.574219,-0.384766,60.424805,14.709473,137.695312
1436,-0.863281,-0.575195,-0.350586,90.637207,-4.272461,125.305176
1437,-0.945801,-0.670410,-0.308105,79.772949,-18.310547,113.891602
1438,-1.058105,-0.769531,-0.383789,64.575195,-13.183594,101.257324
1439,-1.152832,-0.845703,-0.396484,56.274414,-4.760742,75.256348
1440,-1.229492,-0.971680,-0.304688,30.639648,-5.371094,0.122070
1441,-1.128418,-1.031738,-0.391602,6.958008,-2.929688,-42.114258
1442,-0.965332,-0.957031,-0.334961,-19.592285,4.760742,-81.604004
1443,-0.713867,-0.677734,-0.310547,-55.297852,17.395020,-130.615234
1444,-0.629883,-0.494141,-0.278320,-57.067871,19.592285,-136.535645
1445,-0.588379,-0.359863,-0.202637,-47.729492,14.526367,-127.563477
1446,-0.614746,-0.387695,-0.189453,-38.391113,5.493164,-110.656738
1447,-0.752930,-0.634277,-0.016602,-85.266113,-23.132324,-106.384277
1448,-0.817383,-0.604004,-0.097656,-124.877930,-34.362793,-115.173340
1449,-0.789551,-0.576660,-0.398438,-148.254395,-45.166016,-117.614746
1450,-0.778320,-0.637695,-0.533691,-121.215820,-45.715332,-112.670898
1451,-0.793457,-0.746582,-0.653809,-76.538086,-42.968750,-111.877441
1452,-0.767578,-0.890137,-0.668945,-26.306152,-32.348633,-119.812012
1453,-0.777344,-0.897461,-0.241211,2.380371,-9.948730,-167.541504
1454,-0.737793,-0.793457,-0.186035,-13.305664,-13.854980,-192.504883
1455,-0.634766,-0.605469,-0.343750,-23.925781,-34.423828,-216.735840
1456,-0.589355,-0.578613,-0.435547,-25.390625,-38.757324,-216.735840
1457,-0.567871,-0.625000,-0.496582,-28.991699,-34.301758,-211.120605
1458,-0.588867,-0.758789,-0.538086,-44.921875,-6.774902,-204.345703
1459,-0.597656,-0.757812,-0.553711,-42.846680,8.789062,-203.918457
1460,-0.533203,-0.748535,-0.567383,-24.353027,17.456055,-200.073242
1461,-0.445801,-0.747070,-0.544922,0.976562,18.493652,-193.725586
1462,-0.395996,-0.820801,-0.380859,49.377441,-0.976562,-185.791016
1463,-0.409180,-0.834473,-0.349609,65.307617,-15.686035,-187.500000
1464,-0.374023,-0.820801,-0.399902,93.078613,-36.621094,-195.068359
1465,-0.175781,-0.914062,-0.306152,81.237793,-32.104492,-197.265625
1466,-0.202148,-0.877441,-0.285156,46.997070,-17.761230,-200.256348
1467,-0.216797,-0.818848,-0.303223,9.033203,-2.380371,-202.270508
1468,-0.130371,-0.788086,-0.369629,-31.982422,19.592285,-195.800781
1469,-0.103516,-0.806641,-0.493164,-25.024414,23.376465,-188.232422
1470,-0.013672,-0.730469,-0.570801,51.513672,19.897461,-151.245117
1471,0.068359,-0.730957,-0.615234,99.182129,21.728516,-133.300781
1472,0.080566,-0.762695,-0.523438,142.395020,23.864746,-124.755859
1473,0.073242,-0.801758,-0.414062,170.166016,25.695801,-126.953125
1474,0.087402,-0.876953,0.022949,167.114258,21.911621,-149.536133
1475,0.095703,-0.933105,0.292969,126.892090,-2.197266,-159.729004
1476,0.123047,-0.990234,0.289062,73.242188,-31.494141,-165.649414
1477,0.103516,-1.052734,0.129395,28.930664,-54.565430,-170.593262
1478,0.173828,-1.021484,-0.092773,-40.161133,-68.603516,-182.800293
1479,0.263184,-0.950195,-0.371582,-59.020996,-50.476074,-182.922363
1480,0.344727,-0.874023,-0.499023,-46.875000,-13.122559,-171.813965
1481,0.414551,-0.796387,-0.575195,-21.545410,23.071289,-155.334473
1482,0.465820,-0.708008,-0.324219,43.579102,68.481445,-121.826172
1483,0.496582,-0.729004,-0.123047,69.274902,52.307129,-112.670898
1484,0.500488,-0.779297,-0.057129,86.547852,22.644043,-103.149414
1485,0.416992,-0.961426,-0.130371,95.520020,-10.314941,-83.129883
1486,0.400879,-0.943848,-0.097168,74.035645,-9.094238,-83.251953
1487,0.413574,-0.885742,-0.060547,30.456543,0.915527,-86.669922
1488,0.496094,-0.813965,-0.062988,-29.052734,25.756836,-94.726562
1489,0.567871,-0.787109,-0.044434,-31.738281,20.629883,-92.224121
1490,0.639160,-0.740234,-0.069336,-26.794434,7.385254,-80.383301
1491,0.678223,-0.688965,-0.128418,-4.882812,-23.925781,-43.151855
1492,0.623535,-0.709473,-0.242676,8.972168,-32.409668,-28.564453
1493,0.602051,-0.765625,-0.344727,47.912598,-23.986816,-4.516602
1494,0.635742,-0.729492,-0.273438,50.231934,-15.258789,8.117676
1495,0.683105,-0.667480,-0.336914,46.875000,-5.676270,27.526855
1496,0.748535,-0.683105,-0.498535,70.617676,20.263672,59.265137
1497,0.616211,-0.752930,-0.179688,107.849121,58.593750,107.482910
1498,0.504883,-0.802246,-0.166504,113.098145,77.758789,116.943359
1499,0.468262,-0.777344,-0.160645,120.300293,101.257324,123.840332
1500,0.435059,-0.803223,-0.192871,130.432129,126.403809,133.422852
1501,0.294922,-0.851074,-0.022949,174.804688,141.296387,127.990723
1502,0.240723,-0.795410,0.230469,195.739746,119.323730,120.605469
1503,0.205078,-0.739746,0.452148,197.753906,84.411621,116.394043
1504,0.217285,-0.753418,0.472168,171.630859,59.448242,112.976074
1505,0.217773,-1.082031,0.421387,70.373535,56.945801,77.270508
1506,0.181641,-1.236816,0.447266,18.066406,58.288574,41.198730
1507,0.340332,-1.077637,0.412109,-33.020020,32.531738,3.479004
1508,0.417480,-0.892090,0.396484,-27.770996,12.817383,18.676758
1509,0.448730,-0.787109,0.342773,-18.493652,1.098633,42.968750
1510,0.366699,-0.791992,0.224609,-0.427246,2.563477,88.378906
1511,0.264160,-0.896484,0.144043,21.728516,4.028320,91.003418
1512,0.174805,-0.963867,0.131348,47.973633,8.483887,72.021484
1513,0.161133,-0.956543,0.179199,63.110352,15.747070,43.762207
1514,0.193359,-0.823242,0.418945,52.490234,16.052246,18.920898
1515,0.184082,-0.886719,0.448242,32.836914,5.310059,20.507812
1516,0.134277,-1.017578,0.429199,14.343262,-11.779785,18.920898
1517,0.294922,-0.986328,0.227539,-9.826660,-22.766113,1.770020
1518,0.306152,-1.083008,0.171875,-5.126953,-23.132324,0.183105
1519,0.348145,-1.078613,0.104980,23.986816,-20.874023,-3.845215
1520,0.231934,-0.911621,0.296387,53.588867,-3.173828,13.793945
1521,0.162598,-0.934570,0.389160,53.161621,2.380371,16.296387
1522,0.177246,-0.885254,0.454102,40.649414,2.868652,18.249512
1523,0.200684,-0.811523,0.527344,27.832031,-3.356934,27.160645
1524,0.180664,-0.836426,0.361816,1.342773,-25.451660,41.625977
1525,0.211426,-0.940430,0.311523,-4.211426,-26.977539,39.062500
1526,0.241699,-0.973145,0.308105,3.845215,-31.311035,29.968262
1527,0.227051,-0.944824,0.254883,34.118652,-38.940430,15.625000
1528,0.271484,-0.923828,0.222656,46.325684,-37.292480,14.648438
1529,0.264160,-0.912109,0.151367,65.368652,-33.386230,15.441895
1530,0.254883,-0.831543,0.219727,80.871582,-28.381348,16.052246
1531,0.207031,-0.906250,0.268066,65.246582,-0.671387,19.470215
1532,0.185547,-0.936523,0.357422,53.955078,6.347656,21.240234
1533,0.136719,-0.905273,0.435059,41.992188,8.972168,21.179199
1534,0.131348,-0.848633,0.476074,34.790039,8.605957,22.094727
1535,0.188477,-0.761230,0.583984,27.465820,-4.089355,39.367676
1536,0.185547,-0.740723,0.560059,30.944824,-12.329102,50.659180
1537,0.201660,-0.700684,0.468262,48.278809,-21.301270,65.063477
1538,0.317871,-0.763184,0.372559,96.191406,-37.963867,98.815918
1539,0.224609,-0.905273,0.459961,106.872559,-44.372559,105.285645
1540,0.062500,-1.056641,0.478027,90.637207,-40.222168,89.965820
1541,-0.044434,-1.147949,0.412598,70.495605,-30.761719,62.622070
1542,0.010254,-1.164062,0.468262,38.146973,-13.366699,2.746582
1543,0.105957,-1.031250,0.480957,25.817871,-6.530762,-10.986328
1544,0.153320,-0.881836,0.466309,12.084961,7.202148,-4.028320
1545,0.119141,-0.888672,0.518066,3.967285,26.489258,7.080078
1546,0.096680,-0.863281,0.546387,16.357422,17.517090,8.911133
1547,0.069336,-0.823730,0.546387,29.235840,2.990723,7.690430
1548,0.039551,-0.751953,0.558105,58.776855,-24.353027,5.310059
1549,0.091797,-0.846191,0.490234,75.683594,-30.029297,3.051758
1550,0.203125,-0.720215,0.638672,77.758789,-31.188965,5.981445
1551,0.100586,-0.839355,0.573730,45.593262,-23.315430,19.775391
1552,0.104980,-0.916992,0.507812,40.039062,-11.474609,15.380859
1553,0.129395,-0.952637,0.570801,37.658691,-3.295898,11.718750
1554,0.082031,-0.977539,0.632324,32.287598,-7.629395,5.004883
1555,0.160156,-0.786621,0.527832,1.953125,-2.624512,-4.394531
1556,0.139648,-0.794922,0.555664,-15.686035,4.211426,-2.441406
1557,0.115234,-0.838379,0.566895,-27.099609,6.835938,-2.807617
1558,0.093262,-0.862305,0.552246,-44.555664,10.742188,-6.225586
1559,0.084473,-0.831543,0.539062,-43.701172,10.437012,-4.333496
1560,0.099121,-0.813477,0.479004,-19.104004,3.906250,-2.624512
1561,0.106934,-0.831055,0.475586,-6.835938,3.784180,-2.746582
1562,0.091797,-0.835938,0.472656,6.591797,3.051758,-4.882812
1563,0.079102,-0.816406,0.485352,20.141602,0.732422,-6.347656
1564,0.106934,-0.773438,0.570801,31.005859,-0.366211,-2.929688
1565,0.108398,-0.782715,0.648926,26.794434,-1.403809,1.037598
1566,0.067871,-0.978027,0.727539,-0.427246,-13.244629,5.493164
1567,0.098145,-1.012207,0.627930,-1.403809,-22.460938,-2.441406
1568,0.129883,-0.958984,0.504395,2.929688,-23.376465,-8.911133
1569,0.171387,-0.766113,0.361328,19.409180,2.685547,-11.474609
1570,0.052734,-0.814941,0.379883,25.756836,19.897461,-12.268066
1571,0.148926,-0.640137,0.525879,24.230957,26.000977,-12.634277
1572,0.176758,-0.617188,0.669434,18.981934,22.033691,-1.220703
1573,0.106445,-0.932617,0.527832,45.410156,4.638672,17.333984
1574,0.111328,-0.980469,0.425781,72.875977,13.671875,13.671875
1575,0.180664,-0.826172,0.599609,102.050781,50.903320,22.155762
1576,0.105957,-0.768555,0.770020,76.782227,64.819336,22.338867
1577,0.052246,-0.710449,0.843750,36.499023,64.514160,17.822266
1578,0.050781,-0.718262,0.730469,-9.277344,45.959473,18.859863
1579,0.044434,-0.756836,0.694336,-1.708984,34.606934,16.479492
1580,0.024902,-0.741211,0.674316,18.798828,19.653320,12.023926
1581,0.001465,-0.726562,0.630371,42.114258,7.202148,8.056641
1582,0.060547,-0.698730,0.631348,77.819824,9.460449,9.094238
1583,0.048340,-0.804688,0.662598,100.280762,20.385742,13.916016
1584,0.042969,-0.743164,0.699219,99.914551,28.076172,10.070801
1585,-0.034180,-0.654785,0.740723,69.152832,50.109863,4.821777
1586,-0.079102,-0.630859,0.742676,56.152344,55.541992,0.183105
1587,-0.083984,-0.604004,0.748535,51.391602,51.940918,-4.821777
1588,-0.056152,-0.583008,0.729980,56.945801,39.001465,-5.859375
1589,-0.036133,-0.628906,0.780762,78.247070,10.009766,-4.150391
1590,-0.008301,-0.644043,0.870605,71.044922,-1.770020,0.427246
1591,-0.002930,-0.729004,0.789062,48.461914,-12.817383,4.516602
1592,0.012695,-0.666504,0.736816,16.845703,-2.990723,3.417969
1593,-0.004395,-0.618652,0.761719,9.765625,3.784180,2.685547
1594,-0.013184,-0.601074,0.770508,7.141113,7.751465,3.173828
1595,-0.016602,-0.616211,0.768066,10.986328,11.291504,3.540039
1596,0.001953,-0.649902,0.786621,35.034180,12.878418,4.089355
1597,-0.031738,-0.664062,0.765625,53.527832,9.399414,3.723145
1598,-0.041992,-0.636230,0.745117,69.091797,12.145996,2.319336
1599,-0.038086,-0.583496,0.748047,77.270508,31.188965,3.784180
1600,-0.037598,-0.541992,0.794922,73.303223,38.879395,2.868652
1601,-0.040039,-0.528320,0.821289,68.054199,42.053223,1.586914
1602,-0.048340,-0.534668,0.863281,58.471680,41.137695,1.464844
1603,-0.051758,-0.552246,0.880371,46.997070,38.696289,1.098633
1604,-0.060547,-0.553711,0.755859,51.147461,42.602539,1.281738
1605,-0.061035,-0.529297,0.749512,68.908691,43.457031,3.662109
1606,-0.071777,-0.518555,0.763184,82.763672,42.663574,4.394531
1607,-0.128906,-0.405273,0.980469,70.861816,49.316406,-1.220703
1608,-0.125977,-0.426758,0.834961,53.161621,61.462402,-2.136230
1609,-0.138672,-0.421875,0.823242,41.687012,78.491211,-4.150391
1610,-0.159180,-0.412109,0.886719,27.893066,90.270996,-2.380371
1611,-0.170410,-0.447266,0.865234,23.193359,94.055176,-2.258301
1612,-0.183594,-0.469727,0.893555,15.075684,100.402832,-4.333496
1613,-0.206055,-0.504883,0.895020,-18.371582,118.652344,-12.084961
1614,-0.177734,-0.461914,0.824707,-27.343750,127.990723,-8.850098
1615,-0.267578,-0.418945,0.768555,-29.479980,142.272949,-12.939453
1616,-0.255859,-0.374512,0.763184,-22.888184,142.211914,-9.094238
1617,-0.241699,-0.302734,0.748535,-19.897461,148.925781,-3.295898
1618,-0.280762,-0.301758,0.822754,-31.433105,161.437988,7.873535
1619,-0.401367,-0.529297,0.966797,-97.045898,186.645508,17.883301
1620,-0.417969,-0.623047,0.974121,-126.159668,191.955566,11.657715
1621,-0.409668,-0.649414,0.942383,-141.052246,189.025879,3.967285
1622,-0.421387,-0.655762,0.884766,-148.254395,168.029785,-3.112793
1623,-0.430664,-0.621094,0.702148,-145.446777,158.325195,-0.061035
1624,-0.479004,-0.620605,0.620117,-133.972168,149.963379,1.098633
1625,-0.533691,-0.578125,0.685547,-115.722656,132.690430,-0.610352
1626,-0.579102,-0.637207,0.657715,-107.971191,115.966797,1.159668
1627,-0.613281,-0.691895,0.602539,-102.111816,103.149414,1.586914
1628,-0.652832,-0.713867,0.587402,-76.416016,68.359375,2.136230
1629,-0.647949,-0.717285,0.561523,-63.842773,45.227051,-1.464844
1630,-0.642090,-0.730469,0.574219,-56.274414,23.315430,-9.948730
1631,-0.630371,-0.730469,0.592773,-55.541992,4.455566,-22.094727
1632,-0.653320,-0.741699,0.645508,-73.059082,-20.202637,-44.860840
1633,-0.659180,-0.787109,0.654297,-89.233398,-29.907227,-54.443359
1634,-0.608887,-0.799316,0.604492,-101.806641,-39.611816,-59.692383
1635,-0.545410,-0.781250,0.463379,-99.365234,-50.415039,-65.368652
1636,-0.493164,-0.720703,0.419922,-95.153809,-52.185059,-61.767578
1637,-0.469727,-0.699219,0.409180,-94.543457,-52.307129,-54.443359
1638,-0.480957,-0.735352,0.380859,-105.407715,-47.790527,-47.302246
1639,-0.505859,-0.761230,0.438477,-115.966797,-46.447754,-49.804688
1640,-0.532715,-0.814941,0.528320,-130.493164,-53.100586,-56.762695
1641,-0.522461,-0.927246,0.516113,-161.132812,-77.331543,-85.510254
1642,-0.489746,-0.916504,0.455566,-170.288086,-86.914062,-97.656250
1643,-0.450684,-0.871094,0.386719,-170.654297,-96.313477,-103.698730
1644,-0.402344,-0.821289,0.326660,-148.620605,-119.812012,-92.102051
1645,-0.306152,-0.800293,0.176758,-134.887695,-124.206543,-81.787109
1646,-0.296387,-0.788086,0.119141,-123.352051,-119.140625,-72.021484
1647,-0.306152,-0.795898,0.118652,-110.900879,-111.267090,-62.133789
1648,-0.278320,-0.900879,0.188965,-85.266113,-109.252930,-50.964355
1649,-0.246582,-0.958008,0.217285,-77.148438,-117.248535,-49.316406
1650,-0.243652,-1.010742,0.216309,-80.200195,-125.976562,-50.170898
1651,-0.265137,-0.957031,0.188477,-96.496582,-126.342773,-66.528320
1652,-0.233887,-0.893066,0.136230,-106.994629,-121.093750,-72.326660
1653,-0.255859,-0.835449,0.010742,-99.121094,-114.013672,-74.096680
1654,-0.186523,-0.769531,0.003418,-85.021973,-106.140137,-63.659668
1655,-0.142090,-0.778809,-0.043945,-70.190430,-98.083496,-44.006348
1656,-0.133789,-0.850098,-0.120117,-40.222168,-67.504883,-10.864258
1657,-0.169434,-0.998535,-0.055664,-33.386230,-48.278809,-7.446289
1658,-0.150391,-1.027344,0.129883,-28.808594,-39.550781,-14.343262
1659,-0.165039,-0.988281,0.125488,-30.883789,-45.227051,-16.357422
1660,-0.151367,-0.948242,0.163574,-38.635254,-54.687500,-14.953613
1661,-0.192383,-0.932617,0.073242,-66.101074,-58.837891,-18.615723
1662,-0.194824,-0.908203,0.115723,-84.411621,-54.260254,-18.981934
1663,-0.183105,-0.904297,0.116211,-99.914551,-55.786133,-19.104004
1664,-0.104492,-0.927734,0.069336,-136.535645,-65.795898,-18.920898
1665,-0.102539,-0.922363,-0.012207,-159.362793,-63.049316,-20.507812
1666,-0.086914,-0.914551,-0.100098,-178.588867,-55.114746,-19.592285
1667,-0.083008,-0.993164,-0.166504,-190.368652,-45.654297,-17.639160
1668,-0.124023,-1.012207,-0.143066,-209.045410,-29.357910,-18.981934
1669,-0.138672,-0.994629,-0.152832,-214.721680,-24.597168,-21.362305
1670,-0.075195,-0.821777,-0.150391,-226.928711,-29.724121,-17.517090
1671,-0.017578,-0.724609,-0.101074,-237.609863,-36.376953,-5.371094
1672,0.010254,-0.637207,-0.061035,-260.192871,-48.461914,12.756348
1673,-0.056641,-0.713867,-0.157227,-307.983398,-82.153320,37.658691
1674,-0.064941,-0.586914,-0.248535,-317.138672,-99.182129,45.166016
1675,-0.082031,-0.716797,-0.610352,-316.650391,-107.604980,50.598145
1676,-0.208496,-0.836914,-1.368652,-241.027832,-15.991211,25.817871
1677,-0.207520,-0.805176,-1.330566,-197.998047,47.058105,26.428223
1678,-0.281738,-0.867676,-1.064453,-159.362793,82.519531,28.076172
1679,-0.345703,-0.906738,-0.610352,-133.056641,47.058105,2.075195
1680,-0.287109,-0.825195,-0.647949,-126.464844,13.977051,-13.122559
1681,-0.193848,-0.740234,-0.778320,-115.356445,-4.028320,-18.066406
1682,-0.091309,-0.669434,-0.837402,-106.323242,-0.915527,-15.014648
1683,-0.038574,-0.554688,-0.767578,-105.834961,23.498535,1.586914
1684,-0.037598,-0.531738,-0.704102,-105.285645,27.770996,10.620117
1685,-0.054199,-0.490723,-0.708496,-106.262207,23.071289,25.634766
1686,-0.085449,-0.446777,-0.723145,-114.807129,19.836426,30.822754
1687,-0.123535,-0.406250,-0.744141,-132.934570,16.906738,36.132812
1688,-0.137207,-0.404297,-0.766113,-150.817871,14.587402,40.527344
1689,-0.135254,-0.403809,-0.809570,-169.067383,10.559082,45.593262
1690,-0.136719,-0.340332,-0.904297,-172.912598,15.625000,52.856445
1691,-0.106445,-0.314453,-0.897949,-184.753418,22.094727,64.086914
1692,-0.142578,-0.332031,-0.922363,-232.543945,33.691406,85.876465
1693,-0.176270,-0.317871,-0.982422,-248.046875,35.034180,88.195801
1694,-0.200195,-0.275391,-1.062012,-248.596191,34.912109,85.510254
1695,-0.219238,-0.159668,-1.126465,-211.181641,31.127930,72.875977
1696,-0.199219,-0.095215,-1.099609,-187.622070,26.428223,67.321777
1697,-0.160645,-0.055664,-1.061523,-168.945312,20.935059,63.354492
1698,-0.081543,-0.022949,-1.007324,-138.061523,12.329102,62.744141
1699,-0.055176,0.012695,-0.991211,-122.985840,8.850098,64.880371
1700,-0.057617,0.034180,-0.995605,-104.248047,6.164551,66.101074
1701,-0.121582,0.024902,-0.943848,-88.928223,7.385254,58.532715
1702,-0.159668,0.036621,-0.901367,-94.726562,7.324219,50.842285
1703,-0.171875,0.051758,-0.886230,-103.759766,5.249023,42.663574
1704,-0.183594,0.063965,-0.890625,-113.769531,1.586914,35.034180
1705,-0.144043,0.094238,-0.979004,-141.052246,1.037598,22.583008
1706,-0.132812,0.112793,-1.071289,-145.935059,10.009766,18.676758
1707,-0.131836,0.196777,-1.062988,-137.817383,27.770996,13.244629
1708,-0.129395,0.217773,-1.053223,-123.657227,30.151367,8.117676
1709,-0.125488,0.240234,-1.001465,-103.271484,27.770996,1.037598
1710,-0.109375,0.262207,-0.960938,-80.017090,20.568848,-3.662109
1711,-0.072266,0.318848,-0.937500,-37.658691,0.732422,-4.150391
1712,-0.079102,0.315430,-0.936035,-21.423340,-7.202148,-3.356934
1713,-0.089355,0.307129,-0.936523,-15.686035,-12.084961,-2.136230
1714,-0.093262,0.297363,-0.937988,-37.048340,-3.540039,2.136230
1715,-0.086426,0.289551,-0.936523,-54.199219,7.934570,3.112793
1716,-0.083008,0.302734,-0.913574,-65.429688,16.967773,2.563477
1717,-0.054688,0.388672,-0.937500,-61.889648,14.404297,4.028320
1718,-0.031250,0.397949,-0.963867,-46.997070,9.887695,8.666992
1719,-0.014648,0.377441,-0.968262,-31.066895,7.751465,14.404297
1720,-0.037109,0.355957,-0.944336,-19.958496,8.605957,18.066406
1721,-0.116211,0.336914,-0.874512,-29.724121,9.277344,8.789062
1722,-0.108887,0.356934,-0.898926,-39.794922,9.216309,1.525879
1723,-0.063477,0.411621,-0.898438,-54.199219,11.230469,-1.098633
1724,-0.055176,0.399902,-0.889648,-58.471680,10.437012,3.601074
1725,-0.054688,0.387207,-0.895996,-61.645508,11.474609,7.385254
1726,-0.059082,0.384277,-0.917969,-65.307617,15.258789,7.080078
1727,-0.078613,0.418457,-0.954590,-64.514160,23.620605,1.464844
1728,-0.073242,0.422852,-0.942383,-65.002441,28.198242,-0.183105
1729,-0.091309,0.427734,-0.879883,-72.448730,31.799316,-3.234863
1730,-0.063477,0.479004,-0.831055,-92.346191,25.390625,-10.620117
1731,-0.044434,0.499023,-0.836426,-92.529297,19.897461,-13.671875
1732,-0.075195,0.517090,-0.811035,-78.125000,5.554199,-25.695801
1733,-0.055176,0.564453,-0.783691,-73.059082,-0.183105,-28.747559
1734,-0.010742,0.613281,-0.783691,-75.317383,-3.356934,-26.062012
1735,0.034668,0.610352,-0.866699,-86.364746,11.535645,-4.333496
1736,0.012207,0.587891,-0.855469,-82.153320,20.812988,2.563477
1737,-0.022461,0.578125,-0.829102,-70.983887,22.460938,3.601074
1738,-0.049805,0.576172,-0.809082,-54.199219,16.296387,-0.793457
1739,-0.093262,0.566406,-0.800293,-23.071289,13.366699,-15.075684
1740,-0.115723,0.522461,-0.786621,-20.751953,20.324707,-29.174805
1741,-0.107910,0.518066,-0.761719,-29.357910,29.541016,-42.968750
1742,-0.080566,0.584961,-0.768066,-47.790527,45.288086,-62.316895
1743,-0.081543,0.611816,-0.687012,-53.039551,46.020508,-64.575195
1744,-0.074707,0.639648,-0.663574,-57.067871,37.597656,-65.002441
1745,-0.067383,0.647461,-0.736328,-55.114746,28.869629,-67.321777
1746,-0.067383,0.666992,-0.843262,-21.545410,28.747559,-77.148438
1747,-0.083984,0.648438,-0.889648,4.516602,34.545898,-84.960938
1748,-0.127441,0.609375,-0.860352,31.555176,41.076660,-96.618652
1749,-0.165039,0.590332,-0.686035,47.729492,40.161133,-114.929199
1750,-0.147949,0.586426,-0.645508,31.127930,37.597656,-119.140625
1751,-0.119629,0.592773,-0.672852,9.460449,37.109375,-121.704102
1752,-0.086914,0.608398,-0.772949,-2.197266,41.076660,-122.131348
1753,-0.054199,0.657715,-0.911621,29.541016,57.006836,-116.394043
1754,-0.058105,0.656250,-0.925293,57.312012,66.894531,-114.868164
1755,-0.117188,0.711914,-0.779297,80.932617,72.265625,-121.154785
1756,-0.114746,0.703125,-0.752441,78.735352,74.707031,-118.957520
1757,-0.111328,0.684082,-0.745605,71.166992,76.660156,-110.656738
1758,-0.106934,0.663574,-0.755371,59.936523,76.416016,-99.304199
1759,-0.094238,0.646973,-0.805176,35.888672,73.364258,-70.007324
1760,-0.076660,0.619629,-0.854492,33.447266,72.021484,-57.800293
1761,-0.063477,0.582031,-0.911133,44.616699,70.800781,-49.804688
1762,-0.102539,0.594727,-0.847656,63.232422,70.800781,-47.912598
1763,-0.101562,0.547363,-0.778809,57.250977,69.519043,-52.490234
1764,-0.096680,0.481445,-0.768555,41.503906,66.955566,-55.053711
1765,-0.089355,0.417480,-0.807129,26.428223,66.528320,-57.800293
1766,-0.081055,0.345703,-0.838867,11.169434,63.415527,-62.988281
1767,-0.066895,0.342773,-0.836914,9.643555,57.678223,-64.147949
1768,-0.060547,0.352539,-0.841797,7.995605,51.269531,-66.955566
1769,-0.072266,0.378418,-0.982910,17.517090,48.889160,-77.758789
1770,-0.086426,0.403809,-1.029785,34.057617,55.236816,-85.510254
1771,-0.083984,0.451660,-1.022949,49.316406,62.866211,-94.299316
1772,-0.073242,0.520020,-0.988281,58.044434,77.087402,-105.468750
1773,-0.056152,0.520508,-0.989258,61.462402,86.425781,-102.966309
1774,-0.032715,0.496582,-0.981445,69.458008,94.421387,-96.191406
1775,0.031250,0.420898,-0.946777,87.585449,100.708008,-79.467773
1776,0.039062,0.383301,-0.947266,96.618652,101.867676,-71.411133
1777,0.023926,0.347656,-0.928711,104.553223,102.111816,-67.199707
1778,0.008789,0.269043,-0.988770,119.262695,95.275879,-75.622559
1779,0.012695,0.264648,-1.045898,132.629395,95.947266,-81.909180
1780,0.014648,0.286133,-1.065918,142.578125,101.867676,-86.364746
1781,0.023926,0.315918,-1.067871,146.606445,112.548828,-87.829590
1782,0.086914,0.273926,-0.964355,144.104004,122.009277,-87.646484
1783,0.128418,0.237305,-0.908691,129.272461,122.314453,-83.740234
1784,0.134277,0.211914,-0.940430,127.502441,122.802734,-78.491211
1785,0.184570,0.181641,-0.961914,130.676270,119.384766,-64.697266
1786,0.212402,0.176758,-0.972168,134.033203,115.783691,-53.955078
1787,0.253418,0.178223,-0.956055,138.793945,112.182617,-36.987305
1788,0.276855,0.193848,-0.757324,112.548828,99.060059,-0.549316
1789,0.284668,0.222656,-0.769531,71.350098,84.655762,9.582520
1790,0.307617,0.307129,-0.859375,25.024414,75.744629,19.775391
1791,0.287109,0.307617,-0.916504,-3.051758,50.048828,51.391602
1792,0.240234,0.144531,-0.978027,21.606445,24.963379,65.124512
1793,0.257812,0.097656,-1.002441,55.358887,1.281738,77.880859
1794,0.348633,-0.020508,-1.079102,108.642578,-9.277344,95.886230
1795,0.343750,-0.104980,-1.085449,123.046875,4.882812,95.397949
1796,0.322754,-0.168945,-1.145020,131.774902,25.146484,89.782715
1797,0.311035,-0.215820,-1.209473,149.963379,53.527832,82.153320
1798,0.317871,-0.196289,-1.007812,212.951660,91.918945,61.096191
1799,0.346191,-0.155273,-0.938477,240.234375,92.956543,56.579590
1800,0.363770,-0.141113,-0.919922,263.793945,90.393066,58.044434
1801,0.363281,-0.163574,-0.826172,278.259277,83.251953,67.382812
1802,0.371582,-0.180664,-0.762207,261.596680,78.857422,74.768066
1803,0.360840,-0.250488,-0.784668,246.765137,76.599121,80.200195
1804,0.448242,-0.425781,-0.793945,243.591309,80.871582,98.815918
1805,0.457031,-0.519043,-0.762207,244.812012,84.167480,107.788086
1806,0.448242,-0.624023,-0.735352,238.708496,87.768555,107.971191
1807,0.456543,-0.732910,-0.731934,223.999023,93.078613,97.839355
1808,0.486328,-0.708008,-0.533203,219.482422,96.130371,93.200684
1809,0.480957,-0.637207,-0.426270,236.816406,85.449219,122.070312
1810,0.410156,-0.598633,-0.343262,231.323242,88.195801,135.375977
1811,0.309570,-0.638184,-0.274414,207.214355,92.834473,143.432617
1812,0.200684,-0.749512,-0.226074,172.851562,98.510742,141.906738
1813,0.046387,-0.879395,-0.142090,109.558105,101.867676,109.558105
1814,0.081543,-0.855957,-0.138184,86.608887,100.646973,90.820312
1815,0.143555,-0.858887,-0.070312,66.528320,94.238281,74.401855
1816,0.179199,-0.884277,-0.025879,49.011230,79.589844,59.387207
1817,0.260742,-0.909668,-0.126465,19.958496,49.621582,41.137695
1818,0.307617,-0.876465,-0.218750,16.113281,45.837402,47.424316
1819,0.300293,-0.805664,-0.222656,23.803711,48.278809,80.566406
1820,0.300293,-0.809082,-0.196777,37.719727,39.672852,98.083496
1821,0.250000,-0.916504,-0.251953,52.734375,33.386230,108.642578
1822,0.076172,-1.080078,-0.290527,51.757812,39.428711,99.365234
1823,0.076660,-1.121094,-0.238770,42.358398,70.312500,59.936523
1824,0.146484,-1.010742,-0.203125,54.321289,60.791016,46.936035
1825,0.141113,-1.006836,-0.312012,114.257812,33.569336,36.254883
1826,0.139160,-0.993652,-0.322266,150.085449,31.433105,33.325195
1827,0.116699,-0.946777,-0.227051,188.537598,27.282715,34.667969
1828,0.105469,-0.968262,-0.138672,215.270996,19.775391,36.254883
1829,0.223633,-0.838379,-0.005859,249.816895,4.272461,38.696289
1830,0.286133,-0.709473,0.004395,270.019531,-9.033203,52.124023
1831,0.261230,-0.666992,0.044922,291.992188,-16.052246,70.373535
1832,0.157715,-0.836426,0.460449,264.282227,-12.023926,79.467773
1833,0.155273,-0.959473,0.659180,203.125000,-5.798340,69.580078
1834,0.116699,-1.092773,0.756836,130.187988,-6.652832,50.292969
1835,0.113770,-1.120605,0.502930,22.766113,-15.686035,5.920410
1836,0.131836,-1.006836,0.349609,5.310059,-15.991211,-3.723145
1837,0.147949,-0.920898,0.227539,-0.915527,-10.559082,-3.173828
1838,0.146484,-0.897949,0.151367,-0.427246,-1.586914,4.333496
1839,0.094727,-0.974609,0.082031,42.968750,12.268066,21.240234
1840,0.045410,-1.002930,0.064941,80.871582,16.296387,23.010254
1841,-0.020996,-0.903809,0.276367,153.625488,22.277832,11.291504
1842,-0.009766,-0.842285,0.494141,154.174805,22.827148,2.136230
1843,0.071289,-0.746582,0.725098,119.079590,24.291992,-4.211426
1844,0.195801,-0.794922,0.689453,72.875977,22.644043,3.967285
1845,0.128906,-1.003906,0.496582,24.475098,15.380859,15.441895
1846,0.071777,-1.046875,0.349609,21.789551,11.352539,10.681152
1847,0.072754,-0.996094,0.252441,38.269043,9.399414,3.417969
1848,0.101074,-0.917480,0.290039,59.753418,8.911133,2.624512
1849,0.076172,-0.884277,0.417969,86.181641,2.075195,-3.356934
1850,0.082031,-0.823730,0.557617,97.900391,9.155273,-2.197266
1851,0.057617,-0.801270,0.618164,82.397461,17.944336,0.976562
1852,0.056641,-0.786621,0.597656,68.176270,25.024414,1.342773
1853,0.066406,-0.792969,0.527344,63.293457,26.062012,2.685547
1854,0.031250,-0.796875,0.466797,99.243164,14.770508,4.150391
1855,0.044434,-0.789062,0.513184,111.389160,8.361816,8.605957
1856,0.058594,-0.791016,0.584961,114.318848,5.737305,8.544922
1857,0.080566,-0.743652,0.654785,99.426270,3.601074,9.399414
1858,0.131836,-0.674316,0.693359,87.707520,1.953125,17.578125
1859,0.129395,-0.640625,0.693848,73.486328,4.699707,24.475098
1860,0.050781,-0.708496,0.679688,63.720703,9.338379,24.230957
1861,-0.117188,-0.931152,0.555176,80.444336,11.901855,-4.089355
1862,-0.101562,-0.892090,0.568359,113.525391,8.178711,-19.714355
1863,-0.001953,-0.736816,0.664062,136.840820,3.723145,-24.291992
1864,0.109863,-0.612793,0.779297,130.859375,5.981445,-15.258789
1865,0.072266,-0.649902,0.868652,72.509766,16.174316,5.920410
1866,0.027832,-0.701660,0.821777,62.316895,13.549805,4.577637
1867,0.040527,-0.691406,0.740234,65.856934,8.239746,0.244141
1868,0.101074,-0.565918,0.713867,70.373535,0.976562,15.930176
1869,0.020020,-0.629395,0.742188,67.138672,3.234863,22.338867
1870,-0.043457,-0.663574,0.771973,66.528320,7.690430,21.850586
1871,-0.111328,-0.680176,0.756348,75.012207,8.178711,13.977051
1872,0.042969,-0.689453,0.746094,111.511230,-1.525879,-0.427246
1873,0.078125,-0.607422,0.864258,105.163574,0.244141,-4.577637
1874,0.011230,-0.640625,0.916992,60.485840,-1.586914,-2.075195
1875,-0.011719,-0.616211,0.837891,50.964355,-3.479004,-6.286621
1876,0.000977,-0.529785,0.808105,52.368164,-3.906250,-8.789062
1877,0.031738,-0.431641,0.849121,59.387207,-5.737305,-9.765625
1878,0.018555,-0.375977,0.925781,71.899414,-10.681152,-4.089355
1879,0.018066,-0.382812,0.941895,68.237305,-10.925293,-0.976562
1880,0.094238,-0.426270,0.904297,59.265137,-8.483887,7.385254
1881,0.096191,-0.489746,0.882812,48.889160,-6.042480,15.686035
1882,0.066895,-0.500000,0.977539,39.916992,-5.310059,14.831543
1883,0.014648,-0.521484,1.028320,20.019531,-2.563477,7.385254
1884,-0.112305,-0.604004,1.085449,-24.414062,6.958008,-21.179199
1885,-0.070801,-0.525391,1.053711,-42.358398,13.488770,-32.287598
1886,0.059570,-0.463867,0.883789,-67.932129,31.677246,-44.738770
1887,0.061523,-0.478516,0.772949,-73.913574,43.151855,-49.072266
1888,0.055176,-0.490234,0.693848,-78.247070,58.532715,-51.513672
1889,0.028809,-0.590332,0.752441,-82.458496,83.435059,-54.931641
1890,0.031250,-0.588867,0.907227,-99.182129,91.125488,-57.067871
1891,0.028320,-0.559570,0.941406,-127.929688,93.383789,-55.847168
1892,-0.033691,-0.651367,0.987793,-139.465332,88.623047,-52.856445
1893,-0.052246,-0.704102,0.897461,-139.465332,80.200195,-60.852051
1894,-0.036621,-0.691895,0.851562,-143.493652,78.063965,-69.030762
1895,-0.021973,-0.638184,0.834473,-152.832031,78.063965,-70.800781
1896,-0.059570,-0.547363,0.798340,-172.180176,86.975098,-60.852051
1897,-0.113281,-0.583496,0.742188,-180.847168,84.960938,-55.053711
1898,-0.064453,-0.680664,0.495117,-161.804199,80.932617,-41.198730
1899,0.015625,-0.669922,0.622070,-140.991211,71.228027,-25.512695
1900,0.007324,-0.776855,0.699707,-138.366699,52.185059,-8.117676
1901,-0.063965,-0.878906,0.628418,-143.188477,38.818359,-5.493164
1902,-0.104004,-0.803223,0.640625,-155.822754,32.104492,-18.554688
1903,-0.097168,-0.768066,0.672363,-166.870117,29.724121,-19.226074
1904,-0.107910,-0.791016,0.594238,-175.292969,27.038574,-17.639160
1905,-0.125488,-0.850586,0.457520,-150.268555,21.728516,-14.709473
1906,-0.111328,-0.864746,0.499512,-138.305664,16.784668,-9.277344
1907,-0.084961,-0.880371,0.642578,-148.193359,5.920410,-3.784180
1908,-0.049805,-0.930176,0.427246,-211.547852,-17.028809,-1.220703
1909,-0.013672,-0.920898,0.273926,-208.251953,-19.287109,-1.281738
1910,-0.007812,-0.957031,0.104980,-181.030273,-20.812988,-5.065918
1911,-0.002441,-0.964844,0.227051,-123.718262,-28.503418,-10.498047
1912,-0.042480,-1.003906,0.227051,-105.712891,-30.334473,-13.122559
1913,-0.038574,-0.982910,0.214844,-102.294922,-33.020020,-23.864746
1914,-0.017578,-0.968750,0.187988,-102.294922,-39.916992,-22.766113
1915,-0.017090,-0.966309,0.178711,-100.830078,-52.185059,-14.343262
1916,-0.059570,-0.982422,0.172363,-103.698730,-60.241699,-7.263184
1917,-0.070801,-1.008789,0.131348,-113.647461,-67.138672,-9.643555
1918,-0.088867,-1.075684,0.010254,-120.056152,-60.668945,-20.263672
1919,-0.039062,-1.033203,0.049316,-129.455566,-46.264648,-30.944824
1920,-0.025391,-1.039551,0.167969,-160.766602,-45.593262,-36.254883
1921,-0.020020,-1.043945,0.097656,-170.043945,-47.851562,-42.968750
1922,-0.035156,-1.022461,0.047363,-175.903320,-53.161621,-47.973633
1923,-0.070312,-1.004395,-0.143066,-174.987793,-60.119629,-65.307617
1924,-0.009766,-0.925293,-0.208496,-172.119141,-56.152344,-70.495605
1925,0.004883,-0.917480,-0.185547,-174.865723,-54.260254,-71.594238
1926,0.003906,-0.931641,-0.226562,-182.006836,-53.588867,-75.866699
1927,0.057129,-0.922363,-0.280762,-195.922852,-46.264648,-85.388184
1928,0.070801,-0.941406,-0.337402,-198.364258,-41.748047,-93.872070
1929,0.088867,-0.939453,-0.423340,-194.030762,-33.508301,-107.849121
1930,0.162598,-0.846191,-0.477539,-169.799805,-15.869141,-130.310059
1931,0.148926,-0.828613,-0.520508,-151.000977,-10.437012,-133.666992
1932,0.138672,-0.815430,-0.529785,-124.572754,-10.253906,-130.859375
1933,0.127930,-0.832520,-0.479980,-101.562500,-16.540527,-127.502441
1934,0.197754,-0.811523,-0.480469,-89.477539,-32.043457,-124.877930
1935,0.251953,-0.765625,-0.500488,-100.341797,-29.602051,-121.948242
1936,0.283691,-0.611816,-0.622559,-122.131348,-17.028809,-111.267090
1937,0.268066,-0.649414,-0.613770,-127.258301,-4.760742,-102.111816
1938,0.236328,-0.734375,-0.567383,-127.868652,-3.295898,-103.271484
1939,0.213867,-0.777832,-0.557129,-130.859375,-4.394531,-113.342285
1940,0.247559,-0.770508,-0.503906,-144.958496,-14.160156,-144.897461
1941,0.258789,-0.707031,-0.516113,-146.911621,-29.541016,-156.433105
1942,0.328125,-0.573730,-0.666992,-139.770508,-42.663574,-156.494141
1943,0.378906,-0.549316,-0.723633,-131.225586,-39.306641,-151.428223
1944,0.407227,-0.534180,-0.750488,-122.436523,-33.996582,-149.719238
1945,0.421387,-0.421387,-0.790039,-112.609863,-18.432617,-152.526855
1946,0.402344,-0.360352,-0.747070,-117.004395,-7.995605,-149.414062
1947,0.387695,-0.287598,-0.773926,-122.436523,-0.976562,-141.845703
1948,0.379395,-0.267578,-0.772461,-114.562988,-1.647949,-133.666992
1949,0.486816,-0.244141,-0.766113,-111.328125,-19.165039,-115.600586
1950,0.552246,-0.190430,-0.805664,-120.361328,-27.526855,-95.214844
1951,0.529785,-0.273438,-0.915039,-127.319336,-27.770996,-66.650391
1952,0.541504,-0.228027,-0.847656,-132.019043,-19.409180,-59.570312
1953,0.501465,-0.177734,-0.821777,-138.244629,-13.671875,-52.673340
1954,0.440430,-0.088379,-0.805664,-137.390137,-14.404297,-36.437988
1955,0.454590,-0.119629,-0.735352,-142.456055,-23.437500,-26.611328
1956,0.435059,-0.195801,-0.761230,-148.925781,-37.841797,-22.094727
1957,0.456055,-0.221191,-0.847656,-160.888672,-69.885254,-29.174805
1958,0.470215,-0.149414,-0.899902,-153.137207,-82.336426,-34.179688
1959,0.484863,0.065918,-0.914551,-126.220703,-104.736328,-22.216797
1960,0.481934,0.077637,-1.151855,-95.153809,-100.036621,-8.666992
1961,0.502930,0.157227,-1.001953,-61.462402,-98.266602,8.544922
1962,0.478516,0.168945,-0.989746,-36.499023,-104.614258,28.503418
1963,0.304199,0.083008,-0.977051,-16.601562,-107.055664,47.241211
1964,0.292480,0.148438,-1.034180,-15.441895,-104.858398,52.917480
1965,0.299805,0.175293,-1.005859,-4.089355,-103.576660,64.208984
1966,0.230469,0.111816,-0.912109,32.958984,-128.356934,96.252441
1967,0.220703,0.044434,-0.942871,44.616699,-136.230469,106.506348
1968,0.206543,-0.054199,-0.991211,45.227051,-133.850098,113.708496
1969,0.189453,-0.093750,-0.960449,27.526855,-122.985840,114.074707
1970,0.066895,-0.143555,-0.911133,-39.733887,-95.947266,94.421387
1971,0.041992,-0.108398,-0.883301,-60.668945,-92.468262,78.979492
1972,0.061523,-0.065430,-0.927246,-65.917969,-94.299316,68.786621
1973,0.090820,-0.017090,-1.014648,-53.283691,-98.632812,65.551758
1974,0.109863,-0.042969,-1.158691,-5.126953,-98.449707,65.002441
1975,0.124512,-0.034668,-1.168457,12.145996,-90.637207,64.025879
1976,0.100586,-0.032227,-1.187500,25.024414,-77.636719,64.086914
1977,0.055664,0.143066,-1.035156,43.640137,-49.926758,69.824219
1978,-0.030762,0.085938,-0.916992,38.635254,-47.607422,74.951172
1979,-0.094238,-0.018555,-0.871094,28.015137,-53.588867,69.519043
1980,-0.104492,-0.038086,-0.874512,15.197754,-57.617188,62.377930
1981,-0.087891,-0.021484,-0.827148,-19.104004,-64.331055,55.603027
1982,-0.074219,-0.012695,-0.852051,-35.095215,-70.617676,54.077148
1983,-0.070312,-0.033691,-0.963867,-43.212891,-74.584961,54.443359
1984,-0.078125,-0.075684,-1.284668,-7.812500,-68.664551,51.818848
1985,-0.040039,-0.031250,-1.347656,28.442383,-53.833008,51.879883
1986,-0.028320,0.003906,-1.273926,63.781738,-36.804199,54.504395
1987,-0.054688,0.058594,-1.063965,110.778809,-18.920898,68.847656
1988,-0.095215,0.089355,-1.039062,121.276855,-12.329102,78.552246
1989,-0.086426,0.153320,-0.914551,151.550293,-23.254395,114.624023
1990,-0.079102,0.182129,-0.907715,169.128418,-34.545898,138.732910
1991,-0.081055,0.193848,-0.936035,197.692871,-47.912598,169.738770
1992,-0.121582,0.089355,-0.953125,236.572266,-59.326172,201.110840
1993,-0.129883,-0.115723,-1.067383,282.226562,-52.917480,237.182617
1994,-0.180664,-0.189941,-1.111328,303.466797,-26.550293,247.680664
1995,-0.257812,-0.229492,-1.104004,331.237793,2.441406,254.516602
1996,-0.379883,-0.379395,-0.931152,400.451660,38.940430,244.323730
1997,-0.399414,-0.410156,-0.789062,427.368164,47.485352,228.881836
1998,-0.398438,-0.418457,-0.619629,442.077637,57.373047,214.599609
1999,-0.447266,-0.514160,-0.114258,369.323730,43.762207,182.678223
2000,-0.491699,-0.512695,-0.160156,279.785156,33.813477,175.659180
2001,-0.493164,-0.609375,-0.332031,186.462402,27.221680,172.668457
2002,-0.471680,-0.741699,-0.497070,106.384277,29.113770,163.757324
2003,-0.397949,-0.581055,-0.610840,55.603027,14.831543,135.009766
2004,-0.399414,-0.508789,-0.853516,123.107910,-1.098633,142.517090
2005,-0.399902,-0.655762,-0.716797,166.503906,4.089355,135.925293
2006,-0.389648,-0.613281,-0.691895,191.589355,10.742188,123.535156
2007,-0.440430,-0.602539,-0.585449,248.779297,15.380859,122.802734
2008,-0.617676,-0.777344,-0.465332,275.756836,5.676270,110.473633
2009,-0.707520,-0.894043,-0.318359,283.142090,-9.277344,87.341309
2010,-0.700195,-0.930176,-0.020020,165.893555,-13.305664,63.171387
2011,-0.642578,-0.894043,-0.133789,107.971191,-17.639160,57.922363
2012,-0.589355,-0.904297,-0.256836,90.148926,-25.634766,47.363281
2013,-0.511719,-0.813477,-0.385254,159.301758,-57.250977,17.700195
2014,-0.553223,-0.849121,-0.329590,203.491211,-72.326660,6.042480
2015,-0.575684,-0.868652,-0.188477,223.327637,-87.890625,-8.300781
2016,-0.568848,-0.884766,-0.068359,221.191406,-105.834961,-21.789551
2017,-0.611816,-0.851074,-0.069824,178.039551,-126.037598,-40.161133
2018,-0.604492,-0.885254,0.018066,154.357910,-139.221191,-41.015625
2019,-0.611328,-0.997559,0.012207,133.666992,-154.418945,-48.828125
2020,-0.554199,-1.083008,0.073242,100.585938,-161.132812,-80.444336
2021,-0.535156,-1.093262,0.152832,84.228516,-158.935547,-98.449707
2022,-0.534180,-1.073730,0.166016,73.913574,-156.250000,-119.201660
2023,-0.543945,-0.975098,-0.092285,112.182617,-155.700684,-167.175293
2024,-0.495117,-0.944824,-0.149414,159.667969,-152.465820,-188.720703
2025,-0.420898,-0.919922,-0.072266,211.242676,-157.897949,-200.988770
2026,-0.199219,-0.846680,0.364258,243.652344,-200.622559,-189.819336
2027,-0.157227,-0.891602,0.456543,201.416016,-221.984863,-177.246094
2028,-0.157227,-0.872070,0.499512,146.728516,-231.201172,-173.034668
2029,-0.124023,-0.756836,0.504395,95.642090,-229.064941,-172.607422
2030,-0.295898,-0.868652,0.254395,22.521973,-174.316406,-139.587402
2031,-0.252930,-0.817871,0.201660,8.911133,-135.131836,-155.883789
2032,-0.085938,-0.768066,0.222168,15.563965,-111.389160,-153.442383
2033,0.015137,-0.767090,0.295410,31.677246,-104.370117,-148.010254
2034,-0.092285,-0.886230,0.546387,53.649902,-116.699219,-154.357910
2035,-0.182129,-0.973145,0.666504,46.447754,-129.882812,-180.114746
2036,0.056152,-0.921387,0.613770,3.845215,-138.610840,-228.332520
2037,0.166016,-0.817383,0.549316,-27.709961,-123.718262,-230.590820
2038,0.250000,-0.724609,0.530762,-61.767578,-108.032227,-219.970703
2039,0.269043,-0.689941,0.450195,-127.929688,-78.308105,-202.941895
2040,0.146484,-0.752441,0.376465,-151.367188,-65.124512,-212.890625
2041,0.140625,-0.751465,0.374512,-174.316406,-50.170898,-231.140137
2042,0.250000,-0.702148,0.354980,-214.233398,-16.845703,-278.137207
2043,0.447266,-0.667480,0.204102,-218.261719,-19.104004,-288.574219
2044,1.192383,-0.301270,-0.457520,-158.508301,-43.090820,-258.666992
2045,0.837402,-0.994629,0.143066,30.822754,-44.738770,-123.474121
2046,0.784180,-0.866211,0.547363,-11.352539,-33.020020,-110.595703
2047,0.910156,-0.666992,0.473145,-65.917969,-34.179688,-87.890625
2048,0.844238,-0.844727,0.441895,-143.615723,-42.968750,-33.691406
2049,0.894531,-0.757324,0.458984,-190.124512,-46.630859,-4.272461
2050,0.854492,-0.780273,0.333008,-223.266602,-61.584473,29.907227
2051,0.544434,-0.684570,0.201172,-263.305664,-100.952148,57.006836
2052,0.550781,-0.630859,0.009277,-272.949219,-115.966797,62.255859
2053,0.570801,-0.564453,-0.059570,-270.446777,-123.779297,67.810059
2054,0.510742,-0.613770,-0.121094,-253.723145,-127.014160,74.768066
2055,0.557617,-0.657715,-0.189941,-249.084473,-123.779297,76.538086
2056,0.572266,-0.713379,-0.274414,-242.004395,-122.253418,80.444336
2057,0.542480,-0.694824,-0.348633,-238.403320,-119.689941,90.393066
2058,0.495605,-0.653320,-0.367676,-237.304688,-129.394531,98.937988
2059,0.420898,-0.612305,-0.405273,-233.459473,-141.601562,104.858398
2060,0.392090,-0.588379,-0.523926,-229.309082,-147.583008,114.685059
2061,0.415039,-0.619141,-0.549316,-229.003906,-139.526367,120.361328
2062,0.431152,-0.662598,-0.597656,-233.215332,-131.408691,124.084473
2063,0.442871,-0.652344,-0.687012,-235.473633,-123.596191,121.704102
2064,0.405273,-0.543945,-0.953613,-209.960938,-80.566406,114.501953
2065,0.375977,-0.493164,-1.029297,-191.284180,-49.133301,123.413086
2066,0.380859,-0.419922,-0.987305,-169.006348,-19.836426,133.911133
2067,0.305664,-0.429688,-0.863281,-161.499023,-1.342773,161.315918
2068,0.240723,-0.441895,-0.869141,-166.442871,-4.333496,170.959473
2069,0.203125,-0.449707,-0.815918,-167.480469,-10.986328,175.354004
2070,0.178711,-0.488281,-0.731934,-167.358398,-20.629883,171.447754
2071,0.082520,-0.554688,-0.708984,-178.344727,-37.170410,132.019043
2072,0.047363,-0.567871,-0.853516,-192.504883,-43.579102,101.989746
2073,0.073730,-0.392090,-0.934082,-239.929199,-51.269531,60.241699
2074,0.120117,-0.094238,-0.882812,-255.126953,-65.551758,63.110352
2075,0.093750,-0.154297,-0.987793,-245.849609,-81.054688,76.538086
2076,0.125488,0.026855,-0.729980,-255.859375,-113.037109,90.820312
2077,0.055664,0.101074,-0.816406,-258.666992,-122.680664,104.309082
2078,0.038574,0.047852,-1.010254,-243.530273,-120.483398,113.952637
2079,0.134277,-0.082031,-1.220703,-156.311035,-61.889648,107.788086
2080,0.122559,-0.066406,-1.175293,-112.792969,-31.311035,102.905273
2081,0.061035,0.067871,-1.194824,-75.744629,-0.427246,93.078613
2082,-0.068848,0.122559,-0.856934,-46.936035,-10.986328,84.960938
2083,-0.046387,0.079102,-0.969238,-26.184082,-31.860352,73.791504
2084,-0.010254,0.041504,-0.882324,-4.089355,-44.555664,68.054199
2085,-0.057129,0.013672,-0.916504,9.277344,-51.635742,65.124512
2086,-0.079590,0.055176,-0.897461,4.211426,-46.630859,69.396973
2087,-0.072266,0.067383,-0.888672,-14.831543,-50.170898,79.650879
2088,-0.101562,0.010254,-0.939941,-55.847168,-68.664551,94.665527
2089,-0.080566,0.000488,-0.987793,-55.358887,-79.162598,93.139648
2090,-0.038574,0.050781,-1.020508,-55.419922,-81.665039,97.473145
2091,-0.065918,0.068848,-1.049805,-54.443359,-79.895020,105.529785
2092,-0.118652,0.018555,-1.031250,-49.316406,-63.354492,123.474121
2093,-0.146973,-0.041504,-1.025879,-43.395996,-53.100586,122.863770
2094,-0.155273,-0.116211,-1.081543,-23.925781,-44.311523,112.243652
2095,-0.136230,0.001465,-1.495605,64.147949,-12.695312,82.031250
2096,-0.156250,0.047852,-1.420410,130.737305,3.601074,74.645996
2097,-0.177246,0.098145,-1.284180,182.556152,7.019043,66.284180
2098,-0.193359,0.213867,-1.221680,213.500977,5.737305,62.500000
2099,-0.296387,0.136719,-0.968262,219.665527,1.831055,74.035645
2100,-0.292969,-0.090820,-0.954590,219.238281,-5.432129,63.659668
2101,-0.263672,-0.239258,-0.963379,228.210449,-11.413574,43.151855
2102,-0.231934,-0.249023,-0.927734,232.116699,-16.235352,6.530762
2103,-0.217773,-0.231934,-0.906738,214.904785,-21.667480,-0.671387
2104,-0.206055,-0.292480,-0.945312,183.471680,-43.334961,3.967285
2105,-0.200195,-0.349121,-1.007324,184.326172,-48.583984,9.216309
2106,-0.192871,-0.398438,-1.058594,203.063965,-47.668457,12.512207
2107,-0.183105,-0.434570,-1.089844,235.290527,-37.414551,11.108398
2108,-0.147949,-0.405762,-1.027832,306.274414,-2.075195,-3.417969
2109,-0.139648,-0.386719,-0.930664,331.909180,9.948730,-6.103516
2110,-0.185059,-0.425781,-0.666992,344.848633,5.676270,6.896973
2111,-0.184082,-0.467285,-0.582520,335.327148,-1.220703,20.446777
2112,-0.176758,-0.528320,-0.400879,285.766602,-18.798828,51.574707
2113,-0.179199,-0.593750,-0.351074,256.896973,-37.109375,66.162109
2114,-0.182617,-0.631348,-0.355957,231.628418,-55.297852,77.941895
2115,-0.198242,-0.687012,-0.382812,213.500977,-64.208984,88.989258
2116,-0.305176,-0.869141,-0.470215,192.932129,-49.011230,95.153809
2117,-0.443848,-0.972656,-0.569824,186.401367,-26.977539,79.956055
2118,-0.580078,-0.965332,-0.358887,177.062988,12.390137,16.540527
2119,-0.547852,-0.852051,-0.229980,161.376953,9.887695,-11.108398
2120,-0.476562,-0.802246,-0.195801,145.080566,-6.225586,-23.010254
2121,-0.395508,-0.787598,-0.211914,133.422852,-26.123047,-19.836426
2122,-0.333984,-0.827637,-0.268555,125.488281,-39.978027,-8.300781
2123,-0.362793,-0.994141,-0.262207,131.347656,-45.227051,1.098633
2124,-0.378418,-0.989258,-0.195801,132.202148,-49.560547,-4.882812
2125,-0.368164,-0.952148,-0.183594,135.864258,-59.509277,-11.413574
2126,-0.341309,-0.933594,-0.274414,161.926270,-67.565918,-19.958496
2127,-0.329102,-0.919922,-0.177734,176.879883,-65.368652,-23.376465
2128,-0.313965,-0.900879,-0.038086,178.833008,-66.467285,-27.832031
2129,-0.280273,-0.871094,0.063477,167.785645,-69.519043,-30.822754
2130,-0.227539,-0.900391,0.061035,137.878418,-71.289062,-22.644043
2131,-0.256836,-0.936523,0.044922,136.962891,-71.044922,-15.441895
2132,-0.312012,-0.970703,0.081055,140.625000,-74.707031,-11.779785
2133,-0.360840,-1.126465,0.261230,125.000000,-101.074219,-27.404785
2134,-0.416016,-1.153320,0.261230,106.201172,-118.774414,-45.288086
2135,-0.317383,-1.089355,0.218262,87.951660,-135.070801,-63.842773
2136,-0.208496,-1.013672,0.083984,72.692871,-139.038086,-74.279785
2137,-0.112305,-0.844238,0.124512,42.846680,-124.572754,-73.486328
2138,-0.097656,-0.854980,0.209473,30.334473,-124.267578,-64.636230
2139,-0.109863,-0.909668,0.325684,14.465332,-132.263184,-61.340332
2140,-0.119629,-0.984863,0.419922,-57.617188,-159.790039,-86.730957
2141,-0.181152,-1.032227,0.499512,-112.915039,-170.166016,-108.276367
2142,-0.278320,-1.035645,0.380859,-164.245605,-173.889160,-131.652832
2143,-0.250488,-0.879883,0.203125,-222.595215,-162.902832,-152.770996
2144,-0.173340,-0.840820,0.152344,-239.501953,-157.531738,-151.000977
2145,-0.122070,-0.911621,0.007324,-250.915527,-148.132324,-151.733398
2146,-0.068848,-0.934082,-0.031250,-257.934570,-130.554199,-161.560059
2147,-0.024414,-0.837402,-0.056641,-266.174316,-96.313477,-191.955566
2148,0.002930,-0.809082,-0.097656,-270.812988,-80.627441,-210.632324
2149,0.042969,-0.900879,-0.349609,-261.474609,-39.306641,-256.835938
2150,0.042480,-0.968262,-0.399414,-243.591309,-6.958008,-287.658691
2151,0.108887,-0.967773,-0.392578,-218.444824,18.859863,-318.298340
2152,0.304688,-0.792480,-0.381836,-181.274414,34.179688,-338.684082
2153,0.469727,-0.628906,-0.408691,-140.686035,34.729004,-335.815430
2154,0.465332,-0.704102,-0.487793,-59.326172,28.686523,-313.720703
2155,0.512695,-0.679199,-0.487793,-22.766113,25.939941,-306.823730
2156,0.751465,-0.590332,-0.291992,34.729004,0.061035,-263.977051
2157,0.857422,-0.573730,-0.228027,42.541504,-21.423340,-230.102539
2158,0.887207,-0.578125,-0.313477,36.682129,-34.851074,-203.308105
2159,0.838379,-0.606445,-0.391113,21.362305,-33.142090,-182.067871
2160,0.697266,-0.513184,-0.320312,-18.249512,-24.963379,-141.723633
2161,0.660156,-0.497559,-0.304199,-36.804199,-33.142090,-120.300293
2162,0.653320,-0.536133,-0.354980,-48.889160,-41.748047,-102.233887
2163,0.676270,-0.527344,-0.436523,-57.800293,-36.010742,-83.251953
2164,0.724609,-0.440918,-0.387207,-66.589355,-26.733398,-71.960449
2165,0.760254,-0.365234,-0.358887,-75.805664,-20.568848,-57.067871
2166,0.812012,-0.359375,-0.316895,-105.163574,-39.062500,-18.676758
2167,0.819336,-0.410156,-0.387695,-115.661621,-59.448242,0.671387
2168,0.841797,-0.443359,-0.449707,-116.882324,-80.505371,17.456055
2169,0.858398,-0.408691,-0.534180,-115.112305,-118.041992,49.682617
2170,0.795898,-0.400879,-0.569824,-118.896484,-130.065918,64.758301
2171,0.701172,-0.377930,-0.567383,-145.324707,-140.991211,91.430664
2172,0.654785,-0.313965,-0.560547,-163.879395,-145.446777,108.398438
2173,0.601074,-0.281250,-0.565918,-180.969238,-150.695801,127.624512
2174,0.556152,-0.265137,-0.615723,-189.941406,-158.508301,152.526855
2175,0.520996,-0.312500,-0.693848,-187.622070,-157.409668,152.648926
2176,0.508301,-0.326172,-0.743164,-187.255859,-153.625488,146.240234
2177,0.469727,-0.328613,-0.800293,-186.218262,-148.925781,135.986328
2178,0.366211,-0.295898,-0.838867,-174.438477,-151.855469,115.295410
2179,0.327637,-0.263672,-0.820312,-167.236328,-160.522461,103.820801
2180,0.281250,-0.242676,-0.832031,-164.855957,-165.954590,91.369629
2181,0.246582,-0.182129,-0.889648,-168.334961,-154.235840,66.894531
2182,0.261230,-0.142578,-0.961914,-163.696289,-140.319824,57.800293
2183,0.227051,-0.144531,-1.056641,-151.245117,-124.389648,49.743652
2184,0.110840,-0.242188,-1.209473,-114.929199,-103.881836,25.146484
2185,0.102051,-0.229492,-1.162109,-100.708008,-91.613770,7.995605
2186,0.182617,-0.083008,-0.948242,-90.759277,-73.181152,-15.686035
2187,0.231934,0.041992,-0.895996,-80.505371,-72.814941,-14.953613
2188,0.173340,-0.099121,-0.972656,-66.894531,-63.293457,-12.512207
2189,0.159668,0.052246,-0.899902,-85.327148,-63.354492,-4.272461
2190,0.101074,0.088379,-0.927734,-101.135254,-69.824219,7.995605
2191,-0.002930,0.081055,-1.011719,-101.501465,-96.008301,28.808594
2192,0.000000,0.054199,-1.031738,-92.346191,-107.299805,32.958984
2193,-0.014160,-0.017578,-0.998047,-82.275391,-111.816406,29.357910
2194,0.000977,-0.089844,-1.014648,-66.162109,-102.478027,-0.549316
2195,0.026855,-0.035645,-1.005371,-66.284180,-92.346191,-16.296387
2196,0.041016,0.013672,-0.952148,-69.946289,-85.327148,-25.268555
2197,-0.005371,0.077148,-0.901367,-72.631836,-85.693359,-31.738281
2198,-0.153320,0.128906,-0.925293,-77.697754,-95.886230,-35.339355
2199,-0.185059,0.143066,-1.026855,-86.669922,-92.834473,-34.912109
2200,-0.183594,0.096191,-1.086914,-98.571777,-79.895020,-34.667969
2201,-0.152344,0.133301,-1.256836,-123.901367,-54.504395,-46.264648
2202,-0.171875,0.235840,-1.308105,-94.421387,-45.410156,-48.278809
2203,-0.201660,0.358887,-1.207520,-63.964844,-30.517578,-40.405273
2204,-0.205566,0.394043,-1.013672,-36.132812,4.943848,-10.253906
2205,-0.167480,0.354492,-0.931641,-25.146484,10.070801,3.906250
2206,-0.116211,0.274414,-0.867188,-17.272949,8.605957,10.742188
2207,-0.081055,0.235840,-0.808594,-13.244629,4.333496,8.422852
2208,-0.072754,0.252930,-0.762207,-1.708984,-18.493652,-1.464844
2209,-0.071777,0.275391,-0.750977,0.488281,-37.353516,-0.366211
2210,-0.113281,0.305176,-0.701660,-9.338379,-56.884766,4.333496
2211,-0.254883,0.322754,-0.650879,-46.752930,-104.187012,18.920898
2212,-0.265625,0.306152,-0.684082,-55.664062,-127.502441,22.766113
2213,-0.226074,0.268555,-0.746582,-60.058594,-143.249512,20.935059
2214,-0.227051,0.255371,-0.797363,-62.866211,-153.198242,14.282227
2215,-0.360840,0.299805,-0.952148,-69.335938,-151.489258,13.793945
2216,-0.455566,0.285645,-1.067871,-66.040039,-142.883301,14.465332
2217,-0.527344,0.206055,-1.484863,-36.071777,-111.877441,1.220703
2218,-0.484863,0.217773,-0.889648,26.794434,-32.104492,-50.109863
2219,-0.381348,0.314453,-0.537598,16.601562,-34.851074,-59.814453
2220,-0.395508,0.321777,-0.495117,0.000000,-60.485840,-56.335449
2221,-0.418457,0.378418,-0.656738,-51.330566,-123.046875,-34.973145
2222,-0.490723,0.305664,-0.865234,-82.092285,-134.460449,-22.827148
2223,-0.554199,0.237793,-1.058594,-88.012695,-134.765625,-23.132324
2224,-0.501953,0.247559,-1.141602,-73.486328,-119.445801,-32.592773
2225,-0.333008,0.285645,-0.928711,-33.020020,-71.411133,-51.269531
2226,-0.334961,0.416504,-0.833984,-17.700195,-58.044434,-51.086426
2227,-0.393066,0.538574,-0.683105,20.568848,-35.644531,-31.982422
2228,-0.449707,0.475586,-0.547852,25.878906,-39.306641,-23.742676
2229,-0.489258,0.421387,-0.464355,18.188477,-59.326172,-18.676758
2230,-0.572266,0.334473,-0.516602,-4.211426,-123.718262,-12.878418
2231,-0.547852,0.158691,-0.757324,-18.920898,-137.817383,-12.512207
2232,-0.385254,0.139648,-0.608887,-26.489258,-134.094238,-20.690918
2233,-0.612793,0.198730,-0.926270,-34.484863,-105.895996,-62.377930
2234,-0.619629,0.274902,-0.931152,-8.666992,-75.378418,-80.688477
2235,-0.656738,0.390137,-0.852051,8.117676,-41.259766,-89.477539
2236,-0.846680,0.565430,-0.675781,25.207520,-7.263184,-77.270508
2237,-0.937500,0.629883,-0.602051,17.761230,-11.901855,-58.654785
2238,-0.967285,0.559082,-0.565918,5.920410,-26.611328,-40.527344
2239,-0.936523,0.446777,-0.637207,11.291504,-44.738770,-28.320312
2240,-0.977051,0.329590,-0.564941,27.954102,-93.505859,10.559082
2241,-0.948730,0.116699,-0.101562,14.404297,-112.182617,26.428223
2242,-0.993164,0.209473,-0.065430,-21.911621,-138.183594,23.132324
2243,-0.694336,0.285156,-0.809570,-3.112793,-119.384766,5.187988
2244,-0.620117,0.241699,-0.924316,31.494141,-93.200684,12.145996
2245,-0.699707,0.020508,-0.875000,43.334961,-53.955078,8.605957
2246,-0.751953,0.101562,-0.577637,2.014160,-6.958008,-23.986816
2247,-0.764160,0.270020,-0.586426,-7.568359,-7.995605,-23.925781
2248,-0.793457,0.335938,-0.516113,-11.474609,-18.066406,-10.131836
2249,-0.885742,0.255371,-0.317383,-43.640137,-69.091797,11.352539
2250,-0.974609,0.248047,-0.246582,-47.668457,-111.022949,7.812500
2251,-0.985352,0.137695,-0.328125,-51.086426,-142.517090,-1.403809
2252,-0.912109,0.098145,-0.460938,-55.541992,-148.742676,-17.395020
2253,-0.880859,0.319336,-0.719727,-41.625977,-108.276367,-22.949219
2254,-0.972656,0.381836,-0.685547,-27.954102,-78.125000,-8.300781
2255,-1.031738,0.380859,-0.604980,-18.188477,-51.574707,11.718750
2256,-0.951660,0.358398,-0.424316,-15.502930,-30.395508,37.414551
2257,-0.857910,0.352539,-0.460449,-2.014160,-32.165527,41.015625
2258,-0.856934,0.227539,-0.470215,13.061523,-30.273438,37.292480
2259,-0.879395,0.145020,-0.364258,28.198242,-30.212402,24.719238
2260,-0.864746,0.158691,-0.187988,-1.770020,-50.354004,-10.375977
2261,-0.832520,0.300781,-0.201660,-2.746582,-108.032227,-30.212402
2262,-0.823242,0.267578,-0.266602,-2.014160,-130.737305,-36.193848
2263,-0.920898,0.322266,-0.415039,6.591797,-135.620117,-39.184570
2264,-1.000488,0.452148,-0.208984,-12.878418,-113.952637,-4.638672
2265,-1.029297,0.426758,-0.095703,-35.400391,-105.163574,10.192871
2266,-0.985840,0.435059,-0.066406,-47.180176,-106.262207,16.113281
2267,-0.982422,0.389648,-0.004883,-53.283691,-118.469238,17.822266
2268,-1.012695,0.359863,-0.060547,-82.092285,-130.432129,7.263184
2269,-1.080566,0.395508,-0.064453,-91.552734,-125.915527,3.295898
2270,-1.213379,0.400879,0.047852,-95.825195,-127.380371,-1.831055
2271,-1.249512,0.458984,0.167969,-139.465332,-141.418457,-25.695801
2272,-1.213379,0.301758,0.107910,-177.612305,-151.489258,-48.278809
2273,-0.932617,0.389648,0.161621,-185.363770,-146.057129,-93.994141
2274,-0.819336,0.374512,0.293457,-204.467773,-145.080566,-99.487305
2275,-0.779785,0.365723,0.354492,-225.891113,-154.968262,-93.261719
2276,-0.840820,0.366211,0.275391,-235.900879,-172.119141,-79.284668
2277,-0.997070,0.210938,0.027832,-168.090820,-184.814453,-51.086426
2278,-1.052734,0.145020,0.069336,-144.042969,-173.034668,-36.499023
2279,-1.048340,0.094727,0.230957,-123.718262,-155.822754,-16.296387
2280,-1.029297,0.052246,0.293945,-112.670898,-160.400391,-19.042969
2281,-1.014648,0.046875,0.356934,-108.093262,-168.151855,-26.245117
2282,-0.965332,0.080566,0.451172,-122.009277,-183.227539,-33.203125
2283,-0.911621,0.055664,0.478516,-125.610352,-196.411133,-36.254883
2284,-0.781250,0.049316,0.504883,-126.953125,-213.806152,-39.245605
2285,-0.765137,-0.024902,0.582520,-131.591797,-234.680176,-38.879395
2286,-0.790039,0.035645,0.360840,-129.394531,-245.666504,-19.836426
2287,-0.705566,0.063965,0.344727,-96.679688,-229.614258,6.286621
2288,-0.560059,0.038574,0.332520,-51.940918,-202.819824,28.869629
2289,-0.613770,-0.150879,0.565918,-13.427734,-144.714355,29.785156
2290,-0.616699,-0.133301,0.631836,-24.414062,-124.145508,18.737793
2291,-0.565918,-0.076660,0.694824,-41.137695,-111.145020,14.587402
2292,-0.535645,0.016113,0.797852,-44.982910,-112.731934,39.489746
2293,-0.573242,0.036133,0.884766,-40.100098,-126.403809,59.509277
2294,-0.565918,0.088379,1.144043,-45.410156,-185.119629,92.346191
2295,-0.555664,0.069336,1.171387,-58.227539,-226.562500,103.576660
2296,-0.667480,0.025879,0.966309,-60.180664,-264.404297,95.092773
2297,-0.593262,-0.165039,0.923828,-75.378418,-274.902344,83.312988
2298,-0.569824,-0.193359,0.730469,-23.437500,-270.812988,66.101074
2299,-0.460449,-0.150879,0.814941,7.690430,-264.038086,51.574707
2300,-0.375000,-0.125977,0.897461,17.089844,-251.708984,46.020508
2301,-0.273438,-0.037598,0.958496,4.333496,-232.666016,43.945312
2302,-0.222656,-0.006836,0.966797,1.159668,-230.529785,45.654297
2303,-0.159180,0.008789,1.015625,3.601074,-235.473633,48.889160
2304,-0.146973,0.148438,1.312012,3.295898,-246.093750,34.545898
2305,-0.070801,0.068848,1.303711,-16.357422,-233.886719,19.165039
2306,-0.028320,0.062012,1.215332,-26.428223,-227.600098,14.526367
2307,0.041992,0.059082,0.931641,-53.405762,-200.256348,15.563965
2308,0.189941,-0.074219,0.464844,-85.205078,-94.909668,18.432617
2309,0.195801,-0.134277,0.552246,-58.166504,-55.664062,24.353027
2310,0.178223,-0.135254,0.818359,-2.563477,-32.409668,27.343750
2311,0.184082,-0.063477,0.894531,15.991211,-35.156250,27.770996
2312,0.221191,-0.069336,0.964355,28.747559,-36.560059,27.160645
2313,0.267090,-0.093750,1.061523,26.123047,-32.897949,25.329590
2314,0.217285,-0.050781,1.338379,1.220703,-56.152344,11.535645
2315,0.159668,0.035156,1.358887,-13.549805,-92.346191,8.178711
2316,0.128418,0.027832,1.371094,-27.099609,-133.789062,11.352539
2317,0.102051,-0.045410,1.065918,-66.223145,-209.472656,19.287109
2318,0.073730,-0.135254,0.639648,-78.613281,-183.654785,12.145996
2319,0.183594,-0.166016,0.714355,-64.819336,-150.024414,1.342773
2320,0.295410,-0.175781,0.818359,0.061035,-156.250000,-5.676270
2321,0.336426,-0.131836,0.933105,14.465332,-154.357910,-2.563477
2322,0.395020,-0.103027,0.960938,5.432129,-145.751953,5.065918
2323,0.474609,-0.144531,0.850098,-24.414062,-126.098633,10.131836
2324,0.598145,-0.248535,0.535156,-63.964844,-65.185547,-3.540039
2325,0.607910,-0.236816,0.572266,-40.344238,-46.997070,-15.808105
2326,0.497559,-0.140137,0.866699,40.405273,-71.166992,-30.639648
2327,0.465820,-0.062500,0.974609,51.940918,-91.003418,-20.996094
2328,0.530273,0.017578,0.875000,44.250488,-100.402832,-2.197266
2329,0.640137,-0.015137,0.700684,34.851074,-90.820312,22.888184
2330,0.627441,-0.148438,0.702148,24.536133,-65.673828,45.593262
2331,0.647949,-0.145996,0.704590,39.306641,-70.739746,52.124023
2332,0.654785,-0.158203,0.768066,57.678223,-83.496094,59.326172
2333,0.643066,-0.105957,0.849121,71.166992,-103.271484,72.509766
2334,0.622559,-0.128906,0.759766,68.908691,-97.717285,76.965332
2335,0.545410,-0.278320,0.603027,73.303223,-62.744141,65.307617
2336,0.541016,-0.266602,0.576660,81.054688,-42.724609,51.757812
2337,0.559082,-0.161621,0.783691,86.730957,-25.756836,28.991699
2338,0.545410,-0.177734,0.952148,99.426270,-49.926758,15.136719
2339,0.554199,-0.122070,1.151367,88.562012,-88.562012,2.014160
2340,0.589844,-0.028320,1.167480,54.687500,-135.559082,-6.652832
2341,0.725586,0.018066,0.732422,14.587402,-194.763184,-10.681152
2342,0.891113,0.082031,0.593262,5.798340,-202.697754,3.295898
2343,0.843750,-0.012695,0.355469,-1.892090,-187.500000,21.728516
2344,0.878418,-0.133301,0.250977,-6.469727,-110.473633,21.362305
2345,0.923340,-0.109375,0.410645,-19.592285,-72.570801,9.826660
2346,0.988770,-0.065918,0.641602,-30.822754,-52.001953,-5.737305
2347,0.997070,0.042480,0.675781,-18.371582,-62.988281,-0.793457
2348,0.918945,0.017090,0.598145,0.061035,-80.200195,5.493164
2349,0.850098,0.018066,0.517578,8.972168,-83.251953,12.817383
2350,0.776367,-0.098633,0.429688,-15.686035,-55.236816,12.268066
2351,0.824219,-0.155762,0.416992,-38.024902,-40.161133,6.286621
2352,0.870605,-0.196777,0.438965,-54.504395,-33.447266,0.000000
2353,0.854004,-0.198242,0.544922,-63.293457,-41.076660,-6.713867
2354,0.793457,-0.041016,0.773926,-85.327148,-99.365234,-6.958008
2355,0.853027,-0.072754,0.663086,-96.679688,-127.746582,-7.507324
2356,0.887695,-0.067383,0.504395,-90.454102,-144.226074,-3.540039
2357,0.975586,-0.080566,0.369141,-51.025391,-142.700195,9.399414
2358,0.973633,-0.134277,0.486816,-55.358887,-139.343262,12.573242
2359,0.969727,-0.134766,0.495117,-73.913574,-145.385742,11.108398
2360,0.956055,-0.160645,0.304199,-99.548340,-169.921875,22.460938
2361,0.928223,-0.169922,0.105957,-108.337402,-171.447754,25.634766
2362,0.901367,-0.170898,-0.028809,-111.755371,-160.522461,29.602051
2363,0.895020,-0.194336,-0.097656,-116.210938,-117.309570,32.958984
2364,0.908691,-0.196289,-0.047363,-121.887207,-93.933105,33.325195
2365,0.952148,-0.213867,0.049316,-135.253906,-73.791504,32.470703
2366,1.100586,-0.212891,-0.071777,-130.187988,-64.880371,26.367188
2367,1.084961,-0.197266,-0.126465,-103.942871,-58.715820,33.874512
2368,1.023438,-0.235352,-0.125000,-78.735352,-48.522949,39.184570
2369,0.896973,-0.318848,-0.064941,-59.814453,-10.864258,25.024414
2370,0.862793,-0.333008,-0.020508,-54.626465,3.601074,10.437012
2371,0.864746,-0.333984,0.095215,-49.865723,11.169434,-1.831055
2372,0.925293,-0.198730,0.459961,-60.241699,-37.170410,-9.155273
2373,0.922363,-0.105469,0.475098,-77.575684,-85.937500,-0.976562
2374,0.916016,-0.009277,0.382812,-96.923828,-132.629395,15.441895
2375,0.897461,0.031250,0.248047,-137.878418,-188.232422,57.189941
2376,0.901367,-0.072754,-0.008789,-144.409180,-202.636719,71.228027
2377,0.828613,-0.257812,-0.039062,-151.306152,-209.899902,75.073242
2378,0.764648,-0.493652,-0.056152,-155.212402,-214.721680,60.974121
2379,0.915527,-0.175293,-0.177246,-90.332031,-243.591309,39.062500
2380,0.904785,-0.114258,-0.179688,-63.537598,-251.342773,49.255371
2381,0.863281,-0.104492,-0.176758,-49.255371,-254.760742,58.105469
2382,0.848145,-0.078125,-0.163574,-46.691895,-257.751465,65.124512
2383,0.724609,-0.043945,-0.173828,-95.642090,-270.385742,93.872070
2384,0.618164,-0.042480,-0.238281,-127.807617,-288.330078,112.060547
2385,0.559570,-0.028320,-0.338379,-142.517090,-316.772461,128.967285
2386,0.423340,-0.050781,-0.603516,-97.229004,-382.751465,169.616699
2387,0.109863,-1.072754,-2.152832,-84.838867,-346.374512,168.640137
2388,-0.003906,-1.279297,-1.912598,-42.541504,-247.619629,106.323242
2389,0.519043,-0.342773,-0.796875,-58.166504,-146.850586,13.122559
2390,0.579102,-0.101074,-0.611816,-86.303711,-131.896973,15.808105
2391,0.464844,-0.097656,-0.633301,-90.393066,-138.916016,28.991699
2392,0.266602,-0.346680,-0.890625,-65.063477,-156.311035,31.127930
2393,0.197266,-0.426758,-0.901367,-58.898926,-157.653809,19.104004
2394,0.292480,-0.312012,-0.919434,-70.617676,-153.625488,6.774902
2395,0.300293,-0.213867,-0.990234,-97.595215,-142.395020,3.784180
2396,0.239746,-0.201172,-1.003418,-104.492188,-131.652832,6.225586
2397,0.185547,-0.185059,-1.024414,-95.947266,-115.417480,3.723145
2398,0.031250,-0.177246,-1.039551,-82.824707,-111.694336,-0.549316
2399,-0.007324,-0.145020,-1.003418,-70.312500,-113.037109,-6.347656
2400,0.001953,-0.131836,-0.937012,-57.006836,-120.178223,-11.657715
2401,-0.023926,-0.172363,-0.882812,-35.217285,-145.202637,-30.029297
2402,-0.028809,-0.162109,-0.892578,-36.254883,-153.991699,-36.865234
2403,-0.016602,-0.103516,-0.939941,-57.617188,-146.667480,-41.992188
2404,-0.028809,-0.074219,-0.960938,-74.768066,-135.375977,-43.640137
2405,-0.031738,-0.063965,-1.000000,-91.064453,-123.229980,-44.799805
2406,-0.017578,-0.017578,-1.087402,-92.956543,-113.159180,-41.259766
2407,-0.029297,0.030273,-1.096191,-80.261230,-117.431641,-38.635254
2408,-0.051270,0.037109,-1.119141,-63.171387,-121.765137,-34.912109
2409,-0.084473,0.024414,-1.120605,-40.893555,-116.821289,-21.911621
2410,-0.166504,0.054688,-1.000488,-36.987305,-112.854004,-13.671875
2411,-0.221680,0.065918,-0.885254,-41.198730,-116.149902,0.488281
2412,-0.246094,0.050293,-0.882812,-48.095703,-119.750977,5.065918
2413,-0.270508,0.046875,-0.886719,-58.776855,-125.854492,8.666992
2414,-0.262207,0.043945,-0.951660,-67.138672,-133.361816,11.047363
2415,-0.315430,0.010254,-0.988770,-66.223145,-145.324707,5.859375
2416,-0.342285,0.016113,-0.947266,-60.546875,-146.911621,-1.586914
2417,-0.363770,0.049316,-0.904297,-53.649902,-144.409180,-9.338379
2418,-0.434082,0.139648,-1.040039,-40.527344,-127.197266,-13.000488
2419,-0.455566,0.150391,-1.105957,-25.939941,-111.083984,-8.300781
2420,-0.450195,0.168457,-1.093750,-14.343262,-70.373535,6.042480
2421,-0.441406,0.208008,-1.007812,-10.314941,-50.903320,16.662598
2422,-0.440918,0.205078,-0.918457,-5.493164,-40.954590,26.184082
2423,-0.469238,0.182129,-0.833984,-2.014160,-42.724609,33.569336
2424,-0.482422,0.145020,-0.789062,-2.807617,-54.138184,39.794922
2425,-0.473145,0.072266,-0.768555,-19.775391,-86.547852,44.189453
2426,-0.456055,0.055664,-0.779297,-27.099609,-98.876953,41.137695
2427,-0.488770,0.037109,-0.881836,-27.526855,-98.571777,17.822266
2428,-0.542969,0.061035,-0.929688,-23.071289,-83.129883,1.525879
2429,-0.571777,0.111816,-0.942383,-17.822266,-63.720703,-12.145996
2430,-0.585938,0.161133,-0.860840,-11.413574,-30.517578,-23.620605
2431,-0.605469,0.162109,-0.832031,-14.831543,-25.695801,-25.085449
2432,-0.644531,0.167480,-0.833008,-14.465332,-22.216797,-23.071289
2433,-0.665039,0.179688,-0.809570,-10.131836,-16.967773,-21.484375
2434,-0.634766,0.272949,-0.731934,-7.995605,-11.230469,-11.718750
2435,-0.615723,0.233887,-0.802734,-2.563477,-2.075195,-5.554199
2436,-0.615234,0.183105,-0.856934,7.141113,14.038086,-4.028320
2437,-0.616699,0.122559,-0.892090,14.770508,32.958984,-7.690430
2438,-0.594727,0.084961,-0.897949,12.023926,68.115234,-23.681641
2439,-0.562012,0.099609,-0.907715,5.981445,81.176758,-30.456543
2440,-0.540527,0.142578,-0.922852,2.624512,91.918945,-33.264160
2441,-0.480469,0.167969,-0.892090,10.131836,104.797363,-32.592773
2442,-0.508789,0.171875,-0.871582,15.563965,108.459473,-30.761719
2443,-0.577148,0.114258,-0.920410,17.761230,118.774414,-33.508301
2444,-0.547852,0.090332,-0.866699,18.371582,143.249512,-40.222168
2445,-0.491699,0.086914,-0.825684,22.888184,143.615723,-43.029785
2446,-0.439453,0.081055,-0.818359,32.897949,133.911133,-43.395996
2447,-0.434082,0.125488,-0.690430,41.137695,84.472656,-37.048340
2448,-0.406738,0.119141,-0.673340,28.198242,56.213379,-26.855469
2449,-0.342285,0.083008,-0.784180,-3.234863,12.268066,-3.601074
2450,-0.321777,0.064453,-0.885254,-10.131836,5.065918,0.366211
2451,-0.330566,0.052734,-0.950684,-9.338379,7.568359,-1.281738
2452,-0.328613,0.022461,-1.010742,-6.164551,15.869141,-5.615234
2453,-0.304688,-0.021484,-1.068359,2.502441,44.189453,-20.263672
2454,-0.284180,-0.005859,-1.019531,4.699707,54.626465,-26.733398
2455,-0.268555,0.026367,-0.947754,5.126953,56.030273,-28.869629
2456,-0.286621,0.042480,-0.882324,4.516602,46.997070,-28.198242
2457,-0.297852,0.061035,-0.847656,-1.708984,18.981934,-22.338867
2458,-0.308105,0.059570,-0.882812,-5.126953,9.643555,-19.042969
2459,-0.315430,0.046875,-0.983887,-3.479004,11.169434,-16.052246
2460,-0.371582,0.038574,-1.000488,-5.676270,19.714355,-18.127441
2461,-0.367676,0.092285,-0.981934,-21.362305,31.860352,-16.235352
2462,-0.289062,0.131836,-0.988770,-29.968262,41.076660,-8.850098
2463,-0.210449,0.067871,-1.032227,-15.441895,45.715332,5.493164
2464,-0.209473,0.048828,-0.979980,-4.638672,39.184570,8.422852
2465,-0.212891,0.028320,-0.946777,2.502441,30.517578,5.920410
2466,-0.194824,0.001953,-0.928223,7.324219,22.766113,-7.629395
2467,-0.184082,0.005371,-0.974121,8.605957,25.085449,-15.258789
2468,-0.184570,0.020020,-1.033691,8.361816,34.851074,-23.681641
2469,-0.217285,0.015137,-1.127930,0.915527,78.491211,-41.320801
2470,-0.238770,0.005859,-1.124023,-2.502441,103.637695,-51.940918
2471,-0.242188,0.012695,-1.114258,1.037598,124.572754,-61.950684
2472,-0.236328,0.034668,-1.126465,11.413574,142.578125,-69.458008
2473,-0.183105,0.074219,-1.117188,40.771484,179.443359,-77.575684
2474,-0.150879,0.073730,-1.090332,53.466797,197.448730,-78.613281
2475,-0.082031,0.049805,-1.042480,71.777344,219.726562,-80.383301
2476,-0.049316,0.050293,-1.044434,70.800781,227.416992,-81.359863
2477,-0.030762,0.039551,-1.091309,55.419922,236.877441,-79.528809
2478,0.169434,0.125000,-1.071777,27.587891,254.577637,-57.678223
2479,0.240234,0.144043,-1.029297,28.137207,251.281738,-35.949707
2480,0.309082,0.091797,-0.957520,42.602539,235.534668,-14.526367
2481,0.402832,-0.031738,-0.808105,75.683594,189.819336,18.798828
2482,0.439941,-0.071777,-0.728027,76.354980,166.870117,29.846191
2483,0.443848,-0.099609,-0.718262,69.702148,143.066406,36.071777
2484,0.452637,-0.159180,-0.785645,61.828613,98.571777,39.062500
2485,0.507324,-0.066895,-0.770996,52.062988,81.726074,47.058105
2486,0.525391,-0.024902,-0.943359,3.295898,94.909668,80.139160
2487,0.496582,-0.041504,-1.020020,-29.724121,127.685547,96.862793
2488,0.472168,-0.065430,-1.058105,-49.255371,161.682129,113.647461
2489,0.416992,-0.122070,-1.107422,-30.029297,202.819824,135.986328
2490,0.453125,-0.093262,-1.000488,13.061523,196.594238,141.235352
2491,0.465332,-0.118164,-0.908203,62.744141,176.330566,144.409180
2492,0.455566,-0.183105,-0.721680,102.294922,162.170410,145.629883
2493,0.481934,-0.211914,-0.636230,92.590332,164.489746,150.756836
2494,0.526855,-0.232422,-0.604492,76.416016,162.536621,159.851074
2495,0.630859,-0.269043,-0.619629,67.687988,143.066406,193.847656
2496,0.670410,-0.272461,-0.594727,82.641602,131.286621,211.120605
2497,0.603516,-0.336426,-0.465820,86.059570,107.727051,243.286133
2498,0.538086,-0.411133,-0.465332,80.627441,96.374512,250.732422
2499,0.475098,-0.496582,-0.517090,86.975098,82.763672,252.868652
2500,0.439453,-0.545898,-0.563965,108.276367,68.176270,252.685547
2501,0.377441,-0.525879,-0.579590,159.912109,60.668945,252.075195
2502,0.361328,-0.483887,-0.549316,175.292969,70.800781,255.798340
2503,0.342285,-0.459473,-0.462891,182.861328,79.528809,265.075684
2504,0.245117,-0.615723,-0.275879,167.724609,83.862305,279.113770
2505,0.218750,-0.686523,-0.190918,143.432617,84.350586,280.090332
2506,0.194824,-0.752930,-0.133789,111.389160,82.519531,279.052734
2507,0.141113,-0.851074,-0.092285,42.907715,71.960449,267.883301
2508,0.127930,-0.851074,-0.124023,18.981934,64.941406,260.620117
2509,0.140137,-0.828125,-0.167480,13.977051,53.283691,257.080078
2510,0.127930,-0.758789,-0.206543,29.846191,30.883789,262.939453
2511,0.028320,-0.625000,-0.204590,83.862305,-5.371094,294.616699
2512,-0.031738,-0.666016,-0.161133,103.149414,-7.629395,309.570312
2513,-0.196777,-0.995605,-0.041504,109.375000,2.441406,307.434082
2514,-0.277344,-1.068359,-0.025391,97.656250,7.751465,291.442871
2515,-0.324707,-1.085449,-0.068848,82.824707,13.305664,272.644043
2516,-0.357422,-1.061523,-0.136230,67.199707,21.850586,254.943848
2517,-0.423340,-1.030273,-0.239746,48.828125,40.283203,226.379395
2518,-0.497070,-1.104980,-0.228027,52.368164,40.039062,209.167480
2519,-0.550293,-1.242676,-0.142090,57.739258,30.212402,181.091309
2520,-0.541016,-1.375488,0.038086,41.992188,-6.103516,109.375000
2521,-0.594238,-1.410645,-0.097168,40.405273,-16.662598,69.824219
2522,-0.632324,-1.374512,-0.180664,46.936035,-14.709473,25.390625
2523,-0.523438,-1.172363,-0.134277,59.814453,-11.840820,-11.047363
2524,-0.383789,-0.912109,-0.019043,43.518066,-7.446289,-36.926270
2525,-0.415527,-0.945801,0.049316,28.869629,-12.023926,-41.564941
2526,-0.428711,-0.998047,0.090820,4.882812,-14.831543,-46.264648
2527,-0.444336,-1.023438,0.041504,-23.437500,-11.779785,-49.377441
2528,-0.409180,-0.987305,-0.081543,-52.673340,11.840820,-59.570312
2529,-0.376953,-0.970703,-0.074219,-55.847168,18.676758,-58.898926
2530,-0.462891,-1.228027,-0.232422,-32.287598,33.203125,-93.994141
2531,-0.455566,-1.267090,-0.249512,-20.507812,48.461914,-120.056152
2532,-0.466797,-1.334473,-0.165527,-19.470215,67.565918,-146.484375
2533,-0.453125,-1.380371,-0.073242,-24.047852,79.162598,-171.020508
2534,-0.228027,-1.060547,0.008789,-13.000488,61.401367,-204.650879
2535,-0.120117,-0.893066,-0.102539,21.606445,29.479980,-204.528809
2536,0.162109,-0.590332,-0.144531,93.200684,-24.475098,-171.875000
2537,0.073242,-0.638184,-0.088379,89.721680,-22.155762,-142.333984
2538,-0.031250,-0.742676,-0.057129,92.773438,-25.573730,-118.286133
2539,-0.083984,-0.831543,-0.032715,79.528809,-14.648438,-100.463867
2540,-0.089355,-0.864258,0.086914,24.353027,29.235840,-76.293945
2541,-0.101562,-0.904785,0.206543,0.854492,33.081055,-66.101074
2542,-0.128418,-1.012207,0.252930,-15.014648,15.563965,-66.040039
2543,-0.086914,-1.026367,0.046875,-41.870117,-10.070801,-91.979980
2544,0.015137,-0.895508,-0.043945,-37.170410,-19.409180,-99.792480
2545,0.125977,-0.785645,-0.098633,-20.141602,-33.508301,-97.595215
2546,0.238770,-0.774902,-0.187012,12.512207,-55.053711,-68.298340
2547,0.211426,-0.849121,-0.229492,16.784668,-46.325684,-48.889160
2548,0.165527,-0.990234,-0.347168,39.489746,-33.447266,-34.118652
2549,0.145508,-0.977051,-0.136719,83.801270,8.911133,-19.348145
2550,0.201660,-0.957031,0.082520,76.232910,13.488770,-9.948730
2551,0.190430,-1.031738,0.144531,54.992676,10.925293,-8.117676
2552,0.223633,-0.920898,0.085938,-9.887695,27.954102,0.244141
2553,0.258301,-0.823730,0.045898,-34.057617,37.719727,23.803711
2554,0.252441,-0.822754,0.041016,-48.339844,42.297363,50.903320
2555,0.223633,-0.916992,0.109863,-59.082031,36.315918,71.350098
2556,0.132324,-1.073730,-0.006836,-71.716309,13.916016,78.796387
2557,0.110840,-1.041016,-0.062500,-60.607910,2.685547,75.561523
2558,0.067871,-1.026367,-0.107910,-39.611816,-8.972168,70.434570
2559,-0.041016,-1.090332,-0.247559,-7.263184,-16.601562,36.804199
2560,-0.069824,-1.039062,-0.246094,-3.479004,-5.432129,17.700195
2561,0.082031,-0.855469,-0.152832,0.305176,4.821777,3.173828
2562,0.060059,-0.796387,-0.106445,7.934570,-10.375977,11.474609
2563,0.007812,-0.833496,-0.175293,19.104004,-24.108887,20.080566
2564,-0.065918,-0.910156,-0.144531,45.776367,-26.550293,23.864746
2565,-0.105469,-0.982422,-0.131348,58.044434,-18.981934,19.653320
2566,-0.102539,-1.021484,-0.116211,68.847656,-2.380371,12.023926
2567,-0.044922,-0.982910,-0.111328,87.463379,41.809082,9.033203
2568,0.000977,-0.894531,-0.015137,90.698242,55.786133,42.785645
2569,-0.077637,-0.959961,0.059082,88.989258,49.621582,71.594238
2570,-0.088379,-0.897949,0.118652,81.604004,13.488770,63.171387
2571,-0.070312,-0.980957,0.161133,71.044922,3.723145,48.034668
2572,0.043457,-0.982422,0.190430,53.283691,4.882812,35.766602
2573,0.026367,-1.012207,0.238281,16.967773,15.319824,32.104492
2574,-0.072754,-1.007812,0.193359,-39.550781,24.963379,35.339355
2575,-0.078125,-0.970703,0.191406,-46.508789,19.470215,39.062500
2576,-0.071777,-0.992676,0.087402,-41.931152,11.352539,40.527344
2577,-0.121094,-1.029785,-0.007812,-14.953613,1.098633,29.968262
2578,-0.069824,-0.992188,0.019043,-3.112793,-2.136230,25.939941
2579,-0.042480,-0.966797,0.030273,0.183105,-3.662109,27.709961
2580,-0.017578,-0.971191,0.070801,-2.746582,-1.220703,30.517578
2581,-0.106934,-1.073242,-0.027344,-0.244141,9.887695,22.338867
2582,-0.117188,-1.066406,-0.007812,17.456055,17.639160,12.878418
2583,-0.117188,-1.058594,0.153320,35.217285,16.723633,8.728027
2584,-0.290527,-1.064941,0.126465,28.076172,13.549805,6.896973
2585,-0.116211,-1.076172,0.123047,30.883789,8.911133,2.624512
2586,-0.178223,-1.041504,0.277832,11.413574,-5.126953,-1.831055
2587,-0.151367,-1.028809,0.184570,12.329102,-14.038086,-7.629395
2588,-0.139648,-0.982910,0.121582,17.272949,-19.470215,-9.033203
2589,-0.068848,-0.977051,0.103516,23.376465,-20.385742,-5.615234
2590,-0.097168,-0.979004,0.192871,13.305664,-19.958496,-3.051758
2591,-0.081055,-0.953613,0.128906,6.103516,-20.019531,-2.319336
2592,-0.096680,-0.975098,0.087891,9.216309,-19.714355,0.427246
2593,-0.125977,-0.914551,0.164551,23.315430,-19.897461,-8.178711
2594,-0.106934,-0.915527,0.222656,13.244629,-32.043457,-10.681152
2595,-0.117676,-0.916504,0.218750,-20.385742,-34.118652,-14.343262
2596,-0.033691,-1.025879,0.081543,-60.119629,-28.137207,9.155273
2597,-0.055176,-1.064941,0.101074,-55.847168,-19.958496,18.005371
2598,-0.062988,-1.088867,0.073730,-45.593262,-11.962891,18.310547
2599,-0.070801,-1.073242,0.045410,-21.301270,-2.319336,11.901855
2600,-0.078125,-1.062012,0.063965,-12.268066,0.427246,6.286621
2601,-0.066406,-1.039062,0.043457,-4.699707,4.516602,1.770020
2602,-0.051270,-1.020996,0.063477,2.136230,12.695312,-0.610352
2603,-0.118652,-1.005371,0.031250,13.427734,22.766113,1.892090
2604,-0.113281,-0.945801,-0.069336,31.005859,17.333984,3.051758
2605,-0.134277,-0.904297,0.026367,45.166016,15.808105,3.540039
