order,ax,ay,az,gx,gy,gz
0,0.263672,-0.500000,0.679199,42.907715,37.963867,36.010742
1,0.379883,-0.480957,0.811035,78.369141,44.738770,37.841797
2,0.428223,-0.465820,0.807617,83.496094,47.363281,43.212891
3,0.454590,-0.454590,0.785156,96.923828,51.086426,52.978516
4,0.426758,-0.446777,0.813965,112.426758,48.278809,54.321289
5,0.390625,-0.411621,0.917969,123.291016,39.733887,50.964355
6,0.313477,-0.325195,1.151855,105.529785,2.136230,42.114258
7,0.253906,-0.325195,1.146484,80.017090,-19.653320,41.381836
8,0.211426,-0.336426,1.043457,55.786133,-36.499023,39.306641
9,0.200684,-0.355469,0.950195,39.184570,-44.677734,35.339355
10,0.489258,-0.182129,0.990234,6.103516,-40.649414,43.579102
11,0.569336,-0.165527,0.989258,-19.042969,-37.536621,61.218262
12,0.511719,-0.277344,0.893555,-35.827637,-33.447266,75.378418
13,0.415527,-0.405762,0.770020,-35.278320,-26.245117,77.880859
14,0.268555,-0.498047,0.680664,4.638672,-19.104004,63.415527
15,0.229004,-0.488770,0.719727,23.071289,-21.667480,54.382324
16,0.217285,-0.468262,0.752930,30.639648,-24.719238,46.325684
17,0.260254,-0.404297,0.766602,17.761230,-29.174805,42.663574
18,0.275879,-0.404785,0.756348,10.559082,-31.738281,44.799805
19,0.316895,-0.399902,0.745117,2.502441,-31.860352,47.424316
20,0.351074,-0.453125,0.735352,-19.104004,-32.043457,59.753418
21,0.319336,-0.517090,0.705566,-20.996094,-42.053223,65.490723
22,0.261230,-0.562988,0.650391,-11.779785,-50.354004,64.880371
23,0.188477,-0.586914,0.837891,-12.451172,-40.344238,55.175781
24,0.264648,-0.520508,0.885254,-39.001465,-12.512207,47.485352
25,0.286133,-0.484863,0.809570,-62.927246,26.000977,44.799805
26,0.360840,-0.425781,0.708496,-73.547363,68.054199,44.311523
27,0.436523,-0.150879,0.425293,-116.333008,162.597656,77.819824
28,0.418457,-0.222656,0.514160,-120.422363,197.021484,102.722168
29,0.389648,-0.262695,0.728516,-101.745605,206.970215,124.816895
30,0.055664,-0.559082,1.003418,-93.566895,178.344727,135.253906
31,-0.139648,-0.799316,1.025391,-105.957031,155.639648,109.863281
32,-0.162598,-0.883789,1.001953,-121.154785,134.582520,75.012207
33,-0.223633,-0.966309,1.094238,-135.803223,81.115723,14.953613
34,-0.194336,-0.914551,1.101074,-137.390137,51.757812,-10.437012
35,-0.041016,-0.681152,1.014160,-153.259277,46.752930,-25.085449
36,0.104492,-0.618652,0.850098,-176.086426,56.762695,-39.062500
37,0.108887,-0.664551,0.762695,-168.701172,50.537109,-50.903320
38,0.125977,-0.681152,0.633789,-155.090332,45.776367,-60.974121
39,0.084961,-0.748047,0.572266,-138.488770,50.109863,-65.185547
40,0.096680,-0.716309,0.601562,-94.482422,63.537598,-56.335449
41,0.078125,-0.734375,0.723145,-90.942383,74.462891,-41.381836
42,0.129883,-0.710938,0.876953,-111.572266,82.824707,-20.629883
43,0.017578,-0.823730,0.907227,-193.176270,85.571289,49.926758
44,-0.186523,-0.943848,0.652344,-222.229004,125.488281,65.856934
45,-0.335449,-1.048340,0.412109,-241.027832,198.791504,58.715820
46,-0.360840,-0.998047,0.443848,-247.253418,300.598145,23.864746
47,-0.194824,-0.863281,0.654785,-272.399902,298.034668,27.770996
48,-0.022949,-0.819336,0.763672,-292.480469,247.680664,37.963867
49,-0.165039,-0.836426,0.486328,-310.852051,114.135742,49.255371
50,-0.307129,-0.832031,0.263184,-310.791016,106.201172,47.912598
51,-0.427246,-0.861816,0.116699,-314.575195,124.023438,45.776367
52,-0.479980,-0.902344,0.080566,-331.420898,143.737793,40.527344
53,-0.322266,-0.819824,0.160156,-381.042480,121.520996,14.648438
54,-0.283203,-0.757324,0.047363,-389.953613,82.397461,2.502441
55,-0.308594,-0.778320,-0.240723,-369.384766,39.245605,-5.432129
56,-0.383789,-0.984375,-0.976074,-253.906250,26.916504,-33.142090
57,-0.427246,-1.036621,-1.156250,-192.443848,68.725586,-44.067383
58,-0.407715,-0.934570,-0.943848,-137.512207,107.177734,-61.462402
59,-0.229492,-0.750488,-0.477539,-58.166504,136.840820,-77.758789
60,-0.099609,-0.720703,-0.231934,-35.766602,112.060547,-60.363770
61,-0.032227,-0.762695,-0.110840,-23.193359,71.228027,-41.198730
62,-0.047363,-0.816895,-0.218262,-22.094727,24.719238,-31.494141
63,-0.078613,-0.795898,-0.630371,13.854980,-27.587891,-31.127930
64,-0.014648,-0.793457,-0.654785,41.503906,-35.583496,-20.935059
65,0.000000,-0.821289,-0.674805,43.457031,-22.888184,-7.568359
66,-0.077148,-0.820801,-0.533203,35.827637,-2.197266,13.427734
67,-0.100098,-0.799316,-0.500000,29.846191,-0.366211,23.254395
68,-0.112793,-0.772461,-0.499023,24.291992,3.601074,31.982422
69,-0.391113,-1.020996,-0.913086,10.437012,65.795898,27.587891
70,-0.415527,-0.953125,-0.804199,18.920898,134.155273,-1.953125
71,-0.440918,-0.999512,-0.611328,35.400391,194.885254,-38.208008
72,-0.527832,-1.079102,-1.298828,96.496582,220.947266,-91.857910
73,0.415527,-0.660156,0.824707,84.960938,57.678223,-125.854492
74,0.554688,-0.813965,0.484863,16.174316,-44.982910,-97.778320
75,0.488770,-0.902832,0.212891,0.854492,-101.013184,-84.533691
76,0.168457,-0.870117,-0.332520,-24.780273,-121.582031,-53.833008
77,0.087402,-0.844727,-0.422363,-53.161621,-98.266602,-38.391113
78,0.093750,-0.803223,-0.477539,-78.796387,-65.734863,-24.475098
79,0.114258,-0.702637,-0.569336,-151.916504,16.418457,25.634766
80,0.046875,-0.752441,-0.682129,-186.767578,47.180176,41.870117
81,-0.010254,-0.835449,-0.843262,-203.369141,75.927734,39.794922
82,-0.070312,-0.979492,-0.997559,-144.042969,108.642578,9.521484
83,-0.017090,-0.955078,-0.789062,-100.830078,104.125977,-10.803223
84,0.083984,-0.895508,-0.570312,-72.082520,85.021973,-22.583008
85,0.190918,-0.695312,-0.259277,-92.834473,28.320312,-5.920410
86,0.172363,-0.587891,-0.328613,-120.483398,-5.981445,17.578125
87,0.073242,-0.548340,-0.484863,-150.085449,-33.630371,43.884277
88,-0.068848,-0.509277,-0.569824,-183.959961,-55.725098,61.035156
89,-0.112793,-0.408203,-1.145508,-234.985352,-70.434570,93.261719
90,-0.197266,-0.463867,-1.220215,-248.840332,-44.372559,90.759277
91,-0.249023,-0.625000,-1.129883,-246.032715,-21.911621,78.002930
92,-0.285645,-0.895508,-1.045410,-202.453613,-15.441895,47.790527
93,-0.051270,-0.616211,-1.046387,-53.344727,-1.159668,-7.080078
94,0.032715,-0.456055,-0.972656,-12.145996,20.385742,-24.353027
95,0.197266,-0.336426,-0.891113,-3.356934,44.372559,-34.912109
96,0.159180,-0.325195,-0.644531,-27.954102,24.475098,-41.076660
97,0.081055,-0.493164,-0.566895,-68.847656,-2.502441,-46.936035
98,-0.028320,-0.602539,-0.483887,-111.206055,-35.766602,-59.326172
99,-0.202637,-0.485840,-0.781738,-162.170410,-64.147949,-70.983887
100,-0.253418,-0.455566,-0.871094,-186.279297,-62.316895,-55.725098
101,-0.268555,-0.385254,-0.841309,-193.603516,-71.105957,-35.461426
102,-0.248535,-0.292969,-0.777344,-189.208984,-88.378906,-5.676270
103,-0.154785,-0.159180,-0.764160,-192.138672,-106.262207,43.029785
104,-0.163086,-0.215820,-0.727051,-193.725586,-114.624023,53.527832
105,-0.161133,-0.201172,-0.771484,-191.284180,-123.840332,57.128906
106,-0.174805,-0.173340,-1.181641,-165.222168,-125.305176,45.227051
107,-0.167480,-0.155762,-1.321777,-136.413574,-94.787598,29.174805
108,-0.263184,-0.127441,-1.216309,-113.586426,-54.931641,18.737793
109,-0.311035,-0.047363,-1.061035,-108.764648,-27.099609,4.638672
110,-0.224609,0.097656,-1.095215,-124.450684,-0.366211,4.455566
111,-0.253418,0.104492,-1.049316,-128.601074,14.282227,12.878418
112,-0.327148,-0.030762,-1.083496,-125.244141,30.578613,13.977051
113,-0.323730,-0.407227,-1.148926,-82.641602,55.541992,-29.663086
114,-0.269043,-0.439453,-1.119141,-59.753418,61.645508,-60.913086
115,-0.191895,-0.289062,-0.964355,-20.202637,49.316406,-109.130859
116,-0.214844,-0.224609,-0.833984,1.892090,34.545898,-117.614746
117,-0.205566,-0.104004,-0.689941,13.244629,-7.385254,-112.365723
118,-0.164551,0.002930,-0.777832,14.038086,-26.489258,-103.332520
119,-0.130371,0.007812,-0.895508,15.991211,-36.499023,-95.031738
120,-0.161621,-0.091309,-1.087891,29.602051,-35.339355,-94.543457
121,-0.204102,-0.163574,-1.139160,51.330566,-33.203125,-107.971191
122,-0.239746,-0.187988,-1.148926,79.895020,-25.756836,-124.023438
123,-0.276855,-0.158203,-1.086426,114.135742,-17.517090,-136.901855
124,-0.354004,-0.236328,-1.132324,185.729980,0.488281,-155.029297
125,-0.328613,-0.171387,-1.181641,227.966309,20.141602,-172.668457
126,-0.287109,-0.129883,-1.249023,248.229980,51.696777,-187.133789
127,-0.248535,-0.243164,-1.331055,252.807617,93.994141,-203.430176
128,-0.142578,-0.304199,-1.298828,277.099609,174.865723,-227.478027
129,-0.163086,-0.258789,-1.168457,301.696777,204.162598,-229.980469
130,-0.063477,-0.068359,-0.842285,302.001953,203.308105,-221.984863
131,0.343750,0.294922,-0.416504,266.662598,137.023926,-141.479492
132,0.516602,0.217773,-0.268066,216.430664,77.270508,-91.003418
133,0.581543,-0.041504,-0.304688,183.349609,9.216309,-48.522949
134,0.550781,-0.297852,-0.309570,165.527344,-55.114746,-22.949219
135,0.313477,-0.407227,-0.536133,181.030273,-162.902832,12.573242
136,0.205566,-0.279785,-0.722168,218.688965,-183.654785,36.926270
137,0.148926,-0.311523,-1.048828,260.986328,-169.250488,51.208496
138,0.343262,-0.726562,-1.354004,243.347168,65.002441,4.882812
139,0.263672,-0.931641,-0.621582,229.125977,72.509766,-28.808594
140,-0.223145,-1.060547,-0.015625,182.739258,-206.787109,-25.756836
141,-0.413086,-1.014648,-0.406250,232.971191,-294.921875,-2.685547
142,-0.457031,-1.015625,-0.472656,278.930664,-325.439453,31.372070
143,-0.328613,-1.054688,-0.303223,275.939941,-299.682617,124.938965
144,-0.279297,-1.125000,-0.405273,235.961914,-268.127441,146.057129
145,-0.300781,-1.428223,-0.447754,184.509277,-231.079102,135.742188
146,-0.335449,-1.545410,-0.515625,138.305664,-194.396973,94.360352
147,-0.340820,-1.251465,-0.545410,84.777832,-94.726562,3.295898
148,-0.375977,-1.192871,-0.470703,96.740723,-47.363281,-33.203125
149,-0.341309,-1.115234,-0.288574,126.403809,-17.700195,-58.227539
150,-0.227539,-0.755859,0.258789,173.889160,-32.348633,-70.861816
151,-0.206055,-0.950684,0.439453,202.575684,-71.472168,-65.490723
152,-0.135742,-1.082520,0.488281,228.637695,-114.196777,-57.678223
153,0.027832,-0.838867,0.431641,234.741211,-172.973633,-42.968750
154,0.027832,-0.692383,0.463379,204.772949,-163.696289,-14.526367
155,-0.029785,-0.680176,0.426758,160.888672,-141.662598,11.413574
156,0.132812,-0.213867,-0.142578,127.075195,-94.299316,48.828125
157,-0.128906,-0.807617,0.234863,95.886230,-48.156738,73.120117
158,-0.196777,-1.313477,0.229492,100.524902,-76.110840,-3.051758
159,-0.096680,-1.240723,0.106445,136.291504,-93.444824,-40.039062
160,0.080566,-0.936035,0.199219,197.082520,-124.816895,-50.048828
161,0.036621,-0.664551,0.453613,257.812500,-168.945312,-15.686035
162,0.027832,-0.681641,0.673340,236.877441,-178.100586,13.549805
163,0.034668,-0.591797,0.815918,203.674316,-191.894531,42.602539
164,0.030273,-0.455566,0.707031,139.099121,-213.684082,94.116211
165,0.034180,-0.511719,0.535156,110.595703,-204.956055,111.633301
166,0.002930,-0.731934,0.490723,107.543945,-183.959961,118.774414
167,-0.043457,-0.875000,0.447266,105.346680,-133.483887,102.111816
168,-0.080566,-0.896484,0.357422,89.355469,-106.079102,89.538574
169,-0.061035,-0.892578,0.287109,83.129883,-77.392578,74.157715
170,-0.050293,-0.844238,0.459473,72.326660,-35.095215,58.227539
171,-0.123047,-0.933594,0.463867,77.819824,-30.700684,52.124023
172,-0.142090,-0.992676,0.511719,99.060059,-37.597656,44.067383
173,0.018555,-0.805176,0.498047,140.014648,-62.255859,38.574219
174,0.071289,-0.692871,0.416504,150.329590,-74.218750,38.696289
175,0.099121,-0.677734,0.350586,163.269043,-82.763672,41.137695
176,0.122559,-0.711426,0.180664,240.905762,-69.946289,51.269531
177,0.078613,-0.663574,0.547852,287.902832,-48.889160,57.495117
178,0.136719,-0.530273,0.733887,283.386230,-20.324707,59.204102
179,0.110352,-0.385742,1.174316,151.123047,40.405273,76.354980
180,0.034668,-0.416016,1.120117,97.229004,62.622070,77.941895
181,-0.005859,-0.455078,1.088379,48.278809,84.045410,70.617676
182,-0.050293,-0.479492,1.050781,-3.906250,112.426758,62.805176
183,-0.331543,-0.593750,1.087402,-65.734863,121.459961,47.790527
184,-0.453613,-0.663574,0.944824,-50.720215,88.562012,37.597656
185,-0.482910,-0.805664,0.931152,-31.738281,48.278809,19.287109
186,-0.361328,-0.831055,0.781738,3.234863,-7.751465,-24.536133
187,-0.280762,-0.716309,0.831055,9.521484,-10.253906,-39.733887
188,-0.210938,-0.602051,0.826172,7.324219,-5.493164,-47.302246
189,-0.130859,-0.486816,0.720703,14.770508,27.893066,-25.695801
190,-0.162109,-0.532715,0.707031,30.700684,50.964355,-4.577637
191,-0.229980,-0.646484,0.613770,52.856445,75.927734,13.244629
192,-0.384766,-0.776855,0.331055,183.044434,129.943848,20.507812
193,-0.448242,-0.603516,0.668457,252.685547,140.747070,22.705078
194,-0.507812,-0.354980,1.090332,279.724121,120.971680,22.033691
195,-0.565918,-0.198730,1.346191,242.492676,94.116211,15.808105
196,-0.579590,-0.057129,1.443359,176.513672,56.213379,0.061035
197,-0.440918,-0.084473,1.288086,90.942383,-47.729492,-28.259277
198,-0.385254,-0.044922,1.402832,44.433594,-91.735840,-21.301270
199,-0.451660,-0.131836,1.423340,-4.516602,-127.441406,-13.244629
200,-0.515625,-0.133789,0.988770,-83.068848,-126.037598,-39.611816
201,-0.379883,-0.259766,0.535645,-95.153809,-75.683594,-47.363281
202,-0.266602,-0.495605,0.418945,-85.205078,-8.972168,-50.537109
203,-0.219727,-0.609863,0.478516,-48.278809,41.076660,-55.053711
204,-0.298340,-0.648438,0.509766,66.833496,97.778320,-47.546387
205,-0.450684,-0.447754,0.605469,129.638672,111.938477,-41.259766
206,-0.633789,-0.203125,1.191895,191.589355,77.270508,-50.842285
207,-0.606445,-0.025391,1.237305,160.156250,41.748047,-63.781738
208,-0.599121,0.049316,1.297852,114.501953,8.666992,-62.805176
209,-0.530273,0.103516,1.209473,54.016113,-22.827148,-59.143066
210,-0.236816,0.157227,0.965820,-35.949707,-73.547363,-30.212402
211,-0.130371,-0.021973,0.817383,-41.870117,-78.552246,-23.193359
212,-0.069336,-0.199707,0.755859,-39.978027,-67.626953,-26.000977
213,0.030762,-0.230957,0.571777,-33.935547,-39.855957,-28.747559
214,-0.087402,-0.375977,0.935547,0.244141,-0.183105,29.357910
215,-0.321777,-0.492188,0.645996,29.724121,-0.244141,46.936035
216,-0.613281,-0.514160,0.830566,87.402344,34.484863,2.136230
217,-0.603516,-0.295898,1.091309,65.429688,39.611816,-32.714844
218,-0.516602,-0.167480,1.161133,29.846191,30.578613,-54.382324
219,-0.389160,-0.187988,1.082031,2.136230,11.230469,-62.744141
220,-0.154297,-0.141602,1.052246,24.536133,-37.719727,-47.485352
221,0.011230,-0.033691,1.118652,54.443359,-56.823730,-31.616211
222,-0.079102,0.064453,1.357910,-7.629395,-68.542480,3.906250
223,-0.223633,0.016113,1.223145,-62.377930,-46.997070,1.098633
224,-0.257812,-0.138672,1.141113,-121.398926,-16.540527,-7.446289
225,-0.259766,-0.340820,0.937012,-142.028809,2.685547,-10.437012
226,-0.277344,-0.493164,0.794922,-101.501465,4.821777,-11.413574
227,-0.268066,-0.418945,0.979004,-17.211914,-3.845215,-35.400391
228,-0.110840,-0.316895,0.987793,-7.629395,-7.690430,-40.893555
229,-0.104980,-0.352539,0.862793,15.563965,-20.629883,-39.733887
230,-0.044434,-0.405762,0.625000,111.206055,-48.095703,-19.348145
231,-0.066406,-0.174805,0.902832,151.000977,-60.729980,-7.690430
232,-0.059082,0.007812,1.279785,142.700195,-80.200195,9.582520
233,-0.064941,-0.054199,1.315918,101.257324,-98.754883,23.803711
234,-0.098145,-0.115723,0.790527,69.030762,-90.026855,22.888184
235,-0.102051,-0.136719,0.662109,82.885742,-61.645508,24.963379
236,-0.062012,-0.143066,0.622070,104.614258,-29.968262,26.916504
237,-0.055664,0.000488,0.796387,139.587402,15.563965,19.531250
238,-0.120605,0.078125,0.893066,141.540527,27.832031,8.605957
239,-0.220215,0.037109,0.811035,146.545410,43.395996,-9.033203
240,-0.368652,-0.019043,0.841309,200.073242,80.444336,-60.424805
241,-0.375488,0.077148,1.013184,197.082520,86.608887,-85.449219
242,-0.312988,0.113770,1.118652,180.053711,79.467773,-104.309082
243,-0.200684,0.216797,1.145020,156.555176,68.725586,-110.839844
244,-0.119141,0.437012,1.041016,123.657227,54.626465,-105.957031
245,-0.126465,0.456543,1.087402,117.553711,43.273926,-106.323242
246,-0.161133,0.412109,1.098633,105.163574,24.963379,-110.168457
247,-0.204102,0.351074,0.940918,51.147461,-12.878418,-121.643066
248,-0.172363,0.298828,0.812988,38.696289,-27.404785,-116.760254
249,-0.082520,0.366699,0.739258,36.804199,-20.385742,-91.979980
250,-0.041016,0.519043,0.753418,26.062012,6.591797,-41.992188
251,-0.150391,0.511719,0.820801,-22.766113,42.907715,67.382812
252,-0.218750,0.402832,0.841797,-32.470703,41.992188,97.778320
253,-0.325195,0.339844,0.865234,-24.963379,29.418945,109.069824
254,-0.574219,0.208984,0.875000,-1.525879,-5.249023,72.631836
255,-0.683594,0.120605,0.844727,11.718750,-17.944336,26.062012
256,-0.367188,0.067871,0.771973,85.998535,-13.916016,-59.631348
257,-0.256836,0.322266,0.940918,104.919434,-18.493652,-48.767090
258,-0.136230,0.483887,0.982422,83.984375,-29.724121,-12.695312
259,-0.090332,0.597656,0.981934,50.781250,-36.926270,34.484863
260,-0.142578,0.577637,0.975098,26.184082,-40.649414,91.613770
261,-0.183594,0.520020,0.986328,39.916992,-44.555664,93.017578
262,-0.219238,0.369629,0.939453,67.382812,-59.570312,61.950684
263,-0.187012,0.304688,0.869141,70.800781,-58.471680,34.118652
264,-0.145508,0.269531,0.873535,55.236816,-43.151855,0.061035
265,-0.219727,0.253418,0.891113,22.644043,-29.418945,-40.100098
266,-0.066895,0.376953,0.856445,-40.283203,-14.770508,-92.956543
267,-0.032715,0.513672,1.160156,-68.603516,-43.029785,-80.871582
268,-0.086426,0.584961,1.302246,-84.655762,-80.322266,-58.349609
269,-0.166016,0.568359,1.276855,-111.511230,-120.910645,-36.804199
270,-0.216797,0.434570,1.233887,-150.268555,-156.616211,-27.709961
271,-0.159180,0.554688,1.109375,-222.290039,-234.985352,-35.217285
272,-0.056641,0.589844,1.270508,-244.445801,-271.667480,-23.681641
273,-0.107910,0.210938,1.184570,-249.084473,-300.598145,-6.164551
274,0.136230,-1.025391,-0.145996,-90.820312,-258.422852,-67.626953
275,0.536621,-0.251953,-0.329102,38.024902,-147.583008,-92.041016
276,0.827148,0.453125,0.512207,64.880371,-15.502930,-40.466309
277,0.235352,0.170410,0.978027,33.752441,9.948730,12.084961
278,0.161133,0.268555,0.947266,38.757324,-8.850098,14.160156
279,0.147461,0.209473,0.993652,71.838379,-21.301270,19.653320
280,0.171875,0.151367,1.224121,79.650879,-62.133789,19.531250
281,0.212891,0.161133,1.149414,63.781738,-80.078125,18.920898
282,0.291016,0.202637,0.966309,57.495117,-84.655762,21.484375
283,0.520020,0.159180,0.750000,18.188477,-27.893066,12.207031
284,0.572266,0.124512,0.810059,-1.647949,9.643555,5.676270
285,0.532715,0.115723,0.950195,-5.676270,24.597168,2.014160
286,0.280762,0.189941,1.244141,-6.530762,19.714355,-13.366699
287,0.250977,0.242676,1.298828,-26.367188,6.103516,-17.761230
288,0.242676,0.205078,1.258789,-44.128418,-17.333984,-15.258789
289,0.266602,0.107422,1.098633,-57.067871,-31.555176,-15.869141
290,0.316406,0.059082,0.944824,-52.551270,-28.381348,-26.855469
291,0.410645,0.044434,0.728027,-40.466309,-18.615723,-33.935547
292,0.403809,0.005371,0.722656,-11.962891,-12.207031,-36.743164
293,0.408691,0.029297,0.642578,10.620117,-14.770508,-38.696289
294,0.555664,0.338379,0.884766,46.447754,-11.474609,-11.413574
295,0.506836,0.314453,0.833008,41.625977,6.286621,-0.915527
296,0.421875,0.281250,0.812500,31.188965,35.827637,2.380371
297,0.221680,0.125977,0.864258,30.944824,76.477051,3.234863
298,0.162598,0.126465,0.943359,51.025391,77.270508,0.915527
299,0.156738,0.242188,1.096680,69.763184,66.162109,0.488281
300,0.001953,0.441895,1.076660,94.787598,32.470703,2.502441
301,0.116699,0.522461,1.139648,115.905762,10.742188,10.986328
302,0.299316,0.401367,0.808105,164.855957,-34.912109,52.795410
303,0.346191,0.403809,0.667480,184.387207,-19.592285,68.969727
304,0.276367,0.448730,0.608398,197.570801,8.361816,78.430176
305,0.209473,0.490234,0.724609,190.734863,34.484863,81.848145
306,0.193848,0.386719,0.734375,107.543945,77.575684,69.763184
307,0.174805,0.360840,0.701660,76.110840,99.060059,57.128906
308,0.124023,0.272461,0.900879,52.124023,106.445312,45.532227
309,-0.037109,0.192871,0.993164,17.822266,72.082520,15.686035
310,-0.075195,0.284668,0.833496,33.874512,48.645020,0.671387
311,-0.071777,0.480957,0.739258,69.274902,34.240723,-0.915527
312,-0.027832,0.723145,0.710938,123.535156,57.006836,35.766602
313,-0.058594,0.653809,0.805664,130.676270,76.232910,47.119141
314,-0.079590,0.524902,0.911621,129.882812,84.045410,43.518066
315,-0.073730,0.379883,1.056152,119.873047,78.857422,30.273438
316,0.018555,0.458496,1.370117,12.756348,12.390137,19.470215
317,0.020996,0.383789,0.859863,32.653809,-10.131836,17.944336
318,0.002441,0.500488,0.902832,49.743652,-19.470215,24.108887
319,-0.060547,0.479980,0.634277,79.589844,-13.000488,43.029785
320,-0.119629,0.390625,0.582031,103.820801,0.061035,47.912598
321,0.001953,0.468262,0.868652,93.322754,26.855469,35.949707
322,0.088867,0.513672,0.836914,74.157715,42.297363,28.503418
323,0.121094,0.490723,0.767578,57.250977,57.067871,18.981934
324,0.125977,0.424805,0.734375,46.813965,71.716309,7.446289
325,0.080566,0.382324,0.869629,34.790039,84.106445,-5.310059
326,0.148926,0.518555,0.874023,50.476074,88.623047,-13.244629
327,0.123047,0.845215,0.911133,91.369629,74.279785,23.986816
328,-0.070801,1.291504,0.514648,123.229980,120.117188,148.437500
329,-0.056152,1.249512,0.479980,127.868652,150.695801,211.120605
330,0.025391,1.173828,0.649902,130.493164,180.664062,266.601562
331,-0.052246,0.651367,1.149902,118.286133,167.846680,293.823242
332,0.002930,0.344727,1.207031,127.868652,124.877930,234.558105
333,0.091797,0.238770,1.340820,132.263184,65.612793,145.385742
334,0.081543,0.302734,1.196289,87.036133,-21.057129,-4.943848
335,-0.076172,0.489746,0.608398,82.214355,-18.554688,-49.499512
336,-0.082031,0.701172,0.498535,93.994141,5.249023,-70.617676
337,-0.105957,1.070801,0.631348,123.657227,38.513184,-57.128906
338,0.010742,1.336914,0.728027,139.648438,22.583008,-31.860352
339,0.148438,1.452148,0.719238,125.793457,1.586914,6.591797
340,0.291992,1.206055,0.528809,78.674316,-4.089355,63.537598
341,0.223633,0.948730,0.393555,72.509766,15.747070,54.321289
342,0.149414,0.795898,0.271484,75.317383,44.799805,22.094727
343,-0.027832,0.624023,0.211914,79.833984,105.712891,-56.762695
344,-0.050293,0.632812,0.356934,96.008301,114.685059,-92.651367
345,0.149902,0.823730,0.552734,78.247070,119.140625,-125.427246
346,0.108887,1.131836,0.800293,53.894043,102.294922,-120.788574
347,0.044434,1.243652,0.826172,-5.493164,70.983887,-95.764160
348,-0.080566,1.133301,0.518555,-32.348633,38.146973,-75.073242
349,-0.261230,0.932617,0.403320,-16.540527,-34.484863,-62.744141
350,-0.206543,0.872559,0.383301,10.131836,-77.148438,-54.077148
351,-0.332031,0.785156,0.619629,6.103516,-113.647461,-59.204102
352,0.002441,0.722168,0.217773,3.417969,-112.609863,-78.063965
353,0.059082,0.716797,0.230469,58.288574,-97.229004,-68.603516
354,0.198242,0.786621,0.215332,144.409180,-68.176270,-14.343262
355,0.214355,0.817871,0.323730,169.311523,-49.560547,24.291992
356,0.170898,0.900391,0.510742,151.916504,-17.150879,46.203613
357,-0.004395,0.820801,0.088379,98.815918,55.236816,19.958496
358,-0.050781,0.803223,0.065430,94.238281,62.988281,0.793457
359,-0.109375,0.726562,0.073242,85.266113,66.894531,-18.798828
360,-0.137207,0.743164,0.270508,54.321289,64.270020,-71.838379
361,-0.124512,0.845215,0.348145,29.907227,61.218262,-86.547852
362,-0.141602,1.063477,0.339355,5.554199,53.100586,-86.486816
363,-0.107422,1.091309,0.228516,-15.747070,38.940430,-74.829102
364,-0.235352,1.057129,0.196777,-19.165039,15.808105,-60.424805
365,-0.103027,1.041504,0.360840,-12.084961,6.958008,-47.485352
366,-0.051758,1.042969,0.291992,13.366699,-3.417969,-23.010254
367,-0.044434,1.014160,0.230957,40.954590,-5.249023,-0.732422
368,0.027344,0.947754,0.192383,88.684082,-11.108398,35.949707
369,-0.048828,1.118652,0.256348,110.107422,-9.338379,47.546387
370,-0.187500,1.012207,0.324219,115.478516,-18.676758,42.236328
371,-0.222168,1.359863,-0.053223,163.513184,-24.536133,15.747070
372,-0.253418,1.189453,-0.235352,210.632324,-15.441895,1.220703
373,-0.165527,1.059570,-0.144531,203.796387,-9.765625,-13.183594
374,-0.092285,0.760742,0.159180,104.980469,-3.967285,-46.569824
375,-0.068848,0.716797,0.254883,81.909180,-16.845703,-58.593750
376,0.091309,0.970215,0.655273,59.020996,-58.471680,-40.039062
377,0.027832,1.320312,0.207031,49.804688,-64.086914,-9.094238
378,-0.144043,1.266602,-0.149414,55.419922,-49.682617,21.057129
379,-0.170410,1.174805,-0.238281,81.909180,-35.644531,31.188965
380,-0.137207,1.011719,-0.306641,81.665039,-11.474609,46.813965
381,-0.125000,0.903320,-0.268066,63.049316,0.122070,47.546387
382,-0.138184,0.854492,-0.175293,48.461914,-3.173828,40.405273
383,-0.153320,0.796387,-0.075684,57.678223,-24.169922,27.221680
384,0.027344,0.819336,0.043457,53.894043,-75.744629,9.155273
385,0.119629,0.752441,-0.050781,51.635742,-83.862305,10.864258
386,0.161133,1.031738,-0.323730,68.969727,-54.443359,33.203125
387,0.108887,1.083008,-0.394043,56.152344,-18.920898,49.133301
388,-0.008789,0.947754,-0.436523,42.846680,18.493652,53.894043
389,-0.046387,0.859863,-0.495117,52.490234,44.128418,46.875000
390,-0.086426,0.778809,-0.414551,130.310059,77.026367,24.841309
391,-0.100586,0.827148,0.013184,139.526367,67.382812,8.056641
392,-0.009766,0.954590,0.049316,124.633789,36.315918,-9.582520
393,0.147949,1.017090,-0.332520,124.755859,-53.344727,-19.775391
394,0.104492,1.008301,-0.527832,153.564453,-65.307617,-10.070801
395,0.048828,0.893066,-0.480469,163.452148,-58.654785,-10.253906
396,-0.010742,0.639160,-0.532715,165.588379,-31.494141,-46.020508
397,-0.106445,0.795410,-0.303223,149.414062,-21.118164,-68.481445
398,-0.156250,0.806641,-0.335938,126.403809,-20.874023,-87.768555
399,-0.160645,0.798340,-0.326660,126.770020,-30.395508,-92.956543
400,-0.197754,0.912109,-0.234375,118.103027,-78.430176,-70.739746
401,-0.166992,1.068359,-0.535156,112.121582,-101.074219,-43.273926
402,-0.146484,1.085449,-0.979492,111.450195,-78.979492,23.437500
403,-0.194336,0.823730,-0.843750,92.712402,-49.926758,38.146973
404,-0.242676,0.609863,-0.664062,61.035156,-27.832031,35.095215
405,-0.270020,0.514648,-0.509277,28.686523,-20.874023,20.629883
406,-0.278320,0.738770,-0.495605,5.126953,-51.696777,-3.784180
407,-0.335449,0.827637,-0.941406,38.696289,-56.945801,-0.305176
408,-0.358398,0.831055,-0.772949,158.874512,-13.854980,-4.699707
409,-0.349121,1.230469,-0.650879,170.837402,4.516602,12.756348
410,-0.355469,1.266113,-0.424805,145.263672,10.253906,36.682129
411,-0.426270,0.781738,-0.644531,66.223145,6.408691,76.782227
412,-0.408691,0.613281,-0.617188,68.359375,-7.202148,73.242188
413,-0.398926,0.658203,-0.630859,75.012207,-27.343750,74.768066
414,-0.386230,0.685059,-0.691895,81.726074,-39.916992,77.758789
415,-0.305664,0.729492,-0.638672,73.059082,-48.706055,79.101562
416,-0.234863,0.582031,-0.555664,65.063477,-57.678223,74.218750
417,-0.235352,0.708008,-0.426758,48.706055,-74.218750,87.341309
418,-0.289551,0.748535,-0.591309,43.823242,-120.544434,167.907715
419,-0.312012,0.692383,-0.741699,81.848145,-125.305176,206.909180
420,-0.268066,0.652832,-0.871094,141.296387,-110.900879,239.257812
421,-0.160645,0.598145,-1.025391,212.219238,-79.956055,267.028809
422,0.171875,0.864258,-1.568848,337.036133,72.753906,324.096680
423,-0.066406,0.661621,-0.892578,101.501465,230.285645,328.857422
424,-0.215332,0.388184,-0.524902,-38.696289,289.367676,276.977539
425,-0.505371,0.199707,-0.489746,-56.518555,153.503418,115.661621
426,0.192383,0.428711,0.325195,-23.742676,9.155273,-14.709473
427,0.255371,0.567871,-0.196289,-58.349609,-44.433594,-64.147949
428,0.120117,0.476562,-0.891602,38.330078,-47.241211,-34.545898
429,0.017090,0.536621,-0.807617,72.204590,-44.677734,-37.841797
430,0.097656,0.708496,-0.717773,88.989258,-40.893555,-42.663574
431,0.105957,0.723633,-0.677734,110.900879,-43.212891,-25.451660
432,0.062500,0.669922,-0.681641,141.052246,-58.776855,-13.122559
433,0.086914,0.692383,-0.768066,171.447754,-71.594238,-1.159668
434,0.039062,0.590332,-0.985352,197.753906,-59.020996,20.874023
435,-0.019043,0.475098,-0.877441,204.101562,-65.124512,18.249512
436,-0.058594,0.334961,-0.802734,191.833496,-75.378418,11.108398
437,-0.074707,0.332031,-1.012695,185.791016,-73.120117,9.704590
438,-0.103027,0.313965,-1.043945,194.274902,-56.640625,13.854980
439,-0.081055,0.298828,-1.112305,204.772949,-34.606934,17.761230
440,-0.029297,0.334473,-1.071777,120.483398,-24.475098,35.095215
441,-0.051758,0.268066,-0.966309,96.069336,-21.972656,41.381836
442,-0.026855,0.185547,-0.987793,68.237305,-33.874512,47.546387
443,-0.024414,0.016113,-0.951172,36.560059,-63.110352,54.870605
444,-0.093262,-0.129395,-0.997070,43.029785,-69.824219,48.339844
445,-0.024414,0.014648,-1.058594,72.814941,-80.383301,39.672852
446,-0.028809,0.055176,-1.341797,141.357422,-58.593750,51.879883
447,-0.043945,-0.076660,-1.077637,194.885254,-51.025391,58.349609
448,-0.021484,-0.013672,-0.976562,261.291504,-45.715332,88.195801
449,-0.189453,-0.015137,-0.881348,210.571289,-29.296875,94.604492
450,-0.324707,-0.101562,-0.807617,138.732910,-37.536621,75.500488
451,-0.346680,-0.126953,-0.970215,76.354980,-43.395996,47.607422
452,-0.229004,-0.114746,-1.001465,11.718750,-26.916504,4.638672
453,-0.178223,-0.066406,-1.020020,24.475098,-21.789551,13.366699
454,-0.232910,-0.085449,-1.030273,61.218262,-24.719238,22.827148
455,-0.189453,-0.056641,-1.232422,125.183105,-2.685547,18.920898
456,-0.237305,-0.195312,-1.213867,147.399902,22.521973,14.221191
457,-0.126953,-0.177734,-1.284180,186.462402,40.649414,14.709473
458,-0.102051,-0.192383,-1.154297,240.112305,51.879883,26.306152
459,-0.149902,-0.410156,-1.055664,310.485840,45.410156,26.184082
460,-0.244141,-0.571777,-1.081055,334.106445,62.194824,-5.981445
461,-0.191406,-0.502930,-1.053711,328.735352,61.279297,-43.212891
462,-0.277832,-0.440918,-0.678223,356.384277,67.565918,-92.407227
463,-0.266602,-0.499023,-0.490723,339.294434,40.588379,-115.356445
464,-0.084961,-0.711426,-0.601562,293.884277,-4.272461,-148.864746
465,-0.009277,-0.699707,-0.536621,294.372559,-20.507812,-145.019531
466,0.026855,-0.697266,-0.231445,291.625977,-55.419922,-140.380859
467,0.137695,-0.588867,-0.150391,269.104004,-105.590820,-132.568359
468,0.279297,-0.423828,-0.472656,239.013672,-156.433105,-64.331055
469,0.178711,-0.564453,-0.618164,234.069824,-149.597168,-20.935059
470,0.036621,-0.752441,-0.714844,234.802246,-130.859375,10.986328
471,-0.100098,-0.918457,-0.563477,238.037109,-74.218750,34.423828
472,-0.101074,-0.914062,-0.379883,226.806641,-49.743652,32.531738
473,-0.068848,-0.918457,-0.267578,209.045410,-34.545898,30.212402
474,0.053711,-0.914551,0.204590,199.096680,-48.583984,30.700684
475,0.141602,-0.919434,0.348633,204.711914,-86.975098,36.071777
476,0.285645,-0.832031,0.234863,218.933105,-122.314453,59.204102
477,0.353027,-0.714844,-0.125488,219.848633,-123.229980,97.717285
478,0.324707,-0.709473,-0.501465,198.974609,-73.730469,135.925293
479,-0.182617,-1.205566,-0.744629,91.979980,126.770020,140.380859
480,-0.416992,-1.232422,-0.251465,75.683594,177.124023,105.773926
481,-0.394043,-0.880371,0.063477,92.651367,156.555176,63.415527
482,-0.381836,-0.985840,0.397949,76.416016,114.990234,42.602539
483,-0.298340,-1.206055,0.473145,41.870117,60.791016,16.418457
484,-0.266602,-1.348145,0.503906,7.324219,4.760742,-6.347656
485,-0.387695,-1.180176,0.327637,-1.159668,-65.368652,-27.709961
486,-0.357422,-1.044922,0.097168,7.934570,-75.927734,-32.043457
487,-0.224609,-1.029297,-0.098145,32.409668,-53.955078,-16.296387
488,-0.190918,-1.270996,-0.437988,59.997559,-27.465820,-12.573242
489,-0.125488,-1.118652,-0.314453,97.045898,5.432129,-5.554199
490,-0.081055,-1.022949,-0.063477,190.917969,26.000977,9.826660
491,-0.080078,-0.979492,-0.037598,246.032715,15.319824,9.704590
492,-0.078125,-0.812988,0.006836,298.889160,3.540039,6.835938
493,-0.084473,-0.564453,0.555176,284.057617,-2.258301,5.859375
494,-0.166016,-0.522461,0.744629,205.383301,-0.915527,3.112793
495,-0.251953,-0.875488,0.814941,40.466309,-33.142090,-14.648438
496,-0.189453,-0.939941,0.345215,31.433105,-34.912109,-13.427734
497,-0.188965,-0.889648,0.389648,24.108887,-9.399414,2.563477
498,-0.229980,-1.013184,0.459473,-7.690430,50.048828,23.376465
499,-0.189941,-0.958984,0.470703,0.610352,49.133301,12.634277
500,-0.206543,-0.896484,0.333496,33.081055,28.808594,-4.821777
501,-0.178223,-0.880371,0.342285,47.607422,14.709473,-23.681641
502,-0.134766,-0.916504,0.458984,58.654785,-9.704590,-39.916992
503,-0.175293,-0.933105,0.600586,65.307617,-35.278320,-39.367676
504,-0.142090,-0.758789,0.504883,62.683105,-90.026855,-13.061523
505,-0.158203,-0.774414,0.339355,60.302734,-91.247559,6.835938
506,-0.178223,-0.773438,0.295410,67.382812,-79.833984,25.390625
507,-0.215332,-0.827637,0.682129,67.504883,-77.453613,52.368164
508,-0.148438,-0.622559,0.553223,94.177246,-95.397949,63.720703
509,-0.081543,-0.514160,0.394043,135.620117,-103.210449,85.937500
510,-0.215332,-0.861328,0.479492,111.450195,-59.448242,95.275879
511,-0.301758,-1.003418,0.382812,95.581055,-23.803711,79.284668
512,-0.367676,-1.014160,0.449219,65.429688,10.620117,55.786133
513,-0.392090,-1.033203,0.527832,31.860352,40.222168,26.611328
514,-0.306641,-0.962402,0.810059,-1.098633,53.710938,-18.798828
515,-0.366211,-1.256348,0.443359,26.000977,35.644531,-37.353516
516,-0.299805,-1.030273,0.416016,86.975098,21.728516,-54.809570
517,-0.188477,-0.728027,0.647461,123.596191,3.356934,-54.626465
518,-0.127441,-0.681152,0.746582,112.365723,-4.089355,-42.602539
519,-0.078125,-0.655273,0.811035,92.712402,-11.230469,-25.024414
520,-0.134766,-0.702148,0.761719,50.354004,-19.592285,6.347656
521,-0.178223,-0.759277,0.698730,37.414551,-15.502930,4.821777
522,-0.130859,-0.752930,0.621094,32.714844,-5.065918,1.342773
523,-0.071777,-0.698730,0.525879,59.875488,28.686523,7.995605
524,-0.069824,-0.675781,0.670898,87.768555,29.418945,14.587402
525,-0.063965,-0.673828,0.776855,98.083496,23.498535,23.315430
526,-0.108887,-0.641602,0.907227,54.077148,12.207031,40.710449
527,-0.147461,-0.625977,0.792480,44.433594,2.502441,44.433594
528,-0.188477,-0.700195,0.704590,67.260742,-21.667480,36.621094
529,-0.183594,-0.711914,0.670410,85.144043,-27.465820,34.301758
530,-0.178223,-0.689941,0.664062,103.942871,-27.709961,34.790039
531,-0.216797,-0.657715,0.673828,117.675781,-22.399902,36.071777
532,-0.283691,-0.561523,0.557617,137.451172,15.075684,23.376465
533,-0.278320,-0.500977,0.594727,141.906738,51.330566,13.793945
534,-0.283691,-0.420898,0.868164,138.183594,70.983887,2.929688
535,-0.243164,-0.284180,1.248047,126.892090,20.080566,5.004883
536,-0.227051,-0.290527,1.263184,99.609375,-12.756348,15.502930
537,-0.274414,-0.404297,1.152344,57.434082,-59.997559,29.907227
538,-0.299805,-0.442871,1.161621,55.358887,-83.129883,26.977539
539,-0.342285,-0.504883,1.141113,50.598145,-107.421875,22.094727
540,-0.367676,-0.577148,0.962402,39.733887,-120.178223,11.840820
541,-0.325684,-0.571777,0.725098,50.720215,-85.571289,-7.202148
542,-0.271484,-0.526855,0.751953,57.250977,-62.438965,-16.723633
543,-0.177734,-0.419922,1.218262,63.232422,-41.687012,-21.484375
544,-0.195312,-0.311035,1.255371,53.955078,-67.871094,-18.798828
545,-0.180664,-0.234863,1.118164,41.137695,-95.520020,-13.122559
546,-0.197754,-0.318848,0.983887,24.353027,-112.976074,-11.413574
547,-0.164551,-0.428223,0.667480,14.404297,-102.905273,-18.920898
548,-0.097656,-0.465820,0.665527,27.709961,-83.435059,-21.789551
549,-0.064453,-0.494141,0.830078,41.076660,-75.561523,-24.291992
550,-0.062988,-0.480957,0.933594,46.997070,-80.688477,-25.451660
551,-0.264648,-0.423340,1.303223,21.057129,-105.163574,-31.433105
552,-0.286621,-0.417480,1.090820,-4.089355,-118.347168,-47.363281
553,-0.174316,-0.323242,0.946777,-22.705078,-118.469238,-57.067871
554,0.125000,-0.218262,1.161133,-49.255371,-126.098633,-58.959961
555,0.185059,-0.247559,1.267090,-61.279297,-156.433105,-52.795410
556,0.126465,-0.390137,1.253418,-58.959961,-200.561523,-44.433594
557,0.049805,-0.486816,1.276367,-55.419922,-249.938965,-35.949707
558,-0.093262,-0.628418,1.159668,-77.453613,-359.497070,-28.137207
559,-0.080566,-0.637207,1.057129,-86.364746,-397.216797,-43.579102
560,0.082031,-0.559570,0.696777,-80.444336,-427.307129,-88.806152
561,0.269043,-0.517578,0.637695,-69.091797,-421.264648,-112.915039
562,0.500488,-0.438965,0.593750,-72.509766,-406.433105,-131.774902
563,0.656250,-0.222656,0.264648,-121.765137,-334.167480,-148.071289
564,0.647949,-0.148438,0.118164,-133.361816,-276.855469,-140.380859
565,0.644043,-0.178711,0.027344,-126.037598,-218.078613,-123.168945
566,0.963379,-0.345703,0.355957,-81.970215,-120.300293,-86.914062
567,1.038086,-0.313477,0.766113,-101.501465,-119.628906,-74.279785
568,0.965332,-0.265625,1.029785,-126.892090,-164.245605,-57.312012
569,0.860840,-0.279785,0.790527,-159.667969,-269.042969,-18.310547
570,0.577637,-0.355469,0.164062,-135.803223,-293.701172,-6.469727
571,0.498047,-0.438477,0.063477,-106.567383,-298.767090,-4.394531
572,0.502930,-0.394531,0.199219,-66.589355,-297.302246,-19.775391
573,0.527344,-0.424805,0.305664,-58.166504,-309.082031,-32.836914
574,0.791504,-0.705566,-0.111816,-66.162109,-299.499512,-101.562500
575,0.942871,-0.573730,-0.214844,-74.035645,-260.864258,-140.747070
576,1.035156,-0.319824,-0.296387,-95.397949,-215.087891,-157.836914
577,1.057617,-0.072754,-0.398438,-118.408203,-164.916992,-149.719238
578,1.127441,0.025879,-0.416992,-114.196777,-88.806152,-87.951660
579,1.123535,-0.075195,-0.403809,-88.073730,-75.927734,-54.321289
580,1.069824,-0.181641,-0.270508,-51.452637,-77.453613,-26.916504
581,1.053711,-0.150391,0.072754,-46.447754,-107.421875,2.929688
582,1.035156,-0.113770,-0.015137,-74.707031,-115.051270,9.643555
583,1.052734,-0.103027,-0.193848,-101.623535,-108.032227,13.854980
584,1.073242,-0.154785,-0.542480,-120.361328,-55.603027,23.803711
585,0.956055,-0.252441,-0.546387,-126.098633,-19.897461,25.878906
586,0.803223,-0.397461,-0.414551,-128.295898,3.112793,16.723633
587,0.678711,-0.380371,-0.010254,-111.999512,-29.174805,-27.465820
588,0.715820,-0.298828,0.089355,-109.375000,-78.918457,-50.537109
589,0.768066,-0.178223,0.021484,-111.083984,-135.803223,-66.955566
590,0.775879,-0.048828,-0.489746,-112.609863,-192.504883,-75.622559
591,0.735352,-0.041016,-0.676758,-110.412598,-179.199219,-74.401855
592,0.630859,-0.092773,-0.748535,-106.994629,-148.803711,-73.242188
593,0.553711,-0.153809,-0.616211,-102.722168,-121.154785,-76.843262
594,0.576660,-0.096680,-0.313477,-96.984863,-124.755859,-98.205566
595,0.669922,-0.010254,-0.329590,-106.140137,-140.319824,-107.238770
596,0.737305,0.077148,-0.415527,-115.051270,-150.451660,-110.107422
597,0.802734,0.190918,-0.631836,-117.187500,-138.671875,-94.726562
598,0.787109,0.240234,-0.660645,-118.286133,-126.831055,-78.491211
599,0.672363,0.226074,-0.747070,-113.281250,-120.117188,-63.842773
600,0.535156,0.130371,-0.807129,-92.346191,-117.858887,-60.119629
601,0.389160,0.092773,-0.746582,-43.884277,-128.540039,-85.266113
602,0.403320,0.138184,-0.712402,-41.442871,-132.568359,-98.144531
603,0.437012,0.217773,-0.653320,-48.217773,-134.521484,-104.064941
604,0.528320,0.251465,-0.570312,-50.964355,-147.033691,-100.952148
605,0.521973,0.258789,-0.610840,-51.696777,-152.893066,-95.886230
606,0.479004,0.289551,-0.656250,-48.767090,-156.311035,-90.942383
607,0.340332,0.328613,-0.854492,-45.593262,-146.728516,-87.402344
608,0.303711,0.368164,-0.928223,-46.081543,-128.662109,-87.158203
609,0.333008,0.453125,-0.940430,-49.072266,-106.201172,-84.716797
610,0.376953,0.494141,-0.896973,-62.927246,-73.852539,-66.894531
611,0.393066,0.560547,-0.763672,-62.377930,-71.044922,-53.344727
612,0.359375,0.583984,-0.774414,-66.528320,-67.565918,-39.978027
613,0.274414,0.553223,-0.901855,-73.852539,-52.978516,-25.024414
614,0.227051,0.571289,-0.988281,-64.086914,-43.273926,-21.850586
615,0.168457,0.568359,-1.027344,-51.025391,-30.395508,-19.592285
616,0.137207,0.592285,-0.864746,-28.625488,-17.639160,-19.287109
617,0.147949,0.628906,-0.793457,-31.433105,-13.488770,-18.798828
618,0.173828,0.657715,-0.729980,-50.476074,-11.657715,-15.808105
619,0.210938,0.715820,-0.724609,-64.025879,-14.587402,-9.582520
620,0.320801,0.881836,-0.814453,-54.626465,-25.878906,-1.586914
621,0.329102,0.925293,-0.987305,-43.579102,-27.648926,-0.061035
622,0.309082,0.944336,-1.184082,-23.559570,-15.136719,4.089355
623,0.278320,0.960449,-1.147461,14.038086,54.931641,33.264160
624,0.288574,0.922363,-0.954590,17.944336,91.186523,53.588867
625,0.351074,0.882812,-0.720215,-2.624512,138.427734,88.256836
626,0.375977,0.923340,-0.706543,-24.536133,161.254883,103.454590
627,0.404297,0.938965,-0.732910,-49.011230,182.495117,118.164062
628,0.398438,0.788574,-0.858887,-51.269531,192.382812,130.737305
629,0.291504,0.707031,-0.847168,-28.991699,165.344238,124.145508
630,0.171875,0.683105,-0.777832,40.588379,87.585449,88.256836
631,0.062012,0.561035,-0.579102,49.804688,62.683105,63.598633
632,0.150391,0.579590,-0.593262,38.269043,55.358887,42.968750
633,0.282715,0.605957,-0.620117,22.644043,64.208984,31.188965
634,0.483398,0.634766,-0.517090,7.080078,90.209961,24.841309
635,0.524414,0.630859,-0.518555,0.000000,95.825195,23.437500
636,0.506836,0.519043,-0.794922,10.131836,104.309082,13.183594
637,0.500977,0.539062,-0.729980,32.775879,98.205566,7.324219
638,0.497559,0.584473,-0.492676,54.321289,72.326660,4.516602
639,0.496094,0.623047,-0.338379,61.462402,35.949707,4.455566
640,0.505859,0.590332,-0.402832,35.156250,-5.371094,13.244629
641,0.581055,0.558594,-0.495605,23.498535,-1.159668,21.484375
642,0.657715,0.498535,-0.654785,18.310547,31.311035,40.100098
643,0.611816,0.441895,-0.757812,22.949219,60.546875,45.349121
644,0.573242,0.410645,-0.757324,27.526855,101.074219,45.715332
645,0.546875,0.305176,-0.488770,16.479492,164.428711,36.315918
646,0.587891,0.334961,-0.293457,10.986328,160.461426,30.151367
647,0.671387,0.452148,-0.169434,3.112793,140.502930,31.127930
648,0.883301,0.589355,-0.313477,-48.645020,113.159180,62.683105
649,0.951660,0.566406,-0.503906,-62.622070,117.370605,84.960938
650,0.964844,0.512207,-0.656738,-60.668945,129.455566,103.881836
651,0.922852,0.458984,-0.776367,-44.860840,150.573730,117.004395
652,0.767578,0.402832,-0.670898,-8.728027,218.383789,128.051758
653,0.738281,0.338379,-0.470215,-7.934570,242.858887,126.831055
654,0.726562,0.175781,-0.243164,-12.207031,248.901367,119.689941
655,0.850098,0.285156,0.258789,-3.417969,162.902832,98.327637
656,0.942871,0.492188,0.230469,-28.869629,119.018555,105.468750
657,1.046387,0.505371,-0.030762,-61.950684,94.299316,118.835449
658,1.058105,0.258789,-0.623047,-41.503906,111.511230,134.399414
659,1.005371,0.247070,-0.587891,-3.906250,142.822266,133.117676
660,0.951660,0.289062,-0.395020,11.718750,178.894043,131.530762
661,0.931641,0.273438,-0.280762,4.394531,213.562012,132.080078
662,0.927734,0.231445,-0.261230,-16.174316,285.888672,151.184082
663,0.858398,0.242188,-0.190430,-21.301270,327.270508,170.471191
664,0.789062,0.242676,-0.074219,-29.052734,367.858887,190.612793
665,0.707031,0.203613,0.023926,-59.020996,428.344727,217.407227
666,0.552246,0.053711,0.157715,-74.096680,443.298340,222.534180
667,0.477051,0.006836,0.168457,-84.472656,452.880859,226.196289
668,0.392090,-0.012207,0.149902,-86.364746,460.449219,227.233887
669,0.232910,-0.061523,-0.052734,-83.435059,489.074707,233.703613
670,0.104004,-0.168945,-0.119629,-74.951172,509.582520,237.060547
671,-0.084961,-0.223145,-0.023438,-49.133301,520.874023,234.863281
672,-0.386230,-0.312988,0.456055,31.372070,485.961914,211.975098
673,-0.406250,-0.339844,0.672852,64.025879,453.430176,190.734863
674,-0.363281,-0.345215,0.891113,85.693359,423.706055,168.457031
675,-0.208984,-0.334961,1.264160,88.439941,368.530273,133.972168
676,-0.163086,-0.363281,1.387207,66.528320,342.407227,123.474121
677,-0.168945,-0.413574,1.428711,33.691406,314.636230,114.807129
678,-0.319336,-0.491211,1.193848,-15.441895,257.385254,84.594727
679,-0.345703,-0.419434,1.017090,-11.901855,229.736328,65.429688
680,-0.341309,-0.319336,0.897461,7.385254,209.960938,56.091309
681,-0.334961,-0.250488,0.892578,28.808594,198.242188,58.288574
682,-0.345703,-0.255371,1.100098,47.302246,178.222656,80.017090
683,-0.405762,-0.302246,1.197754,43.701172,161.010742,85.449219
684,-0.472168,-0.321777,1.226074,34.729004,140.136719,85.449219
685,-0.581055,-0.311035,1.146484,15.686035,103.759766,77.819824
686,-0.628418,-0.281738,1.085938,11.169434,90.332031,72.326660
687,-0.683105,-0.286133,1.088379,8.605957,78.491211,67.382812
688,-0.722656,-0.300293,1.093262,8.483887,51.574707,54.199219
689,-0.739746,-0.339355,1.127441,11.108398,36.315918,45.043945
690,-0.755859,-0.363770,1.146973,9.765625,22.216797,34.912109
691,-0.761719,-0.374023,1.148438,3.723145,9.765625,23.803711
692,-0.730957,-0.340820,1.061035,-6.591797,-11.352539,2.075195
693,-0.694824,-0.308594,0.985352,-12.634277,-14.709473,-1.831055
694,-0.633301,-0.259277,0.926758,-15.197754,-16.967773,-1.892090
695,-0.614746,-0.262207,0.989746,-6.713867,-32.104492,-0.610352
696,-0.627441,-0.288574,1.065430,2.624512,-63.781738,-0.671387
697,-0.659180,-0.299805,1.054688,9.704590,-100.524902,-2.563477
698,-0.623535,-0.321777,0.958496,17.150879,-153.442383,-16.540527
699,-0.570312,-0.312500,0.901855,16.601562,-162.536621,-25.817871
700,-0.426758,-0.258301,0.883301,18.737793,-158.630371,-41.198730
701,-0.345215,-0.234375,0.919922,19.104004,-154.296875,-45.471191
702,-0.263184,-0.209961,0.949707,16.479492,-152.221680,-47.546387
703,-0.199219,-0.205078,0.947754,13.366699,-151.672363,-45.532227
704,-0.197754,-0.301270,0.940430,28.808594,-162.902832,-38.818359
705,-0.216797,-0.325684,0.960449,47.607422,-176.147461,-41.381836
706,-0.201172,-0.293945,1.012695,62.561035,-189.819336,-45.593262
707,-0.162109,-0.232910,1.078125,67.871094,-203.063965,-47.424316
708,-0.076172,-0.149414,1.101074,48.461914,-218.261719,-46.020508
709,-0.018066,-0.119141,1.020996,35.644531,-212.097168,-44.006348
710,0.048828,-0.111328,0.943848,15.319824,-166.259766,-39.306641
711,0.137207,-0.140625,0.865234,16.357422,-140.991211,-37.658691
712,0.129883,-0.186035,0.943359,31.555176,-131.347656,-38.635254
713,0.125977,-0.199707,1.062500,51.208496,-140.502930,-40.161133
714,0.134766,-0.109863,1.199707,58.410645,-179.321289,-38.940430
715,0.135254,-0.069336,1.187500,41.381836,-191.955566,-38.635254
716,0.200684,-0.016602,1.047852,-2.685547,-197.998047,-43.395996
717,0.313965,0.002930,0.949219,-23.681641,-187.622070,-37.719727
718,0.481445,-0.051758,0.738770,-32.653809,-145.996094,-19.531250
719,0.495117,-0.125488,0.688965,-13.305664,-128.967285,-17.578125
720,0.459961,-0.194824,0.772949,14.160156,-127.380371,-21.545410
721,0.415039,-0.206543,0.933594,37.231445,-145.324707,-28.137207
722,0.380371,-0.085449,1.121094,50.415039,-215.026855,-38.330078
723,0.385254,-0.020996,1.071777,34.851074,-242.248535,-40.405273
724,0.395508,0.005859,0.977051,9.887695,-255.432129,-42.785645
725,0.523926,0.010742,0.682617,-44.738770,-242.492676,-45.227051
726,0.615723,-0.012207,0.464844,-58.471680,-211.608887,-42.175293
727,0.704590,-0.072754,0.324707,-51.818848,-173.156738,-40.771484
728,0.830078,-0.093750,0.353027,0.488281,-116.577148,-44.555664
729,0.846680,-0.060059,0.536133,31.738281,-115.356445,-47.668457
730,0.818848,-0.021973,0.763184,56.335449,-140.136719,-49.011230
731,0.671387,0.027344,0.972168,60.852051,-226.318359,-46.752930
732,0.604004,0.018555,0.916016,40.039062,-260.803223,-48.645020
733,0.572266,-0.002930,0.788086,14.526367,-281.616211,-55.358887
734,0.720215,0.051758,0.444336,-33.142090,-282.592773,-69.946289
735,0.836426,0.068359,0.330566,-38.330078,-275.329590,-75.012207
736,0.908691,0.044922,0.258301,-30.883789,-274.902344,-79.711914
737,0.872070,0.084961,0.176758,-3.112793,-286.560059,-80.749512
738,0.771484,0.105957,0.166016,6.896973,-292.236328,-78.002930
739,0.687988,0.112793,0.150391,8.850098,-294.372559,-77.819824
740,0.661133,0.139160,0.102539,-6.347656,-296.142578,-85.693359
741,0.653320,0.173828,0.087891,-22.216797,-299.499512,-88.867188
742,0.642090,0.203613,0.016602,-42.236328,-302.429199,-90.820312
743,0.618164,0.151367,-0.254395,-70.129395,-295.593262,-102.905273
744,0.672363,0.110352,-0.366211,-63.842773,-293.273926,-112.304688
745,0.706543,0.108398,-0.472168,-49.194336,-291.137695,-120.849609
746,0.723633,0.189941,-0.536133,-31.188965,-286.132812,-128.601074
747,0.761719,0.383789,-0.556641,-15.136719,-263.977051,-132.507324
748,0.778809,0.462891,-0.603027,-24.414062,-251.770020,-125.244141
749,0.741699,0.449707,-0.708984,-18.615723,-206.298828,-93.261719
750,0.749512,0.462891,-0.682129,-10.375977,-178.283691,-79.956055
751,0.756836,0.476074,-0.690430,-12.756348,-148.254395,-67.687988
752,0.730469,0.466797,-0.769043,-21.606445,-116.394043,-58.532715
753,0.716797,0.552734,-0.848633,-37.597656,-56.396484,-42.053223
754,0.710449,0.561035,-0.877930,-36.499023,-31.555176,-30.151367
755,0.653809,0.509277,-0.875977,-24.780273,13.000488,6.042480
756,0.606445,0.474609,-0.808105,-21.911621,34.729004,23.254395
757,0.580566,0.415527,-0.729004,-22.949219,53.894043,32.775879
758,0.624512,0.315430,-0.567383,-24.475098,70.068359,23.437500
759,0.687988,0.286621,-0.491211,-20.385742,62.072754,9.582520
760,0.797852,0.309082,-0.402832,-19.287109,46.081543,-4.089355
761,0.917969,0.381348,-0.307129,-30.029297,25.207520,-14.038086
762,1.107910,0.557129,-0.317871,-79.406738,-18.676758,-13.916016
763,1.098633,0.621094,-0.440918,-100.769043,-34.423828,-5.920410
764,1.098145,0.744141,-0.613281,-116.455078,-41.198730,5.187988
765,1.166504,0.811523,-0.876953,-97.412109,-33.874512,46.813965
766,1.142578,0.764160,-0.880371,-61.157227,-26.489258,75.561523
767,1.072266,0.746094,-0.778809,-25.268555,-15.686035,101.257324
768,1.042969,0.765625,-0.583008,-8.117676,-1.098633,122.497559
769,1.288086,0.915527,-0.158691,-33.081055,25.756836,168.579102
770,1.428223,0.930176,-0.137207,-54.443359,30.151367,202.148438
771,1.203125,0.663574,-0.557617,-43.884277,38.024902,288.513184
772,0.901855,0.533203,-0.809570,-15.136719,61.157227,334.533691
773,0.016602,0.192383,-0.982422,2.746582,182.922363,383.056641
774,-0.259766,-0.145996,-0.914551,-4.394531,257.141113,359.375000
775,-0.375000,-0.518555,-0.581055,-2.563477,306.762695,295.837402
776,-0.309082,-0.708008,0.108887,9.887695,300.048828,199.279785
777,-0.058105,-0.619141,0.939941,17.150879,216.552734,89.050293
778,0.675781,0.232910,1.411621,-85.266113,-98.876953,-58.532715
779,0.896484,0.742188,0.840820,-180.847168,-226.135254,-102.416992
780,0.912109,0.880371,-0.275391,-256.713867,-282.531738,-118.286133
781,0.956543,0.537598,-1.992676,-22.521973,-237.060547,-93.750000
782,1.031738,0.563477,-1.580078,143.981934,-179.565430,-47.668457
783,1.030762,0.678711,-0.956543,205.627441,-114.440918,3.051758
784,0.975098,0.643555,-0.613770,184.814453,-42.419434,38.818359
785,0.867676,0.131836,-0.505371,118.225098,69.458008,40.466309
786,0.791504,0.091797,-0.415527,126.342773,88.989258,28.076172
787,0.718750,0.226562,-0.206055,146.728516,71.289062,25.817871
788,0.612793,0.282715,0.225098,107.543945,56.274414,20.446777
789,0.554688,0.129883,0.107422,46.081543,48.889160,1.770020
790,0.549316,0.007324,-0.211914,1.647949,52.490234,-24.902344
791,0.699707,0.013184,-0.699707,10.620117,84.167480,-55.297852
792,0.773438,-0.011719,-0.769531,34.240723,112.121582,-49.682617
793,0.913574,-0.162598,-0.526367,61.767578,160.156250,-34.423828
794,0.932617,-0.196289,-0.281250,74.890137,155.334473,-32.897949
795,0.960449,-0.155762,-0.036621,83.129883,130.432129,-35.461426
796,1.239258,0.075684,0.058105,30.639648,87.463379,-16.967773
797,1.378418,0.113770,-0.161621,-14.526367,103.576660,11.169434
798,1.395996,0.071289,-0.398438,-41.870117,145.690918,39.916992
799,1.322266,0.016113,-0.479980,-47.790527,200.988770,61.706543
800,1.236816,0.004883,-0.353027,-34.545898,271.911621,84.716797
801,1.089844,-0.032227,0.042480,-28.442383,272.216797,88.378906
802,1.087891,-0.054199,0.234863,-21.789551,252.075195,89.599609
803,1.212402,-0.071289,0.524414,-22.094727,173.400879,101.440430
804,1.241699,-0.069824,0.492676,-23.864746,131.896973,110.839844
805,1.230957,-0.045410,0.384277,-25.695801,102.416992,117.736816
806,1.150879,-0.026855,0.095215,-35.400391,91.796875,135.986328
807,1.141602,-0.003418,0.009277,-42.724609,107.482910,155.883789
808,1.152832,-0.017578,-0.020020,-55.603027,133.728027,182.739258
809,1.141113,-0.077637,-0.005859,-69.396973,163.452148,212.280273
810,0.951660,-0.194824,0.083496,-81.909180,207.946777,258.056641
811,0.828613,-0.236328,0.149414,-88.256836,218.566895,270.324707
812,0.626953,-0.332031,0.262207,-105.163574,206.420898,279.052734
813,0.535645,-0.316895,0.453125,-107.055664,182.373047,280.883789
814,0.495605,-0.288574,0.684082,-118.164062,148.254395,285.339355
815,0.493164,-0.254395,0.792969,-157.958984,109.863281,292.968750
816,0.322266,-0.522461,0.337891,-274.841309,60.119629,302.429199
817,0.231934,-0.648438,-0.032715,-293.762207,60.729980,293.945312
818,0.181641,-0.711914,-0.295898,-275.024414,75.256348,283.325195
819,0.073730,-0.697266,-0.305664,-179.931641,109.191895,270.996094
820,-0.009277,-0.710938,-0.067383,-138.610840,114.501953,266.723633
821,-0.072266,-0.768555,0.180176,-118.164062,106.079102,258.483887
822,-0.104980,-0.838379,0.307129,-138.488770,66.833496,232.543945
823,-0.107910,-0.795898,0.279297,-156.311035,46.447754,218.627930
824,-0.120117,-0.782227,0.201660,-173.034668,27.954102,204.101562
825,-0.187012,-0.834473,-0.138184,-177.429199,14.343262,172.546387
826,-0.244629,-0.919434,-0.233398,-164.611816,17.700195,152.160645
827,-0.311035,-1.023926,-0.222168,-143.798828,20.874023,125.610352
828,-0.410645,-1.083984,0.300781,-119.140625,5.004883,57.250977
829,-0.442383,-1.108398,0.375488,-133.300781,-11.535645,17.028809
830,-0.456543,-1.152344,0.203613,-146.972656,-21.484375,-28.747559
831,-0.371582,-0.906250,0.232910,-178.405762,-67.993164,-8.056641
832,0.067871,-0.887695,-0.171387,-199.829102,-106.994629,63.232422
833,0.052734,-1.039062,-0.543457,-196.411133,-102.539062,86.547852
834,-0.209473,-1.102539,-0.594727,-149.414062,-20.446777,45.776367
835,-0.290039,-1.029297,-0.406738,-129.028320,-1.586914,30.883789
836,-0.333984,-1.044922,-0.312500,-122.863770,-3.906250,21.850586
837,-0.194824,-1.069336,-0.440430,-125.976562,-0.305176,-0.610352
838,-0.064453,-0.987793,-0.376953,-129.760742,8.422852,4.150391
839,0.034180,-0.877441,-0.298340,-143.127441,6.713867,22.155762
840,0.104492,-0.814453,-0.249023,-160.461426,-2.441406,46.386719
841,0.079102,-0.871094,-0.374023,-210.693359,-28.747559,83.435059
842,-0.011719,-0.870605,-0.471191,-243.469238,-22.949219,85.144043
843,-0.085449,-0.762695,-0.512207,-300.781250,-9.826660,91.125488
844,-0.070312,-0.467773,-0.400391,-343.078613,-11.474609,112.487793
845,-0.159180,-0.416016,-0.479980,-398.498535,-22.888184,132.324219
846,-0.276855,-0.449219,-0.777832,-446.411133,-36.376953,147.277832
847,-0.606934,-0.919922,-2.571777,-363.708496,11.901855,113.952637
848,-0.827637,-1.006348,-2.338379,-166.198730,45.715332,46.875000
849,-0.784180,-0.731934,-1.183594,5.798340,28.625488,-35.156250
850,-0.267578,-0.531250,-0.759766,93.505859,-68.908691,-101.013184
851,-0.184082,-0.461426,-0.786621,123.046875,-104.736328,-91.430664
852,-0.202637,-0.327637,-0.744629,106.140137,-135.559082,-61.584473
853,-0.231445,-0.410645,-0.889648,70.739746,-114.318848,-42.297363
854,-0.309082,-0.533203,-0.748535,30.639648,-65.551758,-32.287598
855,-0.292969,-0.523926,-0.677734,-4.943848,-26.916504,-34.790039
856,0.030762,-0.149414,-0.987793,-86.181641,54.199219,-23.742676
857,-0.082520,-0.193359,-1.000488,-123.657227,91.308594,13.977051
858,-0.348633,-0.647461,-0.772461,-129.028320,90.026855,50.415039
859,-0.521484,-0.998535,-0.872559,-80.444336,52.062988,41.748047
860,-0.568359,-1.045410,-0.963379,-19.897461,18.615723,7.202148
861,-0.311035,-0.636230,-1.024902,-2.868652,35.644531,-50.231934
862,-0.250000,-0.470215,-1.029785,-14.892578,53.222656,-57.434082
863,-0.151367,-0.208008,-0.954590,-33.752441,68.664551,-50.292969
864,-0.062500,-0.136230,-0.832520,-73.486328,58.959961,-19.104004
865,-0.092773,-0.559570,-0.604492,-53.100586,26.794434,-27.282715
866,-0.106934,-0.649414,-0.795898,-22.949219,-4.089355,-93.383789
867,-0.066406,-0.506348,-0.869141,-19.653320,6.591797,-110.900879
868,-0.061035,-0.455078,-0.866699,-20.568848,23.193359,-110.717773
869,-0.085449,-0.394531,-0.688477,-16.418457,33.691406,-61.157227
870,-0.149902,-0.414551,-0.575195,0.549316,1.525879,-17.089844
871,-0.182129,-0.416016,-0.604980,11.474609,-37.780762,7.263184
872,-0.091309,-0.447266,-0.739258,2.563477,-67.016602,4.943848
873,-0.140137,-0.483398,-0.658691,-12.145996,-73.425293,-1.770020
874,-0.207031,-0.464355,-0.895020,-61.462402,-71.899414,-8.422852
875,-0.168945,-0.397461,-1.116699,-58.776855,-75.317383,4.516602
876,-0.114258,-0.396484,-1.341309,-41.870117,-65.063477,19.470215
877,-0.141113,-0.456543,-1.455078,-13.366699,-36.865234,23.742676
878,-0.314453,-0.570801,-1.223633,19.775391,36.682129,-5.981445
879,-0.342285,-0.592773,-1.169922,30.395508,65.246582,-24.047852
880,-0.300781,-0.576660,-1.126953,48.217773,85.021973,-38.452148
881,-0.128418,-0.445312,-0.997070,79.345703,106.933594,-49.133301
882,-0.070801,-0.357910,-0.853516,101.623535,105.285645,-46.447754
883,-0.051758,-0.315430,-0.677246,106.506348,91.674805,-38.391113
884,-0.066406,-0.376953,-0.504883,22.216797,33.569336,-12.268066
885,-0.028320,-0.549316,-0.769531,-24.353027,8.300781,3.112793
886,0.041992,-0.543457,-0.921387,-42.968750,3.845215,15.991211
887,-0.032715,-0.605957,-0.861816,-14.770508,10.742188,16.967773
888,-0.026855,-0.590820,-0.938477,0.488281,14.221191,3.234863
889,-0.027344,-0.522461,-0.927734,17.333984,23.254395,-8.911133
890,0.009277,-0.453125,-0.937500,56.152344,37.719727,-13.122559
891,0.000000,-0.533691,-0.846680,81.054688,42.297363,-12.329102
892,0.010742,-0.573242,-0.699707,86.242676,33.020020,-13.854980
893,0.055176,-0.560059,-0.671387,77.819824,15.258789,-10.314941
894,0.152832,-0.555664,-0.972656,103.210449,-25.390625,17.028809
895,0.085938,-0.608398,-0.965332,137.634277,-32.409668,25.878906
896,0.004395,-0.634277,-0.851562,160.461426,-30.761719,25.024414
897,-0.150391,-0.754883,-0.709961,191.101074,-11.230469,15.258789
898,-0.223633,-0.925781,-0.601562,195.068359,-15.747070,-6.713867
899,-0.181641,-1.021973,-0.651367,183.105469,-20.019531,-37.780762
900,-0.116699,-1.090332,-0.674316,166.137695,-13.854980,-62.683105
901,-0.062988,-0.879883,-0.810547,183.837891,30.029297,-57.495117
902,-0.208984,-0.846191,-0.654785,230.102539,38.452148,-52.246094
903,-0.225586,-0.783203,-0.329590,253.723145,12.634277,-62.561035
904,0.068359,-0.567383,-0.416992,231.933594,-47.546387,-58.044434
905,0.096680,-0.574707,-0.355957,212.585449,-45.959473,-49.438477
906,0.149902,-0.564453,-0.264648,210.144043,-56.335449,-15.197754
907,0.085938,-0.675293,-0.122070,207.397461,-57.800293,-0.061035
908,0.122559,-0.847656,-0.102051,170.959473,-52.795410,0.793457
909,0.256348,-0.935547,-0.190430,109.008789,-27.770996,-0.061035
910,0.246094,-0.822754,-0.241699,40.710449,18.798828,37.048340
911,0.023926,-0.887695,-0.295898,47.302246,28.686523,51.757812
912,-0.140625,-0.898926,-0.359375,80.017090,28.198242,43.579102
913,-0.150391,-0.791016,-0.429688,178.833008,21.545410,-5.798340
914,-0.068848,-0.720703,-0.275391,202.087402,13.732910,-18.676758
915,-0.021973,-0.799805,0.051270,186.218262,-8.544922,-19.592285
916,0.151367,-0.956055,0.355469,86.914062,-91.247559,8.178711
917,0.151367,-0.861816,0.099121,56.945801,-102.844238,35.400391
918,0.087402,-0.859863,-0.158203,29.663086,-74.218750,63.232422
919,-0.109375,-1.163086,-0.293457,5.187988,15.441895,62.988281
920,-0.164062,-1.244141,-0.233398,11.962891,36.254883,32.104492
921,-0.141113,-1.162109,-0.205566,32.287598,37.231445,-2.319336
922,-0.040039,-1.096191,0.127441,73.913574,18.432617,-49.377441
923,0.032715,-1.107422,0.267578,58.288574,-3.723145,-60.363770
924,0.093262,-1.058105,0.202637,40.405273,-17.639160,-57.922363
925,0.079590,-1.029297,0.083496,28.137207,-22.888184,-21.240234
926,0.079102,-0.973145,0.093750,36.987305,-19.104004,1.586914
927,0.063965,-0.874023,-0.014160,55.786133,-12.817383,25.573730
928,0.029297,-0.797852,-0.058105,84.228516,-5.493164,45.043945
929,-0.083008,-0.737793,-0.168457,134.826660,24.719238,50.659180
930,-0.095703,-0.762695,0.059570,134.155273,39.245605,33.447266
931,0.027832,-1.239258,0.021484,87.524414,43.334961,-20.812988
932,0.118164,-1.046875,0.274414,50.476074,26.916504,-35.827637
933,0.180176,-0.857422,0.405273,10.681152,-3.356934,-24.047852
934,0.205566,-0.807129,0.280762,-10.192871,-29.541016,0.671387
935,0.165527,-1.078613,-0.089844,19.104004,-13.427734,49.682617
936,0.074707,-0.987305,0.093750,37.170410,2.075195,63.293457
937,-0.033691,-0.979004,0.402832,25.024414,14.465332,70.007324
938,-0.066895,-1.071777,0.555176,-16.479492,10.314941,55.847168
939,-0.073242,-1.146973,0.388672,-54.321289,4.638672,32.287598
940,-0.030273,-1.175293,0.159180,-9.948730,-25.390625,-22.644043
941,0.039062,-1.079102,0.084473,11.230469,-44.372559,-42.785645
942,0.099121,-1.010254,0.122559,21.118164,-57.556152,-53.161621
943,0.265625,-1.137207,-0.358398,63.659668,-62.927246,-41.748047
944,0.253418,-0.986816,-0.057617,113.159180,-52.490234,-18.127441
945,0.176270,-0.952148,0.242188,134.338379,-45.410156,6.042480
946,-0.010254,-0.887207,0.571777,124.694824,-53.161621,30.456543
947,-0.076660,-0.831055,0.569336,94.726562,-53.283691,36.376953
948,-0.149414,-0.814941,0.492188,66.284180,-56.640625,36.743164
949,-0.078613,-0.715820,0.201172,35.217285,-58.166504,26.184082
950,-0.044922,-0.875488,-0.021973,59.020996,-52.124023,30.883789
951,-0.077637,-0.927246,-0.008301,77.941895,-35.400391,29.052734
952,-0.117676,-0.948730,0.280762,27.954102,-15.075684,12.573242
953,-0.064941,-0.871582,0.469238,19.958496,-24.475098,15.930176
954,-0.046875,-0.955566,0.185547,41.442871,-31.616211,33.264160
955,-0.056152,-0.886719,-0.078613,143.615723,-6.713867,60.668945
956,-0.105957,-0.737305,0.029785,177.612305,3.967285,61.279297
957,-0.187012,-0.742676,0.209961,190.368652,5.004883,49.804688
958,-0.327148,-1.150391,0.586914,177.490234,-36.437988,-10.620117
959,-0.305664,-1.127930,0.592773,177.612305,-62.988281,-38.269043
960,-0.228027,-1.083496,0.530762,187.988281,-82.336426,-52.612305
961,0.001465,-0.798828,0.410645,237.060547,-89.477539,-36.193848
962,0.066406,-0.684570,0.473145,255.004883,-78.979492,-15.014648
963,0.083984,-0.615723,0.566895,258.728027,-67.443848,3.417969
964,0.084473,-0.633301,0.802734,223.815918,-37.597656,23.193359
965,0.095703,-0.743164,1.071777,191.955566,-28.320312,23.925781
966,0.091797,-0.715820,1.184082,153.198242,-27.099609,20.935059
967,0.062988,-0.485840,1.029297,95.703125,-24.353027,26.733398
968,0.039551,-0.435059,1.004395,66.528320,-17.150879,36.193848
969,0.003906,-0.417480,0.986328,31.005859,-10.009766,43.701172
970,-0.094238,-0.501953,0.780762,-33.691406,17.822266,41.625977
971,-0.115234,-0.678223,0.629883,-53.161621,45.288086,29.785156
972,-0.116211,-0.765137,0.533203,-52.673340,71.289062,11.230469
973,-0.038574,-0.618164,0.759277,-44.799805,91.491699,-4.150391
974,-0.073242,-0.586426,0.852539,-47.119141,81.726074,2.197266
975,-0.082031,-0.546387,0.859863,-36.926270,62.316895,12.695312
976,-0.094727,-0.671875,0.854004,-1.342773,10.559082,28.381348
977,-0.098633,-0.706543,0.817383,12.634277,-12.512207,29.479980
978,-0.148438,-0.701660,0.687988,46.752930,-26.916504,25.756836
979,-0.166016,-0.699707,0.695801,56.884766,-17.150879,17.944336
980,-0.158691,-0.678711,0.775879,58.105469,-5.981445,6.774902
981,-0.132812,-0.629395,0.884277,50.842285,0.122070,-2.441406
982,-0.109375,-0.599609,0.928711,24.658203,0.366211,-6.347656
983,-0.107422,-0.633789,0.915527,15.686035,0.976562,-5.859375
984,-0.117188,-0.622070,0.902344,11.535645,2.441406,-5.126953
985,-0.135742,-0.581543,0.816406,-3.662109,6.896973,-4.272461
986,-0.130859,-0.623047,0.761230,-8.605957,8.422852,-4.577637
987,-0.099121,-0.658203,0.722656,-2.014160,2.075195,-9.155273
988,-0.085938,-0.625488,0.718262,6.835938,-6.591797,-9.399414
989,-0.080566,-0.604980,0.724609,14.160156,-15.563965,-8.544922
990,-0.095215,-0.600586,0.767578,18.249512,-24.414062,-8.911133
991,-0.165039,-0.654785,0.773926,30.029297,-32.714844,-15.869141
992,-0.154297,-0.592285,0.821777,39.001465,-28.747559,-20.263672
993,-0.127930,-0.524902,0.860352,28.137207,-24.963379,-22.460938
994,0.015625,-0.530762,0.760254,-4.455566,-13.793945,-17.028809
995,0.060059,-0.585449,0.657227,0.366211,-5.187988,-10.131836
996,0.056641,-0.600586,0.705078,15.625000,0.793457,-3.540039
997,0.020996,-0.579102,0.841309,25.329590,-2.502441,2.746582
998,-0.036621,-0.555176,0.916504,28.198242,-14.160156,7.446289
999,-0.117676,-0.540527,0.886719,24.841309,-36.743164,4.638672
1000,-0.111816,-0.526367,0.841797,21.911621,-38.513184,0.488281
1001,-0.063477,-0.513672,0.843750,14.892578,-23.681641,-5.737305
1002,-0.036621,-0.474609,0.851562,8.361816,-15.563965,-7.751465
1003,-0.006836,-0.449219,0.828613,-0.061035,-7.568359,-7.263184
1004,0.011719,-0.469727,0.769043,-5.676270,0.366211,-6.347656
1005,-0.020996,-0.520020,0.775391,1.037598,7.324219,-10.131836
1006,-0.041992,-0.500488,0.808594,6.896973,3.601074,-11.047363
1007,-0.049805,-0.485840,0.821289,11.169434,-1.953125,-10.925293
1008,-0.040039,-0.478027,0.839844,12.023926,-7.202148,-11.657715
1009,0.026855,-0.533203,0.808594,16.662598,-10.559082,-11.840820
1010,0.044434,-0.495117,0.821777,25.085449,-3.540039,-13.427734
1011,0.058594,-0.412109,0.875000,20.202637,4.028320,-11.047363
1012,0.066895,-0.386719,0.892090,-2.868652,14.709473,5.187988
1013,0.057129,-0.413086,0.963867,-9.155273,13.610840,12.695312
1014,0.038574,-0.462402,0.956055,-16.235352,9.643555,17.883301
1015,0.018066,-0.526367,0.884766,-20.507812,7.873535,19.104004
1016,-0.010742,-0.613281,0.820801,-14.648438,6.469727,13.671875
1017,-0.036133,-0.646484,0.817871,-1.281738,3.234863,11.413574
1018,-0.125488,-0.668945,0.911133,23.010254,-11.230469,3.234863
1019,-0.135742,-0.628906,0.951172,26.550293,-20.751953,-3.479004
1020,-0.101562,-0.602051,0.943848,25.024414,-27.832031,-8.056641
1021,-0.052734,-0.614746,0.935059,22.583008,-26.550293,-8.789062
1022,0.006836,-0.545898,1.056641,13.671875,-16.296387,-7.873535
1023,-0.004883,-0.511719,1.125977,-0.793457,-15.747070,-7.019043
1024,-0.019531,-0.530273,1.078125,-20.690918,-12.817383,-8.544922
1025,0.021484,-0.578613,0.883301,-41.442871,3.662109,-11.352539
1026,0.030273,-0.596680,0.841797,-40.405273,10.009766,-11.596680
1027,0.037109,-0.587891,0.829590,-35.949707,11.657715,-10.437012
1028,0.075684,-0.565918,0.892090,-23.254395,4.211426,1.831055
1029,0.076172,-0.575195,0.909668,-20.812988,-1.708984,9.704590
1030,0.063965,-0.617676,0.896973,-19.287109,-4.699707,14.831543
1031,0.050781,-0.631348,0.873535,-12.329102,13.854980,17.333984
1032,0.029297,-0.611816,0.913574,-19.714355,22.399902,16.479492
1033,-0.000488,-0.660156,0.851562,-23.803711,26.367188,12.451172
1034,-0.027344,-0.678711,0.853027,-17.333984,23.437500,9.460449
1035,-0.057617,-0.676270,0.886719,-11.352539,15.136719,6.042480
1036,-0.085449,-0.694824,0.914062,-6.591797,1.953125,2.563477
1037,-0.108398,-0.713379,0.865723,9.643555,-20.996094,-8.361816
1038,-0.090820,-0.687500,0.883301,16.052246,-29.479980,-15.930176
1039,-0.062012,-0.659180,0.870117,21.179199,-34.912109,-23.193359
1040,-0.028320,-0.620117,0.913086,25.268555,-29.296875,-37.414551
1041,-0.001465,-0.562012,0.919434,18.188477,-26.489258,-43.640137
1042,0.038574,-0.518555,0.916504,11.657715,-26.672363,-44.494629
1043,0.125977,-0.529785,0.922363,4.028320,-32.714844,-30.700684
1044,0.137695,-0.531250,0.933594,-0.671387,-31.860352,-21.606445
1045,0.124512,-0.520996,0.934082,-10.742188,-26.733398,-13.183594
1046,0.101562,-0.515137,0.852051,-37.963867,-2.807617,-3.723145
1047,0.104492,-0.547363,0.776855,-44.494629,10.070801,-1.647949
1048,0.078125,-0.576172,0.763184,-43.945312,18.371582,-2.319336
1049,0.035156,-0.570801,0.780762,-33.325195,9.887695,-6.042480
1050,0.018066,-0.590332,0.768066,-26.306152,1.159668,-6.713867
1051,0.002441,-0.597656,0.760742,-19.531250,-5.310059,-8.178711
1052,-0.014160,-0.586426,0.744629,-13.916016,-13.000488,-12.268066
1053,-0.015625,-0.596680,0.711914,-14.038086,-13.122559,-16.235352
1054,-0.002441,-0.610352,0.676758,-12.817383,-10.253906,-20.080566
1055,0.012695,-0.612793,0.677246,-10.009766,-6.103516,-22.644043
1056,0.023438,-0.596680,0.702637,-9.155273,-4.089355,-23.803711
1057,0.040527,-0.566406,0.755859,-11.596680,-9.521484,-23.498535
1058,0.081055,-0.581543,0.702637,-10.375977,-10.803223,-19.897461
1059,0.085449,-0.602539,0.679688,-7.141113,4.333496,-14.099121
1060,0.091797,-0.581543,0.714844,-11.108398,11.413574,-12.390137
1061,0.110840,-0.595215,0.751465,-16.113281,17.150879,-7.995605
1062,0.109863,-0.629883,0.822266,-16.662598,22.583008,-3.295898
1063,0.104004,-0.636230,0.887207,-19.836426,19.470215,-0.915527
1064,0.069336,-0.671387,0.896484,-22.216797,13.427734,0.976562
1065,0.003906,-0.703613,0.853516,-22.460938,3.906250,-1.342773
1066,-0.022949,-0.717285,0.811035,-22.705078,1.953125,-3.906250
1067,-0.045410,-0.734863,0.773438,-20.874023,2.258301,-7.812500
1068,-0.066895,-0.746582,0.760742,-16.235352,4.150391,-13.793945
1069,-0.027832,-0.686523,0.837402,-7.141113,1.098633,-29.541016
1070,0.018555,-0.674805,0.849121,-3.784180,-3.112793,-34.301758
1071,0.050781,-0.652344,0.856934,-1.708984,-6.469727,-37.475586
1072,0.094238,-0.597168,0.844727,-5.798340,-15.075684,-37.170410
1073,0.096191,-0.585938,0.793945,-7.995605,-16.906738,-34.729004
1074,0.101074,-0.587402,0.745605,-10.559082,-9.948730,-28.686523
1075,0.109375,-0.578613,0.726562,-12.329102,-4.638672,-24.475098
1076,0.104980,-0.587891,0.724609,-14.526367,2.441406,-20.019531
1077,0.097168,-0.586914,0.730957,-18.432617,8.422852,-18.066406
1078,0.097168,-0.633789,0.705566,-26.550293,13.977051,-18.066406
1079,0.101074,-0.665039,0.661133,-26.000977,14.526367,-17.272949
1080,0.092285,-0.696289,0.618164,-19.958496,14.404297,-15.808105
1081,0.023926,-0.699707,0.620605,-6.774902,9.460449,-13.305664
1082,-0.009766,-0.691895,0.625977,0.915527,6.652832,-15.563965
1083,-0.010742,-0.671387,0.645996,9.033203,4.272461,-20.263672
1084,0.041504,-0.655762,0.652344,21.179199,1.525879,-29.663086
1085,0.080078,-0.644531,0.688477,30.395508,1.647949,-30.517578
1086,0.113770,-0.625488,0.852539,32.531738,-2.929688,-26.916504
1087,0.133789,-0.621094,0.953125,25.268555,-13.122559,-21.118164
1088,0.161621,-0.616211,0.881836,6.591797,-19.042969,-6.103516
1089,0.143066,-0.638672,0.806641,-4.577637,-7.568359,0.122070
1090,0.107422,-0.654785,0.758301,-16.052246,8.239746,2.624512
1091,0.042969,-0.703613,0.686523,-21.362305,29.968262,0.793457
1092,0.027832,-0.738281,0.701660,-11.962891,31.799316,0.854492
1093,0.001465,-0.787598,0.868652,4.272461,16.784668,-3.479004
1094,0.005859,-0.778809,0.936035,6.591797,2.624512,-4.943848
1095,0.003906,-0.787109,0.947266,4.333496,-9.094238,-7.507324
1096,0.018555,-0.786133,0.908691,1.647949,-16.479492,-18.737793
1097,0.105469,-0.862305,0.678711,8.483887,-7.568359,-22.766113
1098,0.113281,-0.722656,0.771484,9.399414,0.976562,-21.118164
1099,-0.000977,-0.760254,0.711914,-1.708984,23.620605,-13.366699
1100,-0.083496,-0.807129,0.709473,-15.441895,44.372559,-16.540527
1101,-0.141113,-0.856934,0.672363,-28.442383,61.218262,-25.085449
1102,-0.112305,-0.852539,0.640137,-22.521973,71.960449,-36.682129
1103,-0.072754,-0.876465,0.708496,-15.502930,66.711426,-35.461426
1104,-0.082520,-0.912598,0.713379,-10.986328,57.373047,-36.865234
1105,-0.114258,-0.909668,0.654785,-0.671387,40.222168,-53.649902
1106,-0.118164,-0.858398,0.640137,3.967285,35.949707,-60.852051
1107,-0.107422,-0.840332,0.603516,8.789062,36.193848,-64.453125
1108,-0.157227,-0.862305,0.648926,17.517090,36.865234,-81.359863
1109,-0.138672,-0.832031,0.685547,20.690918,31.860352,-92.895508
1110,-0.096680,-0.784180,0.681152,23.498535,26.794434,-100.585938
1111,-0.037598,-0.726074,0.637207,22.399902,27.404785,-103.454590
1112,0.110840,-0.664062,0.544434,5.249023,44.128418,-94.360352
1113,0.185547,-0.655762,0.537598,-1.159668,52.673340,-83.862305
1114,0.208984,-0.814941,0.720703,13.793945,58.105469,-49.499512
1115,0.106445,-0.856445,0.880371,24.475098,43.334961,-49.987793
1116,0.029297,-0.644043,1.135254,22.277832,27.893066,-55.847168
1117,-0.016113,-0.385742,1.276855,-22.033691,12.084961,-62.805176
1118,0.015625,-0.323242,0.954102,-118.652344,24.780273,-76.232910
1119,0.138672,-0.601074,0.574219,-146.728516,35.827637,-78.735352
1120,0.233887,-0.843262,0.477539,-156.799316,43.273926,-87.951660
1121,0.277832,-0.767578,0.397949,-148.132324,38.085938,-111.328125
1122,0.255859,-0.568848,0.563965,-144.409180,29.907227,-94.665527
1123,0.159668,-0.699707,0.446777,-151.916504,29.479980,-82.519531
1124,0.149902,-0.778809,0.397461,-165.588379,55.236816,-90.637207
1125,0.305664,-0.596191,0.220703,-190.307617,122.070312,-86.486816
1126,0.411621,-0.721680,0.329102,-181.640625,130.249023,-72.937012
1127,0.433105,-0.853027,0.434082,-174.133301,110.229492,-65.002441
1128,0.335449,-0.802246,0.312988,-113.769531,72.204590,-49.377441
1129,0.244629,-0.750000,0.339844,-112.304688,68.176270,-41.442871
1130,0.222168,-0.827148,0.339355,-117.187500,75.195312,-43.945312
1131,0.173828,-0.845703,0.383789,-160.400391,123.046875,-54.077148
1132,0.213867,-0.604004,0.357422,-168.273926,142.395020,-45.043945
1133,0.210449,-0.613770,0.400391,-169.738770,150.695801,-25.024414
1134,0.134766,-0.717285,0.399902,-171.447754,153.869629,-11.291504
1135,-0.100098,-0.871582,0.576172,-185.791016,169.616699,-25.268555
1136,-0.078125,-0.930176,0.715332,-198.730469,168.579102,-37.414551
1137,0.020020,-0.972168,0.820801,-201.843262,146.972656,-44.677734
1138,0.265137,-0.731445,0.658203,-201.293945,51.513672,-35.156250
1139,0.328613,-0.652832,0.418457,-169.555664,2.319336,-9.643555
1140,0.543945,-0.675781,0.308594,-129.516602,-24.963379,23.559570
1141,0.474609,-0.654785,0.120117,-132.446289,19.836426,89.416504
1142,0.366699,-0.639648,0.160156,-136.840820,39.916992,121.276855
1143,0.281738,-0.735352,0.204102,-161.010742,53.344727,152.709961
1144,-0.073730,-1.040527,0.106445,-171.142578,79.223633,149.353027
1145,-0.260742,-1.282715,-0.040039,-134.155273,64.392090,128.906250
1146,-0.331543,-1.297852,-0.074707,-52.734375,32.958984,92.651367
1147,-0.180176,-1.121582,0.180176,64.941406,-27.587891,43.701172
1148,-0.312500,-1.223633,0.463867,77.270508,-45.898438,11.230469
1149,-0.384277,-1.163086,0.560547,64.270020,-64.758301,-26.611328
1150,-0.262695,-1.087891,0.686523,28.625488,-77.941895,-51.879883
1151,-0.004883,-0.939941,-0.387207,8.850098,-38.391113,-71.228027
1152,0.031250,-0.827148,-0.159668,40.283203,6.652832,-55.725098
1153,0.000000,-0.912598,0.398926,31.860352,24.169922,-32.470703
1154,0.002930,-0.954590,0.430176,28.198242,22.583008,-29.846191
1155,0.055176,-0.958984,0.499512,15.930176,27.343750,-25.329590
1156,0.223145,-0.895996,0.448730,-30.578613,14.038086,-9.948730
1157,0.267578,-0.838379,0.299316,-45.166016,13.793945,8.911133
1158,0.168457,-0.837402,0.102051,-35.522461,23.681641,19.470215
1159,0.087402,-0.877930,0.287109,-21.972656,30.944824,12.512207
1160,0.133301,-0.816895,0.343262,-22.399902,20.446777,13.183594
1161,0.132812,-0.854492,0.447266,-30.700684,3.173828,17.517090
1162,0.088867,-0.838379,0.177734,-20.629883,-18.554688,17.456055
1163,0.061523,-0.884766,0.143555,-17.211914,-8.422852,17.700195
1164,0.056152,-0.903320,-0.034668,-18.005371,21.362305,25.939941
1165,0.043457,-0.844238,-0.109863,-19.042969,63.659668,39.123535
1166,-0.089844,-1.060547,0.335938,-15.869141,84.472656,51.208496
1167,0.094238,-1.088867,0.416992,-84.960938,32.043457,15.991211
1168,0.164062,-0.945312,0.223633,-86.730957,30.273438,26.611328
1169,0.155762,-0.883301,0.308105,-100.646973,36.560059,45.104980
1170,0.075195,-0.870117,0.104492,-118.774414,26.611328,80.200195
1171,-0.019043,-0.908691,-0.085938,-102.783203,7.690430,84.960938
1172,-0.146973,-0.983398,-0.273438,-78.125000,-7.202148,77.026367
1173,-0.265625,-1.049805,-0.395508,-25.451660,2.075195,29.479980
1174,-0.312500,-1.063965,-0.357910,-13.000488,9.277344,-0.671387
1175,-0.203613,-0.944336,-0.273438,-8.361816,17.517090,-18.005371
1176,-0.030273,-0.903320,-0.055664,-22.644043,38.635254,-11.901855
1177,-0.015137,-0.914551,-0.087891,-33.752441,46.691895,-3.051758
1178,-0.017090,-0.925781,-0.111816,-28.015137,51.635742,3.723145
1179,-0.014648,-0.942383,-0.056641,-17.028809,49.499512,9.155273
1180,-0.011719,-1.050781,-0.011719,-0.244141,33.447266,13.488770
1181,0.002930,-1.086426,-0.051270,9.033203,28.991699,13.854980
1182,0.004395,-1.109375,-0.095703,12.634277,26.367188,14.587402
1183,-0.106445,-1.197754,-0.066406,9.094238,21.118164,9.033203
1184,-0.171875,-1.203613,-0.058105,8.422852,17.639160,2.075195
1185,-0.169922,-1.157227,-0.072266,5.432129,16.174316,-6.896973
1186,-0.053223,-1.000000,-0.092285,2.563477,8.422852,-8.728027
1187,-0.020508,-0.967773,-0.103027,0.366211,2.014160,-2.319336
1188,-0.006836,-0.953125,-0.148926,0.183105,-3.173828,5.737305
1189,-0.041504,-1.008789,-0.175781,4.089355,-6.347656,11.230469
1190,-0.151855,-1.041016,-0.107910,28.869629,-17.272949,5.859375
1191,-0.174316,-1.052246,-0.004395,38.452148,-24.597168,-0.610352
1192,-0.134277,-0.993652,0.097656,36.743164,-64.025879,-11.840820
1193,-0.071289,-0.885742,-0.014160,35.522461,-83.496094,-3.479004
1194,-0.070312,-0.811523,-0.138672,28.686523,-91.308594,13.854980
1195,-0.157227,-0.777832,-0.242188,17.578125,-84.594727,33.142090
1196,-0.265625,-0.801270,-0.270508,5.676270,-66.223145,48.095703
1197,-0.445801,-0.938477,-0.250977,-4.943848,-33.203125,58.715820
1198,-0.539551,-1.034668,-0.291992,10.131836,-29.785156,46.997070
1199,-0.538574,-1.054199,-0.284668,33.325195,-35.888672,28.991699
1200,-0.459961,-1.021484,-0.245117,63.903809,-40.283203,2.502441
1201,-0.445801,-0.986816,-0.206055,71.594238,-39.184570,-5.554199
1202,-0.433105,-0.943359,-0.164551,76.782227,-36.071777,-8.117676
1203,-0.369629,-0.859375,-0.122070,71.594238,-15.197754,-3.723145
1204,-0.310059,-0.864258,-0.095215,66.162109,0.244141,-1.770020
1205,-0.273926,-0.883789,0.018555,61.218262,5.798340,-0.244141
1206,-0.267578,-0.923828,0.227539,58.105469,-23.315430,0.854492
1207,-0.272461,-0.939941,0.232910,53.771973,-42.785645,3.173828
1208,-0.250000,-0.899414,0.184570,49.682617,-53.771973,7.019043
1209,-0.219727,-0.830078,0.186523,31.860352,-59.387207,28.259277
1210,-0.223633,-0.831543,0.175293,19.287109,-61.035156,42.602539
1211,-0.238770,-0.895996,0.149902,6.835938,-61.523438,53.283691
1212,-0.276855,-1.005371,0.107422,-5.920410,-67.626953,59.936523
1213,-0.314453,-1.059082,0.089355,-4.455566,-73.547363,58.410645
1214,-0.336426,-1.082031,0.043457,4.333496,-78.430176,53.405762
1215,-0.308594,-1.056152,0.039551,30.456543,-85.205078,45.227051
1216,-0.295410,-1.043945,0.080078,36.621094,-88.378906,43.762207
1217,-0.321289,-1.055664,0.147949,37.963867,-91.735840,43.823242
1218,-0.365723,-1.101562,0.238770,21.606445,-104.858398,41.198730
1219,-0.325195,-1.043457,0.253418,6.164551,-107.116699,45.471191
1220,-0.329590,-1.034180,0.141113,-5.065918,-101.989746,51.452637
1221,-0.334473,-1.034668,0.055176,-10.559082,-90.087891,56.274414
1222,-0.359863,-1.113281,0.023926,-10.742188,-65.063477,54.931641
1223,-0.360840,-1.134766,0.055176,-5.310059,-55.908203,48.156738
1224,-0.336914,-1.144043,0.199219,0.183105,-50.170898,32.226562
1225,-0.300293,-1.106934,0.269531,-3.662109,-54.077148,28.442383
1226,-0.274414,-1.054199,0.285156,-9.399414,-57.067871,29.174805
1227,-0.258789,-1.020996,0.308105,-18.920898,-56.518555,32.836914
1228,-0.256836,-0.997070,0.271973,-44.860840,-48.889160,48.950195
1229,-0.329102,-1.057129,0.203125,-52.734375,-42.358398,53.100586
1230,-0.399414,-1.094727,0.199219,-54.565430,-42.480469,44.982910
1231,-0.420410,-1.140625,0.164551,-49.072266,-46.081543,36.804199
1232,-0.456055,-1.192383,0.131348,-37.780762,-49.194336,27.648926
1233,-0.509277,-1.215820,0.111816,-24.230957,-51.391602,12.695312
1234,-0.568848,-1.145508,0.101562,11.108398,-54.016113,-28.320312
1235,-0.524414,-1.073730,0.111816,30.090332,-52.734375,-44.555664
1236,-0.457520,-1.006348,0.175781,40.405273,-49.072266,-53.100586
1237,-0.338379,-0.926758,0.187500,34.667969,-33.081055,-47.302246
1238,-0.305176,-0.899414,0.162109,41.931152,-22.155762,-37.902832
1239,-0.312500,-0.930176,0.277832,49.316406,-19.287109,-30.151367
1240,-0.286133,-0.918457,0.391602,35.644531,-29.602051,-16.479492
1241,-0.276855,-0.860352,0.390625,18.615723,-25.024414,-13.732910
1242,-0.295898,-0.847168,0.352539,-2.441406,-11.413574,-15.014648
1243,-0.270508,-0.884766,0.181641,-14.160156,17.272949,-26.550293
1244,-0.243652,-0.888672,0.229980,-5.493164,20.996094,-31.311035
1245,-0.215332,-0.911621,0.372559,-3.295898,10.314941,-33.569336
1246,-0.157227,-0.934570,0.467773,-11.840820,-30.151367,-31.372070
1247,-0.144043,-0.899902,0.416992,-19.775391,-40.405273,-27.587891
1248,-0.144043,-0.860840,0.340332,-28.747559,-39.672852,-21.606445
1249,-0.158691,-0.832520,0.205566,-39.855957,-24.841309,-7.812500
1250,-0.180664,-0.845703,0.158203,-40.039062,-17.456055,-3.723145
1251,-0.206055,-0.863281,0.122070,-35.766602,-12.451172,-2.868652
1252,-0.232910,-0.875977,0.144531,-23.864746,-16.235352,-10.070801
1253,-0.240234,-0.899414,0.181152,-15.869141,-22.460938,-14.648438
1254,-0.240234,-0.924316,0.217285,-8.483887,-28.137207,-18.920898
1255,-0.217285,-0.925293,0.218750,-2.319336,-37.902832,-25.024414
1256,-0.212402,-0.916992,0.200195,-1.281738,-39.184570,-23.864746
1257,-0.200195,-0.908203,0.193848,-2.990723,-37.902832,-20.996094
1258,-0.169922,-0.896484,0.171875,-8.300781,-28.076172,-8.789062
1259,-0.160645,-0.875488,0.156738,-12.145996,-19.714355,0.061035
1260,-0.181152,-0.901855,0.171875,-12.756348,-11.108398,9.216309
1261,-0.233887,-0.971680,0.248535,-11.718750,-6.347656,11.840820
1262,-0.255371,-1.008789,0.305664,-17.028809,-10.314941,7.751465
1263,-0.252930,-1.017578,0.296875,-21.850586,-16.967773,3.723145
1264,-0.233398,-0.987305,0.221191,-27.465820,-22.155762,-0.061035
1265,-0.213867,-0.956055,0.175781,-31.188965,-19.592285,0.244141
1266,-0.209961,-0.937988,0.135742,-32.287598,-14.831543,2.258301
1267,-0.214844,-0.937012,0.112793,-31.799316,-9.643555,3.234863
1268,-0.188477,-0.925293,0.051270,-20.629883,-3.723145,4.272461
1269,-0.200684,-0.962402,0.110840,-11.474609,-3.173828,3.112793
1270,-0.211914,-1.003418,0.198242,-9.216309,-7.446289,-2.197266
1271,-0.200684,-1.043945,0.238770,-12.145996,-23.559570,-13.610840
1272,-0.186523,-1.023926,0.195312,-13.427734,-27.709961,-16.662598
1273,-0.170410,-0.984863,0.151367,-14.282227,-26.733398,-16.479492
1274,-0.162598,-0.956055,0.126953,-16.052246,-22.949219,-13.244629
1275,-0.172852,-0.951172,0.077637,-16.845703,-10.742188,-5.554199
1276,-0.176758,-0.942871,0.067871,-13.244629,-5.615234,-2.807617
1277,-0.220215,-1.002441,0.188965,-12.084961,-6.347656,-4.272461
1278,-0.218262,-1.011230,0.186035,-13.916016,-12.512207,-9.643555
1279,-0.194824,-0.980469,0.149902,-12.695312,-16.540527,-12.939453
1280,-0.177734,-0.951660,0.122070,-12.634277,-16.174316,-13.854980
1281,-0.160645,-0.905273,0.093750,-14.709473,-11.169434,-11.230469
1282,-0.159668,-0.896973,0.081055,-13.183594,-8.972168,-8.789062
1283,-0.153320,-0.891602,0.076172,-9.643555,-7.385254,-7.019043
1284,-0.151367,-0.894531,0.055176,1.770020,-7.263184,-2.868652
1285,-0.197266,-0.945312,0.124512,6.408691,-11.413574,-3.417969
1286,-0.233398,-0.996094,0.197266,4.577637,-20.446777,-8.666992
1287,-0.193848,-0.954102,0.131836,-2.868652,-27.709961,-17.883301
1288,-0.141602,-0.920410,0.096191,-6.286621,-21.118164,-14.282227
1289,-0.121094,-0.917969,0.108887,-13.000488,-14.770508,-8.300781
1290,-0.095703,-0.879395,0.072754,-21.423340,-10.986328,2.502441
1291,-0.080566,-0.877930,0.032715,-17.944336,-12.145996,8.056641
1292,-0.092773,-0.908691,0.037598,-12.145996,-15.991211,13.488770
1293,-0.219238,-1.050781,0.096191,-18.554688,-33.569336,13.793945
1294,-0.250000,-1.057129,0.047363,-22.033691,-36.743164,11.352539
1295,-0.256836,-1.037109,-0.015137,-23.986816,-30.395508,9.277344
1296,-0.258789,-1.023926,-0.061523,-25.634766,-15.258789,7.080078
1297,-0.229980,-1.013184,-0.034180,-20.385742,20.202637,-0.915527
1298,-0.192871,-0.985840,-0.006348,-15.502930,29.479980,-5.859375
1299,-0.157227,-0.946777,-0.006348,-6.347656,30.090332,-7.690430
1300,-0.145996,-0.944336,0.035645,6.225586,22.705078,-6.652832
1301,-0.144043,-1.008789,0.168945,18.371582,-12.573242,-5.187988
1302,-0.145020,-1.018555,0.132812,21.423340,-24.963379,-4.089355
1303,-0.148926,-0.990234,0.106934,20.751953,-26.550293,-2.563477
1304,-0.145020,-0.943359,0.083496,8.239746,-12.451172,3.356934
1305,-0.138672,-0.928223,0.072754,3.479004,-7.263184,7.629395
1306,-0.133789,-0.906250,0.063477,-0.183105,-6.042480,12.634277
1307,-0.151855,-0.905762,-0.001953,-1.159668,-7.751465,23.193359
1308,-0.193848,-0.944336,-0.009277,0.488281,-9.826660,25.329590
1309,-0.232910,-0.979492,-0.025391,2.929688,-12.756348,23.864746
1310,-0.275391,-1.023926,-0.041504,5.981445,-13.000488,16.479492
1311,-0.282227,-1.038086,-0.036621,2.624512,-8.483887,8.666992
1312,-0.250977,-1.022949,-0.004883,-4.089355,-5.737305,2.014160
1313,-0.125000,-0.931641,-0.087891,-13.122559,-6.591797,13.305664
1314,-0.133301,-0.930176,-0.124023,-18.005371,-4.455566,26.611328
1315,-0.182617,-0.963379,-0.154785,-20.812988,-0.549316,38.391113
1316,-0.305176,-1.080566,-0.169434,-6.042480,13.854980,40.588379
1317,-0.346191,-1.128418,-0.121094,3.051758,21.911621,29.663086
1318,-0.393555,-1.194336,-0.019531,17.761230,14.343262,-9.338379
1319,-0.372070,-1.192383,0.081543,25.512695,1.281738,-27.954102
1320,-0.301270,-1.127930,0.033203,33.264160,-5.126953,-38.452148
1321,-0.246582,-1.079102,0.017578,36.193848,-3.051758,-42.053223
1322,-0.205566,-1.036133,0.014648,35.461426,3.356934,-40.893555
1323,-0.155762,-0.980469,0.023438,27.038574,19.409180,-28.869629
1324,-0.159180,-0.964355,0.003906,21.667480,33.813477,-19.287109
1325,-0.169434,-0.964355,0.016602,23.071289,36.743164,-18.127441
1326,-0.187012,-0.980469,0.054199,26.123047,35.461426,-19.470215
1327,-0.193848,-0.995117,0.059570,27.404785,31.799316,-24.536133
1328,-0.128418,-0.968262,0.007812,28.564453,26.489258,-27.893066
1329,-0.102051,-0.947754,-0.013184,30.029297,24.353027,-24.658203
1330,-0.087402,-0.937012,-0.037109,30.151367,23.498535,-18.615723
1331,-0.091797,-0.939453,-0.054199,28.076172,25.146484,-11.718750
1332,-0.122070,-0.963867,-0.106445,24.719238,34.301758,-5.004883
1333,-0.144531,-0.991699,-0.141602,30.151367,37.963867,-5.493164
1334,-0.174805,-1.023926,-0.146973,38.269043,38.696289,-8.911133
1335,-0.184082,-1.028320,-0.201172,50.476074,29.296875,-20.874023
1336,-0.168945,-1.003906,-0.263184,56.579590,25.695801,-22.216797
1337,-0.175781,-0.979492,-0.278809,62.377930,25.329590,-20.568848
1338,-0.238281,-0.960449,-0.279297,56.213379,34.423828,-10.009766
1339,-0.291504,-0.983398,-0.243164,54.809570,43.579102,-1.159668
1340,-0.323242,-1.007812,-0.198730,36.621094,69.763184,12.207031
1341,-0.410645,-1.118164,-0.229980,27.282715,87.036133,10.925293
1342,-0.476562,-1.170898,-0.242188,23.925781,105.957031,0.976562
1343,-0.528809,-1.210938,-0.143555,22.277832,121.520996,-18.920898
1344,-0.460938,-1.196289,0.150391,20.751953,124.206543,-70.129395
1345,-0.354492,-1.125488,0.185059,24.291992,116.088867,-90.026855
1346,-0.238281,-1.018066,0.205566,30.029297,106.323242,-99.914551
1347,-0.033691,-0.850586,0.168457,27.893066,90.759277,-87.036133
1348,0.023438,-0.803223,0.134766,16.418457,90.087891,-69.763184
1349,0.033203,-0.788574,0.085449,2.990723,96.435547,-48.339844
1350,-0.097656,-0.856445,0.099609,-17.333984,118.408203,-15.014648
1351,-0.192383,-0.919434,0.203613,-22.827148,123.779297,-13.610840
1352,-0.256348,-0.984863,0.366211,-30.883789,119.995117,-21.057129
1353,-0.245605,-1.014160,0.393555,-38.269043,109.069824,-32.775879
1354,-0.112305,-0.859375,0.238281,-39.123535,93.444824,-37.414551
1355,-0.051758,-0.817871,0.153320,-39.672852,93.750000,-28.869629
1356,-0.010742,-0.791992,0.111328,-39.978027,95.886230,-15.319824
1357,-0.061035,-0.810547,0.025879,-20.141602,92.468262,15.075684
1358,-0.141602,-0.826172,0.017090,-12.573242,90.515137,24.597168
1359,-0.231934,-0.889160,0.016113,-4.699707,90.087891,27.587891
1360,-0.383789,-1.047363,0.150391,20.874023,87.036133,10.437012
1361,-0.407715,-1.115723,0.200684,30.883789,82.580566,-9.277344
1362,-0.393066,-1.110840,0.257812,38.269043,76.843262,-29.968262
1363,-0.300781,-0.997559,0.332031,44.250488,67.993164,-50.903320
1364,-0.246582,-0.949707,0.342773,38.696289,67.871094,-50.903320
1365,-0.177734,-0.916504,0.318359,32.958984,70.556641,-43.701172
1366,-0.176270,-0.912109,0.343262,27.526855,74.584961,-18.676758
1367,-0.198242,-0.917480,0.320312,21.911621,76.049805,-10.375977
1368,-0.224121,-0.939941,0.372559,19.653320,77.026367,-4.882812
1369,-0.227051,-1.006348,0.436035,9.948730,65.246582,-2.502441
1370,-0.220703,-1.007324,0.381836,9.704590,63.659668,-5.065918
1371,-0.213379,-0.999023,0.359863,9.704590,66.894531,-9.277344
1372,-0.225586,-0.995605,0.457520,14.770508,68.908691,-20.080566
1373,-0.226562,-0.972168,0.435059,21.728516,66.589355,-25.268555
1374,-0.209961,-0.918945,0.419922,26.855469,67.749023,-29.357910
1375,-0.156250,-0.845215,0.355957,32.470703,71.533203,-26.000977
1376,-0.170898,-0.877930,0.442383,28.259277,67.687988,-21.789551
1377,-0.177734,-0.901367,0.401367,20.202637,62.805176,-20.019531
1378,-0.165527,-0.890625,0.295410,18.737793,65.795898,-19.287109
1379,-0.159668,-0.894531,0.286133,21.179199,85.876465,-23.376465
1380,-0.147949,-0.900879,0.326172,21.667480,91.186523,-28.076172
1381,-0.130859,-0.895996,0.365234,27.099609,91.125488,-31.921387
1382,-0.101562,-0.877441,0.380859,33.935547,88.867188,-35.034180
1383,-0.038086,-0.849121,0.361328,41.503906,85.815430,-33.813477
1384,-0.047363,-0.863770,0.354004,43.762207,82.702637,-31.860352
1385,-0.051758,-0.857910,0.343262,42.968750,79.467773,-31.127930
1386,-0.054199,-0.884277,0.414062,27.282715,76.843262,-27.954102
1387,-0.035156,-0.878418,0.375977,19.348145,78.308105,-24.047852
1388,-0.049805,-0.875488,0.354492,1.831055,94.299316,-15.808105
1389,-0.045410,-0.895996,0.363770,-4.394531,101.562500,-15.380859
1390,-0.037109,-0.896484,0.363770,-5.737305,104.125977,-16.479492
1391,-0.043457,-0.912598,0.359375,-3.845215,102.416992,-19.470215
1392,-0.050781,-0.942383,0.359863,0.793457,88.562012,-31.494141
1393,-0.040039,-0.938965,0.324219,1.403809,81.359863,-36.071777
1394,-0.061035,-0.894531,0.302734,-5.371094,77.148438,-38.940430
1395,-0.068848,-0.880371,0.292480,-9.765625,79.528809,-35.705566
1396,-0.078613,-0.879395,0.298340,-13.916016,84.289551,-30.517578
1397,-0.088379,-0.880859,0.313477,-20.874023,89.660645,-25.329590
1398,-0.101562,-0.896484,0.267578,-32.714844,97.351074,-17.150879
1399,-0.125977,-0.925781,0.251465,-34.240723,98.632812,-15.014648
1400,-0.151855,-0.943848,0.230957,-34.118652,97.656250,-15.258789
1401,-0.193848,-0.953125,0.177734,-23.864746,93.566895,-15.991211
1402,-0.193848,-0.961914,0.183594,-13.916016,90.454102,-15.441895
1403,-0.176758,-1.011230,0.213379,8.239746,83.496094,-8.972168
1404,-0.188477,-1.031738,0.258789,18.615723,80.261230,-3.479004
1405,-0.225586,-1.055176,0.330078,25.329590,77.392578,3.051758
1406,-0.284180,-1.090820,0.392578,15.808105,77.697754,6.591797
1407,-0.357910,-1.104980,0.386230,6.896973,82.153320,4.699707
1408,-0.363281,-1.104492,0.357422,-0.610352,88.989258,3.906250
1409,-0.384766,-1.134277,0.340820,-7.934570,95.458984,1.708984
1410,-0.432617,-1.136230,0.273438,-11.474609,100.219727,-15.808105
1411,-0.413086,-1.094238,0.254883,-8.056641,100.219727,-28.137207
1412,-0.331055,-0.982910,0.218750,5.737305,94.177246,-49.377441
1413,-0.288086,-0.936035,0.193359,14.526367,87.097168,-56.579590
1414,-0.240234,-0.895020,0.180664,23.376465,77.941895,-61.157227
1415,-0.187500,-0.855957,0.187988,29.479980,66.467285,-61.035156
1416,-0.135742,-0.837891,0.239258,25.939941,46.752930,-45.410156
1417,-0.134277,-0.836426,0.240234,15.808105,43.273926,-34.851074
1418,-0.136230,-0.827637,0.200195,2.990723,46.936035,-24.475098
1419,-0.134277,-0.777344,0.066895,-18.554688,63.232422,-3.906250
1420,-0.139648,-0.766113,0.013184,-23.193359,68.298340,6.469727
1421,-0.150391,-0.775391,-0.049316,-21.484375,70.861816,15.014648
1422,-0.190918,-0.831543,-0.131348,-5.432129,68.786621,22.949219
1423,-0.231445,-0.886230,-0.112793,7.080078,65.246582,21.118164
1424,-0.273438,-0.928711,-0.044922,20.446777,60.485840,15.197754
1425,-0.286133,-1.010254,0.156250,42.297363,56.640625,-2.563477
1426,-0.266602,-1.033691,0.262207,41.015625,51.025391,-12.695312
1427,-0.215820,-0.997559,0.227539,38.085938,44.189453,-17.822266
1428,-0.187500,-0.903320,0.101074,27.343750,51.269531,-14.038086
1429,-0.176758,-0.863770,0.053711,20.507812,59.448242,-9.277344
1430,-0.173828,-0.847168,0.017578,17.272949,68.176270,-2.258301
1431,-0.192383,-0.835938,0.029785,16.052246,75.683594,2.929688
1432,-0.225586,-0.811035,0.111328,17.883301,82.763672,2.624512
1433,-0.213379,-0.816895,0.180176,22.766113,81.298828,-0.305176
1434,-0.182617,-0.817383,0.241699,25.329590,75.622559,-3.540039
1435,-0.095703,-0.788086,0.200195,29.846191,63.354492,-3.601074
1436,-0.061035,-0.761230,0.170898,31.860352,60.058594,1.525879
1437,-0.051758,-0.752930,0.167480,32.226562,57.678223,10.253906
1438,-0.112793,-0.765137,0.157227,29.541016,57.678223,23.681641
1439,-0.145508,-0.788574,0.193848,32.287598,59.509277,25.939941
1440,-0.171387,-0.812988,0.255859,35.888672,57.617188,25.329590
1441,-0.191895,-0.846191,0.326660,36.010742,51.757812,22.583008
1442,-0.202637,-0.878418,0.349121,33.508301,43.029785,17.944336
1443,-0.226074,-0.864258,0.270996,35.095215,31.250000,12.207031
1444,-0.237793,-0.848633,0.243164,32.043457,31.005859,10.375977
1445,-0.202637,-0.816895,0.161621,24.414062,41.809082,10.986328
1446,-0.194336,-0.788574,0.140625,23.681641,54.443359,11.291504
1447,-0.209473,-0.773438,0.227539,22.949219,62.805176,10.498047
1448,-0.233398,-0.756348,0.318848,32.958984,59.265137,9.765625
1449,-0.258789,-0.757324,0.374512,41.687012,49.255371,8.911133
1450,-0.273438,-0.779297,0.399902,50.109863,36.071777,7.812500
1451,-0.286621,-0.843262,0.417969,60.180664,13.732910,4.028320
1452,-0.284180,-0.847656,0.424805,59.570312,9.094238,2.258301
1453,-0.271484,-0.842285,0.420898,55.175781,10.559082,1.525879
1454,-0.248047,-0.816406,0.437012,41.198730,31.005859,0.427246
1455,-0.228516,-0.792480,0.459473,36.254883,39.184570,-0.732422
1456,-0.200684,-0.767090,0.469727,34.362793,40.588379,-0.427246
1457,-0.220215,-0.767578,0.575195,40.222168,22.766113,5.065918
1458,-0.276367,-0.756836,0.571289,41.198730,9.582520,4.333496
1459,-0.308594,-0.718750,0.516113,44.799805,2.502441,4.760742
1460,-0.240723,-0.644531,0.507324,45.898438,1.953125,17.761230
1461,-0.199707,-0.615234,0.558105,35.827637,3.234863,36.193848
1462,-0.241211,-0.628418,0.580078,18.554688,6.408691,56.762695
1463,-0.386719,-0.717773,0.490234,-4.882812,28.503418,73.730469
1464,-0.403809,-0.760742,0.468750,-3.051758,40.100098,67.871094
1465,-0.386230,-0.785645,0.497559,4.760742,41.748047,57.922363
1466,-0.365234,-0.809082,0.514160,17.028809,31.555176,47.912598
1467,-0.382812,-0.857910,0.576172,46.508789,-7.263184,31.311035
1468,-0.358887,-0.876953,0.577148,66.589355,-26.367188,15.380859
1469,-0.294922,-0.864258,0.578125,66.040039,-21.240234,14.343262
1470,-0.251465,-0.878418,0.615723,60.974121,-12.573242,19.958496
1471,-0.286621,-0.883789,0.725098,41.320801,-7.019043,37.780762
1472,-0.308105,-0.912109,0.689453,32.470703,-6.286621,47.119141
1473,-0.336914,-0.982422,0.693848,26.855469,-2.807617,50.476074
1474,-0.374023,-1.044434,0.767578,23.681641,-3.967285,44.067383
1475,-0.348145,-1.057617,0.801270,29.296875,-23.376465,21.057129
1476,-0.336426,-1.045898,0.797852,33.935547,-35.827637,14.404297
1477,-0.353027,-0.993164,0.668457,33.142090,-46.020508,8.361816
1478,-0.385254,-0.948242,0.610840,27.465820,-39.428711,10.253906
1479,-0.403809,-0.908691,0.566406,23.620605,-29.052734,15.075684
1480,-0.410156,-0.896484,0.543945,22.155762,-17.456055,20.141602
1481,-0.433594,-0.907227,0.571777,21.057129,-8.544922,23.498535
1482,-0.475098,-0.954590,0.644531,18.920898,-6.652832,21.545410
1483,-0.450684,-0.957520,0.636719,15.686035,-7.324219,17.639160
1484,-0.445801,-0.896484,0.626465,13.793945,-0.732422,16.052246
1485,-0.494141,-0.838379,0.647461,11.962891,1.037598,15.686035
1486,-0.461914,-0.639160,0.472168,18.127441,4.150391,19.348145
1487,-0.530762,-0.836914,0.671387,25.512695,2.075195,20.080566
1488,-0.454590,-0.734863,0.590820,30.944824,1.220703,17.761230
1489,-0.370117,-0.769043,0.482910,44.616699,-0.854492,30.395508
1490,-0.390137,-0.769043,0.256348,100.769043,-7.629395,42.907715
1491,-0.361328,-0.847656,0.500000,225.341797,-42.053223,70.373535
1492,-0.421387,-0.797363,0.870117,248.229980,-53.894043,76.965332
1493,-0.503418,-0.471191,0.788086,207.153320,-66.040039,81.176758
1494,-0.527832,-0.613770,0.845703,188.964844,-66.772461,80.017090
1495,-0.488281,-0.728027,0.914551,186.401367,-62.072754,75.195312
1496,-0.349609,-0.348633,0.860352,163.330078,-61.950684,54.687500
1497,-0.368652,-0.422852,0.918945,173.522949,-63.049316,65.185547
1498,-0.351074,-0.391602,0.915039,170.959473,-58.471680,71.289062
1499,-0.477539,-0.411621,1.004883,112.121582,-7.385254,71.838379
1500,-0.543945,-0.396973,0.857910,88.500977,12.268066,49.621582
1501,-0.555664,-0.353516,0.790527,109.680176,17.089844,29.724121
1502,-0.536621,-0.253906,1.190430,142.639160,-31.188965,6.958008
1503,-0.501953,-0.205566,1.223633,147.094727,-75.805664,6.774902
1504,-0.447754,-0.210449,1.137207,150.329590,-111.938477,5.615234
1505,-0.302734,-0.116211,0.989746,170.959473,-134.216309,12.023926
1506,-0.247559,-0.077148,0.984863,175.109863,-131.835938,21.423340
1507,-0.217773,-0.054199,0.939453,173.522949,-125.427246,29.052734
1508,-0.235352,-0.005371,0.972168,174.682617,-115.173340,28.320312
1509,-0.264648,0.084473,1.176758,161.926270,-125.915527,21.972656
1510,-0.202637,0.265137,1.305664,133.972168,-150.024414,31.005859
1511,-0.099609,0.325195,1.292969,99.304199,-211.914062,93.261719
1512,-0.111328,0.177246,1.042969,77.575684,-219.177246,121.459961
1513,-0.140625,-0.022461,0.714844,80.627441,-204.345703,127.746582
1514,-0.184082,-0.060547,0.615234,148.742676,-157.531738,85.083008
1515,-0.179688,0.004883,0.731934,176.330566,-147.460938,56.396484
1516,-0.015625,0.184082,0.968750,187.744141,-164.672852,19.592285
1517,0.121582,0.285156,1.140625,186.767578,-193.786621,14.099121
1518,0.253418,0.329590,1.224121,187.316895,-237.487793,17.150879
1519,0.317383,0.333008,1.232422,190.856934,-283.935547,23.864746
1520,0.242188,0.297363,1.206055,156.616211,-358.154297,31.127930
1521,0.140137,0.215820,1.013184,127.929688,-370.727539,14.099121
1522,0.135254,0.253906,0.862793,99.731445,-365.478516,-17.517090
1523,0.301758,0.280762,0.791016,31.494141,-321.044922,-91.308594
1524,0.557129,0.437012,0.781738,3.845215,-296.875000,-118.103027
1525,0.818848,0.613281,0.717773,-14.099121,-272.216797,-121.643066
1526,0.936523,0.666992,0.674316,-18.432617,-246.032715,-104.248047
1527,0.834961,0.557129,0.698730,-28.137207,-212.524414,-43.334961
1528,0.715820,0.528809,0.748047,-27.038574,-212.097168,-20.629883
1529,0.618164,0.516602,0.862305,-30.700684,-229.431152,-2.807617
1530,0.494141,0.448242,0.845215,-54.138184,-293.273926,16.662598
1531,0.546387,0.462891,0.693359,-58.959961,-322.265625,19.104004
1532,0.666016,0.489746,0.515137,-54.931641,-337.219238,21.240234
1533,0.797852,0.418457,0.285156,-57.434082,-313.476562,14.526367
1534,0.812988,0.415527,0.153320,-71.411133,-274.230957,3.723145
1535,0.806152,0.463867,0.123535,-89.538574,-226.196289,-7.324219
1536,0.859375,0.516602,0.231934,-108.581543,-164.733887,-20.568848
1537,0.885254,0.437500,0.328125,-99.792480,-157.836914,-28.503418
1538,0.898438,0.367188,0.398438,-93.750000,-167.053223,-40.405273
1539,0.838867,0.432617,0.170410,-90.759277,-183.044434,-61.340332
1540,0.747070,0.525391,0.091797,-86.059570,-176.696777,-56.640625
1541,0.659180,0.535156,0.004883,-72.631836,-166.931152,-49.316406
1542,0.617676,0.421875,0.140137,-53.161621,-155.334473,-53.710938
1543,0.678711,0.472656,0.188965,-59.204102,-164.245605,-61.096191
1544,0.785645,0.476074,0.162598,-67.932129,-199.462891,-62.377930
1545,0.843262,0.468262,0.176758,-68.298340,-225.280762,-58.898926
1546,0.851562,0.528809,0.134277,-72.204590,-249.572754,-49.987793
1547,0.770996,0.536133,-0.036621,-71.655273,-272.033691,-24.902344
1548,0.706543,0.520996,-0.065430,-69.396973,-270.141602,-18.127441
1549,0.663574,0.487305,-0.097656,-72.937012,-264.587402,-17.822266
1550,0.655273,0.455566,-0.163086,-84.472656,-235.717773,-30.273438
1551,0.756836,0.489258,-0.306152,-86.547852,-214.111328,-32.897949
1552,0.808105,0.551270,-0.354980,-79.956055,-192.077637,-29.052734
1553,0.822754,0.587402,-0.456543,-69.396973,-165.588379,-18.310547
1554,0.759277,0.608398,-0.444336,-48.461914,-100.891113,9.399414
1555,0.715820,0.618164,-0.422852,-45.837402,-75.500488,24.719238
1556,0.648926,0.592773,-0.389648,-39.062500,-58.105469,36.437988
1557,0.615234,0.569824,-0.261230,-29.235840,-58.837891,40.893555
1558,0.592285,0.504395,-0.256348,-38.208008,-67.443848,35.522461
1559,0.550293,0.427246,-0.197266,-75.012207,-62.744141,27.404785
1560,0.773926,0.664551,-0.332520,-137.512207,-36.254883,50.842285
1561,0.781250,0.577637,-0.440918,-93.444824,-42.602539,61.218262
1562,0.769531,0.536133,-0.507324,-40.344238,-41.442871,61.218262
1563,0.816895,0.608887,-0.460449,-26.794434,-9.155273,53.039551
1564,0.734375,0.527344,-0.384766,-40.039062,0.976562,45.959473
1565,0.667480,0.496094,-0.300781,-54.809570,-0.183105,34.118652
1566,0.642090,0.454590,-0.213379,-40.344238,-36.621094,13.366699
1567,0.666992,0.434570,-0.151855,-30.517578,-61.157227,-1.770020
1568,0.775391,0.494141,-0.205078,-37.048340,-76.660156,-13.610840
1569,0.816895,0.528320,-0.376465,-44.494629,-82.031250,-20.568848
1570,0.778320,0.563477,-0.430176,-37.780762,-76.416016,-17.089844
1571,0.712891,0.582031,-0.460938,-28.564453,-62.988281,-11.108398
1572,0.659668,0.622559,-0.414551,-30.883789,-37.109375,-4.028320
1573,0.541016,0.552246,-0.328125,-27.587891,-39.794922,-9.704590
1574,0.579590,0.548340,-0.227051,-31.494141,-56.213379,-18.249512
1575,0.635254,0.555176,-0.238281,-42.541504,-76.232910,-25.085449
1576,0.759277,0.629395,-0.401855,-51.391602,-93.139648,-29.968262
1577,0.805664,0.637207,-0.469727,-35.583496,-88.439941,-26.611328
1578,0.812988,0.616699,-0.545898,-8.666992,-48.339844,-14.831543
1579,0.782715,0.618164,-0.517090,2.502441,-22.155762,-5.493164
1580,0.740234,0.610352,-0.474609,10.925293,2.197266,4.272461
1581,0.689453,0.549316,-0.342773,14.770508,29.785156,10.681152
1582,0.692383,0.568359,-0.199707,9.094238,25.268555,7.995605
1583,0.689941,0.565430,-0.113281,-4.577637,4.211426,4.577637
1584,0.678711,0.538086,-0.111816,-18.005371,-24.597168,0.183105
1585,0.681152,0.532715,-0.263672,-32.165527,-68.786621,-10.009766
1586,0.687988,0.553711,-0.348633,-35.644531,-68.603516,-12.512207
1587,0.734863,0.604980,-0.487793,-33.447266,-32.043457,-8.178711
1588,0.767578,0.644043,-0.496582,-27.954102,-6.896973,-0.305176
1589,0.781738,0.662109,-0.500000,-23.803711,15.258789,9.765625
1590,0.766602,0.662598,-0.504883,-16.174316,31.250000,18.554688
1591,0.665039,0.675293,-0.390137,-3.173828,39.245605,28.686523
1592,0.631836,0.667480,-0.307129,-7.507324,28.625488,32.531738
1593,0.603027,0.640625,-0.252441,-19.042969,11.779785,34.484863
1594,0.625000,0.626953,-0.301270,-40.832520,-17.578125,30.212402
1595,0.637207,0.612305,-0.352539,-34.606934,-25.024414,25.024414
1596,0.649414,0.584473,-0.410156,-19.592285,-22.949219,15.441895
1597,0.670898,0.600586,-0.448242,-10.803223,-6.774902,4.516602
1598,0.781250,0.626953,-0.440430,-5.065918,35.461426,-1.831055
1599,0.815918,0.614258,-0.417480,4.760742,42.053223,3.601074
1600,0.810059,0.611328,-0.357910,12.329102,40.039062,11.657715
1601,0.686035,0.570801,-0.275879,13.183594,26.855469,23.315430
1602,0.657715,0.555664,-0.242676,6.591797,19.958496,20.629883
1603,0.690430,0.596680,-0.347168,-5.187988,11.596680,5.432129
1604,0.727051,0.610840,-0.411133,-2.685547,10.864258,1.342773
1605,0.746094,0.639648,-0.434570,0.244141,12.817383,1.281738
1606,0.757324,0.597656,-0.362793,1.953125,8.789062,7.080078
1607,0.763184,0.564941,-0.372559,6.225586,6.042480,7.141113
1608,0.776367,0.567871,-0.353027,7.873535,6.225586,7.446289
1609,0.754395,0.578125,-0.320312,6.713867,3.845215,8.972168
1610,0.729492,0.580078,-0.345215,6.958008,2.502441,9.277344
1611,0.696289,0.604004,-0.376465,9.582520,8.178711,8.666992
1612,0.687012,0.581055,-0.372559,11.840820,13.427734,7.446289
1613,0.677246,0.565430,-0.343262,13.793945,19.409180,4.516602
1614,0.708496,0.581543,-0.303711,12.268066,25.390625,2.807617
1615,0.770996,0.558594,-0.351074,9.460449,37.536621,6.713867
1616,0.799805,0.579102,-0.302246,7.141113,37.780762,8.056641
1617,0.777344,0.609375,-0.356445,10.620117,20.080566,11.108398
1618,0.754395,0.603027,-0.316895,12.695312,-0.061035,6.591797
1619,0.729004,0.556152,-0.341309,13.305664,-6.713867,2.380371
1620,0.715332,0.528320,-0.356445,18.737793,-7.568359,-4.333496
1621,0.709473,0.521484,-0.352539,21.057129,-1.159668,-9.582520
1622,0.744629,0.536621,-0.299316,18.859863,18.310547,-10.681152
1623,0.776855,0.506836,-0.315430,17.517090,26.184082,-7.080078
1624,0.786621,0.491211,-0.295410,11.779785,27.343750,0.244141
1625,0.754883,0.507324,-0.317383,8.178711,21.972656,3.967285
1626,0.711426,0.481934,-0.339844,8.911133,17.944336,2.258301
1627,0.687012,0.489746,-0.301758,9.155273,10.864258,-7.812500
1628,0.729980,0.512207,-0.259277,5.554199,5.249023,-10.192871
1629,0.791016,0.539551,-0.246582,2.990723,-1.342773,-9.094238
1630,0.871094,0.564453,-0.303223,2.197266,-3.784180,-4.150391
1631,0.917480,0.552246,-0.404785,9.887695,12.084961,7.446289
1632,0.907227,0.523438,-0.422363,20.935059,25.268555,13.671875
1633,0.884766,0.498535,-0.364258,31.555176,37.109375,18.737793
1634,0.783691,0.446289,-0.114746,30.151367,39.245605,24.658203
1635,0.758789,0.460449,-0.098145,21.179199,32.104492,25.390625
1636,0.670410,0.476074,-0.113281,11.413574,17.944336,20.385742
1637,0.657227,0.503906,-0.145020,4.760742,13.977051,17.272949
1638,0.644531,0.504395,-0.187500,0.854492,14.404297,13.061523
1639,0.640625,0.524414,-0.182617,-2.563477,16.845703,9.094238
1640,0.658691,0.493652,-0.267578,-4.882812,25.939941,4.699707
1641,0.686523,0.514648,-0.277832,-2.929688,32.348633,5.249023
1642,0.668457,0.510254,-0.231934,5.859375,43.945312,12.939453
1643,0.636719,0.515137,-0.166016,14.160156,48.095703,16.967773
1644,0.669434,0.516113,-0.039551,18.127441,49.987793,19.775391
1645,0.708496,0.454102,0.005859,15.991211,45.959473,20.690918
1646,0.681641,0.427246,0.010254,12.695312,29.907227,1.403809
1647,0.704102,0.451172,-0.032715,4.150391,24.475098,-7.324219
1648,0.708008,0.437012,-0.083984,-3.234863,23.071289,-13.732910
1649,0.794922,0.498047,-0.101074,-11.962891,21.911621,-10.070801
1650,0.841309,0.501465,-0.129395,-15.258789,17.517090,-0.549316
1651,0.833496,0.468262,-0.165039,-17.639160,12.084961,6.896973
1652,0.776367,0.483398,-0.269043,-19.348145,11.657715,13.183594
1653,0.745605,0.477051,-0.284668,-18.493652,18.554688,14.526367
1654,0.711426,0.449707,-0.275391,-16.540527,26.367188,13.549805
1655,0.744629,0.488770,-0.177246,-16.113281,33.569336,15.502930
1656,0.777832,0.503906,-0.274414,-17.333984,35.217285,20.629883
1657,0.778320,0.502441,-0.348145,-10.803223,38.452148,23.193359
1658,0.792969,0.503418,-0.279297,-1.647949,33.935547,19.531250
1659,0.782227,0.433105,-0.236816,-2.807617,26.062012,11.657715
1660,0.782715,0.398438,-0.167480,-6.286621,12.451172,2.746582
1661,0.794434,0.436523,-0.000488,-13.671875,-25.329590,3.601074
1662,0.776367,0.417969,0.021484,-20.812988,-40.954590,12.207031
1663,0.773926,0.451660,-0.100586,-28.442383,-41.809082,20.507812
1664,0.789551,0.477539,-0.255859,-28.503418,-23.864746,27.099609
1665,0.852539,0.412598,-0.183594,-24.597168,23.437500,11.901855
1666,0.938477,0.452148,-0.179199,-27.221680,28.503418,-1.403809
1667,0.985352,0.500488,-0.226074,-23.986816,23.437500,-5.310059
1668,0.937012,0.585449,-0.151855,-6.469727,-3.662109,11.657715
1669,0.895996,0.642090,-0.053711,-4.821777,-16.967773,26.245117
1670,0.867188,0.651367,-0.083496,-7.812500,-22.155762,37.963867
1671,0.805664,0.587891,-0.123047,-15.991211,-0.183105,22.460938
1672,0.931641,0.447266,-0.064453,-22.033691,8.178711,0.488281
1673,1.009766,0.370117,-0.111816,-25.146484,10.131836,-20.935059
1674,1.140137,0.492188,-0.044434,-18.127441,-11.779785,-15.441895
1675,1.141113,0.551270,-0.067383,-13.061523,-20.385742,10.803223
1676,1.108887,0.594727,-0.152344,-10.986328,-10.437012,38.330078
1677,1.024902,0.577148,-0.216797,-9.765625,57.922363,55.175781
1678,1.051270,0.505371,-0.183594,-26.855469,90.820312,38.330078
1679,1.072754,0.396484,-0.239258,-36.499023,102.416992,11.962891
1680,1.104980,0.384277,-0.267090,-33.325195,92.041016,-13.183594
1681,1.223633,0.617188,-0.093750,-24.902344,36.376953,-4.577637
1682,1.202148,0.659180,-0.126953,-20.629883,2.929688,14.892578
1683,1.151855,0.715820,-0.132812,-1.281738,-19.592285,37.658691
1684,0.867676,0.593262,-0.055176,14.465332,-18.737793,54.626465
1685,0.696289,0.453125,-0.096191,6.408691,-5.676270,35.705566
1686,0.611328,0.389648,-0.241211,-0.671387,13.244629,6.530762
1687,0.846191,0.465820,-0.196777,8.544922,38.757324,-30.761719
1688,1.074219,0.495117,-0.027344,18.432617,32.226562,-32.653809
1689,1.336426,0.520020,0.128906,22.033691,14.709473,-23.986816
1690,1.527344,0.303223,-0.016602,15.930176,-12.878418,-2.075195
1691,1.397461,0.205078,-0.128906,20.141602,-15.258789,2.746582
1692,0.999023,0.259766,-0.040527,40.893555,-28.320312,17.211914
1693,0.903809,0.308105,0.096191,46.997070,-44.921875,29.296875
1694,0.892090,0.298340,0.232422,47.119141,-62.805176,38.330078
1695,0.898438,0.257812,0.313965,34.667969,-74.951172,36.865234
1696,1.027344,0.308105,0.253906,-15.563965,-69.824219,9.826660
1697,1.086914,0.353516,0.044922,-36.376953,-50.720215,-1.037598
1698,1.132812,0.437012,-0.138184,-39.489746,-24.475098,-3.540039
1699,1.223145,0.504883,-0.320801,-7.446289,24.475098,18.249512
1700,1.245605,0.528320,-0.257812,16.113281,34.667969,32.409668
1701,1.224121,0.545898,-0.178223,29.785156,35.522461,46.691895
1702,0.979004,0.476074,-0.022461,36.315918,13.305664,59.020996
1703,0.867676,0.458984,0.041016,32.165527,-0.305176,56.579590
1704,0.799316,0.442383,0.087402,21.118164,-10.253906,48.583984
1705,0.815430,0.429688,0.065430,6.469727,-12.451172,35.217285
1706,1.000488,0.444824,-0.101562,-22.277832,15.014648,7.080078
1707,1.159668,0.463867,-0.208496,-26.306152,35.400391,4.943848
1708,1.279785,0.389648,-0.396484,12.878418,61.096191,18.981934
1709,1.220703,0.384766,-0.272949,33.813477,56.945801,32.348633
1710,1.126953,0.332520,-0.142090,40.283203,41.442871,46.447754
1711,0.912598,0.176270,0.084961,26.672363,-4.699707,64.208984
1712,0.840332,0.137207,0.137695,18.127441,-22.277832,70.190430
1713,0.809082,0.123047,0.180176,7.446289,-27.038574,73.242188
1714,1.020508,0.161133,0.105957,-6.774902,-0.427246,71.960449
1715,1.098633,0.104980,0.078613,-3.540039,27.099609,57.617188
1716,1.159180,0.078613,0.202148,-3.356934,47.241211,31.799316
1717,1.146973,0.126465,0.226562,-15.930176,35.400391,-10.070801
1718,1.075195,0.183594,0.228027,-27.954102,15.502930,-8.117676
1719,0.988281,0.237793,0.249512,-40.283203,-10.437012,12.329102
1720,0.842773,0.202637,0.158203,-41.625977,-48.828125,81.542969
1721,0.784668,0.167969,-0.000977,-41.442871,-40.649414,113.403320
1722,0.768555,0.214355,-0.194824,-32.104492,-7.934570,141.723633
1723,0.823730,0.229980,-0.527832,-1.647949,122.497559,182.739258
1724,0.847168,0.133301,-0.614258,16.296387,203.796387,185.119629
1725,0.863281,0.061523,-0.547852,38.574219,270.935059,175.598145
1726,0.860840,0.065430,-0.399414,63.110352,312.561035,161.621094
1727,0.879395,0.240234,-0.003418,71.472168,333.740234,168.579102
1728,0.891113,0.189453,0.224609,69.763184,316.406250,184.143066
1729,0.931152,0.134766,0.395508,51.574707,288.574219,196.533203
1730,0.960938,0.031250,0.467285,31.311035,252.624512,201.171875
1731,1.073242,-0.124512,0.174805,24.475098,203.002930,186.889648
1732,1.038574,-0.155762,0.002930,45.959473,209.289551,175.354004
1733,0.978027,-0.143066,-0.032715,69.824219,229.675293,164.550781
1734,0.755859,-0.086426,0.160645,92.163086,270.080566,148.925781
1735,0.646973,-0.075684,0.325684,88.500977,274.169922,143.371582
1736,0.555664,-0.089844,0.454102,78.063965,265.319824,135.803223
1737,0.581055,-0.022461,0.460938,65.795898,251.525879,129.455566
1738,0.644043,-0.024414,0.527832,37.719727,232.421875,131.408691
1739,0.700195,-0.180664,0.469238,36.560059,227.966309,130.432129
1740,0.613281,-0.239746,0.312988,60.729980,238.708496,100.708008
1741,0.625488,-0.060059,0.258301,83.679199,281.982422,117.675781
1742,0.506348,-0.118164,0.375488,106.872559,290.893555,144.653320
1743,0.381836,-0.160645,0.549316,127.197266,285.827637,159.118652
1744,0.183594,-0.189453,0.878906,151.916504,245.910645,161.682129
1745,0.109375,-0.210449,1.078613,144.714355,215.026855,151.733398
1746,0.066406,-0.225098,1.203125,120.483398,179.809570,142.578125
1747,0.050781,-0.228027,1.140137,84.594727,114.501953,120.666504
1748,0.013672,-0.310547,1.003418,84.228516,101.135254,107.604980
1749,-0.060547,-0.437988,0.875000,97.778320,103.393555,86.608887
1750,-0.091309,-0.414062,0.875488,115.417480,113.769531,61.706543
1751,-0.045410,-0.100586,0.951660,128.112793,131.774902,36.621094
1752,-0.041504,0.006836,0.953613,130.981445,136.535645,38.818359
1753,-0.052246,0.039551,0.999512,134.338379,139.465332,47.302246
1754,-0.105469,0.109375,1.239258,123.962402,136.962891,79.589844
1755,-0.120605,0.228516,1.297852,114.379883,135.131836,104.309082
1756,-0.366211,0.088379,0.883789,117.797852,162.353516,139.038086
1757,-0.418457,0.085938,0.713379,145.629883,185.119629,136.901855
1758,-0.440430,0.118652,0.677246,174.438477,204.345703,126.831055
1759,-0.522461,0.057129,0.844727,187.011719,211.059570,107.666016
1760,-0.291504,0.282227,0.965820,178.161621,156.555176,45.715332
1761,-0.319336,0.237793,1.060059,126.831055,136.901855,19.775391
1762,-0.261230,0.288574,0.931152,85.327148,119.995117,5.737305
1763,-0.272461,0.374023,0.971191,65.551758,103.210449,10.192871
1764,-0.426758,0.364258,0.957031,46.997070,56.457520,22.705078
1765,-0.464844,0.330078,0.966797,50.842285,30.456543,27.770996
1766,-0.459961,0.296875,0.979492,54.626465,0.427246,37.170410
1767,-0.511230,0.338867,0.990234,56.884766,-65.856934,63.659668
1768,-0.494141,0.291992,0.861328,41.503906,-77.636719,71.228027
1769,-0.412109,0.183105,0.607422,66.955566,-44.616699,44.799805
1770,-0.324707,0.475098,0.719238,77.636719,-23.986816,30.578613
1771,-0.244141,0.537109,0.792480,74.096680,-1.220703,25.024414
1772,-0.407227,0.449219,0.851074,106.018066,1.770020,27.221680
1773,-0.446777,0.463867,0.900391,112.792969,0.549316,28.320312
1774,-0.470703,0.488770,0.910156,113.464355,-5.432129,29.174805
1775,-0.447754,0.475098,0.840332,143.615723,-30.944824,20.935059
1776,-0.405762,0.466309,0.786621,178.771973,-46.325684,16.845703
1777,-0.346680,0.524902,0.775879,202.880859,-52.795410,11.535645
1778,-0.280273,0.638184,0.750000,213.256836,-43.518066,16.235352
1779,-0.275879,0.669922,0.778809,209.228516,-39.123535,20.080566
1780,-0.286621,0.681152,0.787109,208.312988,-40.527344,22.949219
1781,-0.307617,0.658203,0.724121,224.426270,-38.391113,22.338867
1782,-0.279785,0.682617,0.674316,221.252441,-35.278320,15.319824
1783,-0.252441,0.762695,0.532227,212.890625,-22.216797,7.446289
1784,-0.254883,0.876953,0.432129,203.674316,0.793457,2.075195
1785,-0.306641,0.979004,0.416992,196.472168,40.039062,-4.699707
1786,-0.332031,1.019043,0.456055,196.716309,44.128418,-8.544922
1787,-0.246094,1.099609,0.129395,209.472656,76.477051,-3.845215
1788,-0.163574,1.105469,0.167969,202.392578,98.632812,2.990723
1789,-0.120117,1.106934,0.412598,183.776855,107.666016,14.526367
1790,-0.166504,1.012207,0.578613,97.412109,75.927734,30.517578
1791,-0.179199,0.904785,0.532227,66.955566,55.480957,32.714844
1792,-0.217285,0.843262,0.517090,52.368164,32.653809,28.198242
1793,-0.261230,0.783691,0.440430,52.978516,9.826660,16.540527
1794,-0.248047,0.886719,0.251465,73.791504,-9.033203,1.403809
1795,-0.249023,0.901855,0.201660,76.721191,-9.155273,0.488281
1796,-0.208496,1.033203,0.143066,82.275391,2.136230,9.155273
1797,-0.243164,1.007812,0.184082,83.801270,6.286621,14.831543
1798,-0.239746,0.979492,0.194336,88.256836,3.112793,19.042969
1799,-0.234375,0.930664,0.220703,85.510254,-0.244141,21.301270
1800,-0.257324,0.881836,0.248047,62.255859,-14.343262,13.061523
1801,-0.274414,0.892090,0.162598,54.687500,-19.775391,7.812500
1802,-0.337891,0.905762,0.007812,93.811035,-33.874512,-4.882812
1803,-0.319824,0.944824,0.036133,116.943359,-42.358398,-9.460449
1804,-0.287109,0.964844,0.062012,119.812012,-47.058105,-10.742188
1805,-0.222656,0.917969,0.041992,82.153320,-18.127441,-7.019043
1806,-0.208496,0.922852,-0.006348,66.223145,3.112793,-2.990723
1807,-0.242676,0.921387,0.014648,63.903809,10.498047,-1.037598
1808,-0.284180,0.924316,0.036621,62.988281,10.681152,1.770020
1809,-0.296875,0.807617,-0.049316,64.086914,-2.624512,-2.319336
1810,-0.334961,0.767578,-0.111816,65.856934,-3.601074,-14.831543
1811,-0.303223,0.934082,-0.078125,75.073242,-11.352539,-31.311035
1812,-0.231445,1.034180,-0.015625,70.007324,-19.226074,-29.479980
1813,-0.191406,1.094238,-0.027344,60.302734,-20.385742,-22.644043
1814,-0.247070,1.056641,-0.044922,52.490234,-7.934570,-10.986328
1815,-0.251465,1.069824,-0.073242,66.894531,-12.023926,-7.812500
1816,-0.247559,1.068848,-0.118652,84.533691,-18.310547,-2.563477
1817,-0.264160,1.026367,-0.144043,95.153809,-24.169922,1.892090
1818,-0.281738,0.941406,-0.171387,98.022461,-31.799316,7.385254
1819,-0.297363,0.884277,-0.156738,88.012695,-32.836914,8.117676
1820,-0.313477,0.843750,-0.161133,71.533203,-30.151367,4.943848
1821,-0.289062,0.919434,-0.287598,62.744141,-15.808105,-2.624512
1822,-0.278320,0.979004,-0.356445,71.655273,-6.164551,-1.892090
1823,-0.304688,0.977539,-0.322754,78.552246,4.211426,-1.647949
1824,-0.324219,0.880859,-0.138672,72.204590,3.601074,-5.249023
1825,-0.318848,0.828125,-0.107910,55.053711,-4.455566,-7.873535
1826,-0.309570,0.834473,-0.205078,30.517578,-18.554688,-12.939453
1827,-0.306152,0.878906,-0.353027,31.921387,-19.531250,-16.662598
1828,-0.330078,0.900879,-0.431641,50.659180,-18.310547,-15.625000
1829,-0.375488,0.890137,-0.428223,71.228027,-16.601562,-13.183594
1830,-0.301270,0.846191,-0.300781,79.101562,-20.935059,-3.967285
1831,-0.263184,0.846191,-0.277344,65.063477,-22.705078,0.122070
1832,-0.251953,0.889648,-0.281738,47.180176,-21.911621,1.159668
1833,-0.189453,0.977051,-0.280762,34.362793,-21.667480,8.178711
1834,-0.170410,0.966309,-0.392578,46.325684,-31.982422,36.560059
1835,-0.255371,0.898438,-0.329102,52.001953,-35.827637,43.029785
1836,-0.312988,0.823730,-0.254883,35.095215,-37.597656,31.005859
1837,-0.330566,0.872559,-0.260254,16.662598,-31.250000,21.301270
1838,-0.333984,0.948242,-0.299805,4.760742,-23.437500,13.610840
1839,-0.306641,1.022461,-0.326172,-2.136230,-13.671875,11.718750
1840,-0.278320,1.064941,-0.309082,-12.207031,-4.760742,16.723633
1841,-0.207520,1.079590,-0.279297,-38.879395,-3.295898,40.893555
1842,-0.131348,1.120605,-0.360840,-66.467285,-15.625000,86.425781
1843,-0.142578,1.025879,-0.384277,-71.777344,-10.559082,103.576660
1844,-0.193848,0.915039,-0.354980,-82.397461,21.301270,109.375000
1845,-0.217285,0.893066,-0.368164,-86.242676,38.879395,106.201172
1846,-0.267090,0.832520,-0.395020,-84.838867,54.748535,99.121094
1847,-0.430664,0.847656,-0.479004,-57.128906,71.838379,53.771973
1848,-0.213867,0.894531,-0.303711,-37.658691,64.086914,51.757812
1849,-0.180664,0.888184,-0.100098,-36.682129,44.738770,48.400879
1850,-0.102051,0.869629,-0.176758,-59.204102,-2.624512,54.016113
1851,-0.112793,0.901855,-0.301270,-55.908203,-18.371582,60.546875
1852,-0.159180,0.887695,-0.287109,-42.968750,-31.616211,64.819336
1853,-0.167480,0.881836,-0.187988,-31.250000,-51.818848,60.974121
1854,-0.181641,0.893555,0.016113,-31.433105,-110.656738,46.142578
1855,-0.189941,0.928223,0.049316,-47.912598,-139.587402,37.048340
1856,-0.145020,1.006836,-0.030762,-60.058594,-162.475586,33.386230
1857,-0.085938,1.072754,-0.110352,-62.072754,-175.720215,37.170410
1858,-0.034180,1.081055,-0.153809,-61.279297,-172.912598,49.133301
1859,-0.030762,1.025391,-0.145020,-59.570312,-163.757324,49.255371
1860,-0.036621,0.972168,-0.154785,-53.588867,-152.526855,45.104980
1861,-0.044922,0.957520,-0.116699,-36.132812,-128.723145,31.799316
1862,-0.057617,0.962402,-0.102539,-29.907227,-118.103027,26.062012
1863,-0.061523,0.979004,-0.073730,-25.390625,-108.947754,21.118164
1864,-0.084961,0.948730,-0.014648,-39.672852,-97.106934,8.178711
1865,-0.125488,0.904297,-0.060547,-43.640137,-91.674805,-6.103516
1866,-0.162109,0.893066,-0.095215,-41.625977,-85.998535,-23.620605
1867,-0.167969,0.958984,-0.148926,-23.986816,-74.523926,-49.255371
1868,-0.134766,1.011719,-0.190430,-8.361816,-68.054199,-52.185059
1869,-0.109375,1.035156,-0.101562,3.173828,-64.453125,-50.354004
1870,-0.105469,1.035645,-0.037109,3.662109,-74.157715,-48.156738
1871,-0.177734,0.955078,0.085449,-10.986328,-81.909180,-55.725098
1872,-0.215332,0.961914,0.177246,-36.193848,-91.918945,-67.260742
1873,-0.317871,1.016113,0.131348,-52.185059,-126.403809,-78.491211
1874,-0.342285,1.062988,0.118652,-50.476074,-144.226074,-74.829102
1875,-0.361328,1.085449,0.125977,-51.208496,-160.400391,-66.101074
1876,-0.294922,1.099609,0.043457,-52.185059,-183.227539,-43.090820
1877,-0.226562,1.067383,-0.039062,-47.058105,-184.387207,-33.020020
1878,-0.187012,0.993652,-0.085449,-38.146973,-177.917480,-27.587891
1879,-0.173340,0.860840,-0.054688,-34.118652,-152.709961,-33.447266
1880,-0.206055,0.843750,-0.052246,-44.555664,-136.840820,-41.198730
1881,-0.242188,0.914062,0.051758,-94.604492,-117.004395,-51.757812
1882,-0.283691,1.042480,0.169434,-120.483398,-119.384766,-53.710938
1883,-0.270996,1.023438,0.140137,-137.634277,-120.117188,-57.678223
1884,-0.268555,0.953125,0.153320,-152.587891,-118.408203,-66.162109
1885,-0.304199,0.833984,0.249023,-174.926758,-123.535156,-94.055176
1886,-0.333496,0.810547,0.383789,-184.631348,-138.183594,-108.581543
1887,-0.361328,0.830078,0.512695,-196.289062,-165.039062,-118.530273
1888,-0.389160,1.002441,0.717773,-219.482422,-246.337891,-113.586426
1889,-0.367676,1.148438,0.744629,-245.239258,-289.978027,-92.651367
1890,-0.333496,0.883789,0.178223,-209.716797,-303.710938,-39.550781
1891,0.164551,0.651855,-0.421387,-51.452637,-160.339355,-23.437500
1892,0.194824,0.376465,-0.254883,-20.690918,49.499512,-19.653320
1893,-0.088867,0.471191,0.495605,-55.175781,149.658203,-32.226562
1894,-0.354980,0.759766,0.785645,-49.377441,84.655762,-40.161133
1895,-0.379395,0.739258,0.735840,-7.263184,39.916992,-35.583496
1896,-0.345215,0.764160,0.721680,37.841797,-20.751953,-20.751953
1897,-0.339844,0.761719,0.712891,46.020508,-38.940430,-8.850098
1898,-0.342285,0.749023,0.688965,46.020508,-47.729492,-3.051758
1899,-0.312012,0.761719,0.672852,41.137695,-48.828125,-2.685547
1900,-0.284180,0.697266,0.577148,12.268066,-28.625488,-13.488770
1901,-0.267090,0.689941,0.507324,4.455566,-10.559082,-23.010254
1902,-0.248535,0.711426,0.491699,3.234863,8.239746,-30.151367
1903,-0.224121,0.828613,0.592285,10.681152,22.766113,-25.024414
1904,-0.233887,0.871094,0.655273,11.718750,14.587402,-13.671875
1905,-0.249023,0.917969,0.657715,11.962891,0.122070,2.075195
1906,-0.262207,0.883789,0.663574,9.521484,-25.878906,25.512695
1907,-0.251953,0.828125,0.644531,-1.708984,-30.517578,22.216797
1908,-0.259766,0.779785,0.598633,-15.197754,-25.756836,10.681152
1909,-0.280762,0.703125,0.527344,-22.277832,-16.052246,-5.249023
1910,-0.281738,0.675293,0.541504,-23.010254,0.244141,-30.395508
1911,-0.278320,0.688477,0.569336,-17.944336,-2.685547,-34.851074
1912,-0.248535,0.791992,0.637207,-2.258301,-24.719238,-34.790039
1913,-0.268066,0.815430,0.649414,-15.930176,-27.404785,-26.794434
1914,-0.302246,0.779297,0.622559,-28.076172,-24.841309,-23.132324
1915,-0.335449,0.702637,0.589355,-30.822754,-19.348145,-25.573730
1916,-0.395996,0.611328,0.648438,-22.460938,-10.925293,-35.644531
1917,-0.359375,0.737793,0.691406,-16.845703,-17.700195,-43.395996
1918,-0.306152,0.824219,0.708008,-15.991211,-26.062012,-37.902832
1919,-0.217773,0.763672,0.631348,-24.414062,-32.897949,-25.756836
1920,-0.249512,0.647949,0.605957,-23.925781,-22.033691,-22.949219
1921,-0.269531,0.723145,0.630859,-12.817383,-6.713867,-17.272949
1922,-0.302734,0.744141,0.691895,-9.582520,-6.896973,-14.587402
1923,-0.379883,0.677734,0.742188,-8.544922,-17.517090,-18.798828
1924,-0.367188,0.630859,0.706543,-15.258789,-35.766602,-35.827637
1925,-0.334473,0.558594,0.674316,-16.235352,-37.536621,-40.100098
1926,-0.250977,0.680176,0.669434,-9.643555,-40.893555,-40.161133
1927,-0.117188,0.808594,0.563965,1.037598,-41.320801,-30.029297
1928,-0.135254,0.857422,0.545410,9.155273,-23.803711,-19.714355
1929,-0.230957,0.784668,0.557129,4.699707,-3.723145,-13.977051
1930,-0.322266,0.657227,0.622070,-1.037598,21.972656,-12.756348
1931,-0.348633,0.632324,0.677734,2.014160,21.789551,-9.765625
1932,-0.354492,0.688477,0.761719,1.159668,11.352539,-6.652832
1933,-0.309570,0.814941,0.794922,-5.432129,-5.126953,0.061035
1934,-0.290527,0.873047,0.796875,1.525879,-37.353516,32.348633
1935,-0.304688,0.682617,0.746582,19.409180,-46.691895,43.151855
1936,-0.243164,0.630859,0.770996,75.256348,-59.814453,52.001953
1937,-0.239258,0.693359,0.750000,110.351562,-79.711914,60.241699
1938,-0.223145,0.809082,0.735840,139.709473,-101.623535,72.814941
1939,-0.200195,0.928711,0.610352,185.241699,-129.211426,109.863281
1940,-0.182617,0.922363,0.603027,197.326660,-128.051758,122.497559
1941,-0.177246,0.864746,0.652832,197.998047,-121.826172,127.685547
1942,-0.182617,0.790039,0.647461,190.795898,-116.149902,121.948242
1943,-0.083008,0.889648,0.510254,194.091797,-112.121582,99.304199
1944,0.029297,0.965332,0.436035,204.895020,-109.252930,104.003906
1945,0.083984,0.995117,0.316895,214.782715,-103.759766,116.516113
1946,0.076172,0.833984,0.299316,221.252441,-94.787598,128.723145
1947,0.066406,0.803711,0.266113,220.520020,-98.449707,130.859375
1948,0.053711,0.812988,0.224609,227.783203,-103.881836,137.817383
1949,0.051270,0.863281,0.217285,248.840332,-107.421875,148.864746
1950,0.108887,0.977051,0.243164,311.767578,-117.736816,166.137695
1951,0.170410,1.035156,0.245117,331.665039,-126.770020,172.485352
1952,0.171387,1.037109,0.179688,342.529297,-136.840820,179.016113
1953,0.227539,0.996582,0.055176,358.947754,-135.070801,179.565430
1954,0.265137,0.985352,-0.038086,364.257812,-130.126953,182.189941
1955,0.270996,0.937500,-0.099121,367.492676,-120.056152,185.791016
1956,0.253418,0.626953,-0.322754,342.590332,-96.008301,181.152344
1957,0.337402,0.525391,-0.395996,308.471680,-81.359863,169.921875
1958,0.396973,0.521973,-0.397949,266.418457,-75.195312,161.560059
1959,0.391113,0.568848,-0.332520,215.454102,-105.895996,155.395508
1960,0.379883,0.630371,-0.416016,213.439941,-128.112793,156.250000
1961,0.392578,0.699707,-0.621582,220.275879,-140.258789,156.066895
1962,0.419922,0.553223,-0.901855,238.647461,-116.577148,136.169434
1963,0.434082,0.421875,-0.849121,224.975586,-99.182129,114.379883
1964,0.472656,0.311523,-0.787598,196.289062,-85.571289,92.712402
1965,0.499512,0.270508,-0.775879,136.413574,-65.368652,65.185547
1966,0.490234,0.295898,-0.766113,127.868652,-61.645508,62.866211
1967,0.461914,0.284180,-0.742676,127.746582,-61.096191,64.880371
1968,0.479004,0.320801,-0.750977,135.620117,-64.758301,73.120117
1969,0.496582,0.294434,-0.806152,137.512207,-62.927246,80.810547
1970,0.458984,0.175293,-0.834961,137.695312,-58.654785,83.007812
1971,0.398438,0.041016,-0.858398,135.253906,-54.870605,75.988770
1972,0.351074,-0.000488,-0.949219,146.301270,-53.222656,54.992676
1973,0.422363,0.123535,-0.982422,175.354004,-57.250977,63.293457
1974,0.477539,0.212402,-0.935059,242.431641,-66.955566,115.539551
1975,0.409180,0.218262,-0.897461,238.037109,-66.345215,147.216797
1976,0.343262,0.174316,-0.891602,218.750000,-63.903809,173.339844
1977,0.291016,0.054688,-0.869141,201.538086,-63.598633,181.701660
1978,0.241211,-0.332031,-0.904785,161.865234,-58.654785,139.526367
1979,0.249512,-0.412598,-0.926270,152.038574,-55.175781,110.229492
1980,0.261719,-0.428711,-0.982422,150.451660,-54.748535,88.012695
1981,0.267578,-0.458984,-1.052734,149.719238,-52.917480,70.129395
1982,0.285156,-0.405273,-0.972168,131.347656,-51.696777,32.592773
1983,0.335449,-0.281250,-0.963379,117.980957,-51.574707,23.254395
1984,0.340820,-0.252441,-0.935059,100.769043,-44.677734,25.268555
1985,0.285156,-0.280273,-0.916992,82.641602,-39.550781,27.343750
1986,0.246582,-0.250000,-0.866211,60.241699,-40.100098,33.203125
1987,0.258789,-0.247559,-0.820801,45.104980,-50.048828,42.419434
1988,0.293457,-0.403809,-0.937988,68.725586,-65.063477,60.302734
1989,0.257812,-0.440430,-0.967285,87.341309,-62.438965,66.467285
1990,0.192383,-0.343750,-0.877930,116.943359,-52.185059,87.646484
1991,0.145508,-0.356445,-0.791016,118.835449,-56.823730,97.839355
1992,0.014160,-0.481445,-0.597656,95.642090,-91.308594,96.008301
1993,-0.058105,-0.593262,-0.669922,79.956055,-103.210449,82.580566
1994,-0.028809,-0.676270,-0.949707,75.988770,-91.064453,66.467285
1995,0.027344,-0.700684,-0.961914,72.204590,-28.625488,41.687012
1996,0.026367,-0.584473,-0.826172,53.405762,-17.333984,38.757324
1997,0.057129,-0.465332,-0.785156,46.142578,-19.592285,38.146973
1998,0.124023,-0.419434,-0.695801,50.659180,-27.343750,48.645020
1999,0.080078,-0.435059,-0.709961,54.199219,-31.616211,57.800293
2000,0.011719,-0.557617,-0.882812,59.631348,-29.541016,62.316895
2001,-0.097656,-0.936035,-0.891602,63.171387,-3.540039,36.865234
2002,-0.095703,-0.952637,-0.835449,53.588867,0.671387,10.498047
2003,-0.047852,-0.882812,-0.822754,45.593262,0.854492,-12.023926
2004,-0.020020,-0.791992,-0.783691,42.480469,2.807617,-24.230957
2005,0.011230,-0.617676,-0.809082,41.137695,12.939453,-18.798828
2006,0.016602,-0.634277,-0.799316,38.146973,20.935059,-11.535645
2007,-0.008789,-0.698242,-0.737305,25.817871,29.235840,-11.596680
2008,-0.060059,-0.775879,-0.679199,-19.287109,35.034180,-31.311035
2009,-0.057129,-0.780762,-0.689941,-32.531738,33.386230,-44.616699
2010,-0.038574,-0.742188,-0.708984,-41.625977,33.264160,-54.748535
2011,-0.007324,-0.668945,-0.749023,-45.776367,35.034180,-58.227539
2012,0.020996,-0.571777,-0.775879,-53.100586,40.954590,-50.903320
2013,0.064453,-0.512695,-0.795410,-65.795898,45.227051,-44.433594
2014,0.116699,-0.639160,-0.844727,-80.566406,61.157227,-47.973633
2015,0.102539,-0.647461,-0.790527,-77.087402,63.171387,-54.077148
2016,0.062988,-0.610352,-0.773926,-71.105957,58.471680,-56.518555
2017,0.086426,-0.484375,-0.719238,-60.913086,40.100098,-57.312012
2018,0.133301,-0.460938,-0.764648,-65.551758,36.132812,-58.776855
2019,0.148438,-0.492188,-0.769043,-80.932617,41.076660,-65.124512
2020,0.160645,-0.516602,-0.738770,-104.370117,47.485352,-79.223633
2021,0.223145,-0.439941,-0.786621,-139.404297,49.438477,-99.670410
2022,0.256348,-0.394043,-0.827148,-137.878418,47.668457,-94.909668
2023,0.303223,-0.255859,-0.994629,-97.839355,37.597656,-52.673340
2024,0.312988,-0.241699,-1.026855,-68.786621,38.208008,-18.493652
2025,0.325684,-0.274414,-0.895020,-48.095703,38.879395,7.934570
2026,0.319336,-0.336426,-0.792480,-40.405273,36.987305,17.883301
2027,0.213379,-0.521973,-0.752441,-59.997559,37.597656,-10.925293
2028,0.222656,-0.519043,-0.781250,-73.791504,34.118652,-32.958984
2029,0.276367,-0.316406,-0.835449,-85.266113,14.831543,-43.640137
2030,0.350098,-0.232910,-0.973633,-76.599121,14.221191,-35.583496
2031,0.374512,-0.244629,-1.016602,-68.359375,26.489258,-27.526855
2032,0.327148,-0.279785,-0.909668,-102.416992,58.959961,-36.010742
2033,0.312988,-0.270996,-0.824219,-131.774902,63.720703,-47.607422
2034,0.290039,-0.291016,-0.775391,-159.484863,61.401367,-62.561035
2035,0.261719,-0.298828,-0.760254,-204.345703,57.312012,-91.064453
2036,0.285156,-0.247070,-0.796875,-214.050293,53.100586,-102.172852
2037,0.332031,-0.225098,-0.890625,-212.097168,51.330566,-108.764648
2038,0.377441,-0.166504,-0.956543,-180.603027,51.574707,-112.304688
2039,0.401855,-0.080078,-0.971680,-158.996582,49.438477,-106.018066
2040,0.431152,0.002441,-0.938965,-138.916016,45.410156,-97.045898
2041,0.500977,0.211914,-0.913086,-128.173828,39.611816,-81.726074
2042,0.503418,0.259277,-0.900391,-136.657715,42.724609,-80.749512
2043,0.498535,0.276367,-0.862305,-153.930664,47.851562,-85.937500
2044,0.480957,0.317383,-0.752930,-205.261230,46.081543,-95.397949
2045,0.449707,0.304688,-0.765137,-227.111816,45.349121,-100.219727
2046,0.422852,0.297852,-0.820312,-237.915039,48.583984,-106.201172
2047,0.518066,0.405273,-1.091309,-218.566895,106.872559,-96.130371
2048,0.559082,0.470215,-0.942383,-193.054199,122.436523,-83.129883
2049,0.593262,0.539062,-0.789551,-175.781250,118.408203,-70.617676
2050,0.602051,0.580566,-0.650391,-169.372559,101.379395,-59.509277
2051,0.507324,0.532715,-0.556152,-192.077637,63.659668,-56.457520
2052,0.473145,0.505371,-0.575684,-205.200195,58.654785,-65.307617
2053,0.450684,0.500000,-0.540527,-221.374512,61.096191,-87.768555
2054,0.443359,0.515625,-0.493164,-231.506348,59.387207,-102.111816
2055,0.456055,0.591309,-0.427734,-246.154785,55.053711,-111.572266
2056,0.423828,0.833984,-0.270996,-282.958984,39.062500,-102.600098
2057,0.386230,0.923340,-0.226562,-301.757812,31.372070,-92.834473
2058,0.365723,0.973633,-0.268066,-319.519043,32.653809,-89.172363
2059,0.454590,1.071777,-0.427734,-330.078125,52.307129,-87.646484
2060,0.523926,1.013672,-0.408691,-322.509766,113.708496,-71.838379
2061,0.498047,0.943359,-0.274902,-331.298828,132.019043,-67.810059
2062,0.411133,0.929688,0.004883,-373.901367,135.314941,-62.805176
2063,0.379883,0.949707,0.116699,-386.840820,120.910645,-57.861328
2064,0.369629,0.963379,0.154297,-388.732910,104.614258,-50.231934
2065,0.383301,0.925293,0.189453,-347.045898,91.186523,-32.531738
2066,0.397949,0.811035,0.111816,-293.823242,105.041504,-25.146484
2067,0.400879,0.728516,0.407227,-157.226562,123.046875,-19.470215
2068,0.349609,0.734863,0.485352,-133.239746,106.323242,-22.216797
2069,0.252441,0.815918,0.444824,-119.140625,87.402344,-18.310547
2070,0.230469,0.787598,0.524414,-101.501465,85.021973,-13.732910
2071,0.211914,0.764160,0.638184,-84.960938,73.242188,-12.023926
2072,0.192871,0.770996,0.691406,-73.547363,55.053711,-12.878418
2073,0.225098,0.829590,0.642090,-67.138672,33.752441,-10.192871
2074,0.228516,0.808105,0.640137,-63.598633,28.869629,-7.202148
2075,0.254395,0.750000,0.552246,-65.612793,29.357910,-1.464844
2076,0.210938,0.742188,0.570801,-58.044434,31.433105,0.305176
2077,0.225586,0.723633,0.599609,-52.917480,27.099609,0.183105
2078,0.266602,0.760254,0.639160,-48.278809,21.606445,1.708984
2079,0.291016,0.764160,0.708008,-54.931641,20.141602,12.512207
2080,0.253906,0.705078,0.654785,-66.040039,27.709961,13.977051
2081,0.228516,0.646484,0.655273,-70.922852,32.226562,8.300781
2082,0.193359,0.585449,0.663086,-72.875977,35.949707,-1.525879
2083,0.208496,0.570801,0.650879,-68.481445,41.931152,-15.502930
2084,0.205078,0.569824,0.641113,-61.035156,43.151855,-20.141602
2085,0.201660,0.650879,0.683105,-35.705566,33.813477,-19.470215
2086,0.197266,0.696289,0.696777,-20.446777,22.521973,-12.512207
2087,0.202148,0.720215,0.691406,-3.906250,8.789062,-3.112793
2088,0.183105,0.668457,0.663574,22.094727,-13.671875,10.375977
2089,0.153320,0.632324,0.660156,28.198242,-19.226074,11.657715
2090,0.126465,0.600098,0.666992,22.705078,-17.456055,8.972168
2091,0.106445,0.614258,0.651367,8.666992,-8.911133,1.525879
2092,0.110352,0.640137,0.673828,-19.592285,4.943848,-18.554688
2093,0.149414,0.708496,0.601562,-26.794434,13.000488,-22.460938
2094,0.293457,0.828125,0.670898,-56.640625,36.621094,-8.544922
2095,0.279785,0.774902,0.650391,-64.270020,46.691895,-1.647949
2096,0.245605,0.730469,0.640137,-61.828613,52.246094,0.793457
2097,0.209961,0.696777,0.672363,-50.903320,54.504395,2.136230
2098,0.163574,0.647461,0.770508,-33.935547,53.833008,4.394531
2099,0.154297,0.627441,0.829102,-34.423828,55.786133,3.662109
2100,0.149414,0.665039,0.852539,-39.794922,57.312012,3.540039
2101,0.137695,0.696289,0.945312,-52.856445,57.250977,8.666992
2102,0.113770,0.732422,1.044922,-54.504395,45.043945,13.366699
2103,0.059082,0.619141,1.169434,-70.556641,19.165039,23.620605
2104,0.096191,0.582520,0.783203,-76.904297,8.239746,12.817383
2105,0.137695,0.573730,0.772949,-77.819824,21.362305,8.911133
2106,0.176758,0.587402,0.799805,-81.604004,32.836914,11.535645
2107,0.146484,0.530762,0.761230,-78.918457,37.841797,17.089844
2108,0.129883,0.656250,0.825195,-52.856445,29.541016,36.254883
2109,0.100586,0.569824,0.760742,-42.846680,18.432617,42.846680
2110,0.090332,0.479492,0.684082,-38.818359,21.850586,28.381348
2111,0.068848,0.471191,0.675293,-55.114746,40.039062,20.141602
2112,0.052734,0.440918,0.729492,-65.917969,57.617188,15.991211
2113,0.028320,0.387695,0.858398,-75.500488,65.979004,14.099121
2114,0.007812,0.381348,0.916504,-84.533691,57.922363,9.704590
2115,-0.005859,0.389648,0.931641,-74.829102,46.936035,4.333496
2116,0.041504,0.392578,0.903320,-51.757812,25.207520,-3.295898
2117,0.056152,0.375000,0.887207,-42.053223,21.850586,0.427246
2118,-0.011230,0.325195,1.027832,-45.898438,20.996094,-2.319336
2119,-0.009766,0.168457,1.100586,-64.453125,21.362305,-12.145996
2120,0.027344,0.158691,1.144531,-122.741699,20.202637,-36.560059
2121,0.056152,0.285156,1.040527,-150.146484,25.695801,-36.560059
2122,0.070801,0.325195,1.129883,-198.852539,13.977051,-27.343750
2123,0.035156,0.245605,1.055664,-186.523438,-5.249023,-24.108887
2124,0.010254,0.220215,0.943848,-130.493164,-26.306152,-19.226074
2125,-0.007324,0.163086,0.951172,-119.934082,-27.221680,-17.639160
2126,-0.011230,0.201172,1.149414,-127.563477,-29.907227,-14.648438
2127,-0.000488,0.236816,1.355957,-167.541504,-43.884277,-5.310059
2128,-0.057617,0.117676,1.378906,-281.433105,-98.327637,7.324219
2129,-0.130859,0.144531,1.200684,-324.890137,-136.230469,3.601074
2130,-0.174316,0.145996,0.755859,-294.128418,-169.860840,-5.187988
2131,0.054688,-0.211914,-0.249512,2.746582,-83.435059,-40.893555
2132,0.167969,-0.077637,0.395020,78.552246,11.230469,-49.560547
2133,0.220215,0.070312,0.887207,52.490234,53.771973,-42.907715
2134,0.295410,0.136719,1.076172,-2.502441,61.584473,-0.244141
2135,0.305176,0.117188,1.085449,-0.366211,57.312012,24.902344
2136,0.259766,0.075195,1.107910,-1.586914,53.527832,44.738770
2137,0.142090,-0.004883,1.173340,-17.639160,52.368164,55.053711
2138,-0.071777,-0.124512,1.161133,-70.251465,62.500000,37.475586
2139,-0.116699,-0.187500,1.145020,-95.092773,72.448730,15.563965
2140,-0.125977,-0.268555,1.126465,-114.746094,81.054688,-11.718750
2141,-0.073730,-0.330078,1.071289,-119.323730,81.909180,-63.110352
2142,-0.033203,-0.275391,1.056152,-103.759766,71.411133,-73.547363
2143,0.098145,-0.206055,1.011719,-47.485352,27.221680,-53.222656
2144,0.148438,-0.241211,0.955566,-13.122559,0.732422,-31.738281
2145,0.170410,-0.259766,0.949707,20.874023,-22.094727,-13.854980
2146,0.123047,-0.171387,1.028320,60.058594,-47.302246,10.559082
2147,0.087402,-0.130859,1.091797,59.814453,-51.391602,21.789551
2148,-0.001465,-0.143555,1.069824,44.494629,-48.706055,26.306152
2149,-0.051758,-0.186035,0.969238,17.822266,-15.136719,16.723633
2150,-0.064453,-0.189941,0.966309,3.967285,-5.004883,5.249023
2151,-0.050781,-0.182617,0.962402,-7.385254,0.671387,-6.042480
2152,0.008789,-0.200684,0.923340,-17.456055,2.258301,-19.836426
2153,0.044434,-0.205566,0.872559,-12.756348,1.953125,-20.751953
2154,0.079590,-0.216797,0.848145,-1.525879,0.671387,-16.052246
2155,0.115723,-0.196777,0.889648,11.901855,-4.272461,-6.713867
2156,0.092773,-0.180664,0.916016,37.780762,-15.686035,12.390137
2157,0.066406,-0.164551,0.937012,46.936035,-19.348145,16.662598
2158,0.044434,-0.145996,0.961914,52.246094,-21.423340,18.005371
2159,0.033203,-0.127930,1.000000,52.001953,-22.460938,16.845703
2160,0.020996,-0.125000,1.025391,43.640137,-22.583008,9.521484
2161,0.029297,-0.130371,1.041504,36.071777,-21.301270,4.333496
2162,0.026855,-0.133301,1.051758,25.939941,-18.432617,-1.464844
2163,0.027344,-0.119141,1.045410,11.047363,-10.803223,-7.263184
2164,0.042480,-0.101074,0.996094,-17.272949,12.878418,-15.686035
2165,0.063477,-0.098145,0.990723,-24.047852,20.935059,-17.517090
2166,0.082031,-0.093262,1.007324,-29.296875,25.878906,-16.174316
2167,0.083984,-0.113281,0.994629,-28.076172,29.968262,-9.521484
2168,0.065918,-0.140625,1.002930,-22.216797,27.404785,-6.835938
2169,0.051758,-0.163574,1.020996,-14.404297,21.362305,-5.432129
2170,0.069336,-0.164062,1.066895,2.075195,4.028320,-2.197266
2171,0.082520,-0.150879,1.041992,5.432129,-1.953125,3.234863
2172,0.060547,-0.161133,1.010742,9.948730,-4.211426,6.164551
2173,0.014648,-0.163086,0.993164,17.578125,-8.544922,0.427246
2174,0.020020,-0.147949,0.995117,19.165039,-11.047363,-3.540039
2175,0.037598,-0.134277,0.994141,21.118164,-14.282227,-5.798340
2176,0.061523,-0.111816,0.997070,22.949219,-16.662598,-5.676270
2177,0.062012,-0.086914,0.994141,7.568359,-4.211426,-1.770020
2178,0.061523,-0.083008,1.002441,-1.159668,7.019043,-1.342773
2179,0.050293,-0.100098,1.020996,-8.361816,13.854980,-2.380371
2180,0.031250,-0.117676,0.983887,-17.517090,15.441895,-6.103516
2181,0.040039,-0.128418,0.969238,-16.113281,13.671875,-7.385254
2182,0.042480,-0.156250,0.967773,-9.399414,9.582520,-9.704590
2183,0.072266,-0.108887,1.017578,0.732422,-5.371094,-4.882812
2184,0.060059,-0.123047,0.994629,5.249023,-10.864258,0.732422
2185,0.041504,-0.144043,0.970215,9.826660,-12.939453,2.685547
2186,0.033203,-0.122070,0.975098,15.075684,-11.291504,-1.342773
2187,0.041016,-0.098145,0.996582,15.441895,-10.437012,-2.807617
2188,0.049805,-0.089844,1.000977,14.648438,-10.986328,-3.356934
2189,0.056641,-0.102051,0.967285,13.732910,-11.657715,-4.272461
2190,0.060059,-0.104980,0.949219,14.953613,-10.253906,-4.638672
2191,0.062012,-0.109863,0.937500,17.700195,-8.483887,-5.126953
2192,0.063477,-0.112793,0.933594,21.423340,-7.019043,-6.042480
2193,0.088867,-0.142090,0.938477,29.418945,-2.746582,-10.070801
2194,0.112793,-0.088379,0.977539,31.127930,0.854492,-9.033203
2195,0.146484,0.003906,1.048828,26.000977,5.187988,-0.183105
2196,0.187988,0.106445,1.062500,13.732910,10.925293,12.756348
2197,0.103516,-0.008789,0.987305,-10.070801,34.057617,25.390625
2198,0.065430,-0.051758,0.998535,-15.869141,45.043945,24.719238
2199,0.041504,-0.068359,1.019043,-21.789551,51.086426,24.108887
2200,-0.017578,-0.122559,1.007324,-25.268555,49.499512,21.484375
2201,-0.039551,-0.146484,0.999023,-21.484375,44.860840,18.432617
2202,-0.046875,-0.144531,1.006836,-16.723633,39.062500,15.197754
2203,-0.039551,-0.139648,1.014160,-14.099121,34.912109,12.817383
2204,-0.040039,-0.157227,1.005859,-3.540039,28.503418,8.789062
2205,-0.041016,-0.159180,1.009277,3.051758,25.268555,6.469727
2206,-0.050781,-0.153809,1.014648,8.239746,22.216797,4.882812
2207,-0.064453,-0.133789,1.042480,19.653320,14.770508,1.098633
2208,-0.057617,-0.102051,1.085938,25.695801,6.469727,0.915527
2209,-0.063477,-0.083496,1.117188,27.770996,-5.371094,2.807617
2210,-0.071289,-0.073730,1.119141,26.489258,-19.287109,4.577637
2211,-0.036621,-0.090332,1.042969,18.432617,-32.653809,8.239746
2212,-0.029297,-0.107910,1.093262,16.601562,-32.653809,8.605957
2213,-0.023926,-0.073730,1.160645,15.930176,-41.137695,9.582520
2214,-0.016113,-0.107422,0.957520,13.122559,-58.288574,9.582520
2215,0.031250,-0.095703,0.969727,17.211914,-60.424805,10.803223
2216,0.101562,0.020020,1.002930,-5.798340,-71.838379,19.897461
2217,0.097656,-0.048340,1.425781,-39.916992,-83.068848,54.260254
2218,0.119629,0.068848,1.259766,-76.599121,-97.717285,72.753906
2219,0.050781,-0.110840,0.929688,-65.063477,-106.872559,86.608887
2220,0.074707,-0.423828,0.790527,57.373047,-64.270020,31.372070
2221,0.148438,-0.161621,0.965332,50.170898,-55.786133,10.864258
2222,0.162598,0.000000,0.910645,24.658203,-52.551270,9.582520
2223,0.164062,0.099121,0.830566,17.822266,-41.992188,17.028809
2224,0.185059,0.011230,0.864258,10.009766,3.112793,26.611328
2225,0.116699,-0.103027,0.991699,0.793457,27.648926,23.742676
2226,0.024414,-0.232910,1.143555,-41.931152,49.743652,11.718750
2227,-0.025879,-0.293457,1.094238,-44.067383,55.847168,-6.713867
2228,0.013672,-0.118652,1.241211,-81.909180,37.353516,-45.654297
2229,0.144043,-0.022949,1.258789,-87.829590,16.845703,-51.391602
2230,0.223633,-0.005371,1.192871,-103.698730,0.732422,-42.968750
2231,0.282715,-0.083008,1.006348,-128.173828,-6.103516,-13.366699
2232,0.338379,-0.032715,1.137695,-147.460938,-7.263184,8.422852
2233,0.300781,-0.189941,1.312988,-199.707031,-27.465820,42.480469
2234,0.165527,-0.062988,1.249023,-322.814941,-78.857422,85.876465
2235,0.113770,-0.026367,1.249512,-361.999512,-111.267090,104.492188
2236,0.044922,-0.053223,1.209961,-397.399902,-151.977539,123.168945
2237,-0.047363,-0.269531,0.603516,-453.552246,-194.519043,130.310059
2238,-0.208008,-0.465820,0.082031,-443.298340,-168.273926,108.154297
2239,-0.099609,-0.830566,-0.920898,-317.138672,-82.702637,54.016113
2240,0.054199,-0.841309,-0.544922,-56.945801,43.273926,12.207031
2241,0.097168,-0.727539,0.476074,31.005859,105.773926,2.441406
2242,0.084961,-0.510742,1.059570,-49.560547,117.309570,-2.319336
2243,0.066895,-0.544434,1.125488,-103.149414,95.825195,-5.798340
2244,0.035645,-0.669922,1.084961,-145.751953,70.129395,-14.587402
2245,-0.040039,-0.884766,0.977051,-201.293945,14.709473,-64.086914
2246,0.085449,-0.714844,0.764648,-225.708008,4.577637,-73.364258
2247,0.153809,-0.707031,0.613281,-232.666016,3.051758,-55.236816
2248,0.228027,-0.756836,0.484375,-221.862793,2.319336,-27.038574
2249,0.377930,-0.929688,0.280762,-170.593262,-6.835938,16.174316
2250,0.424805,-0.978027,0.159668,-142.639160,1.220703,27.770996
2251,0.438965,-0.913086,0.189941,-126.953125,13.732910,48.706055
2252,0.265137,-0.877441,0.161133,-96.618652,29.357910,77.148438
2253,0.167480,-0.877930,0.204102,-86.242676,39.611816,83.190918
2254,0.090332,-0.912109,0.249023,-80.383301,46.203613,84.228516
2255,0.024902,-1.031250,0.369629,-63.537598,40.161133,71.105957
2256,0.014648,-1.054199,0.403320,-53.161621,27.709961,58.776855
2257,0.007812,-1.119141,0.444824,-41.259766,10.925293,45.288086
2258,-0.000488,-1.157227,0.463379,-29.968262,-4.272461,30.395508
2259,-0.105469,-1.039551,0.582520,-53.405762,18.127441,-0.976562
2260,-0.123047,-0.943359,0.706055,-108.032227,33.081055,-7.995605
2261,-0.201172,-0.972656,0.634766,-177.185059,38.940430,-10.070801
2262,-0.202148,-1.021973,0.428223,-231.079102,37.780762,-14.404297
2263,-0.059082,-0.944336,-0.029785,-269.348145,55.297852,-23.681641
2264,0.103516,-0.688965,-0.083496,-283.325195,87.219238,-16.174316
2265,0.255371,-0.541992,-0.038086,-304.138184,118.347168,16.540527
2266,0.288574,-0.883789,-0.988770,-281.921387,127.563477,91.613770
2267,0.097168,-0.973633,-0.519043,-121.093750,100.097656,102.966309
2268,0.043945,-0.909668,-0.141113,-91.308594,60.424805,91.369629
2269,-0.000977,-0.950684,-0.080078,-87.707520,29.357910,83.618164
2270,-0.116211,-1.069824,-0.114258,-60.668945,15.197754,70.434570
2271,-0.157227,-1.063965,-0.089844,-36.682129,-5.004883,50.842285
2272,-0.232910,-1.116699,-0.089844,-4.089355,-37.170410,0.122070
2273,-0.225098,-1.069824,-0.094238,2.746582,-40.405273,-12.390137
2274,-0.146973,-1.023438,-0.140137,-10.131836,-30.639648,-19.775391
2275,0.072266,-0.833008,-0.244141,-6.896973,-12.023926,-21.240234
2276,0.096680,-0.787109,-0.164062,7.446289,-28.076172,-13.916016
2277,-0.009277,-0.884277,-0.099121,13.122559,-55.847168,-7.751465
2278,0.032715,-0.918457,-0.346191,30.944824,-78.918457,-2.136230
2279,-0.166992,-1.039062,-0.263672,40.161133,-76.110840,13.366699
2280,-0.314941,-1.138672,-0.404297,42.663574,-64.941406,0.244141
2281,-0.313965,-1.166016,-0.392578,58.593750,-36.132812,-17.395020
2282,-0.240234,-1.138672,-0.276367,70.678711,-10.864258,-31.921387
2283,-0.118652,-1.003418,-0.066406,67.626953,11.108398,-49.438477
2284,-0.095215,-0.948730,-0.012695,61.462402,7.751465,-49.560547
2285,-0.019043,-0.856445,0.021973,37.719727,3.173828,-36.499023
2286,-0.005859,-0.836426,0.000488,13.427734,13.977051,-20.568848
2287,-0.088379,-0.924805,-0.062500,0.976562,25.695801,-7.690430
2288,-0.152832,-1.045898,0.044922,-7.019043,26.672363,-9.155273
2289,0.008789,-1.103516,0.102539,-24.353027,17.089844,-20.507812
2290,0.111816,-1.075684,0.100098,-28.747559,19.958496,-17.150879
2291,0.115234,-0.907715,0.090332,-56.335449,2.868652,15.075684
2292,0.081055,-0.882812,-0.059082,-72.937012,-5.493164,34.851074
2293,0.009766,-0.922852,-0.232910,-83.435059,-5.249023,48.645020
2294,-0.098633,-1.070312,-0.341797,-81.542969,15.686035,46.447754
2295,-0.116211,-1.105469,-0.350586,-74.890137,26.916504,37.414551
2296,-0.106934,-1.107422,-0.303223,-69.641113,38.208008,27.221680
2297,-0.119629,-1.024902,-0.265625,-61.035156,50.231934,11.535645
2298,-0.098633,-0.993164,-0.264160,-52.978516,51.513672,5.859375
2299,-0.081543,-0.989258,-0.221191,-44.067383,49.438477,4.821777
2300,-0.065430,-0.948730,-0.198730,-44.982910,47.485352,2.258301
2301,-0.044922,-0.903320,-0.184570,-45.776367,44.616699,3.662109
2302,-0.037598,-0.873535,-0.198242,-38.208008,32.226562,12.268066
2303,-0.055664,-0.906250,-0.215332,-30.700684,24.291992,12.756348
2304,-0.041016,-0.904297,-0.198730,-28.259277,17.700195,11.840820
2305,-0.031250,-0.897461,-0.225586,-26.489258,13.244629,12.145996
2306,-0.034668,-0.901367,-0.312012,-9.094238,9.521484,12.207031
2307,-0.041016,-0.905762,-0.339355,8.911133,8.911133,10.742188
2308,-0.015137,-0.824707,-0.271973,62.988281,-7.385254,2.868652
2309,0.005859,-0.873535,-0.188477,85.021973,-24.902344,0.793457
2310,0.004395,-0.957520,-0.101074,92.285156,-42.907715,0.061035
2311,-0.038574,-1.066406,-0.095703,87.158203,-55.297852,-3.601074
2312,-0.066406,-1.083984,-0.148438,81.604004,-58.044434,-9.643555
2313,-0.073242,-0.988770,-0.168945,67.138672,-42.907715,-13.244629
2314,-0.073730,-0.956055,-0.226562,64.392090,-33.081055,-8.911133
2315,-0.047852,-0.950684,-0.127930,68.115234,-15.930176,-1.953125
2316,-0.052734,-0.961426,-0.041016,53.588867,-16.052246,3.112793
2317,-0.073730,-1.002930,-0.082520,47.241211,-19.226074,6.958008
2318,-0.160645,-1.066406,-0.137695,39.245605,-23.803711,-36.926270
2319,-0.036133,-0.995117,-0.203613,36.010742,-12.390137,-28.808594
2320,0.022949,-0.965332,-0.221191,29.296875,4.577637,-13.183594
2321,0.092773,-0.860352,-0.301270,31.372070,23.498535,4.699707
2322,-0.028320,-0.826172,-0.252441,61.767578,39.123535,31.799316
2323,-0.125977,-0.909180,-0.101074,77.758789,33.081055,35.888672
2324,-0.211426,-1.281250,0.296387,57.250977,-10.070801,4.089355
2325,-0.082520,-1.250000,0.251465,42.907715,-34.179688,-8.789062
2326,-0.006836,-1.141113,0.164062,30.761719,-44.494629,-7.263184
2327,-0.015137,-1.050293,0.078613,20.202637,-42.785645,0.854492
2328,-0.114258,-1.029785,-0.100098,28.381348,-24.169922,10.742188
2329,-0.096191,-0.953125,-0.078613,34.851074,-14.648438,13.183594
2330,-0.058594,-0.931641,-0.098145,39.672852,3.540039,20.141602
2331,-0.161621,-1.083008,-0.011230,38.696289,8.178711,10.864258
2332,-0.194336,-1.215332,0.044922,29.052734,5.310059,-10.192871
2333,-0.165527,-1.207520,0.038086,34.973145,-6.835938,-46.997070
2334,-0.133301,-1.159668,0.050293,46.630859,-14.404297,-60.424805
2335,-0.075195,-1.066895,0.071289,58.898926,-21.728516,-68.481445
2336,-0.029297,-0.955566,0.060059,73.791504,-27.526855,-66.650391
2337,0.081055,-0.772949,0.090820,80.444336,-43.029785,-45.227051
2338,0.113770,-0.747070,0.051758,75.500488,-43.090820,-25.390625
2339,0.063477,-0.844727,0.081543,68.481445,-27.770996,9.460449
2340,0.013672,-0.877441,0.124512,58.471680,-20.324707,19.653320
2341,-0.028320,-0.960449,0.134277,49.316406,-12.939453,23.559570
2342,-0.032227,-0.998535,0.140625,45.410156,-6.591797,23.803711
2343,-0.048828,-1.001465,0.293945,57.861328,-14.160156,14.831543
2344,-0.023438,-0.895020,0.335449,60.607910,-27.648926,15.441895
2345,-0.000488,-0.786621,0.287598,58.532715,-38.208008,24.475098
2346,0.005859,-0.807129,0.170898,52.429199,-37.109375,50.903320
2347,-0.023926,-0.869141,0.169434,52.978516,-30.090332,60.363770
2348,-0.079102,-0.962402,0.270508,50.170898,-29.479980,62.377930
2349,-0.111816,-1.087891,0.264160,27.343750,-30.883789,48.706055
2350,-0.112793,-1.070312,0.234375,19.836426,-26.306152,39.978027
2351,-0.093262,-1.039551,0.228516,14.160156,-19.836426,32.714844
2352,-0.091797,-1.018066,0.246582,12.329102,-16.479492,27.587891
2353,-0.155762,-0.999023,0.263184,23.986816,-26.245117,18.981934
2354,-0.166016,-0.947266,0.232910,43.090820,-39.611816,16.784668
2355,-0.113281,-0.866699,0.194824,83.374023,-58.593750,29.602051
2356,-0.106934,-0.964844,0.237793,90.332031,-59.082031,27.709961
2357,-0.093262,-0.998535,0.301270,87.097168,-56.762695,17.456055
2358,-0.089355,-0.964844,0.315430,77.026367,-51.757812,5.676270
2359,-0.073242,-0.879883,0.340332,63.232422,-43.640137,-7.995605
2360,-0.029297,-0.826660,0.333496,60.729980,-39.550781,-4.394531
2361,-0.018555,-0.811035,0.295410,57.556152,-30.883789,4.089355
2362,-0.161133,-0.946289,0.447266,59.997559,-14.221191,11.413574
2363,-0.175781,-0.987793,0.548340,59.997559,-23.986816,5.737305
2364,-0.157227,-0.982422,0.578125,54.199219,-39.550781,0.549316
2365,-0.152344,-1.011230,0.539551,42.358398,-49.743652,-7.263184
2366,-0.143066,-1.001953,0.374512,40.344238,-47.607422,-27.954102
2367,-0.034668,-0.940918,0.411621,42.419434,-37.414551,-37.048340
2368,0.014160,-0.828613,0.337402,42.236328,-26.733398,-29.174805
2369,-0.010254,-0.885254,0.330566,35.095215,13.366699,-14.221191
2370,-0.002930,-0.962891,0.574219,8.300781,38.818359,-10.986328
2371,-0.051270,-1.011230,0.582031,-1.770020,42.724609,-6.164551
2372,-0.083008,-1.176270,0.481445,6.103516,39.672852,-7.019043
2373,-0.026855,-1.144043,0.301270,112.060547,20.935059,-15.563965
2374,-0.041992,-0.963379,0.468750,142.395020,5.859375,-22.460938
2375,-0.075195,-0.803223,0.620117,143.676758,-11.718750,-31.372070
2376,-0.093750,-0.692383,0.684570,130.737305,-27.954102,-38.635254
2377,-0.084473,-0.676270,0.744141,100.402832,-51.940918,-48.400879
2378,-0.075195,-0.673828,0.763672,82.641602,-57.189941,-48.950195
2379,-0.052246,-0.703125,0.754883,48.095703,-59.753418,-45.349121
2380,0.089844,-0.708984,0.739258,28.808594,-54.809570,-38.879395
2381,0.135254,-0.680176,0.643066,10.925293,-38.391113,-24.963379
2382,0.141602,-0.712402,0.601562,0.549316,-12.756348,-9.948730
2383,0.132324,-0.685547,0.602539,-10.925293,33.691406,10.559082
2384,0.127441,-0.670898,0.573242,-16.174316,42.419434,17.822266
2385,0.044922,-0.712402,0.548340,-14.099121,40.893555,24.963379
2386,0.016113,-0.760254,0.609863,-10.009766,31.555176,24.597168
2387,0.024902,-0.762695,0.638672,-0.854492,16.479492,22.827148
2388,0.022949,-0.768555,0.716309,11.657715,-3.173828,21.423340
2389,-0.026855,-0.779785,0.711426,26.489258,-29.479980,19.836426
2390,-0.010254,-0.749512,0.647949,26.306152,-33.203125,20.996094
2391,0.012695,-0.729492,0.569336,24.169922,-27.648926,24.902344
2392,0.007812,-0.750488,0.554688,20.629883,-15.625000,26.916504
2393,-0.047852,-0.869141,0.673828,22.399902,-9.826660,11.596680
2394,-0.017090,-0.817871,0.583496,26.367188,-7.019043,4.760742
2395,0.002441,-0.780762,0.562500,28.747559,-1.159668,2.258301
2396,-0.002930,-0.779297,0.490234,44.433594,2.380371,-1.708984
2397,0.022461,-0.748047,0.440430,67.871094,4.211426,-0.671387
2398,0.032227,-0.737305,0.456055,94.848633,6.103516,4.211426
2399,0.008301,-0.742188,0.569336,122.070312,4.943848,9.216309
2400,0.021973,-0.617676,0.895508,96.679688,4.943848,10.925293
2401,-0.013184,-0.630859,0.880371,69.702148,0.000000,7.629395
2402,-0.042969,-0.634766,0.927734,53.161621,-4.577637,2.685547
2403,-0.057129,-0.643555,0.949707,36.926270,-8.850098,-1.525879
2404,-0.056641,-0.647461,0.899414,-2.746582,-14.770508,-10.803223
2405,-0.033691,-0.659668,0.789062,-14.709473,-16.174316,-13.977051
2406,-0.003906,-0.668457,0.676758,-16.174316,-14.709473,-14.831543
2407,0.029297,-0.679199,0.593262,-8.178711,-9.704590,-12.268066
2408,0.011719,-0.690918,0.659180,16.052246,1.647949,-3.723145
2409,0.031738,-0.662109,0.768066,14.709473,3.417969,-2.624512
2410,0.125977,-0.617676,0.802246,6.896973,-3.173828,10.009766
2411,0.153809,-0.708496,0.612793,14.404297,-2.014160,26.245117
2412,0.196289,-0.618652,0.620605,28.137207,4.577637,45.532227
2413,0.188477,-0.598145,0.629395,35.827637,14.587402,65.795898
2414,0.029297,-0.732910,0.642578,40.405273,47.729492,83.068848
2415,-0.080078,-0.785645,0.669434,52.612305,59.997559,74.218750
2416,-0.129395,-0.734863,0.732422,68.542480,64.086914,60.913086
2417,-0.331543,-0.709961,0.995605,89.416504,46.630859,30.456543
2418,-0.354004,-0.650879,1.140625,83.374023,27.648926,10.253906
2419,-0.351562,-0.609863,1.224609,60.363770,6.225586,-10.498047
2420,-0.252930,-0.549316,1.088379,-14.953613,-29.418945,-37.719727
2421,-0.145020,-0.560547,0.870605,-25.207520,-36.560059,-37.536621
2422,-0.060547,-0.627441,0.671387,-14.709473,-32.470703,-33.386230
2423,0.000000,-0.558594,0.656738,16.601562,-12.573242,-24.658203
2424,-0.011230,-0.542969,0.738770,21.606445,-10.131836,-18.920898
2425,0.018555,-0.550781,0.703613,31.250000,-15.441895,-7.629395
2426,0.007812,-0.587891,0.687988,43.457031,-20.019531,0.000000
2427,-0.014160,-0.626465,0.624023,62.255859,-19.958496,5.737305
2428,-0.035645,-0.633789,0.598145,84.960938,-15.258789,7.629395
2429,-0.061035,-0.516602,0.743164,119.750977,-6.347656,5.981445
2430,-0.074707,-0.430664,0.882324,123.779297,-7.446289,5.432129
2431,-0.072754,-0.351074,1.011719,110.473633,-11.596680,5.737305
2432,-0.085449,-0.310059,1.084473,52.795410,-25.573730,6.469727
2433,-0.079590,-0.371094,1.005859,28.442383,-26.794434,2.746582
2434,-0.068359,-0.437500,0.916992,17.517090,-23.681641,-4.028320
2435,0.013672,-0.448730,0.837891,17.822266,-8.483887,-12.207031
2436,0.037598,-0.436523,0.867188,24.047852,-4.882812,-10.131836
2437,0.031738,-0.411621,0.916992,24.047852,-4.882812,-6.958008
2438,0.018066,-0.396973,0.979492,20.141602,-10.131836,-4.272461
2439,0.015137,-0.427734,0.980957,10.742188,-23.254395,3.479004
2440,0.006836,-0.468262,0.914062,12.573242,-21.911621,5.065918
2441,0.009277,-0.482910,0.886719,16.540527,-12.207031,1.159668
2442,0.014648,-0.402832,0.856445,15.136719,3.906250,1.708984
2443,0.004395,-0.394043,0.886230,18.859863,12.023926,5.004883
2444,-0.004883,-0.389648,0.958008,17.883301,15.319824,5.554199
2445,-0.001953,-0.360352,0.946289,3.417969,11.718750,5.920410
2446,-0.006836,-0.381836,0.912109,1.342773,7.934570,7.324219
2447,0.000000,-0.391602,0.910645,4.699707,2.441406,9.460449
2448,-0.004395,-0.396973,0.918457,13.122559,-7.995605,15.258789
2449,-0.017578,-0.402832,0.892578,16.174316,-7.324219,15.502930
2450,-0.029297,-0.409668,0.888184,17.883301,-3.234863,13.183594
2451,-0.039551,-0.425781,0.905762,29.968262,-1.770020,4.760742
2452,-0.005371,-0.401367,0.942871,39.855957,-5.920410,3.051758
2453,-0.000977,-0.379883,1.020020,47.363281,-16.296387,3.723145
2454,-0.045410,-0.353516,1.082031,39.611816,-40.893555,3.112793
2455,-0.041504,-0.356445,1.054199,30.029297,-49.011230,0.183105
2456,-0.020996,-0.353516,0.987793,19.897461,-51.147461,-2.136230
2457,0.002930,-0.353027,0.932129,10.681152,-41.198730,-4.089355
2458,0.034668,-0.355469,0.864746,8.911133,-30.761719,-3.967285
2459,0.040527,-0.386230,0.872070,12.207031,-14.282227,-6.469727
2460,0.056152,-0.334473,0.958984,9.643555,17.883301,-11.230469
2461,0.097656,-0.307129,0.966309,3.906250,29.785156,-8.483887
2462,0.124512,-0.291016,0.972656,-1.953125,38.391113,0.061035
2463,0.101074,-0.302734,1.010742,-4.821777,39.062500,10.070801
2464,0.063965,-0.300781,1.019043,-3.234863,31.311035,18.249512
2465,-0.013672,-0.301270,1.015137,-8.850098,10.131836,25.451660
2466,-0.049805,-0.340820,1.003906,-15.319824,-0.366211,23.620605
2467,-0.092285,-0.475586,1.179688,7.141113,-44.555664,14.282227
2468,-0.078125,-0.456055,1.201172,24.291992,-87.524414,8.544922
2469,-0.052734,-0.402832,1.075684,20.080566,-117.614746,-0.366211
2470,0.060547,-0.355469,0.638672,6.774902,-94.360352,-27.832031
2471,0.090332,-0.342285,0.645508,0.244141,-35.766602,-44.799805
2472,0.077637,-0.310547,0.720215,-11.962891,23.010254,-57.556152
2473,0.042480,-0.343262,0.666016,-9.338379,69.580078,-64.636230
2474,0.128418,-0.304199,0.679688,38.085938,154.235840,-73.913574
2475,0.150391,-0.218262,0.762207,37.597656,186.279297,-56.213379
2476,0.057617,-0.165039,1.106445,38.085938,189.636230,-1.525879
2477,0.026855,-0.188965,1.165527,32.775879,166.320801,17.272949
2478,-0.019531,-0.230957,1.180664,18.554688,138.305664,24.780273
2479,-0.077637,-0.266602,1.175781,-18.066406,78.674316,17.883301
2480,-0.152344,-0.267090,1.128906,-29.968262,47.546387,16.235352
2481,-0.181152,-0.234375,1.071777,-33.813477,17.761230,18.188477
2482,-0.269043,-0.278809,0.925781,-36.987305,-17.700195,12.573242
2483,-0.324707,-0.354004,0.856934,-35.888672,-21.301270,-2.685547
2484,-0.366699,-0.416504,0.800293,-34.057617,-13.916016,-28.686523
2485,-0.284180,-0.408203,0.769043,-26.184082,24.291992,-84.106445
2486,-0.240723,-0.358398,0.831055,-16.113281,42.724609,-100.097656
2487,-0.211914,-0.346191,0.935059,4.638672,47.607422,-110.839844
2488,-0.178711,-0.322266,0.987793,33.569336,37.231445,-119.934082
2489,-0.206055,-0.297852,0.945312,56.152344,24.902344,-168.823242
2490,-0.121582,-0.328125,0.853516,10.742188,53.894043,-182.922363
2491,-0.076660,-0.390137,0.701172,-9.399414,92.651367,-187.683105
2492,0.087891,-0.104492,1.140625,20.935059,110.717773,-129.882812
2493,0.202148,-0.086426,1.376465,34.729004,29.785156,-52.062988
2494,0.255371,-0.198242,1.368652,0.305176,-29.968262,20.080566
2495,-0.017578,-0.406738,1.142578,-1.708984,-57.189941,49.194336
2496,-0.373047,-0.438965,1.032227,-2.685547,-73.608398,1.342773
2497,-0.488770,-0.483887,0.876953,-5.065918,-86.242676,-31.311035
2498,-0.417480,-0.491211,0.736816,16.845703,-93.933105,-70.129395
2499,0.307129,-0.294434,0.674805,-1.525879,-59.387207,-50.048828
2500,0.386230,-0.376953,0.668457,38.940430,-14.221191,2.319336
2501,0.079102,-0.486328,0.896973,47.546387,1.037598,22.033691
2502,-0.044434,-0.356934,0.788574,72.326660,0.549316,12.207031
2503,-0.052734,-0.322754,0.815430,84.960938,10.253906,8.911133
2504,-0.035156,-0.302734,0.848145,83.801270,22.277832,8.850098
2505,-0.009766,-0.347656,0.960449,85.571289,26.367188,15.991211
2506,-0.058105,-0.362305,0.963379,93.933105,23.498535,16.906738
2507,-0.101074,-0.322754,0.903320,91.125488,26.794434,17.700195
2508,-0.165527,-0.328125,0.855469,81.420898,64.392090,10.070801
2509,-0.175293,-0.290039,1.042969,65.429688,85.815430,1.892090
2510,-0.178223,-0.157715,1.453613,68.847656,66.650391,0.671387
2511,-0.145996,-0.053223,1.643555,82.580566,-1.220703,8.605957
2512,-0.222656,-0.022949,1.158203,67.565918,-75.744629,29.602051
2513,-0.228027,-0.125000,1.012207,66.467285,-76.293945,29.418945
2514,-0.264160,-0.215820,0.749023,71.350098,-62.561035,16.357422
2515,-0.083984,-0.148926,0.754883,112.548828,-27.099609,-5.554199
2516,0.014160,-0.092285,0.906738,117.248535,-9.094238,-6.286621
2517,0.027832,-0.041016,1.136719,84.167480,11.413574,-2.624512
2518,-0.043457,-0.010254,1.000488,41.687012,29.541016,-5.554199
2519,-0.080566,0.054688,0.719238,10.742188,65.856934,-23.132324
2520,-0.078125,0.024414,0.752441,2.624512,82.946777,-23.010254
2521,-0.100098,0.008789,0.920898,16.418457,87.951660,-20.385742
2522,-0.104004,0.141113,1.385742,70.312500,27.404785,9.216309
2523,-0.168457,0.158691,1.426270,73.120117,-13.244629,23.315430
2524,-0.246094,0.156250,1.285156,62.011719,-38.940430,26.733398
2525,-0.273926,0.134277,1.121582,42.541504,-43.640137,19.836426
2526,-0.200195,0.066895,1.094238,4.577637,-38.574219,-0.427246
2527,-0.163086,0.008301,1.122070,2.746582,-46.386719,-3.417969
2528,-0.160645,-0.072754,1.070801,13.488770,-55.603027,-4.699707
2529,-0.147949,-0.103027,0.826660,31.250000,-40.588379,-19.653320
2530,-0.095703,-0.050781,0.775391,37.109375,-21.057129,-29.724121
2531,-0.014160,0.036133,0.744629,40.710449,-0.244141,-34.118652
2532,0.054688,0.186035,0.868164,66.955566,25.939941,-17.333984
2533,-0.000977,0.205078,0.982910,66.101074,28.686523,-5.798340
2534,-0.100098,0.189941,1.050293,49.865723,33.386230,0.305176
2535,-0.163086,0.234863,1.226074,18.798828,3.295898,4.760742
2536,-0.147949,0.261230,1.198242,9.338379,-19.714355,12.023926
2537,-0.122070,0.208496,1.086426,5.310059,-35.461426,19.287109
2538,-0.002930,0.146484,0.807129,28.503418,-28.808594,25.939941
2539,0.020020,0.153320,0.837891,39.855957,-16.113281,27.770996
2540,-0.011230,0.153320,0.900879,30.456543,-3.784180,26.245117
2541,-0.102051,0.155762,1.037109,-21.606445,13.854980,13.854980
2542,-0.118164,0.142578,0.994141,-41.015625,17.639160,6.591797
2543,-0.107910,0.114258,0.951660,-44.555664,21.362305,1.586914
2544,-0.141602,0.109863,1.074219,-44.128418,23.925781,-2.563477
2545,-0.221191,0.119141,1.166016,-58.166504,17.028809,-9.399414
2546,-0.198730,0.091309,1.060059,-34.362793,-11.474609,-16.174316
2547,-0.010254,0.039062,0.875488,-6.469727,-20.019531,-11.718750
2548,0.009766,-0.008301,0.826172,14.404297,-20.751953,-5.432129
2549,-0.013184,-0.052734,0.833008,23.498535,-16.845703,-3.906250
2550,-0.060547,0.156738,1.000977,20.812988,0.549316,0.610352
2551,-0.061523,0.186523,1.088379,18.676758,6.164551,3.845215
2552,-0.059570,0.141602,1.102539,5.493164,8.117676,3.356934
2553,-0.082520,0.078613,1.008301,-4.150391,8.361816,-1.403809
2554,-0.099121,0.009766,0.965332,7.324219,1.159668,-13.183594
2555,-0.145996,0.020996,0.918457,23.559570,-3.234863,-23.437500
2556,-0.217285,0.061035,0.832520,60.974121,-6.958008,-37.048340
2557,-0.185547,0.117188,0.875488,87.524414,-10.620117,-38.574219
2558,-0.118164,0.178223,0.966309,111.633301,-18.188477,-33.020020
2559,-0.048828,0.345703,1.114746,125.244141,-32.409668,-4.089355
2560,-0.067871,0.318359,1.124512,112.792969,-38.452148,5.371094
2561,-0.084961,0.258789,1.082031,95.642090,-43.273926,4.394531
2562,-0.065918,0.241699,0.870605,76.782227,-39.916992,-17.883301
2563,-0.026367,0.290039,0.788574,75.805664,-28.930664,-22.644043
2564,0.005371,0.326660,0.781250,79.650879,-15.014648,-21.545410
2565,-0.020508,0.303223,0.854980,84.533691,-4.882812,-18.066406
2566,-0.145508,0.292969,0.987793,87.768555,-7.568359,-29.968262
2567,-0.169434,0.227539,1.020020,90.515137,-14.343262,-49.987793
2568,-0.124512,0.271973,1.041992,92.895508,-25.329590,-70.861816
2569,0.045898,0.478027,0.997559,88.867188,-44.860840,-73.425293
2570,0.062012,0.464355,0.898926,85.510254,-48.645020,-50.354004
2571,0.141113,0.502441,0.816406,113.159180,-68.725586,17.211914
2572,0.122559,0.417480,0.701660,111.755371,-38.269043,41.992188
2573,0.025879,0.384277,0.705078,111.999512,-3.479004,41.625977
2574,-0.031738,0.472656,0.804688,115.051270,15.747070,29.113770
2575,-0.035645,0.728516,0.965332,119.140625,1.037598,35.888672
2576,0.113281,0.840820,0.961914,136.901855,-16.540527,57.861328
2577,0.081055,0.613770,0.981934,160.217285,-27.954102,82.458496
2578,-0.117188,0.393555,1.081055,187.683105,-54.870605,72.509766
2579,-0.166992,0.393555,0.995605,187.988281,-78.063965,52.856445
2580,-0.149902,0.334473,0.878906,205.139160,-119.506836,6.347656
2581,0.119141,0.732910,0.668945,215.515137,-127.807617,4.638672
2582,0.232422,1.088379,0.618652,213.500977,-128.295898,40.100098
2583,0.262207,1.145508,0.533691,207.702637,-115.417480,82.580566
2584,0.290039,0.991699,0.437500,225.646973,-67.993164,119.445801
2585,0.237305,0.876953,0.489258,237.060547,-51.696777,115.417480
2586,0.077148,0.573730,0.537598,214.721680,-38.513184,54.443359
2587,0.132812,0.502441,0.558105,178.405762,-37.658691,14.831543
2588,0.226074,0.660156,0.588867,137.695312,-40.222168,-12.329102
2589,0.314453,0.905273,0.530273,98.388672,-43.273926,-12.939453
2590,0.381348,1.169434,0.320801,77.758789,-42.358398,28.137207
2591,0.412598,1.218262,0.182129,103.210449,-37.170410,53.344727
2592,0.395508,1.173828,0.198242,139.099121,-35.400391,79.589844
2593,0.332031,1.033203,0.307617,161.010742,-38.452148,96.130371
2594,0.254883,0.714844,0.396973,152.221680,-43.762207,77.758789
2595,0.258789,0.607422,0.374512,143.676758,-51.879883,52.062988
2596,0.330078,0.721191,0.218262,142.028809,-76.232910,12.512207
2597,0.378418,1.015137,0.137695,139.404297,-78.613281,16.967773
2598,0.398438,1.257812,0.016602,125.305176,-69.580078,39.062500
2599,0.488770,1.139160,-0.178223,106.018066,-30.334473,73.242188
2600,0.455078,0.924805,-0.117188,101.440430,-10.681152,71.899414
2601,0.358887,0.728516,0.010254,86.547852,-0.671387,55.725098
2602,0.317871,0.650391,0.073242,66.589355,-11.047363,19.714355
2603,0.346680,0.741699,0.130371,74.829102,-21.301270,14.282227
2604,0.335449,0.712891,0.156738,89.050293,-33.935547,9.948730
2605,0.354492,0.755859,0.153320,105.468750,-49.621582,3.784180
2606,0.442871,1.056152,-0.105469,114.562988,-63.720703,19.653320
2607,0.524902,1.114746,-0.307129,117.553711,-57.617188,32.409668
2608,0.573730,1.062012,-0.407227,123.474121,-43.518066,45.837402
2609,0.439941,0.786133,-0.220215,102.172852,-12.207031,44.494629
2610,0.413574,0.808105,-0.104492,87.463379,-10.437012,38.024902
2611,0.407715,0.861328,-0.012695,86.669922,-20.385742,39.611816
2612,0.332520,0.845703,0.108887,128.479004,-66.711426,50.109863
2613,0.374023,0.903809,0.068359,150.451660,-95.520020,58.410645
2614,0.463379,1.006836,-0.110352,163.024902,-111.938477,75.866699
2615,0.524902,1.022949,-0.328613,161.682129,-108.581543,92.163086
2616,0.588867,0.824707,-0.529297,143.859863,-69.396973,98.083496
2617,0.564941,0.705566,-0.491211,127.258301,-53.222656,90.820312
2618,0.483887,0.577148,-0.391602,109.069824,-43.151855,68.664551
2619,0.465332,0.565430,-0.383789,105.773926,-45.043945,57.739258
2620,0.479492,0.548828,-0.443848,101.501465,-46.264648,48.400879
2621,0.542480,0.583008,-0.587402,91.857910,-39.489746,35.644531
2622,0.515137,0.552246,-0.589355,81.542969,-32.897949,30.273438
2623,0.493164,0.536621,-0.556152,68.603516,-28.686523,23.315430
2624,0.497559,0.581543,-0.519531,63.415527,-36.315918,24.902344
2625,0.501465,0.674805,-0.457520,80.383301,-47.729492,34.851074
2626,0.512207,0.679688,-0.526367,105.346680,-59.509277,45.837402
2627,0.504395,0.610352,-0.641113,131.286621,-65.124512,55.175781
2628,0.526855,0.537598,-0.709473,134.826660,-56.335449,52.001953
2629,0.541016,0.525879,-0.729980,106.750488,-43.640137,46.203613
2630,0.536133,0.464355,-0.710449,75.805664,-30.395508,34.057617
2631,0.542480,0.580078,-0.634766,60.424805,-28.686523,26.245117
2632,0.499023,0.561523,-0.568359,74.096680,-40.527344,36.437988
2633,0.508301,0.452637,-0.697266,100.463867,-67.260742,49.804688
2634,0.529297,0.399414,-0.798828,111.389160,-68.237305,51.879883
2635,0.511719,0.339844,-0.819824,115.417480,-62.316895,48.522949
2636,0.474609,0.289551,-0.788574,112.548828,-56.640625,40.832520
2637,0.411621,0.222656,-0.703125,97.900391,-53.222656,21.484375
2638,0.420898,0.279297,-0.736816,92.773438,-55.664062,13.732910
2639,0.493652,0.422363,-0.854492,90.576172,-54.199219,14.648438
2640,0.527832,0.437500,-0.973633,69.335938,-27.954102,28.137207
2641,0.516113,0.367188,-0.919434,54.016113,-14.526367,30.395508
2642,0.457031,0.218750,-0.782227,42.724609,-8.117676,27.526855
2643,0.443848,0.212402,-0.739746,52.062988,-13.854980,26.977539
2644,0.445801,0.250000,-0.722168,67.687988,-23.986816,30.578613
2645,0.443848,0.283203,-0.723633,82.031250,-35.888672,37.597656
2646,0.485352,0.264160,-0.870605,88.500977,-50.170898,43.884277
2647,0.524414,0.222656,-0.982910,90.576172,-45.349121,42.602539
2648,0.487793,0.159668,-0.973633,88.378906,-34.606934,37.902832
2649,0.441895,0.172363,-0.867676,72.631836,-25.512695,32.104492
2650,0.416992,0.154297,-0.823730,68.603516,-29.724121,35.339355
2651,0.415039,0.129883,-0.828125,70.922852,-35.461426,38.574219
2652,0.404785,0.106934,-0.893555,91.674805,-44.738770,46.752930
2653,0.396973,0.048828,-0.915527,99.182129,-46.752930,48.400879
2654,0.389648,-0.003418,-0.926758,96.557617,-44.311523,45.166016
2655,0.375000,-0.022461,-0.919922,83.190918,-38.146973,38.574219
2656,0.346680,-0.054688,-0.842773,39.672852,-24.169922,18.310547
2657,0.320312,-0.095215,-0.815430,20.874023,-22.033691,6.347656
2658,0.305664,-0.086914,-0.805176,14.587402,-25.695801,-1.586914
2659,0.374023,0.048340,-0.961914,58.532715,-44.006348,14.526367
2660,0.428711,0.132324,-1.055176,106.262207,-52.795410,39.611816
2661,0.423340,0.136719,-1.042969,150.207520,-59.143066,66.223145
2662,0.388672,0.073730,-0.955566,167.236328,-61.828613,82.458496
2663,0.364258,-0.093750,-0.900879,129.821777,-52.001953,81.115723
2664,0.345703,-0.186523,-0.888672,95.397949,-41.687012,67.687988
2665,0.292969,-0.270020,-0.878418,58.044434,-30.517578,49.255371
2666,0.225098,-0.324219,-0.980469,24.108887,-22.766113,22.888184
2667,0.267578,-0.280273,-1.066406,55.114746,-28.564453,28.686523
2668,0.277344,-0.256348,-1.033691,110.961914,-39.611816,46.081543
2669,0.300781,-0.140625,-0.868164,196.655273,-64.270020,88.623047
2670,0.290039,-0.158691,-0.807617,199.401855,-71.533203,100.891113
2671,0.221680,-0.343750,-0.822754,140.197754,-67.687988,91.735840
2672,0.192871,-0.416504,-0.844727,99.182129,-57.006836,76.965332
2673,0.172363,-0.482422,-0.868652,61.279297,-44.860840,59.814453
2674,0.148926,-0.511719,-1.063477,29.296875,-21.667480,35.461426
2675,0.137207,-0.556641,-1.067871,36.437988,-11.535645,29.174805
2676,0.112305,-0.518066,-0.920410,46.325684,-7.141113,25.268555
2677,0.111328,-0.451172,-0.828125,56.030273,-10.131836,25.268555
2678,0.125000,-0.401367,-0.662598,70.739746,-28.869629,36.132812
2679,0.124512,-0.411133,-0.696777,66.223145,-38.269043,39.428711
2680,0.117676,-0.439453,-0.726562,57.495117,-42.724609,40.161133
2681,0.096191,-0.554199,-0.920410,39.001465,-35.888672,32.165527
2682,0.093750,-0.588867,-0.965332,34.606934,-26.428223,26.855469
2683,0.078613,-0.590332,-0.938477,32.531738,-18.493652,23.315430
2684,0.091309,-0.583496,-0.941895,37.048340,-14.465332,21.301270
2685,0.071289,-0.592773,-0.875488,43.029785,-13.244629,22.949219
2686,0.049316,-0.585449,-0.816895,42.419434,-14.587402,21.057129
2687,0.058105,-0.558594,-0.793945,36.132812,-16.235352,19.165039
2688,0.047852,-0.578125,-0.782715,12.451172,-14.770508,11.657715
2689,0.051758,-0.599121,-0.844727,2.319336,-11.657715,5.859375
2690,0.056641,-0.626465,-0.891602,-10.314941,0.732422,-4.882812
2691,0.052246,-0.609863,-0.897461,-11.718750,6.408691,-8.789062
2692,0.030762,-0.533203,-0.809082,-8.728027,7.873535,-5.249023
2693,0.034180,-0.511719,-0.732910,-6.225586,2.990723,1.586914
2694,0.073730,-0.508789,-0.741211,4.333496,-11.047363,9.643555
2695,0.063477,-0.552246,-0.778809,3.845215,-12.878418,9.582520
2696,0.047852,-0.581055,-0.818359,-0.793457,-9.521484,6.164551
2697,0.046387,-0.567871,-0.801758,-6.347656,-4.089355,-1.831055
2698,0.057129,-0.556152,-0.795410,-10.742188,-4.821777,-5.310059
2699,0.069336,-0.525879,-0.813477,-11.474609,-4.821777,-6.347656
2700,0.072754,-0.532227,-0.851074,-6.225586,-3.601074,-3.417969
2701,0.062012,-0.529297,-0.838867,-8.239746,-3.295898,-1.281738
2702,0.056152,-0.530762,-0.833984,-12.084961,-3.540039,0.122070
2703,0.057617,-0.578613,-0.842773,-22.766113,-1.342773,-5.859375
2704,0.056152,-0.590820,-0.888184,-23.437500,0.488281,-10.070801
2705,0.058594,-0.586426,-0.903809,-15.502930,0.976562,-10.681152
2706,0.070312,-0.583984,-0.942383,0.305176,1.953125,-10.375977
2707,0.066406,-0.548340,-0.882324,3.723145,5.187988,-10.009766
2708,0.071777,-0.511230,-0.812012,0.976562,5.676270,-10.742188
2709,0.063965,-0.486328,-0.781738,-19.592285,1.953125,-14.343262
2710,0.056641,-0.490723,-0.804688,-27.893066,2.868652,-14.526367
2711,0.037598,-0.541992,-0.822754,-28.381348,2.075195,-14.282227
2712,0.034668,-0.587891,-0.875488,-18.798828,-1.647949,-13.732910
2713,0.043945,-0.580078,-0.870605,-3.112793,-6.774902,-14.160156
2714,0.043457,-0.557129,-0.842285,-9.094238,-5.737305,-17.700195
2715,0.040527,-0.481445,-0.773926,-44.616699,-1.464844,-27.282715
2716,0.053223,-0.465820,-0.778320,-64.025879,0.488281,-31.372070
2717,0.078125,-0.449219,-0.773438,-74.645996,2.685547,-35.400391
2718,0.092773,-0.418945,-0.795410,-77.880859,4.638672,-36.926270
2719,0.137207,-0.416016,-0.926758,-63.781738,7.263184,-29.846191
2720,0.116699,-0.453125,-0.911133,-60.546875,11.596680,-30.212402
2721,0.093750,-0.445312,-0.869141,-75.500488,22.094727,-42.785645
2722,0.088379,-0.442871,-0.853516,-85.083008,23.071289,-49.194336
2723,0.103027,-0.372070,-0.862305,-87.097168,19.409180,-49.316406
2724,0.126953,-0.275879,-0.903809,-79.406738,6.591797,-28.442383
2725,0.162598,-0.255371,-0.920410,-65.795898,1.464844,-19.042969
2726,0.180176,-0.263184,-0.946289,-51.574707,-0.366211,-11.108398
2727,0.185059,-0.293945,-0.985352,-37.719727,2.441406,-6.469727
2728,0.146973,-0.320801,-0.887695,-37.902832,12.695312,-9.460449
2729,0.112305,-0.347656,-0.843262,-62.072754,16.662598,-20.935059
2730,0.098145,-0.354004,-0.864746,-122.619629,21.606445,-51.940918
2731,0.125000,-0.311523,-0.919922,-141.052246,21.850586,-64.331055
2732,0.176270,-0.206055,-0.930664,-145.263672,18.859863,-63.598633
2733,0.205566,-0.127441,-0.885254,-143.371582,6.347656,-50.781250
2734,0.179199,0.019043,-1.024414,-110.961914,-6.958008,-20.263672
2735,0.168945,0.023926,-1.007812,-108.947754,1.831055,-11.657715
2736,0.186523,-0.005859,-0.851562,-126.403809,15.869141,-12.939453
2737,0.176270,-0.055664,-0.852539,-141.906738,14.038086,-19.287109
2738,0.150391,-0.087402,-0.862305,-157.226562,13.671875,-28.259277
2739,0.135254,-0.122559,-0.915039,-172.851562,16.662598,-39.733887
2740,0.162109,-0.098633,-1.098633,-173.461914,32.836914,-62.500000
2741,0.195312,-0.015137,-1.095215,-154.052734,36.437988,-64.147949
2742,0.210449,0.059570,-1.042969,-133.178711,35.278320,-59.814453
2743,0.232422,0.195801,-0.896484,-115.356445,27.709961,-49.133301
2744,0.219727,0.185059,-0.884766,-129.882812,26.123047,-53.161621
2745,0.231934,0.214355,-0.898438,-178.955078,31.738281,-67.687988
2746,0.245117,0.318848,-0.930664,-202.941895,35.888672,-69.580078
2747,0.261230,0.319824,-0.948242,-217.163086,40.527344,-71.472168
2748,0.278320,0.313965,-0.946289,-224.792480,45.349121,-73.730469
2749,0.202637,0.350586,-1.012695,-220.153809,49.133301,-81.665039
2750,0.120605,0.391113,-1.044922,-207.153320,55.725098,-91.125488
2751,0.191895,0.498535,-1.020020,-194.152832,64.270020,-97.839355
2752,0.315430,0.675781,-0.888672,-178.710938,61.889648,-88.745117
2753,0.308594,0.736816,-0.796875,-178.466797,55.603027,-82.092285
2754,0.270996,0.768555,-0.692871,-187.133789,47.973633,-77.636719
2755,0.228516,0.821289,-0.662598,-218.994141,44.799805,-75.500488
2756,0.199219,0.776367,-0.659668,-243.408203,50.537109,-79.528809
2757,0.200195,0.750488,-0.681152,-268.310547,59.997559,-85.632324
2758,0.197266,0.679199,-0.622070,-304.443359,77.697754,-93.811035
2759,0.177734,0.682617,-0.575684,-312.194824,82.641602,-99.060059
2760,0.154297,0.748535,-0.538086,-311.523438,84.167480,-103.088379
2761,0.202148,0.904785,-0.494141,-270.996094,80.322266,-99.182129
2762,0.256836,0.994141,-0.453613,-239.501953,78.796387,-82.336426
2763,0.257812,0.977051,-0.339844,-220.458984,77.758789,-62.866211
2764,0.205078,0.871094,-0.192871,-212.402344,73.974609,-45.166016
2765,0.168945,0.776855,-0.172852,-218.017578,72.814941,-48.217773
2766,0.161621,0.637695,-0.170410,-224.365234,75.744629,-59.692383
2767,0.116211,0.686523,-0.016113,-246.215820,81.787109,-81.604004
2768,0.085938,0.855469,0.022949,-259.033203,73.791504,-85.815430
2769,0.070801,1.042480,0.028320,-263.793945,61.950684,-80.322266
2770,0.064453,1.403809,0.226562,-269.165039,31.066895,-40.161133
2771,-0.000977,1.437500,0.312988,-272.766113,10.559082,-11.657715
2772,-0.072754,1.247070,0.496094,-276.733398,-13.244629,2.990723
2773,-0.068848,1.170898,0.623535,-287.902832,-40.405273,1.953125
2774,0.155762,0.985840,-0.029785,-260.070801,-3.662109,-12.084961
2775,0.273438,0.846680,0.018555,-219.909668,89.538574,-17.089844
2776,0.086426,0.732422,0.523926,-232.604980,156.250000,-15.991211
2777,0.002930,0.789062,0.550781,-247.314453,139.343262,-14.892578
2778,-0.039551,0.786621,0.521973,-242.614746,125.732422,-11.108398
2779,-0.055176,0.761719,0.582520,-206.970215,114.074707,-1.281738
2780,-0.081543,0.750977,0.818359,-197.326660,102.355957,4.211426
2781,-0.045410,0.751465,0.890625,-195.617676,91.247559,7.019043
2782,-0.067871,0.696777,0.842285,-199.218750,92.773438,8.239746
2783,-0.125488,0.627441,0.791016,-186.645508,76.782227,1.464844
2784,-0.101074,0.601562,0.754395,-165.283203,63.476562,-3.234863
2785,-0.055664,0.600586,0.739258,-144.836426,54.260254,-6.347656
2786,0.008789,0.562988,0.730957,-127.807617,55.541992,-2.502441
2787,-0.002930,0.546387,0.729492,-123.229980,62.927246,3.906250
2788,-0.052734,0.527344,0.785645,-118.286133,67.871094,13.793945
2789,-0.185547,0.579102,1.029785,-127.624512,33.691406,64.392090
2790,-0.215332,0.492188,1.040039,-119.018555,-1.159668,84.289551
2791,-0.233887,0.440918,0.953125,-103.637695,-32.714844,87.097168
2792,-0.112305,0.454590,0.752441,-55.786133,-53.161621,62.683105
2793,-0.087402,0.414551,0.729492,-30.700684,-53.527832,47.363281
2794,-0.061523,0.382812,0.729492,-16.723633,-49.194336,33.630371
2795,-0.020996,0.373047,0.726562,-12.329102,-40.649414,23.925781
2796,0.032715,0.480469,0.750000,-0.671387,-18.432617,22.888184
2797,0.003906,0.528320,0.787109,2.502441,-5.981445,29.418945
2798,-0.032227,0.562988,0.818848,5.310059,4.455566,36.254883
2799,-0.085938,0.505859,0.928223,8.178711,15.075684,38.574219
2800,-0.097656,0.474609,0.983887,6.225586,12.573242,31.616211
2801,-0.112305,0.437988,1.001953,4.333496,5.432129,21.118164
2802,-0.186523,0.426270,1.102051,-2.502441,-9.765625,-4.211426
2803,-0.233887,0.396973,1.115234,-12.390137,-17.333984,-22.460938
2804,-0.192871,0.402344,1.082031,-27.221680,-22.094727,-43.212891
2805,-0.009766,0.444824,0.923340,-60.791016,-12.207031,-62.561035
2806,0.061035,0.453125,0.863281,-67.077637,0.671387,-59.020996
2807,0.077637,0.423340,0.821777,-62.133789,20.996094,-40.527344
2808,0.059570,0.418945,0.836914,-53.833008,24.353027,-30.700684
2809,0.041504,0.410156,0.847656,-43.701172,24.230957,-20.812988
2810,0.029297,0.431641,0.876953,-32.043457,20.385742,-10.437012
2811,0.000000,0.431641,0.916992,-9.826660,3.356934,12.451172
2812,-0.018555,0.411621,0.922852,-2.197266,-5.493164,20.874023
2813,-0.040527,0.381348,0.907227,0.976562,-10.437012,26.306152
2814,-0.062500,0.351562,0.881836,4.516602,-8.361816,27.465820
2815,-0.070801,0.359375,0.896973,3.723145,-5.981445,26.855469
2816,-0.062988,0.377930,0.919434,1.831055,-5.310059,26.977539
2817,-0.077637,0.367188,0.890137,-12.207031,1.342773,22.338867
2818,-0.087402,0.347168,0.870117,-18.066406,9.338379,13.427734
2819,-0.080566,0.347656,0.869629,-21.606445,18.127441,4.272461
2820,-0.058105,0.375488,0.902344,-27.221680,31.860352,-2.685547
2821,-0.036133,0.412109,0.948242,-28.320312,37.414551,-1.708984
2822,-0.062988,0.457031,1.098633,-52.551270,43.151855,7.324219
2823,-0.109863,0.429199,1.147461,-71.228027,40.954590,6.958008
2824,-0.143066,0.391602,1.136719,-87.951660,38.269043,3.356934
2825,-0.167969,0.296387,1.029297,-113.647461,41.442871,-12.817383
2826,-0.165527,0.370605,1.050293,-120.544434,45.104980,-17.272949
2827,-0.125000,0.314453,1.033691,-133.483887,44.982910,-12.390137
2828,-0.138672,0.244141,1.056641,-132.934570,36.499023,-10.131836
2829,-0.131348,0.201660,1.053711,-125.366211,24.658203,-6.591797
2830,-0.121582,0.162109,1.056152,-118.347168,13.610840,-3.173828
2831,-0.125000,0.091797,1.041504,-104.125977,1.281738,4.455566
2832,-0.151367,0.044922,1.023438,-97.106934,-5.676270,4.211426
2833,-0.174805,0.076660,1.034668,-85.449219,-14.343262,4.028320
2834,-0.202637,0.123047,1.095215,-70.251465,-54.687500,18.554688
2835,-0.171387,0.061523,0.931152,-73.486328,-66.772461,22.277832
2836,-0.112793,-0.012207,0.788574,-72.937012,-61.584473,22.216797
2837,-0.033203,-0.075684,0.804688,-68.969727,-45.654297,21.118164
2838,-0.001465,-0.056152,0.762695,-68.054199,-29.846191,21.057129
2839,-0.043457,-0.051270,0.797852,-42.114258,-1.953125,16.113281
2840,-0.079102,-0.070801,0.823242,-35.522461,6.347656,13.000488
2841,-0.092773,-0.023438,0.875977,-36.804199,19.104004,9.643555
2842,-0.107910,-0.026367,0.876465,-40.710449,27.770996,7.812500
2843,-0.136719,-0.023438,0.893555,-40.405273,35.400391,5.126953
2844,-0.161133,-0.026367,0.977539,-35.888672,36.926270,2.014160
2845,-0.160156,-0.065918,1.102539,-30.212402,13.732910,-5.126953
2846,-0.123047,-0.094727,1.077148,-24.414062,-1.770020,-6.713867
2847,-0.130859,-0.068848,0.962402,-11.169434,-22.338867,-6.652832
2848,-0.132812,-0.074707,0.944336,-0.488281,-23.315430,-7.141113
2849,-0.102051,-0.068848,0.932617,8.483887,-22.705078,-8.605957
2850,-0.064941,-0.079102,0.929688,19.958496,-22.460938,-7.873535
2851,-0.079590,-0.076172,1.060059,41.442871,-27.038574,0.122070
2852,-0.107422,-0.081543,1.098633,40.344238,-31.616211,1.647949
2853,-0.140625,-0.096191,1.086914,32.714844,-32.470703,-2.380371
2854,-0.168457,-0.083984,1.021973,9.948730,-20.019531,-19.653320
2855,-0.133789,-0.053711,1.019531,-2.624512,-9.582520,-24.780273
2856,-0.093750,-0.023926,1.018066,-17.456055,6.408691,-22.644043
2857,-0.010254,0.020508,1.044434,-18.554688,7.263184,-16.357422
2858,-0.005859,-0.003418,1.053223,-17.456055,3.662109,-7.873535
2859,-0.019531,-0.043945,0.991211,-6.042480,-2.136230,-1.342773
2860,-0.093750,-0.086914,0.945801,16.174316,-13.122559,4.394531
2861,-0.121094,-0.099121,0.930664,25.146484,-13.488770,1.953125
2862,-0.125488,-0.092773,0.958008,33.325195,-13.366699,-1.342773
2863,-0.122559,-0.032715,1.153320,36.926270,-24.230957,-7.995605
2864,-0.110840,-0.022949,1.157227,28.930664,-32.226562,-11.413574
2865,-0.093262,-0.030762,1.112305,16.784668,-34.545898,-16.052246
2866,-0.049805,-0.012695,1.001465,-7.751465,-26.367188,-25.390625
2867,-0.015137,0.008789,0.942383,-7.324219,-22.155762,-24.902344
2868,0.007324,-0.003418,0.905273,-0.915527,-16.601562,-21.484375
2869,0.022461,0.011230,0.908203,7.995605,-11.840820,-17.395020
2870,0.020508,0.040527,1.020020,25.756836,-17.333984,-6.042480
2871,0.005859,0.027832,1.011230,33.020020,-25.451660,-2.075195
2872,0.012695,0.037109,0.972656,39.611816,-31.188965,0.915527
2873,0.057617,0.079102,0.911133,39.123535,-25.634766,9.826660
2874,0.057129,0.073242,0.892578,36.743164,-16.601562,14.099121
2875,0.036621,0.035156,0.917480,38.269043,-8.361816,17.517090
2876,-0.006836,0.011230,0.981934,43.701172,-5.493164,19.592285
2877,-0.068848,0.012207,1.097168,57.617188,-23.681641,15.136719
2878,-0.052734,0.058105,1.130859,62.255859,-40.954590,12.878418
2879,-0.027832,0.105957,1.077637,64.025879,-57.495117,13.000488
2880,0.052734,0.147461,0.909180,57.678223,-55.480957,12.634277
2881,0.058105,0.139648,0.859863,46.936035,-36.865234,9.765625
2882,0.021973,0.125977,0.848633,30.212402,-11.108398,0.183105
2883,0.010742,0.167480,0.952148,-8.666992,41.748047,-22.766113
2884,0.021973,0.178711,1.020508,-24.414062,58.166504,-28.808594
2885,0.041016,0.170898,1.076172,-35.156250,64.575195,-28.442383
2886,0.062012,0.152832,1.104492,-43.212891,64.392090,-22.583008
2887,0.046387,0.083008,1.041504,-49.987793,53.161621,-12.023926
2888,0.040039,0.057129,0.928223,-48.950195,53.955078,-14.404297
2889,0.016602,0.062988,0.898438,-17.761230,58.471680,-9.399414
2890,-0.004883,0.077637,0.922852,4.028320,54.931641,-3.601074
2891,0.010254,0.106445,0.982910,23.925781,46.508789,4.028320
2892,0.021973,0.144531,1.041992,37.109375,34.484863,13.916016
2893,-0.019531,0.199707,1.085449,41.198730,13.305664,36.376953
2894,-0.066406,0.181641,1.039551,36.132812,9.826660,42.419434
2895,-0.130859,0.127930,0.972168,38.452148,14.892578,44.189453
2896,-0.141602,0.096680,0.971191,53.894043,12.817383,45.776367
2897,-0.101074,0.116211,0.980469,83.374023,4.211426,48.889160
2898,-0.041016,0.163574,0.963867,118.774414,-7.629395,54.077148
2899,-0.005859,0.285156,1.037109,167.907715,-28.930664,57.495117
2900,0.048828,0.312012,1.052734,178.466797,-37.780762,59.631348
2901,-0.030762,0.285645,1.120117,157.653809,-42.114258,59.814453
2902,-0.112305,0.242188,1.086914,118.225098,-37.658691,53.466797
2903,-0.176758,0.209473,0.960449,49.682617,8.117676,22.888184
2904,-0.051758,0.320312,0.945801,19.592285,45.593262,-1.708984
2905,-0.025391,0.321289,0.947754,18.371582,52.673340,-4.821777
2906,-0.059570,0.286133,0.962891,21.850586,54.504395,-4.272461
2907,-0.164551,0.261230,1.035156,46.020508,30.517578,-3.417969
2908,-0.179199,0.301270,1.042969,58.776855,4.211426,-2.014160
2909,-0.155273,0.360352,1.014160,75.866699,-26.977539,0.610352
2910,-0.113281,0.521484,1.223633,77.880859,-57.495117,5.249023
2911,-0.003418,0.576660,0.883789,106.506348,-94.238281,28.564453
2912,-0.023926,0.585938,0.820312,109.008789,-95.336914,40.161133
2913,-0.058594,0.490723,0.760742,119.934082,-88.562012,38.635254
2914,-0.024902,0.351562,0.833984,125.732422,-80.566406,12.878418
2915,0.041016,0.358887,0.850098,124.023438,-84.228516,2.075195
2916,0.099121,0.390137,0.827148,118.469238,-89.111328,-1.342773
2917,0.146973,0.567871,0.816406,110.473633,-97.167969,10.864258
2918,0.129395,0.599609,0.814941,108.886719,-97.717285,19.165039
2919,0.113770,0.599609,0.801758,107.299805,-94.909668,21.850586
2920,0.156738,0.646484,0.795410,113.708496,-92.773438,15.014648
2921,0.229004,0.763184,0.724609,118.103027,-92.468262,14.526367
2922,0.305664,0.829590,0.647949,123.352051,-89.233398,19.287109
2923,0.276367,0.732422,0.636719,124.023438,-74.401855,24.108887
2924,0.214355,0.756348,0.727539,123.046875,-72.143555,27.160645
2925,0.194824,0.891602,0.758789,141.113281,-63.354492,54.016113
2926,0.208008,0.926758,0.853027,186.950684,-60.058594,96.923828
2927,0.229980,0.835449,1.093262,276.916504,-146.240234,140.991211
2928,0.237793,0.826172,1.050293,294.433594,-204.772949,143.371582
2929,0.266113,0.680664,0.592773,266.113281,-249.328613,113.952637
2930,0.313477,0.619141,0.317383,234.008789,-224.609375,82.519531
2931,0.407227,0.611816,0.111816,196.105957,-176.269531,51.696777
2932,0.609863,0.670410,-0.157227,117.492676,-51.940918,30.456543
2933,0.577637,0.780762,-0.065918,97.595215,-10.498047,47.241211
2934,0.503906,0.862793,0.059082,103.088379,1.159668,70.007324
2935,0.430176,0.870605,0.351074,161.010742,-33.996582,91.247559
2936,0.444336,0.814453,0.421875,186.767578,-66.162109,85.449219
2937,0.465820,0.780762,0.400879,201.538086,-95.642090,75.073242
2938,0.410645,0.746094,0.190430,199.462891,-118.286133,57.739258
2939,0.444336,0.764648,0.036133,197.570801,-115.173340,51.269531
2940,0.536621,0.791016,-0.163086,206.909180,-102.905273,51.879883
2941,0.607910,0.716309,-0.288086,218.688965,-79.833984,51.879883
2942,0.600098,0.619141,-0.225586,207.458496,-38.391113,36.071777
2943,0.547363,0.631348,-0.156250,187.255859,-33.508301,27.709961
2944,0.510742,0.642090,-0.144043,141.906738,-49.499512,9.094238
2945,0.568359,0.686035,-0.212891,130.249023,-60.607910,0.732422
2946,0.587402,0.714355,-0.258789,132.507324,-68.542480,-6.713867
2947,0.590332,0.806152,-0.357910,135.375977,-68.664551,-11.169434
2948,0.562988,0.858398,-0.462402,109.985352,-45.715332,0.000000
2949,0.597168,0.902344,-0.378418,109.680176,-41.137695,16.418457
2950,0.625000,0.925781,-0.263184,125.244141,-50.598145,41.564941
2951,0.593750,0.797363,-0.260742,177.429199,-91.857910,84.594727
2952,0.573730,0.705566,-0.334961,199.462891,-106.079102,94.787598
2953,0.578613,0.581055,-0.512207,207.824707,-103.515625,101.867676
2954,0.585938,0.521973,-0.558105,201.599121,-93.505859,101.806641
2955,0.604004,0.454590,-0.635742,191.162109,-81.420898,97.717285
2956,0.610840,0.404785,-0.699219,173.828125,-66.528320,88.867188
2957,0.576172,0.367676,-0.799316,125.488281,-36.071777,61.523438
2958,0.584473,0.439941,-0.745605,108.703613,-28.503418,57.128906
2959,0.589844,0.479004,-0.639160,98.327637,-33.752441,63.537598
2960,0.558105,0.361816,-0.541504,86.730957,-65.368652,67.260742
2961,0.537109,0.309082,-0.573242,79.711914,-77.331543,57.861328
2962,0.520508,0.257324,-0.637207,71.350098,-82.153320,46.142578
2963,0.511230,0.203125,-0.822266,81.909180,-80.200195,32.714844
2964,0.546875,0.254883,-0.924316,103.637695,-74.645996,35.400391
2965,0.600586,0.332520,-0.952148,131.164551,-68.115234,49.804688
2966,0.590332,0.341797,-0.818359,160.705566,-59.020996,84.777832
2967,0.584961,0.343262,-0.730469,167.907715,-61.279297,103.027344
2968,0.571777,0.313965,-0.665039,165.039062,-66.406250,116.210938
2969,0.537109,0.217773,-0.682129,154.235840,-69.519043,124.633789
2970,0.421387,-0.040527,-0.728516,120.056152,-67.382812,114.624023
2971,0.397461,-0.116699,-0.812500,103.027344,-61.401367,100.341797
2972,0.494141,-0.012695,-0.961914,111.511230,-52.978516,95.153809
2973,0.503906,-0.010742,-0.929199,137.512207,-54.138184,112.915039
2974,0.426758,-0.099609,-0.807129,152.465820,-66.406250,145.874023
2975,0.373047,-0.151855,-0.800781,146.606445,-73.608398,143.676758
2976,0.283203,-0.293945,-0.835938,112.243652,-83.862305,101.440430
2977,0.328125,-0.314941,-0.877930,84.716797,-85.937500,74.768066
2978,0.367188,-0.328125,-0.960938,59.692383,-82.641602,55.114746
2979,0.389648,-0.333984,-1.042480,45.898438,-73.913574,41.137695
2980,0.364746,-0.365234,-1.081055,31.921387,-43.457031,19.714355
2981,0.365234,-0.355469,-1.048828,26.916504,-26.062012,12.023926
2982,0.333984,-0.333984,-0.923340,23.071289,-3.295898,11.840820
2983,0.310547,-0.327637,-0.885254,26.489258,-2.502441,13.671875
2984,0.301270,-0.315918,-0.860840,31.494141,-8.178711,16.235352
2985,0.292480,-0.312988,-0.845215,36.926270,-26.489258,21.606445
2986,0.291016,-0.320312,-0.895020,35.644531,-32.165527,20.568848
2987,0.292480,-0.338867,-0.919434,29.418945,-32.165527,15.380859
2988,0.292969,-0.359375,-0.935547,16.235352,-26.672363,5.859375
2989,0.317383,-0.376953,-1.008789,-19.653320,-0.122070,-22.094727
2990,0.323730,-0.371094,-1.007812,-34.912109,17.333984,-34.790039
2991,0.318848,-0.354004,-0.990234,-46.752930,34.301758,-44.372559
2992,0.326172,-0.332031,-0.920410,-55.480957,52.917480,-54.016113
2993,0.325684,-0.322754,-0.880371,-56.762695,53.283691,-55.297852
2994,0.315430,-0.321777,-0.857422,-60.668945,50.292969,-58.532715
2995,0.315430,-0.340332,-0.869629,-88.439941,48.034668,-84.106445
2996,0.352051,-0.291992,-0.909668,-105.895996,54.077148,-101.318359
2997,0.381836,-0.220703,-0.932617,-119.750977,64.025879,-114.135742
2998,0.433105,-0.068848,-0.926270,-134.460449,84.411621,-121.887207
2999,0.456543,-0.011719,-0.907715,-137.695312,92.346191,-117.614746
3000,0.471680,0.043945,-0.863281,-137.878418,96.923828,-110.351562
3001,0.507812,0.153809,-0.798340,-139.099121,95.458984,-83.923340
3002,0.505859,0.166016,-0.766113,-140.563965,90.270996,-70.190430
3003,0.483887,0.139160,-0.744141,-142.822266,82.214355,-58.959961
3004,0.493652,0.111328,-0.776855,-139.221191,72.448730,-51.330566
3005,0.562988,0.062988,-0.952148,-116.638184,64.819336,-39.733887
3006,0.532227,-0.034180,-0.997559,-105.102539,72.753906,-44.982910
3007,0.584473,0.042480,-1.023926,-96.984863,84.106445,-51.513672
3008,0.560547,0.103027,-0.840820,-81.970215,108.154297,-71.777344
3009,0.576660,0.174316,-0.743652,-82.458496,107.421875,-80.383301
3010,0.590820,0.244141,-0.671387,-85.266113,99.853516,-83.068848
3011,0.593750,0.314453,-0.585938,-94.055176,75.744629,-78.430176
3012,0.600098,0.343262,-0.594727,-103.942871,66.284180,-72.509766
3013,0.607910,0.329590,-0.637207,-112.304688,63.476562,-66.833496
3014,0.568848,0.262695,-0.783203,-116.455078,79.833984,-65.063477
3015,0.607910,0.346191,-0.749023,-115.417480,101.318359,-74.096680
3016,0.610840,0.366211,-0.770508,-114.257812,121.093750,-74.584961
3017,0.654785,0.423340,-0.505859,-108.947754,152.038574,-74.523926
3018,0.618164,0.414551,-0.442871,-107.971191,151.367188,-75.378418
3019,0.627441,0.498535,-0.322266,-107.727051,140.869141,-74.035645
3020,0.559570,0.584473,-0.290039,-115.478516,108.154297,-62.988281
3021,0.543945,0.565430,-0.331543,-126.525879,94.970703,-62.011719
3022,0.723145,0.627930,-0.616211,-126.708984,109.558105,-68.054199
3023,0.837402,0.666016,-0.677246,-108.398438,134.521484,-61.218262
3024,0.854980,0.612305,-0.637695,-83.618164,160.888672,-53.222656
3025,0.797852,0.544434,-0.489258,-61.889648,179.199219,-52.429199
3026,0.718262,0.537109,-0.094727,-55.114746,170.288086,-85.388184
3027,0.715820,0.628906,0.003906,-74.951172,145.996094,-103.515625
3028,0.693359,0.654297,0.012695,-133.972168,100.769043,-128.479004
3029,0.683105,0.663574,-0.010742,-169.189453,91.064453,-140.808105
3030,0.687012,0.742676,-0.047363,-206.970215,90.820312,-146.118164
3031,0.700684,0.798340,-0.047852,-232.604980,92.285156,-147.460938
3032,0.725586,0.834473,0.005371,-242.431641,86.181641,-147.766113
3033,0.663574,0.815430,0.070801,-243.347168,79.101562,-144.714355
3034,0.563477,0.781738,0.152344,-247.253418,68.420410,-142.822266
3035,0.421875,0.947754,0.278320,-274.658203,44.616699,-134.033203
3036,0.404297,1.057617,0.339844,-309.570312,37.902832,-118.347168
3037,0.355469,0.886230,0.431641,-396.545410,33.020020,-94.482422
3038,0.361328,0.939941,0.454590,-430.847168,30.273438,-90.759277
3039,0.333008,0.972168,0.437500,-468.139648,29.968262,-77.941895
3040,0.314453,1.033203,0.390137,-502.136230,29.052734,-54.992676
3041,0.545410,0.329590,-0.121094,-225.646973,69.702148,-9.948730
3042,0.462891,0.012207,-0.176270,-135.986328,148.803711,-24.963379
3043,0.403320,0.097168,0.333496,-73.547363,191.162109,-53.283691
3044,0.317383,0.547363,0.844238,0.671387,168.823242,-58.349609
3045,0.180176,0.611328,1.032715,18.005371,134.887695,-51.086426
3046,0.093262,0.742188,1.097168,19.653320,41.259766,-39.550781
3047,0.121582,0.780273,1.068848,9.948730,-3.845215,-30.395508
3048,0.174805,0.760254,0.953125,-2.258301,-39.733887,-20.568848
3049,0.262695,0.605469,0.678223,-10.009766,-61.462402,-16.540527
3050,0.306641,0.594727,0.595703,2.075195,-52.795410,-22.766113
3051,0.355469,0.667480,0.575195,15.014648,-35.827637,-25.390625
3052,0.411621,0.891113,0.753418,8.361816,-1.037598,-0.488281
3053,0.370117,0.854980,0.798340,-9.704590,10.192871,13.793945
3054,0.299316,0.780762,0.774902,-33.569336,17.456055,15.686035
3055,0.230957,0.584961,0.688477,-67.932129,25.939941,-12.634277
3056,0.255859,0.569336,0.676270,-69.335938,27.709961,-25.390625
3057,0.269531,0.580078,0.637207,-63.781738,29.968262,-29.418945
3058,0.277832,0.588379,0.601562,-56.762695,35.766602,-27.893066
3059,0.273438,0.581055,0.658203,-41.992188,52.062988,-24.719238
3060,0.254883,0.621094,0.764648,-32.409668,52.856445,-22.705078
3061,0.253418,0.773926,0.851074,-30.334473,36.010742,-9.338379
3062,0.241699,0.778320,0.829102,-44.921875,25.634766,-0.061035
3063,0.229492,0.724121,0.765625,-59.204102,20.996094,6.225586
3064,0.227051,0.646973,0.723145,-65.917969,22.766113,8.483887
3065,0.204102,0.500488,0.687500,-58.776855,32.226562,2.685547
3066,0.193359,0.435059,0.674805,-45.776367,36.621094,-3.601074
3067,0.184570,0.414551,0.691895,-25.451660,40.710449,-9.826660
3068,0.172363,0.528320,0.839844,10.192871,40.222168,-9.155273
3069,0.163574,0.581543,0.900879,18.676758,30.822754,-2.014160
3070,0.145020,0.593262,0.923340,22.216797,16.784668,2.746582
3071,0.135254,0.592285,0.924316,22.644043,1.159668,4.089355
3072,0.134277,0.563477,0.866211,20.324707,-21.667480,4.211426
3073,0.134766,0.546875,0.835449,19.287109,-24.230957,3.845215
3074,0.140137,0.543457,0.847656,19.653320,-24.353027,3.173828
3075,0.163086,0.569336,0.836914,15.136719,-21.057129,2.441406
3076,0.184570,0.587402,0.823242,7.995605,-15.014648,2.807617
3077,0.187012,0.581055,0.812500,0.366211,-7.507324,3.051758
3078,0.176270,0.541992,0.769531,-4.455566,2.197266,-3.723145
3079,0.184082,0.565430,0.770996,-3.173828,6.408691,-4.760742
3080,0.175781,0.566406,0.781738,-2.563477,9.582520,-3.479004
3081,0.140137,0.545410,0.822266,0.000000,7.690430,-6.042480
3082,0.133301,0.549316,0.838379,1.220703,2.380371,-8.117676
3083,0.133301,0.567383,0.843750,2.319336,-4.089355,-8.972168
3084,0.163086,0.625488,0.837402,2.563477,-9.582520,-6.958008
3085,0.184570,0.622559,0.820312,0.610352,-15.869141,2.868652
3086,0.185059,0.586914,0.809570,0.122070,-17.639160,3.723145
3087,0.187012,0.566406,0.797852,0.000000,-17.944336,2.258301
3088,0.175293,0.540039,0.768555,2.685547,-17.028809,0.244141
3089,0.185059,0.549316,0.770996,7.202148,-15.991211,-1.464844
3090,0.197266,0.572754,0.788086,9.826660,-14.831543,-1.281738
3091,0.194824,0.581055,0.802246,10.375977,-14.709473,-0.488281
3092,0.188965,0.588379,0.811035,10.864258,-18.676758,-3.112793
3093,0.209473,0.617188,0.794922,11.535645,-21.301270,-2.624512
3094,0.252930,0.628418,0.733398,8.789062,-11.718750,3.601074
3095,0.243164,0.605957,0.750000,8.544922,-3.417969,4.211426
3096,0.223145,0.593750,0.776855,7.690430,1.586914,2.380371
3097,0.199707,0.596680,0.799316,5.432129,2.990723,-0.244141
3098,0.183105,0.606445,0.834473,-0.732422,-2.319336,-1.708984
3099,0.181641,0.588867,0.819336,-3.845215,-5.371094,-2.075195
3100,0.195801,0.580078,0.772461,-4.211426,-5.981445,-3.417969
3101,0.238770,0.639648,0.735840,-1.770020,-2.319336,-1.953125
3102,0.254395,0.643066,0.757812,1.525879,6.347656,10.131836
3103,0.225098,0.605957,0.778320,1.342773,6.042480,10.986328
3104,0.195312,0.576660,0.790039,0.854492,3.479004,8.850098
3105,0.180176,0.549805,0.772949,0.793457,0.183105,2.685547
3106,0.187500,0.541016,0.776367,0.549316,1.159668,0.061035
3107,0.187988,0.544922,0.786133,1.220703,1.403809,-2.563477
3108,0.189453,0.567383,0.809570,2.685547,-0.549316,-4.577637
3109,0.204102,0.635254,0.861328,1.647949,-11.901855,-0.366211
3110,0.200684,0.614258,0.847656,0.549316,-18.005371,1.586914
3111,0.202148,0.595215,0.823730,0.244141,-22.705078,1.281738
3112,0.253906,0.611816,0.723145,1.220703,-15.625000,3.784180
3113,0.255859,0.593750,0.713867,0.915527,-4.821777,5.737305
3114,0.232910,0.570801,0.732910,-0.122070,4.211426,4.516602
3115,0.208008,0.565918,0.761719,-1.892090,9.094238,1.159668
3116,0.178223,0.566406,0.790527,-4.272461,9.399414,-4.394531
3117,0.174316,0.568359,0.794434,-3.295898,6.896973,-5.859375
3118,0.180664,0.584961,0.800293,-0.976562,3.356934,-5.981445
3119,0.192383,0.606934,0.802246,1.403809,-5.065918,-1.098633
3120,0.187012,0.586914,0.788574,2.136230,-8.789062,-0.915527
3121,0.188965,0.573242,0.776367,3.112793,-11.047363,-2.380371
3122,0.188477,0.553711,0.764648,5.798340,-12.207031,-6.103516
3123,0.194336,0.565430,0.762207,7.690430,-12.817383,-7.629395
3124,0.219727,0.608887,0.767090,10.070801,-13.671875,-5.737305
3125,0.233887,0.610352,0.766602,11.047363,-13.549805,0.549316
3126,0.232910,0.608887,0.769043,11.047363,-13.061523,0.183105
3127,0.238770,0.617676,0.769043,8.117676,-10.620117,-2.319336
3128,0.243164,0.621582,0.771484,6.896973,-9.094238,-2.990723
3129,0.243164,0.624512,0.771484,6.103516,-8.117676,-3.234863
3130,0.246582,0.633789,0.775391,5.981445,-8.117676,-2.929688
3131,0.263672,0.647461,0.750000,0.244141,-2.624512,2.075195
3132,0.254395,0.626465,0.754883,-2.197266,3.112793,2.075195
3133,0.237305,0.613770,0.767090,-5.615234,7.141113,0.000000
3134,0.219727,0.601074,0.765137,-9.460449,9.826660,-3.417969
3135,0.212891,0.595215,0.775879,-13.122559,12.756348,-9.948730
3136,0.212402,0.598145,0.778320,-12.207031,11.962891,-10.864258
3137,0.211914,0.601074,0.779297,-9.582520,9.582520,-10.559082
3138,0.223633,0.631836,0.788574,-6.164551,6.042480,-8.361816
3139,0.225586,0.642578,0.795410,-0.976562,-3.479004,1.342773
3140,0.213867,0.621582,0.790039,0.854492,-8.422852,3.967285
3141,0.204590,0.600098,0.774414,2.075195,-11.352539,4.211426
3142,0.202637,0.589355,0.763672,2.990723,-11.474609,3.356934
3143,0.210449,0.595215,0.750000,2.014160,-6.774902,1.647949
3144,0.219238,0.593262,0.743652,0.488281,-2.197266,0.854492
3145,0.211914,0.587891,0.753418,-1.770020,2.990723,-2.258301
3146,0.214355,0.596191,0.765137,-1.708984,2.441406,-3.051758
3147,0.220215,0.605469,0.769531,-0.915527,0.732422,-2.502441
3148,0.229492,0.612793,0.765625,0.488281,-0.732422,-1.037598
3149,0.233887,0.611328,0.760254,3.845215,-2.258301,2.014160
3150,0.228027,0.603027,0.764648,4.882812,-2.624512,2.563477
3151,0.215820,0.598633,0.760742,4.760742,-2.197266,1.831055
3152,0.212891,0.591309,0.776855,1.281738,1.647949,-2.197266
3153,0.216797,0.591309,0.780273,-2.502441,4.150391,-3.845215
3154,0.216797,0.596191,0.775391,-4.211426,5.981445,-4.943848
3155,0.217285,0.605957,0.784180,-4.333496,5.676270,-3.906250
3156,0.206543,0.611816,0.805664,-3.906250,2.319336,-2.563477
3157,0.199707,0.604004,0.798340,-3.173828,-2.014160,-1.586914
3158,0.201660,0.596680,0.781250,-1.647949,-5.554199,-1.525879
3159,0.223145,0.608398,0.755371,1.342773,-6.103516,0.183105
3160,0.220215,0.607422,0.757324,2.807617,-4.821777,0.610352
3161,0.213379,0.618164,0.780273,4.028320,-4.333496,-0.427246
3162,0.215332,0.632812,0.794922,3.356934,-5.981445,0.305176
3163,0.213379,0.625000,0.791016,2.258301,-8.300781,1.403809
3164,0.217285,0.616211,0.763184,2.197266,-10.009766,1.220703
3165,0.239746,0.618652,0.740234,7.263184,-9.643555,2.014160
3166,0.237793,0.612793,0.745605,10.253906,-9.765625,3.051758
3167,0.231934,0.612793,0.752441,12.756348,-10.559082,3.479004
3168,0.228516,0.614258,0.761719,14.648438,-11.230469,3.173828
3169,0.236816,0.593750,0.762207,18.249512,-13.977051,-1.281738
3170,0.247559,0.609863,0.743652,21.240234,-13.916016,-2.990723
3171,0.248047,0.633789,0.719727,24.291992,-8.850098,-2.380371
3172,0.245605,0.636719,0.715332,23.132324,-5.737305,-2.380371
3173,0.236816,0.623047,0.705078,22.094727,-2.990723,-4.150391
3174,0.223145,0.597168,0.679199,21.911621,0.122070,-7.934570
3175,0.217773,0.541992,0.599609,34.667969,8.605957,-22.338867
3176,0.232422,0.624023,0.623047,46.264648,12.390137,-23.742676
3177,0.238770,0.727539,0.712402,52.246094,10.620117,-15.380859
3178,0.183594,0.737305,0.815918,40.893555,-6.042480,6.408691
3179,0.161133,0.673340,0.810547,36.865234,-13.916016,4.211426
3180,0.165527,0.651367,0.808594,35.888672,-19.897461,-1.831055
3181,0.188477,0.645020,0.754883,37.780762,-33.325195,-10.375977
3182,0.199219,0.660645,0.713867,40.649414,-39.672852,-11.230469
3183,0.223633,0.675293,0.659180,46.081543,-43.640137,-10.192871
3184,0.251953,0.689453,0.619629,54.016113,-45.349121,-8.300781
3185,0.275879,0.678223,0.563965,73.547363,-42.663574,-8.483887
3186,0.285156,0.679688,0.565430,85.327148,-37.780762,-14.953613
3187,0.291992,0.961914,0.731445,102.783203,-39.001465,-6.286621
3188,0.267090,1.042969,0.849121,99.060059,-55.786133,16.662598
3189,0.244141,0.976074,0.888184,86.059570,-79.956055,35.400391
3190,0.250977,0.848633,0.801758,72.143555,-102.416992,40.405273
3191,0.274414,0.770508,0.687988,67.260742,-116.149902,34.729004
3192,0.354980,0.778320,0.445801,84.167480,-118.408203,31.494141
3193,0.393555,0.752441,0.347656,102.416992,-112.243652,37.109375
3194,0.339844,0.699219,0.315918,136.291504,-100.891113,38.269043
3195,0.296387,0.673340,0.353027,151.550293,-101.684570,20.812988
3196,0.286133,0.787109,0.405273,169.555664,-113.586426,-2.807617
3197,0.386719,1.132812,0.453125,192.504883,-138.854980,-4.150391
3198,0.645020,1.294434,0.337891,227.294922,-191.955566,66.101074
3199,0.633789,1.078613,0.245605,229.370117,-198.852539,93.688965
3200,0.545898,0.835449,0.161621,198.974609,-159.606934,107.971191
3201,0.450684,0.718262,0.109863,181.823730,-126.953125,117.614746
3202,0.400391,0.657227,0.140625,179.748535,-115.966797,115.905762
3203,0.453125,0.736328,0.113770,191.467285,-153.015137,88.623047
3204,0.524902,0.782227,-0.064453,200.683594,-167.358398,86.181641
3205,0.559570,0.753418,-0.228516,212.951660,-168.701172,87.341309
3206,0.540527,0.664551,-0.355469,227.966309,-146.911621,79.833984
3207,0.519531,0.618164,-0.353027,224.060059,-132.629395,71.166992
3208,0.500977,0.570801,-0.342285,214.660645,-119.384766,60.791016
3209,0.482422,0.513672,-0.409668,179.199219,-88.439941,43.823242
3210,0.479492,0.550781,-0.362305,168.212891,-80.871582,40.161133
3211,0.522949,0.625977,-0.395508,179.260254,-82.336426,36.376953
3212,0.641113,0.630859,-0.477051,193.359375,-82.458496,36.804199
3213,0.600098,0.645020,-0.534180,207.397461,-78.735352,40.527344
3214,0.543457,0.602051,-0.564453,220.642090,-70.312500,42.663574
3215,0.506836,0.597168,-0.580566,237.060547,-49.987793,56.518555
3216,0.541504,0.614258,-0.582520,247.131348,-44.494629,76.721191
3217,0.575195,0.599121,-0.563477,257.324219,-46.447754,107.849121
3218,0.648926,0.357910,-0.517090,194.152832,-60.913086,148.925781
3219,0.661133,0.395020,-0.590332,141.479492,-78.674316,150.512695
3220,0.607422,0.348633,-0.735352,116.455078,-98.327637,142.883301
3221,0.467285,0.150879,-0.829102,86.120605,-108.581543,102.233887
3222,0.483887,0.137695,-0.904785,70.373535,-98.022461,74.462891
3223,0.509277,0.164062,-0.973633,62.744141,-79.223633,48.889160
3224,0.544922,0.181152,-0.967773,57.617188,-58.227539,28.808594
3225,0.582520,0.167969,-0.932129,64.880371,-33.325195,8.361816
3226,0.595703,0.172852,-0.894531,70.495605,-29.785156,5.615234
3227,0.587402,0.222656,-0.786621,79.895020,-36.865234,27.954102
3228,0.527344,0.205078,-0.736328,85.327148,-46.325684,45.532227
3229,0.482910,0.158691,-0.708984,85.937500,-58.166504,55.114746
3230,0.461426,0.120117,-0.722168,77.758789,-69.274902,58.044434
3231,0.479492,0.054688,-0.983887,66.162109,-65.979004,56.274414
3232,0.443848,-0.024414,-1.011719,69.458008,-54.138184,50.109863
3233,0.399414,-0.062988,-0.991211,83.312988,-39.916992,33.569336
3234,0.350098,-0.166504,-0.937988,82.702637,-37.963867,24.108887
3235,0.383301,-0.081543,-0.887695,85.571289,-40.771484,21.179199
3236,0.372070,-0.025391,-0.831543,92.651367,-48.522949,23.925781
3237,0.361328,-0.017090,-0.802246,92.285156,-56.701660,26.367188
3238,0.409180,-0.067383,-0.883789,71.655273,-59.692383,25.939941
3239,0.406250,-0.094727,-0.930664,63.293457,-52.185059,24.353027
3240,0.384766,-0.133301,-0.932129,56.274414,-42.358398,22.216797
3241,0.355469,-0.135742,-0.867676,56.701660,-34.851074,22.583008
3242,0.331543,-0.142578,-0.858398,61.279297,-39.611816,26.245117
3243,0.336914,-0.143066,-0.872070,63.720703,-45.959473,29.357910
3244,0.364746,-0.177246,-0.958984,60.485840,-45.104980,32.836914
3245,0.370605,-0.189941,-0.971191,55.236816,-36.865234,32.226562
3246,0.341309,-0.212402,-0.938965,51.757812,-30.700684,32.592773
3247,0.301758,-0.246582,-0.919434,51.879883,-29.235840,31.188965
3248,0.264160,-0.237305,-0.855957,70.678711,-43.029785,38.146973
3249,0.220215,-0.288086,-0.826660,80.749512,-55.969238,43.151855
3250,0.234863,-0.310547,-0.911621,101.745605,-82.397461,50.781250
3251,0.253906,-0.352051,-0.932617,102.172852,-87.219238,55.480957
3252,0.243164,-0.346191,-0.948242,98.693848,-85.510254,55.969238
3253,0.209473,-0.363281,-0.952148,89.782715,-77.026367,52.185059
3254,0.178223,-0.358398,-0.959473,81.909180,-57.983398,41.625977
3255,0.176270,-0.400391,-1.003418,84.289551,-49.072266,40.466309
3256,0.166016,-0.442871,-0.990234,88.684082,-42.541504,36.682129
3257,0.152344,-0.417969,-0.928223,89.111328,-41.198730,32.409668
3258,0.125488,-0.397949,-0.800781,68.664551,-45.593262,19.714355
3259,0.138672,-0.385742,-0.780273,51.574707,-46.508789,12.023926
3260,0.137207,-0.385254,-0.790527,33.874512,-44.128418,6.835938
3261,0.145020,-0.436523,-0.930664,6.347656,-25.146484,-0.976562
3262,0.149902,-0.470703,-0.990234,-0.549316,-9.460449,-5.310059
3263,0.149414,-0.493652,-0.995117,-4.821777,5.004883,-11.535645
3264,0.162598,-0.463379,-0.939453,-12.512207,15.808105,-23.620605
3265,0.171875,-0.433105,-0.928711,-17.517090,15.258789,-26.855469
3266,0.182617,-0.418945,-0.919922,-23.742676,15.258789,-28.747559
3267,0.205078,-0.397461,-0.892090,-39.367676,17.761230,-30.212402
3268,0.223633,-0.367676,-0.883301,-50.415039,21.118164,-29.968262
3269,0.219727,-0.379395,-0.954590,-62.683105,29.968262,-33.691406
3270,0.200684,-0.452637,-0.997559,-87.341309,65.673828,-57.434082
3271,0.184082,-0.437988,-0.969727,-101.745605,80.017090,-74.829102
3272,0.167480,-0.393066,-0.926758,-117.431641,88.867188,-91.003418
3273,0.194824,-0.273438,-0.804199,-157.348633,91.857910,-111.206055
3274,0.212402,-0.253906,-0.810547,-175.781250,92.285156,-121.337891
3275,0.236816,-0.234375,-0.832520,-190.063477,97.167969,-132.263184
3276,0.268555,-0.206055,-0.955566,-204.406738,120.422363,-150.024414
3277,0.340820,-0.127930,-0.989258,-193.847656,132.629395,-150.390625
3278,0.417480,-0.028809,-0.955078,-173.339844,136.413574,-139.831543
3279,0.486328,0.062500,-0.907715,-151.123047,130.737305,-122.680664
3280,0.552734,0.220215,-0.785156,-118.957520,98.144531,-79.833984
3281,0.524902,0.195312,-0.741699,-118.896484,80.444336,-64.819336
3282,0.492188,0.143555,-0.789062,-143.066406,65.124512,-60.302734
3283,0.468262,0.108887,-0.829102,-145.446777,64.697266,-64.147949
3284,0.438477,0.014648,-0.859863,-141.845703,65.612793,-72.937012
3285,0.451172,-0.032227,-0.875977,-138.793945,67.626953,-87.707520
3286,0.566406,0.093750,-0.945801,-144.042969,77.453613,-112.487793
3287,0.574707,0.185547,-0.924316,-155.334473,83.801270,-119.201660
3288,0.572266,0.277344,-0.864258,-169.067383,90.515137,-123.474121
3289,0.541504,0.406250,-0.725098,-190.979004,100.891113,-128.784180
3290,0.543457,0.474609,-0.675781,-197.326660,104.492188,-128.784180
3291,0.573730,0.535645,-0.683594,-200.683594,109.191895,-123.840332
3292,0.587402,0.546875,-0.676270,-201.721191,116.882324,-117.431641
3293,0.544922,0.387695,-0.524902,-207.336426,128.906250,-120.056152
3294,0.515137,0.465332,-0.375977,-226.745605,128.234863,-124.755859
3295,0.512207,0.654297,-0.302246,-251.831055,122.863770,-121.337891
3296,0.770508,1.137695,-0.629395,-241.821289,115.478516,-72.509766
3297,0.807617,1.115723,-0.687012,-200.744629,116.699219,-33.752441
3298,0.743164,0.928711,-0.640137,-162.719727,118.164062,-11.169434
3299,0.623047,0.721680,-0.530273,-147.094727,121.887207,-16.906738
3300,0.494629,0.639648,-0.238281,-178.588867,114.624023,-83.740234
3301,0.510254,0.727051,-0.156738,-212.646484,102.355957,-110.900879
3302,0.531738,0.836914,-0.085938,-246.887207,86.669922,-125.671387
3303,0.496582,0.959473,-0.038086,-309.204102,59.753418,-127.319336
3304,0.492188,1.019531,-0.019531,-326.293945,54.260254,-119.018555
3305,0.496094,1.040039,0.005371,-336.547852,53.100586,-102.416992
3306,0.463867,1.001953,0.110840,-358.947754,62.927246,-70.861816
3307,0.426758,0.943848,0.119629,-372.863770,69.091797,-58.593750
3308,0.430176,0.854492,0.037598,-376.892090,92.590332,-51.086426
3309,0.438965,0.594727,0.043945,-345.947266,193.176270,-48.706055
3310,0.385742,0.574707,0.238281,-325.317383,222.106934,-55.664062
3311,0.331543,0.636230,0.427246,-308.227539,220.947266,-60.607910
3312,0.315918,0.707031,0.551758,-289.916992,198.486328,-59.875488
3313,0.371582,0.856445,0.684570,-247.924805,150.695801,-35.644531
3314,0.333984,0.811523,0.757812,-232.727051,138.427734,-20.385742
3315,0.260254,0.726074,0.787598,-222.412109,128.479004,-13.244629
3316,0.176758,0.574219,0.774414,-213.806152,114.807129,-14.282227
3317,0.157715,0.510254,0.771484,-219.787598,115.234375,-17.822266
3318,0.153320,0.472656,0.736816,-223.815918,120.483398,-22.644043
3319,0.143066,0.478516,0.833984,-201.171875,119.506836,-20.751953
3320,0.113281,0.477051,0.908691,-182.434082,106.872559,-16.723633
3321,0.092773,0.475098,0.953125,-163.635254,86.608887,-11.230469
3322,0.080566,0.427734,0.926270,-150.939941,68.298340,-6.958008
3323,0.084473,0.380371,0.854492,-155.700684,73.303223,-10.925293
3324,0.087402,0.290527,0.798340,-168.823242,94.848633,-15.869141
3325,0.076172,0.256348,0.830078,-179.504395,114.501953,-18.737793
3326,-0.047852,0.205078,0.940918,-170.715332,125.305176,-22.888184
3327,-0.105957,0.189941,1.005371,-157.226562,113.525391,-24.108887
3328,-0.132324,0.193848,1.038574,-143.188477,94.238281,-23.437500
3329,-0.131348,0.207031,1.068359,-106.628418,48.034668,-9.643555
3330,-0.104004,0.158203,1.013184,-85.083008,21.179199,2.014160
3331,-0.079102,0.109375,0.919922,-65.917969,1.831055,9.277344
3332,-0.082031,0.041504,0.870605,-51.574707,-2.990723,11.535645
3333,-0.102539,-0.026367,0.886230,-35.888672,12.939453,2.319336
3334,-0.097168,-0.006836,0.955566,-34.423828,19.531250,-3.356934
3335,-0.094238,0.034180,1.027344,-34.301758,21.179199,-5.493164
3336,-0.113770,0.071777,1.031738,-38.696289,13.366699,-5.432129
3337,-0.111816,0.061035,1.008789,-40.405273,10.253906,-6.896973
3338,-0.085938,0.065918,0.985352,-40.771484,10.437012,-6.774902
3339,-0.043945,0.067871,0.980469,-50.292969,20.874023,-3.112793
3340,-0.052246,0.063477,0.976562,-63.537598,31.982422,-2.563477
3341,-0.095215,0.044434,0.969238,-81.054688,46.752930,-4.272461
3342,-0.172852,-0.023926,1.019043,-101.623535,67.199707,-12.084961
3343,-0.185059,-0.045410,1.047852,-99.914551,63.354492,-12.390137
3344,-0.198730,-0.082520,1.031738,-92.163086,52.307129,-10.375977
3345,-0.187988,-0.105957,1.020996,-59.936523,26.000977,-5.981445
3346,-0.178223,-0.099609,1.017578,-46.386719,15.930176,-2.868652
3347,-0.174805,-0.105957,0.998535,-38.146973,9.887695,-0.122070
3348,-0.186035,-0.130859,0.995117,-38.024902,9.338379,0.610352
3349,-0.222656,-0.179688,0.910156,-42.480469,20.874023,-3.356934
3350,-0.206543,-0.175781,0.926270,-35.827637,21.179199,-7.690430
3351,-0.214355,-0.167480,0.959961,-32.104492,21.362305,-10.681152
3352,-0.217285,-0.083008,1.000977,-38.024902,22.033691,-9.277344
3353,-0.221680,-0.102051,1.006836,-45.837402,22.399902,-8.117676
3354,-0.204102,-0.090332,0.981934,-53.344727,23.071289,-5.920410
3355,-0.144531,-0.061523,0.928223,-41.564941,17.761230,14.770508
3356,-0.131836,-0.105469,0.859375,-25.146484,10.925293,26.184082
3357,-0.108398,-0.178223,0.812988,-5.737305,7.568359,35.400391
3358,-0.231445,-0.351562,0.852051,44.006348,7.690430,39.794922
3359,-0.301758,-0.370605,0.937988,69.396973,2.563477,32.409668
3360,-0.333984,-0.311523,0.997559,87.341309,-7.202148,22.460938
3361,-0.323242,-0.213379,1.007812,98.510742,-19.165039,16.174316
3362,-0.257324,-0.107910,0.951172,109.558105,-33.264160,10.375977
3363,-0.200195,-0.051270,0.898926,110.107422,-30.395508,12.939453
3364,-0.156250,-0.022949,0.832520,114.074707,-20.385742,19.409180
3365,-0.125977,0.008301,0.892090,127.868652,7.507324,34.667969
3366,-0.160156,0.003906,0.969238,122.497559,19.836426,35.827637
3367,-0.208984,0.009277,1.012207,108.764648,27.526855,32.714844
3368,-0.226562,0.053223,0.984863,93.994141,35.278320,28.198242
3369,-0.228516,0.097656,0.956055,79.345703,43.945312,25.390625
3370,-0.269531,0.086426,0.954590,70.373535,51.147461,19.775391
3371,-0.291504,0.073242,0.973633,75.805664,46.691895,15.441895
3372,-0.301270,0.082031,0.973633,84.655762,36.499023,12.451172
3373,-0.261230,0.186035,0.954590,128.417969,2.319336,24.169922
3374,-0.289062,0.211426,0.957031,141.601562,-11.230469,31.921387
3375,-0.296875,0.247559,0.980957,150.512695,-22.827148,39.855957
3376,-0.335938,0.308594,1.067871,149.597168,-51.818848,44.738770
3377,-0.334961,0.342285,1.085449,143.371582,-69.885254,41.748047
3378,-0.317383,0.352539,1.076172,132.873535,-86.303711,36.560059
3379,-0.278809,0.354980,1.051270,121.093750,-98.144531,30.578613
3380,-0.233398,0.364258,1.025391,111.755371,-105.773926,26.184082
3381,-0.129395,0.353027,0.901855,105.285645,-102.661133,24.230957
3382,-0.100586,0.346680,0.879883,105.468750,-90.820312,24.536133
3383,-0.094238,0.356445,0.895996,102.111816,-75.012207,24.353027
3384,-0.104980,0.361328,0.941895,88.073730,-53.466797,17.028809
3385,-0.128418,0.392578,0.942383,84.411621,-49.743652,10.864258
3386,-0.130371,0.454590,0.943359,83.007812,-48.889160,5.676270
3387,-0.060547,0.661133,1.054199,75.744629,-62.011719,17.456055
3388,-0.039062,0.637207,1.015625,64.025879,-72.082520,26.367188
3389,-0.040527,0.592773,0.953125,55.603027,-79.772949,30.700684
3390,-0.045898,0.511719,0.855957,47.302246,-81.848145,24.414062
3391,-0.036621,0.490723,0.833496,45.288086,-78.613281,17.211914
3392,-0.032715,0.472168,0.812500,45.288086,-75.256348,9.887695
3393,-0.029785,0.453613,0.765625,64.331055,-71.228027,-1.037598
3394,-0.020020,0.466797,0.751465,82.824707,-73.486328,-4.516602
3395,0.023926,0.574707,0.751953,103.698730,-79.467773,-3.356934
3396,0.105957,0.748047,0.757812,121.704102,-85.571289,7.019043
3397,0.204590,0.943848,0.875488,134.277344,-102.783203,56.335449
3398,0.164551,0.852539,0.892090,125.183105,-113.159180,74.401855
3399,0.099609,0.602539,0.751465,99.792480,-120.361328,67.382812
3400,0.125000,0.533691,0.669434,91.125488,-113.891602,52.001953
3401,0.166504,0.500000,0.596680,86.181641,-102.478027,36.376953
3402,0.200684,0.478027,0.544922,85.144043,-89.477539,22.644043
3403,0.251465,0.558594,0.523926,95.642090,-69.763184,-0.549316
3404,0.294434,0.717773,0.566895,94.787598,-62.316895,-0.976562
3405,0.321289,0.835938,0.592773,83.862305,-54.321289,5.187988
3406,0.325684,0.874023,0.596191,54.138184,-45.898438,15.319824
3407,0.317383,0.857422,0.577148,49.560547,-44.799805,17.028809
3408,0.316406,0.833008,0.574219,51.025391,-45.410156,19.897461
3409,0.284180,0.763184,0.540527,60.974121,-54.992676,26.245117
3410,0.257812,0.645508,0.521973,71.350098,-63.232422,24.475098
3411,0.270508,0.603516,0.475098,87.524414,-70.434570,17.272949
3412,0.343750,0.843262,0.523926,114.135742,-82.702637,22.399902
3413,0.372070,0.920410,0.535645,107.910156,-85.754395,31.005859
3414,0.429688,0.945312,0.487305,92.895508,-83.068848,35.522461
3415,0.441406,0.811035,0.280762,48.339844,-51.696777,31.860352
3416,0.456543,0.767578,0.281250,32.409668,-27.893066,16.784668
3417,0.453613,0.847656,0.362305,27.282715,-11.718750,12.573242
3418,0.391113,0.821289,0.452148,32.897949,-9.277344,13.916016
3419,0.326172,0.781738,0.526855,53.344727,-36.010742,15.930176
3420,0.338379,0.791992,0.508301,64.025879,-57.495117,16.113281
3421,0.365234,0.826172,0.451172,74.707031,-76.538086,18.371582
3422,0.461426,0.913574,0.230957,90.881348,-92.163086,28.869629
3423,0.497559,0.910156,0.114746,95.642090,-85.754395,32.714844
3424,0.483887,0.846680,0.065430,100.036621,-74.035645,30.090332
3425,0.442871,0.835449,0.113281,100.769043,-50.170898,11.230469
3426,0.455566,0.896973,0.229492,98.937988,-47.241211,12.634277
3427,0.451172,0.904785,0.319824,93.261719,-51.513672,20.812988
3428,0.426758,0.843262,0.354980,77.209473,-65.734863,32.653809
3429,0.416016,0.806152,0.317383,72.082520,-73.303223,29.174805
3430,0.426270,0.756836,0.205566,67.077637,-86.486816,12.817383
3431,0.447266,0.770020,0.116699,67.626953,-87.280273,5.920410
3432,0.482422,0.795898,0.020020,75.317383,-83.984375,2.319336
3433,0.584473,0.871094,-0.117676,123.046875,-70.190430,6.042480
3434,0.595703,0.938965,-0.145996,145.629883,-56.091309,12.939453
3435,0.578613,0.975586,-0.086914,154.724121,-42.419434,22.583008
3436,0.531250,0.958008,-0.020996,148.437500,-33.447266,29.235840
3437,0.474121,0.897461,0.019531,132.263184,-30.029297,27.709961
3438,0.450684,0.777832,0.024902,82.031250,-38.024902,9.338379
3439,0.486328,0.783691,-0.054688,65.124512,-44.738770,2.990723
3440,0.569336,0.791992,-0.283691,54.870605,-43.029785,5.981445
3441,0.579590,0.818848,-0.327637,43.884277,-31.555176,9.521484
3442,0.545898,0.816406,-0.298340,31.860352,-23.376465,13.183594
3443,0.497070,0.761719,-0.181641,22.399902,-28.503418,5.737305
3444,0.503906,0.772949,-0.170410,25.146484,-35.034180,-1.953125
3445,0.510254,0.812988,-0.198242,33.935547,-36.254883,-3.906250
3446,0.499512,0.852051,-0.226074,52.917480,-29.479980,0.427246
3447,0.495117,0.876465,-0.233398,56.457520,-28.747559,-1.098633
3448,0.520508,0.894531,-0.260254,55.419922,-30.029297,-3.967285
3449,0.585938,0.859863,-0.395508,37.475586,-19.836426,-4.882812
3450,0.573730,0.868652,-0.397949,25.268555,-6.347656,0.732422
3451,0.525391,0.844238,-0.370605,18.554688,5.554199,6.103516
3452,0.517578,0.846680,-0.253418,32.470703,7.934570,12.573242
3453,0.518555,0.859863,-0.169434,43.334961,-5.615234,19.836426
3454,0.467285,0.811035,-0.195801,62.072754,-41.259766,29.785156
3455,0.438477,0.761230,-0.228027,67.626953,-54.138184,28.930664
3456,0.431641,0.721191,-0.265625,70.068359,-62.744141,26.062012
3457,0.485352,0.741211,-0.415527,79.406738,-65.307617,23.742676
3458,0.520996,0.767090,-0.529785,86.914062,-56.762695,23.803711
3459,0.557129,0.746094,-0.562012,93.261719,-37.780762,18.432617
3460,0.555176,0.743652,-0.562500,83.435059,-17.578125,14.221191
3461,0.523926,0.658203,-0.428711,41.931152,5.004883,6.774902
3462,0.508789,0.671387,-0.372559,27.893066,3.540039,2.746582
3463,0.484863,0.698242,-0.354492,24.597168,-0.915527,0.122070
3464,0.510254,0.771973,-0.375000,33.630371,-12.207031,-2.075195
3465,0.561523,0.819824,-0.422363,41.564941,-17.578125,4.333496
3466,0.575684,0.823242,-0.467773,52.795410,-21.240234,12.695312
3467,0.578613,0.800781,-0.488281,63.476562,-21.484375,18.981934
3468,0.535645,0.700684,-0.472656,65.368652,-17.333984,26.306152
3469,0.498535,0.648438,-0.478027,62.500000,-16.052246,24.780273
3470,0.502441,0.604980,-0.500000,56.335449,-13.732910,19.287109
3471,0.514648,0.618652,-0.482422,57.861328,-16.967773,22.277832
3472,0.513184,0.628906,-0.482910,64.819336,-23.742676,26.794434
3473,0.497559,0.628418,-0.478516,72.021484,-30.578613,30.822754
3474,0.508301,0.617676,-0.483398,68.603516,-36.926270,32.958984
3475,0.494629,0.618652,-0.493164,61.889648,-37.353516,30.639648
3476,0.484375,0.612793,-0.506348,54.443359,-36.804199,26.184082
3477,0.515625,0.588379,-0.580566,32.836914,-29.724121,16.235352
3478,0.547852,0.617676,-0.630371,19.958496,-22.399902,13.488770
3479,0.550293,0.593750,-0.661133,7.690430,-5.981445,9.643555
3480,0.534668,0.579590,-0.640625,7.324219,-0.610352,5.798340
3481,0.520020,0.567871,-0.603516,6.530762,1.403809,2.258301
3482,0.505371,0.553223,-0.582031,6.042480,-0.122070,-1.220703
3483,0.498047,0.561523,-0.574707,17.517090,-10.314941,-3.417969
3484,0.520996,0.620117,-0.606445,31.738281,-16.662598,1.525879
3485,0.569824,0.678711,-0.648438,47.302246,-20.385742,12.023926
3486,0.585449,0.620117,-0.705566,70.007324,-19.287109,33.813477
3487,0.551758,0.512207,-0.732422,68.054199,-13.305664,33.630371
3488,0.530273,0.455078,-0.746582,51.818848,-2.990723,25.939941
3489,0.540039,0.502441,-0.700195,17.089844,6.530762,8.666992
3490,0.539551,0.517578,-0.657227,14.099121,1.220703,4.394531
3491,0.523926,0.506348,-0.630371,13.427734,-5.859375,2.075195
3492,0.503418,0.498535,-0.654297,11.474609,-9.521484,-0.244141
3493,0.501465,0.498535,-0.659668,4.760742,-4.882812,-6.042480
3494,0.488770,0.486816,-0.658203,3.051758,-3.051758,-11.779785
3495,0.489258,0.473633,-0.665527,1.770020,-1.831055,-22.949219
3496,0.491699,0.500977,-0.709473,9.704590,0.671387,-23.681641
3497,0.527832,0.549805,-0.696289,26.062012,1.708984,-16.113281
3498,0.573242,0.622559,-0.666992,68.176270,-12.329102,21.545410
3499,0.545410,0.591309,-0.633789,88.256836,-25.329590,41.625977
3500,0.515137,0.526367,-0.619629,101.867676,-47.790527,58.044434
3501,0.479980,0.467773,-0.643555,96.618652,-52.062988,56.213379
3502,0.461914,0.426270,-0.662109,85.021973,-50.170898,47.424316
3503,0.490723,0.349121,-0.749512,48.767090,-31.799316,21.545410
3504,0.503906,0.328125,-0.835938,27.038574,-16.540527,6.652832
3505,0.540527,0.378418,-0.943359,14.892578,1.464844,-4.394531
3506,0.583496,0.410156,-0.964355,16.357422,17.333984,-6.713867
3507,0.598633,0.456543,-0.750488,38.513184,19.592285,10.437012
3508,0.555664,0.477539,-0.650879,45.837402,3.540039,23.559570
3509,0.507812,0.465332,-0.612305,51.696777,-16.052246,32.226562
3510,0.496094,0.421875,-0.672852,45.104980,-35.156250,32.165527
3511,0.501465,0.384766,-0.718262,35.583496,-31.799316,27.099609
3512,0.482422,0.341797,-0.744141,25.024414,-23.498535,18.371582
3513,0.481934,0.284668,-0.840332,10.864258,-4.150391,-1.586914
3514,0.512695,0.248047,-0.917480,5.798340,10.498047,-11.901855
3515,0.517578,0.250977,-0.964844,1.098633,28.747559,-21.118164
3516,0.534668,0.311523,-0.908691,2.624512,41.931152,-24.780273
3517,0.529785,0.412109,-0.665039,21.484375,29.602051,-2.929688
3518,0.498047,0.398926,-0.604980,31.982422,8.789062,13.427734
3519,0.494629,0.371582,-0.636230,30.700684,-28.442383,30.944824
3520,0.499512,0.347168,-0.692383,24.597168,-35.095215,30.578613
3521,0.478516,0.290039,-0.731445,15.380859,-33.508301,24.536133
3522,0.454590,0.235840,-0.751465,-9.155273,-20.690918,0.671387
3523,0.484375,0.236816,-0.856445,-17.333984,-11.962891,-9.338379
3524,0.504883,0.274414,-0.891113,-20.080566,-1.953125,-15.136719
3525,0.505859,0.298828,-0.894043,-19.287109,7.507324,-18.920898
3526,0.518066,0.336914,-0.867188,-15.319824,21.972656,-23.254395
3527,0.527344,0.343750,-0.817871,-14.892578,26.062012,-21.850586
3528,0.516602,0.322754,-0.737305,-17.944336,21.789551,-18.432617
3529,0.515137,0.322266,-0.735840,-21.728516,17.395020,-19.104004
3530,0.520508,0.317383,-0.748047,-27.893066,15.075684,-21.972656
3531,0.531250,0.314453,-0.770508,-36.804199,16.052246,-26.916504
3532,0.610840,0.333008,-0.926270,-62.316895,34.057617,-39.978027
3533,0.662598,0.411133,-0.990234,-77.392578,54.382324,-41.137695
3534,0.646484,0.456055,-0.921875,-90.576172,71.044922,-41.503906
3535,0.561523,0.492188,-0.722168,-101.135254,72.448730,-51.818848
3536,0.547363,0.473633,-0.636230,-103.820801,62.988281,-57.189941
3537,0.530762,0.426758,-0.613281,-111.450195,53.710938,-63.842773
3538,0.519531,0.410156,-0.647949,-122.619629,51.696777,-74.584961
3539,0.536621,0.476074,-0.651367,-141.296387,65.429688,-98.266602
3540,0.522461,0.509277,-0.615723,-146.972656,73.669434,-106.262207
3541,0.512207,0.557617,-0.600098,-148.010254,79.345703,-110.229492
3542,0.521484,0.611816,-0.583496,-145.568848,83.190918,-109.191895
3543,0.497070,0.635742,-0.517090,-142.944336,84.838867,-98.510742
3544,0.473633,0.642578,-0.476074,-142.883301,81.115723,-93.994141
3545,0.466309,0.713379,-0.415527,-136.291504,69.030762,-78.308105
3546,0.462402,0.732910,-0.385742,-129.089355,62.072754,-68.481445
3547,0.438477,0.744629,-0.333984,-124.450684,55.419922,-61.706543
3548,0.432129,0.783203,-0.305664,-122.131348,48.400879,-58.288574
3549,0.463379,0.858398,-0.255859,-112.426758,33.325195,-48.828125
3550,0.467285,0.869629,-0.223145,-107.910156,24.230957,-43.273926
3551,0.471191,0.876465,-0.198730,-103.393555,14.709473,-37.719727
3552,0.473145,0.862305,-0.166992,-101.806641,0.366211,-31.127930
3553,0.459473,0.833496,-0.209961,-111.328125,3.906250,-36.743164
3554,0.465820,0.835449,-0.298340,-127.441406,19.775391,-49.987793
3555,0.499023,0.855957,-0.317871,-164.245605,75.195312,-81.054688
3556,0.480469,0.860352,-0.256836,-178.405762,97.839355,-93.139648
3557,0.451172,0.869629,-0.183594,-187.438965,111.145020,-101.013184
3558,0.379395,0.908203,-0.016113,-194.702148,109.619141,-100.830078
3559,0.343750,0.948730,0.086426,-193.664551,96.008301,-95.336914
3560,0.325684,0.995605,0.198730,-190.124512,74.218750,-84.350586
3561,0.306152,1.002441,0.276367,-187.805176,48.095703,-69.641113
3562,0.245117,0.921387,0.361328,-186.950684,-4.821777,-46.325684
3563,0.229492,0.881348,0.332031,-188.476562,-24.291992,-44.311523
3564,0.262695,0.923340,0.268555,-185.791016,-34.484863,-44.189453
3565,0.341797,0.962402,0.154785,-170.898438,-29.785156,-35.766602
3566,0.400391,0.978027,0.106934,-151.000977,-15.136719,-27.282715
3567,0.431641,0.934082,0.106934,-126.586914,5.676270,-18.249512
3568,0.373535,0.891602,0.229980,-108.764648,50.292969,-18.371582
3569,0.311523,0.929199,0.318359,-131.286621,67.321777,-24.536133
3570,0.266113,0.952148,0.391602,-165.893555,77.087402,-32.226562
3571,0.250488,0.903809,0.460449,-229.797363,79.528809,-50.170898
3572,0.253418,0.863281,0.453125,-247.741699,82.946777,-57.312012
3573,0.248535,0.816406,0.407227,-248.535156,95.764160,-61.523438
3574,0.233398,0.729004,0.478027,-212.158203,125.549316,-54.870605
3575,0.208984,0.727051,0.577637,-188.110352,123.657227,-47.180176
3576,0.146973,0.755371,0.726562,-147.094727,86.608887,-31.555176
3577,0.129395,0.741699,0.719727,-131.103516,68.542480,-27.160645
3578,0.125977,0.721680,0.688477,-117.065430,59.326172,-24.414062
3579,0.124512,0.690918,0.687012,-105.529785,57.250977,-22.033691
3580,0.076660,0.626465,0.741211,-92.651367,56.762695,-18.859863
3581,0.048828,0.591797,0.764648,-88.806152,55.297852,-19.409180
3582,0.034668,0.565918,0.781250,-84.106445,53.161621,-20.385742
3583,0.022461,0.550293,0.830566,-66.650391,44.799805,-19.958496
3584,0.029297,0.584473,0.855469,-56.396484,36.987305,-17.395020
3585,0.038086,0.632324,0.867676,-49.499512,29.846191,-12.329102
3586,0.029297,0.641113,0.838867,-43.029785,19.775391,-1.098633
3587,0.019531,0.602051,0.842773,-40.405273,16.906738,1.586914
3588,0.012695,0.562500,0.822266,-39.489746,15.258789,2.319336
3589,0.009766,0.503418,0.795410,-37.231445,15.991211,-0.061035
3590,0.006836,0.498535,0.782715,-35.339355,18.310547,-0.549316
3591,0.000000,0.490723,0.805176,-30.578613,19.287109,-0.854492
3592,-0.009277,0.500488,0.829590,-24.353027,16.662598,-1.770020
3593,-0.007324,0.533691,0.858398,-9.094238,3.234863,0.976562
3594,-0.010742,0.526855,0.839355,-1.708984,-3.845215,2.136230
3595,-0.005371,0.535156,0.820801,6.774902,-9.521484,2.746582
3596,0.036133,0.583008,0.776367,19.958496,-12.390137,8.422852
3597,0.040527,0.561523,0.765625,23.620605,-9.826660,11.230469
3598,0.032715,0.540039,0.768066,25.695801,-6.164551,11.962891
3599,-0.007812,0.573242,0.847168,21.606445,1.159668,8.972168
3600,-0.028809,0.572754,0.887207,14.343262,2.807617,6.591797
3601,-0.036133,0.558594,0.898438,6.652832,3.479004,1.953125
3602,-0.032227,0.544434,0.890625,0.915527,3.234863,-2.929688
3603,0.006836,0.550293,0.854004,-2.441406,1.892090,-6.286621
3604,0.026367,0.575195,0.831055,-0.976562,1.647949,-3.112793
3605,0.025391,0.572754,0.829590,3.479004,0.732422,1.220703
3606,-0.003418,0.530762,0.839844,16.174316,-4.211426,5.432129
3607,-0.026855,0.514160,0.856934,20.690918,-6.591797,4.272461
3608,-0.031738,0.536133,0.882812,20.812988,-8.911133,2.014160
3609,-0.024902,0.558594,0.897949,19.226074,-11.535645,1.159668
3610,-0.020020,0.550781,0.874512,14.404297,-16.845703,-3.479004
3611,-0.003906,0.575195,0.845215,9.521484,-15.258789,-8.178711
3612,0.028320,0.624512,0.817871,1.892090,-9.216309,-10.253906
3613,0.047363,0.646973,0.807129,-6.774902,-0.671387,-9.277344
3614,0.039551,0.618164,0.812500,-22.399902,14.892578,-7.690430
3615,0.026855,0.598633,0.812500,-27.282715,19.775391,-7.873535
3616,0.000977,0.549805,0.795898,-25.573730,22.216797,-7.812500
3617,-0.001953,0.529297,0.791992,-18.371582,19.592285,-6.774902
3618,-0.009277,0.511230,0.790527,-7.690430,14.221191,-5.187988
3619,-0.016113,0.508301,0.798340,5.249023,6.408691,-3.356934
3620,-0.017090,0.548828,0.847168,27.832031,-13.427734,2.990723
3621,-0.011719,0.577637,0.852539,35.095215,-22.766113,6.286621
3622,0.007812,0.592773,0.826172,45.288086,-36.682129,11.901855
3623,0.019531,0.587891,0.804688,47.668457,-39.489746,13.610840
3624,0.029785,0.583984,0.793945,48.461914,-39.794922,14.465332
3625,0.028320,0.572266,0.788086,46.813965,-37.536621,13.305664
3626,0.036133,0.578613,0.782715,38.452148,-27.893066,5.065918
3627,0.046387,0.598633,0.787598,33.813477,-23.071289,1.647949
3628,0.054199,0.627441,0.800781,30.029297,-19.653320,0.122070
3629,0.059570,0.676758,0.843262,23.010254,-18.920898,1.770020
3630,0.054688,0.673828,0.837402,17.272949,-19.836426,1.892090
3631,0.057129,0.669922,0.806641,9.704590,-18.554688,0.488281
3632,0.067871,0.639160,0.724121,-8.850098,-4.638672,-4.882812
3633,0.084961,0.637207,0.721680,-14.587402,3.662109,-6.774902
3634,0.083984,0.624023,0.730469,-15.502930,8.117676,-7.385254
3635,0.081055,0.621582,0.736816,-12.023926,9.216309,-7.629395
3636,0.074707,0.642578,0.762695,-0.061035,7.690430,-4.333496
3637,0.067383,0.656738,0.799805,7.324219,3.845215,-0.244141
3638,0.046875,0.660645,0.832520,13.671875,-1.647949,2.624512
3639,0.015625,0.663574,0.867188,17.150879,-13.671875,2.990723
3640,0.019043,0.654297,0.842773,14.709473,-18.005371,1.525879
3641,0.032715,0.641602,0.811035,12.878418,-20.263672,0.061035
3642,0.054688,0.614746,0.755859,13.122559,-19.409180,-2.075195
3643,0.056641,0.611816,0.745605,14.587402,-18.798828,-2.929688
3644,0.067383,0.631348,0.734375,16.723633,-18.371582,-3.356934
3645,0.088379,0.674805,0.743652,18.493652,-18.310547,-1.220703
3646,0.097168,0.682129,0.747559,18.859863,-19.104004,5.737305
3647,0.087891,0.665039,0.729980,17.700195,-17.944336,6.164551
3648,0.088867,0.660156,0.719727,15.197754,-14.465332,5.249023
3649,0.095703,0.653320,0.729980,12.207031,-7.934570,3.417969
3650,0.096680,0.662109,0.734863,11.596680,-7.019043,2.258301
3651,0.092285,0.674805,0.729980,7.263184,-4.882812,-0.610352
3652,0.094727,0.673340,0.723633,4.028320,-2.929688,-1.770020
3653,0.097168,0.668945,0.717285,2.502441,-1.464844,-2.929688
3654,0.105469,0.689941,0.728027,5.615234,-2.258301,-1.831055
3655,0.112793,0.710938,0.727539,9.155273,-4.516602,1.037598
3656,0.121094,0.725586,0.722168,13.183594,-7.263184,4.699707
3657,0.117188,0.702637,0.708496,20.751953,-11.901855,9.277344
3658,0.112793,0.696289,0.701172,23.742676,-12.329102,9.399414
3659,0.110840,0.690430,0.699707,25.207520,-11.413574,8.605957
3660,0.092285,0.686035,0.736328,21.667480,-8.789062,5.981445
3661,0.078125,0.673828,0.748535,17.700195,-7.812500,3.662109
3662,0.080078,0.686523,0.760742,13.488770,-7.019043,0.427246
3663,0.097656,0.719238,0.752930,10.681152,-7.263184,-0.549316
3664,0.131836,0.753906,0.796387,-0.366211,-20.263672,9.521484
3665,0.111328,0.729980,0.726562,-7.385254,-31.982422,16.845703
3666,0.120605,0.730957,0.638184,-4.577637,-33.020020,20.019531
3667,0.146484,0.689941,0.627441,29.113770,-9.460449,15.625000
3668,0.135742,0.712891,0.710449,38.574219,-4.516602,13.671875
3669,0.111328,0.730957,0.767578,39.978027,-9.033203,15.014648
3670,0.089844,0.709473,0.756836,37.414551,-14.953613,15.441895
3671,0.117188,0.674316,0.641113,41.625977,-16.601562,7.446289
3672,0.141602,0.683594,0.622559,47.424316,-12.878418,5.493164
3673,0.155273,0.697754,0.629883,50.537109,-9.338379,6.225586
3674,0.164062,0.727051,0.648926,50.292969,-7.385254,10.070801
3675,0.174316,0.758789,0.643066,51.635742,-7.873535,12.817383
3676,0.184570,0.787109,0.647949,55.419922,-10.375977,17.089844
3677,0.189453,0.791016,0.652832,61.401367,-16.235352,21.728516
3678,0.180664,0.743652,0.620605,76.599121,-29.235840,28.991699
3679,0.173340,0.722656,0.568359,83.557129,-32.592773,29.052734
3680,0.307617,0.951660,0.387695,109.130859,-35.461426,36.560059
3681,0.435059,1.042480,0.297363,133.728027,-39.794922,53.588867
3682,0.497070,1.000488,0.183105,169.738770,-46.569824,71.594238
3683,0.403809,0.890137,0.043457,260.742188,-47.668457,94.726562
3684,0.323242,0.953125,0.083496,303.955078,-44.799805,105.346680
3685,0.275391,1.118164,0.305176,343.750000,-55.786133,125.183105
3686,0.257324,1.232910,0.603516,376.281738,-94.787598,149.780273
3687,0.283203,1.183105,0.855469,411.437988,-221.130371,181.884766
3688,0.312012,1.080078,0.689941,407.775879,-266.662598,179.565430
3689,0.353027,0.938965,0.435059,366.638184,-274.658203,161.315918
3690,0.398926,0.789062,-0.011230,333.618164,-246.704102,152.770996
3691,0.392578,0.793945,-0.214844,302.856445,-210.876465,145.080566
3692,0.439453,0.821289,-0.263184,294.799805,-184.143066,141.784668
3693,0.458984,0.781738,-0.198730,299.438477,-176.025391,143.005371
3694,0.447266,0.692871,-0.237305,298.217773,-180.419922,133.911133
3695,0.464355,0.646973,-0.313965,278.015137,-167.663574,120.910645
3696,0.472168,0.525391,-0.473633,206.970215,-121.093750,88.562012
3697,0.473145,0.494629,-0.568848,176.025391,-96.496582,77.819824
3698,0.502930,0.534668,-0.668945,165.527344,-76.904297,79.589844
3699,0.555176,0.462891,-0.655273,203.674316,-83.129883,110.900879
3700,0.587402,0.371582,-0.687012,210.693359,-88.500977,117.858887
3701,0.591797,0.410645,-0.753418,187.255859,-79.040527,114.562988
3702,0.535156,0.425293,-0.778320,145.507812,-60.607910,107.116699
3703,0.480469,0.274902,-0.839844,53.344727,-15.869141,71.105957
3704,0.527344,0.268066,-0.857422,33.569336,-2.624512,61.645508
3705,0.532227,0.213379,-0.942383,79.711914,-12.634277,62.805176
3706,0.532227,0.179199,-0.929688,119.750977,-28.137207,59.692383
3707,0.556641,0.188477,-0.868164,138.610840,-43.334961,56.152344
3708,0.561523,0.206055,-0.847656,141.906738,-53.710938,55.664062
3709,0.511230,0.167969,-0.770508,152.893066,-76.293945,57.617188
3710,0.461914,0.163574,-0.781250,162.292480,-86.303711,58.776855
3711,0.409668,0.127441,-0.748047,170.043945,-98.022461,60.852051
3712,0.399414,0.070801,-0.844238,186.035156,-94.360352,51.513672
3713,0.471680,0.102539,-1.041016,192.871094,-74.584961,53.710938
3714,0.422852,0.025879,-1.020020,195.251465,-54.870605,51.940918
3715,0.373535,-0.035156,-0.966797,182.006836,-37.963867,44.860840
3716,0.331055,-0.079102,-0.849609,85.693359,-15.075684,31.127930
3717,0.333008,-0.064941,-0.809082,28.259277,-13.244629,28.991699
3718,0.333984,-0.145996,-0.812500,-9.826660,-16.418457,17.517090
3719,0.323730,-0.199219,-0.963379,-37.963867,-6.042480,-10.925293
3720,0.333008,-0.225586,-1.022461,-17.822266,6.042480,-10.253906
3721,0.338379,-0.196289,-0.950684,17.272949,11.108398,-2.868652
3722,0.345703,-0.136230,-0.853516,51.086426,3.051758,7.141113
3723,0.418945,0.010742,-0.742188,104.125977,-40.954590,30.395508
3724,0.437012,0.049805,-0.759277,123.229980,-63.415527,45.715332
3725,0.412109,0.050293,-0.734375,147.705078,-84.045410,63.171387
3726,0.375000,-0.053223,-0.810059,175.659180,-101.745605,95.703125
3727,0.330566,-0.341309,-0.896973,124.450684,-84.045410,97.534180
3728,0.284180,-0.388184,-0.949707,93.139648,-73.181152,86.975098
3729,0.207031,-0.452637,-0.905762,73.120117,-65.917969,69.702148
3730,0.195801,-0.424316,-0.898926,34.179688,-48.583984,29.968262
3731,0.260742,-0.318359,-0.889648,19.714355,-36.010742,24.047852
3732,0.274414,-0.289551,-0.899902,9.643555,-24.536133,25.817871
3733,0.280762,-0.303223,-0.917969,5.798340,-14.099121,28.503418
3734,0.246582,-0.354492,-0.912598,11.596680,3.845215,33.691406
3735,0.221191,-0.386719,-0.870117,13.671875,6.713867,32.897949
3736,0.226074,-0.366211,-0.849121,13.183594,4.150391,33.203125
3737,0.199707,-0.350098,-0.817871,11.840820,-12.023926,37.780762
3738,0.161133,-0.361816,-0.866699,9.094238,-21.606445,34.423828
3739,0.143066,-0.394531,-0.889648,4.577637,-28.076172,23.681641
3740,0.167480,-0.426758,-0.895508,-10.925293,-29.541016,9.765625
3741,0.212402,-0.476074,-1.058105,-41.259766,-8.422852,-15.563965
3742,0.215332,-0.446777,-1.015137,-51.391602,4.272461,-20.996094
3743,0.208984,-0.390625,-0.948242,-63.232422,11.047363,-24.719238
3744,0.203613,-0.318848,-0.881836,-93.505859,15.625000,-36.621094
3745,0.210449,-0.286621,-0.886230,-111.938477,19.470215,-45.043945
3746,0.217285,-0.274414,-0.936523,-134.155273,30.883789,-56.457520
3747,0.296875,-0.218262,-1.098633,-205.200195,83.068848,-88.867188
3748,0.334473,-0.160156,-1.121582,-251.831055,123.291016,-108.398438
3749,0.344238,-0.118652,-1.045898,-296.020508,160.400391,-125.793457
3750,0.346191,-0.089355,-0.999512,-331.909180,188.415527,-143.676758
3751,0.474609,-0.018066,-1.065918,-350.219727,224.914551,-156.921387
3752,0.515137,-0.055664,-1.020508,-350.891113,235.229492,-154.724121
3753,0.561523,0.002930,-0.987793,-360.351562,246.582031,-154.052734
3754,0.533691,0.203125,-0.818359,-373.107910,263.366699,-154.357910
3755,0.524414,0.373535,-0.714844,-368.957520,257.507324,-152.160645
3756,0.529785,0.517090,-0.620605,-360.107422,241.882324,-145.751953
3757,0.552734,0.626465,-0.408203,-360.229492,192.138672,-140.991211
3758,0.577148,0.684082,-0.384766,-375.488281,169.677734,-140.197754
3759,0.650879,0.808105,-0.385742,-397.460938,144.042969,-130.676270
3760,0.629395,0.799805,-0.399414,-395.080566,136.413574,-121.337891
3761,0.597168,0.776367,-0.385254,-389.831543,135.375977,-114.929199
3762,0.581055,0.761230,-0.365723,-382.568359,137.512207,-110.168457
3763,0.556641,0.857910,-0.199219,-383.056641,144.165039,-92.773438
3764,0.514160,0.866699,-0.096680,-392.089844,143.432617,-80.810547
3765,0.487793,0.896484,0.051758,-404.235840,138.610840,-70.983887
3766,0.428223,0.903809,0.262695,-439.575195,117.919922,-56.213379
3767,0.511230,0.987793,0.203125,-464.233398,115.356445,-48.583984
3768,0.685059,0.737305,-0.058594,-384.826660,213.317871,-8.361816
3769,0.528809,0.559082,0.189453,-301.757812,271.850586,0.427246
3770,0.372559,0.584961,0.647461,-265.319824,272.888184,-5.981445
3771,0.323242,0.695801,0.933105,-273.742676,227.905273,-7.507324
3772,0.239746,0.591309,0.628418,-292.541504,181.640625,-0.915527
3773,0.228027,0.463379,0.563477,-290.771484,201.049805,-3.479004
3774,0.146973,0.318848,0.698730,-312.683105,232.482910,-21.118164
3775,0.145020,0.349609,0.770020,-312.744141,230.834961,-25.573730
3776,0.143066,0.371582,0.800293,-313.415527,229.614258,-23.559570
3777,0.109863,0.355957,0.901855,-320.617676,230.407715,-19.836426
3778,0.060547,0.310059,0.912109,-330.810547,231.628418,-19.714355
3779,0.008789,0.235352,0.885742,-337.402344,232.299805,-21.789551
3780,-0.027344,0.163574,0.870605,-331.909180,224.243164,-19.531250
3781,-0.072266,0.079590,0.833984,-321.350098,217.651367,-15.502930
3782,-0.083984,0.050293,0.860840,-294.921875,204.589844,-6.774902
3783,-0.168945,-0.070801,0.950195,-219.970703,154.846191,23.742676
3784,-0.217773,-0.126465,0.992188,-175.292969,119.873047,37.658691
3785,-0.270020,-0.213379,0.974121,-134.704590,85.876465,47.180176
3786,-0.311035,-0.301270,0.923828,-97.961426,59.082031,49.499512
3787,-0.322266,-0.375977,0.890625,-43.457031,32.226562,37.963867
3788,-0.325684,-0.373535,0.904297,-29.724121,29.846191,28.991699
3789,-0.349121,-0.309082,0.983398,-14.770508,28.442383,13.610840
3790,-0.335449,-0.244141,1.039551,-6.286621,20.507812,11.047363
3791,-0.320312,-0.216309,1.049316,-1.708984,10.986328,12.451172
3792,-0.304688,-0.195312,1.027344,-1.037598,4.638672,14.404297
3793,-0.303711,-0.211914,0.949219,-8.666992,8.422852,16.540527
3794,-0.303223,-0.233398,0.923828,-8.544922,12.939453,16.662598
3795,-0.310059,-0.252441,0.905273,-6.469727,17.333984,17.211914
3796,-0.327637,-0.269531,0.881836,-2.136230,20.629883,16.662598
3797,-0.359375,-0.270020,0.894531,18.798828,20.751953,16.052246
3798,-0.374512,-0.251465,0.965332,34.545898,13.183594,17.822266
3799,-0.433105,-0.221680,1.119629,62.438965,-18.493652,19.104004
3800,-0.454102,-0.224609,1.121094,67.504883,-37.414551,15.869141
3801,-0.441406,-0.233398,1.071777,69.213867,-53.283691,10.009766
3802,-0.392090,-0.237305,0.993652,72.570801,-63.110352,4.089355
3803,-0.280762,-0.208984,0.886230,85.266113,-64.819336,0.366211
3804,-0.252930,-0.195312,0.870117,93.017578,-60.668945,-0.122070
3805,-0.231445,-0.159180,0.895020,103.027344,-58.288574,0.366211
3806,-0.199219,-0.039551,0.979004,120.788574,-62.133789,7.934570
3807,-0.202637,0.000488,1.002930,123.901367,-65.002441,14.038086
3808,-0.221680,0.000977,1.004395,122.009277,-66.894531,16.906738
3809,-0.238281,-0.011719,1.002441,115.966797,-66.467285,15.014648
3810,-0.251465,-0.030273,0.962891,98.144531,-59.753418,0.183105
3811,-0.225586,0.007324,0.943359,92.590332,-53.466797,-7.690430
3812,-0.191895,0.070801,0.952637,88.439941,-46.325684,-11.352539
3813,-0.137207,0.163574,1.012695,85.937500,-40.710449,-6.835938
3814,-0.111328,0.184082,0.977539,88.500977,-43.273926,-1.159668
3815,-0.097656,0.200684,0.926270,95.886230,-45.227051,6.103516
3816,-0.095215,0.178223,0.906250,102.661133,-38.391113,18.981934
3817,-0.090332,0.156738,0.938965,109.252930,-36.376953,17.150879
3818,-0.092773,0.165527,0.974609,113.037109,-37.231445,15.014648
3819,-0.118164,0.175293,0.962891,111.755371,-40.100098,12.634277
3820,-0.118652,0.237793,0.946289,109.863281,-40.161133,-0.427246
3821,-0.079102,0.297363,1.001465,114.440918,-35.461426,-5.737305
3822,-0.044922,0.365234,1.044434,115.661621,-31.616211,-5.493164
3823,-0.002930,0.464844,1.003906,106.262207,-43.518066,12.207031
3824,-0.035645,0.462891,0.927734,99.731445,-51.452637,23.620605
3825,-0.060547,0.432617,0.875488,94.848633,-54.870605,30.151367
3826,-0.046387,0.355469,0.839844,93.139648,-48.217773,28.015137
3827,-0.021973,0.361816,0.858398,95.642090,-41.015625,23.254395
3828,0.021484,0.413086,0.901855,101.318359,-34.729004,20.568848
3829,0.013184,0.473145,0.913086,87.463379,-18.615723,20.996094
3830,-0.000977,0.460449,0.862793,79.650879,-12.512207,19.226074
3831,0.007812,0.460938,0.834961,83.435059,-9.887695,18.005371
3832,0.038086,0.491699,0.819336,111.633301,-17.089844,24.047852
3833,0.022461,0.509766,0.818848,124.633789,-24.902344,29.846191
3834,-0.006348,0.523926,0.814453,131.408691,-31.372070,33.996582
3835,-0.008789,0.551270,0.760742,135.009766,-33.081055,35.766602
3836,0.022461,0.609863,0.798340,140.747070,-26.062012,38.818359
3837,0.010742,0.601562,0.820801,137.084961,-21.911621,38.024902
3838,-0.072266,0.537598,0.777832,124.450684,-23.864746,22.338867
3839,-0.085938,0.512207,0.739258,119.995117,-31.555176,7.385254
3840,-0.057617,0.492188,0.616699,122.863770,-41.809082,-8.422852
3841,0.167969,0.996094,0.704102,151.916504,-60.791016,-6.103516
3842,0.242676,1.185547,0.836914,153.991699,-73.242188,27.038574
3843,0.218262,1.163574,0.860840,143.127441,-83.496094,60.424805
3844,0.152344,1.020508,0.814941,125.427246,-92.224121,78.857422
3845,0.147949,0.765625,0.656738,98.022461,-102.905273,70.739746
3846,0.182617,0.684570,0.544922,96.801758,-100.769043,59.631348
3847,0.213379,0.635742,0.466309,107.177734,-94.055176,49.743652
3848,0.173340,0.549805,0.386230,140.869141,-82.092285,24.597168
3849,0.180664,0.598145,0.378418,154.296875,-81.848145,7.080078
3850,0.232422,0.731934,0.361816,160.949707,-83.984375,-3.845215
3851,0.287109,0.920898,0.337402,163.330078,-84.228516,-0.793457
3852,0.303711,0.955078,0.282715,166.748047,-88.562012,1.953125
3853,0.301270,0.992188,0.165527,180.541992,-91.918945,8.117676
3854,0.311523,1.037598,0.035156,234.497070,-92.163086,28.198242
3855,0.312500,1.042480,0.029297,267.822266,-88.256836,37.048340
3856,0.269531,1.045410,0.080566,294.494629,-83.679199,40.039062
3857,0.225586,1.044922,0.241699,301.513672,-91.247559,28.259277
3858,0.265137,1.062988,0.219727,286.193848,-101.928711,24.475098
3859,0.338867,1.124023,0.201172,260.803223,-111.083984,33.264160
3860,0.412598,1.137207,0.165527,226.135254,-116.577148,53.222656
3861,0.497559,1.131836,-0.115723,196.838379,-122.619629,103.759766
3862,0.503418,1.111328,-0.285645,223.022461,-120.422363,125.610352
3863,0.459961,0.896484,-0.402832,296.447754,-104.553223,147.094727
3864,0.425781,0.714355,-0.405762,303.405762,-91.003418,141.601562
3865,0.431641,0.616699,-0.385254,278.930664,-76.965332,126.586914
3866,0.460938,0.582520,-0.376953,229.736328,-66.772461,112.182617
3867,0.447754,0.648926,-0.468750,149.047852,-59.936523,93.566895
3868,0.409180,0.679688,-0.454102,135.559082,-66.955566,82.641602
3869,0.389648,0.684082,-0.486328,130.065918,-75.805664,70.251465
3870,0.418457,0.687500,-0.595215,109.008789,-79.406738,58.410645
3871,0.421387,0.625000,-0.606445,90.881348,-73.730469,51.696777
3872,0.422363,0.575684,-0.597656,68.969727,-66.162109,41.625977
3873,0.417480,0.534668,-0.613281,46.997070,-57.373047,30.822754
3874,0.441895,0.565918,-0.758789,36.315918,-35.156250,24.414062
3875,0.476074,0.677734,-0.740234,59.326172,-30.822754,40.100098
3876,0.464355,0.715820,-0.696289,94.177246,-36.682129,61.828613
3877,0.433105,0.611816,-0.663086,146.911621,-53.039551,85.266113
3878,0.428223,0.549805,-0.638672,132.751465,-52.978516,80.322266
3879,0.390625,0.462891,-0.627441,111.816406,-51.818848,70.312500
3880,0.391113,0.426758,-0.649414,86.547852,-50.292969,57.434082
3881,0.410645,0.395020,-0.701172,59.753418,-46.386719,44.982910
3882,0.408691,0.362793,-0.776367,33.874512,-38.574219,33.020020
3883,0.409668,0.279785,-0.879883,-4.760742,-11.840820,5.920410
3884,0.383789,0.231445,-0.885742,-24.353027,3.417969,-10.864258
3885,0.411133,0.333008,-0.826172,-52.490234,24.414062,-37.292480
3886,0.418457,0.395020,-0.766113,-57.922363,25.573730,-41.259766
3887,0.420898,0.439941,-0.714844,-59.509277,21.423340,-42.297363
3888,0.427246,0.477539,-0.705078,-60.852051,16.235352,-41.259766
3889,0.444824,0.464844,-0.710938,-61.523438,8.911133,-36.499023
3890,0.429688,0.437500,-0.727051,-63.842773,7.995605,-37.658691
3891,0.416992,0.422852,-0.764160,-67.749023,10.253906,-42.358398
3892,0.459961,0.489746,-0.794922,-77.514648,23.620605,-51.879883
3893,0.465820,0.540527,-0.777832,-84.838867,31.250000,-53.710938
3894,0.466309,0.593750,-0.764648,-92.529297,38.330078,-54.870605
3895,0.422363,0.644531,-0.666992,-110.839844,50.659180,-59.692383
3896,0.389160,0.639648,-0.611816,-124.694824,54.565430,-68.725586
3897,0.390137,0.634766,-0.567383,-140.441895,56.152344,-80.383301
3898,0.412109,0.658691,-0.530273,-156.860352,55.541992,-88.806152
3899,0.407227,0.650879,-0.538086,-185.058594,55.419922,-95.153809
3900,0.395508,0.679199,-0.542969,-199.951172,61.401367,-98.937988
3901,0.385254,0.729980,-0.547852,-213.745117,70.007324,-103.393555
3902,0.375488,0.812988,-0.558594,-228.515625,95.336914,-113.708496
3903,0.351074,0.822266,-0.491211,-232.910156,107.116699,-119.140625
3904,0.332520,0.835449,-0.397461,-237.731934,114.746094,-124.206543
3905,0.314453,0.869629,-0.241211,-250.061035,117.675781,-130.004883
3906,0.312012,0.927734,-0.185547,-259.033203,118.408203,-130.249023
3907,0.302246,0.984863,-0.111816,-268.127441,116.943359,-126.464844
3908,0.261230,1.049805,0.012207,-275.146484,101.684570,-111.816406
3909,0.263672,1.089355,0.018555,-267.211914,90.332031,-102.966309
3910,0.301270,1.128906,-0.016602,-250.427246,83.007812,-90.820312
3911,0.300781,1.013672,-0.007324,-213.989258,92.529297,-69.824219
3912,0.268555,0.948242,0.038574,-207.458496,106.323242,-66.040039
3913,0.239258,0.961914,0.126953,-206.787109,119.384766,-61.889648
3914,0.138672,0.981934,0.299805,-206.420898,124.755859,-49.865723
3915,0.096191,0.957520,0.366211,-203.491211,115.722656,-47.363281
3916,0.067383,0.936035,0.392090,-198.486328,104.309082,-47.485352
3917,0.093750,0.951660,0.347168,-182.922363,96.374512,-45.715332
3918,0.101562,0.918457,0.366699,-180.175781,104.980469,-40.954590
3919,0.096191,0.882324,0.397949,-183.593750,117.614746,-35.705566
3920,0.030762,0.848633,0.556152,-192.260742,130.920410,-27.221680
3921,0.003906,0.840332,0.669922,-194.641113,124.206543,-25.024414
3922,-0.034180,0.826660,0.731934,-198.913574,109.313965,-25.085449
3923,-0.151367,0.688965,0.684082,-186.096191,76.904297,-38.452148
3924,-0.143555,0.637207,0.654297,-165.283203,72.021484,-49.743652
3925,-0.102539,0.630859,0.658203,-141.906738,69.885254,-56.701660
3926,-0.062012,0.646973,0.678223,-121.704102,64.575195,-56.823730
3927,-0.061523,0.649902,0.654297,-92.102051,49.682617,-46.875000
3928,-0.083984,0.649414,0.658203,-82.580566,48.828125,-42.358398
3929,-0.099609,0.664551,0.685059,-81.787109,54.321289,-38.330078
3930,-0.176270,0.634277,0.822754,-96.069336,62.377930,-34.545898
3931,-0.207520,0.603027,0.852539,-98.083496,57.373047,-35.156250
3932,-0.224609,0.571777,0.842773,-93.566895,48.767090,-37.292480
3933,-0.215820,0.548828,0.789551,-76.354980,33.752441,-39.916992
3934,-0.211426,0.543457,0.765625,-68.359375,30.456543,-37.841797
3935,-0.208984,0.533691,0.764160,-60.974121,29.052734,-34.362793
3936,-0.234863,0.504395,0.794922,-46.386719,26.245117,-27.343750
3937,-0.246582,0.511719,0.815430,-40.771484,23.742676,-25.390625
3938,-0.260254,0.520020,0.846191,-37.353516,21.301270,-23.132324
3939,-0.293457,0.479980,0.882812,-48.217773,20.385742,-24.291992
3940,-0.297852,0.483398,0.886719,-55.603027,18.920898,-27.954102
3941,-0.291504,0.487793,0.879883,-56.762695,14.343262,-30.578613
3942,-0.274414,0.506348,0.863281,-51.025391,9.887695,-31.250000
3943,-0.230957,0.541504,0.852539,-36.437988,4.089355,-22.277832
3944,-0.237793,0.521973,0.868164,-29.113770,1.098633,-14.465332
3945,-0.248047,0.520020,0.891113,-18.981934,-4.272461,-7.202148
3946,-0.256348,0.557617,0.974121,-5.065918,-24.963379,6.408691
3947,-0.256348,0.528320,0.956543,-10.620117,-34.606934,10.009766
3948,-0.239746,0.467285,0.827637,-27.465820,-29.296875,4.455566
3949,-0.224121,0.450684,0.796387,-28.503418,-18.676758,-0.305176
3950,-0.208496,0.439941,0.801270,-26.428223,-9.460449,-3.845215
3951,-0.202637,0.435059,0.814453,-23.193359,-4.699707,-5.249023
3952,-0.210449,0.446289,0.812012,-9.643555,-6.225586,-3.723145
3953,-0.199707,0.487793,0.843750,2.075195,-11.169434,0.122070
3954,-0.209961,0.556152,0.964844,26.672363,-34.362793,20.629883
3955,-0.237305,0.544922,0.961914,36.987305,-53.222656,28.869629
3956,-0.247559,0.512207,0.906738,47.485352,-72.265625,33.508301
3957,-0.187988,0.458008,0.761230,67.687988,-81.970215,35.827637
3958,-0.154297,0.447266,0.744141,72.143555,-71.411133,35.827637
3959,-0.139648,0.427734,0.759277,73.974609,-60.485840,33.386230
3960,-0.144531,0.452637,0.778809,77.758789,-48.522949,24.902344
3961,-0.150391,0.495605,0.804199,80.810547,-46.752930,21.972656
3962,-0.143555,0.523926,0.829590,84.289551,-48.583984,20.080566
3963,-0.095215,0.536621,0.795410,97.290039,-61.218262,20.324707
3964,-0.064453,0.548340,0.738770,110.046387,-67.016602,23.315430
3965,-0.056641,0.568848,0.702148,123.474121,-69.519043,27.954102
3966,-0.064941,0.581055,0.691406,146.789551,-67.993164,35.888672
3967,-0.081055,0.585938,0.786133,156.311035,-70.434570,38.757324
3968,-0.090820,0.592285,0.827148,163.940430,-77.819824,40.100098
3969,-0.076660,0.616211,0.831055,171.936035,-89.477539,39.978027
3970,0.029297,0.687500,0.655273,211.975098,-119.262695,47.424316
3971,0.069336,0.726562,0.586426,243.896484,-133.972168,56.335449
3972,0.105469,0.848633,0.546875,302.124023,-166.381836,74.829102
3973,0.124512,1.047363,0.615723,315.979004,-189.453125,91.735840
3974,0.045898,1.120605,0.666016,313.232422,-219.726562,111.633301
3975,0.045898,1.031250,0.556152,289.062500,-268.676758,100.341797
3976,0.207520,1.013672,0.412109,283.691406,-266.906738,83.007812
3977,0.372559,1.009766,0.258789,284.851074,-249.694824,78.369141
3978,0.442383,0.977539,0.138184,292.907715,-207.275391,100.952148
3979,0.329102,0.762695,0.021484,293.762207,-197.509766,104.431152
3980,0.291992,0.669434,-0.055176,286.804199,-192.260742,95.520020
3981,0.291992,0.627930,-0.175293,277.648926,-183.837891,81.115723
3982,0.349609,0.840820,-0.290527,286.437988,-164.733887,62.927246
3983,0.367188,0.940918,-0.283691,299.560547,-164.489746,64.331055
3984,0.380859,0.995117,-0.292969,307.800293,-170.898438,68.908691
3985,0.419922,0.933594,-0.406250,304.321289,-184.509277,83.312988
3986,0.386230,0.804199,-0.460938,285.400391,-186.523438,85.998535
3987,0.347168,0.702148,-0.500977,258.605957,-180.236816,81.848145
3988,0.288574,0.559570,-0.650879,188.232422,-142.517090,65.979004
3989,0.274414,0.547852,-0.739258,160.095215,-112.854004,55.419922
3990,0.302246,0.614258,-0.748535,146.545410,-88.500977,49.987793
3991,0.342773,0.652832,-0.733398,148.132324,-79.345703,51.635742
3992,0.338867,0.527832,-0.709473,152.343750,-86.914062,51.147461
3993,0.304199,0.463867,-0.728516,141.113281,-84.228516,40.161133
3994,0.292480,0.435059,-0.750488,120.666504,-73.974609,27.526855
3995,0.260742,0.442383,-0.744629,65.063477,-46.997070,5.432129
3996,0.259766,0.467285,-0.822266,45.288086,-37.597656,-4.333496
3997,0.326660,0.560547,-0.975586,45.104980,-28.259277,-4.272461
3998,0.358398,0.538574,-0.975098,82.641602,-12.329102,14.404297
3999,0.315918,0.472656,-0.842285,86.791992,-13.061523,19.653320
4000,0.280762,0.459961,-0.766602,74.645996,-18.798828,23.559570
4001,0.268555,0.453613,-0.746094,58.166504,-26.245117,26.062012
4002,0.277344,0.409668,-0.771484,35.949707,-34.057617,20.629883
4003,0.272461,0.395508,-0.781250,28.198242,-32.897949,17.272949
4004,0.255371,0.385254,-0.812500,22.216797,-31.066895,14.343262
4005,0.256836,0.381348,-0.879395,17.639160,-30.395508,9.399414
4006,0.286133,0.392578,-0.975586,19.897461,-27.648926,8.972168
4007,0.291992,0.361328,-1.010254,21.606445,-19.226074,8.605957
4008,0.273438,0.342773,-0.986816,17.211914,-7.324219,4.821777
4009,0.254395,0.368164,-0.937500,5.554199,14.892578,-5.859375
4010,0.272461,0.415039,-0.895020,7.080078,18.188477,-5.126953
4011,0.260742,0.437012,-0.865723,13.183594,15.747070,-2.197266
4012,0.276367,0.460938,-0.828613,17.089844,2.502441,0.427246
4013,0.285156,0.432617,-0.856445,7.995605,-0.122070,0.427246
4014,0.279297,0.403809,-0.871094,-7.873535,1.892090,-2.746582
4015,0.271484,0.381836,-0.888184,-27.160645,7.446289,-8.605957
4016,0.265137,0.375977,-0.877441,-65.612793,22.705078,-24.291992
4017,0.276367,0.411621,-0.844238,-84.228516,29.968262,-31.372070
4018,0.300293,0.470703,-0.825195,-103.637695,37.536621,-34.606934
4019,0.327148,0.616699,-0.799805,-139.587402,53.649902,-32.226562
4020,0.320801,0.646484,-0.794922,-155.029297,61.767578,-31.799316
4021,0.315918,0.664551,-0.796875,-171.691895,69.580078,-34.118652
4022,0.333496,0.676270,-0.802246,-188.842773,81.481934,-34.484863
4023,0.335938,0.639648,-0.704590,-189.514160,80.566406,-32.836914
4024,0.330078,0.604004,-0.679688,-178.771973,73.913574,-30.334473
4025,0.318359,0.579590,-0.659668,-158.203125,62.438965,-27.343750
4026,0.309082,0.579590,-0.645508,-104.187012,36.499023,-24.536133
4027,0.303711,0.592773,-0.610352,-85.815430,26.428223,-26.611328
4028,0.287109,0.649902,-0.546387,-89.599609,20.141602,-35.705566
4029,0.278320,0.680176,-0.547363,-108.093262,26.184082,-43.212891
4030,0.272461,0.720215,-0.476074,-148.376465,43.151855,-59.326172
4031,0.316895,0.834473,-0.556152,-166.625977,53.894043,-62.744141
4032,0.379883,0.908691,-0.634277,-173.217773,70.312500,-58.410645
4033,0.407715,0.885742,-0.522949,-167.297363,85.937500,-40.466309
4034,0.371582,0.837402,-0.446777,-157.592773,79.711914,-35.522461
4035,0.331543,0.801270,-0.404297,-149.841309,69.580078,-37.170410
4036,0.337891,0.889648,-0.333008,-142.272949,52.856445,-41.992188
4037,0.334473,0.874512,-0.323730,-149.230957,51.940918,-44.067383
4038,0.335938,0.849609,-0.324707,-161.682129,57.373047,-50.598145
4039,0.337402,0.892578,-0.253906,-219.238281,80.871582,-67.871094
4040,0.331055,0.980469,-0.242188,-250.793457,93.811035,-72.937012
4041,0.317871,1.046875,-0.212402,-270.385742,106.689453,-72.509766
4042,0.282227,1.101074,-0.035645,-272.705078,119.323730,-60.119629
4043,0.273926,1.101562,0.072754,-263.122559,114.624023,-50.048828
4044,0.253418,1.065430,0.169434,-253.417969,103.942871,-42.358398
4045,0.197754,0.943359,0.193848,-262.756348,88.806152,-47.973633
4046,0.199707,0.896973,0.181641,-277.832031,93.200684,-56.457520
4047,0.198242,0.902344,0.223145,-289.916992,103.271484,-60.180664
4048,0.176758,0.891113,0.268555,-288.269043,112.731934,-58.105469
4049,0.129883,0.879395,0.411133,-243.408203,121.459961,-47.973633
4050,0.130859,0.963867,0.506836,-209.655762,110.778809,-36.987305
4051,0.117676,0.975586,0.595703,-177.124023,88.195801,-22.460938
4052,0.071289,0.864258,0.603027,-123.413086,35.400391,-4.150391
4053,0.059082,0.783691,0.544922,-102.478027,19.897461,-2.807617
4054,0.072266,0.751465,0.491699,-90.454102,17.639160,-5.249023
4055,0.080566,0.736328,0.471680,-85.205078,25.329590,-8.178711
4056,0.077637,0.754395,0.499512,-86.242676,44.067383,-12.573242
4057,0.089844,0.834473,0.656250,-93.261719,50.048828,-10.925293
4058,0.087402,0.855957,0.744629,-106.018066,52.612305,-8.605957
4059,0.040039,0.794922,0.731934,-153.564453,62.561035,-18.310547
4060,0.027344,0.757324,0.710938,-173.156738,70.861816,-27.526855
4061,0.022461,0.719727,0.700195,-183.654785,77.026367,-34.179688
4062,0.031738,0.664551,0.729004,-175.354004,76.049805,-33.081055
4063,0.028809,0.624023,0.739258,-162.109375,69.641113,-26.916504
4064,0.015137,0.578613,0.750977,-146.362305,62.805176,-20.141602
4065,0.002441,0.564453,0.785645,-126.586914,54.016113,-13.366699
4066,-0.058594,0.529785,0.875977,-87.707520,26.916504,-1.342773
4067,-0.078125,0.502441,0.852051,-78.857422,16.601562,-1.953125
4068,-0.091797,0.454102,0.815918,-79.956055,19.592285,-10.498047
4069,-0.095215,0.446289,0.827148,-80.444336,22.338867,-15.441895
4070,-0.094238,0.458496,0.840820,-77.880859,22.888184,-18.981934
4071,-0.087891,0.458496,0.843262,-72.692871,21.789551,-20.324707
4072,-0.048828,0.527832,0.904297,-52.429199,10.437012,-12.512207
4073,-0.028809,0.558105,0.964355,-44.250488,1.159668,-2.868652
4074,-0.027832,0.539551,0.955566,-47.546387,-5.676270,3.356934
4075,-0.041016,0.476562,0.819336,-77.087402,9.033203,-1.281738
4076,-0.046387,0.445312,0.786133,-98.693848,31.127930,-7.629395
4077,-0.049316,0.413574,0.806641,-115.844727,51.635742,-13.610840
4078,-0.062012,0.383789,0.856934,-125.000000,63.415527,-17.456055
4079,-0.089844,0.356445,0.875488,-126.831055,67.382812,-18.737793
4080,-0.132812,0.326660,0.931152,-101.623535,55.603027,-13.061523
4081,-0.147949,0.338379,0.998047,-81.665039,40.466309,-6.652832
4082,-0.181152,0.298340,1.004883,-50.720215,5.065918,3.601074
4083,-0.172363,0.279785,0.945801,-39.794922,-5.065918,4.943848
4084,-0.161621,0.253906,0.906250,-30.883789,-8.728027,5.493164
4085,-0.147461,0.230469,0.885254,-22.766113,-9.277344,4.516602
4086,-0.125000,0.222656,0.865234,-10.803223,-3.540039,4.089355
4087,-0.133789,0.216797,0.862793,-6.835938,1.464844,3.234863
4088,-0.129883,0.226074,0.883789,-1.403809,4.211426,2.319336
4089,-0.141602,0.274414,0.950195,1.281738,7.080078,3.479004
4090,-0.155273,0.299805,0.993652,-3.723145,9.582520,3.723145
4091,-0.168457,0.313965,1.032227,-14.526367,12.023926,3.540039
4092,-0.178711,0.280273,0.988281,-44.494629,18.798828,-3.295898
4093,-0.165039,0.256836,0.962402,-55.603027,25.024414,-6.164551
4094,-0.156250,0.234375,0.951172,-61.767578,30.334473,-7.019043
4095,-0.163574,0.190430,0.941895,-54.138184,30.639648,-5.004883
4096,-0.171387,0.165527,0.932129,-42.846680,27.038574,-2.563477
4097,-0.181152,0.144531,0.930664,-27.160645,21.789551,0.244141
4098,-0.211426,0.138184,0.983887,14.770508,2.197266,7.690430
4099,-0.226562,0.144043,1.018066,34.851074,-12.573242,11.962891
4100,-0.236328,0.147461,1.031250,50.903320,-27.954102,14.404297
4101,-0.234863,0.165039,0.999512,58.105469,-43.762207,8.239746
4102,-0.191895,0.206055,0.976074,45.410156,-38.391113,1.892090
4103,-0.154297,0.254395,0.969727,28.137207,-28.869629,-3.540039
4104,-0.104004,0.313965,0.936035,-9.216309,-5.187988,-9.887695
4105,-0.093262,0.314941,0.916504,-23.132324,7.080078,-9.094238
4106,-0.109375,0.271973,0.932617,-28.503418,20.507812,-2.502441
4107,-0.138184,0.249512,0.957520,-22.888184,19.653320,1.708984
4108,-0.174316,0.218750,0.980469,-15.686035,15.441895,4.211426
4109,-0.196289,0.196777,0.980957,-6.896973,8.911133,4.699707
4110,-0.206543,0.170410,0.959473,15.808105,-5.615234,3.601074
4111,-0.203125,0.187988,0.969727,28.320312,-12.939453,2.685547
4112,-0.208984,0.222656,1.008789,39.367676,-21.728516,3.173828
4113,-0.176758,0.263672,0.994141,33.386230,-29.357910,1.220703
4114,-0.147949,0.271973,0.957031,22.094727,-22.583008,-0.915527
4115,-0.133301,0.264160,0.951172,13.366699,-15.014648,-5.065918
4116,-0.109375,0.299805,0.938477,-2.624512,-2.380371,-10.009766
4117,-0.104492,0.321289,0.952148,-7.629395,3.295898,-8.056641
4118,-0.113770,0.320801,0.967773,-10.253906,6.835938,-4.577637
4119,-0.120605,0.315430,0.988281,-11.413574,7.629395,-0.793457
4120,-0.147949,0.272949,0.981934,-9.704590,2.868652,3.540039
4121,-0.152344,0.252930,0.962891,-6.591797,0.732422,3.540039
4122,-0.152344,0.247559,0.957031,-2.197266,-0.854492,3.601074
4123,-0.153809,0.247559,0.961426,8.483887,-7.629395,4.333496
4124,-0.161621,0.232422,0.962891,9.582520,-10.253906,3.173828
4125,-0.157715,0.244629,0.946777,7.873535,-10.192871,0.427246
4126,-0.134277,0.264648,0.942871,5.676270,-8.544922,-1.525879
4127,-0.103027,0.282227,0.920410,2.441406,-3.479004,0.000000
4128,-0.096680,0.302246,0.916016,4.516602,-1.525879,2.868652
4129,-0.088867,0.321777,0.933594,9.643555,-1.892090,8.605957
4130,-0.104004,0.305664,0.956055,22.460938,-7.873535,20.751953
4131,-0.125488,0.288574,0.966309,28.991699,-11.291504,24.230957
4132,-0.147949,0.265137,0.984863,34.667969,-15.380859,24.841309
4133,-0.160645,0.251465,0.980469,47.058105,-25.878906,19.531250
4134,-0.153320,0.254883,0.973633,53.283691,-30.334473,17.211914
4135,-0.146484,0.259766,0.963867,55.480957,-32.287598,15.380859
4136,-0.125000,0.295410,0.953613,50.781250,-28.320312,10.681152
4137,-0.110352,0.316895,0.953613,45.837402,-26.123047,7.568359
4138,-0.098145,0.337891,0.941895,36.621094,-21.423340,4.028320
4139,-0.087891,0.363770,0.938477,15.441895,-8.300781,-1.953125
4140,-0.086426,0.360352,0.933105,6.408691,-3.234863,-3.784180
4141,-0.084473,0.349121,0.923340,0.976562,0.000000,-4.882812
4142,-0.068359,0.386719,0.931641,0.549316,0.915527,-2.014160
4143,-0.066895,0.384277,0.933105,4.028320,-1.525879,2.868652
4144,-0.075195,0.354980,0.921387,8.911133,-5.126953,6.164551
4145,-0.089844,0.329590,0.904785,23.925781,-11.596680,7.202148
4146,-0.095703,0.334473,0.919922,31.677246,-14.648438,7.019043
4147,-0.104492,0.345703,0.933105,35.339355,-17.578125,3.356934
4148,-0.088867,0.373535,0.935059,33.569336,-17.578125,0.915527
4149,-0.073730,0.388672,0.934082,31.555176,-18.005371,-0.610352
4150,-0.060547,0.413574,0.918945,28.442383,-17.700195,-2.990723
4151,-0.054688,0.418945,0.916504,26.733398,-16.967773,-3.417969
4152,-0.043457,0.417969,0.906250,23.254395,-15.197754,-3.845215
4153,-0.037598,0.419922,0.891113,16.845703,-9.887695,-4.272461
4154,-0.044922,0.406250,0.898438,5.371094,3.417969,-8.666992
4155,-0.047363,0.413086,0.908691,4.394531,5.004883,-10.253906
4156,-0.048340,0.457520,0.946289,6.164551,3.356934,-9.582520
4157,-0.048828,0.549316,1.017578,5.615234,-7.141113,1.281738
4158,-0.045898,0.520508,0.992676,-0.122070,-12.329102,5.310059
4159,-0.038086,0.483887,0.937988,-4.882812,-13.061523,6.958008
4160,-0.035645,0.444336,0.907227,-7.019043,-9.582520,7.080078
4161,-0.047363,0.394043,0.885742,-9.338379,-0.915527,2.319336
4162,-0.047363,0.383301,0.885254,-9.887695,3.051758,-0.183105
4163,-0.059570,0.375000,0.897461,-3.906250,4.760742,-3.112793
4164,-0.065430,0.387695,0.914062,2.441406,1.464844,-3.540039
4165,-0.070312,0.412598,0.934570,7.812500,-3.601074,-2.685547
4166,-0.075195,0.430176,0.953613,11.596680,-14.038086,-0.732422
4167,-0.075195,0.402344,0.911621,8.911133,-15.502930,-2.441406
4168,-0.051270,0.402344,0.876953,5.554199,-12.695312,-5.065918
4169,-0.030762,0.411621,0.864746,3.723145,-8.422852,-6.530762
4170,-0.030273,0.417969,0.862305,4.516602,-2.380371,-6.591797
4171,-0.032227,0.419922,0.862305,6.713867,-1.342773,-5.493164
4172,-0.036133,0.418945,0.872070,10.131836,-0.915527,-3.723145
4173,-0.050293,0.441406,0.912598,15.319824,-2.319336,-1.098633
4174,-0.055664,0.447266,0.925293,16.601562,-4.882812,0.976562
4175,-0.062988,0.428223,0.915039,17.272949,-7.629395,1.892090
4176,-0.059082,0.422363,0.903320,20.019531,-8.789062,-0.427246
4177,-0.062012,0.430664,0.914551,19.348145,-7.995605,-1.708984
4178,-0.059570,0.431641,0.904785,12.512207,-3.540039,-3.845215
4179,-0.038086,0.434082,0.910645,1.403809,2.197266,-6.896973
4180,-0.037109,0.438965,0.908691,-0.244141,1.281738,-7.629395
4181,-0.040039,0.437012,0.904297,-0.549316,0.122070,-6.469727
4182,-0.038086,0.429688,0.890625,0.366211,-1.220703,-5.920410
4183,-0.032715,0.419434,0.883301,2.807617,-1.464844,-5.676270
4184,-0.037109,0.428223,0.906738,11.596680,-0.976562,-5.126953
4185,-0.048828,0.445312,0.933594,16.296387,-2.807617,-4.577637
4186,-0.057617,0.459961,0.948730,20.019531,-6.652832,-3.845215
4187,-0.060547,0.470215,0.949707,21.850586,-10.498047,-2.685547
4188,-0.053223,0.485352,0.919434,13.793945,-10.070801,-1.159668
4189,-0.043945,0.484375,0.911621,10.070801,-9.399414,-1.953125
4190,-0.041504,0.477539,0.892578,6.408691,-8.483887,-2.990723
4191,-0.037598,0.464355,0.861816,2.136230,-4.089355,-5.065918
4192,-0.033691,0.467773,0.864258,2.807617,-2.746582,-5.371094
4193,-0.033691,0.476562,0.877441,4.760742,-2.868652,-4.882812
4194,-0.041992,0.497070,0.913086,10.131836,-8.056641,-1.647949
4195,-0.044434,0.492188,0.913086,12.634277,-12.451172,-0.061035
4196,-0.035645,0.462402,0.870605,15.563965,-18.127441,-0.183105
4197,-0.023438,0.456543,0.847656,16.113281,-17.028809,-1.770020
4198,-0.007812,0.468750,0.840820,17.517090,-15.563965,-2.868652
4199,0.001953,0.487305,0.845703,17.517090,-12.329102,-2.746582
4200,0.007324,0.498047,0.850098,15.197754,-9.094238,-2.929688
4201,0.020020,0.513672,0.860840,13.977051,-6.347656,-2.990723
4202,0.024414,0.535645,0.882812,12.878418,-5.065918,-1.770020
4203,0.003418,0.532227,0.888672,6.347656,-5.310059,2.075195
4204,-0.005371,0.505859,0.861816,2.502441,-4.638672,1.647949
4205,-0.002930,0.479980,0.833984,-1.586914,-0.305176,-0.427246
4206,-0.013672,0.468750,0.834473,-2.685547,1.770020,-1.281738
4207,-0.025879,0.458008,0.832031,-3.051758,4.089355,-3.234863
4208,-0.024414,0.469727,0.843750,-1.159668,5.493164,-4.577637
4209,-0.034180,0.500000,0.891602,7.202148,2.441406,-3.601074
4210,-0.043945,0.526367,0.915039,10.681152,-1.525879,-2.014160
4211,-0.050781,0.538574,0.937988,11.901855,-6.164551,0.183105
4212,-0.046387,0.516113,0.890625,8.117676,-12.634277,0.427246
4213,-0.032227,0.506836,0.866211,6.591797,-12.084961,-0.732422
4214,-0.020996,0.498047,0.848145,6.103516,-9.948730,-1.831055
4215,-0.010742,0.496582,0.844727,6.347656,-4.516602,-3.723145
4216,-0.013672,0.503906,0.857910,6.591797,-2.685547,-4.333496
4217,-0.012695,0.514160,0.878418,6.652832,-2.075195,-4.699707
4218,-0.013184,0.524902,0.890137,6.713867,-2.807617,-4.211426
4219,-0.015137,0.521484,0.885742,7.141113,-5.737305,-4.211426
4220,-0.011230,0.528809,0.877930,7.690430,-7.263184,-3.662109
4221,-0.002441,0.524902,0.866211,6.896973,-7.019043,-2.868652
4222,0.012695,0.506348,0.850098,1.586914,-2.685547,-3.662109
4223,0.016113,0.519531,0.852539,0.549316,-1.037598,-4.333496
4224,0.016602,0.542969,0.860840,0.000000,0.122070,-3.417969
4225,0.008301,0.549316,0.871582,-0.793457,0.610352,-1.647949
4226,-0.007324,0.526855,0.861328,-0.732422,-0.793457,-0.610352
4227,-0.007812,0.526855,0.854980,0.732422,-1.281738,-0.549316
4228,-0.007812,0.532715,0.857422,2.136230,-1.647949,-0.122070
4229,-0.013672,0.528320,0.850098,4.638672,-2.624512,0.732422
4230,-0.023438,0.518066,0.841797,4.638672,-1.953125,0.122070
4231,-0.023438,0.516113,0.831055,3.601074,0.427246,-1.403809
4232,-0.015137,0.535156,0.852539,3.540039,1.892090,-1.831055
4233,-0.021484,0.556641,0.884277,1.525879,-2.075195,0.671387
4234,-0.023926,0.566406,0.866699,-1.281738,-2.807617,1.647949
4235,-0.017578,0.544922,0.853516,-3.234863,-1.708984,1.892090
4236,-0.015137,0.519531,0.851562,-4.333496,0.061035,1.342773
4237,-0.007324,0.507812,0.854492,-5.126953,2.990723,-1.708984
4238,-0.005859,0.506348,0.859863,-3.906250,2.502441,-1.831055
4239,-0.008301,0.508789,0.861328,1.098633,-0.671387,-1.403809
4240,-0.011230,0.515625,0.868652,3.479004,-2.319336,-0.549316
4241,-0.020508,0.507812,0.867188,4.455566,-3.417969,-0.305176
4242,-0.025879,0.505859,0.859863,5.004883,-3.906250,-1.342773
4243,-0.004395,0.544922,0.848145,8.789062,-6.225586,-2.136230
4244,0.003906,0.553223,0.841797,10.742188,-7.202148,-0.427246
4245,0.014648,0.558594,0.830566,11.474609,-7.385254,1.831055
4246,-0.004883,0.493652,0.834961,5.371094,0.366211,6.225586
4247,-0.043457,0.459473,0.851562,-1.403809,7.080078,4.089355
4248,-0.073242,0.435059,0.873535,-8.911133,12.268066,-0.793457
4249,-0.082520,0.441895,0.907715,-16.479492,13.854980,-10.009766
4250,-0.077148,0.457520,0.908203,-15.258789,10.742188,-11.779785
4251,-0.068848,0.476562,0.905273,-10.437012,5.065918,-12.268066
4252,-0.051758,0.506348,0.896484,-2.685547,-2.319336,-11.413574
4253,-0.002441,0.552246,0.854004,14.038086,-16.113281,-6.530762
4254,0.029785,0.568359,0.819336,25.146484,-19.958496,-2.319336
4255,0.033203,0.575684,0.813477,28.808594,-19.470215,-1.098633
4256,0.035645,0.591309,0.818848,32.165527,-19.165039,0.000000
4257,0.037598,0.605957,0.826660,34.912109,-19.653320,1.220703
4258,0.032227,0.626465,0.838379,36.621094,-22.216797,3.723145
4259,0.026855,0.624023,0.834961,34.545898,-22.949219,4.272461
4260,0.026855,0.619629,0.812500,29.724121,-21.057129,3.723145
4261,0.035156,0.625977,0.794434,23.986816,-16.113281,3.112793
4262,0.042969,0.618652,0.800293,17.150879,-8.361816,4.028320
4263,0.037109,0.619141,0.798340,15.991211,-6.530762,4.943848
4264,0.031738,0.643066,0.808105,11.474609,-2.929688,8.666992
4265,0.025879,0.627930,0.806641,6.469727,-0.671387,10.009766
4266,0.020020,0.601562,0.798340,1.525879,1.770020,9.582520
4267,0.016113,0.583008,0.790039,-2.136230,4.821777,8.361816
4268,0.015137,0.569824,0.794434,-4.272461,9.033203,6.591797
4269,0.023926,0.590820,0.806641,-1.953125,8.605957,7.629395
4270,0.036133,0.617676,0.818848,2.746582,6.164551,11.047363
4271,0.057129,0.621582,0.803223,16.967773,-1.892090,22.644043
4272,0.076172,0.605957,0.773438,27.770996,-5.920410,28.503418
4273,0.101562,0.596191,0.741699,42.175293,-9.399414,35.278320
4274,0.089844,0.576172,0.728027,58.349609,-12.207031,41.503906
4275,0.035156,0.541016,0.735840,91.613770,-19.104004,42.053223
4276,0.013672,0.542480,0.734375,107.299805,-24.291992,39.123535
4277,-0.006348,0.558594,0.738770,121.704102,-29.296875,35.034180
4278,-0.007324,0.679688,0.813965,147.094727,-45.959473,34.362793
4279,0.010254,0.732910,0.828125,156.066895,-56.701660,38.757324
4280,0.023438,0.740234,0.819336,162.048340,-67.504883,42.541504
4281,0.054688,0.699707,0.729980,167.663574,-85.388184,41.198730
4282,0.077637,0.705566,0.664062,171.752930,-91.308594,38.330078
4283,0.127930,0.739746,0.569824,179.199219,-94.726562,37.292480
4284,0.168457,0.766602,0.492676,192.382812,-97.106934,39.489746
4285,0.184082,0.776855,0.437988,216.369629,-102.661133,38.391113
4286,0.202148,0.816406,0.405273,218.322754,-102.294922,32.592773
4287,0.256348,0.962891,0.413574,190.002441,-91.918945,29.602051
4288,0.262695,0.975098,0.391113,166.564941,-82.336426,30.395508
4289,0.262207,0.973145,0.364746,145.629883,-71.166992,29.724121
4290,0.274414,0.998535,0.326172,130.615234,-62.011719,28.930664
4291,0.376953,1.030762,0.182129,136.230469,-53.894043,41.259766
4292,0.374512,0.933594,0.154785,151.367188,-56.396484,48.706055
4293,0.343750,0.831543,0.135742,166.809082,-60.363770,48.828125
4294,0.305664,0.744629,0.089844,191.589355,-66.101074,33.935547
4295,0.302734,0.774414,0.092773,198.913574,-67.810059,26.672363
4296,0.316895,0.893066,0.124512,201.538086,-71.838379,25.146484
4297,0.314453,1.043457,0.159668,197.753906,-92.468262,39.245605
4298,0.322754,1.049316,0.104980,193.969727,-104.980469,46.020508
4299,0.351562,0.996094,0.003906,193.969727,-117.187500,50.842285
4300,0.394531,0.845215,-0.231934,201.354980,-125.793457,49.255371
4301,0.385742,0.790527,-0.322266,203.125000,-117.553711,43.640137
4302,0.374023,0.790039,-0.336914,205.261230,-106.262207,38.757324
4303,0.364746,0.816895,-0.314453,213.317871,-94.909668,35.644531
4304,0.380371,0.840332,-0.363770,213.806152,-91.796875,34.118652
4305,0.377441,0.868164,-0.411133,208.496094,-87.097168,32.958984
4306,0.370605,0.885254,-0.437500,194.519043,-81.176758,31.372070
4307,0.377930,0.839355,-0.481934,149.353027,-68.115234,30.700684
4308,0.368164,0.791016,-0.534180,127.563477,-58.044434,27.526855
4309,0.357910,0.758789,-0.531250,114.562988,-50.476074,24.780273
4310,0.329590,0.743164,-0.575684,112.609863,-49.011230,24.719238
4311,0.330078,0.708008,-0.617188,114.074707,-49.316406,19.836426
4312,0.362793,0.698242,-0.687988,109.497070,-45.288086,14.160156
4313,0.356934,0.606934,-0.783691,87.463379,-25.268555,5.493164
4314,0.332520,0.615723,-0.808594,83.312988,-14.465332,1.098633
4315,0.348145,0.662109,-0.730469,93.566895,-12.145996,3.601074
4316,0.353516,0.692383,-0.617676,114.624023,-22.583008,13.122559
4317,0.335938,0.667480,-0.594238,157.714844,-61.950684,32.043457
4318,0.348145,0.653320,-0.659668,161.376953,-73.425293,37.292480
4319,0.308594,0.512695,-0.800293,141.723633,-65.063477,32.531738
4320,0.286133,0.429688,-0.840332,127.746582,-52.124023,20.141602
4321,0.291504,0.414062,-0.870605,118.408203,-39.367676,10.375977
4322,0.308105,0.449707,-0.820312,119.689941,-34.179688,9.094238
4323,0.334473,0.533203,-0.861328,149.963379,-45.593262,19.836426
4324,0.341797,0.520508,-0.873535,169.067383,-50.048828,26.794434
4325,0.323242,0.481934,-0.861816,178.771973,-51.330566,31.188965
4326,0.284668,0.408691,-0.795410,163.208008,-54.931641,38.391113
4327,0.258301,0.341797,-0.792969,146.850586,-60.607910,40.710449
4328,0.236328,0.263184,-0.787598,129.943848,-67.993164,38.696289
4329,0.208496,0.170898,-0.976074,99.487305,-76.049805,31.188965
4330,0.213379,0.138184,-1.066895,88.195801,-67.199707,20.690918
4331,0.240234,0.145020,-1.139160,64.208984,-30.212402,4.394531
4332,0.243164,0.156738,-1.095215,54.321289,-12.390137,0.427246
4333,0.239746,0.178223,-1.011230,46.264648,-1.098633,-2.624512
4334,0.214844,0.211426,-0.890625,31.555176,-0.793457,-5.432129
4335,0.190918,0.203613,-0.872070,24.780273,-6.530762,-6.103516
4336,0.194336,0.193359,-0.905273,19.653320,-11.413574,-6.835938
4337,0.189453,0.118652,-0.978516,18.188477,-13.122559,-6.530762
4338,0.187988,0.123535,-0.982422,20.568848,-10.620117,-6.225586
4339,0.195312,0.157227,-0.976562,26.916504,-9.094238,-2.624512
4340,0.190918,0.208008,-0.901855,52.246094,-20.446777,12.145996
4341,0.192871,0.220215,-0.902344,59.936523,-28.991699,20.751953
4342,0.172363,0.164062,-0.914551,58.837891,-34.423828,30.700684
4343,0.156250,0.116699,-0.929688,50.048828,-31.127930,28.137207
4344,0.145020,0.078613,-0.929688,37.902832,-25.634766,22.583008
4345,0.137207,0.045410,-0.937988,22.888184,-19.104004,15.258789
4346,0.137207,0.020020,-0.984375,8.300781,-10.620117,6.896973
4347,0.164551,0.043457,-1.035645,-9.887695,7.934570,-7.202148
4348,0.197754,0.090820,-1.067383,-8.361816,13.000488,-7.263184
4349,0.194336,0.101562,-1.073730,0.732422,14.709473,-2.807617
4350,0.190918,0.097656,-0.958496,6.713867,5.920410,-0.976562
4351,0.188965,0.099609,-0.954590,1.037598,1.647949,-0.671387
4352,0.178711,0.069824,-0.963867,-4.333496,1.037598,-1.281738
4353,0.165039,0.058594,-0.936035,-12.817383,1.831055,-5.065918
4354,0.156738,0.059570,-0.972656,-15.563965,2.258301,-6.835938
4355,0.177734,0.088379,-1.021484,-12.390137,3.479004,-6.896973
4356,0.192871,0.101562,-1.048340,-2.685547,3.601074,-3.112793
4357,0.195312,0.124023,-0.991211,24.414062,-2.746582,11.413574
4358,0.182617,0.110352,-0.945801,31.616211,-7.568359,17.150879
4359,0.168945,0.090820,-0.916504,31.616211,-11.108398,19.470215
4360,0.154297,0.045410,-0.898438,16.601562,-12.451172,15.380859
4361,0.134766,0.020508,-0.907227,5.371094,-10.803223,9.704590
4362,0.125977,0.000000,-0.943359,-5.737305,-7.934570,1.892090
4363,0.153320,0.010254,-1.054199,-16.723633,4.943848,-11.596680
4364,0.183594,0.070312,-1.041992,-7.446289,7.995605,-10.742188
4365,0.188965,0.101074,-1.003418,7.751465,5.065918,-3.906250
4366,0.180664,0.115723,-0.947266,22.338867,-2.441406,4.394531
4367,0.170410,0.103027,-0.895508,35.888672,-18.554688,18.188477
4368,0.164551,0.077637,-0.909180,33.447266,-22.338867,20.690918
4369,0.155273,0.018066,-0.963867,18.005371,-18.920898,16.723633
4370,0.146484,-0.006348,-0.987793,4.394531,-12.756348,10.437012
4371,0.135254,-0.040527,-1.020020,-11.657715,-3.845215,1.342773
4372,0.118652,-0.077637,-1.057129,-25.878906,6.530762,-9.765625
4373,0.180664,0.046875,-1.080078,-13.427734,19.531250,-15.808105
4374,0.179199,0.085449,-1.002930,9.887695,13.854980,-4.211426
4375,0.146973,0.097168,-0.868164,42.907715,-14.953613,16.418457
4376,0.142090,0.074219,-0.866211,45.654297,-27.465820,22.216797
4377,0.141113,0.041504,-0.893555,40.283203,-33.081055,23.742676
4378,0.141113,0.018555,-0.925293,14.770508,-27.038574,17.028809
4379,0.154785,-0.017090,-1.039551,1.403809,-18.920898,10.986328
4380,0.146484,-0.066406,-1.090332,-12.634277,-7.751465,2.502441
4381,0.135254,-0.096191,-1.129883,-27.587891,7.263184,-9.887695
4382,0.161621,0.006836,-1.083984,-37.963867,33.630371,-25.268555
4383,0.176758,0.061035,-1.014648,-27.770996,33.508301,-21.301270
4384,0.176270,0.094727,-0.946289,-13.732910,25.390625,-11.779785
4385,0.151367,0.082520,-0.866211,7.995605,2.929688,6.652832
4386,0.145996,0.060059,-0.864746,13.061523,-7.202148,11.901855
4387,0.141602,0.032227,-0.905273,13.610840,-13.977051,14.160156
4388,0.141602,0.003906,-0.961914,10.925293,-15.563965,13.427734
4389,0.133301,-0.053223,-1.045898,-1.342773,-4.760742,0.915527
4390,0.148438,-0.020508,-1.054688,-7.690430,3.479004,-6.286621
4391,0.170410,0.060547,-1.000977,-8.239746,11.657715,-8.239746
4392,0.166504,0.081055,-0.950195,-4.333496,8.789062,-3.906250
4393,0.158203,0.081543,-0.925293,-0.427246,3.662109,0.915527
4394,0.150391,0.058105,-0.915527,2.563477,-1.464844,5.187988
4395,0.131836,0.010742,-0.910156,0.122070,-7.812500,5.798340
4396,0.127441,0.009277,-0.924316,-5.371094,-8.178711,2.807617
4397,0.133301,0.006348,-0.958496,-12.145996,-6.408691,-1.037598
4398,0.141113,0.000000,-0.988770,-18.615723,-2.746582,-5.249023
4399,0.145020,0.017578,-1.025391,-27.709961,5.920410,-13.916016
4400,0.162109,0.046387,-1.044434,-24.658203,10.070801,-14.587402
4401,0.180176,0.080078,-1.019531,-15.625000,10.925293,-10.620117
4402,0.179199,0.088867,-0.983887,-5.004883,7.873535,-4.089355
4403,0.163574,0.080566,-0.935059,7.629395,-4.516602,5.981445
4404,0.161133,0.072754,-0.935059,8.911133,-8.728027,8.239746
4405,0.158691,0.061523,-0.937988,5.920410,-10.009766,8.728027
4406,0.147949,0.014648,-0.985840,-5.187988,-6.896973,5.493164
4407,0.139648,-0.002930,-1.011230,-10.559082,-3.295898,0.183105
4408,0.145508,0.012207,-1.018555,-15.808105,1.464844,-5.493164
4409,0.159668,0.056641,-1.033691,-23.620605,10.314941,-10.681152
4410,0.170898,0.056641,-1.053711,-20.019531,13.854980,-10.375977
4411,0.171875,0.059570,-1.023438,-11.474609,14.099121,-7.812500
4412,0.159668,0.081543,-0.959961,2.624512,4.699707,-2.319336
4413,0.166504,0.095703,-0.945801,6.530762,-0.183105,1.220703
4414,0.164062,0.092773,-0.936035,8.056641,-4.333496,4.455566
4415,0.164551,0.060547,-0.950195,3.540039,-9.399414,5.920410
4416,0.165527,0.040527,-0.988281,-0.244141,-8.728027,5.126953
4417,0.164551,0.023438,-1.006348,-4.211426,-5.371094,2.685547
4418,0.151855,0.012207,-1.019531,-11.535645,4.943848,-6.103516
4419,0.148926,0.036133,-0.996094,-12.084961,8.300781,-8.911133
4420,0.148438,0.068359,-0.972168,-9.521484,8.728027,-9.033203
4421,0.153320,0.108398,-0.921387,2.319336,0.061035,-1.098633
4422,0.149902,0.108887,-0.920410,8.911133,-6.286621,3.784180
4423,0.153809,0.098145,-0.947754,13.916016,-10.742188,7.690430
4424,0.159668,0.057617,-0.984863,16.052246,-11.169434,10.070801
4425,0.154785,0.040527,-0.992188,12.390137,-8.117676,7.568359
4426,0.149902,0.037109,-0.986816,6.225586,-3.845215,3.540039
4427,0.145020,0.042969,-0.980957,-0.122070,0.061035,-0.488281
4428,0.163574,0.079102,-0.964355,-6.408691,2.685547,-2.929688
4429,0.162109,0.080566,-0.962891,-6.225586,1.464844,-1.525879
4430,0.163086,0.073730,-0.972168,-4.577637,0.366211,0.061035
4431,0.152832,0.035156,-0.972168,-4.028320,0.854492,0.549316
4432,0.150879,0.034668,-0.971680,-4.272461,1.342773,-0.976562
4433,0.146484,0.045898,-0.963867,-3.906250,0.000000,-2.685547
4434,0.158203,0.068848,-0.973633,-1.403809,-1.525879,-2.014160
4435,0.169922,0.086914,-0.984375,4.699707,-3.662109,1.403809
4436,0.171875,0.084961,-0.980957,11.840820,-6.469727,6.286621
4437,0.151855,0.054199,-0.965332,16.662598,-10.986328,11.047363
4438,0.147949,0.042480,-0.972168,13.671875,-10.925293,9.643555
4439,0.147949,0.032715,-0.986328,9.521484,-9.277344,7.385254
4440,0.140137,0.015625,-0.979004,-5.004883,-3.173828,-0.061035
4441,0.138184,0.020996,-0.987793,-14.038086,0.915527,-5.249023
4442,0.152344,0.040527,-1.025879,-19.348145,7.873535,-10.314941
4443,0.150879,0.037598,-1.013184,-18.188477,9.216309,-10.192871
4444,0.148438,0.048340,-1.014160,-14.282227,9.338379,-10.192871
4445,0.165527,0.082520,-1.014648,-4.699707,7.873535,-7.263184
4446,0.163574,0.095703,-0.951660,16.723633,-3.784180,5.187988
4447,0.159668,0.094238,-0.943359,20.874023,-9.643555,8.483887
4448,0.163574,0.086914,-0.955078,20.202637,-12.023926,10.070801
4449,0.164062,0.058105,-0.994629,8.483887,-7.080078,7.690430
4450,0.162598,0.044434,-1.020020,-0.488281,-0.915527,4.150391
4451,0.162109,0.028320,-1.041992,-9.887695,7.019043,-0.366211
4452,0.153320,0.008789,-1.035645,-18.676758,15.136719,-5.493164
4453,0.145508,0.033691,-0.974609,-33.691406,25.085449,-15.319824
4454,0.151855,0.052734,-0.941406,-38.024902,25.329590,-17.150879
4455,0.155762,0.065918,-0.916504,-41.076660,23.315430,-17.333984
4456,0.164062,0.086426,-0.921875,-46.691895,19.470215,-16.906738
4457,0.169434,0.107910,-0.919434,-50.537109,19.042969,-17.089844
4458,0.186035,0.170898,-0.920410,-57.128906,19.104004,-15.563965
4459,0.209961,0.220215,-0.933105,-66.162109,20.385742,-11.779785
4460,0.218262,0.241211,-0.889648,-89.477539,27.526855,-6.835938
4461,0.206543,0.233887,-0.899414,-101.318359,31.860352,-6.225586
4462,0.204102,0.197266,-0.943848,-106.323242,35.400391,-5.981445
4463,0.202637,0.139648,-1.016113,-85.876465,35.522461,-6.713867
4464,0.197754,0.129395,-0.993652,-67.565918,31.250000,-8.544922
4465,0.195312,0.196777,-0.924316,-39.123535,17.944336,-12.878418
4466,0.208008,0.245605,-0.901855,-31.311035,12.023926,-13.122559
4467,0.228516,0.306152,-0.881836,-27.648926,6.591797,-11.901855
4468,0.247070,0.346680,-0.868164,-34.790039,2.380371,-9.582520
4469,0.268555,0.316895,-1.008301,-90.515137,17.822266,-23.376465
4470,0.294434,0.305176,-1.075684,-127.868652,41.076660,-36.315918
4471,0.300781,0.291992,-1.081543,-162.780762,66.833496,-49.987793
4472,0.285156,0.317383,-0.993164,-211.791992,107.177734,-74.340820
4473,0.275879,0.335449,-0.938965,-223.937988,117.797852,-83.129883
4474,0.269043,0.376953,-0.883301,-227.722168,121.520996,-89.660645
4475,0.284180,0.470215,-0.840332,-225.830078,119.628906,-91.491699
4476,0.342773,0.623047,-0.771484,-215.820312,108.215332,-79.650879
4477,0.360352,0.682617,-0.742188,-207.946777,102.905273,-70.068359
4478,0.371094,0.738281,-0.718262,-198.974609,98.144531,-58.044434
4479,0.383301,0.766602,-0.716797,-179.687500,91.796875,-39.062500
4480,0.436035,0.819336,-0.783691,-164.489746,94.055176,-28.015137
4481,0.435059,0.744629,-0.689941,-136.840820,101.806641,-6.225586
4482,0.377441,0.749512,-0.646484,-131.347656,103.149414,-3.356934
4483,0.371094,0.775391,-0.548340,-134.338379,107.788086,-7.873535
4484,0.387695,0.795898,-0.485352,-141.723633,109.130859,-10.559082
4485,0.386230,0.822754,-0.421875,-151.123047,108.337402,-11.962891
4486,0.356934,0.793457,-0.330078,-164.978027,104.003906,-19.104004
4487,0.357910,0.770020,-0.302246,-170.654297,103.210449,-24.902344
4488,0.371094,0.755859,-0.309570,-177.185059,105.529785,-30.700684
4489,0.388672,0.748047,-0.330078,-199.401855,122.985840,-39.672852
4490,0.381836,0.865234,-0.230469,-212.097168,127.441406,-38.879395
4491,0.362305,0.901855,-0.154297,-220.336914,124.816895,-37.170410
4492,0.355957,0.954590,-0.055176,-226.745605,117.553711,-33.691406
4493,0.339844,0.901855,0.087402,-245.971680,97.412109,-28.320312
4494,0.336914,0.844238,0.084961,-252.807617,94.238281,-31.311035
4495,0.319336,0.762207,0.095215,-253.112793,109.313965,-46.020508
4496,0.315918,0.756836,0.133301,-245.239258,118.164062,-52.185059
4497,0.329590,0.810059,0.175781,-233.276367,122.802734,-53.588867
4498,0.347168,0.888184,0.240234,-219.238281,120.727539,-47.668457
4499,0.335449,0.918945,0.389160,-198.547363,95.642090,-25.695801
4500,0.316895,0.902832,0.415039,-193.420410,80.017090,-15.991211
4501,0.301758,0.875000,0.426270,-189.636230,68.054199,-7.690430
4502,0.286621,0.815430,0.417969,-184.143066,61.462402,-1.953125
4503,0.246094,0.688477,0.432617,-161.743164,62.683105,-4.455566
4504,0.235840,0.655762,0.440430,-145.385742,67.810059,-11.169434
4505,0.231445,0.650879,0.483398,-126.525879,73.059082,-17.761230
4506,0.229004,0.666504,0.551270,-109.375000,74.523926,-21.972656
4507,0.211914,0.716309,0.648926,-86.242676,61.645508,-22.644043
4508,0.214355,0.742188,0.650879,-76.904297,52.001953,-20.446777
4509,0.218750,0.748047,0.645996,-65.673828,43.762207,-17.395020
4510,0.214355,0.738281,0.664062,-40.710449,29.968262,-9.765625
4511,0.196289,0.719238,0.670898,-32.836914,24.597168,-7.324219
4512,0.189453,0.703613,0.674805,-27.954102,20.690918,-6.408691
4513,0.186523,0.687988,0.681152,-24.169922,17.517090,-6.408691
4514,0.185547,0.684570,0.690430,-13.427734,10.559082,-6.774902
4515,0.184082,0.683594,0.696289,-7.019043,6.347656,-7.202148
4516,0.186523,0.690918,0.693359,-0.854492,2.014160,-7.507324
4517,0.205566,0.746094,0.697266,9.826660,-5.432129,-6.835938
4518,0.234375,0.824707,0.708008,11.962891,-8.911133,-1.159668
4519,0.238281,0.824219,0.704590,8.911133,-10.803223,5.554199
4520,0.217773,0.738770,0.659180,-2.990723,-9.826660,6.347656
4521,0.213867,0.704590,0.636230,-6.652832,-7.324219,2.990723
4522,0.203613,0.677734,0.626953,-7.934570,-4.638672,-0.671387
4523,0.208496,0.684082,0.644531,-22.399902,3.601074,-10.131836
4524,0.212891,0.678711,0.646484,-28.991699,7.568359,-13.977051
4525,0.208496,0.672363,0.646484,-31.799316,9.887695,-18.676758
4526,0.234375,0.733887,0.663574,-28.076172,11.230469,-22.460938
4527,0.238770,0.751465,0.684082,-25.573730,8.911133,-18.920898
4528,0.259766,0.803223,0.704102,-23.864746,1.647949,-7.446289
4529,0.256836,0.770508,0.678223,-25.024414,0.671387,-2.502441
4530,0.248535,0.724121,0.653809,-24.780273,2.014160,-1.281738
4531,0.240234,0.688477,0.645508,-23.254395,4.638672,-2.136230
4532,0.229980,0.655762,0.647949,-18.432617,11.047363,-5.493164
4533,0.231445,0.650391,0.651855,-18.310547,15.930176,-7.446289
4534,0.227539,0.655762,0.671387,-20.263672,21.789551,-9.338379
4535,0.194824,0.636719,0.692383,-26.000977,28.747559,-15.014648
4536,0.187988,0.624023,0.680176,-26.123047,29.418945,-18.432617
4537,0.181641,0.631348,0.670410,-23.803711,29.113770,-20.019531
4538,0.169922,0.649414,0.665039,-12.390137,26.000977,-18.310547
4539,0.159668,0.662598,0.682129,-4.882812,22.460938,-16.296387
4540,0.146973,0.659668,0.698730,3.356934,17.211914,-14.526367
4541,0.137695,0.658203,0.712402,11.474609,11.108398,-13.305664
4542,0.138184,0.687012,0.750000,24.414062,-0.793457,-10.559082
4543,0.155762,0.725586,0.765625,26.916504,-6.225586,-7.202148
4544,0.168945,0.750977,0.776367,26.306152,-15.808105,1.220703
4545,0.187500,0.713379,0.752441,22.277832,-18.127441,2.685547
4546,0.198242,0.689941,0.719727,15.502930,-16.052246,2.136230
4547,0.201660,0.666992,0.697754,9.765625,-10.803223,-0.732422
4548,0.196777,0.648438,0.681641,6.286621,-5.676270,-5.432129
4549,0.179199,0.648926,0.651855,4.882812,4.516602,-16.479492
4550,0.170898,0.721191,0.703613,6.530762,7.690430,-18.493652
4551,0.150391,0.759277,0.744141,4.333496,9.216309,-17.639160
4552,0.109375,0.810547,0.794922,-9.948730,9.887695,-17.578125
4553,0.111816,0.838867,0.804199,-18.432617,8.117676,-15.930176
4554,0.120117,0.836914,0.796387,-23.132324,4.211426,-11.962891
4555,0.122559,0.751465,0.705078,-25.817871,-3.173828,-6.225586
4556,0.126953,0.709473,0.664551,-27.038574,-1.220703,-5.432129
4557,0.115723,0.667480,0.629883,-27.648926,4.211426,-6.042480
4558,0.082031,0.615234,0.670410,-27.282715,19.958496,-11.901855
4559,0.062500,0.650879,0.731445,-26.062012,24.536133,-14.282227
4560,0.055176,0.701172,0.817871,-26.000977,23.071289,-13.122559
4561,0.027344,0.663574,0.865723,-32.775879,6.530762,-7.751465
4562,0.025879,0.616211,0.822754,-32.897949,-5.126953,-7.507324
4563,0.042480,0.557129,0.761230,-28.991699,-15.502930,-7.446289
4564,0.068359,0.486328,0.625000,-10.314941,-23.376465,-11.535645
4565,0.095215,0.519531,0.593262,1.464844,-19.470215,-14.465332
4566,0.117676,0.597656,0.603516,10.253906,-10.498047,-14.282227
4567,0.119629,0.655273,0.655273,14.526367,0.610352,-11.840820
4568,0.084961,0.715332,0.816406,13.793945,13.183594,-6.469727
4569,0.063965,0.718262,0.889648,11.657715,8.789062,-4.089355
4570,0.052734,0.712402,0.918457,9.094238,-0.183105,-2.197266
4571,0.052246,0.694824,0.855957,7.446289,-15.441895,-1.525879
4572,0.056152,0.695801,0.802734,7.507324,-17.333984,-2.746582
4573,0.053711,0.705078,0.776855,6.713867,-14.770508,-3.967285
4574,0.023926,0.742188,0.790039,0.732422,-3.234863,-2.258301
4575,0.002930,0.729004,0.809570,-2.929688,0.854492,-0.793457
4576,-0.021973,0.694824,0.818848,-7.141113,2.319336,-0.610352
4577,-0.051270,0.629883,0.784180,-12.939453,2.502441,-4.028320
4578,-0.048828,0.631348,0.768066,-13.549805,2.197266,-5.554199
4579,-0.038574,0.640625,0.751953,-12.573242,1.037598,-4.882812
4580,-0.030273,0.628418,0.735352,-10.559082,-0.183105,-3.784180
4581,-0.001465,0.646973,0.708008,-1.647949,0.732422,-2.197266
4582,0.004395,0.665039,0.726074,3.112793,1.586914,0.610352
4583,-0.001465,0.662598,0.762207,5.676270,1.464844,2.868652
4584,-0.002441,0.662109,0.785156,5.981445,-0.061035,2.990723
4585,0.031738,0.671387,0.790527,6.164551,-4.333496,3.234863
4586,0.048340,0.664062,0.773926,5.981445,-5.310059,2.685547
4587,0.062988,0.673828,0.750977,6.042480,-4.455566,1.953125
4588,0.085938,0.705566,0.731934,6.164551,3.173828,2.929688
4589,0.083008,0.712402,0.746582,4.333496,8.239746,4.028320
4590,0.069336,0.716309,0.758789,1.953125,12.268066,4.272461
4591,0.054688,0.714844,0.781738,-0.183105,14.526367,3.845215
4592,0.037598,0.702148,0.804688,-1.892090,12.939453,2.502441
4593,0.033203,0.692383,0.812988,-1.159668,9.216309,1.770020
4594,0.038086,0.684570,0.796387,1.220703,3.845215,1.342773
4595,0.075684,0.701660,0.753418,10.070801,-5.187988,3.601074
4596,0.095703,0.713867,0.742188,14.465332,-7.507324,7.080078
4597,0.107422,0.716309,0.745605,17.639160,-8.789062,10.253906
4598,0.109375,0.711914,0.754883,18.737793,-9.216309,12.695312
4599,0.093750,0.685059,0.762207,16.113281,-6.530762,13.610840
4600,0.087891,0.677734,0.769043,13.183594,-4.455566,12.145996
4601,0.087402,0.671875,0.772461,9.948730,-3.295898,10.498047
4602,0.081543,0.649414,0.753418,5.249023,-2.990723,7.995605
4603,0.077637,0.640625,0.740234,4.516602,-3.417969,6.835938
4604,0.075684,0.631348,0.725098,5.187988,-4.272461,5.615234
4605,0.085449,0.647949,0.706055,9.521484,-6.347656,3.601074
4606,0.092285,0.663086,0.710938,11.596680,-6.652832,4.272461
4607,0.094238,0.674316,0.714844,12.817383,-6.530762,4.943848
4608,0.094238,0.693848,0.718262,13.488770,-6.042480,5.798340
4609,0.084961,0.689941,0.733887,11.779785,-4.333496,6.835938
4610,0.078125,0.673828,0.737793,10.314941,-3.601074,6.530762
4611,0.066895,0.642090,0.739258,9.033203,-4.638672,3.906250
4612,0.065430,0.631836,0.733887,9.765625,-6.347656,1.892090
4613,0.066895,0.631348,0.726562,11.352539,-8.422852,-0.305176
4614,0.074219,0.647461,0.719238,13.671875,-10.070801,-2.075195
4615,0.102051,0.707031,0.713867,17.395020,-10.864258,-2.197266
4616,0.109863,0.721191,0.727539,17.150879,-10.498047,-1.342773
4617,0.113770,0.719727,0.738770,14.099121,-9.887695,-0.793457
4618,0.117676,0.727539,0.713379,4.760742,-7.751465,-0.244141
4619,0.123047,0.718750,0.699707,1.647949,-6.652832,0.732422
4620,0.130371,0.712402,0.688965,1.708984,-7.202148,3.295898
4621,0.128906,0.702148,0.696777,3.540039,-8.911133,3.967285
4622,0.129883,0.692383,0.702637,5.859375,-11.535645,4.028320
4623,0.129883,0.685547,0.700195,8.483887,-14.709473,3.479004
4624,0.132812,0.680664,0.685547,11.413574,-17.822266,2.563477
4625,0.150391,0.697754,0.666992,18.615723,-22.460938,0.854492
4626,0.160645,0.708496,0.653809,21.240234,-23.620605,0.427246
4627,0.179199,0.737793,0.631348,24.047852,-21.911621,0.427246
4628,0.178223,0.740234,0.624512,24.047852,-19.287109,0.854492
4629,0.171387,0.740723,0.632324,23.437500,-16.601562,0.793457
4630,0.159668,0.754883,0.650391,20.874023,-14.160156,-0.366211
4631,0.155762,0.752441,0.655762,19.958496,-15.014648,-1.037598
4632,0.153809,0.741699,0.653320,19.897461,-17.211914,-2.014160
4633,0.160156,0.752441,0.635254,22.583008,-23.193359,-2.990723
4634,0.176758,0.764648,0.612305,26.489258,-26.184082,-2.014160
4635,0.219727,0.773926,0.541992,39.489746,-29.418945,2.868652
4636,0.228027,0.771484,0.508301,46.020508,-27.587891,4.943848
4637,0.235352,0.778320,0.479492,51.818848,-23.132324,6.103516
4638,0.240723,0.798340,0.468750,57.189941,-16.540527,7.873535
4639,0.223633,0.838867,0.515625,66.162109,-4.394531,11.230469
4640,0.206543,0.861816,0.577148,69.641113,-3.906250,13.671875
4641,0.181152,0.855469,0.617676,72.143555,-7.934570,16.113281
4642,0.148438,0.821289,0.636719,75.378418,-22.583008,16.601562
4643,0.152832,0.798340,0.607910,77.514648,-31.616211,15.625000
4644,0.190430,0.782715,0.494629,90.270996,-48.278809,15.808105
4645,0.209473,0.787109,0.434570,99.548340,-53.161621,16.357422
4646,0.234375,0.795898,0.377441,108.764648,-55.053711,16.601562
4647,0.262695,0.806641,0.325684,116.577148,-53.222656,17.028809
4648,0.281250,0.833496,0.273926,125.549316,-41.015625,17.089844
4649,0.273926,0.864258,0.285156,127.563477,-34.729004,17.150879
4650,0.265625,0.888672,0.321777,128.784180,-31.311035,18.188477
4651,0.237793,0.912109,0.387695,132.446289,-37.841797,20.263672
4652,0.234863,0.919434,0.394531,133.483887,-45.410156,20.263672
4653,0.240234,0.919434,0.375000,133.605957,-53.405762,20.141602
4654,0.272949,0.890137,0.270020,131.042480,-62.072754,18.432617
4655,0.291016,0.873047,0.226074,125.793457,-59.936523,16.418457
4656,0.290527,0.873047,0.204102,119.506836,-56.701660,14.770508
4657,0.273926,0.852539,0.182129,113.342285,-54.199219,11.291504
4658,0.288086,0.874023,0.108887,108.032227,-51.818848,3.601074
4659,0.291016,0.880371,0.077148,106.445312,-50.048828,1.098633
4660,0.308594,0.919922,0.015137,103.454590,-44.311523,-2.868652
4661,0.301270,0.912109,0.000000,102.661133,-42.114258,-5.432129
4662,0.291016,0.900391,-0.019531,102.172852,-40.954590,-10.314941
4663,0.282715,0.898926,-0.032715,100.952148,-39.978027,-17.028809
4664,0.310059,0.979004,-0.083984,95.520020,-35.522461,-24.169922
4665,0.326172,1.010742,-0.106934,92.529297,-31.127930,-21.850586
4666,0.332520,1.014648,-0.104004,89.050293,-23.498535,-12.329102
4667,0.322754,1.003418,-0.117188,90.087891,-22.888184,-7.507324
4668,0.312012,0.991211,-0.158691,96.496582,-23.376465,-2.014160
4669,0.337891,1.015625,-0.160645,127.380371,-34.484863,13.854980
4670,0.363770,1.033203,-0.205566,150.695801,-45.227051,25.634766
4671,0.373535,1.025391,-0.237305,173.706055,-55.175781,36.193848
4672,0.320312,0.955566,-0.272949,187.438965,-65.795898,39.672852
4673,0.305176,0.921875,-0.294434,175.659180,-67.016602,34.606934
4674,0.317383,0.912598,-0.372559,161.865234,-63.415527,31.372070
4675,0.326172,0.889160,-0.409668,155.639648,-54.687500,38.513184
4676,0.324219,0.892090,-0.446777,165.161133,-54.565430,43.090820
4677,0.328613,0.914062,-0.466797,179.321289,-57.250977,47.058105
4678,0.329102,0.896973,-0.471680,190.063477,-62.683105,49.194336
4679,0.318848,0.881348,-0.486816,194.580078,-69.152832,48.828125
4680,0.272461,0.795410,-0.474609,181.823730,-82.153320,41.748047
4681,0.276855,0.765137,-0.557129,170.471191,-83.190918,39.794922
4682,0.295898,0.745605,-0.589844,166.198730,-80.261230,43.518066
4683,0.294922,0.679199,-0.612305,166.381836,-76.110840,54.321289
4684,0.301270,0.583496,-0.683594,166.931152,-72.204590,53.894043
4685,0.316406,0.571777,-0.740723,157.531738,-63.537598,47.302246
4686,0.259766,0.534668,-0.776855,119.567871,-40.283203,33.813477
4687,0.232910,0.500000,-0.777832,92.468262,-26.916504,19.165039
4688,0.223633,0.468750,-0.867676,66.589355,-10.864258,5.187988
4689,0.250488,0.521484,-0.925293,61.767578,4.882812,-2.868652
4690,0.298828,0.617676,-0.778320,99.365234,-6.652832,12.145996
4691,0.308594,0.637695,-0.751953,124.511719,-25.451660,23.010254
4692,0.299805,0.548340,-0.746582,128.356934,-50.048828,33.813477
4693,0.292480,0.525879,-0.768066,112.915039,-50.476074,31.860352
4694,0.271484,0.460938,-0.808594,92.834473,-45.593262,27.343750
4695,0.260742,0.387695,-0.891602,75.195312,-34.912109,22.338867
4696,0.242676,0.369629,-0.882324,84.411621,-23.620605,23.437500
4697,0.250000,0.388672,-0.862305,98.815918,-29.113770,25.207520
4698,0.263672,0.384766,-0.836426,108.337402,-36.865234,28.137207
4699,0.242676,0.348145,-0.789551,108.154297,-45.654297,27.648926
4700,0.230957,0.301270,-0.813965,101.135254,-45.593262,26.672363
4701,0.225098,0.274414,-0.863770,95.397949,-38.635254,28.991699
4702,0.159668,0.240234,-0.874512,99.975586,-37.658691,26.367188
4703,0.153320,0.226074,-0.880859,103.759766,-38.757324,23.254395
4704,0.166992,0.225586,-0.928711,105.285645,-39.550781,22.338867
4705,0.193848,0.225586,-0.960938,99.121094,-37.292480,25.085449
4706,0.188965,0.206543,-0.942871,90.637207,-36.132812,25.939941
4707,0.166016,0.135254,-0.902832,70.617676,-37.536621,23.071289
4708,0.161133,0.103516,-0.905273,59.265137,-39.550781,20.385742
4709,0.167480,0.039551,-0.997070,46.997070,-36.743164,17.395020
4710,0.154297,0.042480,-1.008789,45.227051,-30.700684,14.221191
4711,0.151855,0.056152,-1.005859,44.250488,-25.207520,11.108398
4712,0.160645,0.077148,-0.989746,41.442871,-21.423340,9.704590
4713,0.155273,0.086914,-0.998535,31.677246,-19.836426,7.629395
4714,0.162109,0.099609,-0.998047,29.418945,-20.568848,7.324219
4715,0.162109,0.104492,-0.993164,26.672363,-22.155762,8.666992
4716,0.155273,0.057129,-1.042480,23.010254,-21.423340,12.207031
4717,0.132324,0.004883,-1.066895,21.179199,-17.761230,10.986328
4718,0.108398,-0.021973,-1.054688,22.216797,-14.404297,7.385254
4719,0.094727,-0.012207,-1.020020,20.751953,-12.145996,3.967285
4720,0.090332,0.023926,-0.971191,14.099121,-9.765625,-0.244141
4721,0.091797,0.027832,-0.955078,9.216309,-8.666992,-1.281738
4722,0.099121,0.036621,-0.971680,4.272461,-6.347656,-1.647949
4723,0.100098,0.055664,-0.955078,1.281738,-2.990723,0.305176
4724,0.109863,0.036133,-0.970703,-1.647949,-2.502441,0.793457
4725,0.112793,0.024902,-0.984863,-9.704590,1.098633,-0.732422
4726,0.105957,0.040527,-0.983398,-20.935059,6.530762,-4.211426
4727,0.070801,-0.010742,-0.998047,-45.166016,17.883301,-14.099121
4728,0.094238,0.001465,-1.071777,-44.311523,23.559570,-20.141602
4729,0.131348,0.060059,-1.041504,-26.062012,22.766113,-15.563965
4730,0.126953,0.118164,-0.910645,14.709473,-3.173828,0.488281
4731,0.150391,0.136230,-0.892578,23.376465,-17.761230,7.080078
4732,0.154785,0.110840,-0.934570,15.441895,-23.559570,12.695312
4733,0.143555,0.062500,-0.963379,0.427246,-16.662598,10.131836
4734,0.113281,0.001465,-1.026855,-17.089844,-4.882812,3.540039
4735,0.110840,-0.001465,-1.062500,-26.245117,8.483887,-4.577637
4736,0.099121,0.009766,-1.049316,-25.024414,22.155762,-9.277344
4737,0.099609,0.048828,-1.011230,-15.075684,21.850586,-8.361816
4738,0.102051,0.080566,-0.933105,-5.615234,16.052246,-5.065918
4739,0.133301,0.142578,-0.880859,-3.601074,0.793457,3.540039
4740,0.149902,0.144043,-0.913086,-15.808105,0.732422,6.530762
4741,0.172363,0.098633,-1.016113,-38.330078,11.352539,3.051758
4742,0.183594,0.070801,-1.046875,-100.830078,50.476074,-19.409180
4743,0.131348,0.034180,-1.007324,-141.296387,67.810059,-35.827637
4744,0.101562,0.041504,-1.000000,-180.664062,84.899902,-56.884766
4745,0.129883,0.127930,-0.964844,-208.496094,99.243164,-72.631836
4746,0.184570,0.261230,-0.860840,-228.637695,106.872559,-77.819824
4747,0.195801,0.296387,-0.879395,-228.027344,103.332520,-75.561523
4748,0.247070,0.376953,-0.943848,-229.187012,102.111816,-75.012207
4749,0.281738,0.459961,-0.950195,-234.497070,105.346680,-72.570801
4750,0.291992,0.503906,-0.944824,-236.877441,108.337402,-68.420410
4751,0.307617,0.565918,-0.927734,-231.323242,110.107422,-63.903809
4752,0.341797,0.691406,-0.847168,-218.994141,106.811523,-53.405762
4753,0.364746,0.716797,-0.712402,-202.026367,87.646484,-26.123047
4754,0.368164,0.717285,-0.716797,-204.223633,83.679199,-18.798828
4755,0.361816,0.698730,-0.726562,-216.491699,87.829590,-13.854980
4756,0.338379,0.692871,-0.701660,-268.066406,100.769043,-23.742676
4757,0.320312,0.688965,-0.717285,-289.184570,108.642578,-41.687012
4758,0.353027,0.694824,-0.700684,-301.147461,118.408203,-59.448242
4759,0.397949,0.703613,-0.674316,-304.138184,128.662109,-69.763184
4760,0.477051,0.839844,-0.540527,-306.091309,158.630371,-58.654785
4761,0.465820,0.920410,-0.338379,-315.246582,168.212891,-43.640137
4762,0.402832,0.946289,-0.146484,-330.871582,161.926270,-28.442383
4763,0.334473,0.922363,-0.032227,-341.430664,126.892090,-22.460938
4764,0.341309,0.892578,-0.085449,-312.805176,126.586914,-28.076172
4765,0.364746,0.912598,-0.067383,-273.925781,138.488770,-30.151367
4766,0.406250,1.028809,0.022461,-232.604980,136.474609,-8.911133
4767,0.403320,1.107422,0.073242,-216.796875,121.276855,9.948730
4768,0.372070,1.070312,0.130371,-201.660156,107.849121,23.559570
4769,0.332031,0.956543,0.194336,-188.110352,100.219727,26.184082
4770,0.246582,0.764648,0.391602,-175.537109,94.177246,20.446777
4771,0.208496,0.711914,0.460449,-172.485352,83.740234,14.953613
4772,0.203125,0.721191,0.467285,-169.738770,72.204590,7.019043
4773,0.274414,0.788086,0.422852,-165.283203,60.791016,-7.507324
4774,0.352539,0.926758,0.413574,-162.475586,59.814453,-2.075195
4775,0.390625,1.025879,0.412109,-159.729004,59.936523,12.145996
4776,0.345215,0.940918,0.496094,-156.616211,61.096191,34.484863
4777,0.295898,0.810547,0.515137,-163.757324,65.307617,31.616211
4778,0.259277,0.696289,0.515625,-174.072266,73.242188,21.911621
4779,0.231445,0.570801,0.502930,-195.495605,94.116211,-6.286621
4780,0.255859,0.565918,0.529297,-194.213867,102.233887,-16.540527
4781,0.277832,0.599609,0.604492,-182.373047,101.806641,-17.883301
4782,0.284668,0.738770,0.770508,-138.549805,71.472168,3.051758
4783,0.282715,0.802246,0.838379,-128.784180,51.330566,17.272949
4784,0.259277,0.733398,0.811035,-135.925293,43.334961,24.780273
4785,0.234375,0.622070,0.778809,-148.071289,46.386719,21.484375
4786,0.200195,0.474609,0.742676,-160.522461,54.870605,5.920410
4787,0.206055,0.424805,0.748047,-153.869629,55.603027,-0.244141
4788,0.210938,0.395996,0.778320,-127.929688,53.649902,-3.112793
4789,0.187988,0.418457,0.861816,-111.633301,47.851562,-2.075195
4790,0.174805,0.445801,0.939453,-98.754883,36.132812,-0.671387
4791,0.207520,0.521484,0.923340,-93.933105,17.822266,6.408691
4792,0.210449,0.470215,0.865234,-94.909668,17.761230,11.535645
4793,0.190918,0.395020,0.809082,-97.229004,22.277832,12.268066
4794,0.142578,0.229004,0.760742,-108.642578,42.968750,-0.732422
4795,0.155762,0.195312,0.773926,-114.685059,55.725098,-8.666992
4796,0.134766,0.176270,0.775391,-115.600586,66.040039,-14.526367
4797,0.078125,0.210938,0.920410,-97.045898,69.396973,-22.827148
4798,0.078613,0.285156,0.998047,-86.242676,60.424805,-21.301270
4799,0.090820,0.344727,1.028809,-75.805664,49.438477,-13.488770
4800,0.102539,0.354980,1.040527,-54.016113,27.770996,7.019043
4801,0.090820,0.205078,0.980469,-42.114258,19.897461,11.230469
4802,0.088867,0.136719,0.939453,-30.090332,15.502930,12.084961
4803,0.081055,0.075684,0.916016,-4.821777,13.000488,6.469727
4804,0.080566,0.074219,0.920898,7.568359,11.535645,2.624512
4805,0.072266,0.090332,0.936523,21.057129,10.131836,-0.549316
4806,0.045898,0.225586,1.064453,50.659180,-5.249023,0.732422
4807,0.052734,0.295410,1.097656,59.204102,-17.517090,5.859375
4808,0.060059,0.318848,1.094238,64.086914,-28.503418,11.657715
4809,0.065918,0.249023,1.016113,63.476562,-40.588379,17.333984
4810,0.066895,0.215820,0.975098,60.791016,-39.855957,13.732910
4811,0.072266,0.191406,0.934570,60.607910,-38.879395,7.812500
4812,0.102539,0.217773,0.890625,68.847656,-37.780762,-2.441406
4813,0.113281,0.241211,0.858398,70.129395,-35.278320,-6.347656
4814,0.119629,0.321777,0.850586,70.617676,-30.151367,-9.582520
4815,0.141113,0.426758,0.892090,69.580078,-26.123047,-7.873535
4816,0.154297,0.442871,0.895508,54.931641,-17.700195,-1.403809
4817,0.149414,0.408203,0.871094,45.654297,-9.399414,-1.953125
4818,0.142578,0.370117,0.863770,38.696289,0.427246,-3.356934
4819,0.129883,0.276367,0.840332,51.086426,5.615234,-5.493164
4820,0.108398,0.234375,0.821289,72.692871,0.305176,-9.887695
4821,0.099609,0.293945,0.854004,98.449707,-8.850098,-14.404297
4822,0.153320,0.629883,1.037598,129.028320,-39.245605,0.793457
4823,0.138184,0.655273,1.099609,126.892090,-54.138184,10.925293
4824,0.124023,0.615723,1.089355,112.182617,-65.246582,13.183594
4825,0.159668,0.500977,0.901855,75.927734,-62.500000,4.821777
4826,0.181152,0.453613,0.825684,67.260742,-55.541992,0.976562
4827,0.206543,0.424316,0.766113,70.678711,-50.720215,-2.319336
4828,0.243652,0.462891,0.683105,120.239258,-57.006836,-2.563477
4829,0.254883,0.525879,0.686035,159.240723,-68.481445,0.488281
4830,0.271973,0.625488,0.737305,193.420410,-85.205078,7.934570
4831,0.251953,0.734863,0.802246,219.299316,-114.562988,21.118164
4832,0.239746,0.783691,0.809082,210.327148,-123.962402,21.301270
4833,0.253906,0.792969,0.744629,192.138672,-127.441406,18.676758
4834,0.291016,0.767578,0.635742,172.241211,-123.046875,15.075684
4835,0.303223,0.653320,0.443359,142.578125,-99.426270,4.760742
4836,0.309570,0.619141,0.360352,140.625000,-86.608887,-2.075195
4837,0.319824,0.598145,0.288086,150.207520,-75.988770,-7.568359
4838,0.304199,0.664062,0.311523,181.030273,-68.176270,-18.310547
4839,0.343262,0.832520,0.358887,194.030762,-73.791504,-16.418457
4840,0.390137,1.006348,0.419434,203.918457,-84.899902,-3.417969
4841,0.390625,1.066895,0.443848,198.120117,-106.140137,26.672363
4842,0.390625,1.018066,0.400879,180.969238,-107.238770,30.883789
4843,0.395508,0.887695,0.261230,140.075684,-91.979980,28.503418
4844,0.389160,0.804688,0.183105,133.483887,-84.716797,25.390625
4845,0.355469,0.687500,0.124023,144.836426,-84.289551,19.714355
4846,0.329102,0.618652,0.095215,171.325684,-92.163086,10.253906
4847,0.430664,0.878418,0.036133,235.046387,-121.765137,6.713867
4848,0.473145,0.979980,-0.002930,256.896973,-135.009766,15.136719
4849,0.500977,1.038086,-0.062500,265.869141,-142.578125,23.132324
4850,0.508789,1.039551,-0.181152,226.989746,-125.915527,34.301758
4851,0.495605,1.000977,-0.236328,187.316895,-104.980469,35.888672
4852,0.479004,0.923340,-0.270020,147.705078,-83.435059,34.545898
4853,0.454590,0.810547,-0.326660,95.336914,-50.598145,23.315430
4854,0.462891,0.821777,-0.386719,87.402344,-40.283203,17.395020
4855,0.461914,0.791016,-0.401855,82.763672,-33.569336,10.742188
4856,0.441895,0.775879,-0.434082,65.917969,-23.681641,-4.150391
4857,0.438965,0.801758,-0.472168,63.476562,-17.395020,-6.958008
4858,0.460938,0.863770,-0.454590,74.707031,-14.038086,-2.502441
4859,0.507324,0.944824,-0.233887,124.877930,-43.273926,29.602051
4860,0.493652,0.925781,-0.309082,146.484375,-81.909180,55.114746
4861,0.475586,0.872559,-0.361816,132.507324,-83.740234,59.509277
4862,0.436035,0.804688,-0.376953,108.459473,-77.880859,57.861328
4863,0.374023,0.625977,-0.441406,61.645508,-67.199707,41.320801
4864,0.353516,0.541016,-0.528320,55.786133,-65.063477,28.625488
4865,0.353516,0.522949,-0.618164,60.913086,-62.866211,15.258789
4866,0.387207,0.589844,-0.695312,80.505371,-52.246094,4.089355
4867,0.464844,0.737305,-0.661133,87.951660,-48.645020,8.605957
4868,0.450195,0.733887,-0.613281,89.599609,-47.424316,13.305664
4869,0.416992,0.687500,-0.544922,82.763672,-49.987793,17.150879
4870,0.412598,0.640625,-0.588867,71.411133,-48.461914,15.991211
4871,0.416016,0.613770,-0.661621,59.753418,-41.992188,14.160156
4872,0.425781,0.600098,-0.743164,55.969238,-24.780273,15.258789
4873,0.415039,0.585938,-0.776367,65.673828,-20.080566,16.174316
4874,0.406738,0.587402,-0.748535,76.110840,-20.324707,16.418457
4875,0.408203,0.609375,-0.683594,77.819824,-25.756836,17.944336
4876,0.392090,0.586914,-0.658203,67.810059,-26.367188,15.319824
4877,0.386230,0.561523,-0.655273,54.260254,-26.184082,9.887695
4878,0.401367,0.501953,-0.772461,29.235840,-20.202637,0.244141
4879,0.403809,0.482910,-0.831543,23.437500,-10.437012,-2.563477
4880,0.400879,0.503906,-0.832520,23.132324,-0.061035,-5.737305
4881,0.415039,0.582031,-0.799316,26.794434,6.225586,-6.164551
4882,0.443359,0.684082,-0.766113,34.362793,0.122070,9.033203
4883,0.446777,0.659180,-0.766113,37.963867,-5.493164,19.348145
4884,0.416504,0.594727,-0.733887,39.001465,-10.192871,26.733398
4885,0.350098,0.462891,-0.676758,33.081055,-17.456055,24.841309
4886,0.346191,0.421875,-0.677246,28.930664,-21.972656,19.226074
4887,0.345703,0.395508,-0.694824,25.634766,-26.245117,13.305664
4888,0.351562,0.400391,-0.732910,16.723633,-24.108887,0.061035
4889,0.387695,0.469238,-0.848633,10.131836,-15.075684,-3.845215
4890,0.400879,0.508301,-0.887695,7.141113,-2.807617,-4.760742
4891,0.389648,0.549805,-0.775391,3.356934,7.629395,-0.976562
4892,0.399414,0.559570,-0.782715,2.258301,5.737305,3.479004
4893,0.383789,0.486816,-0.783691,2.197266,4.638672,7.324219
4894,0.342773,0.423828,-0.759277,-1.159668,3.356934,4.638672
4895,0.335938,0.431152,-0.701660,-10.681152,-5.737305,-6.774902
4896,0.343750,0.435059,-0.710449,-19.409180,-7.934570,-11.230469
4897,0.354492,0.459473,-0.751953,-25.756836,-6.103516,-14.465332
4898,0.397949,0.504395,-0.873047,-8.239746,-1.342773,-8.361816
4899,0.410645,0.515137,-0.846680,3.173828,-1.159668,-4.089355
4900,0.398438,0.535645,-0.799805,9.582520,-2.868652,-0.122070
4901,0.383789,0.536133,-0.703125,9.155273,-6.774902,2.441406
4902,0.375488,0.524414,-0.678223,1.403809,-7.263184,1.403809
4903,0.365723,0.522461,-0.663086,-9.277344,-6.896973,-0.976562
4904,0.373535,0.501953,-0.721680,-18.798828,-7.324219,-2.075195
4905,0.364746,0.493652,-0.790039,-20.629883,-4.882812,-4.638672
4906,0.368652,0.496094,-0.857910,-22.521973,2.868652,-6.896973
4907,0.364746,0.504883,-0.839844,-16.357422,17.517090,-2.990723
4908,0.351562,0.486816,-0.768555,-2.990723,14.160156,1.098633
4909,0.336426,0.480957,-0.696777,10.437012,4.699707,3.112793
4910,0.345215,0.501465,-0.641602,23.132324,-17.822266,5.676270
4911,0.348145,0.486816,-0.665039,20.935059,-23.986816,5.554199
4912,0.348633,0.468750,-0.695312,16.052246,-26.184082,4.089355
4913,0.358398,0.466797,-0.807129,5.004883,-21.362305,0.061035
4914,0.368652,0.460938,-0.861328,2.197266,-14.465332,-1.220703
4915,0.377930,0.455566,-0.925781,-1.708984,6.713867,-3.906250
4916,0.380371,0.479980,-0.863281,-0.244141,13.000488,-1.953125
4917,0.368164,0.489746,-0.786621,4.455566,11.596680,-0.793457
4918,0.373047,0.505859,-0.731445,8.850098,4.028320,-0.610352
4919,0.375488,0.529785,-0.762695,11.169434,-11.230469,-0.244141
4920,0.376465,0.532715,-0.801270,10.498047,-14.221191,-0.244141
4921,0.382324,0.553711,-0.828125,11.718750,-15.502930,1.037598
4922,0.367676,0.551758,-0.851562,16.540527,-17.639160,2.502441
4923,0.382812,0.570312,-0.877441,16.540527,-18.127441,2.014160
4924,0.406738,0.564453,-0.913086,12.268066,-15.014648,4.455566
4925,0.376953,0.481934,-0.913086,-10.192871,3.906250,5.554199
4926,0.349609,0.453125,-0.861816,-19.897461,13.305664,2.075195
4927,0.334473,0.445801,-0.807129,-27.404785,17.517090,-2.624512
4928,0.333496,0.441406,-0.779785,-38.085938,14.648438,-10.925293
4929,0.349609,0.460449,-0.807617,-39.245605,14.465332,-13.488770
4930,0.378418,0.492676,-0.850098,-37.292480,17.211914,-14.404297
4931,0.405762,0.517090,-0.872070,-36.621094,23.742676,-13.793945
4932,0.395508,0.510742,-0.802734,-47.363281,37.658691,-13.366699
4933,0.375977,0.501465,-0.752930,-52.185059,41.015625,-14.221191
4934,0.361328,0.490723,-0.711426,-55.175781,41.137695,-15.686035
4935,0.361816,0.518066,-0.678711,-59.387207,35.583496,-21.057129
4936,0.376465,0.537109,-0.683105,-60.913086,34.240723,-22.399902
4937,0.377441,0.518555,-0.692383,-61.828613,35.217285,-23.254395
4938,0.365723,0.491211,-0.700195,-65.856934,39.184570,-26.306152
4939,0.355469,0.552734,-0.629883,-63.781738,46.386719,-30.334473
4940,0.350098,0.570801,-0.606445,-52.917480,38.330078,-28.442383
4941,0.354004,0.583984,-0.611328,-39.672852,28.564453,-25.268555
4942,0.372070,0.638184,-0.634766,-19.165039,17.639160,-17.822266
4943,0.378906,0.653320,-0.610840,-11.108398,14.099121,-14.404297
4944,0.378418,0.658203,-0.596680,-2.990723,8.789062,-11.169434
4945,0.361328,0.666992,-0.594727,4.089355,2.807617,-8.605957
4946,0.346191,0.691895,-0.620117,8.300781,-4.272461,-6.469727
4947,0.365234,0.691895,-0.656738,9.094238,-5.187988,-4.882812
4948,0.370117,0.686523,-0.688477,13.122559,-5.493164,-3.295898
4949,0.379883,0.686523,-0.687988,22.827148,-11.657715,-3.662109
4950,0.394531,0.690918,-0.695312,21.423340,-12.329102,-3.601074
4951,0.404297,0.704590,-0.692871,14.648438,-8.544922,-4.028320
4952,0.405762,0.694336,-0.625977,-7.324219,0.366211,-5.920410
4953,0.398926,0.673828,-0.595215,-17.822266,2.563477,-8.911133
4954,0.391602,0.666504,-0.592285,-26.184082,3.662109,-12.817383
4955,0.415039,0.712402,-0.682617,-37.231445,12.145996,-17.333984
4956,0.418945,0.726562,-0.714844,-43.212891,20.507812,-17.578125
4957,0.425781,0.727539,-0.703613,-48.156738,28.747559,-17.517090
4958,0.393555,0.683105,-0.622070,-47.485352,33.569336,-14.038086
4959,0.371582,0.655762,-0.601074,-41.809082,30.944824,-13.183594
4960,0.374023,0.652832,-0.569824,-30.761719,25.878906,-11.047363
4961,0.375488,0.643555,-0.507324,1.647949,6.408691,-1.403809
4962,0.370605,0.660156,-0.510254,17.150879,-4.577637,2.258301
4963,0.389160,0.709473,-0.553711,29.846191,-11.901855,5.737305
4964,0.387695,0.709961,-0.591797,36.560059,-14.221191,12.268066
4965,0.361328,0.697266,-0.610352,32.775879,-12.573242,12.329102
4966,0.351562,0.688477,-0.627930,27.832031,-10.009766,10.803223
4967,0.360840,0.662109,-0.635742,16.479492,-4.760742,6.774902
4968,0.368652,0.655762,-0.649902,12.329102,-2.563477,5.065918
4969,0.370117,0.647949,-0.663086,9.887695,0.000000,3.479004
4970,0.372070,0.641113,-0.669922,8.300781,2.624512,1.770020
4971,0.370605,0.654297,-0.660645,5.493164,6.408691,-0.549316
4972,0.367676,0.667969,-0.649414,5.126953,6.835938,-1.037598
4973,0.383789,0.686523,-0.658203,10.131836,3.601074,2.441406
4974,0.388184,0.665039,-0.686035,15.991211,0.488281,7.629395
4975,0.388184,0.621094,-0.732422,27.404785,-3.295898,12.817383
4976,0.383301,0.575684,-0.764160,62.622070,-11.291504,20.629883
4977,0.371582,0.512207,-0.812988,88.012695,-16.113281,23.742676
4978,0.359375,0.506836,-0.783691,109.436035,-21.179199,24.780273
4979,0.359375,0.524414,-0.761719,121.215820,-25.756836,22.338867
4980,0.382812,0.586914,-0.725098,111.938477,-27.526855,14.160156
4981,0.407227,0.601562,-0.714355,96.313477,-24.536133,10.803223
4982,0.415039,0.559570,-0.715332,57.006836,-12.817383,4.211426
4983,0.423340,0.540039,-0.714844,41.809082,-5.310059,0.671387
4984,0.447754,0.520508,-0.729004,34.179688,0.427246,-0.732422
4985,0.431152,0.427246,-0.750977,37.475586,8.789062,-2.563477
4986,0.413086,0.428223,-0.717773,41.137695,12.268066,-5.859375
4987,0.401855,0.447754,-0.663574,44.006348,11.901855,-7.995605
4988,0.391602,0.483887,-0.612793,49.377441,-2.075195,-8.300781
4989,0.416504,0.530762,-0.652832,52.429199,-9.643555,-5.187988
4990,0.450684,0.560547,-0.716309,59.387207,-14.831543,2.685547
4991,0.470215,0.559570,-0.762695,70.922852,-18.371582,10.803223
4992,0.454590,0.519531,-0.762695,92.529297,-26.489258,23.803711
4993,0.431641,0.471680,-0.768066,105.712891,-32.775879,28.137207
4994,0.398438,0.415039,-0.760742,117.797852,-39.428711,28.808594
4995,0.370605,0.393555,-0.789551,121.520996,-44.311523,18.737793
4996,0.380371,0.416504,-0.825195,115.722656,-41.992188,14.709473
4997,0.382324,0.418945,-0.839844,99.060059,-36.804199,14.221191
4998,0.348145,0.391113,-0.854492,86.547852,-34.179688,13.061523
4999,0.340332,0.358887,-0.877441,71.960449,-29.907227,10.864258
5000,0.352539,0.338379,-0.928223,60.791016,-23.315430,10.375977
5001,0.365723,0.344727,-0.928223,58.593750,-16.662598,13.183594
5002,0.342285,0.305176,-0.837402,62.866211,-21.423340,19.714355
5003,0.332031,0.267090,-0.851562,59.204102,-26.306152,18.798828
5004,0.319824,0.223633,-0.900391,37.597656,-23.498535,10.192871
5005,0.341309,0.234375,-0.923828,27.343750,-17.150879,8.300781
5006,0.350586,0.232910,-0.910156,19.836426,-10.803223,9.277344
5007,0.351562,0.201172,-0.903809,12.268066,-6.225586,12.451172
5008,0.336426,0.152832,-0.916016,19.409180,-8.239746,14.709473
5009,0.333496,0.135254,-0.902344,26.855469,-10.498047,16.052246
5010,0.311035,0.122559,-0.883301,29.785156,-12.268066,15.075684
5011,0.302246,0.133301,-0.871094,27.709961,-13.061523,12.634277
5012,0.314941,0.180176,-0.883301,17.944336,-11.901855,11.840820
5013,0.309570,0.169434,-0.882812,13.244629,-11.718750,12.390137
5014,0.278809,0.159180,-0.898438,-8.422852,-9.582520,10.498047
5015,0.279297,0.143066,-0.964844,-16.174316,-5.310059,8.972168
5016,0.290039,0.138184,-0.985840,-14.160156,-1.464844,7.934570
5017,0.288086,0.139160,-0.966309,-6.591797,-2.014160,9.216309
5018,0.260254,0.128418,-0.928711,9.094238,-9.948730,6.591797
5019,0.265625,0.152344,-0.899902,5.798340,-9.582520,3.234863
5020,0.272461,0.183105,-0.864258,-6.713867,-6.530762,-1.098633
5021,0.304688,0.233887,-0.842285,-49.621582,2.990723,-11.779785
5022,0.310059,0.248535,-0.863281,-82.336426,13.061523,-19.226074
5023,0.311523,0.254395,-0.897949,-118.286133,27.343750,-28.747559
5024,0.310547,0.251953,-0.900391,-178.649902,55.908203,-46.203613
5025,0.303223,0.258789,-0.888672,-199.951172,65.856934,-54.687500
5026,0.300293,0.267090,-0.878906,-214.111328,72.509766,-62.377930
5027,0.315430,0.294434,-0.882324,-220.336914,76.721191,-67.565918
5028,0.356445,0.406250,-0.849121,-212.036133,78.247070,-69.763184
5029,0.376953,0.479004,-0.827148,-200.927734,75.134277,-66.040039
5030,0.395020,0.537109,-0.800293,-186.645508,69.458008,-60.180664
5031,0.434082,0.666016,-0.768066,-151.000977,52.795410,-41.381836
5032,0.441406,0.689453,-0.742188,-131.225586,43.212891,-28.564453
5033,0.441406,0.678223,-0.739258,-113.159180,33.203125,-17.822266
5034,0.437500,0.653320,-0.742676,-95.275879,23.925781,-8.911133
5035,0.413086,0.614258,-0.760742,-80.322266,17.944336,-4.394531
5036,0.389160,0.582520,-0.778320,-62.988281,17.822266,-6.591797
5037,0.390137,0.572754,-0.767090,-57.861328,20.874023,-9.338379
5038,0.388672,0.629395,-0.656250,-51.757812,25.939941,-13.671875
5039,0.377441,0.642090,-0.594727,-54.077148,25.085449,-15.380859
5040,0.375977,0.688965,-0.520508,-61.523438,23.681641,-18.066406
5041,0.371094,0.740723,-0.440430,-83.190918,21.728516,-20.751953
5042,0.351074,0.747070,-0.534668,-176.269531,42.053223,-47.241211
5043,0.377930,0.787109,-0.583984,-223.999023,64.819336,-58.593750
5044,0.378418,0.783203,-0.598633,-256.530762,85.388184,-65.368652
5045,0.393066,0.784180,-0.539551,-255.432129,98.632812,-63.842773
5046,0.378906,0.771484,-0.488281,-228.332520,93.933105,-55.725098
5047,0.369141,0.766113,-0.413086,-191.894531,83.190918,-46.997070
5048,0.361816,0.772461,-0.357910,-152.465820,67.749023,-37.780762
5049,0.340820,0.779297,-0.188477,-86.059570,26.916504,-27.709961
5050,0.325684,0.785156,-0.190918,-76.843262,13.061523,-31.372070
5051,0.325684,0.817871,-0.189941,-84.777832,8.850098,-38.513184
5052,0.374023,0.928711,-0.278809,-135.375977,29.907227,-55.541992
5053,0.409668,0.990234,-0.297852,-163.024902,48.706055,-59.631348
5054,0.435547,1.018066,-0.284668,-184.570312,67.321777,-59.936523
5055,0.448242,1.020996,-0.255371,-198.791504,83.374023,-57.617188
5056,0.403320,0.983398,-0.153809,-206.726074,107.666016,-46.264648
5057,0.359863,0.952148,-0.069336,-198.608398,110.717773,-41.503906
5058,0.327148,0.940430,0.036133,-184.692383,105.651855,-37.353516
5059,0.291016,1.013672,0.239746,-155.578613,78.369141,-26.672363
5060,0.284668,1.031250,0.317871,-150.756836,62.988281,-20.507812
5061,0.261719,0.988281,0.332520,-154.541016,51.696777,-17.822266
5062,0.245117,0.926270,0.229980,-171.386719,53.588867,-24.658203
5063,0.262207,0.910645,0.213867,-180.541992,65.063477,-26.367188
5064,0.255859,0.901367,0.224121,-188.232422,78.125000,-24.963379
5065,0.216797,0.898438,0.296875,-188.964844,86.486816,-23.254395
5066,0.193359,0.986328,0.558594,-179.931641,77.209473,-8.972168
5067,0.226562,1.081543,0.753418,-183.288574,61.584473,7.751465
5068,0.230957,1.083496,0.874023,-199.768066,41.809082,24.658203
5069,0.162109,0.866211,0.750488,-257.202148,31.005859,11.718750
5070,0.147949,0.875977,0.715332,-305.236816,25.817871,1.159668
5071,0.146973,0.741699,0.540039,-333.251953,28.503418,-10.070801
5072,0.196777,0.629883,0.406738,-330.139160,53.466797,-29.357910
5073,0.241699,0.661621,0.658203,-263.610840,98.449707,-48.217773
5074,0.210938,0.720703,0.867676,-235.412598,78.308105,-33.020020
5075,0.184082,0.752930,1.007324,-209.960938,42.663574,-10.925293
5076,0.183594,0.727051,1.006836,-175.231934,-44.677734,40.405273
5077,0.189453,0.613770,0.896484,-169.128418,-69.580078,51.147461
5078,0.171875,0.511230,0.723145,-177.307129,-72.509766,46.325684
5079,0.234863,0.400879,0.455078,-179.199219,-19.287109,4.821777
5080,0.324219,0.439941,0.505859,-182.250977,25.634766,-11.596680
5081,0.378906,0.494629,0.660645,-186.340332,61.462402,-11.108398
5082,0.355469,0.473633,0.812012,-185.241699,77.087402,0.427246
5083,0.203613,0.359863,1.001465,-180.541992,66.284180,15.625000
5084,0.142578,0.306152,0.982910,-188.842773,57.128906,16.845703
5085,0.031250,0.155762,0.916504,-213.439941,60.363770,4.394531
5086,0.010254,0.107422,0.907227,-218.078613,66.284180,-9.948730
5087,0.029785,0.085449,0.923340,-210.327148,67.321777,-21.606445
5088,0.064453,0.066895,0.919922,-177.673340,53.283691,-25.207520
5089,0.139648,0.051270,0.933105,-154.541016,41.748047,-17.944336
5090,0.160645,0.027344,0.961426,-132.446289,29.846191,-6.896973
5091,0.156738,-0.004395,0.952637,-114.990234,20.751953,2.441406
5092,0.103027,-0.104492,0.868652,-93.383789,17.517090,5.493164
5093,0.095215,-0.140137,0.836914,-80.932617,18.432617,2.746582
5094,0.092285,-0.149902,0.822266,-63.476562,17.028809,1.647949
5095,0.109863,-0.177246,0.782715,-10.192871,11.596680,7.873535
5096,0.100586,-0.170898,0.808105,20.263672,6.347656,12.207031
5097,0.070801,-0.134277,0.855469,47.973633,-1.708984,15.869141
5098,0.028809,-0.061523,0.982422,90.454102,-21.118164,19.531250
5099,0.044922,-0.012207,1.071777,105.773926,-35.827637,24.902344
5100,0.049316,0.018555,1.101074,119.323730,-52.734375,32.226562
5101,0.047852,-0.002441,0.965820,139.648438,-76.538086,36.926270
5102,0.065918,-0.011230,0.884766,150.939941,-77.026367,35.583496
5103,0.103027,0.014160,0.871582,157.409668,-70.739746,34.240723
5104,0.149902,0.072266,0.898926,159.118652,-61.279297,33.874512
5105,0.180664,0.137207,0.983398,151.000977,-45.471191,31.066895
5106,0.136230,0.165527,1.018066,127.319336,-34.240723,24.291992
5107,0.082520,0.180176,1.016113,98.632812,-19.226074,12.268066
5108,0.085449,0.225098,1.038086,57.312012,4.943848,-10.070801
5109,0.117188,0.247559,1.063965,48.583984,5.920410,-12.817383
5110,0.148438,0.267090,1.062988,47.668457,-0.244141,-10.192871
5111,0.167969,0.290527,1.054688,60.302734,-20.812988,0.122070
5112,0.169434,0.285645,1.034668,68.420410,-31.860352,2.441406
5113,0.172852,0.277344,0.995117,74.951172,-40.161133,3.112793
5114,0.187500,0.270508,0.937988,81.542969,-44.494629,3.356934
5115,0.224609,0.281738,0.871582,93.994141,-39.245605,9.826660
5116,0.213379,0.273438,0.887695,99.975586,-34.240723,12.817383
5117,0.205078,0.369629,0.970703,118.347168,-44.128418,12.207031
5118,0.254395,0.467285,1.011230,130.187988,-59.265137,19.165039
5119,0.275391,0.485352,0.997070,137.145996,-74.462891,28.503418
5120,0.275879,0.473145,0.939453,139.221191,-83.862305,33.020020
5121,0.266113,0.459473,0.841797,136.535645,-80.200195,27.770996
5122,0.271484,0.457520,0.829590,132.873535,-75.256348,21.606445
5123,0.293457,0.466797,0.821289,128.173828,-76.232910,8.972168
5124,0.322266,0.502441,0.784180,130.493164,-80.017090,4.455566
5125,0.348633,0.548828,0.754395,135.253906,-82.153320,1.831055
5126,0.399414,0.676758,0.769043,136.596680,-84.167480,5.432129
5127,0.413574,0.736816,0.737305,127.624512,-81.298828,9.582520
5128,0.451660,0.811523,0.673828,120.422363,-75.439453,15.991211
5129,0.465332,0.797852,0.647949,119.873047,-70.190430,25.146484
5130,0.465332,0.696289,0.687988,157.348633,-86.853027,43.029785
5131,0.446777,0.630859,0.693848,188.110352,-112.365723,50.537109
5132,0.425781,0.577148,0.641113,214.233398,-140.747070,51.818848
5133,0.455566,0.636230,0.437012,248.474121,-173.461914,37.841797
5134,0.497559,0.766602,0.411133,247.436523,-173.583984,34.301758
5135,0.531738,0.808594,0.385742,228.393555,-165.527344,34.851074
5136,0.655273,0.824219,0.198242,165.405273,-130.310059,36.315918
5137,0.622559,0.743652,0.109375,140.747070,-106.872559,34.729004
5138,0.551758,0.685547,0.059082,122.680664,-84.594727,28.808594
5139,0.452148,0.576172,0.069336,111.999512,-60.668945,15.258789
5140,0.439941,0.550293,0.099121,115.478516,-58.776855,7.080078
5141,0.456543,0.549316,0.131348,124.755859,-62.988281,-0.244141
5142,0.483887,0.570312,0.148926,138.671875,-72.021484,-5.737305
5143,0.559570,0.706543,0.046387,163.696289,-89.843750,-13.977051
5144,0.627930,0.796387,-0.039551,178.710938,-94.421387,-12.390137
5145,0.669922,0.834961,-0.111328,197.021484,-97.045898,-7.385254
5146,0.666992,0.813477,-0.205566,214.721680,-95.703125,-3.540039
5147,0.662109,0.793457,-0.235840,230.895996,-69.763184,-19.409180
5148,0.673828,0.824707,-0.220215,223.327637,-55.847168,-23.864746
5149,0.641602,0.832520,-0.228027,209.350586,-43.151855,-26.428223
5150,0.555664,0.813477,-0.292480,180.908203,-23.071289,-34.667969
5151,0.571289,0.864258,-0.302734,167.053223,-17.761230,-32.592773
5152,0.574707,0.874512,-0.296387,152.526855,-16.784668,-21.179199
5153,0.585449,0.851562,-0.270020,140.075684,-22.033691,-8.605957
5154,0.623047,0.814941,-0.291504,148.620605,-49.865723,11.901855
5155,0.616699,0.837891,-0.330078,175.292969,-66.650391,22.705078
5156,0.566406,0.870605,-0.390625,207.763672,-80.200195,34.973145
5157,0.468750,0.798828,-0.415039,247.985840,-96.252441,41.931152
5158,0.512695,0.763184,-0.430176,236.877441,-103.637695,44.799805
5159,0.520020,0.703613,-0.454590,207.702637,-109.191895,50.598145
5160,0.439453,0.528809,-0.563477,147.094727,-111.389160,44.311523
5161,0.426270,0.491699,-0.646484,131.530762,-104.064941,31.433105
5162,0.450195,0.495117,-0.730957,128.417969,-92.224121,20.812988
5163,0.505859,0.488281,-0.844727,147.644043,-66.345215,17.883301
5164,0.513672,0.476074,-0.820312,156.188965,-58.532715,22.460938
5165,0.501465,0.454102,-0.775879,155.700684,-56.213379,28.198242
5166,0.453125,0.418945,-0.738770,143.798828,-64.453125,29.907227
5167,0.448242,0.404297,-0.743164,140.502930,-69.824219,28.503418
5168,0.451172,0.378418,-0.782715,140.258789,-72.937012,27.221680
5169,0.457031,0.374023,-0.748535,142.150879,-76.049805,27.770996
5170,0.447754,0.383301,-0.739258,141.479492,-81.604004,29.785156
5171,0.485352,0.405762,-0.848145,131.286621,-84.411621,41.015625
5172,0.472656,0.339355,-0.885742,116.760254,-79.528809,44.372559
5173,0.405762,0.191406,-0.963867,96.374512,-63.232422,35.461426
5174,0.375000,0.175781,-0.929688,98.754883,-58.837891,31.433105
5175,0.346680,0.164551,-0.895996,101.440430,-59.387207,30.395508
5176,0.349609,0.168457,-0.852539,97.534180,-65.734863,33.447266
5177,0.344727,0.172852,-0.868164,87.097168,-67.199707,33.813477
5178,0.338379,0.170898,-0.913086,77.758789,-65.063477,33.569336
5179,0.339844,0.129395,-1.005371,73.486328,-50.964355,31.799316
5180,0.348145,0.123535,-1.001953,79.284668,-44.189453,33.935547
5181,0.347168,0.068848,-1.012695,83.679199,-40.466309,37.719727
5182,0.314941,0.030762,-1.039551,68.786621,-32.531738,42.785645
5183,0.295410,0.000000,-1.040039,53.771973,-23.620605,40.161133
5184,0.274414,-0.029785,-1.000977,38.024902,-13.916016,32.287598
5185,0.228027,-0.056152,-0.937500,16.052246,-2.319336,13.427734
5186,0.239258,-0.049316,-0.947266,19.836426,-1.831055,10.986328
5187,0.228027,-0.038574,-0.914551,37.963867,-7.446289,16.540527
5188,0.208984,-0.025391,-0.867676,71.350098,-32.958984,30.334473
5189,0.223145,-0.039062,-0.873047,78.063965,-46.386719,35.156250
5190,0.227051,-0.067871,-0.888184,78.430176,-56.823730,37.170410
5191,0.224121,-0.070801,-0.903809,73.730469,-63.354492,37.963867
5192,0.204590,-0.105957,-0.981934,62.377930,-62.255859,39.611816
5193,0.190430,-0.123047,-1.009766,62.988281,-55.541992,39.733887
5194,0.170898,-0.144531,-1.019043,62.377930,-45.532227,37.597656
5195,0.160156,-0.205078,-0.986816,52.856445,-29.357910,29.052734
5196,0.150879,-0.208496,-0.968262,43.090820,-25.268555,24.169922
5197,0.140137,-0.218750,-0.969238,32.165527,-21.667480,17.822266
5198,0.166504,-0.181641,-0.985840,11.474609,-11.169434,7.629395
5199,0.180664,-0.170410,-0.984863,5.676270,-7.080078,7.507324
5200,0.172363,-0.179199,-0.999023,5.432129,-5.310059,10.375977
5201,0.112793,-0.257324,-0.971680,4.516602,-5.676270,11.535645
5202,0.109375,-0.254883,-0.966309,4.394531,-6.042480,7.690430
5203,0.108887,-0.254883,-0.951660,1.281738,-4.638672,4.150391
5204,0.104980,-0.245117,-0.931152,-4.943848,-2.014160,-0.122070
5205,0.127441,-0.242188,-0.961914,-31.066895,6.347656,-11.962891
5206,0.136719,-0.236816,-1.014648,-46.020508,15.502930,-19.958496
5207,0.164551,-0.208984,-1.039551,-55.908203,25.512695,-27.587891
5208,0.183105,-0.141113,-0.975098,-57.678223,32.897949,-27.526855
5209,0.176758,-0.122559,-0.943359,-53.649902,29.663086,-24.291992
5210,0.180176,-0.110840,-0.922363,-49.560547,25.085449,-20.751953
5211,0.180176,-0.095215,-0.934082,-56.213379,22.888184,-19.958496
5212,0.181641,-0.100098,-0.964844,-66.894531,27.221680,-24.169922
5213,0.187012,-0.094727,-1.001953,-78.186035,33.874512,-30.578613
5214,0.259277,-0.022949,-1.047363,-87.402344,43.029785,-34.179688
5215,0.284180,0.017090,-1.089844,-79.040527,48.583984,-26.428223
5216,0.290039,0.033203,-1.095215,-61.889648,53.283691,-16.174316
5217,0.280762,0.015625,-1.060547,-39.428711,52.124023,-6.347656
5218,0.215332,-0.026367,-0.872070,-8.789062,27.648926,2.319336
5219,0.196289,-0.027832,-0.825684,-8.544922,11.901855,0.244141
5220,0.218262,-0.041992,-0.828125,-30.578613,-3.479004,-10.681152
5221,0.233887,-0.043457,-0.878906,-50.537109,1.403809,-17.578125
5222,0.250488,-0.028320,-0.974609,-69.763184,15.563965,-26.855469
5223,0.256348,-0.029297,-1.008789,-88.745117,35.827637,-37.170410
5224,0.256836,0.002441,-0.964355,-120.727539,71.166992,-58.349609
5225,0.275391,0.048340,-0.921875,-126.403809,80.566406,-62.744141
5226,0.283691,0.092285,-0.891113,-124.206543,83.435059,-62.316895
5227,0.306152,0.166504,-0.849609,-103.881836,71.289062,-52.368164
5228,0.319336,0.195312,-0.815430,-92.468262,58.410645,-45.471191
5229,0.326172,0.188965,-0.803711,-88.745117,44.555664,-41.076660
5230,0.368652,0.214355,-0.859863,-96.191406,28.869629,-44.128418
5231,0.378418,0.235352,-0.878906,-99.731445,29.235840,-47.790527
5232,0.374023,0.284668,-0.905762,-103.576660,34.606934,-49.499512
5233,0.393555,0.288574,-0.945801,-106.628418,43.701172,-49.255371
5234,0.428711,0.329102,-0.979004,-109.558105,64.453125,-47.302246
5235,0.412598,0.341797,-0.959473,-106.750488,71.289062,-47.607422
5236,0.385254,0.385254,-0.840820,-107.604980,71.350098,-51.757812
5237,0.383789,0.410156,-0.814941,-110.656738,66.467285,-53.894043
5238,0.388672,0.438477,-0.796875,-114.257812,61.340332,-55.419922
5239,0.431152,0.479004,-0.780762,-118.774414,56.152344,-58.044434
5240,0.439453,0.527344,-0.784668,-118.774414,59.753418,-57.434082
5241,0.439453,0.578125,-0.782227,-120.849609,67.932129,-53.833008
5242,0.454590,0.621094,-0.745605,-128.112793,86.853027,-48.828125
5243,0.467773,0.630371,-0.709473,-128.662109,91.064453,-46.997070
5244,0.472168,0.619629,-0.677246,-126.708984,88.439941,-44.250488
5245,0.439941,0.579102,-0.633789,-116.943359,70.678711,-39.550781
5246,0.417969,0.573730,-0.614746,-110.168457,60.852051,-40.222168
5247,0.413086,0.581543,-0.603516,-102.905273,52.612305,-41.870117
5248,0.425781,0.601562,-0.616699,-96.008301,47.607422,-42.785645
5249,0.453125,0.651367,-0.613770,-85.144043,52.490234,-40.588379
5250,0.444824,0.663574,-0.562500,-83.496094,56.884766,-41.564941
5251,0.429199,0.696777,-0.439941,-84.228516,57.312012,-44.616699
5252,0.428711,0.706055,-0.386719,-86.608887,53.100586,-44.067383
5253,0.432617,0.732910,-0.333496,-87.890625,46.264648,-41.992188
5254,0.430664,0.734375,-0.283691,-88.684082,37.536621,-39.672852
5255,0.402832,0.728027,-0.369629,-106.445312,37.963867,-48.950195
5256,0.431641,0.750488,-0.433105,-122.497559,52.734375,-57.739258
5257,0.464844,0.788086,-0.452637,-156.799316,92.712402,-73.608398
5258,0.455078,0.828125,-0.398926,-168.212891,107.910156,-78.857422
5259,0.443359,0.865723,-0.310547,-176.147461,116.088867,-80.261230
5260,0.434570,0.897949,-0.234863,-182.373047,117.736816,-79.467773
5261,0.419922,0.956055,-0.079102,-189.147949,104.248047,-71.166992
5262,0.403809,0.971680,-0.015137,-189.819336,91.003418,-65.612793
5263,0.386719,0.973633,0.032227,-189.392090,75.805664,-60.485840
5264,0.357422,0.949219,0.069336,-183.593750,45.654297,-53.955078
5265,0.361816,0.939941,0.061035,-180.603027,35.156250,-52.124023
5266,0.361816,0.945312,0.063965,-174.560547,23.559570,-44.494629
5267,0.350586,0.957520,0.044434,-166.137695,23.254395,-39.123535
5268,0.357910,0.943848,0.001465,-147.338867,31.738281,-33.386230
5269,0.360840,0.912109,0.014648,-120.849609,47.241211,-28.320312
5270,0.342773,0.904785,0.095703,-98.876953,61.889648,-25.329590
5271,0.284668,0.959961,0.284668,-94.909668,65.856934,-24.169922
5272,0.261719,0.971680,0.316895,-109.008789,59.875488,-27.099609
5273,0.272949,0.942383,0.309570,-133.178711,52.185059,-33.508301
5274,0.282715,0.910156,0.291504,-134.887695,53.466797,-35.156250
5275,0.290039,0.877930,0.292480,-130.676270,57.067871,-35.400391
5276,0.272461,0.866699,0.342285,-113.830566,60.729980,-31.738281
5277,0.247559,0.862305,0.394043,-103.271484,56.335449,-29.418945
5278,0.226562,0.860840,0.433105,-92.956543,48.034668,-27.954102
5279,0.215332,0.862305,0.458496,-83.129883,38.330078,-26.672363
5280,0.195801,0.845703,0.498047,-70.190430,20.202637,-24.536133
5281,0.195312,0.857422,0.464355,-68.481445,15.625000,-26.000977
5282,0.222168,0.876953,0.426270,-68.969727,16.845703,-26.489258
5283,0.232422,0.861328,0.424316,-70.678711,27.160645,-24.658203
5284,0.215332,0.846191,0.442383,-69.519043,31.005859,-24.536133
5285,0.197266,0.834473,0.474121,-66.406250,32.287598,-24.597168
5286,0.188965,0.836914,0.501465,-61.035156,30.212402,-24.047852
5287,0.199219,0.860352,0.548340,-55.969238,23.315430,-18.432617
5288,0.187988,0.857422,0.548340,-59.936523,24.230957,-16.601562
5289,0.163086,0.810547,0.562012,-72.692871,33.508301,-20.751953
5290,0.144043,0.795898,0.578613,-76.782227,37.414551,-24.719238
5291,0.129395,0.788574,0.596191,-77.636719,37.658691,-27.954102
5292,0.123047,0.783691,0.607422,-75.256348,34.851074,-29.541016
5293,0.140137,0.809570,0.596191,-61.889648,26.184082,-26.672363
5294,0.149414,0.817383,0.590820,-54.687500,23.132324,-22.338867
5295,0.141602,0.811035,0.593750,-48.889160,21.850586,-18.371582
5296,0.104492,0.781738,0.646484,-40.039062,24.780273,-13.305664
5297,0.082520,0.759277,0.710449,-36.071777,26.489258,-12.390137
5298,0.056152,0.753906,0.786133,-31.616211,23.132324,-12.023926
5299,0.024414,0.764648,0.864258,-24.536133,-0.732422,-11.169434
5300,0.045898,0.783691,0.839844,-21.057129,-17.089844,-8.728027
5301,0.074707,0.780273,0.786621,-20.080566,-31.311035,-4.455566
5302,0.093262,0.745117,0.695312,-22.583008,-38.391113,-1.831055
5303,0.113770,0.685547,0.557129,-27.770996,-26.733398,-5.676270
5304,0.118652,0.677734,0.541016,-29.418945,-15.014648,-8.972168
5305,0.115723,0.693848,0.589355,-26.916504,1.037598,-12.207031
5306,0.118652,0.714844,0.630371,-25.329590,4.028320,-10.498047
5307,0.106445,0.723145,0.666016,-26.123047,5.981445,-8.850098
5308,0.078613,0.714844,0.695801,-35.705566,11.901855,-12.878418
5309,0.076660,0.708984,0.702637,-42.297363,15.625000,-15.869141
5310,0.076660,0.699219,0.701660,-47.241211,18.066406,-17.822266
5311,0.065918,0.666016,0.696777,-47.058105,18.432617,-19.714355
5312,0.069336,0.669434,0.692871,-42.419434,15.747070,-20.812988
5313,0.076172,0.682617,0.680664,-35.888672,12.145996,-20.507812
5314,0.086426,0.699707,0.676758,-26.184082,7.812500,-18.127441
5315,0.091309,0.709473,0.685059,-0.793457,-3.601074,-8.666992
5316,0.090332,0.718262,0.703613,10.681152,-9.826660,-3.906250
5317,0.088379,0.734375,0.716797,18.188477,-15.319824,0.976562
5318,0.085449,0.736816,0.710449,21.362305,-17.883301,4.943848
5319,0.069824,0.717773,0.716797,22.155762,-15.136719,4.638672
5320,0.069336,0.715820,0.722656,22.094727,-14.526367,3.417969
5321,0.069336,0.706543,0.727539,26.306152,-17.761230,2.868652
5322,0.094727,0.736328,0.707520,30.090332,-20.385742,4.333496
5323,0.117676,0.765625,0.681152,34.545898,-22.521973,8.056641
5324,0.131348,0.757324,0.660156,40.344238,-23.925781,12.329102
5325,0.127441,0.736816,0.644531,48.339844,-25.268555,15.686035
5326,0.102051,0.730469,0.653809,68.847656,-31.005859,19.348145
5327,0.109863,0.744141,0.679199,80.017090,-37.902832,21.911621
5328,0.116211,0.742676,0.686035,91.552734,-47.302246,25.085449
5329,0.126465,0.758301,0.663086,112.426758,-63.293457,30.334473
5330,0.128906,0.764648,0.651855,119.201660,-69.396973,32.287598
5331,0.134766,0.769531,0.634766,124.511719,-75.134277,32.958984
5332,0.150391,0.789551,0.605957,138.183594,-87.402344,32.714844
5333,0.166016,0.804199,0.572266,146.911621,-95.520020,33.020020
5334,0.207031,0.843262,0.502930,159.729004,-104.553223,35.827637
5335,0.261719,0.864746,0.407227,175.292969,-111.572266,41.198730
5336,0.286133,0.820312,0.256348,193.481445,-107.421875,44.250488
5337,0.265625,0.812012,0.229492,193.542480,-95.642090,37.902832
5338,0.224609,0.887695,0.342285,172.607422,-69.641113,20.446777
5339,0.227539,0.928223,0.403809,155.639648,-63.171387,15.014648
5340,0.249023,0.960938,0.417480,140.625000,-64.086914,12.878418
5341,0.338867,1.031250,0.281738,139.831543,-84.411621,23.437500
5342,0.367188,1.019043,0.154297,156.982422,-97.351074,34.057617
5343,0.359375,0.968262,0.044434,180.419922,-105.468750,41.687012
5344,0.335449,0.915039,-0.040527,201.721191,-107.360840,41.503906
5345,0.348145,0.929199,-0.112305,228.820801,-97.106934,36.499023
5346,0.375488,0.958496,-0.069824,238.586426,-96.557617,39.428711
5347,0.382324,0.957520,-0.062500,251.953125,-102.478027,46.203613
5348,0.372070,0.950684,-0.101562,289.184570,-116.394043,56.518555
5349,0.395996,0.928711,-0.147461,308.471680,-119.934082,56.823730
5350,0.413574,0.944336,-0.202148,320.800781,-119.140625,57.434082
5351,0.372559,0.903809,-0.327637,318.481445,-108.581543,65.673828
5352,0.339355,0.826660,-0.383301,309.082031,-103.332520,66.955566
5353,0.298340,0.650879,-0.500977,289.306641,-100.463867,59.936523
5354,0.312988,0.610840,-0.556152,280.944824,-102.416992,58.532715
5355,0.327637,0.629883,-0.568359,269.836426,-106.384277,64.147949
5356,0.335938,0.658203,-0.579590,257.507324,-113.525391,77.148438
5357,0.358398,0.591797,-0.612793,236.206055,-129.211426,95.214844
5358,0.366211,0.543945,-0.653809,233.032227,-133.117676,94.299316
5359,0.355469,0.488281,-0.681641,230.773926,-132.995605,88.256836
5360,0.295898,0.356934,-0.847168,225.891113,-122.192383,73.669434
5361,0.276367,0.274902,-0.949219,233.947754,-113.342285,70.312500
5362,0.273926,0.203125,-0.928223,260.314941,-104.553223,69.946289
5363,0.275879,0.224609,-0.886719,259.094238,-108.398438,75.744629
5364,0.246582,0.247070,-0.851074,243.408203,-116.149902,84.350586
5365,0.197266,0.166992,-0.844727,185.241699,-131.225586,93.078613
5366,0.175781,0.087402,-0.889648,149.841309,-131.591797,84.472656
5367,0.059570,-0.108398,-0.996582,114.379883,-122.070312,62.500000
5368,0.202637,0.064453,-1.151367,87.036133,-101.013184,44.677734
5369,0.181152,-0.038574,-1.211426,86.791992,-55.969238,41.748047
5370,0.147949,-0.044922,-1.194824,99.731445,-41.870117,40.893555
5371,0.089355,-0.073730,-1.093750,108.886719,-37.170410,41.442871
5372,0.060547,-0.089844,-1.021973,109.008789,-40.588379,39.367676
5373,0.056641,-0.112793,-0.957031,84.594727,-56.213379,29.785156
5374,0.065430,-0.133301,-1.005371,62.744141,-57.067871,22.705078
5375,0.083984,-0.145996,-1.071777,42.785645,-47.790527,15.197754
5376,0.067383,-0.182617,-1.150391,16.235352,-9.521484,3.784180
5377,0.040039,-0.225586,-1.134766,11.718750,6.774902,-1.892090
5378,0.057129,-0.198730,-1.064453,14.404297,11.962891,-4.943848
5379,0.015137,-0.167480,-0.945312,25.756836,-0.488281,-1.892090
5380,0.006836,-0.141602,-0.915527,29.418945,-6.958008,-1.586914
5381,0.003418,-0.104004,-0.902344,29.113770,-10.070801,1.159668
5382,0.031250,-0.084473,-0.885254,24.597168,-16.174316,6.469727
5383,0.034668,-0.116211,-0.912598,21.118164,-18.249512,7.446289
5384,0.029297,-0.166992,-0.961426,17.761230,-18.066406,6.164551
5385,0.057617,-0.161133,-1.021973,27.099609,-12.451172,5.126953
5386,0.046387,-0.171387,-0.966797,33.142090,-11.169434,6.652832
5387,0.029785,-0.174316,-0.921387,31.921387,-11.962891,7.141113
5388,0.027832,-0.157227,-0.901855,27.282715,-13.854980,6.469727
5389,0.030762,-0.134277,-0.883301,15.563965,-13.305664,3.479004
5390,0.038086,-0.125000,-0.878906,3.540039,-9.399414,1.708984
5391,0.026367,-0.136230,-0.896973,-12.329102,-4.211426,-0.610352
5392,0.007324,-0.241211,-1.007812,-31.738281,6.958008,-15.136719
5393,0.016113,-0.228027,-1.031250,-23.010254,7.568359,-18.066406
5394,0.026855,-0.170898,-1.018555,-3.479004,3.356934,-14.160156
5395,0.034180,-0.083496,-0.911621,31.494141,-17.395020,4.638672
5396,0.041016,-0.080078,-0.905273,33.874512,-25.634766,11.718750
5397,0.056152,-0.102539,-0.930664,29.479980,-27.343750,15.319824
5398,0.047363,-0.128418,-0.949707,20.324707,-22.766113,15.075684
5399,0.020996,-0.189941,-0.945801,-10.253906,-9.033203,7.934570
5400,0.000488,-0.212402,-0.957520,-27.160645,-4.516602,0.915527
5401,-0.007812,-0.237305,-1.005859,-38.696289,0.244141,-6.958008
5402,0.027344,-0.193359,-1.059082,-27.343750,7.446289,-11.596680
5403,0.024902,-0.166504,-1.020020,-12.756348,5.126953,-6.774902
5404,0.020508,-0.134766,-0.970215,0.244141,-1.037598,-0.183105
5405,0.011230,-0.112793,-0.920410,6.591797,-8.361816,6.774902
5406,0.008789,-0.147949,-0.915527,1.892090,-15.441895,10.803223
5407,0.012695,-0.175293,-0.929688,-6.469727,-12.878418,9.704590
5408,-0.019043,-0.246582,-1.032227,-29.235840,0.183105,-1.037598
5409,0.000000,-0.240723,-1.075684,-29.785156,7.507324,-8.178711
5410,0.015137,-0.197266,-1.067383,-23.010254,11.535645,-9.704590
5411,0.007324,-0.145996,-0.991211,-4.943848,7.690430,-2.990723
5412,-0.011230,-0.134766,-0.958008,-0.366211,2.502441,0.549316
5413,-0.023438,-0.131348,-0.932129,0.061035,-2.807617,1.892090
5414,-0.009766,-0.132812,-0.937012,-8.300781,-9.155273,1.464844
5415,-0.017090,-0.153809,-0.972168,-12.390137,-9.094238,1.037598
5416,-0.023926,-0.183105,-1.026855,-11.596680,-7.690430,-1.770020
5417,0.017090,-0.162598,-1.063965,8.178711,-7.507324,1.770020
5418,0.017090,-0.148438,-1.058105,16.784668,-9.704590,6.286621
5419,0.013672,-0.142090,-1.040527,20.935059,-10.864258,8.056641
5420,0.014160,-0.139648,-1.020508,18.554688,-9.582520,7.019043
5421,0.015625,-0.139160,-0.986816,-1.220703,-0.976562,2.014160
5422,0.006348,-0.140625,-0.979492,-13.793945,4.516602,-1.525879
5423,-0.013184,-0.157715,-0.981445,-25.268555,9.887695,-5.859375
5424,-0.001953,-0.175781,-1.032227,-32.165527,17.089844,-13.977051
5425,0.020996,-0.146484,-1.085938,-25.695801,19.775391,-12.512207
5426,0.033203,-0.128418,-1.095703,-16.784668,23.620605,-9.094238
5427,0.046875,-0.093750,-1.012207,-14.526367,32.470703,-4.638672
5428,0.053223,-0.060547,-0.962891,-27.282715,36.926270,-3.845215
5429,0.061523,-0.031250,-0.950684,-52.978516,46.325684,-4.333496
5430,0.145996,-0.059082,-1.126953,-145.324707,108.215332,-14.099121
5431,0.187012,-0.094238,-1.259277,-210.754395,166.381836,-28.320312
5432,0.156250,-0.228027,-1.276367,-342.102051,309.631348,-66.772461
5433,0.288086,0.005371,-1.440918,-387.084961,368.835449,-95.275879
5434,0.371582,0.132812,-1.398438,-401.733398,423.950195,-108.703613
5435,0.284668,0.066895,-0.664551,-437.500000,452.453613,-154.479980
5436,0.316406,0.285156,-0.588867,-460.205078,427.856445,-172.302246
5437,0.322754,0.421875,-0.527832,-473.815918,396.545410,-182.800293
5438,0.385742,0.480469,-0.463867,-492.797852,364.990234,-193.115234
5439,0.624512,0.600098,-0.507812,-529.052734,331.237793,-202.270508
5440,0.655273,0.672852,-0.527832,-540.039062,338.134766,-188.598633
5441,0.615234,0.737305,-0.462891,-539.672852,351.440430,-170.532227
5442,0.524902,0.841309,-0.082520,-497.863770,342.285156,-129.394531
5443,0.479492,0.837402,0.052246,-476.501465,320.129395,-110.473633
5444,0.457031,0.879395,0.181641,-463.439941,293.945312,-92.895508
5445,0.446289,0.887695,0.338379,-454.650879,261.474609,-71.472168
5446,0.268555,0.688477,0.499023,-430.114746,190.063477,-36.193848
5447,0.189941,0.603516,0.526855,-416.381836,159.301758,-28.198242
5448,0.017090,0.524902,0.595215,-381.164551,134.277344,-28.747559
5449,0.036621,0.531250,0.655273,-354.675293,129.272461,-30.700684
5450,0.120605,0.512695,0.696777,-325.012207,126.586914,-32.958984
5451,0.336914,0.512695,0.755859,-252.868652,122.253418,-38.513184
5452,0.419434,0.553711,0.833008,-210.632324,115.112305,-25.939941
5453,0.435547,0.640137,0.764648,-179.504395,107.543945,3.662109
5454,0.278809,0.414551,0.792969,-115.234375,73.913574,38.757324
5455,0.203125,0.337891,0.853027,-85.083008,51.574707,31.738281
5456,0.147949,0.325195,0.867676,-63.781738,33.264160,24.353027
5457,0.134277,0.311523,0.820801,-34.362793,18.005371,18.920898
5458,0.146973,0.293945,0.833984,-28.991699,22.521973,14.465332
5459,0.157227,0.291504,0.826172,-28.381348,33.569336,6.225586
5460,0.162109,0.315430,0.855469,-32.104492,49.194336,-1.892090
5461,0.170410,0.356445,0.939941,-38.818359,69.091797,-5.737305
5462,0.100586,0.329590,1.009766,-39.794922,70.678711,-6.591797
5463,0.068359,0.338867,1.041992,-43.212891,66.711426,-7.385254
5464,0.054199,0.312988,1.002441,-56.701660,62.683105,-14.709473
5465,0.080566,0.316406,0.997070,-60.119629,63.476562,-18.920898
5466,0.112305,0.333984,1.005859,-60.424805,63.293457,-18.615723
5467,0.122559,0.329590,1.025879,-58.349609,60.974121,-15.014648
5468,0.110352,0.307129,1.034668,-55.358887,55.786133,-11.047363
5469,0.054688,0.253418,1.001465,-49.377441,47.180176,-6.958008
5470,0.038086,0.237305,1.000488,-48.034668,45.959473,-6.958008
5471,0.026855,0.210938,0.999023,-48.034668,45.959473,-7.385254
5472,0.032227,0.212891,0.999512,-47.851562,46.569824,-10.681152
5473,0.044434,0.227051,1.004883,-47.912598,49.194336,-9.948730
5474,0.032715,0.213379,1.012207,-47.668457,50.842285,-9.338379
5475,0.004395,0.186523,1.017578,-46.203613,50.598145,-11.596680
5476,-0.056152,0.166016,1.024414,-41.076660,44.250488,-21.423340
5477,-0.068848,0.155273,1.017090,-36.987305,38.024902,-26.855469
5478,-0.059570,0.155762,1.005371,-31.372070,30.395508,-30.029297
5479,-0.012695,0.180176,1.007324,-17.089844,13.427734,-24.536133
5480,0.010742,0.204590,1.036133,-10.070801,5.615234,-15.380859
5481,0.011230,0.212891,1.085938,-3.356934,-4.150391,-2.929688
5482,-0.044922,0.186523,1.064941,8.300781,-26.123047,11.779785
5483,-0.072754,0.167969,1.020996,10.681152,-34.851074,11.352539
5484,-0.075684,0.158691,0.974609,12.268066,-39.184570,8.422852
5485,-0.050781,0.139648,0.903320,20.263672,-37.658691,0.976562
5486,-0.026367,0.133301,0.878418,29.968262,-35.034180,-2.624512
5487,0.070312,0.185059,0.794922,60.791016,-22.949219,-2.441406
5488,0.116699,0.216797,0.740723,79.162598,-7.873535,2.563477
5489,0.131348,0.247559,0.743164,90.942383,13.732910,7.324219
5490,0.089355,0.270020,0.765625,94.299316,37.353516,9.460449
5491,0.010254,0.276367,0.814453,93.933105,59.875488,5.920410
5492,-0.201172,0.135742,1.044922,84.716797,85.144043,-12.695312
5493,-0.184570,0.235352,0.979492,78.979492,82.275391,-30.761719
5494,-0.137207,0.335938,0.969727,75.561523,78.674316,-36.560059
5495,-0.087402,0.409180,0.975586,75.012207,72.143555,-32.104492
5496,-0.098145,0.439453,0.983887,79.711914,57.250977,-6.835938
5497,-0.149414,0.392578,1.010742,76.416016,46.508789,0.183105
5498,-0.174805,0.385742,1.049805,72.387695,31.433105,1.892090
5499,-0.147949,0.432129,1.013672,67.260742,-0.305176,5.737305
5500,-0.118652,0.474121,0.995117,65.002441,-10.559082,9.338379
5501,-0.100586,0.500488,0.943359,59.509277,-14.709473,11.657715
5502,-0.092285,0.459473,0.883301,38.146973,-2.502441,14.282227
5503,-0.081055,0.440430,0.892090,30.883789,5.615234,14.160156
5504,-0.091309,0.404297,0.909668,25.573730,9.826660,11.413574
5505,-0.109863,0.409668,0.876465,23.132324,8.972168,3.662109
5506,-0.115723,0.432129,0.864746,25.817871,8.056641,2.685547
5507,-0.120117,0.446777,0.883789,28.503418,6.713867,2.929688
5508,-0.129883,0.474121,0.943359,28.991699,-2.258301,2.014160
5509,-0.121094,0.508301,0.967773,25.756836,-9.826660,3.906250
5510,-0.114746,0.511230,0.985840,20.202637,-19.287109,9.155273
5511,-0.089355,0.482910,0.923340,23.071289,-33.020020,13.977051
5512,-0.078613,0.452637,0.788086,32.775879,-27.954102,11.535645
5513,-0.091797,0.474121,0.804688,36.499023,-18.005371,8.666992
5514,-0.141113,0.493652,0.876953,35.339355,-0.488281,-4.333496
5515,-0.132324,0.524902,0.893555,30.822754,2.441406,-9.399414
5516,-0.110352,0.553711,0.875000,26.794434,3.051758,-8.666992
5517,-0.106445,0.541992,0.872559,23.681641,-1.342773,0.793457
5518,-0.109863,0.494141,0.882812,25.451660,-6.469727,2.624512
5519,-0.111816,0.488281,0.895508,29.479980,-12.939453,1.464844
5520,-0.113281,0.559570,0.863281,36.254883,-25.268555,1.708984
5521,-0.084473,0.581543,0.827637,33.447266,-25.207520,1.220703
5522,-0.042480,0.593750,0.787109,24.475098,-16.845703,1.586914
5523,-0.030273,0.541504,0.743164,13.732910,15.991211,1.281738
5524,-0.050293,0.514160,0.764648,20.812988,29.418945,-2.868652
5525,-0.069336,0.517578,0.791992,40.344238,36.132812,-11.474609
5526,-0.079102,0.602539,0.832031,58.410645,39.672852,-16.235352
5527,-0.050293,0.679688,0.733887,75.073242,51.025391,1.647949
5528,-0.056152,0.671875,0.742676,74.829102,60.424805,16.662598
5529,-0.163574,0.614746,0.832520,74.829102,58.532715,31.066895
5530,-0.193848,0.601074,0.870605,76.782227,45.166016,28.869629
5531,-0.208984,0.609863,0.878418,76.843262,27.404785,23.681641
5532,-0.205566,0.653809,0.872070,74.462891,9.338379,19.165039
5533,-0.182129,0.685547,0.819336,58.837891,-16.601562,19.104004
5534,-0.150879,0.645996,0.773438,52.795410,-20.629883,16.296387
5535,-0.104004,0.618652,0.708984,47.973633,-15.686035,10.864258
5536,-0.044434,0.758789,0.573242,34.484863,21.789551,4.638672
5537,-0.035156,0.766602,0.591797,29.174805,38.696289,3.173828
5538,-0.077148,0.691895,0.695312,12.390137,42.968750,-6.958008
5539,-0.132324,0.687988,0.713867,1.831055,36.682129,-14.892578
5540,-0.202637,0.707520,0.720703,-6.958008,31.066895,-21.240234
5541,-0.287109,0.717773,0.762207,-21.789551,18.371582,-25.878906
5542,-0.289551,0.683594,0.795898,-27.038574,5.126953,-25.817871
5543,-0.268066,0.641602,0.815918,-29.052734,-12.023926,-25.817871
5544,-0.217285,0.637207,0.793945,-21.789551,-38.330078,-22.827148
5545,-0.075195,0.704102,0.624023,-11.779785,-33.752441,-13.793945
5546,-0.078125,0.703613,0.616211,0.549316,-24.963379,-4.699707
5547,-0.098633,0.695801,0.666992,25.390625,-16.540527,6.774902
5548,-0.123535,0.680176,0.708496,31.188965,-19.958496,9.216309
5549,-0.164062,0.682129,0.748535,35.400391,-28.564453,8.605957
5550,-0.255859,0.705566,0.826172,43.762207,-60.729980,-7.934570
5551,-0.256348,0.715820,0.837891,44.006348,-82.336426,-17.456055
5552,-0.158691,0.703125,0.749512,37.658691,-116.333008,-29.602051
5553,-0.100586,0.706055,0.667480,29.846191,-117.065430,-31.250000
5554,-0.057617,0.726562,0.600586,20.202637,-103.515625,-29.785156
5555,-0.048340,0.747070,0.565430,12.634277,-81.481934,-27.282715
5556,-0.041016,0.790527,0.600586,12.756348,-43.029785,-21.240234
5557,-0.053711,0.793945,0.640625,15.258789,-34.423828,-18.066406
5558,-0.076172,0.784180,0.671875,17.822266,-33.447266,-17.150879
5559,-0.068848,0.751953,0.752441,22.460938,-52.368164,-20.141602
5560,-0.013184,0.702637,0.823242,27.526855,-70.190430,-22.338867
5561,-0.014648,0.748535,0.748047,12.145996,-96.008301,-5.676270
5562,-0.059082,0.700684,0.663086,5.004883,-91.674805,0.976562
5563,-0.023438,0.724609,0.660156,12.634277,-83.435059,5.187988
5564,-0.039062,0.741699,0.698242,21.789551,-71.411133,8.911133
5565,-0.171875,0.713867,0.663086,23.803711,-43.029785,-23.376465
5566,-0.127441,0.787109,0.642090,31.982422,-30.944824,-47.912598
5567,-0.048340,0.881836,0.630859,43.029785,-22.277832,-60.485840
5568,0.053711,0.924805,0.633301,56.213379,-12.573242,-49.377441
5569,0.095215,0.841309,0.641602,48.645020,-9.948730,-29.663086
5570,0.063477,0.791992,0.630371,36.193848,-8.483887,-5.554199
5571,-0.097168,0.745117,0.656738,5.187988,-21.362305,42.968750
5572,-0.069336,0.726074,0.622559,7.507324,-29.052734,54.931641
5573,-0.026367,0.744629,0.589355,28.381348,-30.273438,60.119629
5574,-0.004395,0.784180,0.569336,55.175781,-26.733398,63.415527
5575,0.023926,0.841797,0.544434,74.829102,-20.935059,66.833496
5576,0.018066,0.837891,0.564941,81.848145,-14.587402,68.359375
5577,0.003418,0.799316,0.583984,78.247070,-19.897461,60.668945
5578,0.053223,0.744141,0.584473,68.054199,-34.729004,44.494629
5579,0.076660,0.715820,0.562500,60.180664,-38.269043,38.879395
5580,0.089355,0.734863,0.501465,53.588867,-37.902832,35.766602
5581,0.094238,0.782227,0.473633,42.663574,-33.081055,39.978027
5582,0.099609,0.787598,0.477051,39.916992,-31.127930,42.602539
5583,0.114746,0.790527,0.471680,40.710449,-28.137207,39.916992
5584,0.133301,0.812012,0.475098,44.372559,-24.475098,33.691406
5585,0.165039,0.884766,0.479004,48.217773,-23.254395,23.925781
5586,0.198242,0.917480,0.488770,45.776367,-25.329590,24.597168
5587,0.275879,0.962891,0.606934,40.222168,-34.240723,29.418945
5588,0.218262,0.906250,0.460938,42.419434,-66.955566,43.518066
5589,0.182129,0.850098,0.450195,43.273926,-73.059082,40.771484
5590,0.200684,0.851074,0.444336,41.442871,-75.500488,37.902832
5591,0.210449,0.904297,0.463379,34.912109,-80.505371,36.926270
5592,0.199219,0.907227,0.458984,25.695801,-82.153320,33.813477
5593,0.210449,0.893066,0.394531,6.530762,-77.453613,16.784668
5594,0.245605,0.887207,0.335938,0.671387,-71.289062,9.643555
5595,0.285645,0.883789,0.317383,-1.098633,-63.476562,6.774902
5596,0.312988,0.877930,0.298828,0.366211,-55.053711,8.056641
5597,0.320801,0.855469,0.280762,8.972168,-39.550781,15.686035
5598,0.312988,0.867188,0.276855,11.535645,-31.188965,19.470215
5599,0.305176,0.905273,0.284180,11.169434,-24.291992,23.620605
5600,0.294434,0.900391,0.310059,7.141113,-20.019531,26.611328
5601,0.280762,0.837891,0.379883,-12.023926,-21.179199,20.202637
5602,0.270020,0.813965,0.407715,-27.221680,-25.939941,12.329102
5603,0.275879,0.834961,0.404785,-60.302734,-39.245605,-7.751465
5604,0.307129,0.880371,0.377930,-68.176270,-45.349121,-13.916016
5605,0.316895,0.986328,0.358887,-71.716309,-49.377441,-12.390137
5606,0.325195,0.972168,0.321289,-72.265625,-51.147461,-2.685547
5607,0.338867,0.883789,0.376465,-82.702637,-50.659180,14.160156
5608,0.354004,0.879883,0.456055,-105.590820,-49.926758,18.432617
5609,0.250977,0.741699,0.583008,-187.194824,-59.082031,4.638672
5610,0.248047,0.734863,0.581055,-232.666016,-68.786621,-11.840820
5611,0.291504,0.794434,0.510254,-276.000977,-78.857422,-23.193359
5612,0.458984,0.810059,0.073242,-312.011719,-46.813965,-13.122559
5613,0.540039,0.805664,0.475586,-303.894043,20.629883,-1.586914
5614,0.532227,0.544922,0.267090,-174.011230,193.420410,-8.422852
5615,0.376953,0.491699,0.842773,-126.220703,197.265625,-13.854980
5616,0.248047,0.522949,1.145996,-118.041992,144.653320,-17.944336
5617,0.187012,0.568359,0.917969,-116.699219,65.063477,-7.202148
5618,0.214355,0.572266,0.835938,-77.453613,69.641113,3.051758
5619,0.202148,0.541504,0.958984,-30.517578,65.429688,10.925293
5620,0.167480,0.486816,1.060059,5.737305,37.353516,10.986328
5621,0.165527,0.515625,0.898926,67.932129,-21.728516,4.638672
5622,0.186523,0.542480,0.854980,92.773438,-32.897949,6.164551
5623,0.208496,0.571289,0.857910,104.492188,-37.719727,8.239746
5624,0.244141,0.593750,0.899902,105.407715,-42.602539,9.216309
5625,0.269043,0.629883,0.892090,100.036621,-59.875488,7.263184
5626,0.267578,0.675781,0.820801,93.750000,-66.223145,6.286621
5627,0.425781,0.871582,0.583984,99.243164,-62.988281,38.879395
5628,0.298828,0.711426,0.558594,103.149414,-55.908203,50.842285
5629,0.213379,0.604980,0.582031,92.224121,-42.480469,46.936035
5630,0.184570,0.559082,0.541016,68.176270,-22.460938,36.193848
5631,0.224609,0.533203,0.384766,46.813965,8.972168,12.390137
5632,0.247070,0.621094,0.440430,55.358887,30.639648,-4.211426
5633,0.407227,0.725098,0.750977,36.987305,32.592773,-19.592285
5634,0.471191,0.844238,0.726562,19.104004,23.620605,-19.409180
5635,0.442383,0.872070,0.590332,8.300781,26.977539,-12.329102
5636,0.423340,0.862305,0.536133,-20.874023,50.659180,2.014160
5637,0.147461,0.566406,0.575684,-45.104980,72.814941,-3.906250
5638,0.164062,0.632812,0.811523,-52.429199,57.067871,-15.380859
5639,0.261719,0.856934,0.915527,-64.453125,23.437500,-13.488770
5640,0.347656,0.899414,0.624023,-39.733887,-3.112793,19.897461
5641,0.347168,0.798828,0.639160,-18.676758,-0.366211,37.719727
5642,0.321289,0.687988,0.661621,0.793457,2.563477,40.710449
5643,0.277344,0.528809,0.641113,18.981934,-5.737305,33.752441
5644,0.264160,0.513672,0.751465,37.292480,-16.235352,27.221680
5645,0.263184,0.523926,0.792480,45.776367,-28.503418,19.897461
5646,0.259766,0.572266,0.770996,51.391602,-39.611816,12.084961
5647,0.323730,0.736816,0.716309,58.593750,-40.771484,6.774902
5648,0.298340,0.692383,0.719727,48.278809,-44.067383,12.817383
5649,0.299316,0.635254,0.646973,39.611816,-42.358398,10.864258
5650,0.391113,0.631836,0.547363,39.672852,-31.738281,-4.333496
5651,0.430664,0.697754,0.623535,36.865234,-30.700684,-5.554199
5652,0.351562,0.728027,0.659180,23.376465,-30.090332,-10.131836
5653,0.327637,0.836914,0.641113,-0.793457,-32.836914,2.014160
5654,0.326660,0.763184,0.604492,-1.770020,-32.958984,7.995605
5655,0.325195,0.661133,0.634277,-4.394531,-32.287598,4.394531
5656,0.321289,0.585938,0.645508,-13.977051,-34.240723,-7.202148
5657,0.350098,0.573730,0.562500,1.342773,-42.541504,-26.794434
5658,0.341309,0.623047,0.543945,18.188477,-45.837402,-30.700684
5659,0.354980,0.720703,0.527832,35.644531,-49.560547,-31.555176
5660,0.329590,0.777832,0.642090,67.321777,-62.438965,-24.230957
5661,0.353516,0.634766,0.659668,86.791992,-77.514648,-30.090332
5662,0.352539,0.572266,0.694336,104.553223,-91.674805,-40.405273
5663,0.358398,0.826660,0.590332,127.197266,-118.835449,-43.640137
5664,0.400391,0.978027,0.432617,127.197266,-119.934082,-29.602051
5665,0.425293,1.030762,0.283691,129.699707,-107.543945,-8.911133
5666,0.427246,0.895996,0.278809,125.915527,-54.687500,17.456055
5667,0.443359,0.815430,0.293945,126.342773,-30.517578,12.207031
5668,0.493652,0.883789,0.212891,130.004883,-10.192871,5.493164
5669,0.561035,1.039551,0.055176,140.625000,13.916016,8.239746
5670,0.575684,1.062988,0.050781,155.822754,58.044434,30.090332
5671,0.473145,0.957031,0.169922,149.291992,67.260742,23.376465
5672,0.393555,0.860840,0.347656,134.704590,62.255859,0.915527
5673,0.376465,0.854004,0.568359,102.966309,40.893555,-19.409180
5674,0.452148,0.890137,0.805176,-10.498047,-55.297852,-6.774902
5675,0.326660,0.879395,0.682129,-41.381836,-115.417480,1.098633
5676,0.352051,0.874512,0.334961,-34.667969,-204.833984,14.099121
5677,0.325195,0.745605,0.246582,-13.305664,-225.830078,12.451172
5678,0.337891,0.706055,0.147461,8.483887,-235.473633,2.624512
5679,0.343750,0.797363,0.126953,25.939941,-241.027832,0.732422
5680,0.317871,0.824707,0.028320,54.504395,-240.051270,16.906738
5681,0.284180,0.818848,-0.020020,67.443848,-227.600098,22.094727
5682,0.354980,0.862793,-0.052734,75.622559,-207.458496,35.583496
5683,0.262207,0.667969,-0.177246,94.726562,-160.949707,40.222168
5684,0.267578,0.598633,-0.239746,103.393555,-139.160156,18.127441
5685,0.284668,0.606934,-0.253418,105.957031,-119.628906,-7.568359
5686,0.404297,0.753906,-0.235840,82.763672,-86.853027,-38.940430
5687,0.476562,0.832520,-0.286621,71.960449,-73.059082,-39.672852
5688,0.423340,0.847656,-0.252441,81.604004,-51.269531,-33.935547
5689,0.396973,0.875000,-0.196777,88.623047,-44.433594,-36.254883
5690,0.481445,1.069336,-0.091797,90.270996,-54.382324,-10.925293
5691,0.477051,1.009277,-0.138672,85.754395,-67.687988,24.291992
5692,0.442383,0.854492,-0.192871,82.336426,-78.308105,41.076660
5693,0.409180,0.731445,-0.238281,75.378418,-85.571289,36.193848
5694,0.370117,0.717285,-0.249023,69.458008,-106.018066,-7.568359
5695,0.400391,0.758301,-0.276855,56.945801,-110.046387,-29.724121
5696,0.424316,0.791016,-0.424805,60.791016,-110.900879,-39.733887
5697,0.385254,0.829590,-0.629883,127.868652,-117.248535,-52.978516
5698,0.336426,0.890625,-0.543945,143.371582,-118.469238,-54.626465
5699,0.280762,1.048340,-0.414062,126.281738,-123.718262,-31.250000
5700,0.244629,1.135254,-0.355469,81.665039,-126.037598,5.432129
5701,0.339844,0.999512,-0.493164,-17.395020,-95.153809,27.343750
5702,0.480957,0.893066,-0.558594,-25.878906,-69.763184,22.277832
5703,0.538574,0.778320,-0.641602,-1.342773,-46.508789,27.648926
5704,0.344727,0.589844,-0.682129,41.137695,-33.813477,18.920898
5705,0.270996,0.624023,-0.565918,91.674805,-46.325684,-19.836426
5706,0.302246,0.684082,-0.558105,88.623047,-58.349609,-32.531738
5707,0.313965,0.846680,-0.574219,65.063477,-69.641113,-42.907715
5708,0.245117,0.891602,-0.491211,48.400879,-73.669434,-38.269043
5709,0.167969,0.830078,-0.425293,25.878906,-77.148438,-23.681641
5710,0.129883,0.681152,-0.474609,14.770508,-75.561523,-15.075684
5711,0.207520,0.690918,-0.619141,24.291992,-75.378418,-21.301270
5712,0.248047,0.771973,-0.634766,29.968262,-79.162598,-21.057129
5713,0.213867,0.808105,-0.619141,20.385742,-86.547852,-17.272949
5714,0.163574,0.812988,-0.682129,-12.878418,-101.684570,-16.052246
5715,0.207520,0.821289,-0.719727,-14.465332,-104.736328,-11.413574
5716,0.209473,0.816895,-0.707031,-8.666992,-103.210449,4.577637
5717,0.089355,0.655762,-0.685547,11.413574,-79.650879,45.837402
5718,0.043945,0.593750,-0.685547,32.409668,-66.833496,44.738770
5719,-0.041992,0.538574,-0.616699,42.114258,-60.058594,21.301270
5720,0.123535,0.803711,-0.666016,28.320312,-61.279297,-19.165039
5721,0.129883,0.852051,-0.681152,11.352539,-66.284180,-21.911621
5722,0.079102,0.840820,-0.698242,-8.666992,-69.030762,-22.827148
5723,0.089355,0.843262,-0.833008,-29.541016,-59.448242,-16.052246
5724,0.079590,0.895996,-0.879395,-21.667480,-44.372559,3.173828
5725,0.054688,0.888672,-0.879883,-12.756348,-20.629883,26.184082
5726,0.105469,0.686035,-0.875488,-3.295898,38.024902,36.010742
5727,0.090820,0.560059,-0.826172,3.295898,62.500000,26.916504
5728,0.072266,0.572266,-0.743164,15.075684,78.430176,14.404297
5729,0.026367,0.711426,-0.599121,24.230957,79.284668,-0.122070
5730,-0.004395,0.725586,-0.583984,25.756836,65.673828,-5.676270
5731,0.036621,0.757324,-0.581055,23.864746,47.119141,-9.338379
5732,0.109863,0.729004,-0.588379,2.075195,14.831543,-10.009766
5733,0.080078,0.698242,-0.606934,-8.178711,4.394531,-15.869141
5734,0.146973,0.826172,-0.589844,-4.638672,-1.281738,-4.089355
5735,0.167480,0.855469,-0.535156,-4.455566,-0.183105,20.751953
5736,0.145020,0.610840,-0.589355,7.263184,4.821777,24.780273
5737,0.171387,0.586914,-0.554199,19.287109,2.746582,9.582520
5738,0.222656,0.756836,-0.556152,36.010742,-18.798828,-1.770020
5739,0.187500,0.771973,-0.546875,38.940430,-32.836914,1.586914
5740,0.169434,0.761719,-0.578613,36.926270,-44.006348,3.784180
5741,0.136719,0.707031,-0.641113,32.775879,-51.330566,1.403809
5742,0.133301,0.580566,-0.760742,29.968262,-55.847168,-19.592285
5743,0.118164,0.604492,-0.774414,32.592773,-52.612305,-27.282715
5744,0.071777,0.739746,-0.735840,35.705566,-46.203613,-20.446777
5745,0.055664,0.756836,-0.702148,24.841309,-28.076172,4.699707
5746,0.085449,0.658691,-0.738281,16.296387,-19.775391,1.281738
5747,0.115723,0.643066,-0.742676,12.207031,-13.854980,-5.126953
5748,0.020020,0.867188,-0.639648,-5.065918,-3.906250,-12.573242
5749,0.043457,0.969727,-0.599609,-12.145996,-2.319336,4.028320
5750,0.086914,0.906250,-0.613770,-24.169922,-5.798340,23.376465
5751,0.115723,0.698730,-0.745117,-45.104980,-25.024414,32.165527
5752,0.096191,0.624512,-0.782715,-43.334961,-29.357910,26.733398
5753,0.109375,0.606445,-0.802246,-34.362793,-26.123047,20.385742
5754,0.074707,0.585938,-0.858887,-13.488770,-4.150391,3.112793
5755,0.062500,0.540039,-0.872070,0.854492,6.591797,-12.817383
5756,0.057129,0.494629,-0.841309,10.803223,14.892578,-32.165527
5757,0.009277,0.591309,-0.741699,25.390625,23.620605,-59.265137
5758,-0.005371,0.695312,-0.650391,34.484863,23.803711,-51.452637
5759,-0.024902,0.769043,-0.576660,40.893555,20.996094,-31.738281
5760,-0.022461,0.749512,-0.549316,45.959473,14.709473,-13.000488
5761,0.038086,0.609863,-0.658203,57.067871,-13.488770,-14.831543
5762,0.056152,0.582031,-0.700684,57.434082,-29.785156,-21.606445
5763,-0.003906,0.526367,-0.708984,58.166504,-48.522949,-33.264160
5764,-0.032227,0.478516,-0.687500,53.222656,-48.400879,-44.677734
5765,-0.049316,0.490723,-0.677734,48.522949,-44.494629,-60.913086
5766,-0.022949,0.583984,-0.715332,52.307129,-40.588379,-73.547363
5767,0.026855,0.703613,-0.701172,83.862305,-46.081543,-75.256348
5768,0.033203,0.688965,-0.685547,79.956055,-53.894043,-74.157715
5769,-0.033691,0.641113,-0.771973,63.903809,-69.824219,-71.594238
5770,-0.090332,0.739746,-0.776855,68.359375,-72.692871,-49.438477
5771,-0.159180,0.677734,-0.785645,79.956055,-70.251465,-19.287109
5772,-0.140625,0.502441,-0.709961,94.848633,-73.120117,-8.178711
5773,-0.153320,0.432129,-0.762207,70.251465,-74.035645,-27.404785
5774,-0.109375,0.498047,-0.923340,68.176270,-78.247070,-42.358398
5775,-0.141113,0.632324,-0.860840,70.190430,-86.425781,-35.461426
5776,-0.179688,0.603516,-0.840820,44.616699,-91.003418,-28.747559
5777,-0.211914,0.559082,-0.860840,20.263672,-96.435547,-24.169922
5778,-0.276855,0.547363,-0.849609,-5.859375,-100.341797,-9.887695
5779,-0.304199,0.482422,-0.846680,-9.399414,-96.191406,-3.723145
5780,-0.317871,0.403809,-0.863281,-5.859375,-89.904785,-3.417969
5781,-0.387207,0.289062,-0.950684,38.940430,-80.505371,-25.207520
5782,-0.370605,0.367188,-0.908203,69.763184,-76.293945,-36.254883
5783,-0.381836,0.453613,-0.820312,78.491211,-74.401855,-42.968750
5784,-0.424805,0.541992,-0.762695,31.860352,-87.524414,-45.715332
5785,-0.396973,0.541016,-0.846680,7.568359,-95.275879,-31.860352
5786,-0.355957,0.563477,-0.854492,3.967285,-100.219727,-7.080078
5787,-0.382812,0.520020,-0.819824,-20.935059,-86.364746,24.597168
5788,-0.441406,0.376953,-0.918945,-23.986816,-70.373535,22.094727
5789,-0.475586,0.378906,-0.967773,-15.075684,-50.842285,16.540527
5790,-0.521484,0.372559,-0.954102,6.225586,-29.113770,19.287109
5791,-0.533691,0.215332,-0.849609,22.827148,5.493164,-2.197266
5792,-0.497070,0.242676,-0.866699,23.254395,13.488770,-22.827148
5793,-0.440430,0.338867,-0.828613,23.254395,17.761230,-38.269043
5794,-0.394043,0.458984,-0.777832,17.578125,18.005371,-36.926270
5795,-0.455566,0.418457,-0.791016,14.648438,12.207031,-35.156250
5796,-0.473633,0.412109,-0.815918,15.625000,3.112793,-39.794922
5797,-0.454102,0.472168,-0.797852,13.122559,-5.004883,-41.625977
5798,-0.442383,0.537109,-0.747070,-6.713867,-5.004883,-13.244629
5799,-0.448730,0.496582,-0.781738,-19.165039,-0.244141,-0.671387
5800,-0.410645,0.454102,-0.836426,-21.667480,5.615234,11.230469
5801,-0.366211,0.359375,-0.747070,-14.465332,21.057129,25.146484
5802,-0.365234,0.318359,-0.741211,-11.901855,25.451660,18.371582
5803,-0.408691,0.306152,-0.749023,-4.028320,24.169922,6.408691
5804,-0.461914,0.367676,-0.707031,4.943848,5.493164,-12.084961
5805,-0.459961,0.418945,-0.739258,8.544922,-7.019043,-12.573242
5806,-0.446289,0.407715,-0.730469,13.488770,-18.798828,-9.277344
5807,-0.410156,0.365234,-0.747070,4.211426,-31.433105,-6.042480
5808,-0.437012,0.375488,-0.781250,5.798340,-31.372070,-2.990723
5809,-0.458984,0.367676,-0.791016,1.220703,-24.353027,-0.183105
5810,-0.494629,0.374512,-0.842285,-4.760742,-20.202637,-4.760742
5811,-0.458984,0.391602,-0.856445,-4.638672,-15.380859,-7.751465
5812,-0.443359,0.403809,-0.822266,-2.990723,-10.070801,-10.375977
5813,-0.501465,0.341309,-0.775391,-6.347656,-5.004883,-26.306152
5814,-0.470215,0.340820,-0.826660,3.417969,-9.460449,-33.752441
5815,-0.491211,0.353027,-0.818848,16.723633,-16.906738,-31.188965
5816,-0.590820,0.396484,-0.711426,45.043945,-26.306152,-6.286621
5817,-0.573730,0.364746,-0.660645,42.724609,-27.770996,2.380371
5818,-0.540039,0.317383,-0.695312,28.991699,-31.616211,0.610352
5819,-0.515625,0.304199,-0.776855,19.470215,-37.902832,-7.629395
5820,-0.504395,0.326172,-0.820801,18.737793,-45.959473,-21.789551
5821,-0.531250,0.316406,-0.803223,14.709473,-44.433594,-26.367188
5822,-0.563965,0.327637,-0.800781,5.798340,-39.672852,-31.738281
5823,-0.507324,0.351562,-0.847168,-11.413574,-29.785156,-42.480469
5824,-0.477539,0.400391,-0.848145,-12.512207,-27.221680,-36.621094
5825,-0.480469,0.435547,-0.849121,1.098633,-25.390625,-17.883301
5826,-0.548828,0.357910,-0.645996,6.774902,-22.399902,13.671875
5827,-0.546387,0.282227,-0.680664,-5.310059,-20.080566,8.850098
5828,-0.518066,0.250488,-0.751953,-4.272461,-17.883301,-0.671387
5829,-0.521973,0.260742,-0.793457,12.084961,-15.686035,-4.577637
5830,-0.592285,0.339844,-0.741211,27.709961,-14.770508,-0.183105
5831,-0.609375,0.300293,-0.750000,20.996094,-17.944336,-2.624512
5832,-0.615723,0.258789,-0.768555,11.901855,-22.277832,-14.709473
5833,-0.583984,0.296387,-0.741211,6.042480,-19.775391,-14.770508
5834,-0.585449,0.302246,-0.722656,2.319336,-14.953613,-14.526367
5835,-0.592773,0.303711,-0.704590,-3.112793,-10.375977,-19.104004
5836,-0.575684,0.314453,-0.787109,-11.840820,-9.765625,-21.667480
5837,-0.586426,0.310547,-0.809082,-2.258301,-13.732910,-18.371582
5838,-0.604980,0.352539,-0.718262,2.258301,-18.249512,0.305176
5839,-0.624023,0.333496,-0.714844,-1.953125,-18.005371,6.469727
5840,-0.601562,0.291992,-0.738770,-8.972168,-17.333984,8.483887
5841,-0.608398,0.253906,-0.739258,-8.239746,-15.930176,6.774902
5842,-0.625488,0.221191,-0.728516,-5.676270,-13.854980,0.854492
5843,-0.628906,0.271484,-0.732422,-1.159668,-12.207031,-11.779785
5844,-0.667480,0.298340,-0.723633,9.338379,-12.451172,-7.507324
5845,-0.684082,0.311523,-0.656738,17.211914,-12.145996,-1.159668
5846,-0.682129,0.280762,-0.603516,12.878418,-12.390137,2.685547
5847,-0.685547,0.175293,-0.670898,-10.131836,-19.714355,-10.559082
5848,-0.657715,0.183105,-0.709961,-6.835938,-24.780273,-21.301270
5849,-0.613770,0.331543,-0.672852,-5.859375,-31.372070,-32.287598
5850,-0.610840,0.381348,-0.723633,-8.178711,-34.484863,-28.015137
5851,-0.604004,0.373047,-0.735840,-7.385254,-39.245605,-21.484375
5852,-0.601074,0.341797,-0.715820,-8.972168,-45.166016,-18.615723
5853,-0.626465,0.287109,-0.680664,-10.131836,-54.809570,-10.925293
5854,-0.694336,0.246094,-0.671875,5.920410,-54.321289,4.455566
5855,-0.790527,0.170410,-0.643066,20.751953,-52.856445,11.413574
5856,-0.850586,0.147461,-0.643555,13.977051,-56.396484,-11.230469
5857,-0.824219,0.185059,-0.687012,6.652832,-57.922363,-29.357910
5858,-0.767090,0.241211,-0.703613,5.310059,-56.579590,-45.043945
5859,-0.666016,0.318359,-0.652832,-1.159668,-50.476074,-55.114746
5860,-0.681152,0.335449,-0.648438,-10.498047,-47.851562,-49.987793
5861,-0.698730,0.327637,-0.667480,-18.127441,-46.142578,-41.015625
5862,-0.566895,0.520508,-0.875488,2.502441,-35.583496,-3.112793
5863,-0.732422,0.382812,-0.573242,-12.451172,-23.376465,18.188477
5864,-0.773438,0.341797,-0.690918,-24.658203,-9.399414,28.808594
5865,-0.780762,0.258301,-0.573730,-11.535645,16.174316,41.687012
5866,-0.759766,0.230957,-0.514648,-14.526367,16.296387,45.043945
5867,-0.762695,0.213379,-0.494141,-17.089844,6.042480,42.358398
5868,-0.768555,0.197266,-0.465820,-15.808105,-12.512207,35.705566
5869,-0.794922,0.201660,-0.458984,-16.540527,-56.335449,18.737793
5870,-0.789062,0.193848,-0.507324,-9.704590,-76.782227,9.399414
5871,-0.744629,0.309082,-0.501465,5.493164,-115.295410,-2.014160
5872,-0.731445,0.357422,-0.513184,11.169434,-128.723145,3.112793
5873,-0.739746,0.394043,-0.464844,23.681641,-135.253906,17.944336
5874,-0.754883,0.388672,-0.421387,33.508301,-138.488770,35.644531
5875,-0.854980,0.324707,-0.392090,28.930664,-145.019531,52.551270
5876,-0.884766,0.269043,-0.458496,23.010254,-148.193359,50.598145
5877,-0.892578,0.261230,-0.463379,22.216797,-151.245117,47.668457
5878,-0.911133,0.277832,-0.432617,18.981934,-152.709961,45.043945
5879,-0.962402,0.282715,-0.326172,4.455566,-152.038574,34.484863
5880,-0.985352,0.275879,-0.313965,-7.324219,-149.536133,24.536133
5881,-0.899414,0.336914,-0.302246,16.601562,-132.873535,17.639160
5882,-0.864258,0.404297,-0.276855,28.198242,-124.694824,23.681641
5883,-0.851074,0.411133,-0.300781,24.597168,-117.614746,31.127930
5884,-0.861328,0.376953,-0.336914,18.432617,-111.083984,37.109375
5885,-0.971680,0.339844,-0.264648,9.033203,-93.872070,38.391113
5886,-1.004883,0.336426,-0.213867,-2.136230,-83.312988,33.691406
5887,-1.005859,0.307617,-0.179199,-25.573730,-71.472168,20.080566
5888,-0.983887,0.290039,-0.175781,-24.230957,-74.768066,13.000488
5889,-0.916016,0.353516,-0.146484,-11.474609,-79.528809,10.131836
5890,-0.834473,0.495117,-0.101562,-1.525879,-84.411621,17.211914
5891,-0.776855,0.558594,-0.082520,6.347656,-90.087891,32.775879
5892,-0.850098,0.456543,0.039551,12.451172,-105.773926,60.302734
5893,-0.940430,0.323730,0.039551,2.319336,-114.562988,59.509277
5894,-1.076172,0.269043,-0.014648,-4.150391,-125.854492,35.461426
5895,-1.042969,0.346191,-0.009277,-5.859375,-127.868652,23.986816
5896,-0.956543,0.465820,0.017578,-9.887695,-128.356934,21.118164
5897,-0.857910,0.488281,0.018066,-9.460449,-129.699707,32.836914
5898,-0.848145,0.406250,-0.023926,0.061035,-131.225586,37.597656
5899,-0.867188,0.305176,-0.001953,23.620605,-133.972168,36.743164
5900,-0.875000,0.332520,0.105957,43.701172,-137.695312,31.311035
5901,-0.871094,0.481445,0.238770,36.071777,-145.446777,29.846191
5902,-0.882812,0.487793,0.190918,32.043457,-147.644043,34.423828
5903,-0.871582,0.546387,0.250000,29.968262,-149.658203,39.672852
5904,-0.913574,0.428223,0.259766,-8.605957,-142.639160,31.738281
5905,-0.910645,0.368164,0.257812,-22.033691,-130.310059,18.554688
5906,-0.891113,0.398438,0.237305,-27.343750,-116.943359,7.446289
5907,-0.760742,0.555664,0.192383,-16.723633,-96.557617,17.395020
5908,-0.732910,0.582031,0.221191,-2.807617,-88.745117,27.404785
5909,-0.705078,0.586426,0.251465,3.295898,-81.359863,35.583496
5910,-0.695801,0.538574,0.257812,15.380859,-72.998047,37.902832
5911,-0.842285,0.478516,0.341797,19.775391,-57.495117,27.709961
5912,-0.875488,0.425293,0.324219,7.751465,-52.917480,17.089844
5913,-0.845215,0.417969,0.335449,1.831055,-51.025391,5.371094
5914,-0.773438,0.516602,0.438965,-18.310547,-48.767090,-7.202148
5915,-0.743164,0.617676,0.485352,-35.034180,-48.339844,-5.676270
5916,-0.748535,0.633301,0.479004,-50.903320,-50.048828,2.685547
5917,-0.811035,0.524902,0.422852,-52.368164,-62.377930,15.380859
5918,-0.807617,0.447754,0.415039,-30.212402,-71.777344,12.390137
5919,-0.741699,0.417969,0.447266,-0.427246,-81.237793,4.638672
5920,-0.718750,0.497070,0.535645,10.314941,-88.562012,-4.028320
5921,-0.717773,0.508789,0.537109,-1.342773,-89.721680,-4.150391
5922,-0.718750,0.508789,0.525391,-11.535645,-91.064453,-2.868652
5923,-0.731445,0.482910,0.516113,-12.084961,-95.031738,0.549316
5924,-0.737305,0.491699,0.541504,-10.070801,-96.984863,1.281738
5925,-0.719238,0.486328,0.507324,-7.629395,-98.937988,2.197266
5926,-0.622559,0.466797,0.427246,13.916016,-71.716309,-10.437012
5927,-0.635254,0.553223,0.471680,12.023926,-52.612305,-13.183594
5928,-0.645508,0.596191,0.481934,11.840820,-41.381836,-8.728027
5929,-0.749023,0.505371,0.564941,22.888184,-41.381836,-6.103516
5930,-0.696289,0.518066,0.755859,37.414551,-67.626953,-15.686035
5931,-0.569336,0.659668,0.806641,34.545898,-85.388184,-6.652832
5932,-0.558105,0.632812,0.747559,27.893066,-99.487305,10.192871
5933,-0.628906,0.550781,0.760254,19.409180,-111.145020,20.019531
5934,-0.612793,0.359863,0.758301,1.586914,-151.306152,16.296387
5935,-0.552734,0.326660,0.671387,23.620605,-176.330566,-3.356934
5936,-0.510742,0.562988,0.481934,53.283691,-204.711914,-14.892578
5937,-0.539062,0.498047,0.442383,48.339844,-186.035156,-16.296387
5938,-0.435547,0.597168,0.515137,36.865234,-156.860352,-14.343262
5939,-0.362793,0.636230,0.493652,23.803711,-119.506836,-7.446289
5940,-0.395508,0.639648,0.372070,52.001953,-30.029297,-7.324219
5941,-0.391113,0.664551,0.417969,93.872070,13.305664,0.549316
5942,-0.425293,0.666016,0.517578,135.925293,50.537109,12.329102
5943,-0.480957,0.679688,0.632812,168.151855,109.863281,40.771484
5944,-0.605957,0.573730,0.616699,170.166016,132.629395,44.616699
5945,-0.610840,0.583496,0.610352,182.067871,143.005371,38.269043
5946,-0.597656,0.696777,0.620605,216.979980,133.728027,27.832031
5947,-0.573730,0.759277,0.571289,235.534668,123.413086,22.521973
5948,-0.573242,0.775391,0.495605,252.319336,116.821289,16.174316
5949,-0.577637,0.789062,0.458496,265.319824,111.877441,8.117676
5950,-0.581055,0.814941,0.390137,276.794434,100.952148,-3.417969
5951,-0.541504,0.831543,0.363770,273.864746,94.848633,-2.502441
5952,-0.459961,0.883301,0.154785,257.080078,84.594727,11.535645
5953,-0.458984,0.863281,0.048828,259.704590,81.420898,19.226074
5954,-0.487793,0.821289,0.007324,265.380859,77.270508,20.019531
5955,-0.490723,0.804199,-0.033691,268.066406,73.608398,14.526367
5956,-0.515137,0.822266,-0.022461,254.516602,68.176270,-3.295898
5957,-0.540039,0.847168,-0.010742,232.910156,66.589355,-10.864258
5958,-0.541504,0.870605,-0.107910,209.960938,70.495605,-14.709473
5959,-0.506348,0.861816,-0.249512,173.400879,96.008301,-7.019043
5960,-0.510742,0.830078,-0.276855,157.165527,110.961914,-0.854492
5961,-0.530762,0.789062,-0.265137,141.723633,121.276855,3.601074
5962,-0.533691,0.767578,-0.249512,128.417969,123.352051,5.310059
5963,-0.432617,0.802734,-0.251465,107.360840,117.431641,4.028320
5964,-0.497559,0.715332,-0.437012,92.102051,115.966797,2.990723
5965,-0.550781,0.717285,-0.463379,81.909180,117.980957,-6.103516
5966,-0.451660,0.833984,-0.427246,87.951660,92.895508,-2.807617
5967,-0.464355,0.781738,-0.424805,97.595215,74.157715,6.774902
5968,-0.466309,0.709961,-0.413574,95.703125,61.096191,8.850098
5969,-0.454590,0.660156,-0.408691,81.481934,55.236816,5.737305
5970,-0.456543,0.656250,-0.536621,47.790527,62.011719,-2.136230
5971,-0.475586,0.704590,-0.501465,33.813477,65.002441,-6.408691
5972,-0.475586,0.764648,-0.531250,15.869141,65.917969,-8.666992
5973,-0.476562,0.754395,-0.547852,-2.258301,68.969727,-10.314941
5974,-0.378906,0.693359,-0.594238,-52.062988,90.454102,-20.385742
5975,-0.324707,0.708008,-0.666992,-63.537598,103.332520,-17.089844
5976,-0.322266,0.692871,-0.701660,-30.456543,94.116211,2.746582
5977,-0.347656,0.763672,-0.577148,8.544922,59.387207,15.747070
5978,-0.366699,0.811523,-0.596680,35.278320,22.094727,29.846191
5979,-0.383789,0.733887,-0.625000,35.095215,7.568359,27.832031
5980,-0.346191,0.711426,-0.557129,16.479492,5.187988,16.784668
5981,-0.332520,0.691895,-0.504395,-7.385254,-1.892090,-5.187988
5982,-0.330566,0.692383,-0.484375,-18.737793,-4.333496,-14.404297
5983,-0.315430,0.687012,-0.489258,-46.325684,-19.226074,-21.850586
5984,-0.330566,0.752930,-0.519531,-55.419922,-27.221680,-15.563965
5985,-0.372559,0.774902,-0.594238,-57.006836,-31.188965,-3.967285
5986,-0.394531,0.752441,-0.669922,-47.546387,-27.099609,2.563477
5987,-0.364746,0.760254,-0.568848,-22.888184,-14.831543,7.690430
5988,-0.366211,0.715820,-0.490234,-37.048340,-11.901855,9.094238
5989,-0.364746,0.700195,-0.459961,-60.607910,-12.207031,8.911133
5990,-0.366699,0.736816,-0.467773,-99.304199,-23.071289,12.573242
5991,-0.360840,0.762695,-0.463867,-101.379395,-36.926270,17.150879
5992,-0.368164,0.761230,-0.497070,-93.322754,-53.222656,20.568848
5993,-0.370605,0.817871,-0.533203,-56.762695,-70.434570,22.155762
5994,-0.418945,0.821289,-0.504395,-42.785645,-73.608398,18.493652
5995,-0.424316,0.844238,-0.498047,-33.813477,-72.509766,11.840820
5996,-0.365723,0.724121,-0.390625,-19.042969,-66.955566,-6.774902
5997,-0.331055,0.748535,-0.412598,-15.808105,-64.331055,-17.028809
5998,-0.354492,0.814453,-0.340332,-41.442871,-70.068359,-20.751953
5999,-0.431641,0.969238,-0.291504,-69.213867,-79.772949,-10.131836
6000,-0.473145,0.916992,-0.278320,-96.435547,-92.956543,7.080078
6001,-0.460449,0.835938,-0.264648,-117.187500,-103.027344,15.136719
6002,-0.434570,0.791992,-0.237793,-127.502441,-104.431152,13.122559
6003,-0.378418,0.832031,-0.275391,-118.896484,-91.369629,-4.394531
6004,-0.384766,0.864746,-0.241699,-101.623535,-88.562012,-2.807617
6005,-0.436523,0.840820,-0.150391,-89.721680,-92.224121,12.207031
6006,-0.426758,0.833008,-0.138672,-98.144531,-89.721680,16.418457
6007,-0.441895,0.821289,-0.124512,-109.008789,-83.557129,13.244629
6008,-0.479980,0.883301,-0.140137,-109.130859,-72.937012,6.042480
6009,-0.513184,0.929199,-0.025879,-84.228516,-63.476562,1.159668
6010,-0.452637,1.000977,-0.039062,-76.354980,-68.969727,8.605957
6011,-0.406250,0.999512,-0.067383,-63.903809,-76.110840,28.320312
6012,-0.418945,0.913086,-0.036621,-54.260254,-83.923340,47.485352
6013,-0.479004,0.860352,0.019043,-70.190430,-91.857910,42.175293
6014,-0.500000,0.882812,-0.015137,-68.420410,-82.885742,19.775391
6015,-0.516602,0.944824,0.125000,-46.386719,-67.077637,-5.737305
6016,-0.488281,0.971680,0.138672,-49.560547,-64.819336,-4.821777
6017,-0.470215,0.924316,0.097656,-54.992676,-62.072754,-1.403809
6018,-0.502930,0.948730,0.173340,-69.030762,-62.622070,1.647949
6019,-0.516113,0.910645,0.077637,-91.186523,-67.810059,-3.051758
6020,-0.513184,0.899902,0.137207,-86.425781,-70.922852,-10.681152
6021,-0.502930,0.888672,0.199707,-77.453613,-78.002930,-19.531250
6022,-0.427734,0.841797,0.267578,-66.467285,-96.191406,-22.399902
6023,-0.395996,0.830078,0.274902,-69.396973,-103.393555,-15.625000
6024,-0.344727,0.861816,0.271484,-77.575684,-108.459473,-4.699707
6025,-0.284180,0.783203,0.325684,-84.716797,-113.281250,6.835938
6026,-0.323242,0.774902,0.271484,-80.200195,-111.999512,-1.892090
6027,-0.343750,0.812500,0.256348,-69.458008,-106.079102,-8.850098
6028,-0.383301,0.832031,0.205566,-43.090820,-85.571289,-10.681152
6029,-0.376953,0.839844,0.180664,-26.062012,-72.326660,-7.995605
6030,-0.370605,0.861328,0.186035,-12.695312,-57.739258,-6.896973
6031,-0.360840,0.889160,0.242188,3.356934,-27.099609,-4.699707
6032,-0.358887,0.914062,0.249023,14.831543,-11.108398,0.549316
6033,-0.377930,0.880859,0.316895,23.681641,4.638672,6.591797
6034,-0.368164,0.797363,0.387207,22.338867,15.930176,9.094238
6035,-0.351562,0.764160,0.364746,-0.244141,23.681641,9.460449
6036,-0.420898,0.824219,0.371582,-10.437012,15.014648,9.521484
6037,-0.445801,0.917480,0.506836,-24.169922,-5.920410,11.657715
6038,-0.484863,0.855469,0.553711,-57.495117,-44.067383,7.934570
6039,-0.444336,0.848145,0.493164,-74.035645,-49.438477,1.342773
6040,-0.376465,0.895020,0.489746,-90.454102,-47.058105,1.525879
6041,-0.316406,0.910645,0.384766,-112.609863,-36.804199,14.465332
6042,-0.302246,0.898926,0.390137,-115.722656,-35.888672,26.855469
6043,-0.328125,0.873047,0.453125,-121.582031,-41.381836,38.330078
6044,-0.407715,0.751953,0.607910,-123.352051,-74.951172,33.142090
6045,-0.413086,0.748535,0.548340,-95.275879,-93.200684,17.333984
6046,-0.383789,0.808105,0.511230,-55.847168,-101.257324,5.676270
6047,-0.287598,0.761230,0.420898,16.296387,-87.463379,3.845215
6048,-0.240234,0.726074,0.402832,42.053223,-69.091797,6.103516
6049,-0.203125,0.711426,0.402832,54.809570,-46.142578,8.178711
6050,-0.174805,0.724609,0.440430,51.696777,-22.033691,11.962891
6051,-0.195801,0.778809,0.539062,14.099121,13.610840,19.653320
6052,-0.226074,0.812500,0.607422,-7.263184,18.127441,19.470215
6053,-0.294922,0.804688,0.655762,-33.874512,6.103516,9.521484
6054,-0.278320,0.809570,0.625488,-30.517578,-2.197266,5.920410
6055,-0.277344,0.779785,0.554199,-18.249512,-7.019043,5.126953
6056,-0.279297,0.772461,0.521484,-2.746582,-7.324219,3.295898
6057,-0.252930,0.812988,0.532715,-8.911133,0.244141,5.249023
6058,-0.241699,0.841309,0.550781,-17.578125,1.831055,10.620117
6059,-0.240723,0.836914,0.630859,-26.428223,-1.281738,16.174316
6060,-0.264648,0.768066,0.745117,-50.964355,-20.385742,19.287109
6061,-0.283203,0.648926,0.729004,-53.649902,-32.348633,11.047363
6062,-0.270508,0.602051,0.637207,-43.457031,-44.189453,-6.530762
6063,-0.257324,0.768555,0.542480,-6.835938,-51.391602,-32.531738
6064,-0.227539,0.880859,0.545410,-5.065918,-45.043945,-29.846191
6065,-0.224609,0.882812,0.469238,-1.342773,-18.981934,-2.563477
6066,-0.249023,0.838379,0.622070,-1.037598,-13.183594,4.699707
6067,-0.255371,0.819824,0.728516,-6.469727,-17.211914,5.859375
6068,-0.221191,0.829102,0.655273,0.366211,-24.353027,7.507324
6069,-0.227051,0.792969,0.686523,2.319336,-23.559570,8.911133
6070,-0.222656,0.748047,0.727539,-8.544922,-26.428223,4.394531
6071,-0.144531,0.761719,0.652832,-18.127441,-34.912109,8.544922
6072,-0.158203,0.732422,0.697754,-18.493652,-42.358398,14.221191
6073,-0.193848,0.691406,0.705078,-19.714355,-53.710938,13.183594
6074,-0.217285,0.771973,0.663086,-22.338867,-76.049805,-1.464844
6075,-0.192871,0.809570,0.667480,-22.521973,-82.336426,-4.455566
6076,-0.179199,0.809570,0.682617,-15.686035,-87.585449,-5.249023
6077,-0.150391,0.747070,0.719238,-12.573242,-88.623047,-3.967285
6078,-0.138672,0.643555,0.666992,-11.108398,-86.120605,-5.310059
6079,-0.118164,0.599609,0.577148,-11.474609,-78.857422,-10.925293
6080,-0.070801,0.702637,0.517578,-5.004883,-53.710938,-18.920898
6081,-0.074219,0.778320,0.575684,-3.601074,-40.344238,-17.150879
6082,-0.080566,0.802246,0.625488,-4.821777,-27.465820,-11.169434
6083,-0.083496,0.751953,0.625000,-3.967285,-2.746582,1.403809
6084,-0.049805,0.756348,0.581543,4.638672,7.812500,5.798340
6085,-0.044922,0.754395,0.555664,17.333984,18.493652,9.643555
6086,-0.093750,0.717285,0.581543,28.076172,38.513184,14.038086
6087,-0.109863,0.647949,0.631836,22.827148,45.532227,10.986328
6088,-0.127441,0.545898,0.703125,6.103516,47.607422,-4.333496
6089,-0.123535,0.578125,0.695312,-9.582520,43.273926,-25.451660
6090,-0.115723,0.798828,0.765625,-15.991211,15.808105,-26.306152
6091,-0.147461,0.812500,0.789062,-20.141602,-3.845215,-9.582520
6092,-0.209961,0.743652,0.747559,-20.141602,-21.179199,1.037598
6093,-0.187012,0.689941,0.668457,-4.882812,-31.127930,-3.234863
6094,-0.187988,0.713867,0.746582,-6.530762,-29.113770,-10.925293
6095,-0.148926,0.770020,0.762695,-11.169434,-27.893066,-12.268066
6096,-0.074219,0.839844,0.719238,-3.417969,-24.047852,11.352539
6097,-0.067383,0.737305,0.723633,-4.272461,-21.301270,21.118164
6098,-0.057617,0.607422,0.684082,-13.854980,-19.226074,15.930176
6099,-0.070801,0.614258,0.585449,-22.216797,-16.296387,1.159668
6100,-0.104980,0.819824,0.594727,-15.991211,-9.826660,-3.356934
6101,-0.126953,0.840332,0.681152,-5.065918,-10.437012,4.150391
6102,-0.159180,0.775391,0.727539,5.371094,-13.061523,6.042480
6103,-0.109375,0.747070,0.708984,14.221191,-13.427734,0.793457
6104,-0.085449,0.741211,0.743652,13.732910,-10.009766,3.845215
6105,-0.062012,0.693359,0.719727,10.559082,-8.911133,7.812500
6106,-0.065918,0.526367,0.698730,2.685547,-8.178711,-1.647949
6107,-0.106445,0.699707,0.582520,-5.676270,-3.051758,-47.485352
6108,-0.098633,0.873535,0.674316,-4.272461,-3.601074,-41.931152
6109,-0.140137,0.788086,0.774902,-9.765625,-20.507812,-0.122070
6110,-0.116699,0.706055,0.779785,-12.207031,-29.907227,5.615234
6111,-0.085449,0.709961,0.739746,-9.277344,-35.766602,6.774902
6112,-0.111328,0.702637,0.789062,-6.164551,-37.292480,5.554199
6113,-0.068848,0.750977,0.752930,4.089355,-40.771484,7.385254
6114,-0.074219,0.651367,0.700684,3.723145,-43.640137,2.746582
6115,-0.099609,0.590820,0.666504,-3.173828,-45.776367,-9.216309
6116,-0.201660,0.476074,0.853516,-32.775879,-55.175781,-21.972656
6117,-0.081543,0.757812,0.752930,-49.072266,-67.504883,-23.742676
6118,0.008789,0.855469,0.707520,-34.667969,-81.726074,-11.779785
6119,0.016602,0.789551,0.840820,-23.193359,-94.726562,4.333496
6120,-0.001465,0.701660,0.745605,-14.526367,-103.759766,16.296387
6121,0.029297,0.678711,0.679688,-1.281738,-101.867676,14.831543
6122,0.012207,0.645996,0.623047,10.864258,-95.947266,6.347656
6123,0.021973,0.706055,0.573242,13.977051,-67.016602,-8.178711
6124,0.042969,0.701660,0.580566,13.183594,-48.095703,-7.324219
6125,0.054688,0.675293,0.615723,12.756348,-29.602051,-6.591797
6126,0.086914,0.708496,0.713867,2.807617,-2.807617,-4.028320
6127,0.075684,0.749512,0.730469,-0.854492,4.272461,-0.122070
6128,0.057617,0.781250,0.693848,1.708984,8.483887,4.760742
6129,0.027344,0.726562,0.710449,16.601562,10.498047,9.765625
6130,0.005371,0.645020,0.712891,13.793945,8.666992,0.732422
6131,0.015625,0.635742,0.716797,7.446289,6.469727,-12.634277
6132,0.035645,0.684570,0.699707,3.845215,3.601074,-12.939453
6133,0.042969,0.735352,0.776367,-3.845215,1.464844,-4.272461
6134,0.048828,0.736328,0.797852,-16.052246,-4.028320,3.845215
6135,0.071289,0.725098,0.808105,-26.306152,-24.902344,16.845703
6136,0.073730,0.683594,0.772461,-24.047852,-35.644531,17.333984
6137,0.047852,0.662109,0.697754,-17.639160,-41.564941,12.512207
6138,0.072266,0.658691,0.675781,-8.911133,-34.362793,1.708984
6139,0.027832,0.640625,0.687012,-13.977051,-27.282715,-2.502441
6140,0.035645,0.652344,0.697266,-18.981934,-21.972656,-7.019043
6141,0.048340,0.692871,0.716309,-29.479980,-16.357422,-13.671875
6142,0.088867,0.791016,0.689941,-28.747559,-14.770508,-10.253906
6143,0.021973,0.736816,0.804199,-29.907227,-13.305664,-3.723145
6144,0.097656,0.770996,0.785645,-30.273438,-16.235352,-0.305176
6145,0.040527,0.661621,0.776367,-21.728516,-28.991699,1.464844
6146,0.041992,0.646973,0.732422,-15.686035,-33.569336,-3.845215
6147,0.066406,0.671875,0.725586,-5.493164,-36.071777,-9.948730
6148,0.089355,0.692383,0.739746,2.380371,-36.376953,-13.610840
6149,0.100098,0.643066,0.776855,6.530762,-32.897949,-19.470215
6150,0.095215,0.616699,0.785156,-5.249023,-29.479980,-22.949219
6151,0.125488,0.690430,0.713379,-18.493652,-23.925781,-19.897461
6152,0.130371,0.714355,0.727539,-21.850586,-23.254395,-10.742188
6153,0.075684,0.665527,0.791016,-32.226562,-22.033691,-4.638672
6154,0.177734,0.740723,0.647949,-18.310547,-17.395020,11.413574
6155,0.092285,0.555664,0.722656,-11.230469,-14.953613,6.713867
6156,0.096680,0.539062,0.706543,-4.943848,-11.840820,-4.394531
6157,0.148438,0.630371,0.704590,8.239746,-4.455566,-11.169434
6158,0.159668,0.629883,0.726074,8.544922,-0.549316,-7.263184
6159,0.174316,0.653809,0.806152,-0.366211,2.075195,-2.136230
6160,0.134766,0.645996,0.833496,-24.230957,-0.732422,6.408691
6161,0.119141,0.642090,0.826660,-25.634766,-5.798340,7.324219
6162,0.106445,0.637207,0.822266,-22.094727,-12.756348,8.605957
6163,0.090332,0.612305,0.838379,-19.409180,-20.812988,8.300781
6164,0.190918,0.694824,0.770996,-19.958496,-36.254883,5.676270
6165,0.174316,0.706543,0.820312,-13.732910,-44.738770,9.338379
6166,0.095215,0.612793,0.771484,-17.333984,-55.603027,0.671387
6167,0.095703,0.614258,0.751465,-16.418457,-57.250977,-6.286621
6168,0.123047,0.624512,0.769043,-17.272949,-58.349609,-12.634277
6169,0.232422,0.675781,0.751465,-8.911133,-58.959961,-6.713867
6170,0.276367,0.709961,0.682129,0.671387,-54.260254,2.075195
6171,0.241699,0.698242,0.671387,8.178711,-42.846680,11.169434
6172,0.176270,0.630859,0.692383,7.385254,-27.587891,12.451172
6173,0.126465,0.627930,0.694824,4.577637,2.075195,5.798340
6174,0.128418,0.632812,0.741211,7.507324,9.399414,1.342773
6175,0.145996,0.596191,0.833008,4.577637,6.652832,-7.507324
6176,0.216797,0.637207,0.824219,3.051758,-17.395020,-25.146484
6177,0.263184,0.666992,0.817383,11.474609,-31.066895,-21.972656
6178,0.237793,0.637695,0.793457,19.714355,-39.611816,-15.136719
6179,0.210938,0.636230,0.719727,25.390625,-38.330078,-13.183594
6180,0.216309,0.654785,0.707031,29.174805,-32.165527,-12.451172
6181,0.228516,0.669434,0.718262,29.785156,-25.939941,-12.695312
6182,0.237305,0.683105,0.704590,34.973145,-21.423340,-16.174316
6183,0.216309,0.691895,0.706055,30.090332,-22.521973,-15.991211
6184,0.170898,0.683594,0.712402,19.226074,-23.437500,-14.709473
6185,0.320312,0.730957,0.783203,12.084961,-24.841309,-0.488281
6186,0.352051,0.712891,0.830566,10.986328,-26.489258,13.061523
6187,0.363770,0.675781,0.819824,13.732910,-28.930664,21.911621
6188,0.225586,0.667969,0.697754,21.484375,-27.221680,8.728027
6189,0.165039,0.697754,0.678711,29.846191,-24.902344,-8.911133
6190,0.119141,0.661133,0.638672,51.269531,-6.408691,-36.254883
6191,0.140137,0.595215,0.599609,53.100586,5.737305,-50.476074
6192,0.184082,0.604980,0.663574,44.494629,19.042969,-61.523438
6193,0.325684,0.767578,0.718262,23.559570,29.907227,-50.170898
6194,0.296875,0.729492,0.752441,22.155762,25.207520,-38.391113
6195,0.243652,0.655273,0.744629,17.883301,18.188477,-35.888672
6196,0.176270,0.586914,0.703613,12.817383,11.413574,-44.311523
6197,0.104980,0.722168,0.650391,16.357422,1.281738,-60.913086
6198,0.064941,0.782227,0.668945,16.723633,-3.784180,-56.152344
6199,0.031250,0.821289,0.572266,15.380859,-5.371094,-44.433594
6200,0.081055,0.703613,0.556152,4.394531,2.868652,-30.395508
6201,0.220703,0.717285,0.614746,-15.686035,5.981445,-24.169922
6202,0.281250,0.720215,0.682617,-27.954102,0.610352,-8.850098
6203,0.242676,0.698242,0.653320,-10.437012,-29.113770,32.104492
6204,0.179688,0.721680,0.639648,6.164551,-43.212891,41.442871
6205,0.143066,0.760254,0.654785,13.427734,-56.762695,39.978027
6206,0.081543,0.705078,0.733887,15.441895,-91.186523,6.774902
6207,0.084961,0.687988,0.726562,22.827148,-112.121582,-17.028809
6208,0.091309,0.724609,0.739258,20.202637,-124.145508,-35.888672
6209,0.158203,0.776367,0.593750,19.592285,-106.201172,-51.818848
6210,0.233887,0.745605,0.627441,19.775391,-99.182129,-51.330566
6211,0.260742,0.763672,0.604980,21.911621,-96.435547,-46.752930
6212,0.269531,0.758789,0.586914,30.090332,-99.304199,-41.870117
6213,0.256348,0.724609,0.604492,38.024902,-108.032227,-43.151855
6214,0.177246,0.709961,0.624512,53.771973,-139.892578,-63.781738
6215,0.147949,0.726562,0.629395,50.476074,-154.663086,-81.909180
6216,0.183594,0.864258,0.587402,23.681641,-161.376953,-111.572266
6217,0.166992,0.880371,0.497559,8.972168,-145.812988,-122.558594
6218,0.161133,0.891602,0.433105,-2.807617,-119.506836,-134.765625
6219,0.290039,0.868164,0.396973,-6.652832,-59.631348,-149.230957
6220,0.309570,0.801270,0.391602,-2.319336,-36.010742,-153.747559
6221,0.325195,0.820801,0.431152,5.798340,-21.972656,-157.165527
6222,0.280762,0.888672,0.568848,27.404785,-22.888184,-140.869141
6223,0.190430,0.861328,0.579590,25.939941,-30.700684,-123.596191
6224,0.122070,0.857422,0.514160,-1.525879,-33.142090,-106.201172
6225,0.014160,0.825684,0.472168,-36.132812,-31.738281,-82.702637
6226,0.026855,0.817871,0.483398,-30.822754,-34.362793,-75.988770
6227,0.042969,0.778809,0.473145,-25.085449,-36.804199,-70.800781
6228,0.095215,0.761719,0.450195,-23.132324,-37.902832,-73.852539
6229,0.152832,0.881836,0.471191,-28.137207,-41.381836,-72.814941
6230,0.174316,0.916992,0.583984,-24.963379,-49.133301,-60.485840
6231,0.091797,0.857910,0.557129,-0.183105,-71.411133,-28.991699
6232,0.049316,0.846191,0.550781,4.272461,-72.753906,-20.690918
6233,0.040527,0.876953,0.553711,-1.464844,-68.786621,-14.648438
6234,0.019043,0.892090,0.560059,-11.840820,-63.354492,-14.831543
6235,0.059570,0.919434,0.617676,-18.676758,-67.687988,-23.620605
6236,0.049805,0.849609,0.667969,-26.245117,-81.115723,-39.123535
6237,0.014648,0.724121,0.640137,-33.264160,-122.741699,-91.308594
6238,0.021973,0.760742,0.568848,-42.602539,-136.901855,-106.445312
6239,0.021484,0.769043,0.485840,-64.147949,-141.418457,-107.849121
6240,-0.003906,0.846191,0.526367,-114.074707,-138.061523,-90.148926
6241,-0.017090,0.855469,0.577637,-130.432129,-142.700195,-81.298828
6242,-0.022461,0.845703,0.643066,-138.732910,-154.235840,-78.796387
6243,-0.005859,0.858887,0.712402,-146.423340,-170.776367,-81.115723
6244,0.140137,0.770508,0.208984,-154.968262,-188.415527,-88.073730
6245,0.491211,0.928223,0.148926,-41.687012,-31.066895,-38.452148
6246,0.156250,0.757812,0.320312,-59.997559,85.388184,-13.366699
6247,0.009766,0.713379,0.859863,-82.580566,93.750000,-21.118164
6248,0.041016,0.720703,0.855957,-66.467285,59.143066,-21.667480
6249,0.012207,0.724609,0.811035,-46.264648,38.513184,-16.784668
6250,-0.040527,0.797852,0.853027,-50.964355,26.184082,-7.873535
6251,-0.046875,0.816406,0.863281,-63.659668,19.226074,-5.981445
6252,-0.044922,0.749512,0.838379,-75.256348,12.512207,-6.225586
6253,-0.029785,0.633301,0.618164,-67.565918,18.554688,-18.005371
6254,-0.004395,0.614258,0.633789,-54.321289,31.066895,-20.996094
6255,0.034668,0.631836,0.678711,-39.916992,39.672852,-17.822266
6256,-0.041992,0.569336,0.855957,-29.663086,21.972656,-8.178711
6257,-0.104980,0.565918,0.843262,-31.982422,10.925293,-9.704590
6258,-0.123535,0.603027,0.875000,-34.667969,1.403809,-12.329102
6259,-0.124512,0.610352,0.911621,-39.916992,-10.437012,-14.892578
6260,-0.090332,0.544434,0.795410,-36.376953,-22.644043,-21.789551
6261,-0.057617,0.511230,0.775879,-22.094727,-15.625000,-22.644043
6262,-0.003906,0.458496,0.746582,-10.742188,-12.451172,-18.676758
6263,-0.019043,0.450684,0.879883,-7.690430,-23.925781,-19.409180
6264,-0.017578,0.530273,0.823242,3.906250,-48.339844,-15.319824
6265,-0.060059,0.564453,0.791504,45.837402,-108.520508,-2.502441
6266,-0.131348,0.566895,1.072754,35.278320,-134.948730,-2.319336
6267,-0.072754,0.708984,0.965332,-29.541016,-131.713867,-10.253906
6268,-0.062500,0.718262,0.645996,-56.152344,-113.891602,-10.864258
6269,-0.000488,0.514160,0.753418,-20.874023,-92.834473,-11.840820
6270,0.103516,0.478516,0.758789,-10.437012,-77.880859,-25.024414
6271,0.125000,0.556152,0.742676,8.056641,-73.120117,-34.667969
6272,0.239258,0.736328,0.650391,-13.671875,-36.926270,-24.963379
6273,0.292969,0.762207,0.476562,-31.799316,2.502441,-12.207031
6274,0.312500,0.703613,0.539551,-19.653320,39.123535,8.544922
6275,0.163574,0.565430,0.729980,-15.686035,51.452637,12.817383
6276,0.016602,0.537598,0.901367,-9.643555,43.212891,-1.342773
6277,0.031738,0.571289,0.982422,-1.403809,38.574219,-6.530762
6278,0.048828,0.635742,0.946777,13.793945,9.033203,-10.498047
6279,0.025879,0.657227,0.887695,22.216797,-3.540039,-4.089355
6280,-0.007324,0.634766,0.879883,29.174805,-15.441895,5.920410
6281,0.065430,0.578613,0.898438,54.016113,-47.180176,26.428223
6282,0.129395,0.606445,0.842285,68.969727,-59.448242,34.912109
6283,0.161621,0.633789,0.719727,78.369141,-60.058594,37.841797
6284,0.187988,0.645508,0.621582,82.824707,-46.875000,35.095215
6285,0.167969,0.696289,0.705078,61.645508,0.000000,22.216797
6286,0.109375,0.677734,0.771484,40.771484,15.014648,16.357422
6287,0.074219,0.647461,0.767578,21.179199,24.414062,-1.159668
6288,0.173340,0.667969,0.693848,14.526367,29.724121,-5.859375
6289,0.206543,0.674316,0.591797,6.835938,42.358398,-6.225586
6290,0.142090,0.639160,0.544922,12.084961,57.983398,-9.033203
6291,0.003418,0.613770,0.779785,58.166504,79.833984,-24.719238
6292,-0.035645,0.634277,0.962402,68.481445,69.335938,-35.644531
6293,0.005859,0.799805,0.982910,46.081543,13.549805,-41.992188
6294,0.015625,0.823730,0.815918,16.784668,-1.525879,-34.606934
6295,-0.000977,0.729492,0.571777,3.051758,3.540039,-10.070801
6296,0.055664,0.706543,0.623535,17.456055,11.230469,-5.249023
6297,0.085449,0.709961,0.667969,34.179688,15.380859,-8.178711
6298,0.053223,0.754395,0.700195,54.077148,17.456055,-10.864258
6299,0.008789,0.831543,0.789062,61.401367,1.708984,3.356934
6300,0.033691,0.831543,0.800781,51.635742,-12.145996,13.854980
6301,0.070312,0.829590,0.744629,37.963867,-25.390625,22.033691
6302,0.126465,0.717773,0.524902,32.836914,-26.123047,29.785156
6303,0.124512,0.630859,0.519043,44.433594,-17.333984,27.587891
6304,0.081055,0.570312,0.555176,54.870605,-11.718750,18.432617
6305,-0.028809,0.564941,0.821777,44.982910,-21.911621,-10.375977
6306,-0.012207,0.630859,0.794922,31.005859,-43.090820,-22.888184
6307,0.052734,0.689941,0.731934,24.719238,-65.246582,-26.916504
6308,0.106934,0.708984,0.727051,24.169922,-79.345703,-24.414062
6309,0.053711,0.770996,0.830078,-4.638672,-104.614258,-30.639648
6310,0.052734,0.787109,0.792480,-25.817871,-123.107910,-44.616699
6311,0.091309,0.776855,0.698242,-42.907715,-137.817383,-57.678223
6312,0.174316,0.758301,0.432617,-48.522949,-143.981934,-72.204590
6313,0.193848,0.803711,0.337402,-39.062500,-127.746582,-72.692871
6314,0.184570,0.860840,0.326172,-27.648926,-98.144531,-67.016602
6315,0.162598,0.922363,0.400391,-21.057129,-64.575195,-56.518555
6316,0.043457,0.886230,0.643066,-7.324219,-27.465820,-33.020020
6317,0.017090,0.856445,0.764648,-2.258301,-28.686523,-25.695801
6318,0.093750,0.825195,0.814941,-7.385254,-49.621582,-11.962891
6319,0.140137,0.758789,0.756836,-9.643555,-60.974121,-8.056641
6320,0.158691,0.703613,0.641113,-1.770020,-68.786621,-11.474609
6321,0.178711,0.719727,0.548828,17.150879,-71.533203,-17.822266
6322,0.106934,0.826172,0.462891,100.646973,-61.035156,-22.888184
6323,0.087402,0.999512,0.515625,138.244629,-56.823730,-12.939453
6324,0.148438,1.211914,0.530762,163.452148,-56.457520,17.395020
6325,0.229004,1.311035,0.508789,184.020996,-61.645508,64.758301
6326,0.216309,0.937988,0.546387,199.340820,-86.364746,124.328613
6327,0.142578,0.691406,0.642090,184.997559,-97.778320,109.375000
6328,0.125488,0.550781,0.638672,129.272461,-117.980957,19.958496
6329,0.199707,0.624023,0.545410,111.877441,-127.075195,-13.854980
6330,0.212891,0.687012,0.455078,101.989746,-132.507324,-27.587891
6331,0.173828,0.807129,0.411621,92.956543,-135.986328,-27.893066
6332,0.255371,1.134766,0.279785,66.284180,-131.408691,12.573242
6333,0.291504,1.088867,0.210449,67.810059,-117.919922,32.714844
6334,0.342773,0.882324,0.229004,85.449219,-95.703125,39.306641
6335,0.375977,0.862793,0.285645,86.975098,-92.285156,40.588379
6336,0.303711,0.811523,0.280762,84.655762,-97.595215,37.719727
6337,0.284180,0.789062,0.238770,80.505371,-107.910156,26.123047
6338,0.294922,0.841309,0.145508,64.880371,-123.291016,0.732422
6339,0.275391,0.910645,0.115234,51.147461,-126.037598,-6.042480
6340,0.308105,0.931152,-0.003906,48.645020,-122.985840,-4.272461
6341,0.331543,0.893066,-0.059570,65.002441,-109.680176,1.586914
6342,0.351562,0.839355,0.001953,102.661133,-77.392578,12.390137
6343,0.344727,0.825195,0.017090,111.389160,-75.439453,16.113281
6344,0.293457,0.825684,0.049316,111.389160,-84.350586,14.221191
6345,0.287109,0.952637,0.042969,91.247559,-118.530273,9.399414
6346,0.285156,0.938965,0.020508,76.354980,-135.437012,6.591797
6347,0.300293,0.898438,-0.014648,60.668945,-145.324707,1.220703
6348,0.302734,0.871582,-0.166992,30.944824,-145.874023,-10.620117
6349,0.284668,0.878906,-0.243652,24.658203,-139.587402,-16.052246
6350,0.305176,0.866699,-0.417480,33.874512,-113.037109,-24.963379
6351,0.353027,0.875488,-0.401367,48.278809,-90.087891,-27.526855
6352,0.404785,0.950684,-0.300293,46.752930,-65.307617,-25.695801
6353,0.441406,1.003418,-0.315430,37.719727,-42.602539,-18.432617
6354,0.429199,1.008301,-0.271484,37.353516,-18.432617,-1.586914
6355,0.402832,0.979980,-0.232422,37.597656,-14.038086,3.784180
6356,0.365723,0.996582,-0.179688,37.902832,-15.258789,9.216309
6357,0.335938,1.007324,-0.179688,39.611816,-22.949219,14.770508
6358,0.325684,1.015625,-0.207520,41.931152,-43.945312,26.000977
6359,0.333496,0.955566,-0.261230,32.165527,-51.574707,32.226562
6360,0.352051,0.880859,-0.286133,16.540527,-52.062988,38.146973
6361,0.390137,0.863281,-0.255859,-6.774902,-49.682617,50.903320
6362,0.180664,0.691406,-0.202637,-21.118164,-50.354004,40.832520
6363,0.204102,0.793945,-0.174316,-16.723633,-52.795410,15.747070
6364,0.308594,0.900879,-0.202148,-5.493164,-51.879883,-2.685547
6365,0.379883,0.856934,-0.342773,62.011719,-47.363281,-14.282227
6366,0.343262,0.850098,-0.276855,101.379395,-56.457520,-16.540527
6367,0.285156,0.836426,-0.247559,119.323730,-72.387695,-23.864746
6368,0.337891,0.960449,-0.401367,94.055176,-89.477539,-30.029297
6369,0.346680,0.948730,-0.448242,79.040527,-84.655762,-24.780273
6370,0.358887,0.916016,-0.448730,61.157227,-73.364258,-17.944336
6371,0.257812,0.793945,-0.419434,41.015625,-40.100098,-0.305176
6372,0.198730,0.743164,-0.371582,42.968750,-29.113770,0.732422
6373,0.194336,0.748535,-0.386719,53.405762,-25.085449,-4.577637
6374,0.274902,0.892578,-0.448730,90.637207,-37.719727,-9.216309
6375,0.298828,0.939941,-0.432617,98.876953,-50.170898,-4.150391
6376,0.264648,0.936035,-0.402832,84.594727,-63.415527,1.342773
6377,0.237305,0.913086,-0.425293,55.908203,-74.951172,4.150391
6378,0.242676,0.853516,-0.507324,2.380371,-85.449219,12.329102
6379,0.227539,0.836914,-0.523926,-11.840820,-86.120605,19.348145
6380,0.191406,0.802246,-0.542969,-20.141602,-85.021973,23.437500
6381,0.174316,0.760742,-0.554688,-20.935059,-81.970215,24.536133
6382,0.158691,0.720215,-0.614258,-14.221191,-78.491211,21.240234
6383,0.149414,0.690918,-0.640625,0.915527,-74.462891,14.221191
6384,0.157715,0.746094,-0.618652,29.357910,-61.035156,-3.234863
6385,0.166992,0.820801,-0.594238,35.644531,-52.856445,-10.803223
6386,0.185547,0.891113,-0.577148,31.860352,-44.067383,-12.878418
6387,0.188965,0.924805,-0.575195,-3.479004,-25.329590,-5.310059
6388,0.192871,0.893555,-0.678223,-23.498535,-14.221191,1.586914
6389,0.162109,0.887695,-0.695312,-37.109375,-2.136230,10.009766
6390,0.148438,0.765625,-0.683594,-42.541504,27.832031,8.361816
6391,0.161133,0.745117,-0.637207,-33.691406,44.921875,2.807617
6392,0.152344,0.752930,-0.576660,-16.052246,57.922363,2.685547
6393,0.102051,0.723633,-0.431641,21.240234,60.485840,7.446289
6394,0.124512,0.717285,-0.449219,42.541504,46.386719,3.723145
6395,0.181641,0.771973,-0.432617,63.781738,23.498535,-4.394531
6396,0.266602,0.842285,-0.376465,68.542480,-1.708984,-11.535645
6397,0.291016,0.875977,-0.498535,42.358398,-40.710449,-14.526367
6398,0.221680,0.884766,-0.513184,43.029785,-52.490234,-8.972168
6399,0.176270,0.824219,-0.586914,10.620117,-64.636230,-2.136230
6400,0.167480,0.810059,-0.642090,9.277344,-64.208984,2.929688
6401,0.166504,0.805176,-0.640137,13.732910,-59.448242,6.103516
6402,0.205078,0.837402,-0.633301,11.718750,-38.208008,4.211426
6403,0.214355,0.850098,-0.648926,11.413574,-26.367188,2.258301
6404,0.204590,0.867188,-0.634277,11.230469,-16.601562,2.624512
6405,0.161621,0.805176,-0.625488,6.225586,-10.375977,2.929688
6406,0.141113,0.756348,-0.618164,6.958008,-12.329102,-0.915527
6407,0.128418,0.732910,-0.609375,6.164551,-15.136719,-5.126953
6408,0.136230,0.780762,-0.606445,14.953613,-16.540527,6.286621
6409,0.116699,0.773926,-0.573730,15.075684,-15.808105,10.803223
6410,0.123047,0.779297,-0.582031,7.812500,-13.732910,10.070801
6411,0.163574,0.815918,-0.620117,-1.647949,-7.385254,10.253906
6412,0.163086,0.786621,-0.621582,2.807617,-4.943848,11.352539
6413,0.140137,0.737793,-0.597168,8.728027,-3.540039,10.192871
6414,0.068359,0.588379,-0.640625,29.296875,-9.094238,-5.554199
6415,0.067383,0.600586,-0.616699,40.100098,-16.906738,-14.221191
6416,0.075684,0.677246,-0.591309,46.386719,-24.719238,-15.808105
6417,0.094238,0.825195,-0.562500,47.119141,-39.550781,-6.408691
6418,0.154785,0.851074,-0.569336,48.278809,-46.936035,-2.563477
6419,0.220215,0.843750,-0.598145,51.208496,-52.734375,2.136230
6420,0.231934,0.812988,-0.649902,62.683105,-58.044434,5.676270
6421,0.193359,0.828125,-0.627930,61.523438,-74.035645,10.192871
6422,0.075195,0.820312,-0.513184,41.137695,-80.688477,26.000977
6423,-0.000977,0.748535,-0.606934,1.831055,-88.500977,27.893066
6424,0.027832,0.672852,-0.754883,-14.709473,-96.801758,31.616211
6425,0.015137,0.628418,-0.751465,-12.817383,-94.116211,28.808594
6426,0.021484,0.594727,-0.770996,-5.981445,-89.050293,20.568848
6427,0.000977,0.616211,-0.697266,16.418457,-76.293945,5.798340
6428,-0.002441,0.714844,-0.646973,16.662598,-69.152832,7.019043
6429,-0.009277,0.734375,-0.695801,8.422852,-61.828613,10.437012
6430,-0.052734,0.700195,-0.732910,-5.310059,-48.706055,13.183594
6431,-0.009277,0.700684,-0.805664,-29.724121,-38.146973,13.366699
6432,0.016113,0.690430,-0.830078,-42.785645,-24.719238,16.357422
6433,-0.011719,0.682129,-0.805664,-50.109863,-7.873535,18.493652
6434,-0.048828,0.641602,-0.782715,-43.579102,23.620605,10.803223
6435,-0.064453,0.621582,-0.765625,-38.574219,33.996582,2.136230
6436,-0.035645,0.648926,-0.749023,-28.930664,39.550781,-2.563477
6437,0.004395,0.679688,-0.695312,-13.793945,42.663574,0.366211
6438,0.009277,0.675781,-0.576172,9.216309,36.193848,-4.028320
6439,0.047363,0.721680,-0.569336,20.385742,24.230957,-9.460449
6440,0.068359,0.798828,-0.508789,17.395020,-6.103516,-9.765625
6441,0.056641,0.794922,-0.541992,11.474609,-20.751953,-8.056641
6442,0.028809,0.764160,-0.610840,13.610840,-43.090820,-7.080078
6443,-0.009277,0.672852,-0.732422,17.578125,-46.325684,-13.671875
6444,-0.018066,0.662598,-0.755859,17.944336,-42.541504,-20.996094
6445,-0.029785,0.686035,-0.757812,29.357910,-35.339355,-19.775391
6446,-0.060059,0.749512,-0.615234,50.598145,-20.996094,5.371094
6447,-0.053711,0.765137,-0.613770,48.767090,-20.568848,8.117676
6448,-0.010254,0.783203,-0.650879,40.649414,-24.291992,4.516602
6449,0.081543,0.798828,-0.740723,14.831543,-30.212402,6.896973
6450,0.057617,0.786621,-0.778809,3.479004,-32.775879,7.812500
6451,0.031250,0.748535,-0.793945,-0.305176,-33.203125,8.056641
6452,0.008301,0.687988,-0.800293,-1.220703,-30.090332,3.601074
6453,-0.027832,0.649902,-0.824219,-10.498047,-17.700195,-10.437012
6454,-0.049316,0.654785,-0.832031,-14.587402,-11.535645,-16.052246
6455,-0.067383,0.722656,-0.752441,-2.807617,-1.342773,-13.549805
6456,-0.057617,0.744629,-0.695801,4.028320,5.493164,-2.563477
6457,-0.074219,0.675293,-0.658691,8.056641,11.352539,4.699707
6458,-0.061035,0.632812,-0.659668,13.793945,11.718750,4.638672
6459,-0.061035,0.641602,-0.606445,17.883301,-1.708984,2.380371
6460,-0.080566,0.647949,-0.629395,14.160156,-12.268066,1.525879
6461,-0.077637,0.661133,-0.688965,7.995605,-21.301270,2.868652
6462,-0.039551,0.636230,-0.829590,-13.366699,-23.010254,6.408691
6463,-0.087402,0.630371,-0.782715,7.568359,-19.470215,15.991211
6464,-0.086914,0.600586,-0.716309,14.404297,-11.352539,11.657715
6465,-0.090332,0.565430,-0.639160,12.023926,-12.451172,2.319336
6466,-0.096680,0.609375,-0.624023,13.916016,-17.944336,-6.042480
6467,-0.080566,0.669922,-0.634277,9.155273,-24.414062,-13.061523
6468,-0.037109,0.776855,-0.689941,-18.188477,-30.761719,-12.512207
6469,-0.034180,0.794922,-0.720703,-42.358398,-31.494141,-9.399414
6470,-0.043457,0.822266,-0.724121,-68.847656,-30.700684,2.380371
6471,-0.074219,0.830566,-0.742676,-67.993164,-29.602051,13.549805
6472,-0.123047,0.787109,-0.760742,-63.110352,-27.099609,21.301270
6473,-0.130859,0.733398,-0.803711,-51.696777,-21.484375,23.376465
6474,-0.121582,0.676270,-0.840332,-31.433105,0.366211,12.451172
6475,-0.109863,0.657227,-0.805664,-21.301270,9.765625,4.516602
6476,-0.035645,0.724121,-0.809082,-17.395020,17.333984,-2.075195
6477,-0.018066,0.891113,-0.650391,-31.616211,32.775879,3.906250
6478,-0.048340,0.854492,-0.634766,-38.085938,34.301758,10.681152
6479,-0.073242,0.825684,-0.630371,-31.188965,29.724121,18.859863
6480,-0.116699,0.753906,-0.526855,-15.686035,11.108398,38.391113
6481,-0.067383,0.748047,-0.556152,-25.512695,-0.122070,39.367676
6482,-0.062500,0.710938,-0.590332,-31.921387,-10.131836,37.597656
6483,-0.054688,0.695312,-0.605469,-34.240723,-16.479492,33.508301
6484,-0.049805,0.670898,-0.600586,-31.677246,-15.502930,23.437500
6485,-0.041016,0.667480,-0.618652,-26.428223,-12.878418,14.465332
6486,-0.016602,0.685547,-0.630859,-20.812988,-10.742188,4.943848
6487,0.018555,0.804688,-0.643066,-9.887695,-7.263184,-1.953125
6488,0.001953,0.810547,-0.627441,0.915527,-7.019043,3.540039
6489,-0.056152,0.809570,-0.554199,24.963379,-8.666992,16.479492
6490,-0.098633,0.676758,-0.351562,43.212891,-24.047852,20.324707
6491,-0.052734,0.661133,-0.388184,24.841309,-39.611816,10.742188
6492,-0.075195,0.654297,-0.487793,2.624512,-55.358887,2.563477
6493,-0.060059,0.744141,-0.680176,-5.737305,-76.660156,-10.437012
6494,-0.041504,0.786133,-0.715332,-2.929688,-75.683594,-14.648438
6495,-0.047852,0.781250,-0.742676,-3.906250,-67.321777,-19.958496
6496,-0.039062,0.819824,-0.738770,-11.047363,-53.710938,-25.634766
6497,-0.058105,0.798340,-0.680664,-16.540527,-27.465820,-20.385742
6498,-0.103027,0.759766,-0.606445,-7.202148,-21.850586,-20.629883
6499,-0.108887,0.759766,-0.570312,-2.502441,-20.263672,-20.996094
6500,-0.041504,0.805664,-0.633301,4.089355,-21.423340,-11.047363
6501,-0.155273,0.799805,-0.641602,9.399414,-28.442383,2.136230
6502,-0.138184,0.818848,-0.702148,4.455566,-29.479980,0.000000
6503,0.069824,1.051270,-0.669922,9.582520,-5.920410,19.287109
6504,-0.004883,0.934570,-0.743164,-10.986328,12.512207,32.592773
6505,-0.109375,0.791016,-0.606445,-12.390137,18.310547,32.165527
6506,-0.235352,0.571777,-0.439453,-13.000488,-10.986328,8.850098
6507,-0.271973,0.583008,-0.402832,-21.667480,-34.301758,-0.915527
6508,-0.306641,0.629883,-0.402832,-12.817383,-57.678223,1.647949
6509,-0.193848,0.639648,-0.454102,14.404297,-96.618652,0.000000
6510,-0.125977,0.681641,-0.504883,8.483887,-106.323242,-7.324219
6511,-0.105957,0.732910,-0.547363,-2.380371,-108.520508,-13.000488
6512,-0.109863,0.773438,-0.640137,-10.375977,-102.722168,-14.038086
6513,-0.169922,0.916992,-0.724121,-28.564453,-70.007324,-3.356934
6514,-0.166016,0.922852,-0.727051,-46.386719,-52.917480,6.225586
6515,-0.182129,0.893555,-0.696289,-61.035156,-40.832520,15.502930
6516,-0.204102,0.850098,-0.664062,-68.847656,-33.386230,20.629883
6517,-0.235352,0.811035,-0.554199,-41.076660,-32.592773,35.888672
6518,-0.246094,0.732910,-0.545410,-22.094727,-34.973145,35.888672
6519,-0.259766,0.742676,-0.561523,-24.230957,-36.621094,26.672363
6520,-0.255371,0.760742,-0.548828,-27.893066,-45.471191,12.451172
6521,-0.220703,0.812988,-0.554688,-27.709961,-47.668457,8.117676
6522,-0.203125,0.872070,-0.561035,-27.526855,-47.119141,5.249023
6523,-0.208984,0.889648,-0.557617,-26.550293,-46.752930,4.699707
6524,-0.212402,0.847656,-0.495117,-15.991211,-49.011230,11.535645
6525,-0.230957,0.821289,-0.457520,-8.178711,-49.072266,17.028809
6526,-0.220703,0.822754,-0.420410,5.004883,-47.607422,24.719238
6527,-0.211914,0.786621,-0.439941,8.728027,-41.931152,26.794434
6528,-0.196289,0.770996,-0.462891,6.896973,-44.921875,17.211914
6529,-0.193359,0.778320,-0.458496,2.197266,-50.720215,7.568359
6530,-0.227051,0.809082,-0.468262,-10.986328,-52.124023,0.305176
6531,-0.284668,0.906250,-0.460449,-23.925781,-52.368164,-3.112793
6532,-0.260254,0.947266,-0.443848,-26.855469,-56.518555,1.098633
6533,-0.247559,0.941406,-0.451660,-31.250000,-60.974121,6.042480
6534,-0.285156,0.851074,-0.464355,-31.250000,-77.453613,1.770020
6535,-0.296875,0.830078,-0.428223,-24.475098,-94.055176,-6.958008
6536,-0.253906,0.860840,-0.352051,-1.892090,-109.252930,-1.770020
6537,-0.188477,0.945801,-0.287598,31.127930,-108.886719,34.179688
6538,-0.243652,0.929688,-0.363281,25.085449,-97.045898,42.907715
6539,-0.337402,0.852051,-0.463379,11.596680,-88.806152,40.893555
6540,-0.346191,0.798828,-0.505371,-10.192871,-85.144043,26.428223
6541,-0.334961,0.803711,-0.493652,-23.498535,-76.782227,20.080566
6542,-0.299316,0.826660,-0.466797,-29.235840,-66.955566,15.502930
6543,-0.235840,0.939453,-0.376465,-33.081055,-61.523438,18.493652
6544,-0.252930,1.014160,-0.285645,-54.565430,-69.396973,42.480469
6545,-0.337891,0.949707,-0.358887,-50.964355,-81.604004,48.156738
6546,-0.374023,0.930176,-0.362793,-32.348633,-93.750000,49.194336
6547,-0.327637,1.005371,-0.263672,-11.901855,-104.980469,66.467285
6548,-0.317871,0.993652,-0.240234,-15.075684,-107.421875,80.566406
6549,-0.322266,0.976562,-0.181152,-20.996094,-120.117188,103.149414
6550,-0.322266,1.003906,-0.148926,-25.146484,-130.065918,112.487793
6551,-0.316406,1.028320,-0.141113,-27.282715,-140.075684,124.328613
6552,-0.328613,0.947754,-0.211426,-13.244629,-151.123047,145.385742
6553,-0.300781,0.867676,-0.261719,-5.981445,-148.010254,138.977051
6554,-0.260742,0.867676,-0.291016,-9.399414,-142.150879,122.863770
6555,-0.233887,0.876465,-0.296875,-17.944336,-138.488770,104.736328
6556,-0.197266,0.889160,-0.265625,-43.823242,-133.911133,75.134277
6557,-0.189453,0.894043,-0.272949,-52.612305,-131.347656,63.842773
6558,-0.157227,0.912109,-0.293457,-53.405762,-127.868652,57.556152
6559,-0.106445,0.981934,-0.168457,-61.584473,-124.816895,68.664551
6560,-0.171387,0.878418,-0.204102,-52.734375,-123.596191,71.350098
6561,-0.172852,0.840820,-0.175293,-25.573730,-122.070312,68.359375
6562,-0.164551,0.712891,0.079590,0.366211,-114.501953,58.898926
6563,-0.043457,0.947754,-0.487793,2.563477,-107.482910,54.687500
6564,-0.125977,0.979004,-0.517578,21.667480,-71.960449,61.401367
6565,-0.026855,1.238281,-0.517578,73.730469,-7.873535,70.556641
6566,-0.007812,1.243164,-0.328613,78.796387,10.803223,85.571289
6567,-0.045898,1.128906,-0.161133,65.979004,15.686035,97.595215
6568,-0.041504,0.979980,-0.088379,35.156250,-7.568359,106.933594
6569,-0.017578,1.008789,-0.138672,26.794434,-24.230957,104.980469
6570,0.007324,1.090820,-0.145508,17.150879,-37.658691,102.233887
6571,-0.053711,0.907227,0.039062,-38.513184,-63.049316,90.332031
6572,-0.049316,0.846191,-0.013672,-76.232910,-77.148438,77.758789
6573,-0.021484,0.862305,-0.066406,-108.825684,-84.777832,63.476562
6574,0.184570,1.161133,-0.518066,-139.099121,-84.411621,53.344727
6575,0.107910,0.989258,-0.510254,-107.543945,-61.584473,61.523438
6576,0.137695,0.916504,-0.305664,-88.623047,-36.315918,55.236816
6577,0.191895,0.862305,-0.119629,-87.097168,-22.583008,49.133301
6578,0.200684,0.848145,-0.018066,-107.360840,-25.695801,31.005859
6579,0.188477,0.881348,0.055176,-119.018555,-33.508301,24.719238
6580,0.169434,0.970703,0.174805,-138.183594,-40.039062,15.380859
6581,0.010742,0.723633,0.009766,-176.330566,-41.870117,3.784180
6582,0.133789,0.813965,-0.187988,-189.514160,-20.141602,-8.300781
6583,0.198730,0.852051,-0.354004,-180.541992,5.371094,-10.437012
6584,0.291504,1.200684,-0.204102,-121.459961,55.725098,23.010254
6585,0.216309,1.182129,0.106445,-124.267578,74.279785,50.781250
6586,0.173828,1.132324,0.283203,-143.005371,77.941895,65.063477
6587,0.211426,1.099609,0.292480,-155.517578,69.763184,75.622559
6588,0.165527,0.889160,0.405273,-145.263672,28.503418,87.158203
6589,0.099121,0.773438,0.286133,-144.104004,11.840820,78.430176
6590,0.032227,0.703613,0.143066,-127.746582,0.244141,52.551270
6591,0.174805,0.917969,0.206055,-106.445312,14.221191,-16.113281
6592,0.204590,0.936035,0.356934,-107.421875,17.822266,-27.099609
6593,0.195801,0.959961,0.559570,-106.201172,5.554199,-44.982910
6594,0.197754,0.956543,0.566406,-86.914062,-10.742188,-35.339355
6595,0.181641,0.906738,0.632812,-71.350098,-30.944824,-23.498535
6596,0.126953,0.827637,0.602539,-53.833008,-62.866211,-4.272461
6597,0.139648,0.775391,0.563965,-51.696777,-73.425293,-10.375977
6598,0.170410,0.805664,0.441895,-54.748535,-72.692871,-20.263672
6599,0.187500,0.787109,0.324219,-60.852051,-56.945801,-31.005859
6600,0.288086,0.846680,0.224121,-67.626953,-6.408691,-38.269043
6601,0.398438,0.918457,0.258301,-58.288574,16.723633,-17.883301
6602,0.342285,0.901367,0.500977,-57.678223,24.658203,12.695312
6603,-0.090820,0.588867,0.473633,-46.569824,51.208496,-40.710449
6604,0.052246,0.724121,0.469238,-55.053711,75.134277,-91.369629
6605,0.203125,0.876465,0.549316,-55.297852,94.665527,-106.689453
6606,-0.026855,0.722656,0.732910,-65.307617,99.731445,-118.164062
6607,-0.015137,0.941895,0.833984,-74.707031,69.824219,-131.591797
6608,-0.109375,0.841309,0.869629,-74.645996,38.208008,-140.808105
6609,-0.202148,0.735352,0.867676,-75.378418,0.976562,-162.353516
6610,-0.284668,0.668457,0.757812,-113.220215,-64.514160,-217.102051
6611,-0.335938,0.632812,0.743652,-136.901855,-88.623047,-241.699219
6612,-0.360840,0.645020,0.707031,-154.663086,-106.140137,-265.563965
6613,-0.347168,0.773926,0.678223,-161.254883,-114.013672,-310.119629
6614,-0.285156,0.874023,0.547363,-151.977539,-90.820312,-325.195312
6615,-0.125000,0.932617,0.490723,-138.610840,-54.382324,-323.852539
6616,0.134766,1.050293,0.716309,-119.628906,2.197266,-259.155273
6617,0.159180,1.011719,0.738281,-103.698730,1.342773,-198.730469
6618,0.046875,0.894043,0.654785,-79.589844,-1.342773,-139.343262
6619,-0.214844,0.593262,0.592285,-40.893555,31.066895,-54.016113
6620,-0.296875,0.503418,0.709961,-30.700684,50.048828,-34.545898
6621,-0.351074,0.452148,0.779297,-18.432617,59.631348,-26.123047
6622,-0.356445,0.456543,0.793945,5.371094,67.626953,-22.949219
6623,-0.370605,0.500000,0.822266,6.835938,72.875977,-25.695801
6624,-0.374023,0.553711,0.836426,-3.784180,80.871582,-28.320312
6625,-0.338867,0.500000,0.869141,-22.644043,88.195801,-33.264160
6626,-0.389160,0.453125,0.886230,-53.710938,72.875977,-39.794922
6627,-0.416992,0.462402,0.869629,-54.077148,52.673340,-38.696289
6628,-0.442383,0.452637,0.856445,-52.246094,29.174805,-38.513184
6629,-0.561523,0.317871,0.863281,-55.358887,4.699707,-63.476562
6630,-0.572266,0.296875,0.896484,-65.368652,2.075195,-81.176758
6631,-0.569336,0.230957,0.897461,-86.181641,1.159668,-97.412109
6632,-0.587402,0.150391,0.906250,-111.755371,1.037598,-114.929199
6633,-0.681641,0.023438,1.016602,-186.340332,1.098633,-170.227051
6634,-0.727051,0.051758,1.023926,-231.445312,5.554199,-212.585449
6635,-0.732422,0.111328,1.017090,-270.080566,13.549805,-261.230469
6636,-0.638672,0.288574,1.055176,-306.030273,13.000488,-340.026855
6637,-0.580566,0.310059,1.051270,-303.588867,-5.798340,-357.116699
6638,-0.567383,0.285156,1.025879,-292.297363,-33.020020,-360.107422
6639,-0.558105,0.016602,0.785645,-231.445312,-89.172363,-332.031250
6640,-0.518555,-0.117676,0.650879,-180.725098,-104.003906,-312.194824
6641,-0.448730,-0.181152,0.566406,-125.549316,-106.933594,-287.963867
6642,-0.240234,-0.150879,0.676758,-56.701660,-85.510254,-223.693848
6643,-0.167480,-0.168457,0.787109,-45.959473,-68.786621,-187.011719
6644,-0.144043,-0.183594,0.859375,-44.433594,-56.823730,-148.071289
6645,-0.160156,-0.227539,0.838379,-42.480469,-50.231934,-108.398438
6646,-0.193359,-0.317383,0.780273,-24.047852,-31.433105,-45.898438
6647,-0.225098,-0.364746,0.798340,-17.089844,-17.944336,-27.099609
6648,-0.286621,-0.399902,0.844238,-16.967773,-2.990723,-16.479492
6649,-0.303711,-0.480469,0.856934,-44.494629,33.447266,-5.676270
6650,-0.273438,-0.501465,0.847656,-50.964355,44.250488,-2.807617
6651,-0.218750,-0.540527,0.904297,-68.298340,33.996582,0.671387
6652,-0.222656,-0.529297,0.916992,-75.073242,13.793945,0.793457
6653,-0.223145,-0.528320,0.897461,-81.604004,-10.681152,-2.197266
6654,-0.217773,-0.537598,0.853516,-84.411621,-33.569336,-7.873535
6655,-0.444824,-0.536621,0.975098,-56.091309,-70.617676,-11.657715
6656,-0.392578,-0.535156,0.660645,-61.828613,-61.828613,-14.160156
6657,-0.213379,-0.536621,0.760254,-57.739258,-9.460449,-0.976562
6658,-0.218750,-0.548340,0.893066,-64.514160,2.990723,4.821777
6659,-0.260742,-0.585938,0.943359,-73.730469,1.342773,7.690430
6660,-0.322754,-0.658203,0.757324,-72.265625,-12.695312,-0.793457
6661,-0.299805,-0.675293,0.718750,-69.885254,-18.493652,-15.136719
6662,-0.287109,-0.649414,0.716309,-64.636230,-23.620605,-27.099609
6663,-0.264160,-0.605469,0.743652,-61.584473,-29.846191,-30.273438
6664,-0.203125,-0.644043,0.747070,-54.565430,-43.640137,-19.226074
6665,-0.206543,-0.670898,0.764648,-51.940918,-46.020508,-13.793945
6666,-0.222168,-0.670410,0.764160,-51.025391,-46.447754,-8.972168
6667,-0.236816,-0.671387,0.818848,-61.523438,-45.532227,-5.737305
6668,-0.214844,-0.673828,0.841309,-79.772949,-45.898438,-9.094238
6669,-0.159180,-0.680176,0.769043,-115.539551,-54.443359,-13.000488
6670,-0.146484,-0.683594,0.660156,-118.286133,-57.128906,-7.812500
6671,-0.151855,-0.696289,0.545898,-110.412598,-55.114746,-3.906250
6672,-0.179688,-0.757324,0.482910,-93.261719,-50.720215,-3.601074
6673,-0.243652,-0.812988,0.542480,-51.635742,-38.330078,-24.291992
6674,-0.162598,-0.763184,0.555176,-36.437988,-34.729004,-35.888672
6675,-0.121094,-0.764648,0.562012,-27.832031,-33.569336,-38.818359
6676,-0.130371,-0.826172,0.625000,-23.864746,-44.982910,-37.231445
6677,-0.136719,-0.807617,0.641602,-19.836426,-57.373047,-39.672852
6678,-0.110840,-0.766113,0.605957,-14.587402,-65.979004,-43.457031
6679,-0.018066,-0.747070,0.682617,-8.239746,-75.439453,-50.231934
6680,-0.068848,-0.778809,0.796875,-25.146484,-80.200195,-55.297852
6681,0.044922,-0.829102,0.665039,-59.692383,-89.660645,-63.354492
6682,0.051270,-0.821777,0.736328,-72.021484,-106.689453,-59.753418
6683,0.044922,-0.809570,0.745117,-86.547852,-124.877930,-52.185059
6684,0.078613,-0.786133,0.637695,-120.849609,-129.211426,-36.071777
6685,0.041992,-0.797363,0.623535,-129.577637,-119.995117,-36.376953
6686,-0.009766,-0.847168,0.586914,-139.282227,-106.628418,-44.433594
6687,0.011719,-0.879395,0.525391,-154.418945,-83.984375,-60.668945
6688,0.112305,-0.804688,0.545410,-185.058594,-51.269531,-83.068848
6689,0.138184,-0.803223,0.460449,-200.134277,-45.471191,-85.693359
6690,0.145020,-0.819824,0.366699,-209.594727,-41.320801,-88.500977
6691,0.176270,-0.840820,0.236816,-200.134277,-47.485352,-100.830078
6692,0.211426,-0.851562,0.199707,-191.955566,-52.917480,-104.675293
6693,0.249023,-0.838379,0.190918,-188.293457,-59.020996,-105.346680
6694,0.304199,-0.810059,0.178711,-195.251465,-66.650391,-98.693848
6695,0.304199,-0.806152,0.152344,-203.735352,-66.101074,-96.557617
6696,0.313965,-0.798340,0.121582,-216.247559,-57.617188,-100.769043
6697,0.312012,-0.814941,0.171387,-231.689453,-59.448242,-108.581543
6698,0.374023,-0.796387,0.129395,-257.812500,-64.147949,-114.746094
6699,0.418457,-0.767090,-0.014160,-281.372070,-65.063477,-112.609863
6700,0.472168,-0.797363,-0.327637,-280.395508,-55.175781,-97.778320
6701,0.477539,-0.815918,-0.453613,-252.136230,-44.555664,-87.646484
6702,0.478516,-0.828613,-0.535645,-212.524414,-34.667969,-78.186035
6703,0.448242,-0.858887,-0.604980,-113.098145,-18.371582,-63.110352
6704,0.365234,-0.880859,-0.338379,-83.740234,-23.132324,-72.387695
6705,0.544434,-0.640137,-0.095215,-153.137207,-41.076660,-91.430664
6706,0.588867,-0.606445,-0.227051,-201.354980,-41.259766,-83.435059
6707,0.572266,-0.663086,-0.446289,-222.351074,-36.193848,-74.157715
6708,0.561523,-0.679199,-0.635254,-209.655762,-28.686523,-64.392090
6709,0.540039,-0.664062,-0.722168,-132.751465,-11.230469,-47.607422
6710,0.541504,-0.630371,-0.669434,-101.684570,-4.638672,-42.785645
6711,0.488281,-0.622070,-0.545410,-88.256836,-3.479004,-45.166016
6712,0.555176,-0.597656,-0.404297,-134.887695,-22.094727,-67.993164
6713,0.632812,-0.561523,-0.584473,-155.151367,-21.362305,-71.899414
6714,0.656738,-0.555664,-0.729004,-153.076172,-12.573242,-65.979004
6715,0.658691,-0.565918,-0.794434,-110.412598,2.136230,-45.959473
6716,0.628906,-0.547363,-0.729004,-91.125488,5.493164,-39.428711
6717,0.624023,-0.524902,-0.627441,-86.730957,4.943848,-36.254883
6718,0.641602,-0.470703,-0.690918,-91.796875,-2.990723,-25.939941
6719,0.651367,-0.467773,-0.791504,-78.186035,-5.371094,-16.662598
6720,0.623535,-0.451172,-0.820801,-55.480957,-5.798340,-8.178711
6721,0.623047,-0.434570,-0.781738,-34.240723,-5.859375,-0.915527
6722,0.573242,-0.405273,-0.659180,-23.498535,-2.746582,2.075195
6723,0.565430,-0.413086,-0.684082,-25.451660,0.000000,-1.220703
6724,0.595215,-0.423828,-0.746582,-17.883301,3.601074,-3.845215
6725,0.639160,-0.435547,-0.750000,11.169434,5.554199,3.356934
6726,0.641602,-0.425781,-0.755371,23.010254,3.051758,13.732910
6727,0.625488,-0.417480,-0.749512,35.339355,2.685547,23.803711
6728,0.560059,-0.435547,-0.725586,54.138184,11.596680,33.081055
6729,0.565430,-0.448730,-0.739746,66.162109,18.981934,32.592773
6730,0.576660,-0.452148,-0.711426,79.040527,25.390625,32.531738
6731,0.617188,-0.472168,-0.713867,93.261719,30.029297,33.996582
6732,0.671875,-0.505371,-0.760742,131.225586,49.377441,41.809082
6733,0.677246,-0.521973,-0.752441,155.456543,60.058594,48.095703
6734,0.653809,-0.530273,-0.719727,177.795410,71.105957,54.260254
6735,0.585449,-0.533203,-0.521484,197.753906,78.430176,65.979004
6736,0.588379,-0.578125,-0.413086,184.448242,66.772461,71.716309
6737,0.616211,-0.593750,-0.329590,158.691406,51.513672,72.937012
6738,0.642090,-0.595703,-0.356445,123.474121,40.100098,74.218750
6739,0.615234,-0.684570,-0.640625,121.276855,47.973633,83.435059
6740,0.570312,-0.745605,-0.666016,163.085938,52.673340,88.317871
6741,0.572266,-0.761230,-0.598145,211.975098,56.213379,91.430664
6742,0.593262,-0.747559,-0.354004,268.554688,60.607910,100.158691
6743,0.502930,-0.768066,-0.158203,266.479492,66.833496,105.346680
6744,0.451172,-0.761230,-0.062500,248.168945,66.345215,105.834961
6745,0.433105,-0.760742,-0.014648,226.928711,62.683105,103.576660
6746,0.391602,-0.761230,-0.052734,208.679199,64.575195,100.341797
6747,0.343262,-0.757324,-0.017090,213.073730,66.345215,98.266602
6748,0.296875,-0.753418,0.016602,219.970703,68.664551,93.811035
6749,0.288086,-0.750000,0.083008,227.905273,73.181152,85.266113
6750,0.344238,-0.740234,0.232910,222.900391,74.584961,66.589355
6751,0.351074,-0.738770,0.294922,208.007812,72.570801,63.476562
6752,0.362793,-0.744629,0.349609,168.701172,65.551758,70.129395
6753,0.330566,-0.775391,0.320801,154.235840,64.880371,78.735352
6754,0.288574,-0.800781,0.328125,149.230957,62.927246,85.449219
6755,0.246094,-0.819824,0.337891,156.005859,58.044434,88.195801
6756,0.213379,-0.827637,0.335449,174.011230,51.452637,89.599609
6757,0.188477,-0.790527,0.342285,228.637695,53.527832,84.106445
6758,0.130859,-0.702637,0.548340,252.929688,70.007324,72.021484
6759,0.103027,-0.665039,0.600586,253.723145,75.134277,63.049316
6760,0.109863,-0.645508,0.675781,249.694824,78.491211,53.771973
6761,0.161621,-0.632812,0.768066,235.229492,76.721191,49.682617
6762,0.239746,-0.619629,0.695801,201.416016,76.293945,69.213867
6763,0.203613,-0.619141,0.583008,212.646484,82.092285,84.716797
6764,0.153809,-0.590332,0.536621,245.849609,89.599609,99.426270
6765,0.098633,-0.541992,0.540527,290.344238,97.961426,113.769531
6766,-0.037598,-0.404785,0.710938,366.394043,114.013672,129.516602
6767,-0.101074,-0.316895,0.865723,380.859375,115.783691,130.798340
6768,-0.141113,-0.241699,1.004883,376.403809,110.351562,130.187988
6769,-0.081543,-0.101562,1.015137,332.275391,107.116699,134.399414
6770,-0.065430,-0.048340,0.889648,320.678711,122.253418,143.859863
6771,-0.132324,-0.028809,0.864258,329.833984,139.526367,151.000977
6772,-0.356934,0.002930,1.180664,339.416504,129.211426,143.554688
6773,-0.414062,0.022461,1.316406,315.795898,98.327637,126.403809
6774,-0.417480,0.083496,1.362793,274.902344,61.950684,104.064941
6775,-0.365723,0.284180,1.394531,171.386719,3.356934,63.354492
6776,-0.314453,0.383301,1.386719,102.233887,-20.385742,53.588867
6777,-0.294434,0.384766,1.190430,38.452148,-27.038574,46.630859
6778,-0.301758,0.396484,1.082031,-7.934570,-17.272949,36.682129
6779,-0.324707,0.267578,1.007324,-40.527344,3.356934,16.418457
6780,-0.321777,0.207520,0.983398,-27.832031,5.676270,6.835938
6781,-0.279297,0.171387,0.997070,11.718750,2.502441,-2.014160
6782,-0.262207,0.191406,1.024414,19.104004,1.525879,-4.455566
6783,-0.251465,0.204102,1.050781,14.831543,-0.122070,-7.263184
6784,-0.240234,0.206543,1.049805,2.197266,-2.685547,-10.925293
6785,-0.213379,0.203613,0.971191,-21.850586,-6.835938,-12.573242
6786,-0.215332,0.203613,0.968262,-23.498535,-7.568359,-10.314941
6787,-0.211426,0.186523,0.952148,-24.047852,-8.605957,-9.277344
6788,-0.216309,0.174805,0.933594,-22.216797,-6.042480,-11.596680
6789,-0.214844,0.138184,0.934570,-14.526367,-7.995605,-10.986328
6790,-0.195312,0.134277,0.976562,-8.789062,-12.451172,-13.977051
6791,-0.187988,0.145996,0.986816,-16.479492,-16.052246,-13.366699
6792,-0.195312,0.156738,0.974609,-25.085449,-20.324707,-10.131836
6793,-0.205566,0.137695,0.961914,-28.503418,-26.611328,-6.347656
6794,-0.161621,0.157227,0.882812,-21.789551,-29.479980,-3.906250
6795,-0.150879,0.166504,0.884766,-11.718750,-22.399902,-0.549316
6796,-0.163086,0.183105,0.993164,-5.859375,-17.639160,2.502441
6797,-0.196289,0.155762,1.053711,-28.686523,-15.991211,4.577637
6798,-0.206543,0.136719,1.048828,-39.245605,-15.136719,-1.342773
6799,-0.206543,0.137695,1.068359,-47.851562,-17.700195,-8.911133
6800,-0.204590,0.112305,1.080566,-60.913086,-34.606934,-22.338867
6801,-0.208008,0.130371,1.118164,-65.490723,-45.349121,-22.033691
6802,-0.199707,0.102539,1.127930,-80.139160,-53.710938,-20.935059
6803,-0.184082,0.081055,1.088867,-98.510742,-56.274414,-24.230957
6804,-0.152344,0.073242,1.008301,-113.098145,-52.062988,-29.418945
6805,-0.154785,0.045898,0.999023,-111.145020,-50.537109,-31.433105
6806,-0.126465,0.007324,1.011719,-109.802246,-48.461914,-38.635254
6807,-0.111328,-0.009766,1.017578,-113.525391,-47.241211,-41.503906
6808,-0.107422,-0.036133,1.023438,-119.750977,-47.119141,-44.189453
6809,-0.104980,-0.062988,1.021973,-126.953125,-48.767090,-48.522949
6810,-0.080566,-0.116699,0.948242,-121.398926,-57.006836,-49.194336
6811,-0.070312,-0.132324,0.942383,-105.651855,-58.410645,-44.616699
6812,-0.049805,-0.145508,0.977051,-93.627930,-57.739258,-38.940430
6813,0.018066,-0.147949,1.033691,-93.383789,-41.381836,-29.785156
6814,-0.007324,-0.191895,1.020020,-97.106934,-32.165527,-26.123047
6815,-0.038574,-0.237793,0.991211,-94.299316,-25.878906,-26.855469
6816,-0.040039,-0.249023,1.009277,-82.885742,-23.376465,-34.912109
6817,-0.030273,-0.259277,1.021973,-83.374023,-25.512695,-40.222168
6818,-0.021973,-0.280273,1.023926,-87.463379,-28.381348,-47.180176
6819,-0.004883,-0.310547,1.040527,-102.600098,-36.499023,-59.814453
6820,0.012207,-0.345703,1.029785,-110.473633,-44.921875,-62.622070
6821,0.068848,-0.360352,1.031738,-132.019043,-61.157227,-62.927246
6822,0.083496,-0.368652,0.995605,-145.751953,-66.894531,-62.377930
6823,0.087402,-0.378418,0.939941,-156.982422,-68.603516,-62.011719
6824,0.091797,-0.422363,0.873535,-159.545898,-71.594238,-64.819336
6825,0.116699,-0.437012,0.847168,-154.663086,-71.105957,-65.124512
6826,0.159668,-0.460449,0.830078,-150.695801,-68.054199,-62.438965
6827,0.190918,-0.492188,0.803223,-146.301270,-62.683105,-56.152344
6828,0.196289,-0.568848,0.773926,-134.277344,-51.696777,-42.724609
6829,0.207520,-0.594238,0.759766,-130.065918,-45.166016,-39.062500
6830,0.206055,-0.609375,0.751465,-123.840332,-34.179688,-36.437988
6831,0.207520,-0.637207,0.739746,-121.582031,-31.860352,-37.231445
6832,0.225098,-0.643066,0.731934,-120.971680,-30.578613,-38.208008
6833,0.251465,-0.647461,0.693359,-118.164062,-28.686523,-39.062500
6834,0.290527,-0.653809,0.660645,-113.525391,-23.437500,-37.231445
6835,0.341797,-0.704102,0.635742,-103.271484,-10.437012,-26.184082
6836,0.320801,-0.723633,0.643066,-98.510742,-6.103516,-20.812988
6837,0.233398,-0.749023,0.688965,-98.022461,-19.470215,-23.803711
6838,0.219727,-0.728516,0.691406,-105.529785,-29.724121,-29.174805
6839,0.217773,-0.711914,0.707031,-118.774414,-40.222168,-35.339355
6840,0.247559,-0.693359,0.680664,-135.925293,-49.804688,-41.870117
6841,0.297852,-0.707520,0.562988,-160.400391,-60.180664,-51.940918
6842,0.327637,-0.744629,0.520020,-162.048340,-62.194824,-58.166504
6843,0.388184,-0.790527,0.475098,-161.132812,-60.913086,-71.533203
6844,0.404785,-0.798340,0.449219,-161.254883,-60.852051,-76.171875
6845,0.412109,-0.791504,0.430664,-162.292480,-63.354492,-79.895020
6846,0.478027,-0.778809,0.359863,-174.072266,-70.190430,-73.669434
6847,0.494629,-0.785156,0.293945,-177.368164,-71.533203,-64.453125
6848,0.499023,-0.799805,0.211426,-172.546387,-70.251465,-54.443359
6849,0.422852,-0.864746,0.153320,-137.817383,-70.861816,-52.429199
6850,0.380859,-0.854492,0.260254,-130.920410,-79.895020,-64.086914
6851,0.392578,-0.813965,0.338867,-143.920898,-91.735840,-80.749512
6852,0.436035,-0.741211,0.337891,-210.144043,-106.750488,-107.727051
6853,0.604004,-0.713867,0.146484,-247.131348,-107.482910,-107.055664
6854,0.623047,-0.720703,0.010742,-272.521973,-104.980469,-97.473145
6855,0.623535,-0.729004,-0.113281,-279.541016,-103.637695,-82.763672
6856,0.563477,-0.745605,-0.310059,-237.365723,-110.229492,-66.589355
6857,0.508301,-0.741699,-0.293457,-210.937500,-114.929199,-74.890137
6858,0.491699,-0.700684,-0.187500,-201.232910,-121.093750,-90.759277
6859,0.574219,-0.537598,-0.140625,-243.591309,-124.938965,-118.469238
6860,0.643555,-0.504883,-0.272461,-270.019531,-114.624023,-117.492676
6861,0.681152,-0.520020,-0.413574,-279.113770,-100.158691,-107.604980
6862,0.692383,-0.556641,-0.694824,-233.581543,-70.068359,-72.875977
6863,0.702148,-0.569824,-0.788086,-185.607910,-54.260254,-54.077148
6864,0.687500,-0.602051,-0.787598,-133.911133,-41.870117,-42.724609
6865,0.643066,-0.616699,-0.664062,-99.487305,-37.780762,-46.325684
6866,0.693848,-0.467773,-0.437012,-124.694824,-55.480957,-65.979004
6867,0.741211,-0.387695,-0.541016,-159.667969,-64.758301,-65.734863
6868,0.747559,-0.389648,-0.689941,-177.856445,-67.810059,-59.143066
6869,0.695312,-0.476074,-0.858398,-141.174316,-60.241699,-45.349121
6870,0.693359,-0.460938,-0.817383,-110.961914,-57.434082,-42.724609
6871,0.691406,-0.408203,-0.759766,-91.247559,-58.105469,-38.757324
6872,0.714844,-0.281250,-0.710449,-95.031738,-63.049316,-26.611328
6873,0.675293,-0.245117,-0.740723,-100.341797,-61.950684,-14.343262
6874,0.617188,-0.256836,-0.772461,-95.764160,-60.729980,-2.624512
6875,0.522949,-0.249023,-0.762207,-69.030762,-51.818848,3.784180
6876,0.499512,-0.229980,-0.722656,-59.692383,-45.898438,1.647949
6877,0.479004,-0.217285,-0.665039,-56.701660,-39.306641,-2.014160
6878,0.486816,-0.229492,-0.632324,-58.898926,-32.348633,-8.178711
6879,0.589355,-0.229492,-0.696289,-67.260742,-7.263184,-23.132324
6880,0.600586,-0.227051,-0.705566,-71.044922,1.647949,-26.062012
6881,0.607422,-0.248535,-0.683105,-77.148438,0.549316,-28.198242
6882,0.606934,-0.286621,-0.679199,-91.064453,-14.892578,-35.034180
6883,0.611328,-0.271973,-0.726074,-91.674805,-17.639160,-35.766602
6884,0.586426,-0.226074,-0.758789,-86.425781,-15.563965,-27.282715
6885,0.613281,-0.237305,-0.797852,-54.626465,0.488281,4.577637
6886,0.589844,-0.176270,-0.782715,-41.687012,6.225586,18.920898
6887,0.557617,-0.117188,-0.809570,-32.775879,6.591797,29.479980
6888,0.526367,-0.067871,-0.832520,-26.733398,5.676270,36.499023
6889,0.457520,-0.111328,-0.776367,-27.343750,-4.699707,24.597168
6890,0.451660,-0.098145,-0.737305,-35.888672,-10.314941,10.803223
6891,0.520508,-0.060547,-0.804688,-50.781250,-6.469727,-8.117676
6892,0.541016,-0.044434,-0.835938,-49.621582,1.464844,-9.887695
6893,0.555176,-0.039062,-0.888184,-41.503906,6.835938,-9.826660
6894,0.589355,-0.044434,-0.944336,-11.901855,10.253906,-8.728027
6895,0.589844,-0.034180,-0.864746,-7.568359,10.192871,-5.371094
6896,0.563965,-0.082520,-0.800293,-15.258789,3.723145,-2.136230
6897,0.548340,-0.078125,-0.828125,-31.677246,-7.141113,-0.549316
6898,0.545898,-0.062012,-0.838379,-34.545898,-8.544922,3.051758
6899,0.529297,-0.055176,-0.854004,-33.508301,-7.751465,5.615234
6900,0.511719,-0.077637,-0.833984,-27.099609,-6.958008,1.831055
6901,0.509766,-0.075195,-0.808105,-27.770996,-5.554199,-3.417969
6902,0.522461,-0.086426,-0.786133,-31.616211,-3.967285,-7.629395
6903,0.511230,-0.084473,-0.757324,-35.644531,-4.150391,-9.399414
6904,0.560547,-0.014160,-0.753418,-41.442871,-5.187988,1.098633
6905,0.573730,0.038086,-0.767090,-45.104980,-3.540039,10.620117
6906,0.550293,0.074707,-0.797363,-46.264648,0.122070,17.639160
6907,0.479980,0.076172,-0.814941,-38.940430,4.638672,9.277344
6908,0.472656,0.049805,-0.721680,-42.236328,2.441406,-7.629395
6909,0.491699,0.040527,-0.653809,-56.640625,-1.586914,-26.184082
6910,0.515625,0.051270,-0.648926,-75.134277,-3.540039,-38.146973
6911,0.614258,0.091309,-0.759766,-89.050293,1.342773,-34.790039
6912,0.636230,0.139160,-0.826172,-81.970215,5.126953,-21.728516
6913,0.584961,0.193848,-0.876953,-55.297852,13.244629,2.319336
6914,0.547852,0.174316,-0.853516,-44.006348,15.136719,3.601074
6915,0.550293,0.167480,-0.829102,-37.719727,16.052246,-0.244141
6916,0.562988,0.149414,-0.791016,-36.682129,17.211914,-7.568359
6917,0.600586,0.179688,-0.824707,-31.982422,18.493652,-14.282227
6918,0.625977,0.192871,-0.825684,-27.832031,20.263672,-8.544922
6919,0.639648,0.185547,-0.844727,-22.094727,22.094727,0.610352
6920,0.634766,0.173340,-0.919434,5.859375,23.132324,20.690918
6921,0.660156,0.161133,-0.998047,31.799316,23.864746,30.212402
6922,0.626465,0.183105,-0.993652,100.097656,29.357910,45.593262
6923,0.664551,0.194824,-0.987793,134.338379,35.400391,61.279297
6924,0.662598,0.208496,-0.998535,169.128418,49.255371,86.303711
6925,0.601562,0.167969,-0.948242,206.726074,65.734863,110.717773
6926,0.529297,0.024902,-0.649902,240.783691,85.266113,120.422363
6927,0.530762,-0.017090,-0.560059,227.844238,87.219238,107.604980
6928,0.574707,-0.046875,-0.561523,207.946777,86.486816,89.965820
6929,0.646973,-0.090820,-0.754883,199.890137,87.951660,68.115234
6930,0.681152,-0.119141,-0.796387,218.505859,88.012695,66.955566
6931,0.714844,-0.163086,-0.825684,247.192383,90.209961,73.852539
6932,0.709961,-0.164551,-0.890137,335.388184,106.506348,105.712891
6933,0.667969,-0.181641,-0.780762,386.047363,112.792969,122.009277
6934,0.631836,-0.220215,-0.586914,417.785645,113.952637,136.535645
6935,0.547363,-0.392578,-0.260254,429.626465,105.590820,159.973145
6936,0.509766,-0.499023,-0.080566,412.292480,102.233887,156.250000
6937,0.490723,-0.602051,0.063477,381.652832,99.975586,136.718750
6938,0.536621,-0.727539,0.260742,289.062500,93.933105,69.763184
6939,0.609375,-0.752441,0.267090,237.426758,93.933105,37.597656
6940,0.724121,-0.770020,0.184082,192.749023,100.097656,17.639160
6941,0.763672,-0.820312,0.044434,173.828125,108.703613,9.765625
6942,0.744629,-0.889160,0.030273,181.884766,110.229492,16.296387
6943,0.769531,-0.853027,0.024902,188.598633,108.947754,35.827637
6944,0.730957,-0.856445,0.058105,196.960449,110.351562,60.180664
6945,0.629883,-0.840332,0.167969,215.942383,111.694336,82.885742
6946,0.610352,-0.779297,0.257324,215.332031,113.464355,85.205078
6947,0.583008,-0.767090,0.295898,210.815430,116.088867,88.928223
6948,0.478027,-0.811035,0.411133,212.402344,115.417480,81.542969
6949,0.475098,-0.796387,0.481445,206.848145,114.501953,76.354980
6950,0.493164,-0.776367,0.485840,200.195312,118.164062,74.645996
6951,0.503906,-0.746582,0.473145,199.584961,126.403809,79.589844
6952,0.468262,-0.679199,0.409180,223.144531,158.386230,102.600098
6953,0.305664,-0.653320,0.513672,256.774902,188.476562,113.159180
6954,0.189941,-0.662598,0.576660,263.244629,193.237305,107.788086
6955,0.264648,-0.548828,0.639160,266.418457,196.838379,101.379395
6956,0.251953,-0.388184,0.833984,261.047363,179.748535,103.881836
6957,0.191406,-0.364258,0.827637,255.249023,173.706055,107.055664
6958,0.154785,-0.325684,0.803711,247.985840,177.551270,111.083984
6959,0.007324,-0.359863,0.868652,241.333008,190.307617,113.769531
6960,-0.072266,-0.362305,0.957031,239.318848,178.588867,106.140137
6961,-0.099121,-0.354492,1.027832,232.666016,157.897949,95.275879
6962,-0.112793,-0.324219,1.105469,195.068359,109.741211,69.030762
6963,-0.037109,-0.246094,1.130859,165.771484,91.613770,56.457520
6964,-0.017090,-0.208496,1.171387,127.746582,73.791504,51.025391
6965,-0.004395,-0.211426,1.088379,90.454102,64.086914,48.400879
6966,-0.045410,-0.235352,0.942383,50.903320,69.641113,49.194336
6967,-0.111328,-0.250488,0.916504,59.265137,66.223145,50.354004
6968,-0.166016,-0.251953,0.921875,76.782227,58.227539,49.804688
6969,-0.200195,-0.203613,1.003906,99.792480,41.015625,38.635254
6970,-0.187012,-0.156250,1.027344,96.191406,37.048340,31.188965
6971,-0.187988,-0.111816,1.041992,85.388184,35.766602,25.756836
6972,-0.179688,-0.085938,1.085449,52.429199,29.357910,20.141602
6973,-0.187500,-0.089844,1.096191,35.766602,22.583008,16.052246
6974,-0.211426,-0.087402,1.114258,18.310547,11.962891,10.986328
6975,-0.254883,-0.101074,1.127930,-16.601562,-26.977539,-7.812500
6976,-0.214844,-0.085938,1.073730,-34.667969,-41.259766,-15.625000
6977,-0.154785,-0.075195,0.985352,-49.011230,-38.513184,-17.761230
6978,-0.114258,-0.104004,0.867188,-36.499023,-30.822754,-16.113281
6979,-0.123535,-0.103027,0.882812,-20.202637,-25.085449,-14.038086
6980,-0.146484,-0.097656,0.936523,-9.033203,-23.803711,-12.573242
6981,-0.190430,-0.104492,0.995605,7.202148,-46.875000,-36.254883
6982,-0.200195,-0.104980,1.095703,-2.075195,-64.636230,-52.795410
6983,-0.194824,-0.104004,1.190918,-29.418945,-86.730957,-65.429688
6984,-0.120117,-0.113281,1.086914,-97.717285,-106.811523,-72.631836
6985,-0.074219,-0.128906,0.976074,-114.318848,-100.097656,-71.655273
6986,-0.034668,-0.191406,0.875488,-107.788086,-84.838867,-72.204590
6987,0.008301,-0.214355,0.744141,-13.732910,-42.480469,-78.857422
6988,-0.006348,-0.198242,0.822754,41.381836,-26.062012,-92.346191
6989,-0.055176,-0.167969,1.030762,63.293457,-21.118164,-107.055664
6990,-0.134277,-0.161621,1.112305,11.230469,-50.048828,-133.789062
6991,0.013184,-0.080566,1.165039,-23.681641,-60.852051,-139.648438
6992,0.051270,-0.069336,1.092773,-47.851562,-68.969727,-136.535645
6993,0.038574,-0.081055,0.934082,-36.987305,-58.959961,-138.610840
6994,0.031250,-0.055664,0.934082,-13.244629,-57.617188,-150.390625
6995,0.028320,-0.056641,0.987305,6.408691,-65.795898,-166.625977
6996,0.030273,-0.040527,1.017578,13.732910,-82.763672,-185.119629
6997,0.159180,0.033691,0.905273,8.972168,-98.571777,-200.683594
6998,0.172363,-0.089355,0.415039,25.817871,-60.974121,-200.988770
6999,0.341309,0.025879,0.831055,116.577148,50.231934,-210.021973
7000,0.246582,0.039551,0.991699,137.573242,85.144043,-198.730469
7001,0.190918,0.047363,1.240723,121.398926,107.788086,-185.058594
7002,0.148438,0.046875,1.483887,72.448730,98.876953,-162.536621
7003,0.111328,-0.003418,1.410156,-59.753418,28.198242,-111.633301
7004,0.125488,-0.062988,1.153809,-99.792480,7.446289,-99.731445
7005,0.150879,-0.061523,0.962402,-104.187012,9.765625,-97.290039
7006,0.143555,-0.037598,0.904785,-82.824707,25.085449,-96.984863
7007,0.121582,-0.089355,0.828125,-21.545410,80.078125,-85.571289
7008,0.133301,-0.165039,0.883301,0.488281,101.074219,-81.909180
7009,0.037598,-0.237793,0.817383,26.916504,122.009277,-94.177246
7010,0.123047,0.034180,0.836914,40.283203,102.539062,-85.998535
7011,0.150391,0.109375,0.976074,33.996582,97.778320,-72.631836
7012,0.134766,0.110840,1.074707,7.446289,81.542969,-60.546875
7013,0.034180,-0.087402,1.014648,-55.114746,65.185547,-72.753906
7014,0.018555,-0.088379,1.051758,-86.486816,55.786133,-88.500977
7015,0.020508,-0.090332,1.030762,-114.929199,44.250488,-99.426270
7016,0.034180,-0.123047,0.943359,-132.995605,29.846191,-96.862793
7017,0.052734,-0.170898,0.888184,-99.975586,24.902344,-83.190918
7018,0.052246,-0.235840,0.945312,-44.921875,19.226074,-69.396973
7019,0.010742,-0.347168,1.117188,3.479004,17.333984,-61.340332
7020,-0.012207,-0.437012,1.288086,21.972656,17.944336,-62.438965
7021,0.009277,-0.407227,1.460938,-23.132324,18.371582,-59.143066
7022,-0.007324,-0.412598,1.457031,-59.814453,17.456055,-49.011230
7023,-0.030273,-0.410156,1.259766,-94.482422,26.123047,-30.822754
7024,0.003906,-0.351562,1.138184,-86.120605,40.466309,-22.399902
7025,0.027832,-0.291992,1.063965,-68.664551,60.241699,-12.023926
7026,0.007324,-0.276367,1.045898,-50.537109,100.219727,2.136230
7027,-0.016602,-0.259766,1.037109,-57.800293,113.464355,4.821777
7028,-0.040527,-0.240234,0.996094,-72.570801,121.398926,7.263184
7029,-0.066406,-0.237305,0.940918,-99.182129,120.361328,10.742188
7030,-0.121094,-0.261719,0.885254,-107.604980,111.999512,12.634277
7031,-0.143555,-0.285645,0.901367,-114.990234,99.304199,14.465332
7032,-0.149414,-0.257324,0.894531,-125.915527,84.106445,17.150879
7033,-0.094727,-0.218262,0.662109,-141.540527,84.289551,31.372070
7034,-0.091797,-0.227051,0.507324,-123.962402,113.098145,33.508301
7035,-0.123535,-0.235352,0.405762,-85.144043,156.066895,29.907227
7036,-0.354980,-0.193848,0.502441,7.263184,243.164062,9.887695
7037,-0.443848,-0.188477,0.702148,25.451660,260.681152,-4.882812
7038,-0.435059,-0.178223,0.813477,15.625000,254.333496,-21.362305
7039,-0.317871,-0.225586,0.821777,-42.724609,205.688477,-50.415039
7040,-0.314453,-0.296875,0.942871,-83.374023,171.386719,-64.636230
7041,-0.358398,-0.388184,0.939941,-126.403809,129.943848,-70.739746
7042,-0.412109,-0.550293,0.842285,-153.686523,86.181641,-69.274902
7043,-0.629395,-0.859375,0.572266,-143.554688,19.897461,-53.222656
7044,-0.703125,-0.974121,0.492188,-118.103027,8.605957,-41.503906
7045,-0.714355,-1.054199,0.465820,-89.904785,13.671875,-30.151367
7046,-0.648926,-0.859375,0.517090,-50.476074,56.396484,-9.582520
7047,-0.602051,-0.750977,0.604980,-43.884277,80.749512,7.080078
7048,-0.460449,-0.628418,0.706055,-47.729492,102.722168,25.207520
7049,-0.412598,-0.566895,0.679199,-57.800293,113.403320,31.982422
7050,-0.381348,-0.534180,0.658203,-70.922852,125.488281,38.452148
7051,-0.408203,-0.514648,0.500000,-92.163086,143.554688,49.377441
7052,-0.454102,-0.532715,0.427734,-95.092773,146.789551,52.429199
7053,-0.499023,-0.555664,0.372559,-91.552734,140.930176,54.687500
7054,-0.535645,-0.570312,0.339355,-84.228516,128.662109,57.189941
7055,-0.587891,-0.561035,0.338379,-76.293945,103.637695,63.964844
7056,-0.606445,-0.551270,0.352051,-78.796387,91.674805,65.917969
7057,-0.639648,-0.535156,0.315430,-81.115723,81.787109,70.922852
7058,-0.679199,-0.546387,0.252441,-79.467773,78.125000,80.139160
7059,-0.699707,-0.542480,0.097656,-69.396973,92.834473,104.858398
7060,-0.700684,-0.512695,0.110352,-57.861328,99.792480,119.628906
7061,-0.736816,-0.494141,0.162109,-41.992188,94.970703,130.004883
7062,-0.938477,-0.485352,0.294434,-13.916016,61.767578,128.601074
7063,-1.016113,-0.474121,0.354004,-13.427734,44.372559,115.722656
7064,-1.059570,-0.452637,0.372559,-20.629883,34.484863,98.022461
7065,-1.071289,-0.430176,0.337891,-37.292480,31.372070,60.791016
7066,-1.054199,-0.424805,0.274414,-40.344238,37.536621,47.241211
7067,-1.020508,-0.412598,0.210938,-39.733887,45.715332,38.757324
7068,-0.948730,-0.407715,0.116699,-27.709961,64.392090,33.081055
7069,-0.913086,-0.429688,0.060547,-19.226074,76.599121,28.686523
7070,-0.887207,-0.426758,0.045898,-9.216309,88.562012,26.916504
7071,-0.891113,-0.448242,0.037598,-0.061035,101.623535,40.588379
7072,-0.865723,-0.430176,0.044922,0.183105,106.994629,44.738770
7073,-0.854004,-0.380371,0.085938,-0.488281,107.482910,50.598145
7074,-0.873047,-0.339355,0.095703,-11.840820,100.769043,57.006836
7075,-0.880371,-0.351074,0.015137,-24.597168,103.393555,55.786133
7076,-0.908203,-0.357422,-0.032715,-35.339355,108.215332,56.457520
7077,-0.896484,-0.375000,-0.109375,-36.254883,111.511230,61.157227
7078,-0.886719,-0.393555,-0.234375,-2.746582,114.379883,74.157715
7079,-0.915527,-0.362793,-0.203613,9.277344,114.624023,77.880859
7080,-0.972656,-0.347656,-0.122070,-6.286621,103.393555,71.411133
7081,-0.974609,-0.336426,-0.101074,-23.742676,86.853027,62.805176
7082,-0.960449,-0.312500,-0.194824,-40.893555,68.542480,56.579590
7083,-0.938477,-0.295410,-0.307129,-49.743652,54.321289,57.006836
7084,-0.952637,-0.271973,-0.347168,-41.687012,31.494141,59.997559
7085,-0.963379,-0.248535,-0.338379,-32.714844,17.150879,57.312012
7086,-0.936523,-0.207520,-0.305176,-16.662598,-19.470215,43.334961
7087,-0.908691,-0.181641,-0.263672,-12.023926,-43.029785,34.912109
7088,-0.891602,-0.148438,-0.171387,-10.375977,-66.589355,25.024414
7089,-0.908691,-0.140625,-0.069336,-15.075684,-86.791992,12.329102
7090,-0.860840,-0.122559,-0.143066,-39.367676,-102.783203,-3.234863
7091,-0.848145,-0.128418,-0.199219,-39.855957,-93.994141,-5.615234
7092,-0.842285,-0.158691,-0.197754,-27.343750,-85.205078,-4.577637
7093,-0.835449,-0.241699,-0.215332,15.502930,-80.200195,3.234863
7094,-0.838379,-0.255371,-0.199219,32.531738,-86.364746,9.521484
7095,-0.883301,-0.234375,-0.099609,46.936035,-99.304199,17.089844
7096,-0.939941,-0.227051,0.028320,49.560547,-117.980957,20.385742
7097,-1.007324,-0.239258,0.056152,40.100098,-111.389160,17.089844
7098,-1.017090,-0.240234,0.059570,29.174805,-95.336914,18.066406
7099,-1.017090,-0.254395,0.072266,16.601562,-74.340820,21.240234
7100,-0.967285,-0.288086,-0.020508,-2.746582,-62.377930,31.188965
7101,-0.939453,-0.278320,-0.047363,6.347656,-83.251953,40.771484
7102,-0.962891,-0.177246,0.251465,39.123535,-148.742676,46.813965
7103,-1.059570,-0.156738,0.503418,28.442383,-174.255371,36.682129
7104,-1.059082,-0.165527,0.684570,-13.977051,-189.208984,24.047852
7105,-0.817383,-0.120117,0.509766,-140.502930,-151.245117,22.827148
7106,-0.718750,-0.132812,0.323730,-180.847168,-102.966309,39.733887
7107,-0.733887,-0.163574,0.074707,-182.128906,-53.710938,61.523438
7108,-0.785645,-0.316895,-0.064941,-73.059082,-14.587402,92.224121
7109,-0.796387,-0.282227,-0.065918,-11.718750,-29.907227,104.370117
7110,-0.784180,-0.221191,0.068359,30.883789,-60.729980,117.492676
7111,-0.965332,0.018066,0.511230,33.935547,-127.258301,121.093750
7112,-0.998047,0.086914,0.575684,-3.540039,-140.380859,107.910156
7113,-1.009277,0.111816,0.655762,-51.086426,-144.775391,88.256836
7114,-0.953125,0.084961,0.579590,-129.272461,-146.301270,57.434082
7115,-0.927246,0.055176,0.390137,-149.169922,-140.869141,56.701660
7116,-0.895996,-0.034668,0.165527,-109.375000,-158.935547,70.312500
7117,-0.866211,0.009277,0.288086,-55.236816,-173.583984,71.228027
7118,-0.887207,0.059082,0.509766,-17.944336,-177.856445,69.824219
7119,-0.834961,0.090332,0.614258,-14.038086,-168.640137,68.481445
7120,-0.792969,0.123047,0.711426,-70.556641,-146.362305,70.495605
7121,-0.747070,0.075195,0.595703,-92.956543,-141.052246,74.951172
7122,-0.714355,-0.014648,0.458008,-90.393066,-144.287109,78.918457
7123,-0.639648,-0.036133,0.360840,-13.244629,-175.109863,83.374023
7124,-0.644531,0.046387,0.575684,35.339355,-189.880371,86.120605
7125,-0.684082,0.158203,1.078613,39.123535,-181.030273,81.359863
7126,-0.635254,0.223633,1.151367,-9.582520,-159.362793,73.181152
7127,-0.578613,0.247559,1.116699,-66.284180,-135.314941,63.659668
7128,-0.557129,0.213867,0.965820,-107.971191,-115.966797,56.762695
7129,-0.582520,0.143066,0.813477,-108.215332,-120.666504,49.438477
7130,-0.614258,0.048340,0.647949,-79.833984,-148.315430,52.124023
7131,-0.604492,0.050781,0.653320,-42.541504,-182.189941,58.044434
7132,-0.587891,0.108398,1.005859,5.920410,-218.444824,62.316895
7133,-0.542969,0.143066,1.188477,-7.080078,-211.364746,54.321289
7134,-0.456055,0.169434,1.292969,-43.884277,-193.115234,42.968750
7135,-0.294434,0.116699,1.249023,-126.403809,-141.357422,23.437500
7136,-0.278320,0.044434,1.173828,-149.108887,-122.680664,16.845703
7137,-0.309082,-0.004395,1.051270,-154.479980,-116.577148,12.695312
7138,-0.348633,-0.040039,0.944336,-142.517090,-121.032715,10.864258
7139,-0.339355,-0.106934,0.874512,-97.167969,-147.460938,8.422852
7140,-0.285156,-0.115723,0.862305,-76.354980,-157.897949,4.150391
7141,-0.215820,-0.102539,0.894043,-61.157227,-162.902832,-1.281738
7142,-0.017578,-0.094727,1.090332,-57.006836,-151.611328,8.056641
7143,0.036621,-0.145996,1.137207,-62.500000,-130.371094,25.146484
7144,0.003418,-0.184570,1.175781,-60.607910,-110.839844,40.832520
7145,-0.133789,-0.187988,1.238281,-57.373047,-88.562012,43.029785
7146,-0.180664,-0.163086,1.263184,-71.228027,-82.763672,29.907227
7147,-0.201172,-0.154785,1.243164,-94.543457,-78.002930,12.817383
7148,-0.137695,-0.207520,1.114746,-136.474609,-68.725586,-21.850586
7149,-0.082031,-0.250000,1.039551,-144.592285,-65.551758,-32.226562
7150,-0.034180,-0.294922,0.963379,-142.089844,-63.415527,-37.414551
7151,0.022949,-0.318848,0.924805,-131.225586,-62.805176,-38.391113
7152,0.062012,-0.335938,0.960938,-115.600586,-75.622559,-31.860352
7153,0.069336,-0.339844,1.121582,-126.098633,-89.477539,-29.052734
7154,0.064453,-0.304688,1.129883,-150.024414,-101.867676,-27.526855
7155,0.063477,-0.290039,1.068359,-178.039551,-108.276367,-27.893066
7156,0.071289,-0.333496,0.875977,-208.984375,-101.318359,-36.071777
7157,0.077637,-0.376465,0.795410,-207.763672,-91.369629,-41.931152
7158,0.091797,-0.430176,0.768066,-197.509766,-82.153320,-50.231934
7159,0.099609,-0.466797,0.861816,-190.063477,-79.040527,-61.584473
7160,0.180664,-0.446289,1.164551,-248.229980,-99.975586,-82.824707
7161,0.245117,-0.439453,1.055664,-299.377441,-107.482910,-84.655762
7162,0.293945,-0.462402,0.874023,-337.097168,-107.055664,-79.895020
7163,0.314453,-0.595703,0.558594,-329.223633,-97.229004,-58.715820
7164,0.350098,-0.671875,0.369629,-295.776367,-90.820312,-46.875000
7165,0.303223,-0.810547,0.227539,-252.807617,-69.702148,-47.424316
7166,0.310059,-0.869141,0.282715,-215.087891,-51.025391,-57.800293
7167,0.429199,-0.769531,0.479980,-190.124512,-48.706055,-63.598633
7168,0.494629,-0.717773,0.457031,-204.528809,-54.748535,-51.269531
7169,0.502441,-0.699707,0.335938,-219.787598,-54.931641,-35.217285
7170,0.406250,-0.766602,0.097656,-204.833984,-51.025391,-21.484375
7171,0.342285,-0.855469,0.024414,-179.626465,-46.691895,-29.296875
7172,0.275879,-0.889648,0.237793,-163.208008,-50.781250,-50.476074
7173,0.439941,-0.688477,0.401367,-218.750000,-78.796387,-74.340820
7174,0.522461,-0.645508,0.197754,-248.229980,-77.636719,-65.917969
7175,0.555664,-0.677734,-0.054688,-249.389648,-68.359375,-49.072266
7176,0.494141,-0.821289,-0.408691,-161.865234,-35.949707,-25.634766
7177,0.451660,-0.848145,-0.357910,-107.543945,-25.146484,-31.005859
7178,0.377930,-0.863281,0.125000,-81.726074,-37.109375,-76.843262
7179,0.470703,-0.757812,0.340332,-130.737305,-61.645508,-97.412109
7180,0.585938,-0.607910,0.266113,-195.068359,-86.059570,-98.449707
7181,0.649902,-0.562500,-0.030273,-240.783691,-95.031738,-81.176758
7182,0.531738,-0.762207,-0.610352,-199.890137,-65.795898,-41.625977
7183,0.469727,-0.833984,-0.753906,-140.502930,-44.860840,-47.973633
7184,0.473633,-0.793945,-0.608887,-83.251953,-34.240723,-61.828613
7185,0.581543,-0.688965,-0.084961,-91.247559,-66.528320,-87.158203
7186,0.666504,-0.614746,0.000977,-147.583008,-96.740723,-88.439941
7187,0.728516,-0.574707,-0.214355,-196.533203,-115.112305,-78.063965
7188,0.665527,-0.641602,-0.864746,-173.095703,-86.486816,-38.330078
7189,0.613770,-0.654785,-1.013672,-109.985352,-55.480957,-26.367188
7190,0.612305,-0.583496,-0.956055,-43.823242,-28.198242,-20.629883
7191,0.523926,-0.657227,-0.520020,22.949219,-6.774902,-23.315430
7192,0.620117,-0.638672,-0.373535,7.507324,-13.854980,-34.179688
7193,0.697754,-0.609863,-0.365234,-11.230469,-28.808594,-34.423828
7194,0.687500,-0.697754,-0.567383,-13.793945,-25.878906,-16.845703
7195,0.671387,-0.704102,-0.570312,6.774902,-14.770508,-9.887695
7196,0.618652,-0.698242,-0.553711,70.922852,16.723633,11.047363
7197,0.496094,-0.774902,-0.376465,82.275391,31.127930,0.183105
7198,0.527344,-0.752441,-0.131348,66.406250,28.015137,-16.723633
7199,0.598633,-0.693848,-0.016602,28.686523,16.357422,-26.611328
7200,0.703613,-0.691895,-0.231445,-39.184570,13.854980,-17.211914
7201,0.674316,-0.714355,-0.360840,-41.931152,20.202637,-5.187988
7202,0.647949,-0.701172,-0.468262,-23.803711,28.686523,6.347656
7203,0.618652,-0.617188,-0.618164,46.691895,69.824219,32.226562
7204,0.605469,-0.586426,-0.662598,93.017578,101.745605,47.119141
7205,0.531738,-0.613281,-0.656738,142.395020,131.713867,53.527832
7206,0.435547,-0.631348,-0.112793,172.241211,130.249023,18.432617
7207,0.524414,-0.571289,0.020020,134.765625,113.037109,-0.305176
7208,0.625488,-0.516113,0.026855,82.580566,101.806641,-6.896973
7209,0.738770,-0.562012,-0.321777,30.029297,113.525391,16.113281
7210,0.729492,-0.626953,-0.524902,59.753418,134.094238,37.597656
7211,0.689453,-0.680176,-0.667480,123.962402,160.034180,56.884766
7212,0.577637,-0.681152,-0.524902,277.465820,215.637207,73.364258
7213,0.526367,-0.664062,-0.290527,328.125000,235.290527,72.082520
7214,0.510254,-0.645996,-0.022949,351.806641,242.858887,66.650391
7215,0.681152,-0.726074,0.373047,329.040527,242.065430,59.570312
7216,0.645996,-0.770020,0.442383,299.072266,235.778809,64.086914
7217,0.678223,-0.789551,0.537109,270.507812,224.975586,71.472168
7218,0.673828,-0.813965,0.584473,247.192383,208.496094,82.946777
7219,0.531738,-0.818359,0.534180,220.031738,181.884766,98.693848
7220,0.463867,-0.807129,0.545410,219.970703,172.424316,96.008301
7221,0.412109,-0.763672,0.577148,224.487305,165.039062,88.256836
7222,0.360352,-0.664062,0.646484,228.393555,164.916992,72.509766
7223,0.339355,-0.650879,0.706543,226.684570,173.034668,66.406250
7224,0.315918,-0.630371,0.937988,197.082520,177.673340,61.889648
7225,0.296875,-0.615723,0.997070,165.710449,168.273926,65.063477
7226,0.276855,-0.603027,0.998047,131.103516,154.846191,65.795898
7227,0.256348,-0.537598,0.847168,80.322266,135.620117,64.025879
7228,0.218262,-0.541992,0.773926,77.026367,135.314941,64.575195
7229,0.178711,-0.535645,0.725098,87.341309,136.779785,63.415527
7230,0.150391,-0.504883,0.680176,105.834961,140.808105,63.049316
7231,0.056641,-0.447266,0.732910,151.855469,144.775391,61.950684
7232,0.000977,-0.413086,0.799805,166.503906,139.526367,57.800293
7233,-0.051758,-0.309570,0.933105,163.330078,120.300293,44.799805
7234,-0.054199,-0.283691,1.004883,145.019531,114.501953,40.161133
7235,-0.063477,-0.279785,1.085449,116.943359,109.558105,35.522461
7236,-0.064453,-0.247559,1.125488,81.848145,105.468750,33.691406
7237,-0.116699,-0.282227,1.006836,23.620605,102.722168,40.954590
7238,-0.132324,-0.328613,0.923340,19.897461,100.891113,42.602539
7239,-0.145020,-0.347656,0.845215,35.522461,98.632812,42.480469
7240,-0.196777,-0.329102,0.840332,86.425781,102.905273,45.593262
7241,-0.222656,-0.285156,0.885254,102.661133,106.628418,46.875000
7242,-0.241699,-0.230957,0.924805,109.497070,109.008789,48.095703
7243,-0.310059,-0.185059,0.948242,107.727051,107.971191,48.461914
7244,-0.332031,-0.157227,0.935547,106.384277,103.027344,45.593262
7245,-0.337891,-0.143066,0.959961,105.224609,98.144531,41.564941
7246,-0.319824,-0.101074,1.025879,66.833496,74.890137,32.104492
7247,-0.307617,-0.103516,0.967773,44.189453,70.190430,29.846191
7248,-0.294922,-0.116211,0.921875,30.334473,68.908691,28.991699
7249,-0.301270,-0.133789,0.776855,33.935547,73.303223,29.663086
7250,-0.334961,-0.129883,0.781250,47.180176,73.669434,31.372070
7251,-0.370117,-0.109863,0.771484,61.096191,71.655273,35.522461
7252,-0.401367,-0.079102,0.816406,72.021484,71.716309,42.724609
7253,-0.459473,-0.033691,0.882324,88.500977,70.922852,54.016113
7254,-0.490723,-0.015625,0.938477,90.270996,65.063477,55.358887
7255,-0.501465,0.005859,0.984375,88.256836,58.898926,54.626465
7256,-0.502441,0.024902,1.084473,66.162109,58.044434,51.330566
7257,-0.502930,0.050293,1.038574,50.231934,67.687988,49.743652
7258,-0.511230,0.080566,1.001953,39.367676,77.453613,49.011230
7259,-0.543457,0.060547,0.858887,49.133301,89.050293,46.936035
7260,-0.565430,0.077148,0.838867,62.744141,91.064453,44.433594
7261,-0.584961,0.103516,0.860840,70.617676,88.378906,43.518066
7262,-0.602539,0.117676,0.890137,56.945801,74.890137,37.719727
7263,-0.610840,0.170898,0.917969,47.424316,69.030762,33.386230
7264,-0.618164,0.185059,0.940918,34.973145,59.814453,28.076172
7265,-0.594238,0.214844,0.795410,10.131836,60.974121,18.554688
7266,-0.587891,0.205566,0.719238,9.521484,66.955566,18.737793
7267,-0.601074,0.194824,0.669922,20.080566,72.753906,20.324707
7268,-0.618652,0.199707,0.674805,31.188965,74.584961,23.376465
7269,-0.640625,0.210938,0.710449,42.175293,66.284180,25.329590
7270,-0.651367,0.226562,0.736816,38.024902,58.776855,24.780273
7271,-0.682129,0.238770,0.744141,18.981934,40.405273,18.249512
7272,-0.688965,0.254395,0.734375,9.399414,31.311035,13.000488
7273,-0.686035,0.261230,0.704102,1.403809,25.390625,9.338379
7274,-0.695312,0.261719,0.644043,-5.554199,21.606445,8.483887
7275,-0.685547,0.251465,0.604980,-2.075195,21.301270,9.643555
7276,-0.687500,0.244629,0.592773,8.483887,23.376465,9.826660
7277,-0.704590,0.246094,0.623535,19.042969,25.146484,9.521484
7278,-0.719238,0.253906,0.669434,24.536133,24.536133,1.464844
7279,-0.728027,0.264648,0.697266,17.395020,19.531250,-3.845215
7280,-0.734375,0.266113,0.720215,3.723145,9.216309,-8.789062
7281,-0.729492,0.255371,0.667969,-25.268555,-23.742676,-21.362305
7282,-0.722656,0.255371,0.652832,-35.217285,-43.579102,-27.832031
7283,-0.700195,0.258301,0.646484,-42.053223,-60.913086,-32.775879
7284,-0.657227,0.244629,0.605469,-43.457031,-69.152832,-35.095215
7285,-0.642090,0.240723,0.597168,-36.743164,-62.316895,-33.386230
7286,-0.632324,0.221680,0.594727,-26.245117,-53.039551,-29.724121
7287,-0.631836,0.202148,0.612305,4.638672,-38.940430,-25.207520
7288,-0.644043,0.214355,0.678223,13.610840,-38.940430,-22.583008
7289,-0.666504,0.184082,0.833008,-0.549316,-53.466797,-22.827148
7290,-0.668457,0.184570,0.862305,-18.920898,-63.598633,-28.625488
7291,-0.668457,0.186523,0.864746,-40.527344,-76.477051,-35.095215
7292,-0.664551,0.177246,0.835449,-58.227539,-92.468262,-42.053223
7293,-0.503906,0.130371,0.600098,-60.180664,-110.656738,-46.569824
7294,-0.433594,0.021973,0.639160,-24.780273,-97.534180,-35.095215
7295,-0.416016,-0.052734,0.820801,38.940430,-61.035156,-5.798340
7296,-0.406738,0.033203,0.966797,39.855957,-37.658691,7.995605
7297,-0.441406,0.072266,1.033203,27.893066,-16.723633,17.089844
7298,-0.524414,0.114258,0.955078,-13.305664,-0.610352,20.629883
7299,-0.563477,0.118652,0.902832,-23.986816,-4.577637,18.737793
7300,-0.589844,0.125977,0.873047,-30.151367,-16.662598,15.930176
7301,-0.599609,0.124023,0.850098,-35.949707,-33.874512,11.169434
7302,-0.606445,0.146973,0.860352,-46.142578,-76.049805,-5.187988
7303,-0.602539,0.156250,0.905762,-51.269531,-91.369629,-13.366699
7304,-0.580566,0.163574,0.923828,-59.570312,-97.351074,-20.996094
7305,-0.477051,0.152344,0.803711,-60.913086,-74.768066,-26.977539
7306,-0.441895,0.104004,0.763672,-41.381836,-57.739258,-25.085449
7307,-0.399414,0.053223,0.762695,-15.075684,-43.029785,-19.287109
7308,-0.330078,0.009766,0.826660,6.591797,-29.357910,-9.338379
7309,-0.308105,-0.022949,0.896484,20.324707,-0.732422,15.441895
7310,-0.344238,0.010742,0.900391,19.165039,6.774902,21.972656
7311,-0.389648,0.039062,0.889160,19.775391,5.004883,24.963379
7312,-0.470703,0.059082,0.933594,16.357422,-28.320312,21.972656
7313,-0.489258,0.078125,0.981934,7.324219,-52.978516,14.465332
7314,-0.498535,0.128418,1.036621,-29.235840,-77.331543,-3.967285
7315,-0.476074,0.154297,1.021484,-50.476074,-74.340820,-14.221191
7316,-0.450684,0.156738,0.956543,-65.368652,-67.016602,-22.644043
7317,-0.430664,0.124023,0.904297,-55.603027,-50.842285,-31.616211
7318,-0.338379,0.048340,0.787598,-33.691406,-41.015625,-27.770996
7319,-0.299805,0.005859,0.805664,-6.652832,-30.212402,-20.080566
7320,-0.250977,-0.012207,0.859375,35.705566,-12.145996,-1.281738
7321,-0.261230,-0.017090,0.913574,44.555664,-2.746582,7.934570
7322,-0.285645,-0.010254,0.975098,45.166016,2.014160,12.512207
7323,-0.324219,0.038086,1.028809,33.874512,-0.183105,13.732910
7324,-0.347168,0.040527,1.054688,22.277832,-3.479004,11.352539
7325,-0.355469,0.044434,1.047852,10.559082,-8.117676,6.835938
7326,-0.360840,0.044922,1.015625,-4.882812,-20.812988,-3.112793
7327,-0.357422,0.047852,1.008301,-11.779785,-25.695801,-7.507324
7328,-0.347656,0.057129,0.995117,-19.042969,-30.090332,-11.474609
7329,-0.337891,0.064941,0.985352,-30.151367,-43.029785,-17.395020
7330,-0.326172,0.068359,0.969727,-33.569336,-49.682617,-19.531250
7331,-0.321289,0.062988,0.973145,-35.217285,-55.175781,-21.667480
7332,-0.312500,0.061035,0.971191,-36.193848,-57.128906,-23.376465
7333,-0.276367,0.045410,0.933594,-31.066895,-44.982910,-24.353027
7334,-0.270020,0.028809,0.911621,-22.766113,-35.461426,-24.597168
7335,-0.257812,0.029785,0.914062,-12.512207,-26.489258,-23.498535
7336,-0.227051,0.001953,0.960449,2.563477,-18.981934,-16.540527
7337,-0.205566,-0.014648,1.017578,0.671387,-20.019531,-12.634277
7338,-0.192871,-0.018066,1.072266,-9.765625,-23.376465,-7.751465
7339,-0.227051,-0.020508,1.086914,-37.109375,-29.785156,2.136230
7340,-0.243164,-0.022461,1.036133,-43.457031,-30.029297,3.479004
7341,-0.256348,-0.031250,0.969727,-40.100098,-26.184082,1.647949
7342,-0.257324,-0.039551,0.963867,-29.113770,-19.897461,-2.807617
7343,-0.240234,-0.026855,1.006348,-13.732910,-11.413574,-8.911133
7344,-0.223145,-0.042969,1.008789,-13.549805,-8.911133,-10.009766
7345,-0.187012,-0.061523,0.984375,-10.498047,-7.934570,-9.155273
7346,-0.181641,-0.065430,0.989258,-6.591797,-7.629395,-5.920410
7347,-0.188477,-0.064941,0.995117,-4.760742,-6.286621,-3.295898
7348,-0.182129,-0.050293,0.967285,-3.662109,-1.770020,-2.868652
7349,-0.175781,-0.047852,0.974609,0.915527,5.859375,-1.770020
7350,-0.176270,-0.054199,0.967285,2.197266,9.155273,-0.122070
7351,-0.178711,-0.052734,0.991699,8.972168,19.714355,6.530762
7352,-0.185547,-0.049316,1.010254,9.948730,24.780273,11.230469
7353,-0.201660,-0.046875,1.020020,9.521484,29.479980,15.625000
7354,-0.229004,-0.044922,1.022461,10.559082,34.057617,19.836426
7355,-0.259766,-0.036133,0.989258,16.967773,41.381836,24.108887
7356,-0.275879,-0.027344,1.012695,20.812988,43.395996,24.169922
7357,-0.276855,-0.013184,1.008301,21.423340,43.457031,23.742676
7358,-0.268066,-0.001465,1.002930,19.592285,45.593262,24.902344
7359,-0.267090,-0.011230,0.909668,26.123047,61.767578,28.625488
7360,-0.282715,-0.011230,0.926270,32.470703,64.575195,30.212402
7361,-0.317383,0.004883,0.960938,39.794922,61.828613,30.822754
7362,-0.331543,0.009766,0.980957,37.414551,60.302734,30.456543
7363,-0.339355,0.030762,0.952148,31.433105,59.204102,29.052734
7364,-0.377441,0.054688,0.960938,23.986816,54.443359,25.878906
7365,-0.394043,0.062500,0.920410,21.667480,51.452637,23.803711
7366,-0.408203,0.068848,0.939941,19.409180,47.241211,20.751953
7367,-0.416992,0.083984,0.957031,14.831543,40.588379,17.578125
7368,-0.425293,0.107910,0.933105,-4.089355,25.634766,13.061523
7369,-0.432129,0.110352,0.909668,-11.962891,16.540527,9.887695
7370,-0.424316,0.107422,0.874023,-22.399902,-2.502441,2.258301
7371,-0.413574,0.103516,0.868164,-26.184082,-12.329102,-1.953125
7372,-0.412109,0.099121,0.874512,-30.944824,-22.949219,-5.676270
7373,-0.413086,0.091797,0.875000,-35.949707,-34.545898,-9.643555
7374,-0.387207,0.076172,0.858887,-40.588379,-54.748535,-18.615723
7375,-0.366211,0.066895,0.860840,-38.574219,-62.011719,-22.644043
7376,-0.346191,0.044922,0.897949,-34.301758,-63.781738,-24.108887
7377,-0.298828,0.021484,0.941406,-35.339355,-50.415039,-19.836426
7378,-0.286133,0.004883,0.917969,-34.240723,-40.588379,-14.831543
7379,-0.290527,-0.018555,0.909180,-28.808594,-32.226562,-9.765625
7380,-0.276367,-0.041016,0.911621,-10.925293,-18.981934,-0.915527
7381,-0.295898,-0.050293,0.959961,-4.394531,-19.409180,2.502441
7382,-0.326172,-0.041504,1.021973,-4.699707,-27.709961,2.685547
7383,-0.362305,-0.007812,1.102539,-27.404785,-56.762695,-5.676270
7384,-0.362793,-0.016113,1.117676,-43.395996,-67.810059,-13.305664
7385,-0.337402,-0.029785,1.090820,-55.786133,-68.359375,-20.935059
7386,-0.292969,-0.039551,1.055176,-66.040039,-61.035156,-26.977539
7387,-0.204102,-0.102539,0.957031,-67.504883,-38.757324,-26.977539
7388,-0.185059,-0.139648,0.924316,-57.556152,-30.578613,-22.766113
7389,-0.155273,-0.153809,0.911133,-47.607422,-24.963379,-17.089844
7390,-0.175293,-0.147461,0.935059,-34.545898,-18.737793,-3.540039
7391,-0.207520,-0.124023,0.937012,-29.296875,-20.690918,-0.854492
7392,-0.236816,-0.111328,0.938965,-24.047852,-25.268555,-1.403809
7393,-0.343750,-0.098145,1.172852,-41.198730,-67.199707,-20.263672
7394,-0.342773,-0.071777,1.225586,-76.110840,-97.473145,-37.597656
7395,-0.326172,-0.021484,1.131348,-121.459961,-122.802734,-56.762695
7396,0.062012,-0.266602,0.959961,-90.759277,-35.034180,-33.203125
7397,-0.067871,-0.471680,1.336914,-57.006836,-2.075195,-11.962891
7398,-0.148926,-0.353027,1.204590,-55.725098,-10.070801,-12.817383
7399,-0.054199,-0.188965,0.815430,-66.467285,-16.479492,-12.390137
7400,-0.051758,-0.281250,0.792480,-58.715820,-20.141602,-11.047363
7401,-0.092285,-0.366211,0.820312,-45.349121,-23.742676,-12.878418
7402,-0.132324,-0.279297,1.070312,-39.306641,-28.869629,-23.376465
7403,-0.137695,-0.266602,1.168457,-55.725098,-27.587891,-27.526855
7404,-0.133301,-0.243652,1.120605,-75.378418,-27.160645,-35.217285
7405,-0.109863,-0.312500,1.005371,-96.008301,-20.263672,-40.466309
7406,-0.083984,-0.327637,0.947754,-97.778320,-21.057129,-41.381836
7407,-0.060547,-0.334961,0.900879,-94.604492,-21.484375,-40.100098
7408,-0.034180,-0.351562,0.842773,-79.284668,-18.249512,-33.386230
7409,-0.021973,-0.359375,0.831543,-68.054199,-15.930176,-29.357910
7410,-0.000977,-0.367188,0.828613,-55.664062,-12.268066,-24.963379
7411,0.009277,-0.377930,0.832520,-45.349121,-6.408691,-21.545410
7412,-0.001465,-0.406250,0.804199,-32.714844,5.432129,-20.629883
7413,-0.014160,-0.413574,0.790527,-26.000977,9.277344,-19.897461
7414,-0.015625,-0.427734,0.769531,-6.225586,15.991211,-18.005371
7415,-0.008301,-0.435547,0.772949,5.187988,20.874023,-17.089844
7416,-0.012695,-0.442383,0.781250,18.981934,28.869629,-17.517090
7417,-0.030273,-0.427734,0.833984,31.433105,34.423828,-18.554688
7418,-0.013672,-0.426270,0.943848,38.208008,45.227051,-7.690430
7419,-0.013672,-0.430664,0.915039,30.517578,46.752930,1.037598
7420,-0.030273,-0.431152,0.910156,21.545410,44.799805,8.056641
7421,-0.098633,-0.454102,0.896484,15.197754,40.710449,13.183594
7422,-0.132812,-0.456055,0.957031,16.784668,37.353516,12.084961
7423,-0.117676,-0.457520,1.055664,5.798340,26.245117,10.314941
7424,-0.095703,-0.450195,1.059570,-8.605957,26.184082,11.596680
7425,-0.094727,-0.440918,1.066406,-23.925781,28.076172,14.831543
7426,-0.115723,-0.439453,0.967773,-44.555664,32.348633,19.226074
7427,-0.139160,-0.436523,0.945801,-47.912598,29.602051,18.798828
7428,-0.149414,-0.436523,0.928223,-48.706055,23.864746,18.005371
7429,-0.150391,-0.458496,0.859375,-47.424316,22.888184,15.869141
7430,-0.171875,-0.488281,0.895996,-38.940430,23.071289,12.573242
7431,-0.167480,-0.484375,0.859863,-35.400391,21.301270,9.826660
7432,-0.153320,-0.472656,0.812988,-23.071289,25.207520,7.507324
7433,-0.169434,-0.478516,0.809082,-13.549805,25.878906,9.033203
7434,-0.180664,-0.485352,0.828125,-4.028320,27.099609,10.131836
7435,-0.172852,-0.487793,0.887695,-0.732422,29.418945,10.803223
7436,-0.188477,-0.458008,0.906738,-12.573242,32.592773,13.916016
7437,-0.231934,-0.462402,0.884766,-17.700195,28.869629,15.197754
7438,-0.254883,-0.461426,0.844238,-9.948730,22.949219,12.145996
7439,-0.236328,-0.450195,0.861328,-5.187988,21.301270,13.366699
7440,-0.207520,-0.440430,0.857422,-5.187988,23.864746,16.906738
7441,-0.208984,-0.437988,0.805176,1.525879,34.729004,24.169922
7442,-0.232422,-0.450684,0.825684,6.652832,37.231445,25.146484
7443,-0.254395,-0.452637,0.823242,9.155273,37.841797,24.780273
7444,-0.274414,-0.459473,0.831543,10.314941,37.902832,24.169922
7445,-0.275391,-0.451172,0.856934,8.239746,32.653809,23.010254
7446,-0.283691,-0.460938,0.866699,6.530762,32.897949,23.559570
7447,-0.285645,-0.453613,0.880371,4.028320,32.226562,23.986816
7448,-0.273438,-0.447266,0.791992,7.995605,39.978027,28.076172
7449,-0.285156,-0.446777,0.778320,16.906738,46.447754,30.029297
7450,-0.302734,-0.451660,0.791992,25.329590,50.231934,31.921387
7451,-0.320312,-0.446289,0.770020,40.954590,59.997559,35.339355
7452,-0.333496,-0.439453,0.806152,48.339844,65.551758,39.062500
7453,-0.348633,-0.438965,0.847656,51.269531,68.359375,42.724609
7454,-0.416504,-0.408203,0.862793,48.034668,65.917969,48.400879
7455,-0.430664,-0.401367,0.832031,49.438477,63.903809,50.903320
7456,-0.455078,-0.356445,0.846680,53.955078,59.631348,52.734375
7457,-0.456055,-0.342773,0.837402,59.631348,63.903809,54.809570
7458,-0.467773,-0.314453,0.841797,64.208984,65.856934,57.250977
7459,-0.463867,-0.319336,0.831543,69.702148,71.350098,61.462402
7460,-0.479980,-0.303711,0.767090,86.059570,84.167480,70.312500
7461,-0.512207,-0.299316,0.797363,104.248047,94.360352,75.805664
7462,-0.552246,-0.272461,0.820312,119.934082,104.003906,79.406738
7463,-0.616211,-0.190430,0.919922,122.070312,120.483398,79.040527
7464,-0.638184,-0.157715,0.909180,113.220215,128.479004,77.514648
7465,-0.661133,-0.134766,0.914551,103.881836,133.361816,75.439453
7466,-0.687012,-0.112793,0.950684,92.407227,130.676270,72.570801
7467,-0.721680,-0.054688,0.887207,56.579590,112.976074,63.598633
7468,-0.731934,-0.036133,0.856445,39.733887,104.614258,55.603027
7469,-0.740234,-0.027344,0.794434,25.268555,97.961426,45.654297
7470,-0.732422,0.007812,0.679199,6.958008,84.655762,26.184082
7471,-0.744629,-0.006348,0.662109,8.850098,75.561523,16.906738
7472,-0.743164,-0.003906,0.607422,12.939453,70.068359,7.812500
7473,-0.724121,0.009766,0.574707,18.005371,68.359375,1.220703
7474,-0.734375,0.017090,0.538574,34.912109,68.420410,-2.929688
7475,-0.742676,0.021973,0.553223,41.442871,67.504883,-2.624512
7476,-0.751953,0.024902,0.581055,44.189453,66.406250,-2.258301
7477,-0.799316,0.032227,0.624512,34.301758,63.171387,-2.868652
7478,-0.819336,0.025391,0.615723,26.794434,62.194824,-5.493164
7479,-0.816406,0.032715,0.583984,19.531250,62.744141,-9.460449
7480,-0.850098,0.013184,0.541016,14.099121,56.274414,-18.371582
7481,-0.860840,0.008789,0.535645,18.005371,52.612305,-22.888184
7482,-0.870117,0.010254,0.544434,23.315430,50.720215,-26.794434
7483,-0.873047,0.016602,0.531738,26.123047,51.391602,-28.930664
7484,-0.880859,0.021973,0.532227,21.179199,54.809570,-25.451660
7485,-0.877441,-0.001465,0.489258,24.353027,54.443359,-26.245117
7486,-0.883301,-0.002441,0.491699,32.836914,54.809570,-27.465820
7487,-0.889648,-0.001953,0.521973,40.283203,58.410645,-31.311035
7488,-0.883301,-0.003418,0.518066,37.231445,59.631348,-33.935547
7489,-0.885254,-0.021484,0.498047,34.667969,58.715820,-36.804199
7490,-0.896484,-0.044922,0.498535,34.729004,54.443359,-41.137695
7491,-0.886230,-0.060547,0.568848,25.085449,38.024902,-46.997070
7492,-0.881836,-0.050293,0.555176,9.338379,32.165527,-44.494629
7493,-0.871582,-0.058105,0.510742,-6.408691,28.015137,-40.649414
7494,-0.874512,-0.094238,0.403320,-7.568359,19.409180,-38.208008
7495,-0.867676,-0.104980,0.418457,2.746582,15.563965,-37.414551
7496,-0.857422,-0.091309,0.449219,11.047363,18.798828,-35.705566
7497,-0.866211,-0.074707,0.427246,11.352539,27.526855,-35.705566
7498,-0.912598,-0.085938,0.392578,25.634766,42.053223,-40.893555
7499,-0.927734,-0.092285,0.408203,34.301758,41.748047,-43.762207
7500,-0.934082,-0.094238,0.450684,37.902832,36.437988,-46.325684
7501,-0.922852,-0.108887,0.454102,22.277832,24.963379,-50.964355
7502,-0.921387,-0.122070,0.429199,12.756348,21.057129,-52.612305
7503,-0.913574,-0.156250,0.387207,7.080078,9.704590,-53.771973
7504,-0.906738,-0.175293,0.414062,6.286621,2.746582,-54.870605
7505,-0.877441,-0.178711,0.432617,-0.061035,-3.540039,-54.870605
7506,-0.846191,-0.179199,0.406250,-9.704590,-6.164551,-51.391602
7507,-0.821289,-0.208496,0.314941,-12.268066,-2.441406,-38.879395
7508,-0.820801,-0.226562,0.288574,-2.685547,-2.563477,-33.081055
7509,-0.812988,-0.231445,0.297363,8.544922,-5.371094,-28.198242
7510,-0.827148,-0.214355,0.428223,16.540527,-15.258789,-21.606445
7511,-0.824219,-0.208008,0.415039,9.094238,-15.930176,-19.958496
7512,-0.829102,-0.210938,0.392090,0.976562,-14.770508,-19.348145
7513,-0.849609,-0.232422,0.355469,2.563477,-23.010254,-19.226074
7514,-0.844727,-0.224121,0.412109,9.277344,-29.663086,-19.409180
7515,-0.847168,-0.220703,0.491211,7.202148,-30.151367,-18.676758
7516,-0.830078,-0.227051,0.470215,-13.366699,-12.390137,-14.770508
7517,-0.842773,-0.241211,0.426270,-11.108398,-2.075195,-12.023926
7518,-0.854492,-0.269043,0.394531,1.831055,3.601074,-8.544922
7519,-0.867676,-0.273438,0.403320,24.108887,5.981445,-3.356934
7520,-0.871582,-0.253418,0.466309,25.268555,3.112793,-2.136230
7521,-0.897949,-0.227051,0.540039,19.042969,-2.014160,-2.563477
7522,-0.894043,-0.213379,0.539551,5.554199,-4.089355,-3.662109
7523,-0.900391,-0.219727,0.487305,-14.343262,-1.831055,-6.835938
7524,-0.894043,-0.233398,0.430664,-10.131836,0.915527,-8.178711
7525,-0.896973,-0.245605,0.385742,1.892090,5.493164,-9.277344
7526,-0.896973,-0.225098,0.405273,24.414062,13.488770,-11.352539
7527,-0.903809,-0.208984,0.453125,25.512695,12.756348,-11.474609
7528,-0.908691,-0.204590,0.469727,19.836426,10.925293,-12.878418
7529,-0.918457,-0.204590,0.477051,0.854492,7.141113,-18.005371
7530,-0.918457,-0.211426,0.448242,-6.286621,4.760742,-20.751953
7531,-0.914062,-0.221191,0.407227,-7.934570,4.455566,-22.583008
7532,-0.908691,-0.237793,0.390625,1.953125,6.469727,-24.658203
7533,-0.900879,-0.233398,0.388672,8.178711,9.582520,-24.230957
7534,-0.897461,-0.236816,0.418945,12.634277,13.000488,-23.559570
7535,-0.886719,-0.245605,0.424805,15.258789,19.775391,-23.193359
7536,-0.884766,-0.252930,0.408691,16.784668,23.681641,-23.986816
7537,-0.889160,-0.260254,0.404785,20.507812,25.695801,-25.390625
7538,-0.890137,-0.262695,0.424316,24.719238,26.184082,-26.794434
7539,-0.890625,-0.259766,0.446289,23.132324,30.334473,-26.794434
7540,-0.887207,-0.275879,0.453125,18.493652,33.691406,-26.672363
7541,-0.888184,-0.285645,0.432617,14.831543,36.254883,-26.489258
7542,-0.881348,-0.303711,0.420410,15.258789,36.315918,-24.719238
7543,-0.878418,-0.314941,0.435547,15.502930,35.034180,-23.681641
7544,-0.860840,-0.322266,0.430664,12.512207,36.254883,-21.728516
7545,-0.846191,-0.324707,0.402344,8.605957,40.954590,-17.761230
7546,-0.856934,-0.336426,0.349609,7.812500,50.903320,-6.896973
7547,-0.868164,-0.345703,0.349121,11.901855,51.513672,-2.319336
7548,-0.878418,-0.346191,0.372070,15.197754,50.476074,1.220703
7549,-0.879883,-0.319336,0.375488,8.300781,51.696777,6.408691
7550,-0.873535,-0.307617,0.359375,0.366211,53.039551,12.268066
7551,-0.870117,-0.314941,0.339355,-4.943848,51.940918,17.333984
7552,-0.874023,-0.305664,0.304688,-2.441406,46.142578,21.423340
7553,-0.879395,-0.297363,0.333008,-0.854492,44.067383,21.728516
7554,-0.872070,-0.296387,0.332031,-3.051758,44.250488,22.094727
7555,-0.882812,-0.284180,0.299316,-8.911133,47.119141,25.634766
7556,-0.890137,-0.289062,0.280273,-8.666992,46.630859,26.733398
7557,-0.895508,-0.286621,0.263672,-7.263184,46.081543,27.160645
7558,-0.898926,-0.277832,0.277832,-10.131836,48.706055,31.555176
7559,-0.895020,-0.280273,0.256348,-15.380859,51.025391,35.766602
7560,-0.901855,-0.278809,0.227051,-19.042969,52.917480,39.428711
7561,-0.935059,-0.269531,0.208984,-18.981934,50.231934,44.067383
7562,-0.948730,-0.250977,0.213379,-18.371582,47.668457,44.189453
7563,-0.948242,-0.233398,0.198730,-18.127441,48.339844,45.104980
7564,-0.949219,-0.229004,0.146484,-10.620117,57.739258,49.133301
7565,-0.957031,-0.217285,0.123535,-2.624512,60.729980,49.011230
7566,-0.961426,-0.203613,0.104980,5.615234,61.767578,47.058105
7567,-0.972656,-0.160156,0.135742,13.732910,55.786133,40.893555
7568,-0.963867,-0.144531,0.113281,10.803223,51.818848,39.489746
7569,-0.957031,-0.145508,0.065430,8.300781,50.231934,39.916992
7570,-0.963379,-0.130371,0.040039,7.690430,44.555664,41.564941
7571,-0.967773,-0.120117,0.041016,8.178711,40.405273,42.541504
7572,-0.978027,-0.097656,0.096191,-3.662109,35.400391,43.945312
7573,-0.994141,-0.058105,0.041504,-8.056641,31.127930,42.236328
7574,-1.014160,-0.082520,0.033203,-12.573242,21.728516,33.996582
7575,-1.013184,-0.053711,0.024414,-15.075684,16.357422,28.198242
7576,-1.004883,-0.041016,0.020996,-17.700195,11.718750,24.291992
7577,-1.004883,-0.050781,0.005859,-18.432617,8.911133,21.240234
7578,-1.005371,-0.046387,-0.011230,-14.160156,9.338379,16.418457
7579,-1.008789,-0.047363,-0.003418,-12.145996,9.826660,14.465332
7580,-1.011719,-0.043457,0.000488,-11.413574,10.009766,12.756348
7581,-1.021484,-0.027344,0.002930,-13.427734,11.962891,12.207031
7582,-1.036133,-0.020508,-0.016602,-11.779785,14.831543,13.000488
7583,-1.049805,-0.015137,-0.029785,-8.605957,17.700195,12.817383
7584,-1.068848,0.001953,-0.013184,-5.249023,19.470215,7.934570
7585,-1.039062,-0.009277,0.021973,-9.582520,18.005371,7.324219
7586,-1.049316,-0.051270,0.032227,-27.587891,16.113281,11.108398
7587,-1.050293,-0.029297,-0.063965,-36.682129,17.883301,10.314941
7588,-0.987305,-0.070801,-0.079590,-30.822754,34.301758,19.714355
7589,-0.990723,-0.069336,-0.000977,-26.245117,33.081055,18.798828
7590,-0.991699,-0.040039,0.005859,-22.521973,26.550293,18.188477
7591,-0.997559,-0.034668,-0.000488,-9.155273,22.033691,13.977051
7592,-0.980957,-0.033203,-0.009766,-2.563477,24.169922,10.437012
7593,-0.965820,-0.029785,-0.042969,1.281738,29.663086,7.995605
7594,-0.960938,-0.029785,-0.069824,4.638672,42.480469,7.507324
7595,-0.957520,-0.039062,-0.078125,4.089355,43.762207,9.033203
7596,-0.961426,-0.042480,-0.033691,1.281738,39.367676,11.413574
7597,-0.977539,-0.046387,-0.040527,-8.178711,23.925781,13.000488
7598,-0.963867,-0.028320,-0.068359,-15.563965,19.836426,14.953613
7599,-0.962402,-0.025391,-0.075684,-22.705078,16.601562,16.601562
7600,-0.957520,-0.048828,-0.109863,-25.207520,11.108398,13.305664
7601,-0.977539,-0.037598,-0.144043,-12.023926,9.033203,11.047363
7602,-1.009277,-0.009277,-0.163574,8.728027,8.300781,12.084961
7603,-1.025391,0.013672,-0.143066,25.085449,8.483887,14.587402
7604,-1.054199,0.040527,-0.133789,34.851074,11.474609,12.878418
7605,-1.053223,0.027832,-0.122070,29.296875,14.526367,7.263184
7606,-1.017578,0.040039,-0.056152,2.380371,14.282227,1.220703
7607,-1.013672,0.030273,-0.050781,-6.469727,10.314941,-3.234863
7608,-1.012695,-0.000977,-0.097656,-10.498047,8.117676,-7.324219
7609,-0.998535,-0.016602,-0.141602,-5.126953,8.605957,-10.131836
7610,-0.962402,-0.015625,-0.187988,17.028809,12.512207,-0.244141
7611,-0.960449,-0.020996,-0.163086,26.794434,13.305664,6.469727
7612,-0.963379,-0.015137,-0.139160,31.250000,12.390137,11.657715
7613,-0.986328,0.021973,-0.085449,29.479980,8.544922,12.084961
7614,-1.009766,0.055176,-0.042480,20.446777,8.972168,11.291504
7615,-1.020020,0.053223,-0.042480,10.070801,11.230469,6.530762
7616,-1.012207,0.033691,-0.103027,-8.117676,22.094727,-2.746582
7617,-0.995117,0.007324,-0.121582,-14.587402,23.437500,-5.859375
7618,-0.985352,-0.006836,-0.131836,-20.568848,19.531250,-7.324219
7619,-0.999023,0.009277,-0.187988,-28.503418,6.042480,-6.896973
7620,-1.005371,-0.006836,-0.217773,-26.245117,2.624512,-7.019043
7621,-0.994629,-0.011719,-0.183594,-25.146484,0.732422,-8.117676
7622,-0.956543,-0.017578,-0.136719,-26.855469,-5.432129,-10.314941
7623,-0.960938,-0.023926,-0.125000,-28.503418,-7.507324,-12.390137
7624,-0.959961,-0.022461,-0.125977,-31.372070,-8.728027,-14.221191
7625,-0.956055,-0.005859,-0.136230,-32.714844,-9.277344,-14.282227
7626,-1.019043,0.047852,-0.157227,-29.724121,-6.652832,-9.216309
7627,-1.032715,0.058105,-0.177734,-25.390625,-3.479004,-7.873535
7628,-1.029785,0.052734,-0.181641,-19.348145,-0.183105,-10.620117
7629,-1.029785,0.021484,-0.168457,-10.498047,0.366211,-25.756836
7630,-1.025879,-0.004395,-0.170898,-4.394531,-2.624512,-33.020020
7631,-1.019043,-0.022461,-0.167480,1.770020,-6.835938,-37.048340
7632,-0.996582,-0.028320,-0.159668,5.126953,-10.803223,-37.597656
7633,-0.967285,-0.057129,-0.138672,1.647949,-13.122559,-34.545898
7634,-0.961914,-0.084473,-0.118652,-2.746582,-12.451172,-33.752441
7635,-0.954590,-0.092773,-0.106445,-7.141113,-12.939453,-32.226562
7636,-0.939941,-0.091309,-0.114258,-12.268066,-18.493652,-24.719238
7637,-0.938965,-0.094238,-0.124023,-10.253906,-19.287109,-20.935059
7638,-0.948242,-0.105957,-0.123535,-4.455566,-17.944336,-18.554688
7639,-0.936523,-0.110352,-0.116699,7.873535,-15.747070,-15.014648
7640,-0.937500,-0.116699,-0.095703,11.108398,-18.981934,-14.465332
7641,-0.968750,-0.097656,-0.116211,15.625000,-21.484375,-13.183594
7642,-0.989746,-0.102539,-0.094238,19.592285,-21.362305,-12.695312
7643,-1.005859,-0.119629,-0.014160,11.413574,-22.583008,-17.395020
7644,-0.995605,-0.116211,-0.019043,0.671387,-25.024414,-18.737793
7645,-0.989258,-0.120117,-0.037598,-11.413574,-27.648926,-19.165039
7646,-1.003906,-0.130371,-0.054688,-27.221680,-32.836914,-21.484375
7647,-1.012695,-0.136230,-0.031250,-30.517578,-35.034180,-24.353027
7648,-0.991699,-0.113770,-0.075684,-30.700684,-30.273438,-24.414062
7649,-0.976074,-0.101562,-0.117676,-22.583008,-20.996094,-17.150879
7650,-0.976074,-0.114746,-0.113281,-10.437012,-11.108398,-7.934570
7651,-0.992188,-0.131348,-0.053223,10.681152,-1.770020,3.845215
7652,-0.994629,-0.117188,-0.033203,13.549805,-1.403809,6.164551
7653,-0.999023,-0.118164,-0.024902,10.681152,-1.708984,5.920410
7654,-0.994629,-0.118652,-0.013672,-2.319336,-2.868652,0.061035
7655,-0.988281,-0.115234,-0.030762,-8.361816,-3.845215,-1.892090
7656,-0.985352,-0.118652,-0.053711,-11.291504,-4.516602,-2.258301
7657,-0.992188,-0.115234,-0.060547,-10.681152,-6.530762,-0.366211
7658,-0.989746,-0.106445,-0.062988,-10.131836,-7.568359,0.915527
7659,-0.989746,-0.116211,-0.066406,-8.483887,-7.263184,1.159668
7660,-0.995605,-0.117188,-0.043945,-5.249023,-6.713867,-1.098633
7661,-0.992188,-0.114258,-0.052734,-4.821777,-6.713867,-1.708984
7662,-0.981934,-0.108398,-0.066406,-4.028320,-6.103516,-1.159668
7663,-0.987793,-0.131348,-0.040039,-0.793457,-6.591797,-1.220703
7664,-0.989258,-0.129883,-0.036133,0.671387,-7.507324,-2.197266
7665,-0.991211,-0.114746,-0.037598,0.793457,-7.873535,-1.525879
7666,-0.991211,-0.121094,-0.036133,-6.042480,-8.239746,0.549316
7667,-0.993164,-0.123535,-0.033691,-9.765625,-9.521484,-0.244141
7668,-0.990723,-0.119141,-0.038574,-12.145996,-13.916016,-2.807617
7669,-0.984863,-0.118164,-0.041504,-10.681152,-15.808105,-4.211426
7670,-0.985840,-0.117676,-0.028809,-8.544922,-17.272949,-5.187988
7671,-0.980469,-0.123047,-0.023438,-4.150391,-19.531250,-6.713867
7672,-1.000977,-0.156250,-0.036133,12.817383,-25.024414,-11.657715
7673,-0.995117,-0.142090,-0.029785,20.019531,-24.536133,-11.657715
7674,-0.988281,-0.125977,-0.007812,21.545410,-22.827148,-8.850098
7675,-0.996094,-0.144531,0.033691,8.728027,-20.996094,-4.211426
7676,-0.991699,-0.147461,0.029297,1.220703,-20.935059,-3.784180
7677,-0.986328,-0.143066,0.022949,-3.662109,-21.911621,-3.173828
7678,-0.993164,-0.161621,0.028320,-5.432129,-28.259277,-3.967285
7679,-0.988281,-0.172363,0.035645,-0.732422,-30.944824,-5.798340
7680,-0.975586,-0.160645,0.043945,4.577637,-32.226562,-6.347656
7681,-0.969727,-0.166504,0.054199,12.023926,-28.137207,-1.342773
7682,-0.969238,-0.159668,0.071777,13.061523,-23.925781,2.624512
7683,-0.966797,-0.149902,0.073730,8.728027,-19.531250,6.774902
7684,-0.966309,-0.144043,0.066406,-7.629395,-12.756348,13.854980
7685,-0.986816,-0.143066,0.107910,-14.648438,-14.404297,14.648438
7686,-0.991211,-0.140137,0.113281,-19.104004,-18.554688,13.000488
7687,-0.989258,-0.131348,0.080078,-20.629883,-21.240234,10.192871
7688,-0.979492,-0.118652,0.038574,-20.385742,-19.653320,6.530762
7689,-0.982910,-0.123047,0.047363,-18.188477,-19.409180,6.469727
7690,-0.989258,-0.126953,0.063965,-13.061523,-20.324707,7.202148
7691,-1.000977,-0.118164,0.076660,-3.356934,-19.653320,9.582520
7692,-1.005371,-0.110840,0.095703,-3.417969,-16.479492,10.253906
7693,-1.015625,-0.104004,0.122559,-7.263184,-13.610840,9.643555
7694,-1.021484,-0.101074,0.121094,-17.028809,-9.887695,6.286621
7695,-1.021973,-0.107910,0.107910,-21.118164,-8.666992,3.662109
7696,-1.019531,-0.121094,0.098633,-22.705078,-9.216309,0.183105
7697,-1.035156,-0.122559,0.083496,-12.207031,-24.291992,-12.756348
7698,-1.044434,-0.145996,0.085449,-2.014160,-34.606934,-19.165039
7699,-1.030762,-0.129883,0.128906,7.995605,-47.912598,-26.062012
7700,-1.017578,-0.117188,0.140137,3.845215,-47.912598,-25.451660
7701,-1.006348,-0.113770,0.136719,-2.502441,-46.203613,-24.353027
7702,-1.019043,-0.150879,0.172852,-11.840820,-49.438477,-28.869629
7703,-1.023438,-0.155273,0.166504,-12.512207,-55.786133,-31.921387
7704,-1.012207,-0.163086,0.115234,-9.948730,-59.448242,-33.935547
7705,-0.999512,-0.175781,0.122070,-8.483887,-57.983398,-36.010742
7706,-0.991699,-0.180664,0.183594,-8.361816,-54.199219,-35.644531
7707,-1.002930,-0.191406,0.322266,-31.127930,-60.607910,-31.616211
7708,-0.991699,-0.201660,0.297852,-39.855957,-63.049316,-30.700684
7709,-0.970215,-0.226562,0.293457,-45.288086,-62.866211,-31.372070
7710,-0.934082,-0.292969,0.288086,-54.931641,-73.303223,-41.992188
7711,-0.894531,-0.297852,0.286133,-58.959961,-82.641602,-46.630859
7712,-0.896973,-0.287598,0.218262,-60.058594,-91.064453,-42.846680
7713,-0.888184,-0.298828,0.121094,-38.085938,-97.839355,-28.381348
7714,-0.888672,-0.311035,0.164551,-13.488770,-103.149414,-27.160645
7715,-0.910645,-0.322266,0.312988,5.371094,-112.060547,-30.029297
7716,-0.915039,-0.324219,0.417969,-17.822266,-141.845703,-50.231934
7717,-0.913574,-0.318848,0.362305,-35.034180,-141.113281,-53.161621
7718,-0.918457,-0.357422,0.401855,-45.898438,-144.592285,-53.100586
7719,-0.818359,-0.252930,0.314941,-29.235840,-173.156738,-51.513672
7720,-0.737305,-0.199219,0.329102,-12.329102,-180.725098,-51.879883
7721,-0.806641,-0.296387,0.708984,-16.723633,-170.166016,-75.805664
7722,-0.885742,-0.361328,0.958008,-53.283691,-161.315918,-95.092773
7723,-0.934082,-0.399902,1.144531,-108.520508,-163.513184,-111.389160
7724,-0.912109,-0.571777,1.055664,-229.858398,-188.720703,-137.756348
7725,-0.830566,-0.635254,0.810547,-273.498535,-194.763184,-156.005859
7726,-0.749512,-0.638672,0.525391,-292.663574,-198.791504,-174.438477
7727,-0.493652,-0.658203,0.098633,-242.126465,-193.969727,-203.369141
7728,-0.373047,-0.681152,0.031250,-175.476074,-183.532715,-210.754395
7729,-0.308105,-0.689453,0.084961,-100.769043,-171.386719,-210.571289
7730,-0.262207,-0.679688,0.359375,12.390137,-156.188965,-194.274902
7731,-0.231445,-0.677246,0.477539,44.311523,-154.602051,-187.744141
7732,-0.229004,-0.662109,0.562500,66.223145,-159.179688,-183.898926
7733,-0.224609,-0.641113,0.606445,87.585449,-171.630859,-180.786133
7734,-0.137695,-0.626465,0.649902,137.207031,-201.660156,-179.382324
7735,-0.122070,-0.651855,0.723145,154.113770,-199.523926,-185.852051
7736,-0.143066,-0.675781,0.816406,155.944824,-191.528320,-194.030762
7737,-0.117188,-0.665039,0.920898,112.365723,-182.373047,-207.519531
7738,-0.029297,-0.613770,0.908691,74.768066,-174.133301,-208.251953
7739,0.054199,-0.562500,0.917969,25.634766,-164.123535,-203.857422
7740,0.143555,-0.486816,0.858398,-76.721191,-169.189453,-187.500000
7741,0.180664,-0.471680,0.756348,-109.680176,-184.997559,-179.687500
7742,0.206055,-0.490234,0.619141,-122.802734,-202.026367,-174.316406
7743,0.244141,-0.540527,0.478516,-112.670898,-214.294434,-174.621582
7744,0.375977,-0.652344,0.373535,-36.132812,-205.871582,-180.053711
7745,0.414551,-0.692383,0.380859,15.502930,-202.331543,-181.701660
7746,0.512695,-0.660156,0.438965,92.651367,-213.073730,-177.490234
7747,0.537109,-0.611816,0.468262,100.402832,-216.918945,-174.011230
7748,0.504883,-0.580566,0.531738,81.542969,-212.707520,-170.959473
7749,0.502441,-0.519531,0.562500,-10.437012,-188.110352,-164.611816
7750,0.607910,-0.359863,0.417969,-51.086426,-169.616699,-163.940430
7751,0.656738,-0.335938,0.334961,-74.401855,-148.864746,-166.625977
7752,0.647949,-0.349121,0.293945,-65.368652,-122.314453,-176.635742
7753,0.677734,-0.326172,0.205078,-44.799805,-111.206055,-179.748535
7754,0.698242,-0.296875,0.152832,-20.935059,-99.304199,-181.274414
7755,0.747559,-0.273926,0.118164,5.737305,-87.341309,-182.556152
7756,0.911621,-0.214355,0.085449,74.645996,-73.303223,-184.387207
7757,0.923340,-0.247559,0.178711,101.623535,-74.035645,-189.270020
7758,0.907227,-0.296387,0.284180,103.271484,-75.012207,-201.049805
7759,0.903320,-0.287109,0.321777,85.998535,-72.265625,-217.834473
7760,0.906738,-0.088379,0.348633,35.888672,-55.847168,-242.614746
7761,0.927734,0.045410,0.347656,13.305664,-45.288086,-242.126465
7762,1.001465,0.189941,0.271973,8.666992,-31.066895,-221.618652
7763,1.017090,0.191895,0.245117,24.658203,-25.451660,-203.613281
7764,0.982422,0.166504,0.218750,43.029785,-20.629883,-189.392090
7765,0.908203,0.186035,0.379395,46.264648,-32.165527,-183.715820
7766,0.926270,0.256836,0.437500,32.531738,-44.372559,-180.114746
7767,0.948242,0.368652,0.467773,16.052246,-57.922363,-171.630859
7768,1.015137,0.359375,0.328613,-9.460449,-81.054688,-143.005371
7769,0.991211,0.312500,0.243164,-18.615723,-80.017090,-128.051758
7770,0.959961,0.337891,0.179688,-31.494141,-69.335938,-114.135742
7771,0.911621,0.377930,0.124512,-45.043945,-30.944824,-87.097168
7772,0.922363,0.394531,0.178711,-41.870117,-12.634277,-76.599121
7773,0.980957,0.382324,0.190918,-29.663086,-0.854492,-68.298340
7774,1.032715,0.312012,0.046387,43.762207,21.362305,-59.020996
7775,0.962402,0.316406,0.053223,79.406738,39.123535,-62.011719
7776,0.873535,0.368652,0.122559,90.942383,63.049316,-70.556641
7777,0.776367,0.395996,0.267578,59.387207,113.403320,-93.994141
7778,0.770020,0.408203,0.304199,40.222168,132.385254,-105.834961
7779,0.752441,0.464844,0.401367,25.329590,142.211914,-114.685059
7780,0.731445,0.471680,0.527832,10.131836,139.648438,-121.582031
7781,0.772949,0.471680,0.672363,-27.343750,104.614258,-134.460449
7782,0.844238,0.542480,0.659668,-44.128418,81.359863,-137.756348
7783,0.900879,0.672363,0.541016,-48.583984,59.020996,-132.507324
7784,0.835938,0.750488,0.218750,-7.202148,39.611816,-102.355957
7785,0.770508,0.709961,0.195801,15.258789,43.090820,-88.134766
7786,0.710449,0.671875,0.294434,22.766113,48.522949,-79.345703
7787,0.773438,0.676758,0.854980,-30.761719,50.170898,-77.270508
7788,0.887207,0.637695,0.602539,-112.976074,69.396973,-66.955566
7789,0.846680,0.651367,0.419922,-137.878418,95.214844,-50.903320
7790,0.771973,0.706543,0.340820,-135.070801,112.609863,-33.996582
7791,0.632324,0.640625,0.447266,-82.397461,113.220215,-0.061035
7792,0.556641,0.568359,0.457520,-50.659180,109.558105,7.995605
7793,0.526367,0.509277,0.494629,-26.367188,106.262207,6.286621
7794,0.492676,0.557617,0.710449,-10.131836,84.167480,-15.258789
7795,0.500488,0.592773,0.739258,-10.253906,67.382812,-26.794434
7796,0.532227,0.595703,0.703613,-16.845703,55.358887,-36.071777
7797,0.536621,0.614746,0.638184,-25.878906,49.438477,-41.015625
7798,0.501953,0.535645,0.669922,-68.664551,59.753418,-50.354004
7799,0.482910,0.409668,0.779297,-117.004395,67.443848,-66.772461
7800,0.492676,0.479980,0.828613,-234.802246,65.124512,-98.754883
7801,0.397949,0.457520,0.743652,-263.916016,60.241699,-121.704102
7802,0.328125,0.410156,0.678223,-266.357422,57.861328,-152.648926
7803,0.249023,0.390625,0.624023,-238.464355,55.541992,-183.105469
7804,0.093262,0.375488,0.683105,-158.752441,50.354004,-238.342285
7805,0.061523,0.406250,0.764160,-116.394043,41.076660,-257.507324
7806,0.067871,0.465332,0.792969,-70.495605,27.954102,-268.127441
7807,0.154785,0.596680,0.709473,22.033691,10.803223,-259.765625
7808,0.192871,0.623047,0.706543,52.185059,7.751465,-248.901367
7809,0.226562,0.629395,0.768066,67.321777,2.563477,-239.379883
7810,0.229980,0.643066,0.808594,68.054199,-6.164551,-232.177734
7811,0.148438,0.699219,0.853027,49.194336,-21.728516,-218.994141
7812,0.106934,0.715820,0.860840,35.522461,-22.827148,-211.425781
7813,0.084961,0.748535,0.866699,23.437500,-18.066406,-202.636719
7814,0.051270,0.721191,0.907715,0.061035,-12.634277,-191.345215
7815,0.049805,0.744629,0.895996,-10.314941,-17.883301,-189.270020
7816,0.043457,0.781250,0.862793,-17.639160,-24.169922,-185.852051
7817,0.052734,0.820801,0.762695,-11.352539,-30.700684,-166.748047
7818,0.092285,0.875977,0.649414,4.943848,-22.705078,-140.930176
7819,0.101074,0.895020,0.636719,29.357910,-6.042480,-103.942871
7820,0.079102,0.853027,0.758789,46.569824,7.568359,-71.166992
7821,0.008301,0.724609,0.825684,31.188965,15.808105,-44.616699
7822,-0.035645,0.660156,0.754883,12.145996,23.498535,-45.532227
7823,-0.072266,0.630371,0.725586,-3.234863,34.545898,-51.574707
7824,-0.073242,0.615723,0.702637,-12.451172,51.330566,-68.115234
7825,-0.135742,0.612305,0.683594,-4.455566,55.480957,-75.500488
7826,-0.235352,0.608398,0.752930,6.958008,50.109863,-83.129883
7827,-0.271973,0.605957,0.828613,17.700195,31.677246,-91.003418
7828,-0.238281,0.615723,0.921875,34.545898,-31.127930,-102.844238
7829,-0.203613,0.603516,0.874512,32.592773,-58.532715,-106.628418
7830,-0.183105,0.581543,0.791016,22.460938,-72.753906,-110.473633
7831,-0.176270,0.569824,0.602539,-2.136230,-57.617188,-116.882324
7832,-0.222656,0.576660,0.555664,-6.408691,-37.536621,-117.858887
7833,-0.284668,0.594727,0.554199,-0.976562,-17.944336,-115.722656
7834,-0.283203,0.678223,0.646973,25.878906,0.000000,-107.116699
7835,-0.251953,0.724609,0.687012,31.555176,1.953125,-102.722168
7836,-0.240723,0.727539,0.732910,28.076172,2.014160,-98.876953
7837,-0.254883,0.687988,0.778809,11.047363,0.732422,-93.933105
7838,-0.276855,0.700195,0.767578,5.004883,0.610352,-90.393066
7839,-0.341797,0.756348,0.674805,1.953125,7.080078,-78.735352
7840,-0.375000,0.746094,0.654785,5.065918,11.779785,-72.814941
7841,-0.375977,0.724121,0.694824,10.498047,14.587402,-67.687988
7842,-0.360840,0.666504,0.725098,15.258789,15.686035,-64.331055
7843,-0.336426,0.563477,0.797363,18.127441,16.052246,-62.438965
7844,-0.319336,0.541504,0.821289,11.535645,16.052246,-62.683105
7845,-0.319824,0.535156,0.805176,2.807617,15.258789,-62.561035
7846,-0.319336,0.544434,0.791992,-4.272461,12.817383,-61.340332
7847,-0.289062,0.578125,0.785156,-9.826660,4.089355,-55.480957
7848,-0.271973,0.598145,0.800293,-10.681152,-1.159668,-51.452637
7849,-0.281250,0.615723,0.780273,-12.634277,-2.441406,-42.968750
7850,-0.371582,0.594727,0.680664,-9.643555,1.281738,-39.733887
7851,-0.414062,0.571777,0.646484,0.183105,3.967285,-38.208008
7852,-0.438477,0.558594,0.667480,13.000488,3.295898,-38.452148
7853,-0.432617,0.500488,0.804688,26.977539,-9.338379,-42.236328
7854,-0.419922,0.500000,0.833008,20.385742,-15.502930,-45.715332
7855,-0.392578,0.585938,0.725586,-12.268066,-7.324219,-46.936035
7856,-0.387207,0.646973,0.644531,-19.165039,10.864258,-40.039062
7857,-0.407227,0.655273,0.597168,-18.493652,29.052734,-29.724121
7858,-0.448242,0.618164,0.615723,-8.911133,37.658691,-19.104004
7859,-0.497070,0.537598,0.711914,15.136719,26.123047,-6.896973
7860,-0.474121,0.501465,0.697754,19.958496,20.690918,-6.347656
7861,-0.453613,0.498047,0.677246,17.700195,20.446777,-8.056641
7862,-0.472168,0.481934,0.569824,7.751465,30.883789,-16.723633
7863,-0.494629,0.477051,0.547852,14.465332,37.048340,-23.132324
7864,-0.512695,0.552734,0.623535,32.165527,44.433594,-34.362793
7865,-0.495117,0.554688,0.669922,33.691406,44.189453,-38.757324
7866,-0.496094,0.499512,0.683594,31.799316,47.851562,-42.785645
7867,-0.522949,0.429688,0.687988,24.597168,57.128906,-46.997070
7868,-0.598145,0.434570,0.677246,20.202637,66.345215,-53.649902
7869,-0.609863,0.500000,0.667480,29.968262,57.678223,-54.321289
7870,-0.633789,0.600098,0.680176,39.978027,41.687012,-53.710938
7871,-0.687012,0.739258,0.702148,33.691406,7.873535,-49.438477
7872,-0.670410,0.723145,0.692871,21.179199,-2.807617,-44.555664
7873,-0.608398,0.650879,0.654297,-3.295898,-9.399414,-27.893066
7874,-0.567383,0.612305,0.609863,-8.117676,-8.239746,-17.028809
7875,-0.523438,0.562012,0.605469,-5.554199,-6.347656,-5.981445
7876,-0.454590,0.458984,0.613281,-0.549316,6.896973,7.141113
7877,-0.481445,0.442383,0.616211,-2.319336,20.202637,9.094238
7878,-0.513672,0.451172,0.589844,-5.065918,33.813477,6.958008
7879,-0.632812,0.470703,0.521484,-6.225586,56.091309,-1.647949
7880,-0.682129,0.482910,0.516113,2.563477,57.312012,-5.798340
7881,-0.681152,0.508301,0.555664,15.197754,49.072266,-10.803223
7882,-0.642090,0.528809,0.569824,28.747559,28.137207,-19.653320
7883,-0.664551,0.518555,0.565430,32.409668,28.198242,-18.554688
7884,-0.667969,0.520020,0.583984,35.583496,29.174805,-17.761230
7885,-0.644531,0.553711,0.593750,35.156250,29.052734,-17.944336
7886,-0.622559,0.536621,0.521973,41.442871,24.719238,-18.249512
7887,-0.651367,0.519531,0.544922,51.330566,22.766113,-19.287109
7888,-0.688965,0.532715,0.669434,27.526855,21.362305,-21.484375
7889,-0.715820,0.562012,0.605469,5.493164,23.376465,-22.399902
7890,-0.758301,0.570312,0.518555,-3.051758,23.254395,-22.155762
7891,-0.709961,0.599121,0.390625,13.793945,23.498535,-21.545410
7892,-0.674805,0.598145,0.403809,23.559570,25.939941,-17.761230
7893,-0.643066,0.584473,0.448730,24.047852,29.479980,-9.826660
7894,-0.632812,0.519043,0.429688,18.249512,36.865234,-1.770020
7895,-0.653320,0.431152,0.310547,22.583008,66.345215,-4.699707
7896,-0.682129,0.428223,0.304688,35.644531,80.993652,-12.573242
7897,-0.748047,0.446777,0.512695,56.457520,88.317871,-23.376465
7898,-0.752441,0.476562,0.566406,51.635742,79.162598,-26.245117
7899,-0.755859,0.493652,0.594727,41.198730,65.063477,-27.648926
7900,-0.768555,0.501465,0.569336,26.123047,52.612305,-27.954102
7901,-0.792969,0.552734,0.350586,-1.892090,43.701172,-27.832031
7902,-0.760254,0.569824,0.235840,-6.774902,48.339844,-26.733398
7903,-0.749023,0.582520,0.182617,-2.258301,59.509277,-22.705078
7904,-0.816895,0.518555,0.248047,26.123047,78.613281,-19.714355
7905,-0.835449,0.505371,0.350586,42.419434,80.444336,-21.850586
7906,-0.845215,0.536621,0.433594,45.837402,78.552246,-21.545410
7907,-0.875000,0.604004,0.354492,20.874023,64.208984,-12.451172
7908,-0.847168,0.562012,0.220703,8.117676,58.959961,-8.911133
7909,-0.817383,0.468262,0.050293,2.563477,65.246582,-9.216309
7910,-0.757324,0.328613,-0.188965,39.428711,109.069824,-24.291992
7911,-0.833008,0.377930,-0.149902,74.890137,137.084961,-30.395508
7912,-0.952637,0.452148,0.014160,97.412109,159.362793,-38.574219
7913,-0.997559,0.637207,0.457031,83.312988,162.719727,-56.945801
7914,-0.868652,0.704590,0.670898,53.588867,126.525879,-46.386719
7915,-0.798340,0.633789,0.669922,16.174316,73.364258,-24.291992
7916,-0.852051,0.405762,0.084473,-35.278320,12.756348,-12.939453
7917,-0.870605,0.416992,-0.141113,-27.770996,24.963379,-18.554688
7918,-0.956543,0.407227,-0.253418,-0.305176,47.119141,-21.301270
7919,-0.947266,0.452637,-0.108887,56.335449,82.702637,-35.766602
7920,-0.898438,0.492188,0.018066,55.419922,94.177246,-38.208008
7921,-0.866699,0.517090,0.074707,46.264648,97.167969,-35.644531
7922,-0.898926,0.535645,0.078613,41.992188,92.285156,-30.090332
7923,-0.943848,0.617676,0.047852,35.034180,73.974609,-15.747070
7924,-0.924316,0.603027,0.026367,23.254395,65.307617,-8.605957
7925,-0.895996,0.548828,-0.001953,12.878418,57.983398,-0.732422
7926,-0.879395,0.462891,-0.036621,2.685547,51.391602,4.577637
7927,-0.931641,0.325195,-0.138672,6.286621,51.757812,-1.281738
7928,-0.949707,0.307129,-0.162598,17.700195,52.978516,-9.155273
7929,-0.918945,0.350098,-0.143555,28.015137,56.213379,-17.150879
7930,-0.853027,0.419922,-0.122070,31.616211,61.157227,-22.888184
7931,-0.835449,0.402832,-0.097656,26.672363,58.166504,-21.606445
7932,-0.840332,0.395996,-0.078613,20.324707,52.673340,-20.996094
7933,-0.865234,0.412109,-0.076660,15.808105,46.325684,-21.301270
7934,-0.910645,0.483398,-0.180664,13.366699,36.804199,-19.531250
7935,-0.903809,0.507812,-0.238770,12.939453,37.780762,-15.869141
7936,-0.894043,0.483887,-0.252441,11.840820,40.649414,-10.559082
7937,-0.924805,0.399414,-0.217285,11.413574,49.133301,-3.540039
7938,-0.915527,0.382324,-0.178711,14.587402,50.598145,-6.042480
7939,-0.887207,0.388184,-0.137207,17.089844,46.081543,-9.155273
7940,-0.870605,0.400879,-0.109375,16.113281,35.888672,-10.192871
7941,-0.888184,0.391113,-0.164062,2.685547,13.488770,-7.995605
7942,-0.900391,0.401367,-0.227539,-8.666992,9.277344,-8.911133
7943,-0.854980,0.438965,-0.288574,-16.967773,12.878418,-6.469727
7944,-0.827637,0.415039,-0.292480,-10.192871,14.526367,-1.892090
7945,-0.833984,0.379395,-0.283203,-2.868652,16.967773,-0.122070
7946,-0.857422,0.355469,-0.249512,1.831055,20.202637,-1.953125
7947,-0.890625,0.412598,-0.165039,6.408691,16.662598,-7.324219
7948,-0.875977,0.459473,-0.153320,2.929688,10.803223,-5.187988
7949,-0.866211,0.461914,-0.172363,-1.647949,3.967285,0.122070
7950,-0.884766,0.399902,-0.249023,-7.446289,-4.638672,7.873535
7951,-0.906738,0.360840,-0.282715,-8.544922,-5.615234,7.324219
7952,-0.905762,0.330566,-0.314453,-5.676270,-4.028320,4.089355
7953,-0.895996,0.372559,-0.225586,2.868652,1.220703,-1.892090
7954,-0.875977,0.403320,-0.158203,2.136230,-3.112793,-2.502441
7955,-0.854004,0.410645,-0.135742,-3.234863,-11.596680,-1.464844
7956,-0.871094,0.413086,-0.316895,-5.493164,-20.996094,1.159668
7957,-0.858398,0.409668,-0.386230,-2.807617,-12.878418,2.624512
7958,-0.862305,0.395508,-0.372070,0.915527,-3.845215,4.211426
7959,-0.861328,0.374512,-0.273926,-2.624512,3.417969,5.554199
7960,-0.884766,0.355469,-0.234863,-5.065918,3.906250,6.469727
7961,-0.897461,0.338867,-0.197266,-3.723145,0.061035,4.699707
7962,-0.902344,0.340820,-0.176758,-2.746582,-6.042480,-0.183105
7963,-0.906738,0.409180,-0.308105,0.305176,-13.732910,-6.408691
7964,-0.875977,0.429688,-0.376465,3.479004,-7.690430,-5.432129
7965,-0.862305,0.426758,-0.360352,6.347656,0.610352,-3.723145
7966,-0.852051,0.413086,-0.245605,3.662109,7.263184,0.671387
7967,-0.866211,0.397949,-0.196289,0.366211,7.080078,3.967285
7968,-0.902344,0.381836,-0.143555,-1.220703,1.159668,5.981445
7969,-0.886230,0.354492,-0.228516,-1.342773,-13.488770,0.488281
7970,-0.886230,0.369629,-0.314453,2.563477,-13.183594,-2.746582
7971,-0.889160,0.391602,-0.360840,5.859375,-7.751465,-4.577637
7972,-0.888184,0.407715,-0.333984,6.896973,-0.976562,-4.577637
7973,-0.874512,0.406250,-0.218750,-0.976562,-0.122070,-0.427246
7974,-0.867188,0.393555,-0.215332,-4.882812,-3.417969,1.342773
7975,-0.868652,0.378418,-0.207520,-5.615234,-6.042480,1.953125
7976,-0.887695,0.378418,-0.223633,-4.882812,-12.145996,0.183105
7977,-0.891113,0.375488,-0.309082,-2.075195,-13.366699,-1.525879
7978,-0.885254,0.388184,-0.331543,6.835938,1.892090,-4.089355
7979,-0.871094,0.391602,-0.253418,4.577637,6.530762,-4.150391
7980,-0.867676,0.381348,-0.175293,0.671387,5.371094,-3.601074
7981,-0.871094,0.380371,-0.123047,-1.220703,-1.953125,-3.051758
7982,-0.894043,0.435547,-0.145996,-4.577637,-20.141602,-1.586914
7983,-0.890625,0.448242,-0.219238,-6.774902,-25.085449,1.403809
7984,-0.878418,0.427734,-0.285645,-7.385254,-23.437500,4.150391
7985,-0.900879,0.370605,-0.303223,-2.136230,-11.474609,5.859375
7986,-0.907715,0.356934,-0.251953,0.915527,-7.141113,4.150391
7987,-0.898438,0.366699,-0.183594,1.098633,-7.568359,1.770020
7988,-0.886230,0.387695,-0.125488,-3.601074,-20.385742,0.305176
7989,-0.898438,0.410156,-0.106934,-5.554199,-28.076172,0.488281
7990,-0.921875,0.446289,-0.122070,-9.582520,-35.949707,1.525879
7991,-0.914551,0.456055,-0.196777,-15.625000,-41.076660,3.173828
7992,-0.882324,0.425293,-0.318359,-17.272949,-30.090332,6.958008
7993,-0.882812,0.413086,-0.294434,-13.061523,-17.822266,9.033203
7994,-0.870605,0.394531,-0.106445,-9.216309,-10.925293,12.573242
7995,-0.864746,0.412109,-0.016113,-12.756348,-19.104004,13.671875
7996,-0.859375,0.437988,0.071289,-20.751953,-32.897949,15.502930
7997,-0.856445,0.410156,0.066895,-33.020020,-50.903320,16.845703
7998,-0.928223,0.325684,-0.186035,-35.034180,-68.725586,5.310059
7999,-0.945312,0.354492,-0.302734,-23.376465,-59.326172,-3.417969
8000,-0.908203,0.449219,-0.285645,-0.732422,-26.184082,-4.455566
8001,-0.910156,0.460449,-0.216309,2.441406,-15.502930,0.488281
8002,-0.917480,0.442383,-0.152344,-1.159668,-11.779785,4.943848
8003,-0.920898,0.427246,-0.059570,-12.756348,-18.981934,6.469727
8004,-0.899414,0.446777,-0.041016,-15.502930,-25.512695,7.812500
8005,-0.882812,0.440918,-0.051270,-19.348145,-31.188965,10.803223
8006,-0.897949,0.407227,-0.118164,-22.216797,-34.790039,11.718750
8007,-0.809082,0.458496,-0.241699,-11.840820,-25.207520,11.901855
8008,-0.859863,0.434570,-0.246582,-2.563477,-13.122559,22.033691
8009,-0.915527,0.412109,-0.190918,4.760742,-1.342773,23.986816
8010,-0.971191,0.372559,-0.002441,9.826660,-1.953125,10.864258
8011,-0.962402,0.390137,0.034668,7.568359,-12.145996,2.502441
8012,-0.938965,0.449707,0.007324,3.784180,-20.935059,-2.014160
8013,-0.918457,0.529297,-0.053711,0.305176,-23.437500,0.427246
8014,-0.883301,0.495117,-0.193848,-10.864258,-11.291504,13.793945
8015,-0.890625,0.415527,-0.237305,-7.446289,1.403809,14.221191
8016,-0.903320,0.364746,-0.194336,3.540039,13.427734,10.070801
8017,-0.886230,0.378906,0.046875,14.465332,15.136719,-1.892090
8018,-0.873047,0.408691,0.120117,7.446289,4.394531,-5.432129
8019,-0.866699,0.437012,0.145020,-1.281738,-9.399414,-7.080078
8020,-0.874023,0.509277,0.089844,-11.413574,-36.193848,-1.647949
8021,-0.874512,0.520996,0.043457,-16.296387,-43.945312,4.699707
8022,-0.875000,0.513184,0.011230,-23.498535,-46.875000,11.352539
8023,-0.864746,0.412598,-0.125488,-40.954590,-41.625977,14.465332
8024,-0.877441,0.349121,-0.160645,-22.094727,-23.620605,5.371094
8025,-0.884277,0.358887,-0.084961,-5.737305,-16.174316,-1.525879
8026,-0.888672,0.407227,0.011230,6.347656,-15.258789,-6.713867
8027,-0.895020,0.474609,0.077637,10.742188,-20.812988,-7.507324
8028,-0.901855,0.567871,0.161133,0.427246,-39.611816,4.638672
8029,-0.903809,0.538086,0.177734,-16.479492,-51.208496,12.634277
8030,-0.919434,0.459961,0.099121,-38.391113,-60.302734,15.075684
8031,-0.953613,0.353027,-0.124023,-43.212891,-53.466797,-3.479004
8032,-0.975586,0.344727,-0.172363,-26.611328,-40.405273,-14.892578
8033,-1.000488,0.357422,-0.201172,-1.831055,-25.756836,-23.437500
8034,-0.958008,0.443359,-0.065430,40.222168,-2.929688,-31.616211
8035,-0.909180,0.490234,0.040039,38.391113,1.647949,-30.639648
8036,-0.865234,0.520508,0.125000,23.620605,0.122070,-25.085449
8037,-0.830078,0.533203,0.166016,6.530762,-6.469727,-15.319824
8038,-0.828613,0.461426,0.178223,-12.512207,-22.338867,5.676270
8039,-0.869629,0.392578,0.157227,-17.700195,-27.160645,8.728027
8040,-0.904297,0.350098,0.113281,-20.751953,-28.503418,4.577637
8041,-0.909668,0.405762,0.010254,-18.615723,-19.470215,-7.934570
8042,-0.893555,0.422852,0.022949,-15.747070,-13.488770,-9.704590
8043,-0.882324,0.434082,0.070801,-12.329102,-10.131836,-10.192871
8044,-0.880859,0.437988,0.187012,-9.643555,-18.310547,-4.577637
8045,-0.889160,0.436523,0.251465,-12.207031,-28.320312,-2.197266
8046,-0.903320,0.427734,0.250000,-20.751953,-39.733887,-2.807617
8047,-0.945801,0.437012,0.117188,-26.794434,-51.391602,-7.568359
8048,-0.962402,0.446777,0.072266,-22.583008,-48.217773,-9.399414
8049,-0.964844,0.457031,0.071777,-18.676758,-40.893555,-10.620117
8050,-0.953125,0.468262,0.162598,-16.113281,-28.137207,-8.178711
8051,-0.948242,0.467285,0.235840,-19.836426,-29.357910,-4.516602
8052,-0.951660,0.478516,0.278809,-25.756836,-36.437988,0.366211
8053,-0.942383,0.512207,0.306152,-31.555176,-47.485352,6.530762
8054,-0.931152,0.474609,0.186523,-50.354004,-62.072754,14.648438
8055,-0.915039,0.430176,0.090332,-53.039551,-54.138184,13.732910
8056,-0.864746,0.349121,0.042969,-40.344238,-18.066406,8.117676
8057,-0.834473,0.336914,0.080078,-28.259277,-1.831055,6.591797
8058,-0.823242,0.351074,0.127930,-15.502930,8.300781,6.958008
8059,-0.829590,0.380371,0.170410,-4.272461,12.451172,9.155273
8060,-0.856445,0.419434,0.270020,4.516602,7.080078,13.061523
8061,-0.859375,0.419922,0.320312,-0.305176,-1.098633,15.075684
8062,-0.854980,0.392090,0.317871,-9.704590,-9.765625,15.075684
8063,-0.877441,0.369141,0.291992,-26.611328,-16.296387,6.713867
8064,-0.879883,0.367676,0.280762,-29.785156,-16.296387,1.525879
8065,-0.875977,0.374023,0.288574,-29.479980,-18.371582,-2.075195
8066,-0.863281,0.394531,0.295410,-23.376465,-29.724121,-4.455566
8067,-0.857422,0.394531,0.283691,-20.874023,-36.193848,-5.554199
8068,-0.869141,0.399414,0.264160,-17.883301,-40.100098,-7.446289
8069,-0.883301,0.413086,0.204102,-11.047363,-38.574219,-8.544922
8070,-0.905762,0.472168,0.132324,5.493164,-17.089844,-4.150391
8071,-0.884766,0.496582,0.151855,7.873535,-2.319336,0.000000
8072,-0.862793,0.492676,0.179688,6.286621,10.620117,5.065918
8073,-0.851074,0.460449,0.215820,5.554199,20.263672,10.131836
8074,-0.860840,0.386230,0.292969,11.169434,24.597168,15.747070
8075,-0.870117,0.374023,0.334473,12.512207,19.714355,14.526367
8076,-0.873047,0.362305,0.356934,10.253906,11.840820,11.840820
8077,-0.878906,0.392578,0.344238,0.305176,-4.028320,5.310059
8078,-0.870117,0.419434,0.307617,-5.249023,-7.873535,4.394531
8079,-0.856445,0.446777,0.200684,-11.840820,-4.882812,6.225586
8080,-0.840332,0.416992,0.162598,-12.329102,3.112793,6.896973
8081,-0.828613,0.381836,0.155273,-8.483887,11.535645,6.408691
8082,-0.827637,0.361328,0.184570,-1.281738,17.089844,4.333496
8083,-0.850098,0.354004,0.288086,9.887695,15.625000,-3.479004
8084,-0.857422,0.377441,0.333496,10.986328,10.498047,-7.629395
8085,-0.889160,0.423828,0.324707,10.803223,4.943848,-9.521484
8086,-0.922363,0.478516,0.290039,10.986328,2.258301,-8.056641
8087,-0.911621,0.540527,0.272949,6.896973,0.427246,-0.976562
8088,-0.888184,0.524414,0.286133,0.915527,-0.244141,4.333496
8089,-0.854980,0.429199,0.270020,-10.742188,-2.990723,12.878418
8090,-0.856445,0.375488,0.220215,-9.216309,-3.295898,12.207031
8091,-0.864746,0.350586,0.184082,-1.647949,-0.183105,7.446289
8092,-0.869629,0.345703,0.188965,6.164551,4.882812,0.854492
8093,-0.873047,0.362305,0.218262,13.183594,10.742188,-8.728027
8094,-0.888672,0.446777,0.251465,12.939453,11.047363,-8.728027
8095,-0.889648,0.479980,0.246582,10.986328,11.230469,-5.859375
8096,-0.860840,0.473145,0.270020,5.187988,10.559082,2.624512
8097,-0.853027,0.439941,0.291016,2.075195,8.605957,6.347656
8098,-0.846680,0.403320,0.295898,-1.037598,5.920410,7.324219
8099,-0.853516,0.345703,0.272461,1.647949,0.610352,0.122070
8100,-0.861816,0.352539,0.271973,5.432129,-0.549316,-6.225586
8101,-0.867188,0.387207,0.273438,7.995605,-1.647949,-11.047363
8102,-0.869141,0.475586,0.254883,9.216309,-4.272461,-11.230469
8103,-0.858398,0.488770,0.258789,7.446289,-6.164551,-7.690430
8104,-0.851074,0.487305,0.269043,5.187988,-8.300781,-2.563477
8105,-0.853027,0.477051,0.297363,-2.014160,-11.108398,8.300781
8106,-0.863770,0.448730,0.314941,-6.591797,-12.573242,11.230469
8107,-0.866699,0.410645,0.334961,-11.901855,-15.075684,11.596680
8108,-0.864746,0.337402,0.309082,-19.470215,-23.864746,5.126953
8109,-0.856934,0.326660,0.284180,-16.967773,-27.587891,0.061035
8110,-0.850586,0.333008,0.272461,-11.047363,-29.968262,-5.004883
8111,-0.867676,0.374023,0.257324,-2.746582,-31.005859,-8.911133
8112,-0.916992,0.539551,0.266113,11.291504,-24.902344,-3.723145
8113,-0.901855,0.567383,0.311523,6.408691,-23.437500,3.784180
8114,-0.863281,0.536621,0.407227,-9.033203,-33.996582,24.291992
8115,-0.844238,0.494629,0.421387,-19.470215,-44.860840,32.104492
8116,-0.825195,0.450684,0.382324,-28.625488,-54.321289,35.583496
8117,-0.806152,0.407227,0.315918,-31.616211,-58.349609,34.729004
8118,-0.765137,0.354492,0.263184,-20.874023,-52.368164,25.878906
8119,-0.756836,0.350098,0.295410,-13.793945,-48.339844,20.874023
8120,-0.770508,0.357422,0.358887,-8.911133,-48.217773,16.479492
8121,-0.808105,0.357422,0.378418,-1.953125,-56.518555,4.943848
8122,-0.831543,0.389160,0.403320,1.525879,-57.189941,-1.220703
8123,-0.817871,0.428223,0.473145,-2.075195,-58.532715,-5.981445
8124,-0.805664,0.533691,0.537598,-18.615723,-70.068359,-5.187988
8125,-0.794922,0.562012,0.553223,-28.259277,-79.528809,0.854492
8126,-0.778320,0.547852,0.567871,-38.208008,-90.637207,8.483887
8127,-0.768066,0.514160,0.561035,-46.936035,-101.379395,15.319824
8128,-0.746094,0.474121,0.538086,-52.062988,-115.112305,25.329590
8129,-0.742676,0.467773,0.560059,-54.260254,-117.736816,27.832031
8130,-0.764160,0.464355,0.593262,-59.753418,-119.323730,28.564453
8131,-0.790039,0.446289,0.646973,-76.232910,-120.971680,22.766113
8132,-0.786133,0.426758,0.718750,-87.158203,-129.943848,17.578125
8133,-0.782227,0.416016,0.785156,-101.074219,-148.925781,12.695312
8134,-0.770508,0.391602,0.716309,-108.276367,-168.640137,7.446289
8135,-0.709961,0.411621,0.593750,-106.384277,-182.678223,0.427246
8136,-0.653809,0.431641,0.550781,-100.463867,-174.011230,1.708984
8137,-0.548340,0.459473,0.599121,-84.289551,-139.160156,16.906738
8138,-0.514160,0.458984,0.713379,-80.749512,-126.464844,29.663086
8139,-0.506836,0.421387,0.827637,-86.914062,-122.863770,44.189453
8140,-0.491211,0.387207,0.934570,-101.501465,-128.784180,57.312012
8141,-0.515625,0.309082,0.966309,-140.563965,-153.320312,72.021484
8142,-0.554199,0.348145,0.857422,-151.062012,-156.494141,73.669434
8143,-0.572754,0.407715,0.749023,-150.146484,-146.911621,74.035645
8144,-0.451660,0.447266,0.719727,-133.789062,-110.778809,71.350098
8145,-0.387207,0.389648,0.766602,-126.220703,-98.449707,70.251465
8146,-0.303711,0.227539,0.933594,-120.117188,-96.435547,74.951172
8147,-0.285156,0.178223,0.994141,-121.459961,-106.201172,81.054688
8148,-0.278320,0.133789,1.025391,-120.239258,-118.469238,86.853027
8149,-0.272949,0.101562,1.033203,-118.469238,-130.310059,89.538574
8150,-0.253906,0.073730,1.024414,-115.661621,-139.465332,87.890625
8151,-0.190918,0.023438,0.980957,-108.337402,-150.024414,74.035645
8152,-0.166016,-0.004395,0.938477,-98.815918,-148.071289,61.889648
8153,-0.147949,-0.008789,0.907715,-83.190918,-142.150879,49.377441
8154,-0.072266,0.062988,0.923340,-46.691895,-123.657227,39.306641
8155,-0.037598,0.088867,0.969727,-33.203125,-114.746094,43.029785
8156,-0.008301,0.089355,1.028320,-28.198242,-109.680176,49.377441
8157,-0.008301,0.022461,1.069336,-44.860840,-104.187012,58.288574
8158,-0.005859,-0.008789,1.071289,-61.218262,-101.501465,59.387207
8159,0.012695,-0.029297,1.058105,-74.707031,-99.304199,58.044434
8160,0.059570,-0.061523,1.049805,-84.655762,-98.327637,50.048828
8161,0.080078,-0.053711,1.068848,-82.580566,-100.646973,46.081543
8162,0.085449,-0.042969,1.063477,-80.932617,-104.797363,43.762207
8163,0.095703,-0.022949,1.019043,-80.627441,-107.788086,42.358398
8164,0.114746,-0.045410,0.913574,-79.345703,-106.079102,38.330078
8165,0.122559,-0.078125,0.880371,-77.209473,-102.966309,34.606934
8166,0.131348,-0.115723,0.868164,-75.744629,-99.975586,31.433105
8167,0.163086,-0.171387,0.840820,-79.345703,-97.473145,31.738281
8168,0.190430,-0.207031,0.815918,-80.017090,-95.397949,33.813477
8169,0.230469,-0.241699,0.793457,-78.369141,-91.247559,35.888672
8170,0.282715,-0.253418,0.779297,-73.486328,-82.580566,37.658691
8171,0.369141,-0.258301,0.797852,-63.049316,-57.434082,39.611816
8172,0.373535,-0.267090,0.836426,-58.898926,-48.034668,39.428711
8173,0.374512,-0.266113,0.903809,-53.283691,-44.067383,39.062500
8174,0.350586,-0.264648,1.016113,-44.860840,-57.250977,40.771484
8175,0.326172,-0.319336,0.891113,-34.729004,-76.843262,38.574219
8176,0.345703,-0.350586,0.772949,-24.719238,-75.256348,34.484863
8177,0.363281,-0.352051,0.712891,-14.587402,-66.101074,31.066895
8178,0.390625,-0.343262,0.677246,-7.507324,-53.039551,29.724121
8179,0.444824,-0.346680,0.746094,1.403809,-19.409180,29.785156
8180,0.429199,-0.370605,0.847656,-4.638672,-8.056641,30.761719
8181,0.412598,-0.381836,0.962891,-13.977051,-4.211426,30.029297
8182,0.361328,-0.363770,1.153809,-32.592773,-31.005859,23.620605
8183,0.349609,-0.314941,1.090820,-38.818359,-56.823730,22.766113
8184,0.354980,-0.274902,0.960938,-40.710449,-76.049805,27.526855
8185,0.348633,-0.273926,0.729004,-37.841797,-88.806152,44.555664
8186,0.348145,-0.315918,0.631348,-37.414551,-83.740234,45.349121
8187,0.344238,-0.351562,0.630859,-41.992188,-71.411133,42.419434
8188,0.343262,-0.413086,0.621582,-54.626465,-54.504395,37.109375
8189,0.419434,-0.459473,0.648438,-68.908691,-13.488770,26.428223
8190,0.461914,-0.458008,0.739258,-65.551758,-0.793457,26.428223
8191,0.473145,-0.479492,0.895508,-51.696777,-15.258789,35.461426
8192,0.498047,-0.490234,0.798340,-36.865234,-35.461426,39.245605
8193,0.505859,-0.513184,0.708984,-15.625000,-45.166016,39.306641
8194,0.497070,-0.526367,0.707520,5.920410,-35.766602,31.188965
8195,0.498535,-0.528320,0.770508,8.605957,-31.066895,30.029297
8196,0.486816,-0.542480,0.780273,10.192871,-28.198242,29.602051
8197,0.481934,-0.550781,0.799805,11.657715,-28.076172,28.259277
8198,0.479004,-0.524414,0.911133,11.352539,-28.869629,24.963379
8199,0.449219,-0.498047,0.965820,-0.305176,-36.499023,25.024414
8200,0.439941,-0.472168,0.969238,-16.418457,-46.936035,25.634766
8201,0.465820,-0.471680,0.816406,-43.395996,-60.668945,25.268555
8202,0.501465,-0.482910,0.692383,-46.997070,-58.959961,23.864746
8203,0.520996,-0.492676,0.559570,-40.710449,-50.231934,22.888184
8204,0.527832,-0.503418,0.457520,-24.230957,-35.827637,23.559570
8205,0.518066,-0.533691,0.383789,3.417969,-18.310547,25.329590
8206,0.485840,-0.536621,0.516602,63.476562,11.657715,29.907227
8207,0.605957,-0.441895,0.636230,86.303711,15.625000,38.146973
8208,0.553711,-0.480957,0.658691,101.867676,14.099121,52.978516
8209,0.509766,-0.481934,0.699707,121.093750,12.695312,73.852539
8210,0.485352,-0.470215,0.720703,124.206543,12.329102,78.430176
8211,0.484375,-0.421387,0.768066,121.215820,10.314941,83.557129
8212,0.440918,-0.362305,0.738770,118.286133,7.812500,95.458984
8213,0.420410,-0.325684,0.744141,120.300293,9.826660,101.867676
8214,0.389648,-0.329590,0.750488,124.206543,11.901855,107.971191
8215,0.376465,-0.392578,0.721680,145.141602,19.958496,119.934082
8216,0.380859,-0.415039,0.735840,161.865234,28.015137,125.549316
8217,0.375488,-0.421387,0.770508,174.438477,38.879395,130.310059
8218,0.327148,-0.356445,0.919922,165.954590,57.861328,133.972168
8219,0.310547,-0.322754,0.979004,144.287109,59.753418,131.713867
8220,0.292480,-0.306641,1.013184,123.107910,54.626465,125.793457
8221,0.211426,-0.294434,1.039551,108.459473,28.564453,103.942871
8222,0.177734,-0.302734,1.091309,106.445312,13.610840,90.942383
8223,0.139648,-0.323242,1.141602,93.933105,0.976562,78.063965
8224,0.108887,-0.366699,1.197754,47.058105,-21.911621,54.321289
8225,0.143066,-0.353027,1.183594,20.019531,-34.362793,48.522949
8226,0.187012,-0.344238,1.119629,2.563477,-45.898438,44.616699
8227,0.232910,-0.300293,1.017578,1.220703,-53.771973,41.198730
8228,0.273926,-0.238770,0.917969,12.512207,-56.030273,38.879395
8229,0.340332,-0.137695,0.853516,39.062500,-45.776367,38.940430
8230,0.360352,-0.122559,0.848145,44.494629,-36.865234,40.649414
8231,0.346191,-0.161621,0.789551,52.429199,-18.798828,44.189453
8232,0.309082,-0.180664,0.761230,60.546875,-9.277344,45.593262
8233,0.280273,-0.198730,0.762207,73.242188,1.342773,46.875000
8234,0.248535,-0.204590,0.779297,88.500977,13.671875,48.522949
8235,0.203125,-0.206543,0.847656,112.792969,46.569824,53.894043
8236,0.194336,-0.195801,0.874023,112.243652,68.603516,58.044434
8237,0.195312,-0.168945,0.889160,100.830078,91.918945,64.697266
8238,0.219727,-0.079102,0.972656,58.105469,125.427246,86.914062
8239,0.229004,-0.034180,0.976562,35.400391,131.469727,101.196289
8240,0.224609,0.016113,0.965332,16.601562,133.544922,116.577148
8241,0.052246,0.013672,0.874023,2.319336,139.953613,146.118164
8242,-0.025879,-0.043457,0.832520,12.145996,148.437500,157.226562
8243,-0.069336,-0.082031,0.848633,31.982422,156.555176,165.771484
8244,-0.055176,-0.087402,1.036621,66.528320,150.268555,186.645508
8245,-0.070801,-0.090332,1.114746,75.317383,135.131836,195.617676
8246,-0.070312,-0.079590,1.206055,80.017090,112.182617,198.730469
8247,-0.090332,-0.051270,1.241699,70.678711,56.884766,190.551758
8248,-0.158691,-0.083496,1.186035,63.598633,32.287598,175.781250
8249,-0.252441,-0.123535,1.118652,59.020996,11.291504,155.761719
8250,-0.328613,-0.125000,1.132812,72.143555,-33.081055,110.473633
8251,-0.231445,-0.026367,1.173828,98.999023,-64.636230,88.500977
8252,-0.088379,0.041016,1.235352,135.742188,-105.346680,67.687988
8253,0.068359,0.103027,1.133301,182.495117,-182.861328,24.780273
8254,0.108398,0.109375,1.063477,171.569824,-194.519043,4.516602
8255,0.128906,0.119141,0.901855,139.648438,-180.908203,-11.901855
8256,0.074707,0.233887,0.776367,96.191406,-108.520508,-28.259277
8257,0.075684,0.285645,0.782715,82.580566,-74.462891,-29.968262
8258,0.107910,0.344727,0.839844,76.232910,-57.983398,-30.517578
8259,0.182129,0.424805,0.908203,80.993652,-61.279297,-26.062012
8260,0.229004,0.449707,0.900391,95.520020,-75.500488,-17.333984
8261,0.232910,0.421387,0.903320,132.324219,-106.872559,2.868652
8262,0.240723,0.408691,0.931641,145.202637,-121.276855,13.427734
8263,0.272461,0.444336,0.989258,144.165039,-157.897949,40.344238
8264,0.267578,0.436035,0.969238,139.465332,-179.138184,55.358887
8265,0.273926,0.417969,0.961426,135.192871,-201.049805,65.673828
8266,0.255859,0.447754,0.962402,125.671387,-224.182129,70.739746
8267,0.213867,0.314453,0.447754,157.226562,-185.668945,30.822754
8268,0.285156,0.322754,0.553711,158.569336,-139.526367,-9.216309
8269,0.330566,0.409180,0.614746,124.389648,-91.186523,-47.851562
8270,0.451660,0.619141,0.763184,16.479492,-9.155273,-76.354980
8271,0.537109,0.634766,0.761719,-14.160156,14.404297,-68.176270
8272,0.601074,0.658203,0.735840,-21.240234,26.916504,-50.903320
8273,0.625488,0.714844,0.712891,-2.258301,34.057617,2.746582
8274,0.587891,0.683594,0.714355,2.746582,39.245605,28.808594
8275,0.519043,0.631348,0.749023,-4.272461,49.011230,46.325684
8276,0.429688,0.609375,0.849609,-15.136719,55.664062,56.518555
8277,0.362305,0.496582,0.888672,-28.625488,50.048828,64.025879
8278,0.357422,0.430664,0.857910,-29.968262,46.936035,62.500000
8279,0.331055,0.390625,0.817871,-25.695801,57.922363,48.339844
8280,0.325684,0.404785,0.884766,-28.808594,63.842773,40.222168
8281,0.329102,0.413086,0.976074,-39.550781,62.011719,31.677246
8282,0.391602,0.431152,0.906250,-57.250977,42.785645,18.066406
8283,0.430176,0.420898,0.765137,-67.138672,49.560547,18.615723
8284,0.374023,0.484375,0.614746,-68.725586,71.716309,22.827148
8285,0.368164,0.414551,0.771973,-63.171387,93.322754,28.808594
8286,0.274414,0.408691,0.956055,-34.912109,90.209961,27.893066
8287,0.217773,0.366211,1.124512,-16.662598,57.861328,26.000977
8288,0.207520,0.322754,1.127930,1.220703,-34.301758,10.009766
8289,0.230469,0.324219,1.044434,-1.037598,-70.922852,-0.976562
8290,0.278320,0.357910,0.979980,-0.732422,-103.393555,-8.666992
8291,0.324707,0.393066,0.915527,9.948730,-136.474609,-8.300781
8292,0.325195,0.484375,0.603516,56.701660,-175.415039,3.784180
8293,0.396484,0.448730,0.499023,82.580566,-169.921875,4.943848
8294,0.491211,0.410156,0.509277,86.791992,-125.549316,1.647949
8295,0.537109,0.371094,0.541504,80.993652,-98.999023,-5.126953
8296,0.476562,0.407715,0.542480,83.068848,-77.270508,-16.662598
8297,0.453125,0.431152,0.679199,84.716797,-68.969727,-28.564453
8298,0.460449,0.548828,0.924805,82.397461,-108.215332,-28.259277
8299,0.477051,0.570312,0.879395,85.144043,-137.939453,-23.315430
8300,0.495117,0.526367,0.770996,85.144043,-158.081055,-22.949219
8301,0.522461,0.485840,0.638184,87.036133,-166.992188,-27.282715
8302,0.534668,0.513184,0.449707,100.341797,-158.386230,-35.949707
8303,0.511719,0.537598,0.440430,104.125977,-151.794434,-41.076660
8304,0.525391,0.592285,0.807617,93.261719,-162.780762,-56.579590
8305,0.524414,0.545410,0.688477,64.880371,-183.959961,-67.321777
8306,0.539062,0.554199,0.338379,67.443848,-186.889648,-82.580566
8307,0.603516,0.637207,0.360840,77.514648,-185.241699,-90.576172
8308,0.611816,0.751953,0.347656,82.519531,-188.537598,-85.876465
8309,0.568848,0.748047,0.293945,79.528809,-186.523438,-80.810547
8310,0.598145,0.787598,0.250977,63.232422,-182.861328,-67.077637
8311,0.585938,0.764160,0.041016,75.683594,-175.292969,-64.453125
8312,0.631836,0.801758,0.011719,94.360352,-159.362793,-64.636230
8313,0.655762,0.821289,0.056152,97.351074,-145.629883,-62.622070
8314,0.554688,0.818359,0.054688,69.702148,-126.342773,-54.870605
8315,0.498047,0.728027,0.025879,66.650391,-121.765137,-57.250977
8316,0.463867,0.687012,0.037109,73.730469,-123.046875,-63.903809
8317,0.462402,0.728027,0.059082,80.932617,-129.150391,-70.129395
8318,0.520508,0.818848,-0.050293,85.815430,-141.845703,-68.115234
8319,0.514160,0.806641,-0.161621,76.599121,-135.681152,-65.979004
8320,0.519531,0.805664,-0.230469,68.847656,-119.201660,-66.650391
8321,0.511230,0.874512,-0.307617,61.828613,-75.988770,-62.927246
8322,0.517578,0.919434,-0.185059,52.490234,-51.574707,-55.786133
8323,0.473633,0.984375,0.023926,35.339355,-45.959473,-48.034668
8324,0.468262,0.898926,0.067871,21.362305,-78.430176,-41.564941
8325,0.503418,0.878418,-0.006348,29.357910,-95.825195,-38.940430
8326,0.513672,0.838379,-0.075684,50.170898,-127.563477,-31.494141
8327,0.524902,0.858398,-0.105469,51.696777,-136.840820,-27.893066
8328,0.561035,0.913086,-0.144531,43.457031,-141.845703,-20.568848
8329,0.599121,0.890625,-0.395020,11.535645,-124.450684,1.708984
8330,0.609863,0.915527,-0.518066,-5.310059,-99.365234,12.451172
8331,0.567871,0.969727,-0.587891,-11.596680,-62.011719,23.498535
8332,0.484863,0.919922,-0.297852,-5.920410,1.464844,32.531738
8333,0.460449,0.831055,-0.130371,-11.230469,13.061523,23.559570
8334,0.486816,0.852051,-0.089844,-24.658203,16.601562,12.756348
8335,0.593750,0.870117,-0.240234,-41.992188,21.789551,10.437012
8336,0.588867,0.841309,-0.317383,-39.001465,31.494141,15.319824
8337,0.567871,0.842773,-0.299805,-30.456543,41.137695,20.507812
8338,0.528809,0.864258,-0.300781,-23.193359,50.598145,25.390625
8339,0.492188,0.937988,-0.327148,-38.085938,90.576172,34.729004
8340,0.489258,0.972168,-0.272949,-65.124512,117.370605,41.259766
8341,0.539551,0.964355,-0.241211,-84.777832,143.310547,48.767090
8342,0.621582,0.940430,-0.169922,-102.722168,182.983398,76.660156
8343,0.569824,0.866211,-0.171387,-109.069824,200.073242,89.050293
8344,0.477051,0.769531,-0.158203,-111.267090,214.660645,93.017578
8345,0.398926,0.690430,0.020996,-109.375000,220.397949,71.777344
8346,0.414062,0.720703,0.101074,-110.473633,212.707520,56.579590
8347,0.470703,0.805664,0.243652,-106.018066,197.570801,46.386719
8348,0.609863,0.968750,0.526855,-118.896484,148.559570,54.199219
8349,0.665039,0.965820,0.464355,-142.883301,138.854980,67.260742
8350,0.682129,0.907227,0.312500,-170.166016,151.733398,81.787109
8351,0.632324,0.718750,0.031738,-222.534180,231.384277,102.844238
8352,0.602051,0.624023,-0.000977,-237.487793,278.442383,107.421875
8353,0.586426,0.600098,0.070801,-229.064941,310.974121,110.229492
8354,0.495605,0.483887,0.321777,-177.185059,308.715820,105.834961
8355,0.438477,0.447754,0.377930,-148.620605,287.963867,98.937988
8356,0.389648,0.464355,0.416016,-118.225098,267.211914,91.857910
8357,0.329590,0.505371,0.624512,-74.279785,232.177734,88.623047
8358,0.301758,0.494141,0.754883,-72.692871,212.646484,83.007812
8359,0.258301,0.418945,0.849121,-87.890625,185.180664,60.302734
8360,0.258301,0.411621,0.881348,-95.947266,178.283691,50.476074
8361,0.251465,0.396484,0.836426,-104.125977,181.945801,43.212891
8362,0.256836,0.364746,0.794922,-111.145020,197.265625,37.353516
8363,0.339355,0.243164,0.693359,-99.914551,240.783691,31.311035
8364,0.339844,0.239746,0.801270,-74.645996,252.868652,33.813477
8365,0.310059,0.282227,0.965332,-53.100586,249.816895,39.245605
8366,0.198242,0.314453,1.253418,-40.527344,206.542969,52.307129
8367,0.144043,0.309570,1.296387,-50.659180,178.405762,56.274414
8368,0.091797,0.297852,1.302246,-64.086914,152.221680,58.288574
8369,0.037598,0.288574,1.312012,-95.214844,109.436035,57.739258
8370,0.037109,0.310059,1.246094,-112.426758,97.656250,58.654785
8371,0.035645,0.309082,1.159180,-128.051758,95.336914,60.729980
8372,0.000977,0.208496,0.955078,-142.150879,113.403320,58.410645
8373,-0.016113,0.136230,0.903320,-136.596680,124.389648,53.039551
8374,-0.041504,0.081543,0.872070,-122.985840,130.187988,46.142578
8375,-0.064453,0.097656,0.903320,-84.472656,129.211426,40.832520
8376,-0.086426,0.130371,0.969238,-71.716309,122.070312,44.189453
8377,-0.112305,0.150879,0.998535,-66.101074,113.647461,49.438477
8378,-0.142578,0.144531,1.008301,-68.115234,107.299805,54.138184
8379,-0.236816,0.045410,0.937988,-80.383301,104.003906,52.734375
8380,-0.287109,0.016113,0.896973,-82.092285,105.712891,48.950195
8381,-0.336426,-0.023926,0.858887,-70.373535,110.046387,38.391113
8382,-0.327637,0.011230,0.861816,-61.340332,112.487793,33.752441
8383,-0.304199,0.062500,0.894043,-53.527832,113.708496,32.287598
8384,-0.276855,0.095703,0.926758,-48.461914,111.877441,33.508301
8385,-0.282715,0.041992,0.989258,-48.156738,94.116211,33.630371
8386,-0.309570,0.013672,0.977539,-49.987793,82.214355,30.273438
8387,-0.345703,-0.004395,0.943848,-47.241211,71.472168,26.733398
8388,-0.418457,-0.035645,0.909668,-32.165527,52.551270,19.592285
8389,-0.441406,-0.041504,0.909668,-25.573730,44.006348,15.869141
8390,-0.442383,-0.049316,0.930176,-22.460938,35.217285,12.390137
8391,-0.433594,-0.034668,0.936523,-32.104492,23.925781,13.427734
8392,-0.433594,-0.020508,0.924316,-35.583496,22.644043,16.662598
8393,-0.427246,-0.027344,0.904297,-37.048340,24.414062,19.042969
8394,-0.379395,-0.033691,0.923340,-38.208008,27.893066,24.047852
8395,-0.389160,-0.052246,0.919922,-34.606934,21.301270,28.137207
8396,-0.409668,-0.074707,0.918457,-28.259277,10.009766,30.761719
8397,-0.456543,-0.092773,0.867188,-3.967285,-20.385742,30.822754
8398,-0.472168,-0.101562,0.880859,11.962891,-36.743164,27.587891
8399,-0.480469,-0.090820,0.898438,23.437500,-51.086426,23.742676
8400,-0.509766,-0.065430,0.883301,29.785156,-60.974121,15.502930
8401,-0.501953,-0.070801,0.891602,28.137207,-55.297852,9.216309
8402,-0.435547,-0.050781,0.962402,24.963379,-48.828125,4.333496
8403,-0.327148,-0.026855,0.979492,19.653320,-45.471191,4.638672
8404,-0.313965,-0.049316,0.952637,21.362305,-45.898438,5.249023
8405,-0.320312,-0.061523,0.918945,29.418945,-48.950195,5.554199
8406,-0.360352,-0.050293,0.938477,60.607910,-70.556641,2.502441
8407,-0.384766,-0.022461,0.935059,78.613281,-88.256836,0.549316
8408,-0.403320,-0.025879,0.917969,95.581055,-107.604980,-3.479004
8409,-0.414062,-0.043457,0.917969,114.257812,-128.234863,-11.230469
8410,-0.372559,0.006348,0.969727,151.245117,-175.842285,-30.578613
8411,-0.298340,0.077148,1.035156,169.250488,-205.322266,-33.508301
8412,-0.220703,0.131836,1.080078,179.992676,-234.619141,-30.151367
8413,-0.127930,0.191895,1.018555,181.091309,-269.531250,-19.287109
8414,-0.096191,0.219238,0.985352,174.316406,-270.263672,-17.028809
8415,-0.071289,0.231934,0.941895,161.010742,-261.169434,-17.517090
8416,-0.011230,0.242188,0.839844,132.629395,-221.191406,-28.564453
8417,0.036133,0.282715,0.829102,116.455078,-198.852539,-36.193848
8418,0.087402,0.306641,0.825195,102.355957,-178.955078,-42.602539
8419,0.144043,0.313965,0.848633,96.008301,-164.306641,-48.095703
8420,0.228027,0.372559,0.869629,98.205566,-155.273438,-52.551270
8421,0.248047,0.399902,0.882324,98.571777,-155.273438,-50.476074
8422,0.212891,0.398926,0.849609,97.412109,-158.752441,-49.682617
8423,0.204590,0.405762,0.823730,97.473145,-160.766602,-54.626465
8424,0.226074,0.431152,0.835449,97.717285,-166.137695,-61.828613
8425,0.258301,0.470703,0.836426,97.839355,-176.513672,-68.908691
8426,0.336426,0.537109,0.789062,99.853516,-199.340820,-75.500488
8427,0.374023,0.578613,0.747559,99.365234,-205.627441,-74.401855
8428,0.403320,0.611328,0.711426,94.238281,-205.444336,-70.983887
8429,0.423340,0.610840,0.615723,66.223145,-182.861328,-68.237305
8430,0.417480,0.583984,0.548828,46.813965,-159.790039,-70.800781
8431,0.394043,0.555176,0.489746,31.677246,-132.202148,-77.697754
8432,0.372070,0.544922,0.509277,27.221680,-109.924316,-87.341309
8433,0.480957,0.758301,0.701172,28.198242,-104.248047,-96.618652
8434,0.597168,0.880371,0.756836,26.062012,-124.023438,-86.364746
8435,0.671875,0.873535,0.694824,26.000977,-150.939941,-67.626953
8436,0.692383,0.748047,0.433105,50.903320,-182.373047,-32.104492
8437,0.661133,0.717773,0.291992,60.424805,-176.269531,-19.897461
8438,0.579590,0.649902,0.167969,65.673828,-154.479980,-16.235352
8439,0.502441,0.605957,0.225098,68.603516,-130.249023,-24.353027
8440,0.412598,0.689453,0.448730,76.293945,-113.769531,-60.302734
8441,0.439453,0.795410,0.556641,77.148438,-124.328613,-70.678711
8442,0.503418,0.886230,0.576172,69.091797,-139.343262,-69.519043
8443,0.601562,0.891113,0.392578,44.860840,-148.498535,-45.898438
8444,0.619141,0.860352,0.279785,29.235840,-132.995605,-34.057617
8445,0.610352,0.807617,0.169434,13.061523,-104.858398,-26.000977
8446,0.481934,0.641602,-0.008789,0.915527,-29.541016,-33.752441
8447,0.464355,0.665039,0.137207,8.422852,-8.666992,-47.729492
8448,0.518555,0.786133,0.266113,18.615723,-9.826660,-55.969238
8449,0.600098,0.874512,0.354980,29.479980,-29.052734,-53.527832
8450,0.705566,0.941406,0.325195,39.916992,-80.932617,-25.146484
8451,0.701660,0.922363,0.257812,44.433594,-94.787598,-7.568359
8452,0.641602,0.882812,0.235840,47.546387,-99.365234,5.676270
8453,0.466797,0.770996,0.264160,40.222168,-92.163086,3.906250
8454,0.429199,0.767090,0.294922,34.545898,-90.209961,-8.239746
8455,0.435547,0.801758,0.305176,28.991699,-89.843750,-19.653320
8456,0.553711,0.868164,0.205078,11.962891,-88.317871,-24.230957
8457,0.589844,0.872070,0.089355,9.033203,-80.139160,-16.967773
8458,0.614258,0.873047,0.063477,5.615234,-67.016602,-6.774902
8459,0.651367,0.872070,0.012695,6.652832,-56.579590,1.525879
8460,0.620605,0.853516,-0.022461,14.526367,-28.808594,14.953613
8461,0.599121,0.872070,0.004883,10.742188,-11.413574,20.690918
8462,0.525879,0.827148,0.122559,6.164551,10.131836,26.184082
8463,0.504395,0.820801,0.197754,6.347656,8.361816,22.705078
8464,0.492676,0.813477,0.239258,2.258301,1.098633,16.906738
8465,0.495117,0.801758,0.202637,-3.479004,-5.187988,10.681152
8466,0.518066,0.791992,0.121582,-6.164551,-9.094238,3.967285
8467,0.523438,0.797363,0.101074,-8.544922,-5.920410,2.929688
8468,0.533691,0.810547,0.088867,-11.535645,-1.403809,2.929688
8469,0.531738,0.786621,0.037109,-14.892578,8.178711,2.075195
8470,0.532715,0.772949,0.034180,-9.216309,7.751465,-0.854492
8471,0.529785,0.793945,0.070801,2.929688,2.441406,-3.540039
8472,0.511719,0.833984,0.185059,11.840820,-23.742676,-4.638672
8473,0.508301,0.826172,0.164062,12.878418,-36.987305,-4.333496
8474,0.510742,0.811523,0.120117,14.892578,-44.189453,-6.042480
8475,0.579590,0.875000,0.071289,13.549805,-39.978027,-7.629395
8476,0.606934,0.879395,0.022461,8.972168,-31.250000,-4.333496
8477,0.545410,0.748047,-0.068848,8.422852,-6.103516,-1.708984
8478,0.487305,0.709961,-0.006348,13.610840,-1.525879,-9.155273
8479,0.460449,0.788086,0.112305,17.395020,-12.390137,-26.794434
8480,0.496094,0.842773,0.109863,16.418457,-19.775391,-28.991699
8481,0.528809,0.864746,0.086426,16.906738,-25.207520,-27.709961
8482,0.553711,0.871094,0.054199,17.639160,-26.306152,-24.780273
8483,0.608887,0.893555,0.068848,14.282227,-16.418457,-18.249512
8484,0.632324,0.899902,0.083984,7.995605,-9.216309,-14.099121
8485,0.648926,0.887695,0.084961,-2.746582,8.361816,-1.647949
8486,0.638672,0.875488,0.078613,-8.666992,19.165039,3.967285
8487,0.643555,0.870605,0.077637,-16.601562,30.273438,7.934570
8488,0.652344,0.863281,0.080566,-23.315430,37.780762,10.498047
8489,0.637207,0.856934,0.112793,-28.198242,39.367676,17.028809
8490,0.625000,0.871094,0.129883,-28.198242,36.804199,22.216797
8491,0.615234,0.884766,0.155762,-26.855469,34.301758,28.991699
8492,0.592773,0.865723,0.168457,-34.240723,38.635254,41.015625
8493,0.582520,0.837402,0.139648,-42.663574,47.729492,43.090820
8494,0.541016,0.766602,0.077148,-56.640625,80.017090,39.123535
8495,0.521973,0.753906,0.103027,-59.326172,93.444824,34.118652
8496,0.503418,0.755371,0.147949,-58.593750,102.722168,28.381348
8497,0.497559,0.780762,0.196289,-58.654785,106.018066,23.803711
8498,0.495605,0.788574,0.237793,-58.410645,97.778320,21.667480
8499,0.478027,0.757324,0.190430,-56.640625,90.698242,20.568848
8500,0.462402,0.719238,0.201172,-48.400879,80.444336,16.174316
8501,0.461426,0.732910,0.245117,-23.559570,47.790527,3.723145
8502,0.461426,0.759277,0.263184,-12.207031,28.808594,0.549316
8503,0.476074,0.799805,0.276855,-3.479004,11.291504,-0.305176
8504,0.533691,0.796387,0.250488,4.943848,-11.169434,-0.610352
8505,0.549805,0.794434,0.227539,6.286621,-12.207031,-2.075195
8506,0.560547,0.797363,0.237793,6.958008,-8.239746,-3.845215
8507,0.561523,0.791504,0.287598,0.915527,2.746582,-6.225586
8508,0.553223,0.771484,0.309570,-3.051758,6.408691,-7.080078
8509,0.542480,0.754395,0.317383,-4.882812,8.483887,-8.666992
8510,0.561523,0.781738,0.354980,-4.272461,6.591797,-9.216309
8511,0.569336,0.772461,0.357910,-6.103516,1.831055,-7.812500
8512,0.582031,0.769043,0.339844,-6.774902,-3.417969,-6.103516
8513,0.636230,0.793457,0.299805,-1.098633,-10.498047,2.136230
8514,0.639160,0.788086,0.290527,1.647949,-12.023926,7.202148
8515,0.622559,0.784668,0.284668,3.540039,-11.047363,11.657715
8516,0.597656,0.783203,0.286621,4.150391,-7.263184,14.648438
8517,0.554199,0.766602,0.301758,-1.342773,6.713867,14.160156
8518,0.537109,0.768555,0.322754,-5.249023,13.427734,11.047363
8519,0.530273,0.765137,0.325684,-10.375977,19.042969,7.690430
8520,0.528809,0.751465,0.301270,-21.606445,31.738281,1.220703
8521,0.524414,0.751465,0.298340,-24.475098,36.376953,-0.366211
8522,0.516602,0.748047,0.298828,-23.742676,39.123535,-1.098633
8523,0.508789,0.758301,0.334961,-18.737793,35.827637,-2.014160
8524,0.516113,0.770508,0.345703,-16.052246,29.846191,-2.014160
8525,0.554199,0.794922,0.336914,-10.620117,22.521973,-0.915527
8526,0.602539,0.777344,0.309570,-4.150391,10.681152,3.723145
8527,0.599609,0.761719,0.280762,-4.272461,11.047363,4.638672
8528,0.553223,0.750488,0.287598,-0.732422,23.193359,2.746582
8529,0.526367,0.759766,0.335449,-0.671387,28.259277,1.220703
8530,0.511230,0.769043,0.376953,-2.746582,30.639648,0.122070
8531,0.524414,0.797363,0.396973,-9.765625,31.860352,1.953125
8532,0.546875,0.794434,0.403320,-12.695312,33.569336,7.324219
8533,0.555176,0.765625,0.405762,-17.761230,32.531738,10.742188
8534,0.549316,0.734375,0.388672,-19.104004,31.860352,11.474609
8535,0.528809,0.729980,0.404297,-13.366699,29.418945,8.666992
8536,0.518066,0.734375,0.398438,-11.718750,28.930664,7.873535
8537,0.523926,0.748047,0.379395,-10.314941,36.560059,5.554199
8538,0.545410,0.768066,0.413086,-11.779785,41.931152,5.187988
8539,0.570312,0.788574,0.445801,-16.723633,45.593262,7.141113
8540,0.592773,0.781738,0.462891,-27.709961,50.231934,16.357422
8541,0.582520,0.765137,0.449707,-34.362793,55.053711,21.240234
8542,0.564941,0.742188,0.438477,-41.809082,62.316895,24.536133
8543,0.517090,0.699707,0.454590,-47.180176,75.744629,26.062012
8544,0.494629,0.683594,0.475586,-47.668457,78.491211,25.329590
8545,0.492188,0.682617,0.486816,-47.546387,78.186035,24.597168
8546,0.489746,0.654785,0.475586,-40.893555,70.190430,23.437500
8547,0.481445,0.636719,0.467773,-31.799316,65.979004,21.362305
8548,0.479004,0.635254,0.496582,-22.338867,65.673828,17.700195
8549,0.477051,0.661621,0.534180,-20.385742,69.885254,14.404297
8550,0.424316,0.693359,0.562012,-45.593262,93.994141,13.122559
8551,0.397461,0.673828,0.611816,-70.251465,120.422363,12.695312
8552,0.404297,0.670898,0.663086,-73.364258,122.070312,12.573242
8553,0.404785,0.653809,0.692383,-73.608398,115.905762,13.244629
8554,0.423340,0.668945,0.695801,-70.251465,92.651367,22.277832
8555,0.411133,0.622559,0.693359,-67.260742,79.162598,27.099609
8556,0.390625,0.594727,0.677734,-63.171387,66.833496,27.465820
8557,0.371582,0.583984,0.674805,-58.532715,56.030273,24.963379
8558,0.353027,0.593750,0.710938,-48.706055,36.437988,19.714355
8559,0.342285,0.594727,0.724121,-51.452637,29.785156,17.395020
8560,0.339844,0.601562,0.723633,-65.490723,28.503418,13.977051
8561,0.361328,0.569824,0.707031,-70.251465,34.545898,14.648438
8562,0.391602,0.518066,0.652832,-62.011719,48.278809,16.113281
8563,0.411133,0.495117,0.688965,-51.391602,65.002441,16.906738
8564,0.433594,0.538574,0.795898,-68.847656,91.552734,23.010254
8565,0.402832,0.534180,0.817871,-81.909180,100.891113,28.015137
8566,0.354492,0.505371,0.826172,-93.688965,108.764648,31.311035
8567,0.251465,0.428711,0.860352,-104.614258,115.051270,28.564453
8568,0.228516,0.417480,0.902344,-106.811523,111.389160,23.803711
8569,0.210449,0.450195,0.996582,-111.267090,102.233887,21.240234
8570,0.128418,0.429199,1.077637,-138.427734,66.162109,20.324707
8571,0.104492,0.318848,0.951172,-141.601562,51.269531,14.770508
8572,0.084961,0.180664,0.805664,-128.662109,45.104980,2.929688
8573,0.083984,0.078613,0.709473,-103.881836,46.325684,-12.329102
8574,0.140625,0.176758,0.824219,-55.786133,59.631348,-32.348633
8575,0.201172,0.308594,0.959961,-48.889160,60.363770,-28.808594
8576,0.185547,0.437500,1.060059,-85.632324,65.307617,-0.976562
8577,0.136230,0.327637,1.121582,-92.163086,59.814453,12.023926
8578,0.113770,0.155762,1.124512,-91.613770,47.790527,14.221191
8579,0.128418,0.074219,0.999023,-79.467773,32.287598,-1.770020
8580,0.123047,0.119629,0.954102,-72.692871,35.827637,-6.469727
8581,0.099121,0.133789,0.983398,-69.091797,43.334961,-10.620117
8582,0.070312,0.132324,1.024414,-66.772461,46.264648,-17.700195
8583,0.023926,0.124023,1.033691,-60.180664,42.846680,-41.320801
8584,0.027832,0.141602,1.052246,-62.866211,52.551270,-55.114746
8585,0.062988,0.163086,1.126953,-82.031250,62.500000,-62.622070
8586,0.147949,0.134277,1.191895,-116.271973,59.020996,-49.743652
8587,0.164551,0.119629,1.122559,-124.023438,50.964355,-36.132812
8588,0.141602,0.082031,1.059570,-118.896484,42.175293,-23.254395
8589,0.041992,-0.025879,1.041016,-100.036621,26.367188,-13.000488
8590,0.012207,-0.062012,1.028809,-89.599609,17.822266,-17.028809
8591,0.036133,-0.084473,0.977539,-72.814941,8.178711,-23.864746
8592,0.120117,-0.041016,0.869141,-27.770996,-5.065918,-30.212402
8593,0.016602,0.361816,1.306152,-21.972656,-7.629395,-25.573730
8594,-0.040039,0.416992,1.337891,-82.153320,-18.066406,-9.155273
8595,-0.025879,0.056641,0.880859,-152.648926,15.686035,9.826660
8596,0.032715,-0.152344,0.862305,-156.250000,33.142090,11.291504
8597,0.115723,-0.206543,0.801270,-149.963379,40.527344,10.437012
8598,0.150879,-0.254883,0.863770,-101.684570,38.696289,35.156250
8599,0.052246,-0.271484,0.953125,-81.909180,36.132812,37.414551
8600,-0.053223,-0.300781,1.025879,-80.139160,38.085938,30.639648
8601,-0.162109,-0.331055,1.016602,-82.824707,32.348633,4.150391
8602,-0.170410,-0.290039,0.965820,-76.110840,26.367188,-3.479004
8603,-0.174316,-0.274414,0.952637,-71.533203,24.414062,-5.249023
8604,-0.095215,-0.272461,0.866211,-78.125000,31.860352,-2.929688
8605,-0.033203,-0.291504,0.837891,-80.932617,41.931152,3.356934
8606,-0.010742,-0.363770,0.845703,-85.510254,51.574707,7.263184
8607,0.006348,-0.409180,0.838379,-93.627930,66.345215,3.173828
8608,-0.003906,-0.394531,0.821777,-87.219238,68.054199,2.197266
8609,-0.061035,-0.340820,0.770508,-72.937012,67.382812,4.333496
8610,-0.146973,-0.329590,0.769531,-60.363770,80.078125,6.408691
8611,-0.156250,-0.229004,0.966797,-102.844238,136.352539,13.000488
8612,-0.055176,-0.286621,1.084473,-143.249512,146.972656,30.700684
8613,-0.005371,-0.348633,1.191895,-158.020020,128.173828,52.307129
8614,-0.096191,-0.476074,1.238770,-146.423340,85.083008,72.692871
8615,-0.497070,-0.843262,0.675781,-133.789062,34.423828,58.105469
8616,-0.526855,-0.824219,0.195801,-60.852051,25.024414,28.625488
8617,-0.461914,-0.613281,0.422852,-0.488281,22.888184,0.427246
8618,-0.218262,-0.400879,0.726562,34.851074,38.208008,-15.319824
8619,-0.226074,-0.466797,0.897461,36.682129,39.794922,-7.690430
8620,-0.274414,-0.535156,0.972656,31.921387,34.545898,-8.483887
8621,-0.287598,-0.614746,0.945801,10.375977,8.483887,-16.479492
8622,-0.247070,-0.547363,0.807129,-1.953125,10.070801,-17.639160
8623,-0.183594,-0.359375,0.733398,-28.137207,32.226562,-3.356934
8624,-0.191406,-0.331543,0.847656,-38.757324,31.372070,10.864258
8625,-0.228027,-0.265625,0.767090,-52.307129,31.433105,23.681641
8626,-0.285156,-0.495605,0.864258,-41.198730,8.422852,38.574219
8627,-0.333496,-0.585938,0.950684,-32.897949,-14.709473,36.437988
8628,-0.354980,-0.611328,0.947754,-29.785156,-34.545898,28.747559
8629,-0.334473,-0.600586,0.884277,-23.315430,-59.143066,15.502930
8630,-0.323242,-0.605469,0.907227,-24.169922,-71.289062,9.826660
8631,-0.322266,-0.608887,0.825195,-28.747559,-88.562012,-2.990723
8632,-0.318359,-0.574219,0.754883,-24.353027,-82.275391,-8.483887
8633,-0.303223,-0.566895,0.712891,-19.165039,-67.932129,-10.314941
8634,-0.320312,-0.584961,0.829590,-37.902832,-56.823730,-10.742188
8635,-0.367676,-0.728027,0.517578,-64.208984,-52.612305,-39.367676
8636,-0.270996,-0.673828,0.416504,-34.301758,-30.883789,-54.504395
8637,-0.226074,-0.649902,0.509766,-15.075684,6.530762,-51.696777
8638,-0.195312,-0.602051,0.698242,-46.997070,80.444336,-33.630371
8639,-0.172852,-0.621094,0.719238,-67.810059,95.275879,-25.695801
8640,-0.193359,-0.649902,0.765137,-82.763672,95.764160,-20.568848
8641,-0.343262,-0.680176,0.942871,-113.403320,57.556152,-26.855469
8642,-0.367188,-0.716309,0.866699,-121.887207,25.939941,-38.146973
8643,-0.354004,-0.731934,0.804199,-119.140625,-5.310059,-47.119141
8644,-0.305664,-0.730469,0.792969,-121.093750,-57.800293,-59.143066
8645,-0.252930,-0.706543,0.756348,-121.337891,-79.467773,-59.997559
8646,-0.189941,-0.717773,0.638184,-109.191895,-90.881348,-53.222656
8647,-0.151367,-0.767090,0.486328,-72.448730,-59.631348,-29.174805
8648,0.006836,-0.806641,0.420898,-56.640625,-27.221680,-13.854980
8649,-0.013184,-0.779297,0.595703,-49.133301,1.403809,-2.502441
8650,-0.117188,-0.768066,0.743652,-62.744141,14.892578,-0.915527
8651,-0.147949,-0.802246,0.565430,-65.307617,14.221191,-10.681152
8652,-0.155762,-0.804688,0.542480,-52.795410,18.737793,-12.756348
8653,-0.118652,-0.796875,0.502441,-45.410156,32.836914,-8.666992
8654,-0.131836,-0.749512,0.507812,-59.082031,63.110352,2.868652
8655,-0.119629,-0.751953,0.513184,-67.504883,69.335938,6.347656
8656,-0.135742,-0.772949,0.506348,-70.251465,66.040039,9.826660
8657,-0.295898,-0.823730,0.642578,-46.752930,29.846191,10.253906
8658,-0.310059,-0.841797,0.574219,-35.644531,11.962891,6.896973
8659,-0.273438,-0.845703,0.491211,-28.930664,4.882812,6.286621
8660,-0.216797,-0.913574,0.437500,-44.555664,10.192871,3.051758
8661,-0.205078,-0.884766,0.442871,-59.020996,8.605957,3.234863
8662,-0.203125,-0.865234,0.345703,-70.495605,6.347656,4.272461
8663,-0.185547,-0.820801,0.328613,-77.575684,1.098633,7.934570
8664,-0.204590,-0.858887,0.359863,-77.209473,-2.441406,13.305664
8665,-0.191406,-0.867188,0.397949,-76.721191,-6.652832,19.470215
8666,-0.415527,-1.017578,0.663086,-119.140625,-35.156250,2.807617
8667,-0.403320,-1.042969,0.519531,-133.422852,-58.532715,-24.658203
8668,-0.324219,-1.010254,0.371582,-128.173828,-78.552246,-51.391602
8669,-0.114746,-0.858887,0.238770,-101.684570,-101.135254,-71.960449
8670,-0.064453,-0.841309,0.217773,-90.026855,-104.370117,-65.307617
8671,0.033691,-0.821289,0.139160,-71.228027,-97.167969,-42.175293
8672,0.005859,-0.833496,0.248535,-58.837891,-47.668457,42.114258
8673,-0.078613,-0.908203,0.337891,-66.528320,-25.390625,72.814941
8674,-0.171387,-0.952637,0.394043,-80.505371,-11.901855,87.707520
8675,-0.404297,-1.171875,0.366211,-129.882812,-8.666992,50.292969
8676,-0.152344,-1.041504,0.044922,-129.333496,0.000000,30.578613
8677,-0.050781,-0.991211,-0.001953,-113.830566,14.038086,32.348633
8678,-0.173340,-1.060059,0.131836,-90.332031,17.028809,33.386230
8679,-0.158691,-1.050293,0.117188,-84.533691,14.282227,26.245117
8680,-0.098633,-1.024902,0.083008,-79.467773,13.610840,21.057129
8681,-0.040039,-0.974609,0.070801,-67.871094,8.239746,23.742676
8682,-0.164062,-1.000000,0.274902,-65.490723,-4.028320,29.785156
8683,-0.252930,-1.002441,0.200195,-74.523926,-18.737793,31.188965
8684,-0.296875,-0.985840,0.151855,-83.862305,-21.789551,31.616211
8685,-0.322754,-1.058105,0.001465,-111.328125,-4.211426,27.770996
8686,-0.273438,-1.099609,-0.079590,-127.990723,7.629395,22.460938
8687,-0.220215,-1.161621,-0.398926,-109.619141,40.405273,13.793945
8688,-0.189941,-1.098145,-0.274902,-87.829590,47.668457,14.465332
8689,-0.189453,-1.049316,-0.192871,-69.824219,46.386719,23.742676
8690,-0.239746,-1.009277,-0.160156,-47.180176,46.203613,48.461914
8691,-0.394043,-0.987305,-0.006348,-53.161621,55.236816,44.006348
8692,-0.475098,-0.988281,-0.049316,-71.411133,69.519043,25.512695
8693,-0.376953,-0.864746,-0.211914,-101.501465,119.262695,-3.295898
8694,-0.385742,-0.811523,-0.035645,-99.853516,107.727051,-6.774902
8695,-0.329102,-0.750488,-0.097656,-90.576172,55.419922,-5.920410
8696,-0.269043,-0.760742,-0.255371,-57.617188,5.432129,-5.126953
8697,-0.280762,-0.812500,-0.308594,-17.333984,-23.315430,-21.667480
8698,-0.270508,-0.812500,-0.314453,-7.507324,-6.835938,-23.681641
8699,-0.297363,-0.898438,-0.305176,-4.150391,15.319824,-26.611328
8700,-0.416016,-0.999023,-0.194336,-6.103516,49.438477,-46.569824
8701,-0.371582,-0.957031,-0.185059,-12.084961,57.617188,-57.189941
8702,-0.225586,-0.920410,-0.200195,-15.869141,57.434082,-59.326172
8703,-0.153809,-0.932617,-0.166016,-16.906738,48.522949,-52.551270
8704,-0.083496,-0.931152,-0.146484,-20.263672,31.066895,-38.574219
8705,-0.045410,-0.925781,-0.139648,-29.479980,15.014648,-22.399902
8706,-0.040039,-0.927734,-0.151367,-44.250488,3.784180,-8.239746
8707,-0.080566,-0.928223,-0.132324,-73.486328,-12.695312,12.939453
8708,-0.108398,-0.915527,-0.123047,-89.355469,-20.812988,22.766113
8709,-0.164551,-0.931641,-0.151855,-114.257812,-38.085938,32.104492
8710,-0.204590,-0.964844,-0.262695,-113.769531,-51.086426,29.724121
8711,-0.234863,-1.000977,-0.437988,-92.834473,-67.687988,19.775391
8712,-0.216797,-1.013184,-0.514648,-47.546387,-69.885254,-12.390137
8713,-0.215820,-0.991699,-0.487793,-38.574219,-57.556152,-25.512695
8714,-0.214355,-0.979980,-0.450195,-38.757324,-46.142578,-32.653809
8715,-0.207520,-0.961914,-0.372559,-44.738770,-41.076660,-34.851074
8716,-0.175781,-0.905273,-0.264648,-74.279785,-59.814453,-28.625488
8717,-0.188477,-0.884277,-0.179199,-88.073730,-76.110840,-26.245117
8718,-0.224121,-0.818848,-0.093750,-110.412598,-108.093262,-28.747559
8719,-0.183594,-0.714844,-0.291992,-131.958008,-162.475586,-18.798828
8720,-0.247070,-0.756348,-0.487305,-147.583008,-160.766602,-16.967773
8721,-0.311523,-0.806152,-0.665527,-135.375977,-152.465820,-22.583008
8722,-0.355957,-0.864258,-0.897949,-123.291016,-87.951660,-44.555664
8723,-0.376465,-0.828125,-0.796875,-117.065430,-51.940918,-61.035156
8724,-0.380371,-0.760742,-0.618164,-115.600586,-31.066895,-77.514648
8725,-0.296875,-0.647461,-0.382324,-111.816406,-41.442871,-95.947266
8726,-0.249023,-0.669434,-0.387207,-98.510742,-59.936523,-93.688965
8727,-0.210449,-0.688965,-0.413086,-76.049805,-76.599121,-82.702637
8728,-0.197754,-0.671387,-0.471191,-55.664062,-83.862305,-65.979004
8729,-0.247070,-0.701660,-0.682129,-39.306641,-48.828125,-26.428223
8730,-0.344238,-0.746094,-0.679199,-37.475586,-27.770996,-1.525879
8731,-0.395020,-0.625488,-0.665527,-97.351074,1.342773,21.362305
8732,-0.327637,-0.552246,-0.731445,-112.365723,5.920410,30.029297
8733,-0.287598,-0.579102,-0.851562,-109.924316,7.202148,40.039062
8734,-0.291504,-0.672363,-0.931152,-97.412109,10.620117,41.992188
8735,-0.245117,-0.731934,-0.834961,-63.598633,19.775391,22.705078
8736,-0.216797,-0.684570,-0.764648,-52.185059,20.935059,15.563965
8737,-0.216309,-0.663574,-0.736816,-41.992188,19.348145,11.352539
8738,-0.280762,-0.619629,-0.796875,-19.897461,18.920898,9.277344
8739,-0.311035,-0.626953,-0.798340,-2.441406,21.301270,3.356934
8740,-0.177246,-0.453125,-0.354492,-54.626465,49.499512,-17.639160
8741,-0.073242,-0.269043,-0.365723,-159.362793,78.002930,-14.526367
8742,-0.024902,-0.260742,-0.392578,-266.601562,111.267090,2.746582
8743,-0.062988,-0.583008,-1.640625,-307.067871,147.583008,16.418457
8744,-0.114746,-0.433105,-0.291504,-48.645020,154.541016,27.160645
8745,-0.255371,-0.625000,-0.388184,-58.471680,105.957031,42.663574
8746,-0.295898,-0.686523,-0.689941,-24.414062,34.362793,8.972168
8747,-0.162598,-0.523438,-0.679688,-28.808594,23.864746,-4.272461
8748,-0.052734,-0.480469,-0.831055,-43.212891,27.404785,-5.981445
8749,-0.021973,-0.530273,-1.024414,-50.109863,43.212891,-8.483887
8750,-0.156738,-0.460938,-1.090820,-93.017578,115.661621,-34.851074
8751,-0.144043,-0.543945,-1.214355,-121.032715,162.963867,-48.217773
8752,-0.049316,-0.516602,-0.999512,-131.774902,190.673828,-54.382324
8753,0.093262,-0.430664,-0.670410,-130.859375,176.330566,-45.959473
8754,0.187012,-0.300293,-0.555664,-72.326660,52.917480,-3.356934
8755,0.112793,-0.290527,-0.639648,-44.555664,-8.056641,24.841309
8756,0.036621,-0.368164,-0.884766,-72.021484,-47.607422,25.390625
8757,0.004883,-0.410645,-1.016602,-83.374023,-47.546387,16.845703
8758,0.020508,-0.338379,-1.032715,-87.585449,-39.611816,12.451172
8759,-0.003906,-0.327148,-1.049316,-82.458496,-29.663086,11.596680
8760,0.045898,-0.146973,-0.757324,-87.890625,-32.104492,3.967285
8761,0.008789,-0.187988,-0.849609,-114.379883,-33.142090,-0.366211
8762,-0.016602,-0.187012,-0.937988,-117.675781,-33.203125,-6.042480
8763,-0.074219,-0.265625,-1.068359,-86.486816,-19.287109,-19.958496
8764,-0.080566,-0.262207,-1.088867,-61.401367,-5.065918,-30.090332
8765,-0.074707,-0.240234,-1.082520,-30.212402,9.521484,-38.330078
8766,-0.044922,-0.206543,-1.043457,14.526367,39.245605,-46.203613
8767,-0.021484,-0.176758,-0.979492,30.822754,48.461914,-44.555664
8768,0.001953,-0.150879,-0.915039,37.231445,49.072266,-38.574219
8769,0.011230,-0.176270,-0.796387,27.221680,27.832031,-25.268555
8770,0.008789,-0.218262,-0.800781,-2.136230,12.268066,-23.498535
8771,0.034180,-0.250488,-0.882324,-14.099121,-8.911133,-18.493652
8772,0.081055,-0.221191,-0.865234,-7.263184,-54.931641,1.831055
8773,0.046875,-0.247559,-0.847656,-17.639160,-74.401855,3.784180
8774,0.045898,-0.290039,-0.887207,-32.836914,-91.308594,-4.882812
8775,0.086914,-0.226074,-1.256836,-61.157227,-104.614258,-25.329590
8776,0.090820,-0.077637,-1.321289,-46.081543,-106.201172,-25.207520
8777,-0.084961,-0.277832,-1.260254,-31.616211,-75.805664,-53.955078
8778,-0.012207,-0.188965,-1.070801,-8.422852,-62.805176,-54.870605
8779,0.057617,-0.038574,-0.874512,-5.493164,-55.053711,-44.067383
8780,-0.196777,-0.206543,-0.902832,-32.165527,-54.931641,5.432129
8781,-0.418457,-0.326660,-1.103516,-14.770508,-60.058594,6.042480
8782,-0.373535,-0.102539,-0.981445,3.784180,-60.119629,3.540039
8783,-0.328613,-0.025391,-0.942383,3.845215,-53.955078,10.498047
8784,-0.217773,-0.155273,-0.958984,9.277344,-22.094727,16.113281
8785,-0.084961,-0.021973,-0.919434,-1.281738,1.281738,19.775391
8786,-0.152832,-0.115723,-0.966797,-28.991699,51.086426,19.897461
8787,-0.140625,-0.076172,-0.941895,-29.418945,67.016602,16.418457
8788,-0.102539,-0.034668,-0.924805,-27.832031,76.904297,19.409180
8789,-0.086914,-0.002930,-0.929688,-23.803711,82.397461,27.709961
8790,-0.063965,0.084961,-0.850098,-22.705078,68.603516,67.871094
8791,-0.112305,0.025879,-0.853027,-26.733398,50.292969,89.904785
8792,-0.145996,-0.029785,-0.892090,-35.583496,31.372070,102.600098
8793,-0.090332,-0.058594,-1.007324,-73.364258,12.390137,106.506348
8794,-0.055176,-0.071289,-1.055664,-90.209961,14.465332,102.722168
8795,-0.036621,-0.074707,-1.111328,-99.609375,24.047852,93.200684
8796,-0.031738,-0.190430,-1.227051,-97.167969,41.870117,77.270508
8797,-0.066895,-0.247559,-1.173828,-42.907715,77.636719,40.466309
8798,-0.136719,-0.160645,-1.025391,-25.695801,81.604004,12.756348
8799,-0.104980,-0.079590,-0.960938,-16.479492,73.852539,-14.343262
8800,-0.080078,-0.159180,-0.921875,1.525879,37.902832,-56.518555
8801,0.006348,-0.123047,-0.906738,17.883301,15.869141,-67.321777
8802,0.086426,-0.035645,-0.899414,31.066895,-16.784668,-56.457520
8803,0.082520,-0.026855,-0.909180,24.963379,-24.353027,-45.593262
8804,0.055664,-0.006836,-0.898926,9.033203,-27.893066,-33.569336
8805,0.020020,0.012207,-0.869141,-19.409180,-35.400391,-21.972656
8806,0.025879,0.043457,-0.930664,-69.763184,-53.283691,-3.173828
8807,0.006348,0.042969,-0.937988,-74.829102,-60.974121,4.882812
8808,-0.059082,0.028320,-1.051270,-59.020996,-62.927246,9.216309
8809,-0.079102,0.029785,-1.087891,-39.367676,-52.551270,4.516602
8810,-0.071289,0.073242,-1.026855,-23.620605,-40.283203,-1.220703
8811,-0.093750,0.066406,-1.015625,-15.258789,-28.503418,-6.103516
8812,-0.137695,0.061523,-0.995605,-2.502441,-5.004883,-15.563965
8813,-0.130371,0.080078,-0.982910,-1.220703,5.798340,-16.540527
8814,-0.115723,0.102051,-0.990234,0.488281,16.906738,-14.343262
8815,-0.100586,0.121094,-1.008789,6.347656,26.550293,-9.338379
8816,-0.104492,0.083984,-0.990234,20.751953,34.301758,-0.610352
8817,-0.189453,0.037598,-1.081055,25.939941,32.592773,-5.798340
8818,-0.143066,0.109375,-1.023926,45.715332,44.982910,-15.747070
8819,-0.085449,0.136719,-0.969238,44.189453,36.743164,-5.798340
8820,-0.019531,0.168457,-1.004883,44.799805,18.615723,14.038086
8821,0.003906,0.123535,-0.904297,44.189453,-23.071289,61.950684
8822,-0.017578,-0.007324,-0.797852,26.489258,-41.625977,73.059082
8823,-0.075684,-0.083984,-0.896484,3.601074,-53.833008,67.138672
8824,-0.058105,-0.039551,-1.171875,-4.333496,-34.362793,29.418945
8825,-0.062500,-0.102539,-1.225586,6.958008,-4.516602,2.929688
8826,-0.037109,-0.098633,-1.175293,6.713867,31.677246,-23.559570
8827,0.038574,-0.079102,-1.062500,-4.211426,94.360352,-52.429199
8828,0.062500,-0.069336,-0.977539,-5.126953,108.703613,-54.016113
8829,0.054688,-0.055176,-0.914551,-1.037598,109.985352,-51.147461
8830,0.036621,-0.030762,-0.858398,8.056641,98.876953,-44.860840
8831,-0.036621,0.010254,-0.730957,31.982422,36.315918,-24.108887
8832,-0.054688,-0.005371,-0.738770,34.423828,-6.958008,-12.390137
8833,-0.032715,0.025879,-0.904785,12.084961,-63.720703,8.972168
8834,-0.044434,0.031738,-1.028320,-3.295898,-68.603516,15.502930
8835,-0.021484,0.075195,-1.145508,-15.136719,-55.847168,18.005371
8836,-0.029297,0.067871,-1.081055,-15.930176,-38.085938,21.179199
8837,-0.127930,-0.037109,-1.098633,-17.150879,-17.333984,9.643555
8838,-0.031250,-0.026367,-1.083984,-32.836914,30.822754,-16.296387
8839,0.035645,0.004395,-1.058105,-20.385742,41.564941,-18.188477
8840,0.075684,0.036621,-1.055176,5.249023,39.978027,-12.023926
8841,0.041016,0.013184,-0.964844,44.982910,37.109375,-4.943848
8842,0.125000,0.099609,-0.971191,42.968750,39.489746,-3.173828
8843,0.065430,0.005859,-0.899414,46.508789,24.963379,5.615234
8844,-0.033691,-0.071289,-0.857910,43.457031,3.723145,3.723145
8845,-0.025879,-0.054688,-0.951172,-5.371094,-20.874023,1.403809
8846,-0.011719,-0.037109,-0.997070,-25.146484,-24.353027,5.676270
8847,-0.012207,-0.031250,-0.997559,-43.151855,-25.573730,8.850098
8848,0.000000,-0.038086,-0.943848,-80.200195,-35.034180,5.737305
8849,0.001953,-0.036133,-0.913574,-94.482422,-44.799805,1.403809
8850,-0.022949,-0.019043,-0.907227,-104.797363,-56.213379,-3.417969
8851,-0.013672,0.081055,-0.992188,-111.145020,-68.115234,-10.070801
8852,-0.005371,0.134277,-1.047852,-108.825684,-63.964844,-9.155273
8853,-0.142578,0.109375,-1.062012,-104.370117,-32.836914,-19.104004
8854,-0.088867,0.081055,-1.177246,-95.825195,-5.554199,-35.644531
8855,-0.061035,0.250000,-0.915039,-23.803711,-7.202148,-27.465820
8856,-0.171387,0.159180,-0.828613,-33.447266,-12.573242,-32.714844
8857,-0.167969,0.099609,-0.948242,-37.597656,-12.817383,-46.875000
8858,-0.080566,0.139648,-1.004395,-19.226074,-11.169434,-51.330566
8859,0.022949,0.181152,-1.000977,26.428223,-2.136230,-26.977539
8860,-0.025879,0.119141,-1.055176,33.325195,11.169434,-15.808105
8861,-0.074707,0.062500,-1.130371,28.076172,35.095215,-15.563965
8862,-0.025391,0.100586,-1.053223,6.774902,79.772949,-17.089844
8863,0.017578,0.165039,-0.999512,-3.784180,88.928223,-9.277344
8864,0.033691,0.199707,-0.955566,-3.417969,84.716797,2.990723
8865,-0.029785,0.138672,-0.922363,17.150879,50.048828,16.540527
8866,-0.004395,0.122070,-1.002930,28.503418,41.381836,14.770508
8867,0.023926,0.148926,-1.020508,24.536133,41.137695,16.418457
8868,0.028809,0.101074,-0.987793,-4.272461,46.264648,25.451660
8869,0.030762,0.076172,-0.950195,-20.263672,46.142578,29.052734
8870,0.033203,0.078613,-0.914551,-37.048340,43.518066,32.470703
8871,0.008301,0.170898,-0.911621,-59.204102,25.695801,44.921875
8872,0.007324,0.222656,-0.892578,-70.007324,9.094238,54.199219
8873,0.023926,0.255859,-0.915527,-87.219238,-25.085449,66.833496
8874,0.007812,0.185547,-0.916504,-88.623047,-38.330078,65.856934
8875,-0.028320,0.044434,-1.023438,-93.872070,-39.611816,46.752930
8876,0.187500,0.299805,-0.960449,-82.397461,-26.367188,20.446777
8877,0.184082,0.301270,-0.981934,-68.725586,-25.268555,18.066406
8878,0.103516,0.202637,-1.109375,-48.278809,-15.258789,3.906250
8879,0.081055,0.218262,-1.000977,-7.873535,12.817383,-23.254395
8880,0.120605,0.326660,-0.844238,12.756348,12.207031,-25.085449
8881,0.131836,0.353027,-0.793945,23.559570,3.479004,-18.066406
8882,-0.000977,0.189453,-0.957520,22.216797,-3.417969,-15.808105
8883,-0.007324,0.200195,-0.975098,15.014648,-7.141113,-17.272949
8884,0.000000,0.192383,-1.016602,6.713867,-8.911133,-18.493652
8885,0.010742,0.206543,-1.026367,-2.624512,-6.774902,-20.141602
8886,0.066406,0.298828,-1.020508,-31.188965,8.117676,-22.399902
8887,0.106934,0.332520,-1.046875,-35.766602,20.507812,-21.423340
8888,0.148926,0.412598,-0.953613,-25.939941,47.790527,-16.845703
8889,0.168945,0.417480,-0.958008,-27.954102,56.884766,-13.977051
8890,0.145020,0.418457,-0.979980,-23.315430,64.453125,-3.173828
8891,0.109375,0.386719,-0.943848,-7.141113,64.453125,9.521484
8892,0.072754,0.216309,-0.882324,36.682129,45.837402,19.897461
8893,0.088867,0.183594,-0.885742,52.551270,40.344238,13.793945
8894,0.096680,0.190430,-0.876953,62.622070,39.123535,6.286621
8895,0.099121,0.238281,-0.942871,77.880859,36.987305,-6.408691
8896,0.113770,0.254395,-1.005371,92.285156,35.705566,-5.615234
8897,0.114746,0.254883,-0.932129,83.862305,30.395508,-3.845215
8898,0.134277,0.241699,-0.974609,64.270020,30.334473,-1.647949
8899,0.172363,0.236328,-1.026367,50.598145,30.456543,2.685547
8900,0.161133,0.177734,-0.939453,21.667480,16.845703,5.310059
8901,0.137695,0.152832,-0.891602,-3.051758,2.868652,0.183105
8902,0.135742,0.159668,-0.878418,-28.015137,-13.122559,-4.760742
8903,0.173828,0.191895,-0.977539,-55.114746,-35.461426,-7.934570
8904,0.189453,0.197754,-1.018066,-55.297852,-35.522461,-8.300781
8905,0.193359,0.197266,-1.027344,-49.865723,-29.602051,-9.704590
8906,0.184570,0.189941,-0.990234,-30.639648,-13.977051,-17.333984
8907,0.176758,0.186523,-0.980957,-21.057129,-7.812500,-21.179199
8908,0.161621,0.187500,-0.962402,-13.305664,-1.831055,-24.353027
8909,0.105469,0.185059,-0.937012,-2.014160,5.432129,-29.113770
8910,0.090332,0.201660,-0.923828,6.042480,8.056641,-28.747559
8911,0.085449,0.225098,-0.918457,15.991211,10.375977,-26.245117
8912,0.086426,0.242676,-0.928711,39.978027,19.042969,-19.531250
8913,0.090332,0.221680,-0.963379,52.856445,27.282715,-17.089844
8914,0.114746,0.202637,-0.977051,68.176270,37.414551,-14.160156
8915,0.131348,0.186523,-0.967773,83.984375,46.813965,-11.413574
8916,0.167969,0.186523,-1.000488,108.886719,65.917969,-6.286621
8917,0.183105,0.186035,-0.980957,111.450195,73.486328,-2.319336
8918,0.158203,0.148926,-0.944824,99.853516,77.758789,-5.737305
8919,0.216309,0.117188,-0.934570,78.674316,64.208984,-11.718750
8920,0.249023,0.095215,-0.966309,74.279785,53.771973,-11.413574
8921,0.264648,0.084961,-0.996094,70.312500,46.875000,-10.131836
8922,0.268555,0.076660,-0.989258,63.110352,42.846680,-9.521484
8923,0.247559,0.010742,-0.928223,37.414551,31.677246,-15.014648
8924,0.267090,-0.025879,-0.893555,26.611328,21.545410,-19.714355
8925,0.309570,-0.007324,-0.854492,16.845703,7.690430,-22.155762
8926,0.255371,0.049805,-0.860352,-11.474609,-27.099609,-16.052246
8927,0.258789,0.043457,-1.030762,-43.090820,-40.466309,-18.371582
8928,0.265625,0.070801,-1.045410,-44.433594,-40.649414,-15.075684
8929,0.248535,0.087891,-1.022949,-42.785645,-39.489746,-9.155273
8930,0.198730,0.065430,-0.961914,-41.625977,-34.301758,-1.464844
8931,0.191895,0.053711,-0.974121,-43.273926,-30.395508,-1.647949
8932,0.203613,0.060059,-0.963867,-42.236328,-26.489258,-2.136230
8933,0.206055,0.068359,-0.919434,-40.100098,-25.207520,-1.770020
8934,0.219238,0.115723,-0.942871,-34.667969,-23.071289,2.380371
8935,0.205566,0.110840,-0.979004,-25.878906,-16.418457,4.699707
8936,0.177246,0.134277,-0.991211,-3.601074,3.356934,3.906250
8937,0.175781,0.122070,-1.009766,9.643555,14.282227,1.281738
8938,0.190918,0.106934,-1.018555,25.634766,26.123047,-2.380371
8939,0.203125,0.100586,-0.980957,40.039062,36.743164,-6.530762
8940,0.233398,0.100098,-0.937012,58.105469,52.368164,-13.488770
8941,0.229980,0.082031,-0.959473,69.702148,58.715820,-15.991211
8942,0.218750,0.059082,-0.994141,80.932617,66.223145,-20.874023
8943,0.199707,0.106934,-1.071289,98.754883,62.988281,-27.954102
8944,0.214355,0.092773,-1.044434,106.933594,42.602539,-24.230957
8945,0.233398,-0.004883,-0.940430,83.312988,-7.263184,-23.132324
8946,0.289551,-0.066895,-0.910156,59.692383,-25.756836,-30.700684
8947,0.352051,-0.040039,-0.897949,32.897949,-39.672852,-37.414551
8948,0.391602,0.013672,-0.958008,-16.479492,-49.194336,-38.146973
8949,0.360840,-0.007324,-0.974609,-31.188965,-46.020508,-35.949707
8950,0.314453,-0.027344,-0.923828,-42.785645,-40.344238,-35.827637
8951,0.219727,-0.044434,-0.786621,-78.613281,-30.700684,-49.560547
8952,0.196777,-0.033691,-0.793945,-106.872559,-26.428223,-62.805176
8953,0.202148,-0.010742,-0.873535,-130.676270,-15.197754,-76.232910
8954,0.268555,0.101074,-1.154297,-105.651855,14.343262,-82.092285
8955,0.250000,0.164551,-1.165039,-34.118652,12.695312,-66.284180
8956,0.218262,0.177246,-1.018555,26.611328,11.840820,-44.433594
8957,0.179199,0.131348,-0.967285,49.621582,27.832031,-27.770996
8958,0.174316,0.141113,-1.009766,58.044434,49.438477,-17.639160
8959,0.130859,0.043457,-0.771973,71.716309,46.081543,-17.272949
8960,0.172363,0.031250,-0.736328,51.147461,38.513184,-13.305664
8961,0.210449,0.044434,-0.796875,27.770996,29.663086,-8.239746
8962,0.248535,0.075684,-0.904297,11.352539,20.751953,-2.441406
8963,0.280273,0.034668,-0.900391,-12.573242,10.192871,4.821777
8964,0.259277,0.029297,-0.799316,-43.029785,3.967285,0.854492
8965,0.287598,0.032227,-0.912109,-58.959961,-6.896973,-1.403809
8966,0.262695,0.062500,-0.932129,-32.165527,-47.119141,2.319336
8967,0.259766,0.054688,-1.017578,-28.137207,-52.062988,-4.577637
8968,0.288086,0.077148,-1.062988,-29.418945,-44.799805,-12.390137
8969,0.284180,0.085449,-1.024414,-34.423828,-26.245117,-15.563965
8970,0.254883,0.065430,-0.971191,-36.926270,-25.695801,-14.526367
8971,0.234863,0.061523,-0.939941,-39.306641,-29.663086,-12.756348
8972,0.189941,0.090820,-0.892090,-43.579102,-46.386719,-2.807617
8973,0.162109,0.148926,-0.875488,-51.147461,-55.236816,2.319336
8974,0.145996,0.180664,-0.889648,-64.819336,-65.246582,6.469727
8975,0.146973,0.234375,-0.980957,-76.843262,-70.007324,15.319824
8976,0.133301,0.252930,-1.005859,-72.875977,-64.270020,17.517090
8977,0.120605,0.262207,-1.035645,-63.232422,-54.748535,15.930176
8978,0.113281,0.274414,-1.000000,-36.193848,-41.320801,7.202148
8979,0.079590,0.246094,-0.930176,-24.902344,-42.114258,1.342773
8980,0.127930,0.232910,-0.998047,-25.390625,-34.851074,-7.507324
8981,0.147949,0.240723,-1.032715,-24.291992,-25.024414,-16.235352
8982,0.132812,0.267090,-1.002930,-22.399902,-21.118164,-20.263672
8983,0.140137,0.330078,-1.012695,-28.747559,-28.442383,-15.319824
8984,0.143066,0.357422,-1.065430,-35.644531,-24.719238,-6.408691
8985,0.126953,0.360840,-1.068359,-41.320801,-14.282227,2.136230
8986,0.107910,0.347656,-1.007324,-36.315918,3.662109,12.512207
8987,0.085938,0.306152,-0.949219,-29.357910,7.751465,13.854980
8988,0.062988,0.247070,-0.912598,-22.277832,7.751465,11.169434
8989,0.062988,0.216797,-0.883789,-17.761230,4.760742,6.469727
8990,0.080078,0.231445,-0.874023,-16.967773,-0.183105,0.610352
8991,0.093262,0.249023,-0.870605,-15.625000,-2.319336,1.220703
8992,0.090332,0.253418,-0.853027,-13.549805,-7.141113,3.356934
8993,0.082520,0.260254,-0.828613,-25.390625,-28.808594,7.812500
8994,0.058594,0.256836,-0.844238,-33.630371,-38.696289,7.263184
8995,0.053223,0.277832,-0.846680,-38.269043,-48.095703,4.028320
8996,0.062988,0.341797,-0.952148,-34.606934,-49.560547,-7.507324
8997,0.069336,0.354004,-0.953125,-28.503418,-43.334961,-11.718750
8998,0.078125,0.359863,-0.939453,-21.301270,-37.170410,-13.977051
8999,0.032715,0.330566,-0.915039,-10.803223,-30.456543,-14.099121
9000,-0.028320,0.345215,-0.883789,-11.718750,-36.865234,-13.122559
9001,-0.128906,0.342773,-0.876465,-49.804688,-62.133789,-7.568359
9002,-0.107422,0.406738,-0.897949,-79.956055,-75.195312,2.014160
9003,-0.081543,0.442871,-0.982422,-103.027344,-79.833984,12.145996
9004,-0.061523,0.471191,-1.035156,-116.027832,-72.387695,19.104004
9005,0.019043,0.576172,-1.051270,-112.182617,-32.897949,23.559570
9006,0.037598,0.575195,-0.982910,-104.492188,-23.742676,29.541016
9007,-0.002441,0.401367,-0.881348,-94.726562,-25.207520,31.860352
9008,0.026855,0.409668,-0.925781,-95.031738,-24.841309,23.193359
9009,0.017578,0.442383,-0.906738,-91.857910,-18.981934,18.249512
9010,0.008301,0.481934,-0.844727,-88.256836,-13.305664,14.526367
9011,0.007324,0.485840,-0.790527,-70.495605,-16.052246,7.080078
9012,0.048340,0.540039,-0.802734,-60.607910,-20.141602,4.272461
9013,-0.013184,0.482910,-0.839844,-50.415039,-23.559570,-3.967285
9014,-0.062012,0.520020,-0.780762,-44.921875,-32.409668,-16.540527
9015,-0.047363,0.544434,-0.794922,-46.142578,-35.034180,-15.014648
9016,-0.025879,0.550293,-0.833496,-44.494629,-31.188965,-10.681152
9017,-0.046875,0.520508,-0.828125,-38.513184,-22.583008,-6.958008
9018,-0.075684,0.531738,-0.748535,-23.803711,-13.671875,-5.493164
9019,-0.065918,0.549805,-0.750977,-16.967773,-14.343262,-4.455566
9020,-0.065430,0.553711,-0.813965,-11.291504,-13.122559,-5.065918
9021,-0.083984,0.561035,-0.802246,-10.131836,-0.427246,-13.732910
9022,-0.075195,0.591797,-0.792480,-8.056641,3.051758,-17.150879
9023,-0.062500,0.610840,-0.765625,-1.770020,2.990723,-16.723633
9024,-0.057129,0.654785,-0.782715,18.859863,6.103516,-11.596680
9025,-0.109863,0.631348,-0.744629,31.005859,3.051758,-10.314941
9026,-0.177246,0.597168,-0.601074,35.522461,-22.216797,-11.657715
9027,-0.198730,0.594238,-0.536133,14.831543,-62.011719,-13.122559
9028,-0.211914,0.710938,-0.783203,-48.400879,-118.957520,-8.911133
9029,-0.166992,0.771973,-0.965332,-73.242188,-117.004395,-5.004883
9030,-0.164551,0.688965,-1.186523,-97.473145,-48.339844,-3.051758
9031,-0.114746,0.652344,-1.083984,-104.248047,-4.089355,-5.249023
9032,-0.166992,0.572266,-0.858887,-112.915039,22.521973,-7.934570
9033,-0.120117,0.741211,-0.737793,-113.586426,41.015625,5.432129
9034,-0.177246,0.766113,-0.705078,-103.515625,43.701172,10.314941
9035,-0.173340,0.766602,-0.610840,-88.684082,43.151855,15.991211
9036,-0.154785,0.787109,-0.396973,-60.058594,33.630371,22.583008
9037,-0.187988,0.627441,-0.607422,37.719727,4.272461,17.395020
9038,-0.187500,0.706543,-0.696289,50.903320,6.164551,15.258789
9039,-0.199219,0.738281,-0.769043,52.246094,-7.812500,25.695801
9040,-0.241211,0.740723,-0.851074,31.005859,4.150391,34.118652
9041,-0.179199,0.796875,-0.609863,12.939453,18.005371,45.043945
9042,-0.148438,0.735352,-0.493652,14.404297,17.272949,52.429199
9043,-0.098633,0.657715,-0.614258,26.611328,2.746582,44.128418
9044,-0.051270,0.624512,-0.709961,29.907227,2.929688,44.006348
9045,-0.001953,0.589844,-0.777344,30.761719,13.549805,41.137695
9046,0.043945,0.551758,-0.741211,23.742676,41.992188,27.099609
9047,0.028320,0.501465,-0.688477,23.376465,48.522949,18.127441
9048,0.013672,0.470215,-0.646484,23.376465,46.936035,7.873535
9049,0.009766,0.485840,-0.694336,22.521973,42.541504,-2.624512
9050,0.007812,0.646973,-0.782715,17.456055,49.316406,-10.864258
9051,-0.000488,0.580566,-0.875977,11.596680,58.959961,-10.314941
9052,0.020508,0.631348,-0.776855,6.835938,71.899414,-12.878418
9053,-0.154297,0.493652,-0.714844,-3.906250,79.895020,-36.987305
9054,-0.115234,0.516602,-0.699219,0.976562,53.466797,-48.828125
9055,-0.111816,0.686523,-0.635742,-28.564453,-2.990723,-59.631348
9056,-0.077637,0.810059,-0.605957,-39.855957,-18.188477,-51.391602
9057,-0.052246,0.803711,-0.675781,-48.645020,-21.545410,-39.855957
9058,-0.095703,0.592773,-0.264160,-67.260742,-40.832520,-38.269043
9059,-0.105957,0.676758,-0.799805,-62.622070,-63.598633,-34.484863
9060,0.072754,0.912598,-0.943848,-45.654297,-43.212891,-16.235352
9061,-0.028320,0.834473,-0.853027,-32.043457,-20.446777,-2.502441
9062,-0.083496,0.779785,-0.665527,-5.371094,3.356934,0.854492
9063,-0.054199,0.788086,-0.703613,-0.061035,9.399414,-1.159668
9064,-0.026367,0.799316,-0.759277,-1.342773,20.751953,-6.164551
9065,-0.034668,0.708496,-0.698242,-22.644043,42.175293,-21.118164
9066,-0.052246,0.713867,-0.628418,-33.569336,39.978027,-30.822754
9067,-0.081543,0.737305,-0.561523,-42.541504,30.212402,-35.766602
9068,-0.112793,0.781738,-0.617676,-48.156738,20.019531,-33.691406
9069,-0.161133,0.845215,-0.672852,-41.564941,6.713867,-3.051758
9070,-0.161133,0.836426,-0.605469,-28.991699,0.305176,10.253906
9071,-0.091797,0.806641,-0.601562,-24.597168,0.671387,17.150879
9072,-0.077148,0.662598,-0.652344,-1.525879,14.099121,18.066406
9073,-0.038086,0.688965,-0.666016,10.192871,18.371582,19.165039
9074,-0.035156,0.680664,-0.643066,8.483887,27.343750,18.615723
9075,-0.032715,0.694824,-0.693359,-4.882812,68.115234,22.766113
9076,-0.059570,0.778809,-0.722168,-2.746582,81.115723,29.357910
9077,-0.068848,0.726074,-0.649414,-6.286621,80.017090,39.916992
9078,-0.024414,0.706543,-0.595215,8.850098,64.147949,38.940430
9079,0.059082,0.722168,-0.603516,13.427734,10.009766,24.414062
9080,0.094727,0.762207,-0.634766,10.986328,-8.728027,17.578125
9081,0.089355,0.767578,-0.618652,0.061035,-19.287109,16.052246
9082,0.081055,0.758789,-0.624512,-9.582520,-26.489258,13.854980
9083,0.069824,0.750000,-0.690430,-31.188965,-28.076172,5.065918
9084,0.058594,0.785156,-0.679688,-43.334961,-28.320312,4.394531
9085,0.025391,0.806152,-0.530273,-62.500000,-35.583496,-3.295898
9086,0.038086,0.857910,-0.531738,-71.899414,-45.898438,-7.751465
9087,0.008301,0.863281,-0.543457,-77.636719,-53.405762,-7.202148
9088,-0.003418,0.898926,-0.458984,-96.496582,-70.251465,-3.234863
9089,-0.061035,0.790527,-0.398438,-104.797363,-82.885742,-2.319336
9090,-0.070801,0.679199,-0.335938,-122.070312,-99.548340,-14.892578
9091,-0.086426,0.599121,-0.282715,-151.916504,-109.558105,-27.893066
9092,-0.042969,0.854492,-0.610840,-202.880859,-111.511230,-59.082031
9093,-0.079102,1.071289,-0.785156,-185.119629,-97.961426,-50.048828
9094,-0.141113,1.087402,-0.656250,-159.973145,-82.702637,-42.358398
9095,-0.139160,1.048828,-0.315918,-128.906250,-80.688477,-26.245117
9096,-0.108398,1.033203,-0.291992,-123.352051,-83.923340,-20.080566
9097,-0.072266,1.064941,-0.350098,-108.276367,-84.411621,-13.061523
9098,-0.066895,0.999023,-0.595215,-70.983887,-53.649902,-5.737305
9099,-0.098633,0.952148,-0.556641,-49.377441,-22.216797,-7.507324
9100,-0.102539,0.958496,-0.450195,-32.836914,3.479004,-10.925293
9101,-0.110840,0.964355,-0.341309,-16.540527,16.052246,-11.291504
9102,-0.249023,1.018066,-0.188477,-8.850098,10.070801,0.061035
9103,-0.261719,1.053223,-0.115234,-22.033691,-3.356934,12.817383
9104,-0.235352,0.924316,-0.032715,-55.786133,-11.230469,26.245117
9105,-0.174805,0.769043,-0.100098,-99.121094,-29.968262,19.897461
9106,-0.155762,0.758789,-0.017578,-115.234375,-41.687012,9.033203
9107,-0.126465,0.832031,0.008789,-141.357422,-54.138184,1.342773
9108,-0.246094,1.094727,-0.277832,-148.376465,-66.406250,5.126953
9109,-0.303223,1.044434,-0.134277,-139.099121,-71.472168,1.220703
9110,-0.298828,1.081055,-0.106934,-134.033203,-79.467773,-7.141113
9111,-0.227539,1.072266,0.032227,-139.831543,-97.961426,-24.475098
9112,-0.226562,1.034668,0.038086,-146.179199,-102.661133,-28.381348
9113,-0.219238,1.130859,-0.013672,-146.667480,-102.478027,-23.803711
9114,-0.261230,1.087402,0.008301,-132.446289,-100.708008,-17.578125
9115,-0.090332,1.095703,-0.245117,-63.842773,-55.297852,-14.831543
9116,0.042969,1.083984,-0.244629,-31.921387,-3.906250,-13.977051
9117,0.045898,1.186035,0.117676,-42.968750,42.114258,-1.525879
9118,-0.024414,1.061035,0.190430,-69.335938,46.752930,12.207031
9119,-0.052734,1.126465,0.072754,-72.265625,42.419434,22.766113
9120,-0.132812,1.075684,0.022461,-51.208496,41.870117,33.203125
9121,-0.256836,0.915527,0.337402,-35.888672,15.502930,15.869141
9122,-0.221191,1.177734,0.061523,-31.066895,-2.319336,19.165039
9123,-0.372559,1.047363,0.186523,-20.996094,-27.160645,10.498047
9124,-0.359863,1.056152,0.249023,-20.812988,-48.522949,-4.150391
9125,-0.224121,1.195312,0.150391,-17.578125,-45.593262,2.014160
9126,-0.187500,1.254883,0.147949,-13.793945,-24.780273,14.343262
9127,-0.230469,1.179199,0.231445,-21.301270,-9.094238,14.404297
9128,-0.166016,1.184082,0.402344,-65.734863,-9.643555,-4.943848
9129,-0.114746,1.164062,0.350098,-91.979980,-1.892090,3.051758
9130,-0.223145,1.053711,0.308594,-106.750488,19.470215,12.817383
9131,-0.321777,0.986328,0.408203,-116.149902,36.071777,11.291504
9132,-0.247070,0.996094,0.498535,-101.989746,16.479492,8.422852
9133,-0.126465,0.939941,0.467285,-95.825195,-2.807617,17.883301
9134,-0.015625,1.034668,0.317871,-118.774414,-7.324219,37.292480
9135,-0.013184,0.997559,0.352539,-148.742676,19.592285,41.992188
9136,-0.076660,0.954102,0.334961,-165.954590,47.485352,38.330078
9137,-0.083008,0.951172,0.423340,-171.386719,52.551270,34.606934
9138,-0.122559,0.763184,0.492188,-158.386230,11.047363,31.005859
9139,-0.151855,0.737793,0.429199,-136.413574,-8.300781,29.235840
9140,-0.135742,0.701660,0.369629,-127.685547,-6.652832,33.874512
9141,-0.106445,0.695312,0.287598,-145.202637,4.455566,28.686523
9142,-0.070312,0.667480,0.291016,-166.015625,19.348145,13.549805
9143,0.001465,0.690430,0.454102,-203.613281,30.639648,-3.417969
9144,0.053711,0.904785,0.192383,-273.010254,70.434570,18.981934
9145,0.020996,0.874512,0.091309,-265.686035,92.895508,33.813477
9146,-0.007324,0.849609,0.163574,-234.680176,98.999023,43.884277
9147,-0.072754,0.807129,0.688477,-218.078613,82.336426,62.072754
9148,-0.024414,0.729004,0.804688,-238.159180,76.965332,76.232910
9149,-0.046387,0.555664,0.615234,-263.610840,100.891113,100.952148
9150,-0.105957,0.497559,0.582031,-259.094238,114.440918,98.876953
9151,-0.124023,0.551758,0.675293,-250.183105,124.511719,96.374512
9152,-0.153809,0.598145,1.064453,-223.510742,104.309082,120.544434
9153,-0.187012,0.375000,1.153809,-193.725586,74.401855,129.211426
9154,-0.218750,0.180176,0.988281,-170.349121,45.227051,118.530273
9155,-0.183105,0.129395,0.955566,-152.099609,29.907227,97.839355
9156,-0.189453,0.283691,0.836426,-153.747559,35.827637,96.618652
9157,-0.184082,0.252930,0.918945,-156.127930,51.818848,105.407715
9158,-0.199219,0.186523,1.040039,-164.733887,62.438965,108.154297
9159,-0.301758,0.041992,1.150879,-157.409668,47.973633,94.360352
9160,-0.289062,0.041504,1.070312,-149.963379,26.123047,87.890625
9161,-0.261719,0.143066,1.011230,-142.150879,-0.122070,86.242676
9162,-0.262695,0.230469,0.879395,-122.009277,-25.878906,91.979980
9163,-0.286621,0.252441,0.805176,-36.071777,-56.884766,100.708008
9164,-0.288086,0.119629,1.083496,-6.408691,-63.110352,103.759766
9165,-0.305176,0.081055,1.057617,33.081055,-67.016602,118.408203
9166,-0.324707,0.098633,1.187988,55.664062,-86.791992,124.572754
9167,-0.283203,0.166992,1.318359,72.387695,-125.427246,125.000000
9168,-0.175781,0.251953,1.357910,80.200195,-171.691895,122.863770
9169,0.129395,0.304688,1.280762,51.879883,-249.084473,112.487793
9170,-0.041016,0.350098,1.375000,18.066406,-264.038086,105.468750
9171,-0.111328,0.364258,0.570801,-145.935059,-80.810547,54.687500
9172,-0.030273,0.506836,0.672852,-175.354004,68.969727,31.860352
9173,-0.033691,0.236328,1.080078,-182.739258,156.616211,27.343750
9174,0.017090,0.198730,1.363770,-203.918457,175.231934,21.118164
9175,-0.043457,-0.078613,1.652832,-258.300781,84.838867,38.269043
9176,-0.114258,-0.106445,1.251465,-270.568848,23.193359,42.785645
9177,-0.075684,-0.035156,1.038086,-253.234863,-24.963379,49.560547
9178,0.095703,-0.125488,0.605469,-148.193359,-84.533691,67.077637
9179,0.148926,-0.158203,0.532715,-80.261230,-88.989258,75.134277
9180,0.167480,-0.130859,0.602539,-16.174316,-87.524414,91.308594
9181,0.116211,-0.142578,0.865723,32.958984,-71.289062,143.554688
9182,0.110840,-0.132812,0.823242,10.131836,-42.175293,159.606934
9183,0.066406,-0.113281,0.689453,-10.925293,1.281738,173.034668
9184,0.032715,-0.015137,0.604980,-13.488770,45.471191,189.392090
9185,0.024414,-0.027832,0.594727,9.033203,80.505371,240.112305
9186,-0.010742,-0.134766,0.694336,36.926270,58.471680,259.826660
9187,0.060059,0.025879,1.583984,-98.999023,6.835938,283.508301
9188,0.053223,0.072754,0.969238,-66.040039,-39.367676,321.044922
9189,-0.149414,-0.210938,0.944336,-10.498047,-78.552246,340.209961
9190,-0.250977,-0.215820,0.739258,-14.221191,-119.934082,376.953125
9191,-0.403809,-0.221191,0.538574,-4.150391,-130.920410,384.338379
9192,-0.494141,-0.191406,0.601562,8.850098,-136.474609,374.877930
9193,-0.530762,-0.107422,0.755371,3.967285,-146.911621,355.529785
9194,-0.537109,-0.170898,1.026367,-3.540039,-210.021973,232.910156
9195,-0.424805,-0.238770,1.186035,-22.338867,-228.210449,128.967285
9196,0.078125,-0.169922,1.033691,-121.582031,-199.462891,7.751465
9197,0.213867,-0.415039,0.357422,-100.036621,-144.714355,3.112793
9198,0.189941,-0.504395,0.442383,-47.302246,-38.024902,-9.338379
9199,0.291016,-0.401855,0.585449,-50.720215,62.988281,-10.864258
9200,0.017578,-0.477051,1.000000,-90.332031,113.342285,-68.237305
9201,0.489258,-0.237305,1.221191,-180.603027,126.953125,-31.066895
9202,0.357422,-0.583008,1.102539,-249.511719,123.352051,53.283691
9203,0.040039,-0.413086,1.096191,-278.381348,63.293457,141.113281
9204,-0.122070,-0.462402,0.982422,-251.159668,11.840820,136.047363
9205,-0.183105,-0.610352,0.811523,-191.223145,-38.146973,102.355957
9206,0.028320,-0.792480,0.883301,-73.364258,-101.562500,19.592285
9207,0.182129,-0.741211,0.708496,-72.814941,-139.160156,17.456055
9208,0.170410,-0.604492,0.478027,-59.020996,-124.816895,28.198242
9209,0.209961,-0.606445,0.472656,-25.817871,-46.203613,33.447266
9210,0.260254,-0.551270,0.598145,-12.084961,-10.192871,33.508301
9211,0.184570,-0.623047,0.926270,-8.483887,7.995605,41.015625
9212,0.055664,-0.692871,1.076660,-39.978027,-8.483887,38.269043
9213,0.077637,-0.652832,1.029297,-61.706543,-32.409668,27.587891
9214,0.071289,-0.548340,0.974121,-99.121094,-42.602539,11.718750
9215,0.154297,-0.448242,0.937012,-148.498535,-37.475586,7.080078
9216,0.063965,-0.566406,0.602539,-200.744629,-51.879883,47.302246
9217,-0.019043,-0.877441,0.308594,-152.465820,-64.697266,49.072266
9218,0.100098,-0.863281,0.329590,-10.437012,-61.645508,49.865723
9219,0.227051,-0.814941,0.322754,28.137207,-47.607422,55.175781
9220,0.222656,-0.802246,0.369141,60.180664,-28.503418,55.541992
9221,0.145508,-0.641113,0.723145,48.889160,0.305176,40.527344
9222,0.094238,-0.657715,0.770508,19.409180,2.075195,36.010742
9223,-0.001465,-0.629883,0.853516,-14.404297,2.014160,30.761719
9224,-0.000977,-0.597656,0.884277,-47.546387,-7.141113,33.386230
9225,-0.036621,-0.627441,0.799805,-68.420410,-22.583008,36.804199
9226,-0.058105,-0.663086,0.586426,-51.452637,-45.166016,41.442871
9227,0.117188,-0.644043,0.441895,-9.826660,-43.334961,63.415527
9228,0.109863,-0.903809,0.312012,30.700684,-40.039062,69.213867
9229,0.058105,-0.994629,0.452637,67.321777,-31.555176,54.138184
9230,0.001953,-0.828125,0.741699,88.989258,-41.870117,30.395508
9231,0.025391,-0.717773,0.629883,115.234375,-57.250977,31.677246
9232,0.049316,-0.686523,0.516602,141.113281,-63.476562,33.813477
