order,ax,ay,az,gx,gy,gz
0,-0.148438,-0.670898,0.587402,49.194336,-42.663574,-34.851074
1,-0.149902,-0.649414,0.551270,42.114258,-32.409668,-32.836914
2,-0.201172,-0.644043,0.624023,-1.037598,5.737305,-35.705566
3,-0.163574,-0.611328,0.590332,-25.146484,22.277832,-33.142090
4,-0.119141,-0.670898,0.526367,-26.977539,31.127930,-22.094727
5,-0.131836,-0.861328,0.563477,6.286621,43.701172,-15.380859
6,-0.110352,-0.883301,0.700195,18.920898,42.785645,-26.000977
7,-0.076660,-0.826660,0.697754,20.996094,37.841797,-38.391113
8,-0.089355,-0.689941,0.660645,30.334473,55.175781,-39.672852
9,-0.118652,-0.606934,0.760254,22.766113,59.448242,-34.118652
10,-0.101074,-0.569824,0.859375,7.324219,55.603027,-24.963379
11,-0.077148,-0.622070,0.900391,-21.972656,47.058105,-18.554688
12,-0.077148,-0.683594,0.609863,-36.010742,46.447754,-15.563965
13,-0.069336,-0.749512,0.600586,-24.047852,47.363281,-16.052246
14,-0.112305,-0.846680,0.671875,-7.751465,47.668457,-22.033691
15,-0.174805,-0.825684,0.938477,7.446289,24.108887,-38.330078
16,-0.200684,-0.812988,0.935059,12.756348,-2.990723,-41.809082
17,-0.135254,-0.754395,0.847168,23.803711,-29.235840,-43.884277
18,0.023438,-0.573730,0.739258,40.466309,-52.307129,-28.198242
19,0.058594,-0.549316,0.677734,29.602051,-47.241211,-18.249512
20,0.085449,-0.563965,0.585449,14.709473,-33.874512,-10.559082
21,0.100098,-0.604492,0.531738,4.333496,-15.014648,-6.286621
22,0.071289,-0.678711,0.508301,18.981934,12.451172,0.915527
23,0.016113,-0.681152,0.543945,36.926270,16.235352,2.380371
24,-0.022461,-0.650879,0.585938,48.645020,17.517090,2.380371
25,-0.028809,-0.562012,0.591797,35.705566,25.695801,8.422852
26,-0.124023,-0.429199,1.096680,32.470703,21.911621,20.080566
27,-0.175293,-0.660645,1.208008,22.460938,-22.705078,32.348633
28,-0.324707,-1.251953,0.734863,-38.879395,-25.695801,-13.854980
29,-0.251465,-1.051758,0.588379,-50.537109,-9.948730,-40.405273
30,-0.099609,-0.769531,0.642578,-42.663574,-3.723145,-51.025391
31,-0.027344,-0.786133,0.906250,-31.311035,-17.944336,-54.992676
32,-0.082520,-0.846191,1.049316,-8.911133,-80.932617,-66.894531
33,-0.138672,-0.850098,0.975586,-1.098633,-113.647461,-77.392578
34,-0.170898,-0.731934,0.750977,-4.394531,-127.624512,-85.388184
35,-0.125977,-0.905273,1.064941,-18.432617,-120.056152,-103.393555
36,-0.193848,-0.793457,1.175781,-76.049805,-173.461914,-140.747070
37,-0.184082,-0.746582,1.087891,-121.643066,-211.608887,-175.781250
38,-0.131348,-0.774902,1.021484,-205.078125,-248.962402,-265.258789
39,-0.093750,-0.728516,0.898438,-253.417969,-253.051758,-319.335938
40,-0.072266,-0.564453,0.666016,-307.617188,-241.027832,-376.342773
41,0.113770,0.053711,0.513672,-446.228027,-137.634277,-454.528809
42,0.125488,0.170898,0.575684,-506.591797,-77.880859,-483.093262
43,0.084961,0.115723,0.486328,-564.270020,33.264160,-502.502441
44,0.754395,-0.047852,-0.407715,-504.699707,83.312988,-456.298828
45,0.834473,-0.381836,-0.601074,-419.189453,136.718750,-415.405273
46,0.876953,-0.576172,-0.422363,-288.818359,152.343750,-395.690918
47,0.798340,-0.662598,-0.361816,-143.310547,125.976562,-397.399902
48,0.545410,-0.424316,-0.392090,155.334473,52.978516,-442.993164
49,0.706055,-0.008301,0.178223,234.191895,6.286621,-448.547363
50,0.655762,-0.076172,-0.024414,284.973145,-19.897461,-457.336426
51,0.707520,0.239746,-0.112793,316.955566,-44.250488,-457.214355
52,1.120605,0.719727,0.289551,287.658691,-88.684082,-389.038086
53,1.154785,0.589844,0.557617,190.917969,-103.759766,-339.904785
54,1.122070,0.423828,0.684082,56.884766,-109.619141,-297.241211
55,1.027344,0.374512,0.244141,-178.039551,-75.561523,-234.558105
56,1.062988,0.338867,-0.075684,-210.571289,-49.987793,-223.876953
57,1.189941,0.541504,-0.330566,-167.236328,-39.855957,-222.045898
58,1.604004,0.994141,-0.545898,23.742676,-32.348633,-115.661621
59,1.360352,0.411133,-0.044922,104.125977,-37.841797,-78.186035
60,1.012695,0.305664,0.169434,86.914062,-45.532227,-71.166992
61,0.935547,0.393555,0.031250,52.001953,-46.752930,-61.035156
62,0.956055,0.492676,-0.033203,45.898438,-42.968750,-8.422852
63,0.964844,0.433105,-0.045898,31.127930,-42.297363,14.465332
64,0.940918,0.394043,-0.062500,7.751465,-40.832520,26.428223
65,0.839844,0.432617,-0.039062,-17.761230,-63.415527,31.372070
66,0.934082,0.477051,-0.017090,-15.625000,-85.632324,44.311523
67,0.896973,0.401367,-0.063965,-9.399414,-102.355957,64.208984
68,0.957031,0.459473,-0.099609,-8.789062,-110.168457,79.528809
69,1.059570,0.429688,-0.172363,-14.465332,-97.839355,113.037109
70,1.079590,0.408203,-0.187012,-7.568359,-91.918945,126.403809
71,1.104492,0.406250,-0.181152,4.577637,-89.843750,141.601562
72,1.066406,0.341797,-0.169434,32.958984,-91.308594,183.959961
73,1.033691,0.332031,-0.235352,43.640137,-83.007812,208.129883
74,1.033691,0.354980,-0.341797,56.762695,-63.110352,234.558105
75,1.037109,0.375000,-0.387207,70.495605,-35.156250,258.544922
76,1.030273,0.325684,-0.229980,55.541992,15.380859,291.259766
77,1.073242,0.271973,-0.138672,14.709473,31.616211,306.701660
78,1.072754,0.212402,-0.122559,-31.188965,38.208008,327.697754
79,0.992188,0.117188,-0.215820,-67.199707,40.893555,352.722168
80,0.820312,0.027344,-0.300293,-85.388184,43.212891,408.935547
81,0.768066,-0.033691,-0.265625,-65.124512,33.081055,440.551758
82,0.709961,-0.109863,-0.207520,-39.184570,16.479492,466.064453
83,0.658691,-0.202637,-0.096680,-22.583008,-4.150391,478.637695
84,0.573730,-0.470703,0.063477,-29.052734,-51.757812,464.111328
85,0.515625,-0.579590,0.000977,-36.621094,-69.641113,442.749023
86,0.469238,-0.672852,-0.128906,-38.208008,-76.721191,416.931152
87,0.446289,-0.724609,-0.281250,-31.738281,-71.105957,390.197754
88,0.390625,-0.768555,-0.427734,0.976562,-32.592773,344.909668
89,0.384277,-0.739746,-0.486816,26.977539,-7.385254,330.200195
90,0.377441,-0.675781,-0.528809,56.823730,22.216797,321.716309
91,0.269531,-0.800781,-0.216797,109.558105,73.913574,319.396973
92,0.285156,-0.752441,-0.154297,107.116699,96.130371,321.044922
93,0.272461,-0.652344,-0.225586,98.388672,122.924805,326.110840
94,0.270996,-0.542969,-0.223633,91.125488,148.071289,336.975098
95,0.201660,-0.464844,-0.101074,87.646484,163.635254,366.333008
96,0.025391,-0.630859,0.084961,75.378418,148.132324,372.314453
97,-0.198730,-0.860840,0.278809,28.686523,121.520996,370.117188
98,-0.400879,-1.083008,0.249023,-99.365234,34.973145,350.036621
99,-0.463867,-0.937500,-0.171875,-118.164062,-60.302734,337.036133
100,-0.442383,-0.848633,-0.377441,-71.350098,-79.345703,329.528809
101,-0.427734,-0.779785,-0.434570,-6.774902,-71.716309,319.763184
102,-0.450684,-0.724609,-0.361816,54.138184,-46.936035,313.964844
103,-0.750488,-0.883301,-0.145996,118.713379,-1.220703,302.307129
104,-0.873047,-1.003906,-0.075195,112.976074,11.535645,275.573730
105,-0.879883,-1.055664,-0.103516,96.679688,21.911621,235.534668
106,-0.890137,-1.004395,-0.105469,51.513672,40.710449,142.211914
107,-0.847168,-0.951172,-0.114746,19.409180,47.973633,97.717285
108,-0.827637,-0.892578,-0.190430,0.671387,54.565430,59.509277
109,-0.691406,-0.785156,-0.092773,-1.586914,53.771973,24.108887
110,-0.642090,-0.719727,0.014160,-8.911133,40.954590,29.663086
111,-0.653320,-0.712891,0.077148,-24.719238,23.254395,44.189453
112,-0.706055,-0.696289,0.092773,-42.968750,-15.441895,66.162109
113,-0.721191,-0.700195,0.041016,-39.611816,-31.311035,70.068359
114,-0.718262,-0.688965,0.034668,-31.921387,-43.334961,69.335938
115,-0.734863,-0.722656,0.005859,-27.648926,-50.903320,63.476562
116,-0.845215,-0.874023,-0.009766,-51.940918,-44.128418,28.625488
117,-0.879883,-0.901367,-0.067871,-92.712402,-21.545410,5.187988
118,-0.915527,-0.904785,-0.218262,-140.625000,18.249512,-18.676758
119,-0.915039,-0.895508,-0.366211,-179.992676,70.495605,-41.992188
120,-0.839844,-0.861328,-0.477051,-207.336426,162.475586,-84.838867
121,-0.814941,-0.848145,-0.523438,-198.852539,193.542480,-102.050781
122,-0.781738,-0.799805,-0.477539,-176.452637,220.886230,-130.249023
123,-0.720215,-0.708008,-0.363281,-168.579102,217.346191,-141.052246
124,-0.695801,-0.661133,-0.354980,-154.052734,203.613281,-147.766113
125,-0.675781,-0.642090,-0.370117,-140.197754,186.645508,-152.465820
126,-0.540527,-0.604492,-0.557129,-116.516113,164.428711,-149.597168
127,-0.485352,-0.647461,-0.625488,-100.219727,160.400391,-144.042969
128,-0.453613,-0.720215,-0.550293,-82.458496,149.230957,-140.075684
129,-0.477051,-0.778320,-0.592285,-71.044922,125.610352,-137.145996
130,-0.494141,-0.810059,-0.775391,-18.859863,75.439453,-147.949219
131,-0.455566,-0.810547,-0.751953,12.451172,70.617676,-161.071777
132,-0.421387,-0.839355,-0.529297,16.845703,79.833984,-190.246582
133,-0.299805,-0.703613,-0.256836,-122.741699,124.511719,-276.245117
134,-0.190430,-0.550293,-0.220703,-231.811523,157.592773,-305.786133
135,-0.049805,-0.326172,-0.242676,-319.824219,181.030273,-307.006836
136,0.112305,-0.209473,-0.253906,-355.529785,169.677734,-270.629883
137,0.192383,-0.146973,-0.670898,-301.574707,81.237793,-197.204590
138,0.060547,-0.253418,-1.035156,-256.347656,59.509277,-182.067871
139,0.130371,-0.200684,-1.081543,-204.162598,56.701660,-162.414551
140,0.160156,-0.249023,-1.106445,-96.008301,78.735352,-120.849609
141,0.211426,-0.146484,-0.984863,-42.541504,85.144043,-103.881836
142,0.229492,-0.155762,-0.914062,-22.338867,82.092285,-91.735840
143,0.298340,-0.256836,-0.838379,-31.799316,38.391113,-76.477051
144,0.321289,-0.252441,-0.913574,-34.240723,12.268066,-64.025879
145,0.310547,-0.299805,-0.965820,-29.724121,-6.042480,-46.386719
146,0.264648,-0.367676,-0.972168,-22.033691,-14.038086,-30.334473
147,0.146973,-0.450684,-0.847168,-46.142578,-2.868652,-36.499023
148,0.158691,-0.456055,-0.751953,-80.383301,5.493164,-54.931641
149,0.237793,-0.315430,-0.809082,-110.778809,12.695312,-64.880371
150,0.355469,-0.212402,-1.013184,-119.689941,19.592285,-51.574707
151,0.289062,-0.240723,-1.117676,-97.900391,18.493652,-39.123535
152,0.278809,-0.210449,-1.085938,-64.147949,14.404297,-29.602051
153,0.173828,-0.298828,-1.020996,25.939941,-13.061523,-35.583496
154,0.134766,-0.294434,-1.016602,62.744141,-28.747559,-56.091309
155,0.147461,-0.237793,-1.055664,100.585938,-38.208008,-72.204590
156,0.209961,-0.209473,-0.980469,156.738281,-44.433594,-84.533691
157,0.262695,-0.224609,-0.965332,166.625977,-49.133301,-88.378906
158,0.323242,-0.257324,-1.039551,167.907715,-52.856445,-92.834473
159,0.208008,-0.444824,-1.097168,168.762207,-43.334961,-105.712891
160,0.165527,-0.401367,-1.237793,183.471680,-25.573730,-114.501953
161,0.182129,-0.366211,-1.410645,239.013672,10.803223,-115.478516
162,0.146484,-0.346191,-1.334473,372.314453,86.303711,-117.919922
163,0.143066,-0.362305,-1.178711,420.837402,102.661133,-129.028320
164,0.185547,-0.344727,-1.010254,459.289551,98.693848,-141.662598
165,0.329102,-0.207031,-0.756348,475.219727,69.824219,-137.023926
166,0.381836,-0.291016,-0.498047,441.772461,69.396973,-119.750977
167,0.457520,-0.381836,-0.243164,373.413086,58.776855,-98.876953
168,0.738770,-0.344238,-0.012207,359.558105,46.813965,-69.152832
169,0.816406,-0.336426,-0.064941,346.069336,40.405273,-18.798828
170,0.794922,-0.436523,-0.328125,328.613281,50.292969,33.813477
171,0.558105,-0.700684,-0.715820,377.746582,97.106934,107.971191
172,0.351562,-0.713867,-0.639160,454.956055,103.332520,120.727539
173,0.169922,-0.751465,-0.417480,540.710449,103.088379,113.769531
174,0.196289,-0.677734,0.297852,616.577148,93.383789,57.739258
175,0.282715,-0.527832,0.421387,614.318848,81.909180,47.485352
176,0.232422,-0.283203,0.770508,562.377930,48.522949,33.508301
177,0.223145,-0.247559,0.889160,512.573242,11.596680,22.094727
178,0.220703,-0.277344,0.854004,435.607910,-7.751465,5.737305
179,0.229492,-0.405762,0.796387,356.262207,-6.469727,-15.869141
180,0.304688,-0.586914,1.002930,242.675781,-8.239746,-50.964355
181,0.426758,-0.545898,0.937988,207.275391,-10.803223,-52.062988
182,0.400391,-0.470703,0.652832,175.048828,6.896973,-40.649414
183,0.342773,-0.439453,0.489746,202.941895,23.620605,-39.978027
184,0.373047,-0.369629,0.449707,237.182617,52.124023,-41.381836
185,0.462891,-0.300293,0.714844,255.004883,87.158203,-31.066895
186,0.500000,-0.395508,1.326660,182.983398,90.698242,8.117676
187,0.351562,-0.458008,1.184570,145.690918,78.796387,6.408691
188,0.231445,-0.333984,1.062012,119.689941,72.387695,-9.887695
189,0.214844,-0.143066,0.957031,101.806641,67.687988,-19.226074
190,0.213867,-0.099609,0.891113,82.641602,74.890137,-22.216797
191,0.204590,-0.133789,0.912598,91.247559,75.866699,-26.062012
192,0.158691,-0.145020,0.888184,104.736328,75.500488,-36.071777
193,0.144043,-0.123535,0.932617,108.947754,76.354980,-55.236816
194,0.267578,0.017578,1.177246,91.735840,44.372559,-77.148438
195,0.403809,0.039062,1.354004,59.814453,25.878906,-61.279297
196,0.418457,-0.145020,1.402344,-3.967285,31.799316,-33.020020
197,0.302734,-0.361816,1.251953,-80.322266,54.992676,-0.427246
198,0.405273,-0.178223,1.130859,-125.000000,71.289062,10.131836
199,0.375000,-0.142090,1.002441,-165.344238,95.336914,26.489258
200,0.254395,-0.209473,1.109375,-189.453125,95.581055,35.400391
201,0.273438,-0.186523,1.030762,-201.965332,88.317871,35.034180
202,0.294922,-0.186035,0.962891,-201.660156,82.885742,41.748047
203,0.306152,-0.231934,0.841797,-181.335449,78.125000,50.659180
204,0.163574,-0.251953,0.839844,-110.168457,60.913086,66.589355
205,0.029297,-0.337891,0.896484,-105.468750,50.231934,66.955566
206,-0.062988,-0.392578,1.019043,-123.291016,37.475586,57.067871
207,0.072754,-0.454590,1.114258,-179.077148,9.948730,52.856445
208,0.110352,-0.452148,1.055176,-206.054688,17.150879,67.382812
209,0.080566,-0.463867,1.100098,-235.351562,26.611328,83.129883
210,-0.013672,-0.446777,1.234863,-284.118652,25.512695,96.191406
211,-0.011230,-0.193359,0.803711,-416.259766,25.756836,144.958496
212,-0.014648,-0.207520,0.564453,-441.406250,41.137695,169.555664
213,-0.048340,-0.186523,0.523438,-456.298828,55.603027,192.810059
214,-0.088379,-0.421387,0.198730,-413.146973,70.190430,215.209961
215,-0.130859,-0.541992,0.199219,-355.712891,80.932617,211.608887
216,-0.224121,-0.656738,0.300293,-304.138184,82.336426,207.824707
217,-0.349121,-0.781250,0.409180,-275.939941,67.687988,203.063965
218,-0.538574,-0.906738,0.336914,-284.667969,27.954102,185.974121
219,-0.545410,-0.898438,0.230469,-304.199219,23.254395,179.443359
220,-0.475098,-0.839355,0.182617,-327.209473,27.587891,180.419922
221,-0.424316,-0.765137,0.130371,-354.003906,28.869629,186.218262
222,-0.418457,-0.704590,-0.140137,-368.957520,15.991211,208.862305
223,-0.492676,-0.699707,-0.278320,-351.684570,11.718750,214.233398
224,-0.567383,-0.695801,-0.421387,-327.819824,17.517090,211.059570
225,-0.592773,-0.719238,-0.513184,-302.978516,35.766602,202.697754
226,-0.618652,-0.709473,-0.521973,-248.962402,75.927734,179.443359
227,-0.642090,-0.662598,-0.507812,-228.515625,92.834473,169.860840
228,-0.667969,-0.634766,-0.526855,-218.872070,110.107422,164.978027
229,-0.753418,-0.713867,-0.604492,-224.060059,145.996094,152.404785
230,-0.809082,-0.758301,-0.609375,-237.854004,163.269043,133.422852
231,-0.857910,-0.796387,-0.629395,-252.868652,172.180176,105.163574
232,-0.833008,-0.658691,-0.702148,-256.958008,173.583984,48.400879
233,-0.825684,-0.549316,-0.788574,-237.976074,167.053223,30.578613
234,-0.824219,-0.456055,-0.871094,-210.876465,161.437988,22.583008
235,-0.807129,-0.401855,-0.842285,-182.067871,151.000977,20.080566
236,-0.769531,-0.485352,-0.951660,-140.869141,119.079590,0.305176
237,-0.718262,-0.477051,-0.966797,-128.112793,109.558105,-20.141602
238,-0.655762,-0.469238,-0.956055,-120.361328,107.177734,-41.015625
239,-0.532715,-0.421875,-0.854492,-122.375488,125.854492,-57.250977
240,-0.556152,-0.311523,-0.779785,-117.370605,134.094238,-79.895020
241,-0.491211,-0.315430,-0.796387,-109.375000,130.249023,-86.914062
242,-0.463379,-0.345703,-0.836426,-100.524902,131.896973,-96.557617
243,-0.447266,-0.349121,-0.846680,-113.464355,151.672363,-109.313965
244,-0.419922,-0.295898,-0.805664,-115.539551,156.982422,-114.440918
245,-0.423340,-0.164062,-0.733887,-111.206055,146.423340,-128.784180
246,-0.335938,-0.104980,-0.852539,-95.397949,130.981445,-138.793945
247,-0.240723,-0.107910,-0.923828,-56.762695,97.473145,-127.929688
248,-0.232910,-0.155273,-0.980469,-54.077148,92.163086,-120.910645
249,-0.216309,-0.199707,-0.912109,-64.331055,88.989258,-114.990234
250,-0.218750,-0.298340,-0.782715,-80.017090,79.040527,-111.999512
251,-0.164062,-0.264160,-1.023438,-67.871094,62.622070,-114.807129
252,-0.120605,-0.196289,-1.119629,9.704590,45.959473,-106.628418
253,-0.160645,-0.172363,-1.069824,50.109863,32.592773,-116.394043
254,-0.256836,-0.105957,-0.968750,87.402344,15.563965,-135.253906
255,-0.300293,-0.093262,-0.943359,163.208008,-19.104004,-167.907715
256,-0.263184,-0.104004,-0.987305,194.274902,-23.437500,-177.734375
257,-0.153320,-0.056641,-1.021484,199.584961,-11.779785,-183.532715
258,-0.050293,-0.206055,-0.885742,156.677246,24.108887,-188.049316
259,-0.034668,-0.259766,-0.854492,134.643555,29.296875,-187.561035
260,0.026855,-0.380371,-0.929199,132.324219,25.878906,-178.710938
261,0.051758,-0.373047,-0.951660,148.437500,16.296387,-167.419434
262,0.104980,-0.336426,-0.995605,174.743652,2.868652,-150.024414
263,0.149414,-0.300781,-1.029785,201.904297,-5.615234,-130.859375
264,0.166504,-0.320801,-1.051270,233.886719,2.258301,-95.214844
265,0.148926,-0.393555,-1.028320,246.520996,5.798340,-76.904297
266,0.107422,-0.475098,-0.989258,261.718750,7.324219,-64.819336
267,0.065430,-0.551270,-0.889648,281.494141,1.892090,-59.509277
268,-0.000977,-0.688965,-0.667969,329.406738,-11.962891,-78.186035
269,-0.031250,-0.722656,-0.541016,327.270508,-15.747070,-101.684570
270,0.006348,-0.780762,-0.542969,317.565918,-6.835938,-121.948242
271,0.088379,-0.884766,-0.350098,290.832520,27.160645,-149.780273
272,0.150391,-0.798828,-0.314453,261.657715,26.123047,-154.418945
273,0.243164,-0.697754,-0.389160,235.473633,23.620605,-147.888184
274,0.307129,-0.629883,-0.507812,225.952148,26.977539,-130.920410
275,0.316406,-0.617188,-0.585449,261.474609,45.776367,-92.041016
276,0.289062,-0.644043,-0.541992,294.555664,54.016113,-79.406738
277,0.357422,-0.653320,-0.347656,360.717773,61.523438,-59.631348
278,0.456543,-0.706055,-0.179199,369.934082,55.236816,-45.715332
279,0.414551,-0.795410,-0.086914,369.262695,42.785645,-34.362793
280,0.402344,-0.817871,-0.051270,369.445801,39.367676,-21.545410
281,0.334473,-0.693848,-0.020020,366.516113,61.157227,8.117676
282,0.226074,-0.625488,0.020996,356.994629,88.134766,21.057129
283,0.162598,-0.562988,0.134766,352.050781,113.708496,25.939941
284,0.139648,-0.549316,0.286621,381.835938,141.418457,35.583496
285,0.151367,-0.465332,0.271484,415.649414,160.217285,45.776367
286,0.171387,-0.289551,0.656250,461.791992,210.327148,82.092285
287,0.097656,-0.351562,1.042480,434.387207,221.862793,92.468262
288,0.005859,-0.448242,1.524902,361.572266,222.290039,89.904785
289,-0.085449,-0.499512,1.507812,139.160156,176.208496,58.837891
290,-0.046387,-0.460938,1.186035,70.861816,152.465820,53.955078
291,-0.021973,-0.439453,0.869141,39.550781,151.062012,60.363770
292,-0.089355,-0.291504,0.578125,53.283691,196.716309,99.182129
293,-0.144043,-0.198730,0.648438,69.946289,221.374512,127.258301
294,-0.197266,-0.160645,0.763672,88.439941,226.867676,153.381348
295,-0.357422,-0.184570,0.924316,118.591309,188.537598,187.011719
296,-0.416504,-0.216309,0.907227,123.413086,171.569824,192.993164
297,-0.433594,-0.216797,0.881348,122.375488,166.564941,192.932129
298,-0.431641,-0.215332,0.915527,117.370605,166.992188,186.279297
299,-0.392578,-0.071289,1.041016,91.064453,150.451660,175.903320
300,-0.395996,-0.022461,1.049805,73.730469,129.699707,186.462402
301,-0.449707,-0.018066,1.053223,58.349609,113.769531,203.186035
302,-0.650879,-0.184570,1.236816,19.348145,88.134766,220.092773
303,-0.755371,-0.277344,1.234375,-11.474609,75.134277,212.646484
304,-0.820801,-0.272949,1.089844,-52.307129,74.584961,196.228027
305,-0.799805,-0.170410,0.927246,-96.923828,87.219238,181.457520
306,-0.593262,0.006836,0.776367,-171.020508,114.929199,187.805176
307,-0.512207,0.025391,0.768555,-199.218750,114.318848,211.364746
308,-0.501465,0.218262,0.642578,-227.172852,101.379395,274.475098
309,-0.632812,0.083984,0.653809,-219.604492,95.825195,299.621582
310,-0.763672,-0.056641,0.696777,-209.899902,88.684082,302.001953
311,-0.912598,-0.122070,0.799805,-174.987793,69.885254,279.968262
312,-0.927734,-0.106445,0.735352,-154.602051,58.776855,267.700195
313,-0.917480,-0.144043,0.562988,-132.446289,48.767090,255.676270
314,-0.898926,-0.201172,0.385742,-98.571777,43.090820,238.891602
315,-0.971191,-0.243652,0.216309,-3.723145,32.165527,192.321777
316,-1.035156,-0.254395,0.077148,30.395508,52.673340,168.151855
317,-1.006348,-0.081055,0.268555,54.077148,146.606445,125.854492
318,-1.020996,0.019531,0.418945,28.625488,189.636230,114.807129
319,-0.969238,0.113770,0.521973,-8.178711,220.275879,109.863281
320,-0.890137,0.163574,0.554199,-42.358398,239.868164,113.891602
321,-0.816895,0.196289,0.605469,-69.641113,242.492676,124.694824
322,-0.885742,0.159180,0.523926,-101.989746,194.396973,152.099609
323,-1.037109,0.155762,0.419434,-88.623047,161.315918,148.376465
324,-1.483398,-0.028809,0.095215,-34.606934,130.920410,68.664551
325,-1.441406,-0.073242,-0.050293,10.742188,139.587402,44.372559
326,-1.346680,-0.066406,0.036133,27.770996,162.475586,15.747070
327,-1.092285,0.014648,0.158691,14.282227,193.420410,-28.076172
328,-1.071777,0.032227,0.168457,-1.831055,198.791504,-42.236328
329,-1.074219,0.052734,0.139648,-19.531250,203.979492,-55.725098
330,-1.101562,0.041504,0.042480,-42.724609,213.500977,-66.162109
331,-1.123047,0.025879,-0.098633,-71.716309,255.126953,-88.317871
332,-1.073730,-0.016113,-0.115723,-77.087402,270.019531,-98.632812
333,-1.063965,0.016113,-0.215820,-67.687988,279.479980,-111.145020
334,-1.072266,0.043457,-0.250000,-59.875488,280.883789,-113.769531
335,-1.127930,0.087402,-0.286621,-55.541992,283.569336,-114.135742
336,-1.148926,0.125488,-0.371582,-57.434082,294.555664,-113.098145
337,-1.051758,0.041992,-0.488770,-61.645508,337.280273,-111.572266
338,-0.993652,-0.003906,-0.433594,-50.231934,345.581055,-110.656738
339,-1.024902,-0.096191,-0.358887,-30.151367,320.495605,-109.069824
340,-1.101074,-0.160645,-0.532715,-32.958984,301.330566,-114.379883
341,-1.069336,-0.182617,-0.742676,-27.099609,292.724609,-126.892090
342,-1.038086,-0.284180,-0.870605,9.399414,283.508301,-160.156250
343,-0.985840,-0.224609,-0.836914,14.038086,287.109375,-177.612305
344,-0.952148,-0.204102,-0.812012,8.544922,298.828125,-191.101074
345,-0.903320,-0.204590,-0.775391,4.089355,310.974121,-203.735352
346,-0.841309,-0.258789,-0.892090,-10.437012,319.152832,-226.074219
347,-0.772949,-0.298828,-0.947266,-20.385742,334.045410,-236.511230
348,-0.610352,-0.263672,-0.870117,-36.743164,355.590820,-242.126465
349,-0.340332,-0.152344,-0.554199,-65.307617,377.563477,-244.934082
350,-0.297363,-0.065918,-0.424805,-59.997559,356.872559,-250.549316
351,-0.321777,-0.029785,-0.464844,-35.095215,310.302734,-256.286621
352,-0.316895,0.029785,-0.652832,-3.234863,262.695312,-259.338379
353,-0.184570,0.126953,-0.823242,21.667480,217.102051,-236.206055
354,-0.079102,0.106445,-0.790039,33.325195,204.101562,-209.777832
355,0.062988,0.099121,-0.764160,42.175293,189.514160,-181.091309
356,0.296387,0.068848,-0.758301,52.124023,141.052246,-118.408203
357,0.391113,-0.063965,-0.734863,55.664062,114.074707,-92.224121
358,0.423828,-0.120605,-0.667969,52.246094,81.237793,-76.538086
359,0.395508,-0.188477,-0.670410,47.302246,40.161133,-72.082520
360,0.321777,-0.234863,-0.768555,49.804688,-17.150879,-77.087402
361,0.297363,-0.232422,-0.772461,41.503906,-31.005859,-82.336426
362,0.218750,-0.267090,-0.799316,34.179688,-41.381836,-88.500977
363,0.004883,-0.462891,-1.020996,29.296875,-42.785645,-130.126953
364,0.017090,-0.473145,-1.087402,27.160645,-33.447266,-158.935547
365,0.038086,-0.450195,-1.104492,28.564453,-19.165039,-188.049316
366,0.048828,-0.460449,-1.074219,22.338867,-3.295898,-218.933105
367,0.152344,-0.221680,-0.870117,8.422852,17.822266,-270.874023
368,0.245605,-0.049805,-0.790527,4.943848,10.437012,-278.442383
369,0.285645,0.009766,-0.843750,17.211914,-6.042480,-274.536133
370,0.163086,-0.118652,-1.016113,72.021484,-39.428711,-273.010254
371,0.142578,-0.081543,-1.056152,86.547852,-41.503906,-280.761719
372,0.108887,-0.187500,-1.094727,96.313477,-38.024902,-287.353516
373,0.100586,-0.210449,-1.058594,112.487793,-41.320801,-289.916992
374,0.230957,-0.093262,-0.856934,134.704590,-57.983398,-269.897461
375,0.239746,-0.123535,-0.723145,129.638672,-73.913574,-262.390137
376,0.232422,-0.187500,-0.728027,111.938477,-90.820312,-261.779785
377,0.210449,-0.197266,-0.954102,52.246094,-85.754395,-273.315430
378,0.248047,-0.128906,-1.095703,31.494141,-58.471680,-274.536133
379,0.316406,-0.044434,-1.179688,29.907227,-26.000977,-263.061523
380,0.406250,0.107910,-1.104004,70.312500,26.123047,-219.055176
381,0.440430,0.127930,-1.121094,108.825684,39.855957,-193.847656
382,0.436523,0.043457,-1.103027,150.878906,49.377441,-170.104980
383,0.402832,-0.084961,-1.081543,181.213379,54.809570,-157.165527
384,0.313477,-0.243164,-1.074707,214.111328,72.937012,-165.771484
385,0.346680,-0.166504,-1.130371,227.111816,85.937500,-172.912598
386,0.437012,0.009766,-1.074707,252.502441,115.356445,-160.705566
387,0.504395,0.078613,-0.957520,268.676758,121.276855,-145.263672
388,0.561035,0.095215,-0.842285,286.987305,118.896484,-124.816895
389,0.642578,-0.048828,-0.824219,321.472168,111.145020,-82.092285
390,0.630371,-0.127441,-0.816895,340.576172,113.281250,-65.612793
391,0.570801,-0.216309,-0.780273,360.961914,118.530273,-59.936523
392,0.531738,-0.242676,-0.656738,379.150391,118.896484,-65.246582
393,0.602051,-0.265137,-0.414062,391.540527,80.322266,-53.161621
394,0.623535,-0.331055,-0.417480,396.301270,71.228027,-41.809082
395,0.644531,-0.439941,-0.315430,367.248535,93.139648,-21.789551
396,0.679199,-0.486328,-0.326172,336.975098,113.647461,-13.305664
397,0.706543,-0.502930,-0.331543,309.570312,136.230469,-4.028320
398,0.736328,-0.567383,-0.096680,263.305664,154.968262,24.963379
399,0.729492,-0.620117,0.019043,239.746094,138.610840,41.381836
400,0.688477,-0.663086,0.007324,229.064941,110.534668,56.274414
401,0.661621,-0.656738,-0.019531,235.473633,80.383301,70.556641
402,0.594727,-0.683105,-0.048340,252.197266,33.325195,83.007812
403,0.574707,-0.700195,0.060059,240.112305,36.010742,81.604004
404,0.609863,-0.676270,0.179688,202.758789,53.100586,77.575684
405,0.634277,-0.643066,0.218750,153.503418,79.040527,75.073242
406,0.566406,-0.560547,0.172852,95.764160,139.709473,83.984375
407,0.551270,-0.583008,0.084473,105.407715,168.457031,99.426270
408,0.551270,-0.586426,0.000977,141.296387,190.246582,114.135742
409,0.417480,-0.417480,-0.008789,259.521484,221.374512,162.475586
410,0.288086,-0.332520,0.272461,311.523438,230.224609,193.786621
411,0.160156,-0.346680,0.675293,327.453613,225.341797,221.679688
412,0.161133,-0.640625,1.280762,259.094238,170.288086,238.952637
413,0.158691,-0.714355,1.312012,191.406250,132.995605,231.506348
414,0.177734,-0.699707,1.093262,126.220703,111.938477,226.623535
415,0.183594,-0.502930,0.556641,74.035645,121.337891,236.572266
416,0.109863,-0.396973,0.541504,77.453613,133.544922,252.746582
417,-0.028809,-0.386719,0.750000,79.895020,137.878418,269.287109
418,-0.253906,-0.612305,1.072754,62.805176,112.304688,267.150879
419,-0.302246,-0.680176,1.076172,42.724609,95.458984,247.009277
420,-0.303223,-0.711426,0.956055,17.089844,87.829590,221.923828
421,-0.267090,-0.716309,0.754395,-1.525879,89.477539,199.707031
422,-0.138672,-0.548828,0.392578,7.873535,96.496582,195.251465
423,-0.176758,-0.463867,0.230469,27.770996,116.760254,212.890625
424,-0.266602,-0.393555,0.203125,39.367676,158.508301,227.050781
425,-0.520508,-0.525391,0.757812,8.666992,209.167480,209.960938
426,-0.582520,-0.628906,0.963379,-32.958984,208.557129,181.579590
427,-0.571777,-0.659668,0.979004,-76.660156,201.538086,156.311035
428,-0.517578,-0.542480,0.745605,-127.807617,191.284180,140.197754
429,-0.523438,-0.470703,0.666016,-140.930176,191.284180,152.709961
430,-0.575195,-0.416992,0.686523,-156.433105,188.903809,173.095703
431,-0.639648,-0.377930,0.740234,-182.189941,179.443359,197.021484
432,-0.846680,-0.322754,0.727539,-251.647949,135.742188,245.971680
433,-0.983887,-0.347168,0.453613,-268.310547,106.933594,254.821777
434,-1.046875,-0.406738,0.020508,-181.884766,124.694824,234.802246
435,-0.984863,-0.487305,-0.285156,-98.022461,145.446777,218.383789
436,-0.924316,-0.448730,-0.179199,-14.221191,158.325195,210.021973
437,-0.947754,-0.364258,0.063965,39.855957,167.236328,209.716797
438,-1.120605,-0.376953,0.362305,3.784180,186.645508,207.641602
439,-1.129395,-0.392090,0.395508,-45.715332,199.279785,202.148438
440,-1.130371,-0.392578,0.150391,-154.602051,223.632812,190.002441
441,-1.117676,-0.365723,-0.067871,-195.556641,239.807129,179.382324
442,-1.136230,-0.356445,-0.278320,-220.825195,260.620117,167.114258
443,-1.198242,-0.384277,-0.410156,-223.815918,288.940430,131.347656
444,-1.229980,-0.362793,-0.458984,-214.843750,287.719727,105.346680
445,-1.249512,-0.296387,-0.597168,-199.645996,286.560059,77.392578
446,-1.230469,-0.201660,-0.807129,-102.355957,274.108887,23.925781
447,-1.184570,-0.166992,-0.757812,-33.752441,257.629395,0.305176
448,-1.114746,-0.138672,-0.615234,11.840820,241.455078,-21.484375
449,-1.044434,-0.134277,-0.557129,25.024414,217.529297,-55.175781
450,-1.071777,-0.188477,-0.593262,17.395020,215.209961,-67.810059
451,-1.132324,-0.282227,-0.556152,6.408691,217.956543,-82.092285
452,-1.097168,-0.301270,-0.511719,-43.579102,231.384277,-121.215820
453,-1.060547,-0.284668,-0.517578,-61.035156,233.947754,-136.474609
454,-1.007324,-0.252930,-0.508789,-73.303223,230.102539,-154.357910
455,-0.957031,-0.230469,-0.812012,-87.951660,209.411621,-180.969238
456,-0.999023,-0.253906,-0.911621,-83.007812,207.458496,-190.551758
457,-0.979004,-0.217285,-0.871094,-83.068848,214.538574,-200.134277
458,-0.698242,-0.085938,-0.722168,-105.957031,234.924316,-201.416016
459,-0.599121,-0.091309,-0.666016,-115.356445,240.783691,-194.946289
460,-0.540527,-0.116211,-0.603027,-115.966797,237.304688,-190.917969
461,-0.613281,-0.303711,-0.730469,-77.270508,201.660156,-202.270508
462,-0.615723,-0.394043,-0.798828,-44.250488,178.161621,-221.557617
463,-0.447266,-0.304688,-0.766113,-22.277832,152.282715,-266.845703
464,-0.373047,-0.194824,-0.692383,-36.743164,148.071289,-282.531738
465,-0.282715,-0.011230,-0.640137,-60.424805,146.118164,-287.475586
466,-0.181641,0.153320,-0.683594,-90.148926,144.714355,-275.207520
467,-0.155273,0.148438,-0.825684,-92.285156,142.395020,-229.797363
468,-0.177734,0.002930,-0.943848,-68.786621,140.625000,-218.139648
469,-0.124023,0.040527,-0.808594,-54.443359,135.681152,-209.289551
470,-0.074707,0.043457,-0.813477,-35.827637,116.882324,-201.232910
471,-0.067383,0.056641,-0.870117,-10.131836,102.966309,-192.321777
472,-0.057129,0.032715,-0.767578,5.432129,85.510254,-179.077148
473,0.044922,-0.120605,-0.958496,45.532227,40.649414,-168.945312
474,0.120117,-0.113281,-1.111328,88.989258,13.793945,-176.147461
475,0.094238,-0.109863,-1.152832,130.493164,-9.460449,-194.580078
476,-0.156738,-0.103027,-1.063477,181.701660,-34.729004,-250.732422
477,-0.192383,-0.118164,-1.033203,186.401367,-30.822754,-270.446777
478,-0.085938,-0.192871,-0.932129,150.085449,3.662109,-279.357910
479,0.031738,-0.227539,-0.877441,113.403320,25.451660,-276.245117
480,0.159180,-0.228027,-0.838379,80.688477,42.175293,-265.563965
481,0.297363,-0.110352,-0.891602,69.152832,45.104980,-225.219727
482,0.322266,-0.024902,-0.963867,103.576660,29.785156,-194.763184
483,0.363770,0.054688,-1.061035,167.236328,9.155273,-157.653809
484,0.398438,0.125488,-0.952637,246.337891,-17.822266,-112.609863
485,0.484863,-0.016113,-0.996582,341.125488,-55.969238,-33.752441
486,0.427246,-0.094727,-0.938965,360.839844,-64.208984,-0.244141
487,0.340332,-0.295898,-0.893555,370.300293,-69.702148,48.461914
488,0.334473,-0.430176,-0.791504,376.342773,-65.795898,67.016602
489,0.137207,-0.615723,-0.347168,398.620605,-81.176758,81.604004
490,-0.021484,-0.782227,-0.362305,434.448242,-107.482910,87.829590
491,-0.100098,-0.867676,-0.342285,515.014648,-168.334961,56.823730
492,-0.150879,-0.929688,-0.364258,554.382324,-192.016602,26.489258
493,-0.091309,-0.979492,-0.339844,596.801758,-205.932617,-4.638672
494,0.012207,-1.091797,-0.323730,615.722656,-199.951172,-24.230957
495,0.033691,-1.069824,-0.212891,567.138672,-176.696777,-31.372070
496,0.159180,-0.902832,-0.066895,476.318359,-142.517090,-34.912109
497,0.303223,-0.746582,0.116699,186.645508,-28.625488,-23.315430
498,0.149414,-0.898926,0.139160,73.608398,22.155762,-18.432617
499,-0.007324,-1.047852,0.114746,23.559570,46.386719,-22.460938
500,0.094727,-0.993164,-0.113770,81.787109,49.194336,-24.841309
501,0.154297,-0.852539,-0.152344,140.625000,46.386719,-11.108398
502,0.134277,-0.685547,-0.158203,194.152832,45.288086,8.544922
503,0.029297,-0.507812,-0.140137,257.263184,70.739746,45.532227
504,-0.056641,-0.589355,-0.059570,268.371582,97.595215,56.274414
505,-0.138672,-0.743652,0.080566,266.601562,132.141113,55.480957
506,-0.097656,-0.810059,0.598633,221.496582,197.814941,50.659180
507,-0.035645,-0.729004,0.751953,163.269043,216.064453,60.913086
508,0.011230,-0.590820,0.739258,96.374512,221.679688,86.975098
509,-0.002441,-0.313965,0.252441,18.676758,239.685059,170.227051
510,-0.136719,-0.241699,0.141602,35.583496,264.892578,213.134766
511,-0.345703,-0.182617,0.463867,65.795898,280.700684,246.032715
512,-0.587402,-0.332520,0.922852,81.176758,254.516602,260.742188
513,-0.880859,-1.023926,1.526855,62.011719,135.314941,208.740234
514,-0.841797,-1.143066,1.350098,28.564453,75.256348,159.851074
515,-0.712402,-1.031250,1.002441,8.422852,37.231445,123.107910
516,-0.465820,-0.698242,0.497559,16.906738,7.446289,107.727051
517,-0.406738,-0.549805,0.349609,25.634766,13.000488,127.502441
518,-0.437988,-0.449219,0.272461,27.709961,37.231445,156.250000
519,-0.658691,-0.426270,0.471191,-18.493652,102.233887,204.284668
520,-0.691895,-0.441895,0.653320,-53.894043,117.919922,217.712402
521,-0.724609,-0.462891,0.765625,-78.491211,110.290527,227.661133
522,-0.854492,-0.541504,0.690918,-88.134766,55.053711,229.919434
523,-0.966309,-0.603027,0.733398,-70.373535,22.888184,218.444824
524,-1.243652,-0.813477,0.781250,-43.823242,-13.305664,197.509766
525,-1.640137,-1.399414,0.492676,29.724121,-75.561523,94.238281
526,-1.390137,-1.225586,0.406738,75.866699,-92.285156,35.705566
527,-1.057129,-0.924316,0.440430,125.183105,-107.421875,-3.417969
528,-0.724121,-0.604980,0.575684,174.316406,-135.314941,-18.371582
529,-0.516113,-0.104004,0.648926,271.057129,-219.116211,21.972656
530,-0.510254,0.074707,0.568359,304.565430,-240.112305,61.157227
531,-0.467285,0.019043,0.562988,317.749023,-231.262207,95.031738
532,-0.480957,-0.125488,0.486816,305.664062,-195.373535,109.985352
533,-0.408691,-0.126465,0.258301,301.086426,-109.985352,102.966309
534,-0.460938,-0.103516,0.350098,320.922852,-92.224121,85.327148
535,-0.683105,-0.211426,1.018555,303.649902,-94.360352,21.362305
536,-0.774414,-0.238281,1.138184,267.089844,-104.492188,-20.019531
537,-0.801270,-0.130371,0.965332,241.027832,-118.347168,-57.800293
538,-0.589355,0.000000,0.654785,239.440918,-118.713379,-92.102051
539,-0.465332,0.160645,0.725586,184.448242,-65.795898,-92.956543
540,-0.507324,0.268066,0.712402,111.022949,-3.784180,-83.496094
541,-0.501465,0.269531,0.698242,98.266602,10.314941,-66.650391
542,-0.462402,0.286621,0.756836,130.676270,-21.118164,-60.058594
543,-0.471191,0.259277,0.829102,161.132812,-46.508789,-51.940918
544,-0.499023,0.223145,0.918945,196.960449,-53.222656,-48.095703
545,-0.441406,0.302734,0.957031,208.435059,-51.269531,-43.884277
546,-0.404297,0.384766,0.846191,222.717285,-54.565430,-32.958984
547,-0.390137,0.418945,0.775879,233.093262,-55.114746,-18.371582
548,-0.432617,0.354492,0.612305,226.684570,-42.480469,-1.281738
549,-0.553223,0.390625,0.531250,186.279297,-39.001465,-22.766113
550,-0.562500,0.445312,0.405762,154.785156,-9.460449,-29.724121
551,-0.499512,0.498047,0.703125,106.506348,13.488770,-25.268555
552,-0.449219,0.566895,0.869141,85.693359,1.220703,-12.695312
553,-0.442383,0.587402,1.020996,67.871094,-23.864746,6.469727
554,-0.410645,0.567383,1.136719,215.454102,-120.300293,32.104492
555,-0.482910,0.690918,1.201172,202.941895,-122.924805,63.232422
556,-0.516602,0.541016,0.869629,142.395020,-84.289551,79.528809
557,-0.216797,0.586914,0.753418,88.745117,-29.663086,21.484375
558,-0.564941,0.574219,0.803223,75.561523,-96.801758,-19.897461
559,-0.419434,0.613770,0.712402,-6.469727,-73.791504,-10.192871
560,-0.404297,0.584961,0.729492,5.004883,-69.030762,-1.159668
561,-0.452148,0.568359,0.823242,17.578125,-79.223633,2.258301
562,-0.291016,0.723633,0.559570,92.773438,-109.802246,28.625488
563,-0.308105,0.723633,0.488281,137.207031,-93.383789,54.443359
564,-0.359375,0.746582,0.520996,183.349609,-82.092285,69.885254
565,-0.402344,0.792969,0.589355,254.333496,-81.298828,71.411133
566,-0.378418,0.798828,0.535156,278.991699,-87.036133,65.063477
567,-0.330078,0.803223,0.408203,299.499512,-93.811035,53.161621
568,-0.180664,0.868164,0.025391,307.006836,-37.414551,27.221680
569,-0.232910,0.839844,0.332031,335.266113,-36.071777,13.183594
570,-0.201172,0.895508,0.289551,375.366211,-63.903809,7.873535
571,-0.130371,0.981934,0.360840,412.719727,-98.815918,3.417969
572,-0.077148,0.967773,0.265625,426.208496,-122.375488,3.662109
573,-0.177734,0.789551,0.242676,398.803711,-127.136230,-11.779785
574,-0.185547,0.811035,0.234375,345.703125,-110.229492,-28.503418
575,-0.182617,0.840332,0.225098,270.324707,-91.369629,-45.593262
576,-0.162109,0.901367,0.166992,191.711426,-76.904297,-58.349609
577,-0.153320,0.957031,-0.170410,124.694824,-65.673828,-60.546875
578,-0.164062,0.942871,-0.305664,138.671875,-57.678223,-52.673340
579,-0.157715,0.889648,-0.474121,176.391602,-49.316406,-41.137695
580,-0.207520,0.836426,-0.708496,304.443359,-22.094727,-18.249512
581,-0.264648,0.788086,-0.699707,348.999023,0.793457,-15.014648
582,-0.285645,0.814453,-0.384277,320.251465,54.443359,-35.095215
583,-0.267090,0.838867,-0.112793,245.056152,44.677734,-54.504395
584,-0.209473,0.874023,-0.084961,158.569336,18.554688,-68.786621
585,-0.107910,0.987305,-0.308594,93.139648,-0.488281,-63.110352
586,-0.154785,1.044922,-1.315430,102.966309,43.701172,-14.648438
587,-0.280273,0.978516,-1.035156,137.512207,87.341309,-1.403809
588,-0.362305,1.008789,-0.633301,133.300781,94.909668,3.906250
589,-0.422363,0.922852,-0.494141,84.228516,31.494141,-9.277344
590,-0.344238,0.927734,-0.791016,95.092773,24.169922,-1.159668
591,-0.362305,0.756836,-0.965332,120.300293,27.832031,6.530762
592,-0.281738,0.771484,-0.875000,143.310547,47.302246,19.836426
593,-0.170898,0.702148,-0.780273,137.817383,46.752930,29.663086
594,-0.116211,0.633301,-0.743164,133.728027,44.372559,34.362793
595,-0.144531,0.646484,-0.761719,132.568359,39.733887,29.907227
596,-0.230957,0.734375,-0.894531,164.794922,21.301270,1.403809
597,-0.220215,0.708496,-0.890625,199.584961,-8.056641,-21.240234
598,-0.082520,0.646973,-1.018555,376.647949,-43.457031,-27.160645
599,0.060547,0.553223,-0.979980,442.138672,-50.842285,-12.023926
600,0.090820,0.598633,-0.732910,497.131348,-83.740234,24.841309
601,-0.054199,0.393066,-1.156738,530.395508,-107.421875,57.739258
602,-0.174316,0.289062,-0.925781,507.934570,20.324707,43.518066
603,-0.577637,0.113281,-0.945312,417.053223,135.498047,15.258789
604,-0.743652,0.107422,-0.249023,445.739746,94.177246,-9.582520
605,-0.486816,-0.257324,-0.239746,277.221680,-204.284668,-21.179199
606,-0.278320,-0.199219,-0.772461,226.623535,-251.342773,33.874512
607,-0.316406,-0.426758,-1.304199,221.435547,-215.942383,81.115723
608,-0.220703,-0.482422,-1.318359,226.318359,-131.286621,94.299316
609,-0.286621,-0.558105,-1.142090,206.420898,-55.847168,95.520020
610,-0.328125,-0.385742,-0.845703,203.247070,-5.493164,67.138672
611,-0.187012,-0.090332,-0.612305,194.702148,16.540527,73.364258
612,-0.490723,-0.463867,-0.599121,148.254395,31.616211,87.402344
613,-0.648438,-0.547852,-0.513672,165.283203,17.395020,69.335938
614,-0.779297,-0.548828,-0.428223,153.381348,11.108398,41.503906
615,-0.681641,-0.402832,-0.323242,53.588867,14.282227,-15.502930
616,-0.557129,-0.347168,-0.388184,0.061035,11.596680,-30.944824
617,-0.504883,-0.331543,-0.538086,-53.833008,22.583008,-34.606934
618,-0.541504,-0.487793,-0.754395,-64.270020,46.020508,-44.006348
619,-0.502441,-0.486816,-0.559570,-64.147949,86.486816,-86.669922
620,0.306152,-0.068848,-2.043945,145.141602,38.330078,-57.434082
621,-0.093750,-0.533203,-1.475098,260.559082,34.729004,-19.104004
622,-0.297852,-0.798340,-0.471680,189.514160,9.155273,-42.175293
623,-0.191895,-0.659668,-0.890625,174.194336,1.220703,-24.291992
624,-0.346680,-0.690430,-1.130859,224.731445,10.742188,-22.094727
625,-0.608398,-0.710449,-1.178223,295.715332,19.165039,-52.124023
626,-0.581543,-0.731445,-0.976562,391.235352,-2.380371,-117.919922
627,-0.425781,-0.784668,-0.774902,415.405273,-20.080566,-124.084473
628,-0.204590,-0.749023,-0.366699,451.538086,-42.358398,-95.092773
629,-0.176270,-0.730957,-0.249023,425.109863,-34.912109,-73.242188
630,-0.199219,-0.750977,-0.299316,390.991211,-6.408691,-56.701660
631,-0.138184,-0.628906,-0.320312,399.475098,16.662598,-58.532715
632,0.031738,-0.402832,-0.470703,441.589355,40.405273,-47.363281
633,0.147949,-0.325684,-0.564941,503.479004,77.880859,-24.597168
634,-0.070801,-0.979980,0.191895,458.984375,159.118652,-43.518066
635,-0.229004,-0.999512,0.773926,386.291504,140.136719,-91.003418
636,-0.141602,-0.629395,1.157227,202.758789,-36.010742,-95.031738
637,-0.058105,-0.655762,0.857422,101.074219,-72.753906,-64.086914
638,-0.088867,-0.813477,0.610352,31.005859,-81.970215,-43.701172
639,-0.284668,-1.099121,0.205078,13.427734,-82.885742,-57.434082
640,-0.261719,-1.130859,0.190430,38.574219,-70.556641,-88.012695
641,-0.212891,-1.046875,0.054688,86.181641,-48.767090,-115.905762
642,-0.194336,-0.916992,-0.113770,177.368164,-21.057129,-141.357422
643,-0.074219,-0.612305,0.170410,356.506348,33.508301,-163.146973
644,0.114746,-0.421387,0.469238,399.414062,47.058105,-155.090332
645,0.371582,-0.265625,1.083496,321.166992,64.208984,-84.533691
646,0.214355,-0.261719,1.164062,264.404297,48.400879,-47.607422
647,-0.070312,-0.626465,1.089844,164.245605,40.161133,-22.949219
648,0.018555,-0.763184,1.155762,96.557617,14.892578,-21.179199
649,0.064453,-0.846191,0.821777,40.161133,-11.596680,-26.000977
650,-0.025879,-0.886230,0.796875,44.189453,-16.662598,-34.790039
651,-0.019043,-0.876465,0.889648,66.162109,-28.259277,-74.707031
652,0.000000,-0.787598,0.816406,84.228516,-32.531738,-96.679688
653,0.020508,-0.654785,0.731934,106.567383,-28.686523,-116.516113
654,0.088379,-0.473145,0.692871,120.910645,-15.991211,-126.098633
655,0.156250,-0.322266,0.727051,124.816895,-5.493164,-123.291016
656,0.242676,-0.281738,0.903809,104.431152,-3.356934,-104.980469
657,0.241211,-0.324707,1.012695,79.406738,-8.789062,-97.229004
658,0.218750,-0.392090,1.021973,47.302246,-10.314941,-91.857910
659,0.179199,-0.415039,1.054199,-11.657715,4.150391,-81.787109
660,0.122070,-0.436523,1.102539,-40.222168,6.225586,-76.660156
661,0.087402,-0.483398,1.124512,-62.316895,-4.455566,-77.697754
662,0.092773,-0.604492,0.938965,-61.462402,-44.189453,-101.928711
663,0.107910,-0.658691,0.865234,-46.813965,-61.767578,-119.689941
664,0.113281,-0.711914,0.833496,-29.663086,-78.186035,-144.714355
665,0.124023,-0.645996,0.795410,-20.446777,-91.674805,-172.241211
666,0.174316,-0.502930,0.718262,-15.380859,-83.923340,-197.875977
667,0.297363,-0.315430,0.571777,-1.220703,-70.495605,-196.411133
668,0.327637,-0.285156,0.552246,23.376465,-58.044434,-190.612793
669,0.442383,-0.187012,0.729980,63.171387,-41.137695,-168.090820
670,0.465820,-0.123047,0.878906,59.143066,-44.372559,-155.761719
671,0.464355,-0.053711,1.041016,32.836914,-54.626465,-143.981934
672,0.416504,-0.084473,1.123535,-6.713867,-72.265625,-132.507324
673,0.346191,-0.331055,0.974609,-60.058594,-121.276855,-131.164551
674,0.444824,-0.373047,0.752441,-58.349609,-128.234863,-125.244141
675,0.775879,-0.288574,0.441895,-15.563965,-99.487305,-91.857910
676,0.946289,-0.145020,0.452637,6.958008,-76.660156,-67.260742
677,0.951660,-0.174805,0.523438,16.540527,-49.377441,-39.733887
678,0.807617,-0.351074,0.559082,23.193359,-21.667480,-23.742676
679,0.668457,-0.343750,0.590332,21.179199,44.250488,-8.239746
680,0.692383,-0.325684,0.646973,33.630371,72.448730,9.094238
681,0.637695,-0.378418,0.786133,32.958984,81.359863,21.789551
682,0.515625,-0.349609,0.742676,28.198242,87.036133,22.827148
683,0.486328,-0.311523,0.812988,22.460938,93.994141,16.052246
684,0.420898,-0.480469,0.880859,33.081055,89.782715,-4.455566
685,0.486816,-0.135254,0.901367,5.798340,93.261719,-11.413574
686,0.527832,-0.045898,0.891113,-26.367188,99.670410,0.732422
687,0.569824,-0.031250,0.912598,-62.561035,103.759766,21.606445
688,0.613770,-0.144531,0.938477,-130.676270,99.548340,70.312500
689,0.592773,-0.251953,0.964844,-147.766113,90.576172,92.590332
690,0.537598,-0.364258,1.060547,-156.494141,70.861816,107.604980
691,0.408691,-0.442383,1.006348,-159.362793,12.329102,109.924316
692,0.346191,-0.421875,0.902832,-152.221680,-12.145996,105.651855
693,0.301270,-0.428711,0.799316,-148.742676,-28.503418,100.463867
694,0.268066,-0.437500,0.628418,-147.033691,-30.456543,93.444824
695,0.292969,-0.462402,0.673828,-142.761230,-24.047852,95.642090
696,0.351074,-0.502441,0.812012,-143.371582,-22.949219,102.783203
697,0.401855,-0.537109,0.935547,-179.321289,-34.667969,121.398926
698,0.377930,-0.527344,0.934570,-209.716797,-41.320801,131.652832
699,0.333984,-0.527832,0.894531,-240.600586,-49.987793,140.380859
700,0.266602,-0.533691,0.847168,-266.357422,-63.598633,146.972656
701,0.190918,-0.540039,0.687012,-308.593750,-91.247559,156.982422
702,0.193848,-0.638184,0.528809,-328.308105,-119.323730,158.874512
703,0.208008,-0.669434,0.409668,-332.275391,-130.676270,158.142090
704,0.197266,-0.698730,0.267578,-336.059570,-134.094238,160.644531
705,0.089355,-0.848145,0.039062,-317.443848,-119.567871,159.118652
706,0.036133,-0.924805,-0.021484,-297.058105,-107.604980,150.146484
707,-0.060547,-0.981934,-0.150391,-247.497559,-91.918945,122.985840
708,-0.099121,-1.004395,-0.167969,-219.848633,-92.102051,105.590820
709,-0.106934,-1.019531,-0.161133,-202.148438,-94.482422,92.773438
710,-0.080566,-1.026367,-0.174805,-192.138672,-95.275879,87.890625
711,-0.043457,-0.999023,-0.155273,-196.533203,-85.388184,98.571777
712,-0.020020,-1.050293,-0.128906,-213.378906,-76.965332,106.689453
713,-0.028809,-1.191895,-0.167480,-231.323242,-70.312500,101.318359
714,-0.129883,-1.170898,-0.355469,-277.404785,-52.795410,46.081543
715,-0.169434,-1.045410,-0.443848,-287.292480,-46.203613,21.057129
716,-0.145020,-0.891602,-0.492676,-291.564941,-38.452148,4.638672
717,-0.048828,-0.653809,-0.480469,-302.612305,-15.502930,-4.943848
718,-0.038574,-0.622070,-0.480469,-308.837891,-8.117676,-5.065918
719,-0.053223,-0.585938,-0.473633,-314.453125,-6.958008,-5.615234
720,-0.079102,-0.605957,-0.519043,-323.181152,-9.277344,-9.704590
721,-0.142090,-0.575195,-0.751465,-342.651367,-14.221191,-30.883789
722,-0.170898,-0.523438,-0.807617,-337.768555,-20.385742,-38.330078
723,-0.044922,-0.417480,-0.790527,-317.626953,-48.217773,-43.029785
724,-0.092285,-0.416016,-0.742188,-306.091309,-42.053223,-36.254883
725,-0.116699,-0.341797,-0.833496,-314.086914,-34.912109,-35.705566
726,-0.073730,-0.326172,-1.040527,-312.805176,-9.582520,-34.729004
727,-0.087891,-0.305176,-1.115234,-264.587402,31.188965,-47.058105
728,-0.083496,-0.240723,-1.112305,-225.158691,26.489258,-57.250977
729,-0.051270,-0.129395,-1.121094,-189.758301,14.221191,-59.570312
730,-0.013184,-0.086426,-1.141113,-159.179688,0.732422,-61.584473
731,-0.012207,-0.083496,-1.125977,-155.456543,-1.525879,-65.856934
732,-0.005371,-0.075684,-1.077637,-152.099609,0.915527,-67.199707
733,-0.040527,-0.009277,-1.009766,-133.972168,18.249512,-71.777344
734,-0.011230,0.014648,-0.998535,-118.713379,30.029297,-68.420410
735,-0.001465,0.001953,-0.971680,-110.534668,37.719727,-61.584473
736,-0.001465,-0.016602,-1.004883,-101.135254,38.940430,-56.335449
737,-0.019531,-0.005859,-1.164062,-33.386230,37.902832,-51.818848
738,-0.034668,0.074219,-1.208496,16.845703,40.283203,-48.278809
739,-0.016602,0.062012,-1.221191,61.218262,43.212891,-41.137695
740,-0.065918,-0.044922,-1.031250,113.830566,46.142578,-40.527344
741,-0.072266,-0.091309,-0.940918,115.539551,44.433594,-52.185059
742,-0.052246,-0.094238,-0.901855,102.966309,43.884277,-65.490723
743,-0.015137,-0.079590,-0.895508,80.993652,45.227051,-77.514648
744,0.040039,-0.061035,-0.934082,57.067871,50.109863,-85.327148
745,0.053223,-0.133301,-1.162598,34.729004,73.852539,-97.656250
746,0.041992,-0.164062,-1.263672,57.556152,88.073730,-108.642578
747,0.122559,-0.129883,-1.295898,138.427734,112.304688,-117.004395
748,0.203613,-0.086914,-1.299805,182.617188,122.009277,-108.947754
749,0.249023,-0.080078,-1.289062,218.994141,136.962891,-96.069336
750,0.240723,-0.206543,-1.241699,265.319824,184.753418,-82.641602
751,0.219727,-0.286621,-1.138184,284.118652,209.533691,-89.050293
752,0.189453,-0.361816,-0.945312,299.865723,222.473145,-106.689453
753,0.249023,-0.357422,-0.601074,317.932129,207.946777,-146.911621
754,0.325684,-0.269531,-0.542480,321.411133,187.133789,-156.188965
755,0.445312,-0.126465,-0.579102,315.979004,169.128418,-149.536133
756,0.612793,0.027344,-0.696777,302.429199,157.836914,-110.717773
757,0.634766,-0.049805,-1.047363,337.951660,157.592773,5.432129
758,0.602051,-0.154785,-0.985352,359.252930,179.992676,49.438477
759,0.517090,-0.303223,-0.821289,370.910645,208.862305,77.026367
760,0.431152,-0.531250,-0.411621,375.854492,243.530273,87.158203
761,0.477539,-0.540527,-0.271973,370.239258,243.835449,89.965820
762,0.510742,-0.498047,-0.166504,364.074707,239.257812,100.769043
763,0.373047,-0.440918,0.035156,368.957520,226.684570,128.845215
764,0.317871,-0.475098,0.190430,370.117188,217.834473,135.742188
765,0.297852,-0.539062,0.339844,371.643066,202.392578,139.160156
766,0.344727,-0.619141,0.451172,414.184570,113.281250,148.254395
767,0.334961,-0.602051,0.406738,450.683594,59.692383,146.362305
768,0.266602,-0.606445,0.382324,468.078613,33.325195,138.122559
769,0.199219,-0.598145,0.563965,388.366699,95.642090,99.182129
770,0.165527,-0.603027,0.742676,304.565430,143.188477,76.782227
771,0.110840,-0.614746,1.004395,221.252441,168.518066,55.969238
772,0.173340,-0.557617,1.182617,70.495605,171.997070,32.531738
773,0.217285,-0.574707,1.159668,31.921387,159.362793,36.010742
774,0.232422,-0.662598,1.181641,13.000488,138.183594,41.015625
775,0.223633,-0.749512,1.086426,5.981445,112.426758,40.100098
776,0.193359,-0.759277,0.763184,2.807617,90.270996,19.165039
777,0.168945,-0.675293,0.644043,-8.544922,114.501953,0.915527
778,0.183105,-0.610352,0.676758,-19.775391,130.798340,1.220703
779,0.203613,-0.537109,0.800781,-41.198730,144.042969,12.329102
780,0.205566,-0.505371,0.956543,-81.298828,146.240234,31.982422
781,0.094727,-0.614746,1.002930,-177.978516,127.929688,67.749023
782,0.034180,-0.700684,0.884277,-208.190918,113.037109,73.486328
783,0.010742,-0.770508,0.720215,-221.679688,99.792480,71.594238
784,-0.011230,-0.833008,0.549316,-212.585449,90.270996,58.166504
785,-0.042969,-0.812988,0.585938,-205.627441,85.693359,55.114746
786,-0.053711,-0.789551,0.640625,-209.289551,73.486328,55.480957
787,-0.029297,-0.754395,0.597656,-235.778809,42.358398,68.237305
788,-0.085938,-0.776855,0.561035,-253.662109,27.099609,80.383301
789,-0.188965,-0.849121,0.548828,-274.230957,12.084961,88.745117
790,-0.259766,-0.930176,0.490234,-296.691895,-2.258301,89.660645
791,-0.312012,-1.027832,0.328613,-342.712402,-21.667480,69.335938
792,-0.325684,-1.045898,0.249512,-355.163574,-30.517578,53.100586
793,-0.345215,-1.054688,0.190918,-352.722168,-42.968750,33.813477
794,-0.289551,-1.051758,0.014160,-298.461914,-79.711914,1.464844
795,-0.227539,-1.017090,-0.114258,-260.070801,-93.627930,-6.652832
796,-0.174316,-0.971191,-0.194824,-225.830078,-97.229004,-7.507324
797,-0.191406,-0.972656,-0.187988,-190.124512,-86.669922,-8.422852
798,-0.213867,-0.933105,-0.149902,-195.861816,-79.833984,-14.282227
799,-0.200684,-0.889160,-0.154785,-208.251953,-75.134277,-21.728516
800,-0.204102,-0.936523,-0.264160,-227.111816,-64.270020,-37.170410
801,-0.210449,-1.035156,-0.321777,-238.830566,-55.664062,-51.208496
802,-0.227051,-1.134277,-0.417480,-253.845215,-46.813965,-75.988770
803,-0.207031,-1.060547,-0.568848,-288.940430,-23.681641,-132.812500
804,-0.189941,-0.972656,-0.682129,-286.499023,-12.695312,-153.686523
805,-0.172363,-0.896484,-0.762207,-260.986328,-2.075195,-168.579102
806,-0.168945,-0.812988,-0.760742,-231.506348,11.352539,-184.020996
807,-0.168457,-0.820801,-0.685059,-170.898438,36.437988,-217.895508
808,-0.148926,-0.813965,-0.619141,-153.686523,42.663574,-236.694336
809,-0.096680,-0.777832,-0.612793,-149.047852,45.593262,-254.089355
810,-0.038574,-0.717285,-0.647461,-149.353027,48.034668,-267.272949
811,0.069824,-0.564453,-0.702637,-134.826660,50.476074,-278.869629
812,0.098145,-0.508301,-0.729492,-114.746094,49.621582,-277.343750
813,0.126465,-0.536621,-0.762207,-84.838867,45.715332,-273.193359
814,0.202148,-0.649902,-0.791016,-14.648438,35.644531,-279.357910
815,0.237305,-0.639648,-0.777344,14.099121,33.447266,-290.039062
816,0.256348,-0.592773,-0.761719,31.372070,35.644531,-301.086426
817,0.265625,-0.454590,-0.760742,39.978027,49.926758,-316.894531
818,0.317871,-0.362305,-0.742676,46.691895,55.053711,-317.199707
819,0.437500,-0.211914,-0.742676,56.579590,58.044434,-308.227539
820,0.541992,-0.056641,-0.763672,64.636230,77.941895,-251.159668
821,0.681152,-0.002930,-0.751465,74.096680,90.148926,-211.914062
822,0.712402,-0.059082,-0.761719,89.477539,99.548340,-177.917480
823,0.657227,-0.179688,-0.759277,147.583008,98.999023,-136.413574
824,0.668945,-0.187500,-0.731445,170.898438,101.196289,-121.704102
825,0.697754,-0.212402,-0.667969,188.049316,108.276367,-105.957031
826,0.738281,-0.309082,-0.426758,188.842773,109.008789,-86.791992
827,0.742188,-0.366699,-0.345215,169.860840,102.416992,-87.036133
828,0.729492,-0.400879,-0.302246,143.005371,96.801758,-92.834473
829,0.711914,-0.408691,-0.326172,115.783691,98.388672,-98.571777
830,0.684570,-0.401367,-0.384766,77.453613,130.554199,-107.055664
831,0.743652,-0.334961,-0.350586,68.664551,146.057129,-105.163574
832,0.809082,-0.281738,-0.290527,67.687988,145.629883,-97.473145
833,0.948242,-0.174805,-0.198730,81.054688,82.702637,-57.189941
834,0.982910,-0.108887,-0.184570,86.608887,31.188965,-13.122559
835,0.998047,-0.104492,-0.215820,87.890625,-14.709473,37.658691
836,1.061523,-0.169434,-0.336426,70.983887,-47.912598,137.939453
837,1.072754,-0.139648,-0.363281,59.509277,-43.334961,188.964844
838,1.077637,-0.134277,-0.397461,59.631348,-37.475586,241.271973
839,1.091797,-0.266602,-0.450684,97.045898,-26.000977,336.608887
840,1.075684,-0.335938,-0.395508,126.647949,-11.657715,380.371094
841,0.969238,-0.400879,-0.365234,150.817871,13.671875,423.706055
842,0.786133,-0.440918,-0.389648,172.912598,53.100586,459.960938
843,0.315430,-0.529297,-0.339355,201.721191,148.315430,497.314453
844,0.101562,-0.529785,-0.327148,202.453613,202.392578,497.741699
845,-0.125488,-0.569336,-0.268555,203.430176,252.502441,489.440918
846,-0.357422,-0.612793,-0.126953,204.406738,286.865234,471.984863
847,-0.626465,-0.972656,0.564453,187.133789,265.075684,396.118164
848,-0.579590,-1.195801,0.909180,147.644043,201.721191,330.993652
849,-0.287598,-1.265137,1.034180,13.977051,39.611816,189.331055
850,-0.125977,-1.168457,0.742676,-61.218262,-15.197754,134.887695
851,0.013672,-1.028320,0.359863,-120.544434,-39.611816,104.614258
852,0.110352,-0.812500,-0.177734,-163.574219,-25.268555,121.154785
853,0.066406,-0.735352,-0.253906,-149.658203,-6.835938,151.733398
854,-0.018066,-0.666016,-0.242676,-124.633789,10.864258,186.096191
855,-0.102539,-0.595215,-0.235352,-94.543457,28.564453,221.435547
856,-0.275879,-0.588867,-0.068359,-7.385254,46.813965,296.691895
857,-0.451172,-0.751953,0.060547,27.832031,45.532227,315.490723
858,-0.566895,-0.894531,0.137207,45.471191,40.710449,314.331055
859,-0.710449,-1.026367,0.238281,31.982422,25.024414,278.686523
860,-0.739258,-1.054688,0.179199,7.873535,19.348145,253.234863
861,-0.738281,-1.056152,0.078613,-15.991211,18.981934,228.698730
862,-0.699707,-0.961914,-0.108887,-42.846680,35.522461,189.147949
863,-0.731934,-0.935547,-0.170410,-37.780762,41.198730,176.635742
864,-0.757324,-0.909180,-0.151855,-19.714355,39.367676,162.841797
865,-0.767090,-0.876953,-0.114258,17.517090,14.709473,131.103516
866,-0.677734,-0.740234,-0.038574,29.907227,3.662109,117.492676
867,-0.647949,-0.682129,0.001953,38.757324,-5.065918,107.604980
868,-0.658691,-0.668457,0.009766,42.907715,-10.803223,99.548340
869,-0.727539,-0.719238,-0.008301,35.949707,-10.131836,80.688477
870,-0.799316,-0.804199,-0.006836,29.479980,-5.859375,66.589355
871,-0.895020,-0.917969,-0.001465,19.958496,-0.854492,46.386719
872,-1.050293,-1.092285,-0.099121,-5.432129,3.173828,-1.464844
873,-1.083984,-1.119629,-0.127441,-25.817871,9.765625,-35.888672
874,-1.029785,-1.074707,-0.107422,-46.447754,19.775391,-76.354980
875,-0.961914,-0.971680,0.035645,-46.875000,15.380859,-154.907227
876,-0.940430,-0.980957,0.120117,-45.166016,1.892090,-190.307617
877,-0.909668,-0.990234,0.148438,-50.720215,-12.207031,-220.703125
878,-0.825195,-0.981445,0.017090,-65.673828,-27.160645,-268.066406
879,-0.820801,-1.027344,-0.072754,-60.852051,-29.296875,-289.733887
880,-0.804688,-1.058105,-0.144531,-44.555664,-30.883789,-314.514160
881,-0.680664,-1.013672,-0.143555,7.629395,-40.405273,-374.084473
882,-0.641602,-1.025391,-0.084961,31.982422,-53.588867,-407.836914
883,-0.661621,-0.983887,-0.168945,53.039551,-60.729980,-442.260742
884,-0.554199,-0.867188,-0.110840,71.716309,-34.423828,-495.117188
885,-0.381348,-0.730957,0.008301,59.936523,-15.747070,-504.577637
886,-0.193848,-0.589844,0.135254,43.212891,-3.845215,-498.901367
887,0.061523,-0.407715,0.277344,5.371094,-6.347656,-451.477051
888,0.160645,-0.422363,0.270508,-14.770508,-13.488770,-419.555664
889,0.282715,-0.574219,0.131836,-42.541504,-29.418945,-361.450195
890,0.318848,-0.663574,0.041016,-51.330566,-29.357910,-338.500977
891,0.369629,-0.712891,-0.043945,-56.335449,-25.390625,-319.458008
892,0.419434,-0.712891,-0.144043,-54.687500,-19.470215,-302.917480
893,0.561523,-0.632324,-0.203613,-37.414551,-4.394531,-276.245117
894,0.635254,-0.580078,-0.193848,-27.587891,6.408691,-266.662598
895,0.689941,-0.540527,-0.192871,-13.427734,17.028809,-257.019043
896,0.675293,-0.455078,-0.089355,38.696289,19.653320,-230.102539
897,0.638184,-0.460938,-0.101074,75.866699,11.291504,-210.632324
898,0.651855,-0.445801,-0.084961,97.412109,10.437012,-190.002441
899,0.736816,-0.410645,0.006836,92.163086,14.282227,-169.189453
900,1.008789,-0.375000,0.124023,25.878906,3.356934,-123.779297
901,1.065918,-0.437988,0.000488,-3.662109,-5.310059,-98.754883
902,1.112305,-0.347168,-0.156738,-11.535645,-4.638672,-42.541504
903,1.119141,-0.272461,-0.161133,-3.967285,0.976562,-6.164551
904,1.080566,-0.260742,-0.142578,1.281738,8.422852,33.142090
905,0.945312,-0.363770,-0.053223,0.122070,14.343262,98.510742
906,0.922363,-0.371094,0.044434,-10.253906,12.084961,127.014160
907,0.914062,-0.389648,0.129883,-24.169922,6.225586,157.836914
908,0.908691,-0.424805,0.148926,-33.508301,-0.366211,190.124512
909,0.797363,-0.546387,0.084473,-44.250488,0.183105,248.291016
910,0.734375,-0.576172,0.007812,-45.593262,3.967285,270.629883
911,0.674316,-0.593750,-0.099609,-36.560059,8.544922,288.818359
912,0.584473,-0.580566,-0.181152,7.629395,25.939941,319.030762
913,0.549316,-0.580078,-0.151855,32.287598,37.597656,336.853027
914,0.503418,-0.604492,-0.081055,52.612305,49.926758,357.421875
915,0.286621,-0.724609,0.077148,71.289062,69.335938,389.648438
916,0.115234,-0.794434,0.189941,73.730469,64.636230,397.399902
917,-0.033691,-0.832031,0.277344,72.814941,45.898438,398.437500
918,-0.189453,-0.820312,0.269043,46.875000,13.977051,376.037598
919,-0.218750,-0.828125,0.235352,24.536133,12.878418,356.323242
920,-0.208496,-0.886230,0.194824,-25.085449,23.498535,312.133789
921,-0.178223,-0.905762,0.168945,-47.424316,26.367188,297.424316
922,-0.162598,-0.893066,0.134766,-63.842773,22.521973,292.968750
923,-0.185059,-0.854492,0.078613,-70.373535,14.160156,296.203613
924,-0.290527,-0.792969,0.020020,-63.110352,4.333496,316.711426
925,-0.410645,-0.814453,-0.024414,-54.321289,7.324219,326.416016
926,-0.626465,-0.877930,-0.102539,-27.404785,19.653320,320.007324
927,-0.646973,-0.890625,-0.126465,-8.361816,27.221680,303.955078
928,-0.792969,-1.060059,-0.107422,37.841797,45.349121,257.629395
929,-0.862793,-1.115723,-0.068848,59.387207,58.715820,226.074219
930,-0.842773,-1.060059,0.031738,75.134277,63.415527,197.570801
931,-0.704590,-0.801270,0.239258,80.993652,23.559570,164.733887
932,-0.677734,-0.690918,0.258301,69.335938,-8.239746,156.616211
933,-0.661133,-0.594727,0.211914,50.048828,-33.447266,152.954102
934,-0.741699,-0.675781,0.104004,1.464844,-43.212891,161.254883
935,-0.858398,-0.822754,0.067383,-19.104004,-37.475586,158.508301
936,-0.935059,-0.884766,0.020996,-35.156250,-28.991699,145.324707
937,-1.019531,-0.899414,-0.029297,-36.804199,-15.991211,95.764160
938,-1.028320,-0.907715,-0.007324,-22.460938,-13.183594,62.255859
939,-1.038086,-0.941406,0.016602,-2.746582,-12.207031,22.766113
940,-1.008301,-0.968750,0.036133,33.386230,-13.488770,-63.842773
941,-0.975586,-0.932129,0.053223,45.654297,-24.536133,-98.876953
942,-0.935059,-0.905762,0.091309,41.381836,-36.499023,-127.502441
943,-0.900391,-0.930176,0.125000,-4.211426,-37.902832,-189.208984
944,-0.972656,-0.991699,0.103516,-24.780273,-32.836914,-222.717285
945,-0.994141,-1.013672,0.048828,-34.973145,-26.977539,-257.446289
946,-0.971191,-1.025391,-0.008789,-35.156250,-20.690918,-291.442871
947,-0.754395,-0.962402,-0.010742,-10.986328,-6.835938,-360.595703
948,-0.727539,-0.916504,0.052734,3.417969,-1.464844,-394.226074
949,-0.720703,-0.978027,0.148438,21.545410,-8.972168,-454.772949
950,-0.659668,-0.998535,0.166016,26.977539,-19.104004,-481.384277
951,-0.544922,-0.951172,0.205566,30.639648,-29.113770,-502.807617
952,-0.440430,-0.841797,0.226562,28.869629,-37.109375,-515.808105
953,-0.254883,-0.556641,0.305176,-11.169434,-37.841797,-508.056641
954,-0.134277,-0.494629,0.347168,-48.583984,-33.325195,-488.769531
955,0.009766,-0.510742,0.278809,-87.707520,-26.550293,-467.224121
956,0.148926,-0.544434,0.125488,-118.652344,-12.878418,-448.669434
957,0.272949,-0.675293,-0.097656,-122.375488,13.671875,-423.339844
958,0.321777,-0.707031,-0.121094,-93.994141,15.258789,-411.376953
959,0.461914,-0.712891,-0.062988,-19.104004,7.629395,-384.887695
960,0.492188,-0.672363,0.016113,21.362305,-4.150391,-368.957520
961,0.517090,-0.575684,0.153320,55.419922,-24.841309,-349.243164
962,0.555176,-0.472168,0.207031,81.298828,-70.617676,-302.795410
963,0.611328,-0.410645,0.175293,79.895020,-86.486816,-277.770996
964,0.674805,-0.374023,0.112793,73.120117,-94.482422,-251.403809
965,0.893066,-0.296875,0.016113,41.625977,-84.594727,-196.289062
966,1.008301,-0.292480,-0.024414,19.775391,-71.411133,-166.931152
967,1.094727,-0.309570,-0.126953,5.249023,-56.274414,-137.695312
968,1.125000,-0.319336,-0.228027,5.493164,-38.879395,-109.313965
969,1.101562,-0.307617,-0.228516,14.892578,-21.057129,-81.909180
970,0.960938,-0.348633,0.002930,17.395020,1.831055,-35.949707
971,0.908203,-0.391602,0.115234,10.681152,0.305176,-19.592285
972,0.911621,-0.388184,0.224121,8.728027,-13.610840,-5.432129
973,1.043945,-0.393555,0.208984,41.503906,-70.556641,28.564453
974,0.964355,-0.536133,-0.053711,81.665039,-87.585449,28.869629
975,0.877930,-0.628418,-0.172363,180.175781,-54.992676,-54.077148
976,0.906250,-0.410156,0.072754,163.940430,-41.748047,-75.134277
977,0.962402,-0.238281,0.047363,104.248047,-16.052246,-69.274902
978,1.005859,-0.081543,-0.105469,30.944824,24.902344,-51.635742
979,0.923828,-0.271484,-0.407715,-79.895020,125.244141,-9.155273
980,0.841309,-0.414062,-0.360840,-76.293945,169.067383,-2.075195
981,0.837891,-0.375488,-0.041016,-63.598633,180.053711,2.624512
982,0.943848,-0.253418,0.341309,-79.711914,117.126465,27.282715
983,0.902832,-0.284180,0.727539,-94.726562,13.366699,36.254883
984,1.083496,-0.369141,0.137695,-105.529785,-83.190918,22.949219
985,1.171875,-0.119141,-0.143066,-30.639648,-138.671875,85.510254
986,1.102051,-0.035645,-0.105469,-5.554199,-130.432129,149.108887
987,1.012695,-0.080078,-0.129395,2.197266,-109.130859,211.975098
988,0.933594,-0.202637,-0.131348,-0.183105,-78.125000,261.840820
989,0.898438,-0.397949,-0.056641,-29.235840,-26.611328,319.335938
990,0.867188,-0.443848,-0.064941,-44.006348,-16.113281,337.707520
991,0.832520,-0.439453,-0.085938,-56.030273,-11.352539,354.858398
992,0.646973,-0.464844,-0.275879,-55.664062,8.728027,398.437500
993,0.521973,-0.481445,-0.347656,-32.470703,28.381348,425.415039
994,0.394043,-0.487305,-0.306152,-0.488281,48.950195,453.796387
995,0.104492,-0.604980,-0.092773,64.697266,64.758301,506.591797
996,-0.043457,-0.649414,0.034668,81.848145,59.997559,525.817871
997,-0.206543,-0.701172,0.136719,86.914062,48.400879,538.085938
998,-0.357422,-0.729004,0.178711,81.848145,33.142090,541.198730
999,-0.561035,-0.792969,0.087402,58.288574,30.395508,509.826660
1000,-0.600586,-0.853516,0.066406,51.452637,42.907715,473.083496
1001,-0.613770,-0.945801,0.097168,47.729492,54.931641,426.147461
1002,-0.569336,-1.086914,0.101562,39.611816,65.246582,332.580566
1003,-0.508301,-1.082520,0.073242,36.621094,63.476562,301.330566
1004,-0.484375,-0.917969,0.029785,46.813965,49.377441,282.897949
1005,-0.529297,-0.781738,0.093750,50.781250,38.269043,285.339355
1006,-0.579590,-0.528320,0.163086,14.282227,20.446777,290.527344
1007,-0.597656,-0.472168,0.137207,-21.484375,21.911621,297.912598
1008,-0.636719,-0.457031,0.061035,-50.720215,27.587891,311.096191
1009,-0.707031,-0.452148,-0.007812,-63.293457,34.179688,328.308105
1010,-0.844727,-0.413574,-0.142578,-41.076660,51.513672,354.125977
1011,-0.866699,-0.386719,-0.092285,-21.972656,62.866211,361.633301
1012,-0.927246,-0.390625,-0.015137,-7.263184,66.772461,368.347168
1013,-1.184082,-0.458496,0.013184,5.432129,53.405762,357.055664
1014,-1.293457,-0.503418,-0.031738,4.394531,45.349121,336.059570
1015,-1.358398,-0.516113,-0.041504,5.310059,33.325195,307.861328
1016,-1.303223,-0.480469,0.023438,-1.892090,-4.760742,228.759766
1017,-1.211914,-0.441895,0.007812,-11.108398,-18.981934,186.523438
1018,-1.125488,-0.393555,-0.031250,-15.258789,-28.930664,149.719238
1019,-1.059570,-0.329590,-0.060547,-6.896973,-40.222168,93.078613
1020,-1.057129,-0.189941,-0.043457,-5.554199,-42.724609,74.279785
1021,-1.059082,-0.102051,-0.044922,-12.207031,-41.442871,62.255859
1022,-0.985840,-0.008789,-0.043945,-17.089844,-54.260254,63.415527
1023,-1.022949,-0.038574,-0.019043,-20.690918,-58.105469,55.908203
1024,-1.082031,-0.060547,-0.000488,-30.822754,-54.016113,37.048340
1025,-1.193848,-0.089355,0.009766,-40.893555,-46.447754,15.136719
1026,-1.362793,-0.184082,0.009766,-48.522949,-43.273926,-30.517578
1027,-1.209961,-0.151855,0.022461,-52.551270,-44.677734,-59.082031
1028,-1.175781,-0.116211,0.071289,-42.907715,-58.410645,-104.064941
1029,-1.152832,-0.035645,0.107910,-31.799316,-66.223145,-112.487793
1030,-1.125000,-0.005859,0.089844,-23.010254,-73.303223,-107.543945
1031,-1.058594,0.059570,0.039062,-17.089844,-70.617676,-101.074219
1032,-0.897461,0.163086,-0.030762,11.901855,-55.480957,-71.228027
1033,-0.895508,0.181152,-0.055664,21.118164,-40.161133,-51.330566
1034,-0.882324,0.224121,-0.006836,30.578613,-26.733398,-30.273438
1035,-0.873535,0.108887,0.013672,41.320801,-21.850586,15.991211
1036,-0.936523,-0.016113,-0.035645,54.077148,-21.484375,26.977539
1037,-1.011719,-0.194824,0.145996,77.880859,-44.799805,25.451660
1038,-1.001953,-0.277832,0.240723,73.608398,-58.776855,9.277344
1039,-0.939941,-0.304688,0.370117,65.856934,-78.186035,-8.483887
1040,-0.878906,-0.301270,0.486328,14.648438,-125.427246,-32.958984
1041,-0.922852,-0.244629,0.462402,-23.925781,-134.521484,-39.978027
1042,-0.923340,-0.216309,0.356934,-46.142578,-136.291504,-38.574219
1043,-0.793945,-0.198730,0.507812,-34.179688,-165.283203,-38.513184
1044,-0.712891,-0.192871,0.659668,-17.578125,-208.862305,-44.677734
1045,-0.693848,-0.163086,0.680664,-4.089355,-255.615234,-48.156738
1046,-0.832520,-0.108398,0.338867,36.987305,-290.527344,-24.719238
1047,-0.861328,-0.090332,0.223145,64.697266,-264.648438,-1.525879
1048,-0.876465,-0.121582,0.299805,77.514648,-227.172852,22.705078
1049,-0.911133,-0.338867,0.910645,20.141602,-203.735352,34.423828
1050,-0.904297,-0.407227,1.020996,-36.621094,-233.581543,13.793945
1051,-0.880371,-0.421875,0.871094,-74.890137,-269.531250,-20.507812
1052,-0.785645,-0.391113,0.608887,-53.771973,-302.001953,-66.772461
1053,-0.665527,-0.234863,0.210449,-18.737793,-273.254395,-66.528320
1054,-0.622559,-0.199707,0.288086,9.338379,-213.500977,-52.673340
1055,-0.585938,-0.192383,0.685059,11.718750,-160.034180,-36.621094
1056,-0.581543,-0.139160,1.369629,-35.034180,-185.363770,-13.427734
1057,-0.564941,-0.066406,1.274902,-53.771973,-238.464355,2.075195
1058,-0.370117,-0.036621,0.704590,-29.479980,-301.879883,38.818359
1059,-0.265137,0.046387,0.498535,-10.375977,-292.907715,57.128906
1060,-0.106445,0.013672,0.541016,-9.887695,-261.413574,79.711914
1061,-0.066406,-0.213867,0.735352,-92.712402,-130.065918,117.370605
1062,-0.227539,-0.362793,0.839355,-129.821777,-70.129395,119.018555
1063,-0.378906,-0.490723,0.935547,-145.141602,-44.921875,104.125977
1064,-0.481445,-0.590820,0.996582,-139.160156,-49.133301,75.988770
1065,-0.481445,-0.605957,0.899902,-84.472656,-94.909668,12.634277
1066,-0.383789,-0.517578,0.770020,-43.151855,-111.328125,-14.099121
1067,-0.177734,-0.375977,0.841797,-12.390137,-75.561523,-34.240723
1068,-0.163086,-0.379395,1.007812,-36.499023,-38.391113,-27.038574
1069,-0.194336,-0.404785,1.150391,-65.795898,-17.700195,-24.963379
1070,-0.244141,-0.424316,1.198242,-85.144043,-17.395020,-34.118652
1071,-0.284668,-0.454590,1.020020,-74.951172,-31.738281,-58.410645
1072,-0.277832,-0.549805,1.099121,-82.763672,-24.536133,-71.960449
1073,-0.236816,-0.567383,1.133301,-110.656738,-16.662598,-89.477539
1074,-0.059082,-0.543457,1.172852,-91.613770,-5.432129,-121.154785
1075,-0.037598,-0.545898,1.347656,-33.142090,-37.353516,-137.817383
1076,-0.051270,-0.550293,1.515137,-4.638672,-98.632812,-146.484375
1077,-0.105957,-0.393555,1.043945,-18.249512,-172.241211,-153.076172
1078,-0.012207,-0.347656,0.893555,-54.443359,-156.066895,-143.310547
1079,0.256836,-0.365723,0.874023,-145.019531,-90.332031,-110.717773
1080,0.309082,-0.403809,0.775879,-170.349121,-61.157227,-95.825195
1081,0.307617,-0.514160,0.718750,-163.208008,-32.409668,-81.909180
1082,0.165527,-0.721191,0.749512,-115.417480,9.094238,-71.289062
1083,0.057129,-0.748047,0.775879,-92.285156,20.568848,-76.049805
1084,-0.035156,-0.737793,0.839355,-79.956055,18.005371,-92.224121
1085,-0.104492,-0.625977,0.728516,-60.424805,6.042480,-113.830566
1086,-0.041992,-0.645996,0.673828,-49.377441,-5.981445,-154.296875
1087,0.042969,-0.696777,0.538086,-70.983887,11.230469,-176.269531
1088,-0.134277,-0.621582,0.583984,-84.960938,36.071777,-194.396973
1089,-0.126465,-0.700195,0.482422,-66.955566,25.573730,-209.106445
1090,-0.066895,-0.734863,0.321777,-9.582520,19.653320,-223.022461
1091,0.058594,-0.850098,0.302734,58.959961,15.136719,-244.567871
1092,0.721680,-0.251465,0.531738,191.589355,-8.361816,-276.428223
1093,0.688965,0.280762,0.697266,203.186035,16.845703,-225.219727
1094,0.689941,0.548340,0.891602,153.076172,56.579590,-157.226562
1095,0.564453,0.017090,1.197266,-16.967773,152.404785,-60.302734
1096,0.532715,-0.136230,1.202637,-90.942383,167.785645,-50.292969
1097,0.483398,-0.173340,1.102539,-142.700195,165.588379,-51.269531
1098,0.302246,-0.460449,0.842773,-162.597656,146.728516,-43.945312
1099,0.207031,-0.575195,0.896484,-120.239258,143.676758,-53.894043
1100,0.237793,-0.644531,1.133301,-98.205566,128.662109,-58.837891
1101,0.139648,-0.645020,1.110840,-107.543945,112.121582,-64.575195
1102,0.136230,-0.444824,1.007812,-157.226562,118.469238,-81.787109
1103,0.297363,-0.412598,1.007324,-173.034668,114.135742,-78.430176
1104,0.489258,-0.462402,0.907715,-175.415039,103.881836,-71.899414
1105,0.629395,-0.612793,0.647461,-143.127441,110.412598,-70.617676
1106,0.640625,-0.525391,0.756836,-108.581543,122.314453,-65.429688
1107,0.581055,-0.422363,0.935059,-92.529297,135.986328,-42.297363
1108,0.458496,-0.401367,0.989746,-107.482910,145.812988,-5.310059
1109,0.158203,-0.487793,0.893555,-194.274902,146.667480,62.255859
1110,0.052246,-0.580078,0.817383,-251.892090,137.939453,69.641113
1111,0.000000,-0.591797,0.798828,-298.095703,126.281738,58.715820
1112,0.090332,-0.611816,1.041504,-364.074707,86.242676,22.460938
1113,0.072266,-0.770508,0.939941,-376.770020,54.870605,12.634277
1114,0.041992,-1.048828,0.475586,-370.300293,39.306641,10.864258
1115,0.166504,-1.556152,-0.793457,-179.992676,128.417969,-5.981445
1116,0.131836,-1.209961,-0.284668,-56.579590,192.993164,-15.869141
1117,0.142090,-0.896973,0.315918,3.173828,216.796875,-11.779785
1118,0.195801,-0.700195,0.693848,-12.939453,203.796387,5.554199
1119,0.175781,-0.546387,0.824219,-142.944336,127.746582,62.255859
1120,0.044434,-0.604980,0.555176,-188.415527,100.463867,85.083008
1121,-0.196289,-0.972656,-0.176758,-203.552246,132.934570,112.609863
1122,-0.239746,-1.092285,-0.205566,-193.664551,173.522949,110.656738
1123,-0.253418,-1.098145,-0.029785,-185.607910,196.350098,99.121094
1124,-0.209473,-1.034668,0.089844,-184.570312,195.373535,85.754395
1125,-0.089844,-0.833008,0.039062,-216.796875,190.979004,75.500488
1126,-0.108887,-0.825684,-0.108887,-251.098633,224.243164,76.049805
1127,-0.291504,-0.924805,-0.344238,-323.059082,325.988770,81.787109
1128,-0.340332,-0.941895,-0.325195,-318.847656,338.500977,92.590332
1129,-0.328125,-0.976562,-0.282227,-288.391113,310.302734,109.680176
1130,-0.288574,-0.995605,-0.239746,-245.056152,255.554199,125.305176
1131,-0.116211,-0.757812,-0.338379,-158.081055,163.024902,148.925781
1132,-0.085449,-0.670898,-0.388672,-155.334473,166.442871,165.649414
1133,-0.228516,-0.674316,-0.367188,-191.406250,194.091797,181.579590
1134,-0.520996,-0.980957,-0.589355,-265.380859,246.765137,182.250977
1135,-0.540527,-1.045410,-0.656250,-257.629395,240.417480,157.775879
1136,-0.488770,-1.057617,-0.576660,-240.966797,210.571289,125.488281
1137,-0.308105,-0.837891,-0.642090,-208.801270,142.761230,45.837402
1138,-0.201660,-0.697754,-0.614746,-214.050293,141.174316,17.272949
1139,-0.132812,-0.558594,-0.657715,-235.900879,155.639648,5.004883
1140,0.020996,-0.313477,-0.720703,-266.235352,185.729980,20.751953
1141,0.117676,-0.198730,-0.722656,-263.854980,187.561035,46.936035
1142,0.177734,-0.124023,-0.670410,-252.929688,178.894043,83.068848
1143,0.067871,-0.134277,-0.692383,-230.407715,121.765137,139.770508
1144,0.068848,-0.192871,-0.853027,-219.238281,97.412109,147.460938
1145,0.086914,-0.248535,-0.974121,-209.838867,83.557129,140.686035
1146,0.079102,-0.116699,-0.980957,-208.984375,69.824219,98.205566
1147,0.052246,0.022461,-0.940430,-213.928223,66.345215,85.266113
1148,0.071777,0.093262,-0.981934,-213.684082,65.917969,91.003418
1149,0.059082,0.073242,-1.054199,-204.650879,65.795898,107.910156
1150,-0.070312,-0.085449,-1.155273,-154.174805,58.654785,119.445801
1151,-0.085938,-0.130371,-1.156250,-121.948242,49.438477,105.651855
1152,-0.020996,-0.118652,-1.076660,-61.645508,29.052734,63.964844
1153,0.043457,0.007812,-0.920410,-20.996094,8.056641,40.954590
1154,0.072266,0.040039,-0.920410,-15.563965,8.300781,44.006348
1155,0.094238,0.043457,-0.932129,-13.916016,14.221191,49.865723
1156,0.091309,0.022949,-0.919434,-10.986328,18.981934,52.001953
1157,0.173828,0.024414,-0.900879,8.422852,14.404297,41.687012
1158,0.226074,0.069824,-0.790039,14.343262,0.915527,39.978027
1159,0.199219,0.127930,-0.712891,5.859375,-44.128418,42.663574
1160,0.160645,0.156738,-0.779785,8.483887,-67.810059,44.616699
1161,0.087891,0.134277,-0.858887,20.202637,-86.547852,47.180176
1162,-0.012207,0.070312,-0.877930,38.574219,-100.219727,48.828125
1163,-0.160645,-0.133301,-0.918945,82.580566,-116.333008,42.297363
1164,-0.166992,-0.195312,-0.949219,100.646973,-117.797852,33.020020
1165,-0.119141,-0.249023,-0.957520,97.229004,-118.041992,22.583008
1166,-0.116699,-0.188965,-0.917480,84.045410,-147.827148,-8.483887
1167,-0.134277,-0.165039,-0.924805,105.712891,-193.115234,-31.311035
1168,-0.177734,-0.184570,-0.974609,153.076172,-257.995605,-55.969238
1169,-0.276855,-0.279297,-1.060547,222.656250,-331.115723,-80.444336
1170,-0.712891,-0.400879,-1.208984,341.247559,-418.640137,-120.361328
1171,-0.824219,-0.460938,-1.299805,364.929199,-402.221680,-131.408691
1172,-0.772461,-0.581055,-1.233398,367.431641,-351.562500,-142.883301
1173,-0.661133,-0.641602,-1.010742,359.985352,-277.343750,-181.274414
1174,-0.710449,-0.694336,-0.451660,382.202148,-294.372559,-212.036133
1175,-0.859863,-0.705566,-0.354004,403.991699,-330.627441,-242.431641
1176,-0.900391,-0.686523,-0.395996,406.372070,-355.407715,-256.103516
1177,-0.598633,-0.697266,-0.323242,342.346191,-357.971191,-229.003906
1178,-0.477539,-0.670410,-0.139160,294.067383,-367.980957,-201.599121
1179,-0.437012,-0.583496,-0.024902,266.235352,-400.695801,-178.771973
1180,-0.537598,-0.597168,0.164551,275.024414,-492.858887,-151.306152
1181,-0.750000,-0.826660,0.127930,250.793457,-489.685059,-145.629883
1182,-0.797363,-1.442871,-0.190430,128.234863,-343.688965,-150.024414
1183,-0.789551,-1.484375,-0.025879,76.538086,-268.554688,-174.926758
1184,-0.820801,-1.329102,0.135742,50.842285,-241.149902,-213.256836
1185,-0.775391,-1.116699,0.114746,56.823730,-245.422363,-250.915527
1186,-0.452637,-0.854492,-0.109863,132.019043,-264.709473,-283.081055
1187,-0.275879,-0.758301,-0.140137,180.664062,-260.253906,-277.038574
1188,0.050781,-0.646484,0.011230,278.503418,-248.474121,-239.318848
1189,0.179199,-0.600586,0.118652,297.546387,-234.375000,-218.322754
1190,0.274414,-0.616211,0.325684,281.982422,-205.810547,-196.655273
1191,0.264648,-0.774902,0.595215,227.722168,-170.654297,-182.556152
1192,0.155273,-0.794922,0.700195,111.572266,-133.300781,-182.434082
1193,0.177734,-0.693359,0.586426,79.284668,-120.117188,-181.945801
1194,0.230957,-0.614746,0.407227,43.945312,-89.965820,-181.762695
1195,0.351074,-0.495605,0.257812,35.522461,-14.831543,-181.701660
1196,0.330566,-0.491699,0.122559,55.541992,16.662598,-183.227539
1197,0.406738,-0.563965,0.317383,92.834473,32.897949,-186.767578
1198,0.709961,-0.421387,0.809082,87.036133,46.447754,-181.701660
1199,0.624023,-0.385254,0.878418,65.368652,52.917480,-154.052734
1200,0.592773,-0.452148,0.970215,47.241211,49.682617,-129.516602
1201,0.555664,-0.506836,1.010254,32.592773,31.127930,-115.295410
1202,0.344727,-0.587891,0.832031,26.611328,-23.132324,-105.407715
1203,0.381348,-0.656738,0.816406,18.920898,-39.062500,-110.900879
1204,0.452637,-0.641602,0.771484,11.962891,-50.964355,-129.394531
1205,0.560547,-0.456055,0.575195,-26.794434,-14.526367,-149.780273
1206,0.580566,-0.406738,0.603516,-65.368652,24.414062,-158.020020
1207,0.557129,-0.355957,0.653320,-109.924316,61.584473,-165.588379
1208,0.565918,-0.311035,0.688477,-151.733398,89.050293,-169.067383
1209,0.679199,-0.379883,0.643555,-194.641113,109.985352,-159.118652
1210,0.741699,-0.399902,0.583984,-177.978516,113.281250,-144.165039
1211,0.770020,-0.372070,0.605957,-138.671875,109.313965,-126.037598
1212,0.786621,-0.274902,0.757812,-39.123535,65.185547,-84.899902
1213,0.770996,-0.240723,0.836914,0.488281,41.015625,-61.889648
1214,0.724609,-0.222656,0.931641,17.028809,19.714355,-42.602539
1215,0.699707,-0.246582,0.985840,2.685547,8.178711,-28.442383
1216,0.738281,-0.313477,0.908691,-84.289551,18.920898,-7.446289
1217,0.731445,-0.295410,0.828125,-132.995605,36.865234,1.403809
1218,0.741211,-0.347656,0.804688,-180.358887,57.739258,8.483887
1219,0.691406,-0.397949,0.703613,-240.539551,93.261719,16.296387
1220,0.662109,-0.400879,0.758301,-249.633789,97.961426,20.996094
1221,0.637207,-0.373535,0.857910,-259.765625,92.895508,26.733398
1222,0.532227,-0.318359,0.958984,-283.325195,55.908203,54.992676
1223,0.467773,-0.395020,0.973145,-293.273926,22.888184,75.866699
1224,0.440430,-0.519531,0.822754,-308.654785,-9.216309,97.778320
1225,0.523926,-0.653320,0.492676,-319.885254,-25.512695,114.501953
1226,0.687500,-0.936035,-0.080078,-316.101074,16.052246,120.788574
1227,0.513184,-0.973145,0.058105,-308.288574,53.466797,112.731934
1228,0.358887,-0.993652,0.232422,-292.480469,70.312500,97.778320
1229,0.284180,-0.975098,0.343750,-270.751953,51.269531,55.786133
1230,0.323730,-0.844727,0.250488,-251.647949,31.799316,44.555664
1231,0.399902,-0.800781,0.240723,-238.708496,19.042969,46.142578
1232,0.434570,-0.757324,0.262207,-286.926270,18.127441,62.011719
1233,0.333984,-0.707520,0.145020,-330.810547,21.545410,70.861816
1234,0.263184,-0.699219,-0.061523,-356.262207,24.780273,82.031250
1235,0.280762,-0.785645,-0.404785,-356.872559,35.400391,99.121094
1236,0.275391,-0.770508,-0.456543,-339.050293,35.583496,100.585938
1237,0.244629,-0.711426,-0.401855,-320.861816,24.597168,103.698730
1238,0.245605,-0.684082,-0.425293,-299.926758,21.240234,106.506348
1239,0.350098,-0.593750,-0.376953,-299.865723,54.565430,122.314453
1240,0.327637,-0.593750,-0.351562,-324.035645,64.147949,133.117676
1241,0.258301,-0.620605,-0.427246,-347.045898,61.889648,137.939453
1242,0.056641,-0.639648,-0.504395,-367.187500,12.390137,136.596680
1243,0.077148,-0.687500,-0.648438,-356.750488,-14.221191,129.455566
1244,0.113770,-0.685059,-0.788574,-329.956055,-28.991699,119.201660
1245,0.146973,-0.408203,-0.774414,-279.052734,-20.202637,111.083984
1246,0.146484,-0.321777,-0.679199,-284.545898,-3.295898,116.638184
1247,0.149902,-0.289062,-0.600586,-303.466797,11.474609,125.793457
1248,0.114746,-0.294434,-0.526367,-336.364746,14.770508,131.103516
1249,0.037598,-0.198242,-0.638184,-392.333984,-42.663574,126.708984
1250,0.020996,-0.078125,-0.803711,-393.066406,-81.298828,127.014160
1251,-0.066895,0.112793,-1.129883,-317.260742,-141.601562,135.559082
1252,-0.100586,0.113770,-1.306152,-240.356445,-151.123047,137.512207
1253,-0.060059,0.054688,-1.404785,-151.977539,-141.540527,133.850098
1254,-0.110352,-0.038086,-1.209961,-11.291504,-105.468750,115.539551
1255,-0.179199,-0.072754,-1.098145,17.150879,-105.102539,106.018066
1256,-0.250000,-0.094727,-1.072266,31.311035,-115.295410,96.313477
1257,-0.340820,-0.139648,-1.157715,64.025879,-130.004883,70.312500
1258,-0.354004,-0.174805,-1.184570,91.674805,-130.432129,54.443359
1259,-0.382812,-0.213867,-1.176758,131.896973,-131.469727,39.550781
1260,-0.495605,-0.309082,-0.986816,226.745605,-155.395508,13.977051
1261,-0.443359,-0.344238,-1.024902,259.216309,-170.166016,6.958008
1262,-0.428711,-0.354004,-1.028320,266.418457,-168.273926,4.150391
1263,-0.451660,-0.332520,-0.968750,249.450684,-154.724121,2.868652
1264,-0.432617,-0.297363,-0.878418,182.434082,-123.657227,-1.708984
1265,-0.401855,-0.274902,-0.859863,162.719727,-119.262695,-4.455566
1266,-0.329590,-0.166992,-0.687012,175.048828,-150.085449,2.929688
1267,-0.365234,-0.214355,-0.630371,197.875977,-177.551270,11.962891
1268,-0.462402,-0.308594,-0.565430,223.999023,-206.115723,22.644043
1269,-0.528809,-0.441895,-0.582031,244.934082,-230.468750,36.560059
1270,-0.624512,-0.635254,-0.632324,266.296387,-250.976562,58.959961
1271,-0.647949,-0.634766,-0.604492,272.033691,-252.075195,59.875488
1272,-0.645996,-0.582520,-0.505859,275.146484,-255.371094,55.603027
1273,-0.641113,-0.493652,-0.240234,262.695312,-280.029297,48.217773
1274,-0.730957,-0.519043,-0.110352,248.352051,-289.306641,46.813965
1275,-0.840332,-0.590820,-0.075684,229.980469,-284.973145,45.898438
1276,-0.850098,-0.729004,-0.180664,207.458496,-245.239258,46.264648
1277,-0.770508,-0.746094,-0.125000,202.087402,-225.646973,47.058105
1278,-0.696289,-0.715820,-0.042969,193.420410,-215.332031,49.255371
1279,-0.660645,-0.615723,0.312988,172.363281,-234.436035,52.612305
1280,-0.775879,-0.598145,0.430176,154.785156,-253.723145,43.762207
1281,-0.895020,-0.584473,0.398926,132.324219,-266.052246,35.217285
1282,-1.030273,-0.649414,0.308105,117.675781,-268.432617,28.320312
1283,-1.084961,-0.871582,0.297363,122.802734,-251.770020,-0.793457
1284,-1.006836,-0.898438,0.411133,125.366211,-242.675781,-30.578613
1285,-0.895508,-0.825684,0.523438,115.051270,-238.769531,-64.880371
1286,-0.611328,-0.531738,0.651855,63.537598,-251.220703,-105.529785
1287,-0.581543,-0.448242,0.583496,40.466309,-247.863770,-111.145020
1288,-0.604980,-0.475098,0.499512,25.329590,-219.421387,-110.229492
1289,-0.526367,-0.656738,0.574707,15.563965,-153.564453,-103.149414
1290,-0.484375,-0.668457,0.664551,16.113281,-141.601562,-106.567383
1291,-0.479980,-0.649902,0.757812,14.099121,-142.089844,-114.135742
1292,-0.599121,-0.781250,0.844727,-15.991211,-159.790039,-152.832031
1293,-0.619629,-0.785156,0.808105,-42.602539,-149.841309,-180.419922
1294,-0.593750,-0.777344,0.777344,-73.913574,-124.389648,-208.435059
1295,-0.490234,-0.791992,0.629395,-118.713379,-70.495605,-259.887695
1296,-0.417480,-0.735840,0.520996,-114.929199,-53.100586,-279.296875
1297,-0.270508,-0.618164,0.482910,-99.426270,-38.574219,-283.264160
1298,-0.041016,-0.535156,0.610352,-88.684082,-16.601562,-262.695312
1299,-0.037598,-0.554199,0.712891,-103.759766,-2.197266,-248.046875
1300,-0.070312,-0.666016,0.821777,-121.826172,11.901855,-233.032227
1301,-0.076172,-0.785645,0.856934,-114.990234,9.521484,-218.627930
1302,-0.005371,-0.863770,0.659180,2.258301,-46.325684,-188.659668
1303,0.052734,-0.856445,0.588867,68.542480,-70.739746,-176.879883
1304,0.147949,-0.749512,0.606934,115.722656,-81.298828,-157.104492
1305,0.160156,-0.715820,0.712891,89.233398,-70.251465,-148.193359
1306,0.136719,-0.706055,0.788086,39.367676,-56.640625,-138.977051
1307,0.123535,-0.722168,0.788574,-24.291992,-41.259766,-130.187988
1308,0.220215,-0.670410,0.514648,-147.888184,2.990723,-120.239258
1309,0.277344,-0.629883,0.352539,-182.861328,33.813477,-118.896484
1310,0.354980,-0.557129,0.250000,-203.613281,91.613770,-108.032227
1311,0.375000,-0.537598,0.320801,-201.965332,117.004395,-89.721680
1312,0.400879,-0.599121,0.459473,-201.660156,132.629395,-63.964844
1313,0.391113,-0.712402,0.567383,-208.007812,136.047363,-35.522461
1314,0.360840,-0.777832,0.559570,-214.233398,129.150391,-10.253906
1315,0.342285,-0.755859,0.360840,-197.082520,117.980957,22.888184
1316,0.354004,-0.705566,0.400391,-188.110352,118.713379,37.597656
1317,0.351074,-0.686523,0.462402,-195.434570,120.300293,56.701660
1318,0.351074,-0.807617,0.354492,-261.657715,134.094238,98.449707
1319,0.245117,-0.854980,0.263672,-290.771484,143.554688,113.220215
1320,0.131348,-0.932617,0.198242,-303.771973,144.042969,122.375488
1321,0.025879,-1.010254,0.033691,-307.678223,134.338379,124.145508
1322,0.008301,-1.014648,-0.073242,-298.522949,134.155273,122.253418
1323,-0.000977,-1.001465,-0.159668,-286.682129,140.014648,119.873047
1324,0.100098,-0.814453,-0.238770,-262.756348,153.686523,137.512207
1325,0.073730,-0.742676,-0.191406,-267.456055,158.569336,165.344238
1326,0.087891,-0.784668,-0.111816,-284.545898,162.841797,198.852539
1327,0.068848,-0.719238,-0.118164,-343.444824,175.598145,249.206543
1328,0.013672,-0.701172,-0.160156,-368.957520,178.283691,263.671875
1329,-0.046875,-0.697754,-0.154297,-388.000488,172.607422,270.629883
1330,-0.100098,-0.647949,-0.209961,-409.362793,152.221680,280.456543
1331,-0.254883,-0.411133,-0.504395,-415.100098,85.693359,300.231934
1332,-0.318848,-0.295410,-0.671387,-396.789551,49.560547,307.434082
1333,-0.299805,-0.173828,-1.129395,-306.030273,10.681152,317.871094
1334,-0.318848,-0.190430,-1.221680,-245.178223,15.502930,321.166992
1335,-0.358887,-0.250488,-1.229492,-190.185547,29.724121,320.495605
1336,-0.441895,-0.315430,-1.095215,-153.991699,43.518066,313.049316
1337,-0.675293,-0.398438,-0.738281,-173.156738,36.804199,275.756836
1338,-0.725586,-0.424316,-0.708496,-205.200195,15.014648,247.497559
1339,-0.739258,-0.421875,-0.850098,-223.876953,-10.925293,213.684082
1340,-0.716309,-0.402832,-1.245605,-164.367676,-33.447266,136.657715
1341,-0.734375,-0.426270,-1.363281,-94.665527,-20.019531,94.116211
1342,-0.648926,-0.367188,-0.968750,18.310547,-5.310059,24.169922
1343,-0.591309,-0.280273,-0.763184,52.062988,-30.883789,5.981445
1344,-0.517090,-0.227051,-0.617676,85.937500,-71.411133,-2.014160
1345,-0.480957,-0.189453,-0.524902,123.291016,-123.229980,-3.784180
1346,-0.518066,-0.162598,-0.591797,200.195312,-236.145020,-0.305176
1347,-0.582520,-0.164062,-0.695801,234.802246,-273.254395,1.098633
1348,-0.738281,-0.188477,-0.827637,283.752441,-292.846680,10.009766
1349,-0.728027,-0.303223,-0.646973,280.212402,-288.513184,19.287109
1350,-0.763184,-0.347168,-0.593750,256.530762,-284.912109,24.353027
1351,-0.802246,-0.382324,-0.574219,224.731445,-273.925781,26.123047
1352,-0.907227,-0.445312,-0.387207,144.653320,-251.159668,12.817383
1353,-0.969238,-0.471680,-0.377930,109.802246,-252.319336,-2.685547
1354,-1.084961,-0.501465,-0.417480,94.299316,-254.150391,-22.033691
1355,-1.103516,-0.520996,-0.425781,101.318359,-257.568359,-39.123535
1356,-0.860840,-0.469238,-0.363770,124.084473,-271.667480,-43.884277
1357,-0.765137,-0.426758,-0.343750,120.666504,-263.366699,-38.879395
1358,-0.689941,-0.383789,-0.235352,108.154297,-250.122070,-31.494141
1359,-0.684082,-0.354004,-0.116699,91.857910,-243.286133,-23.376465
1360,-0.945801,-0.379883,-0.219727,85.388184,-221.374512,-17.822266
1361,-1.085938,-0.413574,-0.280273,91.735840,-173.339844,-17.150879
1362,-1.093750,-0.488770,-0.243164,85.937500,-118.164062,-9.704590
1363,-1.049316,-0.667480,-0.145508,76.904297,-47.973633,-11.352539
1364,-1.004883,-0.652832,0.093750,94.604492,-48.583984,-24.658203
1365,-0.972168,-0.584473,0.290039,115.722656,-75.500488,-37.475586
1366,-0.932129,-0.392090,0.604492,148.620605,-182.983398,-52.917480
1367,-1.021484,-0.378906,0.723145,132.202148,-233.825684,-55.480957
1368,-1.066406,-0.432129,0.707520,92.712402,-261.596680,-55.786133
1369,-0.974609,-0.623535,0.385742,25.390625,-262.084961,-62.011719
1370,-0.907715,-0.689453,0.288574,19.775391,-249.816895,-74.401855
1371,-0.743652,-0.578613,0.342285,24.291992,-234.252930,-104.797363
1372,-0.657227,-0.519043,0.358398,17.578125,-231.445312,-113.647461
1373,-0.653320,-0.504395,0.326172,10.559082,-217.407227,-121.215820
1374,-0.696777,-0.516113,0.331055,3.417969,-184.326172,-126.220703
1375,-0.696289,-0.569824,0.369141,-5.432129,-141.296387,-126.770020
1376,-0.587891,-0.646973,0.488281,-10.620117,-89.416504,-131.774902
1377,-0.509766,-0.646973,0.564453,-8.239746,-85.449219,-135.803223
1378,-0.458008,-0.650879,0.624512,-8.789062,-88.867188,-138.366699
1379,-0.434082,-0.616211,0.658203,-22.094727,-97.167969,-144.714355
1380,-0.419922,-0.622070,0.564453,-10.986328,-108.825684,-155.151367
1381,-0.400879,-0.628906,0.520020,4.333496,-108.825684,-160.766602
1382,-0.348145,-0.648926,0.512695,21.057129,-102.294922,-165.466309
1383,-0.270020,-0.671387,0.614746,30.700684,-93.139648,-168.762207
1384,-0.159668,-0.676270,0.787109,10.986328,-82.214355,-162.353516
1385,-0.148438,-0.688965,0.834961,-4.882812,-80.078125,-152.587891
1386,-0.173828,-0.709961,0.852051,-19.897461,-80.078125,-143.188477
1387,-0.169434,-0.729004,0.678223,-16.967773,-82.214355,-134.094238
1388,-0.162109,-0.755859,0.619629,3.723145,-83.618164,-137.878418
1389,-0.154297,-0.817871,0.608887,31.188965,-87.341309,-148.803711
1390,-0.066406,-0.860840,0.708496,74.157715,-106.872559,-176.940918
1391,-0.009766,-0.752441,0.750488,68.481445,-109.802246,-181.335449
1392,0.068359,-0.629883,0.746094,48.461914,-102.966309,-173.950195
1393,0.116211,-0.573730,0.703125,31.799316,-91.064453,-159.973145
1394,0.199707,-0.563965,0.688477,31.005859,-79.833984,-138.305664
1395,0.223633,-0.526855,0.693359,34.362793,-78.674316,-127.990723
1396,0.226074,-0.513184,0.694824,29.296875,-70.861816,-121.887207
1397,0.203125,-0.649414,0.710449,-12.329102,-36.193848,-133.300781
1398,0.226562,-0.723145,0.604492,-27.282715,-20.629883,-144.042969
1399,0.252930,-0.784668,0.545410,-34.484863,-8.728027,-154.663086
1400,0.208984,-0.620605,0.551270,-34.118652,14.648438,-166.809082
1401,0.226562,-0.582031,0.615234,-57.678223,42.663574,-172.546387
1402,0.372559,-0.499512,0.681641,-150.451660,115.600586,-179.138184
1403,0.454102,-0.456543,0.765625,-194.091797,143.493652,-165.771484
1404,0.533691,-0.449219,0.888184,-227.111816,154.479980,-139.404297
1405,0.569824,-0.495117,0.973145,-246.093750,141.845703,-105.957031
1406,0.411133,-0.672852,0.789062,-226.867676,82.153320,-54.992676
1407,0.403320,-0.738281,0.576172,-181.762695,54.687500,-39.611816
1408,0.392578,-0.755859,0.435059,-104.248047,29.907227,-25.573730
1409,0.338379,-0.689941,0.667480,-7.324219,-13.366699,-7.934570
1410,0.329102,-0.671387,0.705566,-25.695801,-16.357422,-0.915527
1411,0.329590,-0.712891,0.706055,-76.416016,-1.281738,-2.380371
1412,0.374023,-0.883789,0.542480,-181.945801,45.593262,-9.216309
1413,0.357422,-0.954590,0.432129,-207.763672,64.636230,-12.756348
1414,0.309082,-0.920898,0.358398,-217.590332,82.031250,-17.883301
1415,0.410645,-0.764648,0.406738,-237.060547,114.501953,-14.709473
1416,0.460449,-0.706055,0.466797,-262.084961,128.906250,-2.502441
1417,0.437988,-0.702637,0.490723,-289.733887,138.061523,13.793945
1418,0.387695,-0.738281,0.471191,-304.077148,136.779785,29.541016
1419,0.271484,-0.988770,0.361816,-283.691406,100.463867,47.180176
1420,0.224609,-1.100098,0.283691,-246.215820,71.472168,43.762207
1421,0.187012,-1.138672,0.189941,-204.406738,43.151855,39.367676
1422,0.125488,-1.055176,0.008301,-134.704590,13.488770,23.376465
1423,0.264160,-0.958984,0.031738,-132.812500,23.193359,18.493652
1424,0.396484,-0.897461,0.074219,-160.217285,45.043945,22.766113
1425,0.312012,-0.822266,0.175293,-239.257812,85.937500,39.184570
1426,0.254883,-0.839355,0.153320,-267.517090,85.021973,45.166016
1427,0.204590,-0.857910,0.064941,-279.296875,73.669434,49.987793
1428,0.210938,-1.009766,-0.232910,-248.291016,44.860840,51.940918
1429,0.208984,-1.042480,-0.338379,-208.374023,34.179688,46.630859
1430,0.186523,-1.029785,-0.341309,-163.085938,26.550293,39.428711
1431,0.174805,-0.992676,-0.247559,-123.535156,17.150879,32.531738
1432,0.176270,-0.951172,-0.092773,-87.219238,-11.596680,27.343750
1433,0.158691,-0.975098,-0.122559,-81.115723,-26.550293,27.526855
1434,0.184082,-1.003418,-0.293457,-44.982910,-52.001953,23.315430
1435,0.214355,-1.010742,-0.306152,-20.812988,-61.340332,17.333984
1436,0.185547,-1.015625,-0.283691,0.854492,-70.678711,7.446289
1437,0.213867,-0.875000,-0.161133,25.024414,-86.242676,-2.807617
1438,0.230957,-0.862305,-0.111816,18.798828,-90.026855,1.953125
1439,0.187012,-0.864746,-0.091797,-5.187988,-88.806152,8.117676
1440,0.115234,-0.885254,-0.142090,-42.907715,-79.650879,12.451172
1441,0.155273,-0.811523,-0.329590,-121.826172,-61.584473,18.615723
1442,0.185059,-0.810059,-0.487305,-133.666992,-50.842285,18.859863
1443,0.165039,-0.820801,-0.610352,-118.286133,-42.663574,15.747070
1444,0.158203,-0.849609,-0.634277,-28.076172,-53.710938,3.723145
1445,0.165527,-0.830566,-0.561523,17.395020,-65.490723,-2.136230
1446,0.156250,-0.779297,-0.520020,50.231934,-72.082520,-5.371094
1447,0.114746,-0.845703,-0.454102,85.937500,-79.101562,4.211426
1448,0.095703,-0.812012,-0.627441,108.337402,-86.364746,7.873535
1449,0.025391,-0.848145,-0.650391,135.192871,-90.576172,5.615234
1450,-0.011719,-0.837402,-0.616211,157.775879,-88.134766,-13.916016
1451,0.036133,-0.751953,-0.441895,145.690918,-74.890137,-20.324707
1452,0.063477,-0.734375,-0.366211,112.792969,-52.673340,-21.911621
1453,0.085938,-0.720215,-0.328125,60.424805,-24.780273,-18.493652
1454,0.089844,-0.709473,-0.366211,-54.931641,25.390625,-2.807617
1455,0.074219,-0.715820,-0.430176,-85.205078,33.691406,3.906250
1456,0.051758,-0.724121,-0.493652,-88.073730,27.832031,10.009766
1457,-0.377930,-1.311035,-0.467773,-13.488770,-2.624512,25.878906
1458,-0.290527,-1.250000,-0.705078,29.907227,-14.953613,33.203125
1459,-0.312012,-1.415527,-0.623047,15.075684,-16.662598,-10.681152
1460,-0.303223,-1.536133,-0.496582,12.451172,-25.390625,-79.284668
1461,0.024414,-1.029297,-0.318359,63.659668,-38.940430,-139.953613
1462,0.107422,-0.891113,-0.243164,102.294922,-53.833008,-130.798340
1463,0.140137,-0.905273,-0.164551,122.619629,-66.040039,-115.173340
1464,0.226562,-0.955078,0.074707,93.872070,-102.355957,-125.427246
1465,0.304199,-0.893066,0.155762,43.029785,-101.806641,-127.197266
1466,0.307617,-0.920898,0.095215,-25.817871,-83.435059,-138.122559
1467,0.318848,-0.988281,-0.040039,-156.738281,-42.541504,-179.931641
1468,0.334473,-1.131348,-0.297852,-187.866211,-35.278320,-212.951660
1469,0.369141,-1.169922,-0.638672,-192.382812,-19.531250,-247.436523
1470,0.440430,-1.044922,-0.872559,-159.301758,2.685547,-274.780273
1471,0.587891,-0.614746,-0.937988,-11.718750,33.325195,-266.174316
1472,0.688477,-0.525391,-0.885254,69.702148,50.231934,-220.458984
1473,0.616211,-0.638184,-0.877930,158.569336,61.584473,-189.453125
1474,0.462891,-0.713867,-0.561035,290.405273,103.881836,-205.993652
1475,0.427246,-0.674805,-0.313477,299.621582,133.117676,-224.304199
1476,0.428223,-0.594727,-0.089355,281.311035,160.034180,-242.736816
1477,0.464844,-0.366699,0.291016,175.292969,193.176270,-276.123047
1478,0.444336,-0.456055,0.551758,72.570801,197.814941,-286.804199
1479,0.450195,-0.647461,0.694824,-40.466309,178.222656,-299.987793
1480,0.514160,-0.702637,0.283203,-98.266602,69.274902,-328.125000
1481,0.517090,-0.621094,0.086914,-37.597656,0.122070,-333.923340
1482,0.855957,-0.337891,-0.109863,27.221680,-52.062988,-313.720703
1483,0.916992,-0.326172,-0.002930,61.767578,-62.377930,-258.666992
1484,1.057129,-0.139160,0.195801,-17.211914,-67.138672,-209.045410
1485,1.186523,-0.044922,0.073730,-95.153809,-39.550781,-172.912598
1486,1.211914,-0.049805,-0.217773,-148.193359,10.559082,-125.427246
1487,1.093262,-0.121582,-0.381348,-130.432129,110.351562,-33.996582
1488,1.037109,-0.166992,-0.317871,-104.431152,144.165039,1.525879
1489,0.993164,-0.215820,-0.215332,-76.721191,158.996582,24.658203
1490,0.963867,-0.341309,0.020508,23.864746,107.299805,21.789551
1491,0.960449,-0.148438,0.083984,62.500000,68.664551,18.554688
1492,1.013184,-0.003418,0.038086,75.134277,40.893555,29.113770
1493,1.085449,-0.076660,-0.058105,77.270508,38.696289,49.255371
1494,0.930664,-0.364746,0.130859,44.067383,57.373047,88.806152
1495,0.858398,-0.364746,0.134277,22.766113,61.706543,97.167969
1496,0.898926,-0.216797,0.046875,10.437012,67.016602,104.125977
1497,0.836914,-0.139648,0.064453,-11.535645,126.525879,138.183594
1498,0.752441,-0.249023,0.270020,-51.025391,163.208008,145.812988
1499,0.733887,-0.479980,0.388184,-87.524414,174.255371,137.451172
1500,0.832520,-0.609863,0.401367,-93.200684,156.555176,114.807129
1501,0.835449,-0.501953,0.225098,-86.547852,106.506348,110.046387
1502,0.744629,-0.550781,0.104492,-62.072754,85.205078,117.675781
1503,0.643066,-0.612793,0.073730,-27.343750,71.960449,110.351562
1504,0.664062,-0.650879,0.253418,29.418945,54.260254,78.613281
1505,0.734375,-0.622070,0.326660,50.781250,43.212891,76.538086
1506,0.743652,-0.617188,0.342285,70.861816,30.212402,78.979492
1507,0.733398,-0.681152,0.285156,97.900391,20.263672,63.781738
1508,0.732422,-0.676270,0.265137,98.571777,40.100098,44.982910
1509,0.744141,-0.645996,0.393555,78.613281,68.664551,26.123047
1510,0.897949,-0.603027,0.446777,-6.103516,105.895996,4.516602
1511,0.888672,-0.475586,0.511230,-18.798828,111.328125,6.225586
1512,0.722656,-0.424805,0.638672,-21.423340,98.693848,18.920898
1513,0.513184,-0.510254,0.587891,22.460938,9.887695,19.348145
1514,0.549316,-0.678223,0.573730,33.142090,-8.544922,11.718750
1515,0.579102,-0.814941,0.596191,35.827637,-13.488770,0.244141
1516,0.598145,-0.882324,0.634277,32.653809,-14.038086,-18.127441
1517,0.815430,-0.492676,0.553711,-3.356934,1.098633,-34.301758
1518,0.827148,-0.422852,0.437500,-19.042969,12.817383,-24.841309
1519,0.772461,-0.490723,0.393066,-19.104004,15.686035,-18.249512
1520,0.674805,-0.823730,0.387207,13.854980,-2.380371,-34.179688
1521,0.713379,-0.773438,0.341309,44.677734,-11.840820,-51.513672
1522,0.679688,-0.580078,0.399414,56.335449,-12.817383,-57.556152
1523,0.633301,-0.419434,0.377441,59.875488,-6.225586,-58.471680
1524,0.615723,-0.344727,0.480469,47.119141,12.512207,-42.602539
1525,0.528809,-0.517578,0.504883,37.597656,17.089844,-42.175293
1526,0.486816,-0.609863,0.580078,13.916016,-6.835938,-79.528809
1527,0.633789,-0.447266,0.571777,12.329102,-26.000977,-92.529297
1528,0.774414,-0.310059,0.573242,20.141602,-41.137695,-85.449219
1529,0.817383,-0.209961,0.676270,23.681641,-51.269531,-73.974609
1530,0.799316,-0.225098,0.651367,-11.779785,-53.466797,-63.415527
1531,0.913086,-0.278320,0.558105,-33.935547,-53.527832,-56.030273
1532,0.955566,-0.379395,0.516602,-42.541504,-64.331055,-42.785645
1533,0.968262,-0.470703,0.431641,-36.987305,-100.830078,-10.131836
1534,0.944824,-0.411133,0.375000,-47.058105,-103.576660,3.906250
1535,0.864746,-0.295410,0.198242,-82.153320,-68.115234,30.151367
1536,0.826660,-0.312988,0.140625,-82.763672,-45.043945,39.306641
1537,0.765625,-0.372559,0.145020,-71.472168,-25.878906,41.198730
1538,0.674805,-0.513672,0.113281,-49.804688,10.314941,10.986328
1539,0.712891,-0.514648,-0.059082,-37.902832,37.170410,-19.531250
1540,0.895996,-0.697754,-0.206055,-9.826660,66.711426,-48.645020
1541,0.857422,-0.756348,-0.045898,15.136719,82.092285,-78.674316
1542,0.682617,-0.612793,0.375488,-5.126953,84.899902,-155.700684
1543,0.696289,-0.499512,0.442871,-28.259277,76.477051,-193.420410
1544,0.693848,-0.255859,0.427734,-45.104980,65.002441,-238.891602
1545,0.630371,-0.152344,0.516113,-27.709961,62.561035,-244.750977
1546,0.642090,-0.137207,0.574707,-12.268066,60.302734,-245.300293
1547,0.759277,-0.158691,0.560059,5.737305,51.147461,-240.051270
1548,0.900879,-0.081055,0.624512,53.344727,1.281738,-210.632324
1549,0.937012,0.038086,0.615723,72.021484,-26.184082,-192.565918
1550,0.959961,0.127441,0.543945,94.055176,-51.025391,-163.635254
1551,1.029785,0.173828,0.329590,96.862793,-49.560547,-154.418945
1552,1.043945,0.146484,0.296387,102.661133,-47.424316,-146.301270
1553,0.951660,0.150879,0.412109,106.201172,-48.767090,-140.380859
1554,0.916016,0.236328,0.477051,92.041016,-47.180176,-121.765137
1555,0.958496,0.308594,0.491699,76.110840,-39.794922,-103.393555
1556,1.007324,0.354004,0.445801,57.495117,-26.794434,-82.580566
1557,1.136719,0.240234,0.337402,25.451660,1.037598,-48.034668
1558,1.043457,0.154785,0.350586,23.254395,7.202148,-36.560059
1559,0.898438,0.129883,0.365723,28.442383,6.652832,-31.372070
1560,0.816895,0.142578,0.332520,32.409668,5.432129,-33.203125
1561,0.786621,0.226562,0.253906,23.559570,14.770508,-61.523438
1562,0.764160,0.229004,0.291992,8.850098,27.770996,-85.083008
1563,0.794434,0.201660,0.398438,-9.216309,41.076660,-110.717773
1564,0.811523,0.200684,0.512695,-25.085449,32.836914,-149.536133
1565,0.750977,0.208496,0.487793,-22.460938,17.150879,-163.024902
1566,0.709473,0.262695,0.457031,-18.371582,1.281738,-173.706055
1567,0.666016,0.387207,0.431152,-24.475098,-20.141602,-195.007324
1568,0.744629,0.383301,0.395508,-29.602051,-28.198242,-204.467773
1569,0.829102,0.363770,0.211914,-15.808105,-33.935547,-207.519531
1570,0.786133,0.357422,0.100098,17.822266,-31.982422,-205.261230
1571,0.646484,0.448242,0.151855,93.994141,-23.803711,-195.312500
1572,0.631348,0.573242,0.292480,111.694336,-19.775391,-191.467285
1573,0.628906,0.716309,0.385742,100.585938,-8.544922,-192.138672
1574,0.594727,0.876465,0.375977,38.818359,38.757324,-202.575684
1575,0.515625,0.891602,0.431152,-1.037598,49.316406,-209.716797
1576,0.453125,0.894531,0.520508,-39.245605,42.724609,-213.867188
1577,0.469238,0.893555,0.738281,-105.712891,-19.897461,-207.214355
1578,0.582520,0.943848,0.817871,-138.305664,-63.110352,-188.476562
1579,0.566895,0.963379,0.764648,-151.733398,-112.182617,-164.550781
1580,0.582031,0.901367,0.530762,-144.226074,-154.724121,-141.479492
1581,0.620117,0.813477,-0.167969,-63.049316,-143.554688,-110.961914
1582,0.564453,0.778809,-0.284668,-9.948730,-99.670410,-102.539062
1583,0.493652,0.761719,-0.150879,81.237793,0.061035,-90.393066
1584,0.451172,0.812500,-0.062500,108.093262,41.381836,-84.289551
1585,0.413574,0.841797,-0.047363,133.300781,76.538086,-79.650879
1586,0.316895,0.832520,-0.017090,157.775879,105.590820,-78.796387
1587,0.094727,0.708008,0.003418,189.453125,153.869629,-109.497070
1588,0.053711,0.699707,0.023926,195.312500,176.269531,-135.375977
1589,0.266602,1.060059,0.510254,163.574219,185.424805,-174.987793
1590,0.279785,1.142578,0.623535,145.507812,153.625488,-179.687500
1591,0.317871,1.302734,0.695801,129.821777,103.759766,-172.363281
1592,0.324707,1.435547,0.755371,105.468750,45.654297,-143.737793
1593,0.041992,1.094238,0.422852,22.888184,-44.433594,-79.223633
1594,0.010742,1.105469,0.383301,-27.770996,-62.500000,-58.105469
1595,0.029297,1.113770,0.374023,-68.176270,-70.922852,-40.649414
1596,0.053711,1.084473,0.350586,-103.332520,-69.885254,-30.761719
1597,0.079590,1.028809,0.190430,-175.170898,-51.208496,-18.981934
1598,0.164062,1.043457,0.125488,-189.331055,-49.133301,-12.817383
1599,0.295898,1.123047,0.175781,-166.748047,-66.711426,-0.915527
1600,0.291992,0.999512,-0.011719,-72.265625,-82.458496,35.827637
1601,0.152832,0.834961,-0.096680,-27.893066,-49.926758,35.461426
1602,0.054688,0.742188,-0.043945,9.643555,-12.084961,19.714355
1603,0.123047,0.875000,0.330566,-3.051758,24.536133,0.183105
1604,0.088379,0.873047,0.840332,-18.188477,23.986816,-7.080078
1605,0.098145,0.850098,0.439453,-31.433105,-11.596680,-8.789062
1606,0.206543,0.980469,0.555176,-34.912109,-30.761719,-19.104004
1607,0.216309,1.022949,0.467773,-49.072266,-37.719727,-25.024414
1608,0.202148,1.044922,0.521484,-54.931641,-46.325684,-23.498535
1609,0.074219,1.041016,0.641113,-44.189453,-87.768555,2.258301
1610,0.069824,0.996094,0.666016,-41.320801,-108.947754,3.173828
1611,0.084473,0.940430,0.575195,-56.396484,-120.788574,-6.896973
1612,0.095703,0.832031,0.492188,-69.396973,-128.723145,-20.507812
1613,0.099609,0.665527,0.211426,-67.199707,-117.858887,-51.269531
1614,0.019043,0.623535,0.173340,-60.058594,-99.304199,-75.012207
1615,0.013672,0.943848,0.195312,-54.199219,-56.823730,-111.755371
1616,0.005859,1.039062,0.148438,-47.424316,-31.433105,-120.361328
1617,0.013672,1.013184,0.108398,-24.230957,-6.835938,-124.389648
1618,0.046875,0.957031,0.112793,12.390137,13.122559,-127.319336
1619,0.122070,0.907715,0.338867,65.551758,37.475586,-130.798340
1620,0.065430,0.889160,0.416504,63.537598,42.968750,-124.633789
1621,-0.139160,0.916016,0.623535,3.662109,42.663574,-110.839844
1622,-0.186523,0.905762,0.614746,-26.306152,25.024414,-109.436035
1623,-0.166992,0.905762,0.543945,-37.109375,-5.187988,-110.473633
1624,-0.104492,0.970703,0.512207,-47.241211,-72.570801,-106.262207
1625,-0.074219,0.988770,0.518555,-52.429199,-93.872070,-98.510742
1626,-0.086426,0.982422,0.503906,-51.086426,-102.783203,-89.660645
1627,-0.125488,0.975586,0.471680,-43.457031,-105.529785,-78.735352
1628,-0.117676,1.040527,0.242676,-17.517090,-89.660645,-54.626465
1629,-0.089844,1.032227,0.185059,-7.507324,-68.420410,-41.381836
1630,-0.031250,0.936035,0.052734,13.549805,-10.681152,-20.324707
1631,-0.044922,0.869141,0.053223,27.832031,28.442383,-19.165039
1632,-0.112793,0.835938,0.144043,41.442871,66.406250,-24.414062
1633,-0.182129,0.820312,0.237793,52.490234,94.360352,-34.423828
1634,-0.309570,0.772949,0.312012,53.039551,122.619629,-55.969238
1635,-0.359863,0.749023,0.352539,42.175293,131.347656,-67.016602
1636,-0.362793,0.801270,0.513184,24.169922,129.760742,-78.735352
1637,-0.265625,0.916504,0.716309,11.535645,58.105469,-85.815430
1638,-0.238281,0.930664,0.707031,10.559082,8.483887,-81.787109
1639,-0.237305,0.915527,0.669922,9.033203,-38.146973,-75.866699
1640,-0.323242,0.845215,0.514160,13.488770,-91.308594,-78.125000
1641,-0.403320,0.822754,0.451172,14.038086,-90.637207,-85.021973
1642,-0.481934,0.785645,0.385742,2.746582,-80.261230,-90.454102
1643,-0.477051,0.850098,0.244629,-18.432617,-72.753906,-97.106934
1644,-0.347168,0.939453,0.145020,4.272461,-84.716797,-93.994141
1645,-0.206543,1.027832,0.179199,28.503418,-85.815430,-84.655762
1646,-0.045410,1.153320,0.317383,-7.934570,-40.222168,-33.264160
1647,-0.125000,1.080078,0.225586,-22.583008,-9.155273,4.882812
1648,-0.197266,0.987305,0.203613,-23.925781,20.935059,42.724609
1649,-0.314941,0.862305,0.277344,-33.081055,49.133301,65.673828
1650,-0.340820,0.763672,0.214355,-55.358887,80.261230,43.151855
1651,-0.251465,0.817871,0.416016,-45.104980,75.134277,19.775391
1652,-0.215820,0.718750,0.606934,-59.326172,65.795898,-3.112793
1653,-0.329102,0.762695,0.789551,-72.265625,10.131836,-33.508301
1654,-0.327637,0.793945,0.713867,-68.542480,-20.080566,-44.311523
1655,-0.334961,0.878418,0.678223,-71.594238,-40.283203,-45.288086
1656,-0.382812,1.060547,0.679199,-117.004395,-65.429688,-22.644043
1657,-0.363281,1.063477,0.252441,-83.068848,-69.885254,5.126953
1658,-0.487793,0.785645,0.394043,-52.185059,-49.194336,12.390137
1659,-0.250000,0.688477,0.557129,-13.000488,-40.710449,0.244141
1660,-0.235840,0.721680,0.565918,-7.995605,-45.776367,-2.197266
1661,-0.272461,0.755371,0.547363,-16.052246,-49.316406,-8.728027
1662,-0.433594,0.883301,0.556152,-62.194824,-63.720703,-29.602051
1663,-0.358887,0.877441,0.521484,-79.895020,-63.171387,-31.738281
1664,-0.323730,0.739258,0.490234,-98.144531,-44.799805,-30.151367
1665,-0.270508,0.478027,0.676758,-73.181152,-10.070801,-43.884277
1666,-0.230469,0.460938,0.771484,-54.016113,-11.901855,-57.800293
1667,-0.261719,0.473145,0.934082,-15.625000,-39.245605,-75.439453
1668,-0.412598,0.554199,0.710449,30.273438,-103.149414,-129.089355
1669,-0.457520,0.791016,0.647949,32.714844,-116.638184,-139.099121
1670,-0.456055,0.976074,0.485352,23.376465,-117.370605,-129.943848
1671,-0.453125,0.846680,0.452637,-33.569336,-91.125488,-77.880859
1672,-0.402832,0.749512,0.467773,-72.937012,-69.274902,-56.274414
1673,-0.384277,0.609863,0.435547,-104.492188,-44.494629,-49.316406
1674,-0.364258,0.389160,0.444336,-104.309082,-2.258301,-89.782715
1675,-0.429199,0.336426,0.519043,-77.941895,9.399414,-121.215820
1676,-0.526367,0.416016,0.648926,-29.724121,14.160156,-141.418457
1677,-0.708008,0.625488,0.664062,88.134766,16.052246,-151.184082
1678,-0.716797,0.652832,0.599609,137.573242,22.583008,-158.142090
1679,-0.687988,0.600098,0.625488,163.208008,31.127930,-173.095703
1680,-0.550293,0.589355,0.773438,139.465332,30.517578,-219.116211
1681,-0.514160,0.648438,0.861816,111.328125,16.296387,-232.788086
1682,-0.668457,0.672363,0.935059,49.499512,-34.057617,-236.145020
1683,-0.783203,0.585449,0.819824,21.850586,-49.987793,-237.182617
1684,-0.766113,0.380371,0.419434,-22.827148,-31.066895,-247.863770
1685,-0.642578,0.208496,0.273438,-22.216797,0.854492,-261.718750
1686,-0.570312,0.209473,0.306641,-19.775391,38.635254,-281.005859
1687,-0.618652,0.391602,0.847656,-43.945312,62.988281,-291.992188
1688,-0.711914,0.385254,0.996582,-60.485840,36.987305,-271.362305
1689,-0.841797,0.162598,0.956543,-79.895020,5.859375,-250.549316
1690,-0.838379,0.124023,0.547852,-82.824707,-13.854980,-220.336914
1691,-0.762695,0.180176,0.471191,-61.584473,-10.559082,-209.106445
1692,-0.680664,0.340820,0.549316,-46.875000,-9.155273,-191.223145
1693,-0.814941,0.166504,0.699219,-80.627441,-8.483887,-160.522461
1694,-0.915527,-0.063477,0.762207,-118.408203,-8.056641,-172.241211
1695,-0.913086,-0.068359,0.773438,-147.155762,-13.000488,-193.359375
1696,-0.764648,0.015625,0.731445,-136.169434,-26.184082,-209.167480
1697,-0.645508,0.032227,0.697754,-113.281250,-35.095215,-197.204590
1698,-0.656250,0.017090,0.764160,-106.018066,-41.320801,-180.847168
1699,-0.737305,-0.231934,0.770020,-140.991211,-41.503906,-146.606445
1700,-0.747070,-0.327148,0.678711,-147.583008,-36.987305,-133.483887
1701,-0.759766,-0.384766,0.557129,-135.559082,-31.799316,-123.535156
1702,-0.720215,-0.502441,0.242676,-59.936523,-14.160156,-121.398926
1703,-0.715820,-0.533691,0.212402,-12.268066,-1.342773,-132.995605
1704,-0.728516,-0.537598,0.284180,28.259277,10.192871,-148.803711
1705,-0.761230,-0.515625,0.427734,49.377441,19.042969,-166.320801
1706,-0.733398,-0.627441,0.756836,17.395020,26.611328,-213.745117
1707,-0.695312,-0.627930,0.802246,-16.967773,26.489258,-239.807129
1708,-0.658203,-0.653320,0.713379,-69.274902,17.395020,-286.376953
1709,-0.671387,-0.649414,0.667480,-78.979492,10.742188,-305.969238
1710,-0.623535,-0.627930,0.664062,-84.655762,7.080078,-323.669434
1711,-0.466309,-0.472168,0.735840,-70.495605,-10.803223,-339.111328
1712,-0.353027,-0.417969,0.822754,-57.495117,-37.353516,-330.749512
1713,-0.291016,-0.434570,0.805176,-45.471191,-74.584961,-312.500000
1714,-0.221680,-0.693848,0.470703,24.230957,-150.573730,-270.324707
1715,-0.201660,-0.725586,0.364746,66.955566,-176.330566,-254.455566
1716,-0.131348,-0.616699,0.308594,98.510742,-191.650391,-237.243652
1717,0.107910,-0.394531,0.598145,46.386719,-48.461914,-2.990723
1718,0.047363,-0.780762,0.974121,-55.480957,-7.629395,69.641113
1719,0.057617,-0.907227,0.860840,-119.934082,-26.062012,95.092773
1720,0.020508,-1.006836,0.508301,-133.178711,-41.931152,96.923828
1721,0.019043,-0.902832,0.177734,-55.053711,-18.005371,73.181152
1722,0.001465,-0.841797,0.207031,12.512207,10.620117,63.354492
1723,-0.088379,-0.779785,0.252930,117.309570,62.133789,39.428711
1724,-0.136230,-0.750000,0.306641,148.376465,80.383301,30.090332
1725,-0.187500,-0.728516,0.477051,166.503906,85.632324,27.221680
1726,-0.300781,-0.713867,0.952637,173.156738,71.105957,34.301758
1727,-0.345215,-0.712402,1.549805,136.474609,20.874023,45.410156
1728,-0.248535,-0.861328,0.779297,34.423828,-14.953613,47.180176
1729,-0.140625,-0.793457,0.612793,-4.150391,10.925293,32.592773
1730,-0.038086,-0.497559,0.687012,-36.743164,34.423828,35.888672
1731,-0.136230,-0.567383,0.678223,-31.066895,27.343750,50.598145
1732,-0.265625,-0.756348,0.685547,-16.662598,17.395020,54.504395
1733,-0.287598,-0.745117,0.672363,8.483887,6.469727,46.264648
1734,-0.189941,-0.746094,0.446777,96.740723,5.737305,51.147461
1735,-0.287598,-0.906738,0.602051,133.972168,24.475098,42.175293
1736,-0.487793,-0.667480,0.888672,126.159668,38.208008,29.479980
1737,-0.449219,-0.547363,1.142090,14.465332,7.385254,8.544922
1738,-0.313965,-0.487305,0.804688,-29.663086,8.850098,13.061523
1739,-0.379883,-0.566406,0.932129,-73.608398,5.187988,5.249023
1740,-0.405762,-0.606445,0.845215,-139.404297,-17.578125,-16.418457
1741,-0.360352,-0.629883,0.764160,-141.540527,-27.648926,-26.916504
1742,-0.235840,-0.560059,0.697266,-128.601074,-41.625977,-24.841309
1743,-0.232422,-0.686523,0.586914,-113.220215,-52.124023,-21.301270
1744,-0.034668,-0.838379,0.370117,-72.937012,-33.142090,-0.915527
1745,-0.006836,-0.903320,0.261230,-36.926270,17.211914,23.010254
1746,-0.141602,-0.982422,0.301270,1.892090,61.767578,27.648926
1747,-0.541504,-0.942871,0.673340,54.992676,102.416992,-7.873535
1748,-0.543945,-0.940430,0.794922,55.419922,95.825195,-35.461426
1749,-0.491211,-0.907715,0.817871,39.855957,87.402344,-60.791016
1750,-0.460938,-0.841309,0.798828,18.859863,81.115723,-75.988770
1751,-0.530273,-1.127441,0.826660,-28.625488,71.411133,-132.751465
1752,-0.571777,-1.001465,0.756836,-41.870117,59.631348,-170.104980
1753,-0.461426,-0.989746,0.604980,-89.721680,38.269043,-234.008789
1754,-0.271484,-0.915039,0.456055,-111.389160,45.166016,-265.014648
1755,-0.088379,-0.759277,0.336426,-143.737793,81.542969,-289.916992
1756,0.054199,-0.568359,0.016113,-201.721191,200.134277,-309.692383
1757,0.012207,-0.683594,-0.014648,-188.171387,242.919922,-302.917480
1758,0.002441,-0.886719,0.070801,-73.059082,260.070801,-300.048828
1759,0.039062,-0.737305,0.251465,25.085449,233.276367,-300.476074
1760,0.148438,-0.547852,0.275879,194.519043,158.630371,-280.334473
1761,0.001953,-0.826660,0.779785,263.732910,79.895020,-271.423340
1762,0.065918,-0.759277,0.656738,170.837402,74.829102,-301.330566
1763,0.061035,-0.615723,0.622559,59.692383,94.848633,-323.242188
1764,0.207031,-0.124512,0.378418,-12.573242,119.995117,-280.761719
1765,0.346191,-0.113770,0.459473,31.982422,105.407715,-204.650879
1766,0.439453,-0.284180,0.532715,49.072266,84.106445,-128.051758
1767,0.458984,-0.387207,0.594238,35.034180,61.828613,-63.476562
1768,0.252441,-0.921387,1.150879,26.794434,-49.560547,-2.197266
1769,0.551758,-0.615234,0.437012,39.916992,-115.417480,17.517090
1770,0.531250,-0.552246,0.229980,150.146484,-9.521484,115.417480
1771,0.291504,-0.814941,0.682129,167.785645,39.245605,99.060059
1772,0.155273,-0.906738,1.220703,130.249023,51.025391,63.110352
1773,0.036133,-0.875488,1.440918,65.307617,20.202637,14.038086
1774,0.058105,-0.676758,0.837891,-31.066895,-14.343262,-45.654297
1775,0.170410,-0.600586,0.674316,-66.650391,28.198242,-39.916992
1776,0.288574,-0.614746,0.658203,-116.455078,82.641602,-10.864258
1777,0.074707,-1.014648,0.533203,-119.934082,121.032715,13.977051
1778,-0.109375,-1.164551,0.681641,-75.927734,93.688965,-22.766113
1779,-0.127930,-1.081055,0.774414,-30.212402,52.612305,-66.284180
1780,0.099609,-0.746582,1.010742,-22.521973,-15.014648,-111.206055
1781,0.341797,-0.593750,1.013184,-46.875000,-44.189453,-112.365723
1782,0.484863,-0.576660,0.923340,-63.598633,-68.176270,-94.360352
1783,0.439941,-0.657715,0.681641,-72.814941,-75.622559,-82.092285
1784,0.199707,-0.629883,0.620117,-93.505859,-17.456055,-98.266602
1785,0.236816,-0.546875,0.733398,-117.797852,4.760742,-93.750000
1786,0.441406,-0.541504,0.757812,-164.550781,19.348145,-72.082520
1787,0.788086,-0.960938,0.054688,-198.913574,74.279785,-20.141602
1788,0.659668,-0.855957,0.187012,-160.461426,103.454590,-6.835938
1789,0.448730,-0.732910,0.446777,-134.765625,106.689453,9.765625
1790,0.265137,-0.750977,0.621094,-130.737305,103.637695,12.878418
1791,0.127930,-0.812988,0.701172,-186.035156,92.346191,-13.366699
1792,0.198730,-0.732910,0.547363,-210.388184,85.754395,-25.695801
1793,0.346191,-0.617676,0.396484,-200.378418,52.429199,-6.835938
1794,0.435547,-0.732910,0.289551,-190.246582,30.822754,9.094238
1795,0.383301,-0.862305,0.167969,-171.508789,23.315430,11.901855
1796,0.225586,-0.930176,0.181152,-153.564453,18.920898,10.192871
1797,0.448730,-0.971680,0.038086,-136.413574,41.198730,5.004883
1798,0.480469,-0.934082,0.026367,-126.342773,57.128906,19.470215
1799,0.442871,-0.880371,0.073242,-123.413086,77.697754,32.226562
1800,0.270020,-0.871094,0.253906,-146.606445,109.985352,43.212891
1801,0.170898,-0.913574,0.313965,-170.654297,115.966797,40.405273
1802,0.150391,-0.955566,0.291992,-190.856934,113.098145,33.996582
1803,0.251953,-0.970215,0.230957,-232.910156,99.243164,23.254395
1804,0.405762,-0.921875,0.159668,-261.718750,94.116211,26.000977
1805,0.329102,-0.893066,0.022949,-282.897949,95.520020,26.123047
1806,0.299805,-0.831543,-0.008789,-295.349121,96.496582,21.667480
1807,0.391113,-0.771973,-0.061035,-319.580078,92.895508,34.729004
1808,0.347656,-0.795898,-0.083496,-338.562012,86.669922,44.372559
1809,0.312012,-0.815918,-0.134766,-353.271484,76.477051,48.828125
1810,0.229004,-0.843750,-0.278320,-369.689941,53.894043,46.997070
1811,0.212891,-0.804199,-0.335449,-374.145508,44.982910,37.902832
1812,0.280762,-0.673828,-0.789062,-373.718262,47.851562,27.709961
1813,0.262695,-0.647461,-0.940430,-319.396973,106.323242,34.606934
1814,0.232910,-0.682129,-0.946289,-271.545410,102.111816,34.362793
1815,0.243164,-0.670898,-0.950195,-219.848633,87.158203,38.513184
1816,0.229004,-0.730469,-0.926270,-90.637207,41.198730,25.268555
1817,0.310059,-0.669922,-0.773438,-33.813477,16.540527,19.226074
1818,0.321777,-0.630859,-0.636719,-6.652832,-3.295898,24.291992
1819,0.172852,-0.686523,-0.724609,-30.578613,7.446289,29.296875
1820,0.165039,-0.663086,-0.747559,-50.109863,27.404785,22.399902
1821,0.200195,-0.619629,-0.730469,-52.001953,32.348633,18.798828
1822,0.233398,-0.607910,-0.728027,-33.081055,19.104004,18.310547
1823,0.238770,-0.688477,-0.706055,3.845215,-12.207031,13.977051
1824,0.209473,-0.708496,-0.670410,-1.647949,-14.221191,8.911133
1825,0.261719,-0.655762,-0.792480,-21.423340,-8.361816,-0.061035
1826,0.302734,-0.609863,-0.943359,-10.986328,-0.915527,4.333496
1827,0.213379,-0.635254,-0.979492,24.597168,-3.540039,4.272461
1828,0.147949,-0.714844,-1.026855,132.080078,-23.986816,-20.507812
1829,0.134766,-0.750977,-0.964355,179.138184,-29.052734,-35.522461
1830,0.154297,-0.761230,-0.825195,206.054688,-31.799316,-43.701172
1831,0.139648,-0.739746,-0.645996,200.012207,-18.859863,-62.072754
1832,0.183594,-0.671387,-0.635742,181.579590,-3.967285,-63.964844
1833,0.253906,-0.690918,-0.862793,190.002441,26.977539,-53.649902
1834,0.274414,-0.855469,-0.704102,223.388672,22.033691,-55.114746
1835,0.462891,-0.865234,-0.330078,283.508301,-60.180664,-42.358398
1836,0.527832,-0.771973,-0.238770,286.804199,-99.304199,-25.634766
1837,0.465820,-0.809082,-0.302734,273.986816,-110.839844,-11.474609
1838,0.331543,-0.868652,-0.257812,251.708984,-106.323242,-16.418457
1839,0.247559,-0.796387,-0.203613,247.192383,-110.229492,-39.855957
1840,0.268066,-0.956543,-0.066406,255.432129,-127.990723,-50.537109
1841,0.291016,-1.000977,-0.016113,274.963379,-169.860840,-66.162109
1842,0.229492,-0.977539,-0.093262,290.161133,-177.917480,-68.420410
1843,0.256348,-0.817383,-0.100098,312.683105,-178.100586,-66.223145
1844,0.312012,-0.580566,-0.079590,348.876953,-176.513672,-26.916504
1845,0.386719,-0.480957,-0.083496,369.812012,-171.997070,4.272461
1846,0.409180,-0.508789,0.012695,385.925293,-168.762207,31.494141
1847,0.610840,-0.460449,0.021484,409.301758,-166.442871,90.332031
1848,0.665039,-0.523438,-0.105957,424.865723,-139.038086,129.028320
1849,0.437988,-1.261230,0.030762,393.920898,-67.871094,125.610352
1850,0.064453,-1.024414,0.578613,245.605469,66.223145,44.311523
1851,-0.064941,-0.776367,0.739746,177.062988,95.397949,24.963379
1852,-0.059082,-0.651367,0.782227,150.329590,84.411621,12.817383
1853,0.005859,-0.610352,0.890137,134.155273,52.856445,4.394531
1854,0.077148,-0.852051,0.925781,88.195801,-3.967285,-8.178711
1855,0.090820,-0.927246,0.827148,80.383301,-22.399902,-22.155762
1856,0.199707,-0.900879,0.687012,88.562012,-61.218262,-45.471191
1857,0.270996,-0.857910,0.565918,110.168457,-77.453613,-51.696777
1858,0.446777,-0.810059,0.497559,134.826660,-81.970215,-45.837402
1859,0.551270,-0.783203,0.418457,155.578613,-65.917969,-29.785156
1860,0.473633,-0.701660,0.664062,174.560547,-15.747070,-2.563477
1861,0.359863,-0.603516,0.810547,150.878906,3.295898,5.981445
1862,0.252441,-0.454590,0.798340,98.876953,29.541016,10.925293
1863,0.232422,-0.412109,0.770508,80.444336,37.536621,9.826660
1864,0.226562,-0.425293,0.793457,64.086914,44.555664,8.789062
1865,0.213379,-0.477051,0.988281,43.273926,46.447754,6.347656
1866,0.205566,-0.580566,1.029297,6.652832,14.099121,-7.751465
1867,0.409668,-0.371582,0.995605,19.042969,-10.864258,0.183105
1868,0.324219,-0.622559,0.955566,12.451172,-29.479980,13.854980
1869,0.512695,-0.519531,0.654785,13.977051,-26.123047,25.268555
1870,0.481445,-0.539062,0.583496,0.122070,-1.220703,29.296875
1871,0.418945,-0.546875,0.543945,-17.272949,37.292480,30.578613
1872,0.228516,-0.622070,0.641113,-12.756348,89.965820,34.423828
1873,0.176270,-0.666016,0.802246,12.817383,85.510254,29.052734
1874,0.143066,-0.686523,1.015137,36.560059,56.823730,22.827148
1875,0.093750,-0.744141,1.079590,26.977539,-18.249512,3.417969
1876,0.153809,-0.678711,1.028320,16.784668,-35.339355,-7.751465
1877,0.218262,-0.564453,0.934082,5.798340,-32.775879,-9.460449
1878,0.240234,-0.485840,0.861328,-13.183594,-15.563965,-5.432129
1879,0.204590,-0.480469,0.761230,-66.162109,30.151367,-1.525879
1880,0.182617,-0.515625,0.664062,-85.083008,49.194336,-1.708984
1881,0.182129,-0.604980,0.524414,-74.096680,75.927734,-1.831055
1882,0.214355,-0.645020,0.528809,-61.218262,90.026855,-0.122070
1883,0.211426,-0.679688,0.595215,-57.006836,112.365723,-0.305176
1884,0.148926,-0.701172,0.634766,-61.462402,141.052246,-6.103516
1885,-0.000488,-0.661621,0.845215,-74.890137,172.607422,-28.320312
1886,-0.019043,-0.617676,0.878906,-90.148926,171.264648,-39.245605
1887,-0.029297,-0.579590,0.763184,-112.915039,159.545898,-51.635742
1888,-0.001465,-0.692383,0.765137,-116.943359,138.305664,-61.096191
1889,0.038574,-0.834473,0.778320,-105.407715,88.500977,-63.598633
1890,0.052246,-0.874023,0.784180,-61.889648,8.850098,-59.875488
1891,0.032227,-0.803223,0.871582,36.071777,-150.573730,-67.687988
1892,0.245605,-0.616699,0.845215,38.818359,-189.514160,-57.495117
1893,0.348633,-0.579590,0.758789,20.141602,-195.983887,-24.230957
1894,0.219238,-0.833984,0.423828,35.522461,-150.634766,8.239746
1895,0.264160,-0.791992,0.394531,45.776367,-117.126465,-2.441406
1896,0.362305,-0.627441,0.352051,48.034668,-83.435059,-2.685547
1897,0.415527,-0.509277,0.377441,52.856445,-51.452637,11.352539
1898,0.323242,-0.541504,0.633789,53.649902,-3.967285,42.114258
1899,0.259766,-0.591309,0.776367,40.588379,1.403809,47.912598
1900,0.217285,-0.660645,0.831543,17.822266,1.220703,39.428711
1901,0.053711,-0.811523,0.857422,7.141113,-25.878906,25.695801
1902,-0.002930,-0.897461,0.861328,22.888184,-52.673340,19.287109
1903,0.041504,-0.911621,0.837891,58.959961,-108.398438,-4.943848
1904,0.277832,-0.746094,0.711914,70.373535,-121.582031,-11.169434
1905,0.366211,-0.635742,0.641113,74.218750,-120.056152,-7.812500
1906,0.373535,-0.562988,0.604492,73.547363,-108.154297,-0.610352
1907,0.298828,-0.567383,0.667969,73.059082,-84.411621,9.033203
1908,0.250488,-0.612305,0.744141,70.678711,-80.505371,8.605957
1909,0.258789,-0.649902,0.771484,68.420410,-81.848145,4.882812
1910,0.338867,-0.669434,0.748535,69.152832,-79.467773,5.065918
1911,0.343750,-0.651367,0.741699,68.969727,-72.326660,6.591797
1912,0.327637,-0.617676,0.782227,61.523438,-62.927246,5.798340
1913,0.324707,-0.587402,0.838867,26.306152,-50.415039,1.159668
1914,0.303711,-0.529785,0.913574,7.568359,-54.504395,1.342773
1915,0.274414,-0.569824,0.831055,-0.793457,-61.828613,-1.220703
1916,0.298340,-0.585449,0.740234,-1.037598,-63.964844,-7.690430
1917,0.420898,-0.578613,0.641113,22.460938,-65.856934,-11.657715
1918,0.488281,-0.568848,0.697266,41.687012,-74.157715,-9.338379
1919,0.519531,-0.549805,0.918457,54.138184,-93.444824,-1.892090
1920,0.500977,-0.514160,0.942383,45.104980,-104.492188,0.610352
1921,0.484375,-0.479980,0.867188,28.259277,-106.750488,1.953125
1922,0.497070,-0.455566,0.764648,7.812500,-96.740723,3.601074
1923,0.629883,-0.463867,0.670898,-32.043457,-35.400391,17.272949
1924,0.652832,-0.419434,0.693848,-66.467285,11.474609,29.907227
1925,0.607422,-0.511230,0.660645,-115.417480,65.551758,43.395996
1926,0.543457,-0.483887,0.517090,-170.471191,177.612305,48.339844
1927,0.500000,-0.457520,0.584961,-209.716797,220.520020,51.574707
1928,0.407227,-0.446289,0.488770,-216.979980,246.948242,52.429199
1929,0.245117,-0.546875,0.710938,-171.447754,225.036621,38.085938
1930,0.192383,-0.651367,0.831055,-153.320312,175.292969,24.597168
1931,0.171387,-0.723633,0.911133,-143.554688,116.943359,4.882812
1932,0.130371,-0.715820,0.875977,-172.851562,3.295898,-17.578125
1933,0.125000,-0.734375,0.694824,-180.175781,-36.499023,-22.583008
1934,0.210449,-0.893066,0.372070,-181.701660,-40.710449,-40.649414
1935,0.325195,-0.926758,0.264648,-173.034668,-22.094727,-41.625977
1936,0.415527,-0.921387,0.198730,-160.705566,-0.305176,-31.616211
1937,0.452637,-0.848633,0.133789,-152.893066,24.414062,-14.404297
1938,0.333008,-0.806152,0.125488,-146.057129,81.909180,9.216309
1939,0.296875,-0.835449,0.163086,-142.822266,105.102539,11.291504
1940,0.301270,-0.874023,0.203613,-140.747070,123.229980,14.587402
1941,0.258789,-0.899902,0.258789,-143.554688,133.117676,16.845703
1942,0.177246,-0.935547,0.320312,-144.653320,118.957520,5.493164
1943,0.246094,-0.878906,0.242676,-132.080078,97.961426,-2.746582
1944,0.370605,-0.822266,0.189941,-111.328125,78.735352,-3.601074
1945,0.350098,-0.831055,0.201660,-72.570801,57.556152,5.676270
1946,0.340820,-0.873535,0.218262,-67.016602,48.217773,14.282227
1947,0.329102,-0.928711,0.181641,-62.866211,39.916992,22.338867
1948,0.212402,-1.070312,0.056152,-47.180176,40.893555,27.709961
1949,0.166016,-1.121582,0.049805,-52.429199,57.189941,27.709961
1950,-0.004883,-1.087891,0.118652,-85.388184,118.774414,1.770020
1951,-0.038086,-1.051270,0.184082,-112.304688,147.399902,-15.258789
1952,0.137207,-0.920898,0.362793,-134.643555,157.104492,-27.465820
1953,0.093750,-0.999023,0.377441,-146.057129,119.934082,-15.319824
1954,0.147949,-1.050781,0.224121,-144.836426,89.538574,-16.479492
1955,0.254395,-1.007812,0.216309,-132.568359,64.147949,-24.658203
1956,0.361816,-0.898438,0.216797,-120.300293,43.151855,-17.089844
1957,0.204590,-0.828613,0.188477,-106.506348,20.507812,16.174316
1958,0.043945,-0.951660,0.192383,-132.446289,35.339355,8.972168
1959,-0.083008,-1.185059,0.207520,-209.045410,61.035156,-50.842285
1960,0.026855,-1.152832,0.240723,-219.726562,46.691895,-80.810547
1961,0.183594,-1.080078,0.283203,-217.407227,6.042480,-94.787598
1962,0.384766,-0.880859,-0.050293,-200.805664,-92.956543,-74.218750
1963,0.450684,-0.757812,-0.241699,-199.462891,-104.553223,-50.842285
1964,0.280273,-0.746582,-0.352539,-227.539062,-83.435059,-32.165527
1965,0.237793,-0.751953,-0.570801,-276.977539,-10.864258,-13.366699
1966,0.618164,-0.926758,-2.673828,-110.900879,12.268066,10.314941
1967,0.144043,-0.833008,-0.949707,41.809082,25.695801,17.333984
1968,0.145508,-0.728027,-0.455078,-16.235352,59.936523,-14.038086
1969,0.348145,-0.939941,-0.265625,-15.502930,54.809570,-2.258301
1970,0.298828,-1.020508,-0.102539,-15.441895,32.226562,3.723145
1971,0.187988,-1.044434,-0.077148,-38.452148,3.845215,4.028320
1972,0.108398,-1.036133,-0.304199,-79.650879,-22.949219,-10.559082
1973,0.148926,-0.964355,-0.379395,-93.994141,-18.615723,-20.629883
1974,0.145020,-0.792480,-0.371094,-126.708984,6.958008,-37.658691
1975,0.197266,-0.728027,-0.391602,-145.568848,22.766113,-39.306641
1976,0.241211,-0.699707,-0.395020,-169.433594,39.916992,-33.020020
1977,0.264648,-0.727051,-0.425293,-197.265625,56.762695,-24.597168
1978,0.384766,-0.739258,-0.506836,-249.267578,98.693848,-14.587402
1979,0.513184,-0.668457,-0.641602,-266.601562,116.027832,-8.544922
1980,0.659180,-0.570312,-0.948730,-250.549316,130.737305,11.535645
1981,0.432129,-0.454590,-0.789551,-159.240723,156.982422,64.575195
1982,0.360840,-0.444336,-0.729980,-155.334473,171.630859,74.035645
1983,0.362793,-0.477051,-0.893555,-137.268066,212.829590,83.740234
1984,0.326660,-0.546387,-0.858887,-115.783691,236.755371,87.036133
1985,0.125977,-0.961914,-0.270020,-126.953125,236.450195,64.147949
1986,0.069336,-1.162598,0.416992,-152.648926,134.765625,10.803223
1987,0.645508,-0.674805,-0.653320,-117.614746,-41.320801,-73.669434
1988,0.938965,-0.322754,-1.030273,-72.021484,-37.231445,-58.288574
1989,0.901367,-0.190918,-1.037109,-27.832031,-26.428223,-21.850586
1990,0.509766,-0.283203,-0.907227,22.827148,-26.611328,7.202148
1991,0.458984,-0.454102,-0.862305,44.982910,-14.038086,9.704590
1992,0.447266,-0.583496,-0.731934,52.490234,-0.610352,7.446289
1993,0.456055,-0.621094,-0.307617,-1.342773,4.943848,-0.122070
1994,0.453613,-0.583008,-0.285156,-54.382324,0.244141,-0.976562
1995,0.464355,-0.533203,-0.399414,-97.045898,-3.173828,2.868652
1996,0.470215,-0.473633,-0.600098,-148.559570,3.540039,16.845703
1997,0.289551,-0.645508,-0.499512,-150.146484,-7.934570,13.793945
1998,0.506836,-0.393555,-0.878418,-113.403320,-46.142578,-19.104004
1999,0.609863,-0.291504,-1.086914,-90.820312,-32.653809,-13.916016
2000,0.550293,-0.340820,-0.998535,-73.242188,-8.117676,0.366211
2001,0.468750,-0.363770,-0.872559,-64.880371,-2.929688,4.089355
2002,0.466309,-0.389160,-0.830078,-51.940918,3.234863,14.953613
2003,0.438965,-0.415039,-0.852051,-59.692383,12.084961,13.305664
2004,0.472656,-0.346191,-0.851074,-65.185547,15.930176,12.939453
2005,0.482910,-0.291504,-0.971191,-40.405273,8.483887,17.517090
2006,0.446777,-0.332520,-0.908203,-28.076172,6.835938,16.601562
2007,0.336426,-0.513672,-0.750488,-32.409668,7.263184,9.338379
2008,0.325195,-0.553223,-0.559082,-67.077637,-14.770508,-40.527344
2009,0.409668,-0.393555,-0.593750,-95.458984,-18.737793,-43.823242
2010,0.571289,-0.172363,-0.790527,-117.675781,-17.395020,-32.897949
2011,0.603516,-0.113281,-0.936035,-119.384766,-10.803223,-10.803223
2012,0.500488,-0.099609,-1.099609,-85.388184,-2.807617,-1.220703
2013,0.487305,-0.073242,-1.097656,-53.527832,4.516602,0.061035
2014,0.528320,-0.039062,-1.134277,-7.202148,5.371094,1.586914
2015,0.570312,-0.014648,-1.129395,47.912598,4.638672,4.272461
2016,0.578613,-0.032227,-0.922852,132.568359,-5.554199,11.718750
2017,0.451172,-0.222656,-0.799316,150.634766,-7.080078,15.441895
2018,0.354492,-0.428711,-0.609863,143.554688,-7.812500,10.498047
2019,0.362793,-0.572754,-0.381348,70.007324,-20.385742,-18.798828
2020,0.451172,-0.422363,-0.464355,26.367188,-29.602051,-21.545410
2021,0.539062,-0.281250,-0.718750,-3.540039,-31.250000,-10.925293
2022,0.560547,-0.199707,-1.111328,25.146484,-31.982422,12.084961
2023,0.560547,-0.187012,-1.220215,81.970215,-38.696289,15.441895
2024,0.462402,-0.291992,-1.268066,167.907715,-48.400879,5.798340
2025,0.399414,-0.411133,-1.268066,268.066406,-57.922363,-16.174316
2026,0.427246,-0.377441,-0.959473,388.244629,-63.476562,-46.264648
2027,0.461426,-0.308105,-0.758301,389.953613,-66.101074,-43.945312
2028,0.438965,-0.429688,-0.677246,361.877441,-83.496094,-28.747559
2029,0.243164,-0.795898,-0.659668,370.971680,-93.811035,-39.672852
2030,0.161133,-0.935547,-0.491211,382.141113,-109.619141,-58.166504
2031,0.169434,-0.905762,-0.344238,380.676270,-122.680664,-66.894531
2032,0.095215,-0.928223,-0.436035,349.487305,-148.559570,-102.111816
2033,0.168945,-0.874512,-0.647949,355.041504,-140.502930,-128.601074
2034,0.447266,-0.651367,-0.758789,348.510742,-77.331543,-109.619141
2035,0.557129,-0.594727,-0.180664,291.381836,29.479980,-72.998047
2036,0.561523,-0.667969,0.252441,235.229492,37.475586,-51.513672
2037,0.693359,-0.701660,0.444336,180.969238,4.760742,-31.250000
2038,0.782227,-0.635742,0.363281,138.183594,-36.376953,0.427246
2039,0.607910,-0.692871,-0.050293,105.468750,-86.425781,78.552246
2040,0.432129,-0.753418,-0.235840,113.159180,-89.233398,99.487305
2041,0.341309,-0.771484,-0.335938,129.272461,-81.298828,109.619141
2042,0.348633,-0.785645,-0.387207,152.587891,-69.519043,114.013672
2043,0.530762,-0.995117,-0.230957,184.997559,-46.081543,102.661133
2044,0.482422,-1.077637,-0.115234,187.561035,-41.076660,77.087402
2045,0.098633,-0.901367,0.104492,207.763672,-58.044434,41.015625
2046,-0.007324,-1.005371,0.202148,208.679199,-59.997559,25.268555
2047,-0.028320,-1.101074,0.190430,202.575684,-62.438965,0.000000
2048,0.071777,-1.069824,0.109863,188.964844,-58.044434,-29.541016
2049,0.374512,-0.921875,0.044922,199.279785,-44.860840,-50.720215
2050,0.457031,-0.850586,0.090820,211.730957,-40.649414,-35.644531
2051,0.518066,-0.697266,0.116211,222.412109,-19.348145,16.296387
2052,0.527832,-0.729492,0.198730,225.280762,-9.277344,43.579102
2053,0.495117,-0.748535,0.318359,234.497070,-11.962891,63.720703
2054,0.200684,-0.802734,0.499023,255.249023,-51.208496,79.223633
2055,-0.006348,-0.971191,0.550293,252.258301,-67.504883,56.884766
2056,-0.155273,-1.139160,0.569336,228.027344,-65.673828,2.563477
2057,-0.213379,-1.212891,0.612793,178.833008,-42.175293,-73.547363
2058,0.166016,-0.715332,0.565918,139.221191,-9.399414,-160.278320
2059,0.406738,-0.553223,0.499023,161.682129,-14.648438,-142.700195
2060,0.480469,-0.583496,0.517090,175.048828,-20.568848,-110.839844
2061,0.237305,-0.870117,0.683594,120.483398,-7.080078,-120.910645
2062,0.211426,-0.842285,0.689941,99.914551,9.338379,-156.738281
2063,0.321777,-0.645996,0.644531,104.736328,13.793945,-182.983398
2064,0.497070,-0.384277,0.645996,124.694824,17.211914,-180.358887
2065,0.684082,-0.167969,0.818359,120.788574,38.879395,-123.291016
2066,0.609863,-0.288574,0.785645,113.281250,41.442871,-94.116211
2067,0.158203,-0.504883,0.684082,110.778809,13.061523,-76.110840
2068,0.195312,-0.425293,0.725098,125.915527,-18.310547,-101.257324
2069,0.358398,-0.331543,0.827148,141.540527,-48.339844,-123.107910
2070,0.585938,-0.287598,0.993164,130.737305,-98.815918,-139.587402
2071,0.723633,-0.190430,0.930664,101.501465,-103.698730,-133.605957
2072,0.864258,-0.061523,0.854004,73.303223,-92.895508,-110.046387
2073,0.982422,0.035156,0.824219,52.185059,-70.861816,-75.134277
2074,0.942383,-0.027344,0.711914,41.259766,-20.263672,3.173828
2075,0.749023,-0.204102,0.766602,44.921875,-6.469727,23.864746
2076,0.609375,-0.321777,0.799805,38.635254,0.000000,26.245117
2077,0.424316,-0.373047,0.717285,21.484375,4.394531,2.197266
2078,0.392578,-0.339355,0.677246,23.376465,6.164551,-15.502930
2079,0.434570,-0.403809,0.780273,32.775879,-0.183105,-41.320801
2080,0.541504,-0.336914,0.793945,43.945312,-9.887695,-68.725586
2081,0.772461,-0.207031,0.739746,55.847168,-12.878418,-92.773438
2082,0.756348,-0.196777,0.812500,67.932129,-18.493652,-88.134766
2083,0.660156,-0.260254,1.024902,61.584473,-33.264160,-84.106445
2084,0.545410,-0.248047,0.753906,55.053711,-67.687988,-80.627441
2085,0.441895,-0.227051,0.644531,68.237305,-76.049805,-90.820312
2086,0.434082,-0.181641,0.619629,77.270508,-80.871582,-110.717773
2087,0.717285,-0.024902,0.717773,74.829102,-81.481934,-149.169922
2088,0.824219,-0.030762,0.748535,61.523438,-79.101562,-166.564941
2089,0.861328,-0.027344,0.672852,55.969238,-77.819824,-179.565430
2090,0.795410,0.103027,0.536621,62.561035,-55.847168,-191.345215
2091,0.737305,0.184570,0.540527,60.241699,-38.024902,-186.828613
2092,0.669922,0.237793,0.539062,52.062988,-23.132324,-176.818848
2093,0.522949,0.181152,0.637207,61.645508,-9.460449,-158.447266
2094,0.541016,0.270508,0.569336,74.279785,-4.333496,-152.709961
2095,0.605957,0.323730,0.413086,82.824707,17.517090,-147.827148
2096,0.633301,0.351074,0.401855,86.975098,45.776367,-146.484375
2097,0.749512,0.464844,0.623047,57.128906,88.928223,-151.367188
2098,0.781250,0.560547,0.802246,28.015137,91.979980,-150.573730
2099,0.794434,0.657715,0.948730,-16.479492,79.284668,-137.329102
2100,0.701172,0.581543,0.850098,-115.783691,53.161621,-101.135254
2101,0.670410,0.497070,0.711914,-125.488281,41.442871,-88.439941
2102,0.604980,0.414551,0.673828,-104.553223,25.756836,-80.627441
2103,0.552734,0.364746,0.731934,-68.847656,3.479004,-81.420898
2104,0.479980,0.270996,0.791016,2.197266,-59.509277,-95.825195
2105,0.430176,0.224121,0.731934,31.433105,-89.294434,-112.609863
2106,0.385742,0.271973,0.429688,92.651367,-115.173340,-150.329590
2107,0.437500,0.355469,0.229980,137.512207,-99.975586,-161.071777
2108,0.499512,0.468750,0.144043,186.035156,-67.443848,-161.621094
2109,0.437500,0.642578,0.435547,240.417480,-7.385254,-160.461426
2110,0.445312,0.746582,0.601562,231.506348,8.605957,-158.874512
2111,0.487305,0.798340,0.701172,206.176758,11.413574,-148.498535
2112,0.654785,0.868164,0.941895,172.119141,-49.499512,-99.304199
2113,0.699707,0.872070,0.898438,127.929688,-82.641602,-63.110352
2114,0.655762,0.915527,0.610840,89.050293,-98.327637,-41.259766
2115,0.633301,0.965820,0.374023,72.082520,-95.275879,-37.475586
2116,0.601074,0.981934,0.226562,52.307129,-52.490234,-35.400391
2117,0.552246,0.954590,0.190918,34.667969,-27.954102,-19.775391
2118,0.580566,0.984375,0.269531,5.371094,-4.455566,4.577637
2119,0.481934,0.815918,0.282227,-89.477539,62.988281,35.949707
2120,0.415527,0.680664,0.244629,-154.418945,117.553711,26.062012
2121,0.404785,0.553223,0.350586,-209.533691,175.842285,5.187988
2122,0.414062,0.414551,0.548828,-252.868652,249.511719,-40.954590
2123,0.397461,0.423340,0.642578,-250.061035,252.868652,-64.514160
2124,0.353516,0.466309,0.700195,-218.994141,239.929199,-88.500977
2125,0.270508,0.444824,0.798340,-159.240723,209.167480,-115.051270
2126,0.076172,0.364258,0.820312,9.460449,105.224609,-170.104980
2127,0.031250,0.373047,0.796875,96.496582,37.841797,-191.894531
2128,0.028809,0.460449,0.809570,166.015625,-27.832031,-207.153320
2129,-0.097656,0.669922,0.732910,230.102539,-139.526367,-226.745605
2130,-0.089844,0.728516,0.675781,215.759277,-170.959473,-232.604980
2131,-0.056641,0.760742,0.592773,172.668457,-177.490234,-236.511230
2132,0.076660,0.874512,0.587402,43.945312,-133.483887,-250.244141
2133,0.093750,0.950684,0.617188,-39.672852,-93.017578,-259.277344
2134,-0.091797,0.928711,0.486816,-164.611816,-4.577637,-284.667969
2135,-0.229980,0.798340,0.302246,-170.837402,45.959473,-296.691895
2136,-0.322754,0.705078,0.206055,-130.554199,96.374512,-310.791016
2137,-0.423828,0.583008,0.199707,4.760742,177.001953,-322.753906
2138,-0.515625,0.557617,0.258301,85.266113,191.345215,-325.805664
2139,-0.547852,0.603027,0.410156,157.226562,184.631348,-328.063965
2140,-0.580078,0.655273,0.534668,208.496094,160.888672,-327.697754
2141,-0.639648,0.781738,0.672363,244.567871,61.218262,-323.120117
2142,-0.611328,0.876953,0.702148,233.093262,-0.732422,-318.176270
2143,-0.635742,0.964844,0.789551,191.894531,-54.504395,-313.903809
2144,-0.769043,0.950684,0.747559,39.306641,-112.670898,-313.537598
2145,-0.746094,0.842285,0.541992,-38.391113,-104.736328,-308.715820
2146,-0.736328,0.700195,0.346680,-93.261719,-34.179688,-273.193359
2147,-0.649902,0.545898,0.074707,-62.988281,10.437012,-245.788574
2148,-0.691895,0.506836,-0.016602,3.356934,52.185059,-218.261719
2149,-0.824219,0.492676,-0.016113,85.510254,87.890625,-198.120117
2150,-1.045898,0.510742,0.295410,186.523438,115.783691,-189.392090
2151,-1.025879,0.533203,0.470703,184.265137,99.609375,-191.894531
2152,-0.980957,0.526855,0.577637,157.958984,66.894531,-190.551758
2153,-0.937012,0.477051,0.502930,79.467773,-7.446289,-174.987793
2154,-0.964355,0.496094,0.451172,44.189453,-18.737793,-165.832520
2155,-0.943848,0.504395,0.358887,17.089844,-11.901855,-157.653809
2156,-0.889160,0.439941,0.281250,15.930176,18.676758,-121.582031
2157,-0.824707,0.554688,0.395996,28.320312,19.836426,-90.148926
2158,-0.835938,0.464355,0.418457,46.020508,11.047363,-53.833008
2159,-0.946777,0.351074,0.462891,59.143066,-3.356934,-25.146484
2160,-1.076660,0.229004,0.489258,61.767578,-20.568848,-6.958008
2161,-1.168457,0.187500,0.474609,53.588867,-54.382324,2.014160
2162,-1.099609,0.287109,0.481934,48.339844,-75.561523,7.751465
2163,-0.931152,0.408691,0.460938,34.118652,-117.797852,33.386230
2164,-0.932617,0.329102,0.531738,18.371582,-137.207031,42.053223
2165,-0.975586,0.210449,0.570312,-6.530762,-154.357910,43.945312
2166,-1.031738,0.205078,0.555176,-58.227539,-172.668457,30.273438
2167,-0.983398,0.252930,0.562988,-67.382812,-177.612305,26.306152
2168,-0.946777,0.253418,0.525879,-59.020996,-182.128906,29.663086
2169,-0.870117,0.189941,0.553223,-17.395020,-188.842773,43.029785
2170,-0.848633,0.151855,0.591797,-1.831055,-191.345215,50.048828
2171,-0.821777,0.145508,0.587402,10.803223,-193.420410,54.443359
2172,-0.795410,0.207031,0.582520,26.184082,-194.702148,56.152344
2173,-0.780762,0.416016,0.683105,57.678223,-179.687500,59.204102
2174,-0.745117,0.444824,0.747559,63.110352,-167.236328,63.293457
2175,-0.694336,0.459473,0.834961,61.157227,-161.804199,71.777344
2176,-0.609863,0.545898,1.094727,54.382324,-169.494629,102.233887
2177,-0.590820,0.524414,1.261719,35.949707,-187.988281,120.849609
2178,-0.613281,0.374512,1.442383,-47.729492,-251.342773,140.869141
2179,-0.718750,0.200195,1.312012,-101.989746,-284.606934,132.202148
2180,-0.752930,0.080078,0.958984,-129.882812,-315.368652,112.487793
2181,-0.545410,0.250000,0.835449,-96.008301,-345.397949,89.599609
2182,-0.654785,-0.091797,0.380371,-50.354004,-355.285645,57.556152
2183,-0.315430,-0.062988,0.105469,49.926758,-284.301758,-44.860840
2184,-0.131836,0.110352,0.172852,92.956543,-240.661621,-74.707031
2185,0.079102,0.434570,0.841797,152.282715,-193.603516,-101.562500
2186,0.059570,0.474121,1.048340,144.165039,-197.998047,-101.440430
2187,0.033203,0.516113,1.109863,112.670898,-202.697754,-97.229004
2188,-0.010254,0.648438,0.885254,41.381836,-178.771973,-75.439453
2189,0.020996,0.715820,0.638184,26.062012,-138.610840,-60.058594
2190,0.081055,0.770020,0.381348,33.935547,-70.983887,-42.968750
2191,0.131836,0.796387,0.285156,56.518555,9.277344,-19.958496
2192,0.111328,1.133301,0.459473,124.328613,164.001465,65.246582
2193,-0.055176,1.229004,0.487305,171.875000,223.388672,125.122070
2194,-0.456543,0.965332,0.534668,242.492676,337.097168,200.195312
2195,-0.557129,0.741211,0.753906,230.651855,381.347656,203.430176
2196,-0.616699,0.670898,0.938477,198.974609,407.104492,190.551758
2197,-0.680664,0.804688,1.029785,167.907715,420.776367,180.053711
2198,-0.869629,0.877441,1.008301,131.347656,405.761719,177.734375
2199,-0.869629,0.733887,0.913574,121.459961,382.751465,170.349121
2200,-0.434570,0.517578,0.790039,121.582031,322.937012,149.291992
2201,-0.205566,0.413574,0.569824,133.239746,281.555176,152.099609
2202,-0.272949,0.402832,0.488281,154.602051,250.488281,147.583008
2203,-0.124023,0.622070,0.799316,163.208008,204.833984,136.535645
2204,-0.163574,0.470703,0.979004,90.332031,93.383789,93.200684
2205,-0.014160,0.625488,0.788574,30.883789,49.316406,67.016602
2206,0.079590,0.624512,0.571777,6.225586,17.639160,47.851562
2207,0.072754,0.515625,0.529297,-2.136230,-0.976562,24.108887
2208,-0.016113,0.644531,0.413574,-32.836914,-26.611328,-46.630859
2209,-0.100098,0.518555,0.342285,-16.784668,-25.451660,-129.394531
2210,-0.146973,0.362305,0.334473,-20.629883,-2.441406,-188.049316
2211,-0.164062,0.326172,0.276367,-35.034180,20.446777,-250.671387
2212,-0.260254,0.454102,0.160645,-13.732910,54.687500,-347.290039
2213,-0.388672,0.531738,0.137207,11.291504,67.626953,-377.502441
2214,-0.531250,0.607422,0.212891,26.123047,74.829102,-395.996094
2215,-0.721191,0.609375,0.549316,-15.014648,51.086426,-410.339355
2216,-0.745117,0.557129,0.520996,-171.203613,16.174316,-422.973633
2217,-0.761230,0.521973,0.309570,-237.304688,19.287109,-430.175781
2218,-0.863281,0.446777,0.042969,-261.474609,48.217773,-437.194824
2219,-1.046387,0.312012,-0.173340,-243.835449,107.788086,-444.946289
2220,-1.374512,0.065918,-0.105957,-122.192383,236.633301,-460.205078
2221,-1.501465,0.069336,0.088867,-34.240723,240.234375,-463.195801
2222,-1.485352,0.160156,0.271484,64.453125,192.871094,-465.881348
2223,-1.266602,0.313965,0.736328,183.593750,31.005859,-454.528809
2224,-1.187012,0.316895,0.900879,187.744141,-39.489746,-426.513672
2225,-1.019531,0.456543,1.275391,137.145996,-96.069336,-365.844727
2226,-1.211914,0.060059,0.870117,-4.028320,-192.993164,-190.612793
2227,-1.207520,-0.181641,0.543945,-18.554688,-225.280762,-138.000488
2228,-1.068848,-0.296387,0.322266,13.549805,-244.018555,-110.656738
2229,-0.704102,-0.404785,0.151367,108.886719,-245.544434,-99.670410
2230,-0.556641,-0.392578,0.210449,139.465332,-227.478027,-107.360840
2231,-0.519043,-0.391113,0.350586,134.155273,-187.622070,-110.839844
2232,-0.904785,-0.641113,0.494141,18.615723,-55.175781,-117.309570
2233,-1.039062,-0.651855,0.516113,-30.151367,-7.873535,-143.737793
2234,-0.969238,-0.601074,0.478516,-45.288086,8.789062,-160.156250
2235,-0.781250,-0.513672,0.395508,-31.555176,15.441895,-164.428711
2236,-0.602051,-0.482910,0.534180,18.249512,9.826660,-153.625488
2237,-0.502930,-0.488281,0.739746,28.015137,-10.192871,-151.855469
2238,-0.409668,-0.456543,0.929199,16.784668,-39.733887,-146.850586
2239,-0.689453,-0.619141,0.865234,-57.312012,-76.049805,-161.499023
2240,-0.671875,-0.550293,0.518066,-85.937500,-63.415527,-172.485352
2241,-0.561523,-0.447754,0.154785,-70.983887,-22.888184,-170.898438
2242,-0.472168,-0.369141,0.131836,-27.221680,28.686523,-156.005859
2243,-0.462402,-0.437500,0.722168,31.250000,60.852051,-120.117188
2244,-0.423340,-0.569336,0.815918,35.522461,41.503906,-104.919434
2245,-0.517090,-0.819336,0.713867,38.879395,22.705078,-95.031738
2246,-0.474121,-0.761230,0.653320,40.466309,0.854492,-78.796387
2247,-0.383789,-0.627930,0.701172,19.409180,-9.948730,-65.612793
2248,-0.335938,-0.577637,0.721191,-1.586914,-26.428223,-59.143066
2249,-0.284180,-0.542480,0.642090,-32.470703,-42.724609,-64.086914
2250,-0.320312,-0.637695,0.601562,-41.809082,-31.494141,-64.453125
2251,-0.416504,-0.799316,0.586914,-42.907715,-19.653320,-64.147949
2252,-0.496094,-0.862793,0.629395,-43.823242,-14.709473,-61.401367
2253,-0.425293,-0.669922,0.684570,-46.264648,-34.240723,-35.949707
2254,-0.288574,-0.577637,0.761230,-22.033691,-39.306641,-22.338867
2255,-0.092285,-0.622070,0.612305,7.873535,-33.569336,-22.644043
2256,-0.133301,-0.751465,0.741699,19.042969,-38.574219,-35.949707
2257,-0.314453,-0.800781,0.856445,10.803223,-44.677734,-49.072266
2258,-0.418945,-0.800781,0.719238,-0.244141,-46.447754,-57.861328
2259,-0.478516,-0.678223,0.560059,14.282227,-18.615723,-58.227539
2260,-0.379883,-0.627441,0.602051,26.672363,-18.981934,-64.819336
2261,-0.315918,-0.746582,0.763184,23.437500,-32.714844,-73.974609
2262,-0.257324,-0.815918,0.863281,10.070801,-43.762207,-82.153320
2263,-0.278809,-0.802246,0.818359,15.258789,-56.762695,-83.557129
2264,-0.252930,-0.713867,0.781250,35.400391,-65.063477,-77.941895
2265,-0.211914,-0.602539,0.635742,80.017090,-53.649902,-48.217773
2266,-0.150879,-0.620117,0.722168,65.002441,-48.400879,-41.503906
2267,-0.128906,-0.643555,0.656738,33.630371,-42.968750,-38.940430
2268,-0.157227,-0.666992,0.629883,-23.803711,-19.348145,-37.963867
2269,-0.144531,-0.735840,0.561523,-44.006348,-12.573242,-39.794922
2270,-0.159668,-0.857910,0.393066,-32.836914,16.235352,-46.081543
2271,-0.184570,-0.805664,0.770508,-34.118652,20.019531,-55.480957
2272,-0.146484,-0.726074,0.660156,-28.137207,16.784668,-45.410156
2273,-0.099121,-0.686523,0.688477,-15.441895,10.986328,-28.442383
2274,-0.091309,-0.623047,0.841309,-25.390625,-6.042480,-4.150391
2275,-0.011719,-0.596191,0.758301,-25.634766,-16.540527,-0.122070
2276,0.000488,-0.547363,0.694824,-10.498047,-19.287109,2.136230
2277,-0.018555,-0.632812,0.708496,-0.976562,-21.972656,8.117676
2278,-0.073242,-0.752441,0.603516,-17.761230,-11.352539,4.272461
2279,-0.119141,-0.809570,0.521484,-24.902344,1.220703,-0.305176
2280,-0.141113,-0.797363,0.579102,-25.268555,14.709473,-5.676270
2281,-0.137695,-0.771484,0.610840,-25.268555,18.127441,-6.225586
2282,-0.143066,-0.756348,0.647949,-25.146484,19.714355,-5.859375
2283,-0.219238,-0.667969,0.789062,-16.662598,0.732422,-3.051758
2284,-0.140137,-0.669922,0.708008,-25.512695,-11.779785,-1.037598
2285,-0.085449,-0.822266,0.608398,-26.489258,-5.249023,8.728027
2286,-0.032715,-0.942383,0.542480,-5.676270,-0.183105,3.540039
2287,0.036133,-0.843262,0.558105,31.372070,6.347656,-0.061035
